timestamp,pulgar_ax,pulgar_ay,pulgar_az,pulgar_gx,pulgar_gy,pulgar_gz,indice_ax,indice_ay,indice_az,indice_gx,indice_gy,indice_gz,medio_ax,medio_ay,medio_az,medio_gx,medio_gy,medio_gz,anular_ax,anular_ay,anular_az,anular_gx,anular_gy,anular_gz,menique_ax,menique_ay,menique_az,menique_gx,menique_gy,menique_gz,gesto
1780982379.6211767,-0.868,-0.185,0.483,-0.641,0.992,-1.183,-0.714,-0.358,0.54,-5.977,-0.198,-0.58,-0.287,-0.425,0.876,-0.237,-1.069,-0.55,-0.21,-0.456,0.923,1.489,6.687,-0.557,0.288,-0.483,0.713,-0.137,2.74,-0.107,arriba
1780982379.7243552,-0.865,-0.184,0.484,-0.557,1.031,-0.328,-0.716,-0.357,0.538,-6.153,1.099,0.0,-0.296,-0.426,0.884,-0.542,0.137,-0.359,-0.21,-0.444,0.93,1.504,6.191,-0.794,0.285,-0.488,0.717,-0.153,3.672,0.214,arriba
1780982379.8283503,-0.863,-0.18,0.493,-1.099,1.221,-0.969,-0.709,-0.355,0.534,-7.527,0.931,-1.038,-0.298,-0.43,0.872,-0.244,0.786,0.015,-0.221,-0.454,0.922,1.649,6.802,-0.695,0.282,-0.484,0.712,-1.16,1.511,-0.206,arriba
1780982379.932558,-0.868,-0.18,0.479,-0.695,1.412,-0.939,-0.71,-0.361,0.533,-6.176,0.511,-1.061,-0.293,-0.429,0.883,-0.183,-0.412,0.359,-0.216,-0.452,0.926,1.527,7.221,-0.191,0.278,-0.483,0.716,-0.725,2.168,0.031,arriba
1780982380.0436594,-0.868,-0.18,0.478,-0.817,1.687,-0.473,-0.71,-0.359,0.529,-5.397,0.13,-0.229,-0.291,-0.427,0.876,0.382,-0.687,-0.076,-0.217,-0.45,0.918,2.061,6.13,-0.885,0.285,-0.486,0.72,0.153,2.489,-0.427,arriba
1780982380.1368732,-0.874,-0.176,0.481,1.153,-1.588,4.496,-0.685,-0.408,0.705,6.145,13.137,12.061,-0.29,-0.443,0.899,7.282,13.603,7.069,-0.26,-0.46,0.96,3.13,26.588,2.443,0.347,-0.468,0.667,-1.489,3.977,3.664,arriba
1780982380.2476315,-0.759,-0.038,0.333,82.618,-48.954,81.87,-0.577,-0.11,0.364,77.084,-24.252,76.008,-0.257,-0.217,0.88,112.672,-30.618,28.359,-0.174,-0.304,1.173,118.603,-13.71,18.878,0.321,-0.481,0.72,-3.359,-16.198,-8.557,arriba
1780982380.3515003,-0.748,0.116,0.487,31.435,-26.244,35.786,-0.74,0.019,0.505,31.145,-8.412,32.221,-0.269,-0.003,0.871,51.511,2.779,9.336,-0.184,-0.011,0.889,57.252,7.634,3.779,0.335,-0.458,0.695,11.489,-12.122,-8.947,arriba
1780982380.4459593,-0.717,0.144,0.566,-4.321,4.298,2.053,-0.658,0.056,0.605,-7.885,2.0,0.221,-0.223,0.055,0.913,-1.641,0.603,-1.473,-0.177,0.017,0.987,-3.748,7.252,-4.679,0.364,-0.442,0.693,-1.702,6.382,2.031,arriba
1780982380.5484016,-0.791,0.121,0.551,-14.702,10.275,-11.855,-0.709,0.024,0.558,-25.603,8.115,-13.466,-0.28,0.01,0.906,-23.855,0.527,-3.962,-0.197,-0.015,0.979,-22.489,9.832,-5.58,0.354,-0.456,0.703,-7.718,8.053,3.58,arriba
1780982380.6659846,-0.705,0.084,0.451,-54.664,25.557,-41.649,-0.657,-0.051,0.602,-66.382,28.74,-40.687,-0.241,-0.086,0.918,-75.756,4.496,-14.145,-0.232,-0.152,1.099,-84.916,14.71,-19.947,0.343,-0.477,0.697,-3.87,20.237,7.0,arriba
1780982380.7544966,-0.609,-0.118,0.253,-136.382,65.351,-127.443,-0.456,-0.297,0.265,-198.954,35.275,-145.198,-0.212,-0.395,0.512,-250.137,24.611,-43.771,-0.208,-0.493,0.759,-250.137,24.908,-32.847,0.249,-0.546,0.774,-6.885,35.687,1.664,arriba
1780982380.868217,-0.832,-0.18,0.523,-0.084,10.908,-0.595,-0.712,-0.362,0.553,-8.061,-16.55,-1.435,-0.31,-0.42,0.877,-4.366,2.412,0.466,-0.279,-0.435,0.899,-3.611,5.985,-0.718,0.297,-0.482,0.707,8.099,3.542,0.695,arriba
1780982380.9602475,-0.863,-0.185,0.492,-0.702,2.901,-0.153,-0.722,-0.353,0.53,-6.275,3.206,0.504,-0.296,-0.429,0.891,3.099,-2.534,0.611,-0.216,-0.437,0.937,1.122,4.359,-0.901,0.312,-0.476,0.714,-0.153,1.565,0.176,arriba
1780982381.0633855,-0.855,-0.177,0.498,-1.466,1.366,-0.87,-0.719,-0.347,0.529,-6.977,-0.038,-0.58,-0.293,-0.416,0.883,-1.74,1.389,0.786,-0.216,-0.446,0.933,1.053,7.176,0.046,0.294,-0.482,0.709,-0.977,2.71,0.244,arriba
1780982381.1674716,-0.858,-0.183,0.492,-0.969,1.427,-0.496,-0.722,-0.354,0.526,-6.702,1.206,0.076,-0.296,-0.416,0.882,-0.435,0.122,0.214,-0.217,-0.439,0.945,1.298,6.076,-0.534,0.302,-0.479,0.709,-0.939,2.206,0.046,arriba
1780982381.2696269,-0.86,-0.18,0.499,-0.84,1.985,0.069,-0.718,-0.353,0.529,-7.45,0.702,-0.481,-0.3,-0.413,0.895,-1.168,0.076,0.87,-0.205,-0.442,0.935,0.924,7.405,0.626,0.296,-0.481,0.714,-0.282,3.282,0.115,arriba
1780982381.3848422,-0.858,-0.184,0.495,-0.313,2.038,-0.725,-0.72,-0.35,0.521,-6.947,1.214,-0.748,-0.298,-0.422,0.883,-0.634,-0.244,0.496,-0.216,-0.441,0.933,0.74,7.763,0.412,0.301,-0.475,0.706,-0.74,2.107,0.069,arriba
1780982381.4833984,-0.857,-0.179,0.503,-1.641,2.748,-1.641,-0.719,-0.352,0.527,-7.145,0.832,-0.527,-0.302,-0.418,0.878,-1.145,1.137,-0.053,-0.216,-0.447,0.938,0.58,7.244,-0.076,0.295,-0.477,0.703,-0.939,2.42,0.053,arriba
1780982384.1710987,-0.867,-0.19,0.48,-0.756,1.985,-1.038,-0.718,-0.362,0.531,-6.29,0.504,-0.611,-0.292,-0.425,0.883,-0.282,-0.351,-0.168,-0.215,-0.451,0.929,1.435,6.824,-0.763,0.3,-0.481,0.706,-0.664,1.573,-0.115,arriba
1780982384.2673655,-0.863,-0.184,0.484,-0.939,1.328,-1.206,-0.716,-0.36,0.53,-6.557,0.542,-1.0,-0.295,-0.427,0.881,-0.779,0.427,-0.229,-0.217,-0.454,0.927,1.435,7.481,-0.282,0.292,-0.48,0.716,-0.992,0.969,-0.183,arriba
1780982384.3644435,-0.85,-0.181,0.541,-0.275,-11.771,-3.336,-0.673,-0.349,0.592,-5.42,-1.679,-3.817,-0.235,-0.422,0.898,-0.588,-8.145,-1.42,-0.216,-0.462,0.931,1.229,14.275,1.511,0.259,-0.476,0.74,4.527,15.046,2.985,arriba
1780982384.4633024,-0.879,-0.195,0.442,0.115,14.031,2.336,-0.738,-0.373,0.489,-7.13,-1.168,0.046,-0.325,-0.429,0.872,-1.191,-1.763,-1.008,-0.22,-0.455,0.917,1.725,-1.885,-2.397,0.326,-0.488,0.696,-3.893,-8.168,-2.145,arriba
1780982384.5662665,-0.849,-0.183,0.5,-0.336,-4.504,-1.992,-0.701,-0.355,0.566,-5.832,3.122,0.977,-0.276,-0.417,0.888,0.176,3.344,1.71,-0.225,-0.455,0.923,0.809,12.153,1.084,0.27,-0.48,0.72,-0.985,6.649,0.84,arriba
1780982384.6839871,-0.874,-0.188,0.466,-1.061,3.924,-0.244,-0.723,-0.368,0.521,-6.29,-0.176,0.0,-0.301,-0.43,0.87,-0.374,-0.947,0.115,-0.215,-0.453,0.926,2.038,4.122,-0.802,0.31,-0.478,0.709,-0.473,-0.924,-0.718,arriba
1780982384.7798893,-0.856,-0.186,0.485,0.038,0.992,0.832,-0.712,-0.362,0.564,-4.802,2.878,2.702,-0.286,-0.426,0.883,2.908,6.092,3.153,-0.222,-0.448,0.938,2.244,13.382,2.626,0.282,-0.476,0.692,-1.122,3.366,0.756,arriba
1780982384.8852293,-0.886,-0.206,0.51,76.687,-15.542,75.435,-0.71,-0.286,0.372,126.115,-4.786,76.336,-0.413,-0.35,0.752,147.817,-8.298,18.458,-0.282,-0.365,0.799,132.626,10.42,23.779,0.271,-0.466,0.716,4.496,-17.641,-4.84,arriba
1780982384.9782505,-0.815,-0.049,0.606,45.458,-13.74,39.092,-0.707,-0.156,0.676,52.771,-2.855,34.664,-0.275,-0.149,0.891,79.763,8.053,6.687,-0.243,-0.217,0.961,80.336,9.389,5.496,0.341,-0.481,0.714,2.107,-13.794,-5.412,arriba
1780982385.0809038,-0.813,0.077,0.577,24.435,-12.473,30.565,-0.674,-0.007,0.656,24.901,-6.489,27.359,-0.262,-0.042,0.964,48.435,-3.229,11.137,-0.194,-0.077,1.033,60.221,-0.809,12.13,0.383,-0.477,0.721,14.863,-18.435,-9.718,arriba
1780982385.1838307,-0.707,0.174,0.51,-1.954,2.954,4.542,-0.651,0.058,0.602,-9.87,1.641,2.092,-0.208,0.056,0.936,-0.481,1.214,1.908,-0.159,0.027,0.999,0.534,8.298,-4.87,0.395,-0.431,0.704,-0.718,4.924,0.061,arriba
1780982385.2868817,-0.843,0.099,0.607,-16.198,11.443,-16.031,-0.739,-0.01,0.632,-25.115,11.069,-14.641,-0.31,-0.021,0.969,-19.115,6.908,-5.786,-0.22,-0.034,0.998,-16.344,13.427,-5.985,0.377,-0.437,0.691,-4.832,8.374,2.038,arriba
1780982385.3901684,-0.726,0.058,0.425,-79.641,34.733,-59.443,-0.625,-0.083,0.541,-97.992,22.473,-59.847,-0.235,-0.164,0.955,-130.206,-1.099,-30.947,-0.195,-0.276,1.192,-142.649,20.863,-37.969,0.342,-0.465,0.713,-17.794,25.718,12.015,arriba
1780982385.4928718,-0.977,-0.309,0.487,-131.863,41.649,-119.725,-2.0,0.767,2.0,-22.053,-250.137,-84.626,-0.861,-1.18,2.0,-70.931,-250.137,-41.374,-1.379,-2.0,2.0,58.924,-163.924,42.038,0.416,-0.645,0.822,-14.511,-23.573,-4.679,arriba
1780982385.5961545,-0.87,-0.187,0.488,-8.412,-6.534,-3.489,-0.723,-0.377,0.518,-5.885,6.336,-0.206,-0.327,-0.439,0.872,7.351,8.924,0.046,-0.219,-0.473,0.922,5.038,4.496,-1.13,0.324,-0.475,0.707,-1.275,-2.489,-1.328,arriba
1780982385.6984842,-0.869,-0.184,0.468,-1.107,-0.718,-1.099,-0.725,-0.366,0.503,-6.092,-1.031,-1.504,-0.288,-0.436,0.879,-2.542,-0.809,-0.664,-0.196,-0.466,0.926,0.618,7.511,0.321,0.323,-0.479,0.707,-0.74,4.855,0.351,arriba
1780982385.816933,-0.869,-0.189,0.471,-0.985,2.542,-0.443,-0.706,-0.367,0.513,-6.511,0.008,-1.191,-0.303,-0.429,0.874,0.046,-0.412,-0.534,-0.216,-0.465,0.916,0.473,6.244,-0.069,0.322,-0.478,0.713,-0.496,3.198,0.252,arriba
1780982385.9232242,-0.872,-0.199,0.462,-1.603,3.366,-0.45,-0.719,-0.374,0.514,-6.519,-0.145,-0.702,-0.29,-0.438,0.873,-0.641,0.076,-0.13,-0.211,-0.469,0.923,0.885,6.252,0.405,0.323,-0.48,0.704,-0.573,2.756,0.389,arriba
1780982386.0184286,-0.869,-0.196,0.471,-1.519,2.412,-0.771,-0.726,-0.37,0.515,-6.977,-0.13,-0.031,-0.298,-0.442,0.867,-0.626,0.878,-0.267,-0.215,-0.468,0.92,0.817,6.237,-0.298,0.325,-0.478,0.708,-0.748,2.366,0.153,arriba
1780982386.1111917,-0.865,-0.189,0.465,-2.099,2.931,-1.374,-0.72,-0.376,0.515,-6.962,-0.672,-0.16,-0.284,-0.435,0.887,-1.443,1.656,0.092,-0.232,-0.467,0.868,-0.053,7.038,0.908,0.313,-0.473,0.7,-0.74,2.275,-0.107,arriba
1780982388.9015627,-0.871,-0.196,0.463,-0.511,1.168,-0.969,-0.719,-0.373,0.513,-6.557,0.557,-0.641,-0.297,-0.445,0.869,-0.595,0.45,0.282,-0.217,-0.476,0.911,1.55,6.679,-0.511,0.316,-0.482,0.695,-0.626,2.191,0.031,arriba
1780982389.0039537,-0.873,-0.198,0.463,-1.13,2.122,-0.519,-0.719,-0.375,0.503,-6.557,1.137,-0.076,-0.302,-0.442,0.869,-0.221,0.405,0.168,-0.219,-0.479,0.911,1.649,7.153,-0.191,0.318,-0.473,0.703,-0.855,1.809,-0.16,arriba
1780982389.1021154,-0.87,-0.194,0.459,-0.779,1.458,-0.725,-0.718,-0.376,0.509,-6.237,0.893,0.176,-0.299,-0.442,0.861,-0.374,0.168,0.328,-0.22,-0.478,0.916,1.374,6.42,-0.802,0.313,-0.483,0.699,-0.603,1.977,-0.267,arriba
1780982389.2015865,-0.875,-0.197,0.456,-0.351,0.359,-1.214,-0.719,-0.376,0.511,-5.969,0.282,-0.42,-0.291,-0.443,0.874,0.122,-0.519,-0.351,-0.217,-0.474,0.911,1.977,6.794,-0.443,0.314,-0.48,0.696,-0.099,2.496,-0.122,arriba
1780982389.3153932,-0.87,-0.199,0.461,-0.069,2.939,1.687,-0.73,-0.43,0.549,-5.191,-1.58,4.244,-0.308,-0.458,0.946,6.282,8.702,3.466,-0.241,-0.496,0.943,2.855,14.611,2.756,0.304,-0.481,0.705,1.191,4.878,0.527,arriba
1780982389.4663365,-0.875,-0.172,0.455,69.916,-21.511,32.336,-0.797,-0.33,0.49,50.901,-7.321,45.115,-0.428,-0.386,0.915,74.74,-13.244,18.244,-0.304,-0.439,1.042,80.061,-1.099,18.443,0.312,-0.49,0.744,3.855,-7.687,-1.443,arriba
1780982389.5317378,-0.827,-0.028,0.439,55.321,-20.733,46.046,-0.728,-0.161,0.479,54.58,-7.214,40.458,-0.34,-0.191,0.859,81.603,-4.053,12.992,-0.281,-0.224,0.989,77.42,1.611,18.542,0.354,-0.45,0.733,15.481,-13.702,-3.412,arriba
1780982389.6133807,-0.772,0.096,0.445,33.779,-15.985,32.16,-0.671,-0.023,0.502,24.756,-11.412,26.42,-0.284,-0.042,0.883,37.74,-2.87,12.771,-0.211,-0.06,0.996,38.107,1.534,12.74,0.381,-0.409,0.693,8.069,-8.267,-5.763,arriba
1780982389.7162585,-0.738,0.139,0.449,-2.076,3.031,-0.565,-0.687,0.013,0.539,-9.42,4.244,-1.656,-0.29,0.02,0.895,-3.008,2.84,2.351,-0.185,-0.009,0.945,-3.679,12.267,0.519,0.371,-0.403,0.696,-4.924,7.58,1.756,arriba
1780982389.8190784,-0.836,0.07,0.546,-18.282,9.573,-21.611,-0.746,-0.061,0.575,-27.153,1.603,-21.939,-0.319,-0.04,0.896,-33.58,-1.107,-8.565,-0.237,-0.062,0.923,-38.13,7.282,-12.756,0.348,-0.419,0.696,-16.664,12.511,1.565,arriba
1780982389.9223564,-0.728,-0.026,0.494,-75.405,25.008,-77.588,-0.564,-0.146,0.432,-103.244,11.221,-79.183,-0.256,-0.219,0.675,-155.008,8.359,-39.832,-0.221,-0.361,0.926,-164.198,20.122,-42.321,0.366,-0.5,0.736,-0.664,34.931,6.115,arriba
1780982390.0322363,-0.667,-0.203,0.546,-10.092,7.229,-10.977,-0.752,-0.336,0.438,-23.527,-22.794,2.695,-0.484,-0.41,0.635,44.427,-11.382,3.863,-0.652,-1.125,2.0,2.267,-43.809,1.038,0.257,-0.457,0.792,-8.626,-12.618,-3.58,arriba
1780982390.1283796,-0.87,-0.199,0.475,-2.168,-6.176,-3.763,-0.715,-0.372,0.514,-5.031,-1.344,-1.885,-0.277,-0.434,0.88,-2.687,-7.519,-1.382,-0.207,-0.48,0.922,-0.153,6.435,-0.237,0.32,-0.482,0.708,0.443,7.809,0.794,arriba
1780982390.2312145,-0.851,-0.208,0.483,-0.359,3.924,-0.16,-0.713,-0.371,0.534,-6.779,0.718,-0.71,-0.304,-0.444,0.86,-0.298,0.351,0.496,-0.24,-0.475,0.909,1.443,5.771,-0.794,0.314,-0.47,0.72,-0.824,1.519,-0.191,arriba
1780982390.333805,-0.867,-0.209,0.475,-0.748,1.809,-0.397,-0.711,-0.371,0.522,-6.099,-0.031,-1.16,-0.298,-0.439,0.874,-0.374,0.221,-0.359,-0.22,-0.476,0.912,1.252,6.0,-0.969,0.314,-0.476,0.709,-1.031,1.641,0.137,arriba
1780982390.4371567,-0.859,-0.207,0.48,-1.412,0.733,-1.344,-0.706,-0.373,0.524,-6.489,0.588,-0.45,-0.3,-0.441,0.864,-0.389,0.298,0.42,-0.23,-0.474,0.914,1.565,7.817,-0.496,0.308,-0.479,0.711,-0.519,2.969,0.198,arriba
1780982390.5408702,-0.858,-0.213,0.486,-1.107,2.527,-0.405,-0.71,-0.375,0.529,-6.595,0.832,0.0,-0.299,-0.442,0.867,-0.351,0.229,-0.008,-0.233,-0.473,0.908,1.611,6.779,-0.977,0.31,-0.472,0.707,-0.748,1.595,-0.42,arriba
1780982390.643808,-0.86,-0.211,0.483,-1.076,1.534,-0.687,-0.71,-0.376,0.521,-6.756,0.641,0.458,-0.301,-0.441,0.872,-0.26,0.573,0.42,-0.228,-0.475,0.909,1.71,7.641,0.206,0.309,-0.481,0.716,-0.382,2.496,-0.092,arriba
1780982390.7459462,-0.859,-0.205,0.488,-1.031,1.244,-0.863,-0.707,-0.373,0.521,-6.588,0.656,-0.321,-0.3,-0.438,0.866,-0.183,-0.58,0.252,-0.225,-0.475,0.913,1.519,6.626,-0.244,0.304,-0.479,0.718,-0.481,2.504,0.191,arriba
1780982393.5324514,-0.857,-0.208,0.483,-0.954,1.565,-0.802,-0.711,-0.379,0.525,-6.198,0.718,-0.137,-0.296,-0.441,0.869,-0.244,-0.725,0.718,-0.225,-0.483,0.905,1.954,7.443,-0.542,0.305,-0.477,0.711,-0.313,2.481,0.084,arriba
1780982393.6300235,-0.861,-0.206,0.486,-1.061,0.931,-0.29,-0.71,-0.38,0.527,-6.191,0.924,-0.092,-0.294,-0.44,0.87,-0.069,-0.16,0.29,-0.228,-0.477,0.911,1.542,7.542,0.13,0.3,-0.477,0.709,-0.435,2.802,0.198,arriba
1780982393.73343,-0.86,-0.206,0.482,-0.634,1.481,-0.565,-0.708,-0.375,0.523,-6.313,0.878,0.244,-0.294,-0.443,0.863,-0.679,0.931,0.214,-0.226,-0.478,0.906,1.649,8.16,0.664,0.3,-0.475,0.716,-1.115,2.901,0.153,arriba
1780982393.8362978,-0.861,-0.212,0.481,-0.588,1.298,-0.962,-0.708,-0.376,0.527,-6.168,0.893,-0.191,-0.293,-0.445,0.867,-0.321,-0.389,-0.435,-0.228,-0.478,0.908,1.298,7.427,-0.321,0.313,-0.469,0.708,-0.58,2.252,-0.115,arriba
1780982393.950413,-0.858,-0.207,0.478,-1.168,1.412,-1.023,-0.707,-0.379,0.532,-6.321,0.634,-0.481,-0.295,-0.447,0.871,0.244,0.107,0.55,-0.226,-0.478,0.918,2.145,7.443,0.168,0.302,-0.473,0.705,0.176,2.29,-0.153,arriba
1780982394.043347,-0.857,-0.206,0.476,-0.015,2.878,1.183,-0.716,-0.368,0.536,-5.313,3.282,3.015,-0.304,-0.463,0.924,6.863,7.45,3.374,-0.235,-0.485,0.936,3.496,13.26,1.496,0.336,-0.488,0.676,-0.931,3.809,1.542,arriba
1780982394.1452641,-0.827,-0.125,0.395,75.305,-39.748,54.244,-0.773,-0.298,0.481,75.389,-17.969,49.511,-0.278,-0.355,0.936,90.008,-19.214,15.038,-0.271,-0.396,0.954,86.435,-0.725,15.458,0.314,-0.475,0.715,1.496,-1.45,-0.511,arriba
1780982394.2494612,-0.865,-0.044,0.548,40.29,-11.092,37.656,-0.737,-0.173,0.583,44.26,-1.908,35.969,-0.318,-0.201,0.915,69.489,-0.672,12.557,-0.247,-0.225,0.987,69.382,11.527,14.458,0.313,-0.458,0.702,7.076,-13.557,-3.313,arriba
1780982394.352561,-0.826,0.041,0.57,27.901,-7.176,26.74,-0.7,-0.079,0.649,29.664,-3.855,26.183,-0.306,-0.111,0.982,55.74,0.656,10.405,-0.222,-0.165,1.072,57.534,1.832,14.55,0.34,-0.456,0.726,11.878,-10.023,-3.015,arriba
1780982394.46632,-0.839,0.108,0.598,12.84,-0.107,15.397,-0.722,-0.015,0.704,18.58,4.634,17.763,-0.287,-0.026,0.991,38.992,7.206,5.74,-0.229,-0.044,1.036,47.824,6.046,8.115,0.363,-0.425,0.705,13.611,-4.519,-4.366,arriba
1780982394.5638866,-0.778,0.098,0.606,-26.618,7.802,-25.351,-0.706,-0.028,0.722,-31.145,3.504,-24.481,-0.277,-0.064,1.124,-28.42,4.626,-10.45,-0.254,-0.096,1.15,-20.595,15.916,-8.595,0.365,-0.476,0.762,-6.733,13.473,4.969,arriba
1780982394.6608553,-0.67,0.116,0.423,-43.229,10.847,-36.397,-0.544,0.02,0.374,-71.023,-3.45,-44.137,-0.211,-0.0,0.625,-102.42,-6.695,-15.908,-0.107,-0.053,0.656,-130.656,9.099,-33.168,0.371,-0.477,0.757,-24.42,24.099,10.588,arriba
1780982394.7634099,-0.961,-0.171,0.474,-98.855,60.916,-90.229,-0.902,-0.394,0.716,-100.855,28.053,-59.794,-0.388,-0.421,1.208,-93.053,21.405,-18.748,-0.282,-0.447,1.052,-101.321,12.0,-24.191,0.275,-0.454,0.724,-4.473,11.611,1.84,arriba
1780982394.8739002,-0.834,-0.224,0.568,3.885,-30.374,-4.481,-0.18,-0.489,1.036,5.588,-41.809,-4.588,-0.206,-0.574,1.15,-84.87,-26.565,-16.695,-0.026,-0.283,0.86,-15.634,11.908,-5.344,0.332,-0.483,0.697,-2.649,-6.282,-1.305,arriba
1780982394.9784656,-0.847,-0.206,0.499,-1.992,-2.061,-1.214,-0.708,-0.365,0.529,-7.137,1.328,-1.55,-0.294,-0.431,0.879,1.336,3.053,0.412,-0.228,-0.468,0.918,2.244,7.55,-1.176,0.298,-0.467,0.716,-1.771,1.573,-0.504,arriba
1780982395.0808434,-0.856,-0.207,0.493,-1.58,-0.374,-1.634,-0.706,-0.367,0.539,-6.649,-0.244,-0.664,-0.299,-0.426,0.869,-0.756,0.649,0.74,-0.232,-0.468,0.914,0.947,7.954,-0.397,0.289,-0.471,0.714,-0.649,1.794,-0.092,arriba
1780982395.1796029,-0.859,-0.206,0.491,-0.748,2.443,-0.282,-0.707,-0.367,0.538,-6.817,0.603,-0.237,-0.299,-0.429,0.874,-0.84,-0.214,0.618,-0.231,-0.474,0.918,1.458,6.519,-0.786,0.296,-0.463,0.71,-0.595,2.397,-0.13,arriba
1780982395.2782109,-0.856,-0.203,0.492,-0.901,2.275,-0.901,-0.706,-0.367,0.542,-6.618,1.069,-0.282,-0.307,-0.433,0.872,-0.725,0.221,0.183,-0.233,-0.472,0.913,1.084,6.924,-0.924,0.294,-0.467,0.72,-0.924,1.817,0.0,arriba
1780982395.381105,-0.855,-0.202,0.502,-1.756,1.489,-1.771,-0.705,-0.369,0.54,-6.557,0.565,-0.443,-0.309,-0.432,0.869,-0.397,-0.473,-0.466,-0.232,-0.467,0.914,1.176,6.084,-0.931,0.299,-0.474,0.715,-1.412,0.55,-0.26,arriba
1780982398.1629236,-0.855,-0.207,0.491,-0.977,1.328,-1.099,-0.703,-0.37,0.54,-6.053,1.046,-0.435,-0.296,-0.432,0.873,-0.252,0.168,0.26,-0.226,-0.472,0.906,1.679,7.893,0.519,0.289,-0.47,0.718,-0.618,2.71,-0.076,arriba
1780982398.2655628,-0.856,-0.204,0.494,-0.397,1.321,-0.069,-0.706,-0.367,0.533,-6.16,0.45,-0.053,-0.302,-0.435,0.876,-0.626,-0.366,-0.084,-0.222,-0.475,0.915,1.679,6.298,-0.191,0.303,-0.474,0.716,-0.29,2.794,-0.008,arriba
1780982398.3684525,-0.853,-0.203,0.491,-1.176,0.382,-1.74,-0.704,-0.37,0.547,-6.359,0.542,-0.122,-0.298,-0.435,0.875,-0.458,-0.023,0.26,-0.228,-0.474,0.915,1.359,7.588,0.099,0.288,-0.47,0.714,0.046,3.481,0.061,arriba
1780982398.4818838,-0.855,-0.209,0.493,-0.725,1.305,-0.588,-0.704,-0.371,0.542,-6.137,0.832,-0.031,-0.299,-0.434,0.874,-0.374,-0.061,0.885,-0.225,-0.473,0.917,1.855,7.496,0.084,0.298,-0.465,0.714,-0.298,2.802,0.145,arriba
1780982398.5847223,-0.853,-0.207,0.494,-0.573,2.733,0.26,-0.699,-0.365,0.553,-7.45,1.267,0.122,-0.292,-0.431,0.871,0.824,2.695,1.786,-0.236,-0.469,0.908,1.702,9.473,-0.626,0.296,-0.468,0.715,-0.099,3.16,0.115,arriba
1780982398.677646,-0.931,-0.259,0.527,1.931,39.977,7.908,-1.129,-0.493,0.722,93.916,12.015,66.466,-0.295,-0.657,1.471,188.061,-15.412,14.618,-0.25,-0.635,1.369,156.779,6.397,42.725,0.278,-0.473,0.718,4.13,0.748,1.282,arriba
1780982398.7805374,-0.574,0.124,0.285,39.809,-43.183,61.206,-0.484,0.047,0.46,39.153,-24.107,48.427,-0.054,0.025,0.762,56.626,-13.908,27.008,0.013,-0.061,0.993,56.504,-1.26,21.107,0.422,-0.456,0.704,9.153,-11.87,1.069,arriba
1780982398.8952274,-0.834,0.126,0.525,-3.244,2.015,0.969,-0.684,0.026,0.552,-12.214,0.053,-0.985,-0.273,0.007,0.917,-3.206,-2.55,5.855,-0.197,-0.017,0.96,-0.817,2.977,3.244,0.37,-0.433,0.713,-4.55,1.168,2.481,arriba
1780982398.9866874,-0.817,0.086,0.582,-6.061,3.779,-4.687,-0.701,-0.009,0.615,-13.321,3.916,-3.435,-0.289,-0.015,0.974,-5.74,3.137,-0.313,-0.234,-0.051,1.027,-2.061,9.687,-1.366,0.346,-0.437,0.72,-2.931,4.519,1.725,arriba
1780982399.0939102,-0.791,0.074,0.569,-11.885,7.038,-11.779,-0.69,-0.017,0.608,-21.931,5.473,-11.634,-0.273,-0.021,0.929,-20.107,3.176,-4.26,-0.238,-0.064,1.012,-18.0,11.954,-7.588,0.333,-0.434,0.71,-5.45,7.45,1.817,arriba
1780982399.1968868,-0.768,0.046,0.5,-29.176,12.985,-28.901,-0.646,-0.058,0.543,-49.672,3.656,-30.794,-0.259,-0.051,0.838,-56.595,2.275,-11.351,-0.174,-0.086,0.879,-76.71,16.534,-23.366,0.327,-0.481,0.771,-4.771,16.519,4.511,arriba
1780982399.2964597,-0.938,-0.056,0.558,-28.71,14.466,-28.145,-0.781,-0.194,0.607,-36.435,7.237,-20.229,-0.321,-0.219,0.946,-44.122,3.328,-9.45,-0.255,-0.252,0.927,-42.183,7.305,-13.718,0.304,-0.464,0.721,-1.336,5.687,0.008,arriba
1780982399.4079208,-0.843,-0.113,0.51,-35.672,18.282,-33.397,-0.684,-0.219,0.525,-45.878,4.321,-28.489,-0.295,-0.27,0.864,-52.092,8.412,-9.679,-0.267,-0.382,0.98,-48.412,12.29,-12.389,0.29,-0.465,0.727,0.061,9.397,1.0,arriba
1780982399.5134616,-0.648,-0.191,0.414,0.786,-1.573,-9.389,-0.759,-0.34,0.673,-10.099,-23.466,-2.885,-0.744,-0.218,0.515,24.29,-44.473,6.802,-0.31,-0.408,0.999,4.748,-7.595,3.275,0.272,-0.465,0.753,8.557,-7.939,-1.015,arriba
1780982399.6137176,-0.867,-0.196,0.487,0.809,4.389,0.16,-0.701,-0.364,0.562,-5.466,5.626,-1.221,-0.306,-0.423,0.873,-0.397,-5.511,-1.351,-0.23,-0.459,0.915,0.87,2.069,-0.985,0.303,-0.461,0.721,-1.481,5.191,-0.023,arriba
1780982399.7129865,-0.848,-0.205,0.498,-0.084,1.252,-0.84,-0.702,-0.361,0.549,-6.519,-0.229,-0.947,-0.302,-0.427,0.873,-0.466,0.771,-0.374,-0.237,-0.462,0.912,1.55,6.16,-0.992,0.288,-0.468,0.722,-0.702,0.702,-0.221,arriba
1780982399.8104403,-0.858,-0.208,0.495,-1.198,1.389,-0.847,-0.698,-0.36,0.541,-6.282,0.557,-0.183,-0.302,-0.426,0.878,-0.351,-0.099,-0.015,-0.239,-0.46,0.919,1.458,7.206,-0.206,0.295,-0.466,0.725,-0.664,2.489,-0.206,arriba
1780982399.913764,-0.852,-0.202,0.499,-1.0,1.489,-0.985,-0.7,-0.363,0.56,-6.244,0.611,0.611,-0.301,-0.428,0.878,-0.115,-0.397,0.412,-0.237,-0.465,0.914,1.031,7.145,-0.641,0.289,-0.462,0.72,-0.679,2.29,-0.023,arriba
1780982400.0308716,-0.853,-0.206,0.501,-0.84,1.29,-1.374,-0.699,-0.363,0.544,-7.038,0.183,-0.901,-0.298,-0.429,0.873,-0.855,-0.252,0.229,-0.236,-0.464,0.913,1.702,6.656,-0.756,0.291,-0.46,0.715,-0.588,2.053,0.038,arriba
1780982402.696799,-0.852,-0.208,0.504,-0.84,1.359,-1.405,-0.695,-0.367,0.55,-6.053,0.122,-0.809,-0.297,-0.434,0.874,-0.473,0.099,0.298,-0.232,-0.47,0.914,1.389,7.237,-0.313,0.291,-0.467,0.726,0.061,3.015,0.038,arriba
1780982402.7976737,-0.852,-0.204,0.496,-1.443,1.557,-1.443,-0.699,-0.37,0.551,-6.679,0.847,-0.282,-0.298,-0.43,0.877,-0.237,0.023,0.145,-0.234,-0.468,0.91,1.351,6.824,-0.435,0.286,-0.467,0.721,-0.763,2.427,-0.092,arriba
1780982402.900828,-0.855,-0.207,0.497,-0.763,1.214,-0.023,-0.696,-0.371,0.54,-6.176,1.069,0.489,-0.298,-0.428,0.876,-0.504,0.557,-0.122,-0.234,-0.47,0.918,1.687,7.076,-0.725,0.296,-0.467,0.719,-0.359,2.565,-0.107,arriba
1780982403.0124905,-0.853,-0.203,0.492,-0.893,1.427,-1.214,-0.698,-0.366,0.545,-6.366,0.672,-0.321,-0.297,-0.43,0.875,-0.328,0.069,-0.046,-0.231,-0.469,0.911,1.237,6.718,-0.969,0.291,-0.466,0.717,-0.55,2.351,0.107,arriba
1780982403.1066113,-0.854,-0.208,0.495,-0.168,1.763,-0.519,-0.699,-0.367,0.54,-5.824,0.847,-0.504,-0.299,-0.429,0.873,0.084,-0.405,0.115,-0.234,-0.467,0.913,1.992,6.359,-0.153,0.296,-0.465,0.721,-0.26,2.328,-0.191,arriba
1780982403.2098749,-0.867,-0.21,0.478,0.053,2.725,0.481,-0.698,-0.364,0.556,-6.649,0.74,0.45,-0.298,-0.421,0.877,1.405,2.595,1.046,-0.238,-0.47,0.907,1.954,9.061,0.298,0.294,-0.465,0.723,0.076,4.145,0.183,arriba
1780982403.3128064,-0.851,-0.208,0.499,-0.313,1.992,-0.939,-0.705,-0.365,0.539,-3.817,0.832,0.763,-0.296,-0.427,0.88,1.756,0.817,-0.206,-0.241,-0.47,0.91,2.794,7.977,0.115,0.293,-0.469,0.723,-0.122,3.092,-0.55,arriba
1780982403.4160032,-0.988,-0.173,0.667,23.145,-2.977,25.832,-0.679,-0.357,0.644,40.885,-15.504,29.603,-0.452,-0.442,1.024,51.458,-13.412,5.473,-0.29,-0.535,1.156,38.466,-8.878,8.565,0.283,-0.48,0.717,-0.733,-5.847,-1.229,arriba
1780982403.5271924,-0.804,-0.072,0.474,70.725,-28.901,62.336,-0.609,-0.14,0.439,72.046,-17.962,53.29,-0.293,-0.192,0.799,94.573,-9.282,22.809,-0.246,-0.256,0.884,89.115,-5.42,29.786,0.329,-0.469,0.725,-0.763,-11.374,-4.298,arriba
1780982403.6219645,-0.793,0.058,0.494,32.519,-8.74,27.221,-0.676,-0.033,0.526,24.985,-1.71,22.053,-0.307,-0.055,0.872,38.313,0.901,10.626,-0.253,-0.15,0.979,46.359,4.534,10.71,0.339,-0.457,0.717,5.588,-6.664,-1.962,arriba
1780982403.7275934,-0.803,0.084,0.548,6.366,2.13,5.427,-0.681,-0.014,0.571,-2.847,5.595,4.527,-0.311,-0.009,0.913,11.679,6.855,4.366,-0.253,-0.064,0.954,19.0,8.26,5.641,0.329,-0.431,0.704,2.687,1.374,0.237,arriba
1780982403.8281677,-0.824,0.069,0.583,-0.496,3.618,-0.603,-0.729,-0.046,0.662,-7.527,4.893,-0.023,-0.314,-0.02,0.982,4.71,4.26,0.702,-0.241,-0.049,0.983,4.145,9.092,-0.87,0.332,-0.439,0.702,0.947,1.763,-0.397,arriba
1780982403.9311538,-0.814,0.067,0.568,-8.794,6.267,-10.16,-0.718,-0.041,0.615,-17.046,6.008,-9.405,-0.319,-0.01,0.931,-16.389,0.924,-3.771,-0.25,-0.055,0.972,-15.237,8.779,-5.679,0.333,-0.439,0.71,-2.969,4.405,0.359,arriba
1780982404.042003,-0.763,0.043,0.484,-38.908,14.573,-38.313,-0.626,-0.054,0.491,-64.298,6.817,-41.061,-0.271,-0.081,0.809,-87.069,3.42,-18.42,-0.26,-0.208,1.018,-91.13,16.008,-26.382,0.31,-0.461,0.718,-2.275,15.336,4.13,arriba
1780982404.137744,-0.984,-0.205,0.646,-68.328,27.756,-60.977,-0.812,-0.36,0.685,-79.336,-0.611,-54.145,-0.396,-0.435,1.082,-124.076,-2.137,-30.565,-0.283,-0.485,1.056,-116.855,7.702,-41.0,0.283,-0.464,0.728,-5.496,6.122,0.573,arriba
1780982404.2471921,-0.822,-0.205,0.505,-5.16,-2.45,-3.473,-0.769,-0.345,0.39,-8.328,-32.191,1.626,-0.329,-0.4,0.922,-0.389,-8.901,-2.389,-0.251,-0.444,0.852,5.282,17.145,-0.496,0.3,-0.464,0.726,-0.031,6.763,0.573,arriba
1780982404.3431947,-0.845,-0.211,0.504,-1.565,0.153,-0.458,-0.698,-0.364,0.548,-7.069,-2.137,-0.573,-0.298,-0.426,0.874,-1.435,1.695,-0.588,-0.241,-0.465,0.912,1.008,7.931,-0.695,0.292,-0.464,0.713,-0.336,1.824,-0.16,arriba
1780982404.4456546,-0.851,-0.208,0.506,-0.374,1.221,-0.29,-0.698,-0.36,0.56,-6.519,1.099,0.214,-0.299,-0.426,0.876,-0.206,-0.771,-0.053,-0.243,-0.468,0.912,1.397,7.137,-0.496,0.289,-0.465,0.721,-0.397,3.153,0.221,arriba
1780982404.5487645,-0.849,-0.203,0.511,-0.382,1.534,-1.015,-0.695,-0.365,0.55,-6.695,0.656,0.015,-0.301,-0.424,0.869,-0.511,-0.061,0.489,-0.242,-0.467,0.908,1.29,7.26,-0.595,0.294,-0.461,0.71,-0.962,2.008,0.069,arriba
1780982404.6614547,-0.846,-0.21,0.503,-1.13,1.634,-0.626,-0.698,-0.364,0.548,-6.481,0.427,-0.313,-0.306,-0.428,0.874,-0.573,0.84,0.763,-0.234,-0.467,0.912,1.534,7.038,-0.641,0.292,-0.462,0.721,-0.634,2.183,-0.366,arriba
1780982407.3300896,-0.855,-0.213,0.496,-0.397,1.618,-0.351,-0.696,-0.366,0.551,-6.031,0.618,0.046,-0.3,-0.432,0.875,-0.076,-0.786,-0.153,-0.237,-0.469,0.914,1.42,6.977,-0.511,0.291,-0.467,0.721,-0.374,2.733,-0.122,arriba
1780982407.4455678,-0.851,-0.209,0.499,-0.771,1.771,-0.206,-0.695,-0.366,0.546,-6.328,0.718,-0.168,-0.292,-0.427,0.875,-0.076,-0.45,0.107,-0.243,-0.469,0.904,1.412,6.87,-0.389,0.292,-0.468,0.731,-0.779,2.0,0.0,arriba
1780982407.547068,-0.853,-0.211,0.502,-0.916,1.634,-1.092,-0.698,-0.371,0.552,-6.565,0.275,-0.466,-0.301,-0.433,0.875,-0.198,0.252,0.099,-0.24,-0.471,0.908,1.481,7.122,-0.122,0.294,-0.465,0.724,-0.618,1.847,-0.206,arriba
1780982407.6441972,-0.847,-0.21,0.495,-0.977,1.252,-0.588,-0.694,-0.366,0.554,-6.458,0.542,-0.344,-0.294,-0.429,0.874,-0.412,0.145,0.534,-0.237,-0.468,0.912,1.374,7.198,-0.443,0.296,-0.474,0.724,-0.588,2.802,0.061,arriba
1780982407.7423959,-0.85,-0.209,0.5,-0.771,1.779,-0.214,-0.695,-0.366,0.541,-6.588,0.275,-0.267,-0.3,-0.429,0.874,-0.336,-0.656,0.489,-0.239,-0.47,0.91,1.382,7.191,-0.595,0.29,-0.465,0.716,-0.427,2.351,-0.145,arriba
1780982407.846459,-0.847,-0.211,0.503,-1.023,1.733,-1.053,-0.697,-0.368,0.542,-6.771,0.931,-0.618,-0.297,-0.432,0.872,-0.427,-0.023,0.053,-0.239,-0.472,0.912,1.786,6.992,-0.389,0.286,-0.462,0.715,-0.733,2.29,0.069,arriba
1780982407.9522672,-0.849,-0.213,0.497,-0.878,1.405,-1.328,-0.695,-0.37,0.545,-6.695,0.397,-1.008,-0.3,-0.435,0.873,-0.618,0.527,-0.084,-0.237,-0.474,0.909,1.74,6.786,-1.061,0.289,-0.466,0.72,-0.412,2.313,-0.061,arriba
1780982408.0609553,-0.849,-0.213,0.506,-0.481,0.786,0.015,-0.694,-0.366,0.55,-6.214,0.817,-0.519,-0.295,-0.427,0.877,-0.168,-0.084,-0.221,-0.237,-0.473,0.914,1.756,7.031,-0.229,0.298,-0.464,0.726,-0.397,2.84,-0.008,arriba
1780982408.1536975,-0.847,-0.211,0.503,-1.031,1.282,-1.542,-0.696,-0.368,0.553,-6.229,0.672,-0.053,-0.301,-0.427,0.876,0.344,-0.214,-0.122,-0.24,-0.475,0.905,1.649,6.397,-0.84,0.297,-0.458,0.717,-0.595,1.954,-0.031,arriba
1780982408.2619646,-0.849,-0.208,0.508,-1.26,2.427,0.031,-0.69,-0.372,0.545,-6.908,1.458,1.061,-0.297,-0.433,0.876,2.076,3.267,1.145,-0.237,-0.471,0.907,2.695,8.489,-0.046,0.294,-0.464,0.728,-0.023,2.656,-0.427,arriba
1780982408.361945,-1.238,-0.321,0.895,38.198,3.267,34.084,-0.992,-0.537,0.929,73.634,-18.84,50.672,-0.449,-0.478,1.013,151.244,-24.878,17.87,-0.302,-0.522,1.054,127.435,-24.901,27.969,0.261,-0.462,0.718,2.542,-12.702,-2.084,arriba
1780982408.4633036,-0.705,-0.04,0.523,37.733,-22.985,46.786,-0.572,-0.114,0.613,47.443,-8.779,39.466,-0.189,-0.141,0.997,66.176,-6.107,11.595,-0.15,-0.273,1.042,66.267,3.702,14.817,0.321,-0.456,0.721,5.527,-3.924,0.878,arriba
1780982408.5768924,-0.838,0.061,0.572,25.176,-10.809,32.573,-0.704,-0.036,0.617,28.214,-5.145,28.649,-0.256,-0.03,0.986,46.626,-0.443,9.588,-0.218,-0.147,0.985,60.588,0.504,13.565,0.358,-0.451,0.725,12.611,-14.847,-3.366,arriba
1780982408.6799269,-0.796,0.118,0.568,16.237,1.931,19.191,-0.693,0.019,0.668,14.534,7.496,20.038,-0.28,-0.032,1.218,50.763,13.977,12.26,-0.257,-0.168,1.419,84.725,9.893,19.313,0.386,-0.464,0.794,21.13,-11.489,-5.031,arriba
1780982408.7780082,-0.726,0.249,0.453,-3.695,-1.786,12.817,-0.597,0.162,0.511,-8.305,5.878,9.313,-0.213,0.24,0.775,7.374,3.107,9.962,-0.167,0.21,0.861,8.145,7.733,2.908,0.424,-0.335,0.667,-1.534,1.718,1.053,arriba
1780982408.8754547,-0.792,0.178,0.52,-15.824,8.985,-18.924,-0.696,0.089,0.531,-32.794,5.015,-19.588,-0.294,0.169,0.768,-53.435,-3.015,-7.237,-0.204,0.13,0.864,-41.725,11.008,-4.931,0.377,-0.362,0.683,-19.16,11.0,4.87,arriba
1780982408.9784596,-0.902,0.042,0.626,-29.534,12.397,-38.176,-0.78,-0.051,0.584,-43.786,8.336,-35.069,-0.372,-0.005,0.895,-51.824,11.336,-16.0,-0.31,-0.033,0.887,-51.634,11.282,-16.504,0.319,-0.42,0.685,-16.748,14.435,0.031,arriba
1780982409.0815268,-0.817,-0.125,0.575,-90.328,39.779,-91.641,-0.631,-0.229,0.565,-113.504,18.679,-84.809,-0.336,-0.309,0.842,-159.573,18.824,-46.962,-0.302,-0.43,1.135,-157.038,28.756,-47.053,0.307,-0.471,0.738,-2.443,24.053,8.176,arriba
1780982409.1946347,-0.771,-0.21,0.537,-6.344,-21.511,-11.122,-0.702,-0.371,0.481,-7.252,7.595,-0.84,-0.067,-0.51,1.111,9.641,4.802,-2.267,-0.15,-0.458,0.844,-2.031,5.489,-4.076,0.322,-0.463,0.723,2.053,8.863,-0.137,arriba
1780982409.2949903,-0.846,-0.206,0.507,-0.618,1.328,-1.13,-0.694,-0.366,0.549,-7.298,-0.985,-1.321,-0.302,-0.427,0.873,-3.374,-3.183,0.107,-0.236,-0.469,0.909,-0.313,5.924,-0.397,0.298,-0.459,0.713,-1.267,3.015,-0.099,arriba
1780982411.9652429,-0.851,-0.214,0.489,-1.038,1.29,-0.542,-0.695,-0.372,0.55,-6.802,0.71,-0.786,-0.301,-0.433,0.874,-0.313,0.076,0.374,-0.236,-0.47,0.913,1.511,7.855,0.183,0.293,-0.457,0.718,-0.489,2.519,0.015,arriba
1780982412.0778046,-0.852,-0.211,0.499,-0.924,1.702,-1.244,-0.696,-0.371,0.548,-6.649,0.313,-0.962,-0.301,-0.435,0.871,-0.321,-0.58,0.832,-0.234,-0.471,0.907,1.679,6.702,-1.0,0.297,-0.459,0.725,-0.649,2.382,-0.115,arriba
1780982412.1780891,-0.857,-0.214,0.494,-1.16,1.069,-0.847,-0.694,-0.37,0.552,-6.496,0.458,-0.511,-0.303,-0.436,0.876,-0.443,-0.466,0.137,-0.229,-0.471,0.913,1.649,6.786,-0.588,0.3,-0.461,0.719,-0.802,2.214,0.069,arriba
1780982412.2744899,-0.847,-0.21,0.502,-0.718,1.298,-0.473,-0.694,-0.371,0.551,-6.496,0.748,-0.267,-0.305,-0.436,0.876,-0.305,0.527,-0.221,-0.229,-0.469,0.909,1.74,7.076,-0.786,0.298,-0.456,0.722,-0.473,2.298,0.084,arriba
1780982412.3774767,-0.851,-0.209,0.497,-0.908,1.397,-1.702,-0.698,-0.37,0.55,-6.344,0.763,-0.656,-0.303,-0.434,0.868,-0.015,-0.382,-0.122,-0.229,-0.475,0.913,1.71,6.664,-0.382,0.298,-0.467,0.721,-0.664,2.298,-0.115,arriba
1780982412.4917958,-0.85,-0.209,0.497,-0.748,2.122,-0.466,-0.695,-0.37,0.549,-6.962,1.466,0.183,-0.3,-0.432,0.868,0.237,0.756,0.748,-0.234,-0.472,0.918,1.809,8.374,0.252,0.3,-0.462,0.716,-0.359,2.588,0.137,arriba
1780982412.5848217,-0.851,-0.212,0.494,-1.153,3.542,0.672,-0.674,-0.375,0.583,-3.84,17.389,4.366,-0.32,-0.501,1.01,7.992,5.466,6.053,-0.227,-0.464,0.921,18.733,10.534,10.527,0.304,-0.461,0.714,2.382,7.389,0.901,arriba
1780982412.6955478,-0.996,-0.181,0.557,50.71,-19.008,55.015,-0.786,-0.321,0.564,77.534,-13.092,56.779,-0.345,-0.363,0.918,98.015,-23.221,19.282,-0.248,-0.367,0.923,94.931,-6.611,21.649,0.318,-0.457,0.729,1.84,-15.397,-5.55,arriba
1780982412.7893765,-0.834,-0.055,0.556,43.947,-16.962,38.656,-0.752,-0.203,0.666,52.382,-6.931,38.534,-0.327,-0.188,0.93,81.786,-5.137,15.748,-0.245,-0.204,0.971,82.015,2.771,20.542,0.31,-0.446,0.728,5.687,-14.168,-5.977,arriba
1780982412.896426,-0.818,0.073,0.545,24.557,-21.305,27.084,-0.667,-0.044,0.532,25.305,-5.969,21.802,-0.258,-0.027,0.87,42.214,0.137,10.298,-0.207,-0.068,0.964,49.069,6.0,9.611,0.36,-0.421,0.697,6.542,-4.382,-4.649,arriba
1780982412.9955611,-0.816,0.094,0.554,8.504,3.328,5.069,-0.677,0.01,0.547,-4.71,6.237,3.084,-0.31,0.031,0.824,9.053,6.443,3.137,-0.239,0.003,0.882,10.794,7.664,2.626,0.355,-0.408,0.69,-2.427,2.809,-0.878,arriba
1780982413.0989618,-0.828,0.083,0.508,-11.237,8.382,-12.695,-0.733,-0.028,0.555,-23.679,6.321,-11.214,-0.317,-0.019,0.925,-22.443,0.198,-3.359,-0.232,-0.042,0.976,-22.58,8.496,-6.55,0.357,-0.427,0.698,-5.817,7.137,1.641,arriba
1780982413.2078307,-0.825,0.006,0.546,-36.191,18.198,-37.618,-0.687,-0.097,0.536,-53.977,12.313,-36.252,-0.288,-0.083,0.801,-65.534,10.359,-16.336,-0.237,-0.132,0.883,-67.84,18.0,-21.71,0.33,-0.46,0.727,-5.206,16.611,5.733,arriba
1780982413.311861,-0.731,-0.211,0.383,-147.183,45.26,-133.031,-0.563,-0.429,0.385,-221.26,19.725,-145.298,-0.019,-0.99,0.94,-250.137,26.183,-38.863,-0.729,-0.946,1.211,-201.053,-69.061,-64.145,0.202,-0.336,0.833,-49.527,17.664,-3.763,arriba
1780982413.407501,-0.831,-0.207,0.493,-3.809,0.473,-2.893,-0.673,-0.386,0.584,-5.809,-1.71,-2.45,-0.283,-0.468,0.867,-2.267,9.198,0.802,-0.245,-0.471,0.892,4.435,15.359,0.504,0.302,-0.457,0.709,1.473,-8.802,-1.191,arriba
1780982413.5102434,-0.864,-0.217,0.484,-0.321,2.053,-0.29,-0.701,-0.373,0.54,-5.687,0.695,-1.099,-0.3,-0.435,0.874,0.282,-6.427,-0.321,-0.217,-0.47,0.922,1.107,4.924,-0.901,0.324,-0.469,0.714,-1.252,3.901,0.122,arriba
1780982413.6139653,-0.843,-0.214,0.501,-0.382,1.466,-1.298,-0.692,-0.375,0.542,-6.389,-0.282,-0.992,-0.3,-0.433,0.87,-0.954,-0.122,0.366,-0.233,-0.474,0.906,1.305,6.557,-0.473,0.315,-0.464,0.715,-1.023,1.626,0.145,arriba
1780982413.7258334,-0.847,-0.218,0.496,-1.206,1.008,0.267,-0.699,-0.373,0.545,-6.626,0.748,-0.573,-0.301,-0.438,0.876,-0.611,0.481,-0.046,-0.23,-0.47,0.918,1.397,6.504,-0.687,0.315,-0.459,0.721,-0.832,2.435,0.176,arriba
1780982413.8273623,-0.847,-0.221,0.5,-1.351,1.626,-1.305,-0.697,-0.374,0.542,-6.481,0.947,-0.786,-0.299,-0.438,0.869,-0.58,-0.053,0.053,-0.235,-0.473,0.918,1.374,7.519,-0.481,0.313,-0.458,0.711,-0.832,2.55,0.382,arriba
1780982413.9228191,-0.852,-0.217,0.496,-0.618,1.954,-0.519,-0.694,-0.369,0.54,-6.794,0.473,-0.855,-0.297,-0.442,0.866,-0.435,0.115,0.374,-0.23,-0.471,0.915,1.565,7.42,-0.038,0.31,-0.462,0.715,-0.779,2.023,0.023,arriba
1780982416.6070626,-0.855,-0.22,0.501,-1.328,1.344,-0.427,-0.695,-0.375,0.54,-6.542,1.023,-0.206,-0.302,-0.439,0.872,-0.168,0.366,0.115,-0.228,-0.473,0.908,1.748,6.893,-0.786,0.304,-0.466,0.717,-0.412,2.794,-0.053,arriba
1780982416.712465,-0.854,-0.222,0.487,-1.015,2.137,-0.702,-0.698,-0.377,0.537,-6.611,0.519,-0.511,-0.301,-0.439,0.873,-0.481,-0.458,-0.496,-0.232,-0.47,0.908,1.74,6.855,-1.374,0.319,-0.471,0.709,-1.214,1.992,0.092,arriba
1780982416.8064258,-0.847,-0.225,0.491,-0.756,1.71,-1.824,-0.693,-0.378,0.543,-6.405,0.672,-0.282,-0.302,-0.444,0.868,-0.13,0.328,0.13,-0.23,-0.481,0.907,1.565,6.649,-0.718,0.314,-0.469,0.719,-0.45,3.13,-0.061,arriba
1780982416.9107132,-0.852,-0.217,0.497,-1.29,1.336,-0.366,-0.697,-0.369,0.547,-6.183,1.038,0.099,-0.301,-0.44,0.871,-0.252,0.901,-0.214,-0.231,-0.475,0.915,1.534,6.908,-0.107,0.318,-0.466,0.711,-0.664,2.061,-0.168,arriba
1780982417.0126848,-0.851,-0.221,0.496,-0.573,1.137,-1.328,-0.694,-0.376,0.545,-6.55,0.45,-0.58,-0.3,-0.444,0.871,-0.168,0.0,-0.038,-0.227,-0.478,0.908,1.374,6.855,-0.489,0.307,-0.466,0.716,-0.099,3.061,-0.008,arriba
1780982417.1296332,-0.851,-0.223,0.489,-1.107,1.321,-0.649,-0.698,-0.378,0.543,-5.763,1.26,-0.031,-0.303,-0.441,0.871,0.359,-0.061,0.496,-0.236,-0.475,0.902,1.695,6.802,-0.115,0.303,-0.467,0.719,-0.618,1.992,-0.214,arriba
1780982417.2275538,-0.851,-0.218,0.491,-0.366,1.443,0.0,-0.69,-0.378,0.543,-5.832,1.031,-1.038,-0.296,-0.443,0.873,-0.153,1.061,1.481,-0.224,-0.476,0.909,1.137,10.359,-0.069,0.311,-0.47,0.716,-0.374,3.023,-0.176,arriba
1780982417.3264763,-0.875,-0.241,0.498,-2.313,7.893,1.237,-0.773,-0.404,0.651,36.282,-9.198,2.282,-0.368,-0.441,0.914,8.008,3.603,8.069,-0.298,-0.556,1.027,44.939,3.588,20.679,0.334,-0.464,0.729,3.374,2.618,1.496,arriba
1780982417.425482,-0.85,-0.136,0.51,59.351,-37.58,65.008,-0.676,-0.267,0.614,76.015,-20.962,60.908,-0.227,-0.315,0.975,103.947,-16.954,21.863,-0.236,-0.395,1.071,103.489,-4.412,26.023,0.401,-0.489,0.715,-3.008,-20.031,-5.656,arriba
1780982417.527766,-0.768,0.049,0.474,47.191,-21.443,48.122,-0.672,-0.044,0.523,49.435,-5.992,43.321,-0.266,-0.072,0.859,69.359,-5.305,17.427,-0.191,-0.124,0.978,73.527,-5.626,21.214,0.375,-0.435,0.686,8.328,-16.756,-7.534,arriba
1780982417.6433558,-0.789,0.142,0.553,22.489,-1.176,21.939,-0.658,0.04,0.576,15.328,6.298,17.931,-0.313,0.034,0.895,31.603,1.924,8.885,-0.206,-0.017,0.98,39.443,11.511,14.038,0.395,-0.419,0.692,4.893,-4.061,-4.489,arriba
1780982417.733797,-0.776,0.136,0.594,-1.55,4.282,-4.954,-0.69,0.033,0.644,-10.908,5.824,-5.534,-0.293,0.04,0.927,-5.244,4.305,-2.725,-0.233,0.001,0.991,-5.26,12.779,-2.802,0.389,-0.423,0.682,-2.107,4.901,1.573,arriba
1780982417.8640943,-0.803,0.119,0.559,-13.939,11.969,-15.817,-0.697,0.004,0.596,-28.069,7.45,-15.061,-0.294,0.01,0.92,-27.107,1.565,-4.87,-0.22,-0.028,0.997,-26.145,10.023,-6.695,0.387,-0.437,0.711,-6.053,6.962,2.863,arriba
1780982417.9399452,-0.766,0.05,0.547,-51.672,15.924,-48.053,-0.639,-0.078,0.583,-70.008,5.618,-42.313,-0.276,-0.182,1.067,-102.603,4.557,-30.313,-0.254,-0.25,1.153,-101.809,17.901,-35.267,0.377,-0.445,0.679,-15.794,24.519,6.962,arriba
1780982418.0426888,-0.906,-0.062,0.487,-50.725,24.099,-32.985,-0.668,-0.14,0.459,-72.153,20.122,-13.718,-0.345,-0.242,0.766,-88.588,7.763,-20.397,-0.269,-0.29,0.829,-73.954,10.298,-27.58,0.334,-0.458,0.705,-2.595,3.763,-0.786,arriba
1780982418.1458848,-0.767,-0.218,0.461,-69.328,28.626,-60.511,-0.748,-0.399,0.583,-90.435,29.664,-72.634,-0.384,-0.573,2.0,-26.885,15.863,-39.733,-1.17,-1.208,2.0,46.58,-76.756,15.557,0.334,-0.5,0.764,-18.779,11.221,-1.687,arriba
1780982418.2615643,-0.856,-0.216,0.498,-3.435,-2.695,-2.16,-0.707,-0.365,0.52,-7.954,0.084,-1.878,-0.3,-0.442,0.867,0.969,-3.466,-0.527,-0.22,-0.475,0.928,1.42,2.504,-1.397,0.323,-0.458,0.715,-0.763,-0.061,-0.802,arriba
1780982418.3517096,-0.855,-0.21,0.494,-2.802,1.595,-2.534,-0.707,-0.357,0.514,-8.374,-0.84,-2.656,-0.294,-0.436,0.881,-1.504,0.397,-0.817,-0.217,-0.476,0.911,0.565,7.206,-0.695,0.327,-0.464,0.707,-0.847,3.275,0.412,arriba
1780982418.4603574,-0.856,-0.21,0.486,-0.885,1.42,-0.008,-0.718,-0.372,0.533,-6.779,0.252,-0.099,-0.295,-0.44,0.87,-0.427,0.641,0.42,-0.218,-0.475,0.91,1.389,7.382,-0.702,0.322,-0.458,0.704,-0.908,2.702,0.061,arriba
1780982418.5583146,-0.854,-0.21,0.499,-0.916,0.695,-1.282,-0.706,-0.375,0.534,-6.321,0.855,0.13,-0.292,-0.437,0.871,-0.351,-0.176,0.359,-0.216,-0.476,0.907,1.298,7.214,-0.29,0.317,-0.468,0.715,-0.71,2.573,0.176,arriba
1780982421.245014,-0.856,-0.215,0.479,-1.824,3.122,-1.336,-0.709,-0.377,0.517,-6.397,0.672,-0.069,-0.298,-0.443,0.868,-0.656,0.55,0.435,-0.227,-0.48,0.913,1.313,7.321,-1.076,0.32,-0.463,0.707,-0.74,2.023,-0.053,arriba
1780982421.347602,-0.856,-0.215,0.487,-0.496,1.534,-0.573,-0.71,-0.374,0.526,-6.26,0.221,-0.069,-0.294,-0.442,0.865,-0.046,0.008,0.191,-0.218,-0.481,0.907,1.664,7.26,-0.58,0.316,-0.467,0.717,-0.618,1.863,0.046,arriba
1780982421.4464116,-0.856,-0.216,0.485,-0.954,1.489,-0.45,-0.709,-0.375,0.533,-6.611,0.878,0.26,-0.294,-0.448,0.87,-0.656,-0.237,0.183,-0.224,-0.484,0.905,1.748,7.16,-0.763,0.322,-0.47,0.713,-0.45,2.229,-0.191,arriba
1780982421.5447145,-0.857,-0.215,0.479,-0.626,1.962,-0.977,-0.708,-0.378,0.538,-6.13,0.519,-0.702,-0.299,-0.447,0.868,-0.366,-0.214,0.053,-0.217,-0.481,0.906,1.489,6.221,-0.901,0.321,-0.462,0.712,-0.794,1.794,-0.099,arriba
1780982421.6476662,-0.855,-0.215,0.485,-1.389,1.573,-0.893,-0.705,-0.375,0.531,-6.115,-0.053,-1.26,-0.293,-0.442,0.865,-0.458,-0.015,-0.641,-0.219,-0.485,0.909,1.473,6.588,-0.29,0.322,-0.462,0.708,-0.557,2.176,-0.053,arriba
1780982421.7586925,-0.858,-0.214,0.484,-0.748,1.702,-0.496,-0.707,-0.374,0.528,-6.084,0.756,-0.389,-0.295,-0.444,0.87,-0.45,0.031,-0.641,-0.218,-0.48,0.909,1.107,6.87,-0.542,0.314,-0.461,0.704,-0.893,2.023,-0.115,arriba
1780982421.8589613,-0.859,-0.211,0.478,-1.344,0.939,-1.122,-0.709,-0.375,0.531,-6.031,0.847,0.115,-0.296,-0.443,0.869,0.046,-1.099,-0.13,-0.216,-0.484,0.917,1.718,6.588,-0.534,0.32,-0.467,0.71,-0.565,2.382,0.031,arriba
1780982421.957269,-0.857,-0.212,0.482,-0.252,1.244,0.076,-0.71,-0.372,0.533,-6.16,0.847,-0.16,-0.299,-0.442,0.876,-0.015,0.634,0.626,-0.22,-0.479,0.911,2.038,7.55,-0.107,0.331,-0.466,0.712,0.13,3.412,0.061,arriba
1780982422.0598483,-0.861,-0.215,0.481,-0.641,1.527,-1.588,-0.71,-0.376,0.54,-5.397,1.0,1.122,-0.321,-0.432,0.858,3.061,4.008,0.053,-0.219,-0.494,0.941,2.931,10.687,-1.183,0.317,-0.467,0.704,0.359,1.237,-1.183,arriba
1780982422.162951,-0.914,-0.16,0.446,63.061,-31.053,52.695,-0.811,-0.325,0.515,79.092,-13.183,53.641,-0.324,-0.357,0.865,97.786,-37.237,19.061,-0.233,-0.404,0.957,91.603,-16.916,26.107,0.378,-0.464,0.715,11.099,-15.969,-0.122,arriba
1780982422.2750854,-0.814,-0.045,0.504,51.0,-18.107,40.214,-0.662,-0.137,0.514,50.58,-2.466,35.015,-0.279,-0.17,0.859,73.924,4.046,14.252,-0.259,-0.219,0.928,71.344,5.435,22.267,0.36,-0.438,0.71,12.214,-8.275,-2.221,arriba
1780982422.3766382,-0.827,0.051,0.566,34.366,-11.74,27.519,-0.735,-0.067,0.629,30.87,-1.099,26.664,-0.287,-0.08,0.948,53.099,-0.038,9.443,-0.213,-0.114,0.968,53.656,4.0,13.595,0.384,-0.432,0.698,12.603,-9.947,-1.977,arriba
1780982422.4781277,-0.759,0.124,0.524,10.099,3.916,6.611,-0.638,0.048,0.524,-2.053,-1.756,2.084,-0.29,0.024,0.858,4.542,4.672,2.099,-0.218,-0.014,0.94,8.382,5.947,4.481,0.398,-0.403,0.691,-0.382,1.206,0.321,arriba
1780982422.57484,-0.806,0.109,0.535,-8.099,6.947,-7.649,-0.707,0.004,0.573,-18.55,5.389,-6.954,-0.303,-0.01,0.922,-13.908,1.618,-1.466,-0.219,-0.035,0.977,-11.939,7.534,-2.344,0.385,-0.418,0.692,-6.382,5.153,0.908,arriba
1780982422.6782155,-0.821,0.069,0.533,-15.885,10.496,-17.855,-0.737,-0.046,0.556,-29.313,4.733,-16.588,-0.297,-0.037,0.865,-36.031,1.969,-6.656,-0.213,-0.065,0.921,-34.74,8.847,-11.405,0.367,-0.415,0.69,-11.351,10.267,1.405,arriba
1780982422.7926753,-0.826,-0.015,0.539,-45.053,26.489,-46.672,-0.718,-0.14,0.549,-67.046,23.313,-40.092,-0.295,-0.178,0.833,-75.947,21.023,-16.237,-0.228,-0.197,0.865,-65.71,24.748,-17.603,0.349,-0.442,0.702,-7.344,19.122,2.168,arriba
1780982422.8956072,-0.887,-0.177,0.53,-70.046,21.008,-65.176,-0.706,-0.332,0.536,-92.412,9.916,-66.397,-0.314,-0.418,0.94,-103.443,13.031,-17.71,-0.293,-0.52,1.122,-100.389,14.992,-25.511,0.328,-0.47,0.725,-1.137,15.275,2.733,arriba
1780982422.9926736,-0.881,-0.215,0.49,2.687,-4.496,-1.511,-0.725,-0.358,0.559,-8.305,-4.336,-4.13,-0.296,-0.435,0.875,-8.916,-0.389,-1.55,-0.26,-0.479,0.88,-2.076,1.42,-1.221,0.33,-0.466,0.718,0.107,4.817,-0.26,arriba
1780982423.0899684,-0.855,-0.218,0.494,-1.321,2.771,-0.527,-0.711,-0.378,0.534,-6.344,1.389,-0.779,-0.302,-0.44,0.866,0.87,-2.649,-0.397,-0.222,-0.477,0.912,1.183,4.87,-0.962,0.327,-0.462,0.709,-1.13,2.031,0.008,arriba
1780982423.192923,-0.854,-0.218,0.487,-0.58,1.443,-0.344,-0.704,-0.373,0.527,-6.878,-0.099,-0.809,-0.297,-0.441,0.868,-0.771,0.916,-0.489,-0.222,-0.477,0.91,1.145,6.901,-0.733,0.328,-0.463,0.702,-0.733,2.115,-0.13,arriba
1780982425.8709505,-0.854,-0.221,0.482,-1.015,1.847,-0.702,-0.702,-0.375,0.531,-6.458,0.382,-1.16,-0.293,-0.446,0.872,-0.29,0.061,-0.305,-0.222,-0.483,0.907,1.595,7.42,-0.733,0.321,-0.468,0.713,-0.55,2.542,-0.053,arriba
1780982425.9743934,-0.854,-0.219,0.483,-0.992,2.092,-0.824,-0.707,-0.379,0.534,-6.26,0.901,-0.481,-0.299,-0.445,0.862,-0.58,0.504,-0.099,-0.224,-0.483,0.906,1.527,7.191,-0.916,0.323,-0.469,0.722,-0.527,1.824,-0.069,arriba
1780982426.0768497,-0.857,-0.22,0.485,-0.763,1.0,-0.053,-0.706,-0.377,0.532,-6.397,0.412,-0.313,-0.29,-0.443,0.866,-0.458,0.176,0.328,-0.22,-0.481,0.91,1.573,7.962,0.145,0.317,-0.462,0.711,-0.45,2.802,0.206,arriba
1780982426.1927757,-0.86,-0.221,0.487,-1.099,1.489,-1.244,-0.709,-0.382,0.531,-6.573,0.626,0.145,-0.294,-0.445,0.863,-0.443,0.13,0.603,-0.222,-0.482,0.905,1.595,6.618,-0.489,0.323,-0.465,0.706,-0.55,2.115,-0.176,arriba
1780982426.28313,-0.857,-0.223,0.479,-0.504,2.237,-0.565,-0.714,-0.378,0.561,-7.13,0.748,-2.366,-0.284,-0.449,0.857,-0.55,-0.649,0.718,-0.234,-0.484,0.905,1.794,7.137,-0.626,0.33,-0.468,0.713,-0.763,1.908,-0.015,arriba
1780982426.3860724,-0.851,-0.213,0.485,-0.947,2.061,-0.656,-0.705,-0.382,0.539,-6.45,1.115,-0.527,-0.298,-0.443,0.868,-0.435,0.84,0.305,-0.223,-0.482,0.9,1.534,6.794,-0.58,0.32,-0.463,0.703,-1.0,1.725,-0.29,arriba
1780982426.489028,-0.856,-0.216,0.487,-0.786,0.519,-1.427,-0.704,-0.379,0.53,-6.29,0.305,-0.802,-0.292,-0.445,0.866,0.206,-0.328,0.0,-0.218,-0.482,0.908,1.412,6.809,-0.855,0.328,-0.465,0.708,-0.435,2.29,-0.191,arriba
1780982426.5921066,-0.852,-0.221,0.489,-0.473,0.031,-0.145,-0.699,-0.379,0.537,-6.0,0.832,-0.489,-0.293,-0.443,0.873,-0.313,0.031,0.015,-0.222,-0.484,0.909,1.748,7.466,-0.534,0.322,-0.469,0.712,-0.443,2.893,-0.038,arriba
1780982426.6950984,-0.861,-0.218,0.5,0.489,0.924,1.389,-0.712,-0.379,0.543,-4.198,0.733,2.489,-0.292,-0.44,0.878,1.855,3.656,2.504,-0.226,-0.487,0.912,3.534,11.863,1.115,0.328,-0.473,0.725,1.092,3.763,-0.344,arriba
1780982426.808375,-1.096,-0.263,0.677,53.679,-6.45,46.908,-0.862,-0.363,0.564,75.794,-19.26,45.168,-0.276,-0.444,1.015,89.435,-17.977,14.573,-0.286,-0.471,1.049,78.115,-11.542,16.641,0.31,-0.46,0.727,1.351,-13.359,-4.092,arriba
1780982426.909921,-0.906,-0.094,0.578,75.756,-24.855,68.702,-0.741,-0.195,0.539,95.878,-3.183,69.802,-0.33,-0.196,0.712,141.031,-5.267,19.084,-0.3,-0.217,0.766,132.947,0.847,22.71,0.349,-0.466,0.729,27.695,-29.16,1.496,arriba
1780982427.0109189,-0.768,0.07,0.602,32.45,-10.168,30.252,-0.638,0.003,0.614,29.924,3.885,24.244,-0.253,-0.024,0.878,49.29,5.977,6.053,-0.248,-0.081,0.924,58.214,7.267,6.725,0.365,-0.427,0.687,13.962,-3.046,-4.389,arriba
1780982427.1075878,-0.809,0.104,0.609,-0.427,3.023,-0.794,-0.709,0.014,0.631,-6.893,5.901,-0.985,-0.301,-0.004,0.942,1.29,4.053,-0.931,-0.209,-0.055,0.993,4.511,12.328,-1.458,0.364,-0.408,0.7,-0.687,2.229,-0.038,arriba
1780982427.210441,-0.819,0.11,0.54,-13.382,9.466,-14.366,-0.707,0.005,0.553,-27.443,9.74,-13.412,-0.301,-0.012,0.894,-23.748,2.947,-4.969,-0.233,-0.054,0.945,-25.779,10.725,-4.832,0.371,-0.402,0.681,-9.481,8.031,0.718,arriba
1780982427.324616,-0.841,0.043,0.523,-25.847,14.305,-27.191,-0.705,-0.061,0.558,-41.885,13.267,-26.443,-0.295,-0.081,0.817,-50.092,5.489,-10.931,-0.215,-0.12,0.893,-62.046,12.061,-17.473,0.352,-0.434,0.708,-9.099,13.58,0.687,arriba
1780982427.4279122,-1.031,-0.23,0.685,-100.45,58.038,-82.267,-0.957,-0.442,0.851,-96.023,39.84,-75.435,-0.389,-0.443,1.272,-73.321,26.756,-16.603,-0.286,-0.482,1.238,-61.878,28.427,-19.214,0.308,-0.455,0.703,2.374,17.58,4.603,arriba
1780982427.5251956,-0.782,-0.213,0.816,6.313,-9.573,-8.282,-0.741,-0.371,0.377,3.748,-16.412,-5.595,-0.673,-0.969,1.364,-108.084,-21.061,-39.145,-0.892,-1.241,2.0,-76.107,-55.985,-26.794,0.263,-0.419,0.838,-6.84,-9.626,-0.595,arriba
1780982427.6220489,-0.863,-0.215,0.498,-3.809,2.855,-2.664,-0.698,-0.372,0.531,-7.611,3.397,-1.565,-0.277,-0.44,0.874,1.611,4.84,0.473,-0.227,-0.473,0.914,1.176,2.489,-0.809,0.323,-0.457,0.713,-2.702,2.328,-0.504,arriba
1780982427.725064,-0.853,-0.215,0.48,-2.344,2.244,-1.473,-0.705,-0.381,0.533,-7.336,-0.466,-0.229,-0.296,-0.441,0.87,-1.221,1.74,0.42,-0.222,-0.485,0.907,1.328,6.573,-0.832,0.324,-0.459,0.714,-0.664,1.962,-0.435,arriba
1780982427.8423119,-0.86,-0.217,0.483,-2.229,1.069,-0.847,-0.715,-0.377,0.526,-6.794,-0.168,-0.756,-0.295,-0.446,0.87,-0.359,-0.718,-0.366,-0.215,-0.479,0.914,1.496,6.71,-0.389,0.332,-0.456,0.71,-0.924,2.969,-0.427,arriba
1780982430.5061874,-0.857,-0.227,0.473,-1.374,1.191,-1.42,-0.705,-0.382,0.522,-6.29,0.756,0.107,-0.291,-0.449,0.866,-0.282,-0.679,0.328,-0.22,-0.486,0.909,1.527,6.931,-0.809,0.327,-0.467,0.706,-0.908,2.153,-0.115,arriba
1780982430.6093416,-0.858,-0.228,0.475,-1.168,2.023,-0.519,-0.705,-0.387,0.526,-6.405,0.771,-0.779,-0.294,-0.45,0.864,-0.13,-0.443,-0.038,-0.219,-0.484,0.909,1.71,6.748,-1.053,0.325,-0.469,0.708,-0.55,2.115,-0.076,arriba
1780982430.7122617,-0.855,-0.218,0.473,-0.977,1.924,-1.084,-0.703,-0.388,0.528,-6.45,0.74,-0.87,-0.29,-0.45,0.864,-0.603,0.55,0.031,-0.218,-0.492,0.907,1.626,7.16,-1.0,0.33,-0.458,0.705,-0.458,2.305,-0.328,arriba
1780982430.8154082,-0.858,-0.225,0.473,-1.092,1.557,-1.099,-0.704,-0.386,0.529,-6.824,0.649,-0.214,-0.294,-0.451,0.867,-0.427,-0.427,0.008,-0.218,-0.488,0.911,1.496,6.824,-0.298,0.328,-0.468,0.706,-0.855,1.679,-0.168,arriba
1780982430.9235067,-0.859,-0.224,0.475,-0.641,1.031,-0.618,-0.705,-0.384,0.527,-6.511,0.534,-0.672,-0.286,-0.448,0.868,-0.366,0.015,0.427,-0.218,-0.493,0.902,1.557,7.595,-0.405,0.32,-0.467,0.713,-0.618,2.603,0.115,arriba
1780982431.0307221,-0.857,-0.223,0.465,-1.313,1.634,-1.183,-0.707,-0.389,0.53,-6.466,0.382,-0.527,-0.292,-0.448,0.863,-0.412,0.076,0.534,-0.217,-0.489,0.913,1.916,6.901,-0.015,0.324,-0.466,0.71,-0.496,2.374,-0.122,arriba
1780982431.1242647,-0.858,-0.22,0.477,-0.649,1.275,-0.687,-0.704,-0.381,0.521,-6.267,0.382,-1.099,-0.296,-0.451,0.865,-0.275,0.252,-0.038,-0.213,-0.486,0.919,1.916,8.878,0.542,0.328,-0.464,0.707,-0.168,3.427,0.206,arriba
1780982431.2466397,-0.862,-0.207,0.487,-0.107,4.084,0.847,-0.707,-0.39,0.539,-2.695,1.756,4.71,-0.309,-0.466,0.926,1.58,3.695,0.252,-0.199,-0.47,0.901,-5.092,-2.87,1.565,0.348,-0.485,0.739,2.015,10.557,2.557,arriba
1780982431.3306434,-0.986,-0.205,0.555,64.679,-25.084,57.679,-0.845,-0.329,0.578,84.824,-26.718,58.687,-0.35,-0.422,1.03,101.573,-41.29,25.878,-0.215,-0.496,1.099,89.489,-16.702,34.305,0.344,-0.458,0.712,4.626,-17.29,-2.13,arriba
1780982431.441492,-0.778,-0.038,0.541,56.305,-22.519,47.634,-0.663,-0.112,0.564,61.328,-5.084,39.725,-0.22,-0.133,0.823,79.809,-1.29,8.198,-0.183,-0.21,0.853,73.275,-0.252,14.115,0.339,-0.453,0.719,1.817,-4.427,3.771,arriba
1780982431.5383704,-0.787,0.066,0.523,14.924,0.13,14.405,-0.695,-0.032,0.601,10.046,5.046,12.298,-0.274,-0.057,0.957,30.611,6.397,5.786,-0.207,-0.136,0.988,44.901,7.588,9.756,0.371,-0.454,0.709,13.382,-2.351,-0.649,arriba
1780982431.6392913,-0.834,0.084,0.564,1.534,2.924,2.076,-0.704,-0.007,0.586,-5.099,6.794,-0.977,-0.299,-0.015,0.95,6.023,5.214,1.29,-0.238,-0.086,1.009,16.611,14.817,3.771,0.367,-0.433,0.705,1.695,1.893,-1.992,arriba
1780982431.742027,-0.829,0.067,0.538,-13.023,11.023,-15.29,-0.715,-0.044,0.594,-23.527,5.962,-15.214,-0.29,-0.044,0.953,-22.878,2.16,-7.328,-0.234,-0.1,0.99,-24.153,9.794,-10.611,0.357,-0.431,0.721,-11.954,9.672,-2.023,arriba
1780982431.8561635,-0.834,-0.01,0.545,-26.267,13.069,-26.374,-0.721,-0.106,0.613,-34.061,7.412,-21.557,-0.283,-0.106,0.939,-41.71,1.275,-12.344,-0.21,-0.161,0.893,-58.351,9.527,-20.031,0.355,-0.466,0.733,-10.29,11.13,1.397,arriba
1780982431.950635,-0.841,-0.049,0.491,-30.107,9.985,-30.504,-0.702,-0.146,0.54,-44.687,4.229,-27.687,-0.274,-0.181,0.843,-71.374,3.046,-16.252,-0.23,-0.302,0.942,-64.229,12.74,-16.275,0.328,-0.462,0.715,-3.038,10.679,0.229,arriba
1780982432.058859,-0.696,-0.205,0.35,-111.664,34.809,-102.282,-0.621,-0.39,0.448,-180.137,22.397,-115.45,-0.288,-0.62,0.808,-208.16,46.809,-20.618,-1.728,-1.416,2.0,9.427,-201.756,46.374,0.132,-0.406,0.91,-38.221,-1.0,-1.901,arriba
1780982432.1545563,-0.852,-0.226,0.502,-0.924,1.992,-1.481,-0.691,-0.385,0.572,-7.076,4.359,-0.855,-0.296,-0.458,0.855,1.038,8.939,1.45,-0.248,-0.492,0.893,5.26,2.664,0.382,0.313,-0.469,0.715,-0.206,-5.366,-1.16,arriba
1780982432.257717,-0.863,-0.223,0.473,-1.954,-2.366,-1.481,-0.707,-0.379,0.527,-5.656,0.137,-0.626,-0.291,-0.446,0.872,-0.397,-2.359,0.176,-0.22,-0.481,0.907,1.878,7.901,-0.382,0.322,-0.467,0.717,-0.687,4.42,-0.053,arriba
1780982432.3712032,-0.854,-0.225,0.49,-0.282,1.115,-0.183,-0.703,-0.377,0.546,-6.794,0.611,-0.542,-0.295,-0.446,0.86,-0.679,-0.267,0.779,-0.234,-0.486,0.899,1.588,7.427,-0.573,0.312,-0.465,0.708,-0.641,2.214,0.153,arriba
1780982432.4783587,-0.855,-0.22,0.482,-0.84,1.992,-1.313,-0.707,-0.38,0.525,-6.183,0.511,-0.328,-0.299,-0.449,0.86,-0.634,-0.206,0.305,-0.227,-0.485,0.906,1.481,6.489,-0.664,0.324,-0.464,0.706,-0.664,1.855,-0.29,arriba
1780982435.1415668,-0.853,-0.229,0.485,-1.145,1.489,-0.618,-0.7,-0.381,0.531,-6.466,0.618,-0.725,-0.295,-0.445,0.863,-0.298,0.069,-0.206,-0.229,-0.484,0.904,1.244,6.947,-0.511,0.32,-0.468,0.716,-1.046,2.084,-0.031,arriba
1780982435.2446568,-0.855,-0.23,0.485,-0.855,0.748,-1.168,-0.701,-0.38,0.538,-6.611,0.313,-0.542,-0.294,-0.448,0.867,-0.16,0.29,-0.137,-0.227,-0.484,0.908,1.641,6.679,-0.74,0.317,-0.465,0.713,-0.618,2.382,0.191,arriba
1780982435.3478155,-0.855,-0.226,0.496,-0.992,1.168,-1.366,-0.699,-0.383,0.535,-6.649,0.649,-0.603,-0.294,-0.452,0.864,-0.443,-0.412,0.527,-0.232,-0.49,0.904,1.496,7.718,-0.313,0.321,-0.465,0.716,-0.725,2.374,0.137,arriba
1780982435.4561083,-0.853,-0.226,0.487,-0.779,2.092,-0.519,-0.7,-0.382,0.542,-6.649,1.328,-0.115,-0.296,-0.448,0.87,-0.45,0.504,0.153,-0.226,-0.487,0.902,1.588,6.916,-0.656,0.317,-0.468,0.708,-0.588,2.557,0.183,arriba
1780982435.5539205,-0.853,-0.221,0.484,-0.565,1.313,-1.008,-0.698,-0.378,0.528,-6.679,0.924,-0.092,-0.296,-0.446,0.867,-0.214,0.29,0.55,-0.232,-0.488,0.898,1.565,7.588,-0.267,0.32,-0.467,0.705,-0.504,2.618,0.099,arriba
1780982435.6567426,-0.853,-0.225,0.48,-0.855,2.046,-0.695,-0.702,-0.384,0.529,-6.405,0.42,-0.565,-0.294,-0.449,0.866,-0.389,-0.847,0.466,-0.23,-0.487,0.9,1.511,6.634,-0.649,0.324,-0.467,0.712,-0.924,1.618,0.0,arriba
1780982435.7598112,-0.859,-0.229,0.484,-0.649,0.931,-0.023,-0.696,-0.381,0.532,-6.26,0.382,-0.924,-0.295,-0.446,0.866,-0.13,-0.542,0.015,-0.224,-0.486,0.896,1.435,6.771,-0.397,0.325,-0.467,0.717,-0.481,2.221,0.008,arriba
1780982435.8755872,-0.851,-0.223,0.488,-1.015,1.13,-1.405,-0.701,-0.382,0.534,-6.328,1.176,-0.275,-0.289,-0.45,0.866,-0.687,0.511,0.435,-0.228,-0.489,0.907,1.527,9.588,0.344,0.323,-0.47,0.716,-0.534,2.962,0.397,arriba
1780982435.9735725,-0.844,-0.221,0.492,2.908,6.229,1.74,-0.815,-0.536,1.035,55.053,3.916,29.992,-0.126,-0.559,1.174,95.473,-0.618,19.397,-0.246,-0.534,0.992,9.969,33.855,3.122,0.335,-0.459,0.698,2.977,0.313,1.71,arriba
1780982436.07312,-0.762,-0.136,0.463,66.885,-32.267,65.885,-0.655,-0.217,0.534,73.359,-17.382,59.748,-0.24,-0.274,0.936,106.931,-10.557,17.611,-0.172,-0.349,0.913,93.992,-1.641,22.58,0.333,-0.464,0.717,10.237,-9.542,0.198,arriba
1780982436.1717837,-0.803,0.003,0.506,34.649,-11.214,30.13,-0.656,-0.071,0.567,28.954,-5.664,24.198,-0.266,-0.093,0.89,42.786,-2.649,9.038,-0.219,-0.203,0.962,44.237,2.931,13.733,0.344,-0.441,0.727,9.176,-9.71,2.489,arriba
1780982436.274498,-0.821,0.054,0.55,12.939,2.374,13.893,-0.719,-0.043,0.601,8.038,4.16,12.504,-0.293,-0.04,0.944,27.58,6.748,9.779,-0.237,-0.125,0.991,45.412,6.382,14.634,0.374,-0.425,0.694,9.229,-3.71,-1.954,arriba
1780982436.3775275,-0.834,0.085,0.541,13.656,5.55,13.695,-0.72,0.005,0.55,7.069,7.733,11.786,-0.321,0.027,0.876,27.153,7.748,7.427,-0.252,-0.03,0.915,35.328,7.519,9.641,0.372,-0.394,0.68,8.237,-2.496,-4.214,arriba
1780982436.4908903,-0.832,0.11,0.53,-5.901,7.275,-7.031,-0.719,0.02,0.565,-18.573,6.336,-10.168,-0.304,0.039,0.892,-13.534,3.191,-1.237,-0.212,-0.029,0.985,-8.557,11.328,-2.427,0.382,-0.395,0.701,-4.702,5.481,0.611,arriba
1780982436.5907898,-0.831,0.061,0.542,-19.672,10.664,-19.802,-0.739,-0.038,0.583,-31.053,5.252,-19.931,-0.294,-0.011,0.928,-30.908,1.855,-7.763,-0.234,-0.069,0.954,-30.443,10.015,-10.183,0.365,-0.415,0.702,-9.771,9.779,1.878,arriba
1780982436.6865377,-0.906,-0.068,0.647,-30.802,11.656,-37.031,-0.836,-0.197,0.764,-37.275,4.718,-32.275,-0.334,-0.226,1.181,-40.107,3.542,-16.687,-0.295,-0.287,1.176,-30.115,14.13,-14.275,0.325,-0.472,0.754,-4.13,11.229,-1.282,arriba
1780982436.7897165,-0.74,-0.058,0.414,-57.382,17.168,-49.305,-0.605,-0.176,0.498,-82.947,4.855,-50.313,-0.229,-0.229,0.868,-113.573,9.603,-19.672,-0.185,-0.305,0.974,-111.252,14.176,-27.374,0.346,-0.44,0.697,-13.084,18.069,6.198,arriba
1780982436.8927639,-0.866,-0.181,0.404,-60.985,17.954,-53.176,-0.741,-0.366,0.537,-92.092,5.733,-55.153,-0.292,-0.422,0.873,-121.893,7.611,-10.939,-0.227,-0.452,0.887,-102.198,11.947,-20.771,0.309,-0.463,0.715,-6.611,8.74,0.771,arriba
1780982437.0090292,-0.859,-0.234,0.474,0.924,1.183,-2.0,-0.673,-0.401,0.588,-6.473,-0.42,-0.183,-0.308,-0.445,0.837,-2.023,0.374,0.855,-0.241,-0.492,0.869,0.855,4.267,0.168,0.319,-0.462,0.722,1.985,0.481,-0.076,arriba
1780982437.1100955,-0.869,-0.229,0.485,-0.046,2.473,0.435,-0.706,-0.381,0.527,-6.466,1.473,-0.916,-0.298,-0.441,0.865,-0.084,-4.962,-0.527,-0.229,-0.49,0.904,1.191,3.679,-0.824,0.326,-0.466,0.708,-1.031,3.809,0.275,arriba
1780982439.776629,-0.854,-0.231,0.48,-0.847,1.267,-0.908,-0.699,-0.384,0.528,-6.206,0.672,-0.481,-0.295,-0.452,0.861,0.0,-0.427,-0.305,-0.224,-0.491,0.901,1.42,7.061,-0.588,0.326,-0.466,0.706,-0.809,2.13,-0.092,arriba
1780982439.879877,-0.853,-0.231,0.479,-0.626,1.641,-0.779,-0.696,-0.386,0.534,-6.183,0.626,-0.718,-0.299,-0.452,0.857,-0.824,0.504,0.076,-0.228,-0.498,0.904,1.504,7.206,-0.885,0.323,-0.458,0.718,-0.611,2.031,-0.084,arriba
1780982439.9825428,-0.855,-0.231,0.485,-1.16,2.412,-0.595,-0.703,-0.385,0.531,-6.969,0.351,-0.626,-0.294,-0.456,0.858,0.153,-0.374,0.076,-0.228,-0.495,0.901,1.855,6.336,-0.733,0.321,-0.465,0.707,-0.84,1.832,-0.122,arriba
1780982440.0855837,-0.854,-0.235,0.479,-0.824,0.053,-1.504,-0.699,-0.385,0.533,-6.038,0.382,-0.122,-0.292,-0.454,0.864,-0.038,-0.618,0.756,-0.222,-0.496,0.904,1.893,7.794,-0.412,0.319,-0.466,0.708,-0.244,3.13,0.176,arriba
1780982440.1909642,-0.852,-0.233,0.479,-0.443,0.557,-0.55,-0.698,-0.386,0.532,-6.298,1.115,0.656,-0.293,-0.451,0.865,-0.443,0.779,0.939,-0.231,-0.494,0.896,1.824,7.977,-0.603,0.316,-0.463,0.711,-0.344,2.26,-0.221,arriba
1780982440.2920854,-0.86,-0.228,0.476,-0.229,1.977,-0.29,-0.7,-0.384,0.537,-6.267,1.519,0.26,-0.295,-0.455,0.865,-0.565,0.496,0.26,-0.228,-0.494,0.907,1.42,9.122,-0.023,0.327,-0.466,0.71,0.191,3.282,0.267,arriba
1780982440.4076378,-1.204,-0.387,0.932,39.718,6.473,31.092,-1.066,-0.556,0.872,60.802,-2.664,39.908,-0.381,-0.495,1.026,120.519,-8.237,4.664,-0.271,-0.568,1.077,113.435,2.489,25.603,0.295,-0.464,0.711,2.763,-10.939,-3.008,arriba
1780982440.509278,-0.807,-0.092,0.517,66.481,-21.458,65.847,-0.706,-0.193,0.605,80.519,-11.214,61.107,-0.257,-0.244,0.971,123.947,-4.748,18.664,-0.199,-0.3,1.042,114.656,6.076,31.817,0.35,-0.458,0.71,31.267,-17.626,0.725,arriba
1780982440.6113734,-0.776,0.08,0.507,17.588,-9.893,24.389,-0.657,0.002,0.531,14.359,-3.244,19.0,-0.256,-0.016,0.894,33.298,2.023,10.466,-0.199,-0.077,1.004,38.504,2.374,13.924,0.388,-0.402,0.712,9.595,-4.443,-2.046,arriba
1780982440.703954,-0.809,0.08,0.549,-15.565,6.618,-13.557,-0.742,-0.049,0.669,-20.008,5.397,-11.336,-0.287,-0.046,1.062,-10.679,3.603,-2.244,-0.242,-0.086,1.09,-5.985,11.305,-4.229,0.383,-0.417,0.74,-2.802,5.534,0.191,arriba
1780982440.8074276,-0.736,0.077,0.451,-35.634,14.374,-31.985,-0.673,-0.054,0.566,-53.359,16.275,-32.847,-0.25,-0.036,0.905,-45.809,5.267,-6.519,-0.189,-0.078,0.957,-43.26,17.985,-12.641,0.365,-0.407,0.712,-11.702,18.168,3.405,arriba
1780982440.9100642,-0.776,-0.061,0.4,-80.618,28.679,-72.55,-0.676,-0.193,0.516,-106.58,14.618,-65.107,-0.297,-0.198,0.878,-128.794,20.115,-25.893,-0.215,-0.27,0.934,-128.107,21.641,-33.473,0.354,-0.463,0.774,-25.069,20.954,3.389,arriba
1780982441.0232391,-0.826,-0.213,0.365,-68.626,21.061,-65.756,-0.625,-0.671,0.501,-102.443,15.305,-61.305,-0.612,-0.306,0.728,-130.885,19.214,-11.397,-0.191,-0.636,0.835,-116.71,-19.702,-40.695,0.314,-0.497,0.782,-16.183,1.023,-5.962,arriba
1780982441.123723,-0.845,-0.247,0.48,-4.275,-2.969,-0.237,-0.695,-0.405,0.524,-6.542,-1.061,-0.015,-0.299,-0.452,0.842,0.924,-4.069,-1.298,-0.209,-0.507,0.908,4.206,7.336,-1.168,0.323,-0.467,0.72,1.672,-0.901,-2.519,arriba
1780982441.2188818,-0.859,-0.237,0.482,-1.397,-0.443,-1.366,-0.699,-0.387,0.52,-5.519,-0.26,-0.298,-0.287,-0.453,0.863,-0.908,-3.641,-0.664,-0.222,-0.493,0.896,1.519,5.672,-0.992,0.323,-0.468,0.713,-2.008,3.878,-0.099,arriba
1780982441.3219943,-0.863,-0.219,0.479,-0.664,2.397,-1.344,-0.777,-0.28,0.483,-10.878,-1.908,4.313,-0.3,-0.437,0.865,-1.786,-6.023,-5.099,-0.225,-0.477,0.903,2.298,1.16,2.992,0.329,-0.458,0.715,-8.885,-1.702,5.084,arriba
1780982441.4248064,-0.857,-0.263,0.473,0.191,-5.092,1.344,-0.69,-0.414,0.532,-5.893,-6.13,2.366,-0.283,-0.492,0.884,0.58,-5.008,4.656,-0.21,-0.504,0.893,3.191,1.985,7.71,0.319,-0.493,0.694,-3.115,6.015,4.504,arriba
1780982441.5423224,-0.847,-0.253,0.487,0.672,0.16,1.603,-0.686,-0.388,0.542,-6.023,-0.87,2.153,-0.286,-0.448,0.864,0.634,-0.267,1.908,-0.241,-0.494,0.893,1.412,5.885,1.443,0.301,-0.497,0.711,1.603,3.29,7.573,arriba
1780982441.6403277,-0.848,-0.235,0.487,-4.145,1.321,3.473,-0.698,-0.391,0.545,-8.733,-1.824,3.092,-0.286,-0.452,0.869,-1.237,-2.145,2.58,-0.235,-0.49,0.895,1.244,3.412,1.71,0.302,-0.479,0.707,0.168,-0.26,0.802,arriba
1780982441.740124,-0.86,-0.221,0.491,-2.122,1.321,0.664,-0.696,-0.381,0.548,-6.931,0.008,0.489,-0.291,-0.445,0.868,-0.496,-0.664,0.26,-0.227,-0.486,0.903,1.672,6.847,-0.145,0.305,-0.479,0.706,0.153,2.496,2.038,arriba
1780982444.411916,-0.851,-0.202,0.492,-1.374,2.053,-0.496,-0.697,-0.367,0.548,-6.756,1.115,0.427,-0.29,-0.427,0.87,-0.214,0.351,0.786,-0.235,-0.474,0.91,1.504,6.985,-0.023,0.296,-0.478,0.715,0.031,2.626,0.168,arriba
1780982444.5148733,-0.857,-0.206,0.496,-0.702,1.496,-0.45,-0.701,-0.364,0.552,-6.809,0.756,-0.137,-0.292,-0.434,0.87,-0.382,-0.695,0.87,-0.236,-0.475,0.908,1.519,7.252,0.824,0.296,-0.476,0.719,-0.084,2.855,0.351,arriba
1780982444.6258695,-0.855,-0.2,0.496,-1.023,1.099,-1.229,-0.7,-0.363,0.548,-6.145,0.809,-0.634,-0.293,-0.433,0.881,-0.153,0.427,0.588,-0.236,-0.473,0.909,1.359,6.824,-0.321,0.292,-0.47,0.716,-0.511,2.649,0.122,arriba
1780982444.7265449,-0.853,-0.207,0.498,-0.679,1.603,-0.824,-0.695,-0.363,0.55,-6.198,0.695,-0.954,-0.293,-0.433,0.872,-0.046,-0.115,-0.275,-0.237,-0.47,0.909,1.611,6.878,-0.45,0.292,-0.479,0.712,-0.504,1.992,-0.252,arriba
1780982444.8243566,-0.855,-0.207,0.5,-0.87,1.611,-0.061,-0.699,-0.37,0.549,-6.435,0.565,0.168,-0.295,-0.431,0.873,0.015,0.328,0.229,-0.232,-0.472,0.905,2.397,7.435,0.084,0.295,-0.476,0.709,-0.198,2.794,-0.366,arriba
1780982444.9280577,-0.85,-0.204,0.496,-0.794,1.496,0.382,-0.698,-0.37,0.554,-6.771,0.198,1.603,-0.296,-0.426,0.874,3.382,4.641,2.008,-0.235,-0.471,0.916,3.565,9.389,0.29,0.296,-0.472,0.713,-0.527,2.313,0.244,arriba
1780982445.029991,-0.848,-0.207,0.511,1.298,4.336,0.198,-0.842,-1.064,0.847,41.076,-16.71,-44.366,-0.256,-0.448,0.972,2.84,4.214,3.718,-0.075,-0.394,1.1,43.863,22.924,9.779,0.278,-0.471,0.72,0.382,17.855,4.985,arriba
1780982445.1329908,-0.965,-0.094,0.407,61.229,-27.176,56.45,-0.77,-0.244,0.43,64.55,-10.718,55.763,-0.354,-0.245,0.726,87.107,-16.336,20.87,-0.281,-0.262,0.744,72.122,-9.718,12.534,0.297,-0.459,0.721,3.427,-23.885,-10.962,arriba
1780982445.239533,-0.806,-0.053,0.564,25.763,-3.427,22.672,-0.679,-0.142,0.596,28.229,-2.214,16.519,-0.276,-0.174,0.903,40.954,3.183,6.191,-0.279,-0.227,0.937,41.031,3.511,7.58,0.321,-0.453,0.73,5.695,-2.122,1.496,arriba
1780982445.3394463,-0.83,0.021,0.533,-2.023,-9.573,4.351,-0.71,-0.114,0.603,0.26,1.863,4.74,-0.278,-0.117,0.953,12.634,0.924,2.389,-0.252,-0.174,0.99,16.145,1.58,2.191,0.351,-0.445,0.71,-0.664,0.237,-1.901,arriba
1780982445.4431949,-0.795,-0.029,0.565,-13.748,7.031,-19.58,-0.701,-0.136,0.643,-20.221,3.107,-19.71,-0.281,-0.153,0.98,-18.962,5.29,-12.076,-0.243,-0.205,1.003,-21.0,13.656,-13.229,0.332,-0.458,0.719,-1.198,16.389,3.45,arriba
1780982445.548967,-0.744,-0.04,0.421,-37.924,12.206,-44.229,-0.65,-0.184,0.545,-62.855,5.527,-43.634,-0.244,-0.179,0.807,-87.832,5.115,-20.427,-0.216,-0.272,0.838,-100.71,17.611,-24.13,0.306,-0.451,0.728,-0.641,21.145,5.214,arriba
1780982445.6599686,-1.213,0.478,0.835,-19.977,10.626,-14.802,0.754,0.348,1.463,-8.168,-94.511,-37.061,-2.0,-2.0,2.0,-79.817,-193.893,-50.763,-1.138,-1.546,2.0,-33.969,-120.305,-11.031,0.287,-0.487,0.853,-3.092,-14.847,-3.565,arriba
1780982445.757526,-0.852,-0.206,0.506,-3.962,-3.763,-1.221,-0.693,-0.359,0.571,-7.023,0.824,-0.573,-0.302,-0.421,0.88,2.733,-1.847,-0.542,-0.249,-0.464,0.906,2.626,3.26,-2.076,0.284,-0.47,0.727,-0.695,-0.458,-0.55,arriba
1780982445.8540356,-0.846,-0.203,0.504,-1.618,0.595,-0.107,-0.699,-0.357,0.56,-6.695,0.42,0.557,-0.298,-0.42,0.874,-1.13,0.656,0.847,-0.242,-0.469,0.906,0.885,6.687,-0.069,0.279,-0.463,0.717,-0.168,5.733,0.107,arriba
1780982445.9568818,-0.849,-0.209,0.507,-0.893,2.252,-0.725,-0.696,-0.358,0.569,-6.901,0.527,0.237,-0.302,-0.423,0.883,-0.092,0.053,0.473,-0.251,-0.468,0.91,1.107,6.588,-0.244,0.276,-0.455,0.733,-0.504,1.412,-0.076,arriba
1780982446.0740929,-0.847,-0.205,0.505,-1.382,1.748,0.58,-0.701,-0.352,0.569,-6.55,0.565,-0.153,-0.309,-0.419,0.873,0.29,0.954,0.206,-0.247,-0.467,0.91,1.244,6.611,-1.206,0.263,-0.457,0.727,-0.992,1.565,0.084,arriba
1780982446.1783586,-0.851,-0.2,0.502,-0.84,1.557,0.023,-0.697,-0.36,0.56,-6.214,0.229,-0.58,-0.297,-0.424,0.869,0.458,-0.061,-0.435,-0.248,-0.463,0.901,1.458,6.206,-0.527,0.273,-0.458,0.732,0.374,2.901,-0.412,arriba
1780982446.273345,-0.855,-0.203,0.5,-0.733,1.832,-0.359,-0.694,-0.359,0.563,-6.489,0.802,0.038,-0.301,-0.42,0.88,-0.374,0.344,0.099,-0.249,-0.469,0.917,1.183,7.252,-0.16,0.265,-0.458,0.726,-0.481,2.595,0.359,arriba
1780982446.3689578,-0.849,-0.198,0.507,-1.221,1.534,-0.565,-0.701,-0.358,0.562,-6.656,1.015,-0.313,-0.307,-0.42,0.877,0.008,-0.359,0.237,-0.246,-0.469,0.909,1.542,6.962,-0.092,0.275,-0.454,0.722,-0.229,3.214,0.076,arriba
1780982449.0469422,-0.858,-0.197,0.503,-0.733,0.695,-1.374,-0.69,-0.356,0.563,-6.344,0.023,-0.634,-0.303,-0.417,0.878,-0.679,-0.29,0.13,-0.25,-0.47,0.91,1.702,6.542,-0.595,0.274,-0.458,0.729,-0.29,3.221,-0.252,arriba
1780982449.1562514,-0.849,-0.202,0.497,-0.595,2.122,-0.542,-0.693,-0.362,0.555,-6.855,0.947,-0.137,-0.303,-0.423,0.876,-0.206,0.344,0.252,-0.248,-0.474,0.909,1.656,7.656,-0.275,0.28,-0.454,0.721,-0.817,1.611,0.473,arriba
1780982449.261179,-0.854,-0.2,0.494,-1.244,1.908,-0.885,-0.691,-0.354,0.562,-6.26,0.977,-1.038,-0.308,-0.424,0.875,-0.061,0.031,-0.443,-0.25,-0.473,0.894,1.45,6.58,-0.527,0.276,-0.465,0.743,-0.733,2.206,-0.153,arriba
1780982449.3562882,-0.854,-0.197,0.499,-0.595,1.031,-1.58,-0.691,-0.358,0.562,-6.298,0.282,-0.817,-0.305,-0.423,0.874,-0.092,-0.542,-0.198,-0.249,-0.471,0.911,1.351,6.221,-1.183,0.277,-0.456,0.728,-0.504,2.435,-0.191,arriba
1780982449.4625313,-0.85,-0.2,0.498,-1.168,1.725,0.305,-0.696,-0.355,0.562,-6.702,1.053,0.557,-0.306,-0.424,0.871,-0.366,0.595,0.679,-0.249,-0.466,0.904,1.794,7.924,-0.076,0.28,-0.463,0.712,-0.901,1.626,0.061,arriba
1780982449.562097,-0.848,-0.198,0.498,-0.977,1.443,-0.634,-0.696,-0.355,0.562,-6.069,0.618,-0.122,-0.302,-0.425,0.88,-0.282,-0.603,0.26,-0.25,-0.47,0.905,2.183,6.725,0.023,0.27,-0.458,0.727,0.481,3.847,-0.443,arriba
1780982449.6648052,-0.861,-0.201,0.502,0.008,-0.244,-0.863,-0.691,-0.354,0.555,-3.786,-1.893,-0.802,-0.305,-0.424,0.876,2.046,-3.954,-1.603,-0.247,-0.47,0.905,3.55,1.74,-2.405,0.277,-0.466,0.73,-1.153,0.504,-1.771,arriba
1780982449.7727587,-0.849,-0.205,0.494,-0.649,0.137,0.16,-0.693,-0.36,0.57,-5.595,0.038,-0.55,-0.307,-0.422,0.881,2.16,0.779,0.435,-0.249,-0.469,0.921,2.786,7.916,0.099,0.276,-0.457,0.724,-0.748,1.634,-0.092,arriba
1780982449.8793762,-0.848,-0.204,0.509,0.588,3.099,1.695,-0.704,-0.355,0.572,-2.885,1.061,2.061,-0.442,-0.563,1.372,62.305,8.0,26.137,-0.295,-0.594,1.116,27.344,20.336,22.802,0.212,-0.474,0.745,-0.893,7.397,-2.71,arriba
1780982449.9744382,-0.931,-0.228,0.634,59.878,-17.076,47.305,-0.795,-0.313,0.533,71.901,-10.405,48.687,-0.409,-0.31,0.943,101.443,-14.695,14.947,-0.35,-0.365,1.009,96.275,-12.053,23.405,0.256,-0.457,0.727,0.992,-18.0,-5.504,arriba
1780982450.0891595,-0.803,-0.044,0.511,47.336,-27.137,52.344,-0.702,-0.153,0.63,58.573,-15.298,48.809,-0.293,-0.126,0.995,82.748,-8.771,20.115,-0.247,-0.192,1.102,92.931,-10.618,28.656,0.3,-0.445,0.72,18.779,-20.053,6.504,arriba
1780982450.193281,-0.773,0.126,0.483,29.641,-21.466,45.496,-0.691,-0.011,0.647,40.557,-15.565,49.099,-0.247,0.02,1.078,71.366,0.511,25.824,-0.255,-0.004,1.059,100.191,-5.855,27.359,0.37,-0.432,0.751,23.847,-19.756,-3.924,arriba
1780982450.29263,-0.788,0.198,0.602,27.336,-3.954,35.702,-0.668,0.142,0.634,27.664,-0.16,35.214,-0.255,0.22,0.865,48.191,0.901,17.695,-0.179,0.237,0.958,65.466,-7.573,20.786,0.398,-0.357,0.729,23.427,-22.908,-11.053,arriba
1780982450.3864753,-0.748,0.243,0.591,5.466,0.595,7.885,-0.675,0.199,0.62,-1.427,0.542,3.634,-0.289,0.224,0.957,10.122,3.214,3.397,-0.19,0.219,1.014,25.588,2.481,5.382,0.439,-0.36,0.765,8.962,-5.069,-4.656,arriba
1780982450.489309,-0.769,0.251,0.61,-4.038,1.328,-3.084,-0.692,0.191,0.641,-7.595,0.221,-2.977,-0.283,0.235,0.943,-3.397,0.42,-1.725,-0.199,0.272,1.002,0.153,7.985,-1.107,0.427,-0.323,0.719,-2.985,3.786,-0.45,arriba
1780982450.603248,-0.751,0.253,0.568,-4.947,-0.908,-5.992,-0.688,0.184,0.633,-11.977,-0.061,-6.901,-0.293,0.23,0.943,-12.153,-1.84,-3.038,-0.186,0.25,1.049,-7.45,6.191,-1.176,0.43,-0.342,0.74,-6.74,4.13,1.824,arriba
1780982450.704547,-0.779,0.243,0.583,-3.679,-0.55,-5.359,-0.692,0.17,0.607,-12.405,-4.008,-7.298,-0.284,0.218,0.926,-15.527,-4.214,-2.725,-0.187,0.256,0.999,-12.29,7.0,-1.26,0.44,-0.346,0.725,-8.756,5.389,1.427,arriba
1780982450.807191,-0.752,0.217,0.565,-18.954,4.198,-26.542,-0.664,0.137,0.611,-31.71,-2.313,-29.855,-0.264,0.18,0.895,-49.092,-5.405,-15.305,-0.181,0.21,0.912,-57.641,18.748,-16.023,0.402,-0.365,0.696,-26.122,15.252,2.695,arriba
1780982450.906633,-0.787,0.145,0.55,-27.145,12.405,-37.832,-0.678,0.045,0.605,-49.58,-0.328,-41.489,-0.266,0.102,0.789,-73.618,-7.374,-20.374,-0.174,0.115,0.823,-100.626,12.092,-36.115,0.376,-0.398,0.712,-21.687,14.031,8.527,arriba
1780982451.0047193,-0.866,0.022,0.608,-33.771,21.863,-47.985,-0.753,-0.107,0.652,-54.519,12.71,-44.626,-0.293,-0.085,0.891,-75.229,14.0,-26.321,-0.249,-0.1,0.859,-101.618,20.038,-40.237,0.333,-0.426,0.729,-2.611,18.42,5.618,arriba
1780982453.6905656,-0.845,-0.215,0.51,-1.183,2.267,-0.008,-0.681,-0.363,0.575,-6.74,0.863,0.092,-0.286,-0.423,0.879,-0.031,0.275,0.13,-0.258,-0.466,0.906,1.58,7.947,0.183,0.273,-0.44,0.733,-0.916,1.55,0.374,arriba
1780982453.791405,-0.842,-0.209,0.512,-0.595,0.847,-0.817,-0.678,-0.362,0.577,-6.504,0.321,-0.397,-0.285,-0.418,0.875,-0.275,-0.71,0.252,-0.256,-0.463,0.91,2.076,7.237,0.153,0.282,-0.44,0.736,0.229,4.573,-0.634,arriba
1780982453.8882575,-0.842,-0.214,0.514,-0.969,0.71,-2.069,-0.68,-0.366,0.581,-5.992,0.176,-0.634,-0.288,-0.418,0.881,-0.359,-0.237,-0.351,-0.252,-0.463,0.914,1.664,6.221,-0.824,0.281,-0.443,0.736,-0.45,2.45,0.038,arriba
1780982453.9915035,-0.845,-0.213,0.512,-0.672,2.397,0.061,-0.681,-0.359,0.573,-6.603,0.504,-0.916,-0.288,-0.423,0.885,-0.29,0.344,0.534,-0.257,-0.464,0.909,1.214,7.344,-0.802,0.275,-0.445,0.739,-1.153,0.519,0.237,arriba
1780982454.1061654,-0.843,-0.212,0.508,-0.847,1.359,-1.458,-0.677,-0.362,0.568,-5.954,0.374,-0.985,-0.289,-0.421,0.883,-0.237,-0.511,0.191,-0.254,-0.465,0.906,1.985,6.618,-0.42,0.275,-0.441,0.732,-0.191,3.45,-0.672,arriba
1780982454.197184,-0.841,-0.217,0.513,-0.511,0.29,-1.466,-0.676,-0.361,0.577,-5.733,0.366,-0.084,-0.288,-0.417,0.88,0.176,-0.29,-0.023,-0.255,-0.464,0.911,1.832,6.916,-0.55,0.272,-0.438,0.74,-0.641,2.244,-0.038,arriba
1780982454.30548,-0.847,-0.213,0.511,-0.733,0.901,-0.076,-0.677,-0.358,0.574,-6.519,0.511,0.13,-0.283,-0.421,0.89,0.237,0.58,-0.336,-0.258,-0.462,0.909,1.489,7.74,-1.168,0.281,-0.442,0.736,-0.939,1.336,0.344,arriba
1780982454.4051166,-0.849,-0.212,0.513,-0.679,0.122,-0.618,-0.683,-0.354,0.579,-5.641,0.71,0.405,-0.29,-0.419,0.884,1.504,0.458,0.214,-0.253,-0.466,0.915,1.565,9.305,0.053,0.273,-0.442,0.743,-0.214,4.626,-0.229,arriba
1780982454.5066974,-0.842,-0.214,0.52,-0.496,5.878,3.435,-0.649,-0.334,0.595,-5.824,-0.244,1.527,-0.201,-0.427,0.944,58.382,13.748,28.55,-0.309,-0.488,1.031,48.382,19.137,17.076,0.276,-0.442,0.746,1.664,-0.87,0.321,arriba
1780982454.60938,-0.902,-0.215,0.558,23.351,2.405,23.305,-0.745,-0.329,0.59,35.198,3.679,24.176,-0.373,-0.329,0.909,57.466,-5.183,11.992,-0.302,-0.373,0.96,65.267,6.565,18.595,0.265,-0.428,0.727,1.282,2.863,-2.191,arriba
1780982454.7226453,-0.815,-0.143,0.522,16.099,-4.786,18.595,-0.704,-0.241,0.581,18.061,-1.542,15.901,-0.305,-0.253,0.945,30.16,2.267,7.305,-0.266,-0.281,0.979,36.168,6.176,10.489,0.358,-0.427,0.709,-2.122,3.473,-8.824,arriba
1780982454.8239129,-0.816,-0.099,0.539,11.718,-7.229,15.267,-0.685,-0.188,0.595,12.55,-6.595,12.282,-0.266,-0.17,0.904,18.115,-4.725,1.832,-0.248,-0.213,0.994,18.137,3.076,0.634,0.316,-0.436,0.722,-3.084,-2.351,-4.832,arriba
1780982454.9190352,-0.831,-0.021,0.462,5.076,3.534,0.588,-0.712,-0.131,0.491,-5.351,-0.725,-1.763,-0.33,-0.145,0.896,-4.573,-0.985,0.137,-0.277,-0.193,0.992,-3.481,6.939,0.656,0.315,-0.444,0.721,-3.115,2.939,1.321,arriba
1780982455.021273,-0.878,-0.065,0.544,-3.29,1.603,-2.298,-0.74,-0.175,0.596,-8.618,-0.87,-1.389,-0.319,-0.174,0.936,-3.366,-1.779,-0.511,-0.267,-0.199,0.974,-3.221,5.061,-1.229,0.315,-0.438,0.73,-1.405,1.756,0.008,arriba
1780982455.1246045,-0.876,-0.082,0.549,0.015,4.16,-4.664,-0.745,-0.193,0.62,-5.74,2.084,-4.282,-0.325,-0.186,0.955,-1.588,0.794,-3.443,-0.286,-0.217,0.985,0.076,7.511,-3.847,0.308,-0.44,0.735,-1.023,2.534,0.733,arriba
1780982455.2380733,-0.851,-0.071,0.508,-5.107,4.55,-9.069,-0.725,-0.197,0.588,-13.985,2.206,-7.313,-0.336,-0.205,0.945,-11.962,2.267,-2.023,-0.289,-0.234,0.99,-8.069,10.687,-2.794,0.301,-0.443,0.73,0.557,7.84,0.473,arriba
1780982455.3373578,-0.826,-0.103,0.507,-14.916,3.756,-17.305,-0.671,-0.205,0.559,-29.916,-1.481,-16.969,-0.292,-0.215,0.863,-43.107,1.809,-11.481,-0.273,-0.25,0.937,-45.229,9.092,-16.176,0.3,-0.444,0.739,-1.084,8.038,2.626,arriba
1780982455.4407368,-0.913,-0.156,0.548,-1.863,4.221,-8.939,-0.759,-0.288,0.594,-10.023,1.947,-7.321,-0.365,-0.308,0.902,-9.992,1.649,-5.336,-0.304,-0.324,0.917,-11.84,6.427,-6.756,0.281,-0.436,0.734,-1.687,2.855,0.458,arriba
1780982455.5367472,-0.747,-0.162,0.383,-62.695,25.42,-61.26,-0.63,-0.326,0.447,-107.061,3.282,-64.504,-0.325,-0.403,0.741,-134.519,15.115,-16.015,-0.494,-0.682,0.954,-98.405,-31.443,-43.115,0.229,-0.432,0.813,-23.992,-7.298,-4.626,arriba
1780982455.639481,-0.846,-0.226,0.502,-4.29,-6.733,-3.573,-0.689,-0.365,0.592,-6.71,-5.092,-2.099,-0.285,-0.426,0.879,-0.427,-8.763,-1.504,-0.226,-0.476,0.935,4.641,9.595,-1.267,0.269,-0.44,0.736,0.992,-5.031,-0.435,arriba
1780982458.3251593,-0.85,-0.215,0.513,-1.458,1.42,-1.16,-0.677,-0.358,0.581,-6.664,0.473,-1.252,-0.294,-0.421,0.885,-0.229,0.588,0.107,-0.259,-0.476,0.899,1.061,7.672,-0.695,0.278,-0.447,0.732,-0.771,1.992,-0.122,arriba
1780982458.420741,-0.848,-0.215,0.512,-0.504,1.092,-1.641,-0.68,-0.358,0.574,-6.053,0.084,-0.908,-0.292,-0.426,0.88,-0.687,-0.145,0.336,-0.26,-0.468,0.9,1.756,5.962,-0.947,0.275,-0.438,0.735,-0.29,3.26,-0.641,arriba
1780982458.5233607,-0.841,-0.214,0.508,-1.557,1.763,0.183,-0.683,-0.368,0.577,-6.382,0.962,0.0,-0.289,-0.424,0.885,-0.336,0.389,0.397,-0.256,-0.466,0.913,1.382,7.863,-0.412,0.276,-0.443,0.737,-0.969,1.137,0.397,arriba
1780982458.6268868,-0.849,-0.215,0.511,-0.931,1.229,-1.069,-0.683,-0.36,0.568,-6.336,0.71,-0.206,-0.289,-0.421,0.877,0.008,-0.336,0.023,-0.259,-0.472,0.907,1.473,6.282,-0.84,0.271,-0.45,0.733,0.26,4.351,-0.412,arriba
1780982458.7296326,-0.842,-0.212,0.51,-0.58,0.565,-1.74,-0.681,-0.36,0.579,-6.038,0.107,-0.702,-0.29,-0.425,0.881,-0.565,0.061,-0.809,-0.258,-0.468,0.907,1.725,6.771,-0.481,0.27,-0.45,0.741,-0.282,3.0,0.13,arriba
1780982458.8332615,-0.843,-0.214,0.506,-0.954,2.145,0.725,-0.676,-0.36,0.574,-6.458,1.092,-0.237,-0.297,-0.421,0.884,0.229,0.656,0.29,-0.263,-0.469,0.911,1.481,7.618,-0.084,0.269,-0.45,0.742,-0.908,1.061,0.374,arriba
1780982458.9380488,-0.843,-0.214,0.51,-0.405,1.244,-0.504,-0.679,-0.364,0.574,-5.931,1.244,-0.71,-0.297,-0.422,0.882,1.061,1.366,1.786,-0.26,-0.473,0.896,2.557,7.931,0.069,0.273,-0.445,0.735,0.321,5.641,-0.84,arriba
1780982459.0391617,-0.845,-0.212,0.509,-0.573,0.87,-0.412,-0.676,-0.349,0.585,-4.427,5.427,0.389,-0.333,-0.429,0.889,2.435,2.649,-0.817,-0.175,-0.427,0.886,17.29,12.435,15.198,0.281,-0.445,0.73,-0.137,0.405,0.328,arriba
1780982459.1544886,-0.989,-0.241,0.604,23.84,-7.176,24.389,-0.828,-0.447,0.803,54.092,-8.885,29.313,-0.326,-0.471,1.192,83.969,-10.901,18.275,-0.347,-0.489,1.14,100.679,0.069,31.733,0.306,-0.471,0.758,-5.206,-19.58,-8.267,arriba
1780982459.2445955,-0.591,-0.001,0.333,49.313,-37.588,67.748,-0.449,-0.055,0.461,53.397,-17.382,56.107,-0.131,-0.033,0.735,72.214,-1.519,22.489,-0.095,-0.089,0.934,70.252,-4.305,25.504,0.274,-0.368,0.917,7.679,4.351,0.412,arriba
1780982459.3567286,-0.789,0.089,0.512,20.046,2.527,21.763,-0.681,-0.007,0.592,18.626,2.29,22.0,-0.31,-0.011,1.0,35.71,2.725,8.45,-0.248,-0.055,1.112,50.687,-0.023,15.664,0.361,-0.438,0.734,3.527,-9.153,-1.931,arriba
1780982459.4507267,-0.773,0.113,0.554,15.947,4.687,13.244,-0.666,0.028,0.641,10.198,9.405,11.511,-0.301,0.045,0.98,25.42,5.084,1.58,-0.227,0.058,1.016,38.878,6.26,3.107,0.402,-0.404,0.769,7.206,-2.947,-12.756,arriba
1780982459.5537863,-0.815,0.153,0.562,5.641,1.191,15.298,-0.677,0.09,0.607,3.649,1.443,14.855,-0.291,0.126,0.906,14.504,-1.328,9.137,-0.219,0.143,0.968,16.603,-2.351,5.634,0.386,-0.384,0.735,11.282,-5.069,-1.985,arriba
1780982459.6566296,-0.822,0.161,0.583,2.534,4.687,3.351,-0.71,0.067,0.636,-3.443,2.969,1.779,-0.32,0.126,0.941,4.71,1.221,0.969,-0.238,0.131,0.99,8.679,6.519,-0.863,0.378,-0.36,0.713,1.511,-1.145,-1.611,arriba
1780982459.7704504,-0.786,0.177,0.543,-1.267,5.366,-8.122,-0.689,0.097,0.578,-13.603,3.718,-9.664,-0.323,0.13,0.887,-14.939,2.267,-5.756,-0.246,0.145,0.962,-11.969,11.344,-6.45,0.37,-0.357,0.718,-5.588,7.336,1.168,arriba
1780982459.8722441,-0.81,0.117,0.576,-27.534,8.969,-30.076,-0.695,0.033,0.629,-38.534,-2.847,-31.466,-0.285,0.049,0.934,-54.26,-2.649,-16.809,-0.201,0.095,0.881,-64.496,11.794,-26.099,0.383,-0.387,0.699,-20.992,18.237,3.748,arriba
1780982459.9704683,-0.853,-0.042,0.68,-46.664,15.344,-62.0,-0.732,-0.164,0.739,-69.962,15.702,-57.275,-0.351,-0.229,1.112,-78.473,19.0,-32.244,-0.323,-0.224,1.089,-71.374,26.649,-31.931,0.32,-0.431,0.718,3.969,34.298,7.458,arriba
1780982460.068859,-0.91,-0.129,0.599,-38.0,10.947,-38.489,-0.775,-0.266,0.653,-49.412,6.153,-29.443,-0.335,-0.317,0.997,-43.634,0.305,-13.42,-0.303,-0.328,1.007,-46.71,12.137,-14.901,0.298,-0.431,0.744,1.107,11.679,1.626,arriba
1780982460.1718078,-0.911,-0.189,0.562,-14.053,6.855,-14.939,-0.771,-0.337,0.623,-20.031,3.519,-11.015,-0.34,-0.38,0.975,-15.015,1.71,-2.481,-0.304,-0.396,0.983,-10.679,7.947,-3.397,0.281,-0.441,0.732,-0.84,1.809,0.656,arriba
1780982460.2899954,-0.836,-0.197,0.527,-7.328,3.771,-8.267,-0.711,-0.339,0.618,-13.42,1.595,-7.58,-0.306,-0.391,0.957,-10.588,2.321,-3.069,-0.279,-0.413,0.97,-6.573,10.076,-2.916,0.28,-0.437,0.729,-0.656,5.305,1.29,arriba
1780982462.9567707,-0.846,-0.216,0.513,-1.275,1.374,-0.473,-0.682,-0.371,0.575,-6.374,0.809,-0.214,-0.291,-0.431,0.88,-0.382,-0.137,0.13,-0.254,-0.472,0.907,1.13,6.748,-1.168,0.275,-0.439,0.738,-0.634,2.374,-0.099,arriba
1780982463.0561202,-0.841,-0.219,0.517,-0.763,0.901,-0.702,-0.682,-0.369,0.57,-6.695,0.611,-0.611,-0.289,-0.429,0.875,-0.031,-0.046,-0.176,-0.25,-0.478,0.904,1.458,7.481,-0.214,0.28,-0.439,0.735,-0.237,2.786,0.107,arriba
1780982463.1588902,-0.844,-0.216,0.511,-0.84,1.038,-1.221,-0.684,-0.364,0.566,-6.496,0.389,-0.618,-0.286,-0.431,0.876,-0.229,0.336,-0.252,-0.255,-0.475,0.902,1.71,7.069,-0.763,0.275,-0.446,0.742,-0.588,2.443,-0.099,arriba
1780982463.2620685,-0.846,-0.218,0.512,-0.679,1.824,-0.42,-0.678,-0.368,0.568,-6.634,0.489,-0.55,-0.293,-0.426,0.884,-0.115,0.137,0.031,-0.254,-0.475,0.898,1.817,6.45,-0.573,0.276,-0.436,0.739,-0.58,2.672,-0.008,arriba
1780982463.371377,-0.844,-0.215,0.515,-0.641,1.061,-0.847,-0.681,-0.368,0.571,-6.298,0.511,-0.305,-0.287,-0.432,0.882,0.534,0.015,0.763,-0.247,-0.476,0.907,2.13,7.351,0.511,0.271,-0.437,0.735,-0.275,4.107,0.015,arriba
1780982463.468306,-0.843,-0.22,0.51,-0.969,1.611,-0.763,-0.681,-0.365,0.561,-4.725,0.947,0.695,-0.28,-0.431,0.897,0.405,2.305,1.397,-0.252,-0.471,0.916,2.863,6.679,0.763,0.271,-0.44,0.734,-0.931,-0.557,0.313,arriba
1780982463.5712476,-1.091,0.042,0.426,-19.687,47.71,8.168,-0.72,-0.382,0.551,26.855,20.26,28.893,-0.458,-0.369,0.913,66.473,-6.87,6.176,-0.293,-0.457,0.879,61.015,1.809,21.206,0.273,-0.434,0.734,-1.992,-9.939,-5.107,arriba
1780982463.6869648,-0.889,-0.16,0.563,55.74,-8.885,51.603,-0.728,-0.263,0.584,73.092,1.565,48.031,-0.318,-0.264,0.913,98.511,-5.427,17.863,-0.286,-0.321,0.972,99.069,1.412,23.267,0.277,-0.425,0.738,10.153,-12.695,-8.267,arriba
1780982463.7902474,-0.813,-0.005,0.519,40.672,-13.053,44.214,-0.673,-0.095,0.583,48.473,-5.092,39.221,-0.223,-0.057,0.835,61.779,1.466,16.534,-0.217,-0.116,0.936,70.015,-1.901,18.55,0.348,-0.412,0.724,6.282,-11.565,-3.954,arriba
1780982463.8858438,-0.802,0.117,0.484,72.519,-24.069,37.595,-0.73,0.006,0.578,46.542,-9.74,29.618,-0.353,0.004,0.897,49.855,0.0,9.313,-0.264,-0.012,0.932,55.145,-1.611,14.664,0.34,-0.369,0.688,12.588,-10.382,-1.679,arriba
1780982463.9865577,-0.742,0.191,0.518,15.901,3.702,13.504,-0.641,0.097,0.551,5.542,6.901,11.076,-0.293,0.093,0.87,18.992,9.099,7.221,-0.23,0.068,0.947,26.656,10.863,6.809,0.346,-0.341,0.694,8.122,0.641,-0.992,arriba
1780982464.0861363,-0.81,0.172,0.586,-0.595,6.328,-1.244,-0.711,0.065,0.66,-6.962,4.679,-1.214,-0.312,0.074,0.966,4.58,2.557,1.718,-0.247,0.072,1.02,5.71,7.176,0.069,0.351,-0.368,0.733,1.137,0.878,-1.832,arriba
1780982464.20142,-0.813,0.152,0.611,-6.122,3.267,-6.931,-0.719,0.059,0.661,-10.443,4.053,-6.435,-0.312,0.063,0.975,-5.763,3.031,-3.908,-0.262,0.057,1.015,-5.0,10.45,-4.435,0.355,-0.364,0.721,-1.58,6.275,-0.641,arriba
1780982464.30406,-0.765,0.15,0.541,-21.344,7.374,-22.206,-0.653,0.052,0.601,-33.718,1.473,-22.557,-0.266,0.048,0.902,-39.191,2.29,-11.031,-0.229,0.04,0.964,-41.931,13.702,-16.015,0.354,-0.383,0.723,-17.565,16.137,0.977,arriba
1780982464.4046721,-0.867,0.002,0.651,-51.053,12.656,-52.206,-0.718,-0.129,0.779,-54.145,6.626,-44.718,-0.294,-0.19,1.238,-67.13,7.847,-24.885,-0.319,-0.25,1.295,-51.443,23.183,-24.649,0.334,-0.451,0.761,-7.046,22.061,4.931,arriba
1780982464.5082295,-0.764,-0.015,0.467,-47.855,7.992,-42.771,-0.647,-0.155,0.511,-77.878,-3.824,-43.099,-0.267,-0.245,1.022,-97.275,-6.832,-21.565,-0.227,-0.303,1.071,-116.725,13.282,-35.466,0.316,-0.434,0.751,-6.519,16.496,2.847,arriba
1780982464.600995,-0.759,-0.077,0.35,-49.588,15.611,-47.458,-0.594,-0.205,0.323,-94.695,21.023,-41.473,-0.295,-0.215,0.535,-102.84,6.122,-11.16,-0.235,-0.288,0.69,-92.939,10.351,-21.55,0.28,-0.424,0.74,-4.183,12.649,0.191,arriba
1780982464.7041354,-0.835,-0.229,0.515,3.13,10.389,3.168,-0.671,-0.364,0.593,-5.389,8.168,4.076,-0.305,-0.408,0.859,-0.504,3.237,-0.115,-0.089,-0.473,0.847,-2.977,5.71,-1.992,0.298,-0.429,0.698,-9.405,11.504,0.542,arriba
1780982464.8192253,-0.839,-0.22,0.513,-1.023,-2.206,-1.969,-0.676,-0.363,0.574,-7.13,-2.863,-1.13,-0.291,-0.428,0.885,-1.481,2.916,0.473,-0.256,-0.466,0.9,2.58,10.618,0.038,0.264,-0.436,0.742,0.252,0.328,-0.389,arriba
1780982464.9196465,-0.846,-0.218,0.509,-1.038,1.061,-0.42,-0.683,-0.366,0.56,-6.107,0.802,-0.603,-0.296,-0.422,0.881,0.061,-1.947,-0.71,-0.248,-0.465,0.908,0.893,5.885,-1.076,0.274,-0.435,0.749,-0.786,3.618,0.053,arriba
1780982467.588946,-0.84,-0.221,0.514,-1.015,1.443,-0.664,-0.69,-0.368,0.571,-6.336,0.649,-0.672,-0.292,-0.427,0.882,-0.366,0.076,0.153,-0.251,-0.473,0.918,1.656,6.802,-0.458,0.276,-0.443,0.739,-0.649,2.344,-0.031,arriba
1780982467.6911905,-0.845,-0.221,0.508,-0.58,1.702,-1.145,-0.685,-0.371,0.564,-6.641,0.397,-0.794,-0.294,-0.427,0.874,-0.145,0.145,0.481,-0.253,-0.476,0.907,1.618,6.947,-0.45,0.274,-0.441,0.733,-0.603,1.931,0.038,arriba
1780982467.8059833,-0.843,-0.216,0.51,-1.351,1.573,-0.695,-0.687,-0.365,0.562,-6.107,0.824,-0.305,-0.293,-0.427,0.881,-0.382,-0.137,0.221,-0.252,-0.473,0.902,1.664,6.809,-0.527,0.274,-0.443,0.738,-0.557,2.802,-0.214,arriba
1780982467.9059553,-0.841,-0.218,0.512,-0.733,0.885,-1.71,-0.681,-0.368,0.568,-6.389,1.008,-0.588,-0.284,-0.432,0.873,-0.191,-0.611,-0.42,-0.25,-0.472,0.905,1.267,7.115,-0.191,0.274,-0.44,0.741,-0.466,2.42,0.107,arriba
1780982468.0044622,-0.843,-0.216,0.512,-0.786,1.275,-0.679,-0.681,-0.368,0.571,-6.443,0.573,-0.359,-0.293,-0.426,0.878,-0.313,0.534,-0.412,-0.25,-0.472,0.903,1.489,6.954,-0.298,0.274,-0.44,0.737,-0.718,2.206,-0.084,arriba
1780982468.1032553,-0.842,-0.22,0.513,-0.802,1.29,-0.588,-0.684,-0.365,0.562,-6.427,1.038,-0.168,-0.293,-0.431,0.892,0.046,-1.107,-0.397,-0.253,-0.469,0.909,1.412,6.771,-0.58,0.273,-0.441,0.735,-0.656,2.359,0.038,arriba
1780982468.2232587,-0.843,-0.224,0.507,-0.947,1.443,-1.466,-0.69,-0.368,0.569,-6.443,0.458,-0.336,-0.287,-0.426,0.87,0.069,-0.275,0.374,-0.25,-0.472,0.908,1.603,7.145,-0.298,0.276,-0.439,0.74,-0.466,2.427,-0.061,arriba
1780982468.3202908,-0.84,-0.223,0.512,-1.237,1.809,-0.656,-0.681,-0.37,0.564,-6.496,0.511,-0.702,-0.29,-0.425,0.884,-0.611,0.16,0.305,-0.251,-0.472,0.906,1.588,6.511,-0.641,0.27,-0.442,0.743,-0.397,2.626,-0.214,arriba
1780982468.419804,-0.842,-0.219,0.516,-0.58,1.229,-0.305,-0.683,-0.363,0.573,-6.366,0.649,-0.718,-0.293,-0.431,0.884,-0.282,0.214,0.412,-0.252,-0.471,0.908,1.87,6.649,-0.962,0.274,-0.444,0.74,-0.534,2.084,0.076,arriba
1780982468.5193007,-0.84,-0.222,0.51,-1.481,0.931,-1.557,-0.683,-0.363,0.568,-6.13,0.763,-0.443,-0.286,-0.426,0.879,0.176,0.74,0.344,-0.251,-0.475,0.906,1.779,8.397,-0.786,0.281,-0.442,0.745,-0.267,2.443,0.023,arriba
1780982468.618122,-0.845,-0.22,0.514,-0.443,3.031,1.351,-0.683,-0.369,0.581,-7.389,4.977,1.366,-0.315,-0.446,0.862,1.656,4.817,-0.282,-0.198,-0.531,0.989,9.763,8.58,7.71,0.275,-0.456,0.758,-0.13,8.023,-4.092,arriba
1780982468.7210543,-0.936,-0.337,0.745,-4.908,5.084,14.855,-0.781,-0.384,0.635,15.122,2.198,22.412,-0.282,-0.415,0.97,52.122,3.489,9.916,-0.261,-0.457,0.98,50.84,2.489,14.122,0.279,-0.442,0.745,-1.214,-7.641,-2.534,arriba
1780982468.8389533,-0.853,-0.171,0.507,19.87,-8.038,25.458,-0.704,-0.283,0.585,27.382,-5.328,22.473,-0.28,-0.305,0.959,42.29,-6.504,7.763,-0.253,-0.346,0.969,42.267,1.0,8.527,0.319,-0.437,0.734,2.298,-8.298,-1.061,arriba
1780982468.9350655,-0.775,-0.101,0.454,-0.008,0.641,1.336,-0.648,-0.202,0.518,-8.603,-1.374,-2.863,-0.268,-0.23,0.86,-10.397,-0.565,-2.756,-0.246,-0.299,0.966,-10.183,6.733,-5.107,0.32,-0.43,0.732,-3.015,6.473,1.55,arriba
1780982469.0382109,-0.902,-0.119,0.507,3.542,-0.794,4.412,-0.753,-0.248,0.589,0.481,-0.87,5.183,-0.322,-0.272,0.975,9.977,-2.58,4.45,-0.27,-0.321,1.004,13.687,3.595,5.969,0.317,-0.418,0.722,1.786,-3.008,-0.107,arriba
1780982469.1334453,-0.919,-0.101,0.551,35.344,-7.771,31.405,-0.774,-0.214,0.646,45.87,-5.458,30.924,-0.353,-0.253,1.041,63.855,-3.328,14.26,-0.322,-0.278,1.022,60.847,0.771,16.84,0.296,-0.448,0.721,8.198,-2.756,14.985,arriba
1780982469.236075,-0.83,-0.011,0.594,37.992,-29.458,51.435,-0.65,-0.085,0.679,51.756,-10.924,46.229,-0.226,-0.077,1.0,75.939,-12.489,22.603,-0.216,-0.116,1.0,80.977,-8.595,23.832,0.355,-0.414,0.746,13.176,-16.481,2.771,arriba
1780982469.339426,-0.786,0.112,0.575,28.229,-4.885,24.496,-0.687,0.05,0.62,27.626,0.397,20.145,-0.297,0.041,0.97,42.153,7.336,3.26,-0.246,-0.018,1.039,56.305,6.359,9.191,0.36,-0.399,0.735,20.107,-10.336,-1.137,arriba
1780982469.4428027,-0.81,0.161,0.599,17.084,1.069,18.069,-0.73,0.079,0.675,13.74,8.42,16.0,-0.313,0.08,1.032,31.748,6.435,3.489,-0.235,0.053,1.054,42.046,10.015,4.481,0.388,-0.361,0.739,26.168,-12.412,-12.664,arriba
1780982472.2368321,-0.846,-0.229,0.501,-0.87,1.489,-1.076,-0.683,-0.374,0.563,-6.382,1.031,-0.55,-0.288,-0.434,0.88,-0.305,-0.153,0.206,-0.241,-0.476,0.906,1.557,6.924,-0.435,0.273,-0.432,0.739,-0.573,2.305,0.015,arriba
1780982472.326522,-0.846,-0.226,0.503,-0.748,1.038,-0.435,-0.682,-0.376,0.565,-6.527,0.802,-0.321,-0.294,-0.433,0.871,-0.435,0.13,0.023,-0.24,-0.478,0.902,1.504,6.916,-0.511,0.27,-0.426,0.741,-0.626,2.344,-0.053,arriba
1780982472.4359355,-0.845,-0.225,0.501,-1.229,1.672,-1.397,-0.686,-0.372,0.565,-6.58,0.84,0.015,-0.287,-0.433,0.871,-0.527,0.198,-0.137,-0.243,-0.481,0.899,1.626,6.908,-0.206,0.276,-0.429,0.749,-0.504,2.733,-0.198,arriba
1780982472.5325801,-0.846,-0.225,0.501,-0.351,1.504,-0.947,-0.685,-0.372,0.568,-6.374,0.901,0.0,-0.29,-0.434,0.879,-0.153,0.244,0.053,-0.244,-0.478,0.907,1.443,6.679,-0.305,0.271,-0.425,0.734,-0.695,2.489,-0.038,arriba
1780982472.6357274,-0.847,-0.225,0.507,-0.969,1.557,-0.824,-0.69,-0.372,0.568,-6.26,0.557,-0.107,-0.291,-0.437,0.881,-0.221,-0.107,0.26,-0.241,-0.479,0.9,1.634,6.649,0.191,0.275,-0.428,0.744,-0.115,2.885,-0.267,arriba
1780982472.7384322,-0.846,-0.227,0.501,-0.802,1.611,-1.176,-0.681,-0.373,0.566,-6.802,1.008,-0.58,-0.291,-0.437,0.878,0.13,1.595,0.885,-0.248,-0.479,0.906,1.382,8.679,0.427,0.277,-0.428,0.741,-0.107,2.893,0.107,arriba
1780982472.8419502,-0.84,-0.232,0.5,-0.412,3.954,2.313,-0.695,-0.38,0.573,-4.649,6.397,3.221,-0.357,-0.48,1.008,6.183,6.328,4.321,-0.257,-0.502,0.975,22.809,10.359,18.489,0.288,-0.431,0.757,0.733,3.382,0.282,arriba
1780982472.9444673,-0.892,-0.189,0.487,54.031,-22.244,58.763,-0.755,-0.265,0.508,75.55,-6.924,60.809,-0.342,-0.29,0.842,105.305,-20.496,23.282,-0.254,-0.34,0.857,94.443,-11.267,25.885,0.301,-0.42,0.759,1.237,-20.122,-7.55,arriba
1780982473.053234,-0.862,-0.051,0.543,42.725,-11.038,45.939,-0.716,-0.13,0.61,50.511,-1.221,41.985,-0.282,-0.126,0.921,71.634,3.557,17.725,-0.267,-0.184,0.919,84.168,3.229,25.206,0.314,-0.403,0.714,12.473,-18.0,-4.626,arriba
1780982473.1509361,-0.806,0.026,0.582,14.496,-3.687,23.084,-0.681,-0.043,0.688,19.802,2.878,21.397,-0.224,-0.026,0.965,38.099,8.656,7.786,-0.217,-0.077,1.008,44.58,9.321,10.191,0.369,-0.403,0.741,11.565,-5.664,-2.313,arriba
1780982473.2531476,-0.833,0.113,0.53,21.618,-3.122,27.328,-0.721,0.029,0.592,20.313,0.275,25.084,-0.297,0.044,0.979,38.763,-1.008,9.298,-0.243,-0.001,1.042,38.519,-1.565,8.153,0.389,-0.36,0.736,9.26,-12.321,-6.855,arriba
1780982473.3567407,-0.701,0.208,0.423,2.954,4.206,5.534,-0.608,0.147,0.44,-16.107,2.588,-2.321,-0.249,0.189,0.714,-16.412,-2.664,2.267,-0.154,0.159,0.796,-17.351,7.794,-1.344,0.393,-0.293,0.655,-11.107,6.832,3.786,arriba
1780982473.4688292,-0.811,0.104,0.51,-34.405,16.252,-47.649,-0.635,0.058,0.497,-57.748,4.992,-49.84,-0.288,0.041,0.737,-92.519,-5.58,-28.321,-0.255,-0.083,0.967,-121.397,8.321,-44.58,0.328,-0.362,0.704,-34.695,30.855,1.29,arriba
1780982473.5674074,-0.928,-0.143,0.659,-73.221,27.382,-79.0,-0.75,-0.25,0.719,-91.214,20.397,-68.863,-0.317,-0.331,1.076,-106.237,16.099,-27.58,-0.308,-0.469,1.254,-105.55,30.153,-36.275,0.302,-0.419,0.708,1.321,34.115,7.969,arriba
1780982473.6658468,-0.852,-0.222,0.507,-49.214,5.924,-44.71,-0.715,-0.353,0.557,-73.794,3.099,-40.092,-0.286,-0.435,0.949,-74.076,4.031,-6.267,-0.23,-0.458,0.992,-64.107,15.336,-14.901,0.293,-0.434,0.746,-1.832,10.122,2.649,arriba
1780982473.768694,-0.849,-0.238,0.491,1.229,1.412,-1.412,-0.673,-0.376,0.566,-6.458,-9.702,-2.084,-0.271,-0.429,0.862,-15.42,-1.527,-1.473,-0.277,-0.527,1.01,0.885,2.412,-0.29,0.286,-0.434,0.734,-1.023,3.389,-0.359,arriba
1780982473.8876138,-0.85,-0.235,0.491,-1.076,1.779,-1.779,-0.688,-0.385,0.554,-7.237,0.458,-0.374,-0.288,-0.443,0.868,-0.221,-1.229,-0.145,-0.247,-0.483,0.899,1.458,5.0,-0.618,0.282,-0.43,0.739,-1.191,1.412,-0.374,arriba
1780982473.9856377,-0.846,-0.241,0.492,-0.473,0.466,-0.885,-0.683,-0.382,0.553,-6.16,-0.069,-0.29,-0.281,-0.444,0.868,-0.557,-0.481,0.183,-0.235,-0.486,0.906,1.374,6.695,-0.794,0.287,-0.431,0.737,-0.496,2.664,-0.244,arriba
1780982474.0863943,-0.852,-0.241,0.482,-0.626,1.389,-0.771,-0.686,-0.381,0.553,-5.954,0.45,-0.405,-0.286,-0.444,0.87,0.137,-1.244,-0.206,-0.24,-0.483,0.903,1.763,6.168,-0.817,0.282,-0.433,0.74,-0.802,2.336,-0.13,arriba
1780982474.1807296,-0.852,-0.235,0.485,-0.733,1.275,-1.008,-0.683,-0.381,0.563,-6.427,0.389,-0.771,-0.281,-0.441,0.873,-0.031,-0.298,0.076,-0.242,-0.483,0.894,1.756,7.16,-0.672,0.281,-0.431,0.74,-0.702,2.374,-0.092,arriba
1780982476.8586643,-0.845,-0.237,0.494,-0.664,0.87,-2.656,-0.686,-0.383,0.555,-5.809,0.466,-0.931,-0.276,-0.442,0.873,-0.687,-0.695,-1.153,-0.235,-0.489,0.9,1.122,6.557,-1.832,0.275,-0.43,0.742,-1.359,0.847,-0.244,arriba
1780982476.9702575,-0.845,-0.238,0.498,-0.595,2.405,-0.397,-0.682,-0.383,0.558,-6.733,0.511,-0.008,-0.279,-0.449,0.877,-0.588,0.519,0.855,-0.237,-0.493,0.902,1.565,7.466,-0.191,0.288,-0.435,0.739,-0.901,2.137,0.313,arriba
1780982477.0697703,-0.847,-0.234,0.49,-1.756,1.901,0.794,-0.683,-0.382,0.556,-6.916,0.366,-0.13,-0.287,-0.444,0.872,-0.153,0.115,0.733,-0.237,-0.488,0.906,1.985,6.618,-0.29,0.282,-0.433,0.732,-0.031,2.832,-0.305,arriba
1780982477.1700487,-0.854,-0.233,0.498,-0.588,0.473,-2.069,-0.683,-0.38,0.562,-6.191,0.328,-1.672,-0.279,-0.443,0.873,-0.473,-0.687,-0.298,-0.236,-0.487,0.896,1.366,6.298,-1.389,0.28,-0.435,0.742,-1.244,0.542,-0.16,arriba
1780982477.2708127,-0.846,-0.239,0.495,-0.779,1.626,-1.107,-0.68,-0.384,0.553,-6.603,0.252,-0.763,-0.278,-0.447,0.871,-0.656,0.534,-0.29,-0.231,-0.485,0.901,1.527,7.794,-0.145,0.28,-0.433,0.738,-0.809,1.145,0.466,arriba
1780982477.3875058,-0.856,-0.234,0.482,-0.573,-0.206,1.786,-0.685,-0.382,0.561,-5.405,1.229,2.061,-0.279,-0.45,0.875,2.817,1.137,1.809,-0.235,-0.483,0.902,3.145,8.832,1.511,0.282,-0.435,0.739,0.313,4.565,-0.359,arriba
1780982477.4886997,-1.087,-0.352,0.708,9.893,3.603,9.618,-0.951,-0.484,0.824,79.366,-19.71,35.092,-0.39,-0.478,1.122,103.962,-5.046,6.275,-0.293,-0.48,1.029,91.878,-10.336,26.412,0.254,-0.427,0.732,-3.924,-12.489,-1.863,arriba
1780982477.586464,-0.752,-0.061,0.51,53.565,-29.443,59.832,-0.557,-0.141,0.584,65.855,-18.053,51.374,-0.17,-0.196,0.915,88.198,-5.947,24.374,-0.17,-0.252,0.932,90.168,-6.275,24.649,0.333,-0.442,0.728,1.656,-14.153,-3.809,arriba
1780982477.6826162,-0.805,0.056,0.552,6.962,2.672,16.916,-0.667,-0.021,0.589,8.847,5.496,13.802,-0.267,-0.03,0.859,28.672,5.626,9.878,-0.212,-0.1,0.91,34.412,8.779,11.45,0.33,-0.423,0.712,3.252,-4.237,-2.664,arriba
1780982477.7861073,-0.79,0.088,0.516,-1.534,7.435,4.42,-0.648,0.018,0.543,-10.336,3.695,3.122,-0.287,0.012,0.848,-1.58,1.298,5.29,-0.226,-0.02,0.894,-4.359,3.817,1.382,0.353,-0.406,0.712,-2.496,-1.092,1.656,arriba
1780982477.9017975,-0.861,-0.015,0.609,-32.489,23.13,-38.817,-0.732,-0.114,0.637,-45.183,13.397,-36.702,-0.337,-0.118,0.922,-54.053,10.427,-20.542,-0.254,-0.18,0.96,-49.931,24.733,-21.427,0.311,-0.428,0.718,-0.336,13.779,4.107,arriba
1780982478.001588,-0.85,-0.074,0.546,-15.718,10.198,-18.74,-0.707,-0.168,0.598,-30.687,6.771,-18.824,-0.293,-0.2,0.897,-42.664,0.389,-14.206,-0.255,-0.244,0.931,-43.611,10.252,-19.298,0.308,-0.43,0.733,0.977,9.458,0.267,arriba
1780982478.1010826,-0.846,-0.127,0.529,-32.817,14.542,-35.809,-0.701,-0.255,0.578,-60.344,7.649,-31.824,-0.31,-0.296,0.878,-65.084,7.908,-14.511,-0.26,-0.347,0.903,-56.046,14.885,-19.267,0.292,-0.419,0.73,-0.237,11.504,1.809,arriba
1780982478.1975198,-1.466,-0.294,0.345,10.511,15.29,4.748,-0.447,-0.729,0.227,0.42,21.458,2.786,-0.466,-0.437,0.419,24.405,44.565,4.221,-0.313,-0.428,0.468,34.344,67.382,11.779,0.325,-0.475,0.755,15.244,-2.634,-0.496,arriba
1780982478.3009443,-0.842,-0.234,0.508,0.351,5.168,1.198,-0.69,-0.376,0.554,-7.023,2.878,1.351,-0.29,-0.438,0.877,1.267,-2.947,0.985,-0.25,-0.476,0.896,-0.802,4.298,-1.374,0.288,-0.437,0.729,-1.878,6.435,-0.061,arriba
1780982478.417356,-0.841,-0.236,0.502,-0.435,0.496,-1.359,-0.683,-0.376,0.56,-6.191,-0.13,-0.221,-0.276,-0.444,0.877,-0.809,1.557,0.221,-0.249,-0.481,0.896,2.061,8.107,-0.634,0.277,-0.431,0.739,-0.603,0.664,-0.252,arriba
1780982478.5186377,-0.845,-0.236,0.496,-0.756,1.458,-1.252,-0.683,-0.38,0.56,-6.374,0.534,-0.931,-0.276,-0.44,0.875,-0.519,-1.344,-0.275,-0.24,-0.488,0.898,1.481,6.504,-0.702,0.289,-0.438,0.739,-0.809,2.435,0.206,arriba
1780982478.619133,-0.842,-0.233,0.505,-1.191,1.687,0.771,-0.683,-0.376,0.56,-6.718,0.42,0.008,-0.28,-0.437,0.876,0.168,0.817,1.458,-0.244,-0.485,0.897,2.305,7.389,0.786,0.289,-0.437,0.739,0.641,5.023,0.038,arriba
1780982478.7166688,-0.85,-0.231,0.501,-1.061,0.809,-0.046,-0.686,-0.377,0.56,-6.344,0.496,-0.466,-0.281,-0.442,0.87,-0.824,0.412,-0.115,-0.247,-0.485,0.901,1.366,6.779,-0.344,0.274,-0.435,0.737,-0.71,1.947,-0.511,arriba
1780982478.8161695,-0.848,-0.235,0.5,-0.328,0.618,-2.191,-0.682,-0.378,0.56,-5.901,0.42,-1.061,-0.279,-0.441,0.872,-0.656,-0.382,-0.824,-0.241,-0.485,0.895,1.099,6.916,-1.557,0.284,-0.437,0.733,-1.221,1.115,0.107,arriba
1780982481.4939826,-0.847,-0.228,0.501,-1.076,0.977,-1.305,-0.684,-0.376,0.562,-6.382,0.435,-0.931,-0.28,-0.442,0.873,-0.405,-0.573,-0.115,-0.245,-0.49,0.894,1.84,6.45,-0.924,0.282,-0.439,0.743,-0.374,2.87,-0.321,arriba
1780982481.600782,-0.845,-0.233,0.506,-0.466,1.092,-1.771,-0.681,-0.373,0.564,-6.183,0.397,-1.557,-0.282,-0.448,0.871,-0.351,-0.496,-0.466,-0.243,-0.489,0.897,1.458,7.168,-1.374,0.281,-0.438,0.738,-1.13,1.16,0.206,arriba
1780982481.702274,-0.847,-0.229,0.5,-1.321,1.71,-0.29,-0.68,-0.379,0.558,-6.053,0.863,-0.748,-0.277,-0.445,0.869,-0.458,0.824,0.031,-0.247,-0.486,0.898,1.496,7.214,-0.687,0.283,-0.44,0.736,-0.496,2.58,-0.084,arriba
1780982481.8028514,-0.847,-0.233,0.507,-0.573,1.718,0.214,-0.684,-0.374,0.563,-6.084,0.481,0.137,-0.28,-0.442,0.876,0.221,-0.344,-0.26,-0.248,-0.488,0.901,2.214,6.053,-0.26,0.282,-0.434,0.742,0.137,4.252,-0.618,arriba
1780982481.9180639,-0.844,-0.231,0.499,-0.771,1.58,-1.336,-0.682,-0.381,0.557,-6.13,0.641,0.053,-0.282,-0.443,0.875,-0.366,-0.885,0.069,-0.246,-0.49,0.895,1.664,7.0,-1.427,0.284,-0.432,0.737,-1.412,0.763,0.168,arriba
1780982482.0308442,-0.845,-0.228,0.497,-1.031,0.595,-1.16,-0.683,-0.378,0.561,-5.87,0.382,0.031,-0.276,-0.445,0.875,0.321,-0.305,0.29,-0.24,-0.49,0.899,1.664,7.0,-0.405,0.281,-0.438,0.738,0.0,3.321,-0.015,arriba
1780982482.1120863,-0.831,-0.231,0.499,-0.947,1.557,1.076,-0.688,-0.375,0.562,-7.122,1.672,0.725,-0.28,-0.445,0.875,0.221,2.229,1.496,-0.251,-0.494,0.915,0.962,10.496,0.595,0.279,-0.442,0.745,0.847,2.26,-0.038,arriba
1780982482.2154863,-0.941,-0.223,0.49,-27.588,20.366,7.634,-0.677,-0.361,0.591,13.519,0.626,18.901,-0.315,-0.438,0.971,35.725,-3.74,10.924,-0.281,-0.468,0.974,37.695,0.359,12.244,0.29,-0.44,0.74,-2.115,-8.321,-2.435,arriba
1780982482.3181763,-0.9,-0.19,0.515,45.046,-11.779,46.29,-0.724,-0.309,0.597,58.412,-9.748,43.847,-0.302,-0.326,0.901,78.061,-14.458,12.015,-0.266,-0.349,0.952,70.595,-8.359,18.954,0.324,-0.424,0.739,4.817,-20.275,-4.687,arriba
1780982482.4207013,-0.752,-0.034,0.469,41.947,-15.924,41.092,-0.635,-0.138,0.57,47.061,-12.992,32.282,-0.259,-0.162,0.91,59.527,-1.206,9.794,-0.22,-0.205,0.988,54.206,3.618,14.58,0.368,-0.422,0.723,0.847,-6.344,-3.519,arriba
1780982482.5363622,-0.801,0.053,0.492,9.641,0.053,9.061,-0.687,-0.046,0.543,1.076,4.221,6.13,-0.29,-0.084,0.914,10.687,2.847,3.595,-0.24,-0.138,0.968,15.786,9.725,4.305,0.356,-0.4,0.708,0.756,2.137,0.542,arriba
1780982482.634259,-0.844,0.013,0.561,-3.511,4.282,-2.588,-0.724,-0.087,0.645,-9.076,4.565,-2.542,-0.281,-0.113,0.997,-0.489,2.542,0.229,-0.245,-0.158,1.022,3.061,9.847,-0.573,0.354,-0.421,0.722,-0.382,2.198,-0.527,arriba
1780982482.7363474,-0.842,0.008,0.559,-1.176,4.122,-3.481,-0.713,-0.086,0.627,-7.779,3.893,-4.015,-0.284,-0.1,0.95,-3.756,2.931,-2.824,-0.253,-0.149,1.013,-2.229,9.947,-3.878,0.345,-0.409,0.703,-1.13,6.756,-2.466,arriba
1780982482.8330073,-0.803,0.016,0.509,-14.58,4.939,-15.015,-0.663,-0.075,0.572,-29.252,3.313,-15.817,-0.252,-0.101,0.887,-31.198,0.969,-4.412,-0.216,-0.145,0.932,-30.863,10.092,-9.924,0.351,-0.409,0.71,-6.786,13.496,4.389,arriba
1780982482.9362588,-0.816,-0.082,0.528,-37.588,17.702,-47.122,-0.699,-0.193,0.586,-59.267,9.221,-44.458,-0.302,-0.269,0.989,-69.893,12.733,-18.542,-0.309,-0.359,1.084,-56.824,23.031,-17.809,0.315,-0.443,0.742,-0.038,19.672,6.221,arriba
1780982483.0499113,-0.87,-0.197,0.512,-47.504,9.168,-48.046,-0.702,-0.345,0.627,-69.069,-3.466,-44.321,-0.3,-0.391,0.949,-78.992,0.664,-15.107,-0.245,-0.453,0.977,-89.817,17.405,-30.221,0.286,-0.44,0.738,-1.298,14.71,2.244,arriba
1780982483.1495903,-0.81,-0.207,0.524,-8.328,-6.817,-3.809,-0.709,-0.373,0.514,-6.29,2.802,-0.397,-0.3,-0.411,0.851,15.031,5.031,-0.214,-0.219,-0.454,0.784,6.84,11.718,-2.0,0.298,-0.431,0.744,1.817,8.366,0.756,arriba
1780982483.2500756,-0.843,-0.24,0.501,-0.924,0.534,-1.695,-0.678,-0.381,0.559,-6.832,-2.229,-1.573,-0.27,-0.447,0.881,-1.542,0.595,-0.13,-0.237,-0.493,0.905,1.786,8.656,-0.618,0.288,-0.439,0.74,-0.405,0.679,0.298,arriba
1780982483.3481956,-0.85,-0.241,0.494,-0.71,1.893,0.893,-0.678,-0.38,0.559,-6.489,1.252,1.0,-0.284,-0.443,0.873,0.115,-0.168,1.244,-0.238,-0.489,0.901,1.763,6.336,-0.069,0.296,-0.44,0.737,-0.26,4.481,-0.405,arriba
1780982483.4509497,-0.847,-0.235,0.491,-0.977,0.542,-1.626,-0.682,-0.384,0.556,-6.137,0.573,0.252,-0.278,-0.443,0.872,-0.702,-0.282,-0.511,-0.24,-0.487,0.909,1.328,6.389,-1.412,0.286,-0.434,0.74,-0.809,1.58,-0.489,arriba
1780982486.128918,-0.846,-0.237,0.502,-1.092,0.947,-2.748,-0.678,-0.382,0.562,-6.481,0.031,-1.336,-0.278,-0.445,0.871,-0.679,0.557,-0.107,-0.239,-0.491,0.902,2.038,7.191,-0.252,0.279,-0.427,0.739,-0.321,2.931,-0.038,arriba
1780982486.2321692,-0.844,-0.234,0.494,-0.649,2.458,0.183,-0.683,-0.378,0.562,-6.725,0.427,-0.061,-0.282,-0.445,0.881,0.061,0.206,0.603,-0.24,-0.489,0.897,1.649,7.908,0.198,0.278,-0.442,0.731,-0.328,3.198,0.214,arriba
1780982486.3351095,-0.847,-0.232,0.5,-1.046,1.565,-0.893,-0.683,-0.38,0.561,-5.855,0.374,-1.038,-0.282,-0.446,0.871,0.13,-1.145,-0.374,-0.239,-0.489,0.903,1.534,5.435,-0.863,0.275,-0.436,0.745,0.099,3.405,-0.763,arriba
1780982486.4379952,-0.847,-0.235,0.494,-0.282,0.985,-2.092,-0.68,-0.381,0.558,-5.565,0.542,-0.916,-0.277,-0.443,0.877,-0.649,-0.107,-0.817,-0.24,-0.492,0.899,1.282,6.687,-0.489,0.28,-0.436,0.738,-0.931,2.168,0.038,arriba
1780982486.550769,-0.845,-0.234,0.496,-1.13,1.496,0.023,-0.683,-0.381,0.562,-6.786,0.779,0.221,-0.281,-0.447,0.878,-0.374,0.618,0.511,-0.238,-0.49,0.902,1.885,7.351,0.153,0.281,-0.435,0.735,-0.237,3.16,0.145,arriba
1780982486.6499946,-0.844,-0.235,0.497,-0.641,1.344,-0.855,-0.683,-0.378,0.554,-6.176,0.458,-0.321,-0.283,-0.445,0.877,0.435,-0.679,0.069,-0.24,-0.49,0.896,1.519,6.107,-0.588,0.277,-0.434,0.733,-0.588,2.351,-0.733,arriba
1780982486.7471745,-0.844,-0.236,0.489,-0.863,1.305,-1.794,-0.687,-0.378,0.558,-5.824,0.519,-1.282,-0.277,-0.441,0.878,0.015,-0.061,-0.16,-0.239,-0.487,0.896,1.534,7.359,-0.214,0.281,-0.436,0.738,-0.824,1.756,0.298,arriba
1780982486.8502183,-0.848,-0.23,0.494,-0.313,0.992,0.931,-0.677,-0.381,0.566,-4.641,1.046,0.939,-0.287,-0.439,0.878,0.656,2.267,1.29,-0.251,-0.49,0.906,1.878,8.092,0.267,0.279,-0.437,0.743,-0.511,2.733,0.366,arriba
1780982486.9533672,-0.845,-0.237,0.5,-0.504,2.13,0.168,-0.684,-0.373,0.556,-7.069,1.618,0.298,-0.282,-0.44,0.882,0.542,1.87,1.252,-0.244,-0.492,0.895,1.893,9.198,0.725,0.271,-0.434,0.746,-0.504,1.443,0.176,arriba
1780982487.068703,-0.847,-0.229,0.505,-0.344,7.588,0.725,-0.568,-0.521,1.008,20.374,-8.008,7.55,-0.168,-0.468,0.998,49.115,1.008,10.45,-0.241,-0.575,1.096,48.809,6.863,29.328,0.281,-0.44,0.723,2.107,0.122,1.664,arriba
1780982487.16607,-0.906,-0.203,0.544,35.687,-11.015,39.397,-0.721,-0.316,0.609,53.702,-6.672,36.427,-0.28,-0.353,0.943,76.885,-8.649,14.092,-0.256,-0.394,0.944,77.702,-8.176,22.901,0.297,-0.445,0.738,-0.786,-11.817,-3.824,arriba
1780982487.2621405,-0.818,-0.072,0.489,34.702,-11.595,33.557,-0.692,-0.183,0.569,36.847,-9.771,28.244,-0.281,-0.229,0.974,46.679,-6.626,8.321,-0.263,-0.294,1.022,47.023,-2.534,12.13,0.318,-0.447,0.757,2.55,-10.412,-4.656,arriba
1780982487.3649094,-0.827,-0.018,0.566,16.031,-6.344,19.137,-0.707,-0.12,0.655,17.053,-2.29,17.061,-0.249,-0.15,0.993,31.069,-2.885,5.183,-0.234,-0.222,1.044,34.771,3.145,5.878,0.345,-0.431,0.738,3.733,-11.092,-5.954,arriba
1780982487.470973,-0.797,0.061,0.509,10.962,-4.908,21.305,-0.678,-0.039,0.582,7.336,-2.718,17.695,-0.245,-0.047,0.9,19.42,-3.313,8.344,-0.204,-0.104,0.948,20.359,-0.305,5.908,0.38,-0.394,0.701,2.702,-7.527,-5.565,arriba
1780982487.58239,-0.813,0.052,0.553,-7.802,6.931,-9.893,-0.703,-0.058,0.645,-15.092,4.595,-9.344,-0.269,-0.091,1.002,-11.206,3.351,-4.137,-0.239,-0.146,1.028,-9.321,10.061,-6.84,0.373,-0.413,0.726,-4.588,7.931,-0.206,arriba
1780982487.6850193,-0.803,0.039,0.54,-13.832,5.198,-17.832,-0.664,-0.055,0.585,-26.214,1.099,-18.603,-0.25,-0.085,0.879,-35.267,2.214,-9.718,-0.214,-0.154,0.956,-33.458,16.145,-11.924,0.368,-0.423,0.725,-9.145,15.489,7.611,arriba
1780982487.784501,-0.839,-0.07,0.539,-38.321,19.519,-49.466,-0.679,-0.177,0.577,-64.13,10.672,-49.489,-0.274,-0.24,0.876,-87.817,4.634,-22.389,-0.271,-0.314,0.927,-100.748,19.008,-37.405,0.307,-0.438,0.738,-3.351,17.832,5.809,arriba
1780982487.8803551,-0.873,-0.161,0.522,-36.038,10.702,-41.832,-0.674,-0.301,0.531,-72.992,4.397,-41.405,-0.294,-0.358,0.815,-82.015,5.435,-7.832,-0.253,-0.41,0.844,-70.84,14.511,-20.122,0.298,-0.431,0.735,-2.366,11.046,1.916,arriba
1780982487.983404,-0.858,-0.188,0.481,9.84,29.588,5.672,-0.675,-0.391,0.553,-1.664,13.023,4.489,-0.308,-0.419,0.858,8.695,3.374,0.145,-0.259,-0.477,0.861,1.16,-10.786,-2.122,0.321,-0.448,0.737,-0.84,12.664,0.672,arriba
1780982490.7643166,-0.846,-0.233,0.503,-0.489,0.832,-1.664,-0.685,-0.38,0.558,-6.191,0.29,-0.313,-0.275,-0.442,0.875,-0.198,-0.71,-0.29,-0.242,-0.492,0.901,1.481,6.298,-1.595,0.281,-0.44,0.736,-0.832,1.832,-0.13,arriba
1780982490.8674185,-0.845,-0.242,0.5,-0.779,1.153,-0.244,-0.683,-0.381,0.56,-6.466,0.641,-0.328,-0.276,-0.446,0.88,-0.527,0.649,0.267,-0.242,-0.496,0.895,1.71,8.145,-0.366,0.289,-0.438,0.737,-0.641,2.198,0.45,arriba
1780982490.970447,-0.844,-0.233,0.499,-1.305,1.504,-0.954,-0.683,-0.38,0.562,-6.786,0.626,-0.878,-0.28,-0.442,0.872,-0.153,0.053,-0.107,-0.243,-0.497,0.903,1.809,6.71,-0.969,0.279,-0.436,0.742,0.084,2.962,-0.191,arriba
1780982491.0832283,-0.848,-0.239,0.496,-0.786,1.046,-1.031,-0.683,-0.382,0.558,-6.466,0.153,-1.137,-0.279,-0.443,0.875,-0.267,-0.916,-0.58,-0.241,-0.49,0.895,1.45,6.252,-1.473,0.287,-0.439,0.736,-1.008,1.015,-0.183,arriba
1780982491.186244,-0.844,-0.235,0.5,-0.916,1.786,-0.908,-0.68,-0.378,0.56,-6.664,0.55,-0.527,-0.274,-0.446,0.871,-0.809,0.84,0.626,-0.244,-0.494,0.898,1.397,7.809,-0.626,0.285,-0.439,0.739,-0.901,1.595,0.611,arriba
1780982491.2840314,-0.846,-0.232,0.5,-0.817,1.145,-0.794,-0.687,-0.382,0.561,-6.397,0.84,0.435,-0.277,-0.447,0.876,-0.122,-0.053,0.496,-0.242,-0.488,0.897,1.992,6.603,-0.504,0.284,-0.446,0.738,0.26,3.817,-0.328,arriba
1780982491.3825078,-0.844,-0.232,0.498,-0.244,2.16,0.603,-0.671,-0.385,0.559,-6.344,1.321,1.0,-0.281,-0.445,0.879,1.351,2.107,1.527,-0.237,-0.502,0.905,2.252,10.389,0.519,0.275,-0.448,0.732,-0.382,3.992,-0.344,arriba
1780982491.4856741,-0.947,-0.247,0.543,-5.878,13.206,5.45,-0.995,-0.435,0.602,43.244,-6.992,28.275,-0.367,-0.434,0.896,60.916,-5.863,3.954,-0.315,-0.541,0.949,53.115,-9.802,11.107,0.272,-0.454,0.749,0.74,-5.275,-2.0,arriba
1780982491.5979855,-0.843,-0.119,0.508,60.695,-29.084,60.244,-0.703,-0.228,0.584,80.443,-7.427,50.962,-0.254,-0.295,0.942,101.679,-15.29,22.42,-0.228,-0.348,0.911,89.282,-7.427,26.061,0.302,-0.436,0.729,2.504,-16.282,-6.412,arriba
1780982491.6998522,-0.763,-0.001,0.536,27.16,-13.809,35.84,-0.616,-0.057,0.601,29.305,-5.809,30.87,-0.22,-0.115,0.939,48.298,-4.023,11.802,-0.19,-0.205,0.955,51.565,-0.977,12.718,0.349,-0.447,0.741,0.863,-13.046,-6.55,arriba
1780982491.800195,-0.838,0.045,0.575,14.397,-3.809,16.985,-0.697,-0.039,0.632,10.481,1.802,12.87,-0.255,-0.07,0.98,24.206,-1.565,4.13,-0.229,-0.242,1.257,42.481,0.733,0.832,0.365,-0.429,0.751,3.779,-11.374,-8.336,arriba
1780982491.8980327,-0.8,0.105,0.521,3.382,1.244,9.336,-0.685,0.032,0.539,-4.336,0.679,5.878,-0.305,0.008,0.87,2.565,-1.802,5.885,-0.222,-0.04,0.941,6.496,4.382,3.87,0.38,-0.382,0.685,2.748,-2.359,-1.679,arriba
1780982492.0004776,-0.8,0.068,0.568,-11.069,8.687,-16.45,-0.692,-0.031,0.642,-23.916,4.504,-17.916,-0.272,-0.054,0.986,-24.687,2.427,-8.366,-0.239,-0.109,1.017,-23.489,11.664,-8.389,0.378,-0.407,0.715,-7.198,11.275,3.42,arriba
1780982492.1038802,-0.793,0.033,0.531,-19.527,8.015,-29.405,-0.638,-0.055,0.564,-40.229,2.71,-31.092,-0.243,-0.086,0.845,-57.824,2.031,-15.527,-0.219,-0.174,0.979,-52.275,17.71,-18.26,0.35,-0.433,0.733,-9.481,22.252,7.611,arriba
1780982492.2153165,-0.85,-0.079,0.505,-41.87,20.069,-49.748,-0.753,-0.237,0.6,-72.214,12.588,-45.229,-0.327,-0.294,1.003,-80.053,12.122,-14.595,-0.283,-0.326,0.981,-70.023,17.069,-19.282,0.314,-0.437,0.74,-2.107,16.061,2.985,arriba
1780982492.3153229,-0.785,-0.154,0.453,-45.069,9.366,-45.786,-0.631,-0.294,0.525,-80.565,2.672,-44.679,-0.255,-0.358,0.821,-96.969,4.672,-12.992,-0.228,-0.429,0.893,-94.344,13.031,-24.695,0.304,-0.442,0.731,-5.664,13.542,3.748,arriba
1780982492.4124434,-0.893,-0.221,0.467,-0.763,1.969,-1.389,-0.684,-0.385,0.572,-0.779,8.901,2.779,-0.272,-0.439,0.852,-2.389,-5.374,-1.145,-0.194,-0.481,0.899,-0.939,-1.641,-1.13,0.308,-0.447,0.729,-0.473,12.397,1.107,arriba
1780982492.515702,-0.841,-0.239,0.498,-0.053,2.069,-1.183,-0.686,-0.38,0.557,-6.763,-0.038,-0.947,-0.286,-0.443,0.875,-0.298,1.649,0.71,-0.251,-0.491,0.9,1.794,6.771,-0.893,0.291,-0.439,0.723,-1.321,-0.092,-0.42,arriba
1780982492.6317282,-0.848,-0.241,0.494,-1.107,0.542,-0.794,-0.682,-0.383,0.555,-6.168,0.626,-0.687,-0.275,-0.441,0.873,-0.527,0.863,0.634,-0.239,-0.496,0.894,1.527,8.031,-0.046,0.302,-0.447,0.733,-0.809,2.763,0.351,arriba
1780982492.7214124,-0.848,-0.239,0.496,-0.748,1.55,-0.74,-0.69,-0.382,0.559,-6.275,0.168,-0.794,-0.282,-0.441,0.875,-0.244,0.16,0.206,-0.237,-0.495,0.892,2.076,6.145,-0.656,0.298,-0.443,0.733,0.336,4.015,-0.183,arriba
1780982495.3993554,-0.844,-0.234,0.497,-0.901,1.061,-0.794,-0.685,-0.383,0.558,-6.16,0.763,-0.542,-0.28,-0.44,0.876,-0.252,-0.443,-0.252,-0.242,-0.492,0.894,1.924,6.931,-1.015,0.292,-0.44,0.727,-0.969,0.977,0.221,arriba
1780982495.5028112,-0.844,-0.233,0.494,-1.298,2.763,-0.099,-0.685,-0.38,0.559,-6.702,1.008,0.252,-0.281,-0.443,0.867,-0.305,0.191,0.412,-0.24,-0.496,0.902,1.397,7.58,-0.153,0.296,-0.441,0.732,-0.939,1.42,0.481,arriba
1780982495.6053877,-0.848,-0.237,0.497,-1.069,1.29,-0.924,-0.681,-0.381,0.555,-6.466,0.359,-0.137,-0.286,-0.442,0.875,-0.183,0.427,-0.252,-0.244,-0.492,0.894,2.061,5.534,-0.55,0.288,-0.44,0.726,0.237,3.771,-0.817,arriba
1780982495.7085547,-0.844,-0.233,0.496,-1.0,1.008,-1.275,-0.684,-0.381,0.562,-5.992,0.389,-1.115,-0.281,-0.442,0.876,-0.687,-0.107,-0.252,-0.236,-0.495,0.894,1.412,7.328,-0.84,0.288,-0.444,0.727,-1.45,0.908,0.366,arriba
1780982495.8155663,-0.844,-0.234,0.496,-1.267,1.443,-1.137,-0.681,-0.383,0.556,-6.214,0.611,-0.763,-0.282,-0.444,0.873,-0.244,-0.137,0.588,-0.238,-0.494,0.892,1.733,7.397,0.084,0.287,-0.447,0.738,-0.405,2.58,-0.237,arriba
1780982495.9188585,-0.849,-0.236,0.487,-0.786,0.313,-1.183,-0.684,-0.38,0.557,-5.992,0.443,-1.336,-0.281,-0.447,0.876,-0.374,0.183,0.519,-0.234,-0.498,0.895,1.977,7.855,-0.038,0.289,-0.442,0.726,0.496,3.389,0.115,arriba
1780982496.0180671,-0.853,-0.243,0.495,-2.893,4.412,1.069,-0.682,-0.386,0.574,-1.695,4.695,4.382,-0.284,-0.495,0.934,5.557,4.511,4.595,-0.778,-0.799,1.513,27.229,15.611,30.817,0.267,-0.44,0.742,-2.435,-1.397,-0.13,arriba
1780982496.1336868,-0.825,-0.093,0.402,76.618,-28.084,71.962,-0.651,-0.206,0.43,88.359,-13.092,67.107,-0.233,-0.263,0.733,101.55,-17.389,24.023,-0.18,-0.276,0.802,84.183,-17.115,22.947,0.323,-0.431,0.721,0.198,-19.252,-8.573,arriba
1780982496.232674,-0.87,-0.028,0.564,36.855,-1.023,34.473,-0.715,-0.118,0.592,38.939,1.229,27.817,-0.317,-0.149,0.885,50.817,-3.618,7.611,-0.275,-0.219,0.968,51.748,-3.924,10.137,0.333,-0.429,0.716,4.802,-14.786,-3.916,arriba
1780982496.3323483,-0.798,0.031,0.576,8.313,4.542,13.748,-0.693,-0.08,0.701,11.313,6.534,14.405,-0.217,-0.116,1.028,28.939,5.534,4.115,-0.216,-0.179,1.064,39.626,5.702,3.634,0.404,-0.435,0.722,3.237,-7.527,-11.183,arriba
1780982496.430218,-0.836,0.085,0.568,7.313,0.267,15.863,-0.708,-0.014,0.633,2.611,1.45,15.176,-0.27,-0.035,0.943,15.412,-5.389,6.672,-0.211,-0.073,0.96,14.603,-0.656,2.489,0.401,-0.398,0.687,4.817,-9.626,-8.771,arriba
1780982496.5331132,-0.739,0.089,0.546,-12.969,4.931,-14.527,-0.629,-0.001,0.631,-24.198,2.55,-15.985,-0.208,-0.055,0.978,-24.29,2.725,-5.863,-0.183,-0.106,1.041,-21.031,14.107,-8.275,0.408,-0.406,0.7,-8.878,13.443,4.611,arriba
1780982496.6476188,-0.832,0.036,0.565,-19.015,7.695,-25.885,-0.683,-0.071,0.625,-31.756,2.031,-24.328,-0.252,-0.106,0.927,-40.702,3.359,-10.947,-0.21,-0.156,0.954,-42.252,14.42,-16.023,0.379,-0.428,0.72,-7.977,18.252,5.366,arriba
1780982496.7389667,-0.85,-0.052,0.553,-32.763,17.298,-38.718,-0.731,-0.172,0.634,-49.573,13.405,-32.641,-0.289,-0.232,0.966,-55.504,13.618,-11.702,-0.24,-0.268,0.971,-43.519,20.267,-13.748,0.335,-0.458,0.763,-3.504,17.13,6.382,arriba
1780982496.8487062,-0.807,-0.147,0.484,-63.519,17.527,-63.71,-0.648,-0.288,0.595,-93.031,7.29,-58.29,-0.261,-0.392,0.954,-108.076,9.206,-16.382,-0.229,-0.448,0.987,-106.092,24.321,-28.756,0.318,-0.443,0.726,-3.687,23.695,7.435,arriba
1780982496.9446003,-0.82,-0.237,0.516,3.763,8.046,0.771,-0.657,-0.386,0.587,-4.962,-4.847,-2.168,-0.263,-0.437,0.89,1.344,-5.237,-3.084,-0.121,-0.511,0.898,-3.313,-3.588,-3.458,0.344,-0.453,0.743,-1.71,12.924,0.198,arriba
1780982497.0480685,-0.837,-0.24,0.497,-1.885,-1.099,-2.176,-0.672,-0.384,0.559,-6.313,-0.573,-1.366,-0.273,-0.446,0.876,-1.13,4.756,-0.046,-0.246,-0.49,0.895,1.817,11.634,-0.641,0.292,-0.442,0.726,-0.328,1.382,0.099,arriba
1780982497.1511042,-0.848,-0.241,0.502,-0.412,1.275,0.252,-0.684,-0.383,0.554,-6.038,0.519,-0.053,-0.28,-0.44,0.874,0.084,-1.389,-0.153,-0.238,-0.488,0.897,1.702,5.626,-1.038,0.304,-0.446,0.722,-0.511,2.916,0.0,arriba
1780982497.2635517,-0.843,-0.243,0.493,-1.076,1.489,-1.237,-0.682,-0.378,0.564,-6.634,0.359,-0.061,-0.279,-0.441,0.873,-0.55,-0.458,0.214,-0.24,-0.491,0.895,1.641,6.534,-1.244,0.301,-0.446,0.736,-0.443,2.427,-0.336,arriba
1780982497.3652644,-0.846,-0.238,0.493,-0.733,1.374,-0.328,-0.685,-0.381,0.557,-6.244,0.878,-0.313,-0.278,-0.444,0.876,-0.366,0.206,0.298,-0.24,-0.494,0.901,1.611,7.244,-0.664,0.295,-0.452,0.733,-0.397,2.687,0.435,arriba
1780982500.0362961,-0.842,-0.237,0.5,-0.954,1.603,-1.046,-0.679,-0.385,0.555,-6.481,0.481,-0.542,-0.277,-0.446,0.869,-0.313,0.664,0.038,-0.235,-0.494,0.902,1.443,7.122,-1.13,0.303,-0.45,0.737,-1.458,0.359,0.687,arriba
1780982500.1378624,-0.843,-0.235,0.501,-1.344,1.328,-0.427,-0.684,-0.381,0.553,-6.26,0.756,-0.298,-0.279,-0.442,0.875,0.115,-0.122,-0.046,-0.238,-0.494,0.892,2.038,6.962,-0.015,0.297,-0.453,0.728,0.359,4.359,-0.344,arriba
1780982500.2408228,-0.845,-0.235,0.505,-0.458,1.099,-0.786,-0.682,-0.381,0.559,-6.435,0.786,-0.748,-0.277,-0.445,0.877,-0.191,-0.305,-0.641,-0.239,-0.49,0.902,1.748,6.542,-0.252,0.302,-0.448,0.724,-0.718,2.031,-0.206,arriba
1780982500.3499875,-0.84,-0.239,0.502,-1.351,2.145,-0.458,-0.683,-0.378,0.559,-6.695,1.008,-0.321,-0.277,-0.444,0.871,-0.221,1.336,0.313,-0.238,-0.497,0.896,1.053,8.221,-0.321,0.297,-0.449,0.732,-0.954,1.313,0.565,arriba
1780982500.4472046,-0.846,-0.236,0.5,-0.985,1.336,-0.962,-0.682,-0.379,0.56,-6.321,0.405,-0.092,-0.283,-0.445,0.873,0.015,-0.16,0.366,-0.237,-0.49,0.893,1.855,6.786,0.084,0.291,-0.445,0.729,0.374,4.313,-0.557,arriba
1780982500.549907,-0.843,-0.238,0.501,-0.504,1.0,-1.336,-0.682,-0.38,0.562,-6.389,0.321,-1.015,-0.277,-0.444,0.878,-0.305,-0.496,-0.092,-0.236,-0.491,0.89,1.397,7.412,-0.649,0.299,-0.442,0.73,-1.534,0.779,0.145,arriba
1780982500.6658146,-0.844,-0.241,0.491,-1.305,1.687,-0.397,-0.685,-0.38,0.558,-6.679,0.924,0.55,-0.277,-0.441,0.88,-0.153,0.802,0.656,-0.241,-0.496,0.889,1.878,7.397,-0.389,0.298,-0.447,0.725,-0.687,1.954,0.221,arriba
1780982500.7669885,-0.846,-0.238,0.5,-0.427,1.466,-0.176,-0.684,-0.383,0.558,-5.855,0.885,-0.16,-0.281,-0.44,0.878,-0.046,0.718,0.214,-0.237,-0.495,0.904,2.0,7.344,0.183,0.293,-0.448,0.727,0.298,3.771,-0.641,arriba
1780982500.865012,-0.848,-0.234,0.501,-1.366,3.397,0.466,-0.679,-0.383,0.569,-5.061,2.656,1.061,-0.286,-0.439,0.892,3.298,3.099,1.634,-0.411,-0.548,0.877,13.099,11.214,14.374,0.283,-0.435,0.705,-2.695,-2.794,-0.466,arriba
1780982500.9705133,-0.917,-0.216,0.513,41.412,-13.206,39.885,-0.822,-0.363,0.578,58.87,-11.275,39.542,-0.34,-0.388,0.979,77.42,-25.969,9.206,-0.29,-0.439,0.96,66.847,-20.992,11.641,0.313,-0.449,0.723,-1.863,-17.527,-7.076,arriba
1780982501.065362,-0.83,-0.085,0.518,38.16,-13.87,44.183,-0.661,-0.14,0.536,44.916,-10.718,36.557,-0.259,-0.207,0.871,50.878,-14.908,13.023,-0.234,-0.301,0.972,44.435,-9.42,11.176,0.35,-0.421,0.703,3.374,-17.229,-4.305,arriba
1780982501.1782644,-0.832,-0.014,0.554,26.924,-8.412,26.389,-0.697,-0.107,0.623,26.344,-1.282,24.366,-0.263,-0.142,0.936,40.901,-4.282,8.115,-0.21,-0.217,0.945,38.26,-1.267,9.802,0.364,-0.428,0.708,3.046,-12.45,-3.038,arriba
1780982501.2844822,-0.795,0.06,0.538,14.046,-1.763,18.557,-0.645,-0.024,0.605,8.756,-3.336,15.389,-0.222,-0.057,0.909,21.382,-1.206,7.153,-0.192,-0.142,0.942,22.099,3.153,4.87,0.399,-0.411,0.699,2.802,-3.74,-5.275,arriba
1780982501.3837576,-0.808,0.046,0.595,-3.084,6.061,-6.275,-0.692,-0.052,0.662,-11.099,3.809,-6.0,-0.251,-0.098,1.052,-4.13,2.626,-1.321,-0.213,-0.199,1.076,-0.282,10.046,-2.435,0.389,-0.428,0.714,-3.939,5.0,1.679,arriba
1780982501.4773874,-0.769,0.039,0.576,-13.015,4.649,-15.45,-0.636,-0.049,0.667,-21.435,3.275,-14.847,-0.194,-0.075,0.933,-25.13,5.198,-8.595,-0.176,-0.177,0.983,-23.237,15.481,-9.573,0.389,-0.433,0.709,-4.267,16.893,5.71,arriba
1780982501.5804186,-0.819,-0.012,0.535,-30.725,12.954,-36.443,-0.646,-0.105,0.571,-50.985,10.145,-35.641,-0.26,-0.164,0.888,-67.168,7.557,-15.672,-0.232,-0.283,0.988,-57.794,18.977,-17.336,0.347,-0.467,0.754,-5.527,18.748,8.443,arriba
1780982501.683199,-0.852,-0.124,0.508,-40.412,13.618,-49.351,-0.701,-0.261,0.57,-75.053,12.588,-45.275,-0.319,-0.318,0.873,-85.359,15.87,-14.321,-0.242,-0.397,0.883,-72.382,20.046,-18.542,0.324,-0.444,0.731,-0.443,16.427,3.763,arriba
1780982501.7988806,-1.179,-0.001,1.002,49.718,13.382,25.916,-0.879,-0.432,1.039,-3.023,38.282,11.313,-0.152,-0.634,0.927,23.214,48.336,11.382,-0.181,-0.477,0.96,-3.405,14.527,-5.084,0.326,-0.459,0.735,5.145,-14.817,-2.901,arriba
1780982501.8970084,-0.86,-0.241,0.491,-1.771,-0.573,-1.153,-0.688,-0.383,0.55,-5.924,0.58,-1.168,-0.278,-0.44,0.875,-1.137,-6.87,-1.427,-0.234,-0.499,0.901,0.183,1.603,-1.359,0.308,-0.456,0.727,-1.695,4.183,0.305,arriba
1780982501.9982445,-0.84,-0.243,0.492,-0.13,1.924,-0.198,-0.68,-0.38,0.561,-6.939,0.275,-0.71,-0.279,-0.441,0.87,-0.359,0.588,0.718,-0.24,-0.495,0.895,1.466,6.977,-0.42,0.302,-0.438,0.726,-1.053,1.924,-0.206,arriba
1780982504.6698596,-0.851,-0.244,0.499,-0.351,1.206,-1.855,-0.683,-0.383,0.559,-6.076,0.603,-0.366,-0.278,-0.443,0.87,-0.053,-0.053,0.412,-0.238,-0.494,0.898,2.008,7.206,0.023,0.298,-0.449,0.725,-0.214,3.145,-0.443,arriba
1780982504.7843516,-0.845,-0.235,0.503,-1.0,1.489,-0.527,-0.687,-0.38,0.56,-6.527,0.771,0.229,-0.277,-0.444,0.882,-1.0,0.763,0.031,-0.232,-0.499,0.9,1.351,7.855,-0.252,0.301,-0.451,0.727,-1.42,0.885,0.603,arriba
1780982504.8761237,-0.846,-0.24,0.499,-0.305,1.176,-0.298,-0.679,-0.383,0.562,-5.885,0.298,-0.191,-0.277,-0.447,0.871,-0.084,-0.496,-0.328,-0.238,-0.495,0.893,1.885,6.214,-0.092,0.298,-0.448,0.738,0.252,4.053,-0.672,arriba
1780982504.9793234,-0.844,-0.24,0.498,-1.191,1.298,-1.557,-0.677,-0.379,0.561,-6.206,0.573,-0.786,-0.275,-0.446,0.871,0.008,-0.336,-0.122,-0.236,-0.495,0.904,1.588,7.511,0.145,0.305,-0.446,0.73,-0.992,1.435,0.16,arriba
1780982505.0821455,-0.844,-0.243,0.497,-1.137,2.198,-0.023,-0.687,-0.383,0.561,-6.511,0.641,-0.672,-0.277,-0.446,0.872,-0.55,0.573,0.107,-0.236,-0.498,0.894,1.359,7.237,-0.924,0.301,-0.451,0.727,-1.031,1.328,0.0,arriba
1780982505.1855145,-0.846,-0.24,0.495,-0.802,0.947,-1.298,-0.687,-0.383,0.554,-6.405,0.115,-0.649,-0.272,-0.445,0.879,0.008,-0.626,0.031,-0.234,-0.495,0.896,1.969,6.176,-0.061,0.297,-0.447,0.724,0.115,3.664,-0.573,arriba
1780982505.2978852,-0.842,-0.235,0.495,-1.0,1.511,-0.733,-0.677,-0.386,0.554,-6.481,0.74,-0.664,-0.272,-0.445,0.867,-0.435,0.534,0.092,-0.235,-0.494,0.892,1.443,8.031,-0.359,0.295,-0.448,0.737,-1.344,0.321,0.695,arriba
1780982505.390895,-0.847,-0.241,0.492,-0.809,0.939,-0.519,-0.685,-0.381,0.562,-6.641,0.496,-0.71,-0.275,-0.45,0.872,-0.412,0.267,0.183,-0.235,-0.5,0.896,1.687,6.198,-0.71,0.304,-0.452,0.726,0.573,4.672,-0.221,arriba
1780982505.4942951,-0.843,-0.239,0.495,-1.031,1.13,-0.985,-0.686,-0.383,0.565,-6.611,0.443,-0.42,-0.275,-0.445,0.872,-0.008,0.084,-0.42,-0.236,-0.493,0.893,2.038,6.092,-0.756,0.302,-0.443,0.722,-0.542,2.443,-0.305,arriba
1780982505.5971558,-0.845,-0.241,0.496,-0.87,2.328,-0.076,-0.679,-0.379,0.564,-6.504,1.183,-0.374,-0.281,-0.442,0.872,-0.229,0.366,0.237,-0.236,-0.492,0.899,1.244,8.206,-0.702,0.309,-0.446,0.726,-1.412,0.595,0.481,arriba
1780982505.7005382,-0.843,-0.243,0.49,-0.687,1.763,-0.137,-0.685,-0.385,0.571,-7.687,-0.382,0.595,-0.273,-0.451,0.877,0.382,1.0,1.443,-0.241,-0.491,0.896,2.672,8.42,0.191,0.292,-0.446,0.732,0.168,2.985,-0.611,arriba
1780982505.8145542,-0.998,-0.268,0.582,53.977,-17.511,47.321,-0.71,-0.366,0.647,80.069,-33.412,40.031,-0.39,-0.482,1.042,82.137,-31.427,7.115,-0.368,-0.523,0.932,67.542,-12.397,15.809,0.313,-0.438,0.719,-4.221,-20.496,-9.031,arriba
1780982505.9143186,-0.772,-0.065,0.53,52.985,-22.779,53.237,-0.615,-0.138,0.547,61.618,-8.214,46.046,-0.197,-0.215,0.841,78.282,-8.031,10.511,-0.186,-0.314,0.895,71.458,-6.817,17.328,0.356,-0.44,0.71,-0.076,-13.084,-5.267,arriba
1780982506.020192,-0.778,0.032,0.555,11.87,-4.527,21.443,-0.635,-0.059,0.611,10.267,-1.099,17.962,-0.221,-0.128,0.974,24.595,-3.26,9.519,-0.198,-0.253,1.033,30.328,-0.855,11.328,0.388,-0.432,0.71,5.198,-6.573,-3.962,arriba
1780982506.1120994,-0.841,0.049,0.607,16.71,-4.58,21.573,-0.707,-0.049,0.705,18.527,-3.382,20.847,-0.208,-0.086,0.999,41.153,-2.885,7.634,-0.176,-0.166,0.968,42.893,-2.962,7.58,0.416,-0.433,0.709,5.504,-15.908,-5.282,arriba
1780982506.2156723,-0.71,0.139,0.522,-1.29,4.252,3.382,-0.575,0.073,0.575,-10.71,2.023,-1.153,-0.166,0.036,0.853,-7.023,1.878,2.053,-0.131,-0.074,0.928,-11.756,10.672,-1.275,0.426,-0.406,0.681,-3.832,9.664,3.176,arriba
1780982506.3325036,-0.724,0.113,0.474,-30.802,16.878,-29.931,-0.578,0.038,0.505,-57.618,18.321,-31.313,-0.186,0.013,0.736,-58.305,10.473,-6.45,-0.163,-0.087,0.849,-55.176,14.672,-12.74,0.385,-0.404,0.695,-12.168,23.756,10.855,arriba
1780982506.43186,-0.85,-0.076,0.504,-57.137,40.756,-77.153,-0.714,-0.194,0.487,-96.397,32.42,-72.374,-0.31,-0.278,0.825,-119.664,33.939,-29.504,-0.279,-0.357,0.853,-106.481,41.466,-32.954,0.31,-0.44,0.732,-2.252,27.985,7.473,arriba
1780982506.5346124,-1.7,-0.25,0.854,-25.588,30.092,15.786,-0.297,-0.449,0.708,-17.237,70.16,4.015,-0.309,-0.339,0.223,28.26,-1.565,5.229,-0.23,-0.406,0.802,-9.924,4.832,-4.099,0.308,-0.397,0.708,3.557,-4.809,-3.366,arriba
1780982506.6273644,-0.873,-0.233,0.484,-2.137,4.702,-0.023,-0.687,-0.383,0.57,-4.931,5.824,-0.282,-0.281,-0.437,0.881,-1.435,-10.626,-1.702,-0.211,-0.485,0.897,-0.328,-2.137,-1.924,0.314,-0.452,0.724,-3.13,3.481,0.603,arriba
1780982509.3144364,-0.843,-0.236,0.495,-1.267,1.351,-1.366,-0.682,-0.38,0.564,-6.221,0.382,-0.359,-0.272,-0.444,0.878,0.046,-0.45,-0.046,-0.235,-0.491,0.898,1.527,6.718,-0.458,0.288,-0.448,0.725,-0.702,2.473,-0.214,arriba
1780982509.417485,-0.84,-0.235,0.497,-0.695,1.725,-0.702,-0.681,-0.379,0.57,-6.405,0.809,-0.298,-0.277,-0.445,0.879,-0.435,0.58,0.542,-0.237,-0.492,0.899,1.55,7.244,0.084,0.293,-0.447,0.727,-0.695,2.046,0.061,arriba
1780982509.511317,-0.838,-0.237,0.5,-1.198,1.313,-1.198,-0.679,-0.383,0.561,-6.458,0.634,-0.031,-0.274,-0.446,0.881,-0.305,0.603,0.466,-0.236,-0.492,0.896,1.611,6.794,-0.557,0.303,-0.447,0.726,-0.58,2.29,-0.16,arriba
1780982509.614048,-0.842,-0.239,0.497,-1.275,0.893,-1.489,-0.679,-0.383,0.566,-6.519,0.489,-0.84,-0.276,-0.448,0.876,-0.206,-0.29,0.321,-0.235,-0.49,0.89,1.908,7.099,0.115,0.295,-0.442,0.726,-0.298,3.115,-0.092,arriba
1780982509.7278144,-0.844,-0.233,0.503,-0.588,0.893,-0.542,-0.679,-0.383,0.562,-6.069,0.336,-1.55,-0.273,-0.442,0.883,-0.336,-0.29,0.099,-0.231,-0.495,0.89,1.786,7.328,-0.427,0.301,-0.441,0.734,-0.443,2.237,-0.145,arriba
1780982509.8313696,-0.839,-0.236,0.495,-0.947,1.679,-1.038,-0.677,-0.38,0.562,-6.061,0.511,-0.679,-0.271,-0.443,0.874,-0.702,0.313,-0.206,-0.235,-0.496,0.9,1.542,6.977,-0.389,0.301,-0.45,0.729,-0.328,2.664,0.099,arriba
1780982509.9326088,-0.851,-0.236,0.5,-0.443,1.473,-0.71,-0.679,-0.381,0.564,-5.74,1.099,-0.168,-0.271,-0.444,0.879,0.145,0.328,0.511,-0.226,-0.491,0.904,2.832,8.771,0.802,0.307,-0.44,0.726,0.45,4.786,0.069,arriba
1780982510.026629,-0.932,-0.261,0.482,-7.649,7.427,-4.099,-0.804,-0.452,0.791,51.183,5.282,17.229,-0.088,-0.404,0.882,64.198,-11.244,4.863,-0.315,-0.675,1.192,35.275,5.313,12.977,0.298,-0.435,0.708,-4.374,-7.679,-0.519,arriba
1780982510.1299574,-0.888,-0.144,0.562,97.626,-34.771,94.702,-0.679,-0.2,0.533,104.168,-22.893,86.542,-0.318,-0.238,0.75,125.282,-39.603,22.916,-0.279,-0.241,0.795,104.282,-29.031,16.634,0.357,-0.438,0.721,1.214,-42.397,-10.16,arriba
1780982510.2420416,-0.724,0.058,0.564,47.74,-15.053,39.58,-0.617,-0.001,0.598,50.015,-8.443,21.603,-0.192,-0.061,0.855,57.13,-6.092,6.626,-0.188,-0.147,0.959,42.305,0.344,6.336,0.377,-0.433,0.716,4.496,-10.534,-4.137,arriba
1780982510.3476794,-0.736,0.156,0.528,4.244,-2.023,10.061,-0.65,0.061,0.591,-4.733,-0.366,7.901,-0.18,0.017,0.876,7.038,-4.099,5.336,-0.121,-0.075,0.947,-0.198,1.672,1.969,0.409,-0.409,0.684,-1.328,1.969,1.076,arriba
1780982510.4468777,-0.815,0.122,0.572,-11.748,9.061,-16.168,-0.684,0.025,0.636,-23.702,6.763,-16.374,-0.244,-0.037,0.943,-23.573,4.458,-2.359,-0.194,-0.135,0.975,-22.664,11.756,-5.092,0.384,-0.42,0.705,-4.71,9.626,3.153,arriba
1780982510.541838,-0.73,0.052,0.5,-43.45,22.176,-50.023,-0.586,-0.035,0.532,-70.031,15.122,-49.443,-0.24,-0.127,0.843,-84.695,18.519,-16.328,-0.207,-0.247,0.952,-79.725,30.931,-17.84,0.345,-0.436,0.722,1.802,30.389,8.26,arriba
1780982510.6448529,-0.689,-0.059,0.348,-82.244,25.824,-82.313,-0.508,-0.152,0.195,-159.328,19.237,-81.618,-0.277,-0.278,0.594,-160.725,31.954,-16.237,-0.201,-0.346,0.769,-131.168,31.908,-20.229,0.327,-0.437,0.74,-2.076,30.489,6.275,arriba
1780982510.7475388,-0.98,-0.187,0.437,-6.626,-36.351,-4.573,-0.732,-0.357,0.608,-7.702,-17.153,-3.069,-0.276,-0.407,0.897,-13.878,-18.557,-4.939,-0.155,-0.484,0.925,-6.389,2.954,-0.74,0.303,-0.454,0.725,-5.046,22.076,2.313,arriba
1780982510.8507717,-0.819,-0.246,0.513,-0.885,2.008,-0.137,-0.683,-0.376,0.572,-7.443,-1.206,0.221,-0.292,-0.437,0.877,-0.55,6.42,0.832,-0.244,-0.481,0.899,2.992,4.092,-0.672,0.293,-0.438,0.727,-1.237,-2.489,-0.458,arriba
1780982510.962498,-0.845,-0.234,0.507,-1.656,-0.458,-1.534,-0.68,-0.378,0.56,-6.237,1.183,-0.863,-0.275,-0.432,0.874,-0.412,-0.489,0.115,-0.22,-0.486,0.908,1.725,8.122,-0.55,0.297,-0.445,0.733,-0.244,4.435,0.26,arriba
1780982511.0676231,-0.841,-0.238,0.512,-0.557,2.084,-0.458,-0.684,-0.374,0.556,-6.588,0.427,-0.351,-0.285,-0.438,0.877,-0.061,-0.122,0.382,-0.233,-0.484,0.908,1.389,5.977,-0.893,0.303,-0.436,0.733,-0.481,1.573,-0.267,arriba
1780982511.1634386,-0.84,-0.234,0.507,-1.153,1.0,-0.328,-0.682,-0.376,0.564,-6.718,0.389,-0.076,-0.278,-0.439,0.877,-0.084,0.122,0.412,-0.232,-0.484,0.911,1.756,7.076,-0.588,0.3,-0.434,0.729,-0.656,2.267,-0.115,arriba
1780982511.2629082,-0.839,-0.232,0.503,-0.679,1.855,-0.328,-0.684,-0.376,0.567,-6.45,1.053,0.74,-0.274,-0.436,0.877,-0.473,0.511,0.29,-0.229,-0.485,0.901,1.183,7.611,-0.649,0.298,-0.443,0.731,-0.702,2.359,0.191,arriba
1780982513.940512,-0.841,-0.238,0.509,-0.58,0.641,-1.321,-0.683,-0.373,0.556,-6.008,0.405,-0.031,-0.281,-0.438,0.881,0.038,-1.031,0.328,-0.23,-0.488,0.897,2.0,6.305,-0.908,0.289,-0.442,0.738,-0.542,2.962,-0.649,arriba
1780982514.0493343,-0.846,-0.235,0.507,-0.985,1.344,-0.473,-0.686,-0.379,0.555,-6.298,0.954,-0.252,-0.275,-0.439,0.871,-0.389,0.412,0.42,-0.229,-0.49,0.9,1.382,7.618,-0.496,0.291,-0.444,0.738,-0.779,1.809,0.336,arriba
1780982514.1492317,-0.843,-0.232,0.505,-0.71,1.519,-0.534,-0.684,-0.379,0.56,-6.298,0.71,-0.786,-0.282,-0.445,0.873,-0.763,0.214,0.344,-0.231,-0.491,0.902,2.053,6.473,0.16,0.293,-0.442,0.731,0.206,4.656,-0.496,arriba
1780982514.24957,-0.844,-0.232,0.505,-0.664,1.863,-1.374,-0.683,-0.377,0.558,-6.382,0.427,-1.053,-0.279,-0.435,0.88,-0.389,-0.275,0.183,-0.233,-0.486,0.905,1.206,7.267,-0.771,0.286,-0.437,0.736,-1.221,0.656,0.076,arriba
1780982514.3529594,-0.842,-0.234,0.501,-1.298,2.076,0.023,-0.684,-0.369,0.557,-6.511,0.992,0.069,-0.276,-0.437,0.877,-0.023,0.084,0.015,-0.233,-0.493,0.901,1.664,7.466,-0.389,0.3,-0.441,0.732,-0.756,1.481,0.344,arriba
1780982514.464202,-0.846,-0.23,0.507,-0.519,1.389,-0.168,-0.688,-0.375,0.556,-5.718,0.321,-0.641,-0.28,-0.439,0.877,-0.183,-0.214,-0.588,-0.232,-0.485,0.9,1.756,6.099,-0.275,0.295,-0.439,0.737,-0.282,2.863,-0.466,arriba
1780982514.5585377,-0.842,-0.235,0.513,-1.397,1.282,-1.069,-0.683,-0.375,0.572,-6.42,0.832,-0.313,-0.281,-0.441,0.882,0.71,0.42,0.16,-0.231,-0.489,0.89,1.992,8.206,-0.275,0.286,-0.446,0.728,-0.893,1.817,0.191,arriba
1780982514.6621706,-0.843,-0.233,0.509,-2.885,6.29,0.786,-0.72,-0.327,0.609,-3.542,1.565,2.412,-0.448,-0.603,1.326,76.069,4.412,10.481,-0.138,-0.646,1.282,39.053,10.221,26.16,0.317,-0.472,0.727,4.626,8.87,4.382,arriba
1780982514.7648172,-0.862,-0.117,0.497,67.473,-28.908,75.496,-0.67,-0.231,0.598,83.824,-24.962,69.344,-0.24,-0.272,0.935,104.565,-27.863,27.336,-0.215,-0.351,0.986,98.687,-22.618,34.29,0.399,-0.44,0.697,5.26,-32.489,-3.718,arriba
1780982514.8783185,-0.742,0.044,0.519,28.885,-12.374,34.328,-0.638,-0.053,0.612,34.389,-8.328,29.137,-0.223,-0.107,1.004,51.481,-2.725,11.763,-0.185,-0.21,1.017,55.771,3.153,12.916,0.386,-0.43,0.715,4.756,-11.412,-3.176,arriba
1780982514.9792454,-0.807,0.081,0.586,6.641,-1.687,14.878,-0.676,-0.012,0.672,5.237,-1.13,13.534,-0.233,-0.04,0.987,19.122,-0.099,7.504,-0.191,-0.138,1.05,26.092,3.099,8.55,0.396,-0.421,0.721,7.588,-6.466,-2.557,arriba
1780982515.0797088,-0.799,0.079,0.631,0.443,3.489,2.771,-0.672,0.004,0.693,-2.519,3.443,2.992,-0.224,-0.02,0.99,5.901,1.969,-0.855,-0.205,-0.103,1.048,11.397,10.214,1.053,0.395,-0.397,0.705,0.542,-1.107,-1.13,arriba
1780982515.1770947,-0.788,0.111,0.552,-4.351,8.947,-6.519,-0.659,0.035,0.606,-15.382,7.29,-7.351,-0.249,0.025,0.908,-11.962,4.748,-3.298,-0.209,-0.069,0.968,-11.542,10.504,-4.389,0.383,-0.387,0.686,-5.092,7.687,1.198,arriba
1780982515.2803824,-0.805,0.063,0.571,-23.511,13.977,-24.053,-0.675,-0.015,0.596,-36.481,7.756,-22.794,-0.26,-0.039,0.917,-38.962,3.84,-8.748,-0.212,-0.13,0.984,-34.992,13.595,-10.618,0.368,-0.402,0.709,-11.603,16.893,0.863,arriba
1780982515.39858,-0.778,-0.01,0.518,-34.122,16.107,-48.031,-0.639,-0.103,0.562,-60.992,9.931,-47.542,-0.261,-0.152,0.866,-78.718,12.168,-22.351,-0.223,-0.254,0.961,-71.061,23.985,-23.687,0.341,-0.435,0.729,-11.802,28.206,9.595,arriba
1780982515.4862552,-0.827,-0.137,0.496,-53.511,15.359,-60.107,-0.701,-0.273,0.499,-99.069,10.168,-56.908,-0.32,-0.327,0.788,-114.664,13.802,-16.802,-0.241,-0.396,0.849,-101.649,16.748,-27.481,0.312,-0.428,0.719,-1.504,18.595,2.519,arriba
1780982515.600295,-0.864,-0.237,0.485,-6.282,16.649,-0.817,-0.691,-0.399,0.482,-6.191,-21.458,-3.023,-0.325,-0.44,0.859,9.374,2.359,-2.29,-0.293,-0.482,0.893,3.656,3.863,-3.237,0.311,-0.438,0.736,-6.687,-1.313,0.107,arriba
1780982515.6918736,-0.837,-0.238,0.497,-2.031,-1.481,-2.573,-0.678,-0.378,0.566,-6.718,-2.939,-1.137,-0.266,-0.444,0.878,-1.313,4.832,0.695,-0.236,-0.493,0.9,2.168,13.198,0.664,0.298,-0.445,0.723,0.679,2.84,0.053,arriba
1780982515.7946856,-0.849,-0.235,0.498,-0.664,1.702,-0.481,-0.694,-0.382,0.552,-5.87,0.626,-0.137,-0.274,-0.44,0.875,-0.046,-2.718,-0.412,-0.234,-0.487,0.906,1.565,4.458,-1.046,0.298,-0.441,0.732,-0.336,3.008,-0.55,arriba
1780982518.581761,-0.843,-0.235,0.493,-1.534,2.237,-0.328,-0.685,-0.379,0.561,-6.763,0.969,-0.305,-0.274,-0.44,0.876,-0.305,0.687,0.244,-0.24,-0.492,0.903,1.389,8.015,-0.565,0.297,-0.44,0.723,-1.771,0.198,0.351,arriba
1780982518.686037,-0.846,-0.239,0.498,-1.328,0.985,-1.55,-0.683,-0.38,0.566,-6.397,0.893,-0.534,-0.277,-0.443,0.88,-0.374,0.397,0.214,-0.234,-0.493,0.897,2.237,6.847,-0.344,0.297,-0.436,0.73,0.275,4.084,-0.756,arriba
1780982518.7827487,-0.841,-0.235,0.509,-0.58,0.649,-1.122,-0.687,-0.379,0.562,-6.412,-0.008,-1.092,-0.278,-0.446,0.873,-0.359,-0.137,0.16,-0.233,-0.49,0.902,1.267,7.061,-1.382,0.293,-0.438,0.729,-1.305,0.687,0.313,arriba
1780982518.8845139,-0.84,-0.236,0.512,-0.847,2.481,0.344,-0.685,-0.379,0.557,-6.595,0.916,0.336,-0.275,-0.442,0.875,0.069,-0.122,0.763,-0.238,-0.492,0.893,1.748,7.344,-0.382,0.293,-0.443,0.728,-0.198,3.26,0.137,arriba
1780982518.9950461,-0.843,-0.234,0.503,-0.26,2.733,0.573,-0.682,-0.379,0.564,-7.908,2.031,2.191,-0.28,-0.441,0.892,2.817,4.344,3.87,-0.245,-0.49,0.903,2.198,12.481,1.855,0.29,-0.437,0.735,0.336,4.153,0.328,arriba
1780982519.0912058,-0.931,-0.264,0.551,74.55,3.267,62.756,-0.759,-0.383,0.64,110.947,-2.985,59.824,-0.391,-0.403,0.946,133.336,-22.565,14.519,-0.279,-0.469,0.98,126.321,-8.603,34.718,0.3,-0.434,0.726,-1.916,-19.42,-4.099,arriba
1780982519.1946664,-0.788,-0.033,0.476,56.198,-16.908,59.733,-0.658,-0.105,0.587,67.344,-6.26,55.031,-0.262,-0.136,0.858,96.641,-2.229,15.794,-0.234,-0.215,0.911,89.038,-1.977,18.939,0.331,-0.455,0.737,12.527,-17.458,-10.45,arriba
1780982519.2966359,-0.795,0.084,0.543,21.107,-9.16,30.328,-0.683,0.02,0.614,21.855,-3.053,25.908,-0.231,0.011,0.924,38.74,-3.87,13.0,-0.206,-0.083,1.02,41.802,0.603,11.893,0.374,-0.401,0.71,8.397,-11.565,-4.053,arriba
1780982519.3999438,-0.767,0.108,0.549,0.168,5.992,-5.221,-0.653,0.037,0.613,-10.084,6.786,-8.466,-0.244,0.027,0.938,-5.641,5.695,-5.794,-0.208,-0.044,0.996,-5.206,13.092,-6.679,0.384,-0.403,0.707,-3.939,8.42,-0.718,arriba
1780982519.5150242,-0.788,0.077,0.529,-28.527,10.969,-27.771,-0.664,-0.015,0.637,-41.313,1.954,-27.321,-0.237,-0.018,0.954,-46.412,1.771,-8.847,-0.189,-0.089,0.971,-45.763,12.466,-15.473,0.37,-0.415,0.722,-11.153,18.504,3.992,arriba
1780982519.615926,-0.847,-0.07,0.587,-51.74,21.55,-62.695,-0.695,-0.174,0.643,-76.313,12.214,-57.511,-0.261,-0.205,0.996,-103.687,11.229,-32.473,-0.236,-0.277,0.927,-106.405,24.107,-37.992,0.312,-0.443,0.721,-1.061,27.588,9.0,arriba
1780982519.7095082,-0.93,-0.157,0.518,-27.649,3.008,-33.817,-0.796,-0.357,0.702,-48.359,-13.168,-30.328,-0.335,-0.388,1.091,-56.237,-2.916,-8.397,-0.263,-0.475,1.06,-55.313,2.74,-16.336,0.295,-0.439,0.733,-1.863,4.87,-0.313,arriba
1780982519.8125129,-0.782,-0.177,0.433,-42.26,11.0,-38.321,-0.64,-0.315,0.508,-72.542,10.328,-34.756,-0.26,-0.394,0.828,-81.176,10.107,-4.672,-0.226,-0.477,0.906,-67.183,15.855,-12.58,0.321,-0.456,0.7,-3.672,13.756,2.397,arriba
1780982519.91515,-0.809,-0.244,0.512,2.061,3.26,-2.672,-0.671,-0.379,0.566,-6.687,-5.374,-1.237,-0.263,-0.453,0.882,0.29,7.786,0.985,-0.248,-0.495,0.894,3.115,13.802,-0.137,0.283,-0.434,0.731,2.443,2.458,-0.351,arriba
1780982520.018298,-0.854,-0.236,0.492,-0.718,2.061,-0.466,-0.693,-0.377,0.554,-6.458,0.664,-0.481,-0.281,-0.44,0.875,-0.053,-4.328,-0.672,-0.233,-0.489,0.897,1.168,4.824,-1.313,0.297,-0.442,0.734,-0.389,2.847,-0.122,arriba
1780982520.1291428,-0.842,-0.239,0.502,-0.809,1.046,-0.786,-0.688,-0.38,0.557,-6.26,0.13,-1.046,-0.28,-0.44,0.877,-0.733,0.298,-0.389,-0.238,-0.495,0.897,1.679,6.389,-0.405,0.288,-0.444,0.73,-0.542,2.16,-0.237,arriba
1780982520.2330375,-0.846,-0.239,0.495,-0.985,0.443,-0.58,-0.677,-0.381,0.552,-6.595,0.504,-0.58,-0.279,-0.44,0.873,-0.099,-0.672,-0.626,-0.231,-0.49,0.899,1.649,6.214,-0.832,0.295,-0.436,0.743,-0.389,2.962,-0.206,arriba
1780982520.3273773,-0.843,-0.233,0.499,-0.855,1.71,-0.313,-0.686,-0.382,0.561,-6.382,0.305,-0.763,-0.28,-0.446,0.874,-0.206,-0.496,0.466,-0.236,-0.494,0.896,1.664,7.0,-0.015,0.298,-0.437,0.741,-0.366,2.504,-0.069,arriba
1780982520.4444227,-0.842,-0.236,0.502,-0.901,2.031,-1.305,-0.681,-0.377,0.562,-6.489,0.359,-0.695,-0.279,-0.442,0.873,-0.42,0.26,0.298,-0.234,-0.492,0.898,1.809,7.328,-0.26,0.295,-0.437,0.732,-0.649,2.206,-0.115,arriba
1780982523.2109332,-0.841,-0.237,0.5,-0.275,1.031,-1.145,-0.686,-0.372,0.568,-6.122,0.458,-0.656,-0.278,-0.443,0.876,-0.473,-0.244,-0.084,-0.235,-0.49,0.896,1.214,6.45,-1.542,0.292,-0.436,0.733,-1.527,0.443,-0.176,arriba
1780982523.3141403,-0.842,-0.233,0.502,-1.382,2.282,-0.458,-0.687,-0.377,0.559,-6.519,0.962,-0.458,-0.279,-0.445,0.874,-0.618,0.695,0.137,-0.232,-0.496,0.897,1.344,7.366,-0.26,0.299,-0.438,0.737,-0.611,1.931,0.298,arriba
1780982523.4268334,-0.844,-0.229,0.505,-1.672,1.473,-0.557,-0.683,-0.377,0.561,-6.443,-0.053,-0.733,-0.28,-0.443,0.879,0.107,-0.168,-0.015,-0.233,-0.494,0.896,2.046,6.359,-0.29,0.286,-0.438,0.742,-0.305,2.634,-0.763,arriba
1780982523.5289972,-0.841,-0.235,0.504,-0.496,0.267,-1.679,-0.686,-0.377,0.556,-5.977,0.336,-1.634,-0.274,-0.444,0.873,-0.26,-0.58,-0.275,-0.235,-0.494,0.903,1.153,6.687,-1.198,0.286,-0.435,0.73,-1.641,0.763,-0.031,arriba
1780982523.629576,-0.846,-0.235,0.505,-0.885,3.29,0.13,-0.685,-0.38,0.562,-7.176,1.145,-0.008,-0.275,-0.446,0.878,0.908,2.557,1.29,-0.233,-0.497,0.899,1.885,10.031,1.13,0.291,-0.441,0.737,-0.267,2.031,-0.015,arriba
1780982523.7266178,-1.037,-0.274,0.607,56.321,-8.748,53.16,-0.861,-0.457,0.767,91.214,-7.641,58.008,-0.396,-0.448,0.998,123.351,-26.695,10.786,-0.339,-0.519,1.046,88.527,-22.099,23.313,0.257,-0.413,0.74,0.313,-23.634,-9.573,arriba
1780982523.8293407,-0.804,-0.086,0.55,58.046,-18.511,54.733,-0.628,-0.151,0.546,66.824,-3.427,47.802,-0.235,-0.165,0.805,77.878,-2.435,13.489,-0.208,-0.26,0.874,80.26,-3.908,22.626,0.34,-0.433,0.711,3.702,-14.611,1.145,arriba
1780982523.945428,-0.819,0.009,0.575,23.573,-2.687,20.794,-0.698,-0.061,0.584,23.733,1.618,16.58,-0.291,-0.101,0.927,38.176,7.42,4.687,-0.264,-0.205,0.982,47.351,7.282,11.26,0.35,-0.43,0.714,8.878,-3.969,-2.595,arriba
1780982524.035122,-0.83,0.068,0.547,16.366,-5.176,23.985,-0.722,-0.031,0.671,15.924,-0.191,24.634,-0.257,-0.031,0.991,41.191,-1.389,12.198,-0.22,-0.103,1.019,42.985,0.824,12.573,0.39,-0.421,0.722,11.855,-13.947,-4.046,arriba
1780982524.144173,-0.652,0.134,0.496,-12.504,3.374,-9.0,-0.52,0.093,0.532,-28.817,4.679,-14.534,-0.149,0.08,0.809,-33.786,2.565,-5.504,-0.134,-0.014,0.892,-36.565,15.29,-10.16,0.398,-0.382,0.672,-13.58,18.534,10.206,arriba
1780982524.241507,-0.824,0.053,0.467,-31.718,22.534,-45.237,-0.664,-0.035,0.415,-70.901,18.641,-47.992,-0.289,-0.042,0.676,-87.924,9.947,-16.481,-0.208,-0.115,0.74,-86.939,20.969,-26.687,0.333,-0.417,0.711,-14.885,23.168,-0.153,arriba
1780982524.3443031,-0.899,-0.182,0.559,-59.053,28.527,-72.618,-0.802,-0.35,0.647,-106.29,21.214,-62.916,-0.359,-0.363,0.935,-115.076,25.237,-23.588,-0.283,-0.41,0.878,-91.191,26.611,-30.847,0.281,-0.424,0.723,0.412,19.641,4.695,arriba
1780982524.447248,-0.788,-0.238,0.465,2.534,7.557,-2.214,-0.628,-0.417,0.684,-7.519,8.382,-0.427,-0.263,-0.296,0.627,14.908,-9.481,3.183,-0.234,-0.479,0.881,0.985,7.412,-1.992,0.295,-0.427,0.718,-1.305,-2.237,-1.26,arriba
1780982524.562919,-0.844,-0.24,0.499,-2.076,-0.908,-1.366,-0.682,-0.383,0.563,-6.168,-2.015,-0.718,-0.268,-0.441,0.874,-2.183,-2.137,0.023,-0.235,-0.496,0.898,2.137,8.053,0.137,0.29,-0.438,0.742,1.26,5.244,-0.107,arriba
1780982524.652872,-0.845,-0.24,0.494,-0.061,2.038,-1.176,-0.683,-0.379,0.551,-6.374,0.55,-0.977,-0.28,-0.442,0.869,-0.71,-1.076,-0.588,-0.24,-0.49,0.898,1.237,5.893,-0.763,0.299,-0.439,0.727,-1.267,1.206,-0.031,arriba
1780982524.769193,-0.844,-0.241,0.498,-1.45,1.573,-0.794,-0.682,-0.384,0.562,-6.908,0.916,-0.565,-0.279,-0.445,0.871,-0.344,0.794,0.771,-0.234,-0.494,0.897,1.58,7.145,-0.458,0.297,-0.443,0.738,-0.588,2.55,0.115,arriba
1780982524.8594298,-0.844,-0.235,0.501,-0.969,1.122,-0.626,-0.684,-0.381,0.559,-6.298,0.099,-0.794,-0.28,-0.443,0.871,-0.42,-1.168,0.626,-0.237,-0.491,0.902,1.725,5.863,-0.374,0.295,-0.434,0.737,-0.168,3.26,-0.588,arriba
1780982524.9619973,-0.844,-0.24,0.495,-0.687,0.71,-1.115,-0.682,-0.381,0.561,-6.481,0.359,-0.672,-0.278,-0.445,0.878,-0.664,-0.137,-0.061,-0.24,-0.494,0.892,1.45,7.023,-0.679,0.296,-0.44,0.735,-1.718,0.214,0.145,arriba
1780982525.0666356,-0.844,-0.237,0.493,-0.863,1.427,-0.015,-0.681,-0.383,0.56,-6.695,0.641,-0.076,-0.276,-0.442,0.871,-0.504,0.16,0.229,-0.238,-0.495,0.9,1.947,6.924,-0.481,0.296,-0.44,0.73,-0.084,3.328,-0.137,arriba
1780982527.8572896,-0.842,-0.224,0.497,-0.206,2.832,0.954,-0.679,-0.375,0.565,-6.885,0.267,1.023,-0.276,-0.441,0.877,0.351,3.916,0.962,-0.25,-0.485,0.898,1.489,5.908,-0.206,0.291,-0.445,0.731,-1.221,-0.366,-0.565,arriba
1780982527.9493706,-0.841,-0.228,0.495,-0.649,0.45,-0.458,-0.677,-0.38,0.562,-6.046,1.137,1.031,-0.273,-0.445,0.881,0.588,0.496,1.374,-0.235,-0.489,0.899,3.099,8.366,2.107,0.294,-0.454,0.722,1.969,8.55,-0.229,arriba
1780982528.0525463,-0.841,-0.226,0.499,-1.405,1.809,-1.115,-0.685,-0.375,0.563,-6.397,1.405,0.298,-0.271,-0.441,0.882,-0.473,1.504,1.328,-0.237,-0.491,0.899,1.916,10.046,0.26,0.3,-0.449,0.732,-0.527,4.076,0.817,arriba
1780982528.1614795,-0.861,-0.225,0.494,-0.748,2.031,-0.214,-0.692,-0.385,0.562,-6.282,0.626,0.45,-0.283,-0.443,0.872,-0.168,-0.084,0.924,-0.244,-0.487,0.898,1.489,9.015,-0.382,0.291,-0.449,0.732,-0.634,3.038,0.16,arriba
1780982528.2584364,-0.853,-0.222,0.494,-0.962,1.542,0.71,-0.689,-0.375,0.56,-6.321,1.344,0.595,-0.278,-0.436,0.877,0.191,0.725,1.145,-0.243,-0.486,0.899,2.099,6.908,0.008,0.281,-0.455,0.726,0.214,4.359,-0.046,arriba
1780982528.3615742,-0.875,-0.221,0.46,0.183,0.328,-0.878,-0.67,-0.375,0.567,-6.573,1.824,0.511,-0.285,-0.44,0.876,0.275,1.008,0.84,-0.246,-0.487,0.901,2.733,8.344,0.45,0.282,-0.446,0.727,0.336,4.725,0.076,arriba
1780982528.4771457,-0.856,-0.22,0.491,-0.947,0.473,-1.924,-0.687,-0.376,0.556,-5.809,0.191,-1.519,-0.287,-0.443,0.884,-0.168,-0.366,-0.435,-0.239,-0.494,0.911,1.298,7.573,-0.664,0.283,-0.45,0.737,0.328,3.137,-0.206,arriba
1780982528.576111,-0.878,-0.26,0.484,7.45,12.214,-7.405,-0.981,-0.713,1.176,59.008,17.939,31.053,-0.228,-0.534,1.152,92.817,0.695,15.282,-0.193,-0.545,1.131,89.855,4.702,24.244,0.292,-0.463,0.752,6.427,-2.939,1.206,arriba
1780982528.677164,-0.802,-0.092,0.439,83.183,-31.618,96.374,-0.674,-0.206,0.549,89.901,-11.527,89.511,-0.27,-0.223,0.897,133.321,-13.802,38.176,-0.205,-0.252,0.951,130.397,-21.992,41.687,0.389,-0.401,0.706,35.702,-48.29,-21.397,arriba
1780982528.773719,-0.743,0.123,0.512,46.992,-6.267,48.565,-0.651,0.032,0.58,44.595,3.107,39.947,-0.245,-0.002,0.998,73.038,1.145,7.809,-0.238,-0.078,1.054,71.672,-0.206,4.603,0.435,-0.327,0.705,30.847,-20.74,-25.183,arriba
1780982528.8769321,-0.727,0.217,0.482,18.794,3.389,20.0,-0.64,0.129,0.558,14.412,2.0,14.656,-0.236,0.143,0.904,27.061,4.641,-0.061,-0.194,0.07,0.972,36.382,5.939,1.115,0.471,-0.289,0.722,10.817,-7.298,-12.336,arriba
1780982528.9796383,-0.748,0.236,0.468,-5.817,7.748,-12.122,-0.644,0.158,0.501,-18.962,3.389,-15.71,-0.254,0.18,0.805,-23.145,0.733,-10.145,-0.206,0.096,0.927,-21.504,9.176,-10.45,0.442,-0.234,0.668,-19.595,13.992,6.511,arriba
1780982529.0987484,-0.78,0.176,0.483,-20.328,8.038,-32.985,-0.709,0.062,0.541,-39.092,8.405,-31.031,-0.269,0.097,0.882,-43.588,5.328,-11.176,-0.197,0.06,0.911,-34.397,14.924,-10.305,0.427,-0.269,0.669,-22.412,23.13,6.321,arriba
1780982529.1976852,-0.805,0.07,0.519,-28.29,12.046,-52.611,-0.693,-0.037,0.567,-47.45,7.649,-52.664,-0.285,-0.025,0.88,-72.481,12.557,-25.771,-0.238,-0.095,0.959,-65.649,26.504,-23.824,0.379,-0.359,0.725,-19.076,41.13,11.496,arriba
1780982529.2950826,-0.717,-0.035,0.404,-63.626,5.153,-92.015,-0.602,-0.18,0.437,-104.779,-5.099,-94.244,-0.251,-0.267,0.787,-155.282,8.672,-41.565,-0.191,-0.323,0.87,-155.0,26.298,-48.58,0.362,-0.53,0.909,-35.672,49.473,24.382,arriba
1780982529.391594,-0.949,-0.156,0.522,-3.16,-9.313,-8.458,-0.784,-0.335,0.417,-8.878,13.328,-2.42,-0.163,-0.414,0.961,44.145,4.649,2.183,-0.054,-0.344,0.561,-13.885,0.641,-14.366,0.314,-0.444,0.701,-1.527,-4.534,-3.115,arriba
1780982529.4945257,-0.848,-0.221,0.495,-4.359,-6.84,-3.534,-0.685,-0.372,0.552,-6.206,-6.29,-1.855,-0.259,-0.434,0.887,-2.107,-4.046,-1.481,-0.22,-0.493,0.918,2.084,12.595,-0.573,0.291,-0.449,0.74,2.145,9.542,1.076,arriba
1780982529.5974202,-0.85,-0.227,0.502,-0.069,3.71,0.504,-0.686,-0.375,0.554,-7.0,1.053,0.489,-0.292,-0.437,0.88,-0.527,-0.13,0.076,-0.255,-0.488,0.898,1.443,5.565,-0.557,0.282,-0.436,0.737,-0.969,0.771,-0.092,arriba
1780982529.7000303,-0.851,-0.227,0.499,-0.962,1.069,-0.916,-0.686,-0.372,0.553,-6.42,0.649,-0.145,-0.288,-0.438,0.875,-0.206,0.29,0.008,-0.243,-0.49,0.896,1.878,7.336,-0.412,0.287,-0.448,0.743,-0.718,3.176,0.16,arriba
1780982532.481675,-0.85,-0.228,0.492,-1.0,1.489,-0.496,-0.691,-0.376,0.558,-6.321,0.733,-0.031,-0.284,-0.446,0.875,-0.412,-0.229,-0.282,-0.248,-0.489,0.895,1.702,7.053,-0.756,0.282,-0.444,0.74,-0.664,1.977,0.031,arriba
1780982532.5960417,-0.851,-0.225,0.494,-1.0,1.466,-0.885,-0.687,-0.379,0.559,-6.206,0.687,0.0,-0.282,-0.442,0.873,0.084,-0.641,-0.16,-0.247,-0.491,0.897,1.153,6.924,-1.0,0.279,-0.441,0.734,-0.748,2.107,-0.092,arriba
1780982532.6879346,-0.853,-0.228,0.497,-0.733,1.504,-0.817,-0.684,-0.378,0.557,-6.122,0.847,-0.115,-0.284,-0.439,0.873,-0.542,0.389,-0.282,-0.243,-0.49,0.898,1.718,6.55,-0.74,0.279,-0.452,0.731,-0.481,2.71,-0.092,arriba
1780982532.7984202,-0.847,-0.226,0.495,-0.71,1.626,-0.618,-0.685,-0.381,0.558,-6.198,0.443,-0.214,-0.282,-0.443,0.868,-0.214,-0.115,0.084,-0.246,-0.493,0.891,1.901,7.13,-0.527,0.284,-0.442,0.734,-0.55,2.282,0.084,arriba
1780982532.8935354,-0.854,-0.23,0.49,-0.664,1.328,-1.244,-0.686,-0.375,0.558,-6.611,0.534,-0.832,-0.285,-0.444,0.875,0.076,-0.664,0.328,-0.247,-0.492,0.901,1.542,7.176,-0.74,0.287,-0.444,0.732,-0.55,2.374,0.168,arriba
1780982532.9972064,-0.85,-0.225,0.491,-0.962,1.985,0.786,-0.689,-0.378,0.567,-4.183,2.954,2.504,-0.29,-0.447,0.911,3.649,5.344,3.252,-0.265,-0.504,0.923,3.595,12.511,2.115,0.289,-0.435,0.715,1.611,4.58,0.977,arriba
1780982533.1115258,-0.967,-0.256,0.647,78.733,-16.176,66.45,-0.841,-0.358,0.57,109.198,-9.893,62.015,-0.404,-0.375,0.957,148.725,-15.389,22.382,-0.334,-0.408,0.962,136.916,-16.366,41.985,0.26,-0.435,0.748,2.695,-21.275,-3.74,arriba
1780982533.2027433,-0.744,0.016,0.456,48.122,-24.351,59.443,-0.594,-0.046,0.521,50.099,-8.885,48.893,-0.229,-0.031,0.865,68.084,-4.511,19.969,-0.206,-0.096,0.907,73.534,-2.924,21.496,0.353,-0.408,0.708,18.023,-16.092,1.229,arriba
1780982533.3058329,-0.793,0.101,0.513,13.427,1.374,15.649,-0.671,0.03,0.575,9.351,5.13,12.863,-0.287,0.036,0.9,24.58,5.786,4.504,-0.242,-0.011,0.959,31.84,5.069,5.679,0.352,-0.392,0.719,4.153,-5.031,-6.947,arriba
1780982533.4087703,-0.824,0.109,0.552,0.198,3.863,-1.702,-0.709,0.017,0.611,-7.962,3.275,-2.702,-0.296,0.038,0.951,-2.084,1.496,-1.824,-0.253,-0.01,0.998,-2.374,8.008,-3.237,0.344,-0.382,0.718,-2.809,2.0,-1.336,arriba
1780982533.5118523,-0.829,0.081,0.556,-5.992,5.183,-8.71,-0.726,-0.014,0.638,-14.626,2.763,-7.855,-0.297,0.012,0.992,-9.221,1.099,-4.718,-0.257,-0.037,1.027,-7.252,8.374,-6.092,0.358,-0.392,0.73,-6.0,4.74,-2.489,arriba
1780982533.6264446,-0.825,0.072,0.56,-10.427,2.977,-12.107,-0.7,-0.016,0.624,-18.618,-0.13,-12.809,-0.277,0.006,0.944,-19.405,-1.336,-6.397,-0.241,-0.057,1.0,-19.588,8.824,-8.718,0.351,-0.403,0.731,-8.397,8.931,-0.321,arriba
1780982533.7271092,-0.785,0.051,0.495,-21.626,7.763,-26.641,-0.661,-0.042,0.554,-40.214,1.237,-28.137,-0.26,-0.038,0.857,-61.244,-3.26,-15.664,-0.208,-0.107,0.928,-63.29,11.489,-22.015,0.352,-0.449,0.789,-15.641,16.031,4.321,arriba
1780982533.828094,-0.912,-0.083,0.575,-36.847,19.595,-45.023,-0.782,-0.226,0.697,-46.748,11.344,-35.573,-0.344,-0.244,1.018,-52.107,6.267,-17.962,-0.329,-0.361,1.102,-63.015,23.672,-24.466,0.28,-0.43,0.738,0.351,15.87,3.634,arriba
1780982533.9328747,-0.663,-0.165,0.349,-114.26,27.298,-98.656,-0.579,-0.358,0.479,-169.229,14.992,-94.992,-0.255,-0.393,0.719,-203.672,21.595,-20.473,-0.195,-0.627,0.94,-156.046,42.542,-44.443,0.276,-0.356,0.652,-21.16,14.489,-0.542,arriba
1780982534.1299007,-0.851,-0.225,0.497,-0.542,2.13,-0.679,-0.689,-0.369,0.544,-6.038,0.298,-0.702,-0.284,-0.431,0.886,-0.954,-6.328,-1.58,-0.238,-0.48,0.904,0.733,3.931,-1.336,0.289,-0.438,0.736,-0.038,4.969,0.328,arriba
1780982534.2449934,-0.846,-0.225,0.511,-0.634,2.847,-0.603,-0.687,-0.37,0.564,-6.481,0.603,-0.992,-0.288,-0.432,0.871,-0.427,1.115,0.206,-0.259,-0.487,0.905,1.656,6.053,-0.863,0.28,-0.435,0.737,-0.924,1.145,-0.527,arriba
1780982534.3468387,-0.846,-0.22,0.492,-0.687,0.573,-0.397,-0.69,-0.372,0.565,-5.794,0.405,-1.397,-0.286,-0.43,0.877,0.115,-0.183,-0.153,-0.25,-0.486,0.898,1.504,7.023,-0.672,0.28,-0.442,0.74,-0.748,2.458,0.16,arriba
1780982537.1169488,-0.85,-0.225,0.498,-1.0,1.191,-1.008,-0.688,-0.375,0.562,-6.267,0.588,0.221,-0.288,-0.44,0.878,-0.061,0.412,0.305,-0.247,-0.484,0.896,1.634,7.305,-0.473,0.281,-0.433,0.748,-0.595,2.344,-0.023,arriba
1780982537.2198687,-0.85,-0.232,0.49,-1.0,1.168,-0.58,-0.684,-0.374,0.554,-6.344,0.908,-0.183,-0.282,-0.437,0.869,-0.542,0.13,-0.214,-0.253,-0.488,0.898,1.733,6.947,-0.267,0.279,-0.438,0.739,-0.649,2.427,-0.13,arriba
1780982537.3310356,-0.846,-0.229,0.496,-0.84,1.45,-0.504,-0.682,-0.374,0.562,-6.397,0.779,-0.634,-0.286,-0.437,0.878,-0.206,-0.74,0.0,-0.245,-0.479,0.894,1.756,7.725,0.214,0.271,-0.435,0.749,-0.481,2.427,-0.313,arriba
1780982537.4261758,-0.849,-0.228,0.497,-0.756,1.74,-1.137,-0.687,-0.371,0.562,-6.145,0.313,-0.931,-0.283,-0.43,0.879,-0.16,-0.176,-0.191,-0.245,-0.483,0.9,1.954,6.794,-0.672,0.272,-0.441,0.737,-0.809,2.137,0.122,arriba
1780982537.529019,-0.847,-0.223,0.499,-0.947,1.443,-0.656,-0.68,-0.366,0.56,-6.191,-0.16,-0.809,-0.286,-0.432,0.869,0.664,-0.16,-0.55,-0.253,-0.49,0.902,2.656,5.0,-1.084,0.281,-0.433,0.741,-1.252,2.305,-0.786,arriba
1780982537.6442955,-0.851,-0.225,0.503,-0.656,1.427,0.382,-0.684,-0.372,0.572,-5.641,0.824,0.176,-0.271,-0.439,0.85,2.076,2.832,0.939,-0.339,-0.508,0.96,12.817,9.26,9.214,0.263,-0.437,0.748,-0.824,1.458,-0.58,arriba
1780982537.7420928,-0.874,-0.235,0.742,10.443,7.748,1.954,-0.743,-0.406,0.669,11.534,4.771,17.992,-0.355,-0.375,0.858,41.313,2.794,6.618,-0.312,-0.476,0.945,31.069,-2.183,7.969,0.269,-0.427,0.733,-1.855,-6.389,-2.183,arriba
1780982537.838353,-0.859,-0.155,0.503,38.962,-9.626,35.511,-0.703,-0.273,0.569,44.45,-4.855,32.855,-0.307,-0.306,0.911,62.832,-12.908,12.168,-0.271,-0.39,0.979,56.412,-3.603,19.435,0.293,-0.436,0.745,-2.023,-8.16,-1.122,arriba
1780982537.9411502,-0.862,-0.066,0.495,41.061,-16.237,41.115,-0.721,-0.17,0.587,52.412,-10.099,39.878,-0.308,-0.183,0.935,69.412,-7.656,18.786,-0.303,-0.268,1.018,66.962,-15.702,26.405,0.314,-0.428,0.724,-0.16,-16.443,-0.145,arriba
1780982538.044181,-0.778,0.047,0.501,35.076,-16.588,39.87,-0.666,-0.048,0.634,40.069,-6.336,37.42,-0.242,-0.031,0.895,61.565,-2.58,17.076,-0.229,-0.097,0.952,58.397,-2.649,20.947,0.354,-0.421,0.731,6.466,-6.794,3.511,arriba
1780982538.1570568,-0.812,0.106,0.55,19.435,-4.374,20.534,-0.699,0.036,0.589,19.847,-5.908,21.092,-0.269,0.063,0.938,37.954,5.046,8.092,-0.228,-0.005,0.964,42.985,2.412,14.031,0.35,-0.406,0.726,5.779,-4.832,3.977,arriba
1780982538.260409,-0.792,0.145,0.574,5.947,3.305,7.42,-0.683,0.082,0.623,-0.718,3.802,6.443,-0.281,0.108,0.951,13.634,2.321,4.351,-0.22,0.049,1.01,18.511,7.565,5.237,0.345,-0.409,0.732,0.718,-0.527,0.947,arriba
1780982538.3533823,-0.811,0.131,0.614,-4.527,4.13,-6.634,-0.703,0.068,0.667,-11.649,4.656,-5.908,-0.288,0.103,0.966,-8.611,3.183,-3.611,-0.24,0.046,1.028,-4.214,11.145,-3.351,0.351,-0.398,0.734,-1.527,2.565,-0.641,arriba
1780982538.4563968,-0.771,0.128,0.567,-16.969,10.58,-18.0,-0.666,0.071,0.613,-27.992,4.84,-19.702,-0.266,0.086,0.923,-35.634,0.046,-10.977,-0.217,0.022,0.954,-35.252,12.069,-14.252,0.338,-0.409,0.719,-8.893,8.351,1.511,arriba
1780982538.5594282,-0.836,0.073,0.55,-16.397,12.298,-22.977,-0.701,0.01,0.561,-36.519,7.519,-25.069,-0.305,0.038,0.776,-56.336,2.466,-14.13,-0.264,-0.041,0.877,-57.275,9.267,-19.107,0.311,-0.408,0.729,-5.328,6.26,0.534,arriba
1780982538.6624236,-0.823,-0.042,0.55,-47.282,24.237,-59.366,-0.669,-0.146,0.565,-81.939,16.298,-58.214,-0.31,-0.194,0.898,-108.137,14.58,-30.427,-0.296,-0.297,0.964,-94.748,29.557,-34.458,0.279,-0.419,0.74,2.466,22.565,3.374,arriba
1780982538.7762706,-0.857,-0.198,0.592,-62.122,18.595,-59.504,-0.769,-0.374,0.628,-93.855,4.878,-59.328,-0.339,-0.455,0.989,-102.901,10.718,-11.351,-0.318,-0.529,1.053,-74.183,18.985,-22.962,0.265,-0.427,0.752,-0.649,11.481,1.519,arriba
1780982538.87748,-0.841,-0.223,0.495,2.176,5.656,-2.076,-0.662,-0.368,0.602,-6.855,-2.588,-2.481,-0.29,-0.442,0.887,-0.092,3.664,1.244,-0.278,-0.49,0.895,4.679,8.939,-0.534,0.271,-0.424,0.745,1.328,-2.824,-1.145,arriba
1780982538.9709878,-0.847,-0.225,0.508,-1.008,0.443,-1.389,-0.685,-0.365,0.57,-6.496,0.595,-0.725,-0.282,-0.425,0.879,-1.084,-1.947,-0.008,-0.243,-0.482,0.906,1.237,5.931,-0.931,0.28,-0.436,0.741,-0.672,3.916,-0.061,arriba
1780982539.0739594,-0.84,-0.22,0.51,-0.412,1.511,-0.153,-0.678,-0.367,0.574,-6.71,0.45,-0.504,-0.288,-0.426,0.878,-0.214,-0.42,0.405,-0.254,-0.478,0.902,1.099,6.244,-0.908,0.271,-0.43,0.734,-0.588,1.977,-0.237,arriba
1780982541.752081,-0.841,-0.226,0.51,-0.58,1.351,-0.916,-0.678,-0.366,0.577,-6.626,0.672,-0.313,-0.283,-0.43,0.878,-0.534,-0.466,0.267,-0.251,-0.478,0.903,1.473,6.588,-0.969,0.271,-0.43,0.744,-0.359,2.649,-0.076,arriba
1780982541.8645015,-0.842,-0.223,0.506,-0.985,1.504,-0.374,-0.684,-0.366,0.566,-6.031,0.656,-0.336,-0.28,-0.428,0.882,-0.321,-0.603,0.588,-0.254,-0.478,0.907,1.794,6.878,-0.412,0.271,-0.428,0.746,-0.405,2.489,0.031,arriba
1780982541.9580967,-0.844,-0.222,0.508,-0.702,1.389,-0.756,-0.681,-0.371,0.575,-6.504,0.771,-0.824,-0.283,-0.429,0.879,-0.496,0.038,0.313,-0.252,-0.478,0.897,2.069,7.122,-0.992,0.273,-0.43,0.744,-0.672,2.107,-0.206,arriba
1780982542.0611515,-0.839,-0.22,0.509,-0.595,1.565,-0.931,-0.678,-0.365,0.579,-6.221,0.557,-0.947,-0.278,-0.428,0.876,-0.061,0.382,0.565,-0.251,-0.484,0.891,1.58,7.374,-0.687,0.279,-0.434,0.75,-0.435,3.099,-0.145,arriba
1780982542.1770406,-0.843,-0.224,0.508,-1.038,1.389,-1.053,-0.677,-0.366,0.566,-6.252,0.328,-1.046,-0.279,-0.427,0.874,-0.153,-0.359,0.0,-0.254,-0.48,0.902,1.863,6.832,-0.55,0.273,-0.425,0.745,-0.191,2.733,-0.145,arriba
1780982542.2673738,-0.839,-0.219,0.508,-0.87,1.29,-1.099,-0.683,-0.367,0.57,-6.344,0.443,-0.519,-0.28,-0.428,0.883,-0.237,-0.16,-0.305,-0.251,-0.478,0.902,1.664,6.954,-1.29,0.268,-0.427,0.74,-0.916,1.542,-0.069,arriba
1780982542.3703098,-0.838,-0.222,0.513,-0.939,1.237,-1.023,-0.677,-0.366,0.577,-6.458,0.389,-0.641,-0.283,-0.43,0.883,-0.718,0.618,-0.282,-0.25,-0.48,0.9,1.313,7.122,-0.924,0.273,-0.435,0.736,-0.763,2.702,-0.099,arriba
1780982542.4730966,-0.843,-0.224,0.516,-0.496,1.588,-0.649,-0.678,-0.372,0.574,-6.305,0.695,-0.87,-0.279,-0.43,0.885,0.099,-0.702,-0.008,-0.252,-0.48,0.903,1.977,6.985,-0.519,0.272,-0.429,0.741,-0.565,2.336,-0.282,arriba
1780982542.5766354,-0.845,-0.22,0.519,-2.084,3.046,0.42,-0.688,-0.369,0.571,-2.87,6.611,2.885,-0.348,-0.562,1.368,56.656,8.443,19.611,-0.271,-0.519,0.926,7.198,6.122,-0.695,0.209,-0.384,0.763,3.878,4.183,0.038,arriba
1780982542.679727,-0.865,-0.17,0.51,64.496,-25.473,53.885,-0.704,-0.285,0.597,78.13,-25.695,41.366,-0.302,-0.33,0.974,84.893,-24.977,14.099,-0.229,-0.404,0.938,63.344,-14.305,22.16,0.288,-0.43,0.732,-2.344,-24.702,-8.748,arriba
1780982542.7942164,-0.755,-0.038,0.573,36.29,-17.931,34.656,-0.61,-0.115,0.662,38.756,-4.221,26.382,-0.191,-0.176,0.984,55.046,-3.305,6.58,-0.195,-0.306,0.984,57.29,-0.557,15.45,0.332,-0.426,0.73,1.588,-2.511,-2.55,arriba
1780982542.891865,-0.816,0.052,0.593,21.565,-9.038,26.656,-0.673,-0.061,0.681,24.176,-3.557,26.702,-0.217,-0.062,0.958,52.198,-5.687,12.809,-0.201,-0.211,1.032,61.405,-6.611,13.702,0.338,-0.42,0.724,-0.855,-10.931,-3.893,arriba
1780982542.9881938,-0.787,0.1,0.606,16.107,2.336,18.29,-0.676,0.007,0.68,14.565,3.588,18.115,-0.24,0.005,1.04,36.389,11.122,9.695,-0.25,-0.129,1.108,87.473,9.786,22.618,0.357,-0.425,0.728,3.511,-4.153,-2.229,arriba
1780982543.0914667,-0.718,0.188,0.511,4.565,-4.718,19.924,-0.572,0.127,0.57,-1.626,0.321,16.901,-0.191,0.162,0.816,9.443,-4.679,11.863,-0.096,0.143,0.84,8.008,0.29,7.588,0.435,-0.391,0.678,-2.496,-3.473,1.55,arriba
1780982543.194898,-0.847,0.161,0.586,-8.458,10.198,-12.397,-0.732,0.064,0.629,-19.863,6.947,-11.244,-0.319,0.088,0.936,-18.725,1.0,-3.679,-0.235,0.052,0.98,-16.939,9.672,-3.893,0.372,-0.404,0.711,-3.756,2.817,3.405,arriba
1780982543.3108466,-0.753,0.122,0.543,-26.481,14.344,-30.0,-0.645,0.025,0.647,-41.26,11.992,-29.076,-0.242,0.036,0.927,-50.511,7.328,-14.412,-0.218,-0.029,1.003,-45.122,22.985,-15.214,0.365,-0.425,0.721,-2.534,15.046,4.748,arriba
1780982543.4077919,-0.804,-0.005,0.58,-45.947,16.496,-54.198,-0.65,-0.116,0.631,-74.038,4.344,-53.42,-0.263,-0.188,1.021,-105.672,7.405,-35.168,-0.231,-0.24,0.999,-120.313,24.443,-47.58,0.331,-0.431,0.73,2.076,26.191,5.771,arriba
1780982543.510251,-0.906,-0.159,0.577,-71.008,23.473,-67.672,-0.739,-0.327,0.623,-100.863,14.076,-62.13,-0.337,-0.396,0.968,-119.733,9.008,-18.0,-0.298,-0.44,0.951,-93.481,22.977,-31.351,0.287,-0.432,0.743,1.374,21.649,4.656,arriba
1780982543.6066062,-0.869,-0.219,0.479,-2.863,-1.282,-0.443,-0.714,-0.355,0.554,-6.0,1.992,-0.71,-0.299,-0.432,0.852,-3.916,-7.0,-1.275,-0.25,-0.472,0.912,-10.802,9.321,-8.656,0.288,-0.435,0.739,-2.977,11.771,1.008,arriba
1780982546.3956964,-0.846,-0.228,0.507,-0.992,1.153,-1.344,-0.676,-0.374,0.573,-6.42,0.504,0.053,-0.275,-0.43,0.881,-0.13,-0.244,-0.542,-0.244,-0.478,0.892,1.374,6.763,-0.626,0.273,-0.424,0.742,-0.229,2.649,0.099,arriba
1780982546.4939868,-0.84,-0.23,0.509,-0.267,2.099,0.282,-0.676,-0.369,0.578,-6.443,1.183,0.321,-0.281,-0.433,0.881,-0.557,0.641,0.046,-0.252,-0.483,0.898,1.58,6.954,-0.504,0.279,-0.428,0.75,-0.565,2.412,-0.26,arriba
1780982546.5941367,-0.844,-0.232,0.509,-1.13,1.321,-1.313,-0.675,-0.373,0.582,-6.252,0.137,-0.496,-0.282,-0.431,0.882,-0.206,-0.16,-0.397,-0.247,-0.48,0.901,1.435,7.076,-0.672,0.28,-0.426,0.748,-0.565,2.634,-0.183,arriba
1780982546.6982257,-0.84,-0.231,0.512,-0.718,1.679,-0.458,-0.674,-0.368,0.584,-6.366,0.763,-0.74,-0.283,-0.433,0.882,-0.16,-0.504,0.458,-0.246,-0.479,0.903,1.718,7.374,-0.565,0.281,-0.431,0.742,-0.473,2.45,-0.137,arriba
1780982546.799224,-0.843,-0.228,0.516,-1.099,1.183,-0.496,-0.678,-0.366,0.574,-6.099,0.214,-0.87,-0.277,-0.435,0.882,0.053,-0.351,0.198,-0.252,-0.479,0.903,2.221,6.611,-0.71,0.274,-0.431,0.741,-0.824,1.672,-0.42,arriba
1780982546.9175706,-0.852,-0.251,0.521,-3.473,7.817,-3.481,-0.767,-0.482,0.932,44.137,-10.382,8.031,-0.297,-0.59,1.362,61.427,-2.863,16.214,-0.34,-0.604,1.328,14.863,16.901,10.137,0.248,-0.411,0.741,-0.466,-4.511,-0.626,arriba
1780982547.00584,-0.845,-0.157,0.545,54.748,-26.489,48.603,-0.703,-0.266,0.649,71.611,-12.374,41.664,-0.255,-0.339,1.057,89.229,-13.504,15.664,-0.251,-0.439,1.033,77.046,-7.206,20.061,0.307,-0.437,0.732,0.573,-8.26,-0.557,arriba
1780982547.1087446,-0.802,-0.01,0.524,43.229,-16.962,51.221,-0.667,-0.089,0.59,51.038,-3.481,47.412,-0.254,-0.125,0.921,80.229,-9.366,21.153,-0.237,-0.272,1.056,85.023,-14.985,27.939,0.321,-0.436,0.741,0.466,-11.038,-2.763,arriba
1780982547.2288454,-0.805,0.089,0.573,25.29,-6.328,31.366,-0.674,0.027,0.611,29.267,-2.336,29.321,-0.253,0.033,0.909,53.565,6.45,12.107,-0.224,-0.079,0.926,69.069,1.641,17.458,0.365,-0.429,0.722,7.618,-7.275,-0.237,arriba
1780982547.3289917,-0.814,0.157,0.577,13.565,-5.336,8.473,-0.639,0.092,0.624,1.947,4.977,6.366,-0.266,0.113,0.869,16.649,8.298,5.939,-0.238,0.003,0.939,24.282,7.725,6.023,0.358,-0.398,0.708,1.374,1.359,-1.137,arriba
1780982547.4177613,-0.776,0.114,0.586,-15.015,6.176,-20.595,-0.656,0.043,0.655,-28.305,4.16,-24.916,-0.239,0.072,0.921,-44.611,2.817,-13.595,-0.223,-0.041,0.986,-37.282,16.412,-13.71,0.328,-0.414,0.741,-6.824,11.58,2.351,arriba
1780982547.5210502,-0.768,0.059,0.535,-48.267,12.397,-51.069,-0.573,-0.02,0.539,-77.595,1.084,-56.672,-0.155,-0.042,0.712,-129.908,3.328,-30.855,-0.153,-0.155,0.792,-134.718,20.328,-42.412,0.341,-0.436,0.73,-2.168,22.71,5.595,arriba
1780982547.6234314,-0.999,-0.239,0.628,-100.794,41.16,-99.046,-0.881,-0.465,0.841,-124.397,15.252,-89.87,-0.456,-0.541,1.184,-155.656,19.443,-28.176,-0.411,-0.599,1.176,-104.641,25.611,-33.809,0.241,-0.441,0.753,-3.664,15.305,3.557,arriba
1780982547.7267215,-0.782,-0.233,0.549,-0.397,9.084,-1.282,-0.646,-0.359,0.588,-8.786,-6.672,-0.847,-0.296,-0.427,0.885,-3.679,3.137,0.679,-0.279,-0.487,0.918,4.962,5.511,0.115,0.267,-0.421,0.754,3.573,-3.26,-0.687,arriba
1780982547.8414521,-0.845,-0.225,0.512,-0.794,1.626,-1.305,-0.681,-0.362,0.578,-6.901,0.29,-0.45,-0.274,-0.42,0.886,-0.939,-2.099,-0.603,-0.244,-0.469,0.914,1.099,6.351,-0.695,0.273,-0.427,0.75,-0.412,4.466,0.237,arriba
1780982547.943413,-0.838,-0.22,0.516,-0.733,2.221,-0.183,-0.676,-0.364,0.577,-6.855,0.603,0.351,-0.29,-0.423,0.878,0.031,0.046,0.527,-0.255,-0.467,0.906,1.008,6.344,-0.824,0.27,-0.428,0.744,-0.481,1.817,-0.176,arriba
1780982548.0404098,-0.84,-0.221,0.525,-0.969,2.099,-0.115,-0.674,-0.363,0.583,-6.473,0.55,-0.168,-0.283,-0.419,0.889,-0.382,-0.412,0.779,-0.255,-0.469,0.905,1.229,7.168,-0.595,0.27,-0.431,0.749,-0.473,2.763,0.267,arriba
1780982548.138507,-0.844,-0.222,0.523,-0.679,1.748,-1.122,-0.679,-0.366,0.578,-6.687,0.534,-0.718,-0.28,-0.422,0.888,-1.0,0.084,0.305,-0.255,-0.473,0.909,1.427,6.817,-0.771,0.265,-0.428,0.744,-0.374,3.145,-0.099,arriba
1780982548.2415407,-0.84,-0.224,0.516,-0.893,1.061,-1.366,-0.682,-0.359,0.583,-6.458,0.252,-0.756,-0.281,-0.424,0.882,-0.473,0.321,0.13,-0.252,-0.473,0.899,1.214,7.275,-0.511,0.272,-0.43,0.744,-0.954,2.733,-0.023,arriba
1780982548.344373,-0.838,-0.223,0.521,0.13,1.382,0.267,-0.678,-0.363,0.584,-6.634,0.466,-1.038,-0.282,-0.425,0.883,-0.794,-1.038,-0.069,-0.249,-0.473,0.905,1.695,6.779,-0.084,0.271,-0.429,0.741,-0.176,2.763,0.061,arriba
1780982551.0247338,-0.839,-0.218,0.516,-1.0,1.115,-1.221,-0.676,-0.368,0.578,-6.58,0.458,-0.794,-0.278,-0.42,0.879,-0.519,-0.26,-0.305,-0.246,-0.483,0.899,2.13,6.191,-1.053,0.266,-0.429,0.746,0.328,3.504,-0.534,arriba
1780982551.1256013,-0.839,-0.223,0.516,-0.756,1.382,-0.153,-0.677,-0.362,0.581,-6.252,0.489,-0.603,-0.276,-0.421,0.879,-0.412,0.008,0.183,-0.248,-0.478,0.9,1.466,7.458,-0.969,0.267,-0.429,0.75,-0.756,2.198,0.076,arriba
1780982551.2287273,-0.84,-0.22,0.509,-0.924,1.0,-1.58,-0.676,-0.369,0.591,-6.069,0.885,0.252,-0.283,-0.426,0.881,-0.664,0.008,0.29,-0.248,-0.479,0.905,1.802,6.595,-1.214,0.268,-0.422,0.745,-0.634,1.863,-0.321,arriba
1780982551.3440454,-0.839,-0.224,0.516,-0.366,1.771,-0.779,-0.677,-0.368,0.58,-6.069,1.229,0.305,-0.28,-0.43,0.883,-0.183,0.443,0.756,-0.251,-0.481,0.908,1.695,7.0,-0.611,0.266,-0.428,0.743,-0.351,3.008,0.008,arriba
1780982551.43997,-0.838,-0.224,0.515,-1.282,1.611,-0.931,-0.679,-0.367,0.586,-6.405,0.481,-0.55,-0.281,-0.423,0.877,-0.412,-0.519,0.0,-0.252,-0.473,0.902,1.771,6.618,-0.855,0.269,-0.428,0.742,-0.748,1.618,0.061,arriba
1780982551.5419302,-0.836,-0.22,0.516,-0.534,1.344,-1.29,-0.676,-0.37,0.577,-6.366,0.626,-0.779,-0.277,-0.428,0.883,-0.504,-0.305,0.092,-0.25,-0.48,0.897,1.443,7.267,-0.802,0.27,-0.427,0.743,-0.779,1.771,0.084,arriba
1780982551.6406813,-0.839,-0.224,0.515,-0.977,0.954,-0.443,-0.677,-0.368,0.583,-6.145,0.42,-0.183,-0.278,-0.429,0.874,-0.13,0.107,-0.168,-0.25,-0.474,0.904,2.137,5.527,-0.847,0.271,-0.426,0.748,-0.122,3.008,-0.405,arriba
1780982551.7440634,-0.842,-0.226,0.513,-2.221,4.939,3.061,-0.695,-0.373,0.591,-3.817,5.824,3.618,-0.666,-0.688,1.968,15.092,-23.252,7.58,-0.282,-0.508,0.956,6.42,8.985,0.878,0.269,-0.427,0.749,-2.412,-3.229,-0.397,arriba
1780982551.8571792,-0.804,-0.108,0.409,83.26,-36.366,76.359,-0.696,-0.25,0.569,97.794,-20.107,67.366,-0.259,-0.292,0.94,122.969,-33.595,29.664,-0.197,-0.36,0.907,104.305,-26.527,36.443,0.298,-0.44,0.738,-2.969,-19.824,-8.489,arriba
1780982551.9605322,-0.8,0.022,0.581,41.313,-17.58,39.427,-0.65,-0.059,0.625,45.252,-7.13,34.038,-0.207,-0.076,0.931,61.885,-3.328,9.733,-0.224,-0.233,0.998,60.802,1.183,11.527,0.329,-0.427,0.73,3.237,-5.84,-2.046,arriba
1780982552.0597305,-0.744,0.11,0.578,8.427,-0.679,15.191,-0.651,0.02,0.656,7.985,4.244,12.092,-0.198,0.014,0.97,25.374,0.687,3.649,-0.191,-0.137,1.038,29.588,7.321,5.412,0.346,-0.417,0.734,0.176,1.031,0.931,arriba
1780982552.1558518,-0.766,0.123,0.564,-3.603,0.985,0.145,-0.632,0.057,0.612,-11.015,2.893,-0.863,-0.221,0.045,0.931,-4.153,-1.878,1.328,-0.184,-0.089,0.996,-3.901,7.26,-0.679,0.359,-0.425,0.722,-1.053,3.74,1.702,arriba
1780982552.2592535,-0.786,0.113,0.556,-13.412,7.26,-13.168,-0.647,0.04,0.603,-27.557,7.939,-14.573,-0.239,0.043,0.872,-27.817,2.397,-4.672,-0.175,-0.105,0.958,-18.718,19.427,-6.244,0.346,-0.418,0.728,-3.611,8.809,2.107,arriba
1780982552.3763683,-0.887,-0.013,0.64,-44.504,24.71,-46.618,-0.756,-0.104,0.662,-47.534,12.519,-39.359,-0.32,-0.134,1.049,-48.893,13.221,-17.137,-0.301,-0.321,1.106,-41.84,22.29,-17.153,0.295,-0.426,0.738,2.595,15.466,2.305,arriba
1780982552.474998,-0.641,-0.054,0.375,-82.908,22.511,-75.221,-0.488,-0.154,0.325,-139.305,18.802,-73.198,-0.143,-0.194,0.586,-169.099,35.153,-24.809,-0.138,-0.327,0.771,-139.664,31.977,-34.634,0.319,-0.431,0.742,0.45,32.183,5.008,arriba
1780982552.5739837,-0.922,-0.195,0.429,-15.427,-1.374,-8.863,-0.724,-0.366,0.445,-3.771,-0.863,-3.305,-0.175,-0.325,0.699,-33.237,-17.939,7.45,-0.257,-0.488,0.914,0.565,-15.641,-4.802,0.294,-0.418,0.767,-9.107,13.634,0.924,arriba
1780982552.6711907,-0.825,-0.236,0.516,-1.351,-1.267,-0.74,-0.674,-0.37,0.58,-6.916,-2.031,-0.397,-0.272,-0.427,0.886,-1.573,7.496,1.702,-0.24,-0.482,0.909,1.573,13.511,0.038,0.263,-0.421,0.746,1.061,0.756,0.053,arriba
1780982552.7740526,-0.849,-0.223,0.506,-1.405,1.267,-0.626,-0.684,-0.367,0.566,-6.382,1.176,-0.42,-0.277,-0.425,0.883,-0.634,-1.618,0.061,-0.244,-0.474,0.896,1.42,7.13,-0.061,0.283,-0.43,0.75,-0.733,3.412,0.038,arriba
1780982552.8768058,-0.845,-0.224,0.51,-0.45,1.885,-0.977,-0.678,-0.366,0.571,-6.695,0.092,-0.198,-0.281,-0.427,0.885,-0.702,0.053,0.015,-0.243,-0.479,0.911,1.779,6.885,-0.725,0.275,-0.43,0.745,-0.87,1.786,-0.244,arriba
1780982555.6582346,-0.837,-0.224,0.51,-0.885,1.069,-1.42,-0.677,-0.365,0.571,-6.366,1.206,-0.084,-0.28,-0.434,0.875,-0.42,0.656,-0.458,-0.246,-0.484,0.897,1.55,5.878,-0.244,0.267,-0.424,0.736,0.076,3.153,-0.466,arriba
1780982555.7606988,-0.849,-0.228,0.514,-0.656,0.641,1.0,-0.677,-0.367,0.578,-5.557,1.137,1.389,-0.281,-0.435,0.893,0.435,0.779,0.924,-0.248,-0.481,0.9,2.649,7.076,-0.038,0.274,-0.424,0.737,-0.313,3.16,0.0,arriba
1780982555.8738601,-0.843,-0.228,0.512,-0.863,0.794,-1.809,-0.681,-0.366,0.574,-5.71,-0.176,-1.672,-0.284,-0.441,0.879,0.397,-2.084,-0.618,-0.247,-0.484,0.899,2.221,6.137,-1.008,0.29,-0.432,0.748,-0.71,1.092,-0.282,arriba
1780982555.966999,-0.843,-0.225,0.509,-1.389,0.405,-2.947,-0.68,-0.372,0.571,-6.382,-0.397,-2.099,-0.277,-0.428,0.877,0.061,-2.176,-1.0,-0.25,-0.478,0.899,2.931,4.542,-1.542,0.291,-0.431,0.733,-0.977,0.511,-1.092,arriba
1780982556.0700808,-0.844,-0.229,0.514,-1.443,1.534,-1.214,-0.677,-0.367,0.582,-6.092,-0.046,-1.45,-0.272,-0.427,0.877,0.382,-0.634,0.26,-0.237,-0.482,0.901,3.13,6.206,0.389,0.283,-0.434,0.738,0.794,5.244,-1.176,arriba
1780982556.1730864,-0.856,-0.246,0.546,16.931,0.603,-5.763,-0.698,-0.374,0.578,-5.107,2.198,2.107,-0.289,-0.425,0.89,2.748,2.885,1.908,-0.276,-0.479,0.896,6.641,9.122,4.557,0.294,-0.443,0.732,-0.26,-1.573,-1.397,arriba
1780982556.2945554,-0.95,-0.152,0.52,63.191,-24.008,69.763,-0.881,-0.342,0.679,91.374,-12.023,72.107,-0.465,-0.484,1.243,158.237,-16.267,44.748,-0.391,-0.482,1.01,202.511,-30.427,71.489,0.243,-0.346,0.543,5.405,-37.214,-17.107,arriba
1780982556.3917692,-0.515,0.102,0.458,19.924,-39.481,60.947,-0.381,0.084,0.584,29.13,-25.977,50.725,0.053,0.06,0.826,41.603,-10.611,27.931,0.027,-0.013,1.02,44.221,-12.626,16.427,0.495,-0.389,0.668,-0.695,-7.847,-1.893,arriba
1780982556.4910924,-0.867,0.115,0.615,5.229,6.229,-6.534,-0.744,0.003,0.673,0.137,3.412,-5.191,-0.317,-0.013,1.019,7.786,0.137,-1.58,-0.234,-0.041,1.065,14.282,4.901,2.573,0.388,-0.406,0.736,-4.725,3.756,3.779,arriba
1780982556.5901494,-0.774,0.112,0.607,-2.275,5.153,-3.382,-0.664,0.023,0.679,-4.687,7.397,-0.595,-0.235,0.03,0.96,4.504,4.511,-2.313,-0.208,0.014,1.015,6.298,11.328,-0.756,0.39,-0.397,0.719,-2.954,5.878,1.427,arriba
1780982556.688215,-0.779,0.116,0.584,-4.473,5.924,-8.412,-0.655,0.018,0.656,-12.13,4.282,-7.427,-0.243,0.023,0.962,-9.305,4.435,-5.328,-0.203,-0.009,1.032,-8.115,12.634,-5.198,0.388,-0.409,0.71,-5.389,8.634,3.282,arriba
1780982556.7913523,-0.81,0.082,0.6,-12.374,9.16,-14.344,-0.693,-0.017,0.652,-19.863,2.725,-14.214,-0.275,-0.004,0.95,-17.504,0.099,-7.313,-0.221,-0.033,0.97,-26.557,12.962,-10.015,0.36,-0.423,0.706,-1.504,7.954,2.473,arriba
1780982556.894221,-0.839,-0.017,0.629,-33.458,24.015,-36.084,-0.731,-0.119,0.704,-38.412,18.985,-30.802,-0.276,-0.094,0.983,-36.931,12.557,-16.061,-0.266,-0.178,1.048,-42.397,24.397,-17.672,0.332,-0.416,0.727,3.328,20.305,4.076,arriba
1780982557.008339,-0.811,-0.078,0.594,-33.168,8.366,-35.916,-0.698,-0.196,0.728,-44.687,4.87,-32.573,-0.254,-0.212,1.054,-47.023,2.794,-13.763,-0.28,-0.352,1.18,-52.947,25.282,-21.427,0.314,-0.434,0.738,0.863,16.191,4.061,arriba
1780982557.1087086,-0.596,-0.104,0.326,-98.374,25.45,-85.702,-0.449,-0.25,0.323,-163.924,14.458,-87.244,-0.162,-0.304,0.539,-202.137,21.924,-29.664,-0.11,-0.372,0.789,-169.176,30.603,-48.84,0.344,-0.393,0.642,-3.863,46.641,12.244,arriba
1780982557.2025213,-0.791,-0.222,0.542,-6.756,-4.26,-5.84,-0.634,-0.373,0.588,-10.061,-12.252,-2.168,-0.273,-0.445,0.911,-5.542,-3.183,1.832,-0.276,-0.488,0.904,1.374,13.588,0.733,0.265,-0.433,0.721,9.275,-1.061,0.214,arriba
1780982557.3055816,-0.851,-0.239,0.512,1.573,5.198,0.542,-0.682,-0.373,0.579,-6.336,2.328,-0.557,-0.287,-0.422,0.887,2.053,-3.496,0.13,-0.243,-0.461,0.916,1.237,3.656,-1.359,0.292,-0.427,0.738,-0.733,1.504,-0.603,arriba
1780982557.4094982,-0.838,-0.234,0.514,-0.656,0.244,-1.466,-0.67,-0.373,0.582,-6.366,-0.443,-0.947,-0.266,-0.421,0.886,-0.885,0.679,0.145,-0.238,-0.468,0.914,1.221,7.855,-0.206,0.284,-0.428,0.74,0.321,3.366,-0.076,arriba
1780982557.5239925,-0.836,-0.231,0.517,-2.023,3.221,-0.092,-0.68,-0.371,0.575,-7.519,1.122,-0.046,-0.277,-0.43,0.882,-0.824,0.137,0.832,-0.245,-0.469,0.911,1.267,7.084,-0.626,0.278,-0.429,0.734,-1.046,1.939,-0.008,arriba
1780982560.2933815,-0.833,-0.232,0.519,-0.695,1.252,-0.565,-0.674,-0.371,0.578,-6.573,0.649,-0.382,-0.273,-0.43,0.888,-0.183,0.145,-0.076,-0.245,-0.476,0.907,1.595,7.527,-0.107,0.283,-0.434,0.743,-0.634,2.595,-0.168,arriba
1780982560.3961158,-0.838,-0.225,0.511,-1.099,1.359,-1.221,-0.676,-0.374,0.573,-6.351,0.679,-0.389,-0.27,-0.427,0.888,-0.603,0.435,-0.229,-0.243,-0.474,0.907,1.679,6.565,-0.931,0.286,-0.428,0.741,-0.519,2.321,-0.053,arriba
1780982560.5080814,-0.839,-0.233,0.511,-0.687,1.878,-0.817,-0.67,-0.371,0.58,-6.58,0.534,-0.603,-0.268,-0.43,0.881,-0.557,0.031,-0.267,-0.243,-0.475,0.909,1.771,7.053,-0.229,0.286,-0.43,0.751,-0.489,2.389,0.061,arriba
1780982560.607357,-0.841,-0.231,0.517,-1.229,1.779,-0.985,-0.677,-0.371,0.579,-6.275,0.435,-0.557,-0.273,-0.424,0.881,-0.076,-0.198,-0.023,-0.241,-0.473,0.906,1.733,7.29,-0.153,0.286,-0.432,0.748,-0.634,2.221,-0.176,arriba
1780982560.7054164,-0.842,-0.23,0.513,-0.802,1.389,-0.855,-0.673,-0.369,0.578,-6.847,1.092,-0.351,-0.279,-0.426,0.893,0.634,1.786,0.305,-0.236,-0.469,0.9,1.824,8.695,-0.42,0.286,-0.43,0.746,0.061,2.527,-0.137,arriba
1780982560.808681,-1.111,0.125,-0.266,-26.427,57.519,13.13,-0.885,-0.498,0.742,15.305,9.969,56.366,-0.535,-0.522,1.173,67.802,-6.672,24.0,-0.427,-0.503,0.966,49.649,-15.382,26.412,0.284,-0.456,0.747,-4.511,-27.947,-7.519,arriba
1780982560.9274583,-0.771,-0.116,0.547,84.198,-36.313,93.084,-0.574,-0.159,0.5,101.473,-19.992,78.305,-0.194,-0.166,0.727,121.603,-19.794,40.641,-0.115,-0.231,0.851,113.87,-14.901,37.832,0.344,-0.415,0.682,1.122,-24.16,-5.794,arriba
1780982561.0255263,-0.737,0.036,0.61,31.069,-4.672,23.359,-0.609,-0.039,0.682,35.244,3.046,16.122,-0.196,-0.053,0.998,50.084,9.275,-1.435,-0.2,-0.123,0.979,56.969,11.763,8.847,0.366,-0.427,0.716,1.168,11.069,4.237,arriba
1780982561.1240664,-0.777,0.123,0.53,6.412,0.0,6.824,-0.642,0.057,0.562,-1.26,2.74,3.061,-0.243,0.06,0.843,12.366,6.466,2.832,-0.208,-0.009,0.919,16.527,5.977,4.29,0.374,-0.424,0.715,-0.122,3.405,0.183,arriba
1780982561.223957,-0.839,0.069,0.614,-17.298,11.687,-18.885,-0.717,-0.019,0.668,-27.084,5.29,-17.252,-0.279,-0.017,1.0,-26.206,0.802,-8.672,-0.235,-0.09,1.036,-23.847,10.527,-10.855,0.358,-0.435,0.711,-2.58,5.084,-0.702,arriba
1780982561.3236966,-0.807,0.018,0.594,-20.0,12.893,-25.504,-0.678,-0.054,0.621,-34.42,8.756,-25.534,-0.251,-0.041,0.879,-42.489,8.771,-14.595,-0.219,-0.104,0.906,-41.252,15.832,-17.87,0.335,-0.433,0.72,-1.084,13.176,2.481,arriba
1780982561.4414442,-0.76,-0.069,0.491,-63.183,26.878,-71.206,-0.597,-0.153,0.438,-109.092,15.046,-71.992,-0.268,-0.281,0.89,-125.473,26.55,-34.321,-0.274,-0.365,0.995,-103.053,36.29,-34.985,0.314,-0.434,0.742,3.855,31.527,7.176,arriba
1780982561.5395434,-0.844,-0.451,0.644,-1.756,-17.214,-8.855,-0.609,-0.343,0.869,-16.466,-40.947,-14.924,-0.65,-0.301,0.655,-20.649,-92.779,-14.74,-0.03,-0.36,0.447,49.504,1.824,13.374,0.319,-0.417,0.716,7.878,-6.969,-0.664,arriba
1780982561.6382427,-0.848,-0.229,0.5,-1.198,2.267,-1.221,-0.679,-0.374,0.559,-6.176,3.504,-1.313,-0.278,-0.426,0.88,-2.069,-5.496,-0.71,-0.225,-0.482,0.917,-0.038,5.595,-0.58,0.303,-0.436,0.726,-1.802,5.718,0.252,arriba
1780982561.7354972,-0.836,-0.235,0.518,-0.244,3.282,0.176,-0.683,-0.371,0.571,-6.71,0.534,-0.557,-0.281,-0.431,0.876,-0.29,1.008,0.13,-0.249,-0.482,0.895,1.42,5.664,-0.351,0.293,-0.427,0.728,-0.435,1.275,-0.26,arriba
1780982561.838231,-0.836,-0.236,0.514,-0.962,1.305,-0.679,-0.675,-0.368,0.576,-6.702,0.267,-0.42,-0.277,-0.429,0.883,-0.282,-0.252,-0.26,-0.238,-0.482,0.901,1.756,7.595,-0.061,0.298,-0.437,0.73,-0.603,3.366,0.115,arriba
1780982561.9413052,-0.838,-0.233,0.51,-0.58,1.794,-1.489,-0.68,-0.37,0.574,-6.336,0.504,-0.359,-0.275,-0.431,0.885,-0.237,-0.359,-0.107,-0.239,-0.481,0.904,1.359,6.901,-0.298,0.3,-0.435,0.732,-0.473,2.206,-0.023,arriba
1780982562.0594757,-0.837,-0.233,0.513,-1.031,1.527,-1.0,-0.681,-0.373,0.571,-6.366,0.817,-0.237,-0.277,-0.431,0.878,-0.137,-0.099,-0.084,-0.238,-0.483,0.901,1.351,6.74,-0.687,0.295,-0.441,0.735,-0.542,2.504,0.092,arriba
1780982562.1605496,-0.838,-0.238,0.512,-0.634,1.374,0.038,-0.679,-0.373,0.566,-6.473,0.664,0.183,-0.273,-0.433,0.878,-0.313,-0.511,-0.244,-0.241,-0.485,0.906,1.656,6.939,-0.412,0.292,-0.436,0.734,-0.626,2.42,-0.008,arriba
1780982564.9396398,-0.84,-0.234,0.506,-0.962,1.168,-0.405,-0.679,-0.374,0.57,-6.366,0.702,-0.122,-0.275,-0.434,0.881,-0.336,-0.221,0.0,-0.239,-0.484,0.902,1.473,6.588,-0.504,0.293,-0.433,0.737,-0.679,2.214,-0.092,arriba
1780982565.041258,-0.839,-0.233,0.51,-1.046,1.504,-0.29,-0.68,-0.375,0.571,-6.321,0.779,0.16,-0.272,-0.437,0.873,-0.817,0.137,-0.26,-0.238,-0.486,0.897,1.718,7.099,-0.534,0.286,-0.442,0.732,-0.756,2.58,0.053,arriba
1780982565.1344147,-0.843,-0.236,0.512,-1.008,1.656,-1.397,-0.681,-0.378,0.568,-6.45,1.176,0.168,-0.273,-0.44,0.888,-0.473,-0.145,0.023,-0.24,-0.484,0.903,1.221,7.061,-0.45,0.294,-0.436,0.742,-0.55,2.435,0.046,arriba
1780982565.2373648,-0.839,-0.236,0.509,-1.137,1.191,-0.947,-0.677,-0.372,0.57,-6.504,0.817,-0.305,-0.277,-0.432,0.88,-0.13,-0.298,0.443,-0.241,-0.481,0.904,1.771,7.26,-0.183,0.293,-0.436,0.734,-0.389,2.878,0.031,arriba
1780982565.340693,-0.829,-0.242,0.509,-1.038,1.55,2.13,-0.679,-0.371,0.576,-6.977,0.145,1.214,-0.274,-0.428,0.884,3.802,3.916,2.626,-0.236,-0.486,0.903,3.076,10.756,1.573,0.29,-0.434,0.732,-0.893,5.038,0.198,arriba
1780982565.4572525,-1.03,-0.257,0.593,125.565,-23.977,89.969,-0.795,-0.323,0.457,154.832,-32.939,70.687,-0.459,-0.413,0.994,168.26,-34.565,23.099,-0.353,-0.44,0.942,137.321,-29.458,39.718,0.29,-0.44,0.736,0.092,-37.534,-11.725,arriba
1780982565.559601,-0.768,-0.021,0.649,73.137,-37.298,51.206,-0.654,-0.064,0.697,67.771,-21.191,44.137,-0.227,-0.106,1.018,92.763,-11.817,9.489,-0.224,-0.239,1.042,87.702,-11.916,13.275,0.355,-0.436,0.715,4.031,-14.336,-5.481,arriba
1780982565.656664,-0.683,0.155,0.59,9.733,-3.183,11.718,-0.591,0.055,0.707,7.855,0.908,11.924,-0.144,0.044,0.988,26.275,3.496,2.725,-0.163,-0.136,1.115,24.405,8.542,3.557,0.368,-0.43,0.707,1.756,5.13,1.847,arriba
1780982565.755886,-0.738,0.163,0.605,-1.817,-1.588,2.16,-0.596,0.092,0.671,-6.702,0.611,-1.084,-0.189,0.081,0.943,0.13,1.656,1.176,-0.168,-0.058,1.013,-0.435,12.382,-0.13,0.373,-0.423,0.712,-0.282,5.603,2.198,arriba
1780982565.855539,-0.752,0.148,0.595,-17.649,8.794,-11.626,-0.648,0.054,0.682,-22.527,8.962,-12.42,-0.191,0.061,0.985,-20.298,5.046,-2.84,-0.178,-0.089,1.012,-14.893,17.26,-4.084,0.363,-0.424,0.713,-1.382,8.305,3.626,arriba
1780982565.9734092,-0.758,0.058,0.604,-53.229,22.282,-46.389,-0.633,-0.045,0.716,-56.962,12.176,-44.885,-0.193,-0.097,1.05,-79.901,8.962,-25.87,-0.171,-0.243,1.065,-100.939,30.267,-34.687,0.343,-0.438,0.725,0.29,21.366,5.763,arriba
1780982566.0753896,-0.857,0.001,0.573,-19.237,3.015,-16.496,-0.666,-0.065,0.527,-38.489,-3.26,-16.183,-0.234,-0.103,0.807,-52.885,-1.626,-9.427,-0.186,-0.247,0.877,-43.489,6.046,-10.969,0.347,-0.429,0.728,-1.779,2.191,-0.878,arriba
1780982566.1755745,-0.894,-0.163,0.618,-59.427,32.458,-61.977,-0.758,-0.249,0.663,-78.947,23.168,-60.145,-0.375,-0.391,1.013,-91.824,24.779,-20.504,-0.355,-0.478,1.053,-54.748,39.901,-16.824,0.273,-0.432,0.732,2.13,21.771,5.618,arriba
1780982566.2674274,-0.764,-0.254,0.504,3.099,7.794,-2.031,-0.678,-0.37,0.557,-5.13,-11.511,-1.137,-0.253,-0.421,0.934,6.221,-0.504,0.16,-0.262,-0.458,0.885,2.534,11.71,-1.45,0.296,-0.44,0.75,-1.695,5.702,-0.366,arriba
1780982566.370589,-0.821,-0.231,0.529,-0.756,-0.015,-1.573,-0.673,-0.362,0.577,-5.656,-1.45,-1.061,-0.267,-0.422,0.894,-1.672,1.656,-0.511,-0.236,-0.466,0.914,1.557,8.756,-0.206,0.287,-0.431,0.729,0.634,2.443,-0.015,arriba
1780982566.4734154,-0.835,-0.23,0.532,0.137,2.603,-0.672,-0.679,-0.36,0.585,-6.916,1.214,-0.695,-0.274,-0.425,0.889,-0.344,-0.794,-0.229,-0.238,-0.464,0.915,0.84,6.878,-0.519,0.286,-0.432,0.74,-0.962,3.092,0.099,arriba
1780982566.5765643,-0.833,-0.226,0.528,-0.802,1.031,-0.725,-0.661,-0.352,0.575,-7.229,-0.511,-0.756,-0.27,-0.418,0.891,-0.191,-0.542,0.221,-0.237,-0.468,0.913,1.534,7.13,-0.046,0.286,-0.431,0.737,-0.45,2.557,0.008,arriba
1780982566.6883445,-0.833,-0.229,0.53,-0.427,1.122,0.206,-0.676,-0.357,0.585,-6.748,1.061,-0.351,-0.275,-0.421,0.885,-0.718,0.359,-0.282,-0.24,-0.47,0.918,1.634,6.618,-0.656,0.281,-0.43,0.746,-0.641,2.26,-0.191,arriba
1780982566.7895877,-0.835,-0.227,0.529,-1.267,1.16,-1.336,-0.677,-0.357,0.583,-6.397,0.977,-0.076,-0.27,-0.424,0.893,0.313,1.076,0.71,-0.233,-0.467,0.916,1.58,7.611,-0.42,0.285,-0.432,0.743,-0.328,3.191,-0.046,arriba
1780982566.8855994,-0.832,-0.228,0.531,-0.794,1.366,-0.336,-0.675,-0.361,0.574,-6.779,0.458,0.023,-0.269,-0.414,0.892,-0.122,0.015,0.107,-0.239,-0.472,0.911,1.046,6.786,-0.626,0.288,-0.434,0.74,-0.565,2.397,-0.069,arriba
1780982569.563647,-0.833,-0.226,0.531,-0.87,1.351,-0.382,-0.672,-0.361,0.581,-6.145,0.405,-0.947,-0.27,-0.418,0.886,-0.191,-0.244,0.336,-0.241,-0.472,0.91,1.458,7.076,-0.534,0.286,-0.433,0.732,-0.641,2.237,0.16,arriba
1780982569.6731782,-0.834,-0.229,0.526,-0.824,1.618,-1.191,-0.673,-0.366,0.579,-6.489,0.458,-0.267,-0.266,-0.423,0.888,-0.55,0.0,0.58,-0.234,-0.475,0.905,1.359,6.626,-0.275,0.284,-0.436,0.737,-0.626,2.031,0.038,arriba
1780982569.770178,-0.829,-0.23,0.529,-0.954,1.55,-0.916,-0.677,-0.368,0.583,-6.466,0.832,-0.16,-0.268,-0.42,0.89,-0.382,0.244,0.031,-0.239,-0.474,0.906,1.588,7.336,-0.13,0.281,-0.432,0.742,-0.542,2.13,-0.191,arriba
1780982569.8729203,-0.836,-0.227,0.528,-0.679,1.321,-0.328,-0.675,-0.366,0.581,-6.458,0.71,-0.137,-0.265,-0.422,0.889,-0.198,-0.336,0.275,-0.237,-0.471,0.91,1.786,6.71,-0.45,0.283,-0.431,0.741,-0.527,2.359,-0.115,arriba
1780982569.9886322,-0.834,-0.226,0.525,-1.115,1.336,-1.359,-0.674,-0.363,0.585,-6.55,0.55,-0.229,-0.269,-0.425,0.89,-0.29,0.519,0.45,-0.236,-0.471,0.909,1.328,6.962,-0.519,0.281,-0.429,0.738,-0.366,2.412,0.0,arriba
1780982570.0892289,-0.833,-0.229,0.523,-0.534,1.901,-0.947,-0.674,-0.368,0.585,-6.305,0.893,-0.206,-0.266,-0.422,0.887,-0.221,-0.076,0.374,-0.235,-0.473,0.914,1.611,7.198,-0.42,0.282,-0.432,0.741,-0.496,2.206,-0.267,arriba
1780982570.1819968,-0.833,-0.226,0.528,-1.282,1.74,-1.015,-0.667,-0.365,0.58,-6.443,0.427,-0.031,-0.275,-0.423,0.899,0.992,-0.611,0.351,-0.24,-0.469,0.912,1.519,7.382,-0.344,0.276,-0.434,0.751,-0.504,2.191,-0.053,arriba
1780982570.2851753,-0.837,-0.229,0.524,-0.885,1.481,-1.176,-0.672,-0.368,0.584,-6.305,0.115,-0.954,-0.268,-0.422,0.886,-0.702,0.0,0.206,-0.239,-0.475,0.906,1.74,6.725,-0.702,0.281,-0.43,0.746,-0.534,2.244,-0.038,arriba
1780982570.387681,-0.835,-0.231,0.519,-0.832,1.244,-0.695,-0.668,-0.364,0.579,-6.198,0.313,-0.962,-0.266,-0.424,0.888,-0.534,0.557,-0.244,-0.237,-0.472,0.907,1.84,7.168,-0.237,0.277,-0.431,0.745,-0.527,2.137,0.13,arriba
1780982570.4915912,-0.828,-0.223,0.52,-0.756,0.992,-0.366,-0.672,-0.365,0.585,-6.168,0.389,-1.076,-0.266,-0.421,0.89,1.031,-0.008,0.183,-0.238,-0.473,0.905,2.099,8.015,-0.267,0.285,-0.437,0.742,0.0,2.885,0.305,arriba
1780982570.6043255,-0.754,-0.208,0.598,5.115,8.328,-3.214,-0.86,-0.52,1.002,52.878,-3.748,27.595,-0.098,-0.443,1.076,67.084,-11.466,21.107,-0.599,-0.484,0.79,6.748,30.229,27.611,0.24,-0.398,0.72,-5.107,-13.229,-6.366,arriba
1780982570.7047155,-0.813,-0.135,0.585,68.145,-35.504,60.115,-0.664,-0.215,0.658,87.771,-34.595,51.29,-0.212,-0.24,0.884,86.313,-35.221,17.634,-0.196,-0.387,0.954,48.725,-18.26,13.252,0.325,-0.433,0.727,-3.901,-22.13,-4.817,arriba
1780982570.8058345,-0.778,0.035,0.583,37.924,-14.718,43.656,-0.611,-0.053,0.644,47.649,-3.878,40.015,-0.219,-0.107,0.92,78.153,-6.038,15.084,-0.195,-0.306,0.999,68.855,-5.763,15.305,0.359,-0.435,0.717,3.565,-6.985,-2.389,arriba
1780982570.9043152,-0.782,0.083,0.657,15.534,-0.794,23.725,-0.612,0.032,0.737,20.42,3.527,23.489,-0.176,0.03,0.972,57.504,7.611,11.023,-0.175,-0.156,0.998,77.519,4.076,13.183,0.36,-0.434,0.721,5.885,-1.672,-0.863,arriba
1780982571.006912,-0.467,0.166,0.403,-58.015,23.458,-61.817,-0.379,0.109,0.449,-110.435,36.908,-70.565,-0.05,0.067,0.556,-108.443,34.405,-14.366,-0.082,-0.07,0.768,-99.573,48.336,-19.076,0.353,-0.432,0.723,-4.45,35.87,14.359,arriba
1780982571.1205084,-0.933,-0.131,0.571,-86.168,33.71,-83.908,-0.803,-0.337,0.71,-134.733,21.809,-67.534,-0.336,-0.37,1.038,-150.786,22.565,-31.458,-0.247,-0.425,0.97,-103.252,18.954,-29.45,0.288,-0.432,0.737,-3.687,15.878,2.618,arriba
1780982571.2214825,-0.75,-0.216,0.54,3.275,5.969,-0.863,-0.689,-0.335,0.532,-8.176,-3.466,0.015,-0.242,-0.451,1.05,10.847,-3.901,1.069,-0.241,-0.476,0.94,7.099,9.069,-0.405,0.288,-0.421,0.722,-2.641,5.313,0.374,arriba
1780982571.3226764,-0.822,-0.225,0.533,-0.565,0.939,-1.366,-0.666,-0.359,0.599,-6.794,-1.313,-0.153,-0.275,-0.41,0.898,-2.42,1.107,0.786,-0.254,-0.458,0.919,1.397,7.275,-0.893,0.284,-0.433,0.735,0.466,0.771,-0.229,arriba
1780982571.4177172,-0.835,-0.224,0.538,-0.664,1.511,-0.397,-0.67,-0.353,0.591,-6.244,1.038,-0.466,-0.264,-0.411,0.897,-0.817,-0.191,0.382,-0.245,-0.456,0.912,1.351,7.313,-0.786,0.284,-0.436,0.736,-0.733,3.26,0.16,arriba
1780982571.5212896,-0.833,-0.222,0.54,-0.573,1.71,-0.679,-0.666,-0.357,0.594,-6.13,0.672,-0.305,-0.269,-0.411,0.897,-0.748,-0.679,0.832,-0.248,-0.461,0.916,1.237,7.107,-0.954,0.285,-0.438,0.74,-0.382,2.71,0.008,arriba
1780982574.198667,-0.856,-0.227,0.584,-1.412,4.282,-0.634,-0.629,-0.332,0.535,17.969,1.634,18.321,-0.238,-0.399,0.9,23.527,3.634,-0.916,-0.199,-0.485,0.922,0.473,27.695,-0.267,0.284,-0.442,0.739,1.733,6.046,-0.168,arriba
1780982574.3064256,-0.829,-0.21,0.536,19.168,0.16,20.779,-0.666,-0.291,0.573,24.855,-7.832,19.908,-0.287,-0.367,0.929,32.336,-6.168,4.229,-0.225,-0.402,0.785,27.565,2.489,9.695,0.288,-0.431,0.732,-1.099,-1.504,-1.099,arriba
1780982574.404806,-0.831,-0.153,0.525,23.42,-5.58,20.611,-0.66,-0.232,0.557,19.42,-0.573,17.031,-0.271,-0.281,0.854,29.847,-4.16,5.71,-0.228,-0.384,0.865,22.489,1.351,5.718,0.304,-0.437,0.727,-0.832,-1.275,-1.405,arriba
1780982574.508086,-0.88,-0.142,0.57,10.374,0.679,9.183,-0.751,-0.258,0.663,10.611,6.786,12.695,-0.292,-0.292,1.0,29.992,1.031,6.802,-0.254,-0.384,0.948,33.977,4.748,9.458,0.292,-0.442,0.738,1.046,-1.885,-1.87,arriba
1780982574.6222157,-0.888,-0.129,0.652,26.718,-5.153,27.298,-0.789,-0.25,0.783,43.565,1.649,28.55,-0.299,-0.277,1.159,89.763,8.389,19.038,-0.297,-0.396,1.169,116.374,10.237,34.275,0.291,-0.437,0.741,6.725,-1.206,-1.183,arriba
1780982574.721319,-0.75,0.027,0.569,35.099,-18.565,47.534,-0.597,-0.031,0.666,42.313,-4.969,46.344,-0.194,-0.029,1.006,80.183,9.595,23.649,-0.228,-0.082,1.047,111.046,-2.031,31.649,0.365,-0.43,0.746,10.473,-2.71,2.008,arriba
1780982574.817078,-0.793,0.112,0.601,12.198,-4.687,17.069,-0.675,0.045,0.699,15.771,2.74,19.053,-0.258,0.096,0.998,38.053,7.13,5.992,-0.233,0.073,0.984,48.687,4.687,9.595,0.338,-0.42,0.73,5.26,0.145,-2.695,arriba
1780982574.9200003,-0.721,0.14,0.581,-5.489,3.122,-8.374,-0.645,0.079,0.654,-14.969,1.267,-11.16,-0.264,0.11,1.01,-14.878,3.656,-6.618,-0.219,0.079,1.068,-8.374,14.656,-3.924,0.34,-0.424,0.746,-1.496,10.198,3.939,arriba
1780982575.0230312,-0.74,0.122,0.551,-14.733,3.718,-12.023,-0.616,0.079,0.606,-26.588,-2.252,-16.931,-0.215,0.141,0.82,-41.214,-2.947,-9.046,-0.161,0.112,0.903,-46.695,13.924,-14.198,0.342,-0.413,0.723,-5.802,7.931,4.267,arriba
1780982575.138127,-0.862,-0.001,0.625,-49.092,11.992,-59.45,-0.701,-0.103,0.665,-68.344,-7.382,-62.603,-0.272,-0.156,1.009,-118.74,-5.786,-40.901,-0.251,-0.196,1.01,-132.389,19.962,-52.489,0.304,-0.427,0.727,-1.969,10.71,3.42,arriba
1780982575.2382486,-0.727,-0.062,0.458,-61.611,13.115,-69.618,-0.587,-0.234,0.493,-122.16,-1.061,-73.908,-0.233,-0.301,0.823,-148.588,2.076,-34.473,-0.214,-0.378,0.916,-154.321,20.824,-49.473,0.308,-0.432,0.72,-1.893,24.649,4.229,arriba
1780982575.338904,-0.66,-0.243,0.489,22.908,-2.366,5.496,-0.658,-0.342,0.595,-6.664,-6.802,-1.038,-0.262,-0.405,0.892,4.779,-2.771,-1.962,-0.071,-0.418,0.785,-1.901,14.687,-0.893,0.313,-0.454,0.773,-4.397,13.221,1.511,arriba
1780982575.434939,-0.819,-0.22,0.522,-3.656,-2.0,-2.466,-0.666,-0.359,0.592,-6.969,-1.13,-0.817,-0.275,-0.417,0.891,-1.847,2.031,0.183,-0.253,-0.459,0.914,2.069,7.908,-0.061,0.27,-0.425,0.742,0.557,0.634,-0.176,arriba
1780982575.5382702,-0.837,-0.226,0.529,-0.252,1.198,-0.496,-0.667,-0.36,0.597,-6.405,0.534,-0.725,-0.275,-0.413,0.893,-0.656,-1.641,-0.389,-0.252,-0.463,0.914,1.099,6.351,-0.084,0.279,-0.439,0.747,-0.863,3.588,-0.061,arriba
1780982575.6547787,-0.83,-0.228,0.529,-0.84,0.924,-0.374,-0.667,-0.36,0.599,-6.389,0.87,-0.206,-0.276,-0.413,0.891,-0.878,0.221,-0.061,-0.252,-0.462,0.911,1.29,6.641,-0.672,0.275,-0.432,0.741,-0.359,2.565,-0.023,arriba
1780982575.7570052,-0.83,-0.224,0.537,-0.786,0.786,-0.969,-0.668,-0.365,0.59,-6.55,0.618,-0.13,-0.276,-0.412,0.892,-0.71,-0.489,-0.122,-0.251,-0.466,0.91,1.267,6.817,-1.076,0.281,-0.43,0.736,-0.725,1.702,-0.008,arriba
1780982575.8545728,-0.829,-0.224,0.533,-1.115,0.786,-0.412,-0.668,-0.357,0.593,-6.397,0.74,-0.649,-0.275,-0.415,0.886,-0.931,-0.794,0.252,-0.249,-0.465,0.913,1.718,6.702,-0.458,0.281,-0.433,0.749,-0.656,1.977,-0.115,arriba
1780982575.9503064,-0.831,-0.223,0.532,-0.771,1.58,-0.214,-0.668,-0.36,0.597,-6.496,0.809,-0.031,-0.273,-0.412,0.893,-0.45,0.458,0.122,-0.251,-0.463,0.907,1.176,7.267,-0.672,0.278,-0.432,0.739,-0.58,2.031,0.267,arriba
1780982576.0530028,-0.829,-0.225,0.53,-0.885,1.878,-0.954,-0.669,-0.363,0.594,-6.313,0.802,0.122,-0.276,-0.412,0.891,-0.832,0.115,0.366,-0.251,-0.468,0.913,1.817,6.771,-0.626,0.278,-0.433,0.737,-0.145,3.092,-0.252,arriba
1780982578.8429058,-0.825,-0.221,0.529,-0.947,1.603,-0.939,-0.663,-0.362,0.593,-6.145,0.756,-0.435,-0.274,-0.419,0.893,-0.298,-0.908,-0.015,-0.249,-0.472,0.909,1.87,6.824,-0.931,0.28,-0.438,0.749,-0.443,2.962,-0.321,arriba
1780982578.9395447,-0.832,-0.225,0.53,-1.076,1.771,-0.649,-0.664,-0.361,0.598,-6.328,1.038,-0.336,-0.272,-0.419,0.889,-0.55,0.328,-0.008,-0.25,-0.47,0.906,1.45,7.061,-0.672,0.278,-0.434,0.748,-0.588,2.336,-0.008,arriba
1780982579.0400417,-0.834,-0.221,0.538,-0.687,1.191,-0.641,-0.671,-0.361,0.594,-6.664,0.282,-0.42,-0.276,-0.419,0.89,-0.595,0.412,-0.168,-0.254,-0.469,0.898,1.298,6.985,-1.221,0.278,-0.429,0.746,-1.237,0.802,-0.122,arriba
1780982579.142949,-0.831,-0.222,0.534,-1.374,1.74,-0.092,-0.669,-0.364,0.597,-6.595,0.656,-0.099,-0.275,-0.416,0.89,-0.13,0.092,0.511,-0.248,-0.472,0.911,2.084,7.092,-0.099,0.28,-0.427,0.732,-0.603,2.595,-0.084,arriba
1780982579.254537,-0.829,-0.221,0.53,-1.008,2.13,-0.71,-0.667,-0.356,0.593,-6.542,0.634,0.031,-0.273,-0.418,0.883,0.015,0.153,0.443,-0.249,-0.47,0.91,2.046,6.763,-0.588,0.275,-0.431,0.742,-0.298,2.153,0.0,arriba
1780982579.35483,-0.83,-0.223,0.526,-1.145,1.13,-1.565,-0.669,-0.362,0.589,-6.153,0.221,-0.366,-0.272,-0.416,0.893,1.511,-0.053,0.382,-0.252,-0.468,0.91,2.649,6.16,-1.153,0.28,-0.436,0.741,0.832,2.641,-0.763,arriba
1780982579.4527192,-0.825,-0.214,0.534,-0.252,0.305,-0.649,-0.665,-0.344,0.634,1.328,0.397,-2.298,-0.189,-0.392,1.152,34.115,-13.878,25.565,-0.566,-0.489,0.882,10.038,26.794,26.74,0.281,-0.426,0.728,-3.008,-8.031,-2.626,arriba
1780982579.555132,-0.954,-0.174,0.565,86.092,-31.183,82.74,-0.724,-0.269,0.529,105.779,-13.031,76.947,-0.295,-0.277,0.905,129.45,-19.931,40.389,-0.281,-0.317,0.896,123.679,-24.649,39.573,0.316,-0.427,0.749,-1.015,-20.656,-6.672,arriba
1780982579.6582632,-0.755,0.009,0.56,26.252,0.397,30.29,-0.619,-0.031,0.626,30.328,14.664,29.771,-0.231,-0.039,0.927,68.015,14.13,14.802,-0.285,-0.132,0.907,74.122,10.908,23.809,0.321,-0.424,0.734,5.649,4.282,0.534,arriba
1780982579.7696128,-0.803,0.046,0.598,11.115,-3.427,16.565,-0.66,-0.008,0.672,10.496,1.969,17.382,-0.243,0.067,0.947,32.13,4.84,7.885,-0.225,-0.055,1.04,49.053,4.351,14.13,0.334,-0.416,0.722,3.374,2.214,0.069,arriba
1780982579.8706548,-0.789,0.084,0.573,5.962,0.618,6.244,-0.694,0.022,0.644,-0.084,3.008,6.42,-0.278,0.11,0.963,11.573,2.748,2.595,-0.226,0.026,1.02,18.305,6.969,3.87,0.333,-0.415,0.725,0.565,2.328,0.153,arriba
1780982579.9672203,-0.817,0.073,0.61,-3.748,2.0,-4.122,-0.703,0.029,0.643,-7.473,1.664,-2.137,-0.304,0.104,0.964,-2.885,2.023,-1.046,-0.256,0.023,1.043,-0.038,8.107,-1.336,0.327,-0.412,0.731,-1.405,3.145,0.328,arriba
1780982580.0703187,-0.809,0.065,0.601,-11.008,8.756,-12.641,-0.7,0.004,0.668,-18.855,5.565,-13.58,-0.294,0.08,0.961,-18.26,3.344,-7.176,-0.249,0.023,0.997,-20.496,12.962,-10.023,0.323,-0.412,0.729,-3.229,5.55,2.519,arriba
1780982580.173488,-0.755,0.035,0.524,-29.779,11.183,-34.817,-0.594,-0.013,0.532,-52.695,1.008,-42.435,-0.237,0.038,0.748,-94.679,-7.656,-25.466,-0.226,-0.117,0.979,-114.557,19.45,-37.863,0.325,-0.43,0.746,-7.267,10.634,4.053,arriba
1780982580.2907658,-0.804,-0.086,0.466,-67.107,19.863,-74.252,-0.711,-0.255,0.543,-116.824,4.534,-70.458,-0.344,-0.306,1.005,-145.305,12.031,-41.069,-0.278,-0.338,0.944,-140.901,17.588,-44.511,0.289,-0.427,0.741,-2.183,23.687,3.527,arriba
1780982580.3901944,-0.915,-0.224,0.514,-3.611,-4.046,-5.595,-0.635,-0.356,0.609,-5.26,-24.229,-6.557,-0.321,-0.385,0.871,-37.038,-26.015,1.275,-0.227,-0.415,0.91,-25.672,-0.076,-9.183,0.284,-0.434,0.746,-0.618,4.817,-0.634,arriba
1780982580.482295,-0.841,-0.217,0.544,-0.779,6.412,0.473,-0.686,-0.36,0.584,-7.183,1.038,0.328,-0.281,-0.416,0.872,-3.137,-0.779,-0.267,-0.256,-0.473,0.941,1.618,4.122,-0.893,0.273,-0.433,0.744,-1.344,2.893,-0.221,arriba
1780982580.5856988,-0.834,-0.228,0.531,-1.076,1.084,-1.282,-0.672,-0.357,0.593,-6.359,0.969,0.015,-0.282,-0.417,0.888,-0.542,0.038,0.008,-0.255,-0.466,0.905,1.481,6.931,-1.252,0.277,-0.425,0.746,-0.595,2.679,-0.076,arriba
1780982580.6880553,-0.834,-0.224,0.527,-1.221,1.305,-0.855,-0.678,-0.356,0.592,-6.183,0.336,0.107,-0.282,-0.416,0.89,-0.573,-0.29,0.168,-0.252,-0.47,0.909,1.435,6.847,-0.595,0.279,-0.427,0.742,-0.389,2.42,-0.198,arriba
1780982583.4695683,-0.836,-0.217,0.524,-0.748,1.191,-0.802,-0.668,-0.36,0.589,-6.229,0.55,-0.305,-0.275,-0.419,0.887,-0.183,-0.55,-0.244,-0.246,-0.472,0.908,1.672,6.649,-0.954,0.268,-0.431,0.749,-0.565,2.229,0.092,arriba
1780982583.5721433,-0.837,-0.226,0.53,-0.954,1.26,-0.824,-0.668,-0.359,0.584,-6.122,0.733,0.008,-0.275,-0.42,0.89,-0.267,0.328,-0.275,-0.248,-0.474,0.908,1.847,6.824,-0.42,0.275,-0.429,0.748,-0.664,2.176,0.122,arriba
1780982583.6757543,-0.833,-0.225,0.529,-0.687,1.687,-0.359,-0.671,-0.359,0.585,-6.397,0.794,0.008,-0.279,-0.421,0.892,-0.29,0.038,-0.244,-0.25,-0.474,0.908,1.748,7.069,-0.382,0.275,-0.432,0.738,-0.473,2.718,0.076,arriba
1780982583.798158,-0.833,-0.219,0.536,-0.771,1.962,-0.71,-0.674,-0.36,0.59,-6.198,1.046,0.672,-0.275,-0.419,0.882,-0.191,-0.16,0.359,-0.248,-0.467,0.911,1.725,6.824,-0.908,0.27,-0.424,0.741,-0.397,2.099,-0.191,arriba
1780982583.887626,-0.831,-0.219,0.533,-0.679,1.336,-1.168,-0.672,-0.365,0.588,-6.466,0.901,0.374,-0.275,-0.421,0.888,-0.298,0.473,0.382,-0.249,-0.471,0.902,1.229,7.176,-0.153,0.27,-0.429,0.74,-0.603,2.13,0.015,arriba
1780982583.984274,-0.833,-0.22,0.525,-0.901,0.962,-0.046,-0.67,-0.357,0.593,-6.45,0.634,0.0,-0.282,-0.42,0.882,-0.191,-0.038,0.489,-0.248,-0.472,0.899,2.183,7.634,-0.26,0.276,-0.435,0.74,-0.748,2.237,0.031,arriba
1780982584.0876074,-0.834,-0.224,0.531,-0.908,1.45,-0.359,-0.672,-0.36,0.592,-6.427,0.771,-0.412,-0.274,-0.418,0.886,-0.13,-0.42,0.458,-0.251,-0.474,0.901,1.344,6.679,-0.328,0.274,-0.427,0.744,-0.603,2.298,0.023,arriba
1780982584.202347,-0.834,-0.22,0.527,-0.641,1.847,-1.031,-0.671,-0.364,0.585,-6.687,0.405,-0.443,-0.276,-0.418,0.891,-0.519,0.046,0.084,-0.252,-0.473,0.911,1.679,7.008,-0.42,0.282,-0.432,0.746,-0.45,2.305,0.099,arriba
1780982584.303969,-0.833,-0.223,0.528,-1.168,1.611,-1.015,-0.669,-0.361,0.591,-6.092,0.26,-0.626,-0.278,-0.418,0.897,-0.298,0.252,0.42,-0.248,-0.475,0.898,1.687,7.061,-0.046,0.271,-0.426,0.744,-0.496,2.16,-0.13,arriba
1780982584.4063377,-0.836,-0.219,0.528,-0.702,0.687,-0.16,-0.669,-0.363,0.594,-6.183,0.618,-0.809,-0.278,-0.417,0.894,0.687,0.206,0.427,-0.246,-0.474,0.911,1.855,7.374,0.038,0.275,-0.424,0.744,0.198,3.695,0.099,arriba
1780982584.5034447,-0.832,-0.22,0.528,-1.656,1.534,-0.183,-0.669,-0.362,0.601,-4.947,0.573,0.206,-0.278,-0.421,0.904,4.351,2.084,1.656,-0.249,-0.468,0.909,3.542,8.107,0.275,0.271,-0.43,0.745,0.267,3.084,-1.16,arriba
1780982584.6025403,-0.861,-0.256,0.636,36.137,-19.023,31.153,-0.796,-0.421,0.864,70.992,-0.191,45.527,-0.302,-0.357,0.985,108.336,-12.977,18.084,-0.281,-0.46,1.024,93.137,-0.397,30.458,0.27,-0.423,0.752,1.221,-14.183,-2.069,arriba
1780982584.7056067,-0.769,-0.08,0.546,55.359,-23.084,61.053,-0.624,-0.117,0.573,65.26,-10.954,52.725,-0.24,-0.102,0.883,85.145,-8.069,22.954,-0.254,-0.251,1.031,86.603,-2.588,25.71,0.305,-0.423,0.747,2.565,-8.275,-1.634,arriba
1780982584.8194702,-0.781,0.045,0.55,19.595,-3.939,21.496,-0.661,-0.024,0.651,19.489,0.511,20.87,-0.289,-0.031,0.941,50.046,7.282,10.656,-0.256,-0.115,1.015,64.13,4.618,19.664,0.302,-0.419,0.74,3.481,1.435,1.908,arriba
1780982584.9215426,-0.829,0.058,0.636,11.42,-1.008,12.42,-0.702,0.017,0.656,8.55,2.519,13.412,-0.292,0.078,0.936,28.237,6.038,4.817,-0.253,0.017,0.983,39.817,4.786,10.748,0.309,-0.398,0.734,1.748,0.198,0.038,arriba
1780982585.018877,-0.788,0.093,0.59,-0.809,4.252,1.916,-0.659,0.074,0.583,-8.786,7.397,1.191,-0.274,0.12,0.904,-0.618,3.954,-3.374,-0.213,0.085,0.924,2.832,9.702,-2.351,0.325,-0.401,0.74,-1.588,1.893,1.015,arriba
1780982585.1177702,-0.819,0.075,0.594,-10.443,8.405,-12.458,-0.694,0.027,0.634,-21.221,3.282,-13.519,-0.295,0.084,0.93,-32.733,0.847,-9.962,-0.254,0.032,0.984,-26.427,14.832,-8.382,0.317,-0.409,0.738,-3.137,4.542,1.527,arriba
1780982585.2212336,-0.725,0.026,0.524,-38.015,14.779,-47.656,-0.579,-0.026,0.493,-75.702,-5.099,-63.641,-0.214,-0.032,0.683,-142.389,-2.351,-35.298,-0.201,-0.136,0.849,-149.397,16.198,-55.107,0.306,-0.426,0.74,-12.313,6.542,3.092,arriba
1780982585.339249,-0.833,-0.153,0.476,-75.13,34.206,-84.305,-0.663,-0.3,0.482,-140.099,13.672,-83.389,-0.308,-0.375,0.785,-156.527,4.015,-29.405,-0.294,-0.448,0.889,-148.641,16.45,-49.733,0.263,-0.436,0.766,-3.16,20.244,2.687,arriba
1780982588.1046898,-0.827,-0.225,0.531,-1.275,1.282,-1.282,-0.668,-0.362,0.594,-6.084,0.595,-1.038,-0.266,-0.424,0.888,-0.359,-0.519,-0.519,-0.249,-0.468,0.901,1.588,6.611,-0.313,0.267,-0.426,0.746,-0.496,2.26,-0.015,arriba
1780982588.2075665,-0.83,-0.228,0.533,-0.305,1.656,-0.885,-0.662,-0.36,0.593,-6.542,0.466,-0.611,-0.267,-0.421,0.89,-0.588,0.527,-0.237,-0.25,-0.472,0.91,1.618,7.244,-0.183,0.271,-0.431,0.754,-0.733,2.351,0.023,arriba
1780982588.3104203,-0.825,-0.225,0.537,-1.16,1.763,-0.947,-0.663,-0.359,0.591,-6.427,0.679,-0.931,-0.268,-0.426,0.887,-0.26,0.069,-0.13,-0.254,-0.472,0.906,1.664,6.618,-0.511,0.272,-0.428,0.75,-0.458,2.481,-0.107,arriba
1780982588.4213326,-0.831,-0.223,0.533,-0.878,1.206,-0.947,-0.665,-0.357,0.59,-6.771,0.397,-0.565,-0.267,-0.423,0.882,-0.26,-0.252,0.427,-0.251,-0.468,0.912,1.542,6.84,-0.771,0.263,-0.429,0.747,-0.504,2.176,-0.046,arriba
1780982588.5165386,-0.828,-0.226,0.535,-0.656,1.076,-1.076,-0.666,-0.366,0.599,-6.298,0.725,-0.718,-0.269,-0.424,0.885,-0.412,0.443,0.328,-0.253,-0.47,0.909,1.916,7.565,-0.504,0.264,-0.426,0.756,-0.489,2.473,0.076,arriba
1780982588.6198342,-0.842,-0.227,0.544,-1.344,2.878,1.672,-0.662,-0.37,0.6,-7.267,1.244,0.969,-0.29,-0.428,0.918,3.954,3.099,2.534,-0.253,-0.472,0.911,2.565,10.45,0.992,0.272,-0.421,0.743,-1.214,2.16,0.412,arriba
1780982588.7346632,-1.003,-0.237,0.672,64.763,-14.908,64.45,-0.782,-0.322,0.589,108.076,-16.779,57.939,-0.344,-0.35,0.951,122.366,-23.466,27.321,-0.268,-0.397,0.927,108.229,-18.26,37.008,0.29,-0.428,0.73,-2.542,-22.244,-6.977,arriba
1780982588.8345618,-0.787,-0.028,0.57,44.366,-7.618,44.305,-0.663,-0.089,0.565,49.366,8.412,40.573,-0.265,-0.094,0.818,75.489,11.649,20.427,-0.259,-0.146,0.775,74.099,11.84,20.603,0.32,-0.407,0.738,3.954,-1.656,-2.122,arriba
1780982588.937184,-0.824,0.03,0.607,13.771,3.687,15.023,-0.695,-0.054,0.677,12.847,6.031,16.595,-0.296,-0.034,0.958,35.038,5.214,6.878,-0.268,-0.1,0.971,40.847,4.947,12.038,0.305,-0.414,0.724,1.664,-1.71,-1.076,arriba
1780982589.0316668,-0.812,0.064,0.596,3.198,3.145,4.977,-0.682,-0.005,0.642,-1.229,3.664,5.26,-0.283,0.025,0.936,12.092,0.969,4.061,-0.258,-0.032,0.98,14.969,3.26,3.29,0.316,-0.415,0.739,-0.511,1.695,-0.046,arriba
1780982589.1355867,-0.801,0.058,0.591,-8.527,7.015,-10.076,-0.678,-0.006,0.625,-19.443,6.0,-10.275,-0.296,0.02,0.911,-20.496,2.527,-4.252,-0.263,-0.033,0.966,-18.405,11.542,-6.298,0.318,-0.415,0.736,-2.824,4.672,2.504,arriba
1780982589.2379253,-0.714,0.021,0.501,-41.718,12.015,-47.794,-0.567,-0.05,0.521,-77.328,6.229,-56.84,-0.207,-0.06,0.73,-110.985,2.069,-24.687,-0.189,-0.137,0.829,-113.611,20.458,-41.443,0.307,-0.434,0.728,-7.252,10.695,4.557,arriba
1780982589.3522904,-0.915,-0.151,0.563,-52.733,22.878,-54.092,-0.792,-0.301,0.656,-80.26,7.26,-47.977,-0.329,-0.321,0.926,-87.733,6.763,-21.115,-0.303,-0.394,0.951,-78.336,13.145,-27.763,0.272,-0.426,0.741,-2.031,10.863,1.42,arriba
1780982589.4534683,-0.831,-0.191,0.489,-5.695,-6.618,-9.992,-0.675,-0.378,0.712,-9.527,-13.924,-6.359,-0.39,-0.404,0.58,-20.145,-42.924,1.519,-0.131,-0.32,0.599,-4.87,6.809,-9.321,0.261,-0.409,0.766,5.229,-0.771,0.038,arriba
1780982589.5468628,-0.827,-0.227,0.522,1.427,4.382,0.534,-0.673,-0.356,0.593,-6.786,1.023,0.305,-0.274,-0.416,0.888,-2.511,-0.603,-0.305,-0.263,-0.461,0.903,-0.084,4.328,-0.672,0.267,-0.427,0.734,-1.244,2.046,-0.008,arriba
1780982589.6495686,-0.833,-0.224,0.53,-0.908,1.504,-1.13,-0.668,-0.363,0.606,-6.458,0.779,0.046,-0.272,-0.422,0.892,-0.45,0.0,-0.046,-0.255,-0.469,0.906,1.183,7.382,-0.664,0.271,-0.425,0.738,-0.359,2.099,-0.198,arriba
1780982589.7532198,-0.832,-0.221,0.533,-0.588,0.939,-0.664,-0.668,-0.356,0.588,-6.214,0.534,-0.252,-0.27,-0.422,0.887,-0.695,-0.481,-0.359,-0.252,-0.469,0.908,1.603,6.389,-0.504,0.27,-0.43,0.746,-0.145,2.397,-0.038,arriba
1780982589.8553975,-0.833,-0.225,0.525,-1.015,1.099,-1.031,-0.666,-0.356,0.591,-6.282,0.748,-0.076,-0.274,-0.42,0.892,-0.641,0.252,-0.588,-0.253,-0.471,0.904,1.26,7.168,-0.061,0.276,-0.432,0.74,-0.573,2.298,-0.122,arriba
1780982589.9686856,-0.827,-0.222,0.53,-0.87,1.672,-0.344,-0.669,-0.362,0.59,-6.344,0.954,-0.053,-0.276,-0.419,0.888,-0.26,-0.397,-0.122,-0.254,-0.469,0.909,1.412,6.962,-0.649,0.268,-0.424,0.75,-0.397,2.626,-0.084,arriba
1780982590.0699825,-0.831,-0.221,0.53,-0.893,1.359,-0.473,-0.671,-0.36,0.599,-6.672,0.557,-0.443,-0.273,-0.419,0.884,-0.397,-0.252,0.153,-0.255,-0.471,0.908,1.511,6.863,-0.26,0.268,-0.425,0.751,-0.382,2.511,-0.099,arriba
1780982592.7512887,-0.831,-0.223,0.526,-0.786,1.809,-1.038,-0.667,-0.361,0.59,-6.641,0.885,-0.725,-0.275,-0.42,0.887,-0.191,-0.031,0.0,-0.257,-0.473,0.903,1.863,6.931,-0.481,0.267,-0.427,0.743,-0.435,2.725,0.023,arriba
1780982592.8523996,-0.834,-0.22,0.525,-0.969,1.351,-0.87,-0.666,-0.361,0.584,-6.611,0.443,-0.473,-0.272,-0.422,0.888,-0.496,0.405,-0.244,-0.256,-0.471,0.909,1.855,7.031,-0.878,0.274,-0.429,0.743,-0.557,2.595,-0.137,arriba
1780982592.9455514,-0.836,-0.219,0.534,-0.969,1.519,-0.542,-0.667,-0.363,0.596,-6.511,0.557,-0.282,-0.277,-0.42,0.888,-0.282,-0.176,-0.183,-0.253,-0.471,0.903,1.557,6.519,-0.985,0.265,-0.424,0.745,-0.519,2.405,-0.122,arriba
1780982593.0537071,-0.828,-0.224,0.53,-1.015,1.305,-0.756,-0.665,-0.363,0.589,-6.252,0.641,-0.611,-0.273,-0.422,0.885,-0.359,-0.74,0.137,-0.253,-0.475,0.9,2.176,6.878,-0.916,0.273,-0.427,0.745,-0.481,2.344,-0.206,arriba
1780982593.151548,-0.833,-0.224,0.535,-0.473,1.466,-0.809,-0.67,-0.363,0.591,-6.435,0.55,-0.313,-0.274,-0.423,0.887,-0.481,0.038,-0.153,-0.256,-0.469,0.905,1.733,6.565,-0.718,0.272,-0.423,0.747,-0.664,2.489,-0.267,arriba
1780982593.2548606,-0.835,-0.225,0.531,0.267,0.931,0.382,-0.671,-0.363,0.592,-6.794,0.122,0.718,-0.265,-0.422,0.888,4.313,2.336,1.611,-0.258,-0.474,0.91,3.718,7.405,0.954,0.274,-0.429,0.741,-0.237,6.214,0.076,arriba
1780982593.3684855,-0.878,-0.284,0.714,48.0,-25.611,39.168,-0.761,-0.357,0.719,77.435,-27.443,38.29,-0.327,-0.363,0.923,100.527,-24.069,23.985,-0.248,-0.498,1.023,59.74,-7.779,20.824,0.275,-0.42,0.746,-2.687,-14.847,-3.947,arriba
1780982593.4609013,-0.818,-0.09,0.567,56.267,-18.618,56.374,-0.647,-0.125,0.597,63.405,-10.664,50.618,-0.264,-0.143,0.86,93.985,-1.198,25.214,-0.236,-0.316,0.984,108.954,-2.504,32.176,0.298,-0.433,0.736,3.992,-10.496,-3.908,arriba
1780982593.5638986,-0.785,-0.006,0.573,21.282,5.191,19.679,-0.669,-0.043,0.616,16.008,5.71,18.275,-0.259,0.006,0.951,37.924,11.931,8.397,-0.266,-0.106,0.975,52.55,9.55,14.885,0.318,-0.411,0.742,1.557,2.008,0.29,arriba
1780982593.6672895,-0.801,0.065,0.571,-0.847,1.26,1.573,-0.664,-0.003,0.65,-5.618,4.389,2.084,-0.269,0.052,0.934,3.275,4.962,3.771,-0.257,-0.027,0.999,21.939,8.664,7.679,0.312,-0.411,0.736,0.328,3.603,1.74,arriba
1780982593.769564,-0.785,0.066,0.563,-5.87,1.237,-3.16,-0.65,0.006,0.631,-15.687,1.473,-4.061,-0.253,0.069,0.887,-11.374,1.679,-1.466,-0.225,0.01,0.974,-8.679,13.748,-2.069,0.316,-0.412,0.734,-2.588,5.321,2.252,arriba
1780982593.8857527,-0.797,0.033,0.554,-17.084,6.702,-19.939,-0.636,-0.014,0.583,-36.092,0.74,-25.611,-0.273,0.028,0.821,-56.237,-4.481,-11.328,-0.252,-0.034,0.933,-58.626,9.366,-17.87,0.302,-0.418,0.734,-5.832,4.107,2.603,arriba
1780982593.9938447,-0.835,-0.065,0.538,-34.809,16.061,-44.962,-0.702,-0.161,0.568,-67.145,5.947,-47.023,-0.292,-0.125,0.802,-93.344,5.229,-26.389,-0.265,-0.191,0.87,-107.893,13.405,-38.16,0.292,-0.426,0.746,-5.153,6.794,1.008,arriba
1780982594.095051,-0.863,-0.182,0.559,-44.099,16.191,-47.282,-0.739,-0.341,0.662,-70.061,2.382,-46.214,-0.342,-0.402,1.045,-83.305,6.244,-20.58,-0.317,-0.427,0.984,-61.595,12.435,-20.244,0.271,-0.428,0.747,-1.366,8.649,0.718,arriba
1780982594.1824713,-0.811,-0.228,0.542,0.015,-5.45,-3.786,-0.681,-0.341,0.591,-8.466,6.702,-0.405,-0.274,-0.41,0.934,-3.679,-3.962,-0.473,-0.263,-0.44,0.907,-7.221,4.412,-4.351,0.273,-0.419,0.741,-1.183,3.29,-0.206,arriba
1780982594.285822,-0.837,-0.22,0.539,-0.443,1.656,-0.481,-0.673,-0.348,0.601,-7.099,-0.611,-1.275,-0.279,-0.403,0.892,-1.214,-2.45,-0.55,-0.255,-0.454,0.917,0.885,6.069,-1.206,0.275,-0.432,0.734,-0.939,2.214,-0.221,arriba
1780982594.3884106,-0.831,-0.219,0.534,-0.931,0.618,-1.305,-0.666,-0.349,0.6,-6.466,0.038,-0.687,-0.279,-0.403,0.903,-0.771,-0.527,-0.183,-0.263,-0.455,0.913,1.511,6.885,-0.595,0.27,-0.425,0.75,-0.618,2.221,-0.267,arriba
1780982594.5001118,-0.831,-0.22,0.538,-0.092,1.969,-0.74,-0.662,-0.349,0.609,-6.206,0.763,-0.244,-0.277,-0.402,0.897,-0.809,0.344,-0.137,-0.26,-0.458,0.911,1.511,6.328,-0.511,0.274,-0.429,0.749,-0.672,2.435,-0.153,arriba
1780982594.6044936,-0.829,-0.214,0.534,-0.962,1.58,-0.847,-0.662,-0.347,0.604,-7.137,0.58,-0.427,-0.276,-0.402,0.897,-0.702,-0.206,-0.511,-0.259,-0.459,0.916,1.099,6.595,-0.992,0.274,-0.434,0.748,-0.718,2.191,-0.084,arriba
1780982594.6973088,-0.828,-0.217,0.54,-0.466,0.954,-0.626,-0.666,-0.351,0.605,-6.183,0.618,-0.237,-0.276,-0.403,0.894,-0.382,-0.183,-0.229,-0.262,-0.458,0.904,1.779,6.779,-0.672,0.274,-0.426,0.744,-0.504,1.985,-0.031,arriba
1780982597.3753738,-0.835,-0.219,0.54,-0.832,1.298,0.061,-0.663,-0.352,0.598,-6.321,0.863,0.13,-0.275,-0.407,0.886,-0.656,0.122,-0.13,-0.255,-0.467,0.9,1.527,7.115,-0.26,0.272,-0.426,0.75,-0.626,2.122,-0.13,arriba
1780982597.4918985,-0.833,-0.219,0.539,-1.198,1.053,-1.397,-0.66,-0.35,0.599,-6.771,0.733,0.046,-0.281,-0.409,0.892,-0.687,0.427,0.084,-0.262,-0.462,0.903,1.74,6.756,-0.649,0.274,-0.426,0.752,-0.557,2.214,0.008,arriba
1780982597.5815294,-0.828,-0.219,0.54,-0.649,1.336,-0.802,-0.664,-0.351,0.602,-6.427,0.542,0.084,-0.272,-0.41,0.897,-0.389,-0.168,-0.382,-0.256,-0.467,0.909,1.443,6.977,-0.458,0.275,-0.429,0.743,-0.458,1.992,-0.176,arriba
1780982597.6905084,-0.828,-0.22,0.537,-1.229,1.45,-0.87,-0.662,-0.349,0.607,-6.557,0.405,-0.473,-0.281,-0.411,0.89,-0.115,-0.252,-0.366,-0.259,-0.464,0.908,1.847,7.252,-0.511,0.273,-0.42,0.739,-0.656,1.931,-0.115,arriba
1780982597.787164,-0.828,-0.218,0.531,-0.855,0.779,-0.802,-0.662,-0.348,0.599,-6.45,0.328,-0.756,-0.277,-0.411,0.89,0.42,-0.229,-0.527,-0.257,-0.462,0.913,1.366,6.634,-0.641,0.269,-0.43,0.741,-0.496,2.519,-0.153,arriba
1780982597.900712,-0.868,-0.231,0.568,-7.015,4.0,0.481,-0.812,-0.439,0.861,44.718,29.473,31.534,-0.305,-0.462,1.129,82.931,-9.802,6.45,-0.269,-0.509,1.062,48.214,15.405,19.664,0.288,-0.418,0.737,0.687,0.992,1.153,arriba
1780982598.000569,-0.768,-0.117,0.501,41.359,-20.733,47.504,-0.639,-0.26,0.69,58.198,-14.847,40.985,-0.211,-0.207,0.93,69.939,-11.969,18.481,-0.202,-0.353,0.983,59.168,-3.542,15.595,0.308,-0.432,0.737,-0.336,-1.053,-0.191,arriba
1780982598.1017876,-0.788,-0.021,0.548,20.557,-5.252,26.13,-0.626,-0.057,0.541,21.588,-12.198,21.473,-0.278,-0.107,0.963,44.786,-1.031,14.618,-0.253,-0.264,1.041,57.344,-0.344,19.649,0.306,-0.426,0.74,1.16,-2.198,-1.214,arriba
1780982598.1986845,-0.826,0.025,0.583,16.092,-4.649,18.489,-0.693,-0.051,0.646,17.527,-3.405,19.641,-0.284,-0.036,1.02,46.618,7.359,12.832,-0.256,-0.144,1.07,64.626,2.557,21.443,0.302,-0.422,0.742,3.221,-1.206,-2.153,arriba
1780982598.3019845,-0.797,0.049,0.593,5.58,-0.305,5.42,-0.708,-0.015,0.686,-0.412,3.687,6.069,-0.281,0.046,0.985,19.435,6.13,5.954,-0.26,-0.024,1.042,36.481,8.099,13.252,0.309,-0.414,0.745,0.809,3.305,-0.344,arriba
1780982598.4108276,-0.796,0.064,0.593,-3.626,1.267,-3.229,-0.668,0.013,0.635,-11.427,1.725,-4.489,-0.292,0.076,0.951,-7.122,2.42,-0.557,-0.258,0.008,1.026,-2.664,12.924,-0.145,0.306,-0.41,0.744,-2.107,3.473,1.664,arriba
1780982598.508526,-0.776,0.053,0.581,-14.847,6.031,-14.374,-0.662,-0.006,0.64,-24.427,9.901,-13.351,-0.279,0.065,0.934,-20.275,4.931,-5.832,-0.25,-0.007,1.022,-17.55,15.435,-8.847,0.296,-0.414,0.744,-0.435,7.802,2.359,arriba
1780982598.6112075,-0.784,0.024,0.542,-20.42,8.664,-22.679,-0.636,-0.014,0.541,-41.015,7.336,-26.252,-0.285,0.066,0.729,-56.954,-2.611,-8.687,-0.231,-0.011,0.844,-57.229,14.939,-17.542,0.302,-0.406,0.745,-6.221,3.557,2.824,arriba
1780982598.714759,-0.91,-0.102,0.587,-39.977,18.321,-45.992,-0.789,-0.232,0.669,-62.176,13.496,-43.511,-0.333,-0.165,0.896,-71.885,6.641,-19.321,-0.302,-0.191,0.91,-64.687,14.634,-24.42,0.281,-0.42,0.744,-1.695,4.466,0.122,arriba
1780982598.8183558,-0.812,-0.195,0.565,-46.977,12.84,-50.313,-0.652,-0.334,0.651,-80.275,-2.527,-54.611,-0.326,-0.408,1.021,-106.885,4.519,-30.985,-0.314,-0.476,1.075,-90.611,18.107,-31.45,0.255,-0.438,0.736,0.427,13.153,2.206,arriba
1780982598.9206483,-0.835,-0.209,0.535,0.275,6.099,0.183,-0.679,-0.344,0.595,-7.092,0.626,-0.427,-0.304,-0.403,0.882,-2.962,-8.885,-1.214,-0.289,-0.452,0.898,-9.802,5.42,-4.733,0.274,-0.433,0.736,-0.069,0.26,-1.084,arriba
1780982599.0232189,-0.827,-0.218,0.535,-0.664,0.74,-1.099,-0.659,-0.344,0.609,-6.122,0.817,-0.107,-0.279,-0.401,0.898,0.076,-0.817,0.061,-0.264,-0.453,0.913,1.588,5.931,-1.275,0.277,-0.434,0.744,-0.366,2.74,-0.275,arriba
1780982599.1325545,-0.822,-0.217,0.55,-1.206,0.786,-1.115,-0.66,-0.35,0.607,-6.511,0.802,0.038,-0.276,-0.4,0.898,-0.832,0.29,0.168,-0.268,-0.452,0.903,1.305,6.977,-1.191,0.278,-0.421,0.742,-0.649,1.863,-0.092,arriba
1780982599.2348845,-0.824,-0.219,0.542,-0.969,0.71,-1.496,-0.666,-0.348,0.612,-6.191,0.542,0.008,-0.278,-0.402,0.901,-0.244,-0.71,-0.176,-0.26,-0.455,0.918,1.603,6.214,-1.046,0.277,-0.432,0.749,-0.565,2.573,-0.16,arriba
1780982599.3323762,-0.825,-0.216,0.541,-0.412,1.244,-0.725,-0.661,-0.348,0.612,-6.137,0.573,-0.153,-0.275,-0.405,0.897,-0.542,-0.313,-0.198,-0.263,-0.458,0.912,1.45,7.076,-0.695,0.273,-0.426,0.74,-0.466,2.626,-0.252,arriba
1780982602.0181253,-0.829,-0.22,0.548,-0.695,1.779,-1.092,-0.661,-0.35,0.614,-6.244,0.534,-0.427,-0.277,-0.404,0.895,-0.382,0.198,0.336,-0.257,-0.464,0.906,1.511,6.74,-0.84,0.276,-0.425,0.745,-0.557,2.282,-0.137,arriba
1780982602.1235776,-0.827,-0.211,0.541,-1.344,1.679,-0.885,-0.662,-0.351,0.605,-6.618,0.458,-0.687,-0.275,-0.408,0.894,-0.405,0.229,-0.13,-0.265,-0.459,0.906,1.863,6.847,-0.313,0.267,-0.429,0.748,-0.458,2.305,-0.023,arriba
1780982602.221298,-0.829,-0.216,0.542,-0.748,0.908,-0.634,-0.657,-0.348,0.604,-6.687,0.107,-0.962,-0.279,-0.407,0.896,-0.282,-0.565,-0.244,-0.262,-0.46,0.908,1.802,7.389,-0.115,0.274,-0.433,0.739,-0.618,2.183,-0.099,arriba
1780982602.3192623,-0.825,-0.214,0.542,-1.069,1.046,-1.374,-0.66,-0.351,0.612,-6.458,0.702,-1.29,-0.277,-0.407,0.899,-0.305,-0.168,-0.023,-0.263,-0.46,0.897,1.656,6.947,-0.656,0.273,-0.426,0.746,-0.672,2.244,-0.145,arriba
1780982602.421665,-0.826,-0.213,0.549,-0.901,1.374,-0.504,-0.656,-0.355,0.608,-6.0,0.595,-0.977,-0.28,-0.411,0.906,0.664,0.969,0.13,-0.259,-0.459,0.907,2.305,7.939,-0.008,0.281,-0.424,0.744,0.008,3.084,0.237,arriba
1780982602.5349553,-0.844,-0.219,0.557,2.931,4.748,1.603,-0.851,-0.495,0.865,8.969,-0.275,13.634,-0.203,-0.43,1.037,65.458,-1.137,8.901,-0.275,-0.475,0.985,53.641,1.947,27.481,0.292,-0.447,0.729,1.26,1.809,-0.397,arriba
1780982602.6350334,-0.817,-0.153,0.513,48.656,-18.962,47.26,-0.669,-0.247,0.613,62.466,-4.756,45.023,-0.251,-0.229,0.88,80.527,-7.344,21.962,-0.257,-0.346,0.973,75.908,-3.29,25.908,0.288,-0.421,0.738,1.565,-4.031,-2.634,arriba
1780982602.7319803,-0.816,-0.071,0.582,24.412,-2.863,25.321,-0.646,-0.107,0.593,23.382,3.962,20.313,-0.272,-0.115,0.965,51.053,10.939,12.0,-0.282,-0.191,0.924,59.588,3.885,16.031,0.283,-0.42,0.748,2.038,1.588,-0.771,arriba
1780982602.8342452,-0.815,-0.015,0.583,16.786,-1.641,19.824,-0.686,-0.071,0.647,17.206,0.244,20.84,-0.293,-0.034,0.966,38.794,3.595,8.435,-0.236,-0.105,0.974,39.672,5.053,13.015,0.301,-0.42,0.735,0.824,-1.29,-1.26,arriba
1780982602.9373484,-0.824,0.03,0.576,38.916,-9.0,17.046,-0.693,-0.018,0.629,16.298,-2.893,16.412,-0.348,0.031,0.928,34.527,1.985,8.023,-0.297,0.008,0.998,46.313,-3.656,15.656,0.3,-0.409,0.743,0.794,-3.771,-2.527,arriba
1780982603.050234,-0.797,0.084,0.574,6.183,1.366,2.634,-0.675,0.022,0.605,-2.466,0.198,3.038,-0.312,0.076,0.946,4.466,0.328,1.626,-0.28,0.01,1.073,5.748,6.824,1.939,0.307,-0.419,0.75,-1.053,2.069,0.313,arriba
1780982603.155,-0.791,0.077,0.58,-7.901,2.481,-6.504,-0.662,0.018,0.614,-16.412,0.359,-8.405,-0.279,0.067,0.955,-20.031,-0.679,-3.031,-0.253,0.018,1.038,-13.931,10.718,-4.221,0.306,-0.414,0.739,-2.031,4.305,2.092,arriba
1780982603.2467666,-0.722,0.057,0.512,-31.924,4.58,-34.267,-0.62,-0.032,0.521,-62.313,8.176,-44.573,-0.243,0.026,0.77,-113.206,7.298,-15.298,-0.208,-0.049,0.933,-68.656,28.832,-14.534,0.299,-0.409,0.74,-8.405,5.237,3.305,arriba
1780982603.3497922,-0.921,-0.1,0.662,-21.695,5.214,-36.298,-0.761,-0.213,0.621,-47.29,-21.359,-44.588,-0.363,-0.279,0.967,-84.046,-18.992,-44.527,-0.293,-0.256,0.925,-126.0,13.069,-57.481,0.295,-0.419,0.735,-1.374,4.542,-0.237,arriba
1780982603.4528027,-0.826,-0.148,0.582,-27.809,9.153,-37.237,-0.698,-0.336,0.671,-57.763,-0.985,-36.489,-0.328,-0.417,0.985,-61.206,0.695,-11.069,-0.315,-0.453,1.006,-52.107,10.718,-21.565,0.277,-0.425,0.74,-0.29,6.366,0.527,arriba
1780982603.5700305,-0.792,-0.17,0.537,-8.794,9.695,-5.573,-0.891,-0.55,0.71,-9.298,-16.893,-1.565,-0.307,-0.397,0.927,-3.557,-4.076,0.122,-0.272,-0.458,0.937,-7.26,2.351,-3.931,0.272,-0.425,0.736,-0.519,1.962,-0.092,arriba
1780982603.6583812,-0.825,-0.199,0.547,-13.298,4.389,-3.176,-0.655,-0.355,0.606,-6.092,0.947,-0.069,-0.27,-0.401,0.905,-0.71,-0.046,0.206,-0.26,-0.451,0.921,1.527,6.672,-0.924,0.271,-0.422,0.743,-0.412,3.405,-0.252,arriba
1780982603.7703872,-0.829,-0.221,0.556,-9.847,5.695,-2.313,-0.656,-0.354,0.61,-6.191,1.779,-0.046,-0.275,-0.397,0.9,-0.481,0.198,-0.313,-0.258,-0.452,0.917,1.023,6.176,-0.664,0.269,-0.427,0.752,-0.489,2.847,-0.038,arriba
1780982603.864241,-0.828,-0.229,0.544,-5.092,2.939,-2.71,-0.658,-0.35,0.61,-6.893,0.649,-0.412,-0.271,-0.403,0.897,-0.58,-0.191,0.0,-0.26,-0.448,0.91,1.298,7.038,-1.023,0.269,-0.43,0.749,-0.565,2.282,-0.359,arriba
1780982606.6455088,-0.823,-0.224,0.542,-0.901,1.473,-0.466,-0.654,-0.352,0.609,-6.779,0.519,-0.687,-0.268,-0.406,0.897,-0.489,-0.023,-0.061,-0.255,-0.458,0.91,1.832,6.832,-0.756,0.272,-0.423,0.752,-0.718,2.206,-0.076,arriba
1780982606.753983,-0.825,-0.221,0.541,-1.038,1.718,-0.489,-0.654,-0.356,0.615,-6.519,0.969,-0.885,-0.27,-0.408,0.892,-0.389,0.107,-0.511,-0.253,-0.459,0.91,1.611,7.198,-0.664,0.275,-0.424,0.745,-0.527,2.153,0.0,arriba
1780982606.853466,-0.823,-0.222,0.54,-0.733,1.611,-1.176,-0.656,-0.355,0.611,-6.176,0.603,-0.84,-0.265,-0.411,0.899,-0.511,0.191,-0.153,-0.253,-0.457,0.911,1.634,6.908,-0.58,0.268,-0.427,0.748,-0.595,2.58,-0.061,arriba
1780982606.9585068,-0.823,-0.228,0.543,-1.26,1.489,-0.794,-0.657,-0.352,0.609,-6.168,0.29,-1.0,-0.269,-0.408,0.898,-0.13,0.076,-0.145,-0.254,-0.458,0.911,1.45,6.481,-0.863,0.267,-0.432,0.742,-0.595,2.214,0.038,arriba
1780982607.066749,-0.825,-0.226,0.542,-1.069,1.527,-0.13,-0.658,-0.352,0.612,-6.244,0.252,-1.008,-0.264,-0.413,0.895,-0.344,0.496,-0.504,-0.256,-0.458,0.908,1.748,7.656,-0.595,0.271,-0.427,0.751,-0.534,2.16,-0.015,arriba
1780982607.1605697,-0.824,-0.222,0.545,-0.832,1.206,-0.824,-0.654,-0.351,0.62,-6.061,0.603,-0.885,-0.268,-0.407,0.892,-0.176,-0.435,-0.176,-0.256,-0.458,0.91,1.74,6.863,-0.702,0.275,-0.425,0.747,-0.374,2.695,-0.084,arriba
1780982607.2637684,-0.822,-0.224,0.549,-0.618,0.908,-0.656,-0.656,-0.358,0.611,-5.779,0.229,-0.519,-0.267,-0.411,0.898,1.885,0.794,0.702,-0.251,-0.456,0.92,2.756,8.771,0.328,0.269,-0.425,0.744,0.443,4.298,0.145,arriba
1780982607.3670151,-0.798,-0.185,0.571,1.511,-1.977,-2.603,-0.887,-0.427,0.787,-4.626,0.183,29.168,-0.25,-0.425,1.053,80.298,4.649,0.534,0.066,-0.522,1.096,40.389,-3.313,34.916,0.251,-0.418,0.744,0.466,0.947,-0.214,arriba
1780982607.4811585,-0.873,-0.133,0.519,101.55,-41.214,97.626,-0.709,-0.231,0.59,128.053,-18.061,85.046,-0.325,-0.27,1.045,148.901,-17.618,45.092,-0.271,-0.409,1.042,161.847,-4.756,50.351,0.282,-0.43,0.738,6.466,-13.519,-6.588,arriba
1780982607.5725753,-0.709,0.082,0.549,24.267,-2.321,25.031,-0.61,0.039,0.6,25.176,-1.412,23.611,-0.251,0.04,0.868,47.237,9.481,8.176,-0.239,-0.087,0.94,60.885,15.031,16.443,0.313,-0.41,0.733,2.45,7.008,0.809,arriba
1780982607.686184,-0.81,0.072,0.615,6.29,4.702,6.901,-0.689,0.016,0.693,2.466,5.267,8.718,-0.296,0.079,0.918,17.244,4.389,3.374,-0.235,0.016,0.947,34.71,8.603,10.374,0.31,-0.407,0.74,-0.191,-0.908,-0.298,arriba
1780982607.7788074,-0.819,0.09,0.602,-1.58,6.809,-2.084,-0.67,0.031,0.656,-10.214,6.611,-2.26,-0.286,0.084,0.941,-5.947,0.29,-1.137,-0.276,0.024,1.018,-2.847,8.679,-1.87,0.314,-0.408,0.748,-2.664,1.664,0.29,arriba
1780982607.8820248,-0.778,0.067,0.591,-24.855,12.015,-24.969,-0.639,0.067,0.568,-44.092,16.634,-25.824,-0.284,0.036,0.925,-41.733,7.901,-10.42,-0.264,0.0,1.004,-30.137,23.29,-7.618,0.304,-0.409,0.741,-3.641,7.74,2.733,arriba
1780982607.9848328,-0.818,-0.042,0.537,-54.603,24.214,-53.076,-0.688,-0.133,0.556,-77.534,10.374,-56.58,-0.215,-0.013,0.687,-108.656,5.359,-21.053,-0.213,-0.063,0.799,-109.122,16.351,-39.565,0.295,-0.427,0.738,-13.053,3.687,2.382,arriba
1780982608.1009984,-0.938,-0.194,0.595,-38.786,22.947,-44.0,-0.786,-0.345,0.691,-57.359,1.374,-37.802,-0.368,-0.312,0.979,-75.504,-0.534,-22.573,-0.327,-0.314,0.915,-70.55,7.42,-24.893,0.255,-0.42,0.743,-2.038,4.824,0.527,arriba
1780982608.197902,-0.832,-0.212,0.505,-6.221,-10.282,-6.641,-0.624,-0.37,0.667,-6.092,-6.092,-2.489,-0.33,-0.46,1.065,-27.672,-6.84,-3.458,-0.33,-0.509,1.123,-19.87,8.183,-9.565,0.277,-0.418,0.737,-0.107,0.947,-0.015,arriba
1780982608.3025482,-0.827,-0.221,0.534,-0.977,-0.763,-1.763,-0.657,-0.358,0.608,-6.55,-0.687,-1.145,-0.271,-0.411,0.896,-0.664,-2.473,-0.618,-0.303,-0.507,1.061,3.511,4.908,-0.351,0.267,-0.427,0.744,-0.55,2.374,-0.176,arriba
1780982608.3965564,-0.826,-0.227,0.542,-0.336,1.137,-0.756,-0.661,-0.355,0.602,-6.275,0.725,-0.023,-0.274,-0.413,0.892,-0.603,-0.221,-0.634,-0.259,-0.457,0.908,1.313,6.229,-1.275,0.279,-0.429,0.743,-0.618,2.221,-0.359,arriba
1780982608.5000787,-0.83,-0.227,0.537,-0.504,0.939,-0.473,-0.663,-0.353,0.606,-6.573,0.878,-0.183,-0.272,-0.406,0.89,-0.374,-0.771,-0.26,-0.262,-0.452,0.908,1.405,6.641,-1.053,0.277,-0.427,0.752,-0.26,2.725,-0.099,arriba
1780982608.6026049,-0.829,-0.227,0.536,-0.656,1.74,-1.069,-0.664,-0.353,0.603,-6.511,0.397,-0.481,-0.273,-0.409,0.897,-0.305,-1.031,-0.435,-0.26,-0.453,0.912,1.099,6.389,-0.382,0.27,-0.421,0.749,-0.405,2.267,-0.214,arriba
1780982611.284819,-0.826,-0.221,0.539,-1.252,1.527,-1.168,-0.659,-0.353,0.598,-6.901,0.427,-0.313,-0.271,-0.412,0.898,-0.519,-0.267,0.092,-0.253,-0.459,0.907,1.534,7.481,-0.916,0.281,-0.431,0.748,-1.015,1.321,0.328,arriba
1780982611.3857965,-0.824,-0.221,0.538,-0.611,1.0,-1.031,-0.662,-0.357,0.601,-6.366,0.55,-0.611,-0.267,-0.411,0.896,-0.542,0.237,-0.473,-0.259,-0.463,0.908,1.656,6.733,-0.908,0.276,-0.432,0.739,-0.565,2.71,0.107,arriba
1780982611.486852,-0.824,-0.223,0.541,-1.282,1.313,-0.802,-0.663,-0.351,0.603,-6.435,0.893,-0.573,-0.272,-0.413,0.888,-0.214,0.206,0.0,-0.257,-0.462,0.906,1.863,7.046,-0.321,0.275,-0.431,0.741,-0.527,2.962,-0.176,arriba
1780982611.5897825,-0.827,-0.216,0.54,-0.84,1.435,-0.687,-0.659,-0.357,0.601,-6.878,0.267,-0.672,-0.271,-0.412,0.89,-0.565,-0.359,0.282,-0.262,-0.46,0.904,1.672,7.244,-0.702,0.275,-0.425,0.743,-0.664,2.389,0.031,arriba
1780982611.6992335,-0.828,-0.223,0.541,-0.817,1.534,-0.84,-0.662,-0.354,0.597,-6.466,0.153,-1.115,-0.272,-0.411,0.891,-0.252,0.359,-0.45,-0.257,-0.46,0.911,1.786,6.847,-1.137,0.283,-0.43,0.748,-0.344,3.237,-0.458,arriba
1780982611.8027744,-0.821,-0.223,0.544,-0.901,3.473,0.969,-0.665,-0.361,0.605,-7.069,0.412,0.115,-0.281,-0.415,0.896,4.237,4.863,2.603,-0.271,-0.464,0.912,2.099,9.679,0.893,0.268,-0.431,0.743,-0.198,2.672,0.137,arriba
1780982611.898911,-1.089,-0.372,0.896,52.122,-18.634,60.336,-0.854,-0.398,0.788,112.962,-2.908,63.321,-0.35,-0.329,0.908,136.168,-15.221,32.924,-0.318,-0.398,0.905,131.954,-20.092,42.87,0.287,-0.419,0.748,-1.282,-21.962,-3.893,arriba
1780982612.019645,-0.721,0.002,0.542,62.443,-15.053,65.275,-0.534,-0.009,0.52,60.351,-1.847,52.237,-0.18,0.025,0.795,78.794,5.412,17.26,-0.209,-0.069,0.794,73.344,-5.16,18.695,0.318,-0.397,0.735,1.42,-4.817,-1.527,arriba
1780982612.1152878,-0.805,0.095,0.553,13.733,2.733,12.298,-0.688,0.013,0.598,8.122,5.244,15.092,-0.323,0.061,0.921,30.947,4.374,8.168,-0.268,0.014,0.965,37.282,0.916,13.435,0.298,-0.403,0.739,0.55,-1.053,-0.221,arriba
1780982612.2079268,-0.831,0.072,0.614,-4.412,4.458,-6.443,-0.74,-0.002,0.669,-10.55,4.076,-3.84,-0.32,0.055,0.974,-5.099,1.26,-1.351,-0.277,-0.008,1.022,-0.672,8.137,-0.382,0.308,-0.407,0.743,-1.824,1.427,0.084,arriba
1780982612.3178017,-0.767,0.061,0.545,-24.305,11.015,-27.664,-0.625,0.02,0.549,-44.939,7.611,-31.046,-0.278,0.038,0.854,-62.344,2.763,-12.786,-0.25,-0.016,0.935,-55.534,16.878,-17.748,0.298,-0.415,0.742,-6.603,8.588,3.718,arriba
1780982612.4139853,-0.746,-0.057,0.512,-53.427,13.084,-67.412,-0.624,-0.18,0.518,-102.252,-5.191,-78.26,-0.227,-0.229,0.793,-162.824,-0.977,-47.313,-0.179,-0.251,0.79,-168.176,21.504,-57.847,0.276,-0.436,0.753,-0.397,19.412,2.595,arriba
1780982612.5169616,-0.971,-0.242,0.591,-33.519,12.053,-36.115,0.182,0.019,1.02,-18.817,-0.84,13.427,-0.224,-0.402,0.656,11.45,24.023,-2.176,-0.207,-0.579,1.225,24.969,32.115,3.176,0.262,-0.43,0.731,5.397,-14.565,-2.489,arriba
1780982612.6324716,-0.817,-0.234,0.543,0.115,3.481,-1.038,-0.662,-0.356,0.596,-6.771,2.573,0.573,-0.272,-0.403,0.895,0.145,-0.794,0.168,-0.266,-0.458,0.913,1.672,4.267,-1.084,0.267,-0.421,0.742,-1.397,4.557,0.107,arriba
1780982612.7318187,-0.831,-0.224,0.542,-1.092,-0.168,-0.534,-0.658,-0.355,0.606,-6.298,0.183,-0.008,-0.27,-0.407,0.902,-0.527,-0.282,-0.015,-0.264,-0.457,0.91,1.664,6.756,-0.511,0.263,-0.424,0.748,0.099,2.802,-0.069,arriba
1780982612.8343196,-0.826,-0.221,0.537,-0.634,1.847,-0.817,-0.665,-0.353,0.607,-6.511,0.771,0.267,-0.274,-0.407,0.901,-0.786,-0.748,-0.328,-0.265,-0.455,0.906,1.107,6.008,-0.221,0.268,-0.428,0.752,-0.412,2.191,-0.26,arriba
1780982612.9332583,-0.824,-0.219,0.542,-0.389,0.802,-1.145,-0.661,-0.351,0.603,-6.763,0.901,0.412,-0.274,-0.409,0.897,-0.878,-0.382,0.275,-0.267,-0.458,0.91,0.916,6.863,-1.137,0.269,-0.425,0.743,-0.473,2.664,-0.244,arriba
1780982613.031872,-0.827,-0.221,0.537,-0.863,1.229,-0.802,-0.66,-0.351,0.606,-6.565,0.55,0.26,-0.272,-0.412,0.894,-0.954,0.26,-0.412,-0.26,-0.459,0.913,1.344,6.466,-0.382,0.266,-0.43,0.749,-0.405,2.305,-0.282,arriba
1780982613.1516004,-0.83,-0.221,0.543,-0.038,0.817,0.069,-0.664,-0.354,0.605,-6.313,0.969,0.092,-0.274,-0.409,0.897,-0.832,-0.122,0.008,-0.261,-0.456,0.909,1.405,7.137,0.183,0.267,-0.429,0.742,-0.427,2.565,-0.198,arriba
1780982615.9161906,-0.827,-0.22,0.539,-0.863,1.611,-0.412,-0.664,-0.357,0.604,-6.427,0.473,-0.153,-0.272,-0.417,0.897,-0.107,-0.42,0.115,-0.257,-0.465,0.907,1.595,6.718,-0.489,0.264,-0.424,0.744,-0.427,2.351,-0.031,arriba
1780982616.0193934,-0.821,-0.219,0.541,-0.733,1.382,-1.221,-0.66,-0.351,0.598,-6.748,1.076,-0.008,-0.269,-0.414,0.886,-0.435,0.382,0.198,-0.262,-0.466,0.909,1.618,7.321,-0.336,0.271,-0.422,0.744,-0.359,2.313,0.061,arriba
1780982616.1316745,-0.824,-0.22,0.541,-0.794,1.046,-1.305,-0.664,-0.355,0.6,-6.237,0.679,-0.069,-0.271,-0.408,0.896,-0.427,-0.397,0.695,-0.26,-0.459,0.907,1.45,6.458,-0.397,0.271,-0.427,0.746,-0.321,2.679,-0.069,arriba
1780982616.2249827,-0.828,-0.219,0.545,-0.878,1.42,-0.359,-0.66,-0.357,0.617,-6.344,0.802,-0.229,-0.272,-0.417,0.895,-0.336,-0.076,0.229,-0.264,-0.462,0.909,1.237,6.878,-0.237,0.268,-0.428,0.74,-0.405,2.366,-0.099,arriba
1780982616.3283744,-0.825,-0.22,0.543,-1.015,1.702,-0.504,-0.661,-0.351,0.607,-6.137,0.847,-0.351,-0.269,-0.414,0.903,-0.344,0.351,0.733,-0.26,-0.462,0.907,1.985,7.153,-0.252,0.263,-0.421,0.751,-0.458,2.29,-0.214,arriba
1780982616.4314291,-0.829,-0.219,0.539,-0.771,1.763,-1.405,-0.663,-0.355,0.6,-6.458,0.092,-0.893,-0.271,-0.414,0.892,-0.198,-0.038,0.328,-0.258,-0.461,0.906,1.855,6.481,-0.466,0.267,-0.432,0.755,-0.359,2.389,-0.053,arriba
1780982616.5338569,-0.828,-0.22,0.54,-1.107,1.496,-0.969,-0.658,-0.356,0.608,-6.206,0.809,-0.649,-0.27,-0.411,0.899,1.053,1.183,1.321,-0.259,-0.465,0.911,2.496,8.519,0.305,0.261,-0.419,0.748,-0.305,3.504,-0.015,arriba
1780982616.6493564,-0.823,-0.221,0.536,-1.29,2.656,1.687,-0.65,-0.351,0.649,-4.351,2.458,0.168,-0.199,-0.465,1.116,35.275,-6.053,21.099,-0.244,-0.46,0.933,6.282,16.42,0.794,0.271,-0.43,0.748,-1.954,-2.305,0.397,arriba
1780982616.7503543,-0.862,-0.176,0.535,68.145,-38.023,65.679,-0.662,-0.252,0.644,80.985,-23.443,55.565,-0.289,-0.282,0.943,118.679,-13.733,28.031,-0.304,-0.501,1.105,111.695,-13.458,39.962,0.292,-0.437,0.747,4.71,-6.763,-3.26,arriba
1780982616.8511412,-0.752,-0.01,0.548,17.672,-3.023,25.656,-0.605,-0.029,0.561,16.908,2.206,23.115,-0.228,-0.007,0.847,41.366,9.145,14.244,-0.245,-0.169,0.891,57.145,8.008,20.809,0.309,-0.412,0.739,1.466,1.382,-0.595,arriba
1780982616.9459794,-0.801,0.021,0.538,-0.244,2.328,1.527,-0.673,-0.052,0.621,-8.573,2.42,1.45,-0.273,-0.037,0.993,8.954,5.084,7.076,-0.253,-0.107,1.041,30.382,8.008,13.145,0.303,-0.414,0.741,-0.473,3.0,0.519,arriba
1780982617.049773,-0.836,0.001,0.578,4.191,0.374,7.069,-0.711,-0.051,0.645,0.618,2.649,8.405,-0.29,0.001,0.967,15.634,3.458,6.176,-0.289,-0.02,0.989,28.893,-6.321,10.679,0.304,-0.416,0.731,-0.191,-0.13,-0.954,arriba
1780982617.1658232,-0.819,0.002,0.578,-4.0,2.099,-3.809,-0.697,-0.05,0.645,-9.252,1.183,-3.412,-0.302,0.011,0.963,-8.115,0.756,-4.084,-0.27,-0.021,0.998,-6.435,8.214,-3.786,0.295,-0.411,0.743,-1.473,2.168,0.672,arriba
1780982617.2681508,-0.8,0.007,0.552,-11.168,4.725,-14.794,-0.666,-0.047,0.607,-25.313,-0.046,-18.916,-0.282,0.008,0.862,-41.519,-2.405,-9.466,-0.262,-0.046,0.946,-39.29,9.313,-14.145,0.291,-0.412,0.743,-4.237,4.115,2.321,arriba
1780982617.3642442,-0.783,-0.056,0.514,-36.954,10.84,-43.931,-0.634,-0.135,0.537,-65.656,-2.817,-49.183,-0.257,-0.15,0.807,-108.008,-0.786,-31.916,-0.206,-0.186,0.776,-128.168,15.191,-45.649,0.288,-0.422,0.747,-4.649,7.252,1.664,arriba
1780982617.460982,-0.937,-0.209,0.595,-26.885,11.153,-30.588,-0.775,-0.331,0.677,-40.87,2.076,-25.817,-0.386,-0.398,1.056,-43.824,-0.137,-9.687,-0.329,-0.452,1.025,-29.084,8.321,-11.168,0.259,-0.424,0.74,-0.595,2.672,-0.74,arriba
1780982617.5680108,-1.029,-0.297,0.757,4.298,-10.298,-3.275,-0.631,-0.373,0.648,-5.702,1.611,-0.992,-0.235,-0.293,0.594,5.0,7.107,-1.771,-0.202,-0.348,0.687,7.29,30.244,-0.053,0.281,-0.425,0.736,7.061,-0.214,0.229,arriba
1780982617.6670203,-0.823,-0.228,0.542,0.542,4.954,0.389,-0.659,-0.35,0.605,-6.084,2.389,1.038,-0.274,-0.397,0.904,-0.855,1.573,0.878,-0.27,-0.451,0.907,0.74,4.611,-0.901,0.261,-0.423,0.742,-1.603,1.901,-0.015,arriba
1780982617.7809093,-0.826,-0.217,0.542,-1.534,1.122,-1.443,-0.66,-0.349,0.606,-6.29,0.969,0.031,-0.272,-0.405,0.891,-0.397,0.672,0.588,-0.265,-0.458,0.91,1.489,7.511,-0.626,0.267,-0.427,0.75,-0.168,1.748,-0.122,arriba
1780982620.5652943,-0.829,-0.22,0.539,-0.832,1.237,-0.214,-0.656,-0.355,0.615,-6.397,0.733,-0.084,-0.267,-0.406,0.895,-0.42,-0.069,-0.137,-0.257,-0.458,0.913,1.489,6.802,-0.29,0.271,-0.429,0.748,-0.58,2.29,-0.13,arriba
1780982620.6550624,-0.83,-0.225,0.541,-1.069,1.267,-0.687,-0.66,-0.356,0.608,-6.336,0.771,-0.023,-0.268,-0.412,0.9,-0.221,0.229,-0.023,-0.259,-0.464,0.912,1.458,6.748,-0.489,0.271,-0.423,0.75,-0.443,2.061,0.092,arriba
1780982620.7694497,-0.824,-0.221,0.545,-0.824,1.84,-1.313,-0.664,-0.351,0.601,-6.412,0.84,-0.061,-0.271,-0.41,0.897,-0.389,0.489,0.092,-0.259,-0.46,0.906,1.626,7.252,-0.031,0.271,-0.424,0.751,-0.603,2.359,-0.176,arriba
1780982620.8606656,-0.82,-0.22,0.543,-1.756,2.664,-0.26,-0.662,-0.353,0.608,-6.779,1.053,0.099,-0.275,-0.41,0.897,0.611,0.87,0.405,-0.263,-0.457,0.911,1.817,8.206,-0.534,0.272,-0.418,0.75,-0.466,2.611,-0.053,arriba
1780982620.9644518,-0.828,-0.218,0.537,-0.832,2.557,1.435,-0.667,-0.371,0.573,-2.832,1.702,2.756,-0.266,-0.476,1.106,36.603,1.71,14.947,-0.378,-0.567,1.13,36.481,9.344,29.542,0.287,-0.434,0.754,-1.191,0.603,0.321,arriba
1780982621.066843,-0.878,-0.208,0.608,49.725,-20.16,50.641,-0.723,-0.302,0.668,71.641,-1.985,51.466,-0.303,-0.301,0.963,113.267,-0.931,37.725,-0.276,-0.368,1.0,118.374,-1.855,41.954,0.276,-0.429,0.748,2.321,-5.053,-2.344,arriba
1780982621.182864,-0.75,-0.024,0.497,36.695,-14.656,39.634,-0.593,-0.071,0.556,32.183,-4.664,32.427,-0.245,-0.055,0.924,44.496,-1.214,12.374,-0.236,-0.124,0.947,46.718,-4.435,15.786,0.304,-0.421,0.741,-1.0,-2.641,-0.595,arriba
1780982621.2810843,-0.834,0.012,0.574,10.924,-0.664,13.824,-0.686,-0.048,0.615,8.29,-0.42,12.763,-0.308,-0.006,0.941,20.389,-1.008,8.687,-0.26,-0.048,0.988,22.985,2.076,8.733,0.303,-0.42,0.745,-0.756,-2.328,-0.802,arriba
1780982621.3831065,-0.818,0.039,0.566,3.901,-0.092,5.008,-0.683,-0.015,0.609,-3.069,3.267,2.595,-0.305,0.029,0.9,3.786,0.038,3.069,-0.257,0.001,0.945,4.924,4.366,-0.328,0.303,-0.413,0.739,-1.397,1.053,0.305,arriba
1780982621.478567,-0.823,0.032,0.578,-4.878,1.565,-6.214,-0.703,-0.036,0.624,-14.58,1.145,-7.885,-0.301,0.006,0.927,-16.275,-1.076,-2.023,-0.26,-0.026,0.976,-12.504,7.87,-5.168,0.298,-0.415,0.744,-2.015,2.962,1.0,arriba
1780982621.581993,-0.788,-0.016,0.563,-28.985,8.634,-36.748,-0.653,-0.086,0.583,-51.969,1.115,-44.313,-0.283,-0.09,0.881,-78.679,0.977,-20.137,-0.3,-0.17,1.021,-72.458,19.298,-26.687,0.286,-0.419,0.745,-1.985,9.557,2.16,arriba
1780982621.6845744,-0.816,-0.121,0.559,-49.336,12.489,-53.542,-0.669,-0.229,0.604,-83.405,-5.26,-54.679,-0.269,-0.282,0.878,-122.733,-1.634,-38.985,-0.269,-0.346,0.947,-131.321,21.13,-48.359,0.281,-0.427,0.743,-1.008,18.267,2.985,arriba
1780982621.7973442,-0.923,-0.217,0.556,-4.122,-10.542,-8.298,-0.686,-0.344,0.531,-9.634,2.0,-1.649,-0.151,-0.487,0.919,19.641,16.527,1.855,-0.106,-0.398,0.848,11.725,26.649,-1.588,0.259,-0.401,0.721,0.756,9.511,1.198,arriba
1780982621.8905275,-0.825,-0.212,0.548,0.901,5.061,0.687,-0.671,-0.345,0.609,-6.687,-1.405,-0.977,-0.286,-0.398,0.898,-3.382,-3.878,-0.168,-0.264,-0.452,0.908,0.58,4.725,-1.008,0.262,-0.426,0.745,-0.061,1.947,-0.168,arriba
1780982621.9932678,-0.825,-0.219,0.54,-0.611,2.504,-0.344,-0.667,-0.35,0.614,-6.519,0.878,-0.458,-0.28,-0.402,0.895,-0.206,0.031,0.076,-0.258,-0.453,0.915,1.435,5.71,-0.58,0.276,-0.432,0.751,-0.847,2.542,-0.137,arriba
1780982622.0970619,-0.825,-0.213,0.544,-0.45,1.55,-0.916,-0.659,-0.346,0.611,-6.389,0.611,-0.115,-0.278,-0.4,0.895,-0.992,0.542,-0.221,-0.259,-0.454,0.916,1.282,7.183,-0.863,0.263,-0.424,0.747,-0.366,2.672,-0.053,arriba
1780982622.1995728,-0.824,-0.218,0.546,-1.008,1.702,-1.389,-0.661,-0.35,0.605,-6.321,0.534,-0.122,-0.276,-0.401,0.896,-0.649,-0.542,-0.267,-0.26,-0.453,0.917,1.282,6.702,-0.947,0.272,-0.421,0.744,-0.534,2.107,0.107,arriba
1780982622.302368,-0.823,-0.216,0.549,-0.756,0.832,-0.344,-0.668,-0.348,0.612,-6.168,0.603,0.214,-0.276,-0.4,0.896,-0.542,-0.244,-0.015,-0.263,-0.452,0.914,1.435,6.794,-0.466,0.269,-0.422,0.75,-0.42,2.786,-0.206,arriba
1780982622.4054968,-0.826,-0.215,0.546,-0.977,1.641,0.008,-0.663,-0.345,0.606,-6.099,0.985,0.267,-0.276,-0.4,0.892,-0.626,0.252,-0.076,-0.256,-0.457,0.914,1.435,6.489,-0.626,0.271,-0.428,0.741,-0.672,2.252,-0.084,arriba
1780982625.18689,-0.824,-0.218,0.544,-1.534,1.71,-0.756,-0.661,-0.351,0.606,-6.252,0.878,-0.382,-0.278,-0.408,0.895,-0.221,0.176,0.267,-0.254,-0.456,0.911,1.733,7.611,-0.168,0.27,-0.423,0.743,-0.45,2.412,-0.069,arriba
1780982625.2895665,-0.822,-0.218,0.545,-0.916,1.076,-0.733,-0.663,-0.354,0.608,-6.176,0.519,-0.359,-0.272,-0.406,0.893,-0.435,-0.115,0.389,-0.256,-0.46,0.915,1.924,6.519,-0.435,0.277,-0.431,0.743,-0.351,2.664,-0.374,arriba
1780982625.3924146,-0.822,-0.216,0.544,-1.13,1.153,-1.0,-0.658,-0.351,0.598,-6.58,0.786,-0.107,-0.274,-0.406,0.896,-0.389,0.42,0.519,-0.26,-0.457,0.908,1.695,7.008,0.038,0.272,-0.423,0.744,-0.58,2.443,0.275,arriba
1780982625.4975514,-0.827,-0.216,0.543,-0.84,1.542,-0.382,-0.663,-0.35,0.605,-6.351,0.748,-0.198,-0.274,-0.406,0.896,-0.374,0.511,-0.466,-0.257,-0.456,0.913,1.42,7.481,-0.122,0.273,-0.432,0.748,-0.672,2.0,-0.145,arriba
1780982625.598235,-0.823,-0.217,0.546,-1.298,1.443,-1.031,-0.663,-0.348,0.612,-6.183,0.427,0.153,-0.271,-0.406,0.896,0.267,-0.45,-0.046,-0.258,-0.459,0.907,1.878,6.557,-0.275,0.274,-0.424,0.746,-0.191,2.855,-0.29,arriba
1780982625.7018037,-0.824,-0.217,0.537,-0.221,1.084,0.206,-0.664,-0.354,0.625,-5.58,1.725,1.466,-0.279,-0.409,0.894,3.519,3.084,1.87,-0.257,-0.459,0.912,1.916,10.153,1.214,0.267,-0.422,0.744,0.145,3.573,0.351,arriba
1780982625.8148572,-0.957,-0.232,0.652,7.802,10.527,13.328,-0.759,-0.358,0.765,63.008,6.947,30.847,-0.391,-0.373,0.966,119.847,4.374,35.985,-0.307,-0.449,0.999,132.298,0.725,47.962,0.287,-0.416,0.754,3.58,-7.855,-3.427,arriba
1780982625.9166973,-0.806,-0.09,0.59,49.412,-14.519,58.725,-0.651,-0.152,0.603,69.015,-0.74,54.702,-0.231,-0.116,0.882,94.344,2.45,22.786,-0.274,-0.142,0.943,95.786,-5.084,29.405,0.264,-0.413,0.749,5.313,-5.794,-3.863,arriba
1780982626.0158896,-0.798,0.022,0.62,21.779,1.13,23.947,-0.669,-0.007,0.63,23.084,-1.046,22.511,-0.307,0.007,0.984,46.573,3.939,4.824,-0.291,-0.066,1.019,57.038,1.611,12.977,0.293,-0.413,0.745,3.519,-3.229,-1.756,arriba
1780982626.1137466,-0.745,0.087,0.584,2.031,2.16,2.687,-0.66,0.025,0.628,-5.985,4.328,1.412,-0.281,0.065,0.962,7.023,4.282,0.962,-0.257,0.008,1.085,16.443,10.038,2.832,0.302,-0.408,0.748,-0.618,3.802,1.282,arriba
1780982626.2170243,-0.755,0.089,0.581,-10.206,0.267,-7.046,-0.643,0.027,0.651,-15.664,1.153,-9.382,-0.284,0.046,1.024,-15.511,2.603,-5.649,-0.246,0.016,1.073,-8.153,14.244,-4.885,0.307,-0.411,0.749,-0.969,8.237,2.695,arriba
1780982626.333683,-0.73,0.076,0.539,-19.771,2.748,-17.878,-0.583,0.042,0.523,-38.382,1.649,-26.473,-0.246,0.105,0.717,-64.786,-3.511,-12.763,-0.208,0.057,0.855,-67.13,14.954,-20.321,0.305,-0.401,0.738,-7.527,6.313,4.504,arriba
1780982626.4227412,-0.739,-0.01,0.445,-44.916,17.573,-57.496,-0.548,-0.056,0.292,-103.458,4.847,-71.397,-0.262,-0.088,0.509,-146.947,1.344,-34.878,-0.214,-0.143,0.72,-155.954,19.756,-51.473,0.293,-0.407,0.742,-5.153,13.802,1.321,arriba
1780982626.5319219,-1.675,-0.388,0.984,-4.183,22.473,5.748,-0.707,-0.239,0.73,-15.863,37.511,-0.87,-0.612,-0.549,1.377,-8.42,-3.023,-0.916,-0.39,-0.489,1.025,8.336,-20.855,3.298,0.264,-0.421,0.76,4.382,-8.832,-4.053,arriba
1780982626.6286583,-0.819,-0.219,0.537,-2.656,-2.305,-1.87,-0.656,-0.357,0.608,-5.634,-0.359,-1.473,-0.278,-0.39,0.897,2.023,-1.344,-0.046,-0.255,-0.448,0.896,2.664,4.969,-0.931,0.274,-0.43,0.755,-1.29,4.275,-0.221,arriba
1780982626.7314508,-0.826,-0.215,0.547,-1.389,1.183,-1.328,-0.667,-0.343,0.6,-6.954,-0.702,-1.115,-0.283,-0.402,0.897,-1.481,-0.053,-0.015,-0.263,-0.457,0.912,1.42,7.008,-0.595,0.269,-0.429,0.76,0.137,2.191,-0.107,arriba
1780982626.834482,-0.827,-0.216,0.543,-0.481,1.74,-0.878,-0.671,-0.345,0.602,-6.611,0.267,-0.626,-0.281,-0.401,0.896,-0.786,-0.695,-0.58,-0.258,-0.458,0.906,1.336,5.534,-0.802,0.269,-0.428,0.743,-0.443,3.023,-0.168,arriba
1780982626.9377682,-0.823,-0.21,0.543,-1.176,1.366,-0.756,-0.661,-0.348,0.605,-6.718,0.908,-0.229,-0.28,-0.406,0.894,-0.817,0.145,-0.076,-0.268,-0.455,0.903,1.435,7.023,-0.855,0.266,-0.427,0.752,-0.496,2.679,-0.137,arriba
1780982627.0406158,-0.823,-0.218,0.542,-0.458,0.977,-0.061,-0.665,-0.352,0.605,-6.115,0.534,-0.038,-0.281,-0.406,0.894,-0.481,-0.542,-0.366,-0.26,-0.457,0.907,1.71,6.641,-0.847,0.27,-0.424,0.747,-0.573,2.351,-0.015,arriba
1780982629.8218591,-0.821,-0.218,0.547,-0.954,1.45,-0.153,-0.663,-0.352,0.598,-6.565,0.916,-0.29,-0.279,-0.407,0.892,-0.412,0.214,0.427,-0.257,-0.463,0.915,1.427,6.702,-0.611,0.262,-0.423,0.755,-0.542,2.191,-0.038,arriba
1780982629.9324965,-0.826,-0.22,0.549,-0.725,1.725,-1.191,-0.669,-0.35,0.607,-6.389,0.824,-0.221,-0.274,-0.409,0.892,-0.366,0.45,0.504,-0.257,-0.461,0.906,1.901,7.252,-0.618,0.259,-0.421,0.74,-0.603,2.359,-0.092,arriba
1780982630.0330827,-0.824,-0.214,0.545,-0.74,1.382,-1.107,-0.665,-0.35,0.603,-6.626,0.557,-0.321,-0.278,-0.41,0.889,-0.267,-0.221,0.031,-0.257,-0.461,0.909,1.725,6.87,-0.84,0.266,-0.42,0.75,-0.412,2.695,-0.275,arriba
1780982630.130877,-0.825,-0.217,0.543,-0.756,1.565,-0.198,-0.668,-0.351,0.608,-6.603,0.573,-0.198,-0.277,-0.409,0.892,-0.206,-0.076,0.191,-0.256,-0.464,0.906,1.595,6.656,-0.489,0.262,-0.427,0.741,-0.427,2.344,-0.107,arriba
1780982630.24794,-0.826,-0.216,0.542,-1.0,1.573,-0.863,-0.667,-0.35,0.607,-6.489,0.893,0.13,-0.277,-0.409,0.893,-0.405,0.389,-0.137,-0.258,-0.461,0.91,1.618,7.0,-0.573,0.27,-0.437,0.752,-0.779,2.153,-0.076,arriba
1780982630.345858,-0.829,-0.22,0.549,-0.55,2.458,-0.168,-0.662,-0.349,0.6,-5.939,1.092,0.763,-0.273,-0.408,0.898,2.015,2.389,1.435,-0.265,-0.467,0.91,2.771,10.282,0.183,0.258,-0.422,0.741,0.0,3.511,-0.038,arriba
1780982630.4463608,-0.835,-0.252,0.503,4.771,1.382,-0.29,-0.75,-0.373,0.697,30.092,19.702,36.885,-0.346,-0.494,1.226,79.748,2.969,19.305,-0.357,-0.499,1.044,63.214,12.069,21.145,0.281,-0.429,0.752,1.893,0.924,-2.695,arriba
1780982630.5474558,-0.863,-0.145,0.555,72.115,-23.733,73.725,-0.699,-0.21,0.55,89.908,-11.42,64.641,-0.287,-0.226,0.887,123.008,-3.779,40.962,-0.268,-0.255,0.883,129.893,-12.092,44.687,0.292,-0.418,0.742,5.305,-13.794,-4.015,arriba
1780982630.6460614,-0.766,0.019,0.566,37.069,-8.168,36.756,-0.659,-0.041,0.603,35.321,2.641,33.802,-0.319,0.001,0.893,60.496,6.076,12.061,-0.305,-0.06,0.999,69.733,-1.229,20.718,0.279,-0.407,0.724,0.023,-1.252,1.687,arriba
1780982630.7493079,-0.815,0.077,0.609,21.061,-2.359,25.198,-0.708,0.031,0.639,21.13,4.015,22.954,-0.289,0.083,0.937,41.359,5.511,9.588,-0.213,0.096,0.95,58.489,0.695,14.542,0.318,-0.408,0.736,0.718,-8.473,-5.664,arriba
1780982630.8656592,-0.754,0.193,0.492,28.145,-11.702,29.374,-0.593,0.132,0.569,12.137,-9.55,23.29,-0.269,0.196,0.838,24.458,-6.206,14.939,-0.171,0.235,0.858,28.794,-3.519,13.16,0.366,-0.385,0.733,-0.634,-12.603,-6.74,arriba
1780982630.955103,-0.819,0.147,0.64,-10.649,12.053,-20.992,-0.765,0.057,0.697,-20.069,6.473,-19.55,-0.37,0.116,0.978,-21.626,6.802,-11.305,-0.295,0.136,1.025,-19.794,15.267,-8.878,0.322,-0.404,0.735,-2.74,5.618,-0.107,arriba
1780982631.062303,-0.694,0.126,0.559,-32.603,9.084,-35.588,-0.562,0.078,0.56,-51.855,5.985,-43.176,-0.255,0.066,0.921,-78.74,2.344,-17.779,-0.176,0.064,0.962,-75.534,28.885,-24.504,0.324,-0.429,0.732,-6.878,14.603,6.679,arriba
1780982631.1612225,-0.876,-0.017,0.645,-40.931,2.206,-53.527,-0.731,-0.158,0.721,-67.382,-19.656,-57.038,-0.248,-0.253,1.138,-131.153,-21.664,-47.786,-0.253,-0.315,1.105,-162.832,15.153,-64.519,0.316,-0.444,0.746,-1.74,14.176,1.649,arriba
1780982631.2649517,-0.822,-0.093,0.564,-56.321,14.282,-54.267,-0.704,-0.331,0.734,-86.282,3.145,-50.786,-0.266,-0.368,1.039,-90.0,2.641,-23.015,-0.265,-0.434,1.058,-90.618,18.092,-31.824,0.288,-0.427,0.739,-1.809,16.656,4.145,arriba
1780982631.3785243,-0.828,-0.186,0.537,-33.908,9.611,-27.695,-0.664,-0.369,0.649,-48.885,4.29,-20.916,-0.243,-0.763,1.713,-7.802,-5.901,-2.198,-0.542,-0.932,1.751,-20.542,-34.687,-0.26,0.259,-0.423,0.785,-3.191,9.908,0.771,arriba
1780982631.4697425,-0.831,-0.227,0.571,-13.13,6.313,-5.313,-0.665,-0.361,0.611,-6.328,1.405,-0.832,-0.272,-0.412,0.898,0.985,0.824,-0.13,-0.26,-0.454,0.911,1.725,7.137,-0.427,0.281,-0.427,0.755,-0.588,1.351,-0.237,arriba
1780982631.5733879,-0.822,-0.227,0.531,-6.0,4.771,-2.191,-0.661,-0.358,0.603,-6.328,0.511,-0.504,-0.266,-0.412,0.89,-1.328,0.107,-0.534,-0.254,-0.454,0.917,0.733,6.16,-0.855,0.276,-0.425,0.739,-0.588,2.847,-0.046,arriba
1780982631.680704,-0.829,-0.226,0.54,-0.87,1.901,-1.107,-0.662,-0.361,0.598,-6.313,0.779,-0.237,-0.271,-0.412,0.893,0.061,-0.45,-0.321,-0.257,-0.458,0.913,1.466,6.191,-0.672,0.271,-0.428,0.747,-0.656,2.374,0.0,arriba
1780982634.4635828,-0.824,-0.228,0.541,-0.588,1.176,-0.359,-0.665,-0.362,0.601,-6.298,0.664,-0.435,-0.27,-0.418,0.888,-0.351,-0.046,-0.176,-0.251,-0.467,0.907,1.336,6.809,-0.237,0.27,-0.434,0.747,-0.603,2.122,0.053,arriba
1780982634.5651922,-0.826,-0.227,0.536,-1.305,1.328,-1.275,-0.661,-0.358,0.602,-6.26,0.794,-0.153,-0.271,-0.417,0.893,-0.183,0.229,0.298,-0.25,-0.463,0.908,1.824,7.282,-0.42,0.271,-0.424,0.748,-0.618,2.366,-0.031,arriba
1780982634.6633058,-0.825,-0.225,0.542,-0.664,1.802,-0.42,-0.662,-0.363,0.601,-6.168,1.015,0.092,-0.272,-0.412,0.896,-0.321,0.191,-0.145,-0.252,-0.461,0.91,1.618,6.573,-0.603,0.27,-0.429,0.753,-0.473,2.214,-0.122,arriba
1780982634.7667153,-0.828,-0.225,0.538,-1.183,1.565,-0.855,-0.661,-0.361,0.606,-6.45,0.672,-0.366,-0.269,-0.418,0.897,-0.252,-0.443,-0.29,-0.252,-0.465,0.906,1.656,7.008,-0.412,0.276,-0.427,0.746,-0.565,2.107,-0.16,arriba
1780982634.8840516,-0.828,-0.226,0.543,-0.924,1.26,-0.847,-0.662,-0.357,0.607,-6.672,0.611,-0.321,-0.27,-0.417,0.898,-0.252,-0.198,-0.069,-0.254,-0.466,0.906,1.771,7.168,-0.122,0.276,-0.427,0.746,-0.527,2.061,0.031,arriba
1780982634.9773812,-0.823,-0.224,0.54,-1.015,1.061,-0.947,-0.659,-0.356,0.608,-6.443,0.702,0.038,-0.27,-0.414,0.892,-0.298,0.336,0.107,-0.254,-0.46,0.915,1.573,6.748,-0.336,0.271,-0.426,0.754,-0.595,2.763,-0.046,arriba
1780982635.0751562,-0.821,-0.229,0.542,-0.809,1.466,-0.115,-0.662,-0.36,0.607,-6.435,1.191,-0.504,-0.268,-0.417,0.884,-0.366,0.252,-0.168,-0.25,-0.461,0.908,1.885,7.015,-0.412,0.271,-0.424,0.754,-0.45,2.527,-0.107,arriba
1780982635.1780539,-0.821,-0.228,0.542,-0.832,1.779,-0.939,-0.657,-0.356,0.599,-6.443,0.473,-0.267,-0.273,-0.419,0.897,-0.221,-0.29,0.069,-0.253,-0.461,0.91,1.649,7.573,-0.099,0.274,-0.428,0.745,-0.74,2.107,0.015,arriba
1780982635.2811606,-0.822,-0.228,0.54,-0.878,1.473,-1.206,-0.664,-0.362,0.594,-6.206,0.809,-0.229,-0.275,-0.412,0.888,-0.359,0.504,0.16,-0.252,-0.466,0.906,1.435,6.824,-0.137,0.268,-0.423,0.746,-0.542,2.26,-0.015,arriba
1780982635.4022634,-0.825,-0.223,0.533,-0.924,1.328,0.282,-0.655,-0.362,0.606,-7.183,1.794,0.42,-0.27,-0.42,0.886,2.641,4.092,2.198,-0.243,-0.462,0.915,1.809,10.267,0.237,0.27,-0.424,0.753,-0.206,2.901,0.359,arriba
1780982635.487392,-1.364,-0.232,0.654,6.763,23.969,42.405,-0.92,-0.431,0.828,70.214,4.008,44.519,-0.413,-0.449,1.063,146.023,0.374,32.374,-0.385,-0.507,1.087,130.412,-1.176,54.298,0.273,-0.427,0.749,0.046,-15.069,-4.756,arriba
1780982635.5902126,-0.664,-0.017,0.473,67.832,-27.458,79.824,-0.516,-0.05,0.536,71.084,-9.611,76.298,-0.131,-0.001,0.66,118.435,7.321,32.992,-0.171,-0.062,0.848,118.328,-9.382,40.046,0.393,-0.444,0.743,6.153,-6.863,-0.397,arriba
1780982635.6929493,-0.797,0.079,0.602,12.779,5.061,11.679,-0.712,-0.003,0.689,14.672,4.626,14.695,-0.304,0.077,0.956,35.16,9.153,3.954,-0.258,-0.001,1.024,45.863,3.504,9.153,0.317,-0.405,0.744,0.832,-0.947,-1.565,arriba
1780982635.8014698,-0.733,0.103,0.604,-7.359,2.16,-8.641,-0.639,0.052,0.66,-14.565,5.366,-10.45,-0.273,0.1,0.946,-16.244,5.305,-7.618,-0.241,0.052,1.01,-8.718,16.618,-3.977,0.306,-0.409,0.739,-1.153,8.595,3.183,arriba
1780982635.90006,-0.768,0.077,0.571,-26.618,13.496,-29.458,-0.6,0.053,0.529,-50.198,4.885,-39.069,-0.269,0.097,0.698,-73.618,-1.29,-19.534,-0.22,0.042,0.771,-88.824,22.069,-29.695,0.319,-0.412,0.742,-7.405,6.458,3.099,arriba
1780982636.0025768,-0.851,-0.119,0.602,-67.366,30.542,-84.099,-0.741,-0.245,0.584,-121.275,6.198,-84.397,-0.333,-0.316,0.925,-169.038,5.359,-52.779,-0.306,-0.376,0.967,-170.756,30.878,-69.771,0.279,-0.426,0.745,2.153,28.664,4.435,arriba
1780982636.1051154,-0.966,-0.299,0.568,-21.496,-29.534,-14.015,-0.656,-0.369,0.628,-10.908,9.809,-3.992,-0.279,-0.298,0.565,-22.374,-25.45,4.191,-0.223,-0.371,0.707,6.176,-4.176,1.366,0.297,-0.43,0.756,0.397,1.534,-1.008,arriba
1780982636.2084415,-0.83,-0.225,0.529,-0.779,0.527,-1.053,-0.662,-0.36,0.613,-5.878,1.13,-0.885,-0.26,-0.414,0.888,-1.382,-0.374,0.29,-0.247,-0.465,0.929,0.405,6.947,-0.695,0.263,-0.429,0.746,-0.13,1.405,-0.084,arriba
1780982636.316296,-0.827,-0.231,0.539,-1.023,1.702,-1.221,-0.661,-0.36,0.601,-6.702,1.359,-0.061,-0.278,-0.417,0.89,-0.466,0.137,0.313,-0.261,-0.456,0.915,1.527,6.466,-0.42,0.268,-0.426,0.751,-1.092,2.466,-0.214,arriba
1780982639.0984201,-0.825,-0.229,0.544,-0.45,1.611,-1.275,-0.655,-0.362,0.604,-6.153,1.198,-0.672,-0.264,-0.416,0.892,-0.664,0.336,-1.099,-0.244,-0.469,0.901,1.489,6.328,-0.733,0.272,-0.436,0.748,-0.84,1.656,0.153,arriba
1780982639.1952121,-0.823,-0.23,0.542,-1.153,1.779,-0.87,-0.657,-0.359,0.604,-6.336,0.878,-0.229,-0.264,-0.418,0.895,-0.389,0.244,0.176,-0.249,-0.466,0.905,1.313,7.29,-0.237,0.269,-0.431,0.744,-0.611,2.221,0.053,arriba
1780982639.2979386,-0.824,-0.229,0.547,-0.611,1.046,-0.069,-0.656,-0.36,0.603,-6.267,0.802,-0.359,-0.265,-0.419,0.891,-0.023,-0.282,0.038,-0.251,-0.467,0.905,1.588,6.649,-0.13,0.271,-0.429,0.742,-0.496,2.863,-0.046,arriba
1780982639.4014077,-0.828,-0.226,0.545,-1.198,1.099,-1.458,-0.659,-0.356,0.609,-6.817,0.939,-0.076,-0.262,-0.416,0.894,-0.267,0.267,-0.069,-0.247,-0.467,0.908,2.115,7.145,-0.618,0.268,-0.427,0.746,-0.55,2.267,-0.137,arriba
1780982639.5129294,-0.826,-0.226,0.543,-0.45,0.924,-0.565,-0.66,-0.359,0.606,-5.969,0.634,0.168,-0.262,-0.416,0.888,-0.115,-0.405,0.0,-0.246,-0.47,0.914,2.313,7.328,-0.42,0.267,-0.434,0.75,-0.252,3.229,-0.191,arriba
1780982639.612926,-0.825,-0.227,0.539,-0.389,1.137,0.405,-0.659,-0.36,0.611,-5.824,0.55,0.427,-0.265,-0.417,0.896,1.298,1.412,1.695,-0.247,-0.466,0.911,2.229,8.595,0.389,0.261,-0.429,0.753,-0.115,3.252,0.405,arriba
1780982639.7101674,-0.82,-0.216,0.535,-1.221,2.733,-0.504,-0.674,-0.362,0.589,-4.427,0.061,0.023,-0.271,-0.421,0.902,3.427,3.733,1.962,-0.3,-0.488,0.915,2.069,7.26,0.458,0.274,-0.431,0.738,0.473,2.122,0.176,arriba
1780982639.8133633,-0.824,-0.227,0.54,0.015,0.176,-0.618,-0.664,-0.353,0.601,-5.557,0.649,1.183,-0.272,-0.411,0.898,1.885,0.618,2.489,-0.248,-0.46,0.917,3.916,7.519,1.664,0.27,-0.436,0.738,-1.473,0.71,0.305,arriba
1780982639.9303858,-0.841,-0.223,0.575,1.817,4.374,4.061,-0.715,-0.342,0.577,9.351,7.847,12.42,-0.26,-0.407,0.961,33.687,4.809,7.42,-0.248,-0.46,0.931,23.603,10.031,10.931,0.272,-0.435,0.739,2.542,4.916,1.305,arriba
1780982640.0312064,-0.918,-0.211,0.604,41.664,-3.878,41.931,-0.756,-0.326,0.685,68.458,4.687,45.725,-0.326,-0.34,1.028,107.947,5.481,31.893,-0.298,-0.379,0.982,119.313,3.908,41.962,0.274,-0.42,0.738,1.359,-4.267,-1.58,arriba
1780982640.1305118,-0.812,-0.064,0.571,52.588,-10.809,57.893,-0.675,-0.131,0.664,64.183,0.046,59.924,-0.265,-0.072,0.849,104.71,7.55,23.168,-0.281,-0.124,0.937,106.58,-2.718,32.519,0.285,-0.417,0.749,7.45,-5.863,-3.603,arriba
1780982640.2256327,-0.792,0.072,0.556,31.099,-0.176,30.16,-0.67,0.026,0.596,26.687,4.496,29.733,-0.303,0.094,0.885,52.443,6.389,11.145,-0.207,0.096,0.903,70.641,3.992,20.145,0.478,-0.396,0.666,8.076,-6.847,4.382,arriba
1780982640.3284776,-0.751,0.139,0.523,2.557,1.748,7.649,-0.647,0.089,0.605,-5.824,-1.198,3.908,-0.292,0.169,0.843,6.0,-7.718,1.275,-0.223,0.195,0.883,5.412,11.198,2.214,0.318,-0.396,0.732,-0.031,1.466,0.55,arriba
1780982640.4318807,-0.814,0.106,0.575,-11.092,5.931,-12.725,-0.696,0.051,0.623,-19.29,0.069,-14.534,-0.318,0.119,0.897,-27.863,-0.45,-9.015,-0.278,0.117,0.974,-25.565,11.618,-6.198,0.301,-0.398,0.747,-4.115,4.122,2.069,arriba
1780982640.5343888,-0.808,0.062,0.57,-29.42,12.229,-30.855,-0.677,0.003,0.579,-44.573,1.763,-36.359,-0.304,0.06,0.763,-76.153,-4.489,-17.29,-0.25,0.037,0.839,-92.618,15.16,-30.664,0.298,-0.409,0.734,-8.969,0.985,2.13,arriba
1780982640.6440713,-0.904,-0.097,0.642,-45.382,19.832,-54.771,-0.767,-0.207,0.654,-69.191,6.405,-54.733,-0.313,-0.206,0.875,-105.794,-2.16,-36.504,-0.295,-0.194,0.821,-122.916,18.481,-48.229,0.279,-0.418,0.741,-3.985,5.855,0.885,arriba
1780982640.739942,-0.781,-0.165,0.51,-50.748,12.794,-56.015,-0.681,-0.349,0.658,-93.74,4.183,-55.893,-0.307,-0.411,0.956,-95.557,8.969,-18.786,-0.29,-0.423,0.953,-81.992,17.244,-23.908,0.26,-0.426,0.721,-0.008,19.527,2.244,arriba
1780982640.8479967,-0.814,-0.201,0.546,2.519,10.191,0.779,-0.674,-0.348,0.611,-6.802,-2.237,0.031,-0.299,-0.405,0.897,-2.305,-5.206,-0.252,-0.287,-0.458,0.917,-5.618,-1.489,-2.695,0.263,-0.436,0.755,1.137,-1.702,-1.115,arriba
1780982640.948887,-0.817,-0.219,0.551,-0.847,0.45,-1.298,-0.656,-0.343,0.62,-6.191,0.511,-0.443,-0.274,-0.402,0.903,-0.168,0.076,0.466,-0.276,-0.448,0.91,1.206,7.16,-0.427,0.263,-0.423,0.74,-1.176,2.466,-0.069,arriba
1780982643.731822,-0.824,-0.213,0.551,-0.779,1.168,0.153,-0.657,-0.348,0.607,-6.626,0.855,-0.45,-0.268,-0.404,0.898,-0.198,-0.015,0.16,-0.262,-0.455,0.907,1.695,6.687,-0.756,0.258,-0.428,0.743,-0.534,2.275,-0.061,arriba
1780982643.8309755,-0.815,-0.216,0.55,-0.947,1.443,-1.237,-0.654,-0.345,0.614,-6.603,0.863,-0.122,-0.273,-0.4,0.901,-0.71,0.351,0.183,-0.265,-0.451,0.912,1.634,7.206,-0.374,0.262,-0.419,0.742,-0.481,2.405,-0.069,arriba
1780982643.9336216,-0.828,-0.215,0.554,-1.191,2.511,-0.908,-0.658,-0.352,0.613,-6.985,0.901,-0.214,-0.272,-0.4,0.896,-0.427,-0.298,0.771,-0.262,-0.454,0.92,1.481,7.084,-0.809,0.262,-0.427,0.741,-0.466,2.489,0.061,arriba
1780982644.0448716,-0.826,-0.213,0.55,-1.26,1.634,-0.893,-0.659,-0.349,0.611,-6.435,0.733,-0.076,-0.273,-0.403,0.897,-0.55,-0.565,0.481,-0.262,-0.454,0.912,1.595,6.939,-0.458,0.265,-0.43,0.742,-0.626,2.504,-0.122,arriba
1780982644.150167,-0.824,-0.214,0.55,-0.794,1.344,-0.725,-0.658,-0.346,0.612,-6.405,0.725,-0.305,-0.269,-0.397,0.896,-0.321,0.214,0.359,-0.262,-0.453,0.912,1.603,6.931,-0.534,0.26,-0.434,0.75,-0.641,2.084,-0.084,arriba
1780982644.243748,-0.824,-0.217,0.551,-1.313,0.756,-1.489,-0.663,-0.345,0.61,-6.534,0.382,-0.29,-0.275,-0.406,0.903,-0.099,0.076,0.0,-0.263,-0.453,0.909,1.634,6.321,-0.702,0.265,-0.43,0.744,-0.565,2.458,0.008,arriba
1780982644.3469152,-0.836,-0.216,0.554,-1.55,2.45,0.427,-0.647,-0.345,0.61,-6.0,0.542,1.252,-0.268,-0.402,0.919,3.321,2.038,1.687,-0.26,-0.459,0.915,2.58,10.031,0.931,0.263,-0.43,0.75,0.115,3.855,0.29,arriba
1780982644.4501388,-1.302,-0.237,0.586,8.504,25.489,44.466,-0.866,-0.458,0.892,75.718,1.626,45.901,-0.343,-0.382,0.936,122.824,1.595,33.29,-0.408,-0.525,1.1,109.389,-8.038,32.298,0.247,-0.425,0.747,1.252,-9.931,-2.977,arriba
1780982644.551835,-0.721,-0.037,0.522,51.511,-16.885,58.153,-0.536,-0.073,0.565,51.374,-3.855,54.405,-0.19,-0.087,0.822,86.389,4.947,22.939,-0.221,-0.156,0.922,88.931,-1.565,28.573,0.302,-0.417,0.754,3.87,-3.557,-2.382,arriba
1780982644.6618676,-0.81,0.032,0.578,14.702,-1.542,14.504,-0.694,-0.035,0.666,11.947,5.069,15.603,-0.301,-0.017,0.968,34.405,5.58,7.885,-0.287,-0.067,0.993,50.458,0.252,15.947,0.293,-0.41,0.759,3.634,2.412,-1.13,arriba
1780982644.7576685,-0.811,0.056,0.597,6.962,3.176,5.542,-0.716,0.002,0.63,0.885,4.45,7.344,-0.329,0.064,0.907,13.473,4.351,2.71,-0.277,0.038,0.925,15.237,6.557,5.092,0.294,-0.401,0.745,-0.885,0.939,0.221,arriba
1780982644.8619406,-0.815,0.06,0.582,-1.061,1.718,-0.183,-0.696,0.011,0.634,-6.244,-1.389,-0.008,-0.302,0.07,0.928,-0.298,-0.084,0.664,-0.271,0.033,1.021,0.725,6.244,-0.649,0.295,-0.403,0.745,-1.641,1.893,0.435,arriba
1780982644.9761627,-0.78,0.061,0.562,-11.794,5.771,-11.725,-0.655,0.006,0.629,-23.305,2.321,-16.015,-0.275,0.081,0.843,-40.031,-0.817,-9.237,-0.246,0.044,0.895,-34.534,12.855,-11.412,0.294,-0.407,0.742,-4.817,4.618,3.115,arriba
1780982645.0813723,-0.854,-0.027,0.596,-31.107,11.282,-36.87,-0.726,-0.131,0.717,-44.298,2.282,-39.496,-0.298,-0.134,0.99,-87.496,2.107,-25.504,-0.268,-0.115,0.937,-72.198,18.985,-31.55,0.276,-0.425,0.752,-4.573,5.374,2.519,arriba
1780982645.1806302,-0.76,-0.077,0.528,-52.802,8.076,-59.962,-0.652,-0.232,0.605,-97.733,-7.649,-65.481,-0.279,-0.332,0.936,-129.534,-6.542,-36.565,-0.254,-0.414,1.031,-140.183,21.489,-44.824,0.266,-0.424,0.746,-1.878,19.359,3.45,arriba
1780982645.281687,-0.679,-0.262,0.544,-0.168,-1.031,-4.473,-0.594,-0.358,0.682,-8.168,-4.427,2.229,-0.263,-0.389,0.911,5.634,4.817,-0.328,-0.199,-0.411,0.901,2.13,13.908,-4.427,0.261,-0.421,0.75,1.176,6.221,0.664,arriba
1780982645.3763993,-0.822,-0.196,0.542,-1.214,3.969,-0.618,-0.661,-0.346,0.618,-6.389,-0.679,-0.679,-0.283,-0.396,0.903,-1.351,-2.84,-0.344,-0.275,-0.448,0.911,1.237,4.237,-1.206,0.269,-0.429,0.748,0.122,0.527,-0.511,arriba
1780982645.4788544,-0.818,-0.206,0.557,-0.351,1.153,-0.168,-0.658,-0.342,0.615,-6.519,0.885,-0.847,-0.277,-0.392,0.896,-0.237,-0.015,-0.076,-0.273,-0.442,0.911,1.16,6.687,-0.885,0.259,-0.421,0.749,-0.939,2.458,0.122,arriba
1780982645.5933497,-0.823,-0.209,0.549,-1.168,0.733,-1.374,-0.656,-0.34,0.626,-6.313,0.313,-0.435,-0.277,-0.391,0.903,-0.481,-0.008,-0.382,-0.276,-0.448,0.918,1.252,6.908,-0.634,0.259,-0.429,0.75,-0.534,2.389,-0.023,arriba
1780982648.3627436,-0.823,-0.208,0.553,-0.542,1.733,-0.985,-0.658,-0.342,0.615,-6.458,0.412,-0.679,-0.271,-0.394,0.901,-0.435,0.351,0.191,-0.267,-0.453,0.906,1.527,6.855,-0.122,0.267,-0.427,0.755,-0.519,2.504,0.015,arriba
1780982648.4658225,-0.821,-0.21,0.553,-1.214,1.473,-1.031,-0.659,-0.338,0.615,-6.58,0.511,-0.267,-0.277,-0.395,0.906,-0.29,0.038,-0.115,-0.268,-0.445,0.913,1.55,6.992,-0.786,0.263,-0.421,0.753,-0.595,2.573,0.038,arriba
1780982648.5688977,-0.822,-0.209,0.548,-0.817,1.435,-0.702,-0.656,-0.34,0.617,-6.267,0.939,0.046,-0.275,-0.396,0.902,-0.191,-0.29,-0.023,-0.265,-0.45,0.917,1.763,6.893,-0.878,0.254,-0.428,0.755,-0.405,2.466,-0.206,arriba
1780982648.680882,-0.819,-0.213,0.546,-1.305,1.29,-1.344,-0.656,-0.341,0.615,-6.344,0.557,-0.267,-0.274,-0.393,0.892,-0.176,0.481,-0.244,-0.269,-0.451,0.917,1.603,7.115,-0.26,0.261,-0.428,0.749,-0.412,2.626,-0.008,arriba
1780982648.7751036,-0.821,-0.216,0.558,-0.595,1.863,-0.534,-0.656,-0.342,0.613,-6.534,0.702,-0.176,-0.275,-0.392,0.9,-0.351,0.137,-0.282,-0.271,-0.451,0.912,1.45,6.916,-0.489,0.26,-0.424,0.744,-0.336,2.267,-0.015,arriba
1780982648.8779497,-0.823,-0.211,0.55,-1.221,2.359,-0.031,-0.659,-0.342,0.619,-6.344,1.809,0.878,-0.274,-0.404,0.915,2.344,2.55,1.947,-0.272,-0.445,0.909,2.443,10.031,0.374,0.26,-0.424,0.746,-0.29,3.015,-0.046,arriba
1780982648.9821851,-0.868,-0.241,0.585,1.511,11.015,9.969,-0.705,-0.393,0.771,44.618,19.137,28.939,-0.349,-0.35,0.963,115.313,10.679,27.351,-0.37,-0.511,1.165,116.42,15.985,42.29,0.278,-0.442,0.74,1.786,-5.611,-2.664,arriba
1780982649.0951319,-0.782,-0.09,0.531,62.962,-21.695,68.573,-0.656,-0.149,0.56,68.275,-6.458,67.313,-0.218,-0.062,0.768,100.443,4.198,25.969,-0.227,-0.102,0.837,107.763,-8.87,35.084,0.28,-0.42,0.754,6.26,-7.809,-4.832,arriba
1780982649.1867118,-0.802,0.027,0.586,24.855,3.328,20.649,-0.665,-0.004,0.593,17.435,1.824,19.511,-0.34,0.034,0.919,34.565,4.702,5.634,-0.283,-0.025,0.996,42.962,7.962,10.969,0.273,-0.4,0.746,1.687,-0.115,-1.511,arriba
1780982649.2951918,-0.81,0.055,0.573,5.458,1.42,5.061,-0.703,-0.001,0.639,-0.466,0.168,5.618,-0.309,0.057,0.959,11.756,2.313,3.313,-0.273,0.041,1.005,18.847,5.763,5.046,0.284,-0.413,0.75,0.008,1.908,-0.26,arriba
1780982649.3937764,-0.824,0.046,0.594,-2.954,4.527,-4.275,-0.716,-0.005,0.647,-10.954,3.588,-3.84,-0.333,0.06,0.966,-7.901,1.885,-2.756,-0.284,0.043,1.011,-3.244,8.588,-2.26,0.287,-0.403,0.753,-2.282,1.802,0.374,arriba
1780982649.4959455,-0.825,0.023,0.594,-13.496,8.145,-12.282,-0.743,-0.045,0.701,-15.878,7.58,-8.298,-0.336,0.024,0.994,-7.168,2.244,-2.687,-0.294,0.001,0.997,-8.405,9.672,-4.878,0.272,-0.412,0.756,-1.038,2.603,0.244,arriba
1780982649.6099026,-0.763,0.003,0.555,-19.191,7.649,-22.832,-0.695,-0.067,0.667,-32.748,3.229,-25.672,-0.305,-0.012,0.97,-41.55,-0.29,-12.611,-0.272,-0.062,0.977,-50.038,19.649,-19.718,0.262,-0.415,0.75,-2.733,5.031,2.458,arriba
1780982649.714355,-0.8,-0.074,0.586,-31.336,4.84,-36.198,-0.694,-0.166,0.69,-50.046,5.664,-36.626,-0.315,-0.151,1.042,-55.168,3.954,-16.481,-0.307,-0.22,1.058,-54.366,15.626,-21.573,0.271,-0.423,0.75,0.664,9.046,1.824,arriba
1780982649.8097236,-0.68,-0.099,0.439,-52.733,11.153,-57.115,-0.501,-0.169,0.366,-108.817,-5.695,-68.802,-0.237,-0.265,0.712,-151.473,3.092,-34.954,-0.266,-0.362,0.895,-134.237,21.153,-38.679,0.277,-0.434,0.761,-1.137,23.0,3.977,arriba
1780982649.911468,-0.826,-0.191,0.552,8.061,18.702,5.672,-0.703,-0.324,0.583,-7.786,-3.344,-1.366,-0.378,-0.383,0.885,-5.916,-0.481,-2.427,-0.176,-0.365,0.696,-0.405,0.702,-0.733,0.255,-0.438,0.75,-4.863,-1.504,-0.794,arriba
1780982650.011037,-0.816,-0.21,0.558,-1.695,-1.855,-2.611,-0.65,-0.335,0.626,-6.603,1.0,-1.313,-0.271,-0.382,0.909,0.107,1.611,0.473,-0.275,-0.442,0.915,2.595,10.405,-0.542,0.267,-0.422,0.748,0.191,3.099,-0.137,arriba
1780982650.126813,-0.825,-0.204,0.552,-0.16,1.282,-0.603,-0.658,-0.34,0.622,-5.962,-0.252,-0.954,-0.281,-0.388,0.904,-0.511,-0.885,0.145,-0.267,-0.44,0.919,1.267,6.557,-0.802,0.26,-0.427,0.754,-0.344,2.817,0.153,arriba
1780982650.2276695,-0.823,-0.209,0.55,-0.58,1.641,-0.702,-0.658,-0.34,0.625,-6.557,0.153,-0.855,-0.282,-0.385,0.904,-0.702,-0.626,0.252,-0.268,-0.439,0.919,1.557,6.802,-0.656,0.268,-0.425,0.738,-0.954,2.55,0.099,arriba
1780982652.8963869,-0.82,-0.208,0.555,-1.221,1.519,-0.771,-0.656,-0.342,0.618,-6.389,0.817,-0.458,-0.278,-0.393,0.902,-0.672,0.069,-0.015,-0.267,-0.446,0.915,1.458,6.641,-0.565,0.263,-0.436,0.75,-0.74,1.901,-0.092,arriba
1780982652.9978933,-0.821,-0.211,0.552,-0.824,1.275,-0.466,-0.654,-0.339,0.612,-6.45,0.351,-0.847,-0.275,-0.396,0.899,-0.229,0.015,0.275,-0.269,-0.446,0.914,1.534,7.137,0.008,0.261,-0.428,0.743,-0.687,2.038,0.183,arriba
1780982653.1012838,-0.822,-0.205,0.556,-1.16,0.954,-1.611,-0.656,-0.337,0.615,-6.641,0.687,-0.42,-0.281,-0.397,0.9,-0.695,0.336,0.206,-0.265,-0.447,0.91,1.496,7.107,-0.824,0.261,-0.429,0.743,-0.496,2.695,0.023,arriba
1780982653.2042642,-0.82,-0.208,0.555,-0.412,1.664,-0.664,-0.657,-0.337,0.621,-6.611,0.809,-0.519,-0.278,-0.393,0.899,-0.252,0.458,0.534,-0.267,-0.45,0.917,1.473,7.053,-0.504,0.261,-0.427,0.741,-0.542,2.496,-0.122,arriba
1780982653.3070714,-0.821,-0.212,0.554,-1.0,1.336,-0.603,-0.655,-0.338,0.612,-5.893,0.397,-0.221,-0.283,-0.394,0.903,0.344,-0.176,0.435,-0.263,-0.447,0.916,2.282,7.305,0.107,0.269,-0.428,0.749,-0.168,3.748,0.046,arriba
1780982653.410212,-1.05,-0.326,0.95,31.099,-6.664,13.282,-0.869,-0.373,0.689,58.16,-14.198,32.084,-0.426,-0.429,0.998,100.359,-14.275,11.069,-0.308,-0.492,1.03,91.252,-23.221,27.489,0.256,-0.438,0.749,3.305,-5.0,-3.214,arriba
1780982653.51313,-0.824,-0.138,0.646,40.321,-7.618,42.527,-0.716,-0.234,0.737,60.58,7.214,43.137,-0.268,-0.218,1.005,100.313,7.641,24.267,-0.332,-0.328,1.084,120.221,2.382,32.397,0.261,-0.431,0.755,6.969,0.153,-1.794,arriba
1780982653.615983,-0.797,-0.008,0.605,31.611,2.55,38.046,-0.666,-0.037,0.616,32.519,20.099,39.557,-0.31,0.009,0.879,73.954,20.076,18.244,-0.222,0.023,0.953,101.969,10.374,31.748,0.278,-0.4,0.76,6.122,-2.687,-2.153,arriba
1780982653.728031,-0.798,0.074,0.585,18.511,-1.122,15.466,-0.671,0.034,0.59,8.969,3.084,16.45,-0.326,0.115,0.897,24.427,2.099,2.763,-0.27,0.133,0.892,30.809,5.366,6.267,0.438,-0.441,0.714,1.565,-8.267,2.672,arriba
1780982653.8284428,-0.832,0.07,0.62,-4.389,8.603,-7.763,-0.736,0.005,0.659,-10.985,3.809,-5.939,-0.345,0.102,0.948,-6.901,2.824,-4.092,-0.299,0.125,0.971,-6.023,9.427,-3.45,0.289,-0.398,0.744,-2.275,1.115,0.771,arriba
1780982653.931835,-0.78,0.067,0.567,-20.489,7.763,-22.534,-0.699,-0.007,0.642,-31.855,4.878,-24.321,-0.335,0.055,0.936,-42.481,4.962,-12.42,-0.299,0.058,1.004,-34.634,19.466,-10.924,0.281,-0.418,0.748,-2.481,7.695,3.252,arriba
1780982654.028373,-0.791,-0.031,0.569,-47.55,4.298,-47.824,-0.663,-0.156,0.699,-62.198,0.221,-50.267,-0.282,-0.174,1.182,-83.458,5.748,-23.29,-0.324,-0.185,1.256,-60.74,21.214,-24.229,0.279,-0.429,0.758,-2.099,12.26,3.534,arriba
1780982654.1312854,-0.799,-0.064,0.526,-14.061,-6.55,-16.45,-0.656,-0.17,0.566,-36.893,-13.664,-21.977,-0.276,-0.183,0.986,-55.748,-11.557,-12.649,-0.241,-0.163,1.006,-63.267,7.115,-26.221,0.275,-0.428,0.739,-3.298,6.641,0.931,arriba
1780982654.2344916,-0.84,-0.104,0.528,-13.672,2.221,-13.893,-0.675,-0.221,0.536,-30.969,-9.145,-14.893,-0.3,-0.197,0.764,-51.847,-12.16,-14.176,-0.28,-0.181,0.845,-67.069,-0.611,-23.031,0.276,-0.422,0.748,-2.397,4.595,-0.443,arriba
1780982654.343139,-0.824,-0.184,0.556,-33.046,9.977,-35.42,-0.719,-0.362,0.627,-59.656,-4.206,-34.412,-0.254,-0.517,0.964,-70.282,0.237,-13.267,-0.371,-0.433,1.1,-75.214,-10.405,-31.13,0.229,-0.437,0.755,-9.481,2.336,-2.107,arriba
1780982654.44026,-0.846,-0.21,0.543,-2.473,-0.458,-2.664,-0.663,-0.34,0.607,-5.832,-1.504,-1.328,-0.287,-0.394,0.899,-0.29,-5.863,-1.87,-0.268,-0.454,0.964,-6.802,5.458,-4.313,0.268,-0.427,0.752,-0.321,2.435,-0.496,arriba
1780982654.5477552,-0.817,-0.208,0.554,-1.275,1.878,-1.473,-0.656,-0.341,0.615,-6.573,-0.412,-0.756,-0.285,-0.392,0.896,-0.725,-0.282,-0.817,-0.268,-0.45,0.925,2.954,7.427,-0.779,0.26,-0.424,0.751,-0.802,2.26,-0.351,arriba
1780982654.6587274,-0.824,-0.214,0.554,-1.664,1.389,-1.305,-0.658,-0.338,0.616,-6.679,0.45,-0.756,-0.279,-0.396,0.9,-0.031,-1.084,-0.573,-0.272,-0.444,0.912,1.504,6.389,-1.122,0.257,-0.421,0.747,-0.321,2.573,-0.145,arriba
1780982654.760398,-0.823,-0.209,0.553,-1.008,1.031,-0.641,-0.66,-0.344,0.615,-6.305,0.122,-0.962,-0.28,-0.394,0.901,0.084,-0.832,0.13,-0.277,-0.444,0.907,1.542,6.504,-0.817,0.261,-0.422,0.758,-0.542,2.389,-0.122,arriba
1780982654.8642097,-0.821,-0.211,0.549,-1.466,1.023,-1.237,-0.658,-0.342,0.627,-6.542,0.198,-1.214,-0.278,-0.393,0.902,-0.527,-0.031,0.107,-0.27,-0.441,0.911,1.534,6.985,-0.832,0.25,-0.425,0.752,-0.595,2.26,-0.153,arriba
1780982657.530054,-0.823,-0.211,0.554,-1.13,1.328,-1.115,-0.659,-0.34,0.615,-6.427,0.435,-0.443,-0.272,-0.399,0.898,-0.198,-0.015,0.038,-0.268,-0.445,0.917,1.664,7.366,-0.427,0.26,-0.426,0.758,-0.58,2.244,-0.122,arriba
1780982657.643832,-0.822,-0.214,0.553,-0.634,1.916,-0.817,-0.657,-0.344,0.614,-6.466,0.527,-0.534,-0.277,-0.398,0.898,-0.351,0.244,-0.42,-0.266,-0.45,0.904,1.534,7.0,-0.786,0.258,-0.421,0.753,-0.595,2.214,-0.076,arriba
1780982657.7365458,-0.824,-0.212,0.548,-1.275,1.542,-0.802,-0.657,-0.344,0.617,-6.634,0.565,-0.618,-0.277,-0.398,0.896,-0.466,-0.031,-0.13,-0.266,-0.449,0.915,1.603,6.733,-0.328,0.254,-0.424,0.749,-0.55,2.221,0.076,arriba
1780982657.8397353,-0.822,-0.214,0.554,-0.786,1.053,-0.481,-0.656,-0.342,0.613,-6.069,0.656,-0.122,-0.278,-0.397,0.895,-0.084,-0.359,0.305,-0.269,-0.451,0.911,2.0,7.115,-0.336,0.258,-0.424,0.746,-0.588,2.298,-0.076,arriba
1780982657.9419434,-0.819,-0.211,0.552,-1.26,1.267,-1.527,-0.658,-0.336,0.621,-6.527,0.397,-0.382,-0.276,-0.395,0.902,-0.473,0.313,0.435,-0.268,-0.449,0.91,1.664,7.031,-0.725,0.252,-0.422,0.744,-0.641,2.389,-0.099,arriba
1780982658.045402,-0.822,-0.205,0.555,-0.565,1.344,-0.412,-0.66,-0.344,0.616,-6.061,0.55,-0.389,-0.279,-0.399,0.898,1.344,0.153,0.931,-0.27,-0.45,0.91,2.229,7.023,-0.038,0.259,-0.427,0.744,-0.16,3.527,-0.023,arriba
1780982658.1574547,-0.825,-0.211,0.561,-1.618,0.527,0.099,-0.659,-0.342,0.614,-4.076,0.038,1.26,-0.274,-0.397,0.901,3.679,0.153,1.29,-0.281,-0.443,0.906,3.947,8.763,-0.313,0.26,-0.42,0.752,-0.336,1.443,-1.244,arriba
1780982658.251574,-0.888,-0.286,0.716,-8.214,1.038,18.16,-0.723,-0.371,0.746,33.649,9.733,33.092,-0.314,-0.411,1.105,79.687,-0.023,20.595,-0.336,-0.504,1.126,78.275,-1.58,30.137,0.256,-0.424,0.747,-0.076,-5.16,-2.397,arriba
1780982658.3545318,-0.821,-0.103,0.538,50.672,-17.183,62.458,-0.662,-0.146,0.505,61.687,-9.046,57.954,-0.264,-0.135,0.874,97.107,3.664,32.603,-0.275,-0.187,0.869,116.702,-12.366,43.084,0.288,-0.406,0.743,5.344,-9.336,-3.901,arriba
1780982658.4573226,-0.788,0.004,0.567,17.55,1.115,18.824,-0.668,-0.043,0.598,13.672,5.275,17.351,-0.311,-0.002,0.931,34.168,7.382,7.221,-0.252,-0.046,0.975,41.847,5.534,11.366,0.279,-0.4,0.749,1.992,0.115,-0.542,arriba
1780982658.560604,-0.791,0.034,0.568,2.947,0.855,4.305,-0.698,-0.029,0.672,-1.046,6.55,5.985,-0.315,0.011,0.997,18.076,7.672,4.725,-0.302,-0.018,1.083,44.748,6.45,12.908,0.288,-0.405,0.747,2.053,3.282,0.84,arriba
1780982658.6792958,-0.758,0.044,0.576,-1.969,-0.336,-1.42,-0.643,0.001,0.63,-9.504,1.321,-3.031,-0.282,0.036,0.995,-3.542,3.458,-2.443,-0.267,0.034,1.063,-0.473,12.603,-2.863,0.288,-0.405,0.756,-0.931,5.924,2.015,arriba
1780982658.7772572,-0.773,0.036,0.572,-8.519,3.969,-8.87,-0.655,-0.011,0.623,-18.313,2.13,-11.099,-0.294,0.043,0.929,-24.107,0.832,-6.664,-0.264,0.036,1.025,-18.733,13.16,-6.87,0.286,-0.405,0.75,-3.397,6.061,2.702,arriba
1780982658.8790388,-0.708,-0.0,0.489,-47.412,9.908,-50.359,-0.633,-0.122,0.604,-73.542,3.718,-58.84,-0.229,-0.132,0.997,-111.939,0.481,-20.695,-0.287,-0.107,1.063,-93.939,21.779,-28.489,0.277,-0.423,0.754,-7.893,13.779,4.863,arriba
1780982658.978215,-0.891,-0.142,0.582,-36.763,3.496,-35.252,-0.699,-0.259,0.606,-57.412,-15.26,-35.595,-0.305,-0.279,0.943,-83.298,-12.382,-25.58,-0.309,-0.262,0.989,-94.305,5.076,-37.069,0.276,-0.412,0.758,-3.153,5.519,0.191,arriba
1780982659.0758476,-0.849,-0.256,0.615,0.771,-5.786,-5.473,-0.697,-0.341,0.605,-27.42,-18.58,-12.481,-0.325,-0.381,0.954,-35.489,-18.237,-7.389,-0.294,-0.382,0.972,-47.351,-2.885,-17.176,0.274,-0.417,0.749,-3.649,-0.733,-1.58,arriba
1780982659.1786292,-0.825,-0.207,0.554,-0.473,-0.145,-1.328,-0.665,-0.335,0.6,-7.16,-4.16,-1.229,-0.28,-0.381,0.906,-2.176,-5.191,-1.069,-0.276,-0.404,0.904,-17.824,4.916,-6.985,0.264,-0.429,0.748,-1.015,2.206,-0.725,arriba
1780982659.2940164,-0.822,-0.209,0.559,-1.374,0.191,-1.809,-0.649,-0.33,0.627,-7.504,3.931,0.053,-0.275,-0.377,0.894,0.74,-0.412,-0.031,-0.263,-0.42,0.898,1.595,5.069,-0.458,0.263,-0.425,0.751,-0.45,2.023,-0.176,arriba
1780982659.3945012,-0.822,-0.208,0.555,-0.45,1.237,-0.924,-0.65,-0.334,0.624,-6.71,0.397,-0.282,-0.273,-0.386,0.906,-0.924,-0.374,-0.153,-0.273,-0.43,0.922,1.527,6.863,-0.664,0.263,-0.423,0.753,-0.344,2.435,-0.168,arriba
1780982659.4937663,-0.819,-0.206,0.558,-1.053,1.214,-0.763,-0.656,-0.336,0.625,-6.656,0.771,-0.122,-0.275,-0.382,0.913,-0.412,-0.664,-0.443,-0.273,-0.43,0.918,1.191,6.542,-0.656,0.264,-0.427,0.746,-0.603,2.183,-0.168,arriba
1780982662.1744606,-0.818,-0.203,0.553,-1.031,1.26,-1.015,-0.656,-0.34,0.629,-6.221,0.672,-0.863,-0.272,-0.392,0.912,-0.466,0.45,-0.076,-0.272,-0.434,0.914,1.695,7.305,-0.397,0.264,-0.426,0.748,-0.565,2.672,-0.031,arriba
1780982662.2685814,-0.824,-0.211,0.557,-0.435,0.893,-0.26,-0.652,-0.338,0.614,-6.443,0.794,-1.084,-0.268,-0.387,0.899,-0.198,-0.389,-0.137,-0.274,-0.433,0.918,1.504,7.198,-0.908,0.264,-0.423,0.751,-0.252,2.557,-0.176,arriba
1780982662.37754,-0.822,-0.205,0.558,-0.84,1.626,-0.855,-0.653,-0.339,0.625,-6.611,0.756,-0.779,-0.271,-0.389,0.915,-0.084,-0.023,-0.153,-0.269,-0.434,0.923,1.817,7.038,-0.695,0.266,-0.427,0.757,-0.626,2.336,-0.099,arriba
1780982662.4756649,-0.818,-0.209,0.566,-0.748,1.679,-1.206,-0.652,-0.34,0.624,-6.298,0.786,-0.863,-0.268,-0.384,0.906,-0.504,0.176,-0.29,-0.275,-0.437,0.914,1.649,7.427,-0.672,0.269,-0.418,0.759,-0.656,2.481,0.115,arriba
1780982662.5774772,-0.821,-0.209,0.558,-0.817,1.344,-1.13,-0.655,-0.336,0.62,-6.45,0.496,-0.733,-0.272,-0.392,0.907,-0.29,-0.069,-0.084,-0.269,-0.438,0.92,1.603,7.084,-0.71,0.263,-0.419,0.754,-0.45,2.046,-0.16,arriba
1780982662.680885,-0.82,-0.208,0.554,-1.176,2.137,0.649,-0.606,-0.369,0.687,-6.969,0.573,2.809,-0.26,-0.388,0.907,2.985,3.107,1.321,-0.287,-0.441,0.943,1.565,9.084,0.595,0.266,-0.423,0.75,0.313,3.672,0.344,arriba
1780982662.7930355,-1.136,-0.299,0.807,0.924,18.229,22.099,-0.917,-0.444,0.937,66.718,17.183,42.115,-0.422,-0.502,1.233,151.405,-6.832,30.962,-0.382,-0.575,1.238,147.458,-7.542,45.328,0.251,-0.427,0.75,1.504,-4.687,-1.809,arriba
1780982662.8942444,-0.511,0.101,0.4,35.458,-24.878,64.282,-0.321,0.116,0.463,42.298,-13.878,48.771,0.015,0.095,0.739,52.466,-10.771,17.863,-0.104,-0.025,0.982,41.534,-9.092,10.534,0.347,-0.428,0.779,7.015,12.969,4.008,arriba
1780982662.9896824,-0.828,0.079,0.577,-1.573,-5.206,5.0,-0.676,0.011,0.637,-7.26,-2.0,4.565,-0.242,0.055,0.931,-0.733,-4.26,4.618,-0.165,0.02,0.948,4.924,6.573,2.29,0.304,-0.42,0.727,-0.962,5.221,1.366,arriba
1780982663.0926578,-0.805,0.071,0.586,-1.695,0.603,-1.16,-0.646,0.011,0.628,-11.282,0.885,-0.092,-0.276,0.041,0.941,-5.519,-0.237,0.893,-0.236,0.003,1.017,-0.901,7.435,-0.718,0.302,-0.407,0.753,-2.725,4.122,1.42,arriba
1780982663.1959605,-0.799,0.047,0.594,-15.244,4.794,-16.214,-0.657,-0.005,0.601,-28.069,5.145,-18.962,-0.285,0.03,0.871,-36.466,0.573,-7.321,-0.258,0.0,0.927,-30.916,14.458,-9.282,0.294,-0.403,0.749,-3.107,7.282,2.122,arriba
1780982663.3119597,-0.794,-0.039,0.557,-37.282,10.336,-46.679,-0.711,-0.184,0.698,-57.351,-4.137,-48.023,-0.27,-0.188,0.965,-99.29,-3.702,-30.695,-0.307,-0.261,1.06,-103.87,18.511,-40.092,0.278,-0.418,0.751,-3.824,11.511,1.74,arriba
1780982663.409683,-0.691,-0.058,0.464,-37.008,7.42,-37.947,-0.527,-0.147,0.412,-87.496,6.176,-46.214,-0.191,-0.204,0.656,-100.176,4.573,-18.13,-0.192,-0.267,0.766,-94.412,22.695,-26.626,0.278,-0.421,0.749,-1.649,15.802,1.099,arriba
1780982663.509585,-0.626,-0.193,0.434,6.496,14.817,2.176,-0.671,-0.347,0.74,-10.244,-9.099,1.374,-0.237,-0.353,0.913,3.252,9.954,1.137,-0.251,-0.418,0.94,-13.779,11.878,-11.16,0.266,-0.42,0.754,-2.206,9.725,0.557,arriba
1780982663.6079922,-0.822,-0.193,0.555,-2.901,1.557,-0.809,-0.658,-0.331,0.617,-7.076,-1.099,-0.794,-0.285,-0.377,0.907,-1.557,-1.924,-0.885,-0.275,-0.43,0.923,2.321,4.191,-1.244,0.262,-0.422,0.758,0.443,1.038,-0.29,arriba
1780982663.7109497,-0.818,-0.206,0.564,-1.328,2.328,-0.359,-0.658,-0.331,0.623,-6.939,1.214,-0.71,-0.28,-0.38,0.911,-0.382,-0.015,0.45,-0.278,-0.433,0.914,1.038,6.389,-1.221,0.261,-0.423,0.753,-1.176,2.237,-0.145,arriba
1780982663.8268697,-0.815,-0.207,0.561,-1.298,1.298,-1.389,-0.656,-0.329,0.624,-6.794,0.366,-0.916,-0.276,-0.384,0.912,-0.885,0.863,0.443,-0.272,-0.434,0.92,1.305,7.321,-1.298,0.255,-0.418,0.753,-0.603,2.008,-0.206,arriba
1780982663.927343,-0.819,-0.205,0.557,-1.252,1.435,-1.267,-0.656,-0.332,0.626,-6.359,0.893,-0.42,-0.277,-0.382,0.903,-0.603,0.145,0.45,-0.27,-0.433,0.924,1.71,7.023,-0.824,0.258,-0.423,0.75,-0.664,2.252,0.061,arriba
1780982664.0265348,-0.82,-0.208,0.563,-1.298,1.252,-0.893,-0.654,-0.333,0.632,-6.527,0.779,-0.198,-0.279,-0.383,0.904,-0.344,0.031,0.435,-0.272,-0.43,0.916,1.664,7.214,-0.847,0.262,-0.419,0.749,-0.382,2.168,-0.046,arriba
1780982664.1229258,-0.814,-0.203,0.566,-0.985,1.344,-0.748,-0.654,-0.334,0.615,-6.634,0.405,-0.298,-0.276,-0.379,0.911,-0.29,-0.183,0.427,-0.275,-0.434,0.915,1.244,6.603,-1.046,0.257,-0.42,0.753,-0.824,2.099,-0.038,arriba
1780982666.801073,-0.815,-0.206,0.566,-1.176,2.267,-0.489,-0.656,-0.333,0.622,-6.42,2.122,0.198,-0.268,-0.382,0.905,-0.191,-1.275,0.817,-0.274,-0.437,0.924,1.893,6.458,-0.351,0.264,-0.42,0.75,-0.519,2.405,0.084,arriba
1780982666.9111915,-0.822,-0.208,0.565,-1.069,1.58,-0.725,-0.657,-0.335,0.624,-6.206,0.87,-0.061,-0.272,-0.386,0.898,-0.099,0.122,0.511,-0.268,-0.436,0.916,1.87,7.145,-0.466,0.26,-0.417,0.758,-0.718,2.382,0.191,arriba
1780982667.0103388,-0.817,-0.206,0.555,-1.008,1.458,-1.153,-0.654,-0.331,0.62,-6.641,0.55,-0.153,-0.273,-0.385,0.905,-0.55,0.519,0.389,-0.269,-0.436,0.912,1.802,7.115,-0.053,0.26,-0.418,0.753,-0.588,2.344,0.092,arriba
1780982667.109544,-0.816,-0.208,0.562,-0.588,1.084,-0.55,-0.657,-0.337,0.628,-6.374,0.519,-0.16,-0.273,-0.388,0.907,-0.351,-0.198,0.092,-0.271,-0.434,0.917,1.359,6.733,-0.557,0.259,-0.425,0.752,-0.351,2.206,-0.061,arriba
1780982667.223464,-0.823,-0.205,0.562,-0.87,1.542,0.191,-0.655,-0.335,0.628,-5.779,1.206,0.481,-0.276,-0.385,0.905,1.618,1.099,0.634,-0.272,-0.436,0.926,2.481,7.45,0.389,0.261,-0.423,0.75,-0.015,2.931,0.191,arriba
1780982667.3295317,-0.862,-0.222,0.597,3.092,5.748,7.641,-0.673,-0.356,0.709,40.626,24.725,41.145,-0.356,-0.41,1.095,111.756,-0.786,24.282,-0.387,-0.527,1.203,107.473,9.908,40.275,0.25,-0.419,0.747,1.611,-3.985,-1.214,arriba
1780982667.4244235,-0.706,-0.058,0.504,51.954,-25.893,64.26,-0.596,-0.088,0.54,57.733,-5.74,57.344,-0.171,-0.019,0.759,81.977,2.076,25.344,-0.144,-0.053,0.888,89.832,-2.45,30.298,0.294,-0.408,0.75,3.443,-3.679,-1.756,arriba
1780982667.5214572,-0.84,0.025,0.59,24.664,-0.969,27.031,-0.698,-0.024,0.615,24.13,3.351,24.664,-0.331,0.023,0.89,46.153,4.389,11.366,-0.268,0.008,0.899,53.031,-4.695,13.092,0.29,-0.398,0.739,2.183,-4.466,-2.855,arriba
1780982667.6247706,-0.847,0.061,0.618,8.046,4.298,5.16,-0.72,0.01,0.626,1.084,4.382,4.45,-0.338,0.05,0.963,14.908,3.916,2.542,-0.271,0.047,1.004,23.252,4.969,5.985,0.287,-0.402,0.761,0.328,-1.55,-1.656,arriba
1780982667.7277517,-0.823,0.062,0.604,-2.802,4.74,-3.87,-0.725,-0.006,0.674,-8.16,5.031,-3.55,-0.323,0.049,1.024,0.198,4.695,-0.527,-0.273,0.017,1.079,13.939,14.153,2.634,0.292,-0.405,0.752,-0.504,3.023,-0.473,arriba
1780982667.8406441,-0.769,0.062,0.578,-10.855,5.832,-12.053,-0.656,0.021,0.617,-20.359,3.573,-15.344,-0.309,0.054,0.946,-28.382,1.809,-7.595,-0.265,0.053,1.004,-19.092,15.206,-5.321,0.286,-0.405,0.75,-2.443,6.275,2.687,arriba
1780982667.9425516,-0.741,0.033,0.523,-26.015,5.023,-32.855,-0.634,-0.038,0.551,-55.466,-1.71,-42.405,-0.265,-0.043,0.816,-94.794,-14.374,-20.038,-0.228,-0.067,0.965,-106.84,11.603,-37.931,0.295,-0.413,0.758,-12.16,3.611,3.786,arriba
1780982668.0371482,-0.968,-0.12,0.677,-35.725,9.832,-38.71,-0.816,-0.25,0.788,-38.168,-0.206,-27.985,-0.386,-0.261,1.088,-39.061,-8.16,-20.641,-0.389,-0.362,1.159,-72.977,3.87,-28.122,0.262,-0.422,0.753,-0.718,2.252,-0.748,arriba
1780982668.1398532,-0.761,-0.125,0.537,-21.794,6.344,-25.183,-0.602,-0.198,0.531,-53.328,-2.366,-34.328,-0.27,-0.249,0.811,-74.359,1.176,-19.71,-0.257,-0.338,0.894,-68.221,20.664,-21.74,0.273,-0.416,0.752,0.382,13.153,1.802,arriba
1780982668.2429552,-0.769,-0.195,0.59,-4.794,-7.733,-5.557,-0.657,-0.342,0.507,-12.84,4.618,-2.061,-0.211,-0.438,1.004,2.389,-13.168,1.649,-0.131,-0.355,0.761,-11.336,8.542,-7.527,0.273,-0.413,0.739,3.855,8.084,1.344,arriba
1780982668.3568487,-0.818,-0.202,0.547,0.298,4.397,-0.046,-0.661,-0.33,0.616,-6.985,-0.359,-0.672,-0.288,-0.389,0.904,-2.656,-1.427,-0.71,-0.276,-0.433,0.916,0.092,3.336,-0.924,0.264,-0.416,0.75,-0.664,0.977,-0.183,arriba
1780982668.4573858,-0.818,-0.206,0.559,-1.328,0.519,-1.084,-0.653,-0.337,0.625,-6.817,1.313,-0.313,-0.272,-0.387,0.905,-0.336,0.053,-0.183,-0.271,-0.432,0.924,1.45,7.359,-0.176,0.259,-0.419,0.744,-0.969,2.672,0.061,arriba
1780982668.5520627,-0.823,-0.209,0.556,-1.061,1.137,-0.656,-0.656,-0.334,0.62,-6.641,0.076,-0.74,-0.273,-0.39,0.906,-0.26,-1.0,0.664,-0.273,-0.435,0.917,1.45,7.191,0.183,0.251,-0.423,0.747,-0.473,2.565,-0.092,arriba
1780982668.6549594,-0.825,-0.209,0.556,-0.87,1.511,-1.336,-0.66,-0.34,0.622,-6.855,0.557,-0.626,-0.277,-0.384,0.904,-0.298,0.099,0.321,-0.269,-0.436,0.921,1.344,6.74,-0.328,0.257,-0.416,0.752,-0.679,2.382,-0.153,arriba
1780982668.757923,-0.818,-0.208,0.552,-1.13,1.099,-0.954,-0.652,-0.334,0.614,-6.809,0.504,-0.863,-0.272,-0.388,0.912,-0.496,-0.214,0.595,-0.272,-0.436,0.923,1.412,6.771,-0.71,0.26,-0.419,0.755,-0.511,2.069,-0.168,arriba
1780982671.4363418,-0.821,-0.208,0.561,-0.809,1.107,-1.092,-0.658,-0.34,0.616,-6.313,0.649,-0.298,-0.271,-0.39,0.912,-0.412,0.183,0.298,-0.266,-0.443,0.922,1.748,6.977,-0.855,0.259,-0.419,0.751,-0.504,2.313,-0.061,arriba
1780982671.5416498,-0.819,-0.212,0.556,-0.924,1.305,-1.405,-0.652,-0.342,0.622,-6.519,0.603,-0.397,-0.271,-0.391,0.905,-0.26,0.092,0.779,-0.269,-0.437,0.915,1.748,6.969,-0.985,0.26,-0.419,0.757,-0.511,2.137,0.061,arriba
1780982671.6417875,-0.819,-0.208,0.56,-0.802,1.725,-0.763,-0.656,-0.34,0.617,-5.885,0.603,0.176,-0.27,-0.392,0.897,-0.107,-0.725,0.298,-0.267,-0.435,0.914,1.58,6.985,-0.947,0.264,-0.422,0.75,-0.679,2.122,-0.069,arriba
1780982671.7449949,-0.819,-0.21,0.555,-1.313,1.489,-1.435,-0.655,-0.341,0.622,-6.336,0.672,-0.252,-0.271,-0.394,0.899,-0.275,0.053,0.015,-0.267,-0.437,0.917,1.435,6.542,-1.168,0.256,-0.422,0.75,-0.511,2.282,-0.023,arriba
1780982671.8562644,-0.819,-0.21,0.552,-1.015,1.023,-1.298,-0.658,-0.342,0.62,-6.221,0.931,0.55,-0.271,-0.392,0.903,0.107,0.344,-0.206,-0.265,-0.438,0.914,1.756,6.504,-0.443,0.264,-0.421,0.747,-0.351,2.588,0.008,arriba
1780982671.9611673,-0.821,-0.207,0.561,-0.817,3.046,1.763,-0.679,-0.444,0.852,15.412,-3.397,12.466,-0.234,-0.402,0.992,48.748,-3.16,14.435,-0.337,-0.431,0.937,9.084,6.366,4.863,0.233,-0.421,0.772,-0.153,0.832,0.359,arriba
1780982672.0544398,-0.936,-0.209,0.643,48.748,-10.389,56.74,-0.747,-0.279,0.656,74.42,-3.756,58.153,-0.328,-0.261,0.931,107.802,1.42,34.962,-0.267,-0.324,0.927,111.832,-4.664,38.824,0.269,-0.414,0.755,2.626,-7.527,-3.611,arriba
1780982672.15718,-0.752,-0.03,0.553,35.427,-9.634,37.244,-0.634,-0.072,0.613,31.626,-1.931,28.901,-0.285,-0.078,0.981,61.634,9.275,16.244,-0.273,-0.182,1.084,83.244,5.504,24.0,0.282,-0.413,0.753,3.504,0.573,-1.115,arriba
1780982672.2598987,-0.828,0.043,0.601,20.023,-3.626,23.855,-0.657,0.023,0.599,16.542,4.397,23.26,-0.314,0.076,0.872,39.206,6.847,12.641,-0.269,0.032,0.983,59.412,-0.802,18.756,0.298,-0.397,0.747,2.802,-1.809,-1.931,arriba
1780982672.373897,-0.823,0.076,0.581,10.702,1.901,9.527,-0.781,0.001,0.681,0.885,1.847,9.901,-0.344,0.105,0.908,11.344,-3.038,4.229,-0.247,0.143,0.933,9.084,6.863,3.16,0.293,-0.387,0.739,-1.26,-2.427,-0.702,arriba
1780982672.4660316,-0.833,0.088,0.601,1.214,1.985,0.298,-0.704,0.041,0.614,-6.679,-1.756,0.786,-0.329,0.113,0.912,-3.366,-2.137,0.756,-0.255,0.128,0.984,-2.824,5.321,-0.588,0.3,-0.399,0.753,-2.153,1.366,0.756,arriba
1780982672.569121,-0.837,0.071,0.6,-5.771,4.397,-8.466,-0.715,0.017,0.627,-15.702,-0.756,-9.466,-0.33,0.081,0.923,-19.557,-1.802,-4.489,-0.257,0.106,0.961,-20.29,9.504,-6.16,0.289,-0.407,0.75,-3.137,1.863,1.328,arriba
1780982672.6727338,-0.796,0.008,0.617,-24.275,2.985,-32.26,-0.714,-0.063,0.699,-38.191,-1.107,-37.473,-0.344,-0.057,1.038,-64.725,1.992,-18.977,-0.288,-0.027,0.993,-52.977,21.267,-18.924,0.274,-0.413,0.754,-0.901,9.252,1.893,arriba
1780982672.7753775,-0.78,-0.002,0.578,-8.115,-5.153,-11.237,-0.657,-0.079,0.657,-19.939,-11.038,-15.863,-0.259,-0.103,0.953,-56.061,-18.55,-22.573,-0.29,-0.217,1.055,-92.252,6.42,-35.832,0.292,-0.425,0.746,-4.198,3.885,1.718,arriba
1780982672.8917701,-0.823,-0.056,0.581,-22.115,4.664,-27.74,-0.678,-0.137,0.592,-46.145,-3.542,-31.328,-0.298,-0.214,0.871,-55.26,-1.092,-11.893,-0.26,-0.281,0.916,-53.74,13.053,-15.786,0.284,-0.413,0.752,-0.542,6.489,0.817,arriba
1780982672.9816709,-0.825,-0.161,0.595,-41.611,14.298,-43.901,-0.712,-0.317,0.691,-69.359,5.542,-40.115,-0.301,-0.399,1.009,-60.901,7.008,-13.939,-0.305,-0.444,0.991,-51.595,16.603,-16.122,0.25,-0.423,0.751,-0.641,10.855,1.214,arriba
1780982673.0911307,-0.807,-0.174,0.548,-12.145,11.038,-5.42,-0.649,-0.334,0.636,-9.794,2.26,-1.939,-0.269,-0.388,0.913,-4.115,-0.84,-0.351,-0.269,-0.438,0.93,-0.206,8.901,-0.649,0.256,-0.418,0.749,0.069,6.336,0.145,arriba
1780982673.1871524,-0.824,-0.202,0.563,-1.046,0.802,-1.496,-0.659,-0.332,0.625,-6.763,0.145,-0.809,-0.276,-0.378,0.911,0.092,-0.603,-0.229,-0.273,-0.433,0.919,1.595,6.191,-0.931,0.264,-0.42,0.759,-0.427,3.015,-0.13,arriba
1780982673.2902887,-0.817,-0.201,0.564,-1.16,1.534,-1.13,-0.659,-0.329,0.618,-6.351,-0.023,-0.756,-0.277,-0.378,0.908,-0.863,-0.321,0.397,-0.274,-0.435,0.91,1.359,5.977,-0.878,0.253,-0.421,0.757,-0.473,2.405,-0.115,arriba
1780982673.3934088,-0.819,-0.203,0.566,-0.863,1.611,-0.176,-0.646,-0.335,0.626,-6.473,0.176,-0.557,-0.272,-0.377,0.905,-0.542,-0.282,0.305,-0.277,-0.432,0.921,1.389,6.672,-0.42,0.256,-0.42,0.76,-0.679,2.397,-0.092,arriba
1780982676.077968,-0.818,-0.208,0.559,-0.298,1.695,-1.023,-0.656,-0.335,0.618,-6.656,0.412,-1.252,-0.277,-0.386,0.903,-0.023,-0.511,0.366,-0.275,-0.447,0.914,1.733,7.16,-0.893,0.25,-0.418,0.754,-0.756,2.053,-0.008,arriba
1780982676.176063,-0.82,-0.209,0.561,-1.137,1.573,-0.954,-0.66,-0.334,0.627,-6.42,0.809,-0.992,-0.275,-0.386,0.905,-0.489,-0.588,0.519,-0.267,-0.44,0.918,1.557,7.099,-0.878,0.252,-0.414,0.758,-0.565,2.008,-0.099,arriba
1780982676.2772896,-0.817,-0.205,0.566,-0.954,1.519,-1.359,-0.654,-0.335,0.622,-6.626,0.656,-0.84,-0.276,-0.389,0.899,-0.45,0.374,0.397,-0.271,-0.441,0.915,1.557,6.481,-1.015,0.253,-0.423,0.749,-0.725,2.237,-0.099,arriba
1780982676.3804853,-0.817,-0.206,0.565,-0.878,1.267,-0.939,-0.66,-0.331,0.621,-6.26,0.366,-0.802,-0.277,-0.39,0.906,-0.595,0.244,-0.023,-0.273,-0.445,0.914,1.611,6.725,-0.947,0.255,-0.417,0.745,-0.71,2.427,-0.015,arriba
1780982676.4915626,-0.818,-0.208,0.563,-0.824,1.55,-0.733,-0.656,-0.335,0.618,-6.008,0.649,-0.298,-0.275,-0.387,0.905,0.359,0.0,0.069,-0.27,-0.444,0.914,2.16,7.069,-0.656,0.261,-0.422,0.761,-0.221,2.366,0.122,arriba
1780982676.5865738,-0.791,-0.188,0.53,1.885,-0.847,1.679,-0.752,-0.411,0.837,14.947,11.031,25.115,-0.274,-0.44,1.125,66.771,8.389,7.733,-0.125,-0.45,0.97,57.267,9.153,24.618,0.262,-0.419,0.754,2.099,6.328,0.023,arriba
1780982676.6896744,-0.865,-0.162,0.591,51.305,-11.595,57.206,-0.706,-0.252,0.649,72.626,-0.443,58.305,-0.264,-0.237,0.955,114.496,3.313,33.511,-0.266,-0.289,0.981,118.634,-6.687,36.305,0.261,-0.406,0.764,4.389,-7.718,-3.748,arriba
1780982676.7924454,-0.806,-0.042,0.6,26.763,-2.45,31.13,-0.678,-0.086,0.631,30.649,9.412,33.038,-0.326,-0.026,0.862,58.13,9.74,10.977,-0.266,-0.058,0.874,62.763,1.313,25.412,0.265,-0.396,0.758,6.641,-1.176,-2.122,arriba
1780982676.9072435,-0.843,0.017,0.61,19.122,2.206,18.435,-0.692,-0.02,0.639,15.679,8.122,18.649,-0.326,0.051,0.904,30.252,4.908,5.473,-0.304,0.009,0.996,41.687,2.366,10.679,0.285,-0.404,0.749,1.779,-0.321,-1.137,arriba
1780982677.0086594,-0.806,0.06,0.589,8.763,-1.038,10.969,-0.713,0.017,0.62,-0.885,2.893,10.527,-0.333,0.09,0.923,13.046,-0.282,7.191,-0.221,0.043,1.013,26.008,2.954,17.603,0.287,-0.393,0.754,-0.168,-0.901,0.145,arriba
1780982677.1066406,-0.806,0.061,0.604,-1.58,0.977,-0.641,-0.711,0.02,0.642,-4.84,1.366,-0.26,-0.326,0.1,0.945,-0.618,0.55,-0.542,-0.252,0.09,1.011,-1.366,9.702,-5.374,0.289,-0.399,0.749,-0.947,2.313,-0.168,arriba
1780982677.2061455,-0.814,0.069,0.578,-5.45,4.656,-9.267,-0.701,0.021,0.603,-17.649,2.611,-11.336,-0.337,0.101,0.882,-25.595,-1.023,-6.198,-0.261,0.101,0.929,-22.16,10.901,-10.099,0.293,-0.394,0.745,-4.16,3.45,0.947,arriba
1780982677.309167,-0.792,0.044,0.535,-21.023,10.504,-28.832,-0.646,0.013,0.499,-49.145,6.542,-36.389,-0.3,0.063,0.701,-77.794,-2.45,-13.656,-0.234,0.073,0.788,-82.802,14.466,-28.534,0.287,-0.398,0.736,-10.298,2.336,2.214,arriba
1780982677.4245405,-0.876,-0.143,0.632,-66.84,13.473,-67.924,-0.808,-0.298,0.823,-82.496,1.74,-56.382,-0.368,-0.354,1.253,-90.939,7.351,-32.618,-0.33,-0.35,1.173,-90.504,27.603,-32.817,0.259,-0.428,0.751,1.702,15.076,2.687,arriba
1780982677.5263245,-0.788,-0.172,0.551,-27.0,1.336,-27.725,-0.623,-0.29,0.612,-53.145,-8.611,-34.084,-0.253,-0.332,0.926,-72.55,-2.527,-20.969,-0.283,-0.409,0.982,-73.084,12.687,-32.412,0.268,-0.427,0.74,-0.214,13.313,0.557,arriba
1780982677.625566,-0.833,-0.203,0.557,0.794,8.038,0.931,-0.673,-0.33,0.59,-7.588,0.496,-1.015,-0.292,-0.383,0.896,-2.771,1.076,0.092,-0.322,-0.426,0.899,-9.176,1.863,-4.832,0.255,-0.42,0.744,-2.076,-0.695,-1.206,arriba
1780982677.7283401,-0.825,-0.212,0.556,-0.504,-0.496,-1.55,-0.656,-0.332,0.625,-6.42,0.847,-0.863,-0.273,-0.385,0.903,-0.916,-0.076,-0.313,-0.276,-0.436,0.908,1.565,7.832,-0.809,0.266,-0.425,0.764,-0.122,3.237,-0.023,arriba
1780982677.8218427,-0.826,-0.201,0.56,-0.672,1.29,-0.672,-0.656,-0.333,0.613,-6.344,0.252,-0.542,-0.275,-0.386,0.906,-0.336,-0.504,-0.031,-0.272,-0.435,0.921,1.412,6.389,-0.916,0.261,-0.421,0.755,-0.466,2.366,-0.191,arriba
1780982677.9256952,-0.821,-0.209,0.558,-0.817,1.748,-0.931,-0.658,-0.332,0.625,-6.626,0.573,-0.809,-0.277,-0.385,0.901,-0.176,-0.305,0.328,-0.273,-0.436,0.918,1.473,6.595,-0.374,0.261,-0.428,0.748,-0.389,2.649,-0.008,arriba
1780982680.7064047,-0.822,-0.206,0.556,-0.954,1.221,-1.214,-0.655,-0.34,0.619,-6.55,0.519,-0.542,-0.278,-0.389,0.901,-0.473,-0.275,0.275,-0.274,-0.445,0.913,1.771,7.061,-0.924,0.26,-0.426,0.747,-0.328,2.183,-0.076,arriba
1780982680.809596,-0.821,-0.212,0.559,-0.931,1.214,-0.908,-0.654,-0.34,0.626,-6.595,0.229,-0.855,-0.276,-0.39,0.897,-0.107,0.099,-0.053,-0.275,-0.442,0.915,1.443,6.679,-0.893,0.267,-0.421,0.756,-0.382,2.328,-0.183,arriba
1780982680.9235969,-0.823,-0.209,0.551,-0.649,1.855,-0.473,-0.661,-0.338,0.618,-6.298,0.221,-0.908,-0.277,-0.391,0.898,-0.405,0.26,0.374,-0.271,-0.441,0.914,1.679,7.076,-0.595,0.258,-0.421,0.751,-0.534,2.58,-0.015,arriba
1780982681.026929,-0.822,-0.21,0.557,-0.855,1.42,-1.153,-0.658,-0.337,0.621,-6.435,0.519,-1.237,-0.276,-0.392,0.899,-0.405,-0.702,0.45,-0.27,-0.444,0.917,1.794,7.168,-0.634,0.258,-0.418,0.756,-0.634,2.252,0.023,arriba
1780982681.1267486,-0.822,-0.209,0.553,-0.908,1.359,-0.977,-0.656,-0.337,0.647,-7.664,0.748,-1.855,-0.271,-0.394,0.902,-0.924,-1.298,-0.038,-0.269,-0.442,0.91,1.298,6.328,-0.885,0.261,-0.425,0.755,-0.435,2.107,-0.137,arriba
1780982681.225966,-0.822,-0.207,0.555,-0.939,1.237,-0.252,-0.658,-0.342,0.619,-6.389,0.344,-1.145,-0.277,-0.392,0.899,0.901,1.053,0.206,-0.27,-0.448,0.92,1.542,8.198,-0.45,0.261,-0.42,0.747,-0.214,2.168,0.061,arriba
1780982681.3259172,-0.827,-0.21,0.549,-0.924,1.519,0.206,-0.659,-0.335,0.618,-6.282,12.229,0.359,-0.275,-0.385,0.89,3.038,2.672,1.023,-0.217,-0.394,0.827,11.214,6.855,6.267,0.256,-0.422,0.749,-0.847,2.626,-0.328,arriba
1780982681.4400995,-0.904,-0.262,0.645,-1.626,13.611,4.863,-0.714,-0.347,0.656,21.931,20.267,18.687,-0.386,-0.401,1.183,76.641,14.931,22.695,-0.337,-0.41,1.036,81.687,9.702,30.947,0.258,-0.412,0.757,2.084,0.328,-0.183,arriba
1780982681.5413437,-0.853,-0.118,0.534,75.969,-25.321,79.634,-0.689,-0.198,0.536,91.481,-12.176,69.267,-0.248,-0.148,0.827,115.756,-8.725,32.84,-0.279,-0.173,0.895,108.374,-15.893,32.351,0.287,-0.415,0.75,5.099,-16.168,-6.802,arriba
1780982681.6408708,-0.768,0.029,0.592,30.519,-0.366,27.473,-0.686,-0.025,0.645,28.992,4.802,24.221,-0.307,0.014,0.949,54.626,10.405,7.702,-0.305,-0.011,0.972,60.397,1.656,14.595,0.297,-0.406,0.761,5.115,0.122,-1.115,arriba
1780982681.7367716,-0.751,0.078,0.583,3.046,1.511,5.58,-0.638,0.038,0.633,-3.435,3.901,4.939,-0.277,0.086,0.918,9.969,6.061,0.595,-0.254,0.068,0.949,8.382,9.687,0.588,0.305,-0.396,0.749,0.053,5.427,0.489,arriba
1780982681.8396301,-0.833,0.071,0.59,0.305,4.321,0.046,-0.701,0.013,0.627,-8.481,2.695,0.252,-0.299,0.083,0.919,-1.992,-0.649,1.061,-0.249,0.062,0.982,-1.481,6.374,0.359,0.307,-0.397,0.748,-2.611,1.641,-0.099,arriba
1780982681.9434264,-0.844,0.06,0.586,-7.42,5.641,-8.588,-0.707,-0.003,0.625,-16.931,3.099,-7.733,-0.333,0.057,0.912,-17.748,-0.733,-3.046,-0.262,0.05,0.97,-14.824,8.924,-4.237,0.299,-0.403,0.747,-2.939,1.519,1.435,arriba
1780982682.0573783,-0.833,-0.002,0.594,-25.458,12.214,-35.076,-0.711,-0.046,0.572,-46.794,10.427,-37.756,-0.335,-0.017,0.769,-71.16,-0.603,-20.183,-0.292,-0.02,0.848,-75.893,13.779,-29.962,0.274,-0.406,0.75,-5.618,5.481,1.481,arriba
1780982682.1570787,-0.807,-0.197,0.608,-83.252,33.763,-87.74,-0.663,-0.34,0.668,-139.122,6.443,-85.198,-0.284,-0.431,0.965,-172.603,-5.84,-46.176,-0.299,-0.481,1.04,-171.611,29.153,-63.809,0.264,-0.424,0.746,-3.122,25.26,4.534,arriba
1780982682.251515,-0.835,-0.205,0.544,3.344,11.985,3.344,-0.68,-0.339,0.579,-6.626,-14.74,-1.847,-0.328,-0.402,0.877,-5.412,0.084,0.168,-0.124,-0.425,0.808,6.908,1.496,-0.16,0.254,-0.418,0.744,-5.832,-8.58,-1.405,arriba
1780982682.3547537,-0.825,-0.212,0.547,-1.748,-0.863,-1.824,-0.655,-0.349,0.615,-6.328,0.931,0.061,-0.269,-0.404,0.901,1.122,1.382,0.313,-0.268,-0.448,0.911,2.282,10.885,-0.382,0.26,-0.424,0.75,-0.397,3.45,0.382,arriba
1780982682.4576108,-0.833,-0.214,0.541,-0.565,1.046,-0.687,-0.668,-0.351,0.604,-6.168,-0.313,-0.061,-0.275,-0.405,0.894,-0.466,-1.626,-0.176,-0.261,-0.45,0.914,1.328,6.092,-0.198,0.261,-0.427,0.757,-0.305,2.542,-0.084,arriba
1780982682.5608542,-0.828,-0.214,0.545,-0.511,0.733,0.023,-0.664,-0.35,0.604,-5.947,0.656,-0.458,-0.276,-0.403,0.897,-0.191,-0.191,0.275,-0.267,-0.448,0.914,1.656,5.962,-0.756,0.265,-0.421,0.754,-0.748,2.626,-0.069,arriba
1780982685.34174,-0.826,-0.217,0.542,-0.969,1.58,-0.756,-0.662,-0.349,0.613,-6.26,0.542,-0.366,-0.274,-0.409,0.891,-0.214,0.107,0.191,-0.26,-0.455,0.915,1.702,6.855,-1.008,0.265,-0.422,0.756,-0.725,2.046,-0.038,arriba
1780982685.4609873,-0.825,-0.214,0.545,-0.756,1.992,-0.969,-0.659,-0.348,0.606,-6.511,0.588,-0.13,-0.273,-0.405,0.895,-0.435,0.176,0.252,-0.263,-0.457,0.909,1.786,6.87,-0.58,0.262,-0.421,0.759,-0.557,1.756,0.008,arriba
1780982685.5582757,-0.825,-0.216,0.545,-1.008,1.176,-1.061,-0.66,-0.346,0.615,-6.267,0.908,-0.198,-0.273,-0.407,0.895,-0.183,-0.046,0.389,-0.264,-0.456,0.918,1.756,6.863,-0.374,0.26,-0.417,0.751,-0.237,3.176,-0.069,arriba
1780982685.65066,-0.825,-0.215,0.549,-0.71,1.198,-0.389,-0.658,-0.35,0.611,-6.321,0.405,-0.183,-0.272,-0.4,0.895,0.038,-0.122,0.061,-0.264,-0.458,0.908,1.504,6.649,-0.992,0.266,-0.426,0.754,-0.786,1.58,0.084,arriba
1780982685.754004,-0.825,-0.215,0.552,-1.191,1.267,-0.901,-0.659,-0.348,0.613,-6.565,0.74,-0.015,-0.271,-0.409,0.905,2.092,1.214,1.229,-0.257,-0.454,0.915,2.496,9.061,0.206,0.264,-0.42,0.75,0.084,4.153,0.473,arriba
1780982685.857366,-0.811,-0.217,0.544,-1.664,0.786,-0.168,-0.754,-0.42,0.825,26.115,0.824,16.351,-0.322,-0.445,1.111,37.672,-6.122,9.42,-0.335,-0.525,1.117,32.947,11.084,11.481,0.263,-0.427,0.74,5.244,-5.832,0.718,arriba
1780982685.9729457,-0.837,-0.111,0.46,89.237,-23.168,86.527,-0.623,-0.163,0.397,92.58,-20.595,75.977,-0.263,-0.161,0.792,117.641,-13.779,43.298,-0.246,-0.207,0.93,111.473,-20.534,44.679,0.312,-0.414,0.747,-2.924,-12.832,-6.061,arriba
1780982686.066612,-0.794,0.031,0.52,39.511,-6.473,37.031,-0.681,-0.007,0.512,39.084,-8.679,32.924,-0.347,0.024,0.86,47.649,-2.115,7.229,-0.284,-0.035,0.965,47.802,-4.649,16.008,0.314,-0.396,0.747,-1.26,-7.565,-3.015,arriba
1780982686.1728532,-0.807,0.089,0.574,13.901,1.611,13.336,-0.675,0.034,0.596,9.229,3.634,12.588,-0.335,0.086,0.897,22.794,0.183,4.733,-0.275,0.052,0.97,27.641,0.45,7.893,0.348,-0.4,0.734,-0.947,-3.817,-1.511,arriba
1780982686.2687922,-0.786,0.098,0.598,8.626,-0.656,-0.824,-0.688,0.03,0.664,-6.214,-0.13,-0.672,-0.306,0.093,0.943,3.603,-0.656,-0.16,-0.261,0.054,0.984,3.611,6.687,-0.328,0.316,-0.401,0.74,-0.183,1.534,-0.573,arriba
1780982686.372041,-0.8,0.092,0.602,-7.557,6.901,-8.336,-0.696,0.022,0.646,-14.908,3.794,-9.58,-0.316,0.074,0.943,-15.412,2.702,-4.748,-0.262,0.04,1.0,-11.969,11.779,-3.985,0.314,-0.398,0.753,-2.031,4.069,1.885,arriba
1780982686.4749346,-0.772,0.056,0.597,-27.015,8.573,-31.71,-0.659,-0.027,0.658,-41.649,3.29,-36.992,-0.298,-0.008,0.95,-60.275,1.321,-17.924,-0.264,-0.039,0.988,-54.137,20.038,-21.687,0.298,-0.414,0.752,-3.908,10.695,3.832,arriba
1780982686.5932915,-0.806,-0.052,0.583,-44.779,6.718,-49.351,-0.642,-0.147,0.581,-69.122,-3.267,-55.305,-0.29,-0.181,0.882,-108.092,-3.328,-32.626,-0.277,-0.186,0.915,-113.435,8.405,-42.237,0.291,-0.419,0.752,-0.382,13.985,2.45,arriba
1780982686.6924021,-0.896,-0.209,0.608,-46.015,16.84,-45.809,-0.757,-0.374,0.736,-65.641,-1.344,-39.275,-0.366,-0.417,1.105,-70.229,3.321,-18.901,-0.345,-0.441,1.074,-52.58,12.282,-16.229,0.259,-0.414,0.757,-1.069,9.084,1.122,arriba
1780982686.7953537,-0.839,-0.206,0.552,-2.603,-3.313,-3.16,-0.654,-0.339,0.59,-5.771,-9.328,-2.695,-0.286,-0.394,0.885,-0.389,2.626,-1.718,-0.275,-0.471,1.016,-19.588,7.733,-8.305,0.261,-0.412,0.736,-0.504,0.351,-0.122,arriba
1780982686.8872411,-0.823,-0.215,0.552,-1.489,1.038,-1.55,-0.653,-0.354,0.617,-6.427,1.702,-0.534,-0.273,-0.396,0.894,1.0,1.115,-0.344,-0.254,-0.451,0.906,2.298,6.084,-0.84,0.264,-0.418,0.757,-1.137,2.328,-0.29,arriba
1780982686.9898183,-0.826,-0.219,0.548,-1.031,0.893,-0.931,-0.659,-0.344,0.617,-6.176,0.084,-0.145,-0.273,-0.397,0.9,-0.298,-0.664,0.145,-0.267,-0.449,0.912,1.427,6.779,-0.252,0.262,-0.416,0.761,-0.55,2.756,-0.198,arriba
1780982687.0929298,-0.824,-0.216,0.551,-0.939,1.214,-0.397,-0.654,-0.343,0.614,-6.237,0.58,-0.191,-0.276,-0.397,0.899,-0.565,0.26,-0.214,-0.263,-0.454,0.906,1.267,6.45,-0.649,0.266,-0.42,0.746,-0.649,2.313,0.0,arriba
1780982687.1956985,-0.823,-0.219,0.557,-0.687,1.321,-0.435,-0.661,-0.344,0.618,-6.176,0.374,0.0,-0.272,-0.399,0.903,-0.58,0.427,0.321,-0.261,-0.449,0.909,1.496,7.099,-0.336,0.261,-0.419,0.758,-0.656,2.679,-0.092,arriba
1780982689.977246,-0.819,-0.219,0.552,-0.756,1.13,-0.901,-0.656,-0.345,0.614,-6.42,0.176,-0.87,-0.272,-0.403,0.896,-0.29,0.252,-0.137,-0.261,-0.454,0.913,1.954,7.153,-0.725,0.264,-0.417,0.764,-0.626,2.351,0.153,arriba
1780982690.0800083,-0.83,-0.225,0.573,-1.13,2.023,-0.145,-0.657,-0.342,0.607,-6.168,0.672,-0.382,-0.273,-0.403,0.895,-0.168,-0.84,-0.145,-0.261,-0.456,0.916,1.718,7.71,-0.916,0.263,-0.413,0.757,-0.763,1.87,-0.031,arriba
1780982690.188655,-0.819,-0.217,0.556,-0.947,1.031,-0.969,-0.656,-0.346,0.615,-6.58,0.939,-0.237,-0.273,-0.404,0.906,-0.183,-0.389,-0.115,-0.258,-0.452,0.91,1.885,6.679,-0.649,0.262,-0.415,0.76,-0.702,1.855,-0.198,arriba
1780982690.2888649,-0.817,-0.218,0.561,-0.26,1.702,-0.649,-0.653,-0.349,0.607,-6.588,0.878,-0.023,-0.269,-0.4,0.906,-0.305,0.214,-0.359,-0.261,-0.451,0.913,1.817,6.947,-0.321,0.26,-0.416,0.754,-0.305,2.237,-0.221,arriba
1780982690.3889687,-0.819,-0.22,0.555,-1.29,1.496,-0.916,-0.656,-0.342,0.621,-6.137,0.656,-0.244,-0.27,-0.401,0.894,-0.527,-0.038,0.061,-0.263,-0.448,0.911,1.664,6.74,-0.55,0.255,-0.421,0.741,-0.412,2.229,-0.076,arriba
1780982690.507595,-0.821,-0.217,0.56,-1.107,1.351,-0.641,-0.651,-0.344,0.616,-6.504,0.817,-0.305,-0.267,-0.397,0.899,0.366,0.115,0.947,-0.261,-0.453,0.916,1.885,7.45,0.29,0.262,-0.416,0.754,-0.191,2.832,0.206,arriba
1780982690.6058898,-0.829,-0.223,0.558,-1.298,3.137,0.718,-0.665,-0.361,0.578,-3.145,1.527,2.084,-0.272,-0.459,1.065,26.374,1.519,20.321,-0.36,-0.369,0.965,10.71,15.603,17.336,0.217,-0.422,0.785,-1.16,-1.183,-0.45,arriba
1780982690.7053077,-0.896,-0.17,0.57,79.74,-32.634,74.168,-0.733,-0.27,0.568,97.153,-10.298,69.168,-0.327,-0.292,0.946,131.611,-8.924,39.527,-0.3,-0.356,0.918,136.076,-19.573,46.237,0.289,-0.413,0.757,4.107,-12.458,-5.733,arriba
1780982690.8054912,-0.735,0.011,0.565,34.695,-5.916,40.389,-0.603,-0.04,0.609,37.389,1.359,37.656,-0.262,-0.031,0.861,69.87,5.893,15.977,-0.24,-0.114,0.993,83.145,1.099,24.893,0.294,-0.403,0.757,5.191,-2.702,-1.061,arriba
1780982690.9039805,-0.789,0.074,0.592,10.634,0.397,13.076,-0.662,0.005,0.653,9.489,2.122,15.328,-0.284,0.05,0.923,29.076,1.802,5.939,-0.251,-0.007,1.028,35.313,7.58,10.191,0.304,-0.4,0.744,1.679,1.366,-0.168,arriba
1780982691.0069745,-0.776,0.104,0.571,3.397,-0.481,6.824,-0.679,0.044,0.645,-1.718,3.321,6.779,-0.279,0.102,0.923,12.321,2.664,4.336,-0.216,0.101,0.94,15.863,2.641,4.359,0.312,-0.397,0.747,-0.565,1.115,-0.267,arriba
1780982691.128445,-0.804,0.083,0.611,-6.153,6.588,-8.779,-0.711,0.02,0.669,-15.061,6.985,-8.542,-0.319,0.07,0.977,-9.641,4.779,-4.435,-0.27,0.05,1.026,-5.901,12.389,-2.809,0.308,-0.399,0.747,-1.26,3.321,0.809,arriba
1780982691.2254026,-0.758,0.072,0.562,-15.527,9.405,-19.458,-0.648,0.02,0.614,-33.031,9.962,-22.763,-0.272,0.073,0.855,-43.824,4.137,-9.924,-0.244,0.054,0.939,-34.13,17.641,-8.573,0.308,-0.402,0.759,-4.336,8.534,3.71,arriba
1780982691.329692,-0.839,-0.007,0.59,-26.634,9.992,-32.679,-0.702,-0.08,0.625,-45.504,3.305,-35.931,-0.312,-0.068,0.922,-63.649,-1.198,-16.26,-0.258,-0.044,0.877,-70.611,11.061,-29.763,0.294,-0.412,0.745,-4.603,3.84,1.26,arriba
1780982691.4192064,-0.752,-0.076,0.517,-44.573,12.847,-54.168,-0.584,-0.162,0.474,-90.802,-0.702,-64.145,-0.275,-0.27,0.808,-128.366,-2.603,-34.802,-0.244,-0.315,0.889,-138.565,26.924,-50.313,0.291,-0.417,0.757,0.153,23.573,4.176,arriba
1780982691.5221772,-0.905,-0.269,0.617,2.008,-3.298,-2.069,-0.666,-0.294,0.476,-14.244,0.252,8.412,-0.256,-0.308,0.792,0.588,-9.565,6.779,-0.203,-0.351,0.824,-8.649,0.802,-1.122,0.276,-0.417,0.755,-2.168,2.878,-0.733,arriba
1780982691.6270778,-0.848,-0.233,0.568,1.664,-3.145,-2.366,-0.64,-0.34,0.615,-7.344,5.84,-1.542,-0.236,-0.411,0.973,-8.656,-9.55,-0.275,-0.268,-0.46,0.903,-10.229,8.954,-4.893,0.258,-0.414,0.763,0.443,3.389,-0.015,arriba
1780982691.7280734,-0.823,-0.223,0.548,-0.855,1.229,-0.824,-0.658,-0.347,0.605,-6.183,-0.008,-1.344,-0.275,-0.395,0.903,-0.313,-0.977,-0.366,-0.265,-0.45,0.915,1.427,5.344,-0.771,0.27,-0.418,0.752,-0.786,2.389,-0.008,arriba
1780982691.830865,-0.824,-0.216,0.553,-0.427,0.939,0.053,-0.655,-0.346,0.617,-6.0,0.511,-0.641,-0.271,-0.398,0.904,-0.084,-0.855,-0.046,-0.261,-0.447,0.913,1.763,7.084,-0.504,0.265,-0.41,0.749,-0.473,2.176,-0.015,arriba
1780982694.6120965,-0.822,-0.221,0.556,-1.198,1.168,-1.679,-0.656,-0.345,0.617,-6.198,0.985,-0.153,-0.27,-0.4,0.901,-0.099,-0.229,0.16,-0.264,-0.454,0.904,1.687,6.71,-0.916,0.262,-0.42,0.748,-0.718,2.344,-0.145,arriba
1780982694.715513,-0.819,-0.213,0.554,-0.969,1.458,-0.771,-0.662,-0.347,0.615,-6.511,0.458,-0.664,-0.271,-0.403,0.897,-0.107,-0.366,0.42,-0.263,-0.454,0.909,1.611,6.802,-0.679,0.262,-0.417,0.755,-0.725,1.924,-0.084,arriba
1780982694.8228421,-0.822,-0.218,0.552,-1.053,1.786,-0.702,-0.661,-0.345,0.617,-6.191,0.725,-0.71,-0.267,-0.403,0.895,-0.137,0.115,0.504,-0.263,-0.454,0.915,1.534,7.015,-0.588,0.263,-0.416,0.749,-0.71,2.115,0.115,arriba
1780982694.9221637,-0.823,-0.219,0.552,-0.756,1.42,-1.206,-0.657,-0.345,0.618,-6.366,0.634,-0.595,-0.269,-0.403,0.905,-0.542,0.267,0.237,-0.261,-0.451,0.916,1.878,6.534,-0.908,0.259,-0.417,0.753,-0.588,2.206,-0.145,arriba
1780982695.0243893,-0.82,-0.218,0.551,-0.977,0.878,-0.779,-0.653,-0.344,0.621,-6.382,0.748,-0.542,-0.271,-0.405,0.903,-0.115,-0.046,0.145,-0.263,-0.454,0.911,1.771,6.481,-0.893,0.262,-0.418,0.753,-0.672,3.053,-0.046,arriba
1780982695.1373415,-0.841,-0.225,0.567,-2.527,3.275,1.206,-0.642,-0.349,0.619,-5.679,2.725,1.947,-0.283,-0.408,0.924,5.145,4.053,2.634,-0.273,-0.455,0.923,2.71,12.099,1.496,0.271,-0.418,0.74,-0.565,3.443,0.061,arriba
1780982695.2400906,-0.954,-0.223,0.63,66.87,-3.13,62.298,-0.791,-0.345,0.691,107.214,-0.435,63.061,-0.362,-0.361,1.074,134.198,-13.13,38.305,-0.288,-0.384,0.953,137.336,-8.206,40.641,0.272,-0.415,0.751,2.557,-18.198,-6.031,arriba
1780982695.3334548,-0.764,-0.027,0.592,37.916,-7.42,44.756,-0.671,-0.094,0.652,45.733,8.137,45.107,-0.26,-0.07,0.914,77.802,6.557,19.557,-0.279,-0.124,0.933,86.053,-0.427,27.466,0.305,-0.408,0.74,7.092,-8.519,-3.412,arriba
1780982695.436446,-0.76,0.077,0.589,21.137,-3.481,24.496,-0.654,0.009,0.661,19.687,0.626,22.084,-0.242,0.046,0.923,37.504,2.595,8.061,-0.232,-0.002,1.017,53.321,2.122,15.687,0.317,-0.402,0.738,0.931,0.176,-1.008,arriba
1780982695.5393362,-0.75,0.198,0.474,53.802,-25.229,38.015,-0.629,0.096,0.555,26.969,-13.443,32.573,-0.266,0.152,0.89,36.947,-14.58,16.618,-0.135,0.149,0.948,44.496,-14.55,14.878,0.367,-0.401,0.735,-4.962,-14.817,-5.55,arriba
1780982695.6564598,-0.771,0.184,0.623,-6.061,8.176,-11.473,-0.705,0.097,0.687,-13.527,8.252,-9.656,-0.307,0.131,0.997,-6.672,6.641,-4.473,-0.244,0.139,1.023,-3.664,12.328,-4.176,0.33,-0.393,0.74,-1.008,5.893,1.351,arriba
1780982695.7579477,-0.697,0.154,0.595,-24.611,10.656,-22.183,-0.605,0.084,0.668,-30.687,3.252,-24.802,-0.229,0.138,0.897,-46.534,7.557,-17.427,-0.221,0.093,1.04,-42.473,22.939,-16.641,0.323,-0.408,0.742,-2.695,14.046,5.565,arriba
1780982695.8556108,-0.855,0.028,0.751,-44.191,0.809,-44.405,-0.691,-0.08,0.829,-45.649,-16.389,-49.588,-0.228,-0.158,1.207,-104.046,-7.687,-43.733,-0.298,-0.126,1.142,-115.847,-0.237,-54.626,0.323,-0.43,0.754,-1.817,10.344,3.511,arriba
1780982695.9515676,-0.705,0.039,0.526,-37.786,2.13,-36.641,-0.556,-0.076,0.55,-69.916,-4.763,-42.519,-0.198,-0.163,0.797,-93.344,-7.756,-17.969,-0.202,-0.262,0.971,-113.031,14.374,-33.191,0.326,-0.415,0.737,-2.076,16.115,2.779,arriba
1780982696.0547652,-0.896,-0.16,0.578,-68.763,30.183,-66.611,-0.766,-0.353,0.648,-98.863,11.771,-52.916,-0.359,-0.438,0.958,-86.45,8.305,-13.344,-0.333,-0.48,0.983,-74.969,15.573,-19.252,0.269,-0.416,0.755,-1.015,15.229,2.626,arriba
1780982696.1573246,-0.846,-0.186,0.543,-19.099,-0.351,-7.695,-0.654,-0.353,0.618,-5.992,-3.71,-0.221,-0.258,-0.409,0.893,-2.748,3.29,-0.878,-0.249,-0.461,0.906,0.382,2.099,-0.015,0.255,-0.418,0.746,0.71,5.061,0.672,arriba
1780982696.2605002,-0.83,-0.23,0.55,-0.87,1.74,-1.038,-0.656,-0.352,0.616,-6.588,1.084,-0.557,-0.265,-0.405,0.894,0.038,-0.008,-0.023,-0.254,-0.454,0.918,1.954,7.069,0.069,0.258,-0.429,0.756,-0.481,3.481,0.183,arriba
1780982696.3632295,-0.825,-0.222,0.546,-1.0,1.382,-0.832,-0.654,-0.351,0.604,-6.748,0.183,-0.527,-0.27,-0.41,0.893,-0.504,-0.183,0.405,-0.256,-0.452,0.913,1.557,6.145,-0.481,0.265,-0.417,0.747,-0.328,2.13,-0.214,arriba
1780982696.4775429,-0.819,-0.222,0.557,-0.672,1.496,-0.137,-0.654,-0.354,0.617,-6.038,0.511,-0.87,-0.267,-0.41,0.894,-0.076,-0.267,0.641,-0.253,-0.453,0.913,1.313,6.534,-0.641,0.261,-0.42,0.757,-0.511,2.573,-0.282,arriba
1780982699.2543247,-0.821,-0.223,0.556,-1.008,1.756,-0.947,-0.657,-0.351,0.618,-6.527,0.863,-0.55,-0.267,-0.407,0.901,-0.321,-0.16,0.015,-0.254,-0.462,0.915,1.603,7.374,0.099,0.263,-0.42,0.757,-0.725,2.412,0.122,arriba
1780982699.3507838,-0.822,-0.222,0.553,-0.733,1.237,-1.107,-0.657,-0.353,0.609,-6.382,0.427,-0.168,-0.261,-0.409,0.903,-0.015,-0.679,-0.038,-0.253,-0.46,0.909,1.328,7.084,-0.573,0.262,-0.42,0.752,-0.809,2.122,-0.122,arriba
1780982699.45436,-0.82,-0.225,0.553,-1.122,1.221,-0.29,-0.654,-0.353,0.616,-6.611,0.473,-0.282,-0.266,-0.409,0.896,-0.473,0.58,-0.336,-0.255,-0.455,0.908,1.45,6.695,-0.519,0.262,-0.418,0.755,-0.511,2.16,0.092,arriba
1780982699.5565286,-0.823,-0.22,0.552,-1.16,1.664,-0.649,-0.657,-0.352,0.615,-6.809,0.641,-0.443,-0.265,-0.412,0.898,-0.229,-0.252,0.206,-0.254,-0.459,0.91,1.718,7.084,0.351,0.262,-0.419,0.755,-0.458,2.527,-0.107,arriba
1780982699.6593404,-0.816,-0.227,0.552,-1.13,2.298,-0.672,-0.651,-0.352,0.623,-6.817,1.641,-0.13,-0.263,-0.41,0.895,1.176,2.359,1.618,-0.259,-0.464,0.914,1.763,9.603,0.519,0.264,-0.421,0.758,0.206,4.038,0.221,arriba
1780982699.7699955,-0.859,-0.235,0.544,3.015,0.74,0.779,-1.012,-0.607,0.769,0.031,5.382,11.443,-0.165,-0.441,1.08,54.198,1.046,18.229,-0.383,-0.501,1.143,44.542,-2.26,19.481,0.248,-0.405,0.778,4.183,4.336,-2.695,arriba
1780982699.8709645,-1.03,-0.233,0.702,92.282,-32.656,93.985,-0.807,-0.299,0.662,133.893,-14.176,88.641,-0.339,-0.262,0.903,173.595,-9.237,43.267,-0.33,-0.315,0.93,173.023,-19.817,50.298,0.264,-0.414,0.776,6.397,-25.84,-9.557,arriba
1780982699.9684045,-0.686,0.022,0.62,37.794,-8.527,35.672,-0.616,0.002,0.654,40.313,5.145,30.687,-0.248,0.045,0.873,59.137,14.069,3.153,-0.246,0.007,0.915,64.779,15.855,10.153,0.309,-0.403,0.746,7.45,12.794,0.214,arriba
1780982700.0716553,-0.732,0.097,0.561,1.725,0.924,4.046,-0.612,0.055,0.625,-7.092,4.855,1.481,-0.242,0.12,0.855,-0.748,2.748,0.092,-0.208,0.077,0.941,-0.939,11.252,-1.611,0.326,-0.396,0.733,-1.42,5.565,1.947,arriba
1780982700.1861136,-0.839,0.073,0.596,-10.504,6.13,-11.046,-0.696,0.028,0.605,-20.794,2.672,-11.58,-0.306,0.077,0.871,-26.382,-1.183,-5.656,-0.248,0.051,0.927,-24.397,10.45,-6.023,0.317,-0.398,0.743,-3.656,3.519,1.084,arriba
1780982700.28835,-0.804,-0.033,0.626,-43.176,14.656,-54.901,-0.704,-0.125,0.712,-63.153,5.618,-56.565,-0.297,-0.157,1.109,-76.092,12.191,-24.244,-0.309,-0.172,1.094,-69.481,28.107,-30.267,0.289,-0.418,0.746,0.863,15.389,3.282,arriba
1780982700.3862343,-0.763,-0.097,0.546,-48.71,4.466,-48.168,-0.633,-0.198,0.63,-77.794,-6.153,-48.389,-0.243,-0.29,1.067,-94.542,-4.809,-24.275,-0.252,-0.408,1.167,-104.733,21.053,-37.878,0.296,-0.415,0.747,0.359,20.55,4.053,arriba
1780982700.4842532,-2.0,-1.199,2.0,13.137,-42.84,-21.985,-2.0,-0.532,2.0,30.855,-231.076,2.252,-0.373,-0.493,1.006,-118.168,-31.137,-32.198,-0.288,-0.534,1.109,-87.573,-21.603,-33.542,0.264,-0.432,0.763,-2.634,-9.481,-1.786,arriba
1780982700.5866678,-0.806,-0.235,0.557,-4.664,-8.588,-4.122,-0.643,-0.346,0.632,-5.832,-2.427,-0.771,-0.252,-0.411,0.911,1.183,2.756,0.649,-0.256,-0.454,0.911,3.656,15.038,-0.305,0.262,-0.42,0.754,1.275,5.168,0.412,arriba
1780982700.7049365,-0.827,-0.221,0.543,-0.412,1.038,-0.504,-0.662,-0.352,0.613,-6.267,-0.221,-0.382,-0.264,-0.4,0.901,-0.504,-2.656,0.046,-0.257,-0.453,0.912,1.26,5.008,-0.969,0.267,-0.423,0.752,-0.656,2.405,-0.015,arriba
1780982700.7924314,-0.822,-0.223,0.554,-0.718,1.443,0.015,-0.655,-0.349,0.617,-6.389,0.916,0.069,-0.268,-0.405,0.9,-0.87,0.008,0.588,-0.257,-0.451,0.909,1.45,6.282,-1.053,0.263,-0.418,0.756,-0.328,3.252,-0.427,arriba
1780982700.9022624,-0.822,-0.225,0.551,-0.618,1.42,-0.366,-0.655,-0.349,0.606,-6.298,0.252,-0.595,-0.265,-0.406,0.899,-0.504,-0.145,-0.321,-0.255,-0.452,0.914,1.153,6.489,-1.237,0.263,-0.418,0.75,-1.16,1.336,0.069,arriba
1780982701.0029638,-0.826,-0.222,0.548,-0.901,1.389,-1.244,-0.657,-0.348,0.615,-6.42,0.489,-0.206,-0.264,-0.406,0.902,-0.313,-0.84,-0.344,-0.258,-0.452,0.91,1.511,6.466,-0.252,0.254,-0.413,0.747,-0.489,2.489,-0.481,arriba
1780982701.1056826,-0.822,-0.226,0.552,-1.122,1.221,-0.885,-0.654,-0.355,0.61,-6.412,1.069,-0.084,-0.266,-0.405,0.893,-0.435,-0.267,0.198,-0.255,-0.453,0.903,1.534,7.061,-0.42,0.264,-0.42,0.753,-0.634,2.534,0.031,arriba
1780982703.8921568,-0.822,-0.22,0.554,-0.588,1.267,-0.053,-0.653,-0.352,0.613,-6.344,0.878,-0.695,-0.265,-0.407,0.9,-0.305,-0.328,0.489,-0.256,-0.454,0.909,1.519,6.763,-0.618,0.265,-0.417,0.759,-0.55,2.046,0.084,arriba
1780982703.9888518,-0.817,-0.223,0.551,-1.16,1.252,-1.412,-0.658,-0.35,0.623,-6.595,0.534,-0.863,-0.264,-0.41,0.902,-0.13,0.145,0.252,-0.257,-0.458,0.912,1.573,7.267,-0.267,0.26,-0.417,0.752,-0.427,2.397,0.122,arriba
1780982704.088578,-0.818,-0.221,0.55,-0.641,1.13,-0.534,-0.658,-0.348,0.611,-6.817,0.366,-0.763,-0.261,-0.407,0.894,-0.198,0.397,0.092,-0.252,-0.454,0.919,1.443,6.58,-0.405,0.265,-0.417,0.752,-0.649,2.511,-0.145,arriba
1780982704.1915932,-0.822,-0.222,0.547,-1.092,1.649,-0.824,-0.656,-0.351,0.618,-6.656,0.107,-0.809,-0.263,-0.407,0.902,-0.374,-0.412,-0.145,-0.253,-0.455,0.919,1.74,6.756,-0.481,0.264,-0.422,0.753,-0.489,2.542,0.076,arriba
1780982704.3014429,-0.823,-0.227,0.553,-1.229,3.55,1.321,-0.639,-0.359,0.633,-6.42,-0.344,1.198,-0.273,-0.408,0.917,3.916,3.71,2.565,-0.212,-0.474,0.905,1.573,10.786,1.573,0.238,-0.399,0.751,-0.947,1.649,0.237,arriba
1780982704.3978307,-1.009,-0.262,0.688,68.069,-13.672,66.588,-0.731,-0.321,0.669,123.29,-22.16,69.084,-0.366,-0.358,1.023,128.305,-26.069,23.412,-0.307,-0.469,1.089,121.847,-21.725,36.26,0.288,-0.413,0.749,0.695,-29.504,-6.87,arriba
1780982704.5011888,-0.73,0.0,0.581,54.115,-16.55,61.71,-0.6,-0.035,0.628,62.74,1.473,54.382,-0.215,-0.039,0.88,97.45,1.42,14.84,-0.224,-0.122,0.91,96.947,-3.855,23.305,0.305,-0.395,0.733,8.053,-5.504,-4.061,arriba
1780982704.6038742,-0.808,0.114,0.589,25.351,0.954,24.679,-0.671,0.075,0.604,21.237,5.603,26.298,-0.304,0.145,0.836,49.687,4.771,11.618,-0.223,0.078,0.849,54.626,-3.0,14.603,0.327,-0.393,0.736,2.244,-7.061,-2.244,arriba
1780982704.7070546,-0.747,0.135,0.609,-3.053,4.71,-1.55,-0.632,0.096,0.667,-9.641,4.267,-1.336,-0.246,0.177,0.889,-4.901,3.031,-2.321,-0.21,0.063,1.0,-2.458,12.115,-1.26,0.329,-0.399,0.735,-0.809,6.053,2.115,arriba
1780982704.8100348,-0.77,0.127,0.587,-11.733,3.099,-13.038,-0.645,0.083,0.62,-25.649,3.817,-16.84,-0.248,0.147,0.875,-40.374,1.046,-8.229,-0.212,0.056,0.962,-27.168,16.382,-5.061,0.325,-0.4,0.742,-4.092,9.168,3.695,arriba
1780982704.92175,-0.814,0.042,0.595,-41.031,15.718,-45.687,-0.669,-0.017,0.631,-62.298,4.069,-50.214,-0.274,0.001,0.9,-92.977,1.725,-18.649,-0.215,-0.068,0.925,-83.939,22.282,-29.878,0.31,-0.407,0.74,-6.328,8.153,3.45,arriba
1780982705.0260136,-0.945,-0.097,0.643,-18.412,14.74,-28.099,-0.794,-0.177,0.677,-34.015,8.099,-22.855,-0.368,-0.119,0.889,-39.626,-1.527,-12.908,-0.334,-0.221,0.953,-47.672,2.809,-18.145,0.288,-0.409,0.75,-3.053,-1.527,-1.366,arriba
1780982705.1190624,-0.805,-0.156,0.583,-46.779,16.595,-51.214,-0.692,-0.278,0.666,-70.832,5.244,-50.687,-0.289,-0.304,0.991,-89.076,8.939,-27.969,-0.319,-0.432,1.025,-82.534,22.763,-31.214,0.269,-0.413,0.743,1.908,18.725,3.473,arriba
1780982705.2218547,-0.869,-0.224,0.59,-2.099,-5.824,-7.595,-0.664,-0.372,0.636,-4.511,-17.458,-1.573,-0.256,-0.25,0.829,24.649,19.252,13.183,-0.17,-0.413,0.785,5.237,21.641,-0.832,0.288,-0.434,0.753,4.557,-1.176,-1.076,arriba
1780982705.3378031,-0.815,-0.226,0.548,1.603,7.206,-0.137,-0.658,-0.353,0.608,-6.649,2.076,-0.412,-0.283,-0.404,0.9,-0.824,0.313,-0.023,-0.258,-0.454,0.908,0.405,3.076,-1.282,0.274,-0.416,0.751,-1.389,1.824,-0.366,arriba
1780982705.4387643,-0.823,-0.229,0.546,-0.992,0.687,-0.725,-0.657,-0.354,0.612,-6.802,0.397,-0.519,-0.271,-0.408,0.901,-0.435,0.832,0.122,-0.251,-0.459,0.917,1.954,7.557,-0.87,0.263,-0.415,0.753,-0.321,2.153,0.0,arriba
1780982705.5358455,-0.823,-0.226,0.546,-1.107,1.527,-0.786,-0.651,-0.352,0.614,-6.336,0.481,-0.344,-0.266,-0.41,0.894,-0.519,-0.672,-0.046,-0.248,-0.46,0.919,1.443,6.672,-1.107,0.258,-0.424,0.759,-0.458,2.542,-0.076,arriba
1780982705.63464,-0.824,-0.224,0.552,-0.443,1.084,-0.557,-0.658,-0.353,0.611,-6.382,0.656,-0.328,-0.266,-0.406,0.9,-0.649,-0.962,0.191,-0.253,-0.46,0.913,1.305,6.504,-0.969,0.268,-0.416,0.757,-0.603,2.511,-0.214,arriba
1780982705.7373528,-0.818,-0.225,0.55,-0.756,1.084,-1.435,-0.656,-0.354,0.608,-6.649,1.0,-0.176,-0.265,-0.406,0.902,-0.656,0.191,0.435,-0.254,-0.458,0.912,1.595,6.947,-0.908,0.269,-0.415,0.75,-0.748,2.29,-0.046,arriba
1780982708.5200617,-0.825,-0.226,0.55,-0.687,1.809,-0.534,-0.657,-0.355,0.606,-6.565,0.573,-0.611,-0.269,-0.413,0.895,-0.45,-0.298,-0.13,-0.251,-0.456,0.916,1.565,7.42,-0.939,0.261,-0.418,0.742,-0.527,2.45,0.046,arriba
1780982708.6208084,-0.819,-0.226,0.548,-0.924,1.527,-0.84,-0.653,-0.351,0.607,-6.191,0.519,-0.71,-0.263,-0.41,0.899,-0.305,0.313,-0.038,-0.249,-0.459,0.912,1.718,6.863,-0.626,0.266,-0.415,0.751,-0.725,2.473,-0.252,arriba
1780982708.7377617,-0.821,-0.223,0.546,-0.954,1.519,-1.015,-0.651,-0.355,0.613,-6.298,0.641,-0.702,-0.268,-0.408,0.896,-0.489,-0.137,0.489,-0.249,-0.463,0.919,1.71,6.832,-0.405,0.269,-0.417,0.755,-0.298,2.626,0.061,arriba
1780982708.8375466,-0.816,-0.227,0.548,-1.55,1.939,-0.817,-0.656,-0.352,0.612,-6.649,1.198,-0.55,-0.268,-0.41,0.896,-0.267,0.084,0.649,-0.25,-0.461,0.917,1.863,7.206,-0.634,0.265,-0.416,0.75,-0.878,2.038,-0.053,arriba
1780982708.938384,-0.828,-0.226,0.546,-2.55,5.061,1.992,-0.657,-0.352,0.629,-5.794,2.817,1.389,-0.279,-0.427,0.948,4.405,3.679,3.275,-0.267,-0.444,0.939,2.496,12.779,2.092,0.254,-0.42,0.757,-1.359,0.893,-0.191,arriba
1780982709.033216,-0.963,-0.183,0.559,97.649,-33.733,93.71,-0.723,-0.276,0.534,124.0,-20.252,85.198,-0.355,-0.362,1.081,170.176,-17.534,62.282,-0.296,-0.408,1.039,180.58,-29.824,72.794,0.298,-0.415,0.746,2.237,-25.947,-8.71,arriba
1780982709.1362076,-0.673,0.06,0.542,35.542,-10.603,41.359,-0.566,0.026,0.604,38.58,6.641,38.191,-0.202,0.052,0.843,66.168,9.595,11.985,-0.181,0.027,0.864,80.107,4.145,21.496,0.318,-0.387,0.743,4.122,-3.229,0.588,arriba
1780982709.2513456,-0.825,0.095,0.619,15.947,-0.534,15.901,-0.707,0.041,0.632,12.45,-1.626,15.511,-0.308,0.097,0.956,27.985,-0.275,4.931,-0.228,0.085,0.997,39.824,-0.458,10.443,0.33,-0.397,0.744,1.527,-4.74,-1.45,arriba
1780982709.350326,-0.789,0.133,0.595,6.74,1.16,10.069,-0.676,0.08,0.635,0.153,1.282,9.969,-0.27,0.148,0.924,10.947,-2.282,3.847,-0.205,0.147,1.035,16.557,-2.015,3.87,0.349,-0.394,0.739,-2.229,-4.595,-2.656,arriba
1780982709.4536223,-0.793,0.15,0.574,-1.45,4.573,2.435,-0.695,0.095,0.605,-7.725,0.626,2.427,-0.273,0.174,0.876,-3.595,-3.191,1.588,-0.187,0.214,0.928,1.099,2.435,2.901,0.356,-0.388,0.726,-4.634,2.275,0.42,arriba
1780982709.5483217,-0.802,0.125,0.583,-10.786,7.817,-14.618,-0.683,0.083,0.603,-24.519,6.313,-15.878,-0.315,0.151,0.835,-31.947,1.031,-7.069,-0.226,0.186,0.889,-30.771,13.336,-6.504,0.341,-0.401,0.729,-6.061,7.672,1.779,arriba
1780982709.651064,-0.901,0.0,0.691,-21.939,12.573,-36.473,-0.817,-0.098,0.74,-30.847,-3.412,-40.435,-0.388,-0.108,1.114,-71.885,1.496,-29.122,-0.391,-0.132,1.233,-60.618,21.122,-24.008,0.301,-0.419,0.742,-3.634,7.542,0.992,arriba
1780982709.7545092,-0.702,0.021,0.555,-22.076,-3.756,-24.267,-0.552,-0.032,0.579,-46.275,-11.115,-36.008,-0.185,-0.066,0.851,-94.321,-12.321,-27.527,-0.182,-0.108,0.931,-120.221,15.534,-46.191,0.321,-0.426,0.737,-3.611,10.496,2.962,arriba
1780982709.8684733,-0.849,-0.112,0.575,-57.328,20.336,-57.817,-0.698,-0.254,0.635,-89.435,8.42,-51.374,-0.279,-0.313,0.899,-88.473,3.687,-20.031,-0.255,-0.304,0.89,-98.374,18.977,-32.26,0.294,-0.415,0.744,0.046,18.198,2.695,arriba
1780982709.9700947,-0.744,-0.214,0.268,-9.878,-56.618,-14.397,-0.654,-0.357,0.594,-6.908,-25.168,-9.046,-0.234,-0.405,0.876,8.939,-5.641,-1.939,-0.225,-0.432,0.824,21.321,7.183,9.534,0.277,-0.408,0.738,2.13,-6.305,-1.214,arriba
1780982710.0678797,-0.812,-0.232,0.555,0.427,2.725,-0.557,-0.649,-0.351,0.616,-6.969,-0.679,-0.565,-0.264,-0.402,0.899,-1.748,-1.084,-0.321,-0.27,-0.449,0.91,-4.313,6.153,-2.771,0.264,-0.423,0.742,-1.557,2.794,-0.107,arriba
1780982710.1660838,-0.821,-0.228,0.545,-1.076,-0.153,-1.351,-0.653,-0.355,0.616,-6.473,0.595,-0.534,-0.257,-0.405,0.904,0.382,-0.656,-0.115,-0.251,-0.446,0.916,1.435,7.221,-0.298,0.271,-0.42,0.746,-0.221,2.786,-0.015,arriba
1780982710.2692294,-0.824,-0.23,0.547,-0.702,1.809,-0.511,-0.655,-0.357,0.615,-6.115,0.122,-0.588,-0.26,-0.401,0.899,-0.573,-0.878,0.336,-0.254,-0.446,0.915,1.786,6.695,-0.282,0.271,-0.416,0.746,-0.298,2.557,-0.008,arriba
1780982710.3906665,-0.819,-0.227,0.545,-0.71,1.595,-0.954,-0.656,-0.352,0.621,-6.695,0.221,-0.672,-0.261,-0.406,0.903,-0.473,0.084,0.351,-0.253,-0.448,0.917,1.183,6.573,-0.718,0.263,-0.421,0.747,-0.588,2.527,-0.122,arriba
1780982713.1530905,-0.818,-0.231,0.547,-0.947,1.214,-0.756,-0.65,-0.352,0.607,-6.061,1.122,0.443,-0.262,-0.411,0.9,-0.244,-0.023,0.023,-0.256,-0.452,0.917,2.0,6.954,-0.427,0.273,-0.418,0.745,-0.55,2.496,-0.061,arriba
1780982713.2562368,-0.82,-0.228,0.55,-0.916,1.237,-0.786,-0.655,-0.355,0.623,-6.702,0.679,0.092,-0.265,-0.41,0.898,-0.55,0.305,0.221,-0.255,-0.456,0.922,1.809,7.832,0.122,0.27,-0.422,0.75,-0.389,2.29,-0.015,arriba
1780982713.3591022,-0.82,-0.228,0.546,-0.855,1.504,-0.313,-0.658,-0.349,0.62,-6.573,1.069,0.183,-0.263,-0.41,0.896,-0.519,-0.038,-0.046,-0.256,-0.459,0.91,1.458,7.023,-0.359,0.268,-0.421,0.752,-0.626,2.16,-0.038,arriba
1780982713.4624763,-0.822,-0.229,0.551,-0.832,1.588,-0.977,-0.652,-0.354,0.612,-6.305,1.099,0.115,-0.262,-0.412,0.896,-0.031,-0.046,0.359,-0.258,-0.452,0.915,1.473,6.908,-0.015,0.271,-0.422,0.75,-0.443,2.443,-0.076,arriba
1780982713.565326,-0.823,-0.226,0.548,-1.023,0.969,-1.015,-0.654,-0.358,0.611,-6.16,0.756,-0.336,-0.263,-0.411,0.894,-0.824,0.031,0.061,-0.254,-0.451,0.914,1.725,6.954,-0.099,0.273,-0.422,0.758,-0.55,2.42,-0.313,arriba
1780982713.6682327,-0.815,-0.231,0.551,-1.443,1.855,-0.168,-0.653,-0.353,0.616,-6.237,0.863,0.038,-0.261,-0.409,0.897,1.13,1.122,0.824,-0.254,-0.46,0.914,2.29,8.008,0.031,0.274,-0.426,0.749,0.176,3.26,0.145,arriba
1780982713.7717278,-0.923,-0.255,0.617,-2.771,4.588,3.924,-0.774,-0.44,0.822,49.969,19.977,35.748,-0.275,-0.518,1.257,91.229,-0.878,14.847,-0.349,-0.546,1.187,77.664,5.534,19.008,0.261,-0.423,0.745,-1.115,-6.092,-1.321,arriba
1780982713.8874838,-0.773,-0.084,0.511,64.527,-30.542,76.252,-0.568,-0.116,0.514,78.366,-15.458,65.038,-0.163,-0.131,0.87,101.527,-8.901,33.511,-0.187,-0.214,0.973,102.046,-6.198,32.786,0.32,-0.417,0.745,3.794,-9.878,-3.397,arriba
1780982713.9770718,-0.807,0.038,0.558,25.237,-6.122,29.718,-0.684,-0.024,0.635,26.237,4.412,31.069,-0.313,0.015,0.926,58.092,6.198,15.046,-0.255,-0.045,0.992,65.107,-4.947,23.145,0.32,-0.403,0.734,1.473,-7.641,-0.618,arriba
1780982714.0803742,-0.756,0.115,0.561,14.122,-7.328,16.115,-0.655,0.057,0.621,8.008,-3.603,13.023,-0.275,0.102,0.924,24.351,0.718,6.092,-0.196,0.092,0.927,33.664,3.58,14.099,0.329,-0.401,0.743,-0.061,-0.122,-1.038,arriba
1780982714.1834705,-0.798,0.09,0.619,-6.718,5.534,-9.344,-0.69,0.039,0.686,-13.473,4.26,-9.382,-0.302,0.084,0.972,-9.939,4.786,-4.336,-0.261,0.058,1.008,-8.122,12.794,-4.595,0.323,-0.398,0.743,-1.252,4.611,0.969,arriba
1780982714.2869267,-0.738,0.065,0.573,-29.855,11.634,-34.962,-0.589,0.034,0.56,-51.885,1.679,-44.267,-0.271,0.009,0.95,-84.397,-1.191,-21.0,-0.228,-0.053,1.064,-74.748,24.916,-26.802,0.315,-0.42,0.758,-7.336,12.046,4.397,arriba
1780982714.401414,-0.704,-0.013,0.405,-76.969,9.748,-83.153,-0.519,-0.127,0.36,-137.0,-3.458,-93.626,-0.206,-0.215,0.595,-198.374,-1.687,-50.672,-0.208,-0.271,0.72,-199.588,27.504,-66.679,0.298,-0.421,0.755,2.031,37.168,6.176,arriba
1780982714.5027025,-0.848,-0.231,0.42,1.748,33.511,-4.511,-0.603,-0.374,0.631,-1.786,-4.855,2.176,-0.308,-0.446,0.95,11.527,32.214,0.649,-0.836,-0.771,1.947,10.466,8.26,-0.74,0.319,-0.408,0.717,-17.748,15.275,0.046,arriba
1780982714.5953496,-0.828,-0.214,0.553,-2.206,-3.344,-2.16,-0.656,-0.359,0.615,-7.885,-6.084,-2.198,-0.274,-0.416,0.892,-4.244,-4.435,-0.13,-0.254,-0.46,0.911,0.802,5.053,-1.176,0.264,-0.42,0.752,0.824,0.489,-0.573,arriba
1780982714.698467,-0.821,-0.235,0.545,-0.145,4.313,0.206,-0.66,-0.359,0.603,-6.198,2.275,-0.137,-0.266,-0.41,0.896,0.458,0.336,-0.855,-0.249,-0.456,0.921,1.527,4.13,-1.244,0.278,-0.424,0.75,-1.847,1.733,-0.198,arriba
1780982714.8011992,-0.818,-0.228,0.544,-1.008,1.0,-0.87,-0.656,-0.351,0.615,-6.763,0.443,-0.71,-0.267,-0.408,0.898,-0.359,0.435,-0.053,-0.253,-0.458,0.909,1.359,8.229,-0.397,0.266,-0.421,0.747,-0.267,2.534,0.092,arriba
1780982714.907016,-0.818,-0.23,0.546,-0.595,1.145,-0.885,-0.66,-0.35,0.609,-6.534,-0.015,-0.252,-0.268,-0.41,0.894,-0.55,-0.695,0.0,-0.25,-0.455,0.917,1.679,6.863,-1.076,0.272,-0.417,0.745,-0.603,2.206,-0.153,arriba
1780982715.0072749,-0.818,-0.227,0.551,-0.702,0.809,-0.954,-0.656,-0.353,0.606,-6.802,0.435,-0.481,-0.262,-0.407,0.903,-0.824,0.351,0.26,-0.25,-0.455,0.914,1.55,7.092,-0.977,0.277,-0.417,0.749,-0.42,2.321,-0.153,arriba
1780982717.7885582,-0.817,-0.228,0.552,-0.786,1.672,-0.626,-0.656,-0.353,0.613,-6.435,0.412,-0.664,-0.266,-0.409,0.894,-0.344,0.191,-0.237,-0.251,-0.455,0.91,1.45,7.702,0.519,0.271,-0.414,0.75,-0.351,2.962,0.008,arriba
1780982717.8921762,-0.821,-0.226,0.549,-1.153,1.679,-0.672,-0.658,-0.356,0.61,-6.061,0.786,-0.29,-0.264,-0.411,0.896,-0.405,0.221,-0.229,-0.25,-0.461,0.912,1.611,6.977,-0.649,0.268,-0.424,0.744,-0.237,2.397,-0.13,arriba
1780982718.0010583,-0.822,-0.229,0.551,-0.794,1.321,-0.832,-0.655,-0.355,0.613,-6.435,0.679,-0.244,-0.266,-0.409,0.895,-0.084,-0.206,-0.115,-0.249,-0.458,0.907,1.458,7.275,-0.55,0.273,-0.42,0.757,-0.542,2.031,0.008,arriba
1780982718.1017714,-0.821,-0.225,0.547,-1.237,1.031,-1.321,-0.659,-0.35,0.608,-6.313,0.603,-0.351,-0.266,-0.407,0.898,-0.252,-0.458,0.313,-0.254,-0.456,0.906,1.824,7.519,-0.397,0.272,-0.42,0.746,-0.275,2.206,-0.168,arriba
1780982718.2004507,-0.817,-0.228,0.551,-0.618,1.519,-0.26,-0.659,-0.351,0.608,-6.443,0.344,-0.122,-0.265,-0.411,0.894,-0.229,0.107,-0.084,-0.251,-0.461,0.91,1.359,6.573,-0.901,0.27,-0.427,0.742,-0.771,1.794,-0.031,arriba
1780982718.303406,-0.818,-0.23,0.554,-1.321,1.038,-0.679,-0.659,-0.351,0.61,-6.168,0.702,0.321,-0.259,-0.411,0.907,0.748,0.626,0.962,-0.249,-0.465,0.917,2.267,7.969,0.527,0.27,-0.426,0.749,1.046,4.771,0.198,arriba
1780982718.4066515,-0.829,-0.224,0.553,-0.977,1.977,1.084,-0.662,-0.359,0.622,-3.771,1.649,3.405,-0.685,-0.562,1.417,4.931,4.702,18.244,-0.31,-0.455,0.907,3.275,8.076,0.656,0.283,-0.431,0.737,-2.29,2.45,-0.389,arriba
1780982718.5176818,-0.943,-0.204,0.635,95.954,-31.725,84.649,-0.725,-0.269,0.566,118.313,-3.389,79.511,-0.366,-0.292,0.875,152.832,-10.84,45.489,-0.309,-0.368,0.951,141.053,-15.107,43.786,0.296,-0.424,0.739,2.511,-16.901,-6.794,arriba
1780982718.6207247,-0.727,0.024,0.556,45.573,-3.809,45.924,-0.61,-0.032,0.638,46.611,0.206,44.038,-0.282,-0.001,0.877,84.779,10.038,11.649,-0.231,-0.077,0.896,88.748,-2.313,22.45,0.322,-0.404,0.743,5.412,-6.84,-3.802,arriba
1780982718.7153292,-0.772,0.078,0.626,12.168,4.962,13.397,-0.675,0.032,0.691,7.229,12.168,14.13,-0.283,0.078,0.936,32.901,10.878,4.191,-0.239,0.057,0.92,40.908,8.534,11.305,0.329,-0.395,0.732,3.901,-1.519,-2.756,arriba
1780982718.8188813,-0.771,0.105,0.617,6.076,0.924,8.366,-0.656,0.077,0.663,0.817,2.695,7.237,-0.267,0.125,0.932,9.718,0.168,1.374,-0.218,0.078,0.991,11.282,5.649,0.985,0.341,-0.4,0.724,-1.336,-2.443,-2.611,arriba
1780982718.9322164,-0.781,0.122,0.604,-2.924,3.389,-3.939,-0.684,0.062,0.669,-11.87,5.008,-4.244,-0.276,0.112,0.97,-8.191,3.443,-1.588,-0.227,0.072,1.005,-4.359,10.061,-2.336,0.351,-0.405,0.733,-2.542,3.618,0.076,arriba
1780982719.0250957,-0.731,0.108,0.571,-22.16,8.275,-26.45,-0.645,0.035,0.653,-37.802,2.321,-30.649,-0.254,0.04,0.971,-52.145,4.458,-13.939,-0.231,0.016,1.034,-45.214,19.618,-16.992,0.332,-0.419,0.739,-4.756,11.634,4.786,arriba
1780982719.1329517,-0.779,-0.007,0.591,-58.153,4.74,-60.847,-0.62,-0.11,0.623,-81.153,-3.802,-62.13,-0.225,-0.199,1.07,-118.992,0.924,-33.672,-0.232,-0.241,1.084,-125.046,22.427,-44.924,0.333,-0.433,0.748,0.435,19.84,3.931,arriba
1780982719.2310047,-0.923,-0.141,0.594,-20.397,10.344,-25.679,-0.733,-0.244,0.598,-40.893,1.038,-22.656,-0.315,-0.243,0.879,-48.771,-4.603,-10.29,-0.252,-0.263,0.872,-46.191,7.481,-15.519,0.306,-0.417,0.74,-2.321,4.458,-0.305,arriba
1780982719.3334699,-0.847,-0.183,0.554,-19.481,10.237,-23.405,-0.676,-0.282,0.56,-42.282,3.305,-25.405,-0.298,-0.302,0.817,-46.618,3.725,-10.656,-0.27,-0.344,0.85,-44.847,11.832,-14.832,0.291,-0.412,0.746,-0.672,7.511,0.679,arriba
1780982719.4361799,-0.837,-0.23,0.565,-0.16,-4.405,-3.802,-0.67,-0.343,0.56,-7.748,4.466,-1.344,-0.243,-0.438,1.023,2.779,-3.947,-0.725,-0.174,-0.416,0.846,1.878,9.229,-2.473,0.288,-0.416,0.73,-0.573,7.084,0.557,arriba
1780982719.5517712,-0.826,-0.221,0.544,-0.221,2.107,-0.664,-0.657,-0.345,0.612,-6.359,-0.099,-1.244,-0.268,-0.405,0.897,-1.382,-2.786,0.015,-0.252,-0.458,0.918,1.511,5.916,-1.244,0.286,-0.418,0.738,-0.511,1.992,-0.183,arriba
1780982719.6509156,-0.821,-0.224,0.554,-0.588,1.847,-0.504,-0.658,-0.348,0.607,-6.29,0.504,-1.046,-0.27,-0.405,0.894,-0.771,-0.069,-0.397,-0.248,-0.456,0.911,1.183,5.771,-1.122,0.281,-0.424,0.736,-0.977,2.374,-0.153,arriba
1780982722.434357,-0.821,-0.221,0.548,-0.832,1.214,-0.031,-0.656,-0.352,0.614,-6.267,0.733,-0.733,-0.269,-0.411,0.894,-0.305,-0.191,0.031,-0.248,-0.46,0.919,1.427,6.718,-0.756,0.273,-0.426,0.747,-0.519,2.359,-0.046,arriba
1780982722.5267484,-0.822,-0.224,0.546,-0.885,1.412,-1.382,-0.663,-0.352,0.617,-6.55,0.427,-1.061,-0.266,-0.408,0.902,-0.641,0.45,-0.122,-0.248,-0.458,0.916,1.611,6.779,-0.328,0.276,-0.428,0.742,-0.496,2.298,-0.115,arriba
1780982722.6301227,-0.825,-0.223,0.554,-0.305,3.107,0.206,-0.72,-0.344,0.559,-6.992,2.191,0.145,-0.27,-0.406,0.906,2.229,3.023,1.366,-0.245,-0.464,0.921,2.779,9.901,1.313,0.279,-0.422,0.74,0.344,3.489,0.023,arriba
1780982722.7329972,-0.93,-0.353,0.729,-7.244,11.26,2.733,-0.731,-0.336,0.564,14.733,31.855,19.458,-0.33,-0.405,0.968,49.985,2.267,11.84,-0.32,-0.47,0.987,39.031,9.885,13.511,0.265,-0.418,0.734,1.809,0.534,-1.466,arriba
1780982722.835992,-0.886,-0.214,0.608,52.45,-9.046,52.115,-0.772,-0.3,0.698,74.176,-0.924,52.809,-0.328,-0.295,0.99,113.908,-4.29,28.809,-0.271,-0.314,0.927,112.328,-2.725,35.168,0.29,-0.427,0.746,2.198,-12.809,-3.389,arriba
1780982722.9485662,-0.79,-0.043,0.572,54.046,-10.313,57.779,-0.671,-0.075,0.618,60.817,-5.168,54.176,-0.276,-0.075,0.967,90.473,3.435,18.389,-0.261,-0.102,0.983,101.26,-9.176,30.725,0.257,-0.359,0.867,-1.061,-11.382,-5.863,arriba
1780982723.051317,-0.754,0.112,0.557,32.359,-13.061,38.008,-0.603,0.082,0.584,30.901,-9.641,32.855,-0.229,0.133,0.861,42.351,-9.0,10.901,-0.198,0.074,1.01,41.267,-9.29,9.702,0.359,-0.401,0.731,2.405,-6.542,-0.626,arriba
1780982723.156946,-0.749,0.13,0.607,-7.626,-0.168,-7.847,-0.653,0.094,0.656,-14.626,1.908,-8.908,-0.26,0.12,0.954,-12.832,2.87,-4.885,-0.233,0.053,1.068,-9.511,12.603,-4.313,0.336,-0.4,0.745,-2.527,6.748,1.931,arriba
1780982723.2481754,-0.735,0.123,0.547,-18.427,5.641,-19.725,-0.623,0.077,0.615,-35.595,2.832,-23.878,-0.244,0.099,0.87,-50.466,-1.534,-10.466,-0.175,0.083,0.906,-47.947,14.786,-15.595,0.343,-0.411,0.743,-6.779,9.588,4.237,arriba
1780982723.3522592,-0.83,0.013,0.618,-44.099,19.626,-46.328,-0.726,-0.096,0.737,-50.359,13.611,-36.969,-0.311,-0.099,1.041,-48.603,1.985,-19.153,-0.263,-0.158,0.987,-86.427,20.87,-39.466,0.309,-0.414,0.736,-1.473,11.061,2.603,arriba
1780982723.4584475,-0.806,-0.074,0.555,-37.344,14.847,-41.992,-0.661,-0.14,0.586,-64.298,6.405,-43.611,-0.246,-0.163,0.869,-93.359,6.71,-23.855,-0.231,-0.258,0.919,-73.053,16.611,-24.145,0.303,-0.422,0.734,-0.664,15.359,2.282,arriba
1780982723.5569131,-0.842,-0.167,0.511,-40.183,12.733,-43.832,-0.704,-0.279,0.601,-70.344,4.305,-41.947,-0.302,-0.317,0.884,-83.237,5.191,-16.977,-0.279,-0.395,0.907,-67.344,14.252,-20.924,0.278,-0.412,0.745,-1.634,12.076,1.626,arriba
1780982723.6597276,-0.859,-0.224,0.523,-0.557,-0.405,-3.252,-0.615,-0.336,0.544,-19.87,1.74,-2.672,-0.273,-0.342,0.791,-14.626,-9.099,0.176,-0.219,-0.416,0.837,-11.794,3.779,-5.023,0.273,-0.418,0.749,-1.718,3.427,-0.542,arriba
1780982723.7630773,-0.838,-0.231,0.535,2.13,3.282,0.84,-0.653,-0.359,0.63,-6.718,1.496,0.076,-0.268,-0.411,0.901,-2.847,-2.084,-0.794,-0.252,-0.464,0.9,-0.962,1.053,-1.267,0.273,-0.421,0.747,-0.611,3.221,-0.191,arriba
1780982723.8665712,-0.824,-0.231,0.537,-0.947,1.496,-0.702,-0.659,-0.359,0.609,-6.168,1.107,0.664,-0.268,-0.416,0.894,-0.046,-0.015,-0.038,-0.253,-0.463,0.911,1.824,6.382,-1.191,0.268,-0.418,0.747,-0.725,2.649,-0.092,arriba
1780982723.968651,-0.826,-0.229,0.533,-0.916,1.374,-0.702,-0.661,-0.358,0.601,-6.153,0.473,0.0,-0.271,-0.414,0.896,-0.443,-0.237,-0.58,-0.252,-0.468,0.91,1.794,6.748,-0.748,0.266,-0.423,0.751,-0.42,2.275,-0.076,arriba
1780982724.0843747,-0.826,-0.229,0.531,-0.733,1.252,-0.924,-0.66,-0.357,0.603,-6.435,0.611,0.176,-0.273,-0.415,0.899,-0.26,-0.847,-0.26,-0.249,-0.464,0.914,1.71,6.649,-0.641,0.274,-0.418,0.743,-0.557,2.435,-0.053,arriba
1780982724.18074,-0.827,-0.226,0.531,-0.427,1.275,-0.237,-0.661,-0.36,0.605,-6.122,0.626,-0.137,-0.269,-0.413,0.891,-0.626,-0.427,-0.038,-0.25,-0.462,0.911,1.977,7.061,-1.153,0.267,-0.42,0.75,-0.672,2.275,0.008,arriba
1780982724.2777507,-0.827,-0.229,0.529,-0.748,1.405,-0.87,-0.662,-0.357,0.603,-6.557,0.641,-0.031,-0.272,-0.416,0.895,-0.771,0.466,0.092,-0.252,-0.461,0.912,1.756,6.748,-0.977,0.275,-0.42,0.748,-0.618,2.412,0.053,arriba
1780982726.9681654,-0.825,-0.229,0.535,-0.58,1.412,-0.382,-0.665,-0.358,0.604,-5.878,0.771,-0.145,-0.261,-0.421,0.899,-0.282,-0.382,-0.115,-0.243,-0.469,0.907,1.84,6.939,-0.924,0.268,-0.425,0.746,-0.435,2.779,-0.107,arriba
1780982727.065389,-0.825,-0.225,0.548,-0.542,2.145,-1.023,-0.658,-0.356,0.61,-6.069,0.74,-0.183,-0.263,-0.42,0.895,-0.359,-0.321,-0.145,-0.248,-0.466,0.911,1.435,7.0,-1.176,0.27,-0.419,0.749,-0.511,1.878,-0.084,arriba
1780982727.1679435,-0.822,-0.234,0.542,-0.985,1.214,-1.26,-0.66,-0.358,0.602,-6.618,0.603,0.084,-0.259,-0.42,0.901,-0.405,0.611,-0.137,-0.24,-0.468,0.913,1.725,7.656,-0.649,0.27,-0.42,0.748,-0.71,2.099,0.015,arriba
1780982727.2653298,-0.828,-0.232,0.542,-0.977,1.168,0.031,-0.661,-0.359,0.604,-6.466,0.878,0.298,-0.265,-0.416,0.891,-0.168,0.176,0.076,-0.247,-0.466,0.906,1.542,6.771,-1.13,0.272,-0.423,0.744,-0.656,1.763,0.038,arriba
1780982727.3685946,-0.826,-0.228,0.54,-1.031,1.008,-1.099,-0.658,-0.363,0.603,-6.267,0.489,0.008,-0.264,-0.418,0.895,-0.229,-0.595,0.924,-0.244,-0.464,0.91,1.893,7.198,-0.641,0.267,-0.419,0.748,-0.214,2.847,0.084,arriba
1780982727.482021,-0.825,-0.231,0.537,-1.145,1.908,-1.252,-0.656,-0.358,0.603,-6.458,0.664,-0.107,-0.264,-0.416,0.891,-0.313,-0.099,0.695,-0.246,-0.47,0.91,1.771,7.183,-0.771,0.268,-0.431,0.751,-0.496,2.061,-0.038,arriba
1780982727.5851893,-0.813,-0.214,0.546,-1.267,4.107,2.679,-0.88,-0.54,1.054,36.061,5.153,23.298,-0.256,-0.513,1.439,107.023,5.725,20.695,-0.161,-0.594,1.292,87.947,-2.45,29.969,0.284,-0.455,0.757,5.634,0.031,-2.168,arriba
1780982727.677143,-0.745,-0.068,0.478,73.794,-38.351,92.099,-0.536,-0.106,0.468,95.382,-18.046,82.817,-0.156,-0.101,0.769,127.626,-10.809,43.168,-0.151,-0.206,0.91,130.595,-16.137,43.107,0.335,-0.423,0.749,6.168,-18.229,-7.183,arriba
1780982727.7804015,-0.741,0.081,0.555,17.847,0.16,20.336,-0.669,0.013,0.666,23.656,1.13,23.046,-0.27,0.052,0.919,44.832,7.031,6.626,-0.24,-0.065,1.065,55.832,7.588,16.351,0.323,-0.408,0.741,1.16,0.534,-1.008,arriba
1780982727.8826272,-0.802,0.115,0.602,12.244,-4.145,15.748,-0.667,0.074,0.656,10.13,-1.092,15.191,-0.27,0.113,0.962,25.153,-0.489,5.466,-0.203,0.063,0.985,33.252,4.107,7.656,0.345,-0.409,0.726,0.427,-3.435,-3.595,arriba
1780982727.9873748,-0.776,0.154,0.585,9.565,0.122,9.519,-0.66,0.109,0.597,0.206,1.115,7.29,-0.279,0.174,0.865,7.679,-1.466,3.176,-0.198,0.122,0.928,7.504,4.977,3.221,0.35,-0.381,0.708,-1.26,-1.718,-1.87,arriba
1780982728.0986066,-0.797,0.133,0.625,-7.427,4.954,-9.748,-0.706,0.087,0.677,-12.771,7.969,-8.87,-0.3,0.127,0.976,-8.634,5.725,-3.0,-0.247,0.087,0.982,-4.16,13.679,-1.214,0.334,-0.392,0.723,-2.359,4.267,-1.153,arriba
1780982728.1922867,-0.71,0.1,0.599,-34.13,9.641,-42.053,-0.6,0.052,0.652,-53.221,0.992,-50.214,-0.259,0.03,0.953,-81.84,1.115,-22.794,-0.231,-0.061,1.072,-80.214,34.282,-28.252,0.321,-0.431,0.745,-2.794,17.641,6.855,arriba
1780982728.2950764,-0.848,-0.009,0.599,-35.214,4.695,-35.611,-0.678,-0.1,0.646,-53.71,-5.824,-36.641,-0.28,-0.149,1.027,-82.557,-6.443,-19.756,-0.243,-0.189,1.038,-92.817,12.74,-31.756,0.323,-0.427,0.734,-3.374,9.305,1.534,arriba
1780982728.4020257,-0.836,-0.075,0.56,-36.069,12.481,-38.603,-0.673,-0.192,0.595,-63.275,0.244,-39.481,-0.258,-0.22,0.844,-86.145,-3.275,-20.519,-0.231,-0.248,0.856,-88.916,11.115,-27.84,0.308,-0.428,0.737,-1.58,12.328,1.756,arriba
1780982728.500983,-0.867,-0.186,0.56,-25.611,14.092,-27.802,-0.713,-0.312,0.598,-47.634,9.198,-22.115,-0.306,-0.354,0.872,-40.26,4.427,-4.992,-0.272,-0.39,0.883,-36.099,9.534,-11.489,0.271,-0.41,0.742,-1.183,2.87,-0.802,arriba
1780982728.607343,-0.863,-0.245,0.57,-1.931,-4.565,-3.458,-0.642,-0.365,0.656,-6.092,-1.901,-2.58,-0.251,-0.4,0.897,-2.779,-10.748,-2.168,-0.249,-0.439,0.894,-1.618,2.702,-0.802,0.3,-0.427,0.738,-0.733,1.214,-0.58,arriba
1780982728.721099,-0.818,-0.225,0.542,-1.069,0.504,-1.397,-0.655,-0.35,0.615,-6.305,0.557,-0.458,-0.264,-0.4,0.896,-0.985,-0.16,-0.29,-0.253,-0.456,0.913,1.084,6.16,-0.786,0.29,-0.428,0.737,-1.046,2.053,-0.076,arriba
1780982728.8212295,-0.823,-0.228,0.547,-0.939,1.336,-1.542,-0.655,-0.351,0.615,-6.168,0.527,-0.328,-0.267,-0.405,0.894,-0.412,-0.489,-0.382,-0.253,-0.458,0.905,1.389,6.977,-0.366,0.286,-0.425,0.747,-0.779,2.092,0.038,arriba
1780982728.9129162,-0.822,-0.226,0.547,-0.817,1.252,-1.496,-0.658,-0.348,0.62,-6.107,0.519,0.214,-0.269,-0.409,0.9,-0.397,0.015,0.076,-0.251,-0.457,0.919,1.397,7.405,-0.115,0.287,-0.43,0.746,-0.557,2.427,-0.206,arriba
1780982731.6001668,-0.822,-0.221,0.551,-1.115,1.366,-1.13,-0.655,-0.354,0.612,-6.45,0.802,-0.45,-0.264,-0.407,0.894,-0.435,0.038,0.115,-0.251,-0.459,0.908,1.611,7.252,-0.076,0.282,-0.431,0.741,-0.389,2.695,-0.015,arriba
1780982731.700142,-0.829,-0.227,0.557,-0.832,1.122,-0.573,-0.659,-0.344,0.608,-6.359,0.634,-0.237,-0.265,-0.408,0.9,-0.176,0.198,-0.015,-0.251,-0.458,0.915,1.481,6.832,-0.359,0.28,-0.427,0.732,-0.542,2.328,0.069,arriba
1780982731.8018057,-0.823,-0.222,0.551,-1.031,1.603,-0.863,-0.663,-0.35,0.614,-6.328,0.542,-1.191,-0.267,-0.408,0.895,-0.58,0.489,-0.244,-0.25,-0.459,0.915,1.443,6.969,-0.191,0.285,-0.435,0.74,-0.527,2.504,-0.145,arriba
1780982731.900205,-0.817,-0.223,0.545,-0.664,1.206,-1.702,-0.66,-0.355,0.622,-6.16,0.748,-0.847,-0.26,-0.4,0.893,-0.534,0.359,-0.076,-0.251,-0.461,0.907,1.527,7.092,-0.13,0.283,-0.433,0.731,-0.55,2.275,-0.214,arriba
1780982732.0094512,-0.825,-0.227,0.55,-0.977,1.466,-0.74,-0.652,-0.349,0.606,-6.595,0.748,0.328,-0.264,-0.409,0.885,0.099,0.374,0.649,-0.253,-0.46,0.918,1.832,6.618,-0.267,0.28,-0.426,0.75,-0.099,3.489,-0.313,arriba
1780982732.118104,-0.797,-0.219,0.532,-1.763,2.725,2.908,-0.667,-0.351,0.674,-3.153,3.947,3.985,-0.202,-0.519,1.302,50.405,0.427,21.115,-0.272,-0.579,1.161,53.122,4.924,27.901,0.319,-0.458,0.729,-1.573,-1.679,0.45,arriba
1780982732.2167778,-0.802,-0.128,0.499,73.107,-19.802,81.374,-0.681,-0.225,0.56,95.992,-16.626,75.511,-0.226,-0.224,0.893,130.679,-16.626,41.244,-0.199,-0.302,0.987,130.366,-17.588,43.718,0.32,-0.426,0.745,2.473,-16.557,-6.046,arriba
1780982732.3125215,-0.766,0.056,0.551,41.656,-9.702,48.435,-0.631,0.002,0.603,47.183,-1.702,47.489,-0.252,0.039,0.876,77.008,4.802,19.847,-0.213,-0.042,0.953,89.282,-4.008,28.656,0.34,-0.405,0.731,8.282,-11.809,1.527,arriba
1780982732.4155502,-0.8,0.131,0.597,18.809,-4.13,25.397,-0.694,0.053,0.685,20.359,0.191,26.679,-0.269,0.105,1.011,45.511,1.725,12.634,-0.222,0.097,1.016,61.695,-5.466,17.794,0.356,-0.397,0.745,12.847,-14.885,-7.573,arriba
1780982732.5329065,-0.744,0.17,0.612,7.13,-6.473,16.092,-0.614,0.134,0.664,4.282,-5.733,13.534,-0.203,0.195,0.955,14.443,-2.275,4.832,-0.146,0.188,0.975,16.115,3.55,3.053,0.398,-0.371,0.714,3.885,-5.267,-3.603,arriba
1780982732.621444,-0.734,0.173,0.611,-10.687,4.947,-17.061,-0.658,0.121,0.679,-20.237,5.725,-17.985,-0.268,0.159,0.97,-24.618,6.168,-10.641,-0.215,0.121,1.045,-18.542,16.832,-8.214,0.384,-0.381,0.731,-9.321,12.603,1.931,arriba
1780982732.7365022,-0.723,0.152,0.565,-24.313,7.061,-30.031,-0.617,0.089,0.607,-43.939,0.244,-35.412,-0.231,0.117,0.853,-69.695,-1.412,-15.71,-0.152,0.089,0.97,-74.863,26.107,-23.084,0.36,-0.397,0.707,-20.893,17.099,6.397,arriba
1780982732.8269691,-0.985,-0.019,0.76,-16.038,10.443,-29.527,-0.884,-0.124,0.777,-20.13,12.053,-22.16,-0.419,-0.088,1.066,-13.573,8.71,-9.046,-0.349,-0.078,0.987,-16.817,13.672,-10.038,0.321,-0.417,0.723,0.489,2.336,-1.0,arriba
1780982732.9316244,-0.67,0.003,0.56,-35.786,6.916,-43.924,-0.594,-0.11,0.685,-60.267,5.756,-47.878,-0.229,-0.133,0.996,-72.115,9.275,-24.16,-0.26,-0.238,1.125,-73.0,29.55,-28.313,0.329,-0.427,0.719,1.298,21.588,5.534,arriba
1780982733.034425,-0.834,-0.099,0.572,-33.702,2.023,-34.695,-0.662,-0.216,0.621,-58.344,-8.672,-35.321,-0.286,-0.323,1.098,-71.29,-4.137,-16.244,-0.266,-0.375,1.135,-64.481,7.901,-17.237,0.313,-0.422,0.735,-0.931,13.42,2.511,arriba
1780982733.1437771,-0.8,-0.142,0.506,-20.252,5.71,-18.977,-0.643,-0.25,0.5,-42.947,-0.397,-19.817,-0.273,-0.291,0.805,-50.916,-1.954,-7.122,-0.237,-0.326,0.839,-47.588,7.962,-13.595,0.299,-0.422,0.744,-0.794,8.328,0.282,arriba
1780982733.2558076,-0.98,-0.27,0.678,-5.473,-7.763,-1.496,-0.624,-0.36,0.627,-8.985,0.389,-5.145,-0.194,-0.443,0.941,3.74,-1.84,-2.687,-0.218,-0.418,0.803,5.389,0.351,2.542,0.301,-0.418,0.73,1.794,2.58,-0.115,arriba
1780982733.3426206,-0.817,-0.224,0.544,-0.901,3.191,-1.481,-0.657,-0.354,0.615,-6.412,0.412,-1.252,-0.266,-0.404,0.895,-1.786,-0.947,-0.405,-0.251,-0.459,0.915,0.893,4.122,-0.718,0.294,-0.424,0.737,-0.366,2.725,0.046,arriba
1780982733.4582856,-0.821,-0.229,0.557,-2.275,1.313,-0.519,-0.654,-0.353,0.61,-6.321,0.321,-1.198,-0.264,-0.41,0.886,0.107,0.206,0.954,-0.255,-0.458,0.913,1.718,7.26,-1.015,0.283,-0.418,0.742,-0.557,2.817,-0.16,arriba
1780982733.5487285,-0.825,-0.228,0.542,-0.985,0.809,-0.519,-0.657,-0.354,0.609,-6.435,0.29,-1.198,-0.264,-0.409,0.901,-0.588,-0.252,0.542,-0.249,-0.46,0.912,1.618,6.481,-0.481,0.289,-0.428,0.742,-0.336,2.679,-0.069,arriba
1780982736.3298051,-0.821,-0.224,0.545,-0.817,1.672,-1.099,-0.657,-0.355,0.613,-6.58,0.351,-0.511,-0.265,-0.41,0.896,-0.153,-0.206,-0.023,-0.252,-0.459,0.91,1.618,6.977,-0.282,0.292,-0.419,0.749,-0.313,2.534,0.008,arriba
1780982736.4330313,-0.819,-0.228,0.554,-0.718,1.389,-0.855,-0.66,-0.353,0.611,-6.641,0.511,-0.504,-0.264,-0.407,0.902,-0.29,0.351,0.344,-0.249,-0.458,0.91,1.626,6.702,-0.374,0.283,-0.427,0.742,-0.359,2.573,-0.031,arriba
1780982736.5358512,-0.823,-0.224,0.549,-1.023,1.221,-0.664,-0.655,-0.354,0.613,-6.389,0.718,-0.427,-0.263,-0.412,0.897,-0.305,0.076,0.313,-0.25,-0.463,0.916,1.504,6.679,-0.519,0.285,-0.422,0.733,-0.565,2.458,-0.084,arriba
1780982736.640374,-0.822,-0.231,0.551,-1.267,1.939,-0.214,-0.653,-0.359,0.616,-7.008,2.16,0.198,-0.263,-0.418,0.91,0.611,3.504,1.527,-0.261,-0.469,0.891,-2.565,20.313,7.084,0.271,-0.422,0.745,1.282,4.305,-0.42,arriba
1780982736.7481525,-1.023,-0.376,0.886,24.519,-13.916,39.221,-0.866,-0.479,0.96,78.878,6.397,55.695,-0.313,-0.398,1.026,135.817,-9.84,37.847,-0.276,-0.436,1.017,137.26,-11.466,44.954,0.287,-0.423,0.735,1.405,-21.863,-5.626,arriba
1780982736.8447456,-0.722,-0.019,0.486,58.099,-26.328,77.313,-0.57,-0.061,0.562,72.45,-12.099,73.038,-0.209,-0.016,0.826,102.183,-3.038,28.947,-0.173,-0.044,0.852,110.817,-19.099,38.443,0.345,-0.407,0.746,13.115,-12.038,-0.16,arriba
1780982736.9475799,-0.819,0.125,0.585,41.168,-5.947,43.176,-0.696,0.055,0.653,36.328,0.504,40.107,-0.288,0.154,0.894,60.847,1.534,15.504,-0.222,0.131,0.945,75.947,-11.672,23.603,0.355,-0.367,0.708,18.443,-14.969,-0.847,arriba
1780982737.0514843,-0.786,0.224,0.536,15.924,-1.038,34.664,-0.639,0.202,0.488,-0.443,-5.466,30.84,-0.262,0.257,0.761,18.847,-7.244,24.641,-0.153,0.273,0.828,17.115,-9.214,22.031,0.407,-0.316,0.671,5.031,-21.198,2.542,arriba
1780982737.164613,-0.751,0.168,0.667,-3.282,14.954,-17.733,-0.706,0.136,0.685,-15.527,15.076,-18.985,-0.337,0.189,0.927,-14.397,12.748,-12.0,-0.264,0.187,0.964,-10.221,19.237,-8.718,0.359,-0.325,0.699,-11.641,12.214,-5.359,arriba
1780982737.2607229,-0.683,0.173,0.58,-24.489,8.008,-28.771,-0.592,0.119,0.638,-37.534,8.504,-32.672,-0.22,0.15,0.924,-51.542,7.565,-15.985,-0.185,0.13,0.997,-42.947,24.939,-15.893,0.373,-0.387,0.724,-19.107,24.443,1.443,arriba
1780982737.3604832,-0.862,0.017,0.676,-46.748,12.176,-55.603,-0.794,-0.084,0.751,-62.611,12.198,-54.176,-0.329,-0.086,1.071,-77.45,7.748,-23.053,-0.32,-0.084,1.116,-67.573,20.672,-26.954,0.34,-0.428,0.745,-0.687,18.412,3.496,arriba
1780982737.4629002,-0.826,-0.094,0.667,-40.626,8.626,-43.962,-0.661,-0.202,0.722,-59.695,-9.412,-44.29,-0.255,-0.254,1.082,-77.122,-5.069,-30.595,-0.265,-0.261,1.109,-97.168,20.939,-42.031,0.337,-0.422,0.74,0.847,18.679,3.481,arriba
1780982737.5664055,-0.853,-0.154,0.588,-40.55,9.771,-39.13,-0.695,-0.298,0.701,-54.588,-0.031,-35.794,-0.275,-0.37,1.062,-67.008,2.29,-19.145,-0.25,-0.392,1.041,-71.565,18.183,-27.26,0.309,-0.422,0.735,-0.573,14.794,3.29,arriba
1780982737.680586,-0.812,-0.192,0.519,-25.626,4.679,-27.962,-0.63,-0.329,0.57,-54.305,-0.992,-26.863,-0.262,-0.385,0.832,-55.924,-0.42,-9.26,-0.237,-0.439,0.906,-52.344,10.771,-17.687,0.294,-0.437,0.754,-0.466,11.389,1.519,arriba
1780982737.7714865,-0.796,-0.232,0.543,-0.954,2.427,-0.542,-0.679,-0.359,0.591,-6.847,-3.176,-0.328,-0.265,-0.417,0.895,-2.282,-1.397,-0.183,-0.243,-0.476,0.919,1.771,6.053,-1.267,0.281,-0.421,0.738,0.901,0.611,-0.26,arriba
1780982737.8746924,-0.823,-0.24,0.534,-0.626,2.038,-0.122,-0.662,-0.364,0.595,-6.687,0.695,0.053,-0.266,-0.416,0.895,-0.702,0.168,0.481,-0.243,-0.468,0.906,1.443,5.687,-0.718,0.293,-0.424,0.739,-0.992,2.664,0.0,arriba
1780982737.9777453,-0.825,-0.233,0.539,-0.718,1.168,-0.458,-0.662,-0.362,0.602,-6.695,0.267,-0.038,-0.26,-0.421,0.89,-0.298,0.092,0.733,-0.246,-0.467,0.913,1.656,7.427,-0.763,0.288,-0.416,0.743,-0.565,2.962,0.061,arriba
1780982738.086965,-0.822,-0.236,0.537,-0.74,1.939,-0.786,-0.662,-0.36,0.596,-6.481,0.565,-0.214,-0.267,-0.416,0.895,-0.366,-0.55,0.145,-0.246,-0.467,0.908,1.313,7.084,-0.557,0.287,-0.423,0.743,-0.618,2.076,-0.076,arriba
1780982738.1861315,-0.818,-0.237,0.54,-0.962,1.145,-0.84,-0.659,-0.36,0.603,-6.58,0.45,-0.176,-0.264,-0.419,0.894,-0.359,0.252,0.26,-0.248,-0.465,0.905,1.511,7.16,-0.656,0.288,-0.421,0.743,-0.504,2.656,-0.061,arriba
1780982740.9747787,-0.824,-0.23,0.548,-0.466,1.183,0.122,-0.664,-0.358,0.604,-6.695,0.618,-0.557,-0.261,-0.426,0.894,-0.107,-0.573,0.176,-0.244,-0.472,0.905,1.603,7.122,-0.359,0.281,-0.427,0.751,-0.542,2.496,0.015,arriba
1780982741.0685928,-0.825,-0.233,0.538,-1.115,1.84,-1.107,-0.659,-0.361,0.596,-6.588,0.336,-0.496,-0.268,-0.426,0.891,-0.214,-0.176,0.13,-0.246,-0.47,0.908,1.885,7.214,-0.191,0.287,-0.425,0.744,-0.313,2.198,0.031,arriba
1780982741.1830564,-0.825,-0.228,0.534,-0.466,1.679,-0.939,-0.663,-0.36,0.604,-6.397,0.511,-0.374,-0.262,-0.423,0.888,-0.305,0.382,-0.344,-0.242,-0.465,0.907,1.374,6.885,-0.664,0.281,-0.417,0.738,-0.374,2.084,0.214,arriba
1780982741.2823987,-0.825,-0.236,0.54,-1.595,1.366,-0.817,-0.662,-0.362,0.603,-6.557,0.382,-0.336,-0.262,-0.415,0.887,-0.221,-0.031,-0.351,-0.243,-0.469,0.91,1.794,7.046,-0.511,0.286,-0.431,0.743,-0.427,2.252,-0.153,arriba
1780982741.3820648,-0.829,-0.235,0.537,-0.763,2.504,1.496,-0.669,-0.359,0.579,-6.588,2.336,1.092,-0.274,-0.42,0.903,4.794,3.863,3.412,-0.25,-0.475,0.919,3.366,11.115,2.893,0.284,-0.406,0.744,0.672,4.916,0.641,arriba
1780982741.4800308,-1.023,-0.306,0.765,75.626,-12.641,69.641,-0.932,-0.488,0.91,144.855,-10.214,79.977,-0.38,-0.461,1.274,184.389,-21.176,51.0,-0.315,-0.475,1.156,192.985,-10.939,63.374,0.292,-0.425,0.746,3.931,-25.664,-5.511,arriba
1780982741.5829906,-0.668,0.043,0.582,49.351,-19.443,67.908,-0.465,0.074,0.592,58.847,-4.794,62.641,-0.111,0.111,0.807,84.16,-0.389,20.603,-0.089,0.042,0.932,95.168,-12.053,23.473,0.352,-0.389,0.729,1.962,-4.115,0.237,arriba
1780982741.6911974,-0.835,0.151,0.593,21.802,-2.809,24.817,-0.719,0.098,0.597,17.29,1.901,24.756,-0.302,0.152,0.945,37.023,-2.466,10.763,-0.179,0.156,0.959,45.076,-5.679,11.237,0.373,-0.38,0.73,6.107,-17.496,-7.855,arriba
1780982741.799018,-0.77,0.189,0.6,9.267,11.069,11.817,-0.639,0.151,0.575,-1.229,8.244,7.947,-0.266,0.218,0.853,9.198,-1.275,1.595,-0.175,0.24,0.895,7.756,1.809,-1.679,0.337,-0.337,0.68,-7.42,-2.527,-20.664,arriba
1780982741.8917897,-0.767,0.167,0.628,-18.252,8.893,-26.382,-0.68,0.104,0.669,-29.954,5.962,-29.305,-0.276,0.152,0.948,-41.534,6.443,-17.611,-0.224,0.158,0.975,-38.412,18.214,-18.87,0.371,-0.384,0.714,-15.84,14.908,-2.504,arriba
1780982741.9950747,-0.675,0.11,0.511,-48.359,5.153,-56.374,-0.583,0.03,0.586,-77.0,-0.954,-62.405,-0.211,-0.012,0.956,-112.45,-2.466,-28.267,-0.144,0.004,0.949,-123.817,27.573,-45.664,0.406,-0.465,0.775,-8.061,32.275,11.153,arriba
1780982742.0987976,-0.961,-0.107,0.632,-54.267,21.489,-57.809,-0.86,-0.264,0.797,-64.069,11.611,-44.527,-0.393,-0.234,1.115,-43.244,4.168,-14.55,-0.374,-0.335,1.206,-60.053,19.725,-23.527,0.312,-0.433,0.733,-0.061,8.275,1.29,arriba
1780982742.2015688,-0.747,-0.104,0.508,-24.198,0.649,-25.855,-0.576,-0.187,0.493,-51.962,-10.061,-32.725,-0.211,-0.194,0.736,-91.397,-3.573,-24.275,-0.201,-0.271,0.819,-88.84,11.939,-29.336,0.331,-0.425,0.735,-1.344,15.832,2.55,arriba
1780982742.3152962,-0.713,-0.375,0.313,11.282,11.626,22.588,-0.816,-0.382,0.534,-10.649,-13.687,-4.954,-0.316,-0.465,0.511,31.74,30.771,0.008,-0.26,-0.339,0.564,37.985,31.137,10.779,0.29,-0.436,0.74,11.885,-8.794,-1.771,arriba
1780982742.413381,-0.829,-0.238,0.531,0.45,3.305,-1.45,-0.67,-0.367,0.583,-6.267,2.29,-0.214,-0.27,-0.417,0.887,-1.145,-3.023,-0.275,-0.243,-0.469,0.911,0.733,3.802,-0.802,0.303,-0.43,0.743,-2.954,4.603,0.061,arriba
1780982742.5173604,-0.825,-0.236,0.533,-1.053,1.038,-1.237,-0.667,-0.364,0.598,-6.061,0.969,-0.298,-0.268,-0.421,0.896,-0.015,-0.13,0.191,-0.247,-0.472,0.911,1.962,7.634,-0.351,0.296,-0.433,0.735,0.176,2.45,0.023,arriba
1780982742.613396,-0.83,-0.24,0.531,-0.969,1.947,-0.84,-0.667,-0.364,0.597,-6.29,0.214,-0.687,-0.268,-0.42,0.896,-0.916,-0.359,-0.718,-0.24,-0.47,0.911,1.435,6.298,-1.099,0.302,-0.438,0.742,-0.473,1.779,-0.069,arriba
1780982742.715926,-0.823,-0.237,0.534,-0.351,0.809,-0.221,-0.665,-0.366,0.6,-6.069,0.695,-0.244,-0.267,-0.419,0.885,-0.046,-0.42,-0.275,-0.251,-0.475,0.909,1.42,6.756,-0.786,0.297,-0.438,0.731,-0.954,2.389,-0.229,arriba
1780982742.8314805,-0.823,-0.236,0.537,-1.198,1.214,-1.458,-0.667,-0.361,0.598,-6.786,0.565,0.13,-0.265,-0.422,0.891,-0.221,-0.855,0.038,-0.241,-0.474,0.91,1.58,6.817,-0.313,0.296,-0.434,0.726,-0.573,2.198,-0.13,arriba
1780982745.6011057,-0.824,-0.236,0.537,-0.687,1.618,-0.893,-0.665,-0.362,0.599,-6.679,0.366,-1.107,-0.266,-0.427,0.885,-0.29,-0.031,0.038,-0.242,-0.477,0.906,1.931,6.947,-0.588,0.293,-0.435,0.737,-0.405,2.397,-0.13,arriba
1780982745.7028253,-0.824,-0.237,0.533,-0.908,1.84,-0.634,-0.663,-0.365,0.595,-6.015,1.031,-0.595,-0.266,-0.426,0.891,-0.321,-0.145,0.336,-0.241,-0.477,0.903,1.473,6.679,-0.802,0.295,-0.439,0.736,-0.42,2.405,-0.015,arriba
1780982745.8150506,-0.826,-0.23,0.531,-0.824,1.298,-0.779,-0.664,-0.367,0.588,-6.756,0.679,-0.725,-0.261,-0.425,0.89,-0.374,0.328,0.412,-0.246,-0.475,0.909,1.634,7.771,-0.237,0.29,-0.442,0.735,-0.618,2.58,-0.183,arriba
1780982745.9162695,-0.824,-0.234,0.533,-1.046,0.992,-0.733,-0.664,-0.362,0.593,-6.275,0.237,-0.832,-0.263,-0.426,0.886,0.023,0.107,0.466,-0.245,-0.478,0.91,1.58,6.756,-0.817,0.294,-0.436,0.738,-0.573,2.527,0.015,arriba
1780982746.012223,-0.829,-0.237,0.537,-0.885,1.595,-0.466,-0.661,-0.364,0.593,-6.45,0.573,-0.992,-0.264,-0.429,0.884,-0.191,-0.099,0.099,-0.24,-0.477,0.908,1.847,7.008,-0.756,0.292,-0.43,0.738,-0.527,2.397,-0.069,arriba
1780982746.115438,-0.825,-0.235,0.534,-1.046,1.603,-1.0,-0.663,-0.367,0.601,-6.221,0.649,-0.305,-0.264,-0.428,0.889,-0.038,0.16,0.015,-0.242,-0.477,0.908,1.634,6.809,-0.626,0.294,-0.44,0.735,-0.427,2.282,-0.115,arriba
1780982746.2193081,-0.82,-0.24,0.533,-1.397,2.466,-0.29,-0.664,-0.361,0.593,-6.863,2.115,0.458,-0.266,-0.431,0.9,1.092,3.565,1.58,-0.256,-0.475,0.912,1.916,11.397,1.176,0.316,-0.452,0.725,-0.137,2.496,0.634,arriba
1780982746.3215337,-1.011,-0.352,0.808,56.74,-25.954,43.695,-0.847,-0.45,0.896,88.084,-15.084,48.626,-0.417,-0.47,1.211,145.924,-11.794,32.183,-0.399,-0.549,1.184,152.962,-15.015,59.191,0.315,-0.436,0.741,-1.718,-27.817,-5.298,arriba
1780982746.4259567,-0.622,0.059,0.337,76.313,-29.771,96.542,-0.439,0.046,0.453,75.359,-25.496,91.153,-0.216,0.09,0.682,104.374,-21.595,36.779,-0.09,0.085,0.863,99.725,-45.481,38.771,0.507,-0.395,0.65,0.863,-31.786,-0.855,arriba
1780982746.5269518,-0.818,0.177,0.552,29.786,-0.687,24.0,-0.722,0.109,0.557,21.221,0.718,23.191,-0.335,0.155,0.88,35.405,-3.58,7.908,-0.225,0.138,0.961,39.099,-5.519,12.16,0.372,-0.4,0.721,2.237,-14.038,-3.252,arriba
1780982746.630351,-0.696,0.214,0.551,7.58,-7.878,3.626,-0.538,0.192,0.537,-13.389,-13.519,-3.58,-0.171,0.211,0.835,-22.076,-15.16,-2.496,-0.11,0.182,0.971,-23.947,-0.382,-3.595,0.405,-0.399,0.695,-11.672,1.832,1.206,arriba
1780982746.7444017,-0.788,0.175,0.586,-16.962,10.855,-21.496,-0.666,0.097,0.624,-33.649,9.382,-23.954,-0.287,0.125,0.89,-39.832,5.214,-7.214,-0.217,0.101,1.013,-35.641,17.947,-8.405,0.374,-0.416,0.722,-4.931,10.099,4.725,arriba
1780982746.8470967,-0.786,0.087,0.568,-35.893,18.771,-39.267,-0.645,0.008,0.604,-55.763,4.13,-45.382,-0.237,0.032,0.784,-93.771,1.595,-23.466,-0.207,0.033,0.861,-104.954,18.618,-37.519,0.354,-0.42,0.718,-10.321,6.71,3.328,arriba
1780982746.9395905,-0.875,-0.166,0.673,-104.756,43.328,-105.832,-0.8,-0.41,0.878,-140.458,16.344,-94.611,-0.303,-0.474,1.292,-150.107,30.405,-49.244,-0.34,-0.393,1.145,-139.389,31.45,-54.458,0.306,-0.434,0.722,2.137,29.611,7.969,arriba
1780982747.0420575,-0.819,-0.217,0.576,-19.924,-5.733,-10.26,-0.604,-0.313,0.58,-32.397,-9.29,-11.023,-0.185,-0.387,0.898,-32.702,-11.237,-3.061,-0.206,-0.393,0.963,-47.718,4.435,-15.695,0.32,-0.431,0.733,-1.336,5.412,0.252,arriba
1780982747.1619382,-0.795,-0.224,0.543,-4.832,0.672,-1.672,-0.649,-0.365,0.613,-6.282,-1.359,-1.053,-0.258,-0.417,0.897,-0.626,-0.947,-0.313,-0.253,-0.461,0.946,-12.275,15.069,-6.824,0.309,-0.437,0.732,0.069,2.351,-0.13,arriba
1780982747.248302,-0.815,-0.233,0.551,-4.626,2.008,-1.176,-0.655,-0.364,0.609,-6.45,1.053,-0.611,-0.258,-0.414,0.897,-0.832,-0.221,0.137,-0.251,-0.45,0.904,-4.458,4.359,-2.313,0.31,-0.43,0.732,-0.603,2.74,-0.267,arriba
1780982747.3510997,-0.822,-0.24,0.539,-6.26,3.069,-1.939,-0.652,-0.368,0.608,-5.962,0.145,-0.099,-0.254,-0.418,0.897,-0.321,-0.145,-0.092,-0.249,-0.471,0.951,1.687,4.321,-0.695,0.302,-0.435,0.73,-0.26,3.137,-0.191,arriba
1780982747.459862,-0.823,-0.243,0.545,-0.374,1.13,-1.313,-0.653,-0.36,0.61,-6.344,0.45,-0.565,-0.253,-0.419,0.892,-0.908,-0.092,-0.427,-0.246,-0.458,0.914,1.191,6.473,-0.969,0.311,-0.434,0.734,-0.985,3.137,-0.275,arriba
1780982750.1327903,-0.824,-0.238,0.536,-0.466,1.672,-0.939,-0.658,-0.364,0.604,-5.84,0.679,-0.344,-0.259,-0.422,0.899,-0.076,-0.214,0.053,-0.245,-0.467,0.907,1.817,6.664,-0.611,0.303,-0.431,0.739,-0.664,2.336,0.13,arriba
1780982750.2350795,-0.822,-0.233,0.539,-0.969,1.405,-1.176,-0.658,-0.365,0.598,-6.107,0.885,-0.626,-0.262,-0.424,0.897,-0.649,0.237,-0.802,-0.246,-0.473,0.902,1.557,6.924,-0.634,0.298,-0.428,0.741,-0.527,2.389,-0.099,arriba
1780982750.33793,-0.821,-0.24,0.539,-0.374,1.031,-0.298,-0.654,-0.363,0.6,-6.687,0.618,-0.809,-0.259,-0.42,0.898,-0.389,-0.519,0.015,-0.245,-0.47,0.912,1.351,7.015,-0.473,0.294,-0.438,0.737,-0.725,2.313,0.153,arriba
1780982750.4482946,-0.821,-0.233,0.539,-1.504,1.473,-1.573,-0.659,-0.367,0.602,-6.229,0.344,-0.84,-0.26,-0.422,0.898,-0.198,-0.542,0.511,-0.248,-0.472,0.915,1.489,7.496,-0.527,0.295,-0.428,0.735,-0.641,2.13,0.038,arriba
1780982750.543941,-0.822,-0.239,0.54,-0.298,1.527,-0.71,-0.656,-0.364,0.601,-6.366,0.229,-0.534,-0.259,-0.425,0.893,-0.29,-0.046,0.344,-0.243,-0.47,0.909,1.55,6.511,-0.534,0.303,-0.426,0.727,-0.374,2.55,-0.099,arriba
1780982750.6473773,-0.824,-0.24,0.539,-1.374,2.901,0.626,-0.653,-0.365,0.611,-7.679,0.947,0.084,-0.266,-0.424,0.896,1.893,3.313,1.87,-0.248,-0.469,0.908,2.092,10.092,0.702,0.293,-0.43,0.75,0.328,2.87,0.198,arriba
1780982750.75243,-0.941,-0.233,0.598,78.58,-19.069,60.031,-0.725,-0.321,0.626,95.16,-22.901,52.351,-0.33,-0.356,0.891,107.321,-21.763,18.664,-0.291,-0.467,1.046,91.504,-13.885,29.427,0.325,-0.418,0.734,-5.046,-21.229,-4.992,arriba
1780982750.853344,-0.781,-0.022,0.551,65.702,-15.618,61.939,-0.707,-0.122,0.556,70.656,3.924,61.023,-0.308,-0.189,0.897,124.809,13.397,38.786,-0.245,-0.227,0.909,142.053,-1.321,54.427,0.346,-0.423,0.711,6.687,-6.405,-4.397,arriba
1780982750.9659414,-0.755,0.119,0.605,38.282,-3.527,49.824,-0.635,0.046,0.619,45.267,13.557,51.733,-0.264,0.062,0.898,82.809,11.42,22.634,-0.176,0.028,0.943,116.779,-3.802,33.656,0.362,-0.423,0.741,21.641,-7.252,0.763,arriba
1780982751.0603192,-0.746,0.199,0.542,16.267,6.237,23.771,-0.578,0.154,0.584,4.656,16.58,21.0,-0.242,0.195,0.853,27.122,11.504,19.336,-0.165,0.316,0.821,47.802,7.931,18.0,0.396,-0.336,0.695,10.947,-9.023,0.733,arriba
1780982751.162488,-0.731,0.209,0.588,-9.817,1.534,-8.817,-0.644,0.154,0.626,-14.405,0.947,-9.13,-0.272,0.214,0.902,-13.359,0.061,-6.382,-0.219,0.253,0.988,-16.244,11.038,-8.092,0.382,-0.355,0.717,-5.389,8.954,1.565,arriba
1780982751.2654328,-0.718,0.193,0.547,-21.817,2.542,-21.611,-0.612,0.149,0.542,-35.893,-8.595,-28.191,-0.261,0.202,0.759,-60.916,-10.435,-15.252,-0.201,0.161,1.083,-69.122,11.237,-18.298,0.377,-0.405,0.773,-33.298,15.099,2.763,arriba
1780982751.3778455,-0.784,0.041,0.537,-59.985,27.916,-78.664,-0.728,-0.085,0.555,-94.664,11.496,-81.779,-0.336,-0.082,0.897,-136.771,13.023,-37.565,-0.271,-0.017,0.94,-139.969,38.916,-46.947,0.321,-0.437,0.767,-17.427,13.206,7.275,arriba
1780982751.4828048,-0.87,-0.085,0.549,-44.985,7.069,-39.611,-0.696,-0.198,0.613,-61.008,-10.916,-38.038,-0.301,-0.213,0.904,-93.237,-13.832,-27.015,-0.25,-0.209,0.963,-110.664,8.466,-36.244,0.312,-0.425,0.747,-3.832,10.969,1.481,arriba
1780982751.5811803,-0.885,-0.177,0.556,-25.145,11.267,-29.092,-0.71,-0.301,0.542,-53.916,-2.252,-31.198,-0.341,-0.327,0.796,-62.45,-7.466,-15.122,-0.311,-0.377,0.95,-63.489,3.275,-19.718,0.283,-0.425,0.745,-2.198,5.733,-0.099,arriba
1780982751.6770978,-0.846,-0.227,0.531,-0.176,-6.321,-3.237,-0.688,-0.353,0.563,-6.496,0.282,-1.458,-0.29,-0.424,0.913,-0.015,-12.282,-2.511,-0.22,-0.418,0.917,-12.221,0.023,-4.069,0.281,-0.425,0.735,-3.115,3.847,-0.16,arriba
1780982751.7801614,-0.824,-0.224,0.546,-1.481,0.0,-1.763,-0.666,-0.356,0.6,-6.649,-0.87,-0.641,-0.274,-0.417,0.888,-1.015,-2.137,-0.153,-0.274,-0.47,0.905,-5.893,7.344,-3.786,0.278,-0.419,0.743,-0.931,1.382,-0.237,arriba
1780982751.8835223,-0.83,-0.229,0.544,-0.901,0.893,-0.443,-0.666,-0.357,0.594,-6.328,0.29,-0.748,-0.271,-0.419,0.894,-0.328,-1.427,0.183,-0.259,-0.468,0.903,1.557,6.061,-0.718,0.285,-0.427,0.743,-0.534,2.313,-0.153,arriba
1780982751.9865098,-0.827,-0.222,0.545,-1.29,1.481,-0.649,-0.666,-0.354,0.598,-6.748,0.336,-0.16,-0.272,-0.417,0.888,-0.298,0.244,0.489,-0.259,-0.465,0.899,1.557,5.931,-0.656,0.284,-0.428,0.744,-0.664,2.389,-0.244,arriba
1780982752.0968018,-0.828,-0.222,0.544,-1.115,0.916,-1.0,-0.664,-0.355,0.593,-6.466,0.664,-0.321,-0.268,-0.412,0.891,-0.725,0.076,-0.023,-0.257,-0.469,0.91,1.267,6.527,-0.832,0.289,-0.432,0.742,-0.542,2.069,-0.321,arriba
1780982754.7695074,-0.83,-0.223,0.549,-1.084,1.328,-1.153,-0.668,-0.357,0.598,-6.122,0.527,-1.122,-0.275,-0.416,0.891,-0.237,-0.229,0.076,-0.255,-0.475,0.901,1.626,6.847,-0.603,0.281,-0.427,0.747,-0.473,2.481,-0.092,arriba
1780982754.8814707,-0.825,-0.223,0.545,-0.878,1.198,-0.206,-0.667,-0.357,0.604,-6.137,0.55,-0.992,-0.27,-0.417,0.886,-0.344,-0.389,-0.084,-0.255,-0.474,0.903,1.634,7.366,-0.664,0.281,-0.43,0.747,-0.656,2.206,-0.084,arriba
1780982754.9733078,-0.824,-0.223,0.543,-0.977,1.359,-1.321,-0.661,-0.354,0.602,-6.763,0.573,-0.519,-0.273,-0.421,0.893,-0.481,0.153,-0.366,-0.259,-0.472,0.904,1.916,7.115,-0.618,0.285,-0.429,0.745,-0.076,2.908,0.16,arriba
1780982755.0766246,-0.827,-0.221,0.541,-0.412,1.618,-1.198,-0.661,-0.354,0.598,-6.634,0.71,-1.0,-0.272,-0.416,0.889,-0.122,0.168,-0.046,-0.257,-0.473,0.911,1.374,7.053,-0.336,0.283,-0.424,0.745,0.023,2.397,0.206,arriba
1780982755.1832423,-0.829,-0.223,0.548,-0.603,0.679,-0.595,-0.666,-0.355,0.593,-6.573,0.382,-0.687,-0.273,-0.418,0.888,-0.053,-0.229,0.603,-0.258,-0.474,0.906,1.84,6.634,-0.779,0.28,-0.424,0.741,-0.137,2.695,-0.061,arriba
1780982755.2833467,-0.831,-0.22,0.542,-0.405,0.947,-0.221,-0.665,-0.352,0.6,-6.397,0.16,-0.412,-0.267,-0.412,0.895,0.924,0.855,0.649,-0.256,-0.479,0.908,2.16,7.405,0.046,0.283,-0.429,0.743,0.031,3.26,0.084,arriba
1780982755.3947728,-0.829,-0.23,0.53,-0.84,3.015,-0.168,-0.788,-0.477,0.967,41.435,14.282,22.626,-0.169,-0.463,1.052,66.107,2.519,6.649,-0.246,-0.563,1.133,81.023,7.748,28.771,0.281,-0.411,0.734,3.893,-0.71,-0.496,arriba
1780982755.4966748,-0.856,-0.144,0.539,85.397,-24.656,91.389,-0.709,-0.202,0.508,107.405,-14.771,81.847,-0.24,-0.192,0.842,150.26,-10.13,49.198,-0.26,-0.199,0.893,161.023,-21.076,57.733,0.312,-0.419,0.737,8.137,-18.206,-8.374,arriba
1780982755.591684,-0.739,0.044,0.576,42.122,-10.924,43.344,-0.719,-0.033,0.734,53.229,-0.008,44.527,-0.286,0.062,0.937,74.206,1.191,6.985,-0.247,0.042,1.004,89.855,-6.618,24.878,0.315,-0.411,0.745,12.015,-2.618,-3.458,arriba
1780982755.694617,-0.707,0.189,0.542,28.466,-14.573,35.405,-0.592,0.152,0.598,25.45,-10.443,28.809,-0.227,0.19,0.853,35.084,-7.916,9.939,-0.18,0.188,0.935,37.389,-8.71,8.992,0.38,-0.357,0.693,4.977,-11.718,-5.153,arriba
1780982755.7991116,-0.756,0.186,0.631,-16.779,2.008,-16.855,-0.667,0.125,0.731,-18.595,4.298,-15.305,-0.274,0.153,1.022,-16.931,6.221,-9.336,-0.236,0.137,1.092,-11.206,17.748,-8.573,0.365,-0.397,0.747,-2.626,11.511,0.229,arriba
1780982755.913017,-0.665,0.2,0.496,-29.229,7.313,-29.954,-0.554,0.133,0.517,-57.771,4.198,-38.962,-0.202,0.139,0.84,-78.992,-1.573,-13.038,-0.126,0.136,0.981,-75.473,20.443,-20.481,0.354,-0.402,0.76,-20.557,17.191,14.351,arriba
1780982756.0144906,-0.818,0.017,0.544,-59.008,23.557,-72.275,-0.745,-0.127,0.584,-94.985,21.847,-70.947,-0.368,-0.167,1.002,-116.557,12.527,-26.321,-0.25,-0.068,0.896,-101.626,29.542,-33.351,0.323,-0.412,0.742,-5.733,15.786,2.053,arriba
1780982756.1068525,-0.871,-0.096,0.573,-27.893,10.244,-30.298,-0.702,-0.218,0.614,-47.504,0.763,-28.397,-0.321,-0.24,0.908,-56.611,-2.725,-15.847,-0.308,-0.234,0.992,-58.0,6.656,-22.244,0.294,-0.421,0.746,-1.847,5.863,-0.603,arriba
1780982756.2138562,-0.805,-0.175,0.52,-42.542,13.832,-44.573,-0.689,-0.339,0.625,-70.42,0.71,-43.237,-0.328,-0.401,1.025,-67.84,-1.237,-18.405,-0.302,-0.43,1.012,-83.107,13.847,-30.718,0.287,-0.418,0.74,-3.282,12.069,1.87,arriba
1780982756.3126245,-0.825,-0.228,0.531,-1.672,-3.611,-3.901,-0.67,-0.359,0.573,-5.427,-8.267,-1.992,-0.244,-0.4,0.87,-19.863,-5.038,-1.863,-0.275,-0.436,0.916,-19.84,2.214,-7.649,0.285,-0.417,0.747,-2.618,1.908,-0.176,arriba
1780982756.4154108,-0.824,-0.232,0.537,-0.557,-0.145,-1.55,-0.663,-0.356,0.592,-6.718,-1.26,-0.687,-0.264,-0.42,0.893,-0.427,-0.985,-0.031,-0.26,-0.455,0.903,-6.412,4.748,-5.206,0.287,-0.427,0.744,-0.771,2.42,-0.221,arriba
1780982756.5190547,-0.823,-0.229,0.535,-1.29,1.206,-0.931,-0.662,-0.358,0.599,-6.405,0.267,-0.313,-0.269,-0.418,0.89,-0.206,-0.687,0.458,-0.253,-0.467,0.907,1.595,6.656,-1.252,0.289,-0.424,0.746,-0.954,1.542,-0.084,arriba
1780982756.6294193,-0.826,-0.23,0.547,-0.565,1.275,-0.802,-0.66,-0.359,0.61,-6.412,0.878,0.046,-0.268,-0.412,0.883,-0.771,-0.183,-0.137,-0.256,-0.463,0.907,1.771,6.985,-0.679,0.284,-0.421,0.745,-0.58,2.45,-0.153,arriba
1780982756.7297215,-0.823,-0.236,0.542,-1.038,0.985,-1.275,-0.658,-0.362,0.611,-6.466,1.061,0.015,-0.268,-0.415,0.898,-0.382,-0.664,0.397,-0.254,-0.464,0.909,1.374,7.061,-0.466,0.288,-0.425,0.745,-0.443,2.901,0.0,arriba
1780982759.4103227,-0.825,-0.234,0.54,-1.023,1.13,-1.015,-0.662,-0.364,0.606,-6.473,0.824,-0.679,-0.266,-0.419,0.892,-0.519,0.176,-0.626,-0.251,-0.47,0.9,1.748,6.626,-1.031,0.282,-0.418,0.74,-0.366,2.679,-0.13,arriba
1780982759.5127275,-0.823,-0.23,0.541,-0.55,1.718,-0.443,-0.655,-0.361,0.605,-6.359,0.504,-0.573,-0.266,-0.416,0.889,-0.29,-0.214,-0.046,-0.251,-0.473,0.912,1.664,6.901,-0.595,0.288,-0.425,0.745,-0.481,2.557,-0.076,arriba
1780982759.6158304,-0.823,-0.234,0.542,-1.015,1.427,-1.305,-0.663,-0.359,0.603,-6.382,0.275,-0.771,-0.263,-0.425,0.892,-0.351,-0.282,0.489,-0.251,-0.472,0.904,1.511,6.634,-0.954,0.285,-0.424,0.747,-0.832,2.29,0.076,arriba
1780982759.7117994,-0.823,-0.235,0.543,-0.916,1.519,-0.954,-0.66,-0.365,0.611,-6.405,0.481,-0.71,-0.265,-0.419,0.895,-0.435,0.183,0.504,-0.251,-0.472,0.908,1.565,7.221,-0.992,0.285,-0.419,0.731,-0.611,2.206,-0.13,arriba
1780982759.8149207,-0.824,-0.235,0.542,-0.832,1.496,-0.374,-0.658,-0.359,0.603,-6.634,0.565,-0.58,-0.264,-0.425,0.89,-0.351,-0.198,0.313,-0.251,-0.472,0.908,1.74,7.198,-0.893,0.282,-0.424,0.738,-0.588,2.443,-0.107,arriba
1780982759.9179533,-0.829,-0.237,0.539,-1.16,0.718,-1.328,-0.66,-0.359,0.607,-6.115,0.458,-0.496,-0.267,-0.423,0.899,0.45,-0.351,0.206,-0.246,-0.473,0.909,1.771,8.008,0.115,0.287,-0.424,0.74,0.679,4.45,0.115,arriba
1780982760.0212352,-0.844,-0.239,0.57,-1.847,4.534,0.252,-0.82,-0.47,0.95,34.603,21.832,40.595,-0.222,-0.508,1.225,111.046,11.397,16.962,-0.281,-0.618,1.201,110.305,11.573,43.282,0.275,-0.426,0.745,2.244,-0.336,-1.45,arriba
1780982760.132995,-0.835,-0.092,0.474,95.58,-32.573,110.557,-0.652,-0.127,0.354,108.992,-6.412,102.137,-0.171,-0.063,0.616,157.519,1.534,51.0,-0.18,0.02,0.597,152.191,-27.725,57.275,0.328,-0.414,0.746,10.115,-25.092,-9.267,arriba
1780982760.227071,-0.782,0.094,0.547,33.145,9.557,24.855,-0.679,0.05,0.575,27.237,11.443,24.45,-0.328,0.112,0.828,43.763,11.313,5.947,-0.299,0.097,0.956,51.901,-0.237,13.198,0.337,-0.387,0.731,4.855,-10.588,-1.733,arriba
1780982760.3296938,-0.759,0.127,0.566,0.015,1.893,3.481,-0.653,0.097,0.596,-6.588,3.206,2.626,-0.295,0.135,0.935,0.611,0.389,2.374,-0.205,0.166,0.944,-1.832,8.626,0.496,0.349,-0.389,0.729,-3.115,4.046,2.832,arriba
1780982760.4489317,-0.805,0.09,0.613,-16.198,5.885,-20.511,-0.719,0.034,0.661,-26.817,5.267,-21.702,-0.313,0.089,0.971,-33.725,5.397,-10.13,-0.262,0.1,0.998,-25.519,17.611,-8.947,0.33,-0.407,0.738,-2.038,10.519,2.847,arriba
1780982760.5457125,-0.775,0.027,0.583,-35.397,10.954,-42.366,-0.679,-0.069,0.677,-57.366,5.908,-45.962,-0.278,-0.078,1.093,-69.168,3.771,-17.412,-0.267,-0.058,1.145,-58.817,20.641,-22.771,0.315,-0.417,0.747,-5.099,12.855,3.015,arriba
1780982760.6461537,-0.769,-0.047,0.498,-55.397,7.489,-53.855,-0.646,-0.172,0.615,-80.626,-10.389,-56.786,-0.235,-0.196,0.947,-124.229,-8.214,-34.412,-0.182,-0.228,0.974,-133.42,15.893,-50.076,0.321,-0.421,0.742,-2.733,18.168,3.779,arriba
1780982760.7484057,-0.873,-0.19,0.53,-61.985,21.855,-62.176,-0.73,-0.354,0.595,-102.427,2.115,-59.366,-0.305,-0.43,0.954,-118.473,2.443,-22.695,-0.254,-0.413,0.942,-102.176,16.153,-34.122,0.268,-0.422,0.741,-3.664,15.183,1.679,arriba
1780982760.8448012,-0.834,-0.219,0.539,1.824,4.603,-0.267,-0.65,-0.363,0.614,-6.87,1.527,-1.069,-0.278,-0.431,0.874,-2.137,-8.84,-2.13,-0.273,-0.476,0.927,-17.824,6.695,-9.435,0.284,-0.423,0.745,0.321,-4.931,-1.519,arriba
1780982760.9484012,-0.822,-0.23,0.543,-0.718,0.977,-1.374,-0.658,-0.36,0.604,-6.756,0.58,-0.435,-0.265,-0.422,0.888,-0.473,-0.412,0.695,-0.253,-0.466,0.905,1.282,6.885,-0.534,0.274,-0.418,0.754,-1.046,3.0,-0.046,arriba
1780982761.0609193,-0.823,-0.231,0.535,-1.42,0.924,-0.649,-0.661,-0.364,0.603,-6.427,0.443,-0.198,-0.264,-0.421,0.892,-0.008,-0.893,0.084,-0.252,-0.467,0.911,1.885,6.695,-0.893,0.28,-0.422,0.743,-0.504,2.511,-0.145,arriba
1780982761.1642075,-0.824,-0.232,0.539,-0.763,1.107,0.0,-0.662,-0.361,0.604,-6.55,0.672,-0.26,-0.261,-0.418,0.888,-0.588,-0.313,0.16,-0.249,-0.463,0.909,1.229,7.176,-0.847,0.284,-0.421,0.747,-0.718,1.962,-0.008,arriba
1780982761.2615263,-0.821,-0.235,0.542,-1.053,1.0,-1.153,-0.66,-0.36,0.599,-6.13,0.641,-0.298,-0.266,-0.418,0.897,-0.542,0.298,-0.542,-0.251,-0.47,0.913,1.527,7.076,-0.649,0.282,-0.421,0.74,-0.695,2.489,-0.206,arriba
1780982761.3600929,-0.824,-0.233,0.543,-0.855,1.649,-0.664,-0.66,-0.364,0.597,-6.695,0.45,-0.252,-0.268,-0.421,0.894,-0.511,-0.664,-0.046,-0.249,-0.469,0.911,1.496,6.489,-0.725,0.283,-0.424,0.74,-0.771,2.053,0.084,arriba
1780982764.0376077,-0.822,-0.229,0.546,-0.924,1.863,-0.313,-0.663,-0.36,0.603,-6.183,0.656,-0.443,-0.268,-0.425,0.889,-0.427,-0.366,0.427,-0.254,-0.473,0.904,1.733,6.985,-0.817,0.274,-0.42,0.75,-0.595,2.153,0.252,arriba
1780982764.1462507,-0.825,-0.226,0.54,-0.725,1.496,-1.16,-0.662,-0.363,0.599,-6.947,0.527,-0.802,-0.261,-0.419,0.889,-0.168,0.489,0.397,-0.254,-0.472,0.905,1.901,6.71,-0.656,0.28,-0.421,0.744,-0.405,2.443,-0.038,arriba
1780982764.2437422,-0.823,-0.232,0.54,-0.931,1.519,-0.863,-0.66,-0.36,0.605,-5.947,0.962,-0.42,-0.27,-0.42,0.882,-0.061,0.321,0.412,-0.25,-0.475,0.909,1.634,6.718,-0.954,0.28,-0.418,0.754,-0.412,2.71,-0.221,arriba
1780982764.3478699,-0.823,-0.233,0.542,-0.687,1.282,-0.321,-0.658,-0.366,0.605,-6.878,0.527,-0.489,-0.269,-0.422,0.893,-0.115,-0.237,0.015,-0.253,-0.472,0.9,1.641,6.832,-0.573,0.279,-0.42,0.746,-0.588,2.328,0.221,arriba
1780982764.4502094,-0.827,-0.228,0.537,-0.924,1.359,-1.252,-0.659,-0.362,0.603,-6.672,0.718,-0.641,-0.264,-0.418,0.886,-0.053,-0.275,-0.519,-0.248,-0.471,0.904,1.649,6.595,-0.931,0.28,-0.427,0.752,-0.313,2.115,-0.092,arriba
1780982764.5618758,-0.824,-0.235,0.548,-1.069,1.847,-0.473,-0.659,-0.361,0.603,-6.298,1.328,-0.237,-0.262,-0.421,0.898,-0.779,1.733,0.336,-0.248,-0.476,0.916,1.496,10.221,0.603,0.286,-0.42,0.751,0.336,4.046,0.573,arriba
1780982764.659579,-1.436,-0.049,0.286,-11.511,69.557,50.481,-0.86,-0.473,0.923,101.321,22.58,58.374,-0.451,-0.464,1.179,175.023,8.374,55.374,-0.334,-0.527,1.122,194.924,4.351,65.504,0.271,-0.419,0.757,4.962,-8.947,-3.855,arriba
1780982764.7584403,-0.546,0.053,0.407,35.542,-24.122,66.069,-0.4,0.036,0.603,44.336,-13.504,59.26,-0.048,0.07,0.858,60.878,-7.634,21.595,-0.037,0.046,0.982,72.985,-9.634,19.046,0.363,-0.424,0.756,4.725,3.794,0.382,arriba
1780982764.8640924,-0.86,0.134,0.534,11.908,-9.901,24.145,-0.745,0.024,0.661,18.321,-6.046,26.763,-0.309,0.097,1.022,37.824,-4.107,12.908,-0.209,0.107,1.044,46.771,-8.916,14.168,0.355,-0.413,0.744,5.527,-16.443,-5.931,arriba
1780982764.9651096,-0.843,0.096,0.729,54.519,-22.137,28.244,-0.712,0.089,0.717,35.366,-17.191,20.771,-0.316,0.153,0.969,34.496,-14.641,-1.542,-0.266,0.157,0.987,32.992,-10.687,-1.076,0.367,-0.385,0.724,10.641,-17.191,-9.718,arriba
1780982765.078903,-0.616,0.196,0.594,-21.74,4.718,-23.565,-0.548,0.151,0.649,-31.511,6.908,-28.229,-0.188,0.183,0.932,-40.435,10.863,-18.0,-0.174,0.163,1.012,-36.13,28.031,-16.992,0.385,-0.388,0.73,-7.031,28.023,7.038,arriba
1780982765.1786566,-0.686,0.131,0.518,-54.473,9.092,-56.55,-0.604,0.01,0.644,-83.824,15.359,-57.969,-0.21,0.02,0.952,-99.168,4.069,-18.443,-0.161,0.021,0.976,-98.672,27.916,-35.916,0.38,-0.437,0.77,-8.389,20.794,7.992,arriba
1780982765.276806,-0.829,-0.078,0.562,-85.71,20.427,-84.122,-0.725,-0.249,0.685,-117.809,-0.504,-78.16,-0.341,-0.339,1.136,-144.817,5.153,-43.908,-0.325,-0.383,1.164,-150.168,29.298,-51.412,0.303,-0.427,0.74,0.756,31.473,6.115,arriba
1780982765.3768709,-0.885,-0.207,0.541,-38.382,5.595,-32.977,-0.71,-0.359,0.586,-60.458,-5.328,-31.42,-0.328,-0.428,0.953,-70.076,-15.107,-8.733,-0.29,-0.441,0.984,-68.069,0.366,-20.603,0.304,-0.424,0.726,-3.282,3.802,-0.397,arriba
1780982765.4801774,-0.832,-0.221,0.533,-0.122,0.634,-1.817,-0.678,-0.357,0.592,-6.87,-1.863,-1.069,-0.281,-0.417,0.886,0.427,-4.031,-0.45,-0.276,-0.485,0.943,-10.237,1.794,-6.137,0.289,-0.42,0.753,-0.389,-0.519,-0.748,arriba
1780982765.5951056,-0.818,-0.23,0.547,-1.298,1.336,-1.015,-0.668,-0.358,0.593,-6.55,-0.405,-0.183,-0.269,-0.415,0.894,-1.176,-0.847,0.267,-0.252,-0.468,0.916,1.366,5.809,-0.733,0.284,-0.423,0.748,-1.13,2.374,-0.107,arriba
1780982765.698549,-0.828,-0.225,0.545,-0.374,0.885,-0.374,-0.658,-0.362,0.604,-6.351,0.595,-0.115,-0.271,-0.413,0.888,-0.176,-0.015,-0.298,-0.254,-0.466,0.911,1.389,6.42,-1.29,0.291,-0.429,0.745,-0.893,2.145,0.053,arriba
1780982765.7949197,-0.824,-0.222,0.545,-1.679,0.344,-1.763,-0.666,-0.355,0.598,-6.466,-0.183,-0.244,-0.271,-0.408,0.892,-0.328,-0.557,-0.198,-0.255,-0.468,0.909,1.756,5.16,-0.634,0.286,-0.43,0.744,-0.817,2.214,-0.137,arriba
1780982765.8957164,-0.828,-0.227,0.547,-0.58,1.725,-0.962,-0.66,-0.36,0.601,-6.802,0.038,-0.542,-0.27,-0.413,0.891,0.015,-0.389,-0.046,-0.253,-0.466,0.902,1.626,5.977,-0.901,0.29,-0.426,0.746,-0.481,2.702,-0.13,arriba
1780982765.9951835,-0.827,-0.231,0.54,-1.168,1.389,-0.641,-0.662,-0.355,0.604,-6.481,0.565,-0.718,-0.272,-0.411,0.896,-0.687,0.008,-0.092,-0.252,-0.466,0.913,1.214,6.389,-1.466,0.279,-0.424,0.744,-0.443,2.74,-0.191,arriba
1780982768.6808457,-0.826,-0.231,0.545,-1.0,2.046,-0.969,-0.662,-0.357,0.603,-6.313,0.847,-0.412,-0.27,-0.418,0.894,-0.237,0.076,0.473,-0.251,-0.468,0.908,1.626,6.779,-0.481,0.287,-0.428,0.744,-0.542,2.374,-0.183,arriba
1780982768.7768233,-0.824,-0.225,0.549,-1.13,1.55,-1.351,-0.661,-0.357,0.604,-6.588,0.252,-0.344,-0.272,-0.419,0.889,-0.328,-0.069,0.481,-0.252,-0.465,0.908,1.679,7.664,-0.282,0.279,-0.425,0.747,-0.275,2.588,0.168,arriba
1780982768.8792732,-0.827,-0.228,0.542,-0.832,1.16,-0.565,-0.657,-0.354,0.596,-6.466,0.687,-0.252,-0.272,-0.425,0.895,-0.305,0.443,-0.023,-0.252,-0.467,0.905,1.534,7.069,-0.824,0.281,-0.423,0.746,-0.595,2.336,0.015,arriba
1780982768.9951158,-0.823,-0.226,0.545,-0.687,1.466,-0.496,-0.661,-0.355,0.605,-6.13,0.74,-0.481,-0.273,-0.419,0.892,-0.366,0.42,-0.038,-0.25,-0.469,0.906,1.58,6.771,-0.71,0.283,-0.425,0.755,-0.672,2.664,-0.061,arriba
1780982769.0851548,-0.827,-0.228,0.546,-0.817,1.672,-1.061,-0.664,-0.359,0.603,-6.443,0.702,-0.588,-0.274,-0.419,0.892,0.107,-0.702,-0.176,-0.249,-0.467,0.904,1.779,7.069,-0.611,0.287,-0.426,0.744,-0.679,2.115,-0.008,arriba
1780982769.188714,-0.815,-0.229,0.546,-1.344,2.366,0.374,-0.659,-0.356,0.601,-7.328,1.763,0.336,-0.264,-0.421,0.897,0.992,3.076,1.534,-0.254,-0.473,0.915,1.389,10.145,0.481,0.28,-0.415,0.742,0.176,4.313,-0.214,arriba
1780982769.2947874,-1.155,-0.361,0.918,-12.786,29.008,34.725,-0.836,-0.413,0.734,68.336,22.588,51.168,-0.445,-0.449,1.115,154.076,2.878,38.733,-0.384,-0.503,1.071,152.206,-12.817,54.191,0.296,-0.413,0.741,0.107,-20.58,-3.779,arriba
1780982769.405706,-0.639,-0.033,0.474,41.618,-28.695,62.412,-0.526,-0.083,0.631,57.214,-8.084,55.748,-0.119,-0.094,0.981,87.092,4.397,22.267,-0.148,-0.149,1.057,97.679,-1.832,26.214,0.251,-0.51,0.655,-2.588,6.664,11.115,arriba
1780982769.4972718,-0.83,0.088,0.558,27.931,-9.718,38.855,-0.703,0.023,0.64,32.748,-3.733,40.29,-0.273,0.08,0.916,57.069,-4.931,19.321,-0.207,0.012,1.049,68.931,-10.168,22.298,0.361,-0.386,0.738,6.053,-11.855,-6.374,arriba
1780982769.6002965,-0.716,0.188,0.488,7.26,-0.061,12.351,-0.615,0.142,0.535,-2.748,0.076,9.511,-0.213,0.214,0.778,2.656,-4.71,6.122,-0.13,0.186,0.925,1.87,-0.794,1.611,0.383,-0.356,0.692,-6.366,1.779,4.634,arriba
1780982769.7130988,-0.861,0.132,0.597,-12.244,7.435,-16.145,-0.724,0.075,0.614,-24.145,6.924,-15.779,-0.315,0.131,0.905,-29.595,1.008,-5.794,-0.234,0.139,0.978,-20.679,11.611,-4.046,0.355,-0.386,0.733,-9.534,7.573,0.45,arriba
1780982769.806712,-0.744,0.058,0.545,-43.427,17.641,-59.275,-0.613,0.02,0.481,-79.702,15.679,-69.557,-0.285,0.044,0.695,-111.221,9.458,-29.573,-0.242,0.057,0.744,-128.496,30.092,-47.229,0.325,-0.414,0.746,-6.756,23.252,5.542,arriba
1780982769.9092174,-0.96,-0.311,0.789,-81.115,28.893,-99.542,-0.809,-0.444,0.888,-121.641,12.267,-95.496,-0.433,-0.57,1.313,-126.473,8.069,-52.176,-0.496,-0.731,1.478,-140.534,27.542,-64.55,0.238,-0.396,0.717,4.229,23.893,5.015,arriba
1780982770.0123017,-0.786,-0.257,0.569,0.565,4.55,0.267,-0.662,-0.374,0.605,-7.595,11.145,1.244,-0.297,-0.419,0.902,-2.855,-4.695,0.42,-0.318,-0.491,0.938,-9.153,14.603,-4.611,0.286,-0.425,0.739,0.046,-2.336,-1.137,arriba
1780982770.115199,-0.826,-0.236,0.537,-0.832,-0.008,-1.672,-0.664,-0.36,0.6,-6.573,1.031,-0.069,-0.273,-0.411,0.894,-1.237,-1.412,0.221,-0.253,-0.467,0.907,0.519,7.573,-0.634,0.286,-0.427,0.749,-0.534,3.55,-0.084,arriba
1780982770.2283263,-0.828,-0.231,0.536,-0.847,1.008,-0.519,-0.658,-0.36,0.594,-6.542,0.489,-0.13,-0.27,-0.418,0.886,-0.198,-0.687,0.046,-0.25,-0.465,0.909,1.626,6.641,-0.344,0.288,-0.423,0.75,-0.519,2.412,0.13,arriba
1780982770.3263428,-0.827,-0.232,0.536,-0.87,1.374,-0.725,-0.662,-0.36,0.599,-6.534,0.519,-0.069,-0.268,-0.42,0.891,-0.557,0.198,0.435,-0.252,-0.466,0.908,1.435,6.679,-0.183,0.287,-0.422,0.744,-0.573,2.214,-0.069,arriba
1780982770.4246876,-0.825,-0.235,0.541,-0.282,1.214,-0.962,-0.661,-0.359,0.604,-6.481,0.626,0.115,-0.268,-0.419,0.899,-0.802,0.26,-0.389,-0.249,-0.469,0.904,1.489,7.023,-0.427,0.283,-0.418,0.747,-0.649,2.282,-0.221,arriba
1780982770.5288577,-0.824,-0.232,0.541,-0.87,1.435,-0.763,-0.661,-0.36,0.598,-6.351,0.718,-0.061,-0.272,-0.42,0.892,-0.321,-0.557,-0.626,-0.248,-0.468,0.911,1.664,7.092,-0.382,0.284,-0.426,0.744,-0.809,2.435,0.107,arriba
1780982770.6446357,-0.829,-0.233,0.534,-0.504,0.748,-0.313,-0.656,-0.362,0.593,-6.542,0.84,-0.267,-0.265,-0.417,0.892,-0.481,-0.42,0.053,-0.249,-0.468,0.91,1.206,6.718,-0.573,0.286,-0.423,0.75,-0.756,2.473,-0.069,arriba
1780982773.3109477,-0.828,-0.229,0.538,-0.84,1.137,-0.901,-0.659,-0.36,0.603,-6.542,0.344,-0.496,-0.271,-0.423,0.891,-0.84,0.298,-0.237,-0.25,-0.469,0.903,1.824,6.702,-0.863,0.283,-0.418,0.745,-0.519,2.641,-0.145,arriba
1780982773.4114532,-0.822,-0.228,0.542,-1.038,1.321,-1.176,-0.66,-0.363,0.599,-6.557,0.412,-1.015,-0.268,-0.419,0.888,-0.275,-0.557,0.069,-0.253,-0.47,0.904,1.939,6.649,-0.382,0.286,-0.423,0.749,-0.641,2.634,0.061,arriba
1780982773.5146492,-0.823,-0.23,0.541,-0.634,1.733,-0.351,-0.659,-0.358,0.603,-6.336,0.412,-0.214,-0.273,-0.419,0.896,0.069,-0.374,0.519,-0.249,-0.473,0.904,1.527,7.473,-0.053,0.289,-0.423,0.744,-0.405,2.573,0.046,arriba
1780982773.6301742,-0.828,-0.229,0.537,-1.16,1.496,-1.046,-0.661,-0.362,0.598,-6.641,0.435,-0.336,-0.271,-0.423,0.895,-0.405,0.344,0.229,-0.248,-0.471,0.905,1.534,6.733,-0.786,0.285,-0.424,0.745,-0.427,2.939,-0.206,arriba
1780982773.7276237,-0.825,-0.232,0.537,-0.992,1.176,-0.947,-0.66,-0.361,0.606,-6.008,0.29,-0.427,-0.27,-0.423,0.893,0.176,-0.137,0.794,-0.251,-0.477,0.91,1.969,6.817,-0.496,0.285,-0.418,0.738,0.015,3.137,-0.076,arriba
1780982773.8239117,-0.861,-0.226,0.531,-0.565,1.58,1.802,-0.675,-0.357,0.582,-7.458,11.237,2.053,-0.405,-0.63,1.583,55.374,3.771,20.214,-0.275,-0.546,1.162,44.168,8.58,16.809,0.267,-0.417,0.738,2.015,1.473,0.763,arriba
1780982773.9267,-1.202,-0.339,0.891,131.893,-55.015,114.13,-0.87,-0.398,0.761,190.58,-28.45,101.763,-0.433,-0.375,0.999,200.046,-20.542,45.977,-0.35,-0.4,1.007,205.863,-27.198,55.527,0.297,-0.426,0.74,12.748,-36.466,-7.244,arriba
1780982774.0294738,-0.604,0.04,0.638,27.969,-3.634,24.542,-0.55,0.017,0.678,30.397,10.046,19.115,-0.229,0.007,0.944,54.252,26.298,-3.733,-0.223,-0.008,0.948,56.534,23.809,7.58,0.318,-0.405,0.741,5.687,18.656,3.328,arriba
1780982774.1435323,-0.731,0.098,0.581,-1.863,-0.29,4.779,-0.6,0.072,0.616,-7.679,3.298,2.649,-0.238,0.112,0.847,-0.321,1.649,-0.107,-0.178,0.106,0.862,2.046,10.817,0.031,0.337,-0.392,0.726,0.542,5.901,1.656,arriba
1780982774.2456267,-0.76,0.089,0.561,-21.351,7.321,-23.992,-0.629,0.031,0.597,-39.969,5.664,-27.244,-0.275,0.033,0.912,-48.16,3.55,-10.275,-0.261,-0.025,1.02,-44.031,19.565,-8.511,0.334,-0.415,0.735,-2.847,9.962,3.374,arriba
1780982774.3448753,-0.898,-0.054,0.638,-27.817,14.534,-34.42,-0.745,-0.106,0.583,-49.115,12.061,-34.221,-0.322,-0.043,0.811,-53.763,7.023,-13.58,-0.277,-0.039,0.858,-56.603,12.901,-21.779,0.297,-0.409,0.735,-3.947,3.344,0.084,arriba
1780982774.4416072,-0.863,-0.182,0.656,-61.427,22.0,-67.863,-0.755,-0.319,0.695,-92.031,8.115,-65.679,-0.299,-0.34,0.976,-118.099,8.382,-43.229,-0.344,-0.434,1.094,-127.275,29.397,-52.618,0.274,-0.414,0.745,1.237,22.198,3.718,arriba
1780982774.5476515,-0.911,-0.248,0.562,2.053,-6.046,-4.924,-0.675,-0.341,0.553,-9.557,20.397,1.992,-0.2,-0.344,0.779,-11.626,-2.817,6.511,-0.196,-0.372,0.76,5.29,19.229,-0.427,0.286,-0.417,0.748,-0.725,5.16,0.557,arriba
1780982774.6478868,-0.832,-0.224,0.546,-0.229,3.672,-0.336,-0.661,-0.356,0.609,-6.687,-1.198,-1.389,-0.276,-0.412,0.896,-1.282,-3.863,-0.427,-0.238,-0.468,0.906,-4.412,10.962,-2.74,0.283,-0.426,0.75,-0.061,1.809,-0.351,arriba
1780982774.7580483,-0.821,-0.231,0.548,-0.916,0.763,-0.542,-0.658,-0.354,0.614,-6.527,0.489,-0.313,-0.27,-0.41,0.894,-0.061,0.076,-0.359,-0.258,-0.464,0.908,1.84,6.489,-1.115,0.285,-0.429,0.747,-0.718,2.611,-0.023,arriba
1780982774.860504,-0.822,-0.226,0.547,-0.603,1.26,-0.42,-0.659,-0.355,0.607,-6.527,0.519,-0.282,-0.27,-0.415,0.891,-0.237,-0.489,-0.496,-0.257,-0.462,0.907,1.504,6.656,-0.664,0.285,-0.422,0.744,-0.405,2.519,0.0,arriba
1780982774.9566622,-0.82,-0.229,0.548,-0.771,1.481,-0.878,-0.66,-0.353,0.613,-6.641,0.336,-0.45,-0.268,-0.413,0.889,-0.282,-0.664,-0.137,-0.253,-0.463,0.907,1.427,6.954,-0.595,0.286,-0.432,0.742,-0.725,2.206,-0.092,arriba
1780982775.0595038,-0.821,-0.222,0.55,-0.595,1.397,-1.038,-0.66,-0.351,0.61,-6.336,0.649,-0.176,-0.268,-0.411,0.895,-0.504,0.183,-0.351,-0.252,-0.462,0.903,1.466,6.397,-0.992,0.287,-0.426,0.743,-0.542,2.26,-0.26,arriba
1780982775.1627252,-0.824,-0.23,0.549,-0.237,1.237,-0.55,-0.659,-0.36,0.601,-6.611,0.397,-0.504,-0.269,-0.411,0.895,-0.29,0.061,0.107,-0.254,-0.46,0.906,1.298,6.779,-1.237,0.285,-0.427,0.742,-0.924,1.229,0.191,arriba
1780982775.2772624,-0.818,-0.229,0.549,-1.092,1.397,-1.244,-0.659,-0.356,0.603,-6.679,0.885,-0.221,-0.269,-0.414,0.895,-0.427,-0.214,0.198,-0.255,-0.466,0.912,2.0,7.206,-0.55,0.286,-0.424,0.742,-0.504,2.29,-0.16,arriba
1780982777.943815,-0.822,-0.222,0.551,-1.191,1.176,-0.756,-0.656,-0.355,0.611,-6.412,0.947,-0.366,-0.269,-0.414,0.893,-0.458,0.305,-0.122,-0.247,-0.469,0.909,1.74,6.702,-0.87,0.281,-0.422,0.742,-0.511,2.076,-0.015,arriba
1780982778.0601313,-0.824,-0.227,0.546,-0.794,1.748,-0.298,-0.661,-0.354,0.611,-6.374,0.641,-0.672,-0.263,-0.416,0.893,-0.542,0.13,-0.221,-0.251,-0.47,0.911,1.74,6.947,-0.802,0.285,-0.423,0.742,-0.679,2.137,-0.137,arriba
1780982778.1597688,-0.82,-0.222,0.544,-0.939,1.641,-1.015,-0.661,-0.358,0.611,-6.351,0.496,-0.588,-0.271,-0.414,0.893,-0.153,-0.122,0.427,-0.249,-0.467,0.91,1.832,6.908,-0.489,0.284,-0.426,0.752,-0.313,2.557,-0.115,arriba
1780982778.260964,-0.825,-0.227,0.552,-0.87,1.183,-1.069,-0.659,-0.355,0.601,-6.672,0.519,-0.443,-0.268,-0.416,0.891,-0.16,-0.053,0.26,-0.252,-0.468,0.904,1.809,7.0,-0.45,0.286,-0.429,0.738,-0.458,2.191,0.015,arriba
1780982778.3560376,-0.826,-0.224,0.548,0.344,2.389,1.557,-0.659,-0.358,0.602,-7.71,2.893,0.267,-0.277,-0.427,0.913,1.977,4.221,1.756,-0.265,-0.476,0.928,2.626,8.794,0.366,0.297,-0.427,0.753,-0.412,1.802,-0.145,arriba
1780982778.458871,-0.932,-0.214,0.563,51.595,-6.435,58.702,-0.762,-0.343,0.656,87.321,-6.046,63.214,-0.307,-0.352,0.996,114.084,-22.0,28.725,-0.259,-0.405,0.957,110.443,-10.718,39.573,0.315,-0.421,0.733,-1.527,-23.809,-6.55,arriba
1780982778.5763745,-0.746,-0.042,0.528,45.489,-17.344,48.359,-0.608,-0.093,0.569,47.389,-6.458,41.107,-0.249,-0.097,0.918,69.16,-3.046,18.656,-0.234,-0.177,0.98,74.771,-3.176,27.229,0.354,-0.42,0.721,3.237,-6.366,-1.718,arriba
1780982778.6755574,-0.863,0.049,0.581,38.176,-2.344,49.595,-0.669,0.019,0.58,41.443,2.153,51.366,-0.297,0.114,0.797,85.992,-4.244,24.313,-0.216,0.064,0.921,68.832,-18.122,21.649,0.347,-0.388,0.727,5.847,-15.756,-5.672,arriba
1780982778.7806542,-0.728,0.164,0.492,6.458,3.809,6.809,-0.636,0.129,0.525,-5.13,3.344,3.84,-0.254,0.216,0.792,-3.626,-0.198,1.198,-0.166,0.185,0.846,-7.298,6.947,-0.038,0.38,-0.371,0.694,-4.305,3.771,4.42,arriba
1780982778.870954,-0.858,0.102,0.593,-10.237,8.672,-16.802,-0.74,0.042,0.615,-22.008,5.328,-16.351,-0.326,0.123,0.925,-30.908,0.489,-5.595,-0.238,0.091,0.937,-24.061,11.885,-7.26,0.353,-0.396,0.708,-8.756,4.031,0.939,arriba
1780982778.9770796,-0.775,0.014,0.58,-39.603,12.351,-52.664,-0.722,-0.076,0.665,-56.122,-1.275,-53.58,-0.278,-0.103,1.126,-101.252,-2.168,-33.611,-0.266,-0.186,1.119,-117.191,34.122,-45.435,0.325,-0.423,0.736,-1.305,20.664,4.534,arriba
1780982779.0769298,-0.88,-0.17,0.64,-75.931,22.817,-66.489,-0.688,-0.237,0.667,-91.412,7.084,-59.557,-0.289,-0.268,0.999,-107.137,7.359,-32.679,-0.276,-0.362,1.035,-110.275,24.969,-40.611,0.306,-0.418,0.735,1.443,20.84,3.336,arriba
1780982779.1798089,-0.903,-0.217,0.499,-2.221,-3.527,-6.389,-0.698,-0.348,0.559,-24.534,-22.198,-9.954,-0.361,-0.467,1.003,-19.641,-13.557,1.924,-0.233,-0.497,1.117,4.679,3.595,2.313,0.311,-0.433,0.747,1.71,4.122,-0.931,arriba
1780982779.2911537,-0.83,-0.234,0.53,-0.878,-1.649,-1.878,-0.645,-0.358,0.62,-7.008,0.588,-0.649,-0.248,-0.411,0.928,-4.183,-7.947,-0.481,-0.246,-0.434,0.885,1.252,7.466,0.053,0.293,-0.423,0.745,-0.092,4.099,0.092,arriba
1780982779.3934703,-0.828,-0.231,0.539,-0.618,1.954,-0.573,-0.659,-0.358,0.606,-7.145,-0.328,-0.779,-0.267,-0.408,0.893,-1.229,-1.191,-0.466,-0.248,-0.452,0.91,1.267,5.656,-0.519,0.293,-0.422,0.739,-0.71,2.473,-0.076,arriba
1780982779.4888413,-0.823,-0.233,0.536,-0.389,1.908,-1.076,-0.66,-0.357,0.609,-6.634,0.473,-0.389,-0.265,-0.409,0.895,-0.718,0.023,-0.298,-0.25,-0.457,0.913,1.634,6.611,-0.229,0.296,-0.427,0.741,-0.55,2.55,0.076,arriba
1780982779.5924706,-0.825,-0.233,0.539,-0.985,1.267,-0.802,-0.654,-0.356,0.614,-6.641,0.511,-0.824,-0.262,-0.41,0.893,-0.45,-0.779,0.145,-0.251,-0.453,0.915,1.244,7.038,-0.779,0.293,-0.425,0.751,-0.595,2.481,0.061,arriba
1780982779.6948247,-0.825,-0.234,0.535,-0.557,1.344,-0.214,-0.656,-0.357,0.61,-6.55,0.618,-0.565,-0.265,-0.41,0.899,-0.786,-0.26,-0.092,-0.255,-0.453,0.916,1.511,6.687,-0.351,0.292,-0.423,0.741,-0.496,2.595,0.023,arriba
1780982779.810266,-0.827,-0.227,0.539,-0.969,1.489,-1.137,-0.657,-0.355,0.608,-6.427,0.809,-0.649,-0.263,-0.408,0.896,-0.397,0.176,0.389,-0.249,-0.454,0.912,1.611,7.435,-0.107,0.29,-0.421,0.741,-0.718,2.504,-0.115,arriba
1780982779.907148,-0.827,-0.228,0.538,-0.603,1.366,-0.458,-0.657,-0.356,0.6,-6.824,0.573,-0.321,-0.262,-0.406,0.899,-0.351,-0.305,0.122,-0.249,-0.456,0.916,1.481,6.489,-0.565,0.288,-0.42,0.742,-0.489,2.687,0.0,arriba
1780982782.579476,-0.828,-0.227,0.531,-0.947,1.832,-0.137,-0.652,-0.356,0.602,-6.481,0.878,-0.031,-0.264,-0.411,0.893,-0.519,0.115,-0.229,-0.251,-0.464,0.913,1.802,6.74,-0.779,0.29,-0.421,0.746,-0.153,2.611,0.031,arriba
1780982782.6887677,-0.83,-0.228,0.536,-0.443,1.87,-1.023,-0.661,-0.36,0.609,-6.214,0.641,-0.237,-0.265,-0.415,0.892,-0.374,-0.076,-0.145,-0.253,-0.463,0.91,1.565,7.198,-0.817,0.287,-0.425,0.742,-0.771,2.145,-0.145,arriba
1780982782.795825,-0.826,-0.233,0.538,-1.008,1.931,-0.794,-0.658,-0.354,0.612,-6.107,0.832,-0.137,-0.262,-0.414,0.896,-0.313,-0.366,0.802,-0.253,-0.464,0.916,1.344,6.969,-0.313,0.29,-0.422,0.746,-0.611,2.351,0.0,arriba
1780982782.8938177,-0.825,-0.231,0.534,-0.672,1.336,-0.351,-0.657,-0.358,0.604,-6.763,0.489,-0.366,-0.264,-0.415,0.902,-0.595,0.702,0.313,-0.25,-0.458,0.918,1.466,6.939,-1.0,0.29,-0.421,0.744,-0.718,2.313,-0.099,arriba
1780982783.003152,-0.824,-0.229,0.538,-0.931,1.305,-1.817,-0.659,-0.359,0.606,-6.176,0.718,-0.695,-0.262,-0.411,0.89,-0.679,0.336,0.466,-0.255,-0.467,0.917,1.588,7.038,-0.733,0.287,-0.421,0.743,-0.542,2.55,0.008,arriba
1780982783.0941324,-0.825,-0.23,0.532,-0.519,1.809,-0.595,-0.657,-0.356,0.597,-6.496,0.641,-0.29,-0.264,-0.411,0.895,-0.321,-0.214,0.099,-0.249,-0.461,0.912,1.664,7.023,0.176,0.295,-0.422,0.742,-0.443,2.427,-0.229,arriba
1780982783.1967452,-0.823,-0.227,0.541,-0.893,0.947,-0.87,-0.657,-0.356,0.608,-6.298,0.092,-0.672,-0.259,-0.413,0.898,1.023,-0.489,0.015,-0.248,-0.46,0.905,2.344,5.824,-0.672,0.292,-0.422,0.739,-0.397,3.084,-0.153,arriba
1780982783.310561,-0.827,-0.237,0.514,0.298,2.656,2.87,-0.665,-0.394,0.76,-2.015,28.198,4.603,-0.204,-0.5,1.282,101.656,6.679,26.466,-0.291,-0.594,1.315,88.176,-3.328,38.29,0.305,-0.433,0.754,2.809,5.55,1.962,arriba
1780982783.4030986,-0.833,-0.127,0.469,87.878,-32.45,93.634,-0.668,-0.176,0.469,104.656,-15.939,83.565,-0.26,-0.096,0.686,129.008,-11.977,46.191,-0.225,-0.132,0.77,132.191,-25.221,46.275,0.313,-0.418,0.736,3.481,-23.008,-9.427,arriba
1780982783.5114665,-0.781,0.009,0.603,18.802,6.611,16.183,-0.69,-0.038,0.653,21.511,9.733,17.359,-0.31,0.001,0.98,35.153,12.725,0.0,-0.321,-0.043,1.009,48.313,4.389,8.435,0.311,-0.407,0.728,1.672,-0.42,-0.817,arriba
1780982783.6096435,-0.852,0.018,0.668,12.496,-0.359,13.534,-0.735,-0.027,0.718,14.336,4.443,15.412,-0.31,0.02,1.059,32.588,7.443,3.168,-0.281,0.01,1.046,49.168,4.427,11.359,0.327,-0.41,0.755,4.695,-2.298,-1.45,arriba
1780982783.7119374,-0.807,0.099,0.598,17.053,-1.962,23.176,-0.681,0.057,0.627,15.206,-0.313,20.969,-0.281,0.124,0.953,28.58,-1.237,7.718,-0.224,0.085,1.051,35.695,-0.191,10.053,0.356,-0.386,0.729,5.046,-7.221,-4.061,arriba
1780982783.825961,-0.747,0.158,0.514,-0.481,2.344,5.55,-0.64,0.117,0.604,-5.397,-2.802,3.42,-0.232,0.183,0.894,0.756,-2.832,-0.267,-0.175,0.159,1.004,-6.847,2.916,-4.626,0.394,-0.394,0.73,-5.153,4.481,-0.137,arriba
1780982783.9287784,-0.693,0.149,0.498,-27.031,7.198,-31.45,-0.551,0.15,0.451,-51.008,2.847,-39.527,-0.223,0.216,0.587,-89.344,-8.16,-20.649,-0.133,0.176,0.727,-100.985,21.153,-27.038,0.344,-0.39,0.719,-27.656,23.504,7.519,arriba
1780982784.0266018,-0.907,-0.05,0.572,-42.771,29.725,-64.55,-0.784,-0.162,0.579,-85.496,10.763,-69.42,-0.348,-0.116,0.779,-129.595,5.397,-37.29,-0.288,-0.149,0.823,-115.13,15.542,-36.023,0.313,-0.418,0.738,-3.687,11.153,0.023,arriba
1780982784.1242788,-0.784,-0.19,0.567,-66.328,14.794,-76.527,-0.694,-0.339,0.653,-123.687,3.702,-81.557,-0.311,-0.461,0.989,-136.893,11.069,-30.473,-0.329,-0.528,1.133,-109.466,24.053,-40.809,0.282,-0.426,0.744,1.153,23.473,5.252,arriba
1780982784.2270954,-0.784,-0.248,0.539,-4.053,1.336,-0.084,-0.646,-0.369,0.613,-6.466,-6.359,-1.038,-0.282,-0.433,0.893,-2.13,2.466,0.298,-0.265,-0.465,0.972,-1.611,7.794,-1.092,0.267,-0.419,0.727,2.718,-3.939,-0.718,arriba
1780982784.342223,-0.83,-0.234,0.523,-0.947,0.969,-0.802,-0.662,-0.364,0.595,-6.725,0.557,-0.573,-0.263,-0.419,0.903,-0.45,-1.099,-0.351,-0.245,-0.459,0.914,0.977,6.351,0.176,0.288,-0.426,0.74,-1.42,3.641,0.076,arriba
1780982784.4429104,-0.826,-0.235,0.531,-0.511,1.527,-0.008,-0.663,-0.362,0.596,-6.466,0.557,-0.473,-0.266,-0.413,0.891,-0.282,-0.618,0.252,-0.255,-0.462,0.911,1.71,6.42,-0.214,0.287,-0.423,0.74,-0.702,2.023,-0.16,arriba
1780982784.5419579,-0.829,-0.236,0.539,-0.473,1.58,-0.748,-0.658,-0.368,0.601,-6.855,0.16,-0.748,-0.266,-0.419,0.898,-0.634,-0.595,0.664,-0.246,-0.465,0.909,1.588,6.412,-0.466,0.287,-0.424,0.742,-0.321,2.053,0.0,arriba
1780982787.2144864,-0.826,-0.236,0.531,-0.802,1.634,-0.71,-0.661,-0.362,0.601,-6.26,0.45,-1.015,-0.261,-0.421,0.891,-0.656,0.481,-0.198,-0.246,-0.467,0.903,1.481,6.771,-0.58,0.283,-0.426,0.745,-0.336,2.427,-0.015,arriba
1780982787.3174472,-0.828,-0.236,0.542,-0.977,1.725,-0.611,-0.662,-0.365,0.602,-6.443,0.542,-0.656,-0.266,-0.422,0.891,-0.412,-0.748,-0.252,-0.24,-0.465,0.915,1.626,6.779,-0.962,0.288,-0.428,0.744,-0.634,2.198,-0.038,arriba
1780982787.426305,-0.83,-0.233,0.54,-0.687,1.321,-0.702,-0.659,-0.362,0.594,-6.168,0.748,-0.237,-0.262,-0.422,0.889,-0.336,-0.298,-0.015,-0.249,-0.468,0.91,1.786,7.214,-0.687,0.292,-0.428,0.741,-0.618,2.183,0.122,arriba
1780982787.5257287,-0.826,-0.233,0.536,-0.992,1.046,-0.672,-0.66,-0.364,0.607,-6.076,0.924,-0.29,-0.264,-0.419,0.889,-0.374,0.534,-0.038,-0.243,-0.467,0.907,1.427,6.763,-0.74,0.289,-0.425,0.751,-0.435,2.305,-0.16,arriba
1780982787.6265905,-0.827,-0.233,0.534,-0.641,1.565,-0.206,-0.661,-0.364,0.602,-6.603,0.664,-0.282,-0.261,-0.42,0.89,-0.42,0.0,0.344,-0.242,-0.469,0.906,2.0,7.183,-0.756,0.29,-0.432,0.741,-0.527,2.328,-0.023,arriba
1780982787.7289255,-0.828,-0.231,0.539,-0.504,1.695,-0.939,-0.661,-0.366,0.597,-6.237,0.756,-0.206,-0.263,-0.42,0.892,0.137,-0.473,0.214,-0.245,-0.467,0.907,1.832,6.397,-1.008,0.285,-0.425,0.742,-0.626,2.466,-0.198,arriba
1780982787.832373,-0.823,-0.231,0.531,-0.351,1.885,1.237,-0.667,-0.368,0.594,-6.198,1.168,1.878,-0.257,-0.414,0.889,6.122,2.183,2.626,-0.281,-0.467,0.997,6.687,4.443,30.504,0.284,-0.437,0.74,-2.389,-2.756,-1.366,arriba
1780982787.9403799,-1.04,-0.271,0.662,79.473,-7.206,65.191,-0.86,-0.393,0.717,124.985,2.626,73.641,-0.398,-0.363,0.96,157.374,-15.198,40.809,-0.332,-0.396,0.968,159.321,-15.176,51.916,0.285,-0.421,0.741,5.679,-26.023,-5.748,arriba
1780982788.0419807,-0.712,-0.016,0.573,41.901,-11.771,51.015,-0.575,-0.042,0.63,48.008,-1.214,45.855,-0.199,0.003,0.899,77.771,6.466,14.221,-0.223,-0.101,1.039,94.214,-2.206,23.802,0.327,-0.419,0.74,5.145,-0.191,-0.244,arriba
1780982788.1409326,-0.82,0.074,0.584,17.313,-2.42,24.748,-0.679,0.038,0.598,12.565,2.916,24.969,-0.313,0.102,0.923,39.924,-0.366,13.115,-0.289,0.071,1.045,50.435,-3.794,18.282,0.38,-0.399,0.718,-1.229,-13.718,-8.344,arriba
1780982788.244138,-0.762,0.141,0.543,4.649,1.679,14.908,-0.625,0.099,0.604,-0.229,4.252,12.756,-0.239,0.184,0.869,11.008,-0.374,6.786,-0.153,0.185,0.93,17.145,4.023,5.26,0.375,-0.383,0.732,0.84,-4.031,-4.489,arriba
1780982788.3476896,-0.792,0.123,0.581,-8.542,8.947,-15.473,-0.7,0.07,0.617,-21.55,6.908,-17.565,-0.311,0.131,0.919,-29.267,4.183,-10.221,-0.232,0.127,0.981,-24.122,14.664,-11.557,0.359,-0.393,0.707,-9.275,8.198,0.893,arriba
1780982788.4543214,-0.646,0.104,0.459,-40.969,8.947,-57.145,-0.479,0.087,0.331,-96.328,-2.435,-76.191,-0.212,0.043,0.633,-148.26,3.298,-35.58,-0.217,-0.055,0.935,-151.687,32.031,-49.359,0.359,-0.442,0.73,-12.565,20.878,5.107,arriba
1780982788.5536423,-0.949,-0.169,0.589,-64.603,16.405,-71.237,-0.844,-0.369,0.724,-97.458,-5.282,-66.74,-0.402,-0.432,1.127,-116.779,-18.359,-29.214,-0.35,-0.458,1.135,-121.26,10.779,-43.71,0.312,-0.432,0.725,-3.542,9.176,-0.16,arriba
1780982788.666819,-0.853,-0.227,0.543,-10.0,4.947,-12.374,-0.683,-0.373,0.61,-23.794,-1.168,-11.771,-0.271,-0.402,0.887,-24.382,-2.458,-3.893,-0.241,-0.439,0.896,-25.603,10.511,-9.328,0.31,-0.423,0.746,-1.328,5.084,0.779,arriba
1780982788.7592118,-0.808,-0.25,0.523,-1.916,-3.748,-2.519,-0.667,-0.373,0.586,-6.099,-2.901,-0.443,-0.259,-0.431,0.887,-0.336,-1.366,-0.038,-0.237,-0.47,0.903,-3.603,6.901,-2.595,0.302,-0.428,0.731,-1.489,3.542,0.076,arriba
1780982788.8622828,-0.83,-0.24,0.527,-0.237,1.595,0.748,-0.673,-0.372,0.58,-6.466,-0.573,-0.45,-0.27,-0.434,0.882,-0.237,-1.191,0.244,-0.245,-0.478,0.896,1.214,6.336,-0.71,0.308,-0.429,0.727,-0.725,2.374,0.137,arriba
1780982788.9725044,-0.834,-0.242,0.524,-1.069,0.985,-1.344,-0.668,-0.368,0.584,-6.321,0.458,-0.878,-0.265,-0.433,0.882,-0.527,0.382,0.107,-0.244,-0.478,0.895,1.198,6.672,-0.641,0.309,-0.43,0.727,-0.802,2.443,-0.137,arriba
1780982789.0753949,-0.829,-0.243,0.519,-0.611,1.359,-0.351,-0.667,-0.371,0.586,-6.374,0.527,-0.527,-0.266,-0.433,0.888,-0.267,0.191,-0.26,-0.24,-0.476,0.904,1.275,7.099,-0.74,0.311,-0.432,0.738,-0.511,2.183,-0.13,arriba
1780982789.1760073,-0.83,-0.24,0.533,-0.901,1.427,-0.405,-0.661,-0.374,0.594,-5.985,0.198,-0.763,-0.265,-0.434,0.886,-0.473,-0.229,0.092,-0.241,-0.478,0.909,1.519,6.824,-0.557,0.299,-0.437,0.741,-0.641,1.962,0.015,arriba
1780982791.8495657,-0.83,-0.243,0.528,-0.771,1.504,-0.504,-0.669,-0.367,0.582,-6.382,0.511,-0.908,-0.266,-0.432,0.881,-0.275,0.45,0.107,-0.238,-0.479,0.906,1.847,6.611,-0.031,0.306,-0.433,0.738,-0.496,2.939,-0.214,arriba
1780982791.9568343,-0.828,-0.238,0.526,-1.16,1.718,-0.954,-0.667,-0.369,0.586,-6.534,0.389,-1.267,-0.269,-0.434,0.881,-0.344,0.122,0.076,-0.238,-0.482,0.905,1.275,7.466,-0.16,0.301,-0.432,0.741,-0.489,2.214,-0.038,arriba
1780982792.055742,-0.828,-0.233,0.528,-1.092,1.191,-1.115,-0.669,-0.37,0.582,-6.313,0.305,-1.328,-0.266,-0.429,0.881,-0.458,0.076,-0.191,-0.239,-0.483,0.906,1.542,7.0,-0.847,0.3,-0.422,0.737,-0.542,2.489,0.008,arriba
1780982792.1582983,-0.832,-0.24,0.524,-1.122,1.45,-0.786,-0.669,-0.368,0.588,-6.13,0.634,-1.008,-0.269,-0.429,0.882,-0.473,0.412,-0.55,-0.243,-0.479,0.912,1.443,6.847,-0.107,0.301,-0.429,0.729,-0.588,2.504,-0.008,arriba
1780982792.261682,-0.827,-0.232,0.526,-0.779,1.611,-0.145,-0.668,-0.374,0.587,-6.359,0.321,-0.893,-0.265,-0.437,0.881,-0.443,0.107,-0.305,-0.24,-0.482,0.903,1.847,7.412,0.061,0.308,-0.431,0.73,-0.588,1.992,-0.023,arriba
1780982792.364543,-0.831,-0.235,0.525,-0.489,1.595,-1.405,-0.672,-0.37,0.584,-6.328,0.29,-0.672,-0.272,-0.437,0.888,-0.176,-0.779,0.305,-0.244,-0.485,0.902,1.573,6.359,-0.809,0.302,-0.431,0.73,-0.649,2.084,-0.061,arriba
1780982792.4720886,-0.829,-0.241,0.527,-0.672,2.45,-0.336,-0.666,-0.37,0.587,-6.183,1.458,0.595,-0.271,-0.428,0.891,-0.122,1.137,1.069,-0.238,-0.474,0.895,2.069,8.023,1.321,0.303,-0.429,0.733,0.0,3.366,0.626,arriba
1780982792.570889,-0.85,-0.232,0.535,-6.237,16.527,7.008,-0.775,-0.343,0.46,28.565,17.786,23.137,-0.304,-0.458,1.132,88.878,18.87,15.031,-0.342,-0.5,1.022,87.794,6.344,34.237,0.339,-0.454,0.727,2.221,2.847,-2.214,arriba
1780982792.680973,-0.929,-0.191,0.594,73.908,-16.313,72.992,-0.759,-0.312,0.635,105.695,-2.435,69.237,-0.272,-0.232,0.868,139.344,-4.664,54.0,-0.267,-0.186,0.79,138.382,-15.069,52.374,0.341,-0.394,0.726,4.122,-22.534,6.557,arriba
1780982792.7766614,-0.75,-0.008,0.607,36.947,-8.031,40.321,-0.612,-0.028,0.612,40.015,0.87,35.527,-0.251,-0.001,0.919,61.756,4.244,2.176,-0.232,-0.052,1.009,63.214,2.519,11.534,0.326,-0.415,0.739,6.481,-1.389,2.519,arriba
1780982792.8799434,-0.829,0.086,0.566,16.992,-4.412,23.603,-0.714,0.032,0.644,19.893,-3.656,25.595,-0.295,0.077,0.948,41.511,-3.008,10.168,-0.209,0.084,0.994,43.382,-3.412,9.443,0.356,-0.407,0.738,5.511,-15.29,-4.145,arriba
1780982792.9827485,-0.818,0.111,0.608,3.26,5.725,4.71,-0.671,0.07,0.649,-0.618,4.611,4.489,-0.293,0.144,0.899,5.107,-1.542,-2.351,-0.244,0.137,0.95,6.206,2.053,-3.779,0.348,-0.38,0.704,-0.435,-1.405,-4.489,arriba
1780982793.0918746,-0.779,0.122,0.555,-9.504,6.42,-13.809,-0.666,0.081,0.591,-22.595,4.664,-15.527,-0.287,0.134,0.883,-29.427,0.863,-8.679,-0.231,0.108,0.976,-23.992,12.496,-8.695,0.363,-0.376,0.703,-11.351,8.969,-1.313,arriba
1780982793.194201,-0.773,0.062,0.542,-33.634,15.626,-42.603,-0.643,-0.002,0.535,-62.649,9.847,-52.191,-0.259,0.022,0.832,-92.802,0.076,-25.237,-0.234,-0.002,0.931,-88.252,15.557,-35.687,0.331,-0.436,0.772,-8.351,18.221,3.16,arriba
1780982793.2919552,-0.852,-0.098,0.579,-55.168,12.901,-66.313,-0.685,-0.219,0.647,-90.282,-5.733,-66.603,-0.361,-0.344,1.145,-146.366,-6.206,-42.221,-0.3,-0.383,1.083,-129.115,19.565,-50.779,0.323,-0.432,0.74,0.313,22.061,3.298,arriba
1780982793.3950222,-0.905,-0.209,0.565,-20.595,7.382,-21.0,-0.747,-0.356,0.606,-39.435,2.466,-16.435,-0.297,-0.373,0.877,-31.718,-1.061,-2.389,-0.258,-0.394,0.903,-30.58,3.076,-10.954,0.302,-0.419,0.742,-1.969,2.237,-0.931,arriba
1780982793.5073733,-0.898,-0.303,0.495,-26.748,6.595,-27.412,-0.965,-0.239,0.49,-10.817,16.939,3.481,-0.358,-0.354,0.736,18.107,24.573,2.481,-0.343,-0.6,1.254,-11.695,30.977,-9.939,0.301,-0.433,0.746,3.336,-8.435,-1.328,arriba
1780982793.6079812,-0.834,-0.251,0.52,-1.763,-0.542,-2.015,-0.664,-0.376,0.58,-6.092,1.321,-0.565,-0.265,-0.436,0.884,-0.229,-1.321,-0.931,-0.238,-0.485,0.9,1.336,4.191,-0.809,0.293,-0.431,0.73,-1.336,4.305,-0.107,arriba
1780982793.7034855,-0.831,-0.246,0.52,-0.137,0.427,-0.58,-0.671,-0.377,0.586,-6.115,0.282,-0.634,-0.261,-0.435,0.881,0.374,-1.046,-0.534,-0.24,-0.485,0.91,1.817,6.374,-0.985,0.293,-0.427,0.742,-0.29,2.282,0.061,arriba
1780982793.8067188,-0.831,-0.247,0.519,-0.939,1.13,0.008,-0.668,-0.373,0.574,-6.275,-0.008,-0.817,-0.263,-0.435,0.886,-0.275,-0.992,0.023,-0.24,-0.484,0.899,1.321,6.702,-0.885,0.301,-0.428,0.743,-0.916,1.664,0.069,arriba
1780982796.4850538,-0.827,-0.245,0.527,-0.588,2.0,-0.679,-0.666,-0.377,0.58,-6.458,0.511,-0.305,-0.262,-0.439,0.88,-0.344,0.58,-0.046,-0.243,-0.491,0.901,1.771,7.641,0.153,0.29,-0.427,0.738,-0.656,2.122,-0.031,arriba
1780982796.5925484,-0.83,-0.248,0.524,-1.168,1.718,-1.046,-0.67,-0.378,0.579,-6.42,0.313,-0.687,-0.264,-0.44,0.882,-0.092,-0.115,0.084,-0.24,-0.484,0.9,1.672,6.809,-0.237,0.292,-0.428,0.733,-0.588,2.122,0.008,arriba
1780982796.6911354,-0.83,-0.242,0.522,-0.779,0.977,-1.031,-0.672,-0.376,0.59,-6.374,0.328,-0.969,-0.262,-0.441,0.886,0.061,-0.008,-0.237,-0.238,-0.485,0.899,1.863,6.908,-0.221,0.288,-0.426,0.737,-0.427,2.809,0.038,arriba
1780982796.793646,-0.831,-0.244,0.523,-1.252,1.366,-0.893,-0.666,-0.375,0.586,-6.565,0.473,-0.794,-0.262,-0.435,0.885,-0.519,0.267,0.13,-0.238,-0.488,0.901,1.519,7.237,0.198,0.294,-0.427,0.745,-0.466,2.221,0.038,arriba
1780982796.8978262,-0.83,-0.245,0.519,-0.992,1.603,-0.656,-0.668,-0.376,0.58,-6.237,0.427,-1.145,-0.261,-0.438,0.881,-0.458,-0.008,-0.183,-0.235,-0.484,0.898,1.733,6.817,-0.756,0.292,-0.428,0.743,-0.458,2.344,0.061,arriba
1780982797.009143,-0.83,-0.242,0.527,-0.985,1.725,-0.71,-0.671,-0.377,0.583,-6.458,0.053,-0.962,-0.262,-0.439,0.876,-0.137,-0.099,0.282,-0.237,-0.485,0.895,1.557,6.87,-0.122,0.291,-0.431,0.743,-0.634,2.183,-0.015,arriba
1780982797.1027694,-0.831,-0.243,0.521,-0.939,1.427,-1.214,-0.671,-0.375,0.581,-6.42,0.374,-1.053,-0.267,-0.439,0.881,-0.435,0.198,0.26,-0.241,-0.485,0.899,1.977,7.0,-0.557,0.295,-0.432,0.745,-0.489,2.527,-0.046,arriba
1780982797.20577,-0.829,-0.247,0.531,-1.023,0.145,-0.183,-0.667,-0.374,0.577,-5.565,0.008,-0.656,-0.262,-0.442,0.896,-0.954,1.321,0.901,-0.23,-0.489,0.907,2.221,10.611,0.901,0.29,-0.427,0.737,0.504,5.733,0.443,arriba
1780982797.313354,-1.063,-0.425,0.748,-6.679,21.878,7.389,-0.787,-0.441,0.695,64.122,1.672,32.794,-0.37,-0.584,1.283,132.504,10.366,14.305,-0.308,-0.609,1.249,108.069,4.588,38.992,0.273,-0.43,0.758,6.183,-18.641,-1.389,arriba
1780982797.4252567,-0.694,-0.036,0.458,63.168,-26.992,78.542,-0.547,-0.108,0.525,78.802,-10.107,72.282,-0.141,-0.112,0.855,110.076,-12.191,37.466,-0.163,-0.194,0.979,107.969,-11.962,35.374,0.39,-0.425,0.732,7.817,-14.527,-2.58,arriba
1780982797.5265288,-0.785,0.078,0.556,23.573,-2.145,29.267,-0.675,0.008,0.63,24.511,1.87,30.069,-0.268,0.027,0.964,45.588,2.015,9.725,-0.264,-0.046,1.031,56.359,-2.031,11.504,0.361,-0.396,0.742,9.069,-9.183,1.046,arriba
1780982797.622498,-0.768,0.12,0.574,5.313,-0.443,9.87,-0.657,0.075,0.626,1.076,4.878,9.298,-0.262,0.096,0.954,12.779,4.0,5.29,-0.215,0.064,0.967,25.176,1.71,7.702,0.39,-0.375,0.706,3.481,0.214,2.725,arriba
1780982797.7222908,-0.791,0.114,0.598,-5.924,1.939,-4.84,-0.675,0.064,0.641,-13.244,1.878,-6.038,-0.267,0.092,0.941,-11.382,0.252,-2.779,-0.209,0.057,0.997,-8.229,10.16,-3.634,0.365,-0.377,0.715,-5.435,5.603,1.786,arriba
1780982797.824287,-0.768,0.099,0.568,-22.595,10.145,-23.42,-0.637,0.05,0.588,-37.954,6.107,-26.878,-0.244,0.083,0.835,-51.901,0.542,-12.45,-0.192,0.042,0.936,-49.855,15.893,-16.359,0.355,-0.404,0.728,-17.305,15.107,1.664,arriba
1780982797.9421673,-0.789,-0.048,0.529,-69.42,29.672,-78.336,-0.71,-0.197,0.655,-106.168,33.023,-75.817,-0.283,-0.135,0.949,-92.168,25.519,-23.947,-0.262,-0.182,1.034,-85.206,35.832,-29.74,0.328,-0.425,0.738,0.336,28.305,5.695,arriba
1780982798.0293396,-0.84,-0.14,0.516,-30.786,3.237,-40.466,-0.667,-0.277,0.586,-69.382,-12.168,-40.099,-0.275,-0.283,0.908,-105.954,-11.252,-32.794,-0.23,-0.375,0.968,-118.832,10.382,-44.557,0.316,-0.425,0.739,-3.74,15.336,1.824,arriba
1780982798.140727,-1.428,-0.573,1.113,9.908,4.985,5.924,-0.667,-0.398,0.413,-5.397,-21.076,-0.534,-0.416,-0.521,1.156,-21.573,-8.389,-4.26,-0.354,-0.522,1.047,-13.702,-15.58,-9.42,0.296,-0.43,0.749,-0.756,-1.573,-2.099,arriba
1780982798.242512,-0.847,-0.244,0.52,-2.435,-0.435,-2.137,-0.657,-0.372,0.59,-5.649,-0.397,-0.634,-0.261,-0.43,0.889,-0.038,0.176,-0.763,-0.247,-0.479,0.904,1.595,5.885,-0.74,0.288,-0.425,0.743,-0.725,3.901,-0.198,arriba
1780982798.3385,-0.836,-0.247,0.521,-0.084,1.74,-0.275,-0.667,-0.365,0.59,-6.481,0.924,0.046,-0.271,-0.429,0.877,-0.679,-0.16,-0.229,-0.244,-0.477,0.901,1.344,5.817,-0.763,0.289,-0.423,0.732,-0.595,2.763,-0.435,arriba
1780982798.441402,-0.827,-0.245,0.527,-0.802,1.206,-0.695,-0.668,-0.371,0.583,-6.374,0.641,-0.473,-0.267,-0.433,0.884,-0.305,-0.802,-0.153,-0.244,-0.48,0.907,1.473,6.328,-1.435,0.294,-0.423,0.749,-0.458,2.405,-0.191,arriba
1780982801.119925,-0.828,-0.233,0.523,-0.664,1.802,-0.641,-0.668,-0.367,0.588,-6.71,0.443,0.191,-0.268,-0.43,0.885,-0.489,0.244,-0.107,-0.241,-0.481,0.895,1.985,7.137,-0.603,0.284,-0.431,0.737,-0.695,2.313,0.038,arriba
1780982801.2232745,-0.83,-0.241,0.526,-1.313,1.595,-0.817,-0.669,-0.371,0.591,-6.55,0.649,-0.305,-0.267,-0.434,0.885,-0.046,-0.344,-0.16,-0.241,-0.488,0.898,1.405,6.618,-0.389,0.286,-0.428,0.744,-0.603,2.42,-0.053,arriba
1780982801.326401,-0.829,-0.234,0.531,-0.771,1.382,-1.053,-0.666,-0.368,0.585,-6.42,0.397,0.115,-0.267,-0.433,0.883,-0.053,-0.183,0.092,-0.242,-0.482,0.901,1.511,6.939,-0.389,0.284,-0.428,0.74,-0.649,2.122,0.13,arriba
1780982801.4389496,-0.825,-0.237,0.53,-1.16,1.206,-0.908,-0.666,-0.369,0.584,-6.824,0.595,-0.557,-0.264,-0.434,0.883,-0.695,0.16,-0.351,-0.244,-0.482,0.897,1.321,6.908,-0.595,0.286,-0.433,0.74,-0.595,2.023,-0.084,arriba
1780982801.5402982,-0.829,-0.237,0.528,-0.809,1.466,-0.58,-0.67,-0.369,0.584,-6.267,0.198,-0.573,-0.268,-0.433,0.885,-0.069,0.198,0.221,-0.244,-0.486,0.903,1.802,6.603,-0.863,0.284,-0.43,0.738,-0.458,2.336,-0.244,arriba
1780982801.634875,-0.83,-0.238,0.532,-0.679,1.191,-1.191,-0.67,-0.371,0.593,-6.053,0.466,-0.656,-0.263,-0.436,0.889,-0.481,-0.55,0.817,-0.242,-0.482,0.891,2.366,8.084,-0.336,0.286,-0.432,0.748,-0.092,3.366,-0.389,arriba
1780982801.739973,-0.842,-0.248,0.524,1.137,2.443,0.626,-1.757,-0.843,1.435,38.885,-15.832,25.061,-0.207,-0.354,0.991,89.611,-0.481,10.908,-0.298,-0.557,1.197,84.145,-6.397,38.901,0.277,-0.438,0.747,4.931,-1.473,-0.618,arriba
1780982801.8416455,-0.813,-0.128,0.486,72.374,-24.679,77.878,-0.631,-0.185,0.514,97.595,-14.099,71.649,-0.281,-0.196,0.881,121.679,-11.916,41.679,-0.215,-0.215,0.91,116.145,-11.481,40.893,0.326,-0.408,0.743,5.107,-19.061,-3.092,arriba
1780982801.944477,-0.8,-0.001,0.603,36.679,-10.641,39.359,-0.683,-0.043,0.634,39.588,0.87,40.061,-0.295,-0.018,0.943,64.0,2.023,11.267,-0.285,-0.079,1.009,71.664,-6.611,13.046,0.332,-0.407,0.745,6.962,-9.389,-2.275,arriba
1780982802.0568624,-0.805,0.072,0.591,17.42,-3.313,24.542,-0.681,0.03,0.671,13.87,-0.908,23.71,-0.24,0.094,0.943,35.031,1.573,8.206,-0.198,0.054,0.996,43.458,-3.893,8.42,0.355,-0.411,0.717,5.267,-3.237,-2.504,arriba
1780982802.1619508,-0.737,0.145,0.515,-1.878,2.45,1.969,-0.622,0.113,0.564,-13.588,2.023,-1.71,-0.228,0.154,0.86,-13.351,0.397,0.649,-0.159,0.13,0.944,-14.267,8.511,-0.099,0.384,-0.382,0.722,-4.832,4.382,3.221,arriba
1780982802.2536905,-0.809,0.09,0.561,-19.679,12.321,-23.733,-0.689,0.038,0.601,-38.45,9.893,-27.099,-0.301,0.109,0.791,-46.588,1.511,-8.817,-0.223,0.096,0.843,-49.985,15.115,-13.725,0.347,-0.385,0.71,-18.076,9.504,-1.351,arriba
1780982802.3564181,-0.811,-0.072,0.598,-53.229,29.786,-67.802,-0.706,-0.139,0.594,-87.557,21.511,-69.87,-0.299,-0.156,0.87,-110.603,19.313,-37.115,-0.269,-0.137,0.832,-121.443,21.534,-50.771,0.307,-0.409,0.731,-1.168,22.191,2.573,arriba
1780982802.4591386,-0.887,-0.262,0.647,-72.099,19.794,-73.069,-0.774,-0.439,0.765,-98.519,3.176,-70.924,-0.365,-0.531,1.153,-125.603,4.053,-30.924,-0.387,-0.674,1.293,-106.038,23.397,-44.748,0.255,-0.449,0.768,4.191,15.695,1.824,arriba
1780982802.5726247,-0.817,-0.239,0.532,-1.145,3.748,-0.931,-0.673,-0.376,0.576,-8.046,-0.748,-0.679,-0.273,-0.443,0.876,-1.763,-3.458,-0.344,-0.232,-0.481,0.921,2.359,3.489,-1.74,0.297,-0.422,0.735,0.901,-1.206,-0.573,arriba
1780982802.6728902,-0.828,-0.245,0.521,-1.237,0.626,-1.298,-0.668,-0.372,0.579,-6.412,-0.771,0.183,-0.265,-0.437,0.884,-1.527,-0.42,-0.069,-0.235,-0.485,0.905,1.313,6.809,-0.962,0.293,-0.433,0.74,-0.55,2.87,-0.092,arriba
1780982802.7726483,-0.832,-0.245,0.518,-0.344,0.802,0.122,-0.675,-0.374,0.579,-6.29,0.672,0.267,-0.264,-0.435,0.891,0.008,-0.542,0.076,-0.237,-0.48,0.908,1.45,6.29,-0.779,0.297,-0.43,0.742,-0.824,2.55,-0.038,arriba
1780982802.8759341,-0.831,-0.237,0.519,-1.473,0.985,-0.878,-0.669,-0.371,0.584,-6.13,0.802,0.313,-0.262,-0.433,0.881,-0.267,0.153,-0.214,-0.236,-0.484,0.906,1.618,6.519,-0.908,0.292,-0.433,0.737,-0.611,2.679,-0.023,arriba
1780982802.9739974,-0.831,-0.242,0.521,-0.351,1.244,-0.359,-0.665,-0.372,0.585,-6.481,0.924,0.511,-0.265,-0.437,0.889,-0.267,0.069,0.122,-0.234,-0.482,0.905,1.443,6.496,-0.84,0.296,-0.428,0.734,-0.725,2.466,-0.092,arriba
1780982803.0914764,-0.831,-0.24,0.521,-1.031,1.397,-0.542,-0.667,-0.37,0.582,-6.359,0.756,0.122,-0.267,-0.436,0.89,-0.344,0.023,0.45,-0.238,-0.479,0.9,1.305,7.069,-0.42,0.291,-0.424,0.737,-0.519,2.435,-0.397,arriba
1780982805.7660327,-0.832,-0.236,0.524,-0.695,1.618,-0.893,-0.667,-0.368,0.587,-6.42,0.542,-0.305,-0.267,-0.435,0.883,-0.687,0.443,-0.061,-0.235,-0.487,0.9,1.885,7.031,-0.618,0.29,-0.429,0.736,-0.595,2.26,0.069,arriba
1780982805.8580775,-0.829,-0.242,0.529,-0.977,1.702,-1.092,-0.67,-0.374,0.58,-6.557,0.824,-0.092,-0.268,-0.436,0.883,-0.313,0.214,-0.053,-0.236,-0.484,0.905,1.87,7.198,-0.588,0.296,-0.432,0.74,-0.595,2.221,0.099,arriba
1780982805.9728591,-0.829,-0.234,0.527,-1.099,1.313,-0.924,-0.673,-0.367,0.584,-6.252,0.794,-0.229,-0.267,-0.431,0.883,-0.389,-0.252,0.763,-0.24,-0.488,0.91,1.687,6.55,-0.939,0.299,-0.43,0.738,-0.756,2.099,0.046,arriba
1780982806.0644193,-0.829,-0.238,0.527,-0.962,1.153,-0.664,-0.672,-0.371,0.589,-6.71,0.595,0.046,-0.267,-0.435,0.884,-0.443,0.313,0.481,-0.239,-0.488,0.903,1.679,6.397,-0.908,0.287,-0.426,0.744,-0.618,2.099,0.015,arriba
1780982806.1717494,-0.835,-0.24,0.52,-1.0,1.618,-0.489,-0.669,-0.369,0.58,-6.656,0.71,0.008,-0.266,-0.437,0.882,-0.351,-0.122,0.0,-0.241,-0.486,0.897,1.885,6.931,-0.672,0.299,-0.431,0.743,-0.489,2.229,-0.008,arriba
1780982806.279276,-0.829,-0.238,0.525,-0.008,1.824,-0.725,-0.671,-0.37,0.59,-6.29,0.656,0.076,-0.27,-0.437,0.887,0.107,-0.244,0.198,-0.237,-0.488,0.902,1.863,7.229,-0.519,0.299,-0.43,0.746,-0.107,3.084,-0.153,arriba
1780982806.3734436,-0.829,-0.228,0.51,-0.702,1.672,0.87,-0.668,-0.375,0.598,-4.137,2.924,0.733,-0.653,-0.827,1.7,29.595,-14.435,16.092,-0.365,-0.476,0.887,17.802,2.321,11.298,0.286,-0.431,0.754,-0.023,5.16,-0.473,arriba
1780982806.476565,-0.975,-0.26,0.631,50.58,-12.763,47.527,-0.816,-0.392,0.783,101.229,-14.206,61.443,-0.366,-0.41,1.111,135.153,-12.084,45.443,-0.277,-0.422,1.032,139.649,-6.344,50.366,0.291,-0.428,0.728,3.519,-16.359,-3.58,arriba
1780982806.5919268,-0.708,-0.041,0.544,47.939,-24.344,55.947,-0.568,-0.078,0.586,61.336,-6.427,51.038,-0.195,-0.06,0.856,86.252,-3.626,16.603,-0.188,-0.096,0.942,87.252,-3.443,24.153,0.334,-0.415,0.727,7.908,-4.42,0.313,arriba
1780982806.690945,-0.809,0.052,0.599,23.305,-8.099,27.885,-0.653,0.029,0.631,22.55,-3.374,22.916,-0.271,0.041,0.974,39.718,-0.901,9.069,-0.225,0.038,0.984,55.672,-6.473,14.061,0.352,-0.406,0.713,4.511,-4.504,0.328,arriba
1780982806.7853985,-0.777,0.097,0.617,3.809,-2.076,9.794,-0.662,0.07,0.663,1.885,0.542,9.481,-0.266,0.116,0.921,15.473,2.069,4.878,-0.195,0.136,0.956,26.763,2.443,8.092,0.35,-0.401,0.723,0.229,1.076,-1.855,arriba
1780982806.889768,-0.794,0.092,0.621,-7.084,4.26,-12.382,-0.683,0.056,0.674,-17.29,2.611,-13.641,-0.301,0.09,0.948,-21.71,2.435,-7.863,-0.238,0.097,1.005,-21.305,12.618,-7.55,0.345,-0.408,0.734,-3.351,5.366,1.687,arriba
1780982806.9916964,-0.733,0.073,0.54,-29.832,15.244,-33.863,-0.622,0.021,0.608,-54.595,7.191,-41.863,-0.262,-0.004,0.992,-61.702,8.985,-15.313,-0.254,-0.023,1.057,-68.435,27.145,-22.756,0.346,-0.422,0.737,-6.527,11.359,3.947,arriba
1780982807.1088984,-0.772,-0.041,0.516,-51.397,7.481,-55.198,-0.66,-0.161,0.62,-81.931,-10.405,-62.008,-0.214,-0.206,0.983,-132.802,-6.344,-41.947,-0.267,-0.266,1.089,-141.947,20.702,-52.489,0.34,-0.42,0.74,-3.389,13.695,2.443,arriba
1780982807.2041247,-0.883,-0.135,0.541,-26.26,5.595,-28.115,-0.702,-0.261,0.597,-51.298,-4.313,-25.733,-0.29,-0.333,0.957,-61.344,-12.931,-9.26,-0.244,-0.364,0.967,-62.229,5.023,-19.519,0.326,-0.424,0.734,-1.977,6.145,-0.664,arriba
1780982807.303925,-0.82,-0.205,0.512,-28.313,11.954,-32.344,-0.72,-0.393,0.646,-55.924,0.275,-32.107,-0.298,-0.456,0.981,-57.885,1.374,-9.481,-0.233,-0.533,0.973,-47.313,13.985,-17.351,0.302,-0.422,0.719,-3.908,5.115,1.046,arriba
1780982807.4033198,-0.837,-0.234,0.54,-2.053,-1.053,-0.824,-0.66,-0.369,0.607,-6.282,-1.145,-1.115,-0.256,-0.428,0.892,1.71,-1.931,0.229,-0.242,-0.471,0.906,1.87,6.435,-0.809,0.304,-0.427,0.741,-0.145,1.664,-0.145,arriba
1780982807.5063882,-0.828,-0.237,0.534,-0.565,1.321,-1.351,-0.664,-0.362,0.602,-6.496,0.282,-0.244,-0.264,-0.426,0.895,-1.298,-0.527,0.504,-0.244,-0.473,0.917,0.947,5.725,-0.695,0.304,-0.432,0.74,-0.198,2.534,-0.076,arriba
1780982807.6222377,-0.825,-0.241,0.537,-0.13,2.282,0.031,-0.66,-0.362,0.604,-6.679,1.023,-0.053,-0.258,-0.423,0.89,-0.031,0.893,0.405,-0.245,-0.472,0.902,1.267,7.13,-0.198,0.306,-0.424,0.736,-0.786,2.473,-0.099,arriba
1780982807.7237046,-0.823,-0.236,0.532,-0.863,1.588,-0.687,-0.656,-0.361,0.597,-6.191,0.588,0.122,-0.254,-0.425,0.891,-0.389,-0.336,0.229,-0.246,-0.467,0.908,0.939,7.008,-0.359,0.302,-0.431,0.746,-0.756,2.71,0.076,arriba
1780982810.3911002,-0.823,-0.238,0.536,-0.504,1.603,-0.74,-0.656,-0.36,0.595,-6.519,0.656,-1.015,-0.264,-0.425,0.893,-0.74,-0.015,0.252,-0.243,-0.479,0.898,1.573,6.656,-0.893,0.3,-0.421,0.742,-0.718,2.008,0.031,arriba
1780982810.5055242,-0.819,-0.232,0.531,-0.718,1.885,-0.542,-0.661,-0.364,0.607,-6.42,0.855,-0.481,-0.259,-0.416,0.881,-0.115,0.893,0.344,-0.242,-0.48,0.907,1.718,6.855,-0.397,0.298,-0.433,0.748,-0.366,2.45,0.046,arriba
1780982810.6051118,-0.826,-0.231,0.536,-1.107,1.71,-1.13,-0.658,-0.359,0.602,-6.55,0.664,-0.321,-0.267,-0.431,0.894,-0.115,-0.489,0.366,-0.251,-0.473,0.902,1.702,7.473,-0.489,0.292,-0.418,0.743,-0.481,2.313,-0.13,arriba
1780982810.7094471,-0.826,-0.234,0.529,-0.74,1.046,-0.115,-0.664,-0.367,0.599,-6.611,1.023,-0.229,-0.259,-0.429,0.889,-0.221,0.015,-0.153,-0.25,-0.477,0.902,1.504,6.802,-0.405,0.293,-0.426,0.746,-0.893,1.733,0.008,arriba
1780982810.802336,-0.824,-0.233,0.541,-0.824,1.061,-0.893,-0.657,-0.368,0.597,-6.26,0.511,-0.16,-0.26,-0.432,0.887,-0.84,0.321,-0.42,-0.243,-0.477,0.902,1.794,7.092,-0.519,0.302,-0.427,0.742,-0.588,2.466,0.0,arriba
1780982810.9053183,-0.823,-0.238,0.531,-0.55,1.313,-0.916,-0.661,-0.366,0.594,-5.885,0.496,-0.061,-0.266,-0.43,0.891,0.443,-0.794,-0.237,-0.24,-0.476,0.9,2.0,6.924,-0.26,0.299,-0.424,0.736,-0.489,2.939,-0.046,arriba
1780982811.0085933,-0.827,-0.236,0.536,-2.74,2.687,1.282,-0.658,-0.369,0.608,-2.191,6.069,3.489,-0.247,-0.518,1.147,69.786,8.42,20.282,-0.247,-0.597,1.186,45.153,3.779,24.313,0.299,-0.434,0.761,-0.802,-0.55,0.931,arriba
1780982811.1116052,-0.803,-0.138,0.495,69.321,-29.443,68.206,-0.675,-0.241,0.597,88.786,-16.534,64.221,-0.219,-0.26,0.899,101.847,-17.511,26.282,-0.12,-0.417,1.164,115.931,-12.397,6.313,0.337,-0.426,0.74,10.046,-18.634,-2.122,arriba
1780982811.2232454,-0.74,0.014,0.553,25.733,-20.84,39.542,-0.612,-0.053,0.682,31.321,-4.435,43.229,-0.18,-0.077,1.009,59.588,0.069,14.702,-0.216,-0.112,0.96,76.534,-5.267,5.527,0.304,-0.441,0.84,2.084,-2.229,-4.878,arriba
1780982811.3218534,-0.808,0.059,0.631,13.191,-2.817,18.053,-0.683,0.035,0.671,14.763,3.458,17.328,-0.292,0.004,1.017,40.008,3.618,11.855,-0.262,-0.035,1.06,54.916,1.641,24.954,0.367,-0.406,0.738,6.603,-5.626,-0.84,arriba
1780982811.422869,-0.773,0.109,0.62,15.473,-2.336,15.748,-0.643,0.079,0.651,6.779,3.053,11.626,-0.238,0.117,0.885,21.099,2.809,7.649,-0.23,0.099,0.978,30.305,3.076,12.42,0.392,-0.388,0.712,5.634,-0.878,2.901,arriba
1780982811.5237932,-0.768,0.114,0.589,-12.924,8.847,-17.221,-0.658,0.062,0.665,-23.908,4.969,-19.756,-0.266,0.076,0.997,-25.305,2.534,-9.87,-0.214,0.052,1.064,-26.863,15.122,-7.802,0.376,-0.407,0.73,-7.595,9.389,3.13,arriba
1780982811.6407619,-0.717,0.087,0.543,-30.053,6.527,-32.313,-0.541,0.063,0.544,-50.939,-3.573,-42.382,-0.194,0.037,0.822,-91.053,-4.992,-20.771,-0.187,-0.038,0.99,-95.527,10.939,-29.069,0.356,-0.416,0.72,-11.26,17.145,6.366,arriba
1780982811.7398286,-0.961,-0.088,0.675,-37.076,11.878,-46.366,-0.813,-0.219,0.769,-50.069,-2.481,-43.779,-0.363,-0.294,1.169,-75.908,-0.458,-28.092,-0.33,-0.339,1.189,-63.824,10.603,-31.0,0.323,-0.43,0.741,-1.298,9.809,1.237,arriba
1780982811.833152,-0.74,-0.065,0.532,-17.466,2.847,-17.878,-0.576,-0.166,0.602,-41.053,-5.687,-23.603,-0.201,-0.23,0.862,-51.58,-2.45,-10.924,-0.163,-0.29,0.939,-59.542,12.511,-16.405,0.337,-0.42,0.735,-0.725,12.908,2.405,arriba
1780982811.935889,-0.82,-0.166,0.531,-41.298,14.0,-46.031,-0.691,-0.299,0.604,-79.679,5.725,-48.191,-0.279,-0.409,0.914,-82.275,8.45,-13.771,-0.266,-0.449,0.956,-73.519,11.008,-17.771,0.302,-0.428,0.754,-2.298,15.496,2.244,arriba
1780982812.0384748,-0.864,-0.213,0.518,-7.237,11.565,-3.947,-0.676,-0.356,0.595,-7.298,1.939,-2.26,-0.254,-0.429,0.91,-3.42,-1.397,-0.237,-0.227,-0.464,0.924,-0.16,-1.053,-0.534,0.294,-0.424,0.746,-1.725,3.084,0.221,arriba
1780982812.1416776,-0.828,-0.249,0.538,-0.527,1.107,0.183,-0.665,-0.369,0.598,-6.466,1.038,-0.687,-0.264,-0.43,0.893,0.779,-1.053,-0.519,-0.226,-0.467,0.915,1.618,5.748,-1.0,0.302,-0.421,0.745,-0.557,2.206,-0.206,arriba
1780982812.2578182,-0.821,-0.24,0.531,-0.687,1.382,0.0,-0.658,-0.371,0.592,-6.321,-0.023,-0.473,-0.261,-0.425,0.892,-0.748,0.603,-0.542,-0.226,-0.465,0.918,1.26,6.573,-0.847,0.299,-0.424,0.738,-0.618,1.435,-0.168,arriba
1780982812.3550398,-0.828,-0.246,0.546,-0.916,1.626,-0.985,-0.662,-0.367,0.602,-6.237,0.45,-0.405,-0.26,-0.424,0.89,-0.336,-0.45,-0.305,-0.224,-0.467,0.915,1.099,6.74,-0.107,0.295,-0.422,0.754,-0.87,2.26,-0.099,arriba
1780982815.025213,-0.828,-0.238,0.535,-0.809,1.389,-0.466,-0.66,-0.365,0.599,-6.267,0.794,-0.511,-0.261,-0.43,0.89,-0.031,-0.359,-0.137,-0.225,-0.473,0.917,1.466,6.672,-0.71,0.291,-0.423,0.75,-0.634,2.214,0.076,arriba
1780982815.1288395,-0.825,-0.237,0.537,-0.405,1.954,-0.771,-0.663,-0.369,0.602,-6.58,0.214,-0.702,-0.259,-0.425,0.892,-0.557,0.26,-0.076,-0.229,-0.471,0.914,1.786,7.145,-0.527,0.296,-0.423,0.741,-0.565,2.267,0.069,arriba
1780982815.2409852,-0.826,-0.241,0.538,-1.328,1.496,-0.985,-0.662,-0.366,0.596,-6.382,0.901,-0.298,-0.264,-0.43,0.889,-0.229,0.244,0.0,-0.225,-0.473,0.914,1.397,6.656,-0.809,0.291,-0.425,0.742,-0.519,2.351,-0.099,arriba
1780982815.3404841,-0.823,-0.239,0.536,-0.328,1.473,-0.359,-0.658,-0.365,0.591,-6.405,0.664,-0.336,-0.259,-0.427,0.895,-0.374,0.16,0.321,-0.231,-0.471,0.909,1.71,6.702,-0.626,0.292,-0.424,0.74,-1.046,1.29,-0.031,arriba
1780982815.4378514,-0.827,-0.237,0.534,-0.939,1.458,-1.168,-0.661,-0.362,0.597,-6.542,0.496,-0.374,-0.258,-0.426,0.883,-0.435,0.344,0.183,-0.23,-0.476,0.917,1.351,6.992,-0.763,0.289,-0.419,0.752,-0.489,2.511,0.107,arriba
1780982815.544647,-0.83,-0.241,0.535,-0.634,1.458,-0.733,-0.658,-0.365,0.598,-6.45,0.847,-0.214,-0.26,-0.426,0.893,-0.405,0.443,0.099,-0.228,-0.473,0.912,1.832,7.366,-0.626,0.29,-0.419,0.747,-0.656,2.214,0.038,arriba
1780982815.6548293,-0.823,-0.237,0.531,-0.885,1.748,-0.954,-0.661,-0.363,0.607,-6.756,0.557,-0.374,-0.26,-0.426,0.891,-0.382,-0.282,-0.221,-0.227,-0.474,0.914,1.794,6.817,-0.45,0.293,-0.423,0.735,-0.397,2.389,-0.16,arriba
1780982815.7531831,-0.823,-0.24,0.54,-1.237,3.855,1.527,-0.693,-0.366,0.602,-8.061,1.191,2.321,-0.273,-0.446,0.945,5.298,7.206,5.252,-0.494,-0.482,0.83,3.718,22.893,22.298,0.301,-0.412,0.733,-0.145,2.244,-0.214,arriba
1780982815.858881,-1.026,-0.226,0.611,138.71,-33.573,120.359,-0.78,-0.27,0.415,170.137,-18.924,113.725,-0.383,-0.222,0.691,194.473,-20.863,51.641,-0.268,-0.246,0.663,175.962,-34.183,53.015,0.31,-0.418,0.736,6.687,-40.969,-10.473,arriba
1780982815.9523444,-0.672,0.07,0.578,46.252,-4.733,41.008,-0.566,0.069,0.528,39.672,0.786,34.183,-0.251,0.109,0.832,55.786,12.794,3.481,-0.225,-0.028,0.906,61.702,9.191,8.779,0.333,-0.382,0.699,6.557,0.756,-0.382,arriba
1780982816.056149,-0.784,0.11,0.595,2.16,4.351,7.29,-0.672,0.073,0.634,-1.282,3.557,9.481,-0.243,0.127,0.905,6.71,0.985,3.229,-0.202,0.021,0.964,15.137,5.962,2.191,0.366,-0.39,0.715,-1.74,-0.328,-0.664,arriba
1780982816.158936,-0.784,0.109,0.589,-8.183,5.389,-11.305,-0.662,0.076,0.606,-21.397,4.969,-13.664,-0.267,0.1,0.936,-20.527,4.626,-3.916,-0.215,0.011,0.985,-14.824,12.977,-4.954,0.369,-0.396,0.719,-5.954,7.473,1.824,arriba
1780982816.2709832,-0.791,0.046,0.557,-38.015,20.672,-40.481,-0.671,-0.033,0.674,-56.779,21.733,-39.504,-0.281,0.042,0.947,-48.374,12.527,-10.351,-0.198,-0.045,1.0,-32.168,24.832,-6.229,0.342,-0.418,0.732,-5.527,13.649,2.924,arriba
1780982816.370534,-0.731,-0.048,0.513,-59.176,12.313,-62.29,-0.618,-0.135,0.554,-86.565,-0.252,-67.786,-0.236,-0.172,0.922,-129.344,3.038,-36.603,-0.229,-0.232,0.95,-134.84,10.893,-49.443,0.335,-0.423,0.737,0.634,26.786,5.267,arriba
1780982816.4683905,-0.961,-0.215,0.564,-35.16,12.389,-34.076,-0.796,-0.325,0.594,-53.107,-3.397,-30.893,-0.346,-0.31,0.876,-84.237,-2.679,-17.977,-0.278,-0.393,0.906,-75.221,-0.076,-17.473,0.296,-0.422,0.739,-4.336,2.687,-1.29,arriba
1780982816.5708458,-0.855,-0.235,0.513,-6.954,-4.45,-4.145,-0.64,-0.366,0.641,-7.069,7.786,-0.321,-0.32,-0.453,0.936,-6.382,-0.473,5.786,-0.245,-0.486,0.974,3.137,0.962,-0.305,0.299,-0.417,0.738,-3.374,0.977,-0.786,arriba
1780982816.6899467,-0.837,-0.236,0.522,-1.71,0.863,-1.198,-0.673,-0.367,0.575,-7.023,0.42,-0.916,-0.268,-0.423,0.883,-1.916,-3.985,0.168,-0.229,-0.473,0.922,1.397,4.901,-0.313,0.292,-0.425,0.733,-0.786,2.916,-0.26,arriba
1780982816.7917168,-0.827,-0.237,0.526,-0.328,0.893,-0.046,-0.676,-0.37,0.584,-6.435,0.679,-0.962,-0.27,-0.429,0.881,-0.58,-0.763,0.313,-0.236,-0.475,0.911,1.29,6.382,-0.748,0.297,-0.421,0.745,-0.763,3.023,-0.176,arriba
1780982816.887666,-0.829,-0.241,0.526,-0.962,1.321,-1.107,-0.666,-0.368,0.589,-6.534,0.466,-0.641,-0.271,-0.433,0.886,-0.412,0.023,0.221,-0.234,-0.474,0.901,1.55,7.084,-0.443,0.296,-0.426,0.738,-0.893,2.099,0.038,arriba
1780982816.9882016,-0.829,-0.239,0.527,-0.122,1.672,-1.0,-0.668,-0.368,0.591,-6.313,0.756,-0.466,-0.266,-0.431,0.885,-0.282,0.336,-0.244,-0.236,-0.472,0.909,1.229,6.878,-0.817,0.294,-0.424,0.748,-0.527,2.344,0.038,arriba
1780982819.6712348,-0.829,-0.238,0.527,-1.374,1.359,-1.519,-0.67,-0.365,0.584,-6.473,0.466,-0.962,-0.264,-0.432,0.88,-0.198,-0.237,0.176,-0.231,-0.48,0.905,1.687,7.076,-0.878,0.292,-0.424,0.74,-0.641,2.489,-0.031,arriba
1780982819.7715092,-0.833,-0.238,0.528,-0.718,1.565,-0.504,-0.669,-0.373,0.579,-6.328,0.595,-0.588,-0.265,-0.432,0.887,-0.565,-0.13,-0.13,-0.234,-0.485,0.908,1.71,6.458,-0.771,0.291,-0.433,0.747,-0.573,2.496,-0.076,arriba
1780982819.8711946,-0.825,-0.242,0.525,-1.244,1.55,-1.183,-0.669,-0.369,0.589,-6.382,0.496,-0.344,-0.267,-0.434,0.886,-0.305,0.519,-0.664,-0.24,-0.48,0.903,1.893,7.252,-0.504,0.292,-0.42,0.739,-0.855,2.061,-0.153,arriba
1780982819.9698362,-0.829,-0.24,0.526,-0.977,1.176,-1.252,-0.666,-0.372,0.584,-6.466,0.885,-0.55,-0.267,-0.429,0.882,-0.351,-0.038,-0.099,-0.234,-0.482,0.9,1.542,6.656,-1.191,0.292,-0.426,0.745,-0.763,2.107,-0.031,arriba
1780982820.0728834,-0.832,-0.236,0.525,-0.908,1.191,-0.565,-0.666,-0.367,0.59,-6.58,0.817,0.031,-0.263,-0.432,0.885,-0.176,-0.023,0.298,-0.235,-0.482,0.906,1.893,7.046,-0.634,0.293,-0.422,0.739,-0.458,2.382,-0.153,arriba
1780982820.18649,-0.834,-0.237,0.53,-0.992,1.435,-0.618,-0.668,-0.371,0.589,-6.405,0.786,-0.321,-0.266,-0.434,0.885,-0.176,0.359,0.656,-0.228,-0.479,0.904,2.511,6.947,-0.466,0.293,-0.427,0.743,0.046,3.649,-0.359,arriba
1780982820.2877364,-0.844,-0.252,0.52,-2.115,6.466,-1.023,-0.803,-0.513,1.554,49.191,-39.832,4.084,-0.245,-0.537,1.266,78.145,-2.206,11.794,-0.443,-0.667,1.29,31.649,1.641,40.84,0.302,-0.426,0.713,-2.939,-10.267,-4.908,arriba
1780982820.3863018,-0.751,-0.087,0.489,74.122,-38.176,88.397,-0.535,-0.157,0.518,98.939,-28.908,80.099,-0.134,-0.2,0.846,122.748,-28.038,33.42,-0.113,-0.272,0.947,108.901,-18.84,34.809,0.361,-0.42,0.723,-0.305,-17.328,-4.802,arriba
1780982820.4851098,-0.853,0.035,0.598,36.55,-5.794,38.847,-0.695,-0.007,0.611,39.351,-0.221,38.443,-0.284,-0.02,0.899,67.695,-0.992,16.053,-0.216,-0.087,0.94,72.313,-7.015,22.237,0.358,-0.411,0.724,3.397,-15.397,-1.771,arriba
1780982820.5884118,-0.776,0.118,0.604,14.603,2.489,17.519,-0.645,0.068,0.681,12.656,5.084,18.099,-0.241,0.089,0.963,36.832,8.84,7.092,-0.198,-0.005,1.037,52.817,3.618,11.412,0.379,-0.401,0.722,3.092,-4.817,0.504,arriba
1780982820.690943,-0.713,0.148,0.583,-5.718,3.664,-4.702,-0.585,0.097,0.656,-17.366,9.885,-6.992,-0.184,0.145,0.893,-15.13,4.626,-4.626,-0.162,0.095,0.978,-13.84,15.817,-5.771,0.377,-0.413,0.708,-0.557,9.626,4.771,arriba
1780982820.8033543,-0.785,0.107,0.575,-23.481,18.489,-26.427,-0.656,0.059,0.57,-44.351,20.641,-27.42,-0.251,0.115,0.778,-51.794,5.366,-8.084,-0.207,0.08,0.887,-45.191,11.832,-12.046,0.365,-0.41,0.725,-6.107,12.443,2.992,arriba
1780982820.9005888,-0.782,-0.032,0.564,-47.267,19.809,-64.389,-0.696,-0.147,0.671,-76.817,11.427,-62.0,-0.292,-0.188,1.088,-91.58,16.305,-29.435,-0.277,-0.229,1.109,-101.748,29.015,-38.115,0.339,-0.424,0.737,-0.061,21.305,3.534,arriba
1780982821.000472,-0.821,-0.117,0.555,-32.771,6.359,-33.832,-0.647,-0.207,0.559,-58.779,-1.847,-36.237,-0.272,-0.265,0.928,-76.71,0.191,-15.282,-0.254,-0.316,0.982,-71.038,10.229,-18.298,0.325,-0.418,0.738,-1.466,13.397,2.336,arriba
1780982821.1030114,-0.908,-0.234,0.561,-26.84,14.023,-29.969,-0.732,-0.362,0.608,-46.481,4.519,-28.389,-0.315,-0.395,0.893,-49.542,3.313,-7.427,-0.273,-0.4,0.899,-41.397,7.359,-11.756,0.294,-0.425,0.737,-2.221,4.511,-0.168,arriba
1780982821.2060273,-0.803,-0.249,0.546,2.55,1.519,-0.176,-0.663,-0.362,0.602,-6.695,1.198,-0.214,-0.258,-0.426,0.889,0.45,6.458,0.473,-0.245,-0.429,0.878,-13.695,4.695,-6.252,0.298,-0.425,0.742,-1.427,3.527,-0.275,arriba
1780982821.3198423,-0.824,-0.245,0.531,-1.634,0.466,-0.771,-0.661,-0.367,0.603,-6.13,1.565,-0.45,-0.258,-0.417,0.883,0.397,0.954,-0.038,-0.234,-0.456,0.904,1.649,7.924,0.038,0.306,-0.426,0.74,-0.702,2.74,-0.214,arriba
1780982821.412154,-0.823,-0.24,0.533,-0.649,1.267,-0.29,-0.658,-0.361,0.601,-6.282,0.153,-0.74,-0.26,-0.425,0.901,-0.496,0.137,0.046,-0.235,-0.463,0.917,0.687,6.489,-0.115,0.302,-0.418,0.745,-0.267,2.916,-0.176,arriba
1780982821.5187356,-0.823,-0.241,0.534,-0.794,1.313,-1.183,-0.66,-0.366,0.6,-5.847,0.489,-0.282,-0.264,-0.421,0.893,-0.107,-0.466,-0.13,-0.232,-0.465,0.915,1.527,6.023,-0.695,0.292,-0.42,0.736,-0.496,2.229,-1.0,arriba
1780982821.6178405,-0.822,-0.24,0.532,-0.16,0.061,-0.534,-0.656,-0.364,0.593,-5.595,0.137,-0.244,-0.256,-0.42,0.899,0.122,-0.702,0.015,-0.238,-0.458,0.912,0.595,5.855,-0.595,0.299,-0.429,0.738,-0.573,2.313,-0.504,arriba
1780982824.29597,-0.826,-0.238,0.536,-0.985,1.313,-0.298,-0.66,-0.363,0.604,-6.351,0.718,-0.58,-0.261,-0.426,0.885,-0.168,0.267,0.405,-0.236,-0.468,0.918,1.557,7.26,0.038,0.292,-0.422,0.737,-0.489,2.466,0.107,arriba
1780982824.399303,-0.827,-0.236,0.541,-0.542,1.595,-0.389,-0.66,-0.366,0.595,-6.473,0.527,-1.092,-0.262,-0.421,0.891,-0.359,0.168,0.29,-0.237,-0.472,0.914,1.527,6.985,-1.015,0.295,-0.415,0.738,-0.649,1.962,-0.069,arriba
1780982824.504828,-0.826,-0.239,0.538,-0.435,1.74,-1.221,-0.661,-0.365,0.598,-6.672,0.481,-0.336,-0.264,-0.424,0.895,-0.29,-0.053,0.26,-0.236,-0.469,0.914,1.557,6.817,-0.458,0.295,-0.423,0.738,-0.489,2.244,0.16,arriba
1780982824.6052375,-0.824,-0.234,0.535,-0.969,1.275,-1.145,-0.663,-0.372,0.605,-5.947,0.779,-0.244,-0.262,-0.421,0.893,-0.13,0.16,-0.237,-0.236,-0.47,0.915,1.534,7.305,-0.695,0.295,-0.425,0.731,-0.511,2.099,0.0,arriba
1780982824.720096,-0.825,-0.238,0.539,-0.809,1.267,-0.145,-0.666,-0.365,0.602,-6.565,0.641,-0.366,-0.258,-0.425,0.893,-0.443,-0.099,-0.008,-0.237,-0.471,0.911,1.504,7.229,-0.893,0.296,-0.425,0.749,-0.466,2.282,0.015,arriba
1780982824.8204503,-0.822,-0.236,0.54,-1.0,1.214,-0.977,-0.663,-0.365,0.602,-6.45,0.679,-0.13,-0.26,-0.425,0.899,-0.115,-0.122,-0.244,-0.236,-0.465,0.912,2.015,6.87,-0.771,0.296,-0.427,0.746,-0.656,2.29,-0.008,arriba
1780982824.9178362,-0.83,-0.239,0.536,-0.634,1.176,-1.092,-0.66,-0.369,0.601,-6.015,0.687,0.023,-0.262,-0.425,0.893,-0.214,0.092,-0.336,-0.237,-0.466,0.914,1.924,7.069,-0.992,0.292,-0.423,0.741,-0.641,2.359,-0.382,arriba
1780982825.0173483,-0.865,-0.223,0.528,-1.786,2.573,0.351,-0.657,-0.362,0.604,-8.015,1.351,1.489,-0.269,-0.421,0.908,3.191,4.863,3.046,-0.256,-0.458,0.923,4.229,9.557,2.489,0.29,-0.417,0.749,0.229,2.656,0.878,arriba
1780982825.120536,-0.91,-0.254,0.6,61.244,-3.71,52.992,-0.707,-0.328,0.61,87.137,-16.366,52.145,-0.352,-0.34,0.904,99.489,-20.183,19.756,-0.26,-0.392,0.906,82.573,-11.481,21.756,0.309,-0.415,0.737,-3.924,-21.153,-5.42,arriba
1780982825.2374022,-0.799,-0.085,0.59,60.298,-7.038,53.588,-0.674,-0.166,0.624,70.504,10.84,50.496,-0.277,-0.162,0.841,94.435,7.328,20.947,-0.266,-0.209,0.891,87.718,4.847,20.183,0.313,-0.403,0.743,2.718,-7.794,-3.74,arriba
1780982825.3393705,-0.812,0.038,0.603,35.015,-7.985,38.069,-0.669,-0.018,0.64,34.252,-3.489,35.809,-0.283,-0.055,1.023,64.374,1.55,14.26,-0.217,-0.095,1.04,74.908,0.947,20.794,0.386,-0.458,0.771,-1.282,-12.58,-4.649,arriba
1780982825.437183,-0.818,0.097,0.606,20.16,-2.0,27.176,-0.676,0.062,0.646,17.26,3.489,28.863,-0.265,0.104,0.895,42.511,-0.809,12.985,-0.222,0.074,0.968,52.031,-6.382,16.71,0.378,-0.396,0.722,4.397,-10.885,-5.588,arriba
1780982825.5365999,-0.733,0.174,0.553,0.237,4.221,2.0,-0.697,0.124,0.562,-11.389,2.534,-0.656,-0.229,0.167,0.861,-9.855,0.29,0.397,-0.168,0.162,0.901,-11.214,10.618,-0.519,0.4,-0.385,0.699,-4.229,6.122,3.466,arriba
1780982825.6354861,-0.82,0.121,0.601,-12.595,8.985,-15.359,-0.711,0.062,0.633,-25.458,6.427,-16.649,-0.297,0.097,0.894,-30.16,2.13,-6.061,-0.23,0.085,0.966,-24.198,10.55,-4.656,0.369,-0.397,0.712,-8.107,5.58,0.229,arriba
1780982825.7383614,-0.863,-0.009,0.669,-39.031,24.885,-48.168,-0.805,-0.115,0.813,-45.756,23.29,-41.107,-0.321,-0.083,1.098,-45.565,21.802,-18.878,-0.291,-0.053,1.066,-28.527,29.748,-10.885,0.31,-0.422,0.739,-0.252,18.046,3.099,arriba
1780982825.85286,-0.701,-0.016,0.538,-49.275,4.42,-46.565,-0.57,-0.104,0.614,-77.466,-9.733,-53.252,-0.192,-0.178,1.028,-101.595,1.977,-28.863,-0.18,-0.183,1.054,-103.702,24.626,-41.947,0.347,-0.429,0.725,-0.298,22.992,5.473,arriba
1780982825.953584,-0.863,-0.174,0.561,-49.832,7.588,-53.008,-0.665,-0.287,0.559,-83.954,-8.802,-56.145,-0.353,-0.405,0.936,-110.183,-13.13,-25.756,-0.328,-0.442,1.081,-110.458,5.954,-33.901,0.311,-0.42,0.744,-1.221,14.718,1.58,arriba
1780982826.0517027,-0.803,-0.232,0.49,-3.076,4.336,-3.176,-0.64,-0.374,0.624,-3.397,-0.168,-1.023,-0.253,-0.403,0.897,-5.282,-4.588,-2.282,-0.235,-0.418,0.905,-11.42,-2.542,-9.328,0.303,-0.422,0.748,-5.71,6.939,-0.16,arriba
1780982826.1516228,-0.825,-0.241,0.546,-1.0,-0.603,-0.847,-0.662,-0.369,0.61,-5.656,-2.87,-1.748,-0.274,-0.427,0.89,-0.45,-2.115,-0.924,-0.255,-0.475,0.927,-8.427,7.527,-4.298,0.302,-0.425,0.737,0.191,0.656,-0.504,arriba
1780982826.2532659,-0.821,-0.241,0.541,-0.679,0.267,-0.832,-0.661,-0.363,0.593,-6.595,0.405,-0.87,-0.259,-0.425,0.893,0.008,-0.893,-0.481,-0.237,-0.471,0.906,1.588,4.969,-0.26,0.301,-0.428,0.74,-0.977,2.588,0.023,arriba
1780982828.931605,-0.823,-0.243,0.543,-1.191,0.977,-0.298,-0.66,-0.367,0.6,-6.748,0.565,-0.702,-0.262,-0.424,0.89,-0.328,0.16,0.275,-0.236,-0.473,0.908,1.466,6.87,-0.511,0.294,-0.423,0.747,-0.618,1.939,0.092,arriba
1780982829.0371172,-0.823,-0.242,0.539,-0.832,1.534,-1.115,-0.66,-0.368,0.6,-6.427,0.817,-0.618,-0.262,-0.428,0.897,-0.275,-0.382,0.023,-0.235,-0.477,0.913,1.519,7.359,-0.374,0.307,-0.43,0.733,-0.687,2.267,-0.015,arriba
1780982829.1393704,-0.824,-0.24,0.534,-0.527,1.405,-1.031,-0.663,-0.364,0.592,-6.389,0.519,-0.672,-0.259,-0.429,0.887,-0.092,-0.206,0.023,-0.236,-0.475,0.913,1.893,6.954,-0.947,0.298,-0.422,0.74,-0.58,2.489,-0.023,arriba
1780982829.2404273,-0.821,-0.239,0.54,-1.115,1.656,-0.901,-0.662,-0.371,0.595,-6.55,0.908,-0.443,-0.261,-0.43,0.891,-0.313,0.305,-0.389,-0.238,-0.471,0.913,1.55,6.756,-0.672,0.297,-0.427,0.736,-0.397,2.802,0.069,arriba
1780982829.353067,-0.823,-0.241,0.542,-1.206,1.198,-0.244,-0.66,-0.364,0.591,-6.679,0.359,-0.733,-0.262,-0.43,0.889,-0.084,-0.336,-0.198,-0.236,-0.467,0.904,1.863,6.901,-0.191,0.299,-0.423,0.743,-0.29,3.084,-0.29,arriba
1780982829.4555395,-0.82,-0.24,0.545,-1.511,1.603,-1.29,-0.662,-0.365,0.592,-6.45,0.954,-0.382,-0.26,-0.43,0.891,-0.015,0.221,0.863,-0.236,-0.474,0.913,1.977,7.641,0.023,0.303,-0.425,0.742,0.031,3.641,-0.031,arriba
1780982829.5500872,-0.831,-0.243,0.548,-0.832,1.55,0.046,-0.662,-0.373,0.615,-5.534,3.252,0.626,-0.271,-0.448,0.9,6.74,7.351,3.344,-0.324,-0.527,1.096,21.489,11.382,9.031,0.282,-0.419,0.743,0.153,3.618,-0.16,arriba
1780982829.652826,-0.861,-0.162,0.5,89.412,-32.969,82.344,-0.744,-0.277,0.526,98.847,-11.992,84.702,-0.252,-0.242,0.82,119.092,-16.221,42.954,-0.275,-0.31,0.887,116.55,-17.092,29.397,0.339,-0.418,0.733,-2.145,-25.702,-8.351,arriba
1780982829.7557223,-0.744,-0.007,0.532,57.061,-11.924,55.366,-0.633,-0.048,0.58,60.496,2.656,49.481,-0.29,-0.055,0.888,93.122,-0.076,12.977,-0.205,-0.114,0.954,86.55,-0.687,18.779,0.375,-0.414,0.728,4.702,-13.672,-6.427,arriba
1780982829.8583984,-0.793,0.104,0.6,24.244,-4.718,30.916,-0.701,0.056,0.652,31.015,3.29,32.748,-0.242,0.067,0.958,62.496,9.252,12.893,-0.164,0.044,0.962,79.313,5.557,23.038,0.377,-0.39,0.724,14.443,-10.168,-1.519,arriba
1780982829.966144,-0.757,0.169,0.594,13.221,1.504,15.748,-0.661,0.125,0.634,8.817,7.359,14.855,-0.275,0.207,0.866,29.947,6.725,4.076,-0.206,0.186,0.924,36.359,6.611,9.489,0.388,-0.357,0.704,10.527,-2.389,0.206,arriba
1780982830.069814,-0.731,0.182,0.567,-10.26,4.26,-15.527,-0.643,0.126,0.663,-23.695,1.985,-15.847,-0.252,0.167,0.957,-23.908,3.534,-8.634,-0.21,0.136,1.061,-17.893,15.954,-5.756,0.415,-0.392,0.75,-5.115,11.634,4.802,arriba
1780982830.1684399,-0.758,0.133,0.582,-32.824,6.244,-34.718,-0.624,0.094,0.594,-47.252,-3.794,-37.817,-0.233,0.108,0.889,-68.863,-3.504,-16.954,-0.188,0.067,1.026,-71.847,15.092,-20.328,0.383,-0.405,0.729,-22.573,16.351,3.664,arriba
1780982830.2709138,-0.831,-0.015,0.59,-53.519,18.664,-64.519,-0.757,-0.154,0.653,-81.412,-11.26,-67.992,-0.301,-0.186,1.007,-126.649,-8.16,-39.504,-0.224,-0.214,1.05,-132.847,17.397,-44.84,0.352,-0.423,0.718,-5.275,18.389,3.168,arriba
1780982830.389345,-0.872,-0.122,0.577,-44.282,9.656,-40.397,-0.71,-0.259,0.679,-61.061,-4.16,-35.229,-0.277,-0.334,1.004,-79.053,-4.16,-16.214,-0.207,-0.337,1.007,-82.321,10.389,-24.595,0.332,-0.422,0.735,-2.153,11.191,0.748,arriba
1780982830.4764009,-0.809,-0.213,0.529,-47.656,16.038,-48.954,-0.651,-0.305,0.542,-81.634,8.267,-47.466,-0.28,-0.424,0.867,-86.656,10.908,-14.611,-0.264,-0.482,0.947,-80.252,18.16,-20.595,0.315,-0.466,0.726,0.725,17.145,2.611,arriba
1780982830.593243,-0.794,-0.261,0.51,0.87,4.168,0.382,-0.666,-0.38,0.585,-5.847,-1.519,-0.244,-0.269,-0.444,0.902,2.618,2.763,0.718,-0.246,-0.484,0.904,3.649,6.611,-1.183,0.313,-0.42,0.728,1.672,-3.924,-1.015,arriba
1780982830.6826935,-0.829,-0.248,0.531,-1.053,0.756,-0.756,-0.659,-0.371,0.589,-6.511,0.069,-1.023,-0.256,-0.429,0.887,-0.977,0.267,-0.412,-0.225,-0.475,0.917,1.191,6.511,-0.023,0.304,-0.424,0.734,-0.832,3.863,0.153,arriba
1780982830.7857475,-0.823,-0.248,0.528,-0.794,1.588,0.145,-0.663,-0.375,0.589,-6.496,0.519,-0.748,-0.261,-0.431,0.885,-0.099,-0.405,-0.031,-0.227,-0.475,0.915,1.458,7.008,-0.664,0.308,-0.426,0.731,-0.679,2.389,-0.29,arriba
1780982833.567327,-0.825,-0.246,0.537,-0.71,1.282,-0.069,-0.664,-0.374,0.594,-6.458,0.573,-0.527,-0.26,-0.436,0.885,-0.412,0.412,-0.588,-0.23,-0.48,0.909,1.557,6.855,-0.824,0.296,-0.422,0.735,-0.443,2.58,0.015,arriba
1780982833.6696255,-0.827,-0.244,0.532,-1.168,1.42,-1.031,-0.664,-0.372,0.589,-6.557,0.725,-0.405,-0.262,-0.435,0.885,-0.229,-0.519,-0.359,-0.229,-0.483,0.913,1.603,7.115,-0.84,0.306,-0.425,0.734,-0.603,2.206,-0.061,arriba
1780982833.7852073,-0.825,-0.245,0.529,-0.878,1.45,-0.435,-0.666,-0.375,0.583,-6.634,0.626,-0.435,-0.26,-0.433,0.888,-0.16,-0.534,0.374,-0.226,-0.481,0.906,1.672,6.962,-0.42,0.306,-0.429,0.738,-0.527,2.305,-0.046,arriba
1780982833.8868973,-0.827,-0.243,0.529,-0.916,1.718,-0.832,-0.665,-0.371,0.586,-6.672,0.588,-0.382,-0.259,-0.429,0.886,-0.573,0.183,0.664,-0.228,-0.478,0.914,1.603,6.794,-0.595,0.302,-0.422,0.749,-0.397,2.42,-0.031,arriba
1780982833.9838977,-0.828,-0.247,0.53,-0.817,1.275,-1.267,-0.66,-0.372,0.584,-6.58,0.786,-0.771,-0.263,-0.433,0.883,-0.183,-0.053,0.374,-0.227,-0.48,0.91,1.809,6.908,-0.534,0.301,-0.427,0.731,-0.504,2.527,-0.237,arriba
1780982834.0871546,-0.825,-0.244,0.536,-1.107,1.198,-0.405,-0.662,-0.376,0.584,-6.55,0.885,-0.359,-0.268,-0.434,0.896,-0.305,-0.244,0.405,-0.22,-0.479,0.913,2.153,7.84,-0.519,0.305,-0.427,0.731,0.046,3.725,0.069,arriba
1780982834.1869879,-0.823,-0.252,0.526,0.573,5.519,4.344,-0.684,-0.349,0.567,-6.885,5.924,1.87,-0.223,-0.603,1.545,54.878,17.809,20.42,-0.317,-0.527,1.066,65.069,6.45,34.885,0.29,-0.42,0.731,0.313,7.809,2.55,arriba
1780982834.288374,-0.916,-0.172,0.501,78.695,-30.809,78.595,-0.734,-0.262,0.519,105.389,-19.069,70.122,-0.315,-0.252,0.879,125.221,-15.771,40.145,-0.251,-0.259,0.947,110.756,-16.504,38.679,0.331,-0.419,0.738,-2.031,-22.748,-6.557,arriba
1780982834.4015326,-0.788,-0.004,0.552,47.756,-15.672,50.87,-0.666,-0.072,0.635,58.198,-7.817,45.038,-0.261,-0.072,0.978,71.58,-3.672,15.107,-0.251,-0.088,0.999,78.107,-7.153,21.962,0.364,-0.408,0.722,5.069,-11.779,-4.16,arriba
1780982834.5019095,-0.779,0.123,0.572,40.863,-18.328,45.664,-0.66,0.075,0.631,42.977,-5.405,43.847,-0.26,0.062,1.009,66.55,-1.924,14.695,-0.196,0.056,1.011,80.473,-11.649,18.824,0.409,-0.399,0.719,17.504,-18.817,-5.573,arriba
1780982834.6024141,-0.799,0.239,0.583,36.405,1.427,33.809,-0.683,0.192,0.538,26.145,3.969,34.206,-0.315,0.192,0.88,49.901,-2.74,15.351,-0.219,0.206,0.94,57.817,-7.023,13.84,0.408,-0.344,0.714,12.58,-17.076,-7.519,arriba
1780982834.7000968,-0.672,0.258,0.589,-10.061,2.298,-9.626,-0.602,0.227,0.611,-16.672,3.855,-12.084,-0.218,0.249,0.909,-14.168,5.55,-6.015,-0.176,0.231,1.004,-15.763,16.847,-7.649,0.43,-0.345,0.718,-2.969,13.74,6.298,arriba
1780982834.8164759,-0.723,0.251,0.531,-16.557,3.244,-18.786,-0.612,0.201,0.551,-36.718,5.718,-23.878,-0.227,0.208,0.852,-46.817,1.977,-7.069,-0.156,0.223,0.935,-40.824,16.321,-7.176,0.427,-0.348,0.704,-18.092,13.756,4.603,arriba
1780982834.9056954,-0.753,0.151,0.542,-49.603,16.87,-56.656,-0.651,0.07,0.557,-78.527,2.511,-62.985,-0.264,0.057,0.867,-116.351,5.603,-29.519,-0.17,0.106,0.763,-134.053,22.42,-42.603,0.383,-0.432,0.781,-28.397,15.924,6.466,arriba
1780982835.0181391,-0.851,-0.085,0.622,-66.885,30.733,-79.672,-0.735,-0.237,0.624,-115.084,13.298,-73.573,-0.357,-0.304,1.007,-135.237,9.504,-37.214,-0.348,-0.349,1.138,-101.214,19.603,-36.626,0.329,-0.413,0.732,-0.702,24.733,2.336,arriba
1780982835.1121004,-0.872,-0.223,0.598,-43.718,9.214,-42.313,-0.707,-0.381,0.685,-66.206,3.817,-38.015,-0.271,-0.452,1.035,-76.695,-0.718,-17.504,-0.247,-0.504,1.079,-76.053,11.542,-27.931,0.315,-0.421,0.733,-0.344,12.985,2.412,arriba
1780982835.215047,-0.706,-0.266,0.515,3.748,10.527,-0.969,-0.644,-0.385,0.59,-3.947,9.092,2.115,-0.244,-0.443,0.9,-0.466,1.397,-0.29,-0.216,-0.508,0.922,-6.802,3.0,-3.855,0.311,-0.419,0.742,-1.443,9.832,0.305,arriba
1780982835.317369,-0.823,-0.249,0.515,-1.198,1.58,-0.061,-0.677,-0.385,0.571,-6.542,-0.84,0.412,-0.267,-0.444,0.888,-0.664,1.534,1.122,-0.228,-0.488,0.899,1.527,6.58,-0.305,0.313,-0.428,0.737,-0.305,1.206,-0.221,arriba
1780982835.4207587,-0.832,-0.249,0.516,-0.893,0.344,0.282,-0.674,-0.38,0.565,-6.71,0.038,0.359,-0.266,-0.441,0.881,-0.473,-0.046,0.542,-0.222,-0.49,0.908,1.382,6.458,-0.229,0.31,-0.428,0.732,-0.718,2.962,-0.115,arriba
1780982838.2037652,-0.83,-0.243,0.521,-0.718,1.107,-0.626,-0.672,-0.372,0.57,-6.565,0.794,-0.817,-0.263,-0.44,0.875,-0.206,0.336,0.0,-0.22,-0.491,0.908,1.863,6.847,-0.695,0.305,-0.432,0.74,-0.649,2.344,-0.374,arriba
1780982838.3048685,-0.833,-0.245,0.53,-1.061,1.427,-1.351,-0.675,-0.385,0.569,-6.244,0.198,-0.489,-0.268,-0.442,0.878,-0.534,0.107,0.794,-0.226,-0.489,0.904,1.55,7.519,-0.389,0.303,-0.425,0.737,-0.588,2.718,-0.183,arriba
1780982838.408006,-0.833,-0.248,0.522,-0.595,1.221,-0.55,-0.672,-0.378,0.572,-6.397,0.031,-0.733,-0.265,-0.441,0.873,-0.328,-0.664,0.298,-0.223,-0.487,0.898,1.489,7.29,-0.107,0.307,-0.425,0.738,-0.42,2.466,0.137,arriba
1780982838.5215683,-0.832,-0.249,0.519,-1.244,1.656,-1.687,-0.679,-0.379,0.569,-6.275,0.489,-0.504,-0.274,-0.453,0.879,-0.221,-0.527,-0.046,-0.223,-0.49,0.896,1.473,7.015,-0.74,0.307,-0.425,0.723,-0.443,2.496,0.053,arriba
1780982838.6211708,-0.829,-0.249,0.52,-0.679,1.466,-0.878,-0.673,-0.385,0.573,-6.107,0.29,-0.595,-0.268,-0.44,0.879,-0.313,0.092,-0.29,-0.224,-0.486,0.903,1.916,6.718,-0.863,0.306,-0.43,0.734,-0.351,2.435,-0.382,arriba
1780982838.71732,-0.834,-0.244,0.523,-0.557,4.046,2.534,-0.669,-0.37,0.565,-6.916,0.718,1.008,-0.034,-0.318,1.829,38.015,-29.718,-10.855,-0.211,-0.5,1.03,7.542,4.817,16.84,0.315,-0.436,0.767,-2.58,6.046,2.435,arriba
1780982838.8333902,-1.111,-0.306,0.729,108.397,-22.191,88.832,-0.938,-0.421,0.725,178.481,-7.344,90.832,-0.377,-0.454,1.045,227.496,-18.924,56.863,-0.362,-0.432,0.949,226.321,-14.603,76.466,0.274,-0.428,0.745,11.908,-37.603,-7.282,arriba
1780982838.9345672,-0.593,0.061,0.531,52.183,-26.519,70.42,-0.486,0.105,0.554,55.74,-9.076,60.397,-0.102,0.125,0.834,74.992,-5.466,19.809,-0.061,0.058,0.979,84.351,-6.069,24.725,0.422,-0.401,0.72,6.802,1.389,3.023,arriba
1780982839.0257404,-0.86,0.152,0.602,15.824,0.191,17.351,-0.735,0.094,0.639,8.939,4.718,18.45,-0.328,0.14,0.962,27.221,0.519,11.397,-0.255,0.153,0.987,39.557,-2.252,13.489,0.378,-0.386,0.733,7.237,-12.481,-2.221,arriba
1780982839.1292439,-0.758,0.188,0.578,1.756,4.496,2.122,-0.663,0.138,0.626,-7.267,3.42,0.802,-0.271,0.191,0.949,1.718,3.672,0.046,-0.211,0.199,0.992,8.863,9.26,1.252,0.391,-0.374,0.73,2.58,0.802,0.786,arriba
1780982839.232634,-0.771,0.172,0.599,-8.573,3.695,-10.847,-0.695,0.112,0.686,-17.328,4.359,-11.718,-0.28,0.167,0.963,-16.618,4.328,-7.947,-0.228,0.16,1.037,-12.779,12.802,-6.382,0.39,-0.37,0.723,-2.916,7.237,-1.763,arriba
1780982839.3350575,-0.701,0.155,0.505,-34.786,10.489,-35.115,-0.601,0.104,0.56,-53.092,-0.405,-40.221,-0.229,0.096,0.956,-65.168,3.275,-17.298,-0.151,0.147,0.936,-71.42,25.45,-22.031,0.413,-0.428,0.79,-26.145,16.84,0.641,arriba
1780982839.4501312,-0.884,-0.044,0.612,-77.038,28.809,-78.504,-0.819,-0.175,0.669,-92.725,17.153,-76.084,-0.313,-0.098,0.936,-89.504,7.863,-31.229,-0.291,-0.208,1.072,-126.626,25.519,-53.053,0.333,-0.429,0.742,-2.481,24.763,2.458,arriba
1780982839.551152,-0.698,-0.093,0.416,-69.412,8.824,-68.008,-0.537,-0.229,0.429,-127.626,-5.084,-75.275,-0.224,-0.274,0.759,-179.046,-0.031,-40.588,-0.167,-0.369,0.87,-165.542,18.947,-50.947,0.354,-0.435,0.755,-6.939,27.282,2.939,arriba
1780982839.6528533,-0.826,-0.242,0.449,1.458,10.145,-4.916,-0.604,-0.396,0.643,0.84,-15.42,1.115,-0.308,-0.404,0.889,2.504,-9.695,-3.618,-0.051,-0.454,0.9,-8.183,0.756,-3.718,0.325,-0.439,0.724,-6.344,13.931,1.061,arriba
1780982839.746972,-0.812,-0.254,0.535,-1.221,1.13,-1.748,-0.664,-0.375,0.58,-6.718,-1.481,-0.565,-0.276,-0.436,0.88,-0.824,4.153,1.046,-0.246,-0.484,0.897,2.42,8.191,-0.847,0.302,-0.43,0.739,-0.107,-0.702,-0.389,arriba
1780982839.8519073,-0.835,-0.251,0.53,-1.313,0.252,-0.565,-0.674,-0.376,0.573,-6.603,0.947,-0.061,-0.262,-0.436,0.877,-0.595,-0.87,0.382,-0.228,-0.489,0.907,1.29,6.534,-0.305,0.301,-0.427,0.74,-0.481,4.176,0.221,arriba
1780982839.9646392,-0.826,-0.25,0.526,-0.985,2.267,-0.687,-0.674,-0.376,0.579,-6.267,0.817,-0.206,-0.272,-0.433,0.879,-0.595,-0.366,0.313,-0.235,-0.484,0.903,1.328,6.427,-0.725,0.307,-0.426,0.741,-0.458,2.87,-0.153,arriba
1780982840.0557208,-0.823,-0.247,0.532,-1.229,2.031,-0.267,-0.675,-0.372,0.578,-6.779,0.641,-0.328,-0.269,-0.44,0.876,-0.802,0.328,0.0,-0.237,-0.486,0.901,1.397,7.168,-0.565,0.302,-0.425,0.732,-0.435,3.0,0.145,arriba
