timestamp,pulgar_ax,pulgar_ay,pulgar_az,pulgar_gx,pulgar_gy,pulgar_gz,indice_ax,indice_ay,indice_az,indice_gx,indice_gy,indice_gz,medio_ax,medio_ay,medio_az,medio_gx,medio_gy,medio_gz,anular_ax,anular_ay,anular_az,anular_gx,anular_gy,anular_gz,menique_ax,menique_ay,menique_az,menique_gx,menique_gy,menique_gz,gesto
1780980600.7171443,-0.777,-0.191,0.633,-0.977,0.748,-1.29,-0.636,-0.299,0.66,-6.489,0.756,-0.534,-0.307,-0.344,0.911,-0.412,-0.679,0.466,-0.285,-0.319,0.971,1.939,7.053,-0.626,0.021,-0.278,0.832,-0.473,2.718,0.153,btn_B
1780980600.8231068,-0.776,-0.197,0.627,-0.725,1.611,-0.053,-0.634,-0.302,0.663,-6.427,1.053,-0.55,-0.307,-0.346,0.917,-0.809,0.267,0.298,-0.277,-0.318,0.964,1.45,6.847,-0.664,0.025,-0.279,0.825,-0.511,1.863,0.023,btn_B
1780980600.9327364,-0.777,-0.192,0.632,-0.695,1.565,-1.099,-0.635,-0.3,0.667,-6.641,0.542,-0.611,-0.304,-0.345,0.91,-0.634,0.099,-0.107,-0.279,-0.319,0.974,1.611,6.794,-0.611,0.024,-0.279,0.843,-0.412,2.359,-0.115,btn_B
1780980601.0349493,-0.776,-0.191,0.632,-1.221,1.855,-0.321,-0.638,-0.302,0.663,-6.55,1.153,0.053,-0.307,-0.34,0.91,-0.809,-0.344,0.45,-0.28,-0.314,0.964,1.481,6.84,-0.305,0.028,-0.276,0.833,-1.099,0.29,0.237,btn_B
1780980601.129154,-0.78,-0.193,0.631,-0.656,1.282,-1.031,-0.637,-0.299,0.67,-6.244,1.122,-0.198,-0.284,-0.34,0.905,0.015,0.153,0.786,-0.287,-0.321,0.968,2.16,7.786,-1.16,0.027,-0.274,0.829,-0.458,2.542,0.061,btn_B
1780980601.2473047,-0.78,-0.197,0.626,-0.725,1.061,-0.015,-0.636,-0.298,0.661,-6.519,0.481,-1.015,-0.305,-0.346,0.911,-0.382,0.244,0.321,-0.272,-0.315,0.968,1.412,6.595,-0.649,0.024,-0.28,0.837,-0.565,2.145,-0.008,btn_B
1780980601.3459268,-0.776,-0.196,0.625,-1.092,1.382,-1.443,-0.637,-0.296,0.657,-6.321,0.58,-0.527,-0.31,-0.35,0.908,-0.336,-0.237,0.046,-0.28,-0.316,0.963,1.779,6.603,-0.771,0.021,-0.281,0.836,-0.603,1.954,-0.282,btn_B
1780980601.4455185,-0.78,-0.196,0.633,-0.763,0.916,-0.679,-0.636,-0.302,0.66,-6.229,0.282,-0.481,-0.303,-0.347,0.911,1.145,1.183,1.038,-0.558,-0.209,1.569,-10.214,-7.832,-1.229,0.024,-0.293,0.843,-2.595,0.282,-0.229,btn_B
1780980601.5471382,-0.782,-0.189,0.623,-3.038,1.0,-3.427,-0.666,-0.312,0.591,-4.656,4.802,-2.282,-0.115,-0.226,0.791,46.649,10.435,10.618,-0.264,-0.321,1.011,9.992,14.847,-2.061,0.022,-0.287,0.83,1.412,2.015,-1.397,btn_B
1780980601.6441455,-0.777,-0.195,0.63,-0.557,3.344,0.359,-0.635,-0.309,0.67,-8.756,11.641,-0.023,-0.353,-0.187,0.861,66.115,15.649,9.878,-0.272,-0.296,0.965,10.45,10.84,-2.74,0.03,-0.27,0.832,3.786,2.817,-0.359,btn_B
1780980601.7473145,-0.781,-0.189,0.623,0.618,2.58,0.527,-0.701,-0.299,0.588,-4.458,40.16,2.153,-0.34,-0.097,0.885,25.611,9.26,1.786,-0.286,-0.294,0.976,4.443,9.176,0.015,0.016,-0.258,0.849,-0.084,3.496,0.725,btn_B
1780980601.850364,-0.786,-0.191,0.617,0.496,2.802,1.382,-0.698,-0.284,0.538,-7.542,22.176,2.527,-0.393,-0.098,0.929,16.405,5.16,2.641,-0.276,-0.285,0.984,4.466,4.794,-0.069,0.024,-0.255,0.84,-0.87,0.137,-0.458,btn_B
1780980601.9530747,-0.789,-0.184,0.62,0.985,4.58,1.023,-0.746,-0.28,0.527,-6.74,23.847,2.832,-0.373,-0.045,0.924,13.397,4.206,-0.832,-0.465,-0.338,0.927,-11.397,12.076,0.015,0.028,-0.265,0.825,1.382,5.069,0.435,btn_B
1780980602.0663342,-0.783,-0.182,0.629,-0.336,0.977,0.015,-0.765,-0.296,0.512,-7.015,12.397,1.489,-0.349,-0.045,0.963,15.069,7.244,-0.053,-0.292,-0.285,0.965,-0.122,19.733,-1.298,0.012,-0.251,0.831,1.611,3.115,-0.305,btn_B
1780980602.164465,-0.786,-0.179,0.623,-0.198,3.076,0.26,-0.777,-0.282,0.479,-6.076,12.527,0.802,-0.417,-0.012,0.882,3.786,1.664,-3.305,-0.313,-0.285,0.966,-1.168,6.802,-0.328,0.009,-0.25,0.84,-0.397,0.71,0.527,btn_B
1780980602.2624373,-0.786,-0.179,0.619,-0.733,3.443,-0.595,-0.819,-0.289,0.467,-6.748,-13.198,-2.275,-0.321,0.052,0.727,-14.168,-9.076,-4.794,-0.303,-0.29,0.965,-6.504,5.817,-1.519,0.021,-0.252,0.842,-3.473,-0.832,-0.702,btn_B
1780980602.3681962,-0.784,-0.18,0.617,-2.779,2.84,-3.076,-0.773,-0.301,0.411,-9.16,-74.0,-7.794,-0.291,-0.002,0.599,-84.847,-5.641,-33.229,-0.317,-0.294,0.952,-11.374,-18.855,-1.168,0.024,-0.255,0.834,-11.634,-3.855,-0.977,btn_B
1780980602.481573,-0.792,-0.184,0.621,1.328,-9.321,-3.26,-0.673,-0.3,0.62,2.115,-40.634,-1.748,-0.36,-0.593,1.789,-129.351,-90.893,-36.115,-0.326,-0.338,0.862,-11.389,-4.252,-0.328,0.04,-0.263,0.825,-11.076,-2.496,-1.87,btn_B
1780980602.5819619,-0.78,-0.188,0.64,-1.183,1.55,-1.42,-0.658,-0.294,0.643,-7.802,-1.038,-0.687,-0.288,-0.316,0.933,-1.473,1.267,-0.649,-0.292,-0.33,0.957,2.405,9.252,-0.359,0.033,-0.27,0.839,-0.771,3.443,0.046,btn_B
1780980605.3632202,-0.778,-0.192,0.63,-1.29,1.595,-1.115,-0.652,-0.297,0.644,-6.634,0.916,0.046,-0.285,-0.328,0.929,-0.206,-0.252,-0.16,-0.289,-0.33,0.955,1.481,6.565,-0.344,0.028,-0.278,0.837,-0.702,2.496,-0.015,btn_B
1780980605.4641619,-0.781,-0.186,0.627,-0.916,1.115,-0.656,-0.656,-0.301,0.641,-6.252,0.611,-0.321,-0.284,-0.329,0.924,-0.305,0.069,0.13,-0.287,-0.33,0.955,1.42,6.458,-0.641,0.04,-0.279,0.839,-0.519,2.229,-0.122,btn_B
1780980605.5668147,-0.777,-0.186,0.627,-0.824,1.145,-0.511,-0.652,-0.294,0.648,-6.42,0.382,-0.336,-0.284,-0.322,0.925,-0.542,0.359,-0.076,-0.289,-0.33,0.957,1.489,6.985,-0.229,0.031,-0.271,0.831,-0.504,2.221,-0.122,btn_B
1780980605.661609,-0.778,-0.187,0.63,-1.374,1.374,-1.183,-0.652,-0.297,0.639,-6.55,0.336,-0.817,-0.287,-0.331,0.925,-0.115,0.252,-0.099,-0.288,-0.324,0.96,1.26,6.603,-0.244,0.028,-0.272,0.831,-0.824,2.298,-0.198,btn_B
1780980605.7646182,-0.774,-0.18,0.63,-1.122,2.412,-0.893,-0.628,-0.303,0.643,-6.099,6.573,-1.71,-0.307,-0.339,0.962,4.634,13.885,2.74,-0.293,-0.331,0.956,3.885,7.847,-0.313,0.021,-0.277,0.83,0.397,4.198,0.298,btn_B
1780980605.8810253,-0.796,-0.188,0.62,-0.985,1.351,-3.214,-0.658,-0.305,0.637,-9.061,9.099,-2.687,-0.241,-0.21,0.905,60.87,6.435,24.969,-0.28,-0.319,0.968,6.366,7.198,-0.511,0.014,-0.274,0.84,2.885,-0.115,-0.649,btn_B
1780980605.9801419,-0.779,-0.187,0.635,0.122,4.511,1.435,-0.746,-0.289,0.555,-5.466,48.076,1.985,-0.291,-0.099,0.922,35.145,8.0,10.534,-0.285,-0.302,0.975,7.878,4.061,1.031,0.026,-0.263,0.837,2.992,3.634,1.84,btn_B
1780980606.0816536,-0.779,-0.177,0.61,0.237,2.611,0.672,-0.805,-0.314,0.549,-7.679,29.931,1.679,-0.359,-0.085,0.994,25.008,-4.748,7.924,-0.291,-0.284,0.976,13.16,15.16,3.55,0.013,-0.258,0.835,2.0,5.473,2.809,btn_B
1780980606.1802077,-0.812,-0.18,0.624,-0.214,6.153,1.359,-0.779,-0.289,0.472,-8.573,31.435,3.931,-0.334,-0.016,0.915,15.0,1.26,-6.557,-0.322,-0.274,0.95,3.366,4.565,8.137,0.017,-0.263,0.853,-0.183,4.076,2.542,btn_B
1780980606.2798254,-0.805,-0.173,0.621,2.565,-0.527,1.611,-0.774,-0.277,0.434,-3.679,19.366,-0.527,-0.372,-0.023,0.923,11.107,7.519,-4.29,-0.254,-0.263,0.984,-1.802,9.908,8.947,0.008,-0.248,0.843,0.176,1.374,0.061,btn_B
1780980606.3826046,-0.789,-0.177,0.625,-2.374,2.015,-0.137,-0.813,-0.29,0.415,-6.954,6.206,-1.527,-0.365,-0.003,0.954,1.893,2.153,-2.87,-0.326,-0.263,0.958,0.626,13.084,5.099,0.003,-0.256,0.848,-0.031,1.649,0.672,btn_B
1780980606.4966772,-0.785,-0.172,0.623,-1.435,3.595,-0.489,-0.809,-0.28,0.407,-6.038,-3.023,-1.725,-0.389,0.011,0.889,-4.55,-10.71,0.115,-0.325,-0.264,0.965,-2.55,5.771,-2.328,0.012,-0.239,0.839,-1.45,2.198,-0.351,btn_B
1780980606.5982795,-0.783,-0.172,0.622,-3.427,3.634,-1.847,-0.829,-0.274,0.407,-9.863,-42.954,-6.29,-0.315,0.018,0.727,-60.656,-25.725,-26.221,-0.315,-0.257,0.97,-13.962,-8.763,-1.046,0.021,-0.253,0.841,-2.748,6.924,1.122,btn_B
1780980606.6919546,-0.829,-0.189,0.584,-0.817,-4.29,-2.672,-0.675,-0.301,0.581,13.008,-84.153,0.168,-0.317,-0.394,0.326,-250.137,-44.992,-92.038,-0.284,-0.331,0.989,-26.389,11.076,-9.015,0.025,-0.277,0.817,-9.748,0.542,-9.924,btn_B
1780980606.795529,-0.803,-0.178,0.619,-5.092,-3.733,-1.42,-0.674,-0.301,0.608,-7.351,-4.321,-1.061,-0.23,-0.337,0.941,-6.275,-4.664,-0.427,-0.319,-0.329,0.946,2.267,7.87,-1.26,0.03,-0.268,0.845,1.855,-3.427,-0.336,btn_B
1780980606.9174287,-0.793,-0.183,0.627,-0.817,0.115,-0.832,-0.674,-0.304,0.62,-5.481,-3.168,-0.115,-0.252,-0.328,0.937,1.374,0.511,0.519,-0.314,-0.329,0.951,0.779,7.153,-0.481,0.024,-0.272,0.838,0.275,1.244,1.053,btn_B
1780980607.012176,-0.79,-0.182,0.624,-0.878,1.748,-0.359,-0.676,-0.3,0.616,-6.206,-0.412,-0.344,-0.249,-0.331,0.941,-0.069,-0.321,0.191,-0.315,-0.329,0.95,1.641,6.824,-0.435,0.025,-0.271,0.832,-0.237,2.649,0.244,btn_B
1780980607.114592,-0.788,-0.183,0.622,-0.802,2.115,-0.817,-0.674,-0.298,0.619,-6.374,0.29,-0.824,-0.25,-0.333,0.936,-0.626,0.42,-0.687,-0.314,-0.326,0.945,1.275,6.832,-0.74,0.031,-0.272,0.828,-0.687,2.427,-0.008,btn_B
1780980607.212824,-0.788,-0.185,0.625,-1.069,1.779,-0.71,-0.675,-0.302,0.621,-6.397,0.534,-0.252,-0.252,-0.336,0.934,-0.481,0.389,-0.023,-0.308,-0.332,0.961,3.214,8.412,-0.214,0.03,-0.274,0.841,-0.344,2.473,-0.153,btn_B
1780980609.9876773,-0.792,-0.182,0.619,-1.053,1.061,-1.611,-0.667,-0.303,0.628,-6.794,0.695,0.099,-0.253,-0.338,0.928,-0.397,-0.069,-0.328,-0.307,-0.329,0.954,1.916,7.076,-0.985,0.031,-0.268,0.836,-0.397,2.939,-0.153,btn_B
1780980610.0908024,-0.791,-0.179,0.614,-0.695,1.038,-0.321,-0.669,-0.306,0.626,-6.321,0.603,-0.176,-0.274,-0.333,0.936,-0.634,-0.618,-0.42,-0.314,-0.329,0.951,1.405,7.954,-0.458,0.031,-0.264,0.84,0.084,3.267,-0.053,btn_B
1780980610.1941075,-0.792,-0.183,0.612,-0.573,1.527,-1.206,-0.667,-0.302,0.623,-6.29,0.29,-0.771,-0.256,-0.339,0.929,-0.374,0.183,-0.16,-0.309,-0.328,0.952,1.511,6.863,-0.878,0.03,-0.268,0.831,-0.58,2.153,0.107,btn_B
1780980610.2969556,-0.79,-0.183,0.62,-1.779,1.328,-0.733,-0.668,-0.305,0.626,-6.374,0.328,-0.977,-0.26,-0.339,0.927,-0.405,0.137,0.053,-0.309,-0.334,0.951,1.0,6.832,-0.947,0.027,-0.274,0.834,-1.198,0.679,-0.046,btn_B
1780980610.3998113,-0.781,-0.181,0.625,-1.168,1.817,-0.763,-0.669,-0.306,0.621,-6.756,0.985,-0.267,-0.263,-0.34,0.929,-0.29,0.344,0.153,-0.328,-0.326,0.947,1.618,6.298,0.0,0.038,-0.271,0.829,-1.351,2.153,-0.038,btn_B
1780980610.5031228,-0.826,-0.187,0.62,-1.053,1.702,-0.16,-0.66,-0.32,0.662,-9.748,20.557,-1.244,0.267,-0.06,0.292,139.061,14.634,62.557,-0.295,-0.305,0.964,11.603,4.038,1.137,0.023,-0.259,0.839,3.252,1.947,-0.939,btn_B
1780980610.6119473,-0.807,-0.184,0.604,0.099,4.099,1.527,-0.669,-0.328,0.62,-4.519,83.443,7.16,-0.374,-0.167,1.016,59.458,12.183,22.626,-0.305,-0.3,0.969,11.366,3.221,3.557,0.015,-0.26,0.844,5.45,13.794,1.992,btn_B
1780980610.7171316,-0.79,-0.173,0.614,-0.405,2.031,0.198,-0.767,-0.306,0.553,-4.916,38.206,2.55,-0.288,-0.084,0.932,21.573,4.45,8.885,-0.316,-0.287,0.958,8.664,8.13,1.702,0.01,-0.253,0.83,1.756,6.061,0.931,btn_B
1780980610.8120964,-0.788,-0.17,0.617,0.87,0.817,0.618,-0.772,-0.282,0.495,-4.275,27.305,1.725,-0.308,-0.048,0.986,20.061,1.031,-4.359,-0.314,-0.289,0.97,9.626,13.649,1.947,0.011,-0.259,0.838,1.725,8.595,1.397,btn_B
1780980610.9149997,-0.795,-0.174,0.616,0.382,-1.084,0.504,-0.774,-0.265,0.44,-3.443,13.427,-3.176,-0.385,-0.033,0.975,8.099,1.504,0.237,-0.34,-0.274,0.952,3.26,7.672,0.725,0.011,-0.249,0.833,-0.527,2.198,0.214,btn_B
1780980611.0280879,-0.786,-0.167,0.614,-0.618,2.603,-0.298,-0.822,-0.281,0.426,-5.939,4.649,-3.191,-0.331,-0.012,0.998,7.275,1.137,3.504,-0.298,-0.258,0.976,0.802,6.374,0.038,0.006,-0.245,0.849,-0.809,1.282,0.443,btn_B
1780980611.1307604,-0.785,-0.163,0.635,-1.137,-1.015,1.214,-0.79,-0.281,0.447,-5.656,8.435,-1.985,-0.383,-0.001,0.942,5.679,4.847,-1.084,-0.305,-0.255,0.961,2.084,12.87,1.84,0.006,-0.254,0.839,0.74,3.45,0.87,btn_B
1780980611.229103,-0.784,-0.167,0.625,-2.481,2.237,-1.817,-0.792,-0.28,0.44,-7.313,1.374,-1.26,-0.37,0.014,0.931,-2.321,-3.794,-0.565,-0.33,-0.259,0.956,-1.733,6.588,-0.901,-0.004,-0.241,0.835,-1.282,0.275,-0.534,btn_B
1780980611.3270028,-0.792,-0.177,0.611,-1.397,6.053,-0.145,-0.787,-0.291,0.449,-8.519,-10.321,-1.473,-0.332,0.006,0.879,-19.687,-3.489,-7.931,-0.332,-0.271,0.967,-4.931,1.893,-1.191,0.01,-0.256,0.839,-3.328,1.626,0.695,btn_B
1780980611.4301188,-0.801,-0.181,0.604,0.046,1.908,-0.046,-0.753,-0.304,0.48,-4.634,-40.863,-2.061,-0.319,-0.048,0.8,-36.298,-0.748,-12.198,-0.314,-0.292,0.956,-12.374,3.58,-5.802,0.041,-0.273,0.841,-4.595,4.344,-0.099,btn_B
1780980611.5338972,-0.802,-0.18,0.603,-1.771,-3.847,-2.573,-0.705,-0.315,0.565,1.252,-40.198,-3.42,-0.372,-0.348,1.044,-150.229,-22.481,-25.382,-0.337,-0.323,0.942,-5.336,4.878,-3.145,0.021,-0.277,0.857,-2.832,0.031,-0.969,btn_B
1780980611.6357663,-0.795,-0.177,0.605,-2.076,0.649,-1.496,-0.681,-0.297,0.603,-6.885,-1.16,-0.573,-0.264,-0.318,0.941,-3.504,-4.26,-0.847,-0.317,-0.311,0.962,1.786,8.336,-1.252,0.011,-0.27,0.831,2.473,1.481,-0.176,btn_B
1780980611.7390728,-0.8,-0.18,0.604,-0.977,1.382,-0.29,-0.678,-0.301,0.618,-6.916,0.023,-0.015,-0.269,-0.322,0.935,-1.076,-0.466,-0.046,-0.317,-0.31,0.959,1.527,7.313,-0.527,0.007,-0.259,0.838,-0.282,1.382,-0.298,btn_B
1780980611.844809,-0.796,-0.178,0.607,-1.244,1.427,-1.519,-0.677,-0.302,0.615,-6.573,-0.13,-0.672,-0.275,-0.322,0.924,-0.748,-0.534,0.351,-0.315,-0.312,0.958,1.618,6.832,-0.809,0.01,-0.261,0.83,-0.588,1.931,-0.214,btn_B
1780980614.6286135,-0.796,-0.184,0.61,-1.366,2.145,-1.0,-0.669,-0.304,0.623,-6.26,0.206,-1.092,-0.267,-0.328,0.93,-0.252,0.008,-0.26,-0.313,-0.32,0.96,1.611,7.687,-0.458,0.02,-0.261,0.837,-0.427,2.176,-0.244,btn_B
1780980614.7308245,-0.797,-0.182,0.604,-0.802,0.992,-1.252,-0.669,-0.308,0.622,-6.588,0.366,-0.221,-0.27,-0.33,0.927,-0.481,-0.366,0.473,-0.316,-0.317,0.949,1.489,6.427,-0.626,0.019,-0.267,0.824,-0.565,1.756,0.053,btn_B
1780980614.8290267,-0.792,-0.176,0.614,-0.87,0.947,-0.099,-0.67,-0.307,0.627,-6.748,0.824,-0.458,-0.272,-0.332,0.927,-0.481,0.595,0.565,-0.325,-0.316,0.95,1.313,6.916,-0.954,0.01,-0.262,0.839,-0.702,2.603,0.099,btn_B
1780980614.9321225,-0.795,-0.18,0.605,-1.023,0.107,-1.008,-0.668,-0.306,0.631,-6.374,0.595,-0.374,-0.265,-0.327,0.93,-0.412,0.473,0.16,-0.312,-0.316,0.959,1.176,7.641,-0.977,0.008,-0.265,0.832,-0.504,2.977,-0.092,btn_B
1780980615.0444996,-0.797,-0.181,0.607,-0.885,0.931,-0.511,-0.669,-0.307,0.625,-5.672,0.137,-0.344,-0.271,-0.345,0.954,3.168,2.527,1.26,-0.296,-0.303,1.002,1.672,3.87,1.221,0.014,-0.258,0.828,0.29,3.023,0.374,btn_B
1780980615.1467247,-0.846,-0.181,0.569,0.16,4.908,1.275,-0.683,-0.305,0.587,-4.489,0.58,-0.237,-0.333,-0.283,1.179,40.611,21.015,9.977,-0.299,-0.315,0.96,3.885,5.511,-0.115,0.02,-0.262,0.847,0.137,8.962,0.496,btn_B
1780980615.2465703,-0.809,-0.177,0.602,-1.176,0.176,0.817,-0.721,-0.343,0.595,-6.954,66.985,2.321,-0.334,-0.141,0.978,56.344,16.382,13.87,-0.315,-0.308,0.96,17.282,8.664,3.313,-0.005,-0.256,0.835,3.992,5.71,1.893,btn_B
1780980615.3440013,-0.794,-0.177,0.611,1.466,3.038,0.954,-0.746,-0.289,0.496,-7.015,34.855,-0.802,-0.28,-0.02,0.847,33.122,5.198,9.718,-0.328,-0.28,0.946,4.069,12.412,1.26,0.015,-0.251,0.84,0.328,2.954,0.305,btn_B
1780980615.4471977,-0.8,-0.17,0.607,0.183,-0.099,0.924,-0.728,-0.273,0.476,-7.038,16.962,-1.557,-0.328,-0.012,0.943,16.733,1.748,1.695,-0.309,-0.264,0.989,2.687,10.16,1.305,0.001,-0.245,0.832,1.397,4.435,0.748,btn_B
1780980615.5621598,-0.794,-0.168,0.612,-0.427,2.031,-0.817,-0.812,-0.307,0.451,-6.573,10.107,0.771,-0.349,-0.005,0.985,9.611,2.313,1.137,-0.347,-0.269,0.963,1.275,5.496,1.275,-0.001,-0.244,0.84,-0.031,1.405,0.481,btn_B
1780980615.6640568,-0.821,-0.156,0.611,-4.756,0.458,-0.672,-0.793,-0.291,0.447,-4.359,5.321,-1.038,-0.329,0.022,0.971,1.527,-0.405,-2.511,-0.335,-0.268,0.964,1.031,8.878,1.504,-0.002,-0.255,0.832,0.481,5.496,1.427,btn_B
1780980615.756141,-0.789,-0.161,0.619,-0.542,1.298,-1.168,-0.784,-0.299,0.458,-5.893,-0.634,-0.969,-0.35,0.022,0.951,-0.702,-2.16,0.084,-0.34,-0.269,0.957,-0.168,7.466,-1.985,0.0,-0.249,0.845,-0.84,1.29,-0.092,btn_B
1780980615.859522,-0.802,-0.173,0.604,-3.244,6.053,-1.595,-0.751,-0.29,0.444,-7.794,-18.061,-5.863,-0.331,0.023,0.901,-17.855,-3.664,-4.725,-0.323,-0.271,0.962,-3.588,5.206,-2.023,0.006,-0.236,0.827,-1.427,1.435,-0.069,btn_B
1780980615.9624362,-0.797,-0.168,0.616,-4.557,6.191,-2.206,-0.828,-0.327,0.499,-10.885,-65.092,-7.176,-0.231,0.01,0.662,-84.641,-12.763,-23.977,-0.311,-0.267,0.974,-7.626,-8.351,-2.115,0.003,-0.242,0.823,-4.26,3.664,-0.122,btn_B
1780980616.0776768,-0.795,-0.174,0.572,-0.275,-2.16,-0.802,-0.722,-0.293,0.562,-1.015,-50.015,-2.565,-0.319,-0.234,0.758,-124.855,-6.0,-21.206,-0.318,-0.282,0.95,-8.351,4.229,-4.115,0.017,-0.248,0.825,-2.26,1.397,-2.947,btn_B
1780980616.1680124,-0.787,-0.184,0.611,-0.069,4.557,-1.542,-0.663,-0.308,0.633,-7.542,-1.45,-0.802,-0.27,-0.335,0.936,0.198,-3.511,0.008,-0.338,-0.317,0.946,0.145,8.435,-1.725,0.014,-0.261,0.844,0.16,-2.191,-0.847,btn_B
1780980616.271176,-0.8,-0.183,0.604,-1.214,2.412,-0.427,-0.678,-0.309,0.605,-6.794,-1.046,-0.42,-0.268,-0.333,0.922,-0.687,-0.183,0.267,-0.331,-0.318,0.949,0.817,6.878,-0.603,0.005,-0.26,0.83,-0.725,1.695,0.038,btn_B
1780980616.3850486,-0.801,-0.185,0.602,-0.824,2.924,-1.42,-0.675,-0.309,0.613,-7.099,0.397,-0.466,-0.271,-0.334,0.926,-1.145,0.13,0.115,-0.323,-0.314,0.958,1.374,6.489,-0.489,0.006,-0.258,0.839,-0.481,2.344,0.26,btn_B
1780980616.4772308,-0.801,-0.181,0.602,-1.344,2.145,-1.267,-0.672,-0.313,0.615,-6.763,0.29,-0.481,-0.269,-0.336,0.925,-0.763,0.153,-0.168,-0.329,-0.309,0.95,1.511,6.405,-0.328,0.015,-0.255,0.833,-0.374,2.794,-0.015,btn_B
1780980619.2632537,-0.799,-0.183,0.595,-1.0,1.565,-1.153,-0.67,-0.308,0.616,-6.298,0.573,-0.977,-0.269,-0.341,0.925,-0.321,0.145,0.053,-0.327,-0.315,0.942,1.351,6.504,-0.015,0.016,-0.255,0.826,-0.695,2.496,-0.122,btn_B
1780980619.3614702,-0.802,-0.179,0.598,-1.023,1.718,-0.504,-0.673,-0.312,0.625,-6.29,0.267,-0.366,-0.264,-0.34,0.923,-0.42,-0.435,-0.389,-0.327,-0.317,0.946,1.55,6.557,-0.672,0.018,-0.259,0.845,-0.542,2.282,-0.153,btn_B
1780980619.4642766,-0.804,-0.18,0.594,-0.603,1.489,-0.611,-0.669,-0.31,0.619,-6.153,0.817,0.099,-0.267,-0.342,0.928,-0.069,-0.618,0.137,-0.326,-0.319,0.944,1.45,6.756,-0.969,0.014,-0.259,0.836,-0.504,2.481,-0.26,btn_B
1780980619.5784032,-0.803,-0.183,0.596,-1.023,1.679,-0.527,-0.675,-0.31,0.614,-5.893,0.969,-0.084,-0.27,-0.345,0.929,0.0,-0.008,0.374,-0.328,-0.318,0.949,1.557,7.023,-0.321,0.014,-0.259,0.834,-0.595,2.435,-0.16,btn_B
1780980619.6786706,-0.804,-0.177,0.594,-0.16,0.366,-0.595,-0.669,-0.307,0.615,-5.985,2.389,0.29,-0.277,-0.335,0.933,3.282,5.076,1.557,-0.33,-0.321,0.951,2.153,8.076,0.061,0.031,-0.258,0.837,-1.015,0.916,-0.45,btn_B
1780980619.7733328,-0.807,-0.162,0.598,-1.802,3.176,-0.145,-0.663,-0.315,0.634,-7.695,6.977,-1.45,-0.276,-0.262,0.899,53.664,3.443,18.435,-0.326,-0.307,0.947,4.16,8.779,-0.107,0.018,-0.257,0.831,-0.382,1.069,0.168,btn_B
1780980619.8763435,-0.812,-0.182,0.606,-1.573,5.069,0.794,-0.678,-0.314,0.608,-11.466,16.191,0.534,-0.327,-0.112,0.771,62.107,-10.305,14.542,-0.351,-0.309,0.927,11.282,7.55,1.481,0.006,-0.265,0.859,0.145,2.359,0.656,btn_B
1780980619.9794102,-0.806,-0.181,0.596,0.176,0.321,0.794,-0.786,-0.341,0.542,-4.557,45.885,5.282,-0.31,-0.059,0.928,34.069,5.351,10.855,-0.366,-0.307,0.938,8.809,7.985,0.573,0.013,-0.254,0.837,0.771,3.015,0.42,btn_B
1780980620.0988958,-0.799,-0.174,0.604,1.145,-0.786,-1.053,-0.774,-0.305,0.491,-6.298,15.092,-1.176,-0.312,-0.033,0.949,14.313,2.588,2.863,-0.324,-0.273,0.957,2.481,9.916,0.336,0.011,-0.252,0.836,0.618,2.344,-0.725,btn_B
1780980620.1944065,-0.807,-0.177,0.595,-2.664,-0.229,-1.252,-0.763,-0.306,0.485,-6.412,12.397,0.863,-0.375,-0.031,1.005,12.092,-2.817,3.443,-0.344,-0.284,0.964,2.763,6.977,-0.252,0.002,-0.251,0.835,0.069,1.916,-0.534,btn_B
1780980620.2945433,-0.804,-0.178,0.596,-0.473,3.076,-0.015,-0.773,-0.313,0.479,-6.29,13.321,0.84,-0.344,0.012,0.957,7.977,1.573,0.878,-0.34,-0.286,0.961,3.366,5.832,0.809,0.011,-0.256,0.837,0.649,4.061,0.305,btn_B
1780980620.3919225,-0.799,-0.179,0.599,-3.725,3.16,-1.611,-0.787,-0.308,0.449,-7.962,11.885,-2.153,-0.315,0.029,0.953,10.137,2.786,-0.557,-0.312,-0.267,1.0,0.618,4.443,3.573,0.027,-0.25,0.825,0.359,1.115,3.336,btn_B
1780980620.4995933,-0.806,-0.178,0.596,-1.107,2.267,-0.366,-0.795,-0.297,0.423,-5.153,4.115,-1.679,-0.34,0.019,0.976,0.924,-3.649,-1.962,-0.346,-0.286,0.962,0.473,7.687,-0.74,0.018,-0.25,0.831,-0.954,1.435,0.885,btn_B
1780980620.5973353,-0.805,-0.179,0.599,-1.397,1.534,-0.58,-0.795,-0.303,0.425,-5.84,-3.115,-1.679,-0.32,0.011,1.016,-3.099,-3.489,1.191,-0.348,-0.288,0.958,-0.328,9.198,-2.16,0.01,-0.252,0.835,-0.588,1.389,-0.924,btn_B
1780980620.7004042,-0.786,-0.179,0.635,-2.664,3.061,-1.328,-0.811,-0.313,0.425,-7.0,-12.244,-2.496,-0.333,0.022,0.919,-19.832,-0.718,-3.557,-0.352,-0.289,0.942,-2.84,4.0,-0.985,0.012,-0.254,0.841,-1.168,2.802,-0.588,btn_B
1780980620.8035245,-0.801,-0.185,0.591,-5.046,5.443,-2.519,-0.778,-0.319,0.464,-8.0,-31.153,-6.26,-0.269,-0.01,0.896,-51.244,-6.397,-18.13,-0.345,-0.297,0.962,-3.954,0.107,0.053,0.001,-0.252,0.847,-2.13,3.145,-0.252,btn_B
1780980620.9139013,-0.809,-0.191,0.586,-3.718,6.481,-1.702,-0.745,-0.327,0.568,-9.756,-91.916,-5.076,-0.305,-0.163,0.917,-94.763,-13.527,-31.221,-0.34,-0.315,0.948,-13.244,2.878,-4.229,0.007,-0.254,0.833,-2.511,4.557,-0.969,btn_B
1780980621.0094519,-0.825,-0.192,0.56,0.305,-6.267,-1.916,-0.729,-0.313,0.577,8.771,-55.901,6.756,-0.081,-0.22,0.376,32.282,47.435,4.649,-0.377,-0.314,0.87,9.718,44.565,0.305,-0.07,-0.201,0.852,9.542,-13.435,-2.443,btn_B
1780980621.1125169,-0.817,-0.194,0.58,-1.901,2.275,-0.359,-0.687,-0.324,0.583,-6.374,0.13,0.015,-0.265,-0.346,0.922,-0.618,-2.908,0.221,-0.333,-0.324,0.951,0.626,6.252,-1.313,-0.002,-0.251,0.842,-1.618,4.351,-1.435,btn_B
1780980623.8976414,-0.812,-0.193,0.584,-1.031,1.58,-0.969,-0.677,-0.325,0.608,-6.145,0.771,-0.374,-0.264,-0.355,0.917,-0.252,0.496,0.389,-0.338,-0.333,0.944,1.473,6.763,-0.847,0.013,-0.258,0.833,-0.58,2.328,-0.092,btn_B
1780980623.9983976,-0.809,-0.191,0.579,-1.275,1.45,-0.786,-0.675,-0.32,0.609,-6.229,0.405,-0.504,-0.264,-0.356,0.919,-0.214,0.344,0.45,-0.343,-0.331,0.939,1.649,6.779,-0.099,0.016,-0.26,0.837,-0.504,2.527,-0.046,btn_B
1780980624.0999186,-0.81,-0.196,0.584,-0.924,1.191,-0.931,-0.672,-0.323,0.603,-6.328,0.779,0.023,-0.265,-0.352,0.924,-0.214,-0.695,-0.198,-0.338,-0.327,0.947,1.053,6.939,-0.725,0.021,-0.256,0.844,-0.725,2.809,-0.16,btn_B
1780980624.210794,-0.812,-0.194,0.577,-0.794,0.863,-0.641,-0.673,-0.321,0.608,-6.153,0.725,-0.16,-0.268,-0.353,0.921,0.573,-0.344,0.076,-0.337,-0.332,0.938,1.313,6.74,-0.634,0.019,-0.26,0.838,-0.916,1.618,-0.099,btn_B
1780980624.3129857,-0.811,-0.196,0.585,-0.595,0.908,-0.42,-0.67,-0.318,0.622,-5.519,1.565,-0.55,-1.232,-1.304,2.0,22.779,7.458,36.656,-0.42,-0.33,0.937,1.374,-0.084,-3.221,0.032,-0.264,0.847,-2.405,1.481,-0.252,btn_B
1780980624.408614,-0.809,-0.194,0.584,-0.359,2.656,0.313,-0.677,-0.32,0.605,-7.748,9.863,-0.603,-0.324,-0.251,1.022,72.626,13.26,13.534,-0.332,-0.323,0.939,7.847,9.695,-0.031,0.016,-0.263,0.849,0.168,2.939,0.053,btn_B
1780980624.5116022,-0.8,-0.19,0.586,-0.061,1.534,0.16,-0.726,-0.31,0.55,-0.969,56.405,2.656,-0.303,-0.11,0.909,45.282,12.221,8.053,-0.354,-0.314,0.923,7.107,9.191,0.405,0.014,-0.253,0.839,0.809,2.595,-0.389,btn_B
1780980624.626321,-0.812,-0.186,0.588,6.053,-5.603,0.489,-0.712,-0.336,0.494,-2.435,43.092,6.702,-0.358,-0.019,0.87,36.366,1.237,12.29,-0.365,-0.304,0.94,5.427,3.466,0.71,0.015,-0.236,0.835,-0.649,1.427,-1.008,btn_B
1780980624.728096,-0.8,-0.185,0.61,1.733,-4.679,-0.626,-0.78,-0.318,0.47,-6.13,7.267,1.252,-0.304,0.0,0.949,10.206,3.679,1.939,-0.354,-0.299,0.937,2.45,5.145,-0.466,0.017,-0.258,0.842,0.015,2.389,-0.527,btn_B
1780980624.8270657,-0.796,-0.18,0.614,0.794,-2.015,-0.031,-0.765,-0.308,0.477,-6.435,9.847,-0.237,-0.353,0.01,0.96,12.099,-1.672,2.031,-0.343,-0.307,0.944,5.695,7.74,0.183,0.013,-0.258,0.836,0.466,2.771,0.557,btn_B
1780980624.9235303,-0.799,-0.175,0.612,0.618,2.443,-0.305,-0.775,-0.306,0.448,-7.947,8.336,-0.321,-0.365,0.031,0.96,10.45,-0.87,3.397,-0.335,-0.297,0.955,9.832,1.977,3.863,0.009,-0.25,0.828,0.634,4.427,0.947,btn_B
1780980625.0268698,-0.796,-0.171,0.618,-0.58,0.305,-0.321,-0.787,-0.308,0.446,-6.649,4.466,0.427,-0.315,0.034,0.985,5.351,4.229,-2.267,-0.353,-0.293,0.941,3.061,7.588,-0.397,0.01,-0.248,0.848,-0.229,1.802,0.13,btn_B
1780980625.1296742,-0.827,-0.153,0.484,-15.023,8.42,0.695,-0.787,-0.306,0.455,-6.275,3.931,-0.687,-0.362,0.038,0.953,2.359,2.153,-0.427,-0.346,-0.287,0.943,0.504,8.435,-0.908,0.005,-0.248,0.833,-0.298,1.649,0.275,btn_B
1780980625.2337308,-0.803,-0.172,0.605,-3.038,3.58,-1.985,-0.789,-0.303,0.429,-6.84,-7.122,-3.183,-0.349,0.059,0.91,-6.832,-9.779,0.817,-0.352,-0.291,0.937,-2.359,5.924,-2.359,0.016,-0.239,0.831,-1.221,1.16,-0.458,btn_B
1780980625.335799,-0.802,-0.178,0.615,-3.412,5.366,-3.221,-0.809,-0.319,0.446,-8.519,-31.221,-3.947,-0.301,0.047,0.834,-45.458,-2.351,-9.229,-0.349,-0.297,0.958,-6.069,-2.87,-1.092,0.015,-0.257,0.831,-1.977,3.916,0.832,btn_B
1780980625.4412568,-0.812,-0.185,0.589,-4.328,7.061,-1.137,-0.701,-0.322,0.559,-4.824,-46.359,2.771,-0.352,-0.182,0.922,-116.534,-15.435,-18.305,-0.334,-0.319,0.953,-1.824,8.168,-2.87,0.012,-0.254,0.844,0.71,7.74,0.893,btn_B
1780980625.5424576,-0.813,-0.185,0.603,-0.206,-5.893,-1.267,-0.562,-0.335,0.693,-16.412,41.618,3.26,-0.274,-0.332,1.006,-20.038,-31.847,-2.947,-0.286,-0.336,0.972,-0.366,-2.374,-1.412,0.033,-0.279,0.873,-4.344,6.298,-1.053,btn_B
1780980625.645067,-0.814,-0.192,0.58,-0.473,0.557,-0.45,-0.685,-0.314,0.602,-5.664,-2.954,-1.13,-0.268,-0.342,0.929,-0.832,-1.885,-0.641,-0.334,-0.319,0.943,1.473,8.015,-0.84,0.005,-0.259,0.839,-0.511,1.588,-0.221,btn_B
1780980625.7477055,-0.809,-0.19,0.589,-0.893,2.221,-0.466,-0.678,-0.325,0.603,-6.046,0.252,-0.137,-0.268,-0.348,0.92,-0.397,-0.374,0.237,-0.337,-0.321,0.948,0.893,6.824,-0.786,0.012,-0.26,0.834,-0.695,1.45,-0.443,btn_B
1780980628.5287318,-0.812,-0.19,0.578,-0.832,1.55,-1.092,-0.679,-0.318,0.603,-6.092,1.16,-0.229,-0.267,-0.357,0.922,-0.351,-0.137,-0.198,-0.337,-0.325,0.945,1.153,7.153,-0.511,0.014,-0.258,0.836,-0.847,1.962,-0.198,btn_B
1780980628.6317217,-0.811,-0.186,0.583,-0.824,1.405,-0.305,-0.675,-0.323,0.602,-6.313,0.855,-0.771,-0.271,-0.358,0.921,-0.687,0.244,0.008,-0.338,-0.328,0.942,1.794,7.107,-0.763,0.015,-0.263,0.832,-0.389,2.458,-0.115,btn_B
1780980628.7436194,-0.809,-0.19,0.585,-1.038,1.412,-1.107,-0.679,-0.319,0.61,-6.504,0.282,-0.534,-0.27,-0.352,0.92,-0.244,0.115,0.511,-0.341,-0.328,0.937,1.115,6.466,-0.511,0.017,-0.259,0.835,-0.565,2.55,0.015,btn_B
1780980628.8437555,-0.807,-0.193,0.582,-0.885,1.275,-0.931,-0.678,-0.322,0.611,-6.527,0.336,-0.832,-0.268,-0.356,0.921,-0.229,0.008,0.252,-0.336,-0.329,0.944,1.458,6.496,-0.076,0.017,-0.259,0.84,-0.504,2.229,0.053,btn_B
1780980628.9409275,-0.808,-0.182,0.589,-1.076,1.534,-0.863,-0.674,-0.318,0.606,-5.893,0.427,-0.626,-0.267,-0.358,0.933,1.076,2.321,0.748,-0.336,-0.327,0.948,1.58,7.763,-0.763,0.024,-0.262,0.837,-2.031,0.809,-0.496,btn_B
1780980629.0440145,-0.824,-0.194,0.561,-4.183,2.321,-1.84,-0.694,-0.33,0.567,-8.733,14.198,-2.031,-0.217,-0.208,0.472,69.183,0.237,15.649,-0.334,-0.326,0.947,4.634,10.74,-0.046,0.019,-0.265,0.843,-1.359,0.489,-0.336,btn_B
1780980629.1669743,-0.808,-0.192,0.578,-0.191,-0.282,-0.344,-0.688,-0.319,0.598,-10.023,15.908,-0.794,-0.329,-0.17,0.861,73.237,5.847,19.076,-0.354,-0.341,0.933,10.458,8.504,1.809,0.02,-0.255,0.83,1.855,2.435,-0.435,btn_B
1780980629.2593544,-0.815,-0.185,0.57,0.489,0.168,1.473,-0.72,-0.317,0.56,-5.382,43.183,1.832,-0.251,-0.097,0.992,48.275,-6.427,12.031,-0.347,-0.289,0.94,0.992,2.191,-0.359,0.025,-0.258,0.833,-1.45,4.206,-0.122,btn_B
1780980629.3597615,-0.806,-0.191,0.588,0.855,1.069,-0.733,-0.78,-0.329,0.48,-8.115,28.031,2.916,-0.309,0.008,0.882,16.366,0.718,2.634,-0.36,-0.309,0.931,6.107,8.947,0.29,0.006,-0.251,0.838,-1.588,0.527,-0.122,btn_B
1780980629.456025,-0.81,-0.185,0.596,-3.206,1.298,-1.656,-0.784,-0.325,0.467,-8.076,11.656,-1.595,-0.298,-0.004,0.948,14.786,-0.511,1.779,-0.356,-0.299,0.932,5.153,1.817,1.458,0.03,-0.25,0.835,-0.931,1.191,0.626,btn_B
1780980629.5587542,-0.806,-0.187,0.587,-2.557,1.695,-1.076,-0.774,-0.321,0.457,-6.725,6.389,-0.679,-0.297,0.021,0.948,5.954,1.412,0.557,-0.339,-0.288,0.951,4.473,4.511,1.046,0.019,-0.255,0.83,-0.29,3.183,0.473,btn_B
1780980629.661887,-0.792,-0.194,0.606,-3.267,3.298,-0.931,-0.773,-0.319,0.459,-7.656,8.611,0.435,-0.306,0.021,0.993,6.191,0.947,-4.267,-0.335,-0.283,0.974,6.45,8.969,2.733,0.011,-0.25,0.825,-0.84,4.542,1.031,btn_B
1780980629.7778087,-0.921,-0.198,0.51,2.565,-5.336,-1.901,-0.755,-0.301,0.423,-6.168,10.618,0.137,-0.367,0.038,0.962,2.092,4.13,-2.275,-0.334,-0.274,0.992,5.412,11.336,0.947,0.008,-0.253,0.832,-1.038,0.794,-0.954,btn_B
1780980629.8781157,-0.812,-0.189,0.58,-1.023,1.733,0.137,-0.787,-0.317,0.433,-6.198,-2.863,-2.031,-0.309,0.022,0.998,-1.962,-1.962,0.763,-0.342,-0.29,0.957,0.893,6.153,-1.26,0.007,-0.258,0.84,-0.115,3.214,0.618,btn_B
1780980629.9761205,-0.83,-0.186,0.58,-1.573,3.702,-1.481,-0.78,-0.326,0.442,-5.916,-10.214,-3.763,-0.247,0.055,0.877,-18.496,-5.046,-4.824,-0.355,-0.29,0.967,-1.977,5.374,-1.794,0.014,-0.253,0.837,-1.168,2.878,0.351,btn_B
1780980630.077055,-0.811,-0.196,0.579,-1.916,5.389,-0.557,-0.785,-0.344,0.468,-7.947,-29.107,-4.382,-0.321,-0.002,0.859,-45.985,-3.649,-10.374,-0.328,-0.319,0.919,-5.42,8.809,-4.718,0.003,-0.246,0.829,-3.664,2.641,-1.305,btn_B
1780980630.177354,-0.816,-0.194,0.57,-0.321,-3.328,-2.29,-0.698,-0.341,0.571,5.473,-30.427,-1.809,-0.251,-0.248,0.768,-184.046,-4.328,-30.641,-0.306,-0.353,0.985,-4.87,12.275,-3.053,0.028,-0.265,0.851,-0.359,6.267,0.328,btn_B
1780980630.2837608,-0.802,-0.194,0.567,-1.198,-3.092,-1.427,-0.679,-0.335,0.6,-6.008,-12.618,-1.458,-0.237,-0.359,0.936,-3.191,-6.313,-0.435,-0.348,-0.331,0.943,-1.664,8.16,-1.824,0.016,-0.258,0.816,-0.427,-0.588,-0.748,btn_B
1780980630.39263,-0.815,-0.193,0.579,-0.802,2.565,-0.374,-0.679,-0.331,0.609,-6.71,0.046,-0.168,-0.26,-0.353,0.927,-0.496,-2.511,0.252,-0.337,-0.33,0.943,1.382,6.405,-0.985,0.019,-0.269,0.835,-0.626,3.038,0.214,btn_B
1780980633.1640158,-0.813,-0.198,0.577,-1.099,1.786,-1.084,-0.672,-0.334,0.604,-6.435,0.534,-0.137,-0.261,-0.359,0.919,-0.16,-0.29,0.84,-0.349,-0.333,0.947,1.649,6.84,-0.321,0.022,-0.261,0.836,-0.435,2.221,-0.16,btn_B
1780980633.2769544,-0.816,-0.198,0.578,-0.779,1.519,-0.496,-0.668,-0.331,0.603,-6.237,0.412,-0.733,-0.262,-0.361,0.914,-0.649,-0.137,0.191,-0.35,-0.335,0.937,1.534,6.366,-0.214,0.023,-0.262,0.839,-0.412,2.672,0.176,btn_B
1780980633.3699682,-0.819,-0.199,0.58,-0.74,1.565,-0.977,-0.674,-0.334,0.61,-6.382,0.473,-0.985,-0.261,-0.359,0.915,-0.443,-0.031,-0.42,-0.346,-0.329,0.936,1.443,6.954,-0.718,0.018,-0.26,0.841,-0.557,2.198,0.16,btn_B
1780980633.4732628,-0.816,-0.195,0.573,-1.099,1.305,-0.557,-0.669,-0.336,0.601,-6.435,0.611,-0.145,-0.26,-0.356,0.92,-0.275,-0.603,-0.359,-0.343,-0.331,0.94,1.87,6.702,-0.901,0.019,-0.254,0.837,-0.641,2.069,0.145,btn_B
1780980633.5762765,-0.814,-0.195,0.579,-1.313,1.015,-1.061,-0.669,-0.332,0.599,-6.237,0.74,0.481,-0.26,-0.361,0.925,0.16,-0.336,0.412,-0.345,-0.333,0.938,1.534,6.931,-0.214,0.025,-0.268,0.846,-0.489,1.992,0.252,btn_B
1780980633.6792274,-0.808,-0.2,0.574,-1.504,-1.313,-1.046,-0.694,-0.331,0.584,-13.298,17.45,-1.214,-0.243,-0.181,0.269,189.221,0.313,44.076,-0.354,-0.338,0.938,23.359,16.435,1.0,0.02,-0.246,0.828,2.366,1.168,-0.969,btn_B
1780980633.7817647,-0.818,-0.194,0.574,0.26,-0.626,-0.053,-0.714,-0.309,0.51,-3.015,45.26,2.641,-0.331,-0.066,0.867,46.641,4.679,15.397,-0.347,-0.309,0.933,8.351,-2.588,0.672,0.03,-0.256,0.84,0.206,4.076,1.084,btn_B
1780980633.8849874,-0.82,-0.194,0.578,0.679,1.42,0.405,-0.797,-0.343,0.496,-4.771,33.573,5.351,-0.259,-0.008,0.957,34.992,3.427,6.29,-0.306,-0.324,0.945,6.45,21.458,-0.901,0.023,-0.253,0.847,0.809,0.962,0.137,btn_B
1780980633.9883716,-0.813,-0.192,0.589,9.405,-12.435,1.206,-0.726,-0.307,0.464,-4.42,24.267,1.374,-0.32,0.045,0.91,14.275,3.237,-2.527,-0.326,-0.291,0.923,2.565,2.481,0.977,0.026,-0.248,0.843,-0.115,2.13,-0.939,btn_B
1780980634.098558,-0.802,-0.177,0.61,0.947,-5.847,1.588,-0.797,-0.304,0.418,-5.641,8.603,-0.58,-0.436,-0.164,1.084,9.008,6.496,-3.672,-0.496,-0.245,0.524,7.916,-6.366,0.656,0.044,-0.238,0.818,5.191,2.092,-0.878,btn_B
1780980634.1943896,-0.8,-0.179,0.601,-1.13,1.321,-1.351,-0.787,-0.315,0.438,-6.13,-0.603,-1.427,-0.311,0.042,0.97,-1.687,-2.626,1.26,-0.343,-0.315,0.969,0.817,7.359,-0.947,0.033,-0.256,0.846,-1.748,2.45,0.519,btn_B
1780980634.2971492,-0.792,-0.189,0.624,-2.176,3.412,-0.221,-0.788,-0.313,0.424,-6.13,-3.618,-2.008,-0.307,0.037,0.995,-3.282,-5.954,0.863,-0.355,-0.32,0.955,-0.924,8.489,-1.893,0.033,-0.263,0.832,-1.74,2.542,0.107,btn_B
1780980634.4001307,-0.789,-0.184,0.592,-3.641,3.916,-2.794,-0.838,-0.298,0.454,-5.718,-10.382,-1.344,-0.33,-0.006,1.008,-25.107,-0.321,-6.023,-0.351,-0.302,0.942,-5.511,8.092,-1.809,0.018,-0.259,0.842,-1.496,-0.252,-2.092,btn_B
1780980634.503113,-0.799,-0.185,0.598,-3.802,10.45,-2.153,-0.742,-0.339,0.48,-5.74,-87.687,-11.626,-0.19,-0.0,0.617,-123.473,-14.954,-32.634,-0.326,-0.33,0.971,-19.473,4.908,-7.725,0.035,-0.264,0.835,-5.443,2.748,-1.504,btn_B
1780980634.606108,-0.71,-0.177,0.656,-0.557,-5.573,-2.466,-0.6,-0.335,0.502,-15.046,47.397,4.687,-0.216,-0.289,1.106,-26.763,-36.962,-2.16,-0.285,-0.386,0.931,-8.023,-7.931,-2.137,0.072,-0.267,0.876,-8.221,-0.718,-4.015,btn_B
1780980634.7090912,-0.813,-0.194,0.582,-1.672,2.519,-0.481,-0.677,-0.323,0.599,-6.382,-2.947,-0.069,-0.26,-0.351,0.929,-0.328,-3.611,0.679,-0.351,-0.349,0.925,4.206,6.046,0.076,0.031,-0.267,0.836,-1.366,2.0,-0.389,btn_B
1780980634.825028,-0.81,-0.192,0.585,-1.344,3.137,-0.725,-0.673,-0.324,0.6,-6.672,0.115,0.328,-0.263,-0.354,0.923,-0.565,-0.29,0.122,-0.346,-0.36,0.935,5.87,7.87,-0.718,0.038,-0.27,0.829,-0.664,1.679,0.038,btn_B
1780980634.924674,-0.81,-0.192,0.584,-0.855,2.183,0.237,-0.678,-0.324,0.609,-7.176,0.313,-0.023,-0.257,-0.349,0.923,-0.603,0.298,-0.344,-0.351,-0.347,0.929,1.802,7.336,-0.595,0.04,-0.267,0.838,-0.679,2.099,-0.328,btn_B
1780980635.0181782,-0.813,-0.187,0.576,-0.58,0.191,-1.649,-0.678,-0.329,0.594,-4.863,-1.397,-0.092,-0.258,-0.345,0.926,0.901,0.786,-0.366,-0.35,-0.353,0.931,0.649,8.122,-0.588,0.052,-0.268,0.829,-0.748,2.641,-0.901,btn_B
1780980637.6963863,-0.811,-0.196,0.579,-1.015,1.664,-0.389,-0.673,-0.33,0.613,-6.55,0.366,-0.649,-0.257,-0.352,0.922,-0.237,-0.153,0.397,-0.351,-0.35,0.928,1.313,6.847,-0.115,0.041,-0.277,0.832,-0.412,1.947,-0.107,btn_B
1780980637.8094041,-0.813,-0.199,0.58,-0.802,2.076,-1.023,-0.664,-0.329,0.61,-6.618,0.55,-0.252,-0.257,-0.354,0.92,-0.145,-0.298,0.076,-0.352,-0.346,0.932,1.573,6.802,-0.695,0.048,-0.271,0.84,-0.656,1.626,0.221,btn_B
1780980637.9023015,-0.812,-0.194,0.577,-1.16,1.573,-0.878,-0.67,-0.329,0.611,-6.389,0.473,-0.588,-0.259,-0.351,0.923,-0.092,-0.496,0.305,-0.354,-0.351,0.93,1.351,6.908,-0.618,0.049,-0.276,0.833,-0.733,1.817,-0.214,btn_B
1780980638.0095294,-0.805,-0.195,0.581,-1.13,1.389,-0.977,-0.669,-0.333,0.598,-6.702,0.603,-0.58,-0.26,-0.355,0.932,-0.718,-0.031,-0.137,-0.353,-0.345,0.933,1.962,7.115,-0.305,0.043,-0.273,0.834,-0.71,2.481,-0.076,btn_B
1780980638.1085203,-0.813,-0.198,0.583,-0.252,1.328,0.443,-0.67,-0.33,0.608,-6.214,1.023,-0.061,-0.273,-0.359,0.952,2.115,4.023,1.366,-0.354,-0.349,0.927,1.321,6.359,-0.023,0.05,-0.266,0.823,-0.038,2.137,0.725,btn_B
1780980638.224775,-0.816,-0.187,0.571,0.328,2.206,-1.389,-0.679,-0.324,0.576,-5.221,7.992,-1.435,-0.244,-0.264,1.122,52.443,6.473,10.359,-0.349,-0.338,0.933,0.221,6.099,-0.244,0.061,-0.279,0.825,0.611,9.588,1.137,btn_B
1780980638.325776,-0.813,-0.186,0.575,0.634,-1.115,0.183,-0.677,-0.311,0.558,-2.733,52.908,1.473,-0.268,-0.055,0.806,44.275,9.061,6.58,-0.36,-0.336,0.927,4.71,9.924,-0.42,0.038,-0.26,0.828,0.611,3.641,-0.344,btn_B
1780980638.423345,-0.791,-0.196,0.59,-0.122,1.786,-1.267,-0.757,-0.33,0.501,-5.405,22.344,1.687,-0.321,-0.063,1.085,21.588,3.588,0.542,-0.373,-0.334,0.93,3.13,12.87,0.061,0.038,-0.265,0.833,1.42,6.122,-0.229,btn_B
1780980638.5228155,-0.803,-0.182,0.605,-0.611,-2.595,-0.145,-0.759,-0.301,0.449,-7.267,20.107,1.763,-0.346,0.003,0.937,14.847,-0.214,4.26,-0.383,-0.322,0.939,8.084,5.84,1.13,0.028,-0.255,0.848,-0.725,7.55,1.672,btn_B
1780980638.6272986,-0.802,-0.185,0.573,-0.13,-1.702,0.282,-0.774,-0.316,0.463,-6.351,11.695,2.153,-0.316,0.029,0.969,10.198,1.023,-1.298,-0.364,-0.312,0.934,3.84,6.656,0.458,0.027,-0.26,0.831,-0.947,2.313,1.634,btn_B
1780980638.726363,-0.792,-0.185,0.594,-0.267,1.29,2.191,-0.791,-0.314,0.436,-5.962,4.084,0.779,-0.314,0.034,0.999,3.427,2.313,-1.725,-0.37,-0.31,0.921,1.015,8.458,-0.42,0.021,-0.262,0.837,-0.275,3.412,0.603,btn_B
1780980638.829391,-0.802,-0.181,0.601,-1.427,2.702,-1.359,-0.789,-0.319,0.441,-6.588,0.58,-0.84,-0.32,0.033,0.975,0.763,1.389,-1.198,-0.376,-0.32,0.935,1.962,9.344,-0.466,0.028,-0.259,0.836,-0.45,1.901,0.313,btn_B
1780980638.9465983,-0.802,-0.18,0.599,-0.969,2.664,-0.359,-0.792,-0.317,0.429,-6.382,-0.809,-0.573,-0.346,0.054,0.928,-2.786,-3.534,0.427,-0.373,-0.316,0.928,0.0,5.534,-1.038,0.025,-0.265,0.837,-0.641,2.275,-0.038,btn_B
1780980639.04087,-0.804,-0.182,0.597,-0.855,3.412,-1.412,-0.78,-0.313,0.441,-6.794,-11.359,-4.305,-0.309,0.026,0.986,-17.412,-4.351,-2.832,-0.379,-0.325,0.933,-0.878,5.252,-1.74,0.033,-0.273,0.841,-0.809,3.664,-0.069,btn_B
1780980639.146404,-0.804,-0.194,0.591,-4.115,6.618,-3.069,-0.765,-0.325,0.46,-9.458,-30.16,-6.107,-0.325,0.01,0.908,-37.618,-1.534,-1.374,-0.363,-0.314,0.937,-0.061,-4.74,-1.046,0.03,-0.254,0.834,-2.863,-0.023,-1.13,btn_B
1780980639.2413323,-0.815,-0.198,0.566,-2.748,7.13,-2.275,-0.702,-0.336,0.569,0.16,-48.718,-1.466,-0.263,-0.149,0.636,-149.115,2.168,-15.0,-0.345,-0.346,0.932,-6.611,4.71,-3.931,0.049,-0.267,0.809,-1.603,1.855,-1.13,btn_B
1780980639.3460767,-0.777,-0.213,0.613,8.153,10.0,2.351,-0.647,-0.33,0.646,-7.13,-5.458,-0.107,-0.275,-0.332,0.925,-5.473,1.656,-1.481,-0.362,-0.351,0.934,-2.771,-7.374,-1.542,0.046,-0.279,0.856,-3.611,2.214,-0.099,btn_B
1780980639.460114,-0.81,-0.192,0.585,-1.443,1.794,-0.87,-0.683,-0.328,0.603,-7.008,-0.351,-0.656,-0.28,-0.359,0.92,-1.26,0.916,-0.053,-0.353,-0.345,0.924,2.092,7.824,-0.405,0.036,-0.276,0.832,-0.87,1.573,0.244,btn_B
1780980639.5649197,-0.81,-0.195,0.582,-1.183,1.473,-0.763,-0.682,-0.33,0.598,-6.275,0.519,0.076,-0.269,-0.351,0.922,-0.794,0.282,0.183,-0.354,-0.341,0.931,1.534,6.809,-0.321,0.037,-0.275,0.838,-0.664,2.55,0.16,btn_B
1780980639.657609,-0.816,-0.193,0.577,-0.824,1.84,-0.748,-0.678,-0.327,0.601,-6.321,-0.252,-0.13,-0.271,-0.354,0.921,-0.786,-0.519,0.489,-0.353,-0.347,0.934,1.847,7.534,-0.664,0.036,-0.274,0.834,-0.557,1.748,-0.344,btn_B
1780980642.3449013,-0.816,-0.193,0.573,-1.023,1.641,-0.824,-0.678,-0.329,0.604,-6.359,0.733,-0.16,-0.266,-0.358,0.921,-0.26,0.023,-0.137,-0.348,-0.346,0.917,1.573,6.824,-0.603,0.029,-0.273,0.833,-0.565,2.26,-0.214,btn_B
1780980642.4431453,-0.813,-0.192,0.581,-0.733,1.023,-0.985,-0.676,-0.33,0.602,-5.756,0.618,-0.71,-0.268,-0.361,0.918,-0.076,-0.305,-0.313,-0.353,-0.345,0.93,1.939,6.954,0.198,0.035,-0.273,0.825,-0.519,2.534,-0.13,btn_B
1780980642.5447166,-0.812,-0.193,0.572,-0.939,1.489,-0.282,-0.673,-0.329,0.606,-6.435,0.191,-1.458,-0.272,-0.357,0.927,-0.626,-0.16,0.481,-0.356,-0.349,0.933,1.481,6.802,-0.87,0.038,-0.27,0.836,-0.45,2.542,-0.092,btn_B
1780980642.6414747,-0.812,-0.19,0.577,-1.046,1.298,-0.908,-0.671,-0.33,0.608,-6.435,0.55,-0.687,-0.266,-0.356,0.917,-0.634,0.244,0.466,-0.354,-0.349,0.93,1.702,7.145,-0.733,0.033,-0.273,0.831,-0.725,2.069,-0.198,btn_B
1780980642.743445,-0.814,-0.189,0.577,-0.84,1.84,-0.588,-0.674,-0.327,0.608,-6.534,0.397,-0.031,-0.272,-0.36,0.917,-0.237,0.282,0.26,-0.354,-0.344,0.923,1.305,6.756,-0.435,0.043,-0.266,0.833,-0.84,2.435,0.084,btn_B
1780980642.8570118,-0.816,-0.197,0.576,-0.947,1.244,-0.74,-0.673,-0.33,0.607,-5.817,0.405,0.008,-0.271,-0.357,0.92,0.466,-0.229,0.076,-0.351,-0.343,0.926,2.466,6.992,-0.389,0.041,-0.275,0.838,-0.359,3.137,-0.053,btn_B
1780980642.950437,-0.795,-0.189,0.587,-0.26,-0.649,-0.374,-0.696,-0.325,0.635,-6.374,4.931,-1.527,-0.276,-0.371,0.854,169.656,19.771,33.588,-0.365,-0.357,0.918,7.107,10.145,-0.229,0.041,-0.261,0.822,0.71,1.29,-2.015,btn_B
1780980643.052526,-0.828,-0.186,0.569,-0.534,0.595,-0.198,-0.692,-0.328,0.581,-7.931,12.901,-0.542,-0.274,-0.178,1.016,56.275,8.16,4.687,-0.342,-0.335,0.939,4.588,7.405,0.863,0.031,-0.28,0.831,0.42,5.603,1.954,btn_B
1780980643.1560674,-0.813,-0.183,0.582,-0.511,1.153,0.412,-0.753,-0.334,0.523,-5.74,37.298,0.672,-0.327,-0.042,0.891,31.031,2.55,1.863,-0.363,-0.328,0.937,3.16,9.122,0.809,0.022,-0.267,0.826,0.947,6.282,0.305,btn_B
1780980643.258712,-0.809,-0.192,0.582,-0.427,2.489,0.42,-0.761,-0.319,0.484,-6.053,20.008,2.168,-0.335,0.003,0.883,10.496,2.977,-2.55,-0.362,-0.317,0.924,6.725,5.74,1.573,0.019,-0.26,0.832,-1.031,5.183,0.496,btn_B
1780980643.3616261,-0.809,-0.183,0.583,0.412,3.374,1.458,-0.746,-0.314,0.481,-6.664,26.763,3.824,-0.357,-0.007,0.945,12.504,2.191,-8.809,-0.366,-0.304,0.948,7.351,8.298,1.656,0.021,-0.268,0.825,0.824,3.214,0.046,btn_B
1780980643.4799123,-0.82,-0.176,0.578,-0.939,4.061,-0.557,-0.781,-0.306,0.434,-7.405,7.565,-0.695,-0.369,-0.003,0.963,2.817,2.275,1.481,-0.38,-0.291,0.952,3.878,4.809,1.664,-0.012,-0.271,0.86,-2.656,3.832,0.191,btn_B
1780980643.5805182,-0.823,-0.174,0.57,-0.137,2.817,0.13,-0.785,-0.31,0.429,-7.672,-0.695,-2.908,-0.326,0.011,0.946,-3.29,-7.183,-2.405,-0.379,-0.31,0.931,0.527,4.206,-0.435,0.02,-0.269,0.831,-1.412,3.321,-0.26,btn_B
1780980643.6775942,-0.821,-0.178,0.579,-0.366,-0.626,-0.901,-0.792,-0.316,0.43,-6.351,-0.901,-0.893,-0.343,0.004,0.976,-0.992,-1.427,1.679,-0.371,-0.311,0.938,0.763,6.954,-0.725,0.025,-0.265,0.827,-0.748,2.015,-0.008,btn_B
1780980643.7734156,-0.812,-0.176,0.583,-0.962,-0.099,-1.817,-0.789,-0.314,0.431,-7.168,-18.305,-5.779,-0.209,0.063,0.829,-19.389,-8.733,-4.053,-0.403,-0.316,0.886,-1.985,0.29,-1.137,0.025,-0.268,0.826,-2.069,2.748,-0.176,btn_B
1780980643.8765037,-0.821,-0.183,0.573,-3.687,4.702,-3.718,-0.783,-0.279,0.473,-8.16,-117.061,-7.389,-0.23,-0.031,0.624,-135.237,-23.45,-16.115,-0.355,-0.333,0.947,-10.916,-2.656,-5.634,0.02,-0.265,0.838,-5.092,5.397,-1.26,btn_B
1780980643.9884875,-0.813,-0.174,0.61,-0.214,4.412,-1.626,-0.763,-0.299,0.504,-5.473,-0.26,-4.557,-0.172,-0.395,0.889,-28.595,-5.0,-4.687,-0.308,-0.33,0.977,6.115,19.084,-0.748,0.013,-0.288,0.824,2.481,5.847,-0.13,btn_B
1780980644.0910015,-0.816,-0.184,0.571,-0.13,0.756,-1.16,-0.681,-0.326,0.592,-5.573,-0.588,0.053,-0.262,-0.342,0.932,-0.916,-2.0,-0.061,-0.35,-0.333,0.933,1.366,8.42,-0.771,0.027,-0.277,0.843,0.244,0.427,-0.389,btn_B
1780980644.1860251,-0.814,-0.186,0.579,-1.664,1.679,-0.618,-0.686,-0.324,0.595,-6.863,-0.16,0.229,-0.268,-0.344,0.926,-0.588,-0.481,0.45,-0.346,-0.333,0.942,2.031,7.504,-1.0,0.024,-0.275,0.833,-0.038,1.702,0.504,btn_B
1780980644.2886715,-0.817,-0.189,0.572,-1.099,1.687,-0.763,-0.675,-0.324,0.597,-6.794,-0.206,-0.061,-0.264,-0.35,0.921,-0.58,0.107,-0.023,-0.354,-0.334,0.928,1.176,7.023,-0.832,0.035,-0.271,0.829,-0.374,2.26,0.092,btn_B
1780980646.9726477,-0.816,-0.192,0.568,-0.977,1.061,-0.977,-0.679,-0.327,0.6,-6.244,0.817,0.221,-0.264,-0.353,0.923,-0.504,-0.031,-0.221,-0.354,-0.334,0.934,1.298,6.977,-0.321,0.034,-0.271,0.834,-0.611,2.481,-0.084,btn_B
1780980647.0767395,-0.819,-0.189,0.568,-1.031,2.298,-0.344,-0.679,-0.333,0.602,-6.618,0.969,-0.634,-0.265,-0.357,0.92,-0.45,0.015,-0.229,-0.354,-0.335,0.925,1.26,6.458,-0.427,0.031,-0.279,0.828,-0.824,1.779,0.145,btn_B
1780980647.1749473,-0.818,-0.189,0.579,-0.725,1.908,-0.863,-0.68,-0.327,0.601,-6.153,0.939,-0.985,-0.263,-0.358,0.922,-0.282,-0.405,0.855,-0.359,-0.335,0.935,1.58,7.786,-0.687,0.038,-0.267,0.835,-0.595,2.435,-0.137,btn_B
1780980647.275761,-0.814,-0.19,0.575,-1.16,1.275,-1.053,-0.677,-0.327,0.6,-6.55,0.603,-0.718,-0.262,-0.353,0.921,-0.603,0.305,0.344,-0.351,-0.338,0.939,1.427,7.031,-0.763,0.031,-0.272,0.829,-0.473,2.962,0.16,btn_B
1780980647.380521,-0.82,-0.191,0.572,-0.794,1.534,-0.969,-0.676,-0.328,0.598,-6.336,0.481,-0.504,-0.259,-0.355,0.92,-0.275,0.496,0.023,-0.356,-0.336,0.927,1.809,7.366,0.008,0.031,-0.271,0.828,-0.641,2.947,0.183,btn_B
1780980647.4891539,-0.815,-0.192,0.574,-0.55,1.298,0.672,-0.675,-0.324,0.603,-6.374,0.748,0.313,-0.262,-0.383,1.013,-1.092,2.008,1.069,-0.356,-0.333,0.934,1.748,7.641,-0.305,0.029,-0.265,0.844,-1.008,1.42,-0.191,btn_B
1780980647.5848064,-0.822,-0.187,0.567,-0.198,5.573,0.076,-0.697,-0.351,0.535,-9.527,10.802,-0.26,-0.355,-0.243,0.915,83.519,9.542,30.847,-0.378,-0.325,0.915,4.656,1.71,-0.626,0.021,-0.275,0.832,-0.427,2.924,0.336,btn_B
1780980647.6886468,-0.822,-0.19,0.57,-1.435,1.71,-0.763,-0.696,-0.333,0.581,-10.519,13.756,-0.458,-0.273,-0.102,0.837,58.916,4.84,1.527,-0.357,-0.326,0.935,10.351,3.137,1.45,0.025,-0.274,0.833,-2.58,4.405,0.672,btn_B
1780980647.7911108,-0.821,-0.187,0.565,0.008,-0.382,0.008,-0.726,-0.342,0.543,-6.489,33.321,3.679,-0.323,-0.07,0.938,27.435,6.809,-4.954,-0.311,-0.293,0.962,6.466,14.313,-0.382,0.021,-0.272,0.842,2.084,1.74,0.298,btn_B
1780980647.894693,-0.809,-0.192,0.584,-0.351,-0.145,-1.893,-0.732,-0.326,0.492,-7.519,8.412,-0.542,-0.314,-0.074,1.022,9.802,-1.267,1.351,-0.353,-0.313,0.94,0.504,8.534,0.26,0.028,-0.263,0.829,-0.573,2.702,-0.618,btn_B
1780980648.007125,-0.817,-0.198,0.578,-0.153,0.863,-0.71,-0.759,-0.335,0.472,-5.519,17.672,1.137,-0.313,0.002,0.864,15.763,2.321,3.015,-0.348,-0.303,0.942,3.725,7.863,-0.504,0.039,-0.271,0.838,-0.687,1.679,-0.336,btn_B
1780980648.1099532,-0.816,-0.191,0.573,-0.183,1.893,0.565,-0.766,-0.33,0.452,-6.336,8.473,1.092,-0.302,0.021,0.966,-0.092,-3.321,-1.802,-0.343,-0.31,0.949,0.336,5.321,0.153,0.033,-0.269,0.83,0.412,3.595,-0.282,btn_B
1780980648.2094474,-0.826,-0.186,0.564,-1.832,3.702,-0.397,-0.785,-0.32,0.443,-7.87,-3.137,-1.519,-0.242,-0.045,1.097,-0.099,1.802,0.389,-0.368,-0.321,0.925,6.962,2.145,4.244,0.022,-0.273,0.835,-0.176,7.267,0.969,btn_B
1780980648.3059084,-0.815,-0.191,0.576,-0.527,1.443,-0.992,-0.786,-0.34,0.472,-6.092,4.802,1.985,-0.292,-0.005,0.944,-3.198,2.221,-4.466,-0.352,-0.298,0.944,1.679,9.16,-1.061,0.021,-0.268,0.836,-0.557,2.969,-0.435,btn_B
1780980648.4089055,-0.82,-0.188,0.567,-0.847,4.977,-0.695,-0.761,-0.325,0.464,-6.74,-8.191,-1.962,-0.285,-0.025,0.972,-8.038,1.13,-0.191,-0.349,-0.299,0.947,-0.389,7.366,-0.931,0.021,-0.266,0.832,-0.634,0.351,-0.389,btn_B
1780980648.5234926,-0.817,-0.189,0.567,-1.489,4.321,-0.916,-0.759,-0.309,0.457,-7.076,-21.756,-3.443,-0.248,0.007,0.75,-43.473,-3.26,-14.557,-0.347,-0.31,0.95,6.008,5.092,-3.763,0.014,-0.265,0.831,-2.489,1.137,-1.595,btn_B
1780980648.6257086,-0.83,-0.178,0.554,2.275,-11.344,-2.137,-0.703,-0.353,0.561,9.626,-43.26,0.55,-0.446,-0.442,0.946,-245.679,-33.053,-20.351,-0.364,-0.34,0.933,-17.374,9.191,-5.679,0.043,-0.31,0.825,-3.817,1.626,-3.198,btn_B
1780980648.725145,-0.815,-0.188,0.573,-1.794,0.45,-0.473,-0.691,-0.323,0.589,-7.229,0.802,-0.29,-0.245,-0.346,0.931,-6.008,2.779,-0.053,-0.348,-0.34,0.939,1.557,9.863,-0.527,0.031,-0.265,0.833,1.664,0.466,1.176,btn_B
1780980648.8206713,-0.815,-0.19,0.587,-1.282,0.84,-0.901,-0.683,-0.322,0.599,-6.107,-1.16,-0.466,-0.264,-0.347,0.927,-0.634,0.481,0.359,-0.347,-0.34,0.931,1.55,7.511,-0.603,0.038,-0.274,0.829,-0.153,2.244,0.366,btn_B
1780980648.924021,-0.818,-0.192,0.575,-1.053,2.084,-0.481,-0.681,-0.323,0.598,-6.702,-0.458,-1.229,-0.262,-0.349,0.924,-0.527,-0.427,-0.26,-0.358,-0.338,0.937,1.725,6.145,-0.26,0.037,-0.274,0.83,-0.397,2.328,0.313,btn_B
1780980651.6079643,-0.811,-0.192,0.571,-1.115,1.779,-0.863,-0.678,-0.335,0.61,-6.817,0.511,-1.061,-0.251,-0.366,0.926,-1.061,0.305,-0.573,-0.352,-0.343,0.93,1.191,6.71,-0.183,0.042,-0.278,0.829,-0.649,2.298,-0.252,btn_B
1780980651.7050233,-0.816,-0.197,0.574,-0.863,1.473,-1.183,-0.678,-0.332,0.598,-6.45,0.466,-0.534,-0.247,-0.36,0.917,-0.313,-0.298,-0.053,-0.349,-0.345,0.925,1.954,6.725,-0.649,0.036,-0.272,0.828,-0.267,3.786,-0.336,btn_B
1780980651.8081617,-0.81,-0.188,0.566,-0.916,1.122,-1.664,-0.676,-0.334,0.601,-6.321,0.794,-0.382,-0.25,-0.366,0.935,-0.29,-0.588,0.298,-0.353,-0.334,0.947,1.939,7.176,-0.885,0.037,-0.273,0.837,-0.443,2.626,0.237,btn_B
1780980651.9110875,-0.815,-0.191,0.571,-0.71,1.168,-0.366,-0.675,-0.326,0.598,-6.275,0.489,-0.221,-0.251,-0.365,0.918,-0.573,0.42,-0.046,-0.354,-0.344,0.94,1.466,6.954,-0.305,0.035,-0.272,0.837,-0.74,1.595,-0.221,btn_B
1780980652.023928,-0.818,-0.191,0.565,-1.198,1.458,-0.954,-0.677,-0.333,0.596,-6.122,0.656,-0.603,-0.25,-0.364,0.929,-0.412,0.344,0.26,-0.349,-0.335,0.94,1.252,6.053,-0.824,0.038,-0.267,0.837,-0.481,1.863,-0.015,btn_B
1780980652.1168268,-0.819,-0.198,0.571,-0.603,1.695,-0.275,-0.676,-0.331,0.596,-6.183,0.565,-0.893,-0.249,-0.367,0.922,-0.366,0.023,-0.069,-0.354,-0.338,0.933,1.779,5.87,-0.427,0.03,-0.275,0.841,-0.55,2.794,-0.527,btn_B
1780980652.2272115,-0.815,-0.194,0.568,-0.786,1.313,-0.985,-0.675,-0.332,0.6,-5.901,0.687,-0.336,-0.253,-0.362,0.92,0.405,-0.099,-0.198,-0.352,-0.337,0.935,1.542,6.74,-0.779,0.038,-0.276,0.832,-0.885,2.168,-0.183,btn_B
1780980652.3226132,-0.812,-0.198,0.57,-1.252,1.405,-0.649,-0.665,-0.332,0.606,-5.893,1.519,0.771,-0.274,-0.365,0.926,3.496,7.977,1.389,-0.352,-0.337,0.928,1.443,7.603,-0.45,0.04,-0.274,0.839,-1.702,-1.321,-0.672,btn_B
1780980652.425948,-0.816,-0.191,0.57,2.473,0.74,0.305,-0.686,-0.329,0.596,-5.656,10.198,-1.481,-0.283,-0.31,1.104,83.244,6.305,30.374,-0.326,-0.337,0.928,4.924,7.718,-0.061,0.028,-0.271,0.827,-0.26,7.466,-1.374,btn_B
1780980652.5291333,-0.814,-0.194,0.584,-0.863,1.168,-0.305,-0.693,-0.337,0.571,-9.29,9.573,-0.969,-0.277,-0.118,0.972,41.198,4.534,13.748,-0.333,-0.33,0.943,10.435,3.435,1.817,0.035,-0.28,0.833,3.496,6.725,3.71,btn_B
1780980652.6398382,-0.817,-0.19,0.57,-0.893,1.626,-0.069,-0.711,-0.337,0.513,-6.282,33.214,1.45,-0.295,-0.036,0.876,23.573,4.061,-3.992,-0.341,-0.311,0.949,5.519,5.496,1.702,0.018,-0.272,0.836,-1.366,2.527,0.641,btn_B
1780980652.7397964,-0.81,-0.191,0.578,-0.863,1.053,0.076,-0.733,-0.328,0.524,-5.58,20.443,2.473,-0.271,-0.034,0.991,19.954,4.382,-1.466,-0.346,-0.317,0.934,4.252,12.84,0.092,0.018,-0.269,0.832,0.42,2.977,-0.038,btn_B
1780980652.8382804,-0.818,-0.188,0.577,0.137,3.13,-0.015,-0.75,-0.327,0.489,-5.519,9.947,0.992,-0.306,-0.023,1.026,11.702,2.321,-2.847,-0.344,-0.306,0.944,4.542,11.008,0.519,0.027,-0.269,0.837,0.305,5.053,0.527,btn_B
1780980652.9410508,-0.811,-0.19,0.581,-1.29,1.55,-0.908,-0.761,-0.323,0.471,-6.855,-1.061,-1.023,-0.297,-0.003,1.011,0.29,1.115,0.756,-0.369,-0.315,0.936,-0.015,7.611,-0.733,0.018,-0.267,0.848,-0.008,3.588,-0.092,btn_B
1780980653.044142,-0.812,-0.186,0.576,-0.16,0.153,-0.298,-0.761,-0.321,0.482,-5.947,1.214,-0.183,-0.297,0.018,0.942,2.16,1.87,1.496,-0.345,-0.309,0.936,1.382,7.275,-0.618,0.018,-0.266,0.833,-0.55,1.237,-0.466,btn_B
1780980653.1561594,-0.817,-0.185,0.571,-0.618,1.802,0.053,-0.762,-0.323,0.468,-6.229,-1.542,-1.229,-0.313,0.013,0.973,-3.099,-2.427,0.603,-0.353,-0.306,0.94,-0.069,6.397,-1.13,0.027,-0.262,0.838,-0.611,2.916,-0.107,btn_B
1780980653.2560627,-0.811,-0.192,0.588,-1.214,2.321,-1.573,-0.747,-0.328,0.494,-6.809,-0.16,-0.237,-0.358,-0.018,1.005,-5.542,0.511,-0.718,-0.355,-0.307,0.933,0.84,8.763,-1.351,0.023,-0.268,0.827,-0.779,2.176,0.336,btn_B
1780980653.353168,-0.813,-0.182,0.575,-1.336,1.595,-0.832,-0.758,-0.328,0.474,-6.756,-1.885,-0.939,-0.313,-0.001,0.969,-2.0,-2.046,1.015,-0.345,-0.304,0.952,-0.153,8.603,-1.328,0.028,-0.265,0.832,-0.863,1.649,0.099,btn_B
1780980653.456037,-0.818,-0.183,0.573,-0.557,2.107,-1.168,-0.755,-0.323,0.49,-6.214,-0.885,-1.298,-0.301,-0.008,0.957,-6.237,-0.122,-1.511,-0.355,-0.309,0.937,1.176,7.71,-0.519,0.024,-0.271,0.842,-0.382,2.534,0.328,btn_B
1780980653.5591326,-0.818,-0.182,0.578,-1.053,1.366,-0.771,-0.748,-0.328,0.491,-6.344,-0.267,-0.771,-0.326,-0.007,0.963,-1.817,0.26,0.542,-0.351,-0.312,0.941,1.076,6.336,-1.443,0.03,-0.267,0.832,-1.076,1.061,-0.145,btn_B
1780980656.238237,-0.812,-0.193,0.569,-0.992,0.985,-0.153,-0.675,-0.328,0.596,-6.321,0.542,-0.382,-0.256,-0.355,0.919,-0.458,0.618,0.26,-0.344,-0.341,0.93,1.649,6.29,-0.611,0.035,-0.268,0.828,-0.832,2.069,-0.069,btn_B
1780980656.3404746,-0.818,-0.184,0.576,-0.84,1.275,-1.244,-0.681,-0.33,0.608,-6.298,0.305,-1.092,-0.253,-0.357,0.922,-0.115,-0.534,0.183,-0.346,-0.336,0.932,1.084,6.718,-0.626,0.038,-0.276,0.83,-0.42,2.656,-0.076,btn_B
1780980656.4570467,-0.813,-0.187,0.567,-0.802,1.847,-0.489,-0.675,-0.331,0.603,-6.298,0.359,-0.641,-0.254,-0.359,0.923,-0.107,-0.099,-0.099,-0.343,-0.337,0.931,1.305,6.939,-0.748,0.034,-0.275,0.836,-0.504,2.107,-0.107,btn_B
1780980656.5463362,-0.812,-0.188,0.576,-0.74,1.779,-0.664,-0.68,-0.325,0.603,-6.473,0.611,0.198,-0.257,-0.357,0.924,-0.626,0.595,-0.145,-0.341,-0.336,0.94,1.397,7.252,0.16,0.027,-0.275,0.833,-0.435,2.153,0.015,btn_B
1780980656.6587737,-0.812,-0.187,0.569,-1.115,1.534,-0.687,-0.675,-0.331,0.6,-6.206,0.481,-0.038,-0.254,-0.356,0.92,-0.008,-0.206,0.176,-0.348,-0.342,0.936,1.351,6.824,-0.756,0.032,-0.277,0.832,-0.855,2.183,0.122,btn_B
1780980656.7521665,-0.817,-0.194,0.573,-1.046,1.16,-1.115,-0.678,-0.332,0.598,-6.412,0.359,-0.473,-0.254,-0.358,0.927,-0.458,-0.534,0.313,-0.342,-0.34,0.935,1.878,6.885,-0.725,0.03,-0.278,0.834,-0.313,2.924,-0.214,btn_B
1780980656.860686,-0.816,-0.188,0.579,-0.977,2.015,0.084,-0.67,-0.334,0.6,-5.939,-0.344,-0.351,-0.247,-0.363,0.927,-1.275,0.435,0.374,-0.346,-0.337,0.928,1.977,6.908,-0.672,0.03,-0.277,0.833,-0.099,2.13,0.336,btn_B
1780980656.9579442,-0.815,-0.191,0.576,-0.962,1.359,-1.649,-0.681,-0.335,0.597,-6.252,0.198,-0.763,-0.257,-0.355,0.923,-0.458,0.397,-0.183,-0.342,-0.335,0.932,1.809,7.191,-0.45,0.03,-0.273,0.836,-0.382,2.863,0.489,btn_B
1780980657.0728726,-0.815,-0.19,0.57,-0.939,1.191,-0.679,-0.677,-0.333,0.599,-6.321,-0.076,-0.656,-0.251,-0.363,0.933,0.634,0.351,0.267,-0.345,-0.343,0.933,2.527,7.145,0.092,0.033,-0.281,0.831,-0.443,2.542,0.397,btn_B
1780980657.1772997,-0.815,-0.186,0.573,-0.321,0.092,-0.763,-0.705,-0.277,0.588,-1.824,-6.206,-0.13,-0.252,-0.516,1.433,147.985,21.099,47.725,-0.326,-0.342,0.927,4.656,11.863,-1.382,0.035,-0.284,0.847,3.344,-0.481,0.466,btn_B
1780980657.2745585,-0.811,-0.196,0.573,-0.389,3.977,0.366,-0.687,-0.332,0.579,-10.023,25.71,0.122,-0.284,-0.117,0.872,87.794,13.45,15.336,-0.355,-0.331,0.93,15.374,6.817,1.168,0.037,-0.264,0.83,-2.122,1.122,0.153,btn_B
1780980657.3738787,-0.819,-0.182,0.574,0.275,0.275,-0.183,-0.727,-0.34,0.53,-6.344,27.924,1.725,-0.302,-0.035,0.943,24.328,-0.168,5.198,-0.355,-0.321,0.936,4.756,6.992,0.885,0.024,-0.274,0.841,0.076,3.534,0.153,btn_B
1780980657.473276,-0.795,-0.18,0.597,0.664,-2.863,-1.481,-0.724,-0.32,0.516,-6.115,25.084,3.038,-0.289,0.021,0.936,21.656,4.382,-7.031,-0.341,-0.322,0.945,3.107,13.962,0.359,0.025,-0.266,0.838,-1.397,3.023,1.191,btn_B
1780980657.576298,-0.815,-0.186,0.582,-1.015,-0.321,-0.611,-0.765,-0.32,0.472,-6.466,19.733,3.832,-0.317,0.032,0.921,14.382,5.45,-6.71,-0.354,-0.313,0.936,5.198,11.435,0.733,0.019,-0.273,0.838,-0.519,3.26,-0.023,btn_B
1780980657.6929324,-0.81,-0.182,0.592,-0.55,2.725,0.145,-0.767,-0.321,0.469,-6.145,6.298,0.176,-0.317,0.031,0.967,2.656,0.985,-2.16,-0.354,-0.309,0.938,2.924,5.725,-0.466,0.031,-0.266,0.827,0.0,2.756,0.42,btn_B
1780980657.789632,-0.809,-0.183,0.585,-0.45,3.366,-0.985,-0.781,-0.32,0.454,-6.267,0.473,-1.481,-0.303,0.02,1.004,0.679,0.695,-0.084,-0.378,-0.314,0.928,1.794,7.282,-1.214,0.034,-0.27,0.838,0.366,3.771,-0.237,btn_B
1780980657.8856506,-0.806,-0.183,0.587,-1.817,2.603,-1.145,-0.786,-0.315,0.435,-6.405,-6.099,-2.489,-0.296,0.021,1.023,-4.504,-5.313,2.038,-0.355,-0.317,0.945,0.008,7.641,-1.443,0.028,-0.275,0.838,-0.763,2.557,-0.221,btn_B
1780980657.988502,-0.813,-0.185,0.577,-3.695,3.595,-4.115,-0.843,-0.354,0.455,-6.962,-65.817,-10.634,-0.208,0.045,0.636,-105.962,-8.466,-23.366,-0.331,-0.32,0.95,-2.832,-23.756,-3.695,0.035,-0.273,0.846,-9.618,-4.565,-2.603,btn_B
1780980658.1064672,-0.766,-0.157,0.527,1.298,-7.756,-1.519,-0.429,-0.228,0.917,-23.71,-4.634,-8.985,-0.883,-0.394,1.106,13.817,-34.427,10.45,-0.548,-0.304,0.915,11.282,-4.221,0.267,0.081,-0.257,0.856,-4.595,-19.221,-0.901,btn_B
1780980658.1943908,-0.802,-0.19,0.577,-1.817,-1.046,-0.275,-0.68,-0.321,0.604,-6.519,-1.557,-0.45,-0.245,-0.338,0.935,-2.557,-0.092,-0.58,-0.332,-0.336,0.942,1.168,8.313,-0.267,0.035,-0.277,0.834,0.725,2.267,0.366,btn_B
1780980660.8722441,-0.816,-0.187,0.575,-0.901,1.947,-1.023,-0.674,-0.324,0.603,-6.534,0.557,0.198,-0.25,-0.348,0.932,-0.435,-0.076,-0.267,-0.341,-0.336,0.933,1.771,6.603,-0.153,0.044,-0.278,0.828,-0.672,2.282,0.084,btn_B
1780980660.9751484,-0.814,-0.191,0.577,-1.198,1.443,-0.313,-0.675,-0.33,0.605,-6.924,0.473,0.023,-0.249,-0.35,0.926,-0.313,-0.405,0.397,-0.343,-0.337,0.935,1.687,7.412,0.053,0.032,-0.274,0.832,-0.58,2.511,0.053,btn_B
1780980661.0900917,-0.812,-0.191,0.581,-0.901,1.435,-1.015,-0.677,-0.334,0.598,-6.511,0.802,-0.664,-0.249,-0.349,0.93,-0.664,0.29,0.565,-0.344,-0.332,0.939,1.16,6.725,-0.634,0.034,-0.282,0.833,-0.573,1.954,-0.061,btn_B
1780980661.1934087,-0.815,-0.188,0.576,-0.603,1.145,-0.16,-0.68,-0.329,0.603,-6.321,0.137,-0.573,-0.25,-0.349,0.923,-0.588,0.405,-0.008,-0.336,-0.342,0.933,1.74,6.382,-0.634,0.03,-0.276,0.833,-0.435,2.267,-0.13,btn_B
1780980661.2930522,-0.814,-0.188,0.575,-1.084,1.504,-0.763,-0.669,-0.338,0.604,-6.115,1.405,0.214,-0.262,-0.352,0.957,0.939,4.565,0.489,-0.339,-0.336,0.932,1.817,7.489,-0.328,0.035,-0.272,0.833,-0.626,1.336,-0.519,btn_B
1780980661.391322,-0.794,-0.191,0.585,-0.71,1.046,-0.053,-0.667,-0.34,0.608,-7.206,5.725,1.206,-0.327,-0.287,0.841,39.45,10.153,6.221,-0.352,-0.32,0.959,2.954,3.725,-0.656,0.051,-0.279,0.832,0.229,6.053,-0.71,btn_B
1780980661.4909577,-0.824,-0.184,0.573,-0.672,3.802,-1.198,-0.686,-0.336,0.578,-9.817,23.481,-1.29,-0.191,-0.127,0.779,86.206,-1.427,22.969,-0.33,-0.347,0.938,14.87,8.565,1.206,0.041,-0.278,0.854,1.298,-1.16,-0.58,btn_B
1780980661.606481,-0.818,-0.174,0.581,0.878,-2.649,-0.321,-0.783,-0.327,0.511,-4.656,54.534,7.351,-0.297,0.059,0.791,55.389,-10.092,9.74,-0.357,-0.31,0.896,1.74,13.336,-1.542,0.025,-0.273,0.847,0.542,0.832,-1.557,btn_B
1780980661.7037995,-0.815,-0.183,0.584,0.13,-0.046,-1.58,-0.758,-0.308,0.465,-7.183,14.794,0.496,-0.315,0.027,0.967,14.229,2.565,-1.863,-0.344,-0.305,0.894,8.489,4.534,2.58,0.025,-0.259,0.831,-0.366,4.267,1.023,btn_B
1780980661.8079214,-0.81,-0.182,0.589,0.023,-0.573,0.344,-0.774,-0.319,0.452,-6.397,8.534,2.076,-0.37,0.014,1.019,8.13,-1.092,-0.244,-0.357,-0.309,0.938,1.176,6.122,-0.107,0.038,-0.268,0.824,-0.489,1.0,-0.137,btn_B
1780980661.9057484,-0.812,-0.187,0.595,-1.221,2.58,-0.832,-0.776,-0.311,0.442,-6.321,5.855,0.267,-0.35,0.036,0.964,4.023,0.74,2.534,-0.347,-0.298,0.944,1.664,7.42,-0.916,0.026,-0.271,0.826,-0.779,2.489,0.534,btn_B
1780980662.0051868,-0.811,-0.177,0.582,-0.58,3.359,0.458,-0.776,-0.314,0.427,-6.908,4.489,-2.542,-0.309,0.056,0.937,1.458,0.351,-1.519,-0.37,-0.309,0.925,1.779,8.55,-0.115,0.029,-0.268,0.835,-0.427,2.252,0.649,btn_B
1780980662.108872,-0.807,-0.18,0.581,-0.687,2.885,-1.229,-0.79,-0.311,0.423,-6.748,-3.458,-3.794,-0.329,0.043,0.975,-3.824,-5.504,1.282,-0.358,-0.308,0.929,-0.725,6.382,-1.275,0.035,-0.267,0.836,-1.191,2.542,-0.687,btn_B
1780980662.2208285,-0.812,-0.179,0.585,-2.939,2.947,-2.031,-0.831,-0.351,0.443,-7.16,-28.534,-5.504,-0.25,0.058,0.808,-45.962,-6.443,-8.176,-0.354,-0.301,0.968,-4.687,-4.649,-0.229,0.024,-0.267,0.844,-4.336,-0.168,0.191,btn_B
1780980662.3206983,-0.827,-0.189,0.562,-2.282,-5.481,-3.412,-0.691,-0.333,0.564,3.565,-49.557,2.534,-0.28,-0.269,0.722,-203.618,0.481,-26.206,-0.363,-0.333,0.926,-9.679,12.87,-3.473,0.052,-0.285,0.837,0.427,4.87,-1.466,btn_B
1780980662.4238596,-0.812,-0.184,0.581,-4.481,-4.786,-0.351,-0.689,-0.327,0.583,-5.863,-15.313,-0.885,-0.236,-0.344,0.932,-2.282,-7.008,-0.298,-0.344,-0.337,0.94,-0.802,7.947,-1.321,0.021,-0.277,0.827,-0.382,-3.374,0.992,btn_B
1780980662.5213375,-0.808,-0.185,0.584,-1.29,1.84,-0.901,-0.68,-0.328,0.599,-6.321,0.237,-0.427,-0.259,-0.343,0.93,-1.023,-1.351,-0.168,-0.33,-0.338,0.938,3.252,7.595,-0.153,0.039,-0.278,0.837,-0.504,3.176,0.878,btn_B
1780980662.6235425,-0.81,-0.189,0.581,-0.771,1.725,-0.229,-0.679,-0.329,0.601,-6.405,0.13,-0.55,-0.256,-0.344,0.925,-0.939,-0.427,-0.099,-0.339,-0.337,0.937,0.901,7.328,-0.542,0.045,-0.266,0.832,-0.611,2.344,-0.313,btn_B
1780980662.7435231,-0.815,-0.19,0.581,-1.183,2.076,-0.779,-0.679,-0.325,0.601,-6.42,0.458,-0.802,-0.256,-0.346,0.931,-0.58,0.0,0.412,-0.339,-0.335,0.945,1.252,7.267,-0.565,0.042,-0.281,0.838,-0.817,1.794,-0.176,btn_B
1780980662.8396864,-0.813,-0.191,0.58,-1.527,2.229,-0.779,-0.677,-0.33,0.602,-6.389,0.252,-0.412,-0.253,-0.343,0.925,-0.656,0.16,0.221,-0.339,-0.333,0.935,1.321,7.649,-0.053,0.04,-0.275,0.833,-0.664,1.595,0.008,btn_B
1780980665.5074477,-0.815,-0.192,0.578,-1.145,1.359,-0.885,-0.679,-0.331,0.602,-6.076,0.985,-0.351,-0.25,-0.352,0.918,-0.26,-0.305,0.71,-0.341,-0.337,0.94,1.313,7.458,-0.695,0.04,-0.278,0.835,-0.603,2.786,-0.137,btn_B
1780980665.6232524,-0.812,-0.189,0.575,-0.763,0.977,-0.573,-0.678,-0.334,0.6,-6.046,0.74,-0.908,-0.252,-0.353,0.93,-0.389,-0.069,0.511,-0.341,-0.341,0.936,1.725,6.87,-0.519,0.044,-0.275,0.836,-0.504,2.511,-0.191,btn_B
1780980665.7136347,-0.816,-0.189,0.574,-0.985,1.557,-0.504,-0.68,-0.33,0.602,-6.435,0.588,-0.55,-0.252,-0.356,0.925,-0.198,0.29,0.023,-0.344,-0.339,0.931,1.992,7.328,-0.374,0.042,-0.272,0.829,-0.489,2.115,-0.038,btn_B
1780980665.8227985,-0.814,-0.188,0.575,-0.702,2.13,-0.565,-0.678,-0.325,0.594,-6.389,0.595,-0.672,-0.256,-0.354,0.928,-0.374,-0.618,-0.55,-0.345,-0.337,0.94,1.427,6.885,-0.359,0.041,-0.277,0.834,-0.74,1.992,-0.031,btn_B
1780980665.9238415,-0.812,-0.192,0.579,-0.878,1.191,-0.809,-0.674,-0.329,0.601,-6.214,0.237,-0.511,-0.252,-0.353,0.927,0.435,0.443,0.489,-0.338,-0.341,0.926,1.748,7.389,-0.137,0.045,-0.28,0.83,-0.336,2.023,-0.061,btn_B
1780980666.0226681,-0.809,-0.186,0.577,-0.771,1.588,-0.176,-0.715,-0.316,0.63,-5.687,4.405,-4.092,-0.019,-0.452,1.232,86.74,-1.542,53.435,-0.322,-0.338,0.94,3.137,3.672,-1.412,0.063,-0.29,0.838,-0.29,2.435,-1.061,btn_B
1780980666.1257234,-0.804,-0.183,0.591,-0.954,2.206,-0.092,-0.678,-0.329,0.597,-9.962,10.824,-0.901,-0.28,-0.222,0.959,81.008,-1.366,18.832,-0.365,-0.337,0.927,7.603,2.412,-0.618,0.042,-0.275,0.829,0.595,7.718,0.954,btn_B
1780980666.238559,-0.804,-0.197,0.601,-1.107,5.504,1.191,-0.723,-0.344,0.565,-6.153,63.916,4.71,-0.297,-0.073,0.849,58.763,12.802,8.084,-0.326,-0.304,0.976,9.962,8.763,1.359,0.023,-0.273,0.84,2.0,5.718,-0.527,btn_B
1780980666.3414214,-0.808,-0.189,0.579,-2.473,2.366,-0.809,-0.754,-0.323,0.52,-6.489,28.511,1.672,-0.255,-0.067,1.058,25.275,1.916,1.962,-0.346,-0.314,0.939,9.878,7.511,2.015,0.024,-0.278,0.838,0.366,4.137,0.702,btn_B
1780980666.4348848,-0.821,-0.183,0.567,0.42,-0.084,0.153,-0.764,-0.314,0.45,-6.626,21.435,1.29,-0.292,0.021,0.915,19.145,2.137,-1.191,-0.339,-0.318,0.959,7.84,11.885,3.008,0.036,-0.28,0.837,-1.183,3.863,2.015,btn_B
1780980666.537955,-0.81,-0.185,0.579,-1.092,3.679,0.221,-0.788,-0.317,0.451,-6.985,12.802,1.443,-0.297,0.023,0.995,8.962,4.481,-4.786,-0.333,-0.308,0.971,7.588,5.603,5.313,0.017,-0.272,0.851,0.153,4.45,1.137,btn_B
1780980666.6408036,-0.813,-0.183,0.577,-0.427,0.275,-1.107,-0.798,-0.315,0.435,-6.137,9.198,1.061,-0.296,0.037,0.987,6.55,2.298,-6.069,-0.332,-0.29,0.95,0.13,10.695,-0.198,0.054,-0.269,0.825,-0.542,-0.237,0.542,btn_B
1780980666.758566,-0.814,-0.181,0.587,0.634,-1.13,-0.672,-0.798,-0.305,0.417,-3.29,1.611,-1.809,-0.33,0.038,0.965,-0.252,-4.794,-2.481,-0.348,-0.288,0.942,-0.382,8.153,-2.397,0.02,-0.266,0.84,-0.87,0.466,-0.664,btn_B
1780980666.852626,-0.813,-0.177,0.576,-0.954,0.84,-1.275,-0.749,-0.306,0.416,-6.168,-11.076,-4.244,-0.327,0.059,0.869,-22.122,-4.298,-4.382,-0.351,-0.287,0.948,-5.412,5.458,-2.489,0.029,-0.264,0.838,-1.443,3.382,-0.756,btn_B
1780980666.9498765,-0.812,-0.188,0.576,-2.122,3.527,-2.405,-0.738,-0.33,0.462,-9.069,-91.656,-10.718,-0.241,-0.021,0.695,-118.84,-16.55,-30.023,-0.317,-0.283,0.997,-18.893,4.695,-8.145,0.028,-0.265,0.846,-6.214,-5.954,-4.557,btn_B
1780980667.0528793,-0.847,-0.172,0.578,2.084,-14.313,-2.275,-0.645,-0.253,0.768,-0.191,-31.679,1.443,-0.059,-0.043,0.479,53.221,57.817,4.824,-0.387,-0.319,0.888,11.244,36.756,0.481,0.04,-0.259,0.844,8.954,-14.794,0.458,btn_B
1780980667.1557658,-0.81,-0.19,0.58,-1.733,2.328,-0.771,-0.684,-0.325,0.604,-6.229,-1.733,-0.198,-0.25,-0.333,0.936,-2.481,-0.916,0.099,-0.342,-0.326,0.939,1.168,5.985,-0.87,0.028,-0.273,0.826,-1.237,1.244,0.481,btn_B
1780980667.2710423,-0.813,-0.185,0.58,-1.198,2.656,-0.214,-0.679,-0.323,0.612,-7.145,0.534,-0.45,-0.254,-0.338,0.93,-1.145,-0.893,0.458,-0.329,-0.326,0.938,2.679,7.641,-0.336,0.036,-0.276,0.833,-0.679,3.244,-0.015,btn_B
1780980667.3724318,-0.813,-0.186,0.575,-0.832,1.893,-0.687,-0.676,-0.325,0.606,-6.969,0.466,-0.679,-0.253,-0.333,0.932,-0.878,-0.893,0.176,-0.338,-0.324,0.942,1.328,6.405,-0.344,0.037,-0.278,0.828,-0.733,1.756,0.0,btn_B
1780980667.4708943,-0.814,-0.183,0.582,-0.962,1.107,-0.664,-0.679,-0.327,0.599,-6.389,-1.977,-0.718,-0.253,-0.34,0.932,-0.802,-0.626,0.015,-0.335,-0.324,0.937,1.519,7.702,-1.061,0.037,-0.276,0.833,0.061,2.473,0.0,btn_B
1780980670.1547072,-0.814,-0.193,0.574,-0.664,1.695,-0.573,-0.673,-0.328,0.606,-6.282,0.527,-0.496,-0.253,-0.343,0.933,-0.573,0.153,-0.061,-0.34,-0.326,0.939,1.832,7.061,-1.015,0.039,-0.278,0.84,-0.802,2.092,0.115,btn_B
1780980670.2554367,-0.817,-0.188,0.574,-0.641,1.878,-0.687,-0.674,-0.329,0.602,-6.412,0.45,-0.42,-0.247,-0.348,0.933,-0.26,0.344,-0.015,-0.34,-0.327,0.942,1.664,6.511,-0.985,0.036,-0.278,0.835,-0.45,2.092,-0.038,btn_B
1780980670.3564055,-0.813,-0.189,0.579,-1.382,1.496,-0.916,-0.672,-0.322,0.605,-6.542,0.489,-0.481,-0.261,-0.344,0.923,-0.29,-0.168,-0.344,-0.342,-0.331,0.938,1.366,7.16,-0.618,0.037,-0.274,0.832,-0.626,2.58,-0.191,btn_B
1780980670.4521205,-0.812,-0.189,0.584,-0.878,1.351,-1.115,-0.673,-0.322,0.611,-6.145,0.649,-0.634,-0.253,-0.342,0.944,0.351,0.282,0.443,-0.333,-0.33,0.941,1.626,6.252,-0.473,0.038,-0.274,0.829,0.023,2.214,0.458,btn_B
1780980670.5551193,-0.794,-0.186,0.583,-1.473,-2.565,-1.443,-0.667,-0.335,0.605,-10.443,13.618,0.725,-0.334,-0.237,0.709,92.16,16.374,14.458,-0.359,-0.321,0.927,6.947,15.412,0.595,0.036,-0.272,0.837,1.389,3.527,-0.168,btn_B
1780980670.6716747,-0.806,-0.189,0.6,-1.435,5.878,-0.588,-0.667,-0.333,0.578,-10.931,17.176,-0.305,-0.326,-0.123,0.817,62.863,4.466,13.863,-0.347,-0.315,0.946,8.985,6.42,0.458,0.024,-0.27,0.822,1.351,2.924,0.198,btn_B
1780980670.774692,-0.816,-0.19,0.576,-0.183,-0.313,-0.061,-0.702,-0.342,0.561,-3.809,55.061,4.611,-0.246,-0.071,1.045,51.153,9.237,6.931,-0.388,-0.327,0.954,7.687,15.679,1.931,0.028,-0.272,0.844,1.458,4.786,1.069,btn_B
1780980670.8703778,-0.809,-0.188,0.581,0.229,-4.908,-4.305,-0.838,-0.317,0.434,-6.015,16.412,-0.023,-0.322,0.029,0.902,9.947,2.847,-5.695,-0.343,-0.306,0.951,1.504,6.221,-1.023,0.023,-0.268,0.844,-0.84,4.405,-0.099,btn_B
1780980670.9669816,-0.797,-0.181,0.589,-1.466,1.756,-0.389,-0.775,-0.314,0.449,-6.038,4.092,-0.725,-0.315,0.023,0.984,1.191,0.061,-1.313,-0.333,-0.294,0.956,2.603,6.374,0.061,0.018,-0.271,0.843,-0.695,3.87,0.229,btn_B
1780980671.070007,-0.807,-0.187,0.586,-0.656,2.107,-0.305,-0.784,-0.314,0.446,-6.397,3.664,0.16,-0.307,0.032,0.988,3.122,0.0,0.756,-0.339,-0.298,0.948,1.725,7.328,-0.511,0.03,-0.271,0.832,-0.176,2.16,-0.107,btn_B
1780980671.1729715,-0.811,-0.188,0.575,-1.893,2.099,0.092,-0.791,-0.319,0.432,-5.779,1.863,-0.496,-0.316,0.036,0.971,-1.58,-1.107,0.183,-0.355,-0.304,0.952,0.603,6.832,-1.344,0.029,-0.264,0.836,-0.87,1.344,-0.58,btn_B
1780980671.286211,-0.812,-0.19,0.579,-2.328,1.885,-1.756,-0.781,-0.323,0.445,-6.374,-2.817,-1.511,-0.331,0.044,0.934,-4.237,-4.107,1.824,-0.344,-0.292,0.931,-0.45,5.962,-0.763,0.026,-0.271,0.838,-1.206,0.779,-0.588,btn_B
1780980671.3912902,-0.812,-0.187,0.578,-2.985,3.969,-0.71,-0.784,-0.328,0.448,-8.405,-41.069,-7.573,-0.286,0.048,0.791,-60.847,-7.328,-7.366,-0.31,-0.291,0.965,-4.275,-5.725,-2.221,0.026,-0.277,0.838,-3.504,-0.038,0.153,btn_B
1780980671.4891958,-0.81,-0.196,0.575,-0.435,-10.847,-3.29,-0.713,-0.32,0.541,6.084,-49.29,0.061,-0.201,-0.683,0.984,-236.527,-14.603,-29.076,-0.365,-0.321,0.937,-5.237,-2.771,0.771,0.081,-0.265,0.828,2.076,3.618,0.328,btn_B
1780980671.5848222,-0.798,-0.195,0.587,-1.42,-2.321,-0.84,-0.687,-0.325,0.599,-6.534,-2.443,-0.74,-0.243,-0.35,0.934,-1.435,0.351,0.092,-0.331,-0.318,0.94,-0.244,8.366,-1.244,0.04,-0.278,0.83,-0.13,0.115,-0.359,btn_B
1780980671.6881056,-0.808,-0.191,0.575,-1.015,1.443,-0.847,-0.674,-0.327,0.6,-6.733,1.489,-0.405,-0.253,-0.341,0.937,-0.779,0.954,0.29,-0.337,-0.323,0.958,1.443,7.481,-0.916,0.035,-0.278,0.826,-0.382,1.634,0.176,btn_B
1780980671.8082871,-0.813,-0.191,0.575,-1.008,1.855,0.168,-0.677,-0.326,0.603,-6.962,0.305,-0.55,-0.255,-0.346,0.932,-1.13,0.351,0.718,-0.336,-0.325,0.945,1.985,6.992,-0.969,0.035,-0.275,0.828,-0.16,2.206,0.756,btn_B
1780980671.9066148,-0.813,-0.19,0.58,-1.115,1.237,-1.168,-0.675,-0.323,0.597,-6.55,0.74,-0.427,-0.256,-0.346,0.932,-0.626,-0.344,0.58,-0.336,-0.328,0.947,1.779,7.527,-0.038,0.035,-0.277,0.825,-0.664,2.511,-0.427,btn_B
1780980672.0036848,-0.81,-0.193,0.578,-1.321,1.931,-0.534,-0.678,-0.328,0.598,-6.198,1.611,-0.389,-0.257,-0.346,0.929,-0.366,-0.176,0.015,-0.337,-0.325,0.94,1.328,6.588,-0.412,0.03,-0.278,0.828,-0.527,2.092,0.0,btn_B
1780980674.7888646,-0.811,-0.194,0.578,-1.031,1.786,-1.084,-0.675,-0.332,0.604,-6.26,0.763,-0.298,-0.253,-0.346,0.926,-0.427,0.397,-0.42,-0.337,-0.327,0.934,1.191,6.924,-0.725,0.04,-0.278,0.835,-0.427,1.916,0.405,btn_B
1780980674.888281,-0.814,-0.195,0.572,-0.573,1.16,0.168,-0.68,-0.33,0.601,-6.359,0.229,-0.878,-0.252,-0.346,0.923,-0.336,-0.405,-0.206,-0.337,-0.33,0.935,1.435,6.863,-0.847,0.037,-0.281,0.824,-0.626,2.115,-0.191,btn_B
1780980674.9842956,-0.811,-0.195,0.574,-0.779,1.214,-0.817,-0.671,-0.333,0.603,-6.191,0.466,-0.473,-0.253,-0.35,0.926,-0.008,-0.443,-0.038,-0.339,-0.328,0.941,1.504,6.672,-0.519,0.033,-0.273,0.831,-0.611,2.595,-0.26,btn_B
1780980675.1115136,-0.811,-0.193,0.577,-0.916,1.649,0.229,-0.673,-0.333,0.592,-5.466,0.443,1.145,-0.274,-0.355,0.961,-0.092,6.382,-0.466,-0.339,-0.329,0.936,2.115,5.481,-0.099,0.044,-0.276,0.834,-1.748,1.656,-1.046,btn_B
1780980675.202763,-0.822,-0.192,0.553,-1.092,1.618,-0.504,-0.693,-0.332,0.578,-6.405,10.916,-0.26,-0.225,-0.217,0.852,78.046,4.718,16.015,-0.344,-0.316,0.944,8.023,6.985,0.473,0.052,-0.267,0.827,-1.931,6.557,1.847,btn_B
1780980675.303936,-0.814,-0.181,0.575,-1.595,-1.908,-0.733,-0.687,-0.337,0.545,-4.794,61.221,0.206,-0.224,-0.07,0.838,55.351,8.45,8.45,-0.331,-0.303,0.957,7.786,14.985,0.55,0.028,-0.266,0.824,1.29,4.374,-1.137,btn_B
1780980675.4042656,-0.819,-0.19,0.58,0.099,-0.061,-0.237,-0.789,-0.355,0.495,-6.382,26.099,2.618,-0.295,-0.033,1.015,29.908,-2.229,4.298,-0.352,-0.307,0.956,2.985,12.198,0.344,0.031,-0.272,0.835,0.076,4.206,-0.634,btn_B
1780980675.4992454,-0.805,-0.186,0.58,1.321,-0.58,-0.45,-0.748,-0.318,0.49,-8.221,10.74,1.542,-0.314,0.025,0.953,10.45,2.305,1.496,-0.342,-0.297,0.938,3.908,1.443,0.771,0.025,-0.266,0.836,-0.122,3.603,-0.13,btn_B
1780980675.6022766,-0.814,-0.183,0.586,-1.038,0.992,-0.26,-0.777,-0.322,0.467,-6.939,10.053,1.336,-0.305,0.026,0.992,8.359,-0.092,-3.427,-0.329,-0.301,0.956,6.191,9.565,1.137,0.02,-0.26,0.836,0.099,3.176,0.641,btn_B
1780980675.705027,-0.814,-0.189,0.577,-0.634,3.16,0.107,-0.774,-0.33,0.473,-7.16,9.45,1.298,-0.304,0.045,0.97,6.015,3.0,-3.038,-0.34,-0.296,0.927,5.099,3.366,1.87,0.023,-0.273,0.827,-0.153,3.221,0.786,btn_B
1780980675.822898,-0.814,-0.186,0.576,-0.557,1.595,-0.779,-0.783,-0.322,0.442,-6.565,4.802,0.489,-0.318,0.045,0.954,1.298,2.641,-0.214,-0.351,-0.291,0.943,1.573,9.008,-1.206,0.032,-0.269,0.839,-0.924,1.672,0.122,btn_B
1780980675.9111247,-0.813,-0.182,0.577,-1.282,0.198,-1.527,-0.786,-0.321,0.444,-7.412,-7.42,-3.191,-0.269,0.038,1.03,-2.137,-1.595,0.656,-0.342,-0.292,0.956,0.137,7.885,-0.786,0.017,-0.267,0.82,1.206,3.198,0.511,btn_B
1780980676.01429,-0.821,-0.182,0.582,-0.802,1.046,-1.931,-0.798,-0.339,0.457,-8.519,-25.45,-3.924,-0.271,0.017,0.991,-26.649,-3.687,-1.412,-0.324,-0.305,0.959,4.458,4.634,-0.023,0.023,-0.261,0.83,-0.527,2.382,0.191,btn_B
1780980676.118634,-0.814,-0.186,0.575,-2.542,3.305,-1.183,-0.738,-0.324,0.516,-7.611,-56.427,-4.473,-0.287,-0.081,1.05,-65.977,-13.748,-6.641,-0.344,-0.316,0.939,-11.924,3.092,-2.954,0.035,-0.277,0.83,-3.649,-1.649,-1.382,btn_B
1780980676.220173,-0.817,-0.191,0.574,-1.206,1.031,-1.031,-0.712,-0.341,0.545,-7.16,-15.191,-0.107,-0.267,-0.07,0.862,-23.069,-0.779,-3.061,-0.338,-0.309,0.947,-1.145,8.206,-1.924,0.033,-0.273,0.828,-2.229,-1.282,-1.298,btn_B
1780980676.3239033,-0.812,-0.194,0.577,-0.664,-5.87,-2.061,-0.688,-0.329,0.598,1.511,-29.427,0.015,-0.355,-0.487,1.101,-132.191,-6.374,-24.931,-0.333,-0.35,0.963,2.435,7.351,-0.198,0.041,-0.278,0.834,-1.786,-1.817,-1.26,btn_B
1780980676.4261477,-0.822,-0.186,0.575,-2.71,-1.84,-1.779,-0.681,-0.33,0.596,-6.237,2.427,-0.42,-0.256,-0.341,0.936,-5.313,-4.832,-0.443,-0.336,-0.322,0.941,1.878,9.092,-0.679,0.035,-0.273,0.824,0.718,2.344,0.267,btn_B
1780980676.5296643,-0.809,-0.186,0.583,-1.542,1.443,-1.092,-0.679,-0.326,0.604,-6.656,0.664,-0.046,-0.25,-0.341,0.927,-1.115,-0.542,-0.015,-0.323,-0.325,0.948,1.595,6.969,-0.733,0.056,-0.29,0.822,-1.084,0.023,0.641,btn_B
1780980676.6320028,-0.795,-0.187,0.59,-0.725,3.107,-0.489,-0.681,-0.332,0.594,-7.359,0.695,-0.206,-0.267,-0.348,0.923,-2.13,2.244,-0.321,-0.338,-0.325,0.941,1.443,5.931,-1.305,0.042,-0.281,0.837,-1.641,-0.466,0.038,btn_B
1780980679.4203928,-0.813,-0.191,0.583,-0.939,1.618,-0.382,-0.674,-0.331,0.613,-6.863,1.519,-0.756,-0.244,-0.364,0.939,-2.947,1.084,0.603,-0.336,-0.327,0.951,1.962,6.939,-0.679,0.043,-0.268,0.825,-0.282,2.382,0.26,btn_B
1780980679.516844,-0.813,-0.188,0.579,-0.45,1.71,-0.893,-0.678,-0.33,0.601,-6.542,1.084,-0.153,-0.253,-0.351,0.929,-0.336,-0.565,-0.336,-0.335,-0.324,0.947,1.282,6.939,-0.611,0.036,-0.282,0.829,-0.84,1.924,-0.137,btn_B
1780980679.6195161,-0.81,-0.187,0.584,-1.16,1.939,-1.229,-0.679,-0.327,0.598,-6.458,0.893,-0.305,-0.253,-0.344,0.926,-0.336,0.672,0.206,-0.335,-0.328,0.94,1.71,7.466,-0.061,0.041,-0.269,0.831,-0.382,2.962,0.015,btn_B
1780980679.7226505,-0.812,-0.193,0.585,-0.962,1.053,-0.855,-0.68,-0.33,0.599,-6.588,0.656,-0.153,-0.254,-0.354,0.928,-0.237,-0.26,0.763,-0.333,-0.323,0.946,1.511,7.076,-0.405,0.043,-0.275,0.824,-0.756,2.412,0.038,btn_B
1780980679.835363,-0.811,-0.189,0.577,-0.534,1.153,-0.321,-0.677,-0.331,0.605,-6.496,0.29,-0.504,-0.25,-0.35,0.926,0.061,-0.511,0.634,-0.335,-0.325,0.939,1.565,7.29,-0.29,0.041,-0.275,0.834,-0.656,2.511,-0.267,btn_B
1780980679.9377725,-0.807,-0.194,0.584,-1.115,0.969,-0.939,-0.677,-0.33,0.6,-6.267,-0.031,-0.992,-0.259,-0.355,0.934,1.656,1.924,0.611,-0.332,-0.326,0.942,1.885,7.031,0.084,0.027,-0.281,0.837,-0.947,1.84,0.115,btn_B
1780980680.039797,-0.814,-0.193,0.585,-0.855,0.908,0.282,-0.684,-0.328,0.609,-6.069,1.0,-0.031,-0.668,-0.401,2.0,21.542,-22.985,16.725,-0.371,-0.328,0.952,0.16,4.672,-2.29,0.06,-0.284,0.84,-0.908,3.573,-0.13,btn_B
1780980680.1365747,-0.818,-0.194,0.575,1.069,1.924,-0.458,-0.691,-0.323,0.582,-8.656,10.298,-1.137,-0.267,-0.244,1.001,84.252,1.893,17.511,-0.338,-0.327,0.927,6.427,10.275,-0.756,0.034,-0.279,0.833,1.389,5.023,-0.534,btn_B
1780980680.2383313,-0.8,-0.196,0.601,0.527,2.74,-0.672,-0.726,-0.338,0.548,-5.412,39.969,1.13,-0.232,-0.087,0.936,44.031,8.626,14.916,-0.329,-0.314,0.948,5.244,6.718,-1.145,0.043,-0.268,0.847,-0.191,2.076,-0.458,btn_B
1780980680.354509,-0.816,-0.184,0.582,0.305,0.366,-1.557,-0.729,-0.311,0.475,-12.962,20.481,2.473,-0.217,-0.046,1.05,29.153,3.847,7.015,-0.333,-0.316,0.963,9.183,7.168,-0.588,0.037,-0.271,0.835,1.802,3.336,0.573,btn_B
1780980680.4562635,-0.808,-0.191,0.589,-0.321,1.649,0.756,-0.761,-0.33,0.479,-3.885,7.084,-1.092,-0.28,0.051,0.917,12.0,0.832,-2.626,-0.334,-0.304,0.943,5.26,5.802,0.29,0.033,-0.268,0.833,-1.374,3.672,0.084,btn_B
1780980680.5590768,-0.805,-0.19,0.59,-0.626,2.427,-0.832,-0.795,-0.33,0.486,-3.031,6.061,0.015,-0.308,0.024,1.04,7.962,2.664,-3.336,-0.321,-0.307,0.983,3.679,9.313,-0.168,0.04,-0.267,0.824,-0.328,3.977,0.267,btn_B
1780980680.6497076,-0.815,-0.191,0.585,-1.267,2.87,-0.122,-0.781,-0.312,0.452,-4.641,2.84,1.168,-0.293,0.044,0.989,4.588,0.008,-1.015,-0.328,-0.29,0.959,1.023,8.405,-0.603,0.035,-0.275,0.833,0.145,1.069,-0.252,btn_B
1780980680.7548156,-0.811,-0.183,0.588,-0.992,2.176,-0.931,-0.755,-0.303,0.461,-6.542,0.595,-1.969,-0.301,0.057,0.964,-2.115,0.015,-1.13,-0.332,-0.302,0.967,1.221,9.374,-0.13,0.031,-0.272,0.843,-0.939,3.916,0.305,btn_B
1780980680.866768,-0.812,-0.189,0.578,-1.198,1.962,-0.626,-0.752,-0.306,0.461,-9.382,-4.802,-4.588,-0.299,0.055,0.969,-6.977,-2.649,0.771,-0.346,-0.301,0.94,-2.26,5.786,-1.031,0.032,-0.27,0.836,-0.321,2.878,0.015,btn_B
1780980680.9583302,-0.831,-0.186,0.571,-2.725,2.908,-2.313,-0.722,-0.304,0.468,-6.718,-26.389,-5.863,-0.271,0.046,0.854,-36.176,-6.198,-2.84,-0.343,-0.302,0.938,-2.763,1.779,-2.527,0.034,-0.274,0.837,-2.84,-0.954,-1.901,btn_B
1780980681.0668082,-0.814,-0.191,0.582,-1.389,-4.305,-1.634,-0.695,-0.334,0.576,4.87,-43.924,-0.611,-0.15,-0.289,0.262,-250.137,-8.198,-46.977,-0.326,-0.334,0.91,-8.107,5.328,0.046,0.046,-0.283,0.828,-1.29,5.13,-1.244,btn_B
1780980681.167022,-0.798,-0.192,0.602,-0.489,6.023,-1.084,-0.667,-0.333,0.62,-7.13,4.634,0.878,-0.257,-0.341,0.926,-0.817,-0.344,-0.16,-0.326,-0.334,0.936,2.191,9.809,-0.733,0.057,-0.284,0.831,1.176,-4.122,0.702,btn_B
1780980681.2675467,-0.807,-0.198,0.585,-0.924,2.046,-0.115,-0.683,-0.328,0.598,-6.328,-0.397,0.115,-0.254,-0.344,0.928,-1.542,-1.954,-0.534,-0.322,-0.329,0.942,1.649,8.489,-0.679,0.049,-0.281,0.826,-0.229,2.374,0.656,btn_B
1780980684.0485156,-0.808,-0.195,0.58,-1.366,1.237,-1.038,-0.674,-0.331,0.604,-6.229,1.168,-0.137,-0.251,-0.356,0.928,-0.153,-0.466,0.008,-0.333,-0.332,0.939,1.092,6.42,-0.328,0.044,-0.276,0.841,-0.511,1.817,-0.153,btn_B
1780980684.1568222,-0.812,-0.194,0.584,-0.565,1.137,0.168,-0.677,-0.333,0.594,-6.038,1.069,-0.038,-0.251,-0.357,0.932,-0.412,0.595,-0.008,-0.33,-0.333,0.942,1.305,7.313,-0.115,0.043,-0.276,0.83,-0.74,2.504,-0.427,btn_B
1780980684.2543283,-0.81,-0.195,0.582,-1.221,0.901,-1.45,-0.678,-0.325,0.604,-6.359,0.771,0.237,-0.256,-0.353,0.927,-0.321,0.336,0.679,-0.33,-0.331,0.943,1.542,6.863,-0.595,0.056,-0.281,0.827,-0.603,2.206,0.115,btn_B
1780980684.3683648,-0.813,-0.198,0.577,-0.504,1.656,-0.168,-0.677,-0.333,0.607,-6.504,0.443,-0.443,-0.251,-0.353,0.919,-0.389,-0.16,0.168,-0.331,-0.333,0.94,1.58,7.176,-0.725,0.05,-0.28,0.829,-0.427,2.542,0.137,btn_B
1780980684.4605308,-0.81,-0.193,0.577,-0.809,1.641,-0.695,-0.678,-0.331,0.598,-6.084,0.336,-1.267,-0.253,-0.356,0.928,-0.099,-0.069,-0.031,-0.331,-0.33,0.946,1.649,7.229,-0.435,0.048,-0.279,0.826,-0.618,2.489,-0.023,btn_B
1780980684.5636585,-0.812,-0.195,0.575,-1.443,1.489,-0.763,-0.676,-0.332,0.6,-5.985,0.618,-0.611,-0.254,-0.359,0.927,-0.16,0.229,-0.282,-0.329,-0.329,0.944,1.885,6.473,-0.962,0.053,-0.279,0.833,-0.427,2.542,-0.061,btn_B
1780980684.6693504,-0.81,-0.193,0.587,-0.931,1.969,-0.458,-0.678,-0.334,0.595,-5.656,1.603,1.046,-0.278,-0.365,0.893,0.504,11.588,0.786,-0.337,-0.33,0.94,2.519,6.481,-0.641,0.043,-0.278,0.821,-2.122,-0.649,-0.466,btn_B
1780980684.7695644,-0.826,-0.19,0.575,-0.473,2.359,0.137,-0.68,-0.329,0.592,-8.893,14.74,0.275,-0.297,-0.262,0.872,84.611,-6.901,18.542,-0.328,-0.319,0.939,6.374,12.191,-0.275,0.037,-0.275,0.831,0.29,5.206,0.389,btn_B
1780980684.875028,-0.811,-0.199,0.58,-0.855,2.603,-0.588,-0.715,-0.363,0.437,-5.885,46.366,3.718,-0.304,-0.083,0.92,52.809,2.641,14.305,-0.34,-0.309,0.934,7.55,8.809,-1.237,0.046,-0.272,0.846,1.26,4.824,-0.069,btn_B
1780980684.983506,-0.808,-0.189,0.581,0.679,1.458,0.267,-0.72,-0.313,0.535,-12.496,34.725,4.885,-0.306,-0.02,0.961,38.122,3.397,2.786,-0.337,-0.304,0.941,4.992,11.672,-0.237,0.037,-0.269,0.836,1.939,3.656,0.435,btn_B
1780980685.0785398,-0.802,-0.184,0.58,-0.412,2.916,-0.45,-0.74,-0.34,0.509,-6.725,15.817,1.42,-0.29,-0.021,1.094,24.275,5.466,-5.053,-0.351,-0.315,0.944,4.534,11.969,2.58,0.031,-0.272,0.83,1.893,5.786,1.023,btn_B
1780980685.1875691,-0.813,-0.186,0.583,-0.649,0.344,-0.115,-0.758,-0.33,0.479,-3.534,13.603,2.221,-0.299,0.05,0.95,14.954,6.527,-4.817,-0.322,-0.289,0.953,6.252,6.504,3.733,0.016,-0.272,0.845,0.489,4.809,1.046,btn_B
1780980685.2892673,-0.809,-0.186,0.58,-0.397,3.71,0.695,-0.839,-0.332,0.439,0.954,8.458,-2.481,-0.362,0.038,0.973,8.641,3.328,-7.16,-0.341,-0.286,0.944,-0.893,9.878,-1.275,0.046,-0.274,0.825,-1.214,0.588,0.069,btn_B
1780980685.3963642,-0.817,-0.189,0.579,-0.985,1.534,0.053,-0.782,-0.312,0.434,-6.26,-0.634,-0.573,-0.324,0.051,0.962,-1.878,-2.275,1.092,-0.344,-0.286,0.954,-1.092,8.145,-2.534,0.024,-0.267,0.832,-0.58,1.305,-0.794,btn_B
1780980685.4906523,-0.815,-0.178,0.574,-2.076,4.641,-1.702,-0.827,-0.36,0.423,-7.435,-25.733,-4.756,-0.264,0.084,0.767,-46.893,-6.969,-8.0,-0.34,-0.285,0.943,-4.42,-6.763,-1.824,0.031,-0.265,0.824,-3.855,0.069,0.252,btn_B
1780980685.6011693,-0.818,-0.195,0.569,-1.924,4.015,-1.214,-0.649,-0.352,0.654,-1.763,-83.427,0.977,-0.282,-0.098,0.599,-157.137,-1.145,-26.687,-0.325,-0.311,0.955,-12.756,2.282,-3.359,0.024,-0.277,0.826,-2.366,0.137,-1.702,btn_B
1780980685.7029579,-0.816,-0.195,0.614,4.153,12.931,0.901,-0.667,-0.324,0.586,-10.053,23.176,2.298,-0.275,-0.338,0.909,-14.344,-13.496,-0.87,-0.313,-0.339,0.957,3.84,1.969,0.145,0.049,-0.276,0.841,-3.466,9.321,1.176,btn_B
1780980685.7998784,-0.811,-0.19,0.58,-1.076,2.076,-0.779,-0.684,-0.325,0.594,-6.725,0.756,0.427,-0.256,-0.347,0.929,-0.771,-0.733,-0.115,-0.337,-0.331,0.938,1.939,6.466,-0.588,0.043,-0.282,0.835,-1.092,3.679,0.511,btn_B
1780980685.9028537,-0.81,-0.19,0.576,-1.122,2.0,-1.008,-0.684,-0.327,0.591,-6.565,0.252,-0.664,-0.256,-0.349,0.933,-1.061,-0.832,0.191,-0.343,-0.32,0.937,1.328,5.824,-0.664,0.045,-0.283,0.834,-0.794,2.176,-0.084,btn_B
1780980688.6843271,-0.81,-0.19,0.569,-0.595,1.847,-0.656,-0.678,-0.333,0.601,-6.656,0.511,-0.153,-0.249,-0.356,0.922,-0.405,0.595,0.427,-0.335,-0.328,0.942,1.756,7.092,0.092,0.048,-0.28,0.845,-0.504,2.351,0.038,btn_B
1780980688.786762,-0.813,-0.191,0.583,-0.954,1.519,-1.176,-0.682,-0.33,0.596,-6.305,0.687,-0.107,-0.248,-0.353,0.921,-0.489,0.107,0.527,-0.334,-0.334,0.942,1.718,6.916,-0.519,0.042,-0.274,0.833,-0.733,1.924,-0.038,btn_B
1780980688.9009943,-0.812,-0.189,0.576,-0.695,1.221,-0.947,-0.673,-0.329,0.597,-6.29,0.092,-0.565,-0.248,-0.351,0.924,-0.191,-0.366,0.229,-0.338,-0.332,0.946,1.954,6.542,-0.168,0.041,-0.275,0.84,-0.435,2.565,-0.061,btn_B
1780980688.9929967,-0.815,-0.192,0.568,-0.382,1.542,0.588,-0.67,-0.32,0.614,-5.809,2.679,-0.496,-0.266,-0.372,0.963,5.947,7.168,2.718,-0.309,-0.355,0.967,0.832,6.611,0.053,0.011,-0.258,0.848,-2.252,2.618,-1.908,btn_B
1780980689.1040454,-0.812,-0.19,0.581,-0.595,0.519,-1.359,-0.676,-0.326,0.617,-9.29,14.565,-2.389,-0.265,-0.278,0.985,114.458,-3.191,25.221,-0.359,-0.325,0.934,9.168,5.679,-0.046,0.052,-0.298,0.844,3.069,1.939,-1.496,btn_B
1780980689.2015638,-0.824,-0.19,0.569,0.977,0.26,0.863,-0.754,-0.357,0.49,-2.824,57.809,5.038,-0.281,-0.043,0.881,63.939,7.863,10.656,-0.356,-0.32,0.934,10.718,3.847,1.756,0.034,-0.259,0.823,2.229,3.534,0.542,btn_B
1780980689.3017516,-0.82,-0.182,0.586,-0.237,-0.359,-0.84,-0.74,-0.324,0.489,-10.275,20.58,2.115,-0.24,0.043,0.934,19.733,2.099,1.168,-0.337,-0.297,0.957,3.855,13.519,0.321,0.037,-0.274,0.847,0.519,2.603,0.321,btn_B
1780980689.4095309,-0.806,-0.185,0.595,-0.16,4.008,-0.45,-0.817,-0.359,0.532,-7.366,13.26,7.733,-0.291,0.064,0.948,9.183,3.992,-1.153,-0.363,-0.283,0.893,7.328,2.687,3.183,0.033,-0.261,0.843,2.908,1.344,-0.901,btn_B
1780980689.5230994,-0.809,-0.19,0.588,3.031,-2.076,-0.893,-0.762,-0.334,0.493,-6.58,8.42,-2.779,-0.258,0.056,1.0,2.244,4.756,-7.656,-0.358,-0.313,0.941,-1.519,8.298,0.382,0.035,-0.267,0.856,-4.878,9.389,1.435,btn_B
1780980689.6110153,-0.81,-0.187,0.581,-0.168,2.779,0.313,-0.827,-0.351,0.487,-4.458,3.733,-2.603,-0.342,0.04,1.011,4.977,2.176,-3.565,-0.368,-0.306,0.935,3.115,8.672,-1.527,0.041,-0.266,0.83,-1.664,1.397,-0.015,btn_B
1780980689.7139215,-0.811,-0.184,0.579,-0.84,1.603,-0.74,-0.76,-0.31,0.429,-7.649,-1.267,-1.168,-0.29,0.059,0.99,-0.992,-1.015,0.817,-0.371,-0.306,0.937,0.145,8.71,-1.695,0.034,-0.272,0.834,-0.015,3.481,-0.313,btn_B
1780980689.8166938,-0.809,-0.187,0.584,-1.58,0.786,-0.901,-0.776,-0.319,0.439,-7.863,-10.481,-3.725,-0.314,0.058,0.954,-7.985,-6.832,3.45,-0.362,-0.301,0.931,-2.206,4.496,-1.969,0.033,-0.262,0.827,-1.267,1.328,-0.26,btn_B
1780980689.9202316,-0.817,-0.188,0.579,-1.382,2.023,-0.962,-0.772,-0.323,0.453,-7.305,-14.771,-2.344,-0.271,0.063,0.869,-23.038,-0.595,0.221,-0.359,-0.298,0.942,-2.947,3.168,-2.282,0.042,-0.264,0.829,-2.977,2.313,-0.885,btn_B
1780980690.0230944,-0.811,-0.184,0.585,-1.237,3.74,-1.053,-0.778,-0.336,0.481,-7.969,-48.374,-2.679,-0.264,0.031,0.706,-66.313,-6.885,0.412,-0.334,-0.326,0.918,-5.435,2.053,-5.366,0.061,-0.257,0.811,-8.672,-1.878,-2.099,btn_B
1780980690.1336432,-0.809,-0.194,0.579,-0.122,-1.099,-1.435,-0.676,-0.325,0.603,0.901,-24.71,0.328,-0.332,-0.492,0.997,-212.229,-16.527,-38.107,-0.33,-0.357,0.875,-5.412,6.16,-0.817,-0.007,-0.249,0.857,-4.435,4.061,-0.756,btn_B
1780980690.2359083,-0.804,-0.199,0.587,0.305,0.779,0.382,-0.682,-0.328,0.597,-7.366,-0.359,-0.069,-0.249,-0.353,0.928,-0.42,3.015,-0.069,-0.349,-0.337,0.93,3.939,4.947,-0.374,0.061,-0.28,0.832,-1.389,0.695,0.725,btn_B
1780980690.3319876,-0.81,-0.196,0.585,-1.282,1.389,-1.053,-0.677,-0.331,0.598,-6.496,0.771,-0.267,-0.257,-0.344,0.93,-0.771,0.496,-0.13,-0.349,-0.34,0.93,2.26,6.756,-0.122,0.048,-0.282,0.835,-0.443,1.557,0.145,btn_B
1780980690.4349134,-0.807,-0.198,0.581,-0.763,1.931,-0.313,-0.678,-0.33,0.592,-6.443,-0.137,-0.87,-0.257,-0.353,0.925,-1.023,-0.359,0.244,-0.355,-0.337,0.935,1.756,6.191,-0.038,0.054,-0.284,0.841,-0.588,2.153,0.191,btn_B
1780980690.5496256,-0.807,-0.191,0.583,-0.969,1.969,-1.359,-0.682,-0.333,0.596,-6.573,-0.237,-0.985,-0.26,-0.35,0.925,-1.069,0.191,0.412,-0.347,-0.337,0.932,1.649,6.718,-0.267,0.054,-0.277,0.824,-0.511,2.527,0.382,btn_B
1780980693.31893,-0.813,-0.198,0.584,-0.687,1.565,-0.58,-0.681,-0.332,0.601,-6.344,0.664,-0.405,-0.255,-0.355,0.918,-0.389,0.237,0.443,-0.344,-0.338,0.939,1.771,7.275,0.031,0.051,-0.281,0.832,-0.244,2.313,0.084,btn_B
1780980693.434846,-0.809,-0.201,0.584,-0.992,1.679,-0.863,-0.677,-0.332,0.597,-6.305,0.328,-0.122,-0.258,-0.358,0.932,-0.26,-0.618,0.008,-0.344,-0.336,0.927,1.618,6.458,-0.504,0.059,-0.276,0.83,-0.344,2.382,0.26,btn_B
1780980693.525174,-0.81,-0.197,0.582,-0.916,1.962,-0.305,-0.678,-0.332,0.602,-6.435,0.16,-0.786,-0.253,-0.355,0.928,0.061,0.153,0.053,-0.35,-0.335,0.936,1.656,6.84,-0.344,0.053,-0.279,0.829,-0.443,1.954,0.198,btn_B
1780980693.6359117,-0.812,-0.196,0.583,-0.962,1.969,-1.015,-0.678,-0.332,0.602,-6.282,0.366,-1.038,-0.256,-0.357,0.926,-0.534,0.328,-0.084,-0.348,-0.331,0.934,1.855,6.649,-0.008,0.056,-0.284,0.84,-0.664,1.947,0.13,btn_B
1780980693.731584,-0.813,-0.196,0.58,-0.695,2.26,0.458,-0.672,-0.333,0.607,-5.84,2.534,0.29,-0.287,-0.381,1.01,2.344,12.679,1.565,-0.349,-0.332,0.936,3.55,5.695,-0.183,0.049,-0.277,0.826,-0.313,5.023,-0.931,btn_B
1780980693.8336375,-0.799,-0.193,0.588,-1.0,-0.183,-0.763,-0.684,-0.339,0.586,-8.489,11.427,0.153,-0.312,-0.175,0.943,94.137,7.305,13.069,-0.314,-0.324,0.928,10.214,11.443,0.908,0.045,-0.273,0.838,4.565,7.305,1.008,btn_B
1780980693.9369152,-0.809,-0.194,0.581,-0.481,2.885,0.084,-0.733,-0.334,0.536,-6.084,24.687,1.069,-0.312,-0.019,0.907,30.176,6.305,2.649,-0.353,-0.309,0.941,4.435,6.145,-0.794,0.035,-0.277,0.829,-0.244,0.634,-1.092,btn_B
1780980694.0407057,-0.806,-0.19,0.589,-0.58,1.885,-0.962,-0.732,-0.336,0.527,-6.573,12.992,1.58,-0.28,0.009,0.913,7.366,1.855,-3.489,-0.359,-0.314,0.936,0.809,8.947,-1.122,0.041,-0.272,0.832,-0.435,2.336,-0.328,btn_B
1780980694.1431348,-0.81,-0.194,0.582,-0.298,1.679,-0.489,-0.737,-0.33,0.507,-6.855,0.466,-0.366,-0.311,-0.013,0.966,-2.962,-2.672,-0.206,-0.365,-0.311,0.943,2.557,7.84,0.412,0.048,-0.276,0.827,-0.282,2.092,-0.069,btn_B
1780980694.2462099,-0.81,-0.194,0.576,-0.992,3.855,-0.153,-0.733,-0.329,0.508,-7.481,4.466,-0.061,-0.319,-0.002,0.939,-0.351,0.702,0.214,-0.363,-0.31,0.935,1.901,7.954,-1.015,0.045,-0.267,0.833,-0.527,2.496,0.305,btn_B
1780980694.3512735,-0.806,-0.194,0.58,-0.954,2.008,-0.374,-0.734,-0.335,0.527,-6.756,1.305,-0.328,-0.286,-0.016,0.995,1.153,1.168,-0.557,-0.36,-0.317,0.939,0.023,8.069,-1.397,0.043,-0.274,0.837,-0.435,1.84,0.183,btn_B
1780980694.4524615,-0.809,-0.194,0.587,-1.115,1.542,-1.046,-0.704,-0.325,0.542,-8.305,-0.092,-0.985,-0.365,-0.034,0.99,-5.084,3.672,-0.573,-0.354,-0.314,0.941,1.084,10.145,-1.137,0.039,-0.271,0.833,-0.878,0.496,0.641,btn_B
1780980694.5655568,-0.813,-0.194,0.577,-2.008,2.359,-1.718,-0.723,-0.325,0.527,-7.16,-17.321,-2.298,-0.249,0.018,0.808,-33.344,-0.718,-4.267,-0.363,-0.311,0.928,0.084,4.221,-1.321,0.037,-0.274,0.829,-3.198,1.298,-0.031,btn_B
1780980694.666739,-0.813,-0.196,0.578,-1.435,-1.947,-1.015,-0.686,-0.342,0.613,0.832,-24.687,1.718,-0.236,-0.342,0.495,-250.137,-7.672,-43.893,-0.344,-0.295,0.969,-2.42,7.214,0.924,0.055,-0.27,0.829,-0.824,2.763,-1.313,btn_B
1780980694.7612693,-0.823,-0.187,0.58,-2.817,1.015,-0.969,-0.685,-0.333,0.579,-7.092,5.26,0.13,-0.268,-0.344,0.928,-6.038,-6.214,-1.191,-0.361,-0.325,0.943,2.206,12.679,-0.611,0.041,-0.283,0.83,2.29,-0.053,-0.359,btn_B
1780980694.8643613,-0.811,-0.196,0.586,-0.794,0.58,-0.985,-0.679,-0.333,0.6,-5.885,0.069,-0.061,-0.255,-0.35,0.93,-1.137,-0.244,0.084,-0.341,-0.334,0.93,0.626,7.748,-0.893,0.052,-0.279,0.831,-0.153,1.084,-0.527,btn_B
1780980694.9680727,-0.806,-0.196,0.583,-1.008,1.0,-0.992,-0.674,-0.334,0.594,-6.183,0.649,0.122,-0.273,-0.348,0.932,-1.504,-0.74,-0.176,-0.348,-0.331,0.937,1.137,6.595,-0.336,0.046,-0.277,0.836,-0.802,1.817,-0.183,btn_B
1780980695.133369,-0.809,-0.198,0.578,-0.656,1.473,-0.214,-0.681,-0.333,0.6,-6.344,0.969,-0.466,-0.262,-0.35,0.922,-1.115,0.427,0.153,-0.346,-0.33,0.93,1.656,7.023,0.031,0.051,-0.28,0.831,-0.321,2.191,0.267,btn_B
1780980695.1732638,-0.806,-0.197,0.583,-1.031,1.084,-0.901,-0.681,-0.336,0.596,-6.084,0.275,-1.168,-0.259,-0.353,0.932,-0.664,-0.16,-0.336,-0.348,-0.334,0.935,1.489,6.87,-0.763,0.053,-0.285,0.833,-0.412,2.634,0.374,btn_B
1780980697.9543912,-0.806,-0.195,0.582,-1.168,1.489,-0.802,-0.675,-0.333,0.598,-6.237,0.84,-0.115,-0.254,-0.362,0.919,-0.42,-0.198,0.038,-0.343,-0.329,0.926,1.473,7.107,-0.305,0.064,-0.282,0.831,-0.74,1.985,-0.13,btn_B
1780980698.0758593,-0.812,-0.199,0.586,-0.634,1.443,-1.122,-0.682,-0.332,0.594,-6.244,0.443,-0.55,-0.259,-0.362,0.923,-0.542,-0.359,-0.092,-0.34,-0.33,0.939,1.634,6.649,-0.718,0.055,-0.273,0.829,-0.55,2.679,-0.008,btn_B
1780980698.1602817,-0.811,-0.198,0.584,-0.84,1.328,-0.183,-0.677,-0.337,0.6,-6.664,0.13,-0.969,-0.258,-0.359,0.923,-0.458,0.13,-0.382,-0.346,-0.333,0.933,1.412,6.71,-0.672,0.052,-0.277,0.827,-0.397,2.229,0.153,btn_B
1780980698.267697,-0.807,-0.194,0.58,-1.168,0.885,-1.023,-0.68,-0.334,0.59,-5.969,-0.229,-0.878,-0.255,-0.365,0.928,0.214,3.092,1.298,-0.342,-0.332,0.94,2.374,7.321,0.527,0.045,-0.274,0.832,-0.595,4.183,-1.137,btn_B
1780980698.3662307,-0.833,-0.19,0.578,-4.252,0.481,-1.863,-0.708,-0.328,0.564,-10.656,13.885,-1.359,-0.23,-0.255,0.589,165.099,-2.573,32.611,-0.404,-0.323,0.903,9.832,13.519,-2.511,0.036,-0.278,0.842,3.893,5.237,1.947,btn_B
1780980698.481178,-0.802,-0.197,0.588,0.573,-0.817,0.427,-0.72,-0.347,0.539,-10.45,59.008,3.794,-0.264,-0.016,0.767,71.992,7.046,6.794,-0.301,-0.313,0.888,11.168,2.023,2.298,0.068,-0.283,0.825,-0.664,2.519,-0.405,btn_B
1780980698.572045,-0.812,-0.19,0.578,-0.573,0.557,0.26,-0.77,-0.314,0.457,-2.908,14.573,3.176,-0.258,0.018,0.984,20.809,2.87,-1.542,-0.342,-0.295,0.972,3.954,10.435,2.885,0.034,-0.274,0.837,-0.687,2.947,0.511,btn_B
1780980698.6753287,-0.806,-0.192,0.586,0.176,1.74,0.84,-0.757,-0.332,0.5,2.282,7.786,-0.168,-0.235,0.077,0.883,10.916,2.702,-3.71,-0.367,-0.297,0.951,3.366,6.985,2.137,0.034,-0.279,0.846,-0.336,1.847,1.198,btn_B
1780980698.7785544,-0.806,-0.181,0.587,-2.206,-0.191,-0.481,-0.707,-0.273,0.433,-4.718,3.794,-3.565,-0.281,0.048,1.005,0.084,-1.069,-4.954,-0.371,-0.293,0.972,0.412,9.466,-0.053,0.046,-0.274,0.834,-1.084,4.901,0.344,btn_B
1780980698.8823183,-0.821,-0.188,0.578,-1.817,1.794,-0.924,-0.775,-0.301,0.462,-4.725,3.061,-1.061,-0.317,0.053,1.001,1.137,0.443,-1.42,-0.361,-0.298,0.938,-1.664,4.634,-0.336,0.042,-0.278,0.834,0.16,1.389,-0.229,btn_B
1780980698.9845343,-0.817,-0.186,0.58,-2.405,2.55,-0.832,-0.779,-0.311,0.493,-6.282,0.076,1.099,-0.307,0.07,0.955,0.702,-0.122,1.076,-0.371,-0.304,0.937,0.344,6.542,-1.802,0.043,-0.271,0.828,-0.748,0.893,-0.519,btn_B
1780980699.0876434,-0.807,-0.185,0.568,-1.145,0.687,-1.855,-0.725,-0.29,0.469,-11.328,-11.992,-11.061,-0.159,0.091,0.901,-15.55,6.244,-0.58,-0.361,-0.325,0.927,3.771,6.916,-0.924,0.052,-0.281,0.84,-0.977,4.504,0.275,btn_B
1780980699.200388,-0.822,-0.191,0.565,-1.87,2.489,-2.069,-0.711,-0.275,0.407,-23.58,-23.344,-22.924,-0.267,0.062,0.803,-67.573,-3.977,-9.107,-0.357,-0.311,0.92,-2.802,-5.794,-1.336,0.043,-0.273,0.826,-3.412,4.206,1.336,btn_B
1780980699.2934268,-0.825,-0.194,0.56,-3.931,-3.763,-1.366,-0.687,-0.346,0.578,4.389,-37.16,2.534,-0.207,-0.258,0.641,-250.137,-1.908,-48.084,-0.343,-0.336,0.912,-2.435,10.992,0.504,0.041,-0.276,0.826,0.198,5.893,0.046,btn_B
1780980699.4017427,-0.82,-0.198,0.569,-0.29,-2.954,-0.977,-0.652,-0.332,0.625,-6.076,-6.023,-0.511,-0.246,-0.351,0.928,2.069,0.679,0.069,-0.342,-0.326,0.942,2.229,8.0,-0.496,0.036,-0.282,0.837,-0.611,-2.618,-0.092,btn_B
1780980699.499718,-0.819,-0.199,0.573,-0.992,1.13,-1.076,-0.679,-0.333,0.597,-6.282,0.046,0.115,-0.25,-0.348,0.932,-0.725,-0.962,0.137,-0.352,-0.333,0.936,-0.015,8.176,-1.221,0.039,-0.284,0.831,-0.588,2.038,-0.275,btn_B
1780980699.602535,-0.818,-0.192,0.569,-0.58,1.328,-0.588,-0.681,-0.334,0.594,-6.58,0.656,-0.13,-0.253,-0.348,0.928,-0.809,-0.672,0.458,-0.345,-0.326,0.938,0.763,7.13,-0.954,0.046,-0.284,0.827,-0.649,1.687,-0.198,btn_B
1780980699.7160833,-0.816,-0.192,0.571,-0.771,1.687,-1.198,-0.678,-0.335,0.593,-6.504,-0.427,-0.832,-0.251,-0.347,0.931,-1.092,-0.084,-0.351,-0.348,-0.33,0.94,1.519,7.527,-1.221,0.048,-0.282,0.833,-0.725,1.687,-0.198,btn_B
1780980699.8155477,-0.814,-0.197,0.569,-1.29,2.29,-0.473,-0.681,-0.337,0.595,-6.687,0.244,-1.038,-0.255,-0.353,0.926,-0.992,-0.733,-0.802,-0.344,-0.332,0.937,2.649,7.466,-0.878,0.05,-0.288,0.832,-0.611,1.534,0.443,btn_B
1780980702.4906623,-0.812,-0.197,0.572,-0.969,1.252,-0.916,-0.679,-0.337,0.598,-6.366,0.595,0.053,-0.254,-0.354,0.922,-0.206,-0.275,0.031,-0.35,-0.329,0.929,1.573,7.084,-0.565,0.05,-0.28,0.83,-0.687,1.962,0.076,btn_B
1780980702.589573,-0.818,-0.198,0.573,-0.725,1.84,-0.534,-0.679,-0.336,0.597,-6.252,0.847,-0.122,-0.251,-0.358,0.922,-0.198,-0.267,-0.29,-0.347,-0.33,0.934,1.519,6.809,-0.344,0.045,-0.286,0.832,-0.573,2.595,-0.244,btn_B
1780980702.7021818,-0.818,-0.2,0.577,-0.427,2.0,-0.42,-0.672,-0.332,0.6,-6.695,0.595,-0.252,-0.246,-0.352,0.92,-0.313,0.542,-0.099,-0.344,-0.328,0.929,1.771,7.061,-0.275,0.05,-0.276,0.824,-0.763,1.908,-0.267,btn_B
1780980702.8008995,-0.817,-0.193,0.57,-1.046,1.481,-0.855,-0.677,-0.333,0.602,-6.397,0.466,-0.71,-0.25,-0.357,0.925,0.008,-0.092,0.351,-0.347,-0.331,0.927,1.672,6.107,-0.321,0.044,-0.286,0.837,-0.221,3.107,0.122,btn_B
1780980702.8987997,-0.816,-0.191,0.576,-0.916,0.885,-1.328,-0.674,-0.337,0.606,-6.069,0.061,-1.183,-0.249,-0.355,0.93,-0.183,-0.237,0.557,-0.352,-0.327,0.931,1.397,6.244,-0.405,0.036,-0.284,0.837,-0.695,1.412,-0.099,btn_B
1780980703.0028696,-0.814,-0.195,0.568,-0.328,1.275,0.504,-0.676,-0.332,0.601,-6.176,2.206,0.794,-0.268,-0.381,1.013,8.191,13.221,2.061,-0.328,-0.35,0.942,2.55,3.641,-1.26,0.016,-0.262,0.84,-3.275,-0.763,-3.42,btn_B
1780980703.1195252,-0.811,-0.194,0.578,0.672,-7.687,-3.328,-0.66,-0.343,0.624,-8.733,18.153,0.031,-0.231,-0.2,1.021,102.237,9.481,18.244,-0.346,-0.322,0.941,11.626,12.748,0.053,0.026,-0.268,0.824,3.26,2.695,1.122,btn_B
1780980703.2088673,-0.81,-0.197,0.577,1.084,1.924,0.229,-0.717,-0.349,0.558,-12.74,56.618,8.992,-0.292,0.0,0.963,55.672,5.924,7.023,-0.353,-0.301,0.933,8.122,13.664,1.221,0.028,-0.27,0.84,0.504,0.305,0.504,btn_B
1780980703.3107035,-0.825,-0.196,0.566,3.611,-7.198,-0.718,-0.808,-0.323,0.444,6.382,38.664,2.412,-0.207,0.04,0.95,22.725,2.466,-27.87,-0.329,-0.292,0.937,11.015,13.855,2.786,0.06,-0.286,0.84,-2.26,-1.916,-0.832,btn_B
1780980703.418909,-0.798,-0.184,0.605,0.084,-1.336,-0.756,-0.83,-0.319,0.416,2.695,4.763,-1.13,-0.311,0.03,0.97,4.649,5.481,-4.702,-0.344,-0.287,0.949,0.366,8.153,-0.802,0.036,-0.268,0.838,-1.115,2.618,-0.466,btn_B
1780980703.5165687,-0.802,-0.183,0.594,-0.901,0.893,-1.0,-0.783,-0.308,0.432,-4.695,5.466,-0.336,-0.338,0.03,0.959,2.733,2.832,-1.061,-0.36,-0.291,0.942,1.237,6.107,-0.084,0.039,-0.277,0.846,-0.321,1.42,-0.298,btn_B
1780980703.619967,-0.801,-0.183,0.584,-0.481,2.969,0.557,-0.788,-0.3,0.422,-5.802,-1.916,-2.519,-0.311,0.027,1.009,-0.557,-0.534,0.405,-0.354,-0.295,0.942,1.885,7.145,0.527,0.035,-0.274,0.837,-0.336,3.916,0.656,btn_B
1780980703.722639,-0.811,-0.189,0.591,-0.939,1.847,-1.458,-0.773,-0.302,0.429,-6.931,-5.053,-1.588,-0.276,0.058,0.914,-0.084,-3.84,5.183,-0.353,-0.296,0.945,0.046,3.992,-0.87,0.045,-0.272,0.828,-0.802,1.611,-0.382,btn_B
1780980703.8336399,-0.81,-0.184,0.586,-3.092,4.794,-2.794,-0.835,-0.318,0.444,-9.076,-59.183,-9.221,-0.201,0.079,0.66,-83.771,-5.305,-17.71,-0.343,-0.283,0.99,-6.504,-19.794,-4.084,0.034,-0.264,0.821,-6.305,-0.916,-1.237,btn_B
1780980703.9333606,-0.81,-0.19,0.59,-0.397,-3.206,-1.977,-0.706,-0.292,0.641,9.107,-59.038,2.412,0.676,0.263,0.684,-104.969,119.389,-27.305,-0.072,-0.387,0.885,6.496,-0.588,1.214,-0.05,-0.229,0.687,-5.397,1.267,0.817,btn_B
1780980704.0316577,-0.817,-0.184,0.583,-1.198,4.122,-0.214,-0.689,-0.315,0.596,-6.695,1.229,0.122,-0.244,-0.332,0.938,-1.733,-6.359,0.389,-0.344,-0.329,0.945,-0.221,6.412,-1.435,0.046,-0.282,0.839,-1.313,6.992,-0.053,btn_B
1780980704.1346433,-0.808,-0.186,0.585,-1.42,2.504,-1.107,-0.683,-0.317,0.602,-6.832,0.099,-0.084,-0.248,-0.332,0.934,-1.046,-0.237,0.252,-0.348,-0.32,0.938,0.756,6.809,-0.664,0.046,-0.275,0.832,-0.87,0.901,-0.198,btn_B
1780980704.2378924,-0.815,-0.19,0.586,-0.504,2.237,0.351,-0.681,-0.316,0.603,-6.756,0.519,-0.282,-0.247,-0.341,0.936,-1.748,-0.504,0.176,-0.346,-0.324,0.94,1.87,7.55,-0.053,0.052,-0.273,0.824,-0.588,1.885,0.702,btn_B
1780980704.3494225,-0.808,-0.193,0.585,-1.443,1.489,-1.947,-0.682,-0.318,0.604,-6.817,0.298,-1.023,-0.244,-0.334,0.942,-1.206,-1.641,0.191,-0.348,-0.328,0.941,1.168,7.725,-0.977,0.049,-0.281,0.828,-0.534,2.954,-0.023,btn_B
1780980704.4506521,-0.808,-0.189,0.585,-1.076,2.214,-0.237,-0.677,-0.321,0.604,-6.656,-0.366,-0.885,-0.241,-0.338,0.938,-0.55,-0.481,0.595,-0.344,-0.324,0.94,1.527,6.901,-0.611,0.045,-0.279,0.838,-0.824,2.366,-0.55,btn_B
1780980707.1372533,-0.815,-0.19,0.575,-1.389,1.481,-0.87,-0.676,-0.324,0.601,-6.595,0.664,-0.229,-0.238,-0.346,0.932,-0.389,-0.214,0.008,-0.354,-0.326,0.939,1.832,6.779,-0.702,0.053,-0.281,0.832,-0.519,2.053,0.015,btn_B
1780980707.2329252,-0.814,-0.189,0.577,-0.817,1.489,-0.901,-0.678,-0.324,0.603,-6.634,0.992,-0.534,-0.24,-0.346,0.937,-0.321,0.26,0.389,-0.349,-0.325,0.942,1.389,6.725,-0.122,0.044,-0.274,0.833,-0.809,2.031,0.099,btn_B
1780980707.3280585,-0.818,-0.196,0.575,-0.847,0.969,-0.351,-0.675,-0.323,0.602,-6.573,0.733,-0.137,-0.234,-0.341,0.937,-0.466,-0.046,0.519,-0.349,-0.33,0.946,1.794,6.351,-0.931,0.042,-0.274,0.836,-0.733,2.267,-0.099,btn_B
1780980707.4364133,-0.813,-0.195,0.574,-0.916,1.489,-0.771,-0.674,-0.325,0.612,-6.458,0.534,-0.42,-0.238,-0.343,0.933,-0.588,-0.13,0.244,-0.344,-0.326,0.936,1.504,6.763,-0.779,0.051,-0.277,0.83,-0.489,2.374,0.504,btn_B
1780980707.5339437,-0.814,-0.198,0.574,-0.427,1.771,-0.794,-0.676,-0.323,0.61,-6.023,0.427,-1.573,-0.241,-0.343,0.94,-0.229,0.305,0.351,-0.35,-0.328,0.938,1.939,7.046,-0.389,0.059,-0.283,0.826,-0.481,1.725,0.389,btn_B
1780980707.651238,-0.83,-0.182,0.545,0.588,-0.718,-0.962,-0.664,-0.322,0.615,-2.359,-4.595,-5.092,0.375,-0.455,1.614,65.328,-19.45,47.962,-0.313,-0.323,0.937,1.473,-1.298,0.26,0.057,-0.294,0.829,2.137,3.008,-0.244,btn_B
1780980707.7518423,-0.817,-0.194,0.583,3.282,-6.351,-1.656,-0.7,-0.323,0.556,-10.374,37.26,-0.229,-0.234,-0.083,0.792,97.282,13.595,7.366,-0.348,-0.285,0.937,13.099,10.366,-1.885,0.065,-0.292,0.817,3.374,3.565,0.031,btn_B
1780980707.8507636,-0.801,-0.185,0.587,2.557,0.099,0.45,-0.74,-0.328,0.515,-9.0,36.748,3.779,-0.241,0.03,0.927,46.74,4.656,9.809,-0.345,-0.309,0.928,6.458,17.244,-0.969,0.056,-0.273,0.834,0.901,2.542,0.374,btn_B
1780980707.945745,-1.006,-0.49,1.072,-21.076,-2.214,1.481,-0.804,-0.318,0.408,5.496,4.382,18.496,-0.262,0.09,0.872,25.221,-1.763,7.221,-0.337,-0.274,0.976,7.344,2.786,-0.969,0.056,-0.278,0.837,3.084,-3.511,-1.74,btn_B
1780980708.0488071,-0.815,-0.195,0.579,-1.16,3.626,-0.588,-0.768,-0.302,0.448,-5.855,4.786,0.458,-0.284,0.088,0.93,4.962,0.863,-3.458,-0.336,-0.292,0.937,-0.069,8.328,-0.878,0.058,-0.266,0.839,-0.519,1.29,0.061,btn_B
1780980708.1647053,-0.799,-0.194,0.594,-1.122,2.466,0.008,-0.745,-0.303,0.458,-4.008,-1.191,-3.214,-0.292,0.078,0.986,-1.954,-1.916,-2.794,-0.352,-0.3,0.964,0.649,11.053,-1.206,0.044,-0.272,0.838,-0.794,3.061,-0.656,btn_B
1780980708.2688863,-0.806,-0.191,0.581,-1.71,2.649,-1.237,-0.801,-0.331,0.516,-5.191,0.176,0.763,-0.312,0.092,0.941,0.992,-2.427,1.786,-0.346,-0.289,0.937,0.427,6.137,-2.031,0.057,-0.263,0.829,-2.076,-0.313,-0.519,btn_B
1780980708.364974,-0.811,-0.199,0.586,-3.824,5.298,-2.481,-1.97,-0.913,1.1,8.267,-65.542,-1.985,-0.199,0.067,0.926,-71.885,-7.656,-12.901,-0.372,-0.326,0.926,-5.275,-3.221,-3.473,0.045,-0.27,0.838,-4.313,-4.664,-0.061,btn_B
1780980708.461383,-0.823,-0.195,0.565,-3.099,-7.412,-0.397,-0.709,-0.302,0.558,4.725,-49.55,2.229,-0.281,-0.509,0.802,-250.137,-6.137,-52.092,-0.379,-0.345,0.887,5.87,5.458,3.313,0.042,-0.277,0.845,-1.26,0.779,-0.847,btn_B
1780980708.566023,-0.821,-0.191,0.573,-2.656,3.13,-0.962,-0.673,-0.328,0.603,-7.634,4.115,-0.221,-0.255,-0.336,0.935,-5.046,-3.244,-0.191,-0.338,-0.331,0.944,3.855,13.389,-0.702,0.053,-0.284,0.834,1.344,-0.29,0.366,btn_B
1780980708.666992,-0.813,-0.198,0.576,-0.947,0.908,-0.863,-0.675,-0.322,0.604,-6.534,0.229,-0.214,-0.254,-0.342,0.927,-1.069,0.046,0.496,-0.342,-0.328,0.939,1.557,8.992,0.046,0.05,-0.277,0.83,-0.389,2.191,0.122,btn_B
1780980708.7806833,-0.814,-0.198,0.573,-0.824,1.725,-0.527,-0.678,-0.326,0.601,-6.519,0.916,0.015,-0.253,-0.346,0.932,-0.74,-0.046,-0.099,-0.345,-0.329,0.936,1.427,7.0,-0.473,0.047,-0.287,0.828,-0.412,2.511,0.046,btn_B
1780980708.8845434,-0.816,-0.198,0.573,-0.962,1.84,-0.679,-0.669,-0.327,0.613,-6.924,-0.473,-0.107,-0.252,-0.345,0.93,-0.351,0.45,-0.16,-0.348,-0.332,0.938,1.679,6.649,-0.802,0.051,-0.281,0.836,-0.55,2.137,0.107,btn_B
1780980708.981466,-0.815,-0.192,0.576,-1.046,1.664,-1.344,-0.677,-0.326,0.599,-6.435,0.351,-0.45,-0.255,-0.345,0.927,-0.145,-0.557,0.565,-0.349,-0.332,0.94,1.282,7.534,-0.55,0.049,-0.281,0.83,-0.527,2.252,0.344,btn_B
1780980709.0832028,-0.815,-0.195,0.58,-0.679,1.458,-0.336,-0.673,-0.328,0.6,-6.496,0.305,-1.168,-0.254,-0.346,0.926,-0.489,0.076,0.244,-0.34,-0.328,0.944,1.656,6.015,-0.443,0.062,-0.274,0.824,-0.641,1.931,0.282,btn_B
1780980711.8692362,-0.811,-0.194,0.576,-0.969,1.641,-1.084,-0.669,-0.331,0.615,-6.527,1.191,-0.374,-0.251,-0.356,0.925,-0.153,0.481,0.389,-0.345,-0.33,0.933,1.748,6.939,-0.847,0.05,-0.278,0.832,-0.832,3.023,-0.282,btn_B
1780980711.9638562,-0.812,-0.198,0.573,-0.924,1.214,-0.855,-0.669,-0.332,0.605,-6.412,0.71,-0.29,-0.252,-0.345,0.932,-0.023,-0.046,0.145,-0.339,-0.33,0.934,1.603,7.053,-0.779,0.049,-0.278,0.832,-0.435,2.878,-0.023,btn_B
1780980712.067214,-0.819,-0.199,0.571,-0.969,0.603,-0.916,-0.669,-0.328,0.608,-6.221,0.443,-0.168,-0.247,-0.348,0.93,-0.061,-0.168,0.267,-0.341,-0.332,0.936,1.802,7.427,-0.695,0.058,-0.281,0.838,-0.328,2.58,0.344,btn_B
1780980712.1688933,-0.817,-0.198,0.569,-1.053,1.198,-0.679,-0.673,-0.333,0.607,-6.26,0.557,-0.626,-0.252,-0.348,0.928,-0.366,0.298,-0.481,-0.34,-0.332,0.941,1.901,6.832,-0.809,0.051,-0.28,0.839,-0.588,1.969,0.084,btn_B
1780980712.272128,-0.812,-0.198,0.574,-1.176,1.336,-1.74,-0.67,-0.331,0.612,-6.061,0.641,-0.977,-0.25,-0.352,0.928,-0.443,0.038,-0.183,-0.343,-0.333,0.932,1.939,6.015,-0.878,0.048,-0.281,0.833,-0.389,2.603,-0.191,btn_B
1780980712.388396,-0.811,-0.2,0.578,-1.145,1.718,1.229,-0.678,-0.325,0.59,-5.641,1.718,0.191,-0.299,-0.389,1.077,5.634,15.374,1.305,-0.362,-0.342,0.924,3.466,3.901,-0.115,0.052,-0.265,0.86,0.282,2.565,0.832,btn_B
1780980712.4783144,-0.809,-0.194,0.588,-0.115,-5.443,-1.817,-0.678,-0.344,0.605,-9.916,32.466,-2.412,-0.301,-0.051,0.59,95.282,2.863,16.015,-0.333,-0.327,0.937,13.405,6.885,0.221,0.03,-0.282,0.835,4.779,3.969,0.473,btn_B
1780980712.5809438,-0.807,-0.195,0.586,0.191,2.656,0.466,-0.726,-0.336,0.545,-10.153,43.519,6.061,-0.292,-0.023,1.014,47.008,3.977,1.924,-0.343,-0.303,0.94,5.16,17.229,1.015,0.059,-0.273,0.83,0.527,2.74,0.13,btn_B
1780980712.6846504,-0.819,-0.191,0.584,0.863,0.824,0.275,-0.76,-0.334,0.484,-8.252,17.298,2.725,-0.302,0.06,0.924,15.847,-0.55,0.58,-0.377,-0.309,0.95,4.122,6.832,1.191,0.042,-0.268,0.832,-0.779,3.603,0.267,btn_B
1780980712.787088,-0.814,-0.185,0.576,0.336,0.252,0.313,-0.771,-0.323,0.487,8.817,-6.763,10.802,-0.269,0.081,0.937,11.794,-0.359,0.458,-0.344,-0.281,0.919,2.137,2.939,0.336,0.045,-0.27,0.842,0.16,1.565,0.664,btn_B
1780980712.8905165,-0.82,-0.192,0.573,-0.313,0.504,-0.328,-0.767,-0.297,0.459,-1.458,-1.412,0.344,-0.303,0.091,0.971,2.336,-0.527,-0.763,-0.344,-0.296,0.942,1.618,6.496,-0.763,0.047,-0.27,0.826,-1.321,2.916,-0.466,btn_B
1780980712.9999263,-0.815,-0.19,0.583,-0.954,2.763,-0.733,-0.771,-0.297,0.433,-6.87,-6.099,-4.153,-0.292,0.093,0.911,-8.809,-4.863,1.679,-0.337,-0.294,0.954,-1.015,6.267,-1.992,0.047,-0.268,0.83,-1.305,0.679,0.16,btn_B
1780980713.0964425,-0.807,-0.191,0.578,-2.687,4.458,-3.0,-0.625,-0.23,0.383,-23.71,-25.481,-30.069,-0.252,0.098,0.684,-80.206,1.847,-5.901,-0.436,-0.341,0.89,-14.244,-12.023,-7.092,0.078,-0.282,0.855,-9.122,-3.664,-2.885,btn_B
1780980713.2117372,-0.812,-0.194,0.578,-1.656,-5.435,-2.733,-0.716,-0.317,0.533,5.824,-55.344,2.588,-0.276,-0.607,1.015,-240.763,5.679,-47.87,-0.33,-0.33,0.95,-6.076,-0.351,2.74,0.079,-0.298,0.812,-2.878,3.916,-0.031,btn_B
1780980713.3077607,-0.814,-0.191,0.575,-3.557,-2.519,-1.069,-0.688,-0.317,0.582,-6.786,2.351,-1.038,-0.242,-0.353,0.938,-4.336,-1.076,-0.435,-0.339,-0.335,0.938,1.069,7.702,-0.763,0.048,-0.271,0.819,-0.267,-2.305,0.076,btn_B
1780980713.4149408,-0.809,-0.19,0.588,-1.061,0.458,-0.771,-0.677,-0.323,0.6,-6.634,0.809,-0.053,-0.252,-0.341,0.931,-1.244,0.473,0.198,-0.343,-0.331,0.943,1.023,9.008,-0.626,0.051,-0.28,0.82,-0.267,2.038,-0.053,btn_B
1780980713.5081215,-0.809,-0.198,0.576,-1.504,1.634,-0.863,-0.677,-0.328,0.601,-6.55,0.855,-0.099,-0.25,-0.344,0.929,-0.26,-0.389,0.466,-0.338,-0.336,0.946,1.733,7.198,-0.672,0.055,-0.279,0.835,-0.252,2.443,0.191,btn_B
1780980713.6113577,-0.81,-0.195,0.581,-0.756,1.687,-0.611,-0.677,-0.33,0.606,-6.924,0.389,-0.382,-0.256,-0.343,0.929,-0.756,0.0,0.229,-0.34,-0.335,0.938,1.565,7.244,-0.992,0.053,-0.282,0.835,-0.412,1.802,0.153,btn_B
1780980713.7144518,-0.812,-0.195,0.579,-0.779,1.405,-1.092,-0.673,-0.328,0.6,-7.023,-0.183,-0.153,-0.25,-0.35,0.93,-1.13,0.336,0.229,-0.338,-0.33,0.934,1.397,7.397,-0.595,0.051,-0.272,0.839,-0.771,2.084,-0.206,btn_B
1780980716.4983618,-0.811,-0.194,0.574,-1.168,1.366,-1.496,-0.677,-0.327,0.602,-6.443,0.611,-0.595,-0.255,-0.35,0.931,-0.237,-0.611,0.229,-0.337,-0.332,0.934,1.527,7.191,-0.344,0.06,-0.279,0.832,-0.427,2.534,0.092,btn_B
1780980716.5998948,-0.813,-0.197,0.579,-0.962,1.725,-0.664,-0.674,-0.327,0.604,-6.565,0.405,-0.542,-0.252,-0.353,0.931,-0.237,-0.145,-0.115,-0.34,-0.334,0.939,1.611,7.573,0.023,0.052,-0.281,0.828,-0.351,2.435,-0.137,btn_B
1780980716.7013035,-0.812,-0.196,0.577,-0.832,1.702,-0.947,-0.677,-0.331,0.599,-6.122,0.832,-0.458,-0.25,-0.352,0.926,-0.618,0.076,-0.13,-0.339,-0.331,0.94,1.794,6.74,-0.382,0.052,-0.28,0.836,-0.504,2.427,-0.084,btn_B
1780980716.8135593,-0.812,-0.194,0.574,-1.176,1.618,-0.756,-0.681,-0.332,0.604,-6.542,0.718,-0.336,-0.25,-0.35,0.927,0.031,-0.198,0.153,-0.339,-0.337,0.934,1.893,6.534,-0.008,0.061,-0.28,0.831,-0.603,2.527,-0.26,btn_B
1780980716.914634,-0.812,-0.2,0.574,-0.756,1.664,0.26,-0.665,-0.269,0.598,-8.176,6.634,-0.405,-0.564,-0.699,2.0,122.504,5.168,52.573,-0.315,-0.333,0.961,3.504,4.817,-1.435,0.054,-0.284,0.83,-1.053,0.977,-0.916,btn_B
1780980717.010264,-0.808,-0.196,0.59,-0.947,7.687,2.344,-0.778,-0.383,0.439,-16.916,72.42,2.496,-0.229,-0.007,0.753,71.16,-0.58,20.29,-0.321,-0.29,0.991,17.099,-7.031,1.725,0.046,-0.272,0.825,0.313,6.962,2.122,btn_B
1780980717.113064,-0.816,-0.188,0.575,-0.214,-0.908,-1.305,-0.711,-0.303,0.465,-5.634,17.702,7.962,-0.249,0.031,0.967,22.634,-1.916,3.0,-0.319,-0.307,0.946,3.382,8.824,1.809,0.04,-0.274,0.839,1.45,4.542,1.137,btn_B
1780980717.2164207,-0.8,-0.186,0.568,-0.008,3.779,1.206,-0.762,-0.305,0.472,-2.718,7.664,9.969,-0.268,0.058,0.966,14.053,0.656,0.511,-0.3,-0.3,1.008,0.405,8.794,0.534,0.042,-0.271,0.833,0.985,4.206,0.908,btn_B
1780980717.3195167,-0.819,-0.212,0.583,-1.985,6.267,-0.099,-0.755,-0.271,0.442,-5.794,3.038,4.176,-0.287,0.073,0.953,3.412,1.229,1.015,-0.281,-0.289,0.967,0.221,3.939,1.229,0.03,-0.274,0.834,1.405,-0.374,0.382,btn_B
1780980717.422336,-0.824,-0.196,0.563,-1.542,2.435,-1.16,-0.781,-0.289,0.476,-9.489,1.771,-0.74,-0.283,0.073,0.982,-1.145,-0.382,0.763,-0.339,-0.295,0.949,-0.992,6.534,-1.573,0.047,-0.267,0.837,1.145,-0.718,-0.466,btn_B
1780980717.5251942,-0.819,-0.19,0.573,-1.229,1.489,-2.321,-0.795,-0.318,0.491,-15.168,-5.763,-9.534,-0.279,0.068,0.951,-27.672,-0.626,-9.687,-0.361,-0.302,0.957,-4.344,9.893,-2.137,0.039,-0.272,0.834,-0.42,3.053,-0.443,btn_B
1780980717.6316948,-0.835,-0.167,0.561,-1.366,-6.496,1.542,-0.657,-0.362,0.609,-2.954,-103.824,-5.855,-0.239,-0.088,0.619,-160.305,-2.435,-24.534,-0.345,-0.333,0.937,-11.084,-2.672,-4.786,0.058,-0.284,0.84,-4.198,-4.023,-2.168,btn_B
1780980717.7315207,-0.812,-0.189,0.506,-3.366,1.061,-2.71,-0.707,-0.333,0.58,-4.328,-19.702,-2.053,-0.331,-0.357,0.988,10.015,8.962,0.817,-0.39,-0.319,0.892,-0.779,5.473,0.412,0.043,-0.268,0.832,-1.0,-0.267,-0.58,btn_B
1780980717.8342488,-0.814,-0.192,0.574,-0.939,1.718,-0.313,-0.68,-0.335,0.595,-6.901,0.679,-0.427,-0.26,-0.353,0.929,-2.076,1.695,-0.489,-0.339,-0.337,0.934,1.557,7.824,-0.42,0.054,-0.284,0.829,-0.626,0.053,0.366,btn_B
1780980717.9507804,-0.812,-0.197,0.572,-1.122,1.634,-1.046,-0.684,-0.333,0.586,-6.511,0.191,-0.443,-0.258,-0.345,0.933,-1.305,1.084,-0.107,-0.34,-0.337,0.939,1.29,6.656,-0.397,0.05,-0.281,0.825,-0.779,2.344,-0.099,btn_B
1780980718.046141,-0.815,-0.197,0.578,-1.45,1.901,-0.817,-0.683,-0.336,0.584,-6.573,0.55,-0.458,-0.258,-0.353,0.924,-1.023,0.053,0.466,-0.34,-0.334,0.938,1.725,7.29,-0.42,0.05,-0.275,0.833,-0.542,1.962,-0.282,btn_B
1780980718.1497967,-0.814,-0.196,0.58,-0.847,1.924,-1.298,-0.683,-0.335,0.588,-6.58,-0.252,-0.695,-0.254,-0.357,0.931,-1.099,-0.237,0.336,-0.342,-0.34,0.942,1.427,7.252,-0.351,0.049,-0.278,0.828,-0.42,2.366,0.328,btn_B
1780980718.2465155,-0.814,-0.197,0.58,-1.191,1.45,0.076,-0.683,-0.332,0.585,-6.557,0.542,-0.313,-0.255,-0.356,0.927,-0.802,-0.092,-0.397,-0.337,-0.336,0.937,1.504,6.779,-0.351,0.056,-0.288,0.831,-0.321,2.626,0.153,btn_B
1780980718.3495293,-0.815,-0.2,0.58,-1.374,1.595,-1.565,-0.683,-0.334,0.586,-6.511,0.664,-0.168,-0.254,-0.354,0.923,-0.664,-0.183,-0.153,-0.339,-0.33,0.941,1.473,7.588,-0.427,0.055,-0.276,0.835,-0.74,2.344,-0.214,btn_B
1780980721.1307762,-0.816,-0.199,0.57,-1.351,1.664,-0.908,-0.68,-0.332,0.599,-6.237,0.641,-0.504,-0.255,-0.358,0.918,-0.145,-0.092,-0.237,-0.343,-0.338,0.945,1.977,6.954,-0.107,0.049,-0.282,0.832,-0.611,2.405,-0.099,btn_B
1780980721.2332191,-0.811,-0.195,0.573,-1.046,1.099,-0.489,-0.684,-0.333,0.59,-6.092,0.466,-0.679,-0.251,-0.359,0.926,-0.214,0.344,-0.191,-0.341,-0.338,0.946,1.725,7.145,0.198,0.051,-0.283,0.831,-0.405,2.443,-0.092,btn_B
1780980721.3504,-0.813,-0.196,0.576,-0.87,1.168,-0.45,-0.679,-0.334,0.59,-6.511,0.359,-0.595,-0.255,-0.363,0.92,-0.496,0.221,0.298,-0.341,-0.335,0.936,1.267,7.206,-0.015,0.057,-0.271,0.833,-0.786,2.107,-0.191,btn_B
1780980721.439609,-0.81,-0.195,0.576,-1.252,1.137,-0.725,-0.69,-0.333,0.598,-6.405,1.0,0.427,-0.264,-0.364,0.892,0.687,9.275,0.779,-0.338,-0.336,0.943,2.794,7.321,0.802,0.053,-0.284,0.835,-0.595,0.534,0.611,btn_B
1780980721.5425723,-0.836,-0.198,0.561,-0.481,2.992,0.573,-0.698,-0.342,0.564,-8.13,13.992,-0.954,-0.237,-0.267,1.107,90.458,4.29,21.939,-0.343,-0.327,0.958,5.359,3.26,0.046,0.098,-0.275,0.829,0.863,5.779,3.534,btn_B
1780980721.645369,-0.82,-0.182,0.583,0.252,2.206,-0.504,-0.792,-0.394,0.645,-0.55,30.351,13.794,-0.222,-0.044,0.954,54.687,11.061,5.603,-0.34,-0.317,0.962,7.183,13.931,0.504,0.039,-0.274,0.827,2.954,3.145,0.443,btn_B
1780980721.7487772,-0.818,-0.188,0.579,-1.206,3.145,-0.344,-0.737,-0.315,0.508,-2.901,12.298,2.763,-0.246,-0.003,1.063,25.802,3.298,0.008,-0.36,-0.324,0.943,0.466,12.718,0.046,0.031,-0.272,0.84,0.153,3.244,0.122,btn_B
1780980721.8643143,-0.909,-0.264,0.784,-10.74,-1.206,-2.008,-0.799,-0.268,0.419,-7.519,7.595,6.878,-0.312,0.057,0.976,13.794,1.511,3.45,-0.36,-0.306,0.938,3.214,11.405,-0.198,0.034,-0.278,0.839,1.168,2.931,-0.015,btn_B
1780980721.9545577,-0.82,-0.189,0.57,-2.489,2.588,-0.496,-0.758,-0.289,0.476,-6.672,4.069,-0.656,-0.277,0.076,0.988,1.863,0.122,-1.817,-0.341,-0.302,0.935,1.137,7.656,-0.985,0.049,-0.27,0.827,-0.794,3.023,-0.328,btn_B
1780980722.0573854,-0.833,-0.176,0.548,-1.183,1.374,-1.954,-0.77,-0.293,0.494,-8.519,-3.702,-5.008,-0.299,0.083,0.957,-7.023,-2.718,-0.298,-0.352,-0.31,0.936,-1.855,4.84,-0.908,0.043,-0.264,0.831,-1.382,2.305,0.023,btn_B
1780980722.160981,-0.819,-0.196,0.559,-0.588,2.282,-2.908,-0.742,-0.351,0.521,-34.573,-42.969,-44.519,-0.417,-0.059,0.864,-104.969,-2.931,-9.954,-0.357,-0.364,0.924,-12.214,-2.237,-6.664,0.068,-0.282,0.857,-8.061,0.542,-2.298,btn_B
1780980722.2639427,-0.813,-0.197,0.576,-1.427,-5.313,-2.733,-0.69,-0.321,0.576,7.405,-41.786,0.832,-0.463,-0.589,1.228,-226.214,-14.328,-54.45,-0.475,-0.415,0.943,-5.771,6.412,-1.069,0.014,-0.249,0.803,-11.687,-14.099,-3.435,btn_B
1780980722.3666983,-0.801,-0.201,0.579,-0.908,0.908,-1.122,-0.673,-0.329,0.608,-6.908,-0.046,-0.687,-0.247,-0.347,0.931,0.817,3.527,-0.053,-0.35,-0.344,0.926,1.29,5.672,0.023,0.064,-0.274,0.84,-2.122,0.977,0.137,btn_B
1780980722.4830139,-0.812,-0.197,0.572,-0.901,1.71,-0.13,-0.677,-0.329,0.595,-6.977,1.038,-0.595,-0.248,-0.35,0.925,-1.153,0.115,0.191,-0.346,-0.34,0.935,2.061,7.824,-0.137,0.057,-0.28,0.826,-0.573,0.817,0.328,btn_B
1780980722.5831428,-0.816,-0.198,0.574,-1.183,1.443,-0.313,-0.674,-0.331,0.598,-6.756,0.008,-0.412,-0.245,-0.346,0.926,-1.046,-0.214,0.023,-0.34,-0.339,0.934,1.725,7.191,-0.16,0.05,-0.274,0.817,-0.282,3.0,0.42,btn_B
1780980722.6796765,-0.812,-0.199,0.576,-1.214,2.0,-0.458,-0.68,-0.333,0.595,-6.824,0.74,-0.649,-0.251,-0.349,0.927,-1.076,0.26,0.122,-0.342,-0.339,0.935,1.534,6.969,0.122,0.052,-0.281,0.833,-0.664,1.779,-0.412,btn_B
1780980722.7787426,-0.813,-0.196,0.57,-1.084,1.901,-0.786,-0.685,-0.336,0.596,-6.794,0.351,-0.634,-0.251,-0.352,0.929,-0.84,0.298,-0.366,-0.345,-0.338,0.936,1.374,7.695,-0.107,0.054,-0.274,0.818,-0.466,2.191,0.244,btn_B
1780980722.8817334,-0.814,-0.196,0.574,-0.977,1.87,-0.87,-0.677,-0.329,0.597,-6.779,0.534,-0.527,-0.252,-0.346,0.928,-0.427,-0.611,-0.695,-0.338,-0.341,0.93,1.618,6.427,-0.412,0.061,-0.278,0.828,-0.344,2.885,0.58,btn_B
1780980722.9958506,-0.815,-0.197,0.573,-1.282,1.55,-1.107,-0.677,-0.331,0.594,-6.313,0.893,-0.366,-0.253,-0.356,0.923,-0.344,0.038,0.214,-0.343,-0.333,0.934,1.366,6.939,-0.122,0.06,-0.278,0.833,-0.748,1.763,-0.58,btn_B
1780980725.7670012,-0.817,-0.2,0.575,-0.863,1.466,-0.504,-0.68,-0.333,0.601,-6.496,0.748,-0.115,-0.247,-0.354,0.925,-0.58,0.443,-0.099,-0.341,-0.339,0.939,1.321,6.901,-0.794,0.058,-0.28,0.832,-0.13,2.656,0.107,btn_B
1780980725.8815114,-0.811,-0.198,0.571,-0.908,1.42,-0.954,-0.677,-0.332,0.602,-6.718,0.13,-0.847,-0.254,-0.359,0.933,-0.16,-0.405,0.656,-0.34,-0.335,0.938,1.618,7.137,-0.405,0.052,-0.284,0.841,-0.321,2.496,-0.038,btn_B
1780980725.9839275,-0.814,-0.198,0.571,-0.931,1.237,-0.985,-0.676,-0.333,0.602,-6.702,0.496,-0.405,-0.252,-0.355,0.924,-0.168,-0.069,0.053,-0.34,-0.336,0.929,1.817,7.023,-1.13,0.06,-0.284,0.831,-0.153,2.29,0.0,btn_B
1780980726.0792706,-0.814,-0.196,0.567,-0.718,1.237,-1.038,-0.679,-0.333,0.6,-6.16,0.58,-0.336,-0.25,-0.361,0.926,-0.13,-0.084,-0.214,-0.344,-0.34,0.938,1.618,6.321,-0.534,0.054,-0.284,0.827,-0.519,2.26,0.015,btn_B
1780980726.179161,-0.811,-0.201,0.579,-0.924,2.893,1.878,-0.68,-0.327,0.6,-7.26,5.282,2.237,-0.753,-0.83,2.0,140.779,5.382,48.336,-0.342,-0.335,0.945,2.901,-0.595,-3.588,0.068,-0.302,0.824,-0.947,4.557,-0.305,btn_B
1780980726.2809958,-0.808,-0.202,0.574,-0.847,2.573,-0.45,-0.69,-0.338,0.598,-11.618,34.55,3.756,-0.194,-0.121,0.769,123.092,29.504,22.076,-0.381,-0.336,0.94,18.626,7.649,1.634,0.039,-0.28,0.825,3.664,4.183,0.328,btn_B
1780980726.3849072,-0.823,-0.19,0.574,-0.29,1.992,1.038,-0.709,-0.295,0.458,-0.603,25.756,7.42,-0.274,0.003,0.912,31.374,-15.206,5.282,-0.368,-0.326,0.948,7.847,9.053,1.992,0.047,-0.276,0.845,-1.069,5.733,0.542,btn_B
1780980726.4865913,-0.809,-0.183,0.572,-0.542,3.969,-0.29,-0.764,-0.311,0.496,-1.916,13.931,6.344,-0.298,0.046,0.94,18.206,5.725,-1.679,-0.352,-0.298,0.938,1.45,13.282,0.939,0.048,-0.27,0.838,-0.611,2.901,1.176,btn_B
1780980726.598815,-0.812,-0.197,0.57,-0.74,2.664,1.328,-0.758,-0.268,0.441,1.504,0.847,4.107,-0.291,0.074,0.936,6.794,-1.55,-1.595,-0.345,-0.294,0.959,2.519,5.733,-0.153,0.044,-0.274,0.832,-1.427,2.588,-0.053,btn_B
1780980726.7022314,-0.82,-0.193,0.565,-1.336,1.588,-0.695,-0.787,-0.285,0.502,-4.305,3.092,-0.992,-0.314,0.073,0.95,1.641,0.763,-1.466,-0.341,-0.29,0.938,1.13,5.893,-1.359,0.041,-0.272,0.841,-1.496,0.023,0.275,btn_B
1780980726.8075593,-0.819,-0.186,0.564,-0.885,1.115,-1.962,-0.747,-0.271,0.475,-16.206,-9.679,-16.786,-0.293,0.061,0.957,-21.618,-3.45,-2.168,-0.355,-0.312,0.952,-2.916,6.458,-1.611,0.039,-0.271,0.835,-0.802,2.344,-0.427,btn_B
1780980726.9161437,-0.819,-0.191,0.569,-2.443,1.45,-2.649,-0.727,-0.312,0.443,-24.939,-25.244,-21.389,-0.282,0.007,0.724,-69.954,-4.58,-3.527,-0.36,-0.34,0.929,-6.832,-2.076,-4.107,0.048,-0.285,0.85,-5.969,-1.092,0.466,btn_B
1780980727.0132067,-0.807,-0.196,0.569,-0.939,-7.099,-1.916,-0.687,-0.339,0.593,5.466,-49.298,0.969,-0.297,-0.489,1.127,-217.328,3.26,-43.939,-0.341,-0.349,0.94,-5.634,5.244,0.733,0.075,-0.312,0.835,-2.466,1.542,-0.679,btn_B
1780980727.1134443,-0.815,-0.196,0.573,-3.122,0.786,-1.443,-0.683,-0.328,0.595,-6.954,2.618,-0.954,-0.246,-0.351,0.932,-4.038,-4.45,-0.069,-0.348,-0.333,0.928,0.931,7.901,-0.832,0.049,-0.269,0.821,0.038,-0.756,0.618,btn_B
1780980727.2137084,-0.819,-0.194,0.566,-1.107,2.206,-0.84,-0.677,-0.333,0.598,-7.008,1.092,-1.076,-0.254,-0.351,0.925,-1.191,0.74,0.244,-0.346,-0.336,0.935,2.214,8.672,-0.641,0.05,-0.281,0.827,-0.084,2.145,0.656,btn_B
1780980727.3107388,-0.821,-0.198,0.568,-0.824,1.855,-1.0,-0.68,-0.334,0.594,-6.641,0.573,-0.626,-0.257,-0.348,0.924,-1.412,0.26,-0.321,-0.348,-0.333,0.942,1.489,7.183,-1.198,0.071,-0.294,0.844,-0.71,2.45,0.389,btn_B
1780980727.423303,-0.818,-0.196,0.57,-0.458,1.763,0.221,-0.676,-0.332,0.602,-6.634,0.641,-0.443,-0.26,-0.354,0.924,-0.985,0.008,0.015,-0.345,-0.337,0.931,2.076,7.405,-0.84,0.046,-0.272,0.822,-0.55,2.084,-0.282,btn_B
1780980727.6285827,-0.817,-0.194,0.574,-0.634,1.42,-0.702,-0.674,-0.33,0.591,-6.214,0.244,-0.603,-0.254,-0.353,0.925,-0.336,-0.313,0.359,-0.342,-0.337,0.936,3.198,6.244,-0.756,0.052,-0.281,0.825,-0.603,2.489,0.298,btn_B
1780980730.2982876,-0.818,-0.195,0.571,-0.817,1.588,-0.733,-0.673,-0.331,0.599,-6.221,-0.168,-0.809,-0.248,-0.359,0.927,-0.359,0.122,0.29,-0.347,-0.335,0.936,1.916,6.985,-0.481,0.049,-0.282,0.824,-0.626,1.924,-0.588,btn_B
1780980730.417353,-0.818,-0.192,0.568,-0.702,1.015,-1.069,-0.677,-0.333,0.602,-6.336,0.687,-0.733,-0.251,-0.356,0.925,-0.198,0.618,0.046,-0.349,-0.334,0.931,1.939,7.473,-0.16,0.046,-0.283,0.836,-0.672,2.542,-0.107,btn_B
1780980730.5171552,-0.82,-0.192,0.567,-0.847,0.885,0.092,-0.674,-0.333,0.597,-6.359,0.313,-0.481,-0.251,-0.359,0.919,0.237,-0.16,-0.076,-0.346,-0.334,0.935,1.565,6.908,-0.443,0.048,-0.28,0.83,-0.489,2.191,-0.023,btn_B
1780980730.6168633,-0.816,-0.193,0.561,-1.145,1.221,-1.466,-0.673,-0.333,0.606,-6.565,0.702,-0.397,-0.254,-0.36,0.922,-0.305,-0.298,0.115,-0.346,-0.333,0.933,1.847,7.023,-0.221,0.049,-0.282,0.831,-0.336,2.458,-0.137,btn_B
1780980730.711972,-0.821,-0.193,0.567,-0.977,1.427,-0.351,-0.676,-0.336,0.601,-6.153,0.87,-0.595,-0.255,-0.361,0.928,-0.344,0.771,0.511,-0.344,-0.331,0.941,1.687,7.244,-0.687,0.046,-0.281,0.833,-0.466,2.634,-0.168,btn_B
1780980730.8129919,-0.82,-0.195,0.564,-0.756,2.061,-0.763,-0.675,-0.336,0.602,-6.344,0.649,-0.176,-0.226,-0.367,0.941,0.794,8.908,1.611,-0.347,-0.335,0.935,3.153,6.344,0.092,0.045,-0.274,0.822,-0.649,2.061,0.153,btn_B
1780980730.9307039,-0.837,-0.187,0.542,-0.191,3.565,-0.145,-0.688,-0.328,0.565,-5.191,16.916,-2.359,-0.203,-0.116,1.097,77.176,0.328,23.794,-0.313,-0.308,0.962,7.107,-1.885,-0.145,0.056,-0.291,0.844,-0.122,6.176,0.053,btn_B
1780980731.0290358,-0.817,-0.198,0.568,-0.733,1.817,-0.366,-0.857,-0.311,0.397,-30.939,64.023,18.176,-0.316,-0.029,0.837,66.702,12.977,9.519,-0.336,-0.315,0.951,14.099,3.924,2.679,0.034,-0.273,0.835,0.786,1.221,0.511,btn_B
1780980731.1220503,-0.818,-0.187,0.568,-0.275,2.985,1.786,-0.795,-0.35,0.534,-3.084,17.893,5.634,-0.304,0.016,0.979,25.817,2.809,-1.634,-0.345,-0.303,0.937,3.71,9.511,0.473,0.04,-0.27,0.834,-0.038,1.099,-0.183,btn_B
1780980731.2251213,-0.818,-0.184,0.569,-0.031,2.145,0.328,-0.795,-0.318,0.496,1.748,7.282,-1.382,-0.29,0.048,0.99,12.534,4.489,-5.542,-0.348,-0.3,0.953,-0.855,6.443,-0.038,0.034,-0.276,0.833,0.336,3.397,0.336,btn_B
1780980731.3284538,-0.812,-0.184,0.574,0.053,2.405,0.313,-0.757,-0.292,0.495,-5.977,2.519,0.0,-0.298,0.064,0.971,1.809,1.282,0.069,-0.358,-0.293,0.928,1.779,4.252,-0.634,0.042,-0.273,0.835,-0.634,3.107,0.45,btn_B
1780980731.4410055,-0.819,-0.183,0.564,-1.0,3.214,-1.382,-0.753,-0.299,0.489,-8.427,-4.985,-5.634,-0.285,0.037,1.064,-3.191,-0.031,-0.328,-0.363,-0.309,0.954,-1.137,9.87,-2.58,0.041,-0.269,0.824,-0.244,1.405,-1.145,btn_B
1780980731.5412211,-0.826,-0.184,0.562,-1.901,4.802,-2.0,-0.689,-0.274,0.424,-19.427,-12.885,-15.435,-0.272,0.072,0.809,-45.588,-0.092,-3.725,-0.327,-0.293,0.951,-3.115,3.603,-2.626,0.036,-0.282,0.846,-2.878,0.008,-0.344,btn_B
1780980731.6458757,-0.832,-0.195,0.549,-1.015,-3.45,-3.328,-0.7,-0.338,0.57,1.389,-40.099,-0.71,-0.16,-0.186,0.688,-199.366,-1.237,-35.954,-0.362,-0.312,0.958,-13.969,12.336,-2.481,0.069,-0.284,0.836,-3.26,6.565,-0.611,btn_B
1780980731.746533,-0.856,-0.183,0.582,2.893,6.481,1.275,-0.674,-0.327,0.611,-8.702,14.397,1.282,-0.271,-0.335,0.91,-6.191,-4.71,-0.84,-0.327,-0.339,0.95,4.282,6.824,-0.969,0.058,-0.291,0.839,-1.878,9.328,1.466,btn_B
1780980731.8437848,-0.819,-0.199,0.57,-1.252,2.137,-1.023,-0.678,-0.336,0.595,-6.733,0.496,-0.519,-0.26,-0.348,0.926,-1.565,0.13,-0.046,-0.349,-0.34,0.935,1.58,6.321,-0.603,0.062,-0.281,0.827,-0.611,2.962,0.748,btn_B
1780980731.9463935,-0.818,-0.19,0.567,-0.908,2.397,-0.443,-0.678,-0.333,0.598,-6.519,0.977,-0.817,-0.261,-0.355,0.923,-1.458,0.817,0.458,-0.353,-0.335,0.928,1.305,7.588,-0.809,0.049,-0.282,0.835,-0.802,2.084,0.115,btn_B
1780980732.0613916,-0.821,-0.195,0.568,-0.916,1.977,-1.42,-0.677,-0.333,0.596,-6.695,0.527,-0.794,-0.256,-0.355,0.92,-1.038,-0.542,0.229,-0.351,-0.337,0.936,1.664,6.885,-0.809,0.052,-0.281,0.836,-0.626,3.137,-0.267,btn_B
1780980732.1523457,-0.82,-0.194,0.572,-1.557,2.061,-0.55,-0.682,-0.333,0.599,-6.649,0.351,-0.481,-0.26,-0.355,0.929,-0.885,-0.397,-0.176,-0.354,-0.339,0.928,1.557,6.618,-0.885,0.056,-0.278,0.827,-0.931,1.656,0.176,btn_B
1780980732.2623057,-0.823,-0.191,0.559,-0.679,1.534,-1.061,-0.68,-0.333,0.597,-6.855,1.092,-0.481,-0.259,-0.358,0.923,-0.557,0.443,-0.626,-0.35,-0.335,0.926,1.366,7.038,-0.519,0.053,-0.281,0.829,-0.924,2.466,-0.206,btn_B
1780980734.9353852,-0.824,-0.191,0.563,-1.321,1.87,-0.443,-0.677,-0.334,0.601,-6.557,1.191,0.298,-0.256,-0.362,0.924,-0.595,0.092,-0.214,-0.354,-0.336,0.934,1.595,6.695,-0.977,0.049,-0.275,0.831,-0.687,0.947,0.206,btn_B
1780980735.0979068,-0.82,-0.192,0.562,-0.702,1.748,-0.565,-0.677,-0.33,0.596,-6.389,0.481,-0.328,-0.256,-0.361,0.922,-0.374,-0.252,-0.718,-0.349,-0.336,0.927,1.74,6.45,-1.13,0.051,-0.276,0.829,-0.672,1.916,-0.122,btn_B
1780980735.1625552,-0.82,-0.195,0.568,-0.908,1.832,-0.443,-0.678,-0.335,0.601,-6.603,1.221,-0.305,-0.252,-0.36,0.921,-0.191,-0.107,0.481,-0.348,-0.33,0.926,1.359,7.534,-0.55,0.045,-0.28,0.833,-0.718,1.687,0.275,btn_B
1780980735.2428427,-0.818,-0.197,0.571,-1.374,0.901,-1.557,-0.677,-0.337,0.603,-6.496,0.351,-1.115,-0.252,-0.361,0.927,-0.443,-0.389,-0.046,-0.348,-0.335,0.932,1.672,6.359,-0.809,0.051,-0.283,0.831,-0.534,2.702,0.137,btn_B
1780980735.349941,-0.819,-0.195,0.568,-0.679,1.366,-0.534,-0.677,-0.34,0.602,-6.84,1.015,-0.145,-0.248,-0.359,0.923,-0.656,0.565,0.122,-0.354,-0.336,0.932,1.908,7.443,-0.206,0.055,-0.281,0.837,-0.313,2.656,-0.519,btn_B
1780980735.4612582,-0.821,-0.192,0.567,-0.748,0.916,-0.718,-0.678,-0.335,0.595,-5.947,0.305,-0.718,-0.249,-0.363,0.919,0.053,-0.443,-0.229,-0.346,-0.334,0.935,1.656,6.45,-0.344,0.048,-0.285,0.831,-0.565,3.26,-0.466,btn_B
1780980735.5514047,-0.814,-0.196,0.573,-1.351,1.16,0.344,-0.677,-0.334,0.599,-6.015,0.725,0.603,-0.258,-0.369,0.955,1.977,9.443,1.557,-0.358,-0.335,0.93,3.473,6.809,0.076,0.052,-0.278,0.842,-0.427,2.885,-0.198,btn_B
1780980735.6614306,-0.825,-0.185,0.569,-0.969,0.13,-1.282,-0.709,-0.334,0.575,-7.252,19.29,-2.794,-0.157,-0.167,0.88,97.244,1.237,27.649,-0.338,-0.314,0.942,8.015,6.496,-1.466,0.066,-0.292,0.824,0.756,12.733,-0.176,btn_B
1780980735.757504,-0.799,-0.194,0.578,-0.557,-1.916,-0.496,-0.656,-0.291,0.502,-0.504,24.939,5.695,-0.254,-0.024,0.962,43.748,2.092,-0.061,-0.322,-0.311,0.927,4.588,9.695,1.489,0.043,-0.273,0.839,3.015,4.191,0.427,btn_B
1780980735.865066,-0.821,-0.186,0.566,-0.794,2.542,0.763,-0.809,-0.334,0.529,-1.206,11.092,6.695,-0.305,-0.01,1.054,17.672,-0.023,-0.168,-0.351,-0.292,0.945,2.534,11.634,-0.42,0.044,-0.271,0.836,-0.733,2.13,-0.198,btn_B
1780980735.9634657,-0.817,-0.185,0.572,-0.908,1.321,-1.321,-0.748,-0.285,0.479,-1.863,0.687,5.87,-0.27,0.037,1.005,7.588,0.0,0.359,-0.366,-0.323,0.957,2.565,-0.176,0.985,0.049,-0.273,0.83,0.183,2.542,-0.038,btn_B
1780980736.081212,-0.818,-0.172,0.545,-1.366,2.45,1.374,-0.707,-0.247,0.44,-7.328,-1.42,-1.382,-0.278,0.071,0.93,-5.595,-2.473,-1.023,-0.33,-0.305,0.974,-1.092,4.847,0.496,0.041,-0.277,0.841,-4.023,6.443,0.908,btn_B
1780980736.178163,-0.81,-0.185,0.573,-2.847,0.466,-3.145,-0.755,-0.287,0.52,-10.702,-4.985,-9.977,-0.302,0.054,0.95,-11.481,-0.725,-1.366,-0.352,-0.313,0.938,-0.626,6.748,-1.198,0.035,-0.268,0.833,-1.321,2.275,0.191,btn_B
1780980736.279511,-0.821,-0.186,0.558,-0.595,2.832,-2.382,-0.679,-0.291,0.451,-37.282,-40.351,-38.611,-0.267,0.003,0.697,-100.046,-6.198,-12.237,-0.343,-0.349,0.93,-15.603,-2.55,-5.641,0.032,-0.274,0.821,-8.008,-6.427,-0.641,btn_B
1780980736.3810117,-0.825,-0.188,0.558,-0.191,-8.511,-3.679,-0.619,-0.528,0.543,7.214,-48.985,-0.947,0.046,-0.244,-0.245,72.122,34.511,20.198,-0.099,-0.307,1.102,22.458,54.626,2.603,-0.105,-0.255,0.769,7.221,-14.267,-0.878,btn_B
1780980736.4785552,-0.822,-0.196,0.564,-1.656,1.389,-0.924,-0.68,-0.33,0.594,-5.885,3.069,0.725,-0.255,-0.348,0.926,-2.191,-4.641,-0.137,-0.336,-0.337,0.943,1.046,9.145,-0.13,0.047,-0.285,0.827,-1.099,6.824,0.183,btn_B
1780980736.5941663,-0.815,-0.192,0.573,-0.954,1.275,-0.595,-0.674,-0.327,0.603,-6.389,0.557,-0.496,-0.256,-0.346,0.924,-1.008,-0.985,-0.588,-0.343,-0.343,0.941,1.611,5.725,-0.84,0.048,-0.286,0.827,-0.595,2.412,0.191,btn_B
1780980736.694523,-0.814,-0.194,0.574,-1.015,1.496,-0.916,-0.674,-0.326,0.6,-6.962,1.443,-0.595,-0.257,-0.346,0.938,-1.168,-0.45,0.107,-0.342,-0.339,0.931,1.298,7.954,0.122,0.047,-0.277,0.833,-0.397,2.275,0.282,btn_B
1780980736.793941,-0.817,-0.195,0.57,-1.359,1.557,-0.832,-0.671,-0.328,0.596,-6.321,0.725,-0.809,-0.26,-0.349,0.922,-1.336,-0.015,0.122,-0.339,-0.334,0.933,1.382,6.702,-0.611,0.053,-0.282,0.834,-0.802,2.069,-0.198,btn_B
1780980736.8907328,-0.819,-0.198,0.571,-0.748,1.595,-0.313,-0.679,-0.329,0.602,-6.053,0.275,-0.71,-0.258,-0.351,0.925,-0.55,-0.779,0.389,-0.341,-0.339,0.943,1.221,5.885,-0.74,0.052,-0.283,0.835,-0.45,2.71,0.115,btn_B
1780980739.568513,-0.811,-0.192,0.571,-0.71,1.718,-1.267,-0.677,-0.328,0.611,-6.221,0.321,-0.374,-0.258,-0.359,0.919,-0.328,0.397,0.496,-0.337,-0.335,0.95,1.176,6.977,-0.481,0.049,-0.281,0.833,-0.656,1.466,0.397,btn_B
1780980739.6789563,-0.82,-0.198,0.569,-0.718,1.687,0.13,-0.677,-0.333,0.596,-6.656,1.107,0.229,-0.261,-0.355,0.928,-0.481,0.382,0.29,-0.339,-0.334,0.928,1.542,7.107,-0.374,0.051,-0.278,0.837,-0.511,1.55,0.229,btn_B
1780980739.7747848,-0.816,-0.192,0.569,-0.962,1.153,-1.344,-0.674,-0.335,0.599,-6.565,0.206,-0.336,-0.261,-0.355,0.923,-0.145,-0.244,-0.092,-0.34,-0.333,0.941,1.863,6.435,-0.756,0.046,-0.282,0.825,-0.382,3.107,-0.244,btn_B
1780980739.877848,-0.813,-0.2,0.57,-0.817,1.954,-1.076,-0.679,-0.335,0.603,-6.511,0.893,-0.611,-0.259,-0.361,0.925,-0.779,0.824,-0.244,-0.337,-0.338,0.928,1.55,6.947,-0.664,0.049,-0.281,0.829,-0.305,2.954,0.191,btn_B
1780980739.9807818,-0.821,-0.198,0.574,-0.313,1.336,0.962,-0.676,-0.332,0.606,-5.885,2.069,1.298,-0.289,-0.396,1.028,4.786,15.847,2.916,-0.337,-0.33,0.932,3.702,7.916,0.13,0.039,-0.285,0.84,0.588,1.71,0.427,btn_B
1780980740.0836046,-0.816,-0.197,0.569,-2.191,-1.26,-2.237,-0.695,-0.352,0.682,-13.153,9.107,-3.336,-0.292,-0.195,0.994,96.412,-3.756,18.183,-0.379,-0.345,0.92,11.557,13.924,0.977,0.023,-0.288,0.849,2.557,2.382,3.405,btn_B
1780980740.1936746,-0.829,-0.188,0.564,-0.908,3.0,-0.389,-0.737,-0.34,0.513,-12.71,29.992,2.221,-0.226,0.017,0.885,33.511,13.664,5.153,-0.327,-0.313,0.944,8.389,7.626,2.756,0.042,-0.273,0.833,1.374,3.023,0.038,btn_B
1780980740.2897623,-0.823,-0.192,0.569,-0.015,1.985,0.145,-0.78,-0.339,0.489,-10.687,20.74,2.496,-0.294,0.027,0.929,14.847,3.87,-1.107,-0.336,-0.31,0.961,5.756,9.908,2.679,0.068,-0.264,0.841,1.763,1.786,1.038,btn_B
1780980740.392459,-0.82,-0.193,0.561,-0.137,2.099,-0.473,-0.752,-0.341,0.465,-8.336,13.794,0.351,-0.326,-0.007,1.078,12.443,2.427,-3.412,-0.383,-0.313,0.941,4.252,6.565,1.244,0.046,-0.278,0.837,-0.687,2.466,0.176,btn_B
1780980740.4957747,-0.812,-0.204,0.568,1.786,4.565,1.137,-0.76,-0.339,0.457,-2.374,7.809,2.802,-0.296,0.041,1.011,12.191,0.611,-2.779,-0.31,-0.309,0.966,-0.214,12.687,-3.145,0.039,-0.274,0.834,-0.58,-1.817,-1.389,btn_B
1780980740.5988162,-0.819,-0.191,0.56,-1.168,4.176,0.534,-0.779,-0.322,0.449,-4.267,0.053,-0.092,-0.295,0.069,0.962,1.359,0.855,-1.13,-0.36,-0.301,0.938,-0.405,10.779,-2.122,0.042,-0.273,0.841,-0.649,1.817,-0.87,btn_B
1780980740.7018487,-0.823,-0.192,0.555,-1.237,3.802,-1.366,-0.793,-0.303,0.427,-10.947,-8.725,-7.023,-0.399,0.018,1.064,-22.168,-0.702,-6.321,-0.363,-0.315,0.957,-6.107,11.389,-2.718,0.037,-0.27,0.83,-0.008,3.763,-0.443,btn_B
1780980740.8119128,-0.844,-0.191,0.536,-1.099,0.534,-2.618,-0.747,-0.358,0.504,-2.29,-79.679,-3.26,-0.225,-0.059,0.894,-113.817,-7.527,-21.405,-0.362,-0.333,0.939,-15.359,-3.069,-4.977,0.037,-0.276,0.824,-5.855,-0.473,-2.84,btn_B
1780980740.911861,-0.81,-0.201,0.571,-0.298,-6.084,-2.046,-0.821,-0.663,0.446,22.092,-54.87,11.046,0.046,-0.177,-0.236,68.412,20.252,6.542,-0.274,-0.316,1.005,9.489,60.115,-1.466,-0.004,-0.277,0.832,13.099,-16.878,-0.405,btn_B
1780980741.0107253,-0.83,-0.191,0.555,-1.137,0.076,-0.489,-0.694,-0.338,0.582,-5.878,0.389,-0.557,-0.254,-0.351,0.928,-1.656,-4.924,-0.771,-0.347,-0.354,0.906,1.0,7.718,-0.992,0.05,-0.278,0.836,-0.794,5.687,0.244,btn_B
1780980741.1259396,-0.819,-0.198,0.561,-0.695,1.962,-0.389,-0.683,-0.333,0.588,-6.321,-0.298,-1.046,-0.259,-0.352,0.921,-0.947,-1.031,-0.191,-0.354,-0.347,0.926,1.366,6.061,-0.481,0.049,-0.282,0.832,-0.542,1.985,0.053,btn_B
1780980741.226918,-0.821,-0.195,0.565,-1.061,2.198,-0.183,-0.685,-0.332,0.589,-6.496,0.687,-0.13,-0.258,-0.352,0.922,-0.427,-1.023,0.672,-0.351,-0.342,0.939,2.031,7.588,0.313,0.047,-0.284,0.835,-0.511,2.313,-0.405,btn_B
1780980741.326161,-0.816,-0.19,0.565,-1.275,2.321,-0.832,-0.682,-0.335,0.591,-6.718,0.519,-0.137,-0.262,-0.35,0.926,-0.962,-0.183,0.282,-0.353,-0.339,0.935,1.794,6.542,-0.534,0.041,-0.281,0.826,-0.618,2.687,0.008,btn_B
1780980741.4272478,-0.819,-0.194,0.56,-1.298,1.519,-1.771,-0.68,-0.334,0.597,-6.664,0.878,-0.527,-0.256,-0.354,0.922,-1.786,-0.443,-0.237,-0.348,-0.346,0.927,2.008,7.344,-0.565,0.047,-0.28,0.831,-0.122,3.229,0.252,btn_B
1780980741.5257967,-0.818,-0.191,0.563,-0.992,0.786,-0.084,-0.68,-0.335,0.588,-6.427,0.481,-0.038,-0.252,-0.354,0.926,-0.466,-0.786,-0.344,-0.351,-0.342,0.928,1.603,6.847,-0.374,0.042,-0.279,0.834,-0.198,2.985,0.092,btn_B
1780980744.2112904,-0.821,-0.198,0.564,-1.198,1.282,-1.237,-0.678,-0.339,0.59,-6.046,-0.687,-0.565,-0.258,-0.339,0.901,-9.969,-0.702,-1.702,-0.339,-0.343,0.939,1.321,6.908,-0.427,0.047,-0.283,0.831,-0.542,2.496,-0.099,btn_B
1780980744.3140745,-0.82,-0.196,0.568,-0.931,1.275,-0.695,-0.684,-0.34,0.585,-6.099,0.321,-0.992,-0.263,-0.347,0.909,-2.046,-0.603,-0.046,-0.344,-0.343,0.928,1.382,7.527,-0.687,0.047,-0.278,0.839,-0.672,2.534,-0.305,btn_B
1780980744.4096828,-0.82,-0.197,0.562,-0.718,2.153,-1.481,-0.681,-0.337,0.598,-6.305,-0.038,-0.733,-0.26,-0.356,0.914,-2.855,0.214,-0.565,-0.344,-0.341,0.934,1.756,6.939,-0.634,0.052,-0.283,0.827,-0.405,2.214,-0.282,btn_B
1780980744.512832,-0.818,-0.2,0.567,-1.099,1.267,-0.656,-0.682,-0.337,0.591,-6.168,0.344,-0.13,-0.257,-0.358,0.916,-1.733,-1.198,0.214,-0.348,-0.342,0.935,1.489,7.313,-0.214,0.049,-0.279,0.831,-0.565,2.221,-0.008,btn_B
1780980744.6159465,-0.821,-0.201,0.569,-0.947,1.939,-0.122,-0.675,-0.34,0.594,-6.511,1.626,1.107,-0.392,-0.41,1.494,20.023,-7.397,5.42,-0.357,-0.341,0.945,1.366,5.985,-0.214,0.063,-0.29,0.85,-0.252,3.794,-0.015,btn_B
1780980744.7187319,-0.819,-0.199,0.567,-0.802,-1.237,0.183,-0.678,-0.353,0.603,-9.656,20.855,2.847,-0.335,-0.229,0.929,124.427,14.397,13.458,-0.439,-0.34,0.923,12.878,12.71,0.107,0.039,-0.273,0.831,2.092,8.206,0.382,btn_B
1780980744.8217654,-0.822,-0.194,0.565,-0.748,3.466,0.298,-0.781,-0.333,0.512,-0.504,22.458,7.664,-0.303,-0.023,0.978,34.153,2.252,2.71,-0.386,-0.319,0.925,9.519,3.527,2.183,0.049,-0.271,0.836,-0.244,4.321,-0.351,btn_B
1780980744.9320252,-0.828,-0.19,0.552,-0.672,2.359,0.969,-0.767,-0.301,0.463,0.511,10.802,4.672,-0.277,0.04,0.914,17.069,2.29,-0.389,-0.363,-0.316,0.939,4.679,7.542,1.351,0.031,-0.271,0.829,-0.458,5.527,0.901,btn_B
1780980745.0277903,-0.823,-0.194,0.561,-0.542,0.679,-0.519,-0.737,-0.289,0.462,0.939,1.595,3.0,-0.267,0.035,0.998,13.695,-0.863,2.115,-0.356,-0.314,0.939,3.527,6.893,0.053,0.043,-0.275,0.837,-0.351,2.947,0.244,btn_B
1780980745.1310518,-0.833,-0.189,0.562,-1.198,3.634,0.878,-0.804,-0.305,0.488,3.885,-0.863,6.076,-0.311,0.039,0.994,11.084,-1.183,-0.16,-0.328,-0.286,0.987,3.641,7.046,-0.084,0.025,-0.27,0.833,-1.42,-1.603,-0.718,btn_B
1780980745.2426224,-0.823,-0.188,0.555,-0.908,0.939,-1.252,-0.792,-0.292,0.511,-4.847,-0.595,0.763,-0.295,0.05,1.052,3.664,1.542,1.115,-0.365,-0.302,0.948,2.099,7.275,-1.519,0.047,-0.274,0.826,-0.412,2.237,-0.504,btn_B
1780980745.3443718,-0.835,-0.192,0.557,-1.13,2.71,-0.084,-0.767,-0.267,0.446,-6.977,0.023,-1.382,-0.277,0.095,0.897,-6.252,-3.786,-0.321,-0.344,-0.292,0.94,-1.794,7.389,-1.664,0.038,-0.272,0.838,-0.443,1.0,0.298,btn_B
1780980745.4450006,-0.834,-0.191,0.546,-0.824,1.794,-1.466,-0.774,-0.295,0.492,-11.13,-3.076,-7.771,-0.273,0.077,0.893,-16.473,-0.588,-0.145,-0.341,-0.312,0.925,-0.443,10.069,-1.542,0.044,-0.275,0.835,-0.687,3.435,-0.511,btn_B
1780980745.543279,-0.823,-0.195,0.551,-0.046,2.885,-2.099,-2.0,-1.12,1.245,14.908,-68.725,-7.145,-0.193,0.082,0.815,-65.053,-11.527,-8.16,-0.342,-0.303,0.941,-2.046,-10.824,-2.725,0.034,-0.273,0.826,-4.313,-3.527,-3.29,btn_B
1780980745.6462371,-0.82,-0.194,0.562,-0.763,-1.153,-1.603,-0.706,-0.338,0.535,-1.107,-45.687,0.565,-0.3,-0.509,0.871,-225.412,2.756,-50.107,-0.352,-0.299,0.982,-10.198,-6.374,1.023,0.028,-0.282,0.831,-3.237,1.031,-0.71,btn_B
1780980745.758163,-0.823,-0.196,0.555,-1.893,3.069,-0.603,-0.681,-0.336,0.586,-6.977,4.382,0.221,-0.258,-0.353,0.934,-5.595,-2.832,-0.191,-0.351,-0.337,0.931,3.656,10.55,-0.679,0.042,-0.276,0.833,1.496,-1.84,0.878,btn_B
1780980745.861338,-0.824,-0.194,0.551,-1.176,0.237,-1.26,-0.676,-0.339,0.597,-6.168,-1.282,-0.634,-0.246,-0.35,0.934,-1.733,-1.015,-0.038,-0.347,-0.337,0.933,2.084,7.511,-1.031,0.042,-0.283,0.828,-0.099,1.328,0.397,btn_B
1780980745.9549196,-0.824,-0.198,0.559,-0.832,1.061,0.015,-0.678,-0.34,0.59,-6.328,-0.137,-1.176,-0.25,-0.351,0.925,-0.878,-0.069,-0.489,-0.344,-0.34,0.932,0.992,7.374,-1.0,0.052,-0.277,0.832,-0.679,1.885,-0.489,btn_B
1780980746.0579863,-0.824,-0.193,0.559,-1.191,2.153,-1.282,-0.678,-0.341,0.588,-6.221,0.824,-0.229,-0.252,-0.357,0.922,-0.763,-0.435,-0.183,-0.345,-0.338,0.936,2.0,5.84,-0.901,0.044,-0.281,0.834,-0.267,2.252,-0.206,btn_B
1780980746.1611345,-0.823,-0.198,0.559,-0.908,1.962,-0.122,-0.68,-0.341,0.579,-6.504,0.176,-0.015,-0.249,-0.354,0.927,-0.802,-1.008,0.58,-0.344,-0.339,0.938,2.191,6.924,-0.573,0.047,-0.278,0.822,-0.489,2.16,0.084,btn_B
1780980748.8391001,-0.822,-0.195,0.551,-0.87,1.649,-0.756,-0.68,-0.342,0.595,-6.725,0.382,-0.214,-0.252,-0.366,0.923,-0.076,-0.42,0.26,-0.347,-0.336,0.94,1.557,7.069,-0.389,0.048,-0.279,0.829,-0.527,2.214,-0.344,btn_B
1780980748.9419212,-0.823,-0.198,0.555,-1.069,1.649,-0.969,-0.679,-0.343,0.595,-6.542,0.702,-0.137,-0.249,-0.364,0.923,-0.557,0.137,0.107,-0.345,-0.338,0.936,1.229,7.038,-0.893,0.045,-0.275,0.838,-0.588,1.939,-0.366,btn_B
1780980749.0452724,-0.824,-0.198,0.558,-0.656,1.45,-0.832,-0.68,-0.341,0.585,-6.252,0.695,-0.527,-0.253,-0.363,0.916,-0.473,0.153,0.076,-0.349,-0.334,0.93,1.802,7.038,-1.053,0.048,-0.275,0.831,-0.695,2.107,-0.214,btn_B
1780980749.1606445,-0.821,-0.194,0.56,-0.939,1.0,-0.489,-0.681,-0.343,0.598,-6.031,0.252,-1.092,-0.25,-0.361,0.922,-0.229,-0.702,0.0,-0.345,-0.337,0.926,1.893,6.939,-0.687,0.052,-0.278,0.831,-0.534,2.656,0.008,btn_B
1780980749.251206,-0.824,-0.195,0.554,-1.267,1.137,-1.061,-0.68,-0.343,0.587,-5.901,0.275,-0.794,-0.25,-0.36,0.925,0.13,-0.168,0.137,-0.344,-0.341,0.931,1.74,6.71,-0.779,0.045,-0.278,0.831,-0.656,2.237,-0.153,btn_B
1780980749.3596473,-0.82,-0.195,0.561,-0.695,1.634,0.061,-0.684,-0.346,0.586,-4.992,0.237,0.565,-0.273,-0.358,0.923,5.947,9.0,0.863,-0.343,-0.344,0.934,3.145,4.832,0.046,0.051,-0.277,0.828,-0.656,4.824,-1.947,btn_B
1780980749.4571857,-0.822,-0.199,0.549,-1.435,-3.038,-1.771,-0.682,-0.348,0.588,-7.527,17.557,0.282,-0.196,-0.2,0.996,98.473,8.092,17.405,-0.33,-0.386,0.92,16.29,2.641,1.55,0.038,-0.273,0.838,2.756,5.206,1.115,btn_B
1780980749.5765684,-0.818,-0.192,0.55,-0.359,1.427,0.679,-0.812,-0.4,0.589,-19.145,36.244,21.092,-0.267,-0.041,0.958,40.824,2.214,4.748,-0.333,-0.311,0.934,4.519,7.748,0.573,0.047,-0.281,0.853,2.359,2.634,0.87,btn_B
1780980749.6631036,-0.835,-0.19,0.563,0.435,-1.603,-0.061,-0.592,-0.345,0.565,1.198,21.008,-2.015,-0.281,0.004,0.921,24.458,3.412,-3.282,-0.366,-0.308,0.934,1.473,15.122,-0.198,0.049,-0.277,0.825,0.252,2.168,-0.16,btn_B
1780980749.7663953,-0.822,-0.186,0.566,0.366,1.038,0.748,-0.753,-0.332,0.502,-2.71,7.718,1.076,-0.291,0.051,0.904,10.275,0.733,-0.244,-0.356,-0.313,0.937,2.008,4.756,0.412,0.046,-0.272,0.84,-0.504,3.244,-0.534,btn_B
1780980749.8786705,-0.827,-0.188,0.557,-1.588,1.504,-0.275,-0.775,-0.336,0.476,-3.618,3.496,-0.176,-0.285,0.043,0.969,6.557,6.313,-1.832,-0.347,-0.308,0.957,4.313,9.649,0.191,0.044,-0.274,0.828,0.313,0.954,-0.107,btn_B
1780980749.9798703,-0.818,-0.187,0.566,-0.053,-0.214,0.733,-0.737,-0.292,0.418,-2.458,-0.092,-0.229,-0.243,0.049,0.993,2.092,1.198,-0.954,-0.347,-0.31,0.944,2.153,5.893,1.779,0.039,-0.271,0.829,0.221,4.588,1.031,btn_B
1780980750.0753202,-0.823,-0.187,0.567,-1.382,3.718,-1.267,-0.747,-0.311,0.455,-5.588,0.557,-1.779,-0.304,0.067,0.915,-3.153,-0.336,-1.122,-0.333,-0.299,0.917,-0.336,6.145,0.588,0.025,-0.274,0.835,-0.466,0.122,0.42,btn_B
1780980750.1786273,-0.822,-0.179,0.563,-4.435,0.695,-5.527,-0.805,-0.349,0.502,-5.817,-64.878,-11.534,-0.178,0.04,0.65,-121.344,-7.977,-26.092,-0.337,-0.319,0.967,-8.13,-12.13,-5.458,0.037,-0.273,0.831,-8.13,-2.466,-1.626,btn_B
1780980750.29171,-0.829,-0.188,0.564,-1.489,-0.053,-1.901,-0.69,-0.38,0.544,1.206,-52.695,-0.412,0.006,-0.329,-0.231,50.947,11.489,12.344,-0.213,-0.328,1.055,9.573,38.519,1.031,-0.048,-0.229,0.801,6.977,-17.779,-1.359,btn_B
1780980750.3843138,-0.819,-0.189,0.562,-0.618,3.832,0.321,-0.669,-0.335,0.605,-7.015,0.313,-0.351,-0.25,-0.348,0.933,-0.931,-5.534,-0.237,-0.339,-0.335,0.941,0.519,6.702,-0.977,0.043,-0.283,0.838,-0.718,4.802,0.397,btn_B
1780980750.4927642,-0.826,-0.193,0.561,-1.305,1.481,-1.55,-0.673,-0.326,0.611,-6.756,-0.168,0.168,-0.252,-0.346,0.93,-1.412,-0.237,-0.237,-0.337,-0.337,0.939,1.595,8.214,-0.58,0.039,-0.273,0.829,-0.626,2.382,-0.389,btn_B
1780980750.5903034,-0.824,-0.194,0.564,-0.809,2.023,-0.496,-0.671,-0.331,0.605,-7.13,0.252,0.031,-0.248,-0.346,0.928,-0.802,-0.511,0.748,-0.343,-0.338,0.934,2.076,6.832,-0.786,0.038,-0.275,0.833,-0.649,2.595,0.29,btn_B
1780980750.6933467,-0.821,-0.19,0.558,-0.901,2.122,-1.191,-0.667,-0.331,0.614,-6.359,0.237,-0.656,-0.249,-0.346,0.926,-0.901,-0.191,0.565,-0.341,-0.336,0.935,1.748,6.748,-0.573,0.036,-0.274,0.837,-0.244,2.672,0.092,btn_B
1780980750.796458,-0.823,-0.19,0.562,-1.366,2.084,-0.611,-0.671,-0.33,0.612,-6.366,0.015,-0.779,-0.252,-0.344,0.927,-0.496,-0.076,0.221,-0.34,-0.334,0.935,1.779,7.038,-0.26,0.046,-0.278,0.833,-0.191,2.557,0.046,btn_B
1780980753.477819,-0.824,-0.194,0.559,-0.954,1.061,-1.466,-0.667,-0.332,0.611,-6.038,0.641,-0.725,-0.249,-0.354,0.922,-0.328,-0.168,0.298,-0.344,-0.338,0.939,1.71,6.687,-0.664,0.05,-0.273,0.833,-0.565,2.687,-0.16,btn_B
1780980753.5775168,-0.825,-0.197,0.561,-0.74,1.626,-0.115,-0.672,-0.337,0.605,-6.328,1.336,0.046,-0.248,-0.352,0.925,-0.305,0.366,0.198,-0.348,-0.333,0.935,1.351,6.962,-1.0,0.043,-0.277,0.826,-0.687,1.389,0.0,btn_B
1780980753.6953232,-0.826,-0.193,0.558,-1.313,1.076,-1.878,-0.669,-0.333,0.61,-6.298,0.573,-0.466,-0.246,-0.353,0.931,-0.267,-0.809,-0.008,-0.354,-0.338,0.93,1.855,5.832,-0.672,0.052,-0.276,0.838,-0.282,3.061,0.031,btn_B
1780980753.7951741,-0.823,-0.197,0.559,-0.687,1.771,0.107,-0.668,-0.334,0.608,-6.489,0.763,0.137,-0.243,-0.361,0.927,0.16,0.069,0.397,-0.348,-0.34,0.93,1.733,7.618,-0.282,0.053,-0.276,0.834,-0.496,2.198,0.008,btn_B
1780980753.8863983,-0.824,-0.196,0.557,-0.611,1.374,-1.489,-0.667,-0.332,0.606,-5.924,0.504,-0.328,-0.226,-0.365,0.963,1.931,3.969,1.099,-0.341,-0.338,0.924,2.725,5.084,-0.214,0.038,-0.271,0.828,-0.748,3.489,-0.405,btn_B
1780980753.9902592,-0.837,-0.191,0.551,0.313,-1.855,-0.557,-0.764,-0.32,0.489,-1.137,29.656,-4.893,-0.212,-0.244,1.104,80.527,4.802,18.954,-0.339,-0.33,0.954,3.626,3.656,0.466,0.065,-0.273,0.824,4.221,11.649,1.985,btn_B
1780980754.0922153,-0.803,-0.193,0.579,-0.366,2.405,0.359,-0.717,-0.312,0.51,2.115,33.573,7.695,-0.282,-0.028,0.919,47.947,6.298,5.618,-0.359,-0.318,0.929,5.931,10.221,0.641,0.046,-0.276,0.83,0.275,3.931,0.305,btn_B
1780980754.195543,-0.824,-0.19,0.552,-0.931,1.496,1.031,-0.728,-0.317,0.497,3.84,15.832,10.771,-0.259,0.038,0.892,25.718,2.71,1.198,-0.334,-0.305,0.946,5.756,9.855,1.198,0.046,-0.267,0.821,-0.695,1.847,0.26,btn_B
1780980754.2986267,-0.834,-0.187,0.549,-1.176,2.832,0.115,-0.756,-0.302,0.474,-1.099,13.634,2.763,-0.287,0.034,0.966,13.298,4.55,-7.656,-0.356,-0.297,0.951,5.763,5.298,2.023,0.039,-0.273,0.838,-0.542,2.008,-0.344,btn_B
1780980754.4019346,-0.819,-0.183,0.557,-1.321,-0.053,-0.511,-0.745,-0.308,0.508,-3.13,9.023,2.527,-0.293,0.03,1.045,12.26,1.878,-4.443,-0.333,-0.309,0.991,3.977,11.908,2.641,0.033,-0.273,0.826,1.603,3.229,0.45,btn_B
1780980754.5078616,-0.815,-0.187,0.565,-0.595,4.504,-0.336,-0.793,-0.29,0.467,-1.702,2.672,2.756,-0.317,0.05,0.967,6.244,0.275,0.176,-0.323,-0.284,0.96,1.061,3.481,1.45,0.035,-0.27,0.831,-0.756,0.191,-0.176,btn_B
1780980754.607556,-0.823,-0.187,0.558,-0.405,-0.595,-2.458,-0.738,-0.285,0.471,-10.58,-8.832,-9.427,-0.31,0.075,0.917,-14.779,-6.267,0.107,-0.355,-0.29,0.931,-5.802,5.13,-2.702,0.037,-0.267,0.823,-0.901,4.023,-0.947,btn_B
1780980754.7107189,-0.816,-0.202,0.569,-4.0,1.321,-2.168,-0.715,-0.356,0.554,-4.298,-130.87,-1.947,-0.278,-0.071,0.53,-172.16,-5.527,-35.122,-0.349,-0.328,0.955,-15.954,2.107,-6.122,0.057,-0.278,0.829,-4.847,-2.947,-2.878,btn_B
1780980754.8266737,-0.832,-0.174,0.635,-0.244,18.924,3.382,-0.71,-0.326,0.559,-7.779,17.519,0.221,-0.294,-0.33,0.941,-15.023,-14.832,-2.45,-0.309,-0.323,0.964,0.916,8.481,-1.443,0.041,-0.288,0.822,-3.267,15.847,-0.389,btn_B
1780980754.9166825,-0.821,-0.196,0.558,-1.183,2.504,-0.168,-0.676,-0.329,0.603,-7.267,1.344,0.084,-0.253,-0.348,0.926,0.031,-0.969,0.534,-0.34,-0.326,0.939,1.099,6.534,-0.496,0.042,-0.28,0.835,-1.87,1.863,-0.176,btn_B
1780980755.027431,-0.819,-0.19,0.563,-0.939,1.473,-0.656,-0.676,-0.33,0.6,-6.924,0.84,-1.122,-0.247,-0.337,0.935,-1.061,0.504,0.313,-0.344,-0.335,0.939,1.122,7.26,-1.374,0.05,-0.275,0.83,-0.977,0.679,1.137,btn_B
1780980755.1223547,-0.824,-0.192,0.562,-0.366,1.954,-0.679,-0.676,-0.332,0.604,-6.786,0.595,-0.756,-0.246,-0.343,0.933,-0.832,0.183,0.656,-0.342,-0.333,0.938,1.313,8.244,-0.511,0.042,-0.279,0.826,-0.695,2.298,0.023,btn_B
1780980755.2257264,-0.822,-0.195,0.56,-1.214,1.481,-0.763,-0.673,-0.328,0.607,-6.885,0.344,-0.244,-0.249,-0.343,0.938,-0.427,-0.87,0.191,-0.341,-0.332,0.937,1.374,6.855,-0.634,0.038,-0.282,0.829,-0.817,3.046,-0.611,btn_B
1780980755.3424408,-0.821,-0.192,0.558,-0.878,1.649,-1.099,-0.675,-0.333,0.603,-6.267,0.427,-0.496,-0.249,-0.346,0.932,-0.58,-0.42,-0.046,-0.341,-0.335,0.937,1.443,6.702,-0.038,0.039,-0.278,0.833,-0.115,2.565,-0.107,btn_B
1780980755.4419816,-0.824,-0.196,0.562,-1.031,2.084,-0.252,-0.674,-0.331,0.604,-6.664,0.939,-0.122,-0.247,-0.345,0.932,-0.771,0.42,-0.13,-0.345,-0.327,0.945,1.916,7.092,-0.55,0.05,-0.278,0.828,-0.962,0.863,0.58,btn_B
1780980758.1093104,-0.825,-0.194,0.558,-1.084,1.351,-1.069,-0.671,-0.332,0.608,-6.511,0.168,-0.962,-0.238,-0.351,0.924,-0.305,0.015,-0.153,-0.345,-0.339,0.941,1.366,7.183,-0.466,0.051,-0.283,0.84,-0.618,1.656,-0.084,btn_B
1780980758.2125177,-0.823,-0.196,0.557,-0.954,1.374,-0.611,-0.671,-0.33,0.6,-6.489,0.954,-0.45,-0.24,-0.35,0.931,-0.305,-0.374,0.092,-0.341,-0.334,0.939,1.42,7.275,-0.588,0.045,-0.277,0.833,-0.55,2.511,-0.153,btn_B
1780980758.3156192,-0.822,-0.194,0.561,-0.466,2.038,-0.519,-0.672,-0.326,0.606,-6.168,0.878,-0.695,-0.24,-0.35,0.932,-0.313,-0.397,0.176,-0.339,-0.338,0.936,1.618,7.122,-0.565,0.046,-0.276,0.826,-0.374,2.733,-0.115,btn_B
1780980758.425836,-0.826,-0.197,0.559,-1.092,1.802,-1.038,-0.67,-0.326,0.607,-6.313,0.29,-0.809,-0.24,-0.349,0.929,-0.237,-0.038,0.168,-0.339,-0.336,0.941,1.863,7.038,-0.382,0.051,-0.276,0.826,-0.489,2.603,-0.031,btn_B
1780980758.5281558,-0.825,-0.199,0.566,-1.145,1.481,-0.863,-0.672,-0.331,0.609,-6.313,0.931,-0.168,-0.243,-0.348,0.929,-0.237,0.275,0.58,-0.336,-0.335,0.945,1.634,6.962,-1.26,0.056,-0.279,0.837,-0.618,1.74,-0.053,btn_B
1780980758.6284273,-0.822,-0.198,0.561,-0.427,1.198,-0.626,-0.671,-0.335,0.61,-6.084,0.695,0.122,-0.25,-0.352,0.934,0.962,-1.069,0.099,-0.34,-0.339,0.946,2.29,5.305,-0.908,0.052,-0.28,0.83,0.053,2.763,0.405,btn_B
1780980758.743307,-0.824,-0.193,0.558,-0.802,1.115,0.832,-0.7,-0.307,0.655,-4.511,2.374,-1.412,-0.215,-0.532,1.523,133.366,2.718,58.542,-0.305,-0.323,0.947,6.557,6.298,-1.435,0.053,-0.284,0.84,-0.588,-0.954,-0.252,btn_B
1780980758.8465436,-0.819,-0.193,0.57,0.099,3.87,1.878,-0.672,-0.393,0.698,-29.267,73.359,10.084,-0.362,-0.131,0.903,96.863,13.626,20.931,-0.329,-0.321,0.935,16.473,4.733,-0.099,0.067,-0.269,0.834,2.565,2.374,0.603,btn_B
1780980758.9444613,-0.822,-0.187,0.556,-0.008,2.382,0.427,-0.683,-0.282,0.472,-3.74,17.687,3.466,-0.276,-0.036,1.069,31.924,-0.328,4.855,-0.325,-0.302,0.965,4.641,10.069,1.634,0.046,-0.278,0.839,1.573,4.634,0.13,btn_B
1780980759.0400016,-0.818,-0.191,0.566,-0.771,3.786,-0.824,-0.727,-0.281,0.463,-3.511,3.679,0.84,-0.279,0.011,1.083,11.74,-2.679,3.756,-0.357,-0.341,0.951,5.328,2.0,2.573,0.036,-0.262,0.83,2.092,5.458,-1.489,btn_B
1780980759.1399827,-0.82,-0.188,0.565,-0.756,2.405,-0.656,-0.767,-0.308,0.52,-5.908,3.687,-1.328,-0.285,0.044,1.019,4.084,2.183,-1.885,-0.345,-0.307,0.949,3.42,6.733,1.198,0.042,-0.263,0.829,0.664,4.107,-0.328,btn_B
1780980759.2424164,-0.828,-0.188,0.56,-1.084,1.84,-0.672,-0.764,-0.286,0.475,-5.435,-1.29,-1.511,-0.275,0.056,0.98,-3.611,-0.687,-0.328,-0.337,-0.299,0.961,-0.847,8.427,-1.374,0.038,-0.272,0.836,-0.618,0.863,-1.237,btn_B
1780980759.356371,-0.82,-0.191,0.56,-2.099,5.0,-1.435,-0.663,-0.294,0.52,-17.519,-16.153,-21.71,-0.306,-0.034,1.169,-31.824,3.855,-4.824,-0.348,-0.315,0.941,-4.779,8.481,-1.893,0.043,-0.278,0.823,-2.702,2.687,0.466,btn_B
1780980759.4650767,-0.803,-0.192,0.51,-1.466,1.397,-4.191,-0.683,-0.243,0.447,-7.412,-68.206,-6.885,-0.333,-0.269,1.575,-71.672,-9.374,-15.565,-0.338,-0.34,0.94,-15.191,4.084,-3.405,0.059,-0.285,0.824,-3.595,2.076,-1.55,btn_B
1780980759.5579638,-0.822,-0.192,0.554,-0.656,0.893,-0.748,-0.711,-0.338,0.559,-0.863,-27.16,-1.191,-0.16,-0.105,0.694,-120.863,4.26,-16.794,-0.324,-0.323,0.937,-5.107,5.351,-2.405,0.042,-0.284,0.843,-3.168,0.008,-1.962,btn_B
1780980759.6546938,-0.811,-0.186,0.581,-8.74,8.626,-1.863,-0.663,-0.326,0.627,-3.298,-14.947,-2.115,-0.186,-0.366,0.969,7.771,11.71,0.656,-0.349,-0.323,0.946,3.282,22.336,-1.26,0.047,-0.274,0.816,1.107,-0.366,0.557,btn_B
1780980759.7579405,-0.819,-0.196,0.57,-1.237,2.473,-1.153,-0.673,-0.329,0.603,-6.603,0.832,-0.847,-0.255,-0.345,0.934,-0.832,0.282,0.328,-0.336,-0.33,0.945,2.832,8.061,-0.496,0.045,-0.274,0.837,-0.099,1.305,0.206,btn_B
1780980759.8746014,-0.822,-0.19,0.571,-1.115,1.0,-0.779,-0.672,-0.331,0.606,-6.947,0.664,-0.328,-0.252,-0.346,0.925,-0.962,-0.031,0.229,-0.337,-0.329,0.941,1.893,7.649,-0.786,0.044,-0.28,0.838,-0.45,1.466,0.359,btn_B
1780980759.9635575,-0.822,-0.197,0.558,-0.817,1.84,-0.275,-0.673,-0.335,0.604,-6.855,0.786,-0.603,-0.247,-0.345,0.929,-1.267,0.427,-0.481,-0.341,-0.33,0.935,1.611,6.405,-0.634,0.05,-0.283,0.827,-0.435,2.023,-0.053,btn_B
1780980760.0765495,-0.821,-0.197,0.56,-1.321,1.145,-1.252,-0.673,-0.331,0.601,-6.832,1.031,-0.221,-0.244,-0.344,0.929,-0.771,0.183,0.015,-0.34,-0.33,0.937,2.122,6.534,-0.542,0.049,-0.281,0.824,-0.641,1.725,0.427,btn_B
1780980762.7501366,-0.82,-0.197,0.564,-0.87,1.389,-0.153,-0.671,-0.33,0.607,-6.084,0.573,-0.244,-0.247,-0.355,0.928,-0.359,-0.527,-0.076,-0.343,-0.327,0.946,1.664,7.45,-0.679,0.049,-0.28,0.838,-0.565,2.695,-0.229,btn_B
1780980762.8477426,-0.825,-0.192,0.555,-0.817,1.725,-0.924,-0.67,-0.335,0.613,-6.084,0.786,-0.481,-0.248,-0.354,0.93,-0.145,-0.237,0.458,-0.339,-0.329,0.936,1.656,7.42,-0.282,0.044,-0.286,0.829,-0.565,2.786,-0.145,btn_B
1780980762.9502528,-0.824,-0.197,0.561,-1.412,1.863,-0.87,-0.675,-0.336,0.605,-6.229,0.802,-0.58,-0.253,-0.355,0.924,-0.611,0.427,0.557,-0.343,-0.333,0.931,1.817,6.603,-0.489,0.044,-0.273,0.833,-0.305,2.542,0.015,btn_B
1780980763.0537782,-0.824,-0.199,0.56,-0.786,1.267,-0.931,-0.669,-0.336,0.61,-6.466,0.107,-1.069,-0.252,-0.356,0.93,-0.313,0.115,0.641,-0.344,-0.333,0.933,1.695,6.832,-0.489,0.051,-0.277,0.826,-0.29,2.58,0.076,btn_B
1780980763.1568942,-0.821,-0.194,0.562,-0.924,1.076,-0.023,-0.674,-0.333,0.609,-6.015,0.725,0.389,-0.242,-0.358,0.943,1.947,2.29,0.656,-0.339,-0.33,0.948,3.0,5.901,-0.076,0.044,-0.277,0.832,-1.038,0.977,0.229,btn_B
1780980763.2600553,-0.838,-0.192,0.55,-1.137,5.817,-0.107,-0.682,-0.335,0.577,-9.122,17.878,0.153,-0.32,-0.31,1.053,119.595,-0.282,30.122,-0.341,-0.352,0.95,10.374,12.71,-1.771,0.062,-0.287,0.838,1.573,3.336,0.382,btn_B
1780980763.3748844,-0.843,-0.184,0.527,1.702,-6.153,-1.649,-0.605,-0.385,0.736,-19.435,50.214,9.053,-0.212,0.001,0.886,62.573,-5.153,9.221,-0.32,-0.307,0.926,0.145,7.519,1.458,0.043,-0.269,0.828,-0.183,4.0,1.534,btn_B
1780980763.475521,-0.809,-0.18,0.572,-0.412,0.473,0.153,-0.677,-0.299,0.506,-0.328,10.962,1.244,-0.307,0.016,0.996,23.656,-0.824,0.328,-0.359,-0.292,0.953,6.458,6.122,2.031,0.039,-0.27,0.836,0.0,6.725,1.031,btn_B
1780980763.5865119,-0.815,-0.19,0.566,-0.809,2.038,-0.023,-0.757,-0.304,0.481,-1.794,5.527,1.466,-0.289,0.035,1.045,11.779,1.031,0.023,-0.348,-0.284,0.984,5.458,6.473,3.092,0.047,-0.262,0.822,0.313,4.397,0.733,btn_B
1780980763.6717246,-0.823,-0.181,0.556,0.359,0.412,-1.069,-0.747,-0.3,0.504,-3.824,0.473,0.351,-0.287,0.078,0.951,-0.153,0.137,-0.863,-0.354,-0.3,0.94,-0.137,8.969,-1.336,0.036,-0.271,0.85,-0.985,3.511,-0.092,btn_B
1780980763.7757885,-0.816,-0.186,0.575,-1.885,2.756,-1.412,-0.711,-0.294,0.484,-11.435,-11.672,-13.29,-0.157,0.132,0.816,-28.748,-2.924,-8.84,-0.369,-0.296,0.953,-4.481,6.458,-1.496,0.045,-0.271,0.845,-1.74,1.534,0.473,btn_B
1780980763.8814666,-0.833,-0.178,0.554,-2.069,2.595,-2.389,-0.754,-0.324,0.761,-6.336,-24.13,-5.176,-0.214,0.048,0.804,-54.832,-9.336,-11.237,-0.351,-0.301,0.94,-3.863,3.496,-3.863,0.032,-0.277,0.834,-3.008,-5.137,-4.489,btn_B
1780980763.989375,-0.803,-0.201,0.589,-3.412,-3.481,-2.641,-0.666,-0.323,0.577,-1.16,-32.992,2.504,-0.314,-0.365,1.027,-188.534,6.137,-40.802,-0.357,-0.349,0.929,4.0,20.42,1.824,0.046,-0.273,0.828,-0.031,5.168,-0.122,btn_B
1780980764.0892036,-0.808,-0.203,0.571,2.092,0.573,-1.168,-0.665,-0.331,0.629,-5.908,-4.649,-0.565,-0.233,-0.346,0.955,-0.748,-1.718,0.198,-0.358,-0.34,0.93,2.824,9.099,-0.733,0.057,-0.282,0.822,0.145,-2.275,0.061,btn_B
1780980764.1920462,-0.822,-0.193,0.564,-1.351,2.168,-0.611,-0.67,-0.333,0.608,-6.748,0.16,0.206,-0.243,-0.34,0.935,-2.115,-0.496,-0.023,-0.347,-0.324,0.942,2.198,5.603,-0.076,0.051,-0.285,0.837,-0.069,2.015,0.954,btn_B
1780980764.2897184,-0.82,-0.196,0.56,-0.924,1.053,-0.832,-0.669,-0.337,0.609,-6.618,0.901,0.198,-0.242,-0.343,0.933,-0.588,-0.115,0.092,-0.355,-0.322,0.938,1.542,7.519,-0.794,0.056,-0.287,0.83,-0.618,2.328,0.641,btn_B
1780980764.3929484,-0.819,-0.195,0.554,-0.58,1.313,-0.45,-0.673,-0.332,0.614,-6.191,0.863,-0.076,-0.24,-0.343,0.936,-0.374,-0.443,-0.008,-0.36,-0.322,0.941,1.565,7.099,-0.71,0.047,-0.287,0.842,-0.611,2.344,-0.359,btn_B
1780980764.5093675,-0.823,-0.197,0.565,-0.603,1.267,-0.87,-0.668,-0.33,0.612,-6.511,-0.053,-0.878,-0.247,-0.343,0.927,-1.122,0.145,-0.069,-0.35,-0.318,0.929,1.611,6.863,-0.702,0.044,-0.285,0.836,-0.809,1.824,-0.031,btn_B
1780980764.6071675,-0.819,-0.198,0.562,-0.672,1.87,-0.687,-0.671,-0.335,0.612,-6.45,0.954,-0.847,-0.241,-0.347,0.927,-0.634,0.229,0.198,-0.352,-0.327,0.937,1.931,6.916,-0.015,0.053,-0.286,0.834,-0.939,2.153,0.435,btn_B
1780980764.7068949,-0.821,-0.199,0.559,-0.725,1.58,-0.847,-0.671,-0.336,0.612,-6.153,0.137,-0.702,-0.241,-0.342,0.927,-0.481,-0.176,0.206,-0.354,-0.325,0.939,1.679,6.374,-0.458,0.048,-0.273,0.824,-0.58,2.573,0.435,btn_B
1780980767.380288,-0.822,-0.192,0.563,-1.16,1.618,-1.015,-0.669,-0.332,0.608,-6.519,0.427,-0.351,-0.25,-0.349,0.931,0.107,-1.038,0.519,-0.35,-0.324,0.938,1.748,6.405,-0.84,0.051,-0.28,0.832,-0.794,1.725,-0.115,btn_B
1780980767.4924495,-0.821,-0.198,0.557,-1.023,1.618,-1.145,-0.671,-0.331,0.61,-6.573,0.687,-0.237,-0.245,-0.348,0.928,-0.168,0.046,0.481,-0.353,-0.325,0.941,1.992,5.832,-1.038,0.052,-0.277,0.833,-0.427,2.282,0.481,btn_B
1780980767.5937805,-0.821,-0.194,0.556,-0.87,1.076,-0.489,-0.667,-0.333,0.615,-5.908,0.527,-0.115,-0.245,-0.351,0.927,-0.198,-0.267,-0.282,-0.352,-0.317,0.933,1.939,6.702,-0.748,0.055,-0.275,0.83,-0.649,2.557,-0.634,btn_B
1780980767.689413,-0.823,-0.195,0.563,-1.206,1.046,-1.511,-0.669,-0.334,0.603,-6.305,0.534,-0.26,-0.239,-0.347,0.931,0.267,0.069,0.16,-0.349,-0.323,0.936,1.573,7.481,-0.336,0.049,-0.275,0.833,-0.397,2.267,-0.137,btn_B
1780980767.7921023,-0.821,-0.199,0.565,-0.901,1.611,-0.046,-0.671,-0.329,0.617,-6.26,0.725,-0.366,-0.247,-0.351,0.93,0.519,0.916,0.489,-0.351,-0.323,0.927,1.565,6.237,-0.641,0.05,-0.279,0.825,-0.695,0.74,0.412,btn_B
1780980767.9060915,-0.815,-0.192,0.569,-1.351,6.649,0.046,-0.665,-0.315,0.655,-13.74,31.504,-2.275,-0.35,-0.254,0.625,144.748,-10.107,40.687,-0.336,-0.323,0.948,9.656,15.122,-0.962,0.044,-0.26,0.809,0.137,2.626,-0.176,btn_B
1780980768.0052838,-0.802,-0.204,0.576,1.756,0.244,-0.061,-0.67,-0.348,0.607,-13.084,39.29,2.198,-0.194,-0.011,0.84,61.534,-11.389,8.885,-0.335,-0.308,0.927,3.908,3.565,2.679,0.058,-0.283,0.829,-2.427,1.702,1.55,btn_B
1780980768.1093683,-0.83,-0.201,0.566,1.55,0.84,1.519,-0.679,-0.317,0.476,-0.534,19.847,2.061,-0.246,0.068,0.878,25.237,3.702,-0.221,-0.33,-0.28,0.946,1.618,9.802,0.969,0.046,-0.273,0.834,-0.481,6.084,1.198,btn_B
1780980768.2038472,-0.815,-0.19,0.566,0.466,-2.527,-1.511,-0.74,-0.338,0.518,-5.221,5.191,0.252,-0.228,0.054,1.014,14.321,7.244,-1.031,-0.321,-0.295,0.964,0.908,14.679,0.656,0.036,-0.275,0.824,-0.359,1.443,0.321,btn_B
1780980768.3071458,-0.821,-0.19,0.571,0.16,0.84,-1.435,-0.761,-0.325,0.476,-6.473,2.458,-1.595,-0.282,0.056,0.985,0.954,0.763,-1.328,-0.354,-0.296,0.95,-1.809,7.191,-0.038,0.031,-0.277,0.832,-0.42,2.244,-0.084,btn_B
1780980768.4102056,-0.815,-0.188,0.572,-0.916,2.405,-0.527,-0.763,-0.329,0.481,-6.87,-1.672,-2.137,-0.27,0.054,1.016,-0.885,0.901,-0.504,-0.344,-0.309,0.963,-1.153,8.336,-4.137,0.041,-0.274,0.833,-0.221,1.29,-0.053,btn_B
1780980768.5237086,-0.819,-0.193,0.566,-0.229,6.947,-0.168,-0.879,-0.397,0.494,-10.176,-2.504,2.053,-0.202,0.087,0.903,-18.748,-0.023,-7.237,-0.39,-0.307,0.936,1.023,5.153,-0.947,0.037,-0.27,0.835,-1.634,3.573,-0.16,btn_B
1780980768.6254315,-0.82,-0.191,0.566,-2.58,3.473,-2.405,-0.753,-0.333,0.482,-4.855,-44.084,-5.275,-0.225,0.07,0.724,-84.969,-4.595,-14.878,-0.314,-0.317,0.962,-3.443,3.595,-4.885,0.053,-0.271,0.807,-4.015,-4.084,-4.153,btn_B
1780980768.7242997,-0.824,-0.197,0.561,-0.275,-1.893,-2.168,-0.66,-0.317,0.7,0.611,-26.237,0.435,-0.445,-0.555,1.379,-183.359,-17.015,-41.557,-0.359,-0.302,0.91,-3.351,2.595,-1.031,0.055,-0.271,0.826,-1.71,2.595,-1.924,btn_B
1780980768.8222797,-0.813,-0.195,0.561,-2.45,-3.13,-1.115,-0.67,-0.331,0.605,-6.389,-2.718,-1.145,-0.237,-0.342,0.942,-0.618,1.084,-0.031,-0.348,-0.329,0.948,2.137,7.863,-0.214,0.061,-0.284,0.83,-0.824,2.466,0.374,btn_B
1780980768.943128,-0.816,-0.198,0.568,-0.916,1.916,-0.832,-0.669,-0.328,0.611,-6.977,0.313,-0.939,-0.248,-0.344,0.935,-1.321,0.557,0.397,-0.352,-0.327,0.929,1.534,7.214,-0.221,0.063,-0.278,0.827,-0.069,2.298,0.496,btn_B
1780980769.0417392,-0.824,-0.196,0.563,-0.733,0.557,-1.298,-0.668,-0.33,0.605,-6.206,0.382,-0.504,-0.242,-0.347,0.932,-1.099,-0.16,0.122,-0.358,-0.327,0.937,1.863,6.718,-0.786,0.065,-0.287,0.836,-1.191,2.55,0.061,btn_B
1780980769.14027,-0.815,-0.2,0.567,-0.847,2.901,0.313,-0.673,-0.333,0.603,-6.282,-0.069,-0.069,-0.244,-0.344,0.93,-1.206,0.069,0.061,-0.353,-0.324,0.928,2.153,5.0,-0.969,0.054,-0.281,0.827,-1.374,1.031,-0.29,btn_B
1780980769.240259,-0.821,-0.2,0.567,-1.298,1.916,-0.885,-0.679,-0.33,0.6,-5.855,0.0,-0.244,-0.233,-0.343,0.931,-0.58,-0.336,0.122,-0.347,-0.324,0.938,6.489,6.656,-0.626,0.056,-0.288,0.827,-0.725,3.076,1.145,btn_B
1780980769.3382187,-0.819,-0.202,0.563,-2.046,0.122,-2.084,-0.667,-0.339,0.607,-5.756,-1.092,-0.084,-0.245,-0.345,0.931,-0.031,-0.55,-0.718,-0.346,-0.33,0.934,2.107,4.947,-1.115,0.057,-0.291,0.831,-1.718,1.267,-0.702,btn_B
1780980772.0150948,-0.82,-0.198,0.565,-1.008,1.672,-1.137,-0.666,-0.332,0.612,-6.435,0.374,-0.344,-0.245,-0.355,0.925,-0.412,0.0,0.405,-0.346,-0.334,0.936,1.718,6.313,-0.656,0.064,-0.294,0.825,-0.588,1.878,-0.282,btn_B
1780980772.118223,-0.819,-0.198,0.574,-0.84,0.916,-0.198,-0.664,-0.335,0.605,-5.969,0.55,-0.382,-0.244,-0.356,0.928,-0.313,-0.206,-0.656,-0.341,-0.335,0.932,1.924,7.176,-0.603,0.065,-0.295,0.82,-0.718,2.137,-0.237,btn_B
1780980772.2213678,-0.815,-0.202,0.573,-1.496,1.695,-1.588,-0.667,-0.331,0.615,-6.42,0.45,-1.221,-0.244,-0.358,0.924,-0.282,0.168,-0.122,-0.343,-0.338,0.926,1.214,7.153,-0.702,0.065,-0.299,0.824,-1.092,2.115,-0.191,btn_B
1780980772.3256755,-0.815,-0.199,0.571,-0.74,2.107,0.031,-0.665,-0.334,0.61,-6.229,0.267,-0.519,-0.241,-0.353,0.927,-0.321,-0.13,0.031,-0.344,-0.337,0.944,1.756,6.366,-0.969,0.063,-0.297,0.826,-0.84,1.374,0.466,btn_B
1780980772.4277134,-0.816,-0.199,0.573,-0.443,1.366,-1.16,-0.661,-0.332,0.611,-6.031,0.504,0.107,-0.249,-0.359,0.931,0.618,0.382,0.809,-0.347,-0.336,0.934,3.359,5.519,-0.855,0.062,-0.296,0.828,-0.427,4.58,1.656,btn_B
1780980772.5393724,-0.803,-0.2,0.582,-1.519,0.046,-1.863,-0.652,-0.329,0.653,-9.198,16.664,-0.427,-0.304,-0.297,0.826,96.947,-23.252,16.374,-0.334,-0.341,0.95,8.718,10.389,0.74,0.085,-0.297,0.841,3.916,9.412,2.763,btn_B
1780980772.6394541,-0.824,-0.203,0.557,0.672,1.878,0.924,-0.734,-0.327,0.501,-12.061,55.397,2.649,-0.229,-0.067,0.871,54.519,-10.847,11.55,-0.364,-0.297,0.933,8.542,-2.626,3.153,0.055,-0.297,0.845,-0.824,6.626,2.626,btn_B
1780980772.7365623,-0.832,-0.194,0.56,0.481,1.344,1.176,-0.744,-0.333,0.547,-6.947,28.489,4.191,-0.236,0.02,0.922,29.878,6.809,-0.382,-0.337,-0.279,0.932,5.641,14.763,2.397,0.06,-0.29,0.826,-0.977,4.344,1.58,btn_B
1780980772.8398213,-0.823,-0.195,0.56,-0.328,2.626,-0.595,-0.745,-0.331,0.513,-6.389,8.58,0.969,-0.299,0.028,0.971,11.947,2.206,0.786,-0.344,-0.281,0.941,-0.908,6.351,0.298,0.034,-0.278,0.824,-0.794,3.466,0.229,btn_B
1780980772.942238,-0.819,-0.191,0.562,0.145,-0.031,-0.542,-0.759,-0.325,0.479,-11.511,4.145,-1.908,-0.312,0.022,1.013,1.985,0.908,0.626,-0.362,-0.294,0.949,0.16,6.45,-1.557,0.04,-0.287,0.823,-0.656,1.649,-0.267,btn_B
1780980773.056821,-0.812,-0.19,0.564,-2.069,0.763,-2.29,-0.772,-0.344,0.495,-4.45,-34.832,-7.817,-0.292,0.039,0.798,-69.359,-5.237,-6.481,-0.353,-0.293,0.96,-4.84,-4.0,-4.244,0.038,-0.29,0.835,-4.45,-0.382,-1.115,btn_B
1780980773.1568367,-0.827,-0.194,0.565,-0.71,-6.359,-3.046,-0.696,-0.336,0.567,4.099,-43.809,0.832,-0.062,-0.376,0.492,-250.137,0.985,-53.229,-0.389,-0.383,0.895,-1.885,7.634,1.863,0.064,-0.282,0.805,-1.191,-2.664,-5.443,btn_B
1780980773.2515125,-0.819,-0.195,0.574,-0.321,4.496,-1.046,-0.647,-0.334,0.635,-8.107,6.489,-0.328,-0.266,-0.337,0.937,-2.595,-1.374,-0.321,-0.332,-0.325,0.952,3.053,14.595,-0.87,0.05,-0.299,0.84,1.588,-1.031,0.107,btn_B
1780980773.3545656,-0.815,-0.197,0.561,-0.809,1.198,-0.198,-0.669,-0.333,0.602,-6.794,-0.191,-0.542,-0.243,-0.347,0.926,-1.527,0.382,-0.466,-0.339,-0.324,0.935,1.298,7.267,-0.756,0.057,-0.299,0.827,-0.153,1.092,0.107,btn_B
1780980773.4579728,-0.82,-0.198,0.568,-0.763,1.008,-0.969,-0.668,-0.335,0.609,-6.42,0.466,-0.687,-0.243,-0.353,0.937,-2.092,-0.298,-0.466,-0.356,-0.332,0.934,2.389,7.145,-0.969,0.057,-0.288,0.823,-0.366,2.519,0.603,btn_B
1780980773.575525,-0.809,-0.198,0.573,-0.748,1.573,-1.061,-0.684,-0.336,0.603,-7.237,0.122,-1.046,-0.242,-0.348,0.916,-2.305,0.626,-0.099,-0.351,-0.318,0.937,1.626,6.588,-0.321,0.06,-0.301,0.821,0.542,1.855,-0.962,btn_B
1780980773.6734748,-0.818,-0.198,0.568,-0.603,1.908,-0.443,-0.672,-0.337,0.601,-6.573,0.252,-0.481,-0.249,-0.354,0.928,-1.16,1.115,0.115,-0.344,-0.324,0.943,0.947,6.481,-0.695,0.057,-0.293,0.82,-0.42,2.519,-0.351,btn_B
1780980773.774736,-0.816,-0.201,0.571,-1.069,1.779,-1.008,-0.671,-0.335,0.605,-6.221,0.504,-0.008,-0.248,-0.351,0.925,-0.137,0.076,-0.084,-0.35,-0.328,0.932,1.687,7.099,-0.603,0.052,-0.294,0.827,-0.252,2.351,0.733,btn_B
1780980773.8696544,-0.818,-0.201,0.574,-1.084,1.0,-1.038,-0.67,-0.334,0.607,-6.214,0.229,-1.023,-0.247,-0.354,0.923,-0.275,-0.656,-0.099,-0.346,-0.33,0.944,1.702,6.824,0.206,0.059,-0.298,0.821,-0.382,2.847,0.725,btn_B
1780980773.9722996,-0.823,-0.196,0.57,-1.008,1.282,-0.794,-0.669,-0.337,0.603,-5.992,0.618,-0.611,-0.252,-0.356,0.924,-0.496,0.16,-0.26,-0.347,-0.328,0.939,1.863,6.176,-1.107,0.047,-0.295,0.834,-0.695,1.794,-0.26,btn_B
1780980776.6508358,-0.817,-0.198,0.559,-0.198,1.069,0.115,-0.667,-0.342,0.605,-6.344,0.55,-0.458,-0.25,-0.368,0.92,-0.435,0.382,-0.618,-0.348,-0.333,0.929,1.664,7.275,-0.466,0.07,-0.298,0.823,-0.489,2.382,-0.031,btn_B
1780980776.7538579,-0.819,-0.201,0.563,-0.992,1.382,-0.908,-0.671,-0.337,0.611,-6.702,0.389,-0.641,-0.253,-0.365,0.926,-0.267,-0.74,0.015,-0.346,-0.334,0.938,1.679,6.702,-0.702,0.064,-0.298,0.817,-0.878,1.924,-0.305,btn_B
1780980776.8565128,-0.819,-0.196,0.566,-0.626,1.695,-0.489,-0.669,-0.339,0.606,-6.458,0.992,0.038,-0.253,-0.365,0.927,-0.16,-0.206,0.206,-0.346,-0.335,0.925,1.817,7.076,-0.779,0.059,-0.293,0.825,-0.931,2.046,-0.191,btn_B
1780980776.9597392,-0.819,-0.198,0.564,-0.389,1.29,-0.641,-0.675,-0.335,0.61,-6.16,1.084,-0.046,-0.249,-0.366,0.922,-0.557,-0.031,0.275,-0.342,-0.339,0.934,1.763,6.389,-0.672,0.064,-0.3,0.823,-0.687,2.611,-0.008,btn_B
1780980777.07317,-0.82,-0.201,0.571,-1.115,1.74,-1.214,-0.673,-0.338,0.6,-6.443,0.443,-0.244,-0.248,-0.366,0.918,-0.771,0.107,0.359,-0.349,-0.337,0.933,1.282,6.931,-0.542,0.067,-0.301,0.82,-0.824,2.412,-0.214,btn_B
1780980777.1735487,-0.823,-0.198,0.566,-1.336,1.046,-1.107,-0.667,-0.341,0.601,-6.351,0.55,-0.847,-0.251,-0.366,0.919,-0.405,-0.382,0.122,-0.346,-0.333,0.933,1.321,6.84,-0.679,0.059,-0.302,0.825,-0.702,2.687,-0.336,btn_B
1780980777.2687175,-0.818,-0.196,0.565,-0.74,1.237,-0.366,-0.671,-0.337,0.602,-6.206,0.832,-1.015,-0.247,-0.367,0.925,-0.237,-0.008,0.115,-0.35,-0.335,0.929,1.664,7.313,-0.71,0.058,-0.295,0.816,-0.71,2.16,-0.107,btn_B
1780980777.371818,-0.817,-0.203,0.568,-1.008,0.756,-0.053,-0.67,-0.339,0.603,-5.275,0.733,0.527,-0.265,-0.398,1.006,4.45,4.252,1.176,-0.338,-0.335,0.943,6.305,2.969,0.969,0.051,-0.294,0.818,-1.702,3.221,3.099,btn_B
1780980777.4743428,-0.811,-0.202,0.571,-0.489,0.435,-0.183,-0.683,-0.339,0.594,-8.115,16.229,1.473,-0.224,-0.398,1.49,125.053,0.687,9.153,-0.465,-0.362,0.951,13.84,16.588,2.901,0.034,-0.318,0.836,4.832,16.901,4.183,btn_B
1780980777.5888696,-0.813,-0.201,0.571,0.771,-0.557,0.305,-0.724,-0.364,0.606,2.344,33.893,16.359,-0.246,-0.016,0.958,51.168,9.924,6.489,0.213,-0.459,0.229,-28.55,49.237,-39.275,0.111,-0.289,0.787,6.13,10.115,1.534,btn_B
1780980777.6910233,-0.82,-0.198,0.571,-0.16,3.489,0.076,-0.813,-0.357,0.537,-0.557,8.137,-0.153,-0.3,0.0,1.013,15.305,3.023,-2.198,-0.36,-0.312,0.952,2.595,11.588,-1.122,0.048,-0.293,0.829,-1.779,1.214,0.595,btn_B
1780980777.788684,-0.828,-0.19,0.562,-1.16,1.664,-0.809,-0.797,-0.321,0.479,-4.489,3.695,2.809,-0.277,0.047,0.933,2.992,0.481,-1.611,-0.333,-0.303,0.94,0.198,7.244,-0.863,0.043,-0.291,0.828,-0.649,1.351,-0.435,btn_B
1780980777.887677,-0.814,-0.187,0.566,-3.046,2.053,-2.458,-0.752,-0.303,0.491,-10.427,-1.023,-2.344,-0.28,0.05,0.944,-3.916,-2.076,0.542,-0.359,-0.302,0.955,-1.031,5.267,-1.58,0.044,-0.292,0.82,-1.176,2.0,0.305,btn_B
1780980777.9898224,-0.813,-0.192,0.566,-0.885,3.359,-0.733,-0.654,-0.274,0.417,-28.634,-27.595,-31.763,-0.211,0.073,0.693,-88.565,-0.435,-14.481,-0.375,-0.285,0.983,-9.115,-2.351,-3.427,0.078,-0.274,0.826,-6.137,-1.618,-3.725,btn_B
1780980778.109869,-0.809,-0.199,0.559,-2.519,-11.061,-4.664,-0.639,-0.352,0.646,6.878,-47.328,0.931,-0.52,-0.726,1.479,-237.046,-15.237,-54.191,-0.304,-0.306,1.044,4.412,16.718,1.244,0.119,-0.313,0.803,1.153,-0.656,0.122,btn_B
1780980778.213233,-0.812,-0.203,0.574,0.527,3.405,0.496,-0.671,-0.338,0.616,-7.336,0.855,-0.069,-0.263,-0.344,0.93,0.687,1.267,0.282,-0.348,-0.332,0.937,0.679,4.939,0.015,0.064,-0.297,0.836,-2.29,3.412,-0.527,btn_B
1780980778.3062263,-0.82,-0.198,0.561,-0.656,3.611,-0.481,-0.671,-0.341,0.6,-7.183,1.794,-0.351,-0.249,-0.346,0.927,-2.053,0.924,0.275,-0.356,-0.328,0.936,1.382,6.847,-0.397,0.059,-0.305,0.825,-0.817,1.336,-0.252,btn_B
1780980778.401649,-0.821,-0.202,0.554,-1.443,1.237,-0.809,-0.672,-0.334,0.607,-6.405,0.58,-0.534,-0.245,-0.344,0.934,-0.534,0.405,0.466,-0.352,-0.334,0.935,1.725,8.137,0.053,0.055,-0.301,0.822,-0.321,3.046,-0.183,btn_B
1780980778.5043077,-0.822,-0.199,0.569,-0.962,1.344,-1.336,-0.674,-0.338,0.596,-6.893,1.069,-0.573,-0.245,-0.355,0.928,-2.191,0.45,-0.389,-0.351,-0.334,0.934,0.878,7.626,-0.878,0.058,-0.301,0.825,0.076,2.557,-0.588,btn_B
1780980781.286015,-0.823,-0.204,0.564,-0.802,1.321,-0.137,-0.675,-0.338,0.59,-6.679,0.511,-0.656,-0.25,-0.37,0.924,-0.237,-0.809,-0.336,-0.356,-0.34,0.926,1.832,7.229,-0.771,0.059,-0.304,0.826,-0.534,2.16,-0.092,btn_B
1780980781.388943,-0.822,-0.201,0.556,-1.176,1.313,-1.962,-0.675,-0.342,0.59,-6.672,0.504,-0.725,-0.253,-0.369,0.924,-0.641,-0.069,-0.038,-0.361,-0.341,0.927,1.45,6.649,-1.13,0.065,-0.299,0.82,-0.611,2.763,0.122,btn_B
1780980781.4921052,-0.822,-0.197,0.555,-0.634,1.687,-0.473,-0.676,-0.344,0.6,-6.305,0.695,-0.534,-0.253,-0.368,0.915,-0.443,0.344,0.153,-0.355,-0.342,0.928,1.733,6.832,-0.542,0.062,-0.31,0.825,-0.443,2.443,-0.45,btn_B
1780980781.605527,-0.819,-0.204,0.562,-0.473,2.031,-1.092,-0.68,-0.342,0.592,-6.053,1.13,-0.275,-0.249,-0.37,0.92,-0.252,0.061,0.061,-0.358,-0.339,0.928,1.832,7.046,-0.267,0.063,-0.302,0.819,-0.573,1.924,0.13,btn_B
1780980781.7074537,-0.822,-0.202,0.56,-1.198,1.832,-0.885,-0.676,-0.342,0.593,-6.275,0.809,0.092,-0.251,-0.37,0.914,-0.237,-0.496,-0.069,-0.363,-0.347,0.919,1.863,6.58,-0.672,0.059,-0.306,0.825,-0.366,2.443,0.092,btn_B
1780980781.800809,-0.825,-0.203,0.561,-0.947,0.672,-1.244,-0.673,-0.34,0.601,-6.374,0.168,-0.534,-0.254,-0.367,0.92,1.26,-0.947,-0.229,-0.359,-0.346,0.926,2.244,5.557,-0.305,0.072,-0.298,0.823,-0.527,2.779,-0.023,btn_B
1780980781.9036534,-0.821,-0.202,0.561,-1.802,-2.458,-2.115,-0.658,-0.348,0.605,-11.595,23.473,-0.031,-0.208,-0.332,0.744,190.26,-1.687,34.916,-0.427,-0.405,0.936,20.733,15.786,-2.298,0.055,-0.295,0.818,1.573,1.519,-0.748,btn_B
1780980782.006906,-0.79,-0.223,0.584,1.008,9.397,5.214,-0.727,-0.377,0.545,-8.924,51.29,2.481,-0.367,-0.019,0.801,60.565,9.443,5.122,-0.437,-0.361,0.888,18.328,4.405,9.275,0.012,-0.304,0.864,-5.275,6.305,1.603,btn_B
1780980782.1213603,-0.814,-0.196,0.573,-1.023,-3.87,-2.954,-0.739,-0.365,0.49,-7.069,-5.336,-13.679,-0.224,-0.078,1.349,9.87,-6.115,0.229,-0.335,-0.344,1.012,1.099,15.031,6.214,0.03,-0.301,0.822,0.305,6.244,2.008,btn_B
1780980782.2200465,-0.817,-0.194,0.565,0.26,4.023,0.336,-0.75,-0.345,0.482,-5.573,6.573,0.336,-0.306,-0.039,1.045,2.702,1.74,-2.87,-0.383,-0.328,0.918,1.038,7.55,-0.954,0.048,-0.302,0.81,-1.641,4.344,0.29,btn_B
1780980782.3212078,-0.825,-0.189,0.566,-1.542,1.069,-1.924,-0.75,-0.352,0.494,-5.954,-6.481,-2.397,-0.255,-0.001,1.032,-1.626,-1.023,-0.58,-0.358,-0.323,0.933,-0.015,10.443,-1.427,0.053,-0.303,0.824,-0.527,1.412,-0.489,btn_B
1780980782.4189928,-0.812,-0.189,0.561,-3.008,4.389,-2.664,-0.775,-0.359,0.472,-4.115,-40.084,-6.458,-0.25,0.049,0.68,-100.679,-2.718,-21.336,-0.359,-0.338,0.966,4.122,-16.588,-0.198,0.04,-0.31,0.817,-7.443,-2.046,-0.13,btn_B
1780980782.5216846,-0.824,-0.199,0.553,-0.55,0.489,-1.237,-0.687,-0.326,0.594,2.992,-48.603,-0.954,0.451,0.055,0.065,2.534,182.771,-34.71,-0.332,-0.355,0.873,-16.603,1.153,-2.817,0.068,-0.323,0.735,-6.374,12.405,-0.023,btn_B
1780980782.636891,-0.814,-0.205,0.567,-0.008,5.641,0.893,-0.681,-0.349,0.586,-6.42,0.802,-0.031,-0.258,-0.37,0.915,-1.656,-6.427,-0.137,-0.36,-0.342,0.916,0.985,3.611,-0.962,0.055,-0.318,0.84,-1.183,1.282,-1.511,btn_B
1780980782.7397592,-0.822,-0.201,0.56,-1.504,2.237,-2.168,-0.68,-0.342,0.587,-6.763,0.359,-0.779,-0.242,-0.373,0.918,-1.237,0.901,0.16,-0.365,-0.343,0.922,1.542,7.924,-0.153,0.063,-0.307,0.817,-0.382,3.038,-0.588,btn_B
1780980782.8393118,-0.823,-0.202,0.563,-1.076,2.206,-1.16,-0.681,-0.349,0.583,-6.328,-0.176,-0.802,-0.242,-0.379,0.924,-1.275,0.435,-0.13,-0.362,-0.342,0.93,1.702,7.244,-0.748,0.062,-0.309,0.823,-0.679,2.313,0.13,btn_B
1780980782.9394317,-0.819,-0.199,0.556,-0.885,2.298,-1.107,-0.68,-0.347,0.58,-6.733,0.527,-0.405,-0.244,-0.376,0.919,-0.344,-0.397,-0.191,-0.363,-0.343,0.928,1.45,6.405,-0.962,0.066,-0.312,0.82,-0.855,2.252,0.336,btn_B
1780980783.0373955,-0.818,-0.199,0.561,-1.13,1.366,-0.557,-0.675,-0.346,0.592,-6.489,0.313,-0.603,-0.244,-0.383,0.919,-0.542,0.321,-0.115,-0.356,-0.34,0.93,1.198,7.618,-0.366,0.059,-0.312,0.833,-0.588,2.55,-0.802,btn_B
1780980783.1398628,-0.825,-0.205,0.561,-0.916,1.137,-0.573,-0.678,-0.343,0.591,-6.351,0.985,-0.336,-0.245,-0.377,0.917,-0.672,-0.435,0.649,-0.357,-0.343,0.928,1.855,6.84,-0.695,0.062,-0.31,0.827,-0.244,2.725,0.046,btn_B
1780980785.9213839,-0.823,-0.2,0.561,-0.618,1.0,-0.229,-0.678,-0.344,0.589,-6.344,0.321,-0.489,-0.242,-0.383,0.917,-0.336,-0.603,0.122,-0.362,-0.342,0.931,1.374,6.802,-0.748,0.067,-0.308,0.829,-0.641,1.87,0.076,btn_B
1780980786.0238261,-0.822,-0.198,0.56,-1.198,1.863,-1.321,-0.676,-0.345,0.583,-6.336,0.237,-0.985,-0.241,-0.386,0.922,-0.84,0.466,0.107,-0.352,-0.344,0.932,1.221,7.244,-0.565,0.057,-0.312,0.824,-0.595,1.924,0.031,btn_B
1780980786.127189,-0.819,-0.208,0.563,-0.863,2.504,-0.58,-0.678,-0.35,0.591,-6.656,1.046,-0.634,-0.242,-0.38,0.92,-0.481,0.58,-0.351,-0.352,-0.343,0.925,1.664,6.634,-0.863,0.069,-0.311,0.823,-0.321,2.748,0.206,btn_B
1780980786.2381067,-0.826,-0.203,0.563,-0.405,1.588,-0.061,-0.678,-0.348,0.589,-5.947,0.466,-0.145,-0.241,-0.382,0.926,0.374,0.153,-0.244,-0.352,-0.343,0.927,1.802,6.916,-0.282,0.067,-0.309,0.815,-0.847,2.275,-0.405,btn_B
1780980786.333195,-0.82,-0.201,0.557,-0.702,1.565,-0.855,-0.673,-0.346,0.595,-6.282,0.634,0.198,-0.243,-0.38,0.92,0.229,-0.16,0.489,-0.354,-0.342,0.928,1.359,6.985,-0.656,0.058,-0.305,0.826,-0.725,2.282,-0.275,btn_B
1780980786.4363124,-0.82,-0.198,0.555,-0.954,1.29,-1.115,-0.677,-0.348,0.596,-6.389,0.588,-0.885,-0.239,-0.382,0.918,-0.718,0.504,0.328,-0.355,-0.345,0.928,1.664,7.092,-0.779,0.064,-0.307,0.823,-0.511,2.427,0.115,btn_B
1780980786.539598,-0.823,-0.199,0.563,-0.908,0.908,-1.55,-0.679,-0.347,0.598,-6.214,0.244,-0.427,-0.245,-0.386,0.915,1.313,-0.664,-0.191,-0.351,-0.345,0.938,2.023,5.87,0.107,0.071,-0.312,0.823,-1.618,2.244,0.863,btn_B
1780980786.6531692,-0.812,-0.209,0.569,-0.969,1.481,-0.855,-0.663,-0.348,0.596,-10.702,22.702,-0.527,-0.253,-0.123,0.435,130.13,-18.847,26.519,-0.371,-0.312,0.906,14.588,0.084,-0.565,0.044,-0.295,0.829,0.13,5.603,0.29,btn_B
1780980786.7530072,-0.813,-0.203,0.563,1.344,-0.038,1.321,-0.735,-0.348,0.527,-6.84,40.71,5.252,-0.253,-0.026,0.829,47.366,1.939,7.824,-0.367,-0.32,0.934,8.099,1.374,2.214,0.063,-0.309,0.828,-1.618,5.565,1.176,btn_B
1780980786.8534975,-0.822,-0.194,0.567,0.618,3.695,1.382,-0.742,-0.321,0.503,0.229,16.076,6.641,-0.246,0.027,0.925,23.275,1.534,3.321,-0.344,-0.303,0.971,8.679,6.458,2.298,0.054,-0.306,0.817,-0.992,2.298,1.412,btn_B
1780980786.9511414,-0.763,-0.144,0.465,-4.382,9.672,-1.557,-0.732,-0.266,0.407,0.565,3.527,3.267,-0.224,0.072,0.878,6.153,0.282,0.985,-0.332,-0.289,0.935,-0.939,12.13,-0.29,0.055,-0.313,0.825,-2.481,3.916,1.084,btn_B
1780980787.0543911,-0.822,-0.195,0.556,-1.29,1.466,-0.191,-0.742,-0.301,0.462,-7.901,-0.443,-3.305,-0.291,0.056,0.924,-5.748,-1.664,-0.16,-0.351,-0.303,0.924,-2.427,6.489,-1.779,0.051,-0.302,0.817,-1.023,2.565,-0.458,btn_B
1780980787.17347,-0.824,-0.186,0.557,-1.962,2.84,-1.832,-2.0,-1.069,1.183,11.244,-83.344,2.382,-0.192,0.064,0.763,-103.183,-16.656,-24.031,-0.332,-0.305,0.93,-1.42,-20.229,-0.298,0.028,-0.306,0.818,-6.359,4.389,-0.916,btn_B
1780980787.272504,-0.822,-0.194,0.569,-0.115,-7.84,-3.305,-0.647,-0.359,0.651,7.718,-55.611,2.015,-2.0,-2.0,2.0,65.137,-250.137,47.534,-0.567,-0.397,0.891,-11.924,0.16,-2.733,0.188,-0.403,0.93,4.557,36.962,4.168,btn_B
1780980787.373115,-0.827,-0.201,0.564,-0.084,4.58,-0.298,-0.673,-0.34,0.603,-7.55,2.252,0.252,-0.258,-0.342,0.926,-1.916,-3.176,-0.687,-0.362,-0.335,0.926,0.366,4.756,-0.985,0.066,-0.317,0.819,-2.603,1.573,0.588,btn_B
1780980787.4728723,-0.828,-0.201,0.552,-1.458,3.542,0.565,-0.672,-0.349,0.591,-7.099,2.55,1.221,-0.248,-0.356,0.93,-0.443,-0.092,0.725,-0.37,-0.333,0.926,2.023,5.595,-0.115,0.063,-0.318,0.826,-0.908,0.985,-1.015,btn_B
1780980787.570059,-0.824,-0.201,0.558,-0.344,1.931,-0.817,-0.673,-0.345,0.601,-6.557,-0.084,-0.588,-0.243,-0.361,0.935,-0.733,-0.023,0.412,-0.362,-0.335,0.928,1.832,6.244,0.008,0.051,-0.313,0.819,-0.458,2.298,-0.313,btn_B
1780980787.6730103,-0.824,-0.201,0.548,-0.901,1.527,-0.489,-0.671,-0.341,0.607,-6.206,-0.015,-0.427,-0.238,-0.356,0.928,-0.748,0.397,0.298,-0.359,-0.334,0.932,1.618,7.099,-0.374,0.056,-0.308,0.82,-0.458,1.992,-0.481,btn_B
1780980787.7751496,-0.821,-0.198,0.559,-1.458,1.16,-1.137,-0.673,-0.339,0.603,-6.71,1.649,-0.489,-0.24,-0.359,0.93,-0.977,-0.076,-0.397,-0.365,-0.331,0.927,1.107,6.672,-1.176,0.046,-0.313,0.82,-0.687,2.282,-0.443,btn_B
1780980790.556239,-0.818,-0.196,0.553,-0.626,1.046,-1.183,-0.672,-0.343,0.602,-6.176,1.328,-0.817,-0.239,-0.372,0.923,-0.252,-0.176,0.229,-0.36,-0.337,0.927,1.672,6.954,-0.893,0.052,-0.308,0.826,-0.725,1.718,-0.26,btn_B
1780980790.6706953,-0.823,-0.195,0.562,-1.107,1.252,-0.924,-0.677,-0.348,0.599,-6.122,0.985,-0.718,-0.242,-0.374,0.922,-0.397,0.519,-0.015,-0.371,-0.341,0.93,1.618,6.382,-0.466,0.06,-0.312,0.833,-0.206,2.534,0.351,btn_B
1780980790.7625387,-0.827,-0.202,0.555,-1.137,1.84,-0.687,-0.671,-0.349,0.601,-5.985,0.542,-0.466,-0.24,-0.377,0.918,0.26,0.443,0.855,-0.358,-0.339,0.929,1.954,7.0,0.382,0.052,-0.315,0.823,-0.176,2.779,-0.214,btn_B
1780980790.8716147,-0.819,-0.199,0.559,-0.206,1.527,0.565,-0.67,-0.34,0.602,-6.496,0.511,-0.221,-0.243,-0.366,0.923,0.252,-0.015,0.481,-0.362,-0.335,0.923,1.809,7.107,-0.282,0.055,-0.312,0.819,-1.168,1.382,-0.153,btn_B
1780980790.9682791,-0.829,-0.198,0.56,-0.481,1.359,-1.206,-0.668,-0.34,0.599,-6.427,0.725,-0.595,-0.238,-0.37,0.92,0.168,-0.023,0.168,-0.361,-0.334,0.927,2.13,6.847,-1.061,0.057,-0.303,0.812,-0.435,2.985,0.519,btn_B
1780980791.07142,-0.829,-0.195,0.554,-1.214,1.794,-0.702,-0.668,-0.343,0.601,-5.389,2.351,-0.374,-0.857,-0.56,1.743,57.641,0.847,53.626,-0.342,-0.344,0.958,2.962,-5.115,-5.863,0.059,-0.317,0.806,-4.458,-2.977,-1.412,btn_B
1780980791.1871312,-0.814,-0.205,0.562,-0.84,2.229,-3.481,-0.673,-0.352,0.595,-9.244,18.824,-1.221,-0.247,-0.158,0.897,75.221,1.229,13.0,-0.38,-0.384,0.895,17.763,-5.954,6.382,0.045,-0.306,0.823,0.954,5.87,1.656,btn_B
1780980791.2868617,-0.824,-0.202,0.563,1.061,-1.336,0.588,-0.705,-0.352,0.558,-4.664,9.481,0.824,-0.24,-0.099,1.057,28.481,-0.496,2.756,-0.36,-0.33,0.94,4.458,6.359,0.053,0.064,-0.315,0.811,0.336,2.023,0.305,btn_B
1780980791.386299,-0.823,-0.199,0.583,0.573,-2.779,-0.305,-0.714,-0.335,0.528,-6.794,20.076,2.153,-0.244,-0.024,0.935,25.588,5.809,-0.847,-0.348,-0.313,0.931,4.885,11.611,-0.565,0.054,-0.308,0.819,1.649,1.267,0.061,btn_B
1780980791.4836233,-0.828,-0.193,0.561,-0.389,3.267,-0.519,-0.737,-0.347,0.512,-6.763,6.183,0.847,-0.273,-0.03,1.045,11.992,2.099,-0.771,-0.363,-0.312,0.937,1.87,12.359,0.008,0.045,-0.307,0.813,1.038,3.092,0.214,btn_B
1780980791.586447,-0.82,-0.193,0.562,-0.962,5.198,-0.26,-0.747,-0.336,0.48,-7.382,-0.176,-1.603,-0.322,0.014,0.936,-2.985,-3.435,0.939,-0.357,-0.303,0.932,0.031,3.962,-0.473,0.043,-0.307,0.825,-0.649,3.702,-0.42,btn_B
1780980791.7055435,-0.808,-0.203,0.561,-1.611,2.679,-1.916,-0.758,-0.351,0.491,-1.779,-47.626,-9.397,-0.237,0.055,0.623,-87.725,-2.504,-11.176,-0.364,-0.312,0.956,-6.267,-4.389,-6.313,0.05,-0.312,0.824,-3.634,1.481,-2.229,btn_B
1780980791.8034177,-0.816,-0.204,0.554,-0.664,0.557,-1.053,-0.672,-0.311,0.552,2.305,-35.962,3.359,0.588,-0.279,-0.176,-70.275,157.176,-25.366,-0.219,-0.387,0.844,1.008,-5.015,-2.252,0.011,-0.287,0.67,-3.939,8.496,1.885,btn_B
1780980791.9050167,-0.815,-0.206,0.572,-0.214,6.893,1.229,-0.673,-0.34,0.588,-7.397,3.481,1.084,-0.248,-0.356,0.925,-2.687,-4.092,0.031,-0.358,-0.338,0.932,1.26,6.069,-0.29,0.062,-0.318,0.827,-1.137,4.069,0.702,btn_B
1780980792.0023012,-0.815,-0.202,0.559,-0.817,1.267,0.412,-0.679,-0.343,0.601,-6.603,-0.26,0.679,-0.253,-0.358,0.927,-0.756,-0.412,-0.214,-0.349,-0.336,0.924,1.527,6.687,-0.458,0.056,-0.316,0.815,-0.595,1.947,-0.099,btn_B
1780980792.1014493,-0.815,-0.196,0.573,-1.412,1.389,-1.344,-0.679,-0.335,0.588,-6.695,-1.656,-0.42,-0.249,-0.357,0.929,-1.504,0.084,-0.107,-0.361,-0.333,0.935,1.969,7.725,-0.137,0.05,-0.319,0.834,-0.229,1.969,0.069,btn_B
1780980792.2059531,-0.815,-0.203,0.568,-0.863,1.214,-0.748,-0.675,-0.335,0.608,-6.489,0.489,-1.13,-0.247,-0.358,0.93,-1.16,0.443,-0.221,-0.355,-0.331,0.932,2.107,6.916,-0.595,0.054,-0.31,0.82,-0.069,2.641,0.298,btn_B
1780980792.307225,-0.821,-0.197,0.566,-0.931,1.626,-1.405,-0.671,-0.337,0.6,-6.443,0.252,-1.435,-0.249,-0.353,0.923,-0.595,-0.053,0.405,-0.353,-0.335,0.933,1.603,6.855,-0.427,0.058,-0.308,0.815,-0.053,3.588,0.847,btn_B
1780980792.4221568,-0.817,-0.198,0.566,-1.328,1.565,-0.046,-0.679,-0.339,0.602,-6.496,0.557,-0.153,-0.248,-0.356,0.926,-0.519,-0.626,0.214,-0.35,-0.333,0.934,1.679,7.779,-0.679,0.065,-0.313,0.823,0.046,2.511,-0.397,btn_B
1780980795.1915023,-0.823,-0.2,0.559,-1.122,1.489,-0.832,-0.673,-0.337,0.601,-6.496,0.328,-0.244,-0.243,-0.364,0.922,-0.275,-0.206,0.038,-0.363,-0.334,0.936,1.656,6.595,-0.168,0.062,-0.31,0.826,-0.74,1.824,0.229,btn_B
1780980795.294628,-0.821,-0.197,0.562,-0.924,1.649,-0.832,-0.672,-0.338,0.604,-6.412,0.359,-0.718,-0.243,-0.368,0.925,-0.733,0.458,-0.107,-0.355,-0.335,0.931,1.313,7.351,-0.466,0.054,-0.312,0.823,-0.901,1.702,-0.328,btn_B
1780980795.4070702,-0.818,-0.196,0.559,-1.099,1.435,-0.244,-0.673,-0.339,0.598,-6.427,0.504,-0.756,-0.243,-0.37,0.92,-0.527,0.321,0.374,-0.355,-0.334,0.933,1.603,7.069,-0.718,0.055,-0.311,0.814,-0.626,1.595,-0.229,btn_B
1780980795.5038257,-0.817,-0.199,0.565,-1.237,1.611,-0.985,-0.678,-0.342,0.601,-6.305,0.328,-0.679,-0.247,-0.367,0.924,-0.603,-0.046,0.183,-0.357,-0.343,0.929,1.588,6.382,-0.519,0.053,-0.312,0.83,-0.565,2.412,-0.046,btn_B
1780980795.60318,-0.818,-0.201,0.565,-0.542,1.321,-1.023,-0.679,-0.337,0.597,-6.076,-0.092,-0.55,-0.243,-0.368,0.927,0.679,-0.336,0.107,-0.359,-0.338,0.932,1.901,5.954,-0.756,0.062,-0.311,0.815,-0.542,2.924,0.069,btn_B
1780980795.7065146,-0.836,-0.2,0.557,1.878,-3.481,-2.611,-0.685,-0.335,0.614,-9.924,18.214,-3.626,-0.122,-0.553,1.432,196.748,-3.046,35.359,-0.338,-0.324,0.948,10.939,9.519,0.725,0.039,-0.313,0.819,2.344,5.885,0.45,btn_B
1780980795.8188336,-0.814,-0.189,0.565,0.275,1.305,1.191,-0.755,-0.308,0.466,-12.076,52.595,1.916,-0.244,-0.049,0.852,58.015,8.87,1.863,-0.325,-0.297,0.952,5.16,8.344,2.412,0.046,-0.304,0.808,-1.595,3.939,1.122,btn_B
1780980795.9201596,-0.82,-0.195,0.572,-1.092,3.763,-1.046,-0.76,-0.36,0.581,0.382,22.702,2.122,-0.273,-0.031,1.011,31.244,10.534,-4.626,-0.351,-0.305,0.933,5.641,18.771,0.618,0.045,-0.315,0.816,1.84,4.359,0.893,btn_B
1780980796.0152323,-0.823,-0.198,0.56,-0.519,3.748,0.718,-0.771,-0.333,0.479,-2.71,11.244,4.748,-0.307,0.003,0.969,11.336,3.664,-1.061,-0.353,-0.298,0.948,3.611,7.649,0.328,0.048,-0.314,0.821,-0.061,2.55,0.496,btn_B
1780980796.1190379,-0.82,-0.19,0.561,-0.443,2.427,-0.45,-0.774,-0.337,0.506,-1.817,0.924,-0.626,-0.302,-0.007,1.029,6.618,3.046,-3.725,-0.376,-0.317,0.926,0.84,10.336,-1.176,0.052,-0.31,0.819,-0.237,2.122,-0.282,btn_B
1780980796.2214644,-0.814,-0.188,0.564,-0.344,0.496,-1.084,-0.757,-0.325,0.508,-8.534,2.313,-2.817,-0.316,0.013,0.988,0.481,-0.481,-0.847,-0.382,-0.307,0.928,0.206,6.397,-1.13,0.04,-0.306,0.814,-0.427,1.214,-0.779,btn_B
1780980796.3408358,-0.821,-0.19,0.566,-1.412,3.534,-1.137,-0.685,-0.298,0.439,-16.206,-4.328,-4.565,-0.356,0.029,0.837,-27.863,-2.046,-2.573,-0.37,-0.315,0.921,-2.412,8.29,-2.344,0.051,-0.302,0.823,-1.863,2.809,0.382,btn_B
1780980796.4405458,-0.843,-0.213,0.516,-4.29,-4.863,-4.374,-0.696,-0.346,0.566,9.008,-57.786,1.038,-0.33,-0.398,0.71,-250.137,-7.756,-46.374,-0.353,-0.361,0.905,-6.038,11.664,-1.58,0.063,-0.31,0.82,1.115,6.55,-0.267,btn_B
1780980796.5391815,-0.812,-0.199,0.588,-1.137,2.649,-1.397,-0.655,-0.331,0.618,-7.74,4.389,0.0,-0.263,-0.343,0.933,-1.473,-0.908,0.824,-0.367,-0.337,0.922,2.847,10.42,-0.221,0.047,-0.309,0.826,1.817,-4.061,-0.863,btn_B
1780980796.634616,-0.825,-0.198,0.561,-1.198,0.634,-0.618,-0.673,-0.332,0.609,-6.382,0.901,0.58,-0.247,-0.347,0.928,-1.145,-0.603,0.305,-0.365,-0.337,0.93,1.649,8.443,-0.42,0.043,-0.314,0.813,0.176,1.298,0.351,btn_B
1780980796.7373712,-0.818,-0.197,0.564,-1.336,2.153,-0.443,-0.671,-0.337,0.603,-6.733,1.023,-0.374,-0.247,-0.346,0.927,-0.832,-0.305,-0.015,-0.362,-0.335,0.925,1.275,6.87,-0.244,0.053,-0.31,0.823,-0.695,1.076,0.412,btn_B
1780980796.8413675,-0.817,-0.198,0.562,-1.74,2.13,-1.511,-0.674,-0.339,0.601,-6.824,0.908,-0.527,-0.25,-0.355,0.928,-1.374,0.092,-0.122,-0.369,-0.334,0.927,1.611,7.542,-0.313,0.06,-0.312,0.827,-0.29,1.74,-0.389,btn_B
1780980796.9426327,-0.82,-0.198,0.57,-1.084,2.641,-0.672,-0.672,-0.336,0.598,-7.45,1.275,-1.023,-0.251,-0.354,0.927,-2.374,-1.26,0.847,-0.366,-0.339,0.93,1.26,7.511,-0.58,0.052,-0.316,0.825,0.206,1.824,-0.679,btn_B
1780980797.0459573,-0.823,-0.201,0.571,-0.504,1.107,-1.252,-0.673,-0.336,0.6,-6.977,0.733,-0.74,-0.245,-0.361,0.922,-1.359,-1.466,0.618,-0.37,-0.335,0.92,1.511,7.267,-0.183,0.054,-0.309,0.817,-0.191,2.557,-0.13,btn_B
1780980799.8364432,-0.823,-0.197,0.564,-1.061,1.527,-0.992,-0.673,-0.346,0.595,-6.198,0.916,0.038,-0.241,-0.37,0.927,-0.366,-0.359,0.145,-0.369,-0.346,0.918,1.176,7.023,-0.786,0.066,-0.311,0.825,-0.649,2.29,0.053,btn_B
1780980799.9295332,-0.82,-0.198,0.558,-0.901,1.481,-0.527,-0.674,-0.344,0.602,-6.626,0.733,-0.321,-0.237,-0.365,0.92,-0.718,0.603,0.137,-0.367,-0.347,0.914,1.496,7.947,-0.58,0.068,-0.315,0.815,-0.405,2.496,-0.084,btn_B
1780980800.037823,-0.818,-0.201,0.557,-1.076,2.405,-0.618,-0.669,-0.342,0.601,-6.595,0.679,-0.74,-0.239,-0.369,0.933,-0.672,0.58,0.481,-0.368,-0.343,0.923,1.84,7.198,-0.053,0.067,-0.317,0.826,-0.405,2.45,0.069,btn_B
1780980800.138953,-0.818,-0.198,0.558,-0.992,1.458,-0.595,-0.671,-0.336,0.599,-6.481,0.153,-0.511,-0.237,-0.366,0.916,-0.214,-0.046,0.198,-0.364,-0.345,0.916,1.824,6.679,-0.534,0.062,-0.306,0.816,-0.359,2.611,-0.008,btn_B
1780980800.238776,-0.823,-0.195,0.563,-1.267,1.176,-0.939,-0.676,-0.344,0.598,-6.198,0.641,-0.328,-0.236,-0.364,0.921,0.511,0.153,0.031,-0.372,-0.345,0.919,1.687,6.527,-0.588,0.07,-0.31,0.818,-0.679,1.74,-0.26,btn_B
1780980800.3511906,-0.822,-0.2,0.572,-0.237,0.099,0.084,-0.678,-0.339,0.605,-4.336,-0.481,0.298,-0.258,-0.401,1.042,7.557,9.695,2.122,-0.366,-0.34,0.91,4.969,4.092,-0.42,0.083,-0.333,0.827,-0.687,2.626,-0.145,btn_B
1780980800.451242,-0.826,-0.194,0.572,-0.672,-3.489,-2.931,-0.691,-0.366,0.605,-6.412,14.939,0.359,-0.27,-0.193,1.035,87.504,1.992,9.771,-0.303,-0.345,0.908,14.084,5.328,1.389,0.047,-0.319,0.829,2.893,7.214,2.435,btn_B
1780980800.5477784,-0.818,-0.197,0.567,-0.603,3.779,0.664,-0.74,-0.359,0.579,-1.046,26.504,8.344,-0.294,-0.035,0.907,34.153,2.321,6.397,-0.354,-0.332,0.923,9.458,4.58,1.992,0.082,-0.308,0.812,1.473,3.191,1.809,btn_B
1780980800.6508043,-0.823,-0.199,0.562,-1.573,1.473,-0.595,-0.761,-0.327,0.481,-4.122,14.336,4.603,-0.286,-0.018,0.905,7.466,1.611,-0.573,-0.331,-0.301,0.93,5.885,4.275,1.511,0.04,-0.3,0.826,-0.198,1.405,0.489,btn_B
1780980800.7538054,-0.819,-0.197,0.571,-0.878,1.26,-0.649,-0.739,-0.343,0.518,-11.389,3.443,-1.008,-0.27,-0.044,1.046,-0.214,0.282,-0.29,-0.37,-0.315,0.945,1.542,8.458,0.023,0.045,-0.309,0.819,-1.13,3.344,0.168,btn_B
1780980800.8721552,-0.814,-0.19,0.565,-1.061,2.74,-0.672,-0.749,-0.343,0.51,-7.344,-5.733,-2.947,-0.282,-0.031,0.975,-5.046,-5.29,0.863,-0.363,-0.316,0.948,-1.321,7.466,-1.672,0.057,-0.306,0.822,-1.328,0.244,-0.328,btn_B
1780980800.9685867,-0.818,-0.19,0.564,-1.618,4.901,0.092,-0.754,-0.344,0.48,-6.183,-33.069,-4.137,-0.218,0.01,0.683,-66.031,-4.779,-12.916,-0.362,-0.314,0.937,-6.427,5.191,-2.55,0.058,-0.311,0.824,-4.588,0.435,0.992,btn_B
1780980801.0748167,-0.826,-0.201,0.552,0.183,-1.092,-1.435,-0.652,-0.349,0.663,1.573,-34.145,1.282,-0.532,-0.607,1.418,-168.183,-28.206,-19.947,-0.401,-0.313,0.994,2.481,-2.565,0.351,0.095,-0.334,0.854,1.374,0.878,-0.344,btn_B
1780980801.16594,-0.813,-0.204,0.562,-0.687,3.962,-0.878,-0.68,-0.341,0.593,-7.511,3.023,-0.069,-0.253,-0.35,0.926,-0.076,-0.206,1.145,-0.372,-0.328,0.929,0.26,7.863,-0.107,0.054,-0.313,0.814,-1.206,1.985,-0.87,btn_B
1780980801.2694473,-0.82,-0.195,0.558,-0.969,1.137,-0.466,-0.681,-0.337,0.594,-6.321,0.595,0.046,-0.246,-0.354,0.926,-1.321,-0.366,-0.435,-0.371,-0.334,0.927,-0.511,8.481,-1.275,0.055,-0.31,0.828,-0.168,2.122,-0.588,btn_B
1780980801.3718994,-0.826,-0.198,0.563,-0.817,1.405,-0.198,-0.679,-0.337,0.587,-6.969,1.466,0.107,-0.246,-0.353,0.922,-1.183,0.962,0.427,-0.365,-0.336,0.927,0.626,8.473,-0.496,0.049,-0.313,0.827,-0.374,2.55,0.511,btn_B
1780980801.4747896,-0.824,-0.195,0.563,-0.687,1.275,-0.092,-0.683,-0.339,0.593,-6.366,0.855,-0.794,-0.246,-0.356,0.932,-1.191,-0.053,-0.023,-0.372,-0.336,0.927,1.603,6.908,-0.458,0.061,-0.307,0.827,-0.809,2.756,0.351,btn_B
1780980801.577775,-0.828,-0.197,0.559,-1.275,1.771,-1.664,-0.68,-0.34,0.591,-6.542,0.87,-0.824,-0.246,-0.36,0.924,-1.45,0.053,0.023,-0.366,-0.337,0.924,1.0,6.71,-1.282,0.054,-0.307,0.822,-0.672,2.069,-0.847,btn_B
1780980801.6808639,-0.814,-0.194,0.553,-1.221,2.496,-1.168,-0.68,-0.345,0.595,-7.038,1.321,-0.763,-0.244,-0.365,0.922,-1.427,0.939,0.58,-0.369,-0.34,0.917,1.336,8.763,-0.42,0.063,-0.31,0.816,-0.435,3.534,-0.153,btn_B
1780980804.4620118,-0.826,-0.192,0.56,-0.443,1.557,-0.672,-0.677,-0.336,0.59,-6.412,0.74,-0.603,-0.254,-0.377,0.923,-0.046,-0.214,0.122,-0.372,-0.34,0.922,1.824,6.649,-0.527,0.055,-0.309,0.817,-0.603,2.664,-0.137,btn_B
1780980804.5699918,-0.829,-0.197,0.556,-0.603,1.802,-0.969,-0.679,-0.343,0.582,-6.168,0.924,-0.282,-0.249,-0.371,0.919,-0.435,-0.023,0.298,-0.369,-0.341,0.924,1.725,6.427,-0.832,0.047,-0.304,0.822,-0.626,1.847,-0.069,btn_B
1780980804.6701546,-0.818,-0.198,0.555,-1.137,1.336,-1.069,-0.679,-0.342,0.594,-6.42,0.466,-0.855,-0.253,-0.373,0.921,-0.16,0.237,0.031,-0.373,-0.337,0.926,1.557,6.824,-0.611,0.055,-0.309,0.822,-0.786,2.206,-0.344,btn_B
1780980804.7716477,-0.825,-0.197,0.55,-0.557,-0.328,-0.656,-0.68,-0.335,0.597,-4.42,-1.908,0.237,-0.255,-0.361,0.918,2.29,-0.664,0.344,-0.365,-0.338,0.922,2.656,7.053,-0.466,0.049,-0.304,0.823,-0.015,2.344,-0.557,btn_B
1780980804.8737872,-0.843,-0.191,0.553,1.229,-10.794,-3.473,-0.68,-0.334,0.58,-6.649,10.313,-2.244,-0.068,-0.502,1.398,206.656,-17.534,27.336,-0.346,-0.343,0.98,5.069,16.053,-1.244,0.049,-0.306,0.816,4.153,2.29,-1.473,btn_B
1780980804.9880373,-0.819,-0.187,0.555,4.16,2.931,0.344,-0.79,-0.315,0.468,-16.618,68.847,3.702,-0.255,-0.01,0.735,69.412,2.519,8.176,-0.377,-0.319,0.926,8.198,3.313,-1.115,0.064,-0.305,0.819,-4.13,2.71,-0.374,btn_B
1780980805.0892737,-0.329,-0.489,-0.128,-47.405,32.924,-20.122,-0.706,-0.403,0.845,18.29,23.534,5.275,-0.425,0.07,0.746,25.901,22.122,-11.962,-0.388,-0.276,0.824,26.779,19.809,-0.84,0.041,-0.311,0.858,11.679,-0.29,1.198,btn_B
1780980805.1836748,-0.822,-0.187,0.562,-1.611,1.733,-1.031,-0.75,-0.313,0.497,-6.893,1.954,-1.794,-0.293,-0.012,1.048,2.824,-1.45,-0.336,-0.362,-0.327,0.938,2.214,4.473,1.084,0.05,-0.31,0.823,-0.053,1.656,0.588,btn_B
1780980805.2867286,-0.818,-0.192,0.566,-1.198,3.924,-0.229,-0.796,-0.34,0.531,-6.527,3.473,0.328,-0.304,0.011,0.952,1.908,-0.977,0.092,-0.348,-0.309,0.915,2.687,4.023,-0.71,0.061,-0.302,0.82,-1.656,3.336,-0.252,btn_B
1780980805.3906891,-0.826,-0.189,0.562,-0.832,-0.13,-4.618,-2.0,-1.429,1.237,16.595,-98.71,-10.893,-0.213,0.032,0.807,-95.611,-15.092,-8.511,-0.278,-0.325,1.034,-13.397,-1.893,-4.931,0.034,-0.316,0.827,-6.053,-6.13,-5.221,btn_B
1780980805.506647,-0.798,-0.207,0.583,-0.26,-8.626,-2.878,-0.57,-0.253,0.582,5.481,-33.511,0.137,0.04,-0.646,-0.398,15.725,114.802,-13.26,0.021,-0.369,0.966,11.221,16.901,0.794,-0.009,-0.27,0.645,-5.198,-6.351,-1.359,btn_B
1780980805.6029449,-0.827,-0.197,0.562,0.489,6.649,0.344,-0.674,-0.328,0.594,-7.084,3.916,-0.664,-0.251,-0.346,0.927,-1.947,-2.817,-0.206,-0.336,-0.344,0.941,0.771,6.107,-0.779,0.078,-0.317,0.816,-1.458,4.527,1.099,btn_B
1780980805.698198,-0.81,-0.196,0.574,-0.985,2.42,-1.137,-0.675,-0.329,0.611,-6.924,0.16,-0.733,-0.262,-0.35,0.927,-0.71,0.481,0.122,-0.351,-0.339,0.937,1.412,6.885,-0.092,0.068,-0.317,0.826,-0.656,1.588,0.313,btn_B
1780980805.8016713,-0.816,-0.2,0.568,-0.641,1.504,-0.542,-0.67,-0.331,0.605,-6.786,0.878,-0.237,-0.26,-0.348,0.932,-1.817,0.267,-0.26,-0.346,-0.338,0.937,1.389,8.489,0.267,0.067,-0.31,0.824,-0.611,1.939,0.168,btn_B
1780980805.904445,-0.815,-0.198,0.568,-0.618,2.069,-0.992,-0.676,-0.332,0.607,-6.504,1.137,0.053,-0.254,-0.348,0.929,-1.015,0.366,-0.115,-0.352,-0.339,0.933,1.458,7.458,-0.595,0.071,-0.31,0.817,-0.573,2.008,0.366,btn_B
1780980806.0165412,-0.815,-0.196,0.579,-1.466,1.809,-0.695,-0.667,-0.331,0.607,-6.458,1.275,-0.092,-0.26,-0.353,0.919,-0.87,0.641,0.496,-0.352,-0.339,0.928,1.435,7.924,-0.962,0.062,-0.312,0.822,-0.893,2.412,-0.069,btn_B
1780980806.1102808,-0.817,-0.198,0.565,-0.878,1.603,-1.183,-0.675,-0.326,0.602,-6.916,1.069,-0.878,-0.257,-0.35,0.928,-1.092,0.412,0.29,-0.349,-0.338,0.931,1.763,7.115,-0.763,0.068,-0.31,0.819,-0.466,2.55,0.275,btn_B
1780980806.2134197,-0.814,-0.203,0.571,-0.771,1.336,0.038,-0.673,-0.327,0.602,-6.603,0.229,-1.031,-0.258,-0.353,0.926,-0.786,0.099,0.153,-0.345,-0.338,0.937,1.473,6.817,-0.595,0.077,-0.307,0.827,-0.45,1.847,0.031,btn_B
1780980806.3218877,-0.822,-0.203,0.569,-1.031,1.878,-0.863,-0.675,-0.332,0.609,-6.771,0.389,-0.664,-0.258,-0.354,0.926,-0.87,-0.252,-0.26,-0.346,-0.334,0.937,1.42,6.672,-0.763,0.066,-0.306,0.82,-0.511,2.313,0.023,btn_B
1780980809.1023407,-0.817,-0.201,0.569,-1.16,0.969,-1.031,-0.674,-0.331,0.606,-6.481,0.718,-0.267,-0.252,-0.362,0.92,0.031,-0.45,0.359,-0.347,-0.338,0.932,1.702,8.031,-0.336,0.061,-0.308,0.812,-0.55,2.206,0.206,btn_B
1780980809.2000074,-0.817,-0.201,0.571,-0.832,1.252,-0.565,-0.675,-0.335,0.603,-6.26,0.489,-0.458,-0.254,-0.364,0.922,-0.26,-0.015,0.252,-0.348,-0.34,0.928,2.26,6.313,-0.74,0.078,-0.31,0.823,-0.458,2.718,-0.168,btn_B
1780980809.303172,-0.815,-0.198,0.573,-0.87,1.389,-1.137,-0.676,-0.334,0.597,-6.542,0.481,-0.328,-0.254,-0.366,0.922,-0.397,-0.466,-0.351,-0.347,-0.341,0.936,2.115,6.252,-0.061,0.062,-0.309,0.821,0.076,2.962,-0.053,btn_B
1780980809.4173796,-0.814,-0.202,0.571,-1.336,1.443,-1.069,-0.675,-0.336,0.602,-6.145,0.359,-0.206,-0.254,-0.364,0.923,0.397,-0.374,-0.328,-0.344,-0.342,0.93,2.0,6.542,0.023,0.076,-0.311,0.83,-0.382,2.466,0.13,btn_B
1780980809.5176084,-0.814,-0.202,0.574,-0.87,0.687,-0.359,-0.674,-0.336,0.609,-6.084,0.931,0.328,-0.287,-0.366,0.95,0.0,8.084,0.389,-0.352,-0.341,0.931,3.359,5.351,-0.084,0.073,-0.308,0.823,-0.679,2.26,0.046,btn_B
1780980809.6174707,-0.794,-0.2,0.57,-0.389,-4.534,-1.618,-0.707,-0.347,0.606,-8.511,7.649,-2.275,-0.28,-0.222,1.064,93.023,4.458,5.534,-0.358,-0.339,0.944,11.031,0.244,2.221,0.061,-0.31,0.84,2.313,11.344,1.374,btn_B
1780980809.7152333,-0.82,-0.198,0.565,-0.176,1.87,-0.115,-0.72,-0.319,0.51,-5.221,39.687,1.634,-0.258,-0.003,0.895,36.046,6.168,0.504,-0.352,-0.304,0.952,4.809,10.008,2.046,0.059,-0.302,0.823,-0.641,3.313,0.573,btn_B
1780980809.8183386,-0.819,-0.2,0.567,-1.008,2.145,-0.26,-0.782,-0.337,0.473,-6.13,12.435,2.252,-0.291,0.03,0.918,12.985,-3.58,0.267,-0.354,-0.3,0.952,6.802,9.71,1.847,0.071,-0.309,0.825,-0.931,3.0,2.008,btn_B
1780980809.9335518,-0.824,-0.201,0.568,-0.733,0.153,0.107,-0.798,-0.355,0.551,-0.374,6.908,5.55,-0.26,0.038,0.974,14.359,3.817,-3.397,-0.531,-0.219,1.227,-15.084,4.336,9.817,0.1,-0.293,0.779,-5.29,-3.061,0.672,btn_B
1780980810.0370564,-0.82,-0.197,0.56,0.573,-1.763,-1.603,-0.708,-0.287,0.459,-4.977,1.221,-0.924,-0.257,0.049,0.958,-0.366,-1.824,-2.206,-0.327,-0.278,0.975,0.466,7.038,1.527,0.046,-0.3,0.834,-0.87,3.252,-0.122,btn_B
1780980810.1342905,-0.819,-0.194,0.58,-1.069,1.382,-0.687,-0.691,-0.275,0.439,-10.0,-12.969,-13.71,-0.15,0.124,0.744,-25.87,-4.42,-10.565,-0.345,-0.273,0.937,-5.756,3.573,-1.008,0.06,-0.297,0.826,-1.84,0.992,0.191,btn_B
1780980810.2402048,-0.815,-0.192,0.574,-2.374,6.511,0.397,-0.67,-0.344,0.627,4.786,-77.863,6.954,-0.3,-0.268,0.376,-250.137,-12.641,-53.931,-0.28,-0.309,0.999,-5.855,8.542,-0.397,0.06,-0.313,0.835,0.061,7.885,0.29,btn_B
1780980810.3336842,-0.819,-0.184,0.573,-4.26,-0.176,-1.107,-0.663,-0.323,0.63,-10.481,2.198,-1.824,-0.219,-0.339,0.955,-4.695,-4.817,1.878,-0.35,-0.306,0.948,-0.107,15.153,0.466,0.042,-0.312,0.826,0.618,-0.046,1.336,btn_B
1780980810.436206,-0.82,-0.194,0.571,-0.916,2.527,-0.191,-0.675,-0.32,0.62,-7.122,0.328,-0.42,-0.219,-0.333,0.93,-1.992,-0.855,-0.595,-0.343,-0.311,0.943,2.176,7.137,-0.656,0.057,-0.316,0.829,-0.328,2.084,-0.115,btn_B
1780980810.5408087,-0.814,-0.193,0.575,-1.046,2.618,-0.595,-0.667,-0.321,0.61,-6.779,0.893,-0.725,-0.226,-0.336,0.938,-0.046,0.817,0.16,-0.344,-0.309,0.949,1.374,7.939,-0.435,0.047,-0.317,0.827,-0.679,2.229,0.489,btn_B
1780980810.642288,-0.821,-0.195,0.57,-0.87,2.336,-0.412,-0.673,-0.323,0.612,-6.58,0.466,-0.71,-0.228,-0.339,0.945,-1.115,-0.382,0.588,-0.346,-0.307,0.95,1.847,7.481,-0.092,0.047,-0.31,0.818,-0.382,2.069,0.084,btn_B
1780980810.750603,-0.817,-0.195,0.569,-0.496,1.634,-0.87,-0.675,-0.319,0.611,-6.366,0.023,-0.71,-0.227,-0.338,0.93,-0.366,0.046,0.527,-0.342,-0.315,0.946,1.542,6.847,-0.511,0.053,-0.314,0.824,-0.328,1.779,0.16,btn_B
1780980810.8499227,-0.814,-0.194,0.571,-1.115,1.26,-1.031,-0.67,-0.325,0.612,-6.397,-0.359,-0.527,-0.226,-0.339,0.943,-0.252,0.916,-0.473,-0.338,-0.308,0.943,1.336,7.198,0.092,0.055,-0.317,0.825,-0.626,1.969,-0.015,btn_B
1780980810.9584405,-0.818,-0.195,0.57,-0.565,1.305,-2.076,-0.67,-0.328,0.611,-6.725,-0.153,-0.672,-0.225,-0.341,0.943,-0.504,0.176,-0.389,-0.349,-0.307,0.952,1.435,7.511,-0.893,0.056,-0.312,0.816,-0.893,3.099,-0.718,btn_B
1780980813.7321217,-0.823,-0.192,0.571,-0.672,1.267,-0.42,-0.67,-0.324,0.614,-5.969,0.595,-1.015,-0.224,-0.342,0.939,-0.443,-0.137,0.45,-0.349,-0.313,0.943,1.84,7.412,-0.389,0.051,-0.309,0.822,-0.359,2.374,-0.153,btn_B
1780980813.8351746,-0.822,-0.194,0.568,-1.099,1.397,-1.122,-0.669,-0.325,0.615,-6.45,0.832,-0.359,-0.227,-0.344,0.94,-0.527,-0.122,0.252,-0.356,-0.312,0.941,1.45,7.389,-0.748,0.053,-0.313,0.816,-0.611,2.298,0.153,btn_B
1780980813.9383595,-0.82,-0.191,0.574,-1.092,2.351,-0.908,-0.684,-0.332,0.594,-7.359,1.58,-0.817,-0.231,-0.345,0.937,0.336,0.863,-0.153,-0.351,-0.319,0.942,1.672,7.107,-0.878,0.052,-0.311,0.819,-0.557,2.137,-0.313,btn_B
1780980814.0493941,-0.823,-0.193,0.567,-0.519,1.58,-0.687,-0.672,-0.325,0.61,-5.954,0.076,-0.374,-0.227,-0.344,0.937,0.282,-0.122,-0.145,-0.349,-0.315,0.945,1.939,6.26,0.008,0.055,-0.315,0.82,-0.42,2.679,-0.076,btn_B
1780980814.149719,-0.82,-0.187,0.571,-0.275,1.344,-0.618,-0.669,-0.329,0.62,-5.328,2.557,0.557,-0.881,-0.639,1.915,76.344,5.458,52.137,-0.322,-0.309,0.938,2.321,-3.145,-3.305,0.049,-0.34,0.82,-4.985,0.298,-0.481,btn_B
1780980814.2475398,-0.82,-0.199,0.575,0.466,-1.237,-0.534,-0.672,-0.327,0.609,-10.061,24.947,2.023,-0.244,-0.169,1.107,95.214,-0.534,16.443,-0.357,-0.312,0.94,13.168,5.58,2.046,0.054,-0.296,0.824,0.099,8.252,0.863,btn_B
1780980814.3512356,-0.819,-0.194,0.575,-0.099,2.374,0.366,-0.736,-0.322,0.494,1.16,25.092,6.237,-0.238,0.008,0.859,30.214,7.962,1.099,-0.328,-0.284,0.958,4.305,15.443,0.359,0.054,-0.303,0.821,-0.084,1.779,-0.252,btn_B
1780980814.454254,-0.828,-0.194,0.569,-1.084,1.573,-0.168,-0.79,-0.319,0.498,-0.45,4.893,3.58,-0.281,0.021,0.957,11.603,1.412,-1.397,-0.375,-0.278,0.939,4.008,6.336,-0.389,0.042,-0.304,0.811,0.878,1.267,-0.282,btn_B
1780980814.56588,-0.822,-0.191,0.574,-0.87,0.809,-1.779,-0.755,-0.301,0.495,-1.664,-0.954,3.221,-0.281,0.031,0.945,2.824,-1.695,0.45,-0.357,-0.273,0.962,-1.931,7.779,-2.649,0.059,-0.318,0.822,-1.191,-0.084,-0.351,btn_B
1780980814.6690764,-0.812,-0.186,0.573,-1.023,1.634,-0.252,-0.723,-0.284,0.493,-9.427,-8.076,-6.443,-0.252,0.035,0.943,-12.985,-3.214,0.977,-0.345,-0.279,0.955,-3.947,8.496,-1.725,0.045,-0.312,0.834,0.328,5.107,-0.061,btn_B
1780980814.76211,-0.813,-0.187,0.577,-2.557,6.374,-1.771,-2.0,-1.212,0.892,13.908,-113.046,-13.267,-0.172,0.013,0.783,-128.427,-14.878,-28.145,-0.29,-0.287,0.979,-18.718,5.092,-4.916,0.026,-0.313,0.815,-4.099,-5.656,-1.626,btn_B
1780980814.8653696,-0.813,-0.207,0.616,3.328,0.611,-1.924,-0.889,-0.293,0.251,-10.206,17.13,2.275,-0.058,-0.309,1.109,-52.458,-52.489,-5.076,-0.247,-0.27,1.054,9.664,17.198,0.649,0.038,-0.305,0.775,2.344,4.107,0.718,btn_B
1780980814.9810486,-0.818,-0.192,0.569,-1.244,-1.405,-1.458,-0.672,-0.326,0.613,-5.58,-1.405,-0.26,-0.229,-0.334,0.936,-2.794,-0.954,-0.511,-0.361,-0.32,0.937,1.763,9.351,-0.305,0.051,-0.312,0.822,1.13,-0.046,-0.412,btn_B
1780980815.0840414,-0.819,-0.194,0.567,-0.924,1.298,-0.893,-0.666,-0.322,0.612,-6.779,0.573,0.168,-0.226,-0.338,0.936,-0.908,0.435,-0.351,-0.345,-0.308,0.957,1.664,6.855,-0.443,0.059,-0.321,0.825,-0.282,2.481,-0.542,btn_B
1780980815.18348,-0.815,-0.19,0.574,-1.313,2.053,-0.046,-0.67,-0.32,0.618,-6.947,1.092,-0.107,-0.226,-0.344,0.937,-1.359,-0.038,0.847,-0.335,-0.321,0.945,2.069,8.374,0.45,0.061,-0.314,0.821,1.481,3.511,-0.214,btn_B
1780980815.277043,-0.824,-0.196,0.572,-1.26,0.42,-2.282,-0.672,-0.34,0.609,-6.176,-0.107,-1.061,-0.234,-0.346,0.937,-0.435,-0.405,0.053,-0.334,-0.313,0.929,2.901,4.794,0.015,0.057,-0.311,0.81,0.985,2.863,-1.176,btn_B
1780980815.3802967,-0.813,-0.188,0.571,-0.832,2.588,-0.901,-0.674,-0.33,0.608,-6.176,0.542,-1.099,-0.229,-0.344,0.943,-0.672,0.153,1.0,-0.345,-0.312,0.937,1.824,8.038,-0.046,0.049,-0.313,0.818,0.473,3.282,-0.542,btn_B
1780980815.483443,-0.818,-0.192,0.57,-0.542,1.069,-1.382,-0.672,-0.33,0.603,-6.008,0.359,-0.534,-0.233,-0.342,0.933,-0.557,0.13,-0.374,-0.345,-0.313,0.941,1.244,7.176,0.061,0.056,-0.307,0.82,-0.359,3.817,-0.664,btn_B
1780980815.586478,-0.818,-0.192,0.574,-1.137,1.603,-0.603,-0.669,-0.326,0.611,-6.481,1.038,-0.473,-0.236,-0.338,0.936,-0.588,1.557,-0.351,-0.356,-0.316,0.943,0.038,7.786,-1.588,0.054,-0.323,0.83,-1.153,0.328,0.176,btn_B
1780980818.3676298,-0.817,-0.198,0.569,-1.015,1.832,-0.321,-0.673,-0.33,0.611,-6.168,0.565,-0.321,-0.235,-0.348,0.943,-0.229,0.351,0.229,-0.349,-0.314,0.943,1.061,7.183,-0.702,0.055,-0.309,0.823,-0.443,1.931,0.214,btn_B
1780980818.4708781,-0.816,-0.196,0.566,-0.534,-0.13,-0.282,-0.67,-0.328,0.615,-6.267,0.305,-0.252,-0.227,-0.349,0.937,0.191,-0.618,0.176,-0.348,-0.315,0.945,2.061,6.985,-0.42,0.058,-0.316,0.817,-0.908,1.099,0.145,btn_B
1780980818.5737584,-0.817,-0.191,0.571,-0.985,1.168,-0.237,-0.67,-0.331,0.609,-6.366,0.695,-0.733,-0.231,-0.349,0.935,-0.733,1.237,-0.229,-0.352,-0.314,0.932,1.191,8.115,-0.794,0.056,-0.309,0.818,-1.145,1.672,0.534,btn_B
1780980818.6764202,-0.825,-0.194,0.562,-1.16,0.664,-2.695,-0.671,-0.328,0.6,-6.168,0.031,-0.962,-0.231,-0.358,0.935,-0.557,-1.038,0.282,-0.359,-0.319,0.934,1.748,5.557,-0.511,0.052,-0.311,0.827,0.084,3.718,-0.305,btn_B
1780980818.7794762,-0.817,-0.196,0.573,-0.672,0.45,-0.084,-0.669,-0.327,0.611,-6.176,0.893,-0.405,-0.231,-0.354,0.938,-0.481,-0.603,0.008,-0.349,-0.314,0.946,1.397,6.244,-0.748,0.063,-0.311,0.826,-0.71,0.298,0.069,btn_B
1780980818.8830512,-0.817,-0.196,0.57,-0.695,0.992,-1.221,-0.667,-0.336,0.614,-5.679,0.885,0.824,-0.232,-0.357,0.95,5.191,5.679,1.924,-0.365,-0.322,0.942,4.771,5.427,0.84,0.058,-0.314,0.828,-3.046,3.672,1.466,btn_B
1780980818.9855862,-0.848,-0.195,0.539,1.45,-7.046,-0.427,-0.737,-0.356,0.604,0.168,27.031,-0.489,-0.232,-0.289,1.241,119.115,14.71,12.87,-0.346,-0.324,0.95,6.855,-5.298,2.779,0.037,-0.312,0.827,2.511,11.038,1.023,btn_B
1780980819.0983982,-0.802,-0.199,0.609,5.901,-4.099,-1.534,-0.732,-0.345,0.535,-4.794,37.252,1.611,-0.271,0.011,0.824,39.244,7.206,10.321,-0.372,-0.282,0.935,0.176,17.153,-3.084,0.066,-0.313,0.825,-2.664,0.977,0.038,btn_B
1780980819.2007577,-0.809,-0.188,0.585,-0.26,0.29,-0.534,-0.744,-0.333,0.511,-5.542,10.359,-0.023,-0.252,0.005,0.99,19.069,5.557,4.466,-0.341,-0.284,0.955,0.893,9.634,-2.374,0.055,-0.314,0.827,-1.053,-0.397,-0.939,btn_B
1780980819.2996333,-0.71,-0.176,0.539,-3.748,6.099,-1.527,-0.724,-0.282,0.44,-6.496,2.061,-0.702,-0.199,0.091,0.882,5.206,-0.962,3.107,-0.347,-0.295,0.924,-1.321,8.038,-2.053,0.067,-0.315,0.815,0.542,2.015,0.649,btn_B
1780980819.4002945,-0.82,-0.193,0.573,-1.145,2.832,-0.344,-0.74,-0.331,0.489,-7.092,2.069,-0.809,-0.273,0.043,0.982,-1.519,0.412,0.099,-0.357,-0.295,0.933,0.595,5.359,-1.198,0.062,-0.306,0.819,-0.702,2.649,0.244,btn_B
1780980819.5006635,-0.811,-0.188,0.576,-1.939,1.947,-1.282,-0.695,-0.335,0.468,-7.115,-5.275,-2.985,-0.256,0.052,0.924,-18.649,-0.282,-6.527,-0.345,-0.294,0.928,-1.427,7.603,0.015,0.065,-0.301,0.808,-0.748,3.427,-0.046,btn_B
1780980819.6040118,-0.786,-0.206,0.509,-4.557,9.626,0.053,-0.685,-0.344,0.592,9.679,-63.824,4.977,-0.07,-0.28,0.3,-250.137,3.87,-37.344,-0.28,-0.336,0.981,-2.901,16.328,-0.405,0.052,-0.318,0.816,2.603,4.992,-3.466,btn_B
1780980819.7068436,-0.811,-0.192,0.588,-0.771,8.206,-0.664,-0.663,-0.337,0.614,-8.206,12.099,0.695,-0.243,-0.341,0.94,-1.908,-2.672,0.298,-0.35,-0.329,0.946,1.481,12.298,-0.634,0.065,-0.316,0.822,0.168,-2.672,0.008,btn_B
1780980819.8096943,-0.813,-0.198,0.565,-1.58,1.267,-1.038,-0.667,-0.339,0.601,-6.817,0.824,-0.076,-0.228,-0.35,0.928,-1.817,0.351,0.565,-0.341,-0.317,0.945,1.573,7.992,-0.656,0.069,-0.315,0.823,-0.206,2.092,0.26,btn_B
1780980819.9197998,-0.816,-0.196,0.568,-1.069,2.359,0.191,-0.668,-0.337,0.601,-6.695,0.176,-0.855,-0.233,-0.357,0.932,-1.107,-0.26,0.046,-0.343,-0.32,0.943,1.733,7.244,-0.641,0.066,-0.319,0.825,-0.206,2.405,0.122,btn_B
1780980820.0156877,-0.82,-0.197,0.568,-1.519,1.977,-0.885,-0.669,-0.334,0.606,-7.076,0.71,-0.412,-0.233,-0.356,0.938,-1.099,0.939,0.023,-0.35,-0.316,0.944,1.191,8.55,-0.366,0.068,-0.312,0.824,-0.87,1.885,-0.153,btn_B
1780980820.1187646,-0.815,-0.196,0.568,-0.832,1.191,0.336,-0.671,-0.335,0.607,-6.786,0.802,-0.618,-0.234,-0.358,0.936,-1.137,1.176,0.206,-0.348,-0.315,0.939,1.145,7.397,-0.374,0.067,-0.317,0.813,0.038,4.397,-0.069,btn_B
1780980820.2219386,-0.816,-0.197,0.575,-0.939,1.214,-0.901,-0.668,-0.336,0.604,-6.42,0.611,-0.763,-0.232,-0.354,0.927,-0.466,-0.13,0.641,-0.356,-0.318,0.938,1.885,7.374,-0.351,0.061,-0.312,0.819,-0.084,3.641,0.336,btn_B
1780980823.0041094,-0.819,-0.188,0.571,-0.855,2.977,-0.649,-0.674,-0.325,0.606,-6.893,1.137,-0.466,-0.247,-0.355,0.933,-0.779,0.595,0.168,-0.348,-0.323,0.94,0.863,7.511,-0.641,0.065,-0.301,0.826,-0.298,2.748,0.176,btn_B
1780980823.1178367,-0.822,-0.19,0.567,-1.42,1.763,-0.931,-0.673,-0.333,0.595,-6.359,0.534,-0.84,-0.249,-0.355,0.924,-0.397,-0.496,-0.069,-0.351,-0.323,0.941,1.015,6.26,-0.855,0.062,-0.301,0.823,-0.13,1.656,-0.748,btn_B
1780980823.2088156,-0.823,-0.189,0.566,-0.824,1.038,-1.443,-0.673,-0.33,0.601,-6.405,0.611,-0.748,-0.247,-0.355,0.928,-0.824,0.099,0.13,-0.347,-0.324,0.935,1.977,6.023,-0.58,0.061,-0.306,0.832,-0.603,2.931,-0.221,btn_B
1780980823.3175087,-0.819,-0.185,0.573,-0.641,1.71,0.198,-0.675,-0.327,0.607,-6.336,1.191,-0.252,-0.247,-0.357,0.929,-0.87,0.954,0.687,-0.353,-0.324,0.937,1.496,8.046,0.305,0.062,-0.301,0.825,-0.885,3.298,0.435,btn_B
1780980823.415086,-0.82,-0.184,0.564,-0.847,1.229,-0.924,-0.674,-0.326,0.601,-6.321,0.649,-0.359,-0.248,-0.358,0.927,0.282,-0.985,-0.458,-0.352,-0.323,0.935,3.046,5.092,-0.809,0.054,-0.299,0.822,-0.939,2.137,0.748,btn_B
1780980823.5303192,-0.838,-0.178,0.53,-0.229,-4.382,-1.924,-0.639,-0.319,0.684,-7.107,13.527,-2.183,-0.258,-0.732,1.418,248.504,6.893,50.344,-0.337,-0.315,0.959,18.595,10.641,-1.687,0.058,-0.292,0.791,4.87,6.992,1.824,btn_B
1780980823.621205,-0.825,-0.189,0.557,0.817,3.435,1.527,-0.693,-0.354,0.472,-10.366,75.748,5.145,-0.276,-0.01,0.803,89.641,2.809,8.58,-0.336,-0.294,0.955,16.504,3.237,2.992,0.062,-0.297,0.815,0.374,1.473,1.763,btn_B
1780980823.7330933,-0.822,-0.184,0.573,-0.588,3.145,0.496,-0.755,-0.344,0.53,-8.275,25.168,4.252,-0.313,0.038,0.9,25.198,-2.794,2.267,-0.344,-0.278,0.946,7.695,10.137,1.115,0.049,-0.297,0.814,-0.382,2.153,0.748,btn_B
1780980823.8294687,-0.818,-0.186,0.576,-1.443,2.206,-0.275,-0.745,-0.329,0.493,-7.313,6.427,0.244,-0.263,0.063,0.914,4.794,-1.672,0.267,-0.347,-0.291,0.953,1.008,7.13,-0.511,0.047,-0.298,0.825,-0.603,1.924,-0.244,btn_B
1780980823.9301076,-0.823,-0.183,0.567,-1.176,2.756,-2.275,-0.726,-0.348,0.554,-5.198,-1.924,1.29,-0.271,0.055,0.929,-1.344,-2.947,1.443,-0.348,-0.287,0.948,-0.664,8.305,-0.504,0.052,-0.292,0.829,-0.107,0.947,-0.389,btn_B
1780980824.0327697,-0.82,-0.187,0.563,-1.252,3.733,0.305,-0.88,-0.347,0.505,-6.718,-8.542,-1.748,-0.256,0.034,0.966,-21.275,-2.061,-3.542,-0.349,-0.291,0.947,-2.122,3.237,0.0,0.056,-0.303,0.824,-1.137,2.015,-1.031,btn_B
1780980824.1494353,-0.835,-0.171,0.564,-4.275,2.427,-3.13,-0.736,-0.329,0.514,-0.74,-75.794,0.023,-0.218,-0.048,0.758,-125.679,-11.313,-21.954,-0.346,-0.301,0.96,-17.672,3.336,-6.786,0.064,-0.3,0.824,-7.649,-8.366,-6.015,btn_B
1780980824.2390678,-0.824,-0.181,0.573,-1.267,0.542,0.122,-0.657,-0.318,0.617,-2.802,-9.901,0.565,-0.313,-0.397,1.142,21.031,33.015,2.947,-0.284,-0.337,0.965,0.832,1.992,-1.092,0.065,-0.305,0.781,2.137,1.687,-0.458,btn_B
1780980824.342304,-0.825,-0.182,0.566,-0.817,3.061,-0.771,-0.676,-0.329,0.607,-6.962,1.588,-0.015,-0.25,-0.343,0.931,-3.382,-0.74,0.053,-0.354,-0.327,0.93,0.16,8.412,-0.809,0.071,-0.303,0.829,-0.137,3.824,0.031,btn_B
1780980824.4450195,-0.82,-0.184,0.57,-0.969,2.031,-1.13,-0.677,-0.326,0.601,-6.634,0.489,-0.603,-0.247,-0.345,0.932,-1.84,0.298,-0.565,-0.351,-0.335,0.94,1.542,7.702,-0.687,0.069,-0.305,0.822,-0.611,2.153,-0.458,btn_B
1780980824.550226,-0.821,-0.187,0.566,-0.718,1.366,-0.634,-0.678,-0.325,0.599,-6.573,0.885,-0.641,-0.25,-0.348,0.929,-1.328,-0.183,-0.718,-0.357,-0.325,0.932,1.427,6.58,-1.046,0.069,-0.303,0.82,-0.282,2.183,-0.382,btn_B
1780980824.6509826,-0.821,-0.188,0.574,-0.649,1.504,-1.267,-0.673,-0.331,0.608,-6.252,0.435,-0.977,-0.246,-0.35,0.933,-0.641,0.015,0.122,-0.353,-0.331,0.938,1.435,6.695,-0.573,0.067,-0.301,0.82,-0.16,3.237,0.191,btn_B
1780980824.7542708,-0.82,-0.186,0.563,-0.962,0.977,-0.29,-0.674,-0.33,0.605,-6.16,1.092,0.069,-0.25,-0.349,0.933,-0.954,0.351,0.092,-0.351,-0.329,0.939,1.305,7.076,-0.58,0.065,-0.3,0.824,-0.405,2.626,0.008,btn_B
1780980824.857224,-0.822,-0.191,0.565,-1.031,2.076,-1.473,-0.676,-0.328,0.602,-6.718,1.305,-0.298,-0.249,-0.355,0.931,-1.954,0.763,0.351,-0.354,-0.333,0.937,1.076,8.298,-1.153,0.054,-0.304,0.83,-0.344,3.382,-0.115,btn_B
1780980827.638277,-0.82,-0.191,0.56,-1.023,0.992,-0.214,-0.679,-0.333,0.597,-5.802,0.641,-0.16,-0.248,-0.363,0.927,0.115,-0.702,-0.145,-0.356,-0.337,0.935,1.626,6.023,-0.382,0.062,-0.307,0.818,-0.634,2.168,-0.305,btn_B
1780980827.7421944,-0.819,-0.188,0.563,-0.756,0.786,-1.015,-0.676,-0.333,0.602,-6.221,0.0,-1.305,-0.25,-0.365,0.921,-0.023,-1.298,0.092,-0.353,-0.335,0.929,2.076,6.481,-1.092,0.064,-0.303,0.83,-0.611,1.725,-0.695,btn_B
1780980827.8443866,-0.819,-0.19,0.569,-0.794,1.878,-0.893,-0.675,-0.337,0.602,-6.794,0.565,-0.344,-0.245,-0.368,0.925,-0.847,0.618,0.573,-0.353,-0.339,0.929,1.519,7.542,-0.809,0.065,-0.3,0.822,-1.076,1.336,0.603,btn_B
1780980827.9479375,-0.823,-0.191,0.563,-1.206,1.435,-0.275,-0.675,-0.337,0.596,-6.489,0.611,-0.153,-0.249,-0.365,0.926,-0.466,-0.214,-0.16,-0.353,-0.339,0.926,1.649,6.863,-0.656,0.065,-0.296,0.812,-0.511,2.198,-0.29,btn_B
1780980828.0500705,-0.819,-0.185,0.57,-0.702,1.366,-1.366,-0.68,-0.333,0.608,-6.305,0.237,-0.679,-0.246,-0.359,0.918,-0.321,-0.26,-0.084,-0.356,-0.339,0.932,1.588,6.908,-0.534,0.071,-0.3,0.832,-0.298,3.962,0.305,btn_B
1780980828.1543067,-0.821,-0.194,0.57,-1.107,1.748,0.275,-0.676,-0.334,0.595,-6.275,0.794,-0.435,-0.25,-0.364,0.923,-0.466,-0.763,0.595,-0.354,-0.341,0.934,2.046,7.74,-0.046,0.067,-0.3,0.828,-0.634,2.885,0.015,btn_B
1780980828.25624,-0.821,-0.196,0.574,-1.069,0.656,-0.527,-0.673,-0.339,0.609,-4.115,-0.244,2.168,-0.264,-0.383,0.994,14.603,10.878,2.267,-0.352,-0.302,0.927,8.153,-1.252,-2.656,0.045,-0.291,0.809,-6.58,-5.336,0.786,btn_B
1780980828.368572,-0.815,-0.177,0.555,2.931,-8.092,1.45,-0.69,-0.329,0.587,-7.74,14.198,2.672,-0.25,-0.117,0.747,94.733,29.496,1.061,-0.365,-0.312,0.921,6.237,4.542,2.282,0.055,-0.304,0.815,0.344,6.802,2.595,btn_B
1780980828.4677641,-0.835,-0.188,0.57,1.137,-2.305,-2.557,-0.725,-0.326,0.536,-5.511,17.412,0.969,-0.264,-0.031,0.978,28.71,-1.031,6.008,-0.328,-0.302,0.953,0.74,15.718,-0.702,0.05,-0.312,0.835,-1.336,3.015,0.023,btn_B
1780980828.565685,-0.813,-0.189,0.576,-0.802,2.145,-0.519,-0.747,-0.326,0.498,-7.443,4.511,-0.191,-0.302,-0.049,1.093,9.282,-1.397,1.985,-0.364,-0.307,0.963,-0.099,11.145,-0.855,0.072,-0.309,0.829,-0.168,2.87,0.176,btn_B
1780980828.6828268,-0.819,-0.184,0.577,-0.603,0.824,-1.214,-0.742,-0.333,0.518,-6.458,5.84,0.29,-0.272,-0.008,1.013,3.824,6.786,-1.183,-0.345,-0.306,0.955,3.847,9.267,-0.282,0.052,-0.301,0.832,0.267,1.603,0.794,btn_B
1780980828.7714548,-0.825,-0.171,0.557,-2.595,-2.275,-2.817,-0.75,-0.326,0.5,-7.023,-7.695,-2.542,-0.229,-0.009,1.056,-2.626,-0.763,1.13,-0.339,-0.309,0.967,0.008,9.229,-0.847,0.062,-0.304,0.822,1.008,3.58,-0.16,btn_B
1780980828.8832047,-0.814,-0.179,0.581,-2.87,9.038,2.153,-0.804,-0.332,0.47,-7.519,6.092,-0.237,-0.237,0.016,0.982,1.473,4.58,-3.656,-0.325,-0.3,0.902,5.847,5.237,-4.053,0.053,-0.293,0.826,0.863,2.504,0.939,btn_B
1780980828.98428,-0.818,-0.186,0.573,-1.855,0.489,-2.489,-0.759,-0.332,0.48,-6.038,-4.58,-1.466,-0.263,-0.002,1.04,-2.985,-1.733,1.672,-0.352,-0.338,1.04,1.908,5.412,-2.046,0.058,-0.309,0.829,-0.115,2.099,0.076,btn_B
1780980829.0813117,-0.816,-0.187,0.573,-1.282,1.275,-1.382,-0.754,-0.332,0.49,-5.55,-6.618,-2.221,-0.266,0.005,1.004,-3.756,-3.298,1.427,-0.35,-0.309,0.937,-2.168,6.481,-2.282,0.066,-0.298,0.822,-1.13,2.802,0.069,btn_B
1780980829.1835268,-0.818,-0.191,0.572,-2.557,5.481,-2.435,-0.758,-0.33,0.465,-6.366,-24.076,-4.397,-0.229,0.107,0.511,-60.672,-2.366,-10.13,-0.342,-0.3,0.9,1.046,-9.733,-0.802,0.052,-0.294,0.814,-3.802,-2.282,-1.824,btn_B
1780980829.2966936,-0.821,-0.194,0.551,0.191,-2.443,-2.084,-0.898,-0.364,0.511,25.817,-65.664,13.527,0.293,-0.22,0.806,43.252,50.275,4.702,-0.218,-0.334,0.937,10.779,50.344,1.13,-0.014,-0.298,0.798,17.183,-13.168,0.145,btn_B
1780980829.398852,-0.832,-0.186,0.558,-1.527,3.511,0.198,-0.685,-0.334,0.581,-7.481,0.672,-0.244,-0.228,-0.352,0.925,-3.191,-0.115,0.374,-0.334,-0.331,0.948,-0.153,9.267,-0.145,0.074,-0.308,0.827,-0.832,4.595,-0.214,btn_B
1780980829.499001,-0.815,-0.191,0.568,-1.183,2.901,-0.947,-0.681,-0.336,0.596,-7.16,-0.145,-0.565,-0.239,-0.353,0.933,-2.176,0.786,-0.405,-0.342,-0.336,0.941,0.908,7.748,0.237,0.068,-0.306,0.828,-0.351,4.603,0.107,btn_B
1780980832.1703386,-0.78,-0.218,0.59,-2.504,3.107,-2.26,-0.677,-0.337,0.612,-6.809,0.573,-1.672,-0.231,-0.374,0.925,-1.336,-0.565,-0.679,-0.337,-0.353,0.928,0.664,5.809,-0.977,0.096,-0.326,0.827,-2.42,1.481,-1.817,btn_B
1780980832.2737677,-0.811,-0.22,0.603,-2.824,-5.71,-4.45,-0.654,-0.346,0.626,-5.435,-2.466,-2.87,-0.228,-0.375,0.923,0.0,-2.847,-0.656,-0.329,-0.358,0.934,1.916,4.947,-1.458,0.101,-0.332,0.815,-1.725,-0.115,-1.656,btn_B
1780980832.384352,-0.772,-0.223,0.593,-1.588,-2.718,-4.55,-0.644,-0.35,0.625,-4.824,-0.87,-2.763,-0.222,-0.377,0.925,-1.427,-4.641,-2.435,-0.329,-0.36,0.934,1.878,4.565,-3.122,0.11,-0.339,0.807,-5.595,-3.687,-3.481,btn_B
1780980832.4835403,-0.792,-0.237,0.6,-1.679,1.817,-1.038,-0.654,-0.344,0.629,-6.542,0.092,-1.145,-0.219,-0.371,0.924,-0.328,-0.328,0.099,-0.322,-0.356,0.937,1.229,6.542,-0.092,0.105,-0.328,0.808,-0.58,1.435,0.42,btn_B
1780980832.5824265,-0.786,-0.234,0.6,-0.893,4.931,0.527,-0.661,-0.352,0.613,-6.588,1.374,0.137,-0.215,-0.373,0.932,-0.687,2.107,0.359,-0.326,-0.355,0.935,1.603,7.427,0.481,0.101,-0.34,0.817,0.763,4.443,0.893,btn_B
1780980832.687431,-0.789,-0.23,0.595,-0.756,3.992,0.893,-0.654,-0.34,0.619,-6.992,2.015,0.557,-0.221,-0.374,0.929,-0.595,1.626,0.626,-0.325,-0.36,0.94,1.893,8.557,0.359,0.104,-0.335,0.815,0.832,4.977,0.969,btn_B
1780980832.7883193,-0.797,-0.232,0.594,-1.542,6.885,1.191,-0.66,-0.351,0.606,-7.115,2.374,0.679,-0.229,-0.382,0.92,0.008,1.626,1.656,-0.336,-0.351,0.935,2.252,7.176,-0.405,0.095,-0.33,0.813,-1.427,2.954,0.534,btn_B
1780980832.8915713,-0.81,-0.224,0.581,2.153,1.382,2.221,-0.72,-0.327,0.539,-0.794,7.511,-3.282,-0.275,-0.437,1.131,6.412,10.015,5.023,-0.329,-0.301,0.938,4.053,10.031,2.443,0.107,-0.348,0.812,0.824,3.061,0.496,btn_B
1780980832.9986277,-0.9,-0.186,0.528,6.42,21.649,5.321,-0.6,-0.34,0.5,-10.817,90.183,3.344,-0.433,-0.113,0.852,76.16,11.794,17.908,-0.464,-0.509,0.841,16.191,-2.977,-13.74,0.078,-0.324,0.785,0.137,1.985,-1.198,btn_B
1780980833.107803,-0.81,-0.211,0.589,0.198,3.901,0.405,-0.743,-0.353,0.492,-7.534,7.687,0.885,-0.244,-0.028,0.978,13.878,4.481,1.397,-0.302,-0.302,0.9,3.817,7.893,12.756,0.085,-0.315,0.817,-2.359,1.985,0.321,btn_B
1780980833.2004848,-0.807,-0.212,0.584,1.008,1.015,-1.015,-0.742,-0.344,0.508,-4.893,5.557,-0.672,-0.258,-0.015,1.022,5.443,0.595,-1.718,-0.317,-0.308,0.968,1.947,7.725,5.672,0.086,-0.324,0.826,-1.305,2.0,0.641,btn_B
1780980833.3150737,-0.795,-0.211,0.589,-0.122,0.985,-0.588,-0.74,-0.348,0.507,-6.252,-0.153,-0.282,-0.231,-0.012,1.062,3.031,2.779,-0.947,-0.316,-0.326,1.014,5.557,9.992,1.473,0.084,-0.327,0.822,1.069,5.153,0.649,btn_B
1780980833.4158607,-0.807,-0.21,0.589,-1.885,2.42,-0.992,-0.739,-0.349,0.507,-8.023,0.038,-0.206,-0.281,0.006,0.945,-2.221,-1.176,0.985,-0.305,-0.27,0.885,0.595,7.924,-6.687,0.071,-0.308,0.811,-0.725,-0.534,-0.901,btn_B
1780980833.509733,-0.8,-0.222,0.585,-3.679,6.252,-0.084,-0.686,-0.338,0.501,-8.221,-20.137,-3.13,-0.211,-0.008,0.838,-36.511,-6.473,-7.405,-0.209,-0.277,0.829,-2.672,8.55,-1.656,0.097,-0.34,0.834,-1.71,2.649,-0.489,btn_B
1780980833.6195414,-0.812,-0.221,0.568,-6.687,-3.595,-0.221,-0.681,-0.373,0.618,1.115,-31.664,5.748,-0.226,-0.326,0.886,-208.725,18.901,-44.214,-0.307,-0.348,0.983,1.931,8.985,3.756,0.073,-0.327,0.817,-2.405,2.351,0.282,btn_B
1780980833.7158325,-0.8,-0.214,0.582,-1.634,1.198,-0.206,-0.641,-0.346,0.64,-7.45,-3.046,0.046,-0.222,-0.353,0.948,-0.992,2.656,0.908,-0.333,-0.332,0.967,2.244,11.008,0.214,0.078,-0.34,0.809,0.191,1.672,0.595,btn_B
1780980833.8291094,-0.812,-0.222,0.574,-1.275,1.985,-1.198,-0.663,-0.339,0.609,-7.137,0.954,-0.969,-0.243,-0.354,0.928,-1.321,0.031,-0.038,-0.329,-0.344,0.946,0.58,7.893,-0.809,0.083,-0.33,0.814,-0.565,3.282,-0.809,btn_B
1780980833.9316244,-0.81,-0.219,0.575,-1.336,1.817,-1.145,-0.666,-0.341,0.604,-7.191,0.954,-0.733,-0.242,-0.358,0.923,-1.191,-0.275,0.313,-0.33,-0.34,0.94,0.794,8.359,-0.786,0.085,-0.328,0.806,-1.756,1.908,-0.473,btn_B
1780980834.0327528,-0.812,-0.221,0.575,-0.855,2.237,-1.275,-0.661,-0.342,0.604,-6.649,0.45,-0.992,-0.239,-0.363,0.925,-1.328,0.053,-0.206,-0.328,-0.347,0.941,0.74,7.389,-0.954,0.093,-0.337,0.815,-0.42,1.832,-0.656,btn_B
1780980834.141617,-0.807,-0.218,0.569,-1.099,1.038,-0.153,-0.667,-0.342,0.605,-6.435,0.595,-0.656,-0.242,-0.36,0.925,-0.969,0.405,-0.679,-0.331,-0.345,0.937,0.908,7.26,-0.626,0.082,-0.333,0.819,-0.641,2.855,0.168,btn_B
1780980836.8169916,-0.808,-0.219,0.582,-1.176,1.763,-0.71,-0.666,-0.345,0.604,-6.26,0.573,-0.595,-0.24,-0.373,0.928,-0.565,0.275,0.344,-0.323,-0.352,0.937,1.634,6.504,-0.977,0.086,-0.336,0.824,-0.679,2.305,-0.015,btn_B
1780980836.9142,-0.808,-0.22,0.575,-0.695,1.321,-0.947,-0.663,-0.341,0.609,-6.176,0.809,-0.489,-0.241,-0.368,0.922,-0.366,0.344,0.71,-0.319,-0.349,0.935,1.221,6.947,-0.885,0.088,-0.329,0.82,-0.527,2.26,0.153,btn_B
1780980837.0119598,-0.806,-0.216,0.577,-0.931,1.176,-0.45,-0.666,-0.347,0.612,-6.412,0.74,-0.336,-0.24,-0.373,0.924,-0.473,-0.527,-0.061,-0.327,-0.352,0.937,1.74,6.832,-0.626,0.092,-0.328,0.82,-0.611,2.076,-0.229,btn_B
1780980837.1153302,-0.805,-0.218,0.582,-0.878,1.275,-0.466,-0.663,-0.343,0.604,-6.84,0.969,-0.389,-0.24,-0.368,0.922,-0.412,0.221,0.015,-0.325,-0.353,0.934,1.573,7.687,-0.176,0.088,-0.337,0.814,-0.344,2.611,0.015,btn_B
1780980837.217853,-0.81,-0.223,0.576,-1.229,1.588,-0.893,-0.666,-0.347,0.605,-6.412,0.756,-0.817,-0.238,-0.366,0.924,-0.542,0.458,-0.244,-0.329,-0.353,0.94,1.55,6.771,-0.55,0.091,-0.333,0.816,-0.412,2.435,-0.031,btn_B
1780980837.32066,-0.805,-0.224,0.575,-0.802,2.038,-0.336,-0.662,-0.344,0.608,-6.603,0.534,-0.55,-0.239,-0.374,0.919,-0.282,0.107,0.137,-0.327,-0.35,0.933,1.298,6.519,-0.595,0.084,-0.33,0.825,-0.435,2.42,-0.038,btn_B
1780980837.423859,-0.807,-0.221,0.574,-0.87,1.611,-1.412,-0.665,-0.345,0.61,-6.221,0.45,-0.511,-0.244,-0.373,0.92,-0.359,-0.176,0.351,-0.324,-0.351,0.941,1.687,6.679,-0.55,0.083,-0.335,0.817,-0.756,2.58,0.038,btn_B
1780980837.5266047,-0.808,-0.222,0.578,-0.885,0.893,0.237,-0.668,-0.345,0.604,-5.641,0.099,1.145,-0.255,-0.374,0.945,3.031,7.344,0.427,-0.322,-0.354,0.935,4.824,5.443,0.046,0.089,-0.332,0.818,-0.252,1.725,-0.45,btn_B
1780980837.6306252,-0.781,-0.229,0.583,2.275,-0.672,-1.198,-0.714,-0.323,0.573,-3.382,26.008,-2.389,-0.192,-0.264,1.213,74.137,6.588,5.527,-0.323,-0.337,0.959,-0.672,1.298,-0.267,0.09,-0.329,0.818,3.046,12.969,0.756,btn_B
1780980837.7330217,-0.798,-0.217,0.592,0.534,0.244,-0.756,-0.77,-0.351,0.513,-8.725,24.641,1.794,-0.265,-0.059,0.968,36.718,8.481,1.595,-0.293,-0.322,0.986,5.557,9.084,1.71,0.069,-0.327,0.811,-0.008,4.603,0.573,btn_B
1780980837.8359897,-0.793,-0.222,0.584,-1.015,1.046,-0.672,-0.737,-0.348,0.506,-5.542,6.221,-0.115,-0.277,-0.066,1.058,11.847,2.313,-0.878,-0.344,-0.314,0.919,-2.427,13.496,3.305,0.085,-0.315,0.809,-0.099,2.824,0.015,btn_B
1780980837.9387312,-0.803,-0.221,0.581,-0.214,1.771,-0.412,-0.728,-0.347,0.521,-6.046,3.366,0.183,-0.261,-0.027,1.001,5.282,3.275,-0.153,-0.32,-0.312,0.94,-2.435,13.595,0.244,0.073,-0.325,0.811,0.344,1.275,-0.786,btn_B
1780980838.0497327,-0.804,-0.214,0.58,-0.412,3.26,-0.595,-0.7,-0.341,0.511,-6.115,-1.42,-1.466,-0.272,-0.026,0.98,-6.427,0.351,-2.153,-0.322,-0.319,0.962,-0.481,7.229,-1.031,0.068,-0.326,0.818,-0.42,1.618,-0.275,btn_B
1780980838.1447835,-0.816,-0.216,0.575,-1.221,4.313,-0.412,-0.735,-0.361,0.532,-7.214,-5.366,-1.13,-0.253,-0.026,0.917,-11.649,-1.214,0.336,-0.312,-0.318,0.928,-1.45,10.13,-1.458,0.077,-0.325,0.818,0.137,-1.092,-1.26,btn_B
1780980838.2478979,-0.818,-0.218,0.58,-2.954,-3.977,-2.916,-0.674,-0.368,0.589,3.603,-49.824,4.282,-0.169,-0.197,0.818,-160.634,3.069,-21.771,-0.319,-0.35,0.944,-11.542,12.595,-3.885,0.091,-0.339,0.812,-5.183,0.076,0.183,btn_B
1780980838.3645604,-0.748,-0.238,0.576,5.664,2.405,1.695,-0.659,-0.345,0.646,-5.794,-5.702,-0.832,-0.294,-0.343,0.948,-0.565,3.168,0.237,-0.351,-0.336,0.926,-1.122,0.26,-0.313,0.103,-0.347,0.826,0.695,6.954,1.763,btn_B
1780980838.4652596,-0.799,-0.217,0.581,-1.29,-0.092,-0.809,-0.668,-0.341,0.612,-6.878,-0.42,-0.725,-0.242,-0.355,0.931,-1.176,-0.275,0.573,-0.329,-0.345,0.936,2.084,8.786,-0.191,0.092,-0.34,0.818,-1.031,1.649,-0.13,btn_B
1780980838.5640588,-0.804,-0.216,0.582,-1.366,2.015,-1.527,-0.664,-0.341,0.602,-6.527,0.679,-0.863,-0.245,-0.36,0.927,-1.374,-0.023,-0.053,-0.329,-0.345,0.942,0.954,7.481,-0.344,0.097,-0.336,0.812,-0.779,2.313,-0.496,btn_B
1780980838.6598341,-0.803,-0.22,0.582,-1.137,1.74,-0.412,-0.667,-0.343,0.606,-6.771,1.053,-0.84,-0.242,-0.36,0.933,-1.466,0.008,-0.298,-0.33,-0.345,0.937,0.74,6.908,-1.275,0.091,-0.337,0.813,-0.916,2.496,-0.282,btn_B
1780980838.762987,-0.805,-0.219,0.583,-0.885,1.321,-0.947,-0.665,-0.344,0.609,-6.527,1.26,-0.344,-0.241,-0.358,0.927,-1.901,0.779,-0.504,-0.33,-0.346,0.934,0.992,6.931,-1.122,0.085,-0.338,0.818,-0.893,1.947,-0.183,btn_B
1780980841.4415748,-0.807,-0.221,0.581,-0.885,1.679,-0.214,-0.666,-0.344,0.599,-6.489,0.542,-0.702,-0.243,-0.378,0.919,-0.519,0.351,0.374,-0.336,-0.352,0.936,1.573,6.87,-0.573,0.085,-0.346,0.805,-0.756,1.87,-0.046,btn_B
1780980841.544232,-0.81,-0.223,0.576,-0.855,1.756,-1.16,-0.67,-0.349,0.601,-6.496,0.412,-1.344,-0.246,-0.377,0.919,-0.336,0.031,0.435,-0.334,-0.351,0.934,1.687,6.763,-0.489,0.084,-0.337,0.813,-0.634,2.115,-0.061,btn_B
1780980841.646628,-0.81,-0.225,0.576,-0.916,1.748,0.053,-0.667,-0.348,0.597,-6.481,0.519,-0.763,-0.244,-0.372,0.915,-0.313,-0.298,-0.267,-0.335,-0.352,0.928,1.809,7.29,-0.931,0.081,-0.334,0.808,-0.344,2.031,-0.336,btn_B
1780980841.7656386,-0.806,-0.222,0.569,-1.183,1.237,-1.008,-0.67,-0.348,0.606,-6.321,0.359,-0.687,-0.242,-0.377,0.917,-0.198,-0.374,-0.115,-0.332,-0.352,0.931,1.427,6.809,-0.618,0.084,-0.338,0.812,-0.687,2.542,0.061,btn_B
1780980841.8658571,-0.808,-0.228,0.575,-0.893,1.351,-0.244,-0.669,-0.346,0.595,-6.244,0.55,-0.656,-0.243,-0.371,0.917,-0.405,-0.046,-0.305,-0.331,-0.351,0.935,1.672,6.969,-0.42,0.087,-0.333,0.813,-0.42,2.748,-0.061,btn_B
1780980841.9664028,-0.81,-0.219,0.577,-0.649,1.473,-0.679,-0.666,-0.348,0.598,-6.366,0.649,-0.26,-0.245,-0.375,0.921,-0.496,0.13,0.412,-0.331,-0.355,0.935,1.763,6.977,-0.198,0.086,-0.331,0.808,-0.542,2.458,-0.137,btn_B
1780980842.0588963,-0.805,-0.218,0.578,-1.099,1.702,-0.611,-0.666,-0.345,0.606,-6.321,0.427,0.099,-0.244,-0.38,0.932,1.038,1.916,0.725,-0.333,-0.354,0.938,2.16,7.74,0.076,0.079,-0.338,0.813,-0.237,2.481,-0.26,btn_B
1780980842.162415,-0.856,-0.231,0.563,2.389,-7.992,0.527,-0.53,-0.25,0.673,-21.519,11.389,2.0,0.121,-0.204,1.038,77.29,8.458,-16.443,-0.312,-0.34,1.028,-0.275,12.511,3.328,0.082,-0.323,0.831,-12.58,10.099,-1.817,btn_B
1780980842.2653484,-0.821,-0.212,0.562,-0.618,-2.153,-1.71,-0.722,-0.342,0.516,-6.137,17.931,-0.954,-0.209,-0.059,0.92,23.916,5.565,1.313,-0.309,-0.328,0.961,3.344,7.496,0.458,0.103,-0.327,0.807,-2.733,2.42,1.267,btn_B
1780980842.3681917,-0.81,-0.22,0.578,-0.26,2.679,0.427,-0.703,-0.343,0.538,-7.939,14.679,2.183,-0.307,-0.036,0.922,12.115,1.84,-0.176,-0.307,-0.305,0.969,1.74,10.107,0.664,0.076,-0.332,0.82,-1.183,1.305,0.26,btn_B
1780980842.4712157,-0.815,-0.216,0.576,-2.031,0.473,-1.71,-0.736,-0.349,0.52,-7.435,6.992,-0.656,-0.289,-0.054,1.023,4.878,1.565,0.366,-0.312,-0.32,0.954,4.542,9.443,2.55,0.064,-0.329,0.813,-0.443,3.16,1.496,btn_B
1780980842.5828207,-0.81,-0.221,0.574,-0.305,1.557,-0.901,-0.741,-0.347,0.493,-10.58,4.015,0.954,-0.245,-0.044,1.036,5.382,1.008,1.779,-0.339,-0.316,0.937,-1.115,11.893,-2.145,-0.04,-0.288,0.882,-8.908,7.0,-2.099,btn_B
1780980842.6772218,-0.807,-0.221,0.565,-0.626,2.977,-2.061,-0.7,-0.303,0.406,-7.13,5.42,5.221,-0.277,0.013,0.861,0.038,0.13,0.618,-0.322,-0.307,0.932,0.092,5.771,-1.031,0.081,-0.322,0.818,-1.504,3.405,1.084,btn_B
1780980842.7801878,-0.809,-0.217,0.575,-1.069,1.221,-1.412,-0.702,-0.323,0.445,-10.305,-4.901,-8.122,-0.265,-0.009,0.932,-13.183,-1.763,-1.557,-0.321,-0.324,0.936,-3.137,12.786,-1.42,0.05,-0.323,0.817,0.71,3.84,-0.656,btn_B
1780980842.8826892,-0.812,-0.217,0.559,-1.153,-1.489,-2.931,-0.61,-0.381,0.682,2.405,-95.344,0.023,-0.261,-0.152,0.663,-170.725,6.336,-36.122,-0.271,-0.374,0.934,-11.473,-1.282,-4.588,0.095,-0.327,0.813,-4.824,-0.824,-4.443,btn_B
1780980842.9861634,-0.82,-0.216,0.622,0.481,10.649,1.542,-0.667,-0.336,0.622,-7.71,20.344,1.71,-0.261,-0.354,0.91,-5.962,-6.473,-0.26,-0.308,-0.356,0.948,-0.634,5.664,-0.023,0.08,-0.337,0.81,-1.031,9.573,0.885,btn_B
1780980843.0955138,-0.796,-0.222,0.587,-0.817,2.679,-0.74,-0.671,-0.341,0.599,-7.137,0.527,-0.221,-0.241,-0.363,0.927,-0.985,-0.229,1.076,-0.321,-0.357,0.943,2.153,8.435,0.412,0.086,-0.33,0.815,-0.55,2.137,0.191,btn_B
1780980843.1921186,-0.81,-0.217,0.575,-1.603,2.29,-1.206,-0.673,-0.345,0.595,-7.198,0.893,-0.221,-0.248,-0.358,0.927,-1.298,-0.298,0.466,-0.324,-0.356,0.942,0.924,8.137,-0.557,0.085,-0.343,0.809,-0.824,1.756,-0.115,btn_B
1780980843.2954314,-0.806,-0.215,0.583,-0.908,1.496,-0.496,-0.676,-0.338,0.605,-6.634,1.374,-0.832,-0.244,-0.362,0.924,-1.733,0.053,0.29,-0.323,-0.355,0.934,0.931,8.107,-0.641,0.092,-0.334,0.815,-0.794,2.214,-0.351,btn_B
1780980843.421477,-0.807,-0.221,0.576,-1.221,1.122,-1.351,-0.671,-0.348,0.592,-6.504,1.023,-0.412,-0.237,-0.363,0.921,-1.282,0.115,-0.122,-0.328,-0.355,0.938,1.534,7.275,-0.511,0.085,-0.335,0.815,-0.557,2.458,-0.176,btn_B
1780980846.0766404,-0.809,-0.22,0.571,-1.031,1.008,-0.725,-0.678,-0.345,0.594,-6.504,0.664,-0.527,-0.241,-0.376,0.914,-0.908,0.435,0.336,-0.329,-0.356,0.934,1.588,6.969,-0.702,0.086,-0.335,0.813,-0.489,2.16,-0.084,btn_B
1780980846.1793587,-0.809,-0.22,0.575,-1.122,0.985,-0.878,-0.678,-0.346,0.596,-6.511,0.664,-0.565,-0.244,-0.373,0.928,-0.237,0.107,0.649,-0.327,-0.356,0.928,1.588,7.084,-0.511,0.075,-0.335,0.808,-0.504,2.382,-0.084,btn_B
1780980846.282262,-0.809,-0.215,0.571,-0.58,1.656,-0.221,-0.674,-0.346,0.586,-6.275,0.557,-0.504,-0.245,-0.376,0.919,-0.473,0.046,0.534,-0.327,-0.362,0.931,2.061,7.87,-0.878,0.08,-0.338,0.815,-0.603,2.366,0.061,btn_B
1780980846.3965714,-0.81,-0.219,0.578,-1.092,1.962,-0.702,-0.675,-0.344,0.597,-6.405,0.71,-0.069,-0.242,-0.374,0.918,-0.168,0.275,0.145,-0.333,-0.361,0.936,1.74,6.824,-0.069,0.077,-0.34,0.813,-0.748,2.168,-0.214,btn_B
1780980846.488369,-0.809,-0.223,0.575,-1.366,1.603,-0.695,-0.674,-0.342,0.58,-6.191,0.802,0.153,-0.246,-0.374,0.914,-0.008,0.214,-0.221,-0.331,-0.357,0.932,2.107,7.084,0.458,0.079,-0.335,0.815,-0.359,2.405,-0.061,btn_B
1780980846.5908961,-0.82,-0.218,0.578,1.275,-3.809,-3.611,-0.66,-0.325,0.622,-12.466,25.947,-4.191,0.018,-0.308,0.925,193.527,-7.969,40.519,-0.284,-0.349,0.945,10.198,21.954,0.397,0.069,-0.335,0.81,5.725,2.618,0.71,btn_B
1780980846.694491,-0.82,-0.216,0.565,0.985,5.947,2.382,-0.705,-0.349,0.56,-6.603,9.969,0.893,-0.267,-0.149,0.902,47.298,2.473,-5.13,-0.335,-0.366,0.922,6.16,-2.847,1.153,0.084,-0.335,0.82,-1.214,5.771,1.092,btn_B
1780980846.7973258,-0.801,-0.22,0.578,-1.427,0.153,-1.496,-0.716,-0.354,0.546,-6.641,26.893,1.16,-0.242,-0.126,1.008,27.954,2.328,-4.702,-0.334,-0.333,0.96,6.42,8.725,1.053,0.077,-0.33,0.819,0.702,3.603,0.931,btn_B
1780980846.900198,-0.801,-0.215,0.574,0.031,5.366,2.359,-0.807,-0.316,0.394,-2.359,26.885,-0.519,-0.341,-0.046,0.925,14.153,4.267,-4.519,-0.354,-0.321,0.933,5.977,10.069,1.58,0.078,-0.339,0.822,-1.397,3.237,1.443,btn_B
1780980847.011145,-0.818,-0.211,0.557,-0.672,1.634,-0.176,-0.768,-0.327,0.452,-3.962,15.824,3.29,-0.295,-0.023,0.922,11.015,4.504,-2.046,-0.354,-0.322,0.917,1.305,6.282,-0.115,0.078,-0.333,0.817,-0.878,1.679,0.466,btn_B
1780980847.1168766,-0.815,-0.213,0.564,-2.137,1.221,-1.015,-0.746,-0.321,0.42,-6.16,4.115,1.992,-0.265,-0.021,0.941,1.351,-0.748,0.435,-0.335,-0.312,0.94,0.87,5.58,-0.252,0.072,-0.329,0.822,-0.939,1.954,0.954,btn_B
1780980847.2094529,-0.812,-0.211,0.566,-1.481,0.427,-1.176,-0.766,-0.333,0.447,-6.763,-4.519,-2.511,-0.29,-0.038,0.959,-4.412,-2.573,2.183,-0.344,-0.314,0.943,-0.443,5.763,-1.061,0.073,-0.328,0.815,-0.366,1.679,-0.901,btn_B
1780980847.327671,-0.812,-0.213,0.566,-1.336,1.16,-1.679,-0.748,-0.325,0.447,-6.992,-47.969,-7.748,-0.194,0.022,0.633,-82.176,-7.366,-13.878,-0.315,-0.319,0.958,-6.237,-7.275,-5.038,0.077,-0.331,0.814,-2.626,-2.244,-4.168,btn_B
1780980847.4153917,-0.807,-0.22,0.574,0.122,-3.45,-1.954,-0.675,-0.336,0.589,2.42,-40.092,0.321,-1.516,-2.0,2.0,-35.626,-250.137,-47.779,-0.409,-0.394,0.915,-17.053,-10.473,-0.504,0.185,-0.424,0.959,1.031,26.198,1.725,btn_B
1780980847.528428,-0.794,-0.225,0.596,-0.244,6.817,0.122,-0.676,-0.35,0.593,-6.626,2.214,0.473,-0.25,-0.358,0.929,0.931,0.183,0.664,-0.335,-0.352,0.928,1.611,6.298,-0.031,0.078,-0.336,0.8,-1.511,2.397,0.26,btn_B
1780980847.6286626,-0.809,-0.217,0.578,-0.527,1.176,-0.061,-0.674,-0.344,0.591,-6.84,1.13,-0.573,-0.239,-0.363,0.926,-1.137,1.076,0.427,-0.331,-0.359,0.935,1.763,7.893,-0.191,0.083,-0.337,0.809,-0.588,1.626,0.252,btn_B
1780980847.7246492,-0.805,-0.221,0.57,-0.527,1.771,-1.214,-0.673,-0.344,0.597,-6.702,0.412,-0.756,-0.239,-0.366,0.924,-1.092,0.359,0.656,-0.331,-0.354,0.933,1.321,7.275,-0.962,0.077,-0.336,0.813,-0.656,2.237,0.084,btn_B
1780980847.8277862,-0.811,-0.215,0.574,-1.519,1.588,-0.55,-0.674,-0.348,0.589,-6.885,1.115,-0.328,-0.239,-0.366,0.922,-1.198,-0.16,0.313,-0.333,-0.352,0.931,1.435,7.679,-0.74,0.079,-0.334,0.808,-0.756,2.107,-0.321,btn_B
1780980847.930462,-0.813,-0.215,0.568,-1.038,1.046,-1.496,-0.68,-0.344,0.599,-6.435,0.427,-0.626,-0.239,-0.368,0.927,-0.954,-0.664,-0.267,-0.321,-0.368,0.942,3.855,7.092,-0.71,0.083,-0.337,0.811,-0.328,2.87,0.115,btn_B
1780980848.0335352,-0.813,-0.217,0.57,-0.763,1.359,0.046,-0.678,-0.347,0.586,-6.885,0.939,0.115,-0.236,-0.37,0.922,-1.115,0.267,0.023,-0.333,-0.357,0.931,1.374,7.305,-0.023,0.077,-0.337,0.813,-0.718,1.863,-0.466,btn_B
1780980850.7118852,-0.813,-0.218,0.563,-1.099,1.489,-0.389,-0.676,-0.35,0.583,-6.298,0.29,-0.626,-0.236,-0.377,0.924,-0.313,-0.122,0.26,-0.337,-0.362,0.929,1.695,6.893,-0.733,0.078,-0.341,0.812,-1.061,2.328,-0.168,btn_B
1780980850.8145335,-0.815,-0.217,0.57,-1.115,0.695,-0.939,-0.675,-0.348,0.59,-6.435,0.847,-0.382,-0.239,-0.376,0.917,-0.344,-0.008,0.267,-0.332,-0.357,0.935,1.534,6.817,-0.893,0.088,-0.341,0.808,-0.427,2.221,-0.252,btn_B
1780980850.9313004,-0.811,-0.22,0.568,-0.824,1.084,-1.015,-0.679,-0.352,0.591,-6.412,0.595,-0.061,-0.237,-0.377,0.921,-0.168,-0.389,-0.153,-0.335,-0.358,0.929,1.695,6.511,0.099,0.08,-0.336,0.81,-0.229,2.595,-0.092,btn_B
1780980851.029291,-0.812,-0.221,0.573,-0.664,1.71,-0.71,-0.675,-0.348,0.583,-6.389,0.794,-0.053,-0.238,-0.376,0.926,-0.458,-0.893,0.053,-0.335,-0.359,0.927,1.466,7.153,0.206,0.08,-0.337,0.812,-0.641,2.649,-0.137,btn_B
1780980851.1235158,-0.816,-0.218,0.57,-0.626,1.427,-0.817,-0.679,-0.348,0.593,-5.977,0.427,-0.603,-0.236,-0.376,0.921,-0.359,0.405,0.397,-0.334,-0.36,0.93,1.908,7.374,-0.618,0.081,-0.333,0.807,-0.748,2.489,-0.145,btn_B
1780980851.226707,-0.811,-0.218,0.564,-1.214,1.771,-0.832,-0.674,-0.349,0.592,-6.0,0.183,-0.802,-0.241,-0.377,0.918,0.504,0.008,0.504,-0.335,-0.358,0.928,2.137,6.42,-0.58,0.084,-0.333,0.823,-0.496,2.847,0.038,btn_B
1780980851.329547,-0.84,-0.221,0.552,3.748,-5.687,-3.397,-0.676,-0.342,0.627,-7.168,13.351,-4.695,0.098,-0.521,1.458,167.893,-19.985,49.031,-0.249,-0.395,0.963,17.595,7.931,0.901,0.082,-0.34,0.813,2.771,7.42,0.924,btn_B
1780980851.432618,-0.808,-0.224,0.572,0.55,4.649,0.74,-0.742,-0.326,0.569,-2.382,78.099,6.038,-0.303,-0.135,0.889,66.969,2.069,8.046,-0.317,-0.319,0.966,9.427,7.42,0.092,0.078,-0.332,0.819,-0.809,3.252,2.099,btn_B
1780980851.54402,-0.814,-0.218,0.573,-0.977,-0.924,-1.29,-0.728,-0.334,0.512,-5.771,21.489,0.763,-0.235,-0.056,0.951,26.374,6.099,2.153,-0.345,-0.323,0.934,5.397,12.038,0.191,0.059,-0.328,0.812,-0.855,-0.321,-0.023,btn_B
1780980851.645652,-0.812,-0.22,0.568,-1.649,-1.924,-3.153,-0.747,-0.342,0.47,-8.16,8.237,-2.023,-0.25,-0.028,0.918,4.565,-3.321,-1.985,-0.333,-0.323,0.978,2.618,8.252,-1.511,0.068,-0.338,0.81,-1.733,-0.87,-0.771,btn_B
1780980851.7417846,-0.807,-0.215,0.572,0.275,1.702,-0.588,-0.747,-0.345,0.491,-7.382,6.389,-0.168,-0.27,-0.026,0.935,3.069,-1.45,-1.534,-0.334,-0.324,0.946,0.786,7.412,-1.191,0.072,-0.337,0.814,-0.87,1.595,-0.015,btn_B
1780980851.8510354,-0.805,-0.225,0.573,-0.267,1.771,-0.824,-0.745,-0.347,0.498,-6.947,0.023,-0.863,-0.269,-0.03,0.989,-0.481,-0.458,0.13,-0.338,-0.321,0.946,0.687,8.023,-1.084,0.079,-0.331,0.807,-0.511,1.45,-0.29,btn_B
1780980851.9474034,-0.799,-0.219,0.575,-1.092,3.847,-0.931,-0.745,-0.344,0.462,-3.74,-48.137,-6.107,-0.203,-0.005,0.66,-90.336,-1.87,-20.481,-0.326,-0.314,0.965,-10.053,-0.588,-5.122,0.082,-0.32,0.802,-4.244,-1.656,-3.198,btn_B
1780980852.0628111,-0.801,-0.228,0.586,0.405,-2.641,-1.16,-0.679,-0.323,0.58,0.939,-43.718,0.244,-2.0,-2.0,2.0,0.16,-250.137,16.183,-0.522,-0.387,0.906,-15.076,-5.992,-2.679,0.194,-0.399,0.915,3.595,27.282,2.557,btn_B
1780980852.160642,-0.788,-0.23,0.591,0.771,7.55,0.733,-0.666,-0.345,0.607,-7.55,3.557,0.359,-0.248,-0.358,0.932,-1.748,-1.092,0.702,-0.334,-0.354,0.935,1.229,5.359,-0.145,0.087,-0.333,0.811,-1.427,2.817,0.656,btn_B
1780980852.2619605,-0.8,-0.221,0.581,-1.397,1.656,-0.916,-0.676,-0.347,0.599,-6.908,0.718,0.282,-0.239,-0.36,0.931,-1.122,1.023,0.435,-0.334,-0.352,0.94,1.0,7.672,-0.435,0.092,-0.337,0.813,-0.863,1.527,0.122,btn_B
1780980852.3600295,-0.802,-0.221,0.581,-0.878,2.053,-0.565,-0.674,-0.347,0.591,-6.74,1.061,0.168,-0.238,-0.366,0.927,-1.29,0.969,0.313,-0.336,-0.353,0.938,1.282,7.763,-0.626,0.085,-0.342,0.813,-0.679,2.45,0.092,btn_B
1780980852.4628704,-0.803,-0.226,0.578,-0.412,2.298,-0.466,-0.675,-0.353,0.59,-6.267,0.649,0.084,-0.241,-0.366,0.923,-0.626,0.42,0.153,-0.33,-0.355,0.937,1.511,6.954,-0.588,0.083,-0.339,0.812,-0.481,2.496,0.153,btn_B
1780980852.580569,-0.81,-0.219,0.577,-1.237,2.038,-0.366,-0.677,-0.346,0.6,-6.29,0.725,-0.84,-0.238,-0.36,0.925,-0.779,-0.382,0.046,-0.333,-0.353,0.936,1.534,7.962,-0.137,0.088,-0.34,0.814,-0.641,2.649,0.0,btn_B
1780980852.6813743,-0.804,-0.219,0.574,-1.038,1.679,-1.198,-0.673,-0.345,0.595,-6.237,1.053,-1.015,-0.244,-0.367,0.924,-1.198,0.618,0.359,-0.332,-0.354,0.933,1.511,7.275,-0.435,0.083,-0.339,0.811,-0.557,2.565,0.29,btn_B
1780980855.3468206,-0.811,-0.224,0.569,-1.0,1.275,-0.916,-0.672,-0.348,0.59,-6.351,0.718,-0.145,-0.242,-0.376,0.926,-0.336,-0.382,-0.099,-0.333,-0.358,0.934,1.878,6.672,-0.985,0.085,-0.337,0.811,-0.412,2.733,0.061,btn_B
1780980855.4497416,-0.809,-0.222,0.58,-0.634,1.069,-0.527,-0.671,-0.353,0.597,-6.344,0.641,-0.374,-0.245,-0.378,0.926,-0.435,0.221,-0.504,-0.334,-0.355,0.929,1.733,6.885,-0.237,0.086,-0.337,0.806,-0.603,2.664,0.115,btn_B
1780980855.5531123,-0.807,-0.221,0.572,-0.87,1.16,-0.626,-0.669,-0.351,0.587,-6.603,0.626,-1.183,-0.244,-0.377,0.92,-0.618,-0.183,-0.023,-0.334,-0.353,0.938,1.74,7.458,-0.13,0.083,-0.333,0.812,-0.511,2.267,0.0,btn_B
1780980855.6653984,-0.809,-0.221,0.576,-1.397,1.542,-0.992,-0.677,-0.35,0.598,-5.977,0.565,-0.725,-0.243,-0.377,0.923,-0.305,-0.603,0.366,-0.335,-0.357,0.939,1.855,6.878,-0.489,0.08,-0.336,0.818,-0.336,2.366,0.099,btn_B
1780980855.7590084,-0.808,-0.223,0.576,-0.985,1.534,-0.168,-0.679,-0.348,0.595,-6.282,0.664,-0.069,-0.244,-0.379,0.922,-0.397,0.069,0.397,-0.333,-0.355,0.926,1.702,7.313,-0.534,0.077,-0.336,0.819,-0.763,2.611,0.336,btn_B
1780980855.8623197,-0.805,-0.22,0.583,-0.58,1.321,0.382,-0.674,-0.329,0.59,-7.664,3.435,0.023,-0.614,-0.58,1.634,73.626,1.305,63.366,-0.332,-0.35,0.939,5.282,-3.344,-4.061,0.075,-0.331,0.793,-3.458,-3.351,-0.603,btn_B
1780980855.9647148,-0.807,-0.216,0.576,-0.908,0.885,-1.16,-0.677,-0.35,0.603,-8.695,15.595,0.107,-0.203,-0.16,0.838,77.557,4.969,5.305,-0.325,-0.339,0.956,9.603,14.573,0.626,0.08,-0.329,0.806,-0.038,2.321,1.588,btn_B
1780980856.081579,-0.815,-0.208,0.572,0.061,2.008,-0.573,-0.709,-0.356,0.541,-5.153,38.687,2.924,-0.209,-0.104,0.953,39.71,7.634,-2.008,-0.333,-0.339,0.936,6.878,11.183,0.16,0.069,-0.338,0.815,0.626,3.26,0.481,btn_B
1780980856.1706657,-0.813,-0.212,0.567,0.504,3.664,1.748,-0.783,-0.328,0.45,-2.603,17.214,0.183,-0.32,-0.039,0.914,8.443,-0.099,-5.496,-0.346,-0.324,0.947,5.527,5.832,1.061,0.077,-0.338,0.818,-1.641,2.313,1.137,btn_B
1780980856.2799067,-0.804,-0.213,0.575,-1.13,4.069,0.473,-0.744,-0.302,0.391,-3.573,8.771,-1.603,-0.297,-0.039,0.943,0.397,-0.26,-3.901,-0.35,-0.319,0.939,2.023,6.763,0.229,0.079,-0.344,0.815,-0.924,3.153,0.725,btn_B
1780980856.3812041,-0.8,-0.218,0.575,-0.351,2.641,0.176,-0.734,-0.318,0.447,-5.511,1.985,-2.389,-0.291,-0.054,1.029,-0.458,-0.58,-2.832,-0.366,-0.313,0.937,2.099,9.779,-0.504,0.074,-0.339,0.817,0.351,3.183,-0.344,btn_B
1780980856.4799588,-0.809,-0.218,0.567,-0.931,2.802,-1.191,-0.777,-0.337,0.487,-8.0,0.771,-0.176,-0.287,-0.039,0.967,-1.847,0.473,1.13,-0.363,-0.312,0.934,2.198,6.099,-0.649,0.076,-0.334,0.809,-1.252,0.351,0.817,btn_B
1780980856.5828316,-0.812,-0.213,0.571,-0.947,0.954,-1.237,-0.74,-0.332,0.482,-9.481,-4.344,-2.13,-0.28,-0.033,0.941,-8.863,-1.435,2.519,-0.358,-0.314,0.94,-0.573,6.229,0.084,0.074,-0.334,0.816,-0.733,4.924,1.122,btn_B
1780980856.695764,-0.803,-0.216,0.574,-2.344,4.771,0.626,-0.734,-0.326,0.482,-10.29,-44.008,-2.71,-0.247,-0.026,0.739,-75.908,-3.359,-7.061,-0.352,-0.307,0.955,-7.481,3.168,-1.16,0.081,-0.334,0.812,-2.672,7.061,2.382,btn_B
1780980856.7955456,-0.819,-0.214,0.562,-2.87,-2.802,0.244,-0.676,-0.348,0.569,-3.496,-41.992,0.26,-0.299,-0.471,0.971,-205.962,-19.206,-14.74,-0.271,-0.416,0.869,-6.947,7.26,-2.794,0.003,-0.306,0.821,-2.244,2.565,-0.931,btn_B
1780980856.8956974,-0.807,-0.221,0.559,-0.756,-0.939,-0.191,-0.68,-0.35,0.589,-7.0,0.489,-0.542,-0.228,-0.374,0.927,1.802,4.519,0.763,-0.338,-0.331,0.943,1.756,8.626,-0.198,0.062,-0.34,0.813,-0.336,1.908,-0.855,btn_B
1780980856.9948585,-0.816,-0.216,0.561,-1.443,1.229,-1.504,-0.675,-0.352,0.584,-6.008,0.527,-1.038,-0.24,-0.37,0.923,-1.244,1.137,0.092,-0.346,-0.337,0.938,1.366,8.275,-0.489,0.077,-0.338,0.808,-0.458,1.427,-0.298,btn_B
1780980857.0981505,-0.816,-0.217,0.563,-0.557,1.656,-0.382,-0.676,-0.348,0.588,-6.183,0.397,-0.321,-0.239,-0.371,0.926,-0.893,0.168,0.229,-0.344,-0.334,0.935,1.115,7.221,-0.878,0.07,-0.336,0.806,-0.015,2.481,-0.511,btn_B
1780980857.2134953,-0.82,-0.218,0.568,-0.794,1.924,-0.718,-0.679,-0.346,0.584,-5.908,0.557,-0.107,-0.241,-0.371,0.925,-0.771,-0.298,0.481,-0.343,-0.333,0.937,1.313,7.13,-0.725,0.068,-0.332,0.809,-0.481,2.328,-0.076,btn_B
1780980857.3119478,-0.817,-0.22,0.559,-1.221,2.145,-0.466,-0.677,-0.355,0.579,-6.466,0.863,0.214,-0.242,-0.369,0.918,-0.527,-0.13,0.313,-0.341,-0.33,0.935,1.649,6.878,-0.046,0.072,-0.342,0.812,-0.405,1.954,-0.092,btn_B
1780980859.9833622,-0.816,-0.219,0.557,-1.229,1.504,-0.817,-0.676,-0.349,0.586,-6.176,0.191,-1.214,-0.238,-0.384,0.918,-0.282,-0.214,0.603,-0.342,-0.339,0.938,1.588,6.985,-0.656,0.073,-0.33,0.81,-0.229,3.244,-0.107,btn_B
1780980860.1002579,-0.816,-0.211,0.565,-0.809,1.71,-0.71,-0.679,-0.35,0.591,-6.55,0.603,-0.374,-0.235,-0.382,0.92,-0.573,0.099,0.603,-0.335,-0.344,0.936,1.809,7.344,-0.198,0.073,-0.333,0.812,-0.168,2.198,-0.137,btn_B
1780980860.1945074,-0.818,-0.214,0.56,-0.824,1.046,-0.557,-0.679,-0.343,0.592,-6.099,0.931,-0.076,-0.238,-0.38,0.923,-0.489,0.366,0.038,-0.338,-0.341,0.933,1.527,7.137,-0.527,0.068,-0.33,0.819,-0.45,2.565,-0.008,btn_B
1780980860.291178,-0.818,-0.214,0.564,-0.954,0.695,-0.84,-0.676,-0.346,0.584,-6.328,0.908,-0.153,-0.241,-0.377,0.919,-0.489,-0.313,-0.237,-0.343,-0.342,0.937,1.176,7.435,-0.061,0.07,-0.336,0.815,-0.756,2.901,0.061,btn_B
1780980860.3941998,-0.818,-0.21,0.564,-1.298,0.947,-1.405,-0.68,-0.352,0.59,-6.649,0.366,-0.527,-0.238,-0.382,0.923,-0.313,-0.137,-0.084,-0.34,-0.342,0.933,1.634,7.298,-0.29,0.07,-0.334,0.819,-0.725,2.252,-0.252,btn_B
1780980860.499839,-0.809,-0.214,0.561,-0.718,1.221,-0.351,-0.672,-0.342,0.587,-5.954,0.649,-0.832,-0.235,-0.378,0.912,-0.252,0.214,0.145,-0.335,-0.344,0.937,2.328,6.42,-0.588,0.074,-0.328,0.821,-0.519,2.565,0.099,btn_B
1780980860.599989,-0.813,-0.218,0.566,-0.878,1.908,-1.344,-0.674,-0.352,0.588,-6.092,0.382,-0.58,-0.241,-0.38,0.917,-0.191,-0.076,0.29,-0.344,-0.34,0.939,1.786,6.603,-0.634,0.07,-0.336,0.818,-0.435,2.565,0.214,btn_B
1780980860.702825,-0.813,-0.213,0.571,-1.397,1.344,0.221,-0.672,-0.351,0.599,-5.481,-0.344,0.053,-0.24,-0.376,0.922,2.786,0.885,0.695,-0.343,-0.343,0.942,2.84,6.382,0.374,0.074,-0.337,0.81,-0.916,2.687,0.565,btn_B
1780980860.8061624,-0.81,-0.217,0.573,-2.328,8.603,1.847,-0.679,-0.343,0.587,-14.962,31.992,1.053,-0.228,-0.128,0.443,90.885,-3.679,26.092,-0.344,-0.347,0.922,17.466,-2.405,4.13,0.053,-0.337,0.824,-3.023,4.527,4.573,btn_B
1780980860.9090898,-0.82,-0.206,0.57,-0.069,1.435,0.214,-0.698,-0.356,0.577,-7.458,31.847,0.847,-0.237,-0.139,1.088,51.137,6.626,2.695,-0.344,-0.311,0.922,6.229,7.779,1.962,0.067,-0.331,0.789,-0.656,5.939,-0.641,btn_B
1780980861.0121665,-0.823,-0.214,0.555,-1.656,1.366,-1.061,-0.71,-0.349,0.519,2.74,13.58,5.183,-0.255,-0.027,0.916,23.901,4.603,-1.473,-0.339,-0.312,0.929,6.511,8.534,1.084,0.052,-0.344,0.811,-0.336,2.038,-1.244,btn_B
1780980861.1254947,-0.818,-0.209,0.556,-0.908,0.664,0.046,-0.763,-0.34,0.49,-3.557,6.42,1.924,-0.267,-0.03,0.982,11.42,0.328,-1.328,-0.344,-0.302,0.946,2.977,6.473,-1.473,0.052,-0.338,0.815,-1.069,-0.412,-1.099,btn_B
1780980861.2274191,-0.808,-0.222,0.559,1.901,3.412,0.885,-0.75,-0.35,0.543,5.809,-5.863,8.389,-0.247,-0.011,0.992,8.443,-2.176,1.29,-0.34,-0.288,0.953,1.962,2.511,2.664,0.048,-0.334,0.811,0.626,3.244,-0.221,btn_B
1780980861.3267074,-0.808,-0.202,0.558,-0.374,1.557,-0.344,-0.747,-0.322,0.512,-5.282,-0.573,-4.252,-0.282,-0.01,0.984,-0.969,0.397,-2.733,-0.338,-0.293,0.962,0.023,7.863,-1.099,0.056,-0.335,0.808,-0.855,2.496,-0.55,btn_B
1780980861.4246063,-0.797,-0.206,0.576,-0.313,3.687,-1.046,-0.582,-0.272,0.509,-15.901,-9.145,-12.412,-0.215,0.044,0.73,-46.29,6.458,-6.038,-0.333,-0.304,0.929,-5.168,1.763,-1.916,0.064,-0.333,0.814,-3.458,4.794,1.618,btn_B
1780980861.5272508,-0.816,-0.219,0.558,-1.641,-10.885,-0.779,-0.69,-0.346,0.591,5.679,-39.435,1.992,-0.179,-0.298,0.818,-190.13,4.969,-35.748,-0.328,-0.34,0.936,-3.336,11.481,0.076,0.059,-0.349,0.812,-0.023,6.336,0.611,btn_B
1780980861.6302154,-0.817,-0.203,0.554,-1.908,-5.366,-1.389,-0.679,-0.335,0.575,-5.496,-12.137,-1.191,-0.212,-0.357,0.933,-4.809,-6.527,-0.511,-0.349,-0.331,0.922,-1.672,11.481,-1.878,0.057,-0.343,0.804,0.634,-0.412,0.092,btn_B
1780980861.7434566,-0.815,-0.211,0.564,-1.427,2.756,-1.229,-0.68,-0.338,0.6,-6.763,0.985,0.0,-0.243,-0.353,0.924,-1.16,-0.626,0.099,-0.335,-0.324,0.947,0.634,7.557,-1.198,0.057,-0.341,0.813,-0.382,1.756,-0.351,btn_B
1780980861.8464792,-0.809,-0.209,0.571,-0.748,1.763,-0.16,-0.677,-0.337,0.598,-6.504,0.198,-0.863,-0.241,-0.358,0.921,-1.053,-0.252,-0.145,-0.338,-0.328,0.942,1.26,7.397,-0.626,0.054,-0.334,0.82,-0.519,1.771,-0.42,btn_B
1780980861.9450164,-0.817,-0.211,0.575,-0.527,2.115,-1.267,-0.672,-0.338,0.598,-6.626,0.702,-1.031,-0.246,-0.354,0.927,-1.031,-0.008,0.084,-0.332,-0.333,0.938,1.397,7.298,-1.008,0.059,-0.344,0.813,-0.947,2.092,0.252,btn_B
1780980864.6173284,-0.813,-0.213,0.564,-0.634,1.603,-0.847,-0.675,-0.342,0.593,-6.061,0.595,0.244,-0.244,-0.371,0.924,0.107,0.031,-0.305,-0.335,-0.337,0.942,1.573,6.809,-0.626,0.069,-0.334,0.816,-0.435,2.366,-0.023,btn_B
1780980864.720275,-0.818,-0.208,0.563,-1.076,1.947,-0.885,-0.673,-0.344,0.591,-6.466,1.168,0.389,-0.242,-0.372,0.922,-0.855,0.076,0.221,-0.341,-0.334,0.934,1.382,6.893,-0.962,0.064,-0.332,0.808,-0.832,2.168,-0.191,btn_B
1780980864.8232117,-0.815,-0.21,0.564,-1.382,1.328,-0.893,-0.673,-0.343,0.596,-6.366,0.947,-1.023,-0.241,-0.37,0.922,-0.412,0.046,-0.076,-0.335,-0.335,0.944,1.221,6.733,-0.611,0.059,-0.336,0.818,-0.412,2.878,-0.038,btn_B
1780980864.9260354,-0.821,-0.21,0.558,-0.779,2.382,-1.023,-0.672,-0.344,0.595,-6.366,1.351,-0.924,-0.244,-0.376,0.921,-0.656,0.13,0.641,-0.337,-0.336,0.935,1.221,6.931,0.16,0.06,-0.338,0.812,-0.412,2.412,-0.198,btn_B
1780980865.0293407,-0.818,-0.211,0.562,-1.046,1.649,-0.137,-0.674,-0.348,0.597,-6.58,0.183,-0.282,-0.241,-0.375,0.908,2.351,-0.443,0.427,-0.338,-0.336,0.943,2.84,7.183,0.252,0.065,-0.329,0.807,-0.519,3.168,0.115,btn_B
1780980865.1321452,-0.815,-0.211,0.562,-1.328,1.939,-0.397,-0.686,-0.316,0.611,-8.015,2.84,-1.427,-0.477,-0.639,1.622,74.931,-3.328,52.725,-0.3,-0.323,0.967,2.221,4.084,-2.565,0.053,-0.338,0.824,-4.824,-4.13,-0.366,btn_B
1780980865.2352555,-0.82,-0.206,0.566,-0.435,2.664,0.74,-0.696,-0.352,0.585,-10.023,19.389,2.221,-0.277,-0.199,0.998,90.183,4.519,5.29,-0.344,-0.344,0.935,9.901,12.496,2.336,0.06,-0.328,0.801,4.679,1.427,-0.763,btn_B
1780980865.3426616,-0.827,-0.201,0.552,-1.183,1.779,-0.069,-0.724,-0.321,0.507,1.282,12.344,1.962,-0.244,-0.025,0.896,20.344,2.069,-2.076,-0.331,-0.309,0.951,5.237,8.962,0.229,0.061,-0.333,0.818,-0.153,4.427,1.55,btn_B
1780980865.4469702,-0.818,-0.202,0.559,-1.405,1.969,-0.664,-0.719,-0.318,0.5,-7.237,1.977,-3.0,-0.264,-0.068,1.103,1.84,1.229,-1.115,-0.344,-0.313,0.956,-0.298,8.786,-1.0,0.052,-0.33,0.811,0.473,4.321,-0.931,btn_B
1780980865.5442657,-0.819,-0.205,0.559,-1.328,3.061,-1.053,-0.748,-0.329,0.513,-6.458,1.282,1.695,-0.274,-0.048,1.054,5.702,1.061,1.305,-0.348,-0.316,0.941,0.695,6.695,-0.397,0.056,-0.332,0.809,-0.763,0.824,-0.366,btn_B
1780980865.6472836,-0.825,-0.205,0.556,-1.748,1.321,-0.389,-0.719,-0.308,0.491,-6.145,-1.282,1.153,-0.236,-0.026,1.008,-1.191,0.153,-0.099,-0.343,-0.317,0.954,1.183,7.603,-0.427,0.057,-0.332,0.819,-0.275,2.481,-0.412,btn_B
1780980865.7502515,-0.82,-0.205,0.551,-1.435,2.954,-1.069,-0.729,-0.318,0.507,-9.779,-6.435,-2.076,-0.258,-0.017,0.923,-14.099,-0.496,0.992,-0.344,-0.31,0.937,1.55,5.031,-0.466,0.058,-0.324,0.811,-0.45,3.565,0.42,btn_B
1780980865.8607984,-0.811,-0.202,0.571,-2.901,1.779,-2.679,-0.721,-0.358,0.55,6.534,-39.45,-1.107,-0.103,-0.189,0.454,-229.061,5.618,-27.344,-0.291,-0.344,0.958,-17.344,-8.618,-5.985,0.075,-0.349,0.816,-5.962,1.328,-7.504,btn_B
1780980865.9604483,-0.825,-0.214,0.551,-3.305,-5.664,-2.252,-0.679,-0.334,0.581,-7.0,-15.885,-3.718,-0.217,-0.358,0.941,-6.252,-5.389,-0.527,-0.345,-0.341,0.926,0.786,8.344,-1.038,0.056,-0.327,0.805,-0.885,0.107,-0.511,btn_B
1780980866.059552,-0.811,-0.212,0.572,-0.695,1.824,-1.015,-0.667,-0.338,0.606,-6.641,2.557,0.153,-0.242,-0.359,0.921,-1.275,1.198,0.221,-0.336,-0.338,0.932,1.267,9.153,-0.076,0.062,-0.335,0.824,-1.427,3.885,0.527,btn_B
1780980866.170809,-0.817,-0.211,0.572,-1.137,1.427,-0.908,-0.669,-0.34,0.605,-6.771,1.282,0.244,-0.241,-0.359,0.929,-1.427,0.26,-0.435,-0.341,-0.341,0.944,1.153,7.489,-0.756,0.058,-0.328,0.802,-0.802,2.313,0.298,btn_B
1780980866.2762237,-0.822,-0.21,0.566,-0.664,1.092,-0.519,-0.669,-0.344,0.602,-6.206,1.168,-0.229,-0.243,-0.36,0.92,-0.832,-0.008,0.328,-0.339,-0.344,0.939,1.275,7.901,-0.336,0.06,-0.331,0.815,-0.611,1.695,-0.336,btn_B
1780980866.3751621,-0.822,-0.209,0.567,-0.519,1.008,-0.412,-0.668,-0.345,0.602,-6.099,0.817,-1.321,-0.248,-0.363,0.922,-1.244,0.489,0.023,-0.333,-0.341,0.936,1.855,7.168,-0.511,0.063,-0.339,0.818,-0.725,2.153,0.351,btn_B
1780980866.4715223,-0.813,-0.208,0.559,-1.305,2.252,-1.557,-0.671,-0.343,0.599,-6.656,1.321,-0.603,-0.247,-0.364,0.927,-1.282,0.847,0.29,-0.34,-0.341,0.939,0.885,7.359,-0.809,0.058,-0.332,0.822,-0.878,1.756,-0.427,btn_B
1780980866.5744007,-0.816,-0.209,0.56,-1.0,1.824,-0.893,-0.672,-0.345,0.599,-6.733,0.656,-1.046,-0.248,-0.364,0.922,-1.069,-0.107,-0.267,-0.339,-0.344,0.931,1.313,7.519,-0.725,0.067,-0.339,0.822,-0.489,2.947,-0.412,btn_B
1780980869.2524583,-0.816,-0.21,0.56,-1.038,1.221,-1.015,-0.669,-0.346,0.597,-6.45,0.42,-0.611,-0.25,-0.382,0.917,-0.664,-0.046,-0.183,-0.344,-0.348,0.934,1.634,6.832,-1.053,0.069,-0.336,0.813,-0.511,2.412,-0.099,btn_B
1780980869.3553421,-0.823,-0.21,0.562,-0.565,1.122,-0.702,-0.666,-0.343,0.609,-5.771,0.473,-0.656,-0.248,-0.376,0.919,-0.344,-0.389,0.252,-0.34,-0.349,0.936,1.756,7.008,-0.794,0.063,-0.337,0.818,-0.13,2.87,0.351,btn_B
1780980869.45848,-0.818,-0.21,0.565,-0.565,1.298,-0.618,-0.675,-0.343,0.595,-6.366,0.427,-0.687,-0.248,-0.38,0.923,-0.557,-0.26,0.687,-0.342,-0.35,0.935,1.672,7.42,-0.435,0.071,-0.339,0.813,-0.466,2.359,0.046,btn_B
1780980869.5617604,-0.822,-0.21,0.563,-1.16,2.015,-0.763,-0.669,-0.344,0.598,-6.344,0.42,-0.58,-0.245,-0.379,0.925,-0.832,0.412,0.298,-0.351,-0.35,0.933,1.374,6.87,-0.695,0.068,-0.337,0.806,-1.16,1.519,-0.046,btn_B
1780980869.6643455,-0.817,-0.209,0.565,-0.87,1.267,-1.389,-0.669,-0.346,0.602,-6.87,0.557,-0.481,-0.249,-0.378,0.913,-0.298,-0.389,-0.527,-0.343,-0.348,0.933,1.473,6.916,-0.458,0.061,-0.338,0.816,-0.504,2.695,-0.16,btn_B
1780980869.7674532,-0.82,-0.216,0.567,-0.573,1.382,1.145,-0.678,-0.342,0.588,-5.282,0.099,0.252,-0.27,-0.384,0.96,1.229,1.137,0.611,-0.344,-0.355,0.925,3.779,5.153,0.229,0.08,-0.331,0.803,-0.527,2.672,0.496,btn_B
1780980869.8706384,-0.817,-0.207,0.555,0.206,1.985,-0.244,-0.686,-0.34,0.583,-6.351,11.511,-0.626,-0.128,-0.261,0.88,89.748,-2.0,14.863,-0.304,-0.328,1.0,8.076,4.618,0.328,0.067,-0.327,0.797,-0.718,5.198,2.824,btn_B
1780980869.9765563,-0.82,-0.199,0.564,-1.099,0.382,0.573,-0.739,-0.324,0.518,-11.573,47.962,1.015,-0.246,-0.093,0.937,51.718,5.885,-1.702,-0.324,-0.321,0.948,9.992,11.71,0.878,0.058,-0.329,0.809,-0.527,1.527,-0.481,btn_B
1780980870.0765254,-0.814,-0.204,0.568,1.641,-1.275,-1.954,-0.689,-0.301,0.461,-4.359,20.244,0.344,-0.23,-0.024,0.968,21.496,2.366,-2.389,-0.319,-0.301,0.96,1.893,8.656,-0.977,0.074,-0.338,0.821,-1.458,3.374,1.023,btn_B
1780980870.1796336,-0.812,-0.205,0.567,-0.374,3.252,-0.328,-0.763,-0.339,0.513,-7.718,4.618,-3.931,-0.288,-0.043,1.026,2.702,1.603,-2.885,-0.352,-0.31,0.941,1.366,9.977,-0.55,0.057,-0.336,0.811,-0.641,3.0,-0.634,btn_B
1780980870.2828703,-0.818,-0.206,0.567,0.023,1.359,-0.55,-0.79,-0.363,0.545,-7.527,4.733,-1.412,-0.295,-0.019,0.965,2.931,0.237,-1.649,-0.353,-0.319,0.914,1.298,8.962,-0.931,0.064,-0.333,0.821,0.084,1.023,-0.305,btn_B
1780980870.3939588,-0.816,-0.203,0.558,-2.092,4.023,-1.061,-0.778,-0.383,0.478,-6.099,-44.954,-4.588,-0.252,0.004,0.683,-87.458,-7.664,-19.779,-0.351,-0.305,0.953,-8.687,-6.366,-3.298,0.053,-0.33,0.805,-3.313,5.26,0.26,btn_B
1780980870.4887474,-0.813,-0.208,0.573,-0.336,-10.931,-3.641,-0.504,-0.113,0.572,1.405,-36.435,-3.947,0.264,-0.846,-0.303,20.809,75.107,4.198,-0.071,-0.36,1.025,13.229,30.817,1.534,-0.025,-0.238,0.7,3.198,-9.16,-1.527,btn_B
1780980870.5914738,-0.822,-0.206,0.565,-1.122,5.031,-0.275,-0.677,-0.335,0.594,-7.099,4.542,0.595,-0.239,-0.354,0.931,-1.183,-3.046,0.595,-0.343,-0.343,0.934,0.771,8.496,-0.809,0.068,-0.344,0.811,-1.527,3.534,0.305,btn_B
1780980870.6948206,-0.811,-0.207,0.568,-1.092,3.076,-0.038,-0.673,-0.334,0.605,-7.137,1.321,0.344,-0.25,-0.36,0.927,-0.786,0.374,-0.061,-0.339,-0.339,0.938,1.458,6.718,-0.427,0.071,-0.339,0.823,-0.893,2.282,0.557,btn_B
1780980870.809546,-0.811,-0.211,0.563,-0.84,2.336,-0.84,-0.674,-0.342,0.6,-6.947,1.122,-0.618,-0.246,-0.36,0.931,-0.901,0.321,0.244,-0.34,-0.347,0.935,1.351,7.015,-0.504,0.081,-0.338,0.808,-0.305,2.145,-0.191,btn_B
1780980870.9071898,-0.812,-0.206,0.566,-1.115,2.29,-0.16,-0.674,-0.339,0.596,-6.611,0.916,-0.634,-0.244,-0.362,0.926,-1.252,-0.244,0.87,-0.34,-0.345,0.939,1.45,6.901,0.008,0.064,-0.337,0.817,-0.511,2.435,-0.053,btn_B
1780980871.0093262,-0.816,-0.21,0.561,-1.008,1.382,-1.962,-0.672,-0.339,0.587,-6.626,0.756,-0.947,-0.243,-0.365,0.922,-1.473,0.023,0.45,-0.345,-0.349,0.936,1.351,7.588,-0.74,0.066,-0.333,0.812,-0.672,2.053,0.58,btn_B
1780980871.1067567,-0.817,-0.206,0.568,-0.702,0.519,-0.779,-0.674,-0.341,0.6,-6.748,0.313,-0.58,-0.24,-0.362,0.927,-1.153,-0.221,-0.58,-0.346,-0.348,0.926,1.084,7.786,-1.252,0.072,-0.334,0.814,-0.855,1.595,0.038,btn_B
1780980871.2094736,-0.819,-0.212,0.559,-0.679,0.649,-0.458,-0.675,-0.341,0.594,-6.366,0.794,-0.336,-0.242,-0.365,0.93,-0.893,-1.069,-0.076,-0.338,-0.344,0.931,1.565,6.588,-0.847,0.071,-0.339,0.809,-0.511,1.779,0.115,btn_B
1780980873.887729,-0.823,-0.204,0.561,-0.992,1.573,-0.084,-0.686,-0.339,0.588,-6.473,0.771,-0.664,-0.248,-0.368,0.921,-0.153,0.458,0.489,-0.346,-0.338,0.937,1.924,7.13,-0.344,0.063,-0.329,0.822,-0.794,2.092,-0.153,btn_B
1780980873.9906118,-0.833,-0.205,0.56,-1.183,1.931,-1.504,-0.675,-0.338,0.589,-6.763,0.405,-0.634,-0.249,-0.366,0.924,-0.26,-0.45,0.038,-0.346,-0.336,0.941,1.908,6.595,-0.603,0.061,-0.323,0.821,-0.511,2.504,-0.229,btn_B
1780980874.0935595,-0.825,-0.2,0.551,-0.634,1.489,-0.328,-0.681,-0.338,0.598,-6.336,1.336,-0.008,-0.246,-0.367,0.92,-0.58,0.313,-0.084,-0.349,-0.336,0.937,1.466,7.305,-0.511,0.06,-0.324,0.821,-0.458,3.145,-0.13,btn_B
1780980874.196728,-0.825,-0.201,0.552,-0.832,1.817,-1.0,-0.682,-0.34,0.598,-6.779,0.817,-0.618,-0.246,-0.365,0.923,-0.748,0.435,0.053,-0.345,-0.338,0.938,1.534,7.26,-0.565,0.062,-0.323,0.817,-0.863,2.13,-0.313,btn_B
1780980874.2995918,-0.829,-0.206,0.553,-1.305,1.473,-0.802,-0.681,-0.339,0.586,-6.664,0.908,-0.29,-0.244,-0.37,0.923,-0.519,0.046,0.649,-0.345,-0.341,0.937,1.794,7.015,0.435,0.06,-0.329,0.814,-0.672,2.359,-0.435,btn_B
1780980874.4029355,-0.825,-0.204,0.556,-0.916,0.359,-1.015,-0.684,-0.345,0.593,-4.466,-2.168,0.74,-0.234,-0.368,0.927,8.298,-2.412,1.916,-0.341,-0.335,0.941,4.137,5.832,0.832,0.06,-0.33,0.818,0.023,3.115,-0.099,btn_B
1780980874.505849,-0.804,-0.2,0.577,-2.214,-3.939,0.061,-0.649,-0.332,0.665,-10.069,17.855,-0.069,-0.385,-0.373,0.963,151.939,-14.664,14.573,-0.392,-0.327,0.925,9.328,19.214,-0.359,0.053,-0.32,0.812,1.45,6.748,1.489,btn_B
1780980874.6142507,-0.828,-0.195,0.565,-0.229,3.695,3.076,-0.701,-0.312,0.544,-8.328,75.954,1.267,-0.207,-0.059,0.872,75.168,7.008,12.153,-0.33,-0.312,0.952,8.221,5.71,1.489,0.066,-0.323,0.821,-2.153,3.137,3.13,btn_B
1780980874.712105,-0.83,-0.195,0.559,-0.221,1.351,-0.115,-0.757,-0.334,0.495,-4.672,19.252,-0.878,-0.23,-0.013,0.912,22.824,1.901,5.718,-0.338,-0.295,0.962,6.962,8.298,-0.023,0.052,-0.319,0.818,-0.076,2.42,0.58,btn_B
1780980874.814932,-0.827,-0.189,0.56,-0.458,2.519,-0.954,-0.76,-0.341,0.501,-6.672,6.519,-0.382,-0.258,-0.015,1.012,13.893,2.313,0.046,-0.346,-0.298,0.945,0.74,10.504,-0.863,0.052,-0.323,0.815,-0.534,1.176,-0.046,btn_B
1780980874.9286232,-0.822,-0.194,0.555,-1.16,2.977,-1.153,-0.753,-0.332,0.486,-7.626,-1.092,-0.397,-0.283,-0.003,1.009,2.756,1.885,2.985,-0.349,-0.309,0.937,1.802,6.901,-0.496,0.049,-0.324,0.824,-0.023,3.809,-0.611,btn_B
1780980875.0279624,-0.823,-0.189,0.555,-1.16,3.115,1.435,-0.805,-0.313,0.402,-5.198,-2.336,-2.519,-0.298,0.014,0.946,-2.229,-1.504,-0.122,-0.345,-0.307,0.943,-0.878,5.336,-1.305,0.056,-0.326,0.817,-0.115,0.802,-1.115,btn_B
1780980875.1265116,-0.833,-0.194,0.555,-2.435,0.924,-3.168,-0.725,-0.344,0.507,-6.069,-75.489,-3.71,-0.233,-0.046,0.78,-109.519,-17.053,-17.053,-0.35,-0.33,0.93,-11.618,-5.611,-4.794,0.053,-0.33,0.818,-5.244,-3.076,-1.947,btn_B
1780980875.2269287,-0.823,-0.203,0.557,-0.74,-2.55,-1.29,-0.691,-0.34,0.567,0.672,-25.802,2.176,-0.41,-0.521,1.325,-115.947,-10.42,-4.687,-0.385,-0.336,0.963,0.321,5.107,-1.351,0.04,-0.312,0.804,-2.863,-4.71,-1.359,btn_B
1780980875.3301988,-0.812,-0.201,0.568,-0.519,4.382,-1.046,-0.677,-0.332,0.606,-7.527,0.542,-1.107,-0.258,-0.348,0.934,-1.374,1.977,0.649,-0.336,-0.338,0.937,0.656,6.023,-0.176,0.063,-0.33,0.831,-0.885,1.947,0.344,btn_B
1780980875.4326925,-0.819,-0.199,0.562,-1.29,2.359,-0.412,-0.673,-0.333,0.597,-7.137,1.061,-0.687,-0.253,-0.349,0.924,-1.458,-0.252,0.031,-0.344,-0.337,0.94,1.504,7.702,0.008,0.066,-0.319,0.814,-0.824,2.0,-0.046,btn_B
1780980875.5408955,-0.821,-0.195,0.557,-0.374,1.198,-0.672,-0.677,-0.337,0.604,-6.84,0.672,-0.374,-0.253,-0.349,0.928,-0.74,-0.702,0.023,-0.336,-0.33,0.943,1.626,7.42,-0.687,0.062,-0.326,0.822,-0.504,3.046,-0.321,btn_B
1780980875.6402938,-0.822,-0.201,0.557,-1.115,1.405,-0.901,-0.679,-0.329,0.593,-5.84,0.565,-0.481,-0.255,-0.356,0.93,-0.802,-0.954,0.084,-0.341,-0.336,0.935,1.679,6.847,-0.611,0.074,-0.328,0.807,-0.053,2.427,0.038,btn_B
1780980875.741959,-0.82,-0.194,0.552,-0.924,1.168,-1.443,-0.68,-0.331,0.6,-6.924,0.489,-0.817,-0.256,-0.352,0.924,-1.183,0.267,0.405,-0.348,-0.332,0.95,1.847,7.382,-0.71,0.062,-0.324,0.82,-0.733,1.779,-0.16,btn_B
1780980875.8568077,-0.823,-0.197,0.559,-0.779,1.145,-0.374,-0.675,-0.333,0.59,-6.603,1.214,0.099,-0.247,-0.356,0.924,-1.0,0.145,0.328,-0.343,-0.337,0.937,1.443,7.298,0.313,0.067,-0.325,0.821,-0.328,2.733,-0.336,btn_B
1780980878.523221,-0.818,-0.202,0.553,-0.763,1.405,-0.939,-0.681,-0.335,0.593,-6.656,0.687,-0.504,-0.254,-0.369,0.92,-0.702,0.679,-0.176,-0.347,-0.34,0.932,1.534,7.168,-1.13,0.069,-0.329,0.816,-0.87,2.26,-0.298,btn_B
1780980878.6281245,-0.82,-0.198,0.552,-0.672,1.344,0.244,-0.678,-0.337,0.594,-6.466,0.802,-0.275,-0.253,-0.369,0.921,-0.466,0.427,0.16,-0.344,-0.345,0.931,1.557,6.855,-0.725,0.082,-0.333,0.815,-0.779,2.031,-0.206,btn_B
1780980878.729147,-0.823,-0.199,0.557,-0.931,1.313,-0.511,-0.677,-0.341,0.596,-6.397,0.595,-0.74,-0.252,-0.366,0.929,-0.076,-0.321,0.695,-0.364,-0.35,0.936,1.191,8.534,-0.748,0.074,-0.334,0.819,-1.0,1.611,-0.122,btn_B
1780980878.8424532,-0.827,-0.198,0.565,-1.061,1.679,-0.557,-0.681,-0.34,0.591,-6.641,0.931,-0.336,-0.252,-0.369,0.918,-0.603,0.115,0.221,-0.346,-0.343,0.93,1.618,7.992,0.092,0.064,-0.331,0.805,-0.573,1.969,0.122,btn_B
1780980878.9353185,-0.823,-0.199,0.558,-0.809,0.725,-0.87,-0.676,-0.341,0.593,-6.061,0.397,-0.107,-0.254,-0.367,0.929,1.267,-0.45,-0.427,-0.342,-0.352,0.931,4.473,5.977,0.191,0.077,-0.335,0.823,0.405,5.756,1.847,btn_B
1780980879.0377214,-0.815,-0.201,0.567,-1.618,-2.542,-1.718,-0.684,-0.334,0.589,-9.076,8.137,-0.565,-0.191,-0.31,0.668,175.382,-4.756,18.802,-0.323,-0.35,0.958,8.076,13.153,-0.885,0.067,-0.338,0.825,1.969,7.405,2.557,btn_B
1780980879.1409519,-0.819,-0.192,0.555,-0.878,0.458,0.092,-0.639,-0.354,0.715,-12.71,62.42,1.298,-0.248,-0.126,0.96,55.099,4.282,9.817,-0.357,-0.323,0.927,8.664,5.168,0.931,0.068,-0.328,0.812,-0.443,6.939,2.87,btn_B
1780980879.244312,-0.826,-0.195,0.554,-0.176,1.901,0.321,-0.709,-0.314,0.522,3.634,23.145,12.847,-0.311,-0.018,0.948,34.626,2.061,4.489,-0.356,-0.32,0.933,10.458,4.924,1.779,0.066,-0.336,0.812,-0.504,3.084,1.008,btn_B
1780980879.3571403,-0.826,-0.19,0.559,0.687,2.962,1.893,-0.697,-0.264,0.46,3.771,2.687,7.145,-0.27,0.024,0.955,11.29,1.115,0.427,-0.362,-0.305,0.928,4.412,8.489,0.076,0.059,-0.334,0.814,-0.527,3.824,0.771,btn_B
1780980879.4608245,-0.826,-0.187,0.549,-2.931,1.29,-2.763,-0.757,-0.304,0.53,-10.71,-2.595,-6.573,-0.285,0.006,1.002,-6.527,0.779,-1.221,-0.357,-0.303,0.938,0.115,8.008,-1.366,0.056,-0.327,0.808,0.824,1.786,-0.557,btn_B
1780980879.5617752,-0.834,-0.192,0.547,-1.206,1.374,-2.557,-1.159,-0.115,1.265,-14.115,-75.885,-12.664,-0.152,-0.047,0.983,-113.71,-24.847,-20.985,-0.364,-0.312,0.94,-11.962,-3.748,-4.015,0.052,-0.331,0.813,-5.122,-12.26,-3.099,btn_B
1780980879.6563437,-0.82,-0.198,0.562,-1.038,-5.336,-2.748,-0.658,-0.264,0.705,-0.595,-19.947,-2.107,-0.23,-0.278,1.275,-29.588,86.275,-9.664,-0.209,-0.368,0.921,3.496,9.267,-2.603,0.04,-0.33,0.722,-0.794,6.916,-0.069,btn_B
1780980879.7593305,-0.828,-0.195,0.563,-0.809,4.55,-0.641,-0.674,-0.331,0.603,-7.29,3.298,-0.679,-0.248,-0.35,0.925,-3.359,-3.366,0.458,-0.338,-0.335,0.943,1.107,8.031,-0.771,0.072,-0.338,0.811,-0.542,4.954,0.527,btn_B
1780980879.8763192,-0.817,-0.199,0.561,-1.504,1.916,-1.183,-0.671,-0.336,0.605,-7.115,0.702,-0.656,-0.251,-0.35,0.926,-1.122,-0.099,0.008,-0.34,-0.336,0.936,1.664,6.794,-0.206,0.074,-0.331,0.811,-0.679,2.58,0.244,btn_B
1780980879.9759328,-0.816,-0.201,0.562,-0.947,1.74,-1.168,-0.668,-0.333,0.605,-7.008,0.626,-1.008,-0.254,-0.353,0.928,-1.229,0.321,0.031,-0.338,-0.334,0.931,1.275,7.901,-0.26,0.071,-0.33,0.813,-0.962,1.977,-0.351,btn_B
1780980880.0738797,-0.82,-0.202,0.561,-0.603,1.519,-0.13,-0.673,-0.335,0.602,-6.901,0.733,-0.718,-0.249,-0.355,0.922,-1.168,0.855,0.031,-0.339,-0.337,0.932,1.504,7.71,-0.435,0.077,-0.328,0.805,-0.718,2.023,-0.344,btn_B
1780980880.1712303,-0.822,-0.203,0.557,-1.405,1.802,-1.382,-0.675,-0.337,0.598,-6.534,1.313,-1.023,-0.252,-0.357,0.934,-1.351,-0.153,0.275,-0.343,-0.336,0.942,1.794,7.206,-0.412,0.074,-0.333,0.81,-0.328,2.26,-0.046,btn_B
1780980880.274037,-0.819,-0.2,0.565,-0.824,1.656,-0.046,-0.674,-0.337,0.606,-6.229,1.038,-0.412,-0.247,-0.359,0.924,-0.748,-0.336,0.542,-0.34,-0.336,0.936,1.679,7.336,-0.809,0.073,-0.332,0.82,-0.443,2.588,0.389,btn_B
1780980880.3772347,-0.826,-0.202,0.56,-0.863,1.794,-1.053,-0.674,-0.334,0.6,-6.802,0.832,-0.115,-0.246,-0.355,0.927,-0.634,-0.412,-0.076,-0.339,-0.335,0.94,1.634,7.053,-0.611,0.067,-0.331,0.823,-0.855,1.702,-0.244,btn_B
1780980880.4903283,-0.821,-0.207,0.555,-1.412,2.412,-1.031,-0.671,-0.339,0.596,-6.565,0.748,-0.366,-0.25,-0.355,0.92,-0.656,0.176,-0.336,-0.339,-0.339,0.935,1.198,7.221,-0.611,0.073,-0.337,0.812,-0.618,1.802,-0.084,btn_B
1780980883.157982,-0.823,-0.201,0.561,-1.084,1.374,-1.115,-0.677,-0.343,0.603,-6.405,1.023,-0.496,-0.249,-0.368,0.913,-0.519,0.252,0.198,-0.339,-0.34,0.936,1.87,6.55,-0.84,0.072,-0.329,0.819,-0.473,2.817,-0.061,btn_B
1780980883.2610304,-0.825,-0.208,0.557,-1.221,1.099,-1.008,-0.675,-0.336,0.602,-6.275,0.954,-0.206,-0.252,-0.367,0.921,-0.298,-0.26,0.137,-0.342,-0.339,0.934,1.969,6.687,-0.656,0.07,-0.33,0.812,-0.427,2.466,-0.542,btn_B
1780980883.3641908,-0.822,-0.199,0.56,-0.878,1.191,-1.221,-0.675,-0.339,0.599,-6.374,0.863,-0.29,-0.253,-0.369,0.921,-0.611,-0.252,0.008,-0.343,-0.344,0.935,1.817,8.267,0.435,0.074,-0.324,0.818,-0.176,2.382,-0.008,btn_B
1780980883.475569,-0.823,-0.204,0.551,-0.351,1.557,0.176,-0.675,-0.34,0.601,-6.84,0.702,0.015,-0.251,-0.369,0.916,-0.389,-0.069,0.16,-0.339,-0.34,0.938,1.374,7.382,-0.313,0.071,-0.33,0.816,-0.542,2.336,0.336,btn_B
1780980883.5755596,-0.821,-0.201,0.559,-0.87,0.687,-0.878,-0.675,-0.343,0.594,-5.84,0.282,-0.298,-0.251,-0.368,0.926,1.321,-0.45,0.527,-0.341,-0.338,0.941,2.397,6.687,-0.336,0.07,-0.338,0.811,-0.634,2.008,-0.16,btn_B
1780980883.6730373,-0.812,-0.203,0.562,-1.099,-3.053,-1.443,-0.673,-0.34,0.615,-8.412,11.252,-0.565,-0.186,-0.274,1.038,155.435,4.031,21.695,-0.339,-0.328,0.928,4.511,16.473,-0.672,0.066,-0.336,0.811,1.855,4.214,0.962,btn_B
1780980883.7906144,-0.817,-0.196,0.56,0.427,5.924,0.817,-0.725,-0.353,0.458,-8.099,83.634,3.87,-0.158,-0.023,0.661,73.023,2.023,9.038,-0.355,-0.333,0.928,9.305,-1.023,2.672,0.065,-0.331,0.831,-2.939,7.015,2.252,btn_B
1780980883.8943725,-0.829,-0.196,0.556,-1.115,1.221,-1.084,-0.732,-0.34,0.484,-8.611,25.802,2.237,-0.301,0.011,0.874,25.344,5.962,1.282,-0.354,-0.308,0.94,4.252,11.069,0.618,0.059,-0.331,0.818,-0.45,4.244,1.634,btn_B
1780980883.9822161,-0.823,-0.193,0.566,-0.947,2.794,0.435,-0.765,-0.336,0.475,-6.42,9.084,1.885,-0.298,-0.01,1.033,8.87,2.786,-3.275,-0.343,-0.304,0.944,2.0,9.237,-0.16,0.05,-0.33,0.814,0.405,2.893,-0.344,btn_B
1780980884.0948186,-0.824,-0.194,0.562,-0.634,1.351,-1.023,-0.753,-0.331,0.479,-6.405,3.832,0.817,-0.307,0.019,0.944,1.878,-0.244,-1.489,-0.358,-0.307,0.93,1.153,7.824,-0.763,0.044,-0.326,0.817,-0.145,1.771,-0.55,btn_B
1780980884.1888142,-0.822,-0.193,0.556,-1.534,0.244,-1.481,-0.723,-0.315,0.5,-6.107,-12.145,-4.214,-0.338,-0.022,1.024,-15.099,3.649,0.29,-0.342,-0.315,0.945,-2.053,6.626,-2.595,0.054,-0.325,0.822,-0.412,-1.359,-2.069,btn_B
1780980884.2914782,-0.823,-0.19,0.56,-3.893,3.656,-3.221,-0.714,-0.335,0.499,-8.481,-104.58,-1.656,-0.271,-0.109,0.795,-134.023,-4.893,-21.634,-0.328,-0.325,0.946,-13.672,-2.298,-4.748,0.05,-0.342,0.821,-3.183,-7.275,-3.58,btn_B
1780980884.4069488,-0.809,-0.199,0.514,-9.527,17.313,-0.878,-0.691,-0.331,0.568,-3.153,-17.603,1.137,-0.194,-0.379,0.963,18.015,27.244,2.611,-0.364,-0.318,0.891,8.389,26.305,-0.183,0.064,-0.325,0.816,-0.687,-0.786,-0.466,btn_B
1780980884.5088122,-0.817,-0.199,0.566,-0.656,0.863,-1.282,-0.673,-0.334,0.599,-6.443,0.893,-0.573,-0.248,-0.353,0.93,-0.771,0.053,-0.389,-0.336,-0.337,0.937,2.069,9.069,-0.16,0.064,-0.333,0.81,-0.008,1.046,0.084,btn_B
1780980884.6066458,-0.815,-0.202,0.557,-1.29,1.511,-0.824,-0.675,-0.334,0.599,-6.733,0.557,-0.573,-0.25,-0.352,0.929,-1.0,-0.053,0.649,-0.329,-0.335,0.942,1.733,7.588,-0.427,0.063,-0.334,0.812,-0.29,2.702,-0.214,btn_B
1780980884.7035232,-0.82,-0.197,0.565,-0.916,1.046,-1.16,-0.675,-0.338,0.597,-6.412,0.573,-0.435,-0.248,-0.351,0.927,-1.038,0.206,0.557,-0.334,-0.338,0.941,1.817,7.237,-0.481,0.074,-0.34,0.815,-0.679,1.656,0.282,btn_B
1780980884.8063493,-0.821,-0.201,0.56,-0.74,0.924,-0.435,-0.673,-0.335,0.607,-6.427,0.718,-0.359,-0.246,-0.351,0.932,-0.87,0.267,0.374,-0.342,-0.338,0.938,1.412,7.702,-0.519,0.062,-0.337,0.82,-0.565,2.137,0.519,btn_B
1780980884.9096406,-0.821,-0.197,0.562,-1.046,1.985,-1.374,-0.673,-0.332,0.603,-6.618,1.168,0.092,-0.251,-0.356,0.922,-0.618,0.092,0.046,-0.345,-0.335,0.94,1.603,7.748,-0.275,0.077,-0.332,0.812,-0.634,1.855,-0.221,btn_B
1780980885.0244987,-0.82,-0.203,0.56,-1.107,1.718,-1.244,-0.677,-0.337,0.598,-6.557,0.947,-0.069,-0.248,-0.354,0.924,-0.634,-0.29,0.168,-0.339,-0.337,0.941,1.565,6.939,-0.565,0.069,-0.332,0.805,-0.832,2.733,-0.206,btn_B
1780980887.7937334,-0.82,-0.203,0.559,-0.832,1.931,-0.328,-0.678,-0.344,0.595,-6.649,0.611,-0.542,-0.25,-0.364,0.917,-0.664,0.0,0.389,-0.336,-0.341,0.938,1.931,6.847,-0.145,0.073,-0.333,0.818,-0.718,1.939,-0.198,btn_B
1780980887.9063725,-0.821,-0.204,0.555,-0.817,1.557,-0.939,-0.677,-0.339,0.602,-6.458,1.015,-0.389,-0.25,-0.365,0.917,-0.626,0.298,-0.298,-0.338,-0.342,0.936,1.656,6.977,-0.29,0.073,-0.334,0.809,-0.84,1.565,0.107,btn_B
1780980887.9994862,-0.815,-0.205,0.556,-1.298,1.84,-1.252,-0.672,-0.336,0.599,-6.015,0.565,-0.336,-0.247,-0.367,0.919,0.031,-0.061,-0.275,-0.335,-0.338,0.939,1.534,6.824,-0.359,0.072,-0.332,0.813,-0.626,2.008,-0.237,btn_B
1780980888.1025152,-0.826,-0.202,0.558,-0.534,1.214,-1.099,-0.673,-0.342,0.6,-6.45,0.649,-0.107,-0.251,-0.361,0.926,-0.122,-0.542,0.336,-0.334,-0.339,0.936,1.382,7.038,-0.725,0.069,-0.333,0.813,-0.656,1.718,-0.168,btn_B
1780980888.2053533,-0.823,-0.205,0.565,-0.87,1.42,-0.198,-0.675,-0.336,0.602,-6.427,0.473,-0.13,-0.251,-0.366,0.923,-0.389,0.26,0.153,-0.336,-0.339,0.935,1.481,6.855,-0.878,0.076,-0.337,0.82,-0.71,2.099,0.046,btn_B
1780980888.3260772,-0.821,-0.204,0.56,-0.786,1.359,-0.313,-0.676,-0.336,0.599,-6.244,0.672,-1.008,-0.248,-0.362,0.918,-0.321,0.206,0.344,-0.343,-0.338,0.933,1.573,6.863,-0.573,0.063,-0.338,0.814,-0.786,1.611,0.313,btn_B
1780980888.423801,-0.823,-0.203,0.565,-1.046,1.603,-0.626,-0.677,-0.337,0.599,-6.038,0.374,-0.71,-0.25,-0.362,0.928,0.122,-0.229,-0.061,-0.333,-0.341,0.937,2.321,6.626,-0.267,0.074,-0.333,0.81,-0.26,3.634,-0.099,btn_B
1780980888.5238483,-0.821,-0.204,0.561,-0.71,1.458,-0.45,-0.677,-0.34,0.595,-5.115,1.656,-0.901,-0.59,-0.587,1.075,35.382,1.55,21.786,-0.348,-0.342,0.925,2.206,-0.069,-2.779,0.078,-0.338,0.812,-1.42,1.046,-0.229,btn_B
1780980888.6234567,-0.814,-0.205,0.573,-1.275,2.84,0.176,-0.687,-0.336,0.594,-9.046,10.092,0.351,-0.37,-0.406,1.284,119.351,-1.534,20.916,-0.333,-0.342,0.947,9.427,12.099,0.031,0.06,-0.328,0.812,3.015,6.275,0.237,btn_B
1780980888.7210276,-0.813,-0.198,0.568,-0.786,5.473,0.076,-0.706,-0.334,0.51,-6.427,36.321,-0.656,-0.286,-0.144,1.061,43.275,4.855,3.985,-0.337,-0.333,0.936,6.611,6.824,0.55,0.059,-0.332,0.807,-1.069,5.229,1.718,btn_B
1780980888.823814,-0.825,-0.194,0.562,-0.359,1.511,-0.153,-0.762,-0.357,0.523,-4.397,40.794,4.702,-0.263,-0.034,0.939,40.13,9.389,0.122,-0.337,-0.309,0.939,9.42,14.412,1.328,0.06,-0.328,0.816,-0.763,4.336,1.809,btn_B
1780980888.9401064,-0.823,-0.193,0.557,-0.389,3.214,0.397,-0.771,-0.329,0.462,-6.122,14.069,1.099,-0.295,-0.018,1.009,14.389,1.71,-1.412,-0.361,-0.312,0.943,6.046,4.71,2.298,0.045,-0.327,0.825,-0.672,5.794,1.687,btn_B
1780980889.0405903,-0.825,-0.192,0.557,-0.092,-0.168,-0.382,-0.775,-0.329,0.449,-5.878,3.573,-0.176,-0.271,0.004,1.057,4.863,4.565,-1.908,-0.36,-0.311,0.94,1.473,7.42,-0.794,0.042,-0.331,0.826,-0.221,1.824,-0.168,btn_B
1780980889.1395857,-0.825,-0.192,0.557,-1.206,1.779,-0.542,-0.774,-0.324,0.44,-7.061,-12.466,-4.664,-0.161,0.084,0.793,-13.74,2.26,-1.863,-0.32,-0.297,0.943,-2.626,5.534,-1.832,0.044,-0.333,0.832,-0.527,0.466,-2.427,btn_B
1780980889.2400963,-0.844,-0.171,0.572,-3.908,-1.183,-2.954,-0.659,-0.35,0.597,-9.489,-132.992,-2.496,-0.305,-0.111,0.787,-159.45,-9.901,-27.031,-0.36,-0.411,0.906,-5.977,-14.031,-0.641,0.058,-0.338,0.82,-4.023,-4.588,-2.443,btn_B
1780980889.3391159,-0.843,-0.193,0.562,2.74,5.145,1.893,-0.614,-0.347,0.667,-10.779,6.962,0.122,-0.244,-0.32,0.905,-7.641,5.74,0.107,-0.335,-0.344,0.944,-5.634,-6.794,-1.145,0.082,-0.334,0.824,-3.321,3.534,-0.908,btn_B
1780980889.4418623,-0.819,-0.2,0.562,-1.366,2.336,-0.771,-0.677,-0.335,0.599,-7.176,1.069,-0.725,-0.242,-0.349,0.927,-1.13,1.0,0.084,-0.333,-0.335,0.943,2.71,8.748,-0.214,0.073,-0.332,0.821,-1.023,0.725,-0.214,btn_B
1780980889.5566332,-0.819,-0.205,0.566,-1.16,2.061,-1.076,-0.677,-0.331,0.594,-7.443,1.733,-0.405,-0.241,-0.351,0.928,-1.435,0.817,0.473,-0.331,-0.338,0.945,1.351,8.0,-0.099,0.067,-0.337,0.816,-0.481,1.756,0.061,btn_B
1780980889.6596463,-0.819,-0.202,0.564,-1.183,1.382,-0.588,-0.683,-0.334,0.599,-6.924,0.481,-0.481,-0.242,-0.35,0.933,-1.725,0.031,-0.023,-0.333,-0.337,0.94,1.229,7.588,-0.565,0.073,-0.33,0.814,-0.504,1.954,0.229,btn_B
1780980892.428558,-0.821,-0.199,0.564,-0.885,1.076,-0.649,-0.677,-0.336,0.594,-6.298,0.275,-0.885,-0.24,-0.364,0.926,-0.13,0.107,0.405,-0.338,-0.339,0.944,1.359,7.0,-0.42,0.073,-0.331,0.813,-0.534,2.481,-0.191,btn_B
1780980892.5333517,-0.827,-0.199,0.558,-1.229,1.534,-1.435,-0.676,-0.337,0.598,-6.786,0.527,-0.901,-0.244,-0.363,0.928,-0.649,0.366,-0.328,-0.337,-0.341,0.935,1.802,7.626,-0.756,0.072,-0.329,0.816,-0.481,2.168,0.008,btn_B
1780980892.641178,-0.824,-0.202,0.558,-1.015,1.748,-0.26,-0.68,-0.338,0.586,-6.504,0.611,-0.244,-0.246,-0.368,0.931,-0.511,-0.374,-0.084,-0.332,-0.343,0.942,1.611,6.534,-0.718,0.074,-0.333,0.817,-0.511,2.115,0.092,btn_B
1780980892.7415178,-0.819,-0.206,0.558,-0.702,1.863,-0.748,-0.678,-0.336,0.597,-6.275,0.55,0.0,-0.247,-0.361,0.923,-0.076,-0.252,0.489,-0.339,-0.337,0.936,0.992,6.191,0.031,0.066,-0.332,0.817,-0.595,1.664,-0.237,btn_B
1780980892.8568451,-0.819,-0.202,0.563,-1.023,1.374,-0.435,-0.678,-0.34,0.6,-6.305,0.305,-0.557,-0.242,-0.359,0.924,-0.458,0.153,0.634,-0.338,-0.34,0.946,1.779,7.336,0.191,0.071,-0.331,0.816,-0.679,2.763,-0.061,btn_B
1780980892.9572887,-0.821,-0.199,0.56,-0.656,1.305,-1.214,-0.681,-0.341,0.596,-6.603,0.641,-1.214,-0.242,-0.365,0.923,-0.046,-0.328,-0.191,-0.337,-0.339,0.937,1.733,6.847,-0.947,0.071,-0.332,0.812,-0.527,2.496,0.321,btn_B
1780980893.0562978,-0.823,-0.201,0.558,-0.802,1.191,-0.191,-0.676,-0.339,0.594,-5.733,-0.588,-0.412,-0.247,-0.366,0.938,2.275,-0.542,0.16,-0.332,-0.343,0.936,2.863,5.099,-0.489,0.07,-0.332,0.812,-0.748,2.687,-0.031,btn_B
1780980893.1575863,-0.804,-0.205,0.581,-1.756,5.573,0.901,-0.673,-0.33,0.61,-13.252,26.771,-0.802,-0.312,-0.244,0.405,179.748,-10.336,35.344,-0.367,-0.316,0.94,17.076,16.229,-0.504,0.056,-0.328,0.808,2.237,5.16,-0.282,btn_B
1780980893.252543,-0.818,-0.2,0.556,0.008,2.252,-0.16,-0.749,-0.344,0.524,-5.489,39.893,3.985,-0.259,-0.052,1.033,38.893,-0.885,8.519,-0.355,-0.308,0.953,5.504,3.55,1.71,0.049,-0.331,0.821,1.351,7.779,1.809,btn_B
1780980893.357207,-0.823,-0.196,0.556,-0.42,1.924,0.153,-0.75,-0.331,0.497,-5.725,11.55,1.573,-0.266,-0.028,1.089,14.802,4.931,-4.374,-0.339,-0.31,0.94,4.435,9.282,0.664,0.05,-0.327,0.818,0.321,5.947,1.336,btn_B
1780980893.4590015,-0.824,-0.192,0.557,-0.817,3.748,0.115,-0.772,-0.339,0.474,-6.298,8.641,-0.565,-0.26,0.017,0.984,10.931,5.519,-0.496,-0.343,-0.313,0.938,2.809,5.939,0.076,0.048,-0.331,0.812,0.725,2.107,-0.443,btn_B
1780980893.577376,-0.822,-0.195,0.565,-0.924,3.267,-0.015,-0.777,-0.323,0.464,-4.229,-0.992,0.267,-0.291,0.034,0.923,-0.275,-0.901,-0.061,-0.36,-0.315,0.939,-0.206,5.962,-1.214,0.054,-0.329,0.818,-1.595,2.267,-0.023,btn_B
1780980893.6738715,-0.835,-0.185,0.587,-1.908,4.267,-2.733,-0.676,-0.3,0.499,-7.527,-27.824,-7.206,-0.303,0.057,0.714,-53.573,-4.817,-8.237,-0.379,-0.314,0.878,3.985,-9.153,-1.427,0.054,-0.323,0.816,-1.779,-2.328,-3.053,btn_B
1780980893.772781,-0.835,-0.196,0.548,-1.855,-8.015,-3.55,-0.685,-0.34,0.578,2.603,-34.397,0.855,-0.257,-0.259,0.884,-189.672,-1.733,-15.656,-0.331,-0.341,0.927,-1.87,-1.779,-0.099,0.069,-0.329,0.815,-0.885,1.901,-1.015,btn_B
1780980893.8708494,-0.81,-0.218,0.582,2.45,5.115,0.366,-0.685,-0.337,0.573,-8.427,7.855,0.092,-0.261,-0.346,0.923,-6.756,-10.489,-0.519,-0.318,-0.339,0.962,2.557,9.626,0.053,0.087,-0.333,0.804,-0.679,4.748,0.031,btn_B
1780980893.9745111,-0.818,-0.197,0.566,-1.069,2.58,-0.618,-0.674,-0.334,0.604,-7.16,0.802,-0.779,-0.253,-0.348,0.928,-1.573,-0.565,0.115,-0.333,-0.342,0.936,1.481,7.969,-0.046,0.073,-0.335,0.812,-0.885,2.573,0.069,btn_B
1780980894.0878642,-0.82,-0.199,0.568,-0.405,2.084,-0.725,-0.679,-0.332,0.606,-6.809,0.802,-0.45,-0.255,-0.346,0.922,-1.84,-0.115,-0.321,-0.334,-0.341,0.944,1.733,7.16,-0.725,0.075,-0.333,0.818,-0.649,2.832,0.237,btn_B
1780980894.1904135,-0.822,-0.202,0.562,-0.901,1.947,-0.992,-0.675,-0.339,0.601,-6.687,1.0,-0.191,-0.257,-0.345,0.922,-1.191,-0.16,-0.084,-0.333,-0.336,0.932,1.603,6.511,-0.924,0.077,-0.333,0.811,-0.679,2.092,-0.527,btn_B
1780980894.2934465,-0.819,-0.199,0.569,-1.198,0.809,-1.405,-0.674,-0.336,0.598,-6.71,0.076,-0.076,-0.251,-0.36,0.928,-1.084,0.313,-0.206,-0.328,-0.34,0.94,1.42,6.16,-0.527,0.082,-0.333,0.808,-0.504,2.145,0.191,btn_B
1780980894.3861737,-0.823,-0.199,0.568,-1.099,1.252,-0.702,-0.674,-0.337,0.596,-6.771,0.809,-0.519,-0.25,-0.357,0.924,-1.046,0.305,0.389,-0.333,-0.339,0.933,1.771,7.832,0.031,0.07,-0.33,0.813,-0.176,2.672,-0.214,btn_B
1780980897.077761,-0.823,-0.199,0.56,-0.656,1.382,-1.542,-0.674,-0.335,0.601,-6.282,0.344,-0.733,-0.25,-0.367,0.919,-0.237,-0.496,-0.183,-0.333,-0.345,0.939,1.565,7.038,0.115,0.072,-0.333,0.815,-0.298,2.977,0.046,btn_B
1780980897.174446,-0.82,-0.205,0.558,-1.015,1.641,-0.389,-0.678,-0.336,0.601,-6.435,1.092,0.137,-0.25,-0.369,0.918,-0.198,0.221,-0.053,-0.336,-0.347,0.939,1.176,6.634,-0.336,0.07,-0.324,0.817,-0.809,1.756,-0.351,btn_B
1780980897.2746787,-0.817,-0.201,0.561,-0.969,0.885,-0.794,-0.677,-0.339,0.597,-6.534,1.176,0.099,-0.252,-0.369,0.919,-0.214,0.282,0.298,-0.337,-0.344,0.925,1.611,7.191,-0.565,0.078,-0.325,0.819,-0.84,2.061,0.061,btn_B
1780980897.3730364,-0.82,-0.202,0.564,-1.145,1.725,-1.092,-0.67,-0.336,0.589,-6.672,0.634,-0.031,-0.253,-0.368,0.919,-0.496,-0.115,0.672,-0.337,-0.345,0.94,1.695,7.176,-0.885,0.074,-0.328,0.817,-0.603,2.832,-0.076,btn_B
1780980897.4761262,-0.817,-0.201,0.567,-0.725,1.679,-0.489,-0.675,-0.337,0.599,-6.389,0.802,-0.58,-0.25,-0.374,0.919,-0.481,0.168,0.076,-0.34,-0.346,0.928,1.771,6.855,-0.489,0.074,-0.333,0.812,-0.672,2.481,-0.038,btn_B
1780980897.5944808,-0.819,-0.2,0.56,-0.565,0.924,-0.947,-0.679,-0.339,0.598,-5.832,-0.405,-0.893,-0.252,-0.369,0.939,1.458,-0.55,-0.389,-0.333,-0.344,0.938,3.321,5.42,0.298,0.073,-0.332,0.82,-1.16,2.679,-0.031,btn_B
1780980897.6911416,-0.808,-0.201,0.568,-1.359,-1.71,-2.282,-0.686,-0.336,0.589,-7.015,7.145,-0.718,-0.264,-0.365,1.024,109.198,9.137,17.832,-0.312,-0.354,0.945,12.313,13.962,-0.618,0.09,-0.353,0.819,4.0,6.802,1.481,btn_B
1780980897.7852077,-0.828,-0.193,0.552,-0.924,3.031,-0.084,-0.694,-0.347,0.583,-8.466,21.038,0.595,-0.229,-0.108,0.854,75.992,4.794,9.672,-0.315,-0.315,0.955,6.183,9.382,0.076,0.058,-0.329,0.82,1.977,2.26,1.084,btn_B
1780980897.888122,-0.817,-0.2,0.568,0.015,0.84,1.031,-0.744,-0.341,0.497,-11.55,38.069,7.687,-0.301,-0.055,0.99,38.901,6.725,0.336,-0.33,-0.309,0.955,5.13,15.809,-0.221,0.061,-0.324,0.825,0.588,2.267,1.115,btn_B
1780980897.9913735,-0.819,-0.193,0.565,-0.832,2.84,-0.397,-0.773,-0.354,0.528,-3.664,9.26,-0.565,-0.274,0.014,0.911,8.962,0.763,-1.504,-0.34,-0.308,0.942,0.313,9.176,-1.031,0.062,-0.325,0.822,-2.015,2.298,-0.092,btn_B
1780980898.1076207,-0.822,-0.194,0.565,-1.237,2.076,-0.405,-0.748,-0.313,0.463,-5.603,6.229,2.099,-0.283,0.004,0.968,3.824,1.115,-0.565,-0.348,-0.313,0.949,2.252,5.878,0.511,0.062,-0.324,0.808,-0.725,1.58,0.061,btn_B
1780980898.2038422,-0.815,-0.187,0.552,-0.55,1.84,-0.71,-0.732,-0.312,0.476,-8.725,-1.573,-4.481,-0.278,0.002,1.008,-5.015,-1.809,-0.656,-0.353,-0.311,0.939,-0.489,7.191,-0.595,0.058,-0.325,0.824,0.145,3.214,-0.695,btn_B
1780980898.3045866,-0.818,-0.192,0.573,-2.565,4.641,-2.779,-0.788,-0.323,0.44,-3.908,-50.565,-6.969,-0.269,0.024,0.663,-92.015,-6.229,-13.954,-0.353,-0.31,0.962,-9.656,-6.511,-4.962,0.059,-0.321,0.806,-5.015,-6.076,-3.611,btn_B
1780980898.4033577,-0.819,-0.201,0.565,-1.344,-4.16,-2.878,-0.648,-0.303,0.693,0.489,-20.527,-0.595,-0.333,-0.492,1.247,-171.908,-15.664,-24.244,-0.347,-0.334,0.933,-6.824,8.511,0.26,0.092,-0.341,0.803,0.397,4.237,0.198,btn_B
1780980898.5060759,-0.827,-0.19,0.564,-2.382,-0.137,-1.221,-0.676,-0.34,0.595,-7.29,-0.504,-0.725,-0.244,-0.355,0.934,-3.336,-2.16,0.397,-0.328,-0.342,0.947,2.092,8.122,-0.099,0.067,-0.324,0.813,-0.061,3.344,1.878,btn_B
1780980898.609338,-0.819,-0.201,0.568,-1.145,0.885,-0.649,-0.675,-0.338,0.604,-6.55,0.649,-0.351,-0.249,-0.352,0.929,-1.099,0.061,-0.145,-0.347,-0.333,0.931,1.244,6.641,0.45,0.07,-0.329,0.822,-0.267,1.687,-0.634,btn_B
1780980898.723761,-0.815,-0.2,0.569,-1.038,1.16,-1.527,-0.677,-0.337,0.592,-6.954,0.718,-0.458,-0.245,-0.354,0.927,-1.771,0.733,-0.397,-0.325,-0.342,0.948,1.115,7.183,-0.664,0.069,-0.334,0.811,-0.634,2.13,0.206,btn_B
1780980898.8266811,-0.817,-0.201,0.565,-0.985,2.405,-0.229,-0.678,-0.343,0.592,-6.794,0.985,-0.053,-0.25,-0.355,0.924,-1.328,0.397,0.282,-0.331,-0.34,0.935,1.511,6.832,-0.427,0.068,-0.328,0.811,-0.534,1.595,-0.145,btn_B
1780980898.9249797,-0.816,-0.199,0.568,-0.802,1.351,-1.206,-0.676,-0.341,0.601,-6.038,0.145,-0.321,-0.245,-0.358,0.93,-0.588,-0.855,0.237,-0.331,-0.337,0.936,2.061,5.985,-0.664,0.072,-0.336,0.82,-0.221,2.496,-0.794,btn_B
1780980901.7070997,-0.816,-0.2,0.562,-0.847,1.282,-0.817,-0.672,-0.338,0.601,-6.374,0.847,-0.176,-0.253,-0.368,0.923,-0.336,0.191,0.099,-0.327,-0.341,0.941,1.756,7.603,-0.58,0.076,-0.325,0.821,-0.565,2.076,0.122,btn_B
1780980901.8025346,-0.818,-0.2,0.567,-0.885,1.962,-1.702,-0.675,-0.34,0.598,-6.779,0.412,-0.763,-0.246,-0.371,0.923,-0.679,0.244,-0.153,-0.328,-0.341,0.935,1.061,6.794,-0.183,0.082,-0.334,0.809,-0.511,2.511,-0.084,btn_B
1780980901.904922,-0.815,-0.203,0.562,-1.229,1.756,-0.809,-0.677,-0.343,0.599,-6.489,0.954,-0.58,-0.251,-0.369,0.918,-0.481,0.221,0.458,-0.331,-0.341,0.944,1.649,6.847,-0.145,0.07,-0.33,0.813,-0.366,2.397,0.145,btn_B
1780980902.0087128,-0.821,-0.201,0.558,-0.916,1.244,-0.458,-0.675,-0.339,0.591,-6.214,0.794,0.061,-0.246,-0.369,0.921,-0.015,-0.534,0.137,-0.328,-0.343,0.937,1.794,6.198,-0.71,0.073,-0.331,0.808,-0.748,2.015,-0.053,btn_B
1780980902.1226122,-0.817,-0.2,0.558,-1.0,1.427,-1.305,-0.677,-0.34,0.594,-6.16,0.595,-0.252,-0.25,-0.372,0.917,-0.237,0.046,-0.084,-0.33,-0.343,0.939,1.84,7.313,-0.695,0.071,-0.337,0.817,-0.458,2.412,-0.038,btn_B
1780980902.2238593,-0.819,-0.199,0.561,-1.053,1.855,-0.588,-0.676,-0.342,0.598,-6.565,0.45,-0.702,-0.248,-0.371,0.919,-0.382,0.321,-0.29,-0.329,-0.342,0.945,1.344,6.809,-0.847,0.076,-0.323,0.814,-0.489,2.794,0.313,btn_B
1780980902.317613,-0.82,-0.199,0.564,-0.687,1.588,-1.153,-0.672,-0.342,0.597,-6.031,-0.069,-1.374,-0.25,-0.366,0.916,1.053,-0.313,0.0,-0.33,-0.344,0.943,2.298,6.511,-0.305,0.09,-0.329,0.802,-0.664,2.206,0.26,btn_B
1780980902.420594,-0.821,-0.204,0.561,-0.824,0.092,-0.16,-0.676,-0.28,0.607,-6.664,0.763,-0.908,-0.397,-0.582,1.64,90.977,3.267,24.313,-0.3,-0.356,0.941,8.58,8.496,-0.931,0.064,-0.331,0.815,-0.214,1.634,0.794,btn_B
1780980902.523445,-0.809,-0.2,0.572,-0.863,5.924,0.336,-0.668,-0.355,0.62,-10.771,23.092,3.061,-0.324,-0.227,1.106,94.534,4.763,8.863,-0.323,-0.331,0.943,11.618,16.557,1.099,0.046,-0.314,0.801,0.107,4.565,1.389,btn_B
1780980902.638204,-0.82,-0.194,0.567,0.237,4.008,1.649,-0.761,-0.348,0.503,-9.351,30.534,5.557,-0.268,-0.033,0.934,29.916,4.847,1.924,-0.345,-0.305,0.939,2.42,13.626,-1.0,0.072,-0.325,0.816,-2.168,1.794,1.221,btn_B
1780980902.7364845,-0.82,-0.191,0.553,-0.901,1.687,-0.977,-0.72,-0.319,0.476,-6.939,4.244,0.176,-0.296,-0.055,1.149,13.901,2.634,1.046,-0.327,-0.326,0.958,2.924,11.061,-0.099,0.05,-0.331,0.815,1.885,3.252,-0.275,btn_B
1780980902.8409548,-0.819,-0.19,0.557,0.099,1.908,0.466,-0.781,-0.311,0.488,-3.191,3.496,2.763,-0.278,0.021,0.925,5.092,3.092,1.412,-0.347,-0.301,0.918,1.26,7.206,-0.405,0.052,-0.33,0.812,0.237,2.634,-0.756,btn_B
1780980902.9359074,-0.824,-0.187,0.557,-0.45,1.656,-0.695,-0.735,-0.297,0.475,-8.275,-7.87,-7.55,-0.276,0.048,0.897,-13.519,-5.679,0.382,-0.347,-0.307,0.95,-0.885,2.908,-0.595,0.059,-0.324,0.822,-1.122,3.412,0.145,btn_B
1780980903.038805,-0.836,-0.202,0.545,-1.29,1.053,-3.344,-0.748,-0.342,0.513,-1.832,-79.374,-7.298,-0.206,-0.014,0.752,-113.725,-11.107,-14.779,-0.35,-0.327,0.955,-12.962,-6.214,-7.206,0.066,-0.331,0.823,-4.298,-9.985,-5.496,btn_B
1780980903.1524932,-0.824,-0.201,0.562,-0.267,-4.137,-2.344,-0.606,-0.279,0.617,-0.832,-20.382,-0.198,-0.1,-0.146,0.62,-4.26,80.031,-9.878,-0.153,-0.345,0.971,7.191,8.305,0.74,0.053,-0.3,0.752,3.511,0.863,-0.267,btn_B
1780980903.25489,-0.822,-0.198,0.573,-0.863,3.611,-0.031,-0.677,-0.332,0.598,-7.145,3.191,-0.42,-0.249,-0.348,0.928,-2.802,-2.107,-0.321,-0.329,-0.342,0.944,0.099,8.221,-0.771,0.075,-0.332,0.812,-0.695,4.71,1.198,btn_B
1780980903.3563797,-0.817,-0.204,0.562,-1.328,1.908,-0.55,-0.673,-0.333,0.597,-7.099,1.061,-0.649,-0.25,-0.35,0.924,-2.038,0.397,-0.015,-0.33,-0.344,0.936,0.702,6.573,-0.641,0.076,-0.33,0.813,-0.672,2.443,-0.13,btn_B
1780980903.456242,-0.816,-0.199,0.569,-1.13,1.687,-1.0,-0.675,-0.339,0.601,-6.588,0.885,-0.092,-0.25,-0.356,0.928,-0.366,-0.107,0.748,-0.331,-0.346,0.941,1.969,7.305,-0.061,0.08,-0.332,0.816,-1.023,2.076,-0.176,btn_B
1780980903.5531166,-0.816,-0.201,0.566,-0.733,2.191,-0.435,-0.675,-0.334,0.606,-6.168,0.748,-0.145,-0.247,-0.353,0.93,-0.176,-0.321,0.382,-0.335,-0.34,0.938,1.802,6.939,-0.489,0.079,-0.33,0.809,-0.786,2.008,-0.519,btn_B
1780980906.3343883,-0.816,-0.202,0.573,-0.74,1.359,-0.328,-0.674,-0.337,0.612,-6.313,0.878,-0.473,-0.255,-0.362,0.92,-0.382,-0.763,0.069,-0.333,-0.344,0.941,1.763,6.58,-0.511,0.079,-0.328,0.813,-0.656,2.099,-0.42,btn_B
1780980906.4429576,-0.815,-0.201,0.562,-1.076,2.031,-0.664,-0.676,-0.335,0.605,-6.389,0.695,-0.527,-0.249,-0.364,0.924,-0.679,0.427,0.229,-0.33,-0.346,0.942,1.481,6.573,-0.595,0.072,-0.327,0.817,-0.817,2.145,-0.092,btn_B
1780980906.5408669,-0.818,-0.201,0.563,-0.924,1.374,-1.076,-0.674,-0.339,0.605,-6.427,0.679,-0.885,-0.255,-0.362,0.922,-0.618,0.496,0.618,-0.331,-0.344,0.931,1.641,6.802,-0.153,0.075,-0.325,0.803,-0.504,2.748,0.275,btn_B
1780980906.6437774,-0.819,-0.201,0.565,-0.527,0.878,-0.389,-0.672,-0.342,0.601,-6.55,0.702,-0.366,-0.251,-0.366,0.925,-0.244,-0.534,0.145,-0.33,-0.344,0.937,1.931,7.244,-0.221,0.075,-0.33,0.821,-0.435,2.542,-0.275,btn_B
1780980906.7461443,-0.816,-0.204,0.566,-0.84,1.0,-0.611,-0.673,-0.336,0.596,-6.55,0.45,-0.275,-0.25,-0.362,0.918,-0.176,-0.443,-0.16,-0.328,-0.346,0.936,1.496,6.931,-1.122,0.076,-0.33,0.821,-0.687,1.496,-0.076,btn_B
1780980906.8731174,-0.819,-0.202,0.567,-1.031,1.443,-1.092,-0.672,-0.335,0.598,-6.45,0.695,-0.557,-0.253,-0.364,0.922,-0.031,0.42,-0.206,-0.331,-0.347,0.938,1.901,6.901,-0.542,0.074,-0.327,0.812,-0.244,2.962,0.336,btn_B
1780980906.952865,-0.824,-0.202,0.562,-0.802,2.145,0.626,-0.665,-0.402,0.552,-4.275,1.427,0.992,-0.391,-0.548,1.513,91.237,3.649,43.122,-0.317,-0.354,0.954,4.908,5.824,-2.779,0.073,-0.328,0.825,-0.328,-0.29,0.573,btn_B
1780980907.055668,-0.814,-0.198,0.569,-0.336,2.42,0.099,-0.688,-0.344,0.563,-8.496,23.542,0.267,-0.275,-0.134,0.873,77.595,0.489,13.634,-0.305,-0.32,0.97,9.656,8.55,1.115,0.072,-0.329,0.815,1.397,5.626,2.992,btn_B
1780980907.1718936,-0.825,-0.197,0.555,-1.786,4.405,0.282,-0.712,-0.345,0.538,-7.985,24.382,1.015,-0.264,-0.046,0.926,31.802,5.878,1.489,-0.326,-0.322,0.95,5.321,9.191,0.992,0.07,-0.314,0.82,-0.573,6.237,2.374,btn_B
1780980907.2614858,-0.819,-0.196,0.562,-0.977,2.26,-0.214,-0.717,-0.335,0.504,-1.229,17.771,7.916,-0.257,0.012,0.919,23.756,5.824,-5.038,-0.363,-0.322,0.929,3.855,14.779,0.924,0.057,-0.323,0.82,1.443,3.939,2.015,btn_B
1780980907.3729308,-0.825,-0.193,0.546,-1.137,2.008,0.84,-0.724,-0.288,0.429,-3.405,7.58,3.779,-0.293,0.017,1.014,7.893,2.519,-2.733,-0.346,-0.306,0.963,2.443,6.481,-0.015,0.05,-0.33,0.816,0.313,1.244,-0.885,btn_B
1780980907.4677074,-0.83,-0.194,0.56,-1.191,1.351,-0.901,-0.755,-0.308,0.445,-4.756,1.305,1.939,-0.293,0.02,1.016,2.053,-1.405,0.962,-0.356,-0.311,0.953,1.908,7.282,-0.695,0.057,-0.331,0.82,-0.466,0.504,-0.038,btn_B
1780980907.5706658,-0.826,-0.198,0.565,-1.244,2.779,-0.779,-0.749,-0.328,0.511,-9.74,-7.924,-6.931,-0.286,0.06,0.862,-15.382,-6.412,0.84,-0.339,-0.302,0.917,-4.809,5.817,-1.565,0.055,-0.32,0.82,-0.229,3.282,-0.603,btn_B
1780980907.6877975,-0.828,-0.191,0.553,-2.069,1.656,-2.863,-0.755,-0.35,0.51,-4.008,-68.878,-5.145,-0.209,-0.03,0.769,-101.473,-14.74,-12.061,-0.349,-0.325,0.958,-8.634,-8.389,-4.84,0.065,-0.325,0.821,-4.527,-6.084,-4.092,btn_B
1780980907.789734,-0.829,-0.195,0.564,-1.183,-3.221,-1.168,-0.716,-0.35,0.51,-1.282,-24.901,1.183,-0.411,-0.491,1.254,-122.489,-2.282,-17.229,-0.299,-0.339,0.926,-2.832,7.321,-1.26,0.065,-0.329,0.822,0.252,1.794,-0.779,btn_B
1780980907.892396,-0.813,-0.2,0.566,-1.145,0.557,-1.534,-0.674,-0.338,0.597,-7.847,0.885,-0.901,-0.257,-0.357,0.928,-1.817,0.168,0.198,-0.331,-0.335,0.934,1.275,7.061,-0.176,0.07,-0.327,0.818,-1.099,3.053,0.473,btn_B
1780980907.9881752,-0.819,-0.199,0.558,-0.954,1.947,-0.855,-0.678,-0.337,0.592,-6.527,0.901,-0.656,-0.255,-0.354,0.925,-1.29,0.427,0.458,-0.333,-0.34,0.942,1.435,6.71,-0.305,0.081,-0.329,0.815,-0.458,1.542,-0.321,btn_B
1780980908.085409,-0.819,-0.206,0.563,-1.13,0.924,-0.779,-0.675,-0.336,0.59,-6.374,0.725,-0.435,-0.255,-0.353,0.925,-0.939,0.198,0.13,-0.33,-0.339,0.938,1.702,6.87,-0.427,0.071,-0.331,0.818,-0.634,1.58,-0.359,btn_B
1780980908.1885042,-0.817,-0.202,0.569,-1.092,1.366,-0.908,-0.676,-0.336,0.597,-6.405,1.015,-0.527,-0.25,-0.356,0.924,-0.649,-0.13,-0.275,-0.33,-0.338,0.943,1.275,7.366,-0.656,0.076,-0.328,0.815,-0.748,1.817,0.206,btn_B
1780980910.972073,-0.818,-0.199,0.57,-0.458,1.756,0.053,-0.677,-0.341,0.596,-6.076,0.779,-0.55,-0.258,-0.368,0.923,-0.427,-0.122,0.489,-0.331,-0.34,0.948,1.168,7.511,0.008,0.074,-0.328,0.81,-0.45,1.672,0.55,btn_B
1780980911.0727954,-0.817,-0.197,0.565,-0.58,2.26,-0.893,-0.678,-0.342,0.599,-6.618,0.824,-0.015,-0.256,-0.371,0.918,-0.641,0.435,0.71,-0.331,-0.344,0.941,1.29,6.977,0.0,0.075,-0.334,0.815,-0.527,2.267,-0.015,btn_B
1780980911.176367,-0.818,-0.2,0.561,-1.481,1.534,-0.603,-0.678,-0.338,0.599,-6.679,0.611,-0.649,-0.253,-0.37,0.915,-0.389,0.168,-0.214,-0.337,-0.342,0.935,1.672,6.16,-0.557,0.076,-0.33,0.81,-0.397,2.641,-0.275,btn_B
1780980911.2877593,-0.814,-0.2,0.567,-0.817,1.069,-0.771,-0.677,-0.337,0.595,-6.26,0.656,-0.748,-0.254,-0.366,0.924,-0.076,-0.748,-0.298,-0.334,-0.345,0.94,1.908,6.939,-0.931,0.071,-0.332,0.814,-0.55,2.267,0.145,btn_B
1780980911.3898342,-0.82,-0.207,0.561,-0.565,1.611,-0.221,-0.677,-0.339,0.59,-6.267,1.145,-0.153,-0.252,-0.37,0.92,-0.069,-0.206,0.382,-0.336,-0.343,0.935,1.656,8.038,-0.366,0.077,-0.332,0.808,-0.58,2.267,-0.069,btn_B
1780980911.4848394,-0.815,-0.202,0.558,-1.099,0.847,-1.481,-0.674,-0.34,0.604,-6.42,0.328,-0.191,-0.254,-0.366,0.923,-0.221,-0.29,0.076,-0.328,-0.344,0.944,1.893,6.412,-0.74,0.073,-0.33,0.811,-0.725,2.588,-0.214,btn_B
1780980911.5878859,-0.821,-0.199,0.57,-1.023,0.458,0.198,-0.674,-0.332,0.593,-5.725,0.435,0.473,-0.296,-0.381,1.142,13.26,5.626,4.122,-0.331,-0.339,0.938,5.427,6.878,-0.282,0.069,-0.341,0.834,-1.748,3.267,1.412,btn_B
1780980911.7038238,-0.808,-0.203,0.581,-1.824,2.313,0.092,-0.675,-0.336,0.616,-10.786,14.885,0.557,-0.28,-0.195,0.935,92.214,7.71,4.939,-0.331,-0.325,0.936,7.908,17.611,0.641,0.064,-0.321,0.808,2.511,8.664,2.153,btn_B
1780980911.8037233,-0.829,-0.199,0.559,-0.137,3.153,0.153,-0.781,-0.369,0.484,-6.618,45.145,4.557,-0.269,0.018,0.799,36.183,6.061,-1.191,-0.344,-0.308,0.954,5.076,15.282,0.466,0.062,-0.333,0.819,-1.756,2.634,1.076,btn_B
1780980911.9033089,-0.82,-0.193,0.565,-1.038,0.168,-0.626,-0.712,-0.343,0.514,0.626,8.756,-4.069,-0.279,0.002,0.971,15.756,-1.046,-1.336,-0.352,-0.301,0.932,7.008,5.565,2.137,0.045,-0.324,0.819,0.725,4.198,0.603,btn_B
1780980911.9997857,-0.819,-0.197,0.563,-0.031,0.405,-0.084,-0.761,-0.333,0.481,-3.87,6.191,-0.435,-0.291,0.001,1.055,10.573,2.534,-1.282,-0.356,-0.308,0.947,0.519,11.649,-0.74,0.059,-0.326,0.818,0.122,2.618,0.466,btn_B
1780980912.102557,-0.821,-0.194,0.556,-0.649,2.061,-0.603,-0.766,-0.331,0.466,-5.725,-2.145,-1.504,-0.301,0.028,0.955,-3.534,-4.176,0.366,-0.351,-0.308,0.948,-0.42,5.137,-0.435,0.052,-0.325,0.825,-0.985,1.687,-0.611,btn_B
1780980912.2059565,-0.829,-0.191,0.556,-2.405,3.084,-2.237,-0.709,-0.304,0.475,-7.397,-37.061,-8.198,-0.276,0.042,0.773,-67.756,-5.977,-7.977,-0.35,-0.305,0.956,-3.794,-8.641,-2.58,0.047,-0.325,0.816,-4.412,-0.672,-1.733,btn_B
1780980912.3232076,-0.825,-0.201,0.557,-0.244,-11.244,-4.229,-0.691,-0.329,0.559,2.183,-37.115,0.718,-0.137,-0.383,0.821,-223.58,-0.74,-27.252,-0.326,-0.372,0.961,-1.969,-3.832,0.16,0.073,-0.326,0.813,-1.748,1.641,-1.053,btn_B
1780980912.4206774,-0.818,-0.204,0.576,0.519,4.603,-0.58,-0.662,-0.34,0.62,-7.626,2.015,-0.359,-0.255,-0.333,0.924,-2.0,1.718,-0.244,-0.327,-0.337,0.961,3.252,11.0,-0.611,0.071,-0.339,0.818,0.779,-0.511,0.061,btn_B
1780980912.526563,-0.822,-0.2,0.554,-1.321,0.405,-0.74,-0.675,-0.335,0.598,-6.557,-0.504,-0.344,-0.245,-0.351,0.931,-0.679,-0.885,0.092,-0.331,-0.339,0.947,1.672,8.267,-0.076,0.076,-0.33,0.827,0.176,1.359,-0.145,btn_B
1780980912.6180367,-0.82,-0.204,0.56,-0.931,1.473,-1.29,-0.673,-0.337,0.605,-6.71,0.519,-0.374,-0.248,-0.351,0.93,-1.099,0.626,0.366,-0.337,-0.337,0.939,1.389,6.901,-0.58,0.075,-0.329,0.812,-0.763,2.008,-0.153,btn_B
1780980912.7207355,-0.819,-0.2,0.561,-0.542,1.427,-0.069,-0.674,-0.335,0.608,-6.71,0.771,-0.656,-0.252,-0.352,0.923,-1.366,0.366,-0.153,-0.333,-0.342,0.942,1.45,7.015,-0.679,0.07,-0.333,0.818,-0.618,2.198,-0.099,btn_B
1780980912.8346484,-0.82,-0.203,0.558,-0.939,1.389,-0.542,-0.675,-0.34,0.601,-6.992,0.13,-1.015,-0.25,-0.357,0.93,-1.023,-0.435,-0.519,-0.335,-0.336,0.942,1.534,6.992,-0.87,0.077,-0.333,0.815,-0.817,1.229,0.053,btn_B
1780980915.6044636,-0.823,-0.199,0.56,-1.412,1.351,-0.786,-0.669,-0.336,0.598,-6.969,0.534,-0.702,-0.252,-0.373,0.918,-0.611,-0.359,0.58,-0.331,-0.338,0.936,1.763,7.359,-0.168,0.066,-0.335,0.815,-0.817,2.321,-0.008,btn_B
1780980915.7229888,-0.821,-0.201,0.563,-0.542,1.626,-0.282,-0.673,-0.341,0.598,-6.58,0.519,-0.573,-0.246,-0.371,0.92,-0.45,-0.092,0.275,-0.336,-0.346,0.944,1.672,6.977,-0.748,0.074,-0.331,0.81,-0.763,1.779,-0.351,btn_B
1780980915.8210127,-0.819,-0.199,0.569,-1.061,2.038,-1.214,-0.671,-0.338,0.602,-6.725,0.221,-0.519,-0.249,-0.367,0.92,-0.29,0.687,-0.023,-0.333,-0.341,0.939,1.076,6.557,-0.802,0.073,-0.332,0.818,-0.718,3.061,-0.145,btn_B
1780980915.9139473,-0.824,-0.198,0.558,-1.496,1.924,-0.893,-0.675,-0.337,0.594,-6.496,0.908,-0.267,-0.25,-0.368,0.921,-0.687,0.275,-0.008,-0.332,-0.341,0.941,1.55,6.695,-0.176,0.07,-0.326,0.818,-0.534,2.252,0.412,btn_B
1780980916.0169258,-0.824,-0.195,0.565,-0.847,0.878,-0.771,-0.675,-0.34,0.593,-6.237,0.908,-0.183,-0.247,-0.371,0.923,-0.076,-0.573,0.13,-0.334,-0.337,0.936,2.008,6.878,-0.244,0.072,-0.331,0.809,-0.733,1.893,-0.099,btn_B
1780980916.119715,-0.821,-0.201,0.559,-1.122,0.817,-0.611,-0.675,-0.344,0.6,-6.45,0.611,-0.137,-0.247,-0.373,0.921,-0.321,-0.191,0.092,-0.333,-0.341,0.935,1.733,6.702,-0.855,0.072,-0.33,0.829,-0.389,2.092,0.038,btn_B
1780980916.2372851,-0.823,-0.193,0.556,-1.168,1.893,-1.328,-0.674,-0.34,0.604,-6.702,0.603,0.137,-0.248,-0.372,0.921,-0.405,0.229,0.252,-0.332,-0.339,0.935,1.573,6.511,-0.618,0.069,-0.33,0.816,-0.58,1.847,0.214,btn_B
1780980916.3353117,-0.826,-0.203,0.563,-1.214,2.305,-0.427,-0.674,-0.343,0.601,-6.397,0.557,-0.389,-0.253,-0.372,0.932,0.947,1.328,0.359,-0.336,-0.343,0.933,2.16,5.664,-0.473,0.071,-0.338,0.818,-0.771,1.924,-0.473,btn_B
1780980916.4365559,-0.852,-0.19,0.533,-1.947,2.924,-0.802,-0.695,-0.347,0.473,-7.847,34.122,1.901,-0.062,0.073,0.119,79.481,-16.023,28.672,-0.327,-0.298,0.948,6.672,-3.641,-2.985,0.092,-0.338,0.833,-3.763,1.084,-0.221,btn_B
1780980916.5317101,-0.829,-0.189,0.552,-1.435,0.947,-1.137,-0.705,-0.346,0.569,-3.321,21.153,-0.168,-0.226,-0.09,1.049,27.061,-0.527,4.168,-0.319,-0.322,0.955,1.382,7.42,0.359,0.047,-0.328,0.825,0.893,8.237,2.099,btn_B
1780980916.6351287,-0.812,-0.196,0.567,-0.901,4.969,1.26,-0.751,-0.319,0.486,-2.252,21.733,4.053,-0.312,-0.004,0.939,23.588,3.947,-0.427,-0.338,-0.318,0.946,4.153,12.87,-0.145,0.062,-0.321,0.804,-0.038,3.656,0.878,btn_B
1780980916.7381618,-0.828,-0.198,0.557,-1.237,2.427,1.16,-0.758,-0.323,0.494,3.351,5.168,10.626,-0.285,-0.011,1.027,18.038,0.137,-0.427,-0.362,-0.309,0.933,8.145,6.656,-0.748,0.053,-0.323,0.813,0.939,0.107,-1.023,btn_B
1780980916.858346,-0.821,-0.188,0.561,-1.053,0.908,-1.366,-0.787,-0.323,0.546,-6.542,3.298,-0.962,-0.286,0.016,1.0,2.855,1.565,-1.405,-0.346,-0.313,0.937,1.191,8.427,-0.344,0.052,-0.332,0.821,-0.435,1.656,-0.137,btn_B
1780980916.954344,-0.815,-0.189,0.563,-1.229,0.885,-2.809,-0.637,-0.256,0.435,-21.588,-20.115,-23.351,-0.287,0.045,0.696,-70.237,-0.618,-7.962,-0.355,-0.313,0.954,-3.779,-9.489,-3.122,0.051,-0.318,0.821,-6.115,0.718,-1.328,btn_B
1780980917.0500638,-0.821,-0.201,0.565,-0.504,-11.885,-5.244,-0.68,-0.334,0.553,4.145,-42.779,-1.855,-0.116,-0.468,0.597,-250.137,-4.885,-38.855,-0.307,-0.33,0.96,-8.55,-4.588,4.015,0.07,-0.341,0.834,-3.0,0.122,-1.496,btn_B
1780980917.150167,-0.818,-0.198,0.577,-2.58,0.664,-1.244,-0.687,-0.323,0.571,-6.992,2.466,-0.931,-0.245,-0.337,0.945,-3.511,-2.725,0.183,-0.325,-0.34,0.942,4.031,10.206,-0.069,0.069,-0.341,0.817,2.328,0.26,0.275,btn_B
1780980917.252952,-0.813,-0.2,0.57,-1.603,1.29,-0.878,-0.666,-0.331,0.609,-7.351,0.298,-0.237,-0.245,-0.35,0.935,-1.679,1.008,0.573,-0.321,-0.338,0.95,1.382,8.282,-0.099,0.071,-0.332,0.818,0.206,1.015,0.679,btn_B
1780980917.3596866,-0.817,-0.199,0.571,-0.824,1.809,-1.069,-0.668,-0.332,0.611,-6.962,0.641,-0.718,-0.25,-0.349,0.929,-1.748,0.527,-0.206,-0.324,-0.347,0.949,1.496,7.176,-0.321,0.076,-0.34,0.818,-0.435,2.466,-0.145,btn_B
1780980917.4594123,-0.817,-0.197,0.569,-0.779,1.084,0.229,-0.669,-0.337,0.611,-6.924,0.969,-0.542,-0.249,-0.345,0.924,-1.939,-0.389,-0.328,-0.323,-0.341,0.941,1.916,7.107,-0.237,0.066,-0.331,0.808,-0.42,1.893,-0.214,btn_B
1780980920.2539177,-0.82,-0.2,0.565,-1.359,1.504,-1.611,-0.671,-0.337,0.604,-6.206,0.328,-1.015,-0.252,-0.367,0.921,-0.511,-0.588,0.618,-0.327,-0.349,0.934,1.756,6.298,-0.405,0.066,-0.33,0.817,-0.359,2.725,0.351,btn_B
1780980920.3532228,-0.818,-0.197,0.573,-0.718,1.137,-0.061,-0.672,-0.333,0.603,-6.0,0.718,-0.718,-0.252,-0.362,0.923,-0.206,0.145,0.527,-0.323,-0.347,0.942,1.802,7.099,-0.351,0.071,-0.327,0.817,-0.611,2.55,-0.252,btn_B
1780980920.4538822,-0.814,-0.197,0.566,-0.977,1.16,-1.038,-0.672,-0.338,0.61,-6.534,0.855,-0.534,-0.25,-0.367,0.92,-0.443,0.786,0.137,-0.325,-0.347,0.942,1.244,7.718,-0.618,0.069,-0.335,0.812,-0.824,1.809,0.298,btn_B
1780980920.5540512,-0.818,-0.199,0.565,-1.42,1.817,-0.916,-0.672,-0.338,0.599,-6.557,0.267,-0.603,-0.25,-0.363,0.917,0.092,-0.427,-0.221,-0.324,-0.346,0.938,1.519,6.733,-0.878,0.068,-0.338,0.81,-0.641,2.725,-0.168,btn_B
1780980920.6519556,-0.82,-0.198,0.566,-0.931,1.198,-0.58,-0.67,-0.338,0.606,-6.122,0.885,-0.122,-0.543,-0.972,1.64,49.13,-6.511,15.183,-0.343,-0.344,0.941,2.481,0.931,-1.718,0.086,-0.347,0.82,-0.435,4.649,-0.427,btn_B
1780980920.7553937,-0.843,-0.19,0.551,-2.038,-4.237,-1.046,-0.665,-0.339,0.613,-9.168,13.832,-0.038,-0.242,-0.191,0.948,83.0,4.29,8.237,-0.329,-0.337,0.942,9.046,15.71,0.641,0.081,-0.334,0.811,0.618,6.893,2.71,btn_B
1780980920.8580444,-0.818,-0.195,0.566,-0.702,5.0,1.382,-0.692,-0.325,0.549,-9.198,38.015,1.771,-0.276,-0.063,0.961,38.985,5.229,-0.817,-0.341,-0.323,0.96,4.504,11.015,0.947,0.051,-0.329,0.825,0.061,5.374,1.168,btn_B
1780980920.9674094,-0.825,-0.195,0.564,-1.29,1.618,-0.183,-0.735,-0.335,0.509,-7.634,27.008,1.977,-0.297,0.008,0.868,24.588,7.366,0.29,-0.333,-0.32,0.958,7.427,10.214,0.748,0.057,-0.325,0.812,1.634,1.847,0.679,btn_B
1780980921.0641196,-0.822,-0.193,0.571,-0.824,3.481,-0.305,-0.775,-0.344,0.484,-6.55,14.267,2.038,-0.3,-0.011,1.002,11.618,3.13,-1.931,-0.332,-0.32,0.964,1.496,14.267,-0.885,0.06,-0.33,0.818,0.405,1.252,-0.122,btn_B
1780980921.1678238,-0.822,-0.19,0.561,-1.466,3.26,0.008,-0.757,-0.319,0.444,-7.061,-0.122,-1.924,-0.294,0.011,1.001,0.824,0.443,0.031,-0.35,-0.313,0.94,0.374,7.702,-0.817,0.055,-0.328,0.821,-0.389,1.046,-0.527,btn_B
1780980921.2701483,-0.829,-0.195,0.552,-2.695,2.702,-2.664,-0.789,-0.365,0.482,-5.771,-45.0,-6.718,-0.229,0.033,0.735,-78.405,-8.527,-11.649,-0.343,-0.323,0.94,-6.26,-12.908,-2.931,0.046,-0.323,0.814,-6.779,-0.16,-1.679,btn_B
1780980921.3896396,-0.818,-0.203,0.576,-1.221,-8.359,-2.45,-0.698,-0.369,0.573,0.954,-36.122,-1.198,-0.288,-0.464,0.738,-217.229,-11.901,-33.076,-0.311,-0.345,0.94,-3.42,13.947,1.679,0.089,-0.354,0.786,-0.45,3.046,0.656,btn_B
1780980921.4881809,-0.823,-0.193,0.564,-2.855,-1.13,-0.924,-0.679,-0.335,0.594,-6.26,-1.916,0.527,-0.232,-0.357,0.936,-2.58,-0.466,0.542,-0.324,-0.345,0.945,2.542,9.626,-0.504,0.071,-0.327,0.822,-0.038,1.969,0.366,btn_B
1780980921.5910423,-0.819,-0.198,0.568,-0.992,0.336,-1.374,-0.676,-0.335,0.601,-6.282,-0.122,-0.031,-0.242,-0.352,0.926,-0.954,1.191,-0.55,-0.325,-0.337,0.943,1.832,8.092,-0.076,0.064,-0.331,0.824,0.099,0.603,-0.42,btn_B
1780980921.6828923,-0.822,-0.197,0.568,-0.786,1.053,-0.198,-0.672,-0.331,0.603,-6.336,0.725,-0.16,-0.243,-0.352,0.934,-0.656,-0.183,-0.366,-0.323,-0.338,0.94,1.45,6.847,-0.58,0.075,-0.331,0.823,-0.504,2.183,-0.26,btn_B
1780980921.78514,-0.82,-0.204,0.566,-0.786,2.588,-0.901,-0.673,-0.333,0.599,-6.802,0.466,-0.786,-0.247,-0.353,0.924,-0.855,-0.611,0.336,-0.325,-0.344,0.934,1.313,7.542,-0.038,0.073,-0.34,0.815,-0.511,2.542,0.053,btn_B
1780980921.8895273,-0.817,-0.201,0.569,-1.328,2.855,-0.679,-0.676,-0.336,0.597,-6.878,0.565,-0.618,-0.248,-0.354,0.927,-1.214,0.344,0.305,-0.329,-0.341,0.937,1.542,6.901,-0.412,0.063,-0.325,0.82,-0.824,1.214,-0.359,btn_B
1780980921.9913065,-0.821,-0.198,0.566,-0.817,0.634,-1.366,-0.672,-0.339,0.601,-6.183,0.26,-0.504,-0.248,-0.355,0.926,-0.534,-0.16,-0.099,-0.326,-0.339,0.942,2.137,7.137,-0.954,0.071,-0.331,0.821,-0.435,2.336,0.115,btn_B
1780980922.0939195,-0.82,-0.199,0.568,-0.504,2.206,0.153,-0.677,-0.338,0.605,-6.229,1.267,-0.107,-0.245,-0.358,0.933,-0.779,0.344,-0.015,-0.328,-0.341,0.95,1.603,7.069,-0.313,0.064,-0.336,0.814,-0.626,1.947,-0.122,btn_B
1780980924.8755298,-0.817,-0.198,0.566,-1.122,0.947,-1.427,-0.672,-0.336,0.605,-6.183,0.931,-0.405,-0.243,-0.365,0.925,-0.282,-0.58,0.542,-0.324,-0.341,0.943,1.511,7.198,-0.809,0.07,-0.331,0.814,-0.779,2.443,0.061,btn_B
1780980924.985805,-0.816,-0.196,0.559,-1.092,1.817,-0.214,-0.674,-0.339,0.603,-6.786,0.756,-0.519,-0.245,-0.363,0.917,-0.542,0.855,0.298,-0.332,-0.344,0.942,1.626,7.473,0.053,0.067,-0.331,0.824,-0.649,2.237,0.145,btn_B
1780980925.0861843,-0.816,-0.202,0.56,-0.733,1.466,-0.901,-0.67,-0.338,0.6,-6.321,0.084,-0.771,-0.248,-0.367,0.918,-0.611,0.336,-0.397,-0.327,-0.345,0.941,1.756,7.015,-0.13,0.073,-0.333,0.818,-0.58,2.664,-0.397,btn_B
1780980925.1848,-0.817,-0.201,0.567,-0.649,1.389,-0.74,-0.676,-0.335,0.597,-6.153,0.321,-0.595,-0.243,-0.362,0.921,-0.099,-0.389,-0.42,-0.327,-0.342,0.942,1.534,6.55,-0.939,0.073,-0.339,0.816,-0.779,2.16,-0.153,btn_B
1780980925.287466,-0.817,-0.196,0.564,-0.824,1.809,-0.878,-0.676,-0.338,0.604,-6.595,0.71,-0.084,-0.245,-0.363,0.923,0.153,-0.29,0.313,-0.325,-0.342,0.942,1.824,6.954,-0.664,0.07,-0.331,0.811,-0.489,2.481,0.115,btn_B
1780980925.4021022,-0.83,-0.194,0.572,0.336,-0.939,-1.26,-0.667,-0.343,0.607,-9.977,20.733,-1.435,-0.109,-0.566,1.198,221.473,14.74,45.939,-0.306,-0.339,0.92,19.817,25.756,0.878,0.071,-0.312,0.801,3.076,8.534,1.389,btn_B
1780980925.503087,-0.829,-0.193,0.552,1.336,1.794,1.298,-0.709,-0.33,0.532,-6.443,50.229,2.153,-0.172,-0.048,0.881,57.786,6.916,7.298,-0.32,-0.314,0.968,9.382,7.901,1.115,0.07,-0.319,0.8,-1.053,6.191,0.542,btn_B
1780980925.6020846,-0.812,-0.193,0.571,-1.87,4.336,-0.015,-0.751,-0.334,0.509,0.626,28.26,6.382,-0.285,-0.013,0.922,29.023,7.725,-5.382,-0.342,-0.322,0.953,6.008,16.977,1.969,0.056,-0.329,0.806,2.351,4.618,1.237,btn_B
1780980925.699658,-0.827,-0.192,0.556,-0.641,3.374,0.649,-0.76,-0.322,0.495,-2.061,8.573,1.794,-0.291,0.02,0.944,11.634,3.374,-3.015,-0.348,-0.298,0.932,1.733,6.145,0.069,0.071,-0.332,0.81,-0.275,1.275,0.389,btn_B
1780980925.8025234,-0.825,-0.192,0.563,-0.389,1.565,-1.427,-0.772,-0.331,0.512,-6.664,2.183,-0.053,-0.286,0.016,0.992,2.298,0.855,-1.176,-0.347,-0.309,0.947,1.504,6.206,-0.786,0.051,-0.327,0.815,0.214,0.229,-1.198,btn_B
1780980925.9203742,-0.816,-0.192,0.559,-1.191,2.344,-0.885,-0.749,-0.338,0.535,-12.519,-6.992,-12.748,-0.267,0.023,0.912,-16.817,-2.542,-0.855,-0.335,-0.307,0.949,3.786,11.718,-1.382,0.058,-0.331,0.823,-3.145,1.908,-0.832,btn_B
1780980926.0166357,-0.817,-0.196,0.563,-0.496,1.939,-2.756,-0.738,-0.34,0.521,-4.985,-89.771,-5.389,-0.218,-0.071,0.777,-121.809,-4.847,-21.824,-0.333,-0.338,0.937,-13.885,-14.206,-4.817,0.066,-0.326,0.821,-7.466,-6.153,-2.137,btn_B
1780980926.1200223,-0.815,-0.205,0.593,1.458,-0.397,-1.336,-0.754,-0.306,0.313,-7.412,17.634,4.397,-0.164,-0.365,1.117,-32.55,-24.42,-4.634,-0.209,-0.412,1.022,6.115,7.015,-0.023,0.068,-0.336,0.797,1.618,5.847,0.947,btn_B
1780980926.2147396,-0.82,-0.202,0.567,-0.855,1.626,-0.511,-0.675,-0.333,0.604,-6.71,0.214,0.137,-0.242,-0.352,0.934,-1.366,0.855,-0.229,-0.328,-0.337,0.942,2.046,7.832,-0.863,0.069,-0.329,0.809,-0.351,-0.557,0.198,btn_B
1780980926.317619,-0.821,-0.198,0.564,-1.122,1.458,-0.71,-0.674,-0.338,0.6,-6.191,0.573,-0.267,-0.243,-0.352,0.93,-1.351,-0.099,-0.519,-0.328,-0.344,0.937,1.573,6.565,-0.893,0.073,-0.337,0.814,-0.641,1.282,-0.115,btn_B
1780980926.4205816,-0.821,-0.2,0.568,-0.573,1.702,-0.611,-0.671,-0.332,0.609,-6.321,0.786,-0.351,-0.243,-0.351,0.928,-1.0,-0.672,0.229,-0.324,-0.343,0.943,1.305,6.924,-0.29,0.079,-0.342,0.812,-0.481,2.282,-0.221,btn_B
1780980926.5237317,-0.818,-0.201,0.557,-1.412,2.389,-0.664,-0.674,-0.338,0.6,-6.733,1.069,-0.611,-0.247,-0.353,0.93,-1.031,0.84,0.687,-0.333,-0.345,0.942,1.282,6.985,-0.275,0.071,-0.335,0.823,-0.397,2.145,0.687,btn_B
1780980926.626294,-0.822,-0.195,0.563,-1.214,1.466,-1.053,-0.672,-0.335,0.602,-6.389,0.466,-0.55,-0.245,-0.355,0.929,-0.763,0.076,-0.214,-0.324,-0.342,0.94,1.824,6.359,-0.16,0.072,-0.328,0.814,-0.359,3.191,0.191,btn_B
1780980926.7319124,-0.822,-0.197,0.572,-1.099,0.977,-0.763,-0.667,-0.336,0.608,-6.84,0.71,-0.473,-0.246,-0.354,0.921,-0.634,0.107,-0.313,-0.326,-0.34,0.937,1.176,7.725,-0.534,0.072,-0.332,0.818,-0.565,1.954,-0.282,btn_B
1780980929.5203369,-0.82,-0.202,0.562,-0.786,1.008,-0.473,-0.676,-0.34,0.592,-6.0,1.053,0.336,-0.242,-0.366,0.923,-0.351,-0.496,0.519,-0.335,-0.342,0.941,1.412,7.275,-0.809,0.072,-0.331,0.82,-0.321,2.672,-0.443,btn_B
1780980929.621674,-0.824,-0.199,0.56,-0.947,1.42,-1.527,-0.677,-0.34,0.594,-6.756,0.42,-0.466,-0.246,-0.37,0.92,-0.534,0.168,0.626,-0.326,-0.338,0.932,1.489,6.588,-0.847,0.074,-0.336,0.825,-0.489,1.672,-0.221,btn_B
1780980929.7289953,-0.818,-0.194,0.564,-1.168,1.824,-0.053,-0.678,-0.34,0.598,-6.702,0.595,-0.427,-0.243,-0.365,0.925,-0.687,0.679,0.107,-0.329,-0.341,0.942,1.87,7.802,-0.389,0.073,-0.328,0.815,-0.817,1.672,0.0,btn_B
1780980929.8203228,-0.823,-0.199,0.572,-0.397,1.42,-1.313,-0.674,-0.341,0.598,-6.641,0.389,-0.649,-0.244,-0.368,0.924,-0.13,-0.656,0.115,-0.327,-0.342,0.943,1.847,7.053,-0.42,0.066,-0.332,0.811,-0.298,2.527,0.237,btn_B
1780980929.9223895,-0.82,-0.202,0.564,-1.183,1.55,-0.565,-0.675,-0.342,0.608,-6.366,0.405,-0.282,-0.248,-0.365,0.92,0.221,-0.55,0.382,-0.325,-0.341,0.948,1.794,6.916,-0.802,0.076,-0.335,0.817,-0.893,1.641,-0.046,btn_B
1780980930.0336862,-0.826,-0.194,0.573,-1.771,0.099,-1.947,-0.676,-0.34,0.597,-7.412,7.954,-0.443,-0.183,-0.458,1.238,96.496,7.794,15.0,-0.324,-0.351,0.948,5.847,11.076,-0.771,0.073,-0.333,0.808,-0.069,4.626,0.809,btn_B
1780980930.1448643,-0.823,-0.198,0.56,-0.855,4.26,1.191,-0.691,-0.338,0.557,-8.282,20.443,1.687,-0.305,-0.158,0.916,68.908,-11.595,8.145,-0.339,-0.331,0.944,7.603,9.168,0.305,0.067,-0.332,0.821,0.489,4.42,0.786,btn_B
1780980930.2315767,-0.817,-0.195,0.56,-0.618,1.481,-0.275,-0.736,-0.342,0.535,-8.168,34.977,4.046,-0.286,-0.035,0.902,30.611,5.802,3.748,-0.332,-0.306,0.946,7.229,6.603,1.046,0.06,-0.326,0.814,-0.527,3.023,0.336,btn_B
1780980930.3348234,-0.821,-0.194,0.565,-0.427,3.481,0.824,-0.792,-0.354,0.533,-0.649,13.916,3.809,-0.285,-0.012,0.954,23.0,3.252,0.458,-0.353,-0.323,0.929,5.206,10.443,-0.13,0.055,-0.331,0.817,0.321,2.092,0.595,btn_B
1780980930.4536688,-0.825,-0.191,0.554,-0.473,3.328,0.473,-0.799,-0.338,0.526,-3.275,10.305,4.771,-0.306,0.033,0.885,8.718,3.038,-1.649,-0.347,-0.305,0.939,3.817,4.534,-0.55,0.055,-0.329,0.82,-0.794,1.183,0.305,btn_B
1780980930.5560493,-0.827,-0.19,0.559,-0.618,1.344,-1.672,-0.793,-0.336,0.533,-7.389,-0.71,-1.122,-0.287,0.008,1.015,1.863,0.031,0.855,-0.345,-0.313,0.942,2.313,6.771,-1.16,0.052,-0.326,0.816,-1.046,0.786,-0.58,btn_B
1780980930.654976,-0.825,-0.188,0.558,-1.359,2.366,-1.382,-0.725,-0.293,0.448,-13.191,-7.656,-10.26,-0.276,0.011,0.965,-16.656,-5.519,-0.023,-0.329,-0.303,0.965,-0.397,6.71,-0.794,0.06,-0.322,0.822,-0.84,1.489,-1.092,btn_B
1780980930.7471018,-0.834,-0.186,0.547,-1.656,-1.55,-2.557,-0.773,-0.359,0.496,-6.305,-83.534,-6.672,-0.202,-0.066,0.742,-114.206,-9.924,-19.061,-0.34,-0.336,0.949,-10.015,-9.626,-3.481,0.062,-0.328,0.815,-8.397,-7.26,-2.092,btn_B
1780980930.8503518,-0.831,-0.196,0.562,-0.084,-6.359,-2.382,-0.596,-0.3,0.57,-4.321,-20.855,-6.038,0.081,-0.366,0.132,57.916,30.656,12.573,-0.2,-0.345,1.055,16.573,31.45,1.725,-0.004,-0.287,0.777,6.237,-6.954,-0.664,btn_B
1780980930.952325,-0.823,-0.198,0.568,-0.962,2.527,-1.122,-0.684,-0.336,0.592,-6.023,1.435,0.397,-0.235,-0.351,0.934,-2.855,-2.229,-0.443,-0.326,-0.344,0.946,0.664,7.672,-0.908,0.074,-0.325,0.816,-0.672,3.649,0.298,btn_B
1780980931.0565324,-0.821,-0.194,0.565,-0.832,2.061,-0.153,-0.673,-0.334,0.599,-6.573,0.954,0.023,-0.24,-0.353,0.923,-0.87,-0.321,0.351,-0.328,-0.337,0.938,1.679,7.466,-0.099,0.066,-0.33,0.81,-0.504,3.275,-0.13,btn_B
1780980931.158894,-0.822,-0.198,0.563,-0.695,1.817,-0.885,-0.676,-0.335,0.607,-6.427,1.16,-0.504,-0.244,-0.355,0.927,-1.198,0.641,0.206,-0.322,-0.336,0.948,1.527,6.336,-0.496,0.073,-0.327,0.814,-0.45,2.748,0.29,btn_B
1780980931.2684019,-0.82,-0.202,0.559,-1.74,1.885,-1.313,-0.672,-0.339,0.601,-6.58,1.389,-1.023,-0.243,-0.355,0.929,-1.145,0.45,-0.382,-0.331,-0.339,0.94,1.115,7.084,-1.099,0.072,-0.331,0.817,-0.771,1.053,0.061,btn_B
1780980931.364764,-0.818,-0.198,0.565,-0.931,1.145,-0.901,-0.67,-0.336,0.6,-6.092,0.542,-0.802,-0.244,-0.356,0.93,-0.71,-0.183,-0.328,-0.325,-0.343,0.937,1.756,6.786,-0.58,0.068,-0.334,0.814,-0.565,1.924,-0.084,btn_B
1780980931.4675484,-0.819,-0.199,0.562,-0.824,0.901,-0.382,-0.675,-0.34,0.603,-6.656,0.504,-0.618,-0.244,-0.356,0.925,-0.405,-0.603,0.061,-0.328,-0.338,0.943,1.687,7.053,-0.061,0.068,-0.333,0.822,-0.527,2.344,0.023,btn_B
1780980934.1536133,-0.82,-0.2,0.567,-0.756,0.939,-0.847,-0.679,-0.337,0.594,-6.145,0.756,0.168,-0.244,-0.364,0.923,-0.313,0.046,0.405,-0.33,-0.344,0.941,1.817,7.237,-0.763,0.066,-0.338,0.811,-0.42,2.229,-0.053,btn_B
1780980934.252228,-0.823,-0.202,0.563,-0.733,1.481,-0.168,-0.67,-0.34,0.599,-6.244,0.992,0.015,-0.243,-0.364,0.919,-0.366,0.221,0.168,-0.331,-0.342,0.943,1.565,7.58,0.191,0.075,-0.336,0.808,-0.611,2.221,-0.176,btn_B
1780980934.3531132,-0.817,-0.198,0.569,-0.992,1.618,-1.374,-0.673,-0.334,0.596,-6.321,0.847,-0.756,-0.246,-0.368,0.923,-0.275,0.351,-0.405,-0.333,-0.342,0.941,1.031,7.168,-0.389,0.076,-0.339,0.81,-0.618,2.45,0.046,btn_B
1780980934.4545755,-0.816,-0.2,0.559,-0.832,1.229,-0.504,-0.674,-0.341,0.6,-6.313,0.763,-0.786,-0.247,-0.364,0.927,-0.183,-0.573,-0.153,-0.328,-0.343,0.946,1.489,7.038,-0.412,0.074,-0.326,0.811,-0.458,2.565,-0.137,btn_B
1780980934.5579045,-0.819,-0.201,0.567,-0.786,1.328,-0.824,-0.676,-0.344,0.597,-5.786,-0.053,-0.351,-0.249,-0.372,0.944,2.092,0.023,0.84,-0.324,-0.347,0.946,2.504,5.656,-0.061,0.076,-0.331,0.808,-0.924,1.397,0.626,btn_B
1780980934.667592,-0.813,-0.202,0.572,-0.275,1.847,1.45,-0.675,-0.36,0.575,-9.588,43.595,2.145,-0.066,-0.145,0.971,122.679,15.71,11.466,-0.318,-0.315,0.97,7.939,10.115,2.015,0.061,-0.325,0.823,0.481,11.084,3.038,btn_B
1780980934.7795925,-0.828,-0.189,0.562,-1.122,-1.84,-1.298,-0.781,-0.312,0.505,2.542,22.206,7.763,-0.245,0.003,0.913,25.954,6.382,1.275,-0.337,-0.313,0.941,5.313,13.038,0.718,0.049,-0.338,0.815,0.374,5.962,1.244,btn_B
1780980934.8669164,-0.814,-0.192,0.562,0.122,2.206,0.947,-0.742,-0.287,0.491,-6.824,8.458,-1.374,-0.284,0.014,0.982,3.649,1.534,-1.878,-0.326,-0.298,0.974,0.878,6.893,0.298,0.048,-0.327,0.817,-1.267,4.321,0.008,btn_B
1780980934.96961,-0.828,-0.192,0.559,-0.939,3.015,-0.496,-0.754,-0.29,0.486,-4.427,3.374,2.176,-0.284,0.022,0.981,4.725,-0.588,0.176,-0.342,-0.302,0.954,1.748,7.229,0.221,0.051,-0.324,0.821,0.107,0.71,-0.809,btn_B
1780980935.0882392,-0.827,-0.187,0.547,-1.069,2.244,-1.244,-0.745,-0.285,0.471,-12.13,-4.924,-6.389,-0.278,0.042,0.915,-15.336,-2.687,1.137,-0.34,-0.304,0.938,-4.496,6.069,-1.229,0.06,-0.329,0.81,-0.237,4.107,0.015,btn_B
1780980935.1849995,-0.842,-0.224,0.573,-1.634,5.763,-3.168,-0.7,-0.344,0.606,-0.366,-87.794,-8.176,-0.275,-0.073,0.799,-125.237,-5.58,-18.473,-0.33,-0.322,0.936,-11.137,-10.405,-5.038,0.053,-0.332,0.817,-6.298,-10.733,-3.702,btn_B
1780980935.2792275,-0.788,-0.209,0.61,-0.122,-0.45,-0.985,-0.8,-0.357,0.303,-11.122,36.046,8.313,-0.2,-0.377,1.118,-32.534,-46.74,-2.71,-0.295,-0.378,0.883,-1.511,-6.489,-1.427,0.071,-0.345,0.822,0.061,7.427,0.878,btn_B
1780980935.3823965,-0.818,-0.196,0.558,-1.313,1.397,-1.153,-0.676,-0.333,0.606,-6.725,-0.985,-1.076,-0.249,-0.35,0.926,-2.695,-0.214,-0.511,-0.326,-0.344,0.942,2.198,8.275,-0.076,0.069,-0.333,0.814,0.305,0.809,-0.252,btn_B
1780980935.4849691,-0.821,-0.199,0.562,-0.71,0.901,-0.695,-0.676,-0.334,0.606,-6.565,0.893,-0.733,-0.244,-0.351,0.925,-1.374,0.298,-0.16,-0.329,-0.342,0.945,1.504,7.603,-1.023,0.07,-0.334,0.815,-0.534,2.336,0.046,btn_B
1780980935.600177,-0.82,-0.196,0.563,-0.924,1.702,-0.794,-0.676,-0.335,0.602,-6.405,0.885,-0.405,-0.247,-0.354,0.921,-1.145,0.382,0.145,-0.333,-0.341,0.937,1.412,7.145,-0.695,0.074,-0.333,0.812,-0.542,2.069,-0.267,btn_B
1780980935.7046268,-0.82,-0.198,0.565,-1.443,2.092,-0.954,-0.675,-0.34,0.599,-6.321,0.931,0.176,-0.248,-0.356,0.926,-1.328,-0.45,0.244,-0.335,-0.342,0.932,1.733,7.183,-0.473,0.067,-0.332,0.81,-0.55,2.832,-0.031,btn_B
1780980935.7997591,-0.818,-0.196,0.563,-1.046,2.061,-0.641,-0.677,-0.335,0.598,-6.275,1.321,0.237,-0.249,-0.356,0.928,-0.947,-0.107,-0.053,-0.333,-0.34,0.943,1.679,6.824,-0.183,0.069,-0.337,0.812,-0.58,2.534,0.061,btn_B
1780980935.8970041,-0.822,-0.198,0.56,-0.443,1.832,-1.038,-0.67,-0.339,0.6,-6.282,0.733,-0.603,-0.244,-0.355,0.928,-0.824,0.443,-0.176,-0.333,-0.34,0.939,1.321,7.947,-1.023,0.066,-0.329,0.819,-0.817,1.824,-0.405,btn_B
1780980936.0095828,-0.823,-0.198,0.552,-1.214,1.389,-0.328,-0.672,-0.341,0.599,-6.336,0.74,-0.481,-0.25,-0.356,0.923,-0.603,0.107,-0.229,-0.332,-0.342,0.936,1.397,6.443,-0.55,0.062,-0.33,0.818,-0.336,2.573,0.015,btn_B
1780980938.7843113,-0.824,-0.193,0.562,-0.687,1.191,-1.237,-0.677,-0.339,0.599,-6.641,0.695,0.115,-0.247,-0.368,0.915,-0.221,-0.534,0.252,-0.331,-0.341,0.941,1.504,6.847,-0.527,0.068,-0.335,0.812,-0.786,2.137,-0.275,btn_B
1780980938.8867514,-0.819,-0.198,0.56,-0.237,1.252,0.313,-0.679,-0.338,0.599,-6.282,0.588,0.107,-0.248,-0.365,0.929,-0.229,0.351,0.198,-0.326,-0.338,0.938,1.756,7.176,-0.282,0.068,-0.33,0.816,-0.443,2.878,0.092,btn_B
1780980938.9871264,-0.823,-0.198,0.562,-1.023,1.153,-1.137,-0.672,-0.34,0.598,-6.603,0.496,-0.198,-0.248,-0.367,0.912,-0.45,0.412,-0.267,-0.331,-0.343,0.944,1.313,7.198,-0.328,0.068,-0.333,0.817,-0.725,2.168,-0.046,btn_B
1780980939.0901504,-0.822,-0.197,0.558,-0.817,1.565,-0.405,-0.677,-0.34,0.6,-6.176,0.45,-0.626,-0.244,-0.369,0.927,0.015,-0.496,-0.076,-0.329,-0.344,0.938,1.802,6.58,-0.466,0.067,-0.329,0.809,-0.679,2.565,0.092,btn_B
1780980939.2071862,-0.823,-0.202,0.566,-0.504,0.45,-0.649,-0.674,-0.342,0.602,-5.489,-0.061,-0.359,-0.249,-0.372,0.933,3.687,0.611,0.969,-0.328,-0.344,0.939,2.786,6.733,-0.374,0.072,-0.331,0.816,-0.511,2.16,0.107,btn_B
1780980939.3043566,-0.825,-0.202,0.561,-1.519,4.573,-0.435,-0.684,-0.344,0.588,-9.771,19.366,-0.771,-0.23,-0.21,0.792,109.824,-4.489,24.71,-0.345,-0.339,0.916,10.542,8.511,0.252,0.075,-0.329,0.825,0.122,2.924,0.672,btn_B
1780980939.3993788,-0.809,-0.199,0.574,-0.618,1.656,-0.008,-0.727,-0.361,0.533,-9.023,45.58,0.71,-0.244,-0.071,0.908,52.542,16.504,3.962,-0.344,-0.322,0.931,7.695,9.099,1.679,0.052,-0.33,0.821,1.084,6.595,0.771,btn_B
1780980939.502347,-0.824,-0.187,0.556,-0.542,1.779,0.595,-0.799,-0.352,0.524,-3.359,23.252,5.687,-0.272,-0.012,0.964,29.603,3.344,-0.153,-0.324,-0.314,0.962,5.916,12.137,1.412,0.057,-0.324,0.806,1.389,3.74,1.092,btn_B
1780980939.6155412,-0.826,-0.191,0.55,0.038,2.504,0.855,-0.755,-0.311,0.469,-3.168,8.328,3.038,-0.284,0.019,0.968,9.26,3.069,-2.16,-0.334,-0.301,0.958,0.802,4.214,0.496,0.049,-0.327,0.818,-0.092,3.87,0.374,btn_B
1780980939.7163992,-0.816,-0.187,0.556,-0.214,-0.359,-1.168,-0.774,-0.326,0.529,-3.832,1.664,0.282,-0.292,0.03,0.969,1.962,2.061,0.794,-0.339,-0.307,0.952,0.58,7.092,-0.29,0.054,-0.318,0.819,-0.191,2.435,0.069,btn_B
1780980939.8111784,-0.826,-0.19,0.556,-0.733,0.695,-1.176,-0.735,-0.3,0.485,-10.74,-8.947,-8.534,-0.278,0.039,0.923,-15.557,-5.389,0.397,-0.349,-0.309,0.941,-3.672,4.305,-0.702,0.054,-0.324,0.811,-0.733,1.794,0.405,btn_B
1780980939.9141135,-0.825,-0.196,0.552,-0.611,1.786,-2.618,-0.705,-0.337,0.508,-3.427,-74.206,-5.733,-0.183,0.0,0.713,-106.931,-16.855,-17.817,-0.353,-0.321,0.961,-10.122,-11.733,-4.672,0.081,-0.326,0.802,-7.046,-5.695,-1.481,btn_B
1780980940.0173113,-0.869,-0.248,0.544,-0.664,-9.588,-4.901,-0.567,-0.401,0.871,-17.557,19.634,-3.794,-0.721,-0.33,0.88,-11.916,-68.832,5.26,-0.443,-0.294,0.919,-0.634,-10.282,-0.985,0.108,-0.333,0.839,-4.557,-2.405,-0.924,btn_B
1780980940.133592,-0.821,-0.197,0.566,-1.618,0.664,-0.672,-0.674,-0.329,0.603,-6.618,-1.779,-0.84,-0.243,-0.346,0.931,-1.565,-0.45,-0.198,-0.324,-0.339,0.947,1.901,7.427,-0.069,0.062,-0.333,0.809,-0.023,1.466,-0.168,btn_B
1780980940.234297,-0.821,-0.195,0.562,0.061,1.069,-0.336,-0.676,-0.331,0.604,-6.542,0.099,-1.45,-0.247,-0.347,0.925,-0.473,-0.618,0.573,-0.327,-0.336,0.94,1.565,8.038,0.031,0.064,-0.327,0.818,-0.618,2.84,0.382,btn_B
1780980940.3335104,-0.823,-0.195,0.564,-1.405,1.847,-1.435,-0.674,-0.335,0.604,-6.954,0.046,-0.359,-0.246,-0.35,0.933,-0.695,-0.87,0.176,-0.325,-0.333,0.949,1.382,7.137,-0.656,0.065,-0.329,0.818,-0.16,2.84,-0.504,btn_B
1780980940.433801,-0.824,-0.197,0.564,-0.947,2.16,0.16,-0.668,-0.33,0.609,-6.473,0.542,-0.092,-0.246,-0.347,0.928,-0.748,-0.389,0.053,-0.331,-0.337,0.941,1.779,6.71,-1.046,0.073,-0.336,0.81,-0.496,2.099,0.107,btn_B
1780980940.5321593,-0.817,-0.201,0.563,-0.847,1.855,-0.824,-0.674,-0.332,0.604,-6.611,0.916,-0.099,-0.246,-0.353,0.928,-1.29,-0.008,-0.321,-0.331,-0.335,0.941,1.718,7.099,-0.771,0.071,-0.329,0.81,-0.71,2.16,0.344,btn_B
1780980940.6356297,-0.82,-0.2,0.562,-1.191,1.557,-0.687,-0.673,-0.33,0.603,-6.779,0.679,-0.359,-0.245,-0.352,0.928,-0.664,-0.412,0.061,-0.331,-0.34,0.942,1.786,7.679,0.031,0.063,-0.337,0.814,-0.389,1.878,-0.458,btn_B
1780980940.7485428,-0.822,-0.201,0.558,-0.786,1.603,-0.931,-0.675,-0.333,0.602,-6.901,0.87,-0.588,-0.244,-0.353,0.93,-1.313,-0.031,0.053,-0.327,-0.338,0.941,1.435,6.969,-0.504,0.068,-0.331,0.813,-0.565,2.168,-0.198,btn_B
1780980943.4166532,-0.822,-0.197,0.565,-1.153,1.427,-0.626,-0.676,-0.335,0.591,-6.298,0.244,-1.351,-0.247,-0.366,0.924,-0.626,-0.435,0.168,-0.33,-0.341,0.944,1.695,6.595,0.099,0.066,-0.332,0.823,-0.542,1.908,0.13,btn_B
1780980943.5194318,-0.822,-0.197,0.569,-0.931,2.282,-0.969,-0.678,-0.337,0.599,-6.756,0.466,-0.763,-0.247,-0.366,0.925,-0.328,0.061,-0.13,-0.331,-0.34,0.945,1.099,7.099,-1.053,0.067,-0.33,0.81,-0.763,1.733,0.176,btn_B
1780980943.6224258,-0.819,-0.199,0.563,-1.153,1.183,-0.496,-0.673,-0.338,0.604,-6.504,0.885,-0.42,-0.245,-0.369,0.92,-0.282,0.183,-0.389,-0.33,-0.341,0.933,1.496,6.344,-1.153,0.07,-0.333,0.819,-0.718,2.145,-0.282,btn_B
1780980943.7258055,-0.817,-0.198,0.562,-1.061,1.076,-0.924,-0.672,-0.334,0.599,-6.099,1.015,-0.023,-0.248,-0.364,0.927,-0.435,0.481,0.214,-0.331,-0.336,0.942,1.313,7.282,-0.565,0.067,-0.334,0.815,-0.656,2.015,0.168,btn_B
1780980943.8284805,-0.821,-0.2,0.559,-0.771,1.542,-0.229,-0.674,-0.335,0.594,-6.198,0.756,-0.023,-0.243,-0.359,0.926,-0.29,-0.29,0.42,-0.325,-0.34,0.94,1.748,7.55,-0.031,0.069,-0.327,0.812,-0.321,2.519,-0.099,btn_B
1780980943.9317813,-0.823,-0.196,0.558,-0.55,2.298,-1.305,-0.67,-0.337,0.601,-6.664,0.733,-0.908,-0.249,-0.369,0.923,-0.534,-0.061,0.153,-0.328,-0.343,0.94,1.786,7.221,-0.611,0.072,-0.336,0.814,-0.351,2.565,-0.427,btn_B
1780980944.0346563,-0.821,-0.198,0.561,-1.198,0.947,-0.481,-0.674,-0.333,0.593,-6.023,0.427,-0.786,-0.246,-0.362,0.924,0.221,-0.237,-0.718,-0.331,-0.34,0.937,1.84,5.718,-0.893,0.069,-0.331,0.82,-0.718,2.13,-0.069,btn_B
1780980944.1494825,-0.819,-0.193,0.57,-2.122,-1.557,-2.069,-0.659,-0.346,0.601,-10.977,20.183,-0.87,-0.198,-0.372,1.126,228.206,12.595,37.55,-0.354,-0.321,0.962,8.198,20.031,0.504,0.047,-0.336,0.811,2.962,3.321,0.542,btn_B
1780980944.2499056,-0.818,-0.198,0.567,-0.359,0.84,0.771,-0.722,-0.33,0.562,-11.779,51.198,3.748,-0.269,-0.036,0.862,61.679,12.603,4.702,-0.328,-0.318,0.943,7.511,8.969,1.992,0.065,-0.325,0.809,-1.13,6.305,1.626,btn_B
1780980944.3482885,-0.822,-0.195,0.556,-0.26,2.885,1.115,-0.709,-0.291,0.444,-2.344,15.779,4.206,-0.296,-0.033,1.021,17.824,0.13,-2.809,-0.329,-0.318,0.963,3.176,9.771,0.0,0.065,-0.332,0.82,-0.992,5.969,0.565,btn_B
1780980944.446964,-0.823,-0.191,0.558,-0.046,2.374,1.687,-0.741,-0.306,0.491,2.733,17.099,0.908,-0.247,0.017,0.999,19.687,5.939,-9.214,-0.352,-0.312,0.933,5.221,7.771,2.679,0.057,-0.325,0.818,-0.878,4.885,2.267,btn_B
1780980944.5492516,-0.822,-0.184,0.559,-0.13,2.733,0.473,-0.813,-0.329,0.495,5.71,9.099,-2.168,-0.347,0.021,0.974,10.168,4.817,-8.718,-0.355,-0.299,0.936,1.0,9.206,-0.603,0.055,-0.327,0.812,1.489,0.519,-0.618,btn_B
1780980944.6646676,-0.839,-0.186,0.547,-1.0,2.305,-0.42,-0.761,-0.301,0.461,-8.466,2.534,2.0,-0.292,0.037,0.971,0.534,-2.939,1.214,-0.342,-0.301,0.952,0.168,8.977,-1.023,0.065,-0.329,0.814,0.504,-0.015,-0.427,btn_B
1780980944.7661917,-0.825,-0.186,0.56,-2.298,2.405,-2.412,-0.81,-0.303,0.427,-17.099,-6.389,-6.008,-0.296,0.044,0.903,-23.939,-5.916,-3.366,-0.352,-0.28,0.935,-4.809,2.641,-1.099,0.066,-0.319,0.811,-0.366,0.672,0.13,btn_B
1780980944.86662,-0.832,-0.197,0.548,-3.099,2.214,-2.229,-0.643,-0.371,0.689,0.351,-94.588,-3.313,-0.303,-0.137,0.704,-163.275,-9.344,-23.16,-0.327,-0.336,0.95,-7.863,-2.992,-6.786,0.07,-0.332,0.808,-1.649,-4.382,-5.237,btn_B
1780980944.9618812,-0.834,-0.236,0.573,6.664,8.733,0.695,-0.674,-0.335,0.594,-7.107,20.656,1.817,-0.296,-0.338,0.906,-6.916,-11.275,-0.427,-0.306,-0.334,0.966,1.832,5.74,-0.26,0.059,-0.337,0.817,-2.366,10.443,1.351,btn_B
1780980945.0647724,-0.825,-0.193,0.56,-1.053,1.794,-0.824,-0.668,-0.331,0.612,-6.817,0.427,-1.183,-0.245,-0.341,0.933,-0.473,-1.191,0.427,-0.333,-0.336,0.942,1.779,6.939,0.221,0.063,-0.336,0.823,-1.046,3.298,0.878,btn_B
1780980945.1678329,-0.82,-0.195,0.555,-1.015,2.275,-0.107,-0.669,-0.334,0.599,-6.954,-0.412,-0.664,-0.236,-0.344,0.936,-1.221,-0.198,-0.275,-0.334,-0.333,0.944,1.359,7.198,-0.725,0.069,-0.33,0.807,-0.901,1.107,-0.359,btn_B
1780980945.3018246,-0.824,-0.193,0.558,-1.305,1.748,-1.221,-0.669,-0.333,0.603,-6.702,0.557,-0.42,-0.239,-0.342,0.934,-1.29,-0.435,0.031,-0.335,-0.339,0.941,1.519,7.893,-0.733,0.062,-0.326,0.816,-0.389,2.786,-0.718,btn_B
1780980945.3738537,-0.825,-0.193,0.552,-1.313,2.405,-0.466,-0.673,-0.335,0.61,-7.046,0.771,0.534,-0.24,-0.347,0.934,-1.053,0.305,0.695,-0.333,-0.336,0.944,1.779,7.931,-0.366,0.057,-0.335,0.812,-0.603,2.954,-0.107,btn_B
1780980948.0675938,-0.828,-0.198,0.555,-1.168,1.405,-0.473,-0.678,-0.336,0.604,-6.229,0.779,0.038,-0.238,-0.359,0.923,-0.496,-0.466,0.305,-0.338,-0.333,0.935,1.641,6.809,-0.611,0.068,-0.329,0.808,-0.695,2.221,0.099,btn_B
1780980948.1645145,-0.832,-0.196,0.552,-0.916,1.084,-1.305,-0.674,-0.337,0.601,-6.87,0.588,-0.336,-0.237,-0.359,0.922,-0.557,-0.015,-0.046,-0.336,-0.336,0.941,1.397,7.519,-0.16,0.074,-0.327,0.81,-0.229,2.443,-0.122,btn_B
1780980948.2662265,-0.828,-0.196,0.552,-0.908,1.58,-0.168,-0.672,-0.334,0.606,-6.366,0.389,-1.321,-0.242,-0.362,0.923,-0.664,0.634,0.29,-0.34,-0.336,0.943,1.847,7.305,0.115,0.065,-0.329,0.814,-0.344,2.321,-0.046,btn_B
1780980948.3659334,-0.826,-0.193,0.55,-1.076,1.076,-1.252,-0.673,-0.34,0.594,-6.313,0.389,-0.573,-0.241,-0.363,0.925,-0.076,-0.588,0.191,-0.341,-0.34,0.94,1.901,6.74,-0.786,0.066,-0.333,0.81,-0.359,1.847,-0.313,btn_B
1780980948.4675655,-0.824,-0.193,0.554,-0.832,1.58,-0.573,-0.674,-0.338,0.606,-6.351,0.244,-0.504,-0.239,-0.359,0.93,-0.382,-0.382,0.611,-0.341,-0.339,0.938,1.687,7.008,-0.809,0.061,-0.33,0.819,-0.557,2.55,0.046,btn_B
1780980948.5802798,-0.826,-0.194,0.56,-0.626,2.206,-1.115,-0.669,-0.335,0.599,-6.389,0.618,0.183,-0.241,-0.36,0.927,-0.298,0.305,-0.008,-0.339,-0.338,0.94,1.244,6.863,-0.313,0.065,-0.336,0.815,-0.649,2.344,-0.015,btn_B
1780980948.6843128,-0.828,-0.2,0.554,-0.832,0.74,-0.664,-0.672,-0.337,0.604,-6.145,0.634,0.305,-0.236,-0.36,0.928,0.649,-0.328,-0.328,-0.338,-0.339,0.946,2.008,6.817,-0.13,0.067,-0.326,0.81,-0.458,2.809,0.084,btn_B
1780980948.7829385,-0.834,-0.192,0.549,0.115,-0.145,0.13,-0.659,-0.33,0.598,-1.466,-0.237,-2.733,0.025,-0.635,2.0,139.115,-7.962,68.351,-0.312,-0.344,0.931,6.435,-2.221,-0.58,0.119,-0.343,0.817,4.206,9.275,-1.725,btn_B
1780980948.883301,-0.823,-0.193,0.552,-0.626,5.817,1.748,-0.738,-0.35,0.427,-7.473,44.473,4.794,-0.239,-0.081,0.966,50.634,4.611,0.649,-0.339,-0.318,0.942,6.649,10.382,0.481,0.068,-0.315,0.814,0.206,3.084,3.389,btn_B
1780980948.9868178,-0.827,-0.194,0.551,-1.008,1.29,-0.26,-0.642,-0.286,0.464,-4.656,14.412,1.191,-0.276,-0.003,0.897,6.855,3.061,-2.977,-0.349,-0.318,0.941,2.229,6.244,0.595,0.048,-0.326,0.821,-1.282,3.16,1.298,btn_B
1780980949.0819113,-0.825,-0.187,0.556,-1.076,1.191,-0.702,-0.755,-0.33,0.512,-6.908,8.985,1.824,-0.287,-0.02,1.001,9.069,1.336,3.023,-0.345,-0.307,0.958,-0.229,12.473,-0.603,0.059,-0.319,0.807,2.252,2.397,-1.435,btn_B
1780980949.1963618,-0.835,-0.19,0.552,-1.137,1.733,-1.267,-0.792,-0.352,0.54,-6.985,-1.389,-1.374,-0.29,-0.021,1.069,3.382,0.527,1.282,-0.352,-0.311,0.944,1.618,9.344,-1.458,0.042,-0.318,0.815,1.351,-1.107,-1.206,btn_B
1780980949.3004546,-0.837,-0.19,0.549,-1.038,2.046,-2.382,-0.807,-0.325,0.453,-13.977,-9.282,-9.382,-0.238,0.03,0.848,-32.542,-1.153,-5.954,-0.349,-0.31,0.924,0.878,0.168,-1.947,0.054,-0.319,0.815,-1.832,2.038,-0.756,btn_B
1780980949.3975954,-0.833,-0.194,0.543,-1.29,-10.183,-3.985,-0.691,-0.339,0.572,6.626,-46.176,-0.252,-0.108,-0.189,0.394,-250.137,3.969,-43.466,-0.337,-0.358,0.913,-13.16,6.786,-2.298,0.064,-0.33,0.825,-3.481,0.916,-1.229,btn_B
1780980949.4938874,-0.803,-0.202,0.574,-1.137,3.626,-1.374,-0.653,-0.338,0.62,-8.275,3.344,-0.038,-0.246,-0.349,0.935,1.115,1.878,0.26,-0.333,-0.342,0.941,2.435,7.626,0.145,0.056,-0.327,0.808,1.13,-5.519,0.748,btn_B
1780980949.5965078,-0.819,-0.196,0.554,-0.802,0.496,-0.473,-0.672,-0.332,0.602,-6.153,-0.626,0.176,-0.238,-0.353,0.937,0.107,-0.924,0.038,-0.325,-0.336,0.942,2.084,7.618,-0.137,0.055,-0.327,0.812,0.443,1.359,0.374,btn_B
1780980949.6998796,-0.824,-0.192,0.564,-1.221,1.107,-1.176,-0.675,-0.331,0.605,-6.611,-0.076,-0.176,-0.241,-0.347,0.933,-0.55,-0.351,-0.168,-0.329,-0.339,0.945,1.817,6.519,-0.618,0.07,-0.326,0.821,-0.374,1.893,0.382,btn_B
1780980949.817572,-0.824,-0.198,0.558,-0.763,1.985,-0.519,-0.675,-0.335,0.606,-6.42,0.061,-0.595,-0.238,-0.35,0.932,-0.527,0.221,-0.198,-0.332,-0.337,0.945,1.137,7.13,-0.313,0.066,-0.332,0.822,-0.74,2.275,-0.618,btn_B
1780980949.9191449,-0.824,-0.193,0.557,-0.901,2.504,-1.374,-0.67,-0.334,0.599,-6.397,0.725,-1.145,-0.244,-0.351,0.927,-0.519,0.511,0.137,-0.331,-0.34,0.943,1.344,7.573,0.527,0.063,-0.325,0.818,-0.557,2.634,-0.053,btn_B
1780980952.6869705,-0.821,-0.198,0.566,-1.191,2.084,-0.962,-0.675,-0.332,0.6,-6.611,1.008,-0.542,-0.247,-0.364,0.927,-0.771,0.053,0.191,-0.334,-0.35,0.937,1.511,7.687,-0.763,0.072,-0.326,0.816,-0.466,2.031,0.397,btn_B
1780980952.799296,-0.822,-0.199,0.56,-1.053,1.023,-1.084,-0.672,-0.334,0.602,-6.321,0.519,-0.183,-0.246,-0.362,0.919,0.214,-0.947,-0.107,-0.338,-0.345,0.933,1.664,7.115,-1.023,0.081,-0.327,0.814,-0.542,1.573,-0.198,btn_B
1780980952.8929288,-0.822,-0.195,0.563,-1.107,1.55,-0.733,-0.671,-0.334,0.605,-6.183,0.779,0.015,-0.249,-0.359,0.923,-0.718,0.229,-0.321,-0.333,-0.345,0.936,1.122,6.718,-0.611,0.069,-0.33,0.818,-0.244,2.153,-0.229,btn_B
1780980952.9965672,-0.825,-0.196,0.558,-1.405,1.55,-0.389,-0.674,-0.335,0.604,-6.695,0.763,-0.443,-0.246,-0.366,0.922,-0.489,0.611,0.634,-0.338,-0.346,0.942,1.687,7.038,-0.344,0.072,-0.335,0.82,-0.321,2.557,0.206,btn_B
1780980953.0989122,-0.823,-0.195,0.561,-0.908,0.427,-1.176,-0.675,-0.335,0.604,-5.832,0.053,-0.855,-0.245,-0.383,0.961,0.321,0.885,0.298,-0.334,-0.349,0.934,2.954,5.053,-0.489,0.083,-0.327,0.815,-0.702,2.649,0.046,btn_B
1780980953.201674,-0.812,-0.192,0.57,-0.061,6.588,1.076,-0.681,-0.328,0.589,-10.511,28.374,0.298,-0.145,-0.084,0.497,97.183,-9.618,30.176,-0.392,-0.324,0.875,12.534,0.656,-0.916,0.072,-0.326,0.822,0.687,4.344,1.252,btn_B
1780980953.3137407,-0.823,-0.188,0.559,-0.756,1.931,0.641,-0.695,-0.296,0.508,2.573,26.985,13.573,-0.258,-0.001,0.809,39.321,2.206,7.969,-0.347,-0.316,0.947,4.969,8.397,0.405,0.069,-0.328,0.824,0.191,5.344,2.038,btn_B
1780980953.4142947,-0.824,-0.187,0.559,-1.588,0.351,-0.405,-0.762,-0.338,0.568,-2.817,8.214,5.618,-0.272,-0.028,1.024,21.023,1.275,-0.649,-0.331,-0.328,0.945,6.084,11.496,0.305,0.052,-0.328,0.818,0.046,3.84,0.718,btn_B
1780980953.5109746,-0.825,-0.191,0.562,-0.481,2.145,-0.282,-0.74,-0.293,0.507,-4.45,6.779,2.122,-0.292,0.011,0.972,6.153,0.496,-2.084,-0.35,-0.308,0.941,0.328,5.534,-0.458,0.061,-0.32,0.809,-1.328,2.901,0.733,btn_B
1780980953.6138651,-0.827,-0.188,0.551,-0.588,2.26,-0.679,-0.704,-0.289,0.475,-14.954,-8.076,-15.412,-0.193,0.057,0.789,-29.244,4.763,-3.74,-0.345,-0.295,0.936,-2.328,4.588,-1.702,0.059,-0.324,0.818,-0.908,2.046,-1.084,btn_B
1780980953.7283032,-0.839,-0.191,0.546,-2.985,-8.786,-5.122,-0.708,-0.332,0.538,4.588,-46.626,-0.786,-0.138,-0.413,0.641,-250.137,12.947,-46.611,-0.319,-0.361,0.92,-3.344,-7.359,1.084,0.073,-0.341,0.824,-0.725,3.435,-1.718,btn_B
1780980953.8313746,-0.81,-0.21,0.573,0.038,4.87,-0.695,-0.659,-0.337,0.627,-8.389,9.527,0.405,-0.261,-0.348,0.924,-1.916,0.863,-0.351,-0.33,-0.34,0.932,2.817,7.992,-0.351,0.07,-0.332,0.823,1.405,-2.29,-0.107,btn_B
1780980953.9331033,-0.822,-0.196,0.565,-0.878,1.427,-0.687,-0.673,-0.335,0.603,-6.794,0.481,-0.321,-0.243,-0.35,0.931,-1.55,0.198,0.374,-0.326,-0.342,0.943,2.092,9.13,0.473,0.062,-0.326,0.809,0.16,1.527,0.405,btn_B
1780980954.026333,-0.825,-0.201,0.56,-1.168,1.008,-1.511,-0.673,-0.335,0.591,-6.13,0.458,-0.656,-0.243,-0.354,0.933,-1.45,0.42,-0.122,-0.324,-0.348,0.94,1.603,6.824,-0.809,0.076,-0.323,0.805,0.061,2.74,-0.153,btn_B
1780980954.1291664,-0.823,-0.196,0.56,-0.679,1.702,-0.328,-0.676,-0.338,0.607,-6.374,0.603,-0.809,-0.248,-0.355,0.926,-1.26,0.756,-0.008,-0.325,-0.339,0.952,0.992,6.824,-0.618,0.068,-0.328,0.818,0.168,2.565,-0.122,btn_B
1780980954.2319613,-0.819,-0.197,0.563,-1.145,2.137,-0.695,-0.673,-0.33,0.607,-6.901,1.214,-0.794,-0.253,-0.355,0.931,-1.183,0.656,0.13,-0.331,-0.341,0.946,0.679,8.214,-0.58,0.067,-0.322,0.816,-0.206,0.962,0.008,btn_B
1780980954.3474667,-0.822,-0.2,0.565,-0.992,0.573,-0.328,-0.67,-0.334,0.599,-6.458,0.901,0.038,-0.256,-0.361,0.924,-0.42,-0.389,-0.328,-0.333,-0.343,0.937,1.763,6.511,-0.748,0.074,-0.33,0.812,-1.084,0.664,-0.443,btn_B
1780980954.4380488,-0.819,-0.198,0.559,-1.046,1.275,-1.282,-0.675,-0.336,0.606,-6.702,1.038,0.0,-0.252,-0.356,0.921,-1.328,0.26,0.176,-0.325,-0.343,0.94,1.924,7.168,-0.305,0.072,-0.337,0.824,0.115,4.718,0.137,btn_B
1780980954.5411427,-0.821,-0.196,0.567,-1.214,2.504,-0.656,-0.676,-0.33,0.596,-6.542,0.351,-0.427,-0.244,-0.364,0.92,-0.74,0.366,0.718,-0.33,-0.343,0.937,0.939,6.74,-0.809,0.068,-0.329,0.817,-0.786,1.802,-0.076,btn_B
1780980954.6483774,-0.819,-0.2,0.564,-0.756,0.954,-1.489,-0.67,-0.331,0.599,-6.221,0.382,-0.893,-0.246,-0.362,0.924,-0.389,-0.412,0.061,-0.33,-0.342,0.948,1.29,6.893,-0.16,0.068,-0.328,0.818,-0.328,2.504,-0.687,btn_B
1780980957.3221447,-0.819,-0.195,0.559,-0.557,1.809,-1.214,-0.67,-0.338,0.603,-6.206,0.534,-0.313,-0.245,-0.365,0.925,-0.321,-0.366,-0.298,-0.331,-0.342,0.937,1.748,6.84,-0.649,0.072,-0.324,0.822,-0.55,2.443,-0.092,btn_B
1780980957.4252586,-0.823,-0.201,0.563,-1.107,1.137,-0.588,-0.672,-0.336,0.605,-6.206,0.58,-0.397,-0.249,-0.367,0.929,-0.015,-0.687,-0.092,-0.33,-0.34,0.934,1.931,6.786,-1.176,0.074,-0.33,0.81,-0.511,1.893,0.038,btn_B
1780980957.53089,-0.821,-0.197,0.563,-1.015,1.641,-1.351,-0.676,-0.337,0.597,-6.595,0.725,-0.267,-0.25,-0.37,0.922,-0.29,0.42,0.122,-0.334,-0.347,0.938,1.626,6.74,-0.557,0.074,-0.332,0.814,-0.458,1.656,-0.084,btn_B
1780980957.6325264,-0.822,-0.198,0.566,-0.351,1.267,0.16,-0.672,-0.338,0.597,-6.527,1.374,0.084,-0.246,-0.366,0.92,-0.153,0.275,0.328,-0.331,-0.343,0.934,1.458,7.588,-0.557,0.073,-0.325,0.822,-0.733,1.992,-0.16,btn_B
1780980957.7470949,-0.822,-0.198,0.561,-1.267,1.527,-0.733,-0.673,-0.335,0.598,-6.282,0.427,-0.328,-0.25,-0.366,0.923,-0.366,-0.176,0.0,-0.33,-0.346,0.937,1.511,6.328,-0.573,0.08,-0.332,0.804,-0.595,2.115,0.069,btn_B
1780980957.8371391,-0.82,-0.197,0.565,-0.702,1.183,-0.855,-0.67,-0.338,0.603,-6.191,0.229,-0.939,-0.249,-0.368,0.927,0.374,-0.504,0.053,-0.333,-0.346,0.939,2.229,6.588,-0.863,0.069,-0.328,0.825,-0.756,2.863,0.252,btn_B
1780980957.9521282,-0.824,-0.2,0.565,-0.206,0.557,-0.191,-0.667,-0.299,0.616,-6.58,1.145,-1.618,-0.449,-0.557,1.452,61.679,-0.794,41.382,-0.322,-0.343,0.938,5.893,3.305,-2.137,0.069,-0.314,0.801,-2.008,0.58,0.038,btn_B
1780980958.049334,-0.814,-0.195,0.562,-1.031,3.298,0.176,-0.675,-0.34,0.604,-10.351,26.443,2.229,-0.275,-0.156,0.871,94.076,7.786,3.893,-0.324,-0.334,0.954,14.832,14.863,1.565,0.062,-0.337,0.816,5.046,12.229,2.26,btn_B
1780980958.146004,-0.8,-0.203,0.573,-0.298,3.664,0.252,-0.784,-0.356,0.552,-7.374,27.053,5.229,-0.245,-0.094,1.137,37.809,2.595,0.504,-0.302,-0.31,0.979,4.183,14.427,1.489,0.049,-0.331,0.818,1.901,5.229,0.328,btn_B
1780980958.2653217,-0.825,-0.19,0.568,0.489,-0.16,0.656,-0.851,-0.374,0.572,2.824,8.855,15.0,-0.273,0.021,0.94,28.458,1.954,5.779,-0.349,-0.312,0.938,5.962,16.168,-1.237,0.059,-0.324,0.811,-1.176,0.687,0.649,btn_B
1780980958.35224,-0.825,-0.19,0.56,-0.908,-0.511,-0.626,-0.735,-0.294,0.489,-4.893,3.168,3.282,-0.279,0.029,0.937,3.58,-0.191,-1.817,-0.345,-0.309,0.946,2.397,7.733,-0.061,0.059,-0.314,0.82,-0.023,2.55,0.008,btn_B
1780980958.4639275,-0.832,-0.194,0.56,-1.626,1.618,-1.687,-0.762,-0.31,0.497,-5.824,-1.336,-2.351,-0.274,0.035,0.912,-5.191,-2.466,-0.412,-0.345,-0.312,0.937,-1.084,5.198,-0.221,0.062,-0.321,0.818,-0.779,-0.542,0.069,btn_B
1780980958.558538,-0.824,-0.19,0.559,-1.023,1.519,-2.099,-0.712,-0.297,0.422,-28.115,-33.893,-25.794,-0.219,0.03,0.739,-83.817,0.603,-11.282,-0.344,-0.314,0.948,-12.145,-8.29,-4.748,0.065,-0.317,0.812,-4.924,-2.099,-2.198,btn_B
1780980958.6615539,-0.815,-0.198,0.568,-0.542,-9.557,-3.183,-0.651,-0.323,0.614,3.992,-32.168,1.298,-0.402,-0.631,1.341,-231.504,-22.84,-45.359,-0.557,-0.282,1.027,-2.229,-0.58,-0.427,0.007,-0.303,0.781,-5.985,-12.359,-4.779,btn_B
1780980958.764665,-0.806,-0.201,0.575,-0.573,2.405,-0.519,-0.667,-0.338,0.61,-7.618,1.16,-0.374,-0.255,-0.35,0.923,0.595,3.214,-0.069,-0.326,-0.349,0.934,1.817,7.672,-0.534,0.077,-0.333,0.82,-1.748,3.359,-0.153,btn_B
1780980958.8790855,-0.819,-0.203,0.568,-1.206,1.954,-0.802,-0.671,-0.331,0.608,-7.282,1.527,-0.328,-0.253,-0.348,0.93,-1.229,0.573,-0.153,-0.331,-0.342,0.938,1.748,7.466,0.366,0.07,-0.336,0.827,-1.031,1.366,0.718,btn_B
1780980958.979263,-0.817,-0.197,0.574,-0.756,1.145,-0.427,-0.67,-0.334,0.605,-6.817,0.153,-0.832,-0.25,-0.35,0.93,-1.0,-0.107,0.176,-0.329,-0.343,0.935,1.229,7.374,-0.466,0.082,-0.327,0.811,-0.74,1.366,-0.153,btn_B
1780980959.0805366,-0.823,-0.198,0.562,-0.847,1.382,-0.733,-0.674,-0.331,0.596,-6.763,1.084,-0.229,-0.252,-0.352,0.923,-1.481,0.519,-0.015,-0.33,-0.342,0.943,1.466,7.122,-0.733,0.074,-0.324,0.816,-0.015,2.26,-0.557,btn_B
1780980959.1761067,-0.82,-0.199,0.568,-1.107,2.038,-0.733,-0.677,-0.338,0.604,-6.519,0.939,0.0,-0.25,-0.359,0.923,-0.878,-0.42,0.55,-0.329,-0.344,0.945,1.42,6.695,-0.626,0.078,-0.331,0.816,-0.649,2.122,-0.229,btn_B
1780980959.2797644,-0.815,-0.198,0.573,-0.718,1.504,-0.252,-0.67,-0.333,0.604,-6.664,0.779,-0.061,-0.249,-0.357,0.924,-0.771,0.389,0.29,-0.336,-0.345,0.944,1.557,7.527,-0.076,0.065,-0.329,0.813,-0.794,2.115,0.031,btn_B
1780980961.966905,-0.817,-0.2,0.566,-0.763,1.672,-1.0,-0.675,-0.337,0.605,-6.427,0.183,-0.725,-0.25,-0.363,0.922,-0.046,-0.015,-0.481,-0.327,-0.346,0.944,1.573,7.298,-0.916,0.07,-0.327,0.817,0.038,1.618,-0.237,btn_B
1780980962.0644782,-0.824,-0.202,0.568,-0.855,1.29,-1.015,-0.675,-0.336,0.596,-6.282,0.58,-0.557,-0.252,-0.365,0.925,-0.16,-0.344,0.038,-0.331,-0.349,0.938,1.603,7.084,-0.718,0.07,-0.325,0.817,-0.794,1.786,-0.046,btn_B
1780980962.1648722,-0.818,-0.193,0.565,-0.931,1.45,-0.962,-0.676,-0.339,0.6,-6.458,0.573,-0.489,-0.25,-0.368,0.918,-0.321,0.053,0.198,-0.326,-0.344,0.938,1.756,7.031,-0.183,0.072,-0.325,0.811,-0.282,2.382,-0.115,btn_B
1780980962.2664516,-0.818,-0.197,0.566,-0.656,1.595,-0.908,-0.673,-0.337,0.601,-6.672,0.565,-0.443,-0.253,-0.369,0.926,-0.252,0.313,0.321,-0.326,-0.347,0.934,1.534,6.977,-0.534,0.073,-0.328,0.826,-0.527,2.038,-0.115,btn_B
1780980962.378342,-0.818,-0.197,0.554,-1.13,0.824,-0.702,-0.676,-0.338,0.601,-6.282,0.382,-0.038,-0.252,-0.37,0.926,0.481,-1.099,0.252,-0.33,-0.348,0.942,2.336,6.763,-0.58,0.071,-0.332,0.815,-0.687,2.359,-0.046,btn_B
1780980962.4801955,-0.825,-0.198,0.563,-0.176,-1.473,-1.305,-0.675,-0.33,0.634,-9.42,13.351,-0.069,-0.21,-0.562,1.562,161.786,-4.168,35.962,-0.291,-0.366,0.982,11.603,11.267,0.466,0.079,-0.333,0.816,2.977,10.885,2.336,btn_B
1780980962.5756485,-0.818,-0.201,0.562,-0.634,5.947,1.786,-0.706,-0.336,0.554,-10.214,24.275,0.275,-0.274,-0.079,0.862,67.916,10.008,6.962,-0.319,-0.319,0.956,8.878,11.595,0.542,0.064,-0.34,0.821,-1.153,2.55,1.885,btn_B
1780980962.678617,-0.826,-0.192,0.563,-0.382,-0.046,-1.206,-0.732,-0.353,0.55,-2.794,21.099,9.084,-0.221,-0.027,0.96,29.42,2.435,1.145,-0.324,-0.315,0.957,3.985,9.71,1.45,0.059,-0.317,0.82,0.634,4.687,1.481,btn_B
1780980962.781608,-0.821,-0.197,0.567,-0.664,1.481,-0.504,-0.728,-0.327,0.514,-4.282,9.221,3.244,-0.316,-0.009,1.028,14.924,-0.176,2.115,-0.348,-0.32,0.931,5.099,5.542,0.099,0.058,-0.328,0.808,1.0,4.183,0.656,btn_B
1780980962.8953087,-0.833,-0.193,0.552,-1.603,1.885,-1.214,-0.744,-0.319,0.477,-4.71,1.595,0.435,-0.285,0.019,0.921,-0.733,0.466,-0.229,-0.346,-0.306,0.95,0.313,7.656,-1.229,0.048,-0.326,0.814,0.046,1.084,-0.924,btn_B
1780980962.9872568,-0.873,-0.215,0.591,-0.45,-1.595,-1.0,-0.61,-0.396,0.545,-1.237,-41.779,-2.191,-0.266,-0.005,0.718,-84.939,-3.947,-14.122,-0.333,-0.327,0.962,-9.786,-3.565,-3.351,0.053,-0.326,0.808,-5.977,-2.595,-1.252,btn_B
1780980963.0981371,-0.823,-0.194,0.562,-0.664,-6.489,-3.489,-0.688,-0.357,0.56,2.84,-34.099,2.634,-2.0,-2.0,2.0,59.824,-250.137,105.496,-0.802,-0.329,0.989,-21.588,-19.542,-5.87,0.144,-0.404,0.916,0.832,39.168,1.214,btn_B
1780980963.193464,-0.799,-0.211,0.577,2.252,9.573,1.046,-0.676,-0.339,0.587,-7.038,3.489,0.382,-0.258,-0.354,0.92,-0.183,-1.092,0.244,-0.33,-0.341,0.944,1.618,2.359,-0.992,0.069,-0.333,0.822,-2.359,3.588,0.573,btn_B
1780980963.3077338,-0.815,-0.196,0.565,-0.527,3.008,-0.282,-0.674,-0.336,0.594,-6.702,1.053,-0.588,-0.254,-0.359,0.927,-1.206,1.29,0.137,-0.331,-0.34,0.945,1.588,5.595,-0.626,0.074,-0.331,0.814,-1.115,1.756,-0.244,btn_B
1780980963.399671,-0.821,-0.198,0.568,-1.145,2.214,-1.046,-0.677,-0.336,0.594,-6.931,0.725,-0.58,-0.246,-0.357,0.925,-1.634,1.496,-0.031,-0.332,-0.343,0.942,2.122,7.26,-0.084,0.074,-0.332,0.819,-0.786,2.557,0.519,btn_B
1780980963.513799,-0.821,-0.195,0.568,-0.931,1.511,-0.832,-0.676,-0.338,0.597,-6.405,0.435,-0.366,-0.25,-0.362,0.93,-0.618,-0.458,-0.305,-0.333,-0.338,0.936,1.244,7.366,-0.626,0.071,-0.327,0.815,-0.802,1.992,-0.237,btn_B
1780980963.6127083,-0.819,-0.199,0.561,-1.115,1.435,-0.611,-0.673,-0.336,0.593,-6.145,0.931,-0.145,-0.248,-0.361,0.922,-0.282,-0.679,0.282,-0.326,-0.339,0.946,1.718,6.481,-1.107,0.063,-0.33,0.817,-0.473,2.679,-0.13,btn_B
1780980963.7146828,-0.817,-0.195,0.571,-1.374,1.557,-0.221,-0.684,-0.338,0.592,-5.931,0.664,-0.489,-0.245,-0.359,0.921,-0.985,-0.008,0.198,-0.333,-0.342,0.942,2.038,6.885,-0.321,0.07,-0.321,0.817,-0.298,2.931,-0.198,btn_B
1780980963.8115506,-0.823,-0.199,0.561,-1.534,0.611,-1.824,-0.676,-0.335,0.597,-6.443,0.863,-0.313,-0.249,-0.363,0.921,-0.229,0.061,0.282,-0.325,-0.34,0.939,1.71,7.397,0.466,0.069,-0.33,0.818,-0.397,2.702,0.115,btn_B
1780980963.9147375,-0.824,-0.196,0.567,-0.802,1.885,-0.29,-0.675,-0.339,0.594,-6.336,0.504,-0.328,-0.248,-0.36,0.924,-0.076,-0.618,-0.122,-0.33,-0.34,0.943,1.847,6.725,-0.641,0.081,-0.327,0.812,-0.344,2.718,0.092,btn_B
1780980966.5924895,-0.818,-0.195,0.564,-0.557,2.405,-0.008,-0.705,-0.341,0.552,-6.382,5.107,-0.198,-0.276,-0.098,1.024,8.847,0.191,1.672,-0.336,-0.32,0.946,2.023,6.786,-0.374,0.064,-0.328,0.816,-0.305,3.137,0.122,btn_B
1780980966.6956797,-0.826,-0.194,0.554,-0.634,1.817,-0.855,-0.719,-0.337,0.526,-6.397,2.962,-1.122,-0.261,-0.051,0.922,0.336,-2.649,1.84,-0.34,-0.322,0.936,1.229,6.466,-0.237,0.067,-0.327,0.824,-1.084,2.275,0.031,btn_B
1780980966.7988236,-0.821,-0.198,0.562,-1.267,1.046,-1.229,-0.696,-0.34,0.543,-5.725,-1.038,-1.588,-0.276,-0.086,1.02,-1.427,1.786,-1.763,-0.34,-0.322,0.946,1.687,8.725,-0.924,0.056,-0.324,0.813,-0.053,2.26,-0.458,btn_B
1780980966.937642,-0.82,-0.193,0.562,-1.107,1.977,-1.115,-0.708,-0.34,0.554,-6.435,-1.687,-0.893,-0.28,-0.093,1.011,0.595,2.351,0.489,-0.333,-0.324,0.936,1.664,9.145,-0.908,0.058,-0.327,0.813,-0.412,1.053,-0.015,btn_B
1780980967.0319543,-0.824,-0.198,0.564,-0.947,1.427,-0.115,-0.72,-0.34,0.536,-6.802,7.405,0.26,-0.303,-0.081,0.979,10.58,0.16,3.588,-0.331,-0.323,0.944,2.763,5.664,0.053,0.059,-0.324,0.814,0.023,2.969,-0.046,btn_B
1780980967.1144173,-0.84,-0.188,0.546,-0.771,1.244,-0.076,-0.762,-0.305,0.439,-2.267,25.0,7.191,-0.224,0.01,0.936,22.756,5.664,1.092,-0.327,-0.309,0.946,3.84,11.496,1.366,0.064,-0.32,0.822,-1.031,4.397,0.832,btn_B
1780980967.2112303,-0.814,-0.187,0.562,-0.656,1.786,-0.931,-0.783,-0.341,0.541,-8.206,-0.817,-3.221,-0.291,-0.022,1.057,-1.038,0.687,-0.206,-0.358,-0.324,0.947,2.389,8.229,-0.947,0.054,-0.323,0.827,-2.237,2.863,-0.534,btn_B
1780980967.3137455,-0.82,-0.191,0.561,-0.573,1.092,-0.763,-0.843,-0.375,0.554,-8.885,-4.008,-6.885,-0.274,0.002,0.944,-10.504,5.092,-3.74,-0.348,-0.314,0.935,0.198,4.878,-1.603,0.062,-0.331,0.82,-1.374,1.435,-0.214,btn_B
1780980967.4272635,-0.829,-0.188,0.563,-1.885,-1.298,-3.397,-0.684,-0.332,0.581,-1.603,-101.458,-3.13,-0.26,-0.063,0.629,-139.053,0.992,-23.298,-0.334,-0.333,0.941,-15.435,-4.824,-5.198,0.065,-0.325,0.809,-5.588,-6.542,-3.519,btn_B
1780980967.5272386,-0.781,-0.222,0.56,4.679,2.244,0.641,-0.673,-0.355,0.681,-7.84,-9.664,-1.916,-0.297,-0.329,0.913,5.145,16.053,0.313,-0.341,-0.329,0.935,-1.931,0.687,0.206,0.076,-0.326,0.821,-2.45,2.557,-0.229,btn_B
1780980967.6289175,-0.814,-0.199,0.57,-1.412,0.115,-1.13,-0.675,-0.335,0.607,-6.931,0.656,-0.427,-0.249,-0.344,0.93,-0.885,0.901,0.053,-0.33,-0.343,0.939,1.809,7.725,-0.595,0.069,-0.33,0.812,-0.626,0.985,0.29,btn_B
1780980967.7269385,-0.815,-0.201,0.572,-0.733,1.756,0.008,-0.676,-0.326,0.604,-6.45,0.87,-0.115,-0.251,-0.346,0.935,-1.137,0.328,-0.58,-0.33,-0.339,0.938,1.679,6.656,-0.565,0.071,-0.325,0.81,-0.641,1.153,-0.16,btn_B
1780980967.8289056,-0.814,-0.197,0.569,-1.351,1.198,-1.153,-0.677,-0.331,0.604,-6.435,0.87,0.13,-0.251,-0.344,0.933,-1.015,-0.061,0.336,-0.328,-0.338,0.935,1.588,6.992,-0.489,0.074,-0.328,0.81,-0.649,2.221,-0.527,btn_B
1780980967.932009,-0.817,-0.197,0.566,-0.901,2.069,-0.588,-0.675,-0.335,0.602,-6.397,1.504,0.046,-0.25,-0.351,0.926,-1.046,0.16,0.504,-0.328,-0.339,0.941,2.069,6.939,0.214,0.073,-0.332,0.811,-0.298,2.664,0.504,btn_B
1780980968.0480132,-0.814,-0.198,0.572,-0.496,1.725,-0.427,-0.674,-0.331,0.599,-6.221,0.504,-0.489,-0.249,-0.35,0.924,-0.748,-0.084,-0.092,-0.328,-0.34,0.939,1.641,6.992,-0.229,0.073,-0.333,0.805,-0.107,2.511,0.0,btn_B
1780980968.1469886,-0.815,-0.198,0.572,-1.031,2.282,-0.779,-0.674,-0.337,0.605,-6.42,0.756,-0.931,-0.248,-0.35,0.927,-1.198,0.069,-0.115,-0.33,-0.344,0.94,1.534,6.901,-1.099,0.07,-0.327,0.811,-0.45,2.817,0.244,btn_B
1780980968.246814,-0.817,-0.195,0.568,-1.0,1.084,-0.847,-0.674,-0.333,0.598,-6.328,0.603,-0.473,-0.251,-0.346,0.924,-0.771,0.084,0.275,-0.334,-0.341,0.94,1.55,7.137,-0.313,0.074,-0.328,0.817,-0.679,2.565,-0.389,btn_B
1780980968.3439007,-0.817,-0.2,0.57,-0.366,1.008,-0.763,-0.676,-0.332,0.597,-6.557,0.588,-0.336,-0.251,-0.354,0.929,-1.031,0.008,0.267,-0.33,-0.34,0.944,1.58,7.115,0.198,0.066,-0.329,0.824,-0.237,2.718,-0.191,btn_B
1780980968.4467247,-0.822,-0.2,0.567,-1.023,0.916,-0.412,-0.673,-0.331,0.608,-6.344,0.611,-0.298,-0.25,-0.353,0.931,-0.71,0.275,0.626,-0.329,-0.341,0.94,1.756,7.748,-0.603,0.068,-0.326,0.824,-0.267,3.122,0.191,btn_B
1780980971.2279253,-0.828,-0.201,0.57,-0.878,1.748,-1.412,-0.67,-0.333,0.594,-6.718,0.672,-0.84,-0.249,-0.36,0.917,-0.145,-0.389,-0.115,-0.328,-0.339,0.934,1.878,6.405,-0.71,0.069,-0.327,0.816,-0.534,2.267,0.221,btn_B
1780980971.3308454,-0.817,-0.197,0.566,-1.366,1.603,-0.595,-0.676,-0.335,0.602,-6.565,0.496,-0.389,-0.256,-0.365,0.925,-0.321,-0.588,0.015,-0.331,-0.34,0.941,1.962,7.435,-0.534,0.063,-0.328,0.817,-0.756,2.359,-0.336,btn_B
1780980971.4339228,-0.811,-0.194,0.563,-0.611,1.656,-0.611,-0.677,-0.334,0.595,-6.191,0.908,-0.649,-0.252,-0.358,0.928,-0.603,0.351,0.198,-0.323,-0.335,0.937,1.389,7.206,-0.267,0.074,-0.323,0.815,-0.511,1.977,0.168,btn_B
1780980971.5371103,-0.819,-0.199,0.565,-1.015,1.595,-0.985,-0.675,-0.327,0.599,-6.557,0.45,-0.511,-0.25,-0.363,0.926,-0.084,0.069,0.595,-0.329,-0.346,0.939,1.473,7.053,-0.099,0.07,-0.328,0.808,-0.397,3.305,-0.206,btn_B
1780980971.6476538,-0.814,-0.193,0.568,-1.145,0.992,-0.885,-0.682,-0.344,0.602,-5.878,0.504,-0.557,-0.247,-0.363,0.92,0.389,-0.687,0.145,-0.327,-0.343,0.943,2.0,6.267,-0.611,0.066,-0.323,0.814,-0.565,2.382,-0.069,btn_B
1780980971.744477,-0.82,-0.196,0.564,-0.443,-1.275,-1.427,-0.67,-0.33,0.624,-7.328,10.664,-0.641,-0.174,-0.525,1.397,173.137,4.382,27.427,-0.302,-0.344,0.973,8.771,16.061,0.786,0.063,-0.329,0.812,2.55,7.527,0.901,btn_B
1780980971.845902,-0.812,-0.195,0.567,-0.427,3.748,-0.038,-0.693,-0.328,0.516,-6.206,21.443,-3.282,-0.242,-0.137,1.014,58.023,1.061,8.687,-0.345,-0.333,0.936,8.771,4.046,1.786,0.062,-0.325,0.807,-1.176,3.702,0.962,btn_B
1780980971.948752,-0.832,-0.201,0.562,-0.954,1.71,-0.855,-0.712,-0.335,0.539,-6.336,14.145,0.511,-0.267,-0.095,1.039,22.947,4.053,1.71,-0.338,-0.326,0.935,4.824,8.252,0.763,0.05,-0.333,0.817,0.534,4.496,0.542,btn_B
1780980972.0516405,-0.821,-0.192,0.555,-0.992,2.168,-0.092,-0.739,-0.333,0.511,-6.977,3.519,0.115,-0.286,-0.082,1.123,8.061,-1.008,-0.328,-0.334,-0.318,0.95,0.962,8.008,-0.626,0.058,-0.327,0.819,0.206,4.29,0.313,btn_B
1780980972.1640966,-0.829,-0.198,0.562,-0.786,1.519,-1.214,-0.744,-0.339,0.509,-7.076,-1.122,-0.389,-0.268,-0.029,1.005,0.718,1.947,0.359,-0.339,-0.319,0.935,1.565,9.214,-0.336,0.043,-0.323,0.826,-0.13,3.221,0.244,btn_B
1780980972.2622294,-0.819,-0.197,0.56,-1.084,1.939,-0.771,-0.747,-0.334,0.485,-6.969,-3.84,-1.214,-0.286,-0.018,0.939,-7.344,-6.908,1.412,-0.346,-0.309,0.945,-0.168,3.145,-1.0,0.051,-0.323,0.817,-1.954,1.198,-0.031,btn_B
1780980972.3610413,-0.825,-0.192,0.559,-1.893,-0.321,-3.168,-0.675,-0.356,0.63,2.725,-67.252,0.992,-0.137,-0.122,0.056,-250.137,-6.351,-47.649,-0.312,-0.319,0.926,-19.244,3.282,-4.359,0.076,-0.334,0.815,-4.924,-3.519,-3.916,btn_B
1780980972.463925,-0.832,-0.189,0.578,-3.641,-3.656,-1.42,-0.649,-0.339,0.632,-7.13,0.183,-1.298,-0.233,-0.347,0.948,4.389,-1.145,1.443,-0.326,-0.342,0.949,0.565,10.435,-1.008,0.058,-0.32,0.823,0.756,-6.947,-0.038,btn_B
1780980972.580718,-0.825,-0.201,0.564,-1.046,2.786,-0.695,-0.681,-0.342,0.588,-6.656,0.794,-0.237,-0.239,-0.356,0.927,-2.176,-0.366,0.252,-0.321,-0.337,0.931,0.908,7.221,0.336,0.066,-0.328,0.816,-0.122,1.466,0.252,btn_B
1780980972.6813564,-0.823,-0.196,0.562,-1.015,2.275,-0.672,-0.679,-0.339,0.596,-6.733,0.504,0.237,-0.24,-0.364,0.923,-0.939,0.649,0.275,-0.33,-0.339,0.942,1.267,6.0,-0.786,0.068,-0.334,0.816,-0.832,1.557,-0.061,btn_B
1780980972.7791448,-0.819,-0.202,0.567,-0.695,2.214,-0.557,-0.681,-0.34,0.591,-6.664,0.962,0.351,-0.246,-0.368,0.925,-0.519,-0.481,0.145,-0.325,-0.34,0.945,1.695,6.687,-1.0,0.069,-0.331,0.811,-0.634,1.954,-0.282,btn_B
1780980972.876109,-0.822,-0.198,0.559,-1.046,2.466,-1.023,-0.677,-0.341,0.587,-6.824,0.695,-0.359,-0.239,-0.364,0.933,-0.55,0.336,0.206,-0.327,-0.337,0.946,1.672,6.878,-0.863,0.069,-0.329,0.816,-0.802,2.214,-0.092,btn_B
1780980972.9787042,-0.817,-0.199,0.566,-1.252,1.351,-0.733,-0.679,-0.339,0.594,-6.611,0.473,-0.756,-0.242,-0.365,0.925,-1.031,0.634,-0.183,-0.325,-0.335,0.94,1.656,7.061,-0.015,0.075,-0.326,0.813,-0.557,2.313,-0.069,btn_B
1780980973.0819352,-0.821,-0.201,0.564,-0.786,1.053,-0.794,-0.677,-0.34,0.601,-6.702,0.679,-0.863,-0.243,-0.361,0.925,-0.687,0.328,0.29,-0.325,-0.338,0.947,1.305,7.489,-0.504,0.076,-0.322,0.801,-0.664,2.344,0.13,btn_B
1780980975.8634918,-0.823,-0.195,0.56,-0.603,0.84,-0.832,-0.683,-0.34,0.587,-5.359,-0.328,-0.809,-0.242,-0.373,0.922,-0.649,-1.412,0.038,-0.33,-0.34,0.941,2.191,7.176,-0.183,0.072,-0.329,0.809,-0.733,2.481,-0.321,btn_B
1780980975.9786425,-0.824,-0.196,0.564,-0.893,1.061,-0.435,-0.677,-0.339,0.592,-6.206,1.145,0.359,-0.243,-0.369,0.923,-0.458,-0.588,-0.191,-0.324,-0.343,0.937,1.718,6.87,-0.557,0.072,-0.336,0.809,-0.603,1.824,-0.115,btn_B
1780980976.0787685,-0.815,-0.197,0.552,-1.252,1.809,-1.137,-0.677,-0.341,0.595,-6.595,0.672,-0.198,-0.24,-0.374,0.918,-1.031,0.84,0.092,-0.332,-0.34,0.946,0.924,7.893,-0.832,0.071,-0.328,0.813,-0.313,1.802,0.336,btn_B
1780980976.1722777,-0.823,-0.197,0.562,-0.679,2.435,0.679,-0.686,-0.343,0.585,-5.931,1.847,0.687,-0.247,-0.373,0.918,0.137,0.977,0.748,-0.335,-0.342,0.945,1.824,6.489,0.008,0.069,-0.326,0.812,-1.008,1.924,-0.427,btn_B
1780980976.2755966,-0.828,-0.201,0.558,-1.084,1.695,-0.542,-0.68,-0.336,0.594,-6.069,0.58,-0.405,-0.243,-0.367,0.917,-0.053,-0.695,0.076,-0.329,-0.342,0.927,2.191,6.702,-0.832,0.07,-0.324,0.811,-1.145,1.947,-0.214,btn_B
1780980976.3780758,-0.822,-0.195,0.561,-1.0,1.71,-0.672,-0.678,-0.337,0.591,-6.405,0.55,-0.649,-0.245,-0.372,0.923,0.008,-0.344,0.115,-0.331,-0.341,0.942,1.634,7.298,-0.664,0.066,-0.33,0.814,-0.473,2.42,-0.053,btn_B
1780980976.4922729,-0.823,-0.192,0.558,-1.069,1.908,-1.763,-0.684,-0.343,0.583,-6.634,0.55,-0.687,-0.246,-0.369,0.917,-0.473,0.595,-0.763,-0.331,-0.342,0.95,1.771,6.511,-0.504,0.066,-0.332,0.816,-0.313,2.305,0.221,btn_B
1780980976.5921571,-0.823,-0.194,0.555,-0.687,1.237,0.061,-0.677,-0.339,0.59,-6.282,0.847,-0.359,-0.243,-0.369,0.921,-0.13,-0.137,0.366,-0.334,-0.342,0.94,1.969,7.122,-0.13,0.066,-0.329,0.811,-0.405,2.504,-0.252,btn_B
1780980976.69472,-0.821,-0.197,0.557,-1.527,0.824,-1.55,-0.685,-0.344,0.59,-6.053,0.55,-0.473,-0.243,-0.372,0.928,-0.015,-1.489,0.55,-0.33,-0.34,0.94,1.786,6.695,-0.611,0.072,-0.326,0.821,-0.336,2.321,-0.298,btn_B
1780980976.794987,-0.823,-0.197,0.565,-0.458,1.344,-0.588,-0.681,-0.343,0.587,-6.122,0.305,-0.702,-0.249,-0.371,0.906,3.977,-0.305,0.313,-0.328,-0.343,0.945,2.321,6.634,-0.031,0.073,-0.339,0.821,-1.679,0.779,0.183,btn_B
1780980976.893156,-0.814,-0.202,0.561,0.42,9.168,0.504,-0.655,-0.356,0.607,-11.053,29.595,1.176,-0.182,-0.105,0.398,145.687,-0.321,19.656,-0.286,-0.375,0.986,30.809,22.763,1.26,0.062,-0.318,0.816,-1.679,3.282,-0.092,btn_B
1780980977.0068014,-0.835,-0.192,0.558,-0.618,2.618,1.389,-0.738,-0.339,0.494,-5.42,39.756,3.206,-0.323,-0.04,0.865,48.221,6.298,9.038,-0.353,-0.306,0.943,6.458,1.672,1.145,0.056,-0.327,0.833,1.893,5.74,1.229,btn_B
1780980977.1147735,-0.828,-0.19,0.559,-1.344,0.626,-0.71,-0.747,-0.325,0.497,-1.153,10.756,4.252,-0.286,-0.012,0.967,18.458,-1.786,-0.122,-0.325,-0.315,0.966,4.458,12.588,-0.038,0.05,-0.325,0.818,0.771,3.0,0.618,btn_B
1780980977.2119231,-0.824,-0.189,0.552,-0.824,2.511,0.099,-0.799,-0.334,0.507,-1.321,1.618,5.519,-0.27,0.003,1.021,10.84,-0.534,3.244,-0.337,-0.302,0.947,3.687,3.061,0.206,0.051,-0.319,0.828,-0.351,1.611,-0.206,btn_B
1780980977.3108344,-0.83,-0.187,0.553,-1.053,2.267,0.046,-0.764,-0.305,0.479,-5.069,-1.809,-1.534,-0.278,0.033,0.937,-2.87,-2.229,-0.229,-0.343,-0.302,0.958,-0.687,5.176,-0.87,0.055,-0.319,0.815,-0.115,1.672,-0.382,btn_B
1780980977.4082353,-0.825,-0.19,0.557,-1.748,2.237,-2.748,-0.65,-0.272,0.388,-25.664,-32.847,-25.237,-0.285,0.034,0.696,-88.473,-5.519,-11.832,-0.328,-0.303,0.939,-10.985,-4.374,-4.359,0.025,-0.324,0.813,-6.885,-1.832,-2.473,btn_B
1780980977.5115252,-0.816,-0.201,0.568,-0.527,-7.275,-2.885,-0.615,-0.334,0.697,3.244,-32.412,0.382,-0.343,-0.63,1.185,-250.137,-21.718,-44.511,-0.625,-0.238,1.069,-5.092,5.878,-1.412,-0.027,-0.306,0.784,-11.489,-14.649,-4.099,btn_B
1780980977.6268065,-0.813,-0.202,0.565,-0.489,2.076,-0.55,-0.668,-0.33,0.611,-7.191,1.374,-0.015,-0.243,-0.348,0.929,-0.916,3.794,-0.031,-0.335,-0.33,0.946,1.0,7.267,-0.244,0.061,-0.332,0.822,-1.809,2.939,0.397,btn_B
1780980977.7174067,-0.822,-0.197,0.57,-1.588,1.298,-0.557,-0.671,-0.328,0.597,-6.824,0.817,0.191,-0.245,-0.35,0.926,-0.832,0.809,0.481,-0.33,-0.336,0.939,1.71,6.626,-0.076,0.062,-0.326,0.82,-0.603,1.87,-0.183,btn_B
1780980980.4984138,-0.827,-0.197,0.556,-1.023,1.809,-1.298,-0.675,-0.338,0.596,-6.389,0.206,-1.252,-0.247,-0.366,0.923,-0.618,-0.519,-0.366,-0.334,-0.342,0.938,1.756,7.603,-0.13,0.067,-0.332,0.814,-0.374,2.809,0.115,btn_B
1780980980.6014452,-0.828,-0.198,0.552,-0.954,0.389,-0.229,-0.676,-0.339,0.6,-5.565,0.878,-0.87,-0.243,-0.365,0.923,0.069,-0.687,0.305,-0.331,-0.344,0.937,2.214,6.389,-0.382,0.067,-0.324,0.822,-0.344,2.29,-0.038,btn_B
1780980980.7048745,-0.818,-0.197,0.557,-0.931,1.015,-0.565,-0.68,-0.336,0.598,-6.366,0.191,-0.779,-0.246,-0.363,0.927,-0.954,-0.053,0.099,-0.338,-0.341,0.939,0.664,7.336,-0.802,0.061,-0.33,0.821,-0.458,2.656,0.214,btn_B
1780980980.8132317,-0.824,-0.196,0.558,-1.16,1.435,-1.573,-0.674,-0.339,0.6,-6.229,0.847,-0.107,-0.245,-0.368,0.922,-0.405,0.45,0.573,-0.337,-0.342,0.938,1.466,6.87,-0.656,0.073,-0.332,0.819,-0.313,1.901,-0.069,btn_B
1780980980.9173343,-0.82,-0.197,0.554,-0.824,1.305,0.489,-0.676,-0.338,0.591,-6.13,1.427,0.832,-0.244,-0.368,0.926,-0.053,-0.084,-0.046,-0.332,-0.34,0.936,2.015,6.504,0.008,0.07,-0.329,0.816,-0.252,2.229,-0.267,btn_B
1780980981.0138352,-0.823,-0.197,0.565,-0.863,1.412,-1.611,-0.673,-0.337,0.613,-5.641,-0.107,-0.153,-0.266,-0.357,0.928,-1.427,8.122,0.298,-0.343,-0.345,0.941,2.511,7.397,-0.779,0.064,-0.32,0.808,-1.153,3.496,0.908,btn_B
1780980981.1266816,-0.865,-0.191,0.522,-1.534,-2.794,-0.756,-0.682,-0.34,0.582,-7.748,13.702,-0.481,-0.229,-0.24,1.064,84.252,-4.282,17.626,-0.335,-0.344,0.924,7.137,9.023,-0.26,0.066,-0.308,0.806,1.397,7.58,0.992,btn_B
1780980981.2246032,-0.811,-0.206,0.568,0.145,1.038,0.802,-0.65,-0.316,0.543,-1.229,23.412,5.84,-0.23,-0.065,0.946,38.053,3.397,8.382,-0.348,-0.33,0.937,5.779,8.718,0.863,0.06,-0.326,0.82,-1.16,2.901,1.458,btn_B
1780980981.3269012,-0.819,-0.184,0.565,-1.405,4.038,-0.802,-0.697,-0.308,0.549,-3.534,10.061,0.382,-0.252,-0.041,1.038,17.374,2.412,-1.206,-0.328,-0.323,0.953,3.405,6.977,1.489,0.055,-0.327,0.815,1.275,7.504,3.84,btn_B
1780980981.4255767,-0.833,-0.194,0.545,-1.84,5.26,-0.42,-0.739,-0.307,0.506,-7.214,1.863,-0.26,-0.268,0.012,0.949,2.42,1.084,1.16,-0.344,-0.313,0.945,1.611,6.809,0.305,0.043,-0.315,0.818,-1.145,3.42,0.168,btn_B
1780980981.528704,-0.828,-0.192,0.556,-1.176,0.527,-1.038,-0.742,-0.318,0.533,-8.962,-4.435,-6.87,-0.286,0.018,0.908,-13.176,-3.366,-0.618,-0.346,-0.307,0.941,1.87,4.412,-0.771,0.048,-0.327,0.811,-0.977,0.534,-1.962,btn_B
1780980981.6421824,-0.833,-0.193,0.519,-0.542,-8.817,-4.87,-0.695,-0.346,0.561,3.206,-54.695,-4.954,-0.217,-0.11,0.787,-126.794,-1.885,-16.962,-0.326,-0.337,0.954,-7.901,-1.534,-4.397,0.072,-0.336,0.814,-3.191,-7.511,-2.733,btn_B
1780980981.7447577,-0.821,-0.209,0.595,-0.595,-4.947,-0.916,-0.658,-0.346,0.615,-12.351,32.603,3.771,-0.216,-0.362,1.016,-21.794,-44.0,-1.069,-0.305,-0.379,0.953,-4.214,-2.855,-2.115,0.08,-0.352,0.838,-1.496,3.847,-0.656,btn_B
1780980981.8441854,-0.823,-0.199,0.561,-0.924,0.298,-0.206,-0.675,-0.337,0.599,-6.26,0.794,0.008,-0.258,-0.35,0.936,-0.763,-0.664,0.511,-0.33,-0.338,0.934,2.924,7.504,0.473,0.063,-0.325,0.819,-0.053,0.069,-0.58,btn_B
1780980981.9406228,-0.821,-0.189,0.563,-0.58,1.679,-2.458,-0.674,-0.331,0.602,-7.214,-0.252,-1.076,-0.259,-0.352,0.929,-1.809,1.206,-0.176,-0.334,-0.342,0.935,0.954,7.565,-0.74,0.064,-0.327,0.816,-0.076,2.565,0.962,btn_B
1780980982.0435534,-0.824,-0.197,0.564,-0.191,1.137,0.084,-0.673,-0.332,0.607,-6.603,0.634,-0.305,-0.251,-0.354,0.922,-0.473,-0.206,-0.336,-0.333,-0.337,0.943,1.359,7.481,-0.87,0.066,-0.33,0.817,-0.962,2.321,-0.427,btn_B
1780980982.146816,-0.823,-0.199,0.566,-1.084,0.748,-0.504,-0.676,-0.335,0.603,-6.229,0.863,-0.641,-0.256,-0.355,0.926,-0.107,-1.038,0.565,-0.334,-0.344,0.937,2.214,7.229,-0.198,0.07,-0.334,0.819,-0.466,1.863,-0.939,btn_B
1780980982.2599907,-0.82,-0.196,0.565,-0.763,1.718,-1.573,-0.681,-0.332,0.598,-6.45,-0.466,-2.321,-0.252,-0.358,0.927,-1.076,0.573,-0.214,-0.332,-0.342,0.939,0.687,7.489,-0.702,0.072,-0.327,0.818,-0.466,2.756,0.962,btn_B
1780980982.3601582,-0.822,-0.197,0.558,-0.29,0.954,-0.84,-0.671,-0.335,0.606,-6.061,0.344,-0.954,-0.26,-0.354,0.915,-0.519,-0.397,-0.374,-0.33,-0.34,0.94,0.763,6.29,-1.397,0.075,-0.335,0.825,-0.824,1.511,-0.26,btn_B
1780980982.4590485,-0.823,-0.201,0.567,-1.061,1.412,-0.687,-0.668,-0.334,0.605,-6.412,0.16,0.153,-0.258,-0.357,0.93,-0.977,-0.26,-0.099,-0.332,-0.337,0.94,0.931,7.885,-0.511,0.072,-0.339,0.813,-0.74,1.298,0.008,btn_B
1780980985.1431966,-0.821,-0.201,0.562,-1.115,1.344,-0.29,-0.676,-0.338,0.594,-6.13,0.573,0.397,-0.266,-0.367,0.9,0.42,1.038,-0.191,-0.332,-0.348,0.941,2.069,6.969,-0.573,0.068,-0.331,0.813,-0.565,1.695,-0.626,btn_B
1780980985.2427003,-0.82,-0.195,0.566,-0.924,1.397,-1.298,-0.674,-0.335,0.604,-6.863,-0.061,-0.863,-0.252,-0.361,0.926,-0.71,0.198,-0.198,-0.328,-0.343,0.938,1.183,7.527,-0.519,0.065,-0.335,0.825,-0.489,2.344,0.55,btn_B
1780980985.339709,-0.823,-0.201,0.559,-0.939,0.863,-0.962,-0.677,-0.334,0.599,-6.29,0.756,-0.061,-0.255,-0.363,0.92,-0.313,-0.176,-0.137,-0.334,-0.348,0.939,1.626,7.023,-0.443,0.067,-0.332,0.824,-0.267,2.626,0.115,btn_B
1780980985.4451883,-0.821,-0.2,0.563,-0.557,0.588,0.069,-0.675,-0.335,0.601,-6.42,0.687,-0.176,-0.256,-0.37,0.915,-0.244,-0.504,0.779,-0.332,-0.345,0.935,1.901,6.695,-0.84,0.067,-0.331,0.823,-0.321,2.603,-0.504,btn_B
1780980985.545983,-0.82,-0.201,0.562,-0.679,1.382,-1.427,-0.683,-0.335,0.599,-6.443,0.076,-1.626,-0.259,-0.371,0.92,-0.656,-0.397,-0.153,-0.329,-0.343,0.938,0.916,6.924,-1.008,0.071,-0.332,0.812,-0.618,2.046,0.206,btn_B
1780980985.657827,-0.825,-0.194,0.561,-1.496,1.038,-1.115,-0.679,-0.336,0.595,-4.626,-1.252,-0.443,-0.255,-0.364,0.923,4.382,-1.344,0.496,-0.332,-0.341,0.94,3.45,7.298,0.26,0.065,-0.326,0.818,-0.824,1.71,-0.267,btn_B
1780980985.7586687,-0.81,-0.2,0.562,0.931,4.443,1.511,-0.654,-0.338,0.629,-12.221,21.595,0.206,-0.269,-0.084,0.277,147.206,-16.389,31.489,-0.33,-0.323,0.927,18.221,11.672,-1.489,0.094,-0.332,0.819,3.656,0.611,-0.374,btn_B
1780980985.8546891,-0.823,-0.188,0.561,0.473,-0.321,-1.916,-0.69,-0.35,0.578,-15.595,39.038,6.626,-0.254,-0.075,0.913,44.267,3.183,5.275,-0.339,-0.329,0.949,3.473,12.588,0.191,0.065,-0.332,0.822,-0.718,8.641,2.076,btn_B
1780980985.9587617,-0.817,-0.19,0.568,-0.076,-0.237,-0.183,-0.735,-0.338,0.59,-6.267,4.985,-0.55,-0.274,-0.047,1.032,11.473,0.557,2.802,-0.346,-0.324,0.945,2.435,7.153,-0.298,0.061,-0.318,0.819,-0.466,5.366,0.183,btn_B
1780980986.0608113,-0.824,-0.189,0.566,-0.214,2.321,0.107,-0.757,-0.326,0.539,-4.947,2.687,2.168,-0.278,-0.016,0.98,4.008,-0.29,0.473,-0.337,-0.316,0.951,2.84,7.046,0.511,0.048,-0.315,0.815,-0.092,0.817,-0.977,btn_B
1780980986.1794362,-0.825,-0.188,0.562,-1.55,3.718,-1.939,-0.738,-0.315,0.52,-9.901,-5.092,-8.649,-0.287,-0.007,0.924,-14.069,0.496,1.122,-0.349,-0.318,0.938,-1.26,8.084,-1.389,0.055,-0.325,0.825,-1.565,0.344,0.092,btn_B
1780980986.2773855,-0.828,-0.179,0.589,-3.679,-7.405,-3.641,-0.688,-0.339,0.587,5.863,-36.901,-0.74,-0.175,-0.13,0.744,-144.924,7.168,-17.832,-0.33,-0.343,0.924,-5.954,-4.252,-4.115,0.083,-0.341,0.828,-3.977,-3.023,-0.84,btn_B
1780980986.369597,-0.803,-0.204,0.513,-3.634,5.267,0.176,-0.696,-0.328,0.583,-4.0,-12.191,0.718,-0.281,-0.357,0.964,16.153,15.221,1.87,-0.381,-0.322,0.909,1.702,12.26,-0.618,0.07,-0.322,0.82,0.298,-0.863,-0.969,btn_B
1780980986.472635,-0.819,-0.191,0.575,-1.16,2.954,-2.275,-0.677,-0.327,0.606,-7.076,0.802,-1.389,-0.26,-0.351,0.931,-1.267,0.489,0.519,-0.33,-0.345,0.944,1.092,9.74,0.382,0.049,-0.327,0.799,0.053,1.267,0.748,btn_B
1780980986.5759926,-0.813,-0.197,0.563,-0.664,1.427,-0.626,-0.675,-0.323,0.602,-6.603,0.298,-0.313,-0.261,-0.35,0.923,-1.382,-0.397,0.176,-0.331,-0.341,0.936,1.435,6.969,-0.611,0.067,-0.331,0.816,-0.679,1.809,-0.374,btn_B
1780980986.6787014,-0.814,-0.196,0.567,-0.618,1.412,0.359,-0.674,-0.329,0.603,-6.71,1.496,0.519,-0.263,-0.35,0.924,-0.305,-0.878,0.427,-0.349,-0.333,0.945,5.672,6.427,-0.008,0.062,-0.327,0.811,-0.053,1.878,-0.466,btn_B
1780980986.7919254,-0.812,-0.195,0.573,-1.069,1.725,-2.244,-0.674,-0.328,0.599,-6.878,0.481,-0.519,-0.265,-0.355,0.928,-1.137,0.344,0.015,-0.338,-0.341,0.933,0.687,7.191,-0.519,0.08,-0.331,0.822,-0.336,3.176,0.809,btn_B
1780980986.8939989,-0.817,-0.198,0.572,-0.733,0.641,-0.046,-0.681,-0.33,0.604,-6.351,0.687,0.29,-0.257,-0.356,0.922,-0.809,0.656,-0.359,-0.334,-0.34,0.937,1.573,7.328,-0.214,0.06,-0.33,0.808,-0.931,1.847,-0.481,btn_B
1780980986.992888,-0.82,-0.196,0.568,-0.84,0.863,-0.687,-0.677,-0.329,0.598,-6.084,1.061,0.397,-0.26,-0.354,0.922,0.137,-0.618,0.603,-0.332,-0.341,0.943,2.221,6.542,-0.779,0.069,-0.329,0.812,-0.664,1.87,-0.435,btn_B
1780980987.0908995,-0.819,-0.195,0.57,-1.16,2.786,-2.099,-0.674,-0.334,0.598,-6.992,0.183,-1.725,-0.259,-0.358,0.924,-1.641,0.198,0.206,-0.335,-0.345,0.939,1.107,7.191,-0.87,0.073,-0.327,0.821,-0.046,3.015,0.435,btn_B
1780980989.7792857,-0.818,-0.197,0.564,-1.305,1.145,-0.702,-0.674,-0.333,0.603,-6.802,0.687,-0.382,-0.261,-0.366,0.922,-0.305,-0.015,0.374,-0.338,-0.342,0.938,1.985,6.84,-0.137,0.067,-0.328,0.816,-0.771,1.824,-0.198,btn_B
1780980989.877022,-0.817,-0.198,0.564,-0.366,1.115,0.031,-0.678,-0.336,0.604,-6.221,0.954,-0.405,-0.26,-0.357,0.919,-0.168,-0.458,-0.305,-0.335,-0.342,0.945,1.328,7.305,-0.206,0.073,-0.325,0.807,-1.038,1.908,0.435,btn_B
1780980989.974684,-0.82,-0.203,0.562,-0.863,2.275,-1.214,-0.671,-0.332,0.584,-6.634,1.099,-0.519,-0.259,-0.366,0.917,-0.153,0.229,-0.244,-0.331,-0.343,0.937,1.702,6.779,-1.176,0.07,-0.324,0.817,-0.435,1.641,0.046,btn_B
1780980990.077963,-0.82,-0.197,0.566,-1.015,1.275,-0.55,-0.673,-0.333,0.601,-6.45,1.145,-0.053,-0.263,-0.367,0.923,-0.008,0.061,0.405,-0.333,-0.344,0.935,1.427,6.725,-0.58,0.068,-0.335,0.819,-0.595,2.031,-0.344,btn_B
1780980990.191398,-0.818,-0.199,0.567,-0.344,0.496,-0.542,-0.678,-0.334,0.593,-5.931,0.557,-0.252,-0.261,-0.364,0.922,0.023,-0.641,0.519,-0.331,-0.34,0.938,1.374,7.443,-0.214,0.064,-0.326,0.815,-1.183,2.405,-0.046,btn_B
1780980990.294817,-0.825,-0.201,0.56,-1.328,2.611,-0.244,-0.677,-0.331,0.6,-6.527,0.557,0.473,-0.266,-0.379,0.951,1.511,4.275,1.519,-0.336,-0.344,0.931,3.023,6.496,0.244,0.068,-0.331,0.804,-0.573,0.893,-0.115,btn_B
1780980990.3958478,-0.825,-0.205,0.553,1.29,2.267,-0.115,-0.686,-0.333,0.603,-9.679,17.779,0.321,-0.199,-0.23,0.947,89.435,3.26,6.84,-0.329,-0.332,0.942,3.863,5.969,0.061,0.069,-0.33,0.823,0.679,13.695,0.244,btn_B
1780980990.490571,-0.834,-0.188,0.56,-0.389,1.29,-0.137,-0.724,-0.343,0.536,-6.695,18.649,-0.641,-0.234,-0.045,0.984,32.519,5.916,2.817,-0.341,-0.323,0.944,2.74,9.87,-0.359,0.062,-0.324,0.824,-0.412,5.519,1.504,btn_B
1780980990.5932398,-0.833,-0.197,0.551,-0.817,4.58,0.466,-0.742,-0.333,0.514,0.977,10.863,-2.42,-0.276,-0.001,0.95,14.115,2.389,-2.588,-0.351,-0.323,0.935,3.817,7.916,0.557,0.043,-0.322,0.825,-0.534,1.893,-0.298,btn_B
1780980990.6964133,-0.825,-0.192,0.551,-0.824,2.313,-0.076,-0.771,-0.356,0.545,-2.687,6.878,4.0,-0.302,-0.003,0.96,10.427,2.824,-0.282,-0.341,-0.311,0.955,4.626,7.809,-0.061,0.047,-0.32,0.813,0.137,0.649,-0.84,btn_B
1780980990.808488,-0.82,-0.188,0.557,-0.58,0.023,-1.267,-0.738,-0.324,0.514,-8.267,-2.779,-3.611,-0.285,0.005,0.992,-4.496,-1.664,-0.206,-0.349,-0.307,0.94,-0.061,8.061,-0.832,0.046,-0.316,0.818,-0.779,4.779,0.618,btn_B
1780980990.908405,-0.817,-0.198,0.559,-2.206,2.458,-2.664,-0.75,-0.353,0.49,-3.794,-50.366,-5.618,-0.232,0.012,0.739,-89.214,-6.718,-15.55,-0.343,-0.322,0.936,-13.328,2.16,-4.947,0.042,-0.33,0.816,-6.008,-4.695,-3.863,btn_B
1780980991.0054703,-0.67,-0.151,0.489,-0.214,-16.023,-5.954,-0.473,-0.474,1.044,-22.397,-0.992,-6.008,-1.116,-0.361,0.541,-10.023,-43.137,11.053,-0.483,-0.218,1.008,7.191,-0.786,-0.359,0.094,-0.292,0.84,-8.824,-18.13,-0.924,btn_B
1780980991.1078105,-0.828,-0.197,0.553,-1.351,-1.779,-1.687,-0.677,-0.332,0.594,-6.427,-3.336,-1.015,-0.244,-0.344,0.932,-1.702,-1.679,-0.45,-0.327,-0.341,0.934,0.962,5.26,-0.725,0.062,-0.33,0.816,0.099,2.313,0.626,btn_B
1780980991.2111228,-0.816,-0.198,0.559,-1.038,2.733,0.092,-0.687,-0.338,0.604,-6.985,1.145,-0.198,-0.255,-0.354,0.935,-0.603,-0.74,0.519,-0.329,-0.336,0.951,1.473,7.71,-0.763,0.073,-0.324,0.814,-1.389,1.298,0.221,btn_B
1780980991.3294194,-0.82,-0.199,0.567,-1.053,2.55,-0.87,-0.676,-0.336,0.6,-6.977,1.13,-0.275,-0.246,-0.35,0.931,-1.786,-0.061,0.382,-0.329,-0.34,0.938,2.527,6.351,0.053,0.066,-0.327,0.809,-0.901,2.237,-0.053,btn_B
1780980991.4304955,-0.822,-0.198,0.564,-1.168,1.061,-0.496,-0.675,-0.332,0.594,-6.496,0.198,-0.466,-0.247,-0.353,0.93,-0.565,-0.305,-0.321,-0.332,-0.332,0.961,0.901,6.145,-1.26,0.07,-0.331,0.816,-1.366,1.74,1.16,btn_B
1780980991.5198994,-0.818,-0.198,0.567,-1.26,1.321,-1.389,-0.676,-0.339,0.597,-6.672,0.954,-0.351,-0.253,-0.361,0.931,-1.275,0.038,-0.466,-0.34,-0.335,0.962,1.336,7.008,-0.794,0.062,-0.33,0.816,-0.023,2.679,0.0,btn_B
1780980991.6228948,-0.816,-0.193,0.572,-0.672,2.985,0.092,-0.677,-0.336,0.604,-6.901,1.0,-0.771,-0.248,-0.35,0.927,-1.031,0.481,-0.26,-0.32,-0.347,0.931,0.328,9.763,-0.672,0.066,-0.332,0.826,-1.244,4.412,1.42,btn_B
1780980991.7261565,-0.814,-0.194,0.558,-1.412,-0.74,-2.252,-0.679,-0.326,0.608,-5.931,0.473,-0.351,-0.24,-0.36,0.922,-1.191,-2.198,0.305,-0.328,-0.344,0.94,1.71,6.855,0.221,0.062,-0.326,0.822,1.847,7.168,-0.252,btn_B
1780980994.4043882,-0.825,-0.199,0.552,-1.023,1.656,0.779,-0.686,-0.336,0.601,-5.908,0.191,-0.183,-0.243,-0.368,0.926,1.237,-1.099,0.557,-0.33,-0.338,0.942,1.664,4.435,-0.817,0.062,-0.327,0.817,-0.84,0.321,-0.13,btn_B
1780980994.511153,-0.821,-0.189,0.561,-0.969,0.282,-1.374,-0.677,-0.337,0.598,-6.519,0.489,-0.328,-0.242,-0.367,0.919,-0.359,0.16,0.802,-0.333,-0.34,0.944,1.992,7.282,-0.45,0.065,-0.32,0.812,-1.198,2.649,0.084,btn_B
1780980994.610216,-0.823,-0.19,0.553,-0.893,1.122,-1.504,-0.676,-0.331,0.598,-6.145,-0.595,-1.267,-0.244,-0.37,0.921,-1.298,0.328,-0.603,-0.328,-0.35,0.935,1.702,6.634,0.511,0.056,-0.331,0.809,0.847,4.023,-0.336,btn_B
1780980994.7135894,-0.827,-0.197,0.562,-0.511,1.527,0.198,-0.678,-0.338,0.596,-6.008,1.42,0.221,-0.248,-0.367,0.923,0.87,0.443,0.458,-0.338,-0.339,0.945,2.221,7.26,0.023,0.073,-0.32,0.813,-0.466,0.664,-0.351,btn_B
1780980994.8252149,-0.824,-0.194,0.558,-1.061,-0.008,-0.885,-0.68,-0.336,0.592,-6.206,0.107,-0.649,-0.246,-0.37,0.921,0.74,-0.573,0.313,-0.331,-0.341,0.936,2.229,6.321,-0.901,0.054,-0.325,0.807,-0.397,2.565,-0.153,btn_B
1780980994.9256299,-0.843,-0.211,0.562,-0.779,0.924,0.809,-0.634,-0.315,0.739,-8.397,15.382,-1.908,-0.271,-0.546,1.343,229.511,-0.496,50.687,-0.292,-0.348,0.949,16.916,18.137,0.275,0.052,-0.326,0.822,4.092,5.809,0.206,btn_B
1780980995.022225,-0.826,-0.196,0.562,0.893,5.183,1.672,-0.727,-0.335,0.524,-10.573,53.534,-0.824,-0.205,-0.024,0.718,63.985,10.168,6.145,-0.306,-0.306,0.979,9.092,15.244,1.939,0.071,-0.32,0.817,-1.168,1.382,1.107,btn_B
1780980995.1252403,-0.828,-0.184,0.557,-1.023,3.573,-1.275,-0.737,-0.329,0.493,-7.389,13.893,0.412,-0.272,-0.001,0.893,10.71,-1.847,1.809,-0.33,-0.302,0.947,5.962,4.473,2.779,0.047,-0.326,0.827,-0.45,5.763,0.832,btn_B
1780980995.2283745,-0.833,-0.194,0.558,-0.237,0.931,-0.641,-0.78,-0.346,0.455,-12.336,10.748,0.962,-0.275,0.01,0.937,6.305,-3.305,1.542,-0.337,-0.309,0.951,3.275,2.29,-0.359,0.054,-0.323,0.826,-0.832,1.779,-0.206,btn_B
1780980995.3426325,-0.811,-0.184,0.562,1.214,-0.656,-1.481,-0.676,-0.279,0.418,-8.595,-2.672,-3.107,-0.23,0.011,1.02,-4.771,-0.511,-1.458,-0.341,-0.309,0.963,0.847,8.664,-0.229,0.055,-0.319,0.819,-0.359,7.603,0.534,btn_B
1780980995.4420958,-0.83,-0.187,0.565,-1.275,3.71,-0.824,-0.74,-0.305,0.419,-10.687,-10.496,-12.359,-0.214,0.06,0.823,-29.252,-2.695,-7.0,-0.355,-0.315,0.93,0.863,1.702,-0.58,0.052,-0.327,0.831,-2.16,3.267,0.145,btn_B
1780980995.54416,-0.835,-0.183,0.543,-2.435,-5.16,-2.198,-0.695,-0.338,0.555,4.924,-44.0,1.779,-0.175,-0.232,0.541,-250.137,-0.885,-41.359,-0.32,-0.336,0.959,-11.435,6.336,-4.137,0.067,-0.336,0.818,-2.359,-0.977,-2.115,btn_B
1780980995.6404169,-0.818,-0.202,0.553,-0.779,-3.244,-1.55,-0.682,-0.335,0.604,-8.137,-12.053,-2.183,-0.2,-0.379,0.971,-1.0,0.603,0.176,-0.32,-0.336,0.953,2.763,13.244,-0.16,0.049,-0.325,0.808,0.962,-1.412,0.145,btn_B
1780980995.743348,-0.823,-0.194,0.557,-0.351,2.901,0.466,-0.682,-0.337,0.582,-6.649,0.863,0.351,-0.24,-0.361,0.927,-1.634,-1.038,-0.565,-0.323,-0.334,0.943,1.771,6.557,-0.237,0.059,-0.329,0.812,0.137,4.122,0.763,btn_B
1780980995.8647385,-0.822,-0.191,0.554,-0.779,1.687,-1.038,-0.683,-0.337,0.586,-6.542,0.855,-0.16,-0.242,-0.363,0.925,-1.618,0.344,-0.26,-0.331,-0.338,0.948,0.962,7.092,-0.496,0.062,-0.323,0.815,-0.244,1.573,-0.489,btn_B
1780980995.9593961,-0.826,-0.191,0.554,-1.046,1.916,-0.389,-0.68,-0.337,0.59,-6.679,0.664,-0.557,-0.241,-0.366,0.919,-1.435,-0.221,0.588,-0.332,-0.337,0.938,1.359,7.603,-0.771,0.068,-0.331,0.813,-0.573,2.664,-0.046,btn_B
1780980996.0521626,-0.824,-0.192,0.555,-0.489,1.939,-0.939,-0.682,-0.339,0.59,-6.603,0.443,-0.748,-0.243,-0.367,0.936,-1.092,-0.344,0.252,-0.328,-0.338,0.939,1.145,6.496,-0.214,0.06,-0.333,0.808,-0.656,2.26,-0.153,btn_B
1780980996.1555798,-0.821,-0.192,0.568,-1.0,1.092,-0.824,-0.684,-0.339,0.59,-6.527,0.359,-0.252,-0.238,-0.367,0.918,-0.29,0.031,-0.023,-0.333,-0.339,0.943,1.137,7.405,-0.542,0.063,-0.321,0.813,-0.237,2.237,-0.45,btn_B
1780980996.2582557,-0.821,-0.193,0.556,-1.214,0.878,-1.26,-0.686,-0.341,0.581,-6.435,-0.595,-0.786,-0.234,-0.368,0.92,-0.885,-1.153,-0.603,-0.337,-0.333,0.936,1.649,5.779,-0.672,0.062,-0.325,0.822,-0.962,2.985,-0.122,btn_B
1780980999.0391593,-0.823,-0.195,0.557,-1.046,0.947,-0.366,-0.684,-0.338,0.589,-5.832,1.275,0.328,-0.24,-0.372,0.924,0.061,-0.679,0.458,-0.329,-0.337,0.945,1.939,6.351,-0.511,0.063,-0.329,0.822,-0.42,1.771,-0.511,btn_B
1780980999.142362,-0.824,-0.197,0.559,-0.908,1.954,-0.664,-0.687,-0.338,0.591,-6.313,0.481,-0.359,-0.246,-0.375,0.921,-0.824,0.275,0.061,-0.332,-0.34,0.943,1.168,6.336,-0.939,0.065,-0.332,0.818,-0.489,1.84,0.237,btn_B
1780980999.2590706,-0.825,-0.192,0.557,-1.046,1.137,-1.122,-0.686,-0.339,0.588,-6.45,0.954,-0.191,-0.241,-0.375,0.922,-0.115,0.298,-0.237,-0.33,-0.339,0.939,1.397,6.962,-0.473,0.068,-0.329,0.823,-0.748,2.389,0.069,btn_B
1780980999.357852,-0.827,-0.191,0.563,-0.656,1.099,0.718,-0.688,-0.34,0.584,-5.824,1.031,0.366,-0.241,-0.391,0.983,-0.649,3.634,1.29,-0.334,-0.343,0.943,3.679,8.695,0.786,0.067,-0.321,0.817,-0.672,2.847,-0.58,btn_B
1780980999.4576821,-0.816,-0.193,0.569,0.504,0.824,-1.656,-0.696,-0.343,0.581,-8.878,12.634,-0.939,-0.216,-0.211,0.953,98.664,-0.084,14.275,-0.348,-0.381,0.919,13.015,6.282,1.901,0.068,-0.327,0.815,1.557,6.305,0.824,btn_B
1780980999.554398,-0.814,-0.189,0.565,-0.656,2.115,0.084,-0.732,-0.347,0.531,-5.573,23.748,0.962,-0.259,-0.095,1.055,33.771,0.939,3.221,-0.317,-0.329,0.947,4.771,8.122,0.206,0.043,-0.328,0.815,0.069,5.931,0.588,btn_B
1780980999.6573002,-0.818,-0.198,0.561,1.748,2.87,1.42,-0.76,-0.377,0.603,7.252,15.374,12.153,-0.261,-0.073,1.111,42.947,-1.084,1.305,-0.331,-0.332,0.942,6.084,8.237,-1.634,0.067,-0.317,0.824,0.26,0.038,-1.046,btn_B
1780980999.7604594,-0.816,-0.185,0.553,-1.893,4.267,-1.069,-0.74,-0.296,0.505,-7.779,-0.595,-7.71,-0.277,0.013,0.986,-2.573,3.405,-0.427,-0.346,-0.313,0.939,-0.023,9.809,0.115,0.057,-0.315,0.814,-1.176,5.954,-0.389,btn_B
1780980999.8797073,-0.827,-0.194,0.56,-1.802,2.695,-1.794,-0.759,-0.318,0.479,-31.588,-33.954,-33.71,-0.255,-0.02,0.813,-86.908,-1.939,-8.824,-0.368,-0.305,0.967,-10.305,-3.542,-3.542,0.065,-0.312,0.809,-7.29,-1.191,-1.053,btn_B
1780980999.9734855,-0.822,-0.189,0.57,-1.916,-5.298,-3.053,-0.693,-0.346,0.58,3.695,-40.992,1.084,-1.776,0.365,2.0,-16.611,-10.977,53.069,-0.636,-0.286,1.07,-16.458,-16.649,-5.038,0.09,-0.393,0.839,-1.565,27.718,3.71,btn_B
1780981000.0695975,-0.812,-0.205,0.568,0.015,6.702,0.412,-0.669,-0.337,0.601,-7.168,3.298,0.618,-0.259,-0.351,0.922,-1.947,-2.122,-0.252,-0.323,-0.337,0.948,1.168,5.832,-0.672,0.072,-0.324,0.813,-2.221,3.71,0.198,btn_B
1780981000.1733847,-0.823,-0.194,0.556,-0.878,1.794,-0.229,-0.673,-0.339,0.603,-6.763,1.58,0.16,-0.244,-0.357,0.927,-1.252,-0.779,0.527,-0.328,-0.337,0.944,1.893,6.855,-0.26,0.068,-0.331,0.826,-0.87,2.069,-0.031,btn_B
1780981000.2756505,-0.823,-0.194,0.562,-1.427,1.885,-1.046,-0.669,-0.333,0.608,-6.672,0.511,-0.809,-0.241,-0.358,0.928,-1.924,0.008,-0.076,-0.325,-0.335,0.943,1.16,7.374,-0.626,0.069,-0.321,0.823,-0.565,2.038,0.397,btn_B
1780981000.3930025,-0.826,-0.2,0.554,-0.779,1.359,-1.137,-0.668,-0.344,0.605,-7.0,1.168,-0.771,-0.246,-0.361,0.93,-1.412,0.344,-0.084,-0.32,-0.335,0.936,1.595,7.664,-1.122,0.063,-0.325,0.811,-0.595,1.901,0.053,btn_B
1780981000.4928517,-0.82,-0.196,0.559,-0.458,0.802,0.282,-0.675,-0.334,0.6,-6.061,0.542,-1.115,-0.244,-0.359,0.926,-0.13,-0.344,-0.084,-0.329,-0.335,0.945,2.153,6.344,-0.45,0.068,-0.323,0.817,-0.489,2.145,0.038,btn_B
1780981000.5906713,-0.82,-0.196,0.557,-0.832,1.023,-2.244,-0.672,-0.336,0.601,-6.153,-0.168,-1.374,-0.241,-0.363,0.926,-1.321,-0.221,-0.023,-0.328,-0.337,0.948,1.053,8.634,-0.374,0.061,-0.328,0.814,-0.496,3.611,0.405,btn_B
1780981000.687594,-0.825,-0.198,0.556,-0.71,1.313,-0.099,-0.677,-0.335,0.598,-5.992,1.221,0.435,-0.244,-0.362,0.926,-0.565,-0.061,0.122,-0.329,-0.336,0.94,1.55,7.626,-0.718,0.067,-0.32,0.815,-0.611,2.405,-0.038,btn_B
1780981000.7918446,-0.818,-0.195,0.56,-0.58,1.366,0.405,-0.675,-0.334,0.603,-5.947,1.603,0.687,-0.25,-0.364,0.926,-0.504,0.458,0.305,-0.326,-0.341,0.941,1.763,6.679,-0.557,0.067,-0.326,0.82,-0.084,1.832,-0.809,btn_B
1780981000.893451,-0.82,-0.197,0.561,-0.931,2.565,-2.191,-0.674,-0.335,0.595,-7.351,0.198,-1.252,-0.249,-0.368,0.926,-1.679,-0.29,0.031,-0.326,-0.34,0.944,0.985,6.794,-0.412,0.064,-0.324,0.807,-0.427,2.855,0.26,btn_B
1780981003.6744068,-0.827,-0.197,0.56,-1.443,0.748,-0.351,-0.672,-0.341,0.598,-6.229,0.649,-0.221,-0.247,-0.369,0.921,0.061,-0.176,0.221,-0.325,-0.334,0.945,1.824,7.153,-0.519,0.07,-0.32,0.818,-0.687,1.802,-0.45,btn_B
1780981003.7918377,-0.823,-0.199,0.569,-0.947,1.618,-2.099,-0.674,-0.338,0.589,-6.893,0.229,-1.168,-0.249,-0.373,0.925,-0.977,0.26,-0.405,-0.33,-0.339,0.946,1.145,7.008,-0.427,0.068,-0.326,0.816,-0.359,2.817,0.076,btn_B
1780981003.891881,-0.825,-0.193,0.565,-0.939,1.26,-0.374,-0.674,-0.337,0.599,-6.282,0.282,-1.344,-0.244,-0.37,0.921,-0.359,-0.099,-0.092,-0.33,-0.339,0.942,1.58,7.336,-0.267,0.069,-0.325,0.815,-0.29,3.267,-0.137,btn_B
1780981003.991188,-0.822,-0.195,0.562,-1.443,0.336,-0.366,-0.676,-0.339,0.602,-5.527,-0.137,0.389,-0.24,-0.375,0.947,5.489,9.0,2.092,-0.326,-0.337,0.945,4.359,7.153,-0.389,0.064,-0.322,0.802,-1.603,2.13,0.382,btn_B
1780981004.0870109,-0.824,-0.201,0.559,0.824,4.267,0.527,-0.693,-0.333,0.581,-6.321,7.076,0.954,-0.231,-0.189,1.088,88.321,5.748,-0.206,-0.322,-0.346,0.935,8.382,12.115,3.252,0.051,-0.33,0.828,1.863,12.893,3.084,btn_B
1780981004.18974,-0.825,-0.194,0.56,0.191,3.611,0.878,-0.806,-0.323,0.417,-16.954,45.901,12.649,-0.339,-0.001,0.918,37.214,5.053,4.397,-0.349,-0.309,0.938,7.26,8.618,0.0,0.058,-0.319,0.807,-1.359,2.031,-0.756,btn_B
1780981004.2928286,-0.824,-0.191,0.564,-0.015,2.336,0.015,-0.767,-0.325,0.514,-3.374,7.824,1.847,-0.232,0.039,0.954,15.023,2.008,1.397,-0.334,-0.295,0.954,3.763,4.16,1.687,0.059,-0.317,0.825,0.916,2.908,0.786,btn_B
1780981004.4091747,-0.824,-0.192,0.557,-1.13,2.656,-1.496,-0.794,-0.347,0.534,-5.672,3.634,2.221,-0.29,0.039,0.946,5.855,1.58,-0.153,-0.328,-0.304,0.957,-2.282,6.725,-1.55,0.055,-0.312,0.815,0.084,-0.916,-0.962,btn_B
1780981004.5084314,-0.821,-0.188,0.559,-1.351,1.725,-1.634,-0.696,-0.33,0.491,-19.634,-14.031,-16.634,-0.334,0.026,0.813,-50.122,0.237,-4.168,-0.363,-0.33,0.944,-4.366,-2.573,-2.374,0.056,-0.328,0.83,-5.687,1.565,-0.397,btn_B
1780981004.6018395,-0.813,-0.197,0.561,-1.786,-2.0,-2.534,-0.695,-0.34,0.575,2.206,-37.595,0.916,-0.172,-0.188,0.714,-182.053,9.412,-23.847,-0.309,-0.329,0.95,-6.809,7.649,-2.145,0.056,-0.333,0.821,-1.084,0.305,-2.42,btn_B
1780981004.7048497,-0.777,-0.243,0.577,5.153,13.107,0.817,-0.711,-0.324,0.513,-7.45,8.672,0.412,-0.268,-0.358,0.934,-7.038,-8.221,-0.634,-0.327,-0.333,0.932,3.954,12.908,-1.053,0.061,-0.333,0.815,-1.527,6.015,0.534,btn_B
1780981004.8075478,-0.823,-0.195,0.564,-0.855,1.687,0.053,-0.679,-0.34,0.596,-7.183,1.221,0.046,-0.247,-0.353,0.931,-0.733,-1.053,-0.015,-0.33,-0.335,0.945,1.405,5.985,-0.214,0.063,-0.325,0.803,-0.748,3.359,-0.023,btn_B
1780981004.9239306,-0.822,-0.196,0.558,-0.924,1.908,-1.634,-0.68,-0.335,0.591,-6.634,0.397,-1.084,-0.249,-0.352,0.927,-2.183,0.397,-0.679,-0.327,-0.335,0.942,1.099,7.519,-0.504,0.066,-0.321,0.824,-0.748,2.443,0.092,btn_B
1780981005.0212321,-0.825,-0.197,0.559,-1.618,1.336,-0.153,-0.673,-0.337,0.593,-6.763,0.985,-0.511,-0.248,-0.353,0.923,-1.198,0.496,0.13,-0.323,-0.33,0.945,1.496,8.229,-0.656,0.062,-0.323,0.826,-0.42,2.29,-0.084,btn_B
1780981005.1303928,-0.826,-0.199,0.558,-0.634,0.511,-0.626,-0.677,-0.334,0.597,-6.382,1.221,0.061,-0.247,-0.358,0.922,-0.496,-0.641,0.42,-0.327,-0.336,0.938,2.0,7.298,-0.748,0.069,-0.327,0.823,-0.397,1.626,-0.366,btn_B
1780981005.2237773,-0.824,-0.195,0.563,-0.824,1.282,-1.427,-0.679,-0.336,0.597,-6.603,-0.168,-0.954,-0.247,-0.356,0.926,-1.038,-0.153,-0.214,-0.324,-0.335,0.951,1.275,7.061,-0.473,0.079,-0.337,0.825,-0.511,0.611,-0.336,btn_B
1780981005.32251,-0.824,-0.197,0.554,-0.908,0.786,-0.74,-0.68,-0.334,0.6,-6.504,0.466,-0.137,-0.247,-0.357,0.922,-1.321,0.412,-0.557,-0.324,-0.332,0.948,1.405,7.496,-0.168,0.064,-0.325,0.819,-0.42,2.885,0.015,btn_B
1780981005.4258494,-0.826,-0.196,0.559,-0.366,1.366,0.275,-0.68,-0.337,0.596,-6.786,0.817,0.084,-0.248,-0.359,0.93,-0.595,-0.565,-0.229,-0.33,-0.333,0.948,1.931,7.153,-0.29,0.066,-0.324,0.816,-0.405,1.954,-0.534,btn_B
1780981005.5330193,-0.825,-0.194,0.556,-0.916,2.046,-1.893,-0.674,-0.336,0.597,-6.756,0.092,-1.641,-0.248,-0.36,0.922,-1.206,-0.328,0.221,-0.332,-0.335,0.94,1.344,7.183,-0.649,0.065,-0.322,0.815,0.092,3.374,0.198,btn_B
1780981008.309632,-0.824,-0.2,0.557,-0.748,1.542,-0.313,-0.681,-0.341,0.597,-6.092,0.878,-0.26,-0.247,-0.368,0.924,-0.053,0.137,0.382,-0.33,-0.341,0.943,1.74,6.305,-0.092,0.064,-0.325,0.823,-0.397,1.954,-0.74,btn_B
1780981008.412851,-0.824,-0.197,0.559,-1.42,1.885,-1.702,-0.679,-0.337,0.592,-6.763,0.427,-1.008,-0.243,-0.366,0.924,-1.084,0.359,0.725,-0.331,-0.336,0.94,1.412,8.382,0.313,0.059,-0.324,0.815,-0.519,3.191,0.145,btn_B
1780981008.5155776,-0.824,-0.201,0.557,-1.038,1.008,-1.0,-0.679,-0.335,0.601,-6.466,0.863,-0.649,-0.252,-0.37,0.919,-0.16,-0.313,0.42,-0.333,-0.338,0.939,1.954,7.015,-1.031,0.066,-0.324,0.813,-0.519,2.221,-0.061,btn_B
1780981008.618901,-0.821,-0.195,0.558,-0.389,0.679,0.603,-0.681,-0.336,0.594,-6.328,0.893,-0.282,-0.247,-0.366,0.918,0.664,-0.313,0.305,-0.33,-0.335,0.941,1.786,6.26,-0.702,0.07,-0.323,0.811,-0.42,2.282,-0.305,btn_B
1780981008.7220638,-0.824,-0.195,0.558,-1.412,2.298,-2.053,-0.678,-0.339,0.593,-6.817,0.542,-0.42,-0.248,-0.372,0.925,-1.076,0.565,-0.191,-0.329,-0.336,0.941,1.344,7.115,-0.107,0.071,-0.33,0.806,-0.573,1.947,0.214,btn_B
1780981008.825073,-0.824,-0.199,0.553,-0.794,1.588,-0.053,-0.678,-0.34,0.591,-6.664,0.634,-0.053,-0.25,-0.372,0.922,-0.214,-0.13,-0.076,-0.333,-0.334,0.937,1.824,7.359,0.115,0.063,-0.322,0.817,-0.947,1.443,-0.168,btn_B
1780981008.9423566,-0.821,-0.197,0.556,-0.557,1.26,-0.954,-0.679,-0.335,0.59,-5.611,-0.565,-0.397,-0.242,-0.363,0.932,2.42,-1.87,0.481,-0.332,-0.339,0.944,2.023,6.992,-0.13,0.064,-0.327,0.812,-0.611,2.267,0.466,btn_B
1780981009.039381,-0.824,-0.192,0.572,-1.71,1.534,-1.718,-0.673,-0.339,0.589,-9.679,21.382,-2.023,-0.242,-0.475,0.908,202.191,-17.641,36.359,-0.32,-0.348,0.933,11.183,24.954,-0.069,0.058,-0.319,0.816,2.977,4.145,0.275,btn_B
1780981009.141359,-0.818,-0.196,0.553,3.58,-3.191,-0.626,-0.827,-0.355,0.527,-14.237,38.977,10.603,-0.204,-0.046,0.936,52.695,-1.313,10.359,-0.356,-0.325,0.939,10.16,4.366,0.687,0.091,-0.327,0.805,-1.924,3.153,-1.115,btn_B
1780981009.2369757,-0.823,-0.19,0.564,-1.137,0.947,-0.779,-0.718,-0.319,0.497,-0.786,17.412,9.496,-0.268,0.026,0.871,19.221,3.611,0.855,-0.333,-0.307,0.953,4.435,6.763,0.481,0.067,-0.324,0.82,0.679,3.061,1.061,btn_B
1780981009.3398545,-0.828,-0.189,0.561,-0.954,0.916,0.122,-0.739,-0.322,0.514,-3.427,5.076,4.931,-0.248,0.026,0.949,9.985,0.473,0.221,-0.344,-0.313,0.943,5.031,4.893,0.557,0.061,-0.316,0.823,-0.29,2.863,2.374,btn_B
1780981009.45511,-0.819,-0.184,0.559,-0.092,1.336,-0.359,-0.722,-0.288,0.478,-5.031,-0.687,-2.153,-0.271,0.045,0.932,-6.863,-2.29,-0.649,-0.337,-0.304,0.944,-1.29,6.748,-0.458,0.055,-0.32,0.826,-0.565,3.573,0.275,btn_B
1780981009.5579746,-0.823,-0.185,0.56,-2.87,2.756,-2.832,-0.678,-0.282,0.402,-33.779,-43.038,-41.389,-0.194,0.01,0.69,-115.092,-0.023,-7.321,-0.377,-0.273,0.983,-26.298,-6.405,-6.779,0.027,-0.33,0.863,-9.977,-0.038,-2.687,btn_B
1780981009.661683,-0.82,-0.2,0.571,-1.0,-3.053,-2.206,-0.77,-0.109,1.126,-13.076,-46.015,-8.908,0.125,-0.238,1.837,62.878,92.267,5.519,-0.562,-0.346,0.7,23.786,36.71,0.779,0.07,-0.314,0.827,7.679,-23.305,-2.153,btn_B
1780981009.757285,-0.816,-0.199,0.566,-2.366,-0.954,-1.351,-0.69,-0.328,0.579,-6.771,-1.718,-1.511,-0.246,-0.353,0.935,-0.954,-1.794,-0.489,-0.323,-0.334,0.939,1.55,8.244,-0.13,0.059,-0.324,0.811,-0.252,4.901,0.656,btn_B
1780981009.85458,-0.82,-0.195,0.559,-1.069,1.916,-1.221,-0.683,-0.332,0.603,-7.076,-0.076,-1.084,-0.25,-0.352,0.932,-0.611,0.412,0.069,-0.324,-0.331,0.945,1.389,7.588,-0.412,0.068,-0.324,0.811,-0.534,1.855,-0.069,btn_B
1780981009.9578338,-0.818,-0.194,0.565,-0.351,1.435,0.656,-0.683,-0.33,0.595,-7.046,0.221,-0.702,-0.251,-0.351,0.928,-0.878,0.58,0.0,-0.328,-0.336,0.943,2.107,7.061,-0.603,0.058,-0.326,0.81,-0.176,1.985,-0.298,btn_B
1780981010.0606806,-0.821,-0.199,0.565,-1.145,1.374,-1.504,-0.683,-0.332,0.595,-6.458,0.573,-0.45,-0.252,-0.354,0.928,-0.649,-0.611,0.374,-0.324,-0.331,0.944,1.756,6.504,-0.237,0.063,-0.328,0.823,-0.511,1.931,-0.008,btn_B
1780981010.164046,-0.819,-0.192,0.563,-1.008,2.802,-0.527,-0.681,-0.331,0.6,-7.061,0.893,-0.244,-0.254,-0.356,0.925,-1.366,0.695,0.374,-0.326,-0.335,0.946,1.595,7.603,0.046,0.058,-0.318,0.823,-0.412,2.092,-0.061,btn_B
1780981012.9450316,-0.82,-0.2,0.561,-0.794,1.74,-0.656,-0.678,-0.337,0.592,-6.466,0.344,-0.069,-0.252,-0.367,0.925,-0.55,0.618,0.863,-0.329,-0.338,0.937,1.634,6.817,-0.13,0.074,-0.33,0.816,-0.489,2.489,-0.55,btn_B
1780981013.0481937,-0.818,-0.197,0.561,-0.443,1.351,-0.069,-0.683,-0.333,0.592,-6.221,0.641,0.099,-0.249,-0.362,0.921,0.374,-0.634,-0.107,-0.328,-0.331,0.939,1.435,5.893,-0.962,0.069,-0.328,0.813,-0.802,2.435,0.015,btn_B
1780981013.1560817,-0.818,-0.199,0.568,-1.565,2.626,-1.13,-0.679,-0.336,0.595,-6.947,0.962,-0.595,-0.253,-0.369,0.921,-0.817,0.427,-0.084,-0.329,-0.335,0.943,1.58,6.992,-0.557,0.069,-0.328,0.816,-0.557,2.191,0.046,btn_B
1780981013.2586083,-0.825,-0.199,0.561,-1.008,0.664,-0.122,-0.68,-0.334,0.594,-6.397,0.328,-0.412,-0.25,-0.366,0.92,-0.496,0.771,-0.13,-0.331,-0.337,0.933,1.992,6.977,-0.053,0.064,-0.323,0.811,-0.573,2.076,-0.214,btn_B
1780981013.3573296,-0.823,-0.191,0.559,-0.695,0.84,-0.847,-0.679,-0.331,0.592,-6.397,0.16,-1.031,-0.254,-0.363,0.923,-0.718,-0.366,0.206,-0.332,-0.333,0.941,1.145,6.931,-0.802,0.062,-0.321,0.816,-0.947,2.58,0.26,btn_B
1780981013.472201,-0.822,-0.199,0.558,-1.275,1.519,-1.244,-0.681,-0.34,0.596,-5.924,0.641,-0.336,-0.25,-0.368,0.917,-0.168,-1.26,0.664,-0.329,-0.334,0.947,1.702,5.55,-0.832,0.073,-0.328,0.821,-0.679,1.634,0.137,btn_B
1780981013.5737948,-0.82,-0.197,0.564,-0.603,0.855,2.198,-0.684,-0.326,0.603,-4.733,2.824,1.954,-0.265,-0.828,2.0,147.16,7.122,15.496,-0.354,-0.355,0.919,3.779,-1.985,0.473,0.075,-0.344,0.813,-0.901,9.519,2.214,btn_B
1780981013.6727042,-0.816,-0.19,0.57,-0.58,5.458,-0.992,-0.679,-0.34,0.591,-11.351,24.29,1.298,-0.222,-0.174,0.99,84.618,-2.084,10.687,-0.364,-0.344,0.934,13.58,5.519,3.389,0.064,-0.327,0.82,1.084,7.458,2.87,btn_B
1780981013.7736607,-0.826,-0.198,0.553,-0.534,7.107,2.015,-0.683,-0.31,0.495,3.229,30.519,19.611,-0.223,-0.006,0.893,47.924,1.443,7.015,-0.345,-0.3,0.957,6.198,15.626,-0.458,0.061,-0.319,0.805,0.473,-1.023,-0.42,btn_B
1780981013.8725498,-0.828,-0.18,0.552,-0.046,0.435,-0.588,-0.752,-0.305,0.493,-8.603,7.26,-0.908,-0.298,0.017,0.996,8.214,-2.924,1.374,-0.353,-0.311,0.938,3.237,4.962,0.328,0.051,-0.318,0.811,0.565,5.092,0.336,btn_B
1780981013.9904065,-0.832,-0.189,0.553,-1.168,3.435,-1.046,-0.721,-0.278,0.428,-9.557,-1.458,-5.16,-0.261,0.014,1.035,-8.046,-0.412,-1.344,-0.354,-0.318,0.957,-0.046,10.962,-0.374,0.052,-0.324,0.822,-0.519,4.153,0.351,btn_B
1780981014.0921276,-0.835,-0.193,0.549,-1.504,0.733,-1.542,-0.754,-0.317,0.434,-18.0,-13.771,-16.763,-0.284,0.029,0.871,-43.336,-5.679,-6.191,-0.357,-0.298,0.942,-2.573,-2.038,-1.534,0.052,-0.326,0.821,-3.504,2.58,-0.466,btn_B
1780981014.1909366,-0.833,-0.191,0.542,-1.282,-3.55,-2.191,-0.661,-0.356,0.633,-0.58,-64.55,-1.557,-0.251,-0.107,0.667,-145.534,-0.771,-21.046,-0.321,-0.317,0.956,-12.779,1.893,-5.939,0.057,-0.325,0.818,-3.229,-3.901,-3.305,btn_B
1780981014.2844849,-0.806,-0.192,0.545,-9.641,9.985,-1.687,-0.675,-0.341,0.614,-3.565,-13.313,-1.496,-0.209,-0.355,0.988,8.061,15.687,0.817,-0.358,-0.332,0.946,5.702,23.885,-0.656,0.058,-0.319,0.811,0.641,1.031,0.328,btn_B
1780981014.3877265,-0.82,-0.198,0.558,-1.023,2.74,-0.565,-0.684,-0.338,0.601,-6.969,0.565,-0.519,-0.249,-0.352,0.934,-1.534,0.183,-0.443,-0.341,-0.338,0.935,2.168,6.794,-0.282,0.06,-0.324,0.818,-0.473,0.603,-0.145,btn_B
1780981014.49022,-0.823,-0.195,0.558,-1.328,0.924,-1.053,-0.683,-0.331,0.593,-6.641,0.466,-0.733,-0.245,-0.351,0.93,-1.603,-0.252,-0.023,-0.331,-0.333,0.948,1.237,7.74,-0.885,0.072,-0.328,0.814,-0.542,2.023,0.282,btn_B
1780981014.5933793,-0.828,-0.194,0.553,-1.069,1.397,-0.779,-0.68,-0.339,0.593,-6.656,0.924,-0.023,-0.25,-0.355,0.922,-0.763,-0.504,0.244,-0.334,-0.34,0.943,1.87,7.458,0.115,0.069,-0.329,0.818,-0.779,1.359,0.069,btn_B
1780981014.6962335,-0.818,-0.194,0.554,-0.756,0.557,0.084,-0.677,-0.337,0.592,-6.435,0.763,0.473,-0.245,-0.359,0.932,-0.588,-0.153,0.198,-0.337,-0.338,0.948,1.443,7.389,0.137,0.065,-0.322,0.817,-0.168,2.351,-0.122,btn_B
1780981014.7990098,-0.819,-0.191,0.556,-1.252,1.901,-1.908,-0.684,-0.337,0.599,-6.443,0.832,-0.412,-0.251,-0.36,0.929,-1.13,-0.16,-0.313,-0.334,-0.336,0.947,1.137,6.458,-0.87,0.065,-0.33,0.821,-0.473,2.527,0.053,btn_B
1780981017.5801697,-0.824,-0.198,0.549,-0.45,0.893,0.664,-0.683,-0.343,0.582,-5.893,0.924,0.71,-0.25,-0.373,0.925,0.748,-0.908,0.153,-0.34,-0.338,0.938,2.351,6.214,-0.695,0.069,-0.325,0.819,-0.489,1.901,-0.649,btn_B
1780981017.6893647,-0.827,-0.194,0.552,-0.763,2.511,-1.672,-0.679,-0.342,0.586,-6.748,0.244,-1.031,-0.248,-0.373,0.923,-0.664,0.176,0.061,-0.339,-0.341,0.939,1.641,7.725,-0.473,0.062,-0.326,0.814,-0.412,2.382,-0.214,btn_B
1780981017.7880008,-0.827,-0.196,0.553,-0.893,1.611,-0.809,-0.679,-0.34,0.591,-6.511,0.588,-0.786,-0.249,-0.372,0.918,-0.435,0.809,0.115,-0.343,-0.34,0.935,1.855,6.542,-0.504,0.065,-0.333,0.817,-0.634,2.023,0.015,btn_B
1780981017.8927343,-0.824,-0.192,0.554,-0.878,0.969,-0.198,-0.677,-0.334,0.591,-6.015,0.336,-0.672,-0.252,-0.366,0.915,0.076,0.26,0.664,-0.344,-0.337,0.941,1.412,7.282,-1.099,0.073,-0.325,0.815,-0.931,1.931,0.443,btn_B
1780981018.0065868,-0.831,-0.198,0.555,-1.366,2.275,-1.389,-0.679,-0.339,0.588,-6.466,0.802,-0.198,-0.247,-0.373,0.923,-0.656,0.023,0.191,-0.337,-0.338,0.937,1.687,6.557,-0.672,0.072,-0.32,0.818,-0.641,2.084,0.252,btn_B
1780981018.107115,-0.83,-0.199,0.55,-1.008,-0.145,0.359,-0.682,-0.344,0.597,-4.427,-0.695,1.863,-0.292,-0.427,1.029,4.824,6.939,2.481,-0.335,-0.338,0.93,4.557,5.573,0.794,0.058,-0.326,0.823,-1.26,2.672,1.069,btn_B
1780981018.215669,-0.83,-0.188,0.553,0.832,-0.573,-1.076,-0.7,-0.33,0.576,-6.794,8.519,1.435,-0.278,-0.164,0.945,86.504,6.427,2.847,-0.309,-0.321,0.949,6.252,15.634,0.153,0.063,-0.329,0.835,2.313,7.58,1.412,btn_B
1780981018.4060066,-0.832,-0.189,0.539,-0.237,2.595,0.115,-0.761,-0.329,0.485,-2.366,10.328,-1.718,-0.339,-0.036,1.046,15.313,1.0,-0.588,-0.356,-0.312,0.939,2.252,7.649,-0.229,0.053,-0.321,0.82,-0.366,2.313,-0.702,btn_B
1780981018.5086124,-0.827,-0.186,0.555,-1.023,2.511,-1.695,-0.745,-0.316,0.465,-9.412,-7.115,-5.565,-0.276,0.017,0.925,-13.679,-2.679,1.71,-0.35,-0.31,0.951,-2.099,5.771,-0.618,0.059,-0.324,0.822,-0.336,3.374,0.481,btn_B
1780981018.623938,-0.83,-0.192,0.543,-2.191,3.481,-2.389,-0.73,-0.339,0.497,-5.702,-54.603,-4.214,-0.228,-0.02,0.716,-95.435,-8.878,-12.878,-0.37,-0.326,0.957,-12.954,-2.863,-4.252,0.05,-0.328,0.814,-4.901,-4.496,-1.763,btn_B
1780981018.714332,-0.836,-0.196,0.53,0.565,-5.771,-1.55,-0.658,-0.323,0.516,-1.71,-27.229,0.824,-0.016,-0.466,0.092,38.649,76.214,3.046,-0.162,-0.337,0.995,15.122,15.176,1.031,-0.011,-0.301,0.723,0.405,-5.0,-0.565,btn_B
1780981018.824879,-0.834,-0.191,0.554,-0.931,4.771,-0.947,-0.682,-0.337,0.586,-7.443,2.267,-0.626,-0.24,-0.362,0.931,-3.901,-2.099,-0.901,-0.34,-0.335,0.934,0.573,8.359,-0.641,0.064,-0.335,0.816,-0.427,4.87,0.542,btn_B
1780981018.9204252,-0.827,-0.194,0.558,-0.939,1.359,-0.939,-0.678,-0.336,0.586,-6.527,0.809,-0.366,-0.25,-0.361,0.923,-1.267,0.015,0.275,-0.348,-0.339,0.937,1.351,7.328,-0.611,0.068,-0.338,0.815,-0.42,2.626,0.252,btn_B
1780981019.0228853,-0.826,-0.195,0.547,-0.779,1.664,-0.046,-0.676,-0.339,0.597,-6.504,0.863,-0.427,-0.25,-0.363,0.922,-0.756,-0.008,0.763,-0.339,-0.336,0.938,1.916,7.336,-0.282,0.064,-0.33,0.814,0.145,2.504,-0.695,btn_B
1780981019.126226,-0.826,-0.193,0.558,-1.153,2.809,-2.252,-0.675,-0.336,0.592,-7.206,0.214,-0.817,-0.249,-0.369,0.927,-1.748,0.092,0.061,-0.337,-0.338,0.933,0.55,8.076,-0.389,0.058,-0.326,0.816,-0.473,2.794,0.534,btn_B
1780981019.2286525,-0.829,-0.199,0.553,-0.939,1.015,-0.321,-0.683,-0.338,0.592,-6.557,0.565,-0.168,-0.246,-0.368,0.922,-0.634,-0.802,-0.031,-0.344,-0.337,0.937,1.664,7.298,-0.466,0.068,-0.326,0.811,-0.374,2.832,-0.008,btn_B
1780981019.3318663,-0.829,-0.195,0.553,-1.015,1.092,-0.328,-0.677,-0.344,0.593,-6.458,0.511,0.313,-0.25,-0.367,0.922,-0.229,-0.038,-0.107,-0.333,-0.34,0.943,2.229,6.954,-0.756,0.062,-0.325,0.814,-0.313,2.275,-0.992,btn_B
1780981019.439133,-0.825,-0.194,0.55,-1.0,1.695,-1.58,-0.681,-0.338,0.592,-7.427,0.198,-1.344,-0.248,-0.365,0.928,-1.748,-0.237,0.359,-0.341,-0.338,0.935,1.076,8.832,0.015,0.062,-0.326,0.799,-0.229,4.107,-0.046,btn_B
1780981022.2228725,-0.825,-0.195,0.547,-1.13,1.168,-0.58,-0.679,-0.342,0.587,-6.954,0.42,-0.74,-0.25,-0.37,0.93,-0.275,-0.038,0.809,-0.342,-0.339,0.934,1.55,7.084,-0.366,0.062,-0.323,0.82,-0.634,2.107,-0.405,btn_B
1780981022.3226798,-0.831,-0.191,0.548,-0.885,0.855,-0.366,-0.678,-0.335,0.592,-6.076,0.702,0.046,-0.246,-0.372,0.92,0.183,-0.603,0.26,-0.336,-0.333,0.94,1.885,5.832,-0.489,0.066,-0.332,0.812,-0.725,2.084,0.122,btn_B
1780981022.4214928,-0.829,-0.194,0.555,-0.916,2.565,-0.405,-0.677,-0.341,0.587,-6.328,0.496,-0.985,-0.247,-0.369,0.926,-0.573,0.328,0.16,-0.339,-0.34,0.936,2.336,6.855,-0.061,0.062,-0.322,0.817,-0.588,2.473,0.046,btn_B
1780981022.524437,-0.83,-0.195,0.547,-0.595,1.58,-0.672,-0.68,-0.34,0.585,-6.29,0.565,-0.267,-0.243,-0.374,0.916,0.481,-0.748,-0.405,-0.339,-0.334,0.937,2.16,6.588,-0.359,0.059,-0.332,0.814,-0.618,1.954,-0.557,btn_B
1780981022.6381888,-0.827,-0.192,0.551,-0.763,0.573,0.542,-0.684,-0.336,0.592,-4.947,0.321,0.58,-0.238,-0.366,0.927,6.748,4.977,1.061,-0.338,-0.334,0.939,2.954,5.405,-0.702,0.073,-0.333,0.821,-1.122,1.496,0.229,btn_B
1780981022.7310345,-0.833,-0.198,0.552,-1.229,3.183,-0.855,-0.688,-0.343,0.59,-10.74,26.885,1.595,-0.249,-0.269,0.949,136.74,10.687,14.275,-0.365,-0.337,0.908,10.664,11.863,0.817,0.051,-0.315,0.81,0.595,7.305,0.84,btn_B
1780981022.8334997,-0.832,-0.188,0.555,-0.145,-0.687,0.832,-0.778,-0.372,0.582,1.351,32.504,9.565,-0.221,0.02,0.769,41.321,1.489,4.664,-0.347,-0.314,0.927,6.275,7.435,0.687,0.057,-0.321,0.825,-0.351,-0.427,0.313,btn_B
1780981022.9369972,-0.832,-0.186,0.551,0.336,1.595,-0.26,-0.742,-0.307,0.492,-0.649,13.229,6.466,-0.267,0.025,0.892,12.13,2.397,-1.519,-0.35,-0.302,0.931,1.351,7.626,0.496,0.056,-0.321,0.82,-1.626,3.557,0.863,btn_B
1780981023.0397842,-0.834,-0.188,0.554,-1.397,1.366,-0.855,-0.729,-0.309,0.444,-9.366,0.58,-14.153,-0.281,-0.004,0.937,-22.328,-0.924,-14.901,-0.352,-0.314,0.962,-0.588,9.038,-1.481,0.049,-0.314,0.818,-2.069,2.076,-0.191,btn_B
1780981023.151579,-0.833,-0.204,0.537,-3.137,0.076,-2.45,-0.637,-0.354,0.646,-0.244,-53.023,0.198,-0.275,-0.187,0.703,-152.87,-0.702,-33.015,-0.314,-0.318,0.971,-8.359,7.473,-3.191,0.06,-0.33,0.819,0.405,0.802,-1.573,btn_B
1780981023.2546258,-0.792,-0.247,0.575,5.214,13.458,0.176,-0.684,-0.328,0.573,-8.786,15.855,0.496,-0.301,-0.321,0.93,-14.244,-7.725,-1.305,-0.329,-0.326,0.956,1.496,10.817,-0.863,0.062,-0.333,0.822,-3.443,6.641,1.16,btn_B
1780981023.355655,-0.828,-0.197,0.554,-1.298,2.122,0.031,-0.677,-0.335,0.592,-6.84,1.443,0.298,-0.239,-0.353,0.925,-1.168,-1.809,0.695,-0.338,-0.331,0.941,0.74,6.786,-0.282,0.065,-0.323,0.813,-1.015,2.687,0.031,btn_B
1780981023.4522967,-0.825,-0.195,0.55,-1.0,2.344,-0.115,-0.674,-0.336,0.6,-6.427,1.29,0.84,-0.242,-0.356,0.929,-1.672,-0.145,0.71,-0.339,-0.333,0.942,1.962,7.45,-0.534,0.062,-0.329,0.819,-0.679,1.992,-0.275,btn_B
1780981023.554663,-0.826,-0.194,0.551,-1.046,1.427,-1.466,-0.679,-0.333,0.599,-6.656,0.847,-0.74,-0.237,-0.354,0.934,-2.191,-0.092,-0.015,-0.338,-0.336,0.938,1.305,7.779,-1.168,0.053,-0.326,0.82,-1.435,0.84,0.282,btn_B
1780981023.6581693,-0.826,-0.195,0.547,-1.466,1.305,-0.733,-0.675,-0.335,0.6,-6.489,1.618,0.031,-0.235,-0.357,0.932,-1.687,-0.344,0.443,-0.339,-0.337,0.94,1.573,7.977,-0.229,0.059,-0.324,0.817,-1.008,0.656,-0.473,btn_B
1780981023.7619612,-0.83,-0.186,0.552,-0.511,1.221,-1.275,-0.677,-0.334,0.594,-6.557,-0.092,-1.382,-0.239,-0.356,0.937,-0.855,-1.641,-0.656,-0.336,-0.335,0.94,1.901,6.221,-0.725,0.061,-0.331,0.82,0.45,2.786,-0.725,btn_B
1780981023.8638935,-0.827,-0.194,0.543,-1.229,2.29,-1.817,-0.679,-0.339,0.595,-6.748,0.023,-1.321,-0.232,-0.359,0.929,-0.847,0.267,-0.321,-0.339,-0.338,0.939,2.099,6.351,-0.046,0.061,-0.32,0.826,0.351,2.618,-0.084,btn_B
1780981023.966609,-0.833,-0.192,0.548,-1.282,1.557,-0.359,-0.676,-0.333,0.601,-6.87,0.534,-0.29,-0.23,-0.356,0.932,-0.565,0.229,0.672,-0.339,-0.338,0.938,1.679,7.038,-0.42,0.06,-0.326,0.812,-0.389,2.16,-0.183,btn_B
1780981024.0700817,-0.829,-0.188,0.547,-0.969,2.55,-0.565,-0.676,-0.338,0.595,-7.107,1.779,-0.366,-0.238,-0.356,0.925,-1.107,0.779,0.435,-0.337,-0.337,0.934,1.656,7.618,0.069,0.06,-0.322,0.804,0.198,3.206,-0.275,btn_B
1780981026.8566248,-0.831,-0.19,0.547,-0.954,1.489,-1.275,-0.68,-0.336,0.591,-6.611,0.519,0.237,-0.24,-0.368,0.926,-0.298,0.099,0.359,-0.344,-0.333,0.933,1.725,6.435,-0.794,0.065,-0.32,0.814,-0.618,2.298,-0.008,btn_B
1780981026.9535656,-0.829,-0.191,0.548,-0.611,1.084,-0.282,-0.675,-0.335,0.587,-6.153,0.969,0.206,-0.237,-0.367,0.923,-0.336,0.321,-0.061,-0.338,-0.335,0.935,1.847,7.405,-0.435,0.063,-0.316,0.812,-0.435,2.679,0.0,btn_B
1780981027.0567763,-0.83,-0.193,0.546,-1.031,1.397,-0.962,-0.679,-0.339,0.597,-6.122,0.725,-0.023,-0.239,-0.369,0.926,-0.107,0.023,-0.008,-0.341,-0.335,0.94,1.397,6.641,-0.618,0.061,-0.328,0.832,-0.756,2.267,0.069,btn_B
1780981027.1717806,-0.833,-0.191,0.546,-1.076,1.496,-0.641,-0.682,-0.339,0.594,-6.069,0.679,-0.611,-0.238,-0.37,0.928,-0.397,-0.336,0.412,-0.338,-0.336,0.929,2.015,7.053,-0.466,0.072,-0.315,0.821,-0.733,2.527,0.153,btn_B
1780981027.2692983,-0.833,-0.191,0.542,-0.359,0.191,0.313,-0.688,-0.311,0.607,-4.687,-0.634,-0.557,-0.697,-0.681,1.803,55.366,-7.443,86.855,-0.35,-0.323,0.947,2.817,-7.473,-4.214,0.065,-0.323,0.812,-5.053,-3.084,-0.908,btn_B
1780981027.3710747,-0.823,-0.188,0.562,-1.58,-1.176,-0.779,-0.679,-0.342,0.591,-8.45,17.145,0.748,-0.272,-0.174,1.033,71.481,4.168,13.084,-0.353,-0.331,0.939,10.58,13.908,0.947,0.059,-0.315,0.814,2.145,1.321,1.313,btn_B
1780981027.4687035,-0.833,-0.189,0.555,-1.565,1.313,-0.115,-0.773,-0.351,0.56,-4.183,15.855,3.321,-0.273,-0.093,1.092,33.534,1.725,3.794,-0.335,-0.313,0.947,6.74,7.947,1.71,0.045,-0.317,0.818,1.053,4.626,1.481,btn_B
1780981027.5718513,-0.831,-0.189,0.547,-1.031,3.336,0.733,-0.732,-0.32,0.484,-4.389,11.634,1.557,-0.297,0.003,0.89,3.824,2.534,-4.145,-0.339,-0.309,0.948,1.977,7.817,-0.733,0.053,-0.322,0.824,-1.603,1.153,-0.55,btn_B
1780981027.6875381,-0.836,-0.182,0.541,-1.282,1.107,-2.282,-0.76,-0.329,0.478,-6.55,-38.221,-4.511,-0.225,0.022,0.694,-77.229,-0.649,-12.977,-0.349,-0.311,0.947,-8.489,-0.916,-2.962,0.045,-0.318,0.834,-5.069,-2.412,-1.031,btn_B
1780981027.789125,-0.831,-0.19,0.541,-0.397,-2.366,-2.366,-0.678,-0.327,0.62,-2.305,-20.473,0.733,-0.51,-0.65,1.113,-213.511,-18.008,-40.137,-0.548,-0.294,0.985,-0.107,2.519,1.534,0.008,-0.294,0.771,-5.481,-9.008,-2.794,btn_B
1780981027.8905563,-0.825,-0.195,0.553,-0.71,0.008,-0.573,-0.682,-0.336,0.595,-7.137,-0.634,-0.802,-0.264,-0.359,0.921,0.412,-0.458,0.748,-0.342,-0.333,0.945,0.618,6.573,-1.053,0.062,-0.323,0.814,-1.229,3.351,0.046,btn_B
1780981027.9838526,-0.827,-0.186,0.55,-0.763,1.496,-0.206,-0.682,-0.334,0.591,-6.374,1.107,0.13,-0.25,-0.362,0.919,-0.481,0.13,0.626,-0.34,-0.331,0.945,1.664,6.588,-0.756,0.068,-0.318,0.813,-0.985,1.725,0.229,btn_B
1780981028.0867586,-0.828,-0.189,0.552,-1.0,0.863,-1.069,-0.68,-0.34,0.6,-6.679,0.74,-0.038,-0.248,-0.361,0.92,-1.221,-0.198,-0.092,-0.337,-0.333,0.943,1.45,6.687,-0.466,0.055,-0.326,0.823,-0.046,1.115,-0.672,btn_B
1780981028.1897376,-0.83,-0.192,0.551,-1.221,1.832,-1.053,-0.685,-0.337,0.588,-6.931,0.374,-0.466,-0.252,-0.362,0.925,-0.565,-0.183,-0.489,-0.336,-0.335,0.938,1.427,7.221,-0.863,0.062,-0.319,0.819,-0.55,2.038,0.336,btn_B
1780981028.2938187,-0.827,-0.192,0.552,-0.901,1.519,-0.557,-0.683,-0.335,0.582,-6.58,0.84,-0.771,-0.251,-0.366,0.921,-0.58,0.061,0.069,-0.338,-0.333,0.939,1.74,7.206,-0.176,0.062,-0.321,0.812,-0.42,2.618,0.496,btn_B
1780981028.3957095,-0.83,-0.192,0.554,-1.061,1.099,-0.573,-0.68,-0.337,0.587,-6.214,0.092,-0.649,-0.25,-0.363,0.92,-0.412,0.466,-0.198,-0.34,-0.335,0.937,1.176,6.931,-1.046,0.063,-0.323,0.812,-0.397,1.924,-0.496,btn_B
1780981028.5084374,-0.829,-0.195,0.546,-1.168,1.481,-1.008,-0.68,-0.339,0.596,-6.076,0.145,-0.603,-0.253,-0.362,0.919,-1.008,0.107,0.405,-0.336,-0.336,0.935,1.458,6.649,-0.473,0.059,-0.324,0.826,-0.221,2.305,-0.519,btn_B
1780981028.6021848,-0.829,-0.192,0.546,-0.863,2.42,-0.679,-0.682,-0.339,0.588,-6.985,0.931,-0.466,-0.248,-0.365,0.924,-1.092,-0.489,0.275,-0.337,-0.333,0.939,1.336,6.595,-0.565,0.059,-0.327,0.827,-0.504,2.641,0.099,btn_B
1780981028.7049239,-0.831,-0.196,0.551,-0.763,1.718,-0.504,-0.682,-0.338,0.584,-6.267,1.046,0.366,-0.249,-0.367,0.921,-0.344,-0.321,-0.031,-0.338,-0.334,0.943,1.695,7.176,0.397,0.059,-0.321,0.814,-0.794,1.962,0.023,btn_B
1780981031.4877484,-0.832,-0.19,0.545,-0.87,1.374,-0.855,-0.682,-0.341,0.588,-6.458,0.534,-0.489,-0.252,-0.372,0.92,-0.214,0.053,-0.145,-0.339,-0.338,0.928,1.618,6.74,-0.664,0.063,-0.322,0.828,-0.397,3.038,-0.168,btn_B
1780981031.588901,-0.825,-0.19,0.554,-1.145,1.809,-1.221,-0.685,-0.338,0.589,-6.649,0.664,-0.206,-0.253,-0.368,0.921,-0.466,0.069,0.015,-0.341,-0.337,0.937,1.466,7.427,-0.504,0.068,-0.323,0.821,-0.756,1.618,-0.137,btn_B
1780981031.6925614,-0.832,-0.195,0.555,-1.031,1.053,-1.16,-0.682,-0.337,0.589,-6.107,0.71,-0.046,-0.25,-0.371,0.921,-0.29,-0.534,-0.115,-0.341,-0.341,0.936,1.389,6.74,-0.466,0.059,-0.322,0.814,-0.481,2.702,-0.061,btn_B
1780981031.805575,-0.829,-0.19,0.556,-0.573,1.031,-0.244,-0.68,-0.339,0.589,-6.519,0.427,-1.061,-0.243,-0.376,0.919,-0.641,0.137,0.16,-0.34,-0.338,0.934,1.847,6.771,0.321,0.058,-0.32,0.812,-0.244,3.092,0.221,btn_B
1780981031.9042163,-0.833,-0.196,0.551,-1.405,0.985,-0.969,-0.686,-0.339,0.585,-6.145,0.435,-1.137,-0.251,-0.374,0.913,0.603,-0.275,0.214,-0.344,-0.34,0.937,3.153,4.916,-0.916,0.067,-0.326,0.813,-1.366,2.489,0.198,btn_B
1780981032.0013065,-0.843,-0.192,0.538,1.206,-4.855,-1.214,-0.687,-0.328,0.645,-7.87,15.16,-0.687,-0.143,-0.524,1.265,182.42,-2.015,32.466,-0.321,-0.331,0.947,8.954,4.977,1.008,0.067,-0.317,0.808,-0.298,5.786,1.183,btn_B
1780981032.1038556,-0.837,-0.19,0.553,-0.221,4.863,-0.069,-0.648,-0.357,0.701,-10.397,64.992,1.847,-0.232,-0.08,0.918,56.366,10.42,3.809,-0.351,-0.315,0.941,9.718,7.924,1.374,0.062,-0.317,0.814,2.618,5.015,2.031,btn_B
1780981032.2231798,-0.823,-0.193,0.557,0.023,3.298,-0.252,-0.664,-0.318,0.507,-13.588,44.954,5.046,-0.267,0.001,0.943,38.336,2.183,5.58,-0.331,-0.305,0.964,6.443,10.878,2.214,0.045,-0.314,0.818,0.847,1.656,0.87,btn_B
1780981032.3101382,-0.83,-0.191,0.55,-1.13,1.649,-1.481,-0.759,-0.334,0.476,-6.641,-3.481,-1.58,-0.26,-0.012,1.025,-1.87,-1.519,0.252,-0.357,-0.309,0.951,1.893,7.977,-1.084,0.052,-0.316,0.817,-0.267,3.519,0.298,btn_B
1780981032.4223127,-0.83,-0.188,0.551,-1.435,2.29,-1.397,-0.747,-0.331,0.473,-7.832,-13.061,-3.252,-0.265,-0.037,1.071,-18.542,-1.664,-4.427,-0.342,-0.307,0.949,-2.221,8.595,-2.107,0.051,-0.314,0.814,-0.626,3.191,-0.076,btn_B
1780981032.516227,-0.835,-0.187,0.548,-1.443,2.061,-1.71,-0.714,-0.348,0.513,-9.023,-96.16,-0.893,-0.183,-0.106,0.739,-131.573,4.046,-23.107,-0.359,-0.322,0.938,-17.863,-2.969,-6.008,0.063,-0.324,0.826,-7.351,-6.794,-2.901,btn_B
1780981032.6192672,-0.885,-0.205,0.556,0.031,-4.519,-1.55,-0.557,-0.363,0.758,-16.71,38.008,0.74,-0.424,-0.325,0.717,-21.702,-41.458,0.939,-0.39,-0.337,0.916,-7.924,-11.763,-1.878,0.08,-0.334,0.844,-3.336,1.855,-1.031,btn_B
1780981032.722766,-0.828,-0.194,0.552,-1.076,0.336,-0.855,-0.686,-0.34,0.584,-6.42,-0.863,-1.145,-0.244,-0.366,0.921,-2.145,-0.641,0.229,-0.336,-0.332,0.94,1.847,7.344,0.0,0.051,-0.317,0.821,0.092,0.55,-0.153,btn_B
1780981032.8275194,-0.83,-0.192,0.553,-1.099,1.771,-1.061,-0.689,-0.337,0.585,-6.405,0.397,-0.656,-0.25,-0.363,0.918,-1.214,-0.145,-0.321,-0.33,-0.333,0.939,0.947,7.282,-0.718,0.058,-0.324,0.826,0.115,2.13,-0.656,btn_B
1780981032.9283724,-0.831,-0.194,0.556,-1.267,2.145,-0.71,-0.688,-0.341,0.579,-6.519,0.603,-0.305,-0.248,-0.374,0.919,-1.168,0.13,0.237,-0.333,-0.332,0.935,1.87,6.122,-0.763,0.064,-0.323,0.818,-0.534,1.924,-0.099,btn_B
1780981033.0371554,-0.827,-0.195,0.558,-1.16,1.565,-1.023,-0.688,-0.339,0.574,-6.779,0.649,-0.809,-0.249,-0.369,0.92,-1.313,-0.244,0.389,-0.34,-0.339,0.939,1.168,7.298,-0.672,0.064,-0.322,0.817,-0.588,2.031,0.26,btn_B
1780981033.1342056,-0.824,-0.189,0.553,-0.611,1.092,-0.366,-0.685,-0.342,0.582,-6.641,0.969,-0.336,-0.251,-0.37,0.926,-1.107,0.191,0.435,-0.338,-0.334,0.939,1.26,7.74,0.466,0.062,-0.329,0.819,-0.611,2.061,0.015,btn_B
1780981033.2372162,-0.826,-0.191,0.552,-0.847,1.42,-0.672,-0.687,-0.341,0.586,-6.733,0.565,-0.458,-0.25,-0.366,0.922,-1.183,0.145,0.023,-0.337,-0.335,0.937,1.015,8.107,-0.649,0.063,-0.315,0.812,-0.206,2.237,-0.351,btn_B
1780981033.3420122,-0.828,-0.194,0.553,-0.733,1.244,-0.779,-0.683,-0.342,0.579,-6.473,1.26,0.412,-0.246,-0.371,0.919,-0.458,0.313,0.0,-0.337,-0.337,0.939,1.45,6.908,-1.061,0.064,-0.325,0.817,-0.725,1.779,-0.214,btn_B
1780981036.1213155,-0.825,-0.191,0.549,-0.847,0.992,-0.832,-0.685,-0.342,0.577,-6.45,0.496,-1.008,-0.245,-0.374,0.918,-0.504,-0.389,0.198,-0.333,-0.337,0.945,1.55,7.298,-0.267,0.059,-0.318,0.815,-0.664,2.206,0.183,btn_B
1780981036.2241013,-0.83,-0.192,0.55,-0.885,1.664,-0.282,-0.685,-0.34,0.579,-6.473,1.244,-0.29,-0.25,-0.379,0.92,-0.198,0.038,0.519,-0.34,-0.341,0.938,2.168,7.382,-0.061,0.052,-0.318,0.814,-0.26,1.962,0.313,btn_B
1780981036.3367634,-0.825,-0.186,0.556,-0.695,1.397,-1.351,-0.687,-0.337,0.584,-6.16,0.313,-0.893,-0.246,-0.378,0.925,-0.519,0.45,-0.015,-0.336,-0.339,0.946,1.649,6.962,-1.046,0.06,-0.321,0.82,-0.603,1.969,0.26,btn_B
1780981036.4360898,-0.831,-0.19,0.554,-1.26,1.191,-0.481,-0.685,-0.337,0.581,-6.145,0.71,-0.176,-0.245,-0.376,0.916,0.069,-0.153,0.489,-0.337,-0.336,0.937,2.015,6.626,-0.71,0.067,-0.324,0.814,-0.473,2.573,-0.26,btn_B
1780981036.533419,-0.825,-0.188,0.547,-0.832,1.687,-1.519,-0.687,-0.342,0.573,-6.0,0.389,-0.679,-0.253,-0.377,0.912,-0.084,-0.412,0.237,-0.338,-0.341,0.94,1.832,6.183,-0.374,0.061,-0.321,0.821,-0.473,1.565,0.191,btn_B
1780981036.636282,-0.829,-0.185,0.565,1.069,-2.191,-0.557,-0.682,-0.323,0.552,-8.489,16.885,-1.969,-0.163,-0.47,0.983,205.565,1.969,34.527,-0.35,-0.312,0.918,7.481,14.977,-0.229,0.052,-0.315,0.807,0.382,3.817,0.275,btn_B
1780981036.7545784,-0.829,-0.195,0.544,0.389,2.053,0.901,-0.709,-0.348,0.556,-8.977,19.672,1.321,-0.26,-0.077,0.801,70.634,4.237,12.496,-0.358,-0.318,0.928,9.863,9.718,0.878,0.055,-0.332,0.836,3.618,1.931,-0.595,btn_B
1780981036.8538733,-0.815,-0.18,0.551,-0.053,3.985,0.809,-0.744,-0.304,0.43,-0.023,22.405,4.481,-0.253,-0.008,0.898,25.038,6.244,-0.664,-0.34,-0.312,0.946,2.107,8.13,0.45,0.065,-0.326,0.822,-0.366,5.153,1.496,btn_B
1780981036.9554422,-0.829,-0.185,0.553,-0.901,0.832,-0.267,-0.746,-0.329,0.507,-5.672,5.244,0.382,-0.265,-0.021,1.004,7.672,0.954,0.221,-0.354,-0.316,0.943,3.473,7.366,0.206,0.055,-0.312,0.824,0.84,3.336,1.702,btn_B
1780981037.0523891,-0.829,-0.19,0.553,-1.282,2.16,-2.733,-0.771,-0.369,0.583,-9.611,-7.229,-8.718,-0.285,-0.038,0.989,-14.931,1.908,-0.939,-0.345,-0.311,0.94,0.26,7.74,-1.489,0.057,-0.315,0.809,-1.168,0.687,-0.992,btn_B
1780981037.1516097,-0.83,-0.193,0.543,-2.55,1.473,-1.214,-0.705,-0.342,0.554,0.13,-37.504,-0.038,-0.181,-0.158,0.696,-173.382,9.748,-25.802,-0.318,-0.322,0.958,-9.573,3.298,-1.389,0.063,-0.333,0.815,-1.26,2.359,-1.015,btn_B
1780981037.2541003,-0.842,-0.206,0.523,4.893,5.061,-0.573,-0.636,-0.356,0.706,-7.183,11.282,-0.214,-0.239,-0.357,0.915,-3.0,2.366,-0.397,-0.306,-0.336,0.953,2.687,-2.16,-0.397,0.068,-0.323,0.836,-1.74,9.458,0.282,btn_B
1780981037.3572764,-0.83,-0.192,0.545,-0.542,1.076,0.29,-0.687,-0.34,0.59,-6.573,1.496,0.504,-0.254,-0.366,0.92,-1.42,0.076,0.076,-0.341,-0.333,0.934,0.931,7.084,-1.046,0.059,-0.322,0.82,-0.985,3.031,0.076,btn_B
1780981037.4603415,-0.83,-0.19,0.552,-1.29,1.198,-0.794,-0.683,-0.338,0.587,-5.939,0.771,0.214,-0.25,-0.371,0.923,-0.817,0.206,0.023,-0.336,-0.336,0.937,2.0,6.244,0.0,0.063,-0.324,0.811,-0.519,2.489,-0.771,btn_B
1780981037.563206,-0.834,-0.189,0.548,-0.733,1.405,-0.511,-0.682,-0.337,0.583,-6.626,1.076,0.779,-0.249,-0.37,0.915,-0.901,0.595,-0.031,-0.344,-0.329,0.941,1.13,7.26,-0.298,0.059,-0.323,0.818,-0.832,2.58,0.458,btn_B
1780981037.6735349,-0.836,-0.189,0.551,-0.198,1.641,-0.84,-0.682,-0.341,0.59,-6.328,0.969,-0.328,-0.251,-0.375,0.922,-1.115,-0.74,0.527,-0.333,-0.334,0.935,1.771,6.977,-0.924,0.061,-0.324,0.814,-0.45,2.0,-0.092,btn_B
1780981037.7697926,-0.831,-0.187,0.548,-1.328,1.947,-0.832,-0.687,-0.341,0.583,-6.55,1.023,-0.313,-0.25,-0.373,0.92,-1.115,0.405,0.641,-0.337,-0.33,0.933,1.542,7.771,-0.305,0.058,-0.318,0.815,-0.336,2.076,0.206,btn_B
1780981037.8726027,-0.823,-0.189,0.547,-0.679,0.664,-1.618,-0.684,-0.339,0.583,-6.504,-0.321,-1.168,-0.252,-0.373,0.93,-1.267,-0.267,-0.313,-0.327,-0.337,0.939,0.58,7.878,-0.351,0.057,-0.321,0.822,-0.389,4.802,0.809,btn_B
1780981037.9868855,-0.83,-0.192,0.547,-1.122,1.985,-0.885,-0.686,-0.339,0.578,-6.168,-0.374,-0.435,-0.251,-0.372,0.918,-0.962,-0.359,-0.198,-0.334,-0.339,0.937,0.527,6.87,-0.649,0.058,-0.327,0.822,-1.496,1.168,0.107,btn_B
1780981040.7562118,-0.817,-0.215,0.564,-0.748,1.221,-1.0,-0.673,-0.354,0.597,-6.107,0.58,-0.672,-0.237,-0.389,0.923,-0.221,0.542,0.55,-0.332,-0.36,0.93,1.374,8.206,-0.076,0.083,-0.336,0.81,-0.435,2.679,0.344,btn_B
1780981040.8594332,-0.814,-0.212,0.572,-0.374,2.046,0.634,-0.671,-0.349,0.596,-6.244,1.313,-0.573,-0.24,-0.385,0.916,-0.305,1.26,-0.244,-0.331,-0.358,0.934,1.847,7.427,-0.29,0.089,-0.34,0.819,-0.26,3.504,-0.107,btn_B
1780981040.9626038,-0.813,-0.212,0.568,-1.29,0.656,-2.328,-0.676,-0.346,0.587,-6.527,0.771,-0.588,-0.238,-0.38,0.913,-0.511,-0.947,-0.679,-0.329,-0.36,0.931,1.137,7.313,-1.137,0.082,-0.337,0.812,-0.916,1.534,-0.053,btn_B
1780981041.0657294,-0.814,-0.214,0.566,-0.74,2.046,0.481,-0.671,-0.349,0.597,-6.275,1.496,0.87,-0.24,-0.383,0.92,-0.328,0.046,0.527,-0.331,-0.359,0.929,1.389,7.069,-0.58,0.077,-0.34,0.82,-0.733,2.313,0.084,btn_B
1780981041.1716216,-0.816,-0.211,0.569,-0.519,2.092,-0.977,-0.677,-0.345,0.59,-6.45,0.756,-0.321,-0.241,-0.385,0.916,-0.595,0.13,0.092,-0.328,-0.36,0.936,1.664,7.031,0.221,0.078,-0.343,0.81,-0.527,2.237,0.198,btn_B
1780981041.2717056,-0.815,-0.214,0.565,-0.542,1.397,-0.71,-0.67,-0.347,0.589,-6.313,0.504,-0.26,-0.243,-0.385,0.918,0.092,-0.519,0.489,-0.326,-0.358,0.932,1.534,6.496,-0.366,0.075,-0.341,0.806,-0.679,1.603,0.053,btn_B
1780981041.3867683,-0.818,-0.211,0.565,-0.756,0.916,-0.412,-0.675,-0.346,0.595,-4.458,-1.748,0.145,-0.237,-0.392,0.928,8.145,-1.053,2.275,-0.326,-0.357,0.921,6.977,11.023,1.229,0.085,-0.339,0.809,-1.511,3.924,0.366,btn_B
1780981041.4912207,-0.782,-0.205,0.597,-0.939,2.282,-1.511,-0.676,-0.345,0.592,-3.084,1.718,-4.023,-0.207,-0.56,1.777,162.916,-5.328,55.366,-0.32,-0.363,0.937,8.985,8.107,-2.679,0.087,-0.363,0.829,1.916,2.008,-2.0,btn_B
1780981041.5873687,-0.81,-0.219,0.575,0.565,8.695,2.511,-0.72,-0.371,0.544,-7.649,72.069,5.405,-0.194,-0.065,0.891,77.939,4.893,7.748,-0.345,-0.354,0.92,19.305,-1.038,3.389,0.068,-0.344,0.817,0.779,2.115,1.336,btn_B
1780981041.6842299,-0.808,-0.214,0.567,-0.504,1.076,-1.55,-0.741,-0.36,0.518,-7.992,10.374,2.305,-0.239,-0.044,1.024,10.282,1.336,-0.061,-0.346,-0.329,0.944,3.763,5.725,0.374,0.064,-0.346,0.816,-0.557,5.321,1.824,btn_B
1780981041.7886407,-0.818,-0.211,0.566,-0.901,0.771,-1.511,-0.698,-0.312,0.449,-6.031,5.038,3.809,-0.266,-0.008,0.921,1.542,-0.641,0.412,-0.337,-0.326,0.941,1.015,5.267,-1.168,0.074,-0.338,0.808,-0.458,3.183,0.122,btn_B
1780981041.8902698,-0.803,-0.207,0.569,0.42,0.42,-1.015,-0.739,-0.34,0.504,-9.145,1.656,-2.153,-0.279,-0.015,0.969,-2.626,-0.71,-0.466,-0.345,-0.322,0.927,-0.473,9.107,-1.397,0.073,-0.339,0.809,0.344,2.916,-1.649,btn_B
1780981041.9924817,-0.796,-0.206,0.558,-1.298,4.0,-0.046,-0.699,-0.3,0.447,-7.969,-20.061,-4.206,-0.253,0.011,0.77,-43.565,0.183,-5.13,-0.344,-0.318,0.931,-2.023,1.435,-1.282,0.072,-0.339,0.807,-4.374,1.389,1.763,btn_B
1780981042.0955338,-0.817,-0.208,0.566,-0.817,-9.198,-3.023,-0.679,-0.336,0.601,1.771,-35.26,0.519,-0.244,-0.414,0.883,-225.679,1.031,-54.252,-0.323,-0.36,0.931,-1.634,4.313,2.458,0.079,-0.345,0.802,-0.954,0.466,-1.481,btn_B
1780981042.1985264,-0.797,-0.213,0.588,0.374,0.489,-1.099,-0.658,-0.343,0.619,-6.733,1.473,0.443,-0.25,-0.366,0.925,0.679,1.962,0.16,-0.332,-0.357,0.926,1.794,7.565,-0.328,0.088,-0.345,0.816,0.527,-0.649,-0.214,btn_B
1780981042.3071222,-0.813,-0.214,0.573,-1.244,1.389,-0.931,-0.673,-0.344,0.598,-6.763,1.191,-0.16,-0.247,-0.365,0.917,-1.679,0.046,0.176,-0.327,-0.353,0.937,0.641,7.618,-0.611,0.08,-0.348,0.809,-0.137,2.466,-0.145,btn_B
1780981042.4046407,-0.81,-0.214,0.581,-1.023,1.763,-1.298,-0.679,-0.34,0.59,-6.603,1.191,-0.962,-0.246,-0.364,0.927,-1.74,-0.191,0.275,-0.326,-0.357,0.93,1.038,7.13,-0.832,0.081,-0.338,0.816,-1.038,1.939,0.13,btn_B
1780981042.5200949,-0.812,-0.216,0.575,-0.885,1.87,-0.695,-0.677,-0.344,0.595,-5.901,0.427,-1.282,-0.248,-0.37,0.925,-0.855,-0.473,-0.031,-0.33,-0.364,0.937,1.466,7.122,0.16,0.091,-0.346,0.802,-0.809,2.321,0.397,btn_B
1780981042.6211193,-0.814,-0.211,0.573,-0.534,0.824,-1.718,-0.679,-0.344,0.59,-5.962,0.115,-0.855,-0.251,-0.37,0.916,-0.344,-1.023,-0.427,-0.33,-0.354,0.937,1.076,6.237,-1.13,0.083,-0.342,0.802,-1.084,0.473,-0.267,btn_B
1780981045.3035085,-0.811,-0.215,0.573,-0.962,1.496,-0.504,-0.677,-0.346,0.583,-6.71,0.664,-1.099,-0.246,-0.381,0.924,-0.863,0.275,0.26,-0.333,-0.362,0.928,1.496,7.557,-0.84,0.092,-0.347,0.802,-0.794,1.771,0.0,btn_B
1780981045.391616,-0.805,-0.211,0.571,-0.611,1.901,-1.153,-0.675,-0.345,0.586,-6.443,0.809,-0.374,-0.251,-0.38,0.914,-0.26,0.076,-0.061,-0.328,-0.364,0.931,1.534,6.847,-0.481,0.087,-0.344,0.806,-0.511,2.206,-0.053,btn_B
1780981045.494859,-0.808,-0.209,0.572,-1.336,1.519,-1.0,-0.679,-0.346,0.59,-6.298,0.786,-0.58,-0.249,-0.385,0.913,0.046,0.511,0.252,-0.331,-0.365,0.931,1.786,7.252,-0.405,0.091,-0.346,0.818,-0.573,2.427,-0.015,btn_B
1780981045.5974884,-0.811,-0.21,0.569,-0.855,1.557,-1.275,-0.677,-0.345,0.585,-6.328,1.336,-0.275,-0.25,-0.384,0.912,-0.061,-0.198,0.153,-0.334,-0.363,0.934,1.794,6.832,-0.366,0.077,-0.354,0.811,-0.466,2.153,0.031,btn_B
1780981045.700502,-0.812,-0.209,0.572,-0.786,0.977,-0.702,-0.676,-0.342,0.58,-6.496,0.748,-0.29,-0.245,-0.381,0.913,-0.45,0.198,-0.023,-0.327,-0.368,0.933,1.794,7.305,-0.832,0.083,-0.35,0.804,-0.412,2.863,-0.053,btn_B
1780981045.8042164,-0.81,-0.214,0.57,-1.099,1.229,-0.748,-0.679,-0.347,0.585,-6.664,0.939,0.099,-0.249,-0.386,0.914,-0.198,-0.092,0.458,-0.332,-0.361,0.929,1.427,6.588,-0.344,0.093,-0.349,0.809,-0.733,1.885,0.069,btn_B
1780981045.9196513,-0.811,-0.209,0.571,-1.069,1.427,-0.405,-0.678,-0.349,0.582,-6.336,0.389,0.168,-0.248,-0.385,0.914,0.412,-0.847,0.344,-0.33,-0.365,0.931,2.489,6.344,0.115,0.084,-0.346,0.805,-0.84,2.641,-0.252,btn_B
1780981046.014784,-0.811,-0.216,0.574,0.115,0.664,0.26,-0.681,-0.342,0.596,-5.618,0.481,0.145,-0.462,-0.879,1.708,65.588,-2.756,18.382,-0.37,-0.353,0.94,4.038,-0.519,-1.725,0.101,-0.353,0.815,-0.786,5.878,-0.252,btn_B
1780981046.1173937,-0.819,-0.207,0.57,-0.382,-0.198,-1.725,-0.694,-0.349,0.583,-9.351,12.122,-0.221,-0.257,-0.175,0.905,84.267,8.313,6.962,-0.343,-0.359,0.917,14.908,11.42,1.183,0.069,-0.343,0.809,4.221,4.87,0.771,btn_B
1780981046.2155154,-0.812,-0.209,0.586,0.901,3.947,-0.863,-0.719,-0.365,0.596,-6.405,27.939,4.763,-0.226,-0.055,0.926,27.962,9.458,2.679,-0.32,-0.327,0.946,6.542,7.427,0.466,0.075,-0.332,0.815,0.008,2.031,0.588,btn_B
1780981046.319836,-0.812,-0.202,0.56,-3.504,3.374,-1.405,-0.782,-0.37,0.575,-0.519,3.382,1.885,-0.288,-0.062,1.031,17.542,-0.168,2.977,-0.326,-0.321,0.951,5.443,6.947,-0.382,0.072,-0.336,0.806,-0.695,2.595,0.779,btn_B
1780981046.4222307,-0.812,-0.208,0.574,-0.733,2.565,0.977,-0.746,-0.319,0.494,-4.939,1.038,0.763,-0.252,-0.009,0.969,0.748,0.649,0.305,-0.333,-0.332,0.935,3.237,6.733,0.802,0.071,-0.34,0.811,-1.443,5.489,1.832,btn_B
1780981046.5351431,-0.819,-0.215,0.565,-1.809,2.504,-1.519,-0.778,-0.338,0.522,-7.038,-1.031,-2.443,-0.261,-0.017,0.975,-4.115,0.679,0.527,-0.335,-0.327,0.95,0.74,7.771,-0.389,0.079,-0.339,0.815,-0.802,1.939,0.137,btn_B
1780981046.628005,-0.811,-0.213,0.56,-1.092,3.405,0.053,-0.733,-0.319,0.478,-12.718,-1.496,-2.45,-0.287,-0.029,0.964,-19.473,2.779,-3.489,-0.321,-0.323,0.94,-1.565,8.366,-1.13,0.074,-0.34,0.815,-0.313,3.649,-0.069,btn_B
1780981046.731229,-0.819,-0.21,0.556,-1.42,1.977,-0.275,-0.737,-0.348,0.475,-2.214,-62.794,-4.29,-0.19,0.011,0.62,-104.153,-3.496,-10.794,-0.344,-0.324,0.932,-14.634,-6.435,-5.359,0.069,-0.341,0.814,-6.023,-3.366,-2.679,btn_B
1780981046.8340409,-0.814,-0.214,0.565,0.244,-0.725,-1.626,-0.714,-0.557,0.509,7.542,-26.237,4.992,-0.164,-0.311,0.793,45.046,27.405,6.237,-0.242,-0.352,1.029,12.534,37.344,0.405,0.04,-0.336,0.805,2.794,-8.695,-0.489,btn_B
1780981046.9370456,-0.826,-0.211,0.563,-1.74,0.855,-1.26,-0.687,-0.342,0.573,-6.443,3.809,-0.718,-0.245,-0.365,0.927,-1.649,-2.901,-0.168,-0.323,-0.354,0.931,1.29,7.542,-0.611,0.087,-0.345,0.806,-0.58,3.489,0.542,btn_B
1780981047.050432,-0.81,-0.217,0.572,-0.656,1.855,-0.573,-0.679,-0.348,0.595,-6.672,0.641,-0.382,-0.248,-0.366,0.926,-0.893,-1.031,0.229,-0.323,-0.354,0.936,1.26,7.115,-0.321,0.084,-0.35,0.809,-0.511,1.702,-0.321,btn_B
1780981047.154388,-0.811,-0.208,0.57,-1.183,1.137,-0.641,-0.678,-0.344,0.585,-6.771,1.069,-0.656,-0.251,-0.367,0.927,-1.115,0.229,0.244,-0.33,-0.351,0.936,1.733,6.763,-0.473,0.087,-0.345,0.811,-0.481,2.252,-0.099,btn_B
1780981047.2558382,-0.81,-0.213,0.566,-1.42,0.947,-1.733,-0.682,-0.342,0.592,-6.771,0.489,-0.313,-0.249,-0.371,0.923,-1.038,0.214,-0.191,-0.326,-0.356,0.94,1.641,7.069,-1.053,0.088,-0.347,0.801,-0.191,3.076,0.115,btn_B
1780981050.0272028,-0.824,-0.202,0.559,-1.145,1.634,-0.863,-0.687,-0.342,0.584,-6.618,0.328,-0.511,-0.25,-0.376,0.924,-0.695,-0.153,0.122,-0.33,-0.351,0.937,1.641,6.878,-0.321,0.085,-0.331,0.811,-0.771,2.282,0.008,btn_B
1780981050.134798,-0.824,-0.201,0.559,-0.603,2.229,-0.55,-0.688,-0.342,0.575,-6.855,0.611,0.053,-0.248,-0.373,0.908,0.214,0.008,-0.382,-0.328,-0.347,0.938,1.695,7.473,-0.008,0.082,-0.326,0.814,-0.481,2.191,0.214,btn_B
1780981050.2328398,-0.823,-0.205,0.557,-0.786,2.107,-0.473,-0.688,-0.343,0.579,-6.015,1.344,0.305,-0.25,-0.376,0.915,-0.977,0.626,-0.405,-0.331,-0.351,0.937,1.641,6.656,-0.802,0.078,-0.324,0.817,-0.71,2.672,-0.008,btn_B
1780981050.3361793,-0.826,-0.2,0.558,-1.435,1.702,-0.924,-0.687,-0.337,0.581,-6.374,0.603,-0.336,-0.251,-0.375,0.914,-0.458,0.137,0.527,-0.33,-0.351,0.928,1.229,6.725,-0.985,0.074,-0.325,0.817,-0.405,2.649,-0.221,btn_B
1780981050.4525185,-0.821,-0.204,0.558,-1.13,1.534,-0.824,-0.687,-0.343,0.581,-6.382,1.191,-0.351,-0.249,-0.374,0.913,-0.397,-0.305,0.71,-0.332,-0.349,0.937,1.664,6.878,-0.321,0.072,-0.327,0.81,-0.74,2.679,0.084,btn_B
1780981050.549789,-0.82,-0.203,0.561,-0.718,1.015,-0.481,-0.687,-0.34,0.574,-6.695,0.45,-0.893,-0.251,-0.378,0.914,-0.527,0.015,0.595,-0.333,-0.348,0.937,1.656,7.763,-0.282,0.079,-0.331,0.817,-0.435,2.328,0.137,btn_B
1780981050.656692,-0.824,-0.198,0.561,-1.275,1.153,-1.802,-0.69,-0.342,0.584,-6.702,0.473,-0.901,-0.254,-0.376,0.909,-0.252,0.076,-0.427,-0.331,-0.349,0.936,1.84,7.053,-0.809,0.075,-0.325,0.817,-0.221,2.13,-0.038,btn_B
1780981050.748599,-0.823,-0.201,0.562,-0.511,0.992,0.313,-0.686,-0.338,0.585,-5.542,-0.84,0.099,-0.258,-0.397,0.966,3.351,4.473,0.649,-0.34,-0.349,0.934,3.802,6.305,-0.046,0.077,-0.33,0.813,-0.947,3.145,0.26,btn_B
1780981050.851945,-0.819,-0.2,0.551,-0.374,-0.29,-0.733,-0.685,-0.341,0.59,-8.725,14.939,-0.733,-0.255,-0.317,1.072,100.809,-10.427,20.176,-0.323,-0.356,0.976,10.42,8.206,1.046,0.077,-0.325,0.825,3.817,7.321,0.939,btn_B
1780981050.9542375,-0.831,-0.193,0.548,-0.282,5.504,1.198,-0.714,-0.349,0.529,-7.924,27.931,-0.046,-0.221,-0.121,1.066,46.924,0.656,9.863,-0.316,-0.328,0.959,8.374,3.481,1.473,0.087,-0.32,0.822,-0.71,8.481,2.87,btn_B
1780981051.0571845,-0.833,-0.191,0.552,-2.397,2.855,-0.13,-0.758,-0.335,0.517,-0.511,19.076,6.511,-0.262,-0.005,0.919,25.237,4.328,1.183,-0.326,-0.311,0.956,2.626,10.107,1.336,0.069,-0.316,0.819,1.748,4.626,2.45,btn_B
1780981051.1600807,-0.831,-0.191,0.55,-3.183,3.107,-1.344,-0.703,-0.283,0.463,-5.198,7.221,3.298,-0.26,0.011,0.992,6.534,0.802,-1.046,-0.344,-0.314,0.951,1.985,8.885,0.26,0.058,-0.315,0.828,0.084,2.779,0.458,btn_B
1780981051.2631075,-0.823,-0.199,0.55,-1.466,1.359,-1.137,-0.691,-0.264,0.44,-9.87,-2.87,-5.779,-0.254,0.009,1.022,-10.313,-2.664,-1.435,-0.32,-0.308,0.979,-3.985,13.305,-1.55,0.051,-0.321,0.827,-0.893,4.855,-0.466,btn_B
1780981051.3672645,-0.827,-0.195,0.546,-0.588,0.908,-3.435,-0.687,-0.315,0.502,-23.534,-24.038,-26.45,-0.28,-0.044,1.013,-54.748,0.26,-4.313,-0.334,-0.321,0.962,-7.176,5.985,-3.252,0.067,-0.317,0.821,-4.107,3.557,-0.611,btn_B
1780981051.469114,-0.825,-0.202,0.549,-0.496,-8.672,-3.565,-0.687,-0.35,0.577,3.672,-27.939,1.16,-0.171,-0.231,0.833,-181.824,15.542,-40.87,-0.354,-0.361,0.928,-6.015,5.672,-0.771,0.086,-0.323,0.817,-2.733,0.008,-3.16,btn_B
1780981051.584504,-0.829,-0.195,0.583,3.931,8.55,0.786,-0.698,-0.328,0.562,-7.092,11.664,-0.588,-0.263,-0.349,0.892,-7.366,-8.389,-0.702,-0.304,-0.348,0.962,2.244,9.237,-0.695,0.081,-0.323,0.816,-2.107,8.321,0.809,btn_B
1780981051.6867297,-0.82,-0.201,0.559,-0.885,2.145,-0.412,-0.683,-0.342,0.587,-6.756,1.275,-0.42,-0.252,-0.362,0.921,-2.046,0.702,0.053,-0.329,-0.343,0.939,1.351,7.573,-0.611,0.076,-0.321,0.815,-0.985,2.588,0.237,btn_B
1780981051.785422,-0.823,-0.202,0.56,-1.122,2.0,-1.282,-0.679,-0.337,0.593,-6.489,0.947,-0.55,-0.244,-0.364,0.922,-1.351,0.885,-0.351,-0.329,-0.343,0.937,1.145,7.038,-0.237,0.074,-0.324,0.812,-0.489,2.718,-0.069,btn_B
1780981051.8863566,-0.819,-0.201,0.551,-0.863,1.618,-0.29,-0.685,-0.341,0.589,-6.168,0.901,0.137,-0.253,-0.363,0.92,-0.939,0.382,-0.099,-0.331,-0.341,0.941,1.305,7.527,0.092,0.078,-0.323,0.815,-0.702,1.908,-0.252,btn_B
1780981054.6686847,-0.826,-0.203,0.55,-0.817,1.71,-0.473,-0.687,-0.345,0.582,-6.45,0.611,-0.504,-0.25,-0.376,0.915,-0.053,-0.237,-0.115,-0.334,-0.351,0.933,1.924,6.878,-0.679,0.084,-0.323,0.812,-0.603,2.328,-0.145,btn_B
1780981054.765466,-0.829,-0.197,0.553,-0.924,1.26,-1.359,-0.68,-0.344,0.581,-6.588,0.481,-1.099,-0.251,-0.38,0.917,-0.366,0.397,-0.122,-0.333,-0.344,0.931,1.595,7.229,-0.557,0.077,-0.327,0.815,-0.443,2.458,-0.214,btn_B
1780981054.8685308,-0.826,-0.201,0.547,-0.916,1.863,-0.641,-0.685,-0.344,0.592,-6.267,0.573,-0.405,-0.253,-0.381,0.923,-0.435,-0.061,0.702,-0.337,-0.349,0.94,1.794,6.733,-0.626,0.079,-0.323,0.814,-0.443,2.473,-0.206,btn_B
1780981054.9712071,-0.828,-0.203,0.557,-0.664,1.74,-1.42,-0.685,-0.339,0.577,-6.405,0.58,-0.397,-0.254,-0.38,0.919,-0.344,-0.58,0.29,-0.332,-0.352,0.938,2.0,6.779,-0.916,0.073,-0.321,0.817,-0.573,2.252,0.221,btn_B
1780981055.0740907,-0.826,-0.201,0.551,-0.908,1.634,-0.87,-0.684,-0.342,0.579,-6.611,0.626,-0.084,-0.25,-0.381,0.914,-0.351,-0.191,0.015,-0.328,-0.347,0.937,1.763,7.038,-0.641,0.075,-0.324,0.816,-0.786,2.168,-0.084,btn_B
1780981055.1815574,-0.827,-0.2,0.552,-0.687,1.389,-1.069,-0.685,-0.345,0.581,-6.008,0.519,-0.137,-0.255,-0.382,0.923,0.573,-0.321,-1.107,-0.33,-0.348,0.935,2.176,5.389,-0.298,0.083,-0.318,0.818,-1.046,2.237,-0.069,btn_B
1780981055.280514,-0.813,-0.203,0.558,0.053,0.443,-0.031,-0.676,-0.339,0.686,-9.504,18.87,-1.344,-0.389,-0.385,0.878,185.847,-19.168,30.031,-0.347,-0.354,0.913,10.374,7.321,0.458,0.075,-0.322,0.82,5.916,1.015,0.42,btn_B
1780981055.3836083,-0.823,-0.201,0.552,0.542,3.046,1.595,-0.723,-0.365,0.547,-6.328,41.481,1.107,-0.244,-0.084,0.834,60.55,-10.893,7.542,-0.336,-0.325,0.97,6.168,10.519,0.145,0.082,-0.313,0.808,-1.962,3.229,1.275,btn_B
1780981055.4863937,-0.824,-0.195,0.554,-1.099,2.321,0.321,-0.698,-0.309,0.496,-2.046,21.71,7.519,-0.266,-0.033,1.053,28.511,4.435,0.359,-0.317,-0.317,0.965,3.031,14.053,0.84,0.059,-0.318,0.831,0.489,5.0,1.282,btn_B
1780981055.5968184,-0.837,-0.218,0.551,0.183,5.221,3.305,-0.768,-0.211,0.466,13.885,-0.908,20.519,-0.284,0.071,0.862,22.023,-2.794,1.992,-0.29,-0.3,0.929,4.55,7.298,-0.84,0.076,-0.3,0.811,-0.351,3.061,0.565,btn_B
1780981055.6924284,-0.832,-0.19,0.548,-1.771,-1.115,-2.847,-0.742,-0.275,0.459,-16.649,-7.649,-15.191,-0.275,0.067,0.864,-23.107,-3.55,-0.847,-0.345,-0.327,0.945,5.252,6.802,-0.802,0.057,-0.303,0.821,-2.511,6.771,-0.26,btn_B
1780981055.8067265,-0.831,-0.187,0.554,-0.191,0.053,-0.855,-0.66,-0.278,0.391,-39.664,-34.435,-33.817,-0.267,0.01,0.638,-103.443,-6.221,-6.656,-0.389,-0.327,0.942,-12.374,-8.099,-5.267,0.06,-0.304,0.802,-10.29,-1.534,-1.473,btn_B
1780981055.8985732,-0.825,-0.199,0.546,-0.626,-6.473,-3.046,-0.68,-0.348,0.534,3.763,-41.206,2.893,-0.593,0.905,2.0,-53.214,167.29,-9.779,-0.216,-0.367,0.988,-7.321,1.061,-3.725,0.071,-0.36,0.81,-1.573,18.252,3.092,btn_B
1780981056.001272,-0.81,-0.21,0.563,2.511,8.84,2.221,-0.679,-0.339,0.598,-6.718,5.595,0.122,-0.268,-0.339,0.927,1.87,2.725,0.649,-0.322,-0.338,0.953,1.275,6.366,-0.634,0.066,-0.326,0.817,-3.023,3.168,-0.115,btn_B
1780981056.1042006,-0.821,-0.2,0.557,-1.206,1.74,-1.183,-0.681,-0.337,0.592,-6.992,0.076,-0.901,-0.255,-0.336,0.868,-18.733,-2.176,-1.023,-0.324,-0.341,0.946,0.618,5.802,-0.817,0.065,-0.326,0.823,-1.252,1.16,0.099,btn_B
1780981056.2177486,-0.825,-0.199,0.559,-1.061,1.466,-0.573,-0.678,-0.337,0.595,-7.061,0.55,-0.618,-0.258,-0.352,0.922,-2.107,0.084,0.328,-0.328,-0.34,0.944,1.634,7.939,-0.214,0.066,-0.325,0.818,-0.511,2.0,0.359,btn_B
1780981056.3192756,-0.827,-0.199,0.556,-0.725,2.137,-0.626,-0.681,-0.338,0.598,-6.87,1.153,-0.695,-0.251,-0.357,0.918,-1.893,0.252,-0.214,-0.33,-0.339,0.944,1.153,7.534,-0.733,0.072,-0.327,0.818,-0.366,1.718,-0.107,btn_B
1780981056.4172208,-0.824,-0.203,0.559,-0.954,1.855,-0.947,-0.674,-0.337,0.598,-6.634,0.626,-0.504,-0.254,-0.361,0.918,-0.832,-0.176,-0.366,-0.331,-0.342,0.932,1.473,7.107,-1.084,0.067,-0.328,0.815,-0.45,2.099,-0.252,btn_B
1780981056.516803,-0.823,-0.2,0.553,-1.084,1.313,-0.786,-0.68,-0.338,0.595,-6.221,0.756,-0.473,-0.251,-0.359,0.927,-0.679,-0.695,0.573,-0.325,-0.34,0.944,1.29,6.969,-0.634,0.069,-0.32,0.815,-0.489,2.511,-0.336,btn_B
1780981059.200789,-0.822,-0.198,0.548,-1.168,1.649,-1.16,-0.677,-0.339,0.594,-6.618,0.565,-0.42,-0.248,-0.369,0.924,-0.55,-0.389,0.13,-0.327,-0.341,0.938,1.443,7.275,-0.847,0.077,-0.319,0.815,-0.374,2.649,0.137,btn_B
1780981059.2998815,-0.822,-0.202,0.555,-0.916,1.099,-0.947,-0.679,-0.343,0.595,-6.435,0.557,0.038,-0.255,-0.374,0.92,-0.748,0.198,0.168,-0.326,-0.346,0.936,1.229,7.038,-0.321,0.075,-0.32,0.826,-0.634,1.656,0.107,btn_B
1780981059.4004483,-0.824,-0.195,0.551,-0.672,1.145,-0.038,-0.682,-0.344,0.591,-6.382,0.87,0.115,-0.254,-0.373,0.925,-0.214,-0.237,0.916,-0.329,-0.345,0.942,1.916,6.489,-0.626,0.076,-0.319,0.816,-0.58,2.046,-0.328,btn_B
1780981059.5035727,-0.83,-0.202,0.55,-1.282,1.008,-1.168,-0.68,-0.34,0.591,-6.191,0.641,-0.397,-0.252,-0.371,0.921,-0.794,-0.16,-0.313,-0.328,-0.347,0.944,1.389,7.214,-0.573,0.077,-0.326,0.809,-0.344,2.527,0.221,btn_B
1780981059.606512,-0.828,-0.2,0.557,-1.099,1.855,-0.74,-0.678,-0.336,0.602,-6.313,1.206,-0.634,-0.255,-0.372,0.913,-0.641,-0.237,-0.237,-0.329,-0.347,0.937,1.267,6.298,-0.527,0.062,-0.327,0.817,-0.977,1.908,-0.023,btn_B
1780981059.7096102,-0.823,-0.197,0.552,-0.542,0.863,-0.244,-0.681,-0.343,0.591,-5.275,-0.168,-0.427,-0.257,-0.38,0.942,2.046,0.42,-0.023,-0.328,-0.351,0.933,3.824,4.656,0.015,0.07,-0.32,0.818,-2.122,2.893,0.405,btn_B
1780981059.81288,-0.828,-0.205,0.532,1.55,6.137,1.244,-0.744,-0.377,0.503,-4.588,7.626,1.832,-0.048,-0.185,0.988,72.519,10.527,-9.405,-0.3,-0.327,0.989,1.412,6.214,2.481,0.108,-0.333,0.829,-5.466,20.481,4.901,btn_B
1780981059.919775,-0.817,-0.202,0.558,-0.588,-0.275,0.29,-0.739,-0.352,0.525,-6.42,33.557,2.489,-0.266,-0.04,0.914,37.13,8.519,10.137,-0.351,-0.322,0.934,6.168,16.107,1.168,0.053,-0.309,0.816,1.885,1.847,1.466,btn_B
1780981060.0181696,-0.834,-0.19,0.543,-0.206,1.832,0.229,-0.664,-0.308,0.461,-5.0,8.87,-3.031,-0.271,-0.027,1.044,18.992,-3.595,1.779,-0.323,-0.318,0.956,2.45,11.229,-0.229,0.045,-0.314,0.818,0.466,2.229,-0.183,btn_B
1780981060.1335647,-0.835,-0.189,0.541,-0.901,3.153,0.855,-0.755,-0.315,0.476,-0.053,10.618,7.145,-0.285,0.039,0.942,17.847,4.588,2.557,-0.328,-0.302,0.968,1.611,12.817,-0.634,0.057,-0.313,0.821,0.947,2.076,0.634,btn_B
1780981060.2346754,-0.834,-0.192,0.545,-1.725,1.435,-1.298,-0.781,-0.312,0.484,-5.206,2.931,0.748,-0.291,0.032,0.986,3.595,1.198,-1.305,-0.345,-0.305,0.947,1.718,7.099,-0.55,0.049,-0.317,0.823,-0.679,1.824,-0.015,btn_B
1780981060.3358078,-0.829,-0.191,0.539,-0.962,1.702,-0.282,-0.768,-0.311,0.481,-6.947,1.16,0.198,-0.29,0.048,0.942,-0.84,-1.466,0.168,-0.352,-0.302,0.937,-0.321,6.389,-0.023,0.051,-0.312,0.818,-0.481,-0.229,0.252,btn_B
1780981060.4307528,-0.834,-0.185,0.544,-0.366,1.16,-1.489,-0.834,-0.346,0.49,-13.901,-7.076,-6.107,-0.325,0.019,0.965,-22.969,1.183,-4.008,-0.336,-0.313,0.969,0.053,9.611,-2.756,0.05,-0.307,0.809,-0.794,-0.435,-2.076,btn_B
1780981060.5335672,-0.848,-0.193,0.523,-1.237,-7.427,-4.176,-0.7,-0.336,0.568,7.679,-60.191,3.473,-0.22,-0.344,0.756,-250.137,7.198,-31.489,-0.314,-0.34,0.956,-6.084,11.916,-3.344,0.059,-0.327,0.818,-0.687,3.16,-1.603,btn_B
1780981060.6479094,-0.834,-0.194,0.553,0.198,-4.695,-1.649,-0.663,-0.33,0.633,-7.679,-7.504,-2.183,-0.236,-0.359,0.935,0.542,2.237,0.076,-0.326,-0.344,0.96,1.687,6.908,0.336,0.052,-0.326,0.82,0.565,-2.435,-0.496,btn_B
1780981060.7495482,-0.829,-0.194,0.544,-0.786,1.84,-0.977,-0.674,-0.33,0.6,-6.611,-1.137,-1.076,-0.247,-0.348,0.924,-0.588,-0.618,-0.084,-0.329,-0.34,0.932,1.802,8.267,-0.183,0.058,-0.324,0.821,-0.427,2.298,-0.336,btn_B
1780981060.8491251,-0.827,-0.196,0.551,-0.779,0.885,-0.046,-0.676,-0.333,0.589,-6.725,-0.84,-0.985,-0.25,-0.352,0.924,-1.282,0.183,-0.214,-0.333,-0.34,0.941,1.359,7.573,-0.748,0.052,-0.327,0.813,-0.481,2.145,-0.13,btn_B
1780981060.9455035,-0.826,-0.199,0.549,-1.015,0.107,-1.725,-0.677,-0.334,0.59,-6.336,0.099,-0.405,-0.251,-0.353,0.927,-0.466,-0.252,0.282,-0.335,-0.338,0.935,1.687,7.397,-0.672,0.062,-0.317,0.827,-0.389,3.557,0.771,btn_B
1780981061.048764,-0.83,-0.192,0.552,-0.718,1.847,-0.779,-0.675,-0.337,0.595,-6.321,0.443,0.076,-0.254,-0.35,0.925,-0.618,-0.412,0.229,-0.331,-0.34,0.945,1.267,7.679,-0.817,0.057,-0.323,0.82,-0.099,1.206,-0.489,btn_B
1780981061.151638,-0.826,-0.195,0.552,-0.84,1.649,-1.008,-0.674,-0.336,0.595,-6.794,0.84,0.107,-0.253,-0.354,0.925,-0.725,0.504,0.267,-0.335,-0.336,0.934,1.443,7.817,-0.626,0.059,-0.32,0.818,-0.855,1.695,-0.183,btn_B
