timestamp,pulgar_ax,pulgar_ay,pulgar_az,pulgar_gx,pulgar_gy,pulgar_gz,indice_ax,indice_ay,indice_az,indice_gx,indice_gy,indice_gz,medio_ax,medio_ay,medio_az,medio_gx,medio_gy,medio_gz,anular_ax,anular_ay,anular_az,anular_gx,anular_gy,anular_gz,menique_ax,menique_ay,menique_az,menique_gx,menique_gy,menique_gz,gesto
1780982050.1169198,-0.784,-0.121,0.644,-1.076,1.756,-1.29,-0.642,-0.272,0.67,-6.725,0.198,-0.382,-0.255,-0.306,0.942,0.115,-0.435,0.061,-0.199,-0.316,0.988,2.176,6.618,-0.275,0.059,-0.344,0.816,-0.321,2.45,-0.229,btn_C
1780982050.2102091,-0.782,-0.118,0.642,-0.901,0.71,-0.618,-0.644,-0.267,0.663,-6.206,0.748,-0.824,-0.257,-0.308,0.943,0.13,-0.023,0.382,-0.202,-0.318,0.994,1.794,6.504,-0.947,0.052,-0.351,0.808,-0.687,0.466,-0.023,btn_C
1780982050.3146842,-0.785,-0.117,0.654,-0.656,0.656,-1.275,-0.64,-0.267,0.67,-6.252,0.137,-1.061,-0.257,-0.309,0.948,-0.939,-0.26,0.038,-0.199,-0.314,0.99,0.939,5.977,-1.107,0.068,-0.342,0.816,0.015,-1.176,1.168,btn_C
1780982050.4162483,-0.797,-0.118,0.644,0.611,2.092,0.435,-0.643,-0.267,0.677,-5.504,-1.588,0.664,-0.241,-0.313,0.954,-0.389,-0.656,0.634,-0.208,-0.32,0.991,2.42,4.824,-0.939,0.05,-0.346,0.807,-1.42,0.634,-0.977,btn_C
1780982050.527787,-0.805,-0.1,0.642,9.573,1.405,6.779,-0.618,-0.184,0.584,9.137,0.809,9.046,-0.231,-0.3,0.933,0.603,1.527,0.496,-0.173,-0.314,1.012,2.229,4.374,-0.588,0.069,-0.345,0.806,-2.611,2.649,-1.71,btn_C
1780982050.62231,-0.775,-0.008,0.556,10.122,2.412,1.122,-0.679,-0.26,0.877,-3.519,-9.626,4.481,-0.244,-0.341,1.102,-7.656,-0.496,-6.733,-0.182,-0.33,1.002,0.305,1.16,-1.061,0.064,-0.347,0.813,-3.779,8.405,-1.878,btn_C
1780982050.7250073,-0.775,-0.08,0.675,22.015,4.626,-1.107,-0.587,-0.127,0.62,4.634,7.718,16.084,-0.265,-0.187,0.689,-6.527,-1.756,0.473,-0.204,-0.303,0.996,2.626,5.481,-0.969,0.081,-0.339,0.811,-3.679,4.282,-0.947,btn_C
1780982050.8283272,-0.744,-0.011,0.567,17.786,8.107,-2.878,-0.55,-0.048,0.5,-6.153,2.252,-7.618,-0.224,-0.223,0.8,-17.153,-5.779,3.328,-0.192,-0.3,1.005,-1.252,7.008,-1.718,0.065,-0.327,0.802,-0.908,6.382,0.099,btn_C
1780982050.9312859,-0.582,0.06,0.411,66.26,-4.908,30.412,-0.342,0.196,0.065,8.351,-4.26,18.534,-0.095,-0.023,0.281,-38.198,-6.229,-3.153,-0.133,-0.252,1.013,-15.214,3.115,-1.702,0.098,-0.338,0.823,0.557,8.382,3.779,btn_C
1780982051.034276,-0.61,0.119,0.373,-3.71,-11.244,-8.298,-0.448,0.029,0.472,-33.466,0.55,-5.924,-0.002,-0.622,1.861,-31.794,-21.313,-4.817,-0.207,-0.335,1.019,-9.916,17.29,0.55,0.057,-0.336,0.802,-7.771,21.687,1.779,btn_C
1780982051.1427226,-0.674,0.016,0.594,-7.573,5.099,-4.351,-0.604,-0.132,0.827,-14.679,-0.672,-6.13,-0.222,-0.341,1.04,-4.931,7.481,0.275,-0.197,-0.315,0.995,3.374,6.725,-0.511,0.055,-0.338,0.804,-3.267,0.985,-0.573,btn_C
1780982051.240195,-0.805,-0.027,0.724,-4.733,-0.382,0.305,-0.643,-0.119,0.775,-6.298,-0.214,-3.916,-0.219,-0.322,0.969,-1.679,-3.084,-0.008,-0.191,-0.311,0.996,3.931,3.718,-0.855,0.057,-0.344,0.805,-0.573,-5.29,0.527,btn_C
1780982051.3471842,-0.894,-0.049,0.839,-2.382,-2.832,7.046,-0.593,-0.124,0.799,8.618,-9.885,2.557,-0.22,-0.312,0.947,3.71,-1.595,1.29,-0.155,-0.295,1.005,5.252,3.153,-1.382,0.087,-0.363,0.812,-3.664,-2.382,-0.534,btn_C
1780982051.446163,-0.839,-0.006,0.741,7.763,-10.237,19.031,-0.674,-0.081,0.69,3.336,-11.023,5.893,-0.212,-0.3,0.954,1.939,-2.656,-0.344,-0.169,-0.286,0.995,5.16,1.336,-1.504,0.083,-0.359,0.806,-1.954,4.756,-1.496,btn_C
1780982051.5575988,-0.632,0.081,0.546,19.099,-11.053,18.832,-0.494,-0.008,0.583,-5.229,-4.046,-1.45,-0.176,-0.289,0.942,-1.977,-0.626,-0.374,-0.159,-0.284,1.0,-1.115,11.496,0.611,0.081,-0.362,0.804,2.191,12.298,0.244,btn_C
1780982051.6523833,-0.724,0.054,0.603,12.397,-2.298,2.733,-0.59,-0.062,0.617,-7.16,3.672,-6.198,-0.201,-0.306,0.937,-0.573,-0.496,-0.237,-0.179,-0.313,1.018,-1.115,9.214,-0.122,0.081,-0.356,0.817,0.42,6.908,0.786,btn_C
1780982051.7614934,-0.782,-0.097,0.704,6.863,27.641,-21.313,-0.545,-0.167,0.67,-30.664,16.458,-33.275,-0.207,-0.311,0.933,-1.13,-9.763,-3.985,-0.184,-0.32,1.007,-2.382,4.099,-3.45,0.072,-0.35,0.824,-0.542,4.893,-0.893,btn_C
1780982051.8618426,-0.77,-0.107,0.695,-2.107,-2.13,-4.878,-0.636,-0.258,0.671,-6.87,-1.489,-1.763,-0.208,-0.333,0.951,0.977,-1.962,-0.336,-0.191,-0.32,0.985,2.336,9.122,0.534,0.053,-0.344,0.812,1.42,3.198,-0.13,btn_C
1780982051.9611712,-0.762,-0.108,0.686,-1.656,3.046,-1.695,-0.649,-0.261,0.679,-7.046,-0.061,-0.366,-0.208,-0.327,0.943,-0.076,1.061,0.29,-0.197,-0.313,0.997,1.527,7.099,0.443,0.057,-0.346,0.813,-2.519,2.0,-0.244,btn_C
1780982054.7428863,-0.76,-0.11,0.677,-0.267,1.191,-0.794,-0.641,-0.26,0.674,-6.313,0.817,-0.443,-0.232,-0.324,0.94,-0.405,0.183,-0.565,-0.199,-0.316,0.991,1.763,6.74,-0.748,0.064,-0.349,0.814,-0.771,3.466,-0.466,btn_C
1780982054.8453002,-0.76,-0.104,0.672,-0.84,0.916,-1.45,-0.644,-0.265,0.672,-6.45,0.206,-0.58,-0.229,-0.325,0.953,-0.076,-0.176,-0.244,-0.205,-0.315,0.996,1.595,6.893,-0.618,0.066,-0.344,0.815,-0.496,1.954,0.183,btn_C
1780982054.9628477,-0.758,-0.103,0.674,-1.298,0.931,-0.908,-0.641,-0.262,0.681,-6.763,0.29,-0.954,-0.227,-0.322,0.95,-0.298,-0.198,-0.252,-0.197,-0.318,0.99,1.534,6.718,-0.42,0.062,-0.344,0.818,-0.183,1.84,0.198,btn_C
1780982055.0514085,-0.757,-0.108,0.678,-1.42,1.069,-1.069,-0.638,-0.26,0.679,-6.786,0.412,-0.702,-0.225,-0.325,0.943,-0.687,0.397,-0.702,-0.2,-0.317,0.984,1.679,7.115,-0.626,0.07,-0.344,0.812,-0.702,1.771,-0.176,btn_C
1780982055.1612206,-0.762,-0.102,0.68,-0.55,0.618,-0.71,-0.638,-0.261,0.677,-6.489,0.74,-0.489,-0.229,-0.321,0.953,0.321,-0.092,-0.107,-0.198,-0.315,0.994,1.382,7.084,-0.305,0.064,-0.342,0.813,-0.13,1.611,0.504,btn_C
1780982055.2575085,-0.765,-0.109,0.675,-1.069,1.42,-1.229,-0.638,-0.263,0.673,-6.534,0.878,-0.328,-0.229,-0.317,0.947,-0.382,1.237,0.672,-0.188,-0.317,0.988,1.763,7.481,0.214,0.06,-0.342,0.809,-1.244,2.473,-0.206,btn_C
1780982055.3603032,-0.757,-0.105,0.676,-0.718,2.13,-0.847,-0.641,-0.26,0.682,-6.687,0.718,-0.435,-0.232,-0.322,0.944,-0.504,0.29,-0.092,-0.206,-0.318,0.991,1.557,6.702,-0.489,0.061,-0.35,0.805,-0.863,2.565,-0.145,btn_C
1780982055.4758058,-0.763,-0.107,0.678,-0.489,1.916,-0.496,-0.639,-0.261,0.676,-6.473,0.626,-0.504,-0.226,-0.321,0.942,-0.366,-0.061,0.16,-0.203,-0.317,0.986,1.672,6.809,-0.595,0.059,-0.345,0.817,-1.389,3.481,-0.481,btn_C
1780982055.5664287,-0.761,-0.108,0.673,0.145,1.626,0.153,-0.636,-0.26,0.672,-6.336,1.008,-0.397,-0.235,-0.325,0.941,0.0,-0.115,0.26,-0.199,-0.32,0.993,1.832,6.794,-0.58,0.061,-0.348,0.817,-1.298,4.183,-0.863,btn_C
1780982055.6715605,-0.761,-0.11,0.683,-1.053,1.672,-0.496,-0.64,-0.26,0.675,-6.58,0.511,-0.58,-0.227,-0.321,0.949,-0.603,0.244,0.13,-0.199,-0.317,0.997,1.473,6.595,-0.527,0.058,-0.335,0.807,-1.099,2.183,-0.267,btn_C
1780982055.7821822,-0.768,-0.114,0.685,2.099,3.359,3.031,-0.648,-0.257,0.669,-5.023,-16.42,3.443,-0.234,-0.328,0.952,-0.031,3.26,1.687,-0.218,-0.318,0.984,3.092,5.802,0.214,0.058,-0.341,0.805,-3.618,3.26,-1.42,btn_C
1780982055.8756611,-0.751,-0.065,0.661,-9.527,3.733,16.557,-0.629,-0.184,0.606,11.313,-7.137,7.74,-0.238,-0.325,0.945,0.328,-1.588,-0.191,-0.2,-0.302,0.969,1.618,4.458,-0.275,0.061,-0.345,0.81,-0.489,5.42,-1.237,btn_C
1780982055.9784164,-0.729,-0.064,0.677,16.115,-7.87,24.137,-0.515,-0.128,0.607,7.634,-14.031,10.099,-0.236,-0.303,0.916,1.107,-3.977,-1.412,-0.183,-0.313,0.994,1.626,3.206,-0.313,0.067,-0.353,0.813,-0.656,6.901,-0.58,btn_C
1780982056.081334,-0.782,-0.084,0.708,0.489,-1.061,7.298,-0.606,-0.178,0.706,2.794,-4.641,2.565,-0.247,-0.311,0.932,2.092,-2.878,-0.069,-0.206,-0.306,0.976,-0.298,5.015,-0.71,0.073,-0.352,0.815,-1.076,5.084,-0.718,btn_C
1780982056.1967084,-0.755,-0.047,0.656,4.55,3.26,1.366,-0.535,-0.132,0.645,-8.107,0.206,2.031,-0.233,-0.309,0.938,-0.924,-0.573,-0.282,-0.196,-0.313,0.986,0.015,8.511,0.168,0.066,-0.352,0.818,-0.298,8.718,-0.603,btn_C
1780982056.2953691,-0.751,-0.051,0.645,-0.878,-1.786,-3.58,-0.574,-0.157,0.676,-11.84,4.321,-3.015,-0.23,-0.314,0.939,-1.122,2.237,0.198,-0.201,-0.311,0.995,-0.878,9.229,-0.206,0.057,-0.344,0.809,1.038,5.885,0.053,btn_C
1780982056.3905866,-0.739,-0.06,0.653,-6.74,3.008,-6.939,-0.611,-0.187,0.651,-20.672,2.443,-14.031,-0.244,-0.315,0.928,-1.45,-2.977,-1.191,-0.193,-0.317,1.007,0.427,5.74,-0.931,0.065,-0.346,0.809,1.26,1.29,0.351,btn_C
1780982056.4935544,-0.774,-0.109,0.669,-0.061,2.565,-1.542,-0.635,-0.251,0.679,-7.038,3.611,-1.916,-0.232,-0.325,0.948,-0.756,0.214,0.382,-0.205,-0.32,0.995,1.26,6.389,0.053,0.047,-0.345,0.806,-1.244,3.954,-0.198,btn_C
1780982056.5964503,-0.77,-0.103,0.665,-0.397,2.305,-0.45,-0.637,-0.257,0.676,-6.756,-0.092,-0.534,-0.228,-0.326,0.944,0.168,0.71,0.588,-0.201,-0.317,0.992,1.588,6.198,-0.374,0.061,-0.348,0.82,-1.305,2.832,-0.511,btn_C
1780982059.3772368,-0.769,-0.106,0.667,-1.122,1.473,-0.969,-0.641,-0.26,0.679,-6.084,0.595,-0.252,-0.23,-0.324,0.941,0.29,-0.008,0.336,-0.207,-0.32,0.978,1.817,7.237,-0.473,0.06,-0.346,0.806,-0.824,3.076,-0.183,btn_C
1780982059.4803476,-0.77,-0.103,0.661,-1.069,0.779,-1.031,-0.638,-0.255,0.685,-6.359,0.351,-0.229,-0.231,-0.322,0.941,-0.504,0.084,-0.473,-0.204,-0.317,0.99,1.756,6.656,-0.061,0.059,-0.353,0.816,1.473,3.282,0.176,btn_C
1780982059.5937183,-0.766,-0.107,0.669,-0.847,1.321,-0.71,-0.639,-0.259,0.678,-6.458,0.702,-0.183,-0.235,-0.317,0.942,-0.214,0.382,-0.191,-0.207,-0.313,0.984,1.359,7.344,-0.305,0.056,-0.338,0.812,0.229,1.565,0.496,btn_C
1780982059.687563,-0.767,-0.105,0.669,-1.221,1.542,-0.748,-0.64,-0.256,0.678,-6.565,0.84,-0.458,-0.233,-0.318,0.939,-0.397,0.183,0.244,-0.209,-0.315,0.989,1.626,7.214,-0.206,0.059,-0.345,0.814,-0.115,0.511,0.405,btn_C
1780982059.7901056,-0.77,-0.111,0.673,-0.824,1.565,-0.763,-0.64,-0.261,0.681,-6.344,0.328,-0.252,-0.232,-0.323,0.939,-0.405,-0.038,-0.336,-0.196,-0.321,0.992,1.725,6.656,-0.145,0.061,-0.348,0.802,-0.969,1.55,-0.137,btn_C
1780982059.895317,-0.771,-0.108,0.666,-0.725,1.038,-1.221,-0.641,-0.261,0.674,-7.015,0.275,-0.534,-0.235,-0.324,0.947,-0.267,0.13,-0.069,-0.207,-0.319,0.985,1.977,6.84,-0.145,0.06,-0.347,0.806,-1.237,3.733,-0.481,btn_C
1780982059.9958737,-0.802,-0.114,0.675,12.687,-6.618,12.977,-0.549,-0.38,0.803,36.366,-21.389,11.847,-0.238,-0.325,0.939,1.092,3.168,2.405,-0.214,-0.326,0.97,2.038,17.939,1.504,0.052,-0.352,0.799,2.084,5.603,-0.519,btn_C
1780982060.098614,-0.752,-0.081,0.671,-1.878,5.908,-0.893,-0.632,-0.202,0.703,-6.611,4.366,1.458,-0.241,-0.315,0.94,-1.679,1.076,-0.267,-0.222,-0.313,0.984,0.351,4.771,0.076,0.051,-0.339,0.806,-2.061,4.466,-1.29,btn_C
1780982060.2016692,-0.755,-0.066,0.651,-0.244,0.748,0.985,-0.622,-0.192,0.677,-6.496,0.542,-0.198,-0.237,-0.32,0.95,-1.168,-1.443,-0.885,-0.191,-0.316,0.992,0.542,7.42,0.069,0.062,-0.345,0.822,-1.0,3.481,0.511,btn_C
1780982060.3099391,-0.748,-0.069,0.658,0.176,1.221,-1.733,-0.559,-0.21,0.762,-5.55,-1.168,2.336,-0.238,-0.321,0.941,-0.992,0.206,0.176,-0.209,-0.316,0.991,2.26,8.794,-0.366,0.057,-0.343,0.798,-0.87,4.069,-0.435,btn_C
1780982060.40774,-0.722,-0.064,0.642,-0.328,3.298,-1.809,-0.599,-0.18,0.698,-10.527,3.26,-2.237,-0.229,-0.305,0.916,-2.763,-0.557,-0.885,-0.21,-0.32,0.991,-0.74,7.481,0.008,0.056,-0.35,0.804,-0.435,5.122,0.046,btn_C
1780982060.5109482,-0.749,-0.068,0.659,-5.061,2.252,-5.794,-0.636,-0.21,0.748,-14.641,2.115,-2.229,-0.241,-0.325,0.955,-1.718,1.153,-0.351,-0.206,-0.322,0.991,0.107,7.519,-0.328,0.059,-0.344,0.8,0.252,-0.496,1.038,btn_C
1780982060.6138332,-0.778,-0.074,0.662,-3.916,-0.26,-3.634,-0.625,-0.202,0.735,-11.45,1.71,-1.702,-0.24,-0.321,0.943,-0.382,-0.298,-0.008,-0.203,-0.322,0.997,1.191,7.313,-0.557,0.054,-0.345,0.804,0.176,0.802,0.252,btn_C
1780982060.726775,-0.697,-0.046,0.614,-3.504,0.733,-5.015,-0.65,-0.2,0.736,-9.641,3.267,-5.634,-0.237,-0.327,0.955,-0.756,-0.321,-0.137,-0.214,-0.318,0.992,3.473,6.763,0.092,0.054,-0.344,0.806,-0.786,0.237,-0.107,btn_C
1780982060.8198965,-0.835,-0.095,0.701,-3.16,3.885,-3.542,-0.633,-0.224,0.782,-5.412,1.466,-1.328,-0.236,-0.328,0.945,1.115,0.038,0.771,-0.207,-0.324,0.986,2.305,6.008,-0.275,0.055,-0.353,0.818,-0.603,-0.473,-0.015,btn_C
1780982060.9229546,-0.775,-0.079,0.661,-1.382,-0.878,-1.733,-0.559,-0.189,0.736,-4.634,1.107,-0.328,-0.232,-0.317,0.943,0.427,0.931,0.824,-0.208,-0.315,0.99,0.985,7.382,-0.16,0.057,-0.347,0.806,0.733,2.863,0.176,btn_C
1780982061.0258195,-0.76,-0.08,0.661,-2.405,2.229,-2.802,-0.582,-0.168,0.69,-14.496,4.191,-5.855,-0.241,-0.315,0.94,-0.725,-0.779,-0.626,-0.204,-0.318,0.988,0.099,9.702,0.084,0.061,-0.35,0.81,0.458,3.023,0.214,btn_C
1780982061.1288073,-0.755,-0.079,0.652,-2.947,0.878,-2.634,-0.53,-0.134,0.588,-21.985,4.924,-18.893,-0.249,-0.312,0.933,-2.618,-0.725,-0.595,-0.207,-0.304,0.991,-2.008,7.359,-2.252,0.042,-0.354,0.802,2.672,2.084,1.389,btn_C
1780982061.242421,-0.77,-0.092,0.657,-2.221,3.015,-2.588,-0.629,-0.252,0.703,-9.756,1.153,-4.298,-0.234,-0.326,0.942,-0.679,-1.496,-0.344,-0.205,-0.331,0.981,0.58,6.702,-0.786,0.057,-0.342,0.818,1.206,1.206,0.176,btn_C
1780982063.9112716,-0.774,-0.109,0.658,-0.374,2.038,-0.656,-0.632,-0.261,0.683,-6.557,0.779,-0.771,-0.237,-0.323,0.942,-0.481,0.87,0.71,-0.206,-0.325,0.986,1.489,7.405,0.206,0.057,-0.339,0.809,-0.374,1.29,0.244,btn_C
1780982064.012859,-0.776,-0.103,0.662,-0.038,1.656,-0.542,-0.629,-0.257,0.683,-6.794,0.206,-0.351,-0.233,-0.324,0.942,-0.061,0.305,0.542,-0.213,-0.322,0.98,1.893,7.221,0.214,0.064,-0.347,0.814,-1.183,3.321,-0.595,btn_C
1780982064.1156206,-0.776,-0.104,0.656,0.099,1.237,-0.145,-0.634,-0.258,0.686,-6.443,0.214,-0.092,-0.238,-0.328,0.948,-0.229,-0.313,0.344,-0.204,-0.324,0.987,1.947,6.748,-0.55,0.059,-0.349,0.817,-1.611,1.588,0.008,btn_C
1780982064.2279894,-0.773,-0.106,0.66,-0.679,0.756,-1.176,-0.635,-0.258,0.686,-6.565,0.412,-0.534,-0.233,-0.327,0.945,-0.29,0.26,0.397,-0.206,-0.323,0.981,1.786,6.924,0.084,0.057,-0.348,0.815,-0.031,0.641,0.58,btn_C
1780982064.3258982,-0.774,-0.103,0.656,-1.489,1.672,-1.519,-0.631,-0.261,0.681,-6.802,0.695,-0.649,-0.237,-0.329,0.946,-0.275,-0.084,0.153,-0.203,-0.318,0.987,1.244,7.954,0.328,0.059,-0.342,0.814,-0.977,2.412,0.069,btn_C
1780982064.425058,-0.774,-0.108,0.657,-0.458,1.603,-0.557,-0.637,-0.261,0.683,-6.504,0.496,-0.237,-0.233,-0.319,0.942,-0.107,0.061,0.221,-0.207,-0.324,0.993,1.565,7.122,-0.893,0.053,-0.35,0.807,-0.344,2.496,-0.099,btn_C
1780982064.527968,-0.774,-0.11,0.663,-0.542,1.718,-0.298,-0.638,-0.261,0.681,-6.878,0.748,-0.153,-0.233,-0.324,0.937,-0.206,0.901,0.344,-0.206,-0.321,0.987,2.229,6.611,-0.221,0.057,-0.342,0.812,-1.137,2.885,-0.397,btn_C
1780982064.6308298,-0.823,-0.111,0.662,13.496,-1.786,13.389,-1.005,-0.455,0.792,39.649,-27.931,51.473,-0.247,-0.308,0.889,8.504,8.313,5.053,-0.229,-0.329,0.977,9.344,10.008,2.634,0.054,-0.344,0.807,-0.206,5.046,-1.954,btn_C
1780982064.733832,-0.681,-0.022,0.596,-4.733,15.588,-26.069,-0.591,-0.134,0.755,-27.023,19.893,-5.191,-0.232,-0.324,0.991,-7.527,9.802,0.023,-0.235,-0.319,0.998,1.29,15.977,-0.198,0.04,-0.343,0.795,-1.183,6.84,-0.695,btn_C
1780982064.8370268,-0.772,-0.058,0.65,-3.893,5.107,-7.29,-0.528,-0.165,0.746,-15.908,5.481,-15.366,-0.237,-0.323,0.951,-0.664,-3.366,-1.626,-0.189,-0.313,0.985,1.282,13.87,-0.863,0.063,-0.343,0.807,-2.13,4.183,0.351,btn_C
1780982064.944435,-0.739,-0.053,0.655,-4.863,1.519,-5.855,-0.661,-0.202,0.725,-17.412,0.122,-5.733,-0.243,-0.325,0.975,-1.031,-0.733,-0.718,-0.206,-0.327,0.986,1.489,9.145,-0.489,0.057,-0.353,0.818,-1.107,3.313,-0.55,btn_C
1780982065.0431736,-0.772,-0.075,0.661,-0.649,-0.45,-0.305,-0.624,-0.189,0.719,-5.397,-3.534,6.397,-0.215,-0.303,0.899,0.779,-0.962,-0.13,-0.202,-0.313,0.993,2.817,6.313,-0.366,0.06,-0.342,0.806,-0.328,2.969,0.336,btn_C
1780982065.145858,-0.722,-0.068,0.679,4.511,-4.008,9.885,-0.587,-0.162,0.74,8.878,-7.55,6.672,-0.274,-0.324,0.949,3.588,-5.885,-1.504,-0.218,-0.315,0.984,6.45,4.092,-1.076,0.061,-0.343,0.802,-1.924,2.412,-0.542,btn_C
1780982065.2590945,-0.699,-0.037,0.626,5.885,-3.908,7.748,-0.522,-0.078,0.582,-6.214,-2.473,-2.038,-0.256,-0.311,0.948,-1.733,-0.176,-0.763,-0.16,-0.308,1.009,-0.931,7.939,-0.458,0.074,-0.333,0.816,0.565,6.061,0.916,btn_C
1780982065.3606615,-0.726,-0.048,0.665,1.977,1.092,-6.893,-0.583,-0.123,0.675,-14.107,7.328,-8.901,-0.227,-0.308,0.949,-2.595,-2.191,-0.802,-0.202,-0.312,1.001,-1.053,9.351,-0.84,0.056,-0.349,0.814,1.534,0.695,1.847,btn_C
1780982065.461412,-0.769,-0.067,0.678,-0.267,6.679,-2.611,-0.627,-0.169,0.702,-11.008,6.71,-11.122,-0.246,-0.31,0.946,-1.847,-0.908,-0.947,-0.192,-0.322,0.991,0.847,12.374,-0.817,0.058,-0.349,0.813,-1.237,3.427,-0.344,btn_C
1780982065.5576098,-0.775,-0.097,0.679,-7.824,3.824,-7.863,-0.617,-0.227,0.711,-23.55,6.992,-21.603,-0.231,-0.323,0.958,-2.298,-3.466,-1.962,-0.201,-0.316,0.985,-0.511,8.542,-1.618,0.055,-0.349,0.811,0.115,1.962,0.046,btn_C
1780982065.660966,-0.784,-0.101,0.659,0.458,1.756,-0.244,-0.629,-0.242,0.694,-6.076,-1.771,-0.573,-0.229,-0.324,0.94,-2.756,-2.168,-1.924,-0.199,-0.321,0.987,0.824,5.382,-1.267,0.055,-0.351,0.802,-0.908,2.672,-0.328,btn_C
1780982065.7638597,-0.781,-0.098,0.653,-2.947,1.053,-3.832,-0.646,-0.268,0.701,-10.282,0.74,-3.115,-0.229,-0.325,0.951,-0.504,0.008,-0.122,-0.199,-0.321,0.989,1.382,6.298,-0.313,0.055,-0.356,0.811,-0.496,4.229,-1.092,btn_C
1780982065.8748567,-0.776,-0.105,0.666,-0.794,2.359,0.198,-0.619,-0.256,0.694,-6.328,0.191,-0.275,-0.226,-0.324,0.946,0.008,0.893,0.473,-0.204,-0.318,0.995,1.038,8.153,-0.29,0.055,-0.345,0.812,0.412,2.107,0.099,btn_C
1780982068.5447211,-0.78,-0.099,0.651,-0.626,1.366,-1.168,-0.636,-0.258,0.685,-6.649,0.71,-0.74,-0.237,-0.324,0.942,-0.176,-0.641,-0.023,-0.208,-0.325,0.988,1.756,6.779,-0.557,0.056,-0.343,0.812,-0.573,2.71,-0.076,btn_C
1780982068.6480894,-0.777,-0.098,0.654,-1.099,1.603,-1.176,-0.633,-0.262,0.686,-7.038,0.427,-0.832,-0.24,-0.323,0.941,-0.542,-0.366,0.061,-0.208,-0.324,0.991,1.405,6.916,-0.588,0.058,-0.35,0.806,-1.038,3.931,-0.779,btn_C
1780982068.7511373,-0.777,-0.101,0.661,-1.168,1.069,-1.321,-0.634,-0.262,0.678,-6.695,0.519,-0.427,-0.236,-0.331,0.945,-0.366,-0.061,-0.267,-0.208,-0.326,0.986,1.786,7.092,0.053,0.059,-0.346,0.814,-0.344,2.046,0.183,btn_C
1780982068.8542297,-0.774,-0.102,0.657,-1.229,0.611,-1.008,-0.637,-0.26,0.684,-6.511,2.313,-0.847,-0.238,-0.32,0.945,-0.641,-0.153,-0.084,-0.211,-0.327,0.979,1.435,7.328,-0.443,0.056,-0.342,0.81,0.084,1.733,0.603,btn_C
1780982068.9589581,-0.775,-0.108,0.656,-2.038,0.832,-1.519,-0.644,-0.263,0.679,-6.977,0.542,-0.595,-0.233,-0.327,0.948,-0.397,-0.076,0.443,-0.209,-0.32,0.989,1.687,7.176,-0.107,0.055,-0.35,0.802,-0.206,1.511,0.13,btn_C
1780982069.05988,-0.774,-0.106,0.661,-0.282,2.031,-0.733,-0.639,-0.261,0.682,-6.305,0.282,0.153,-0.238,-0.324,0.939,-0.458,1.244,0.733,-0.206,-0.325,0.983,1.672,6.962,0.473,0.061,-0.344,0.807,-1.282,3.985,-0.779,btn_C
1780982069.1628191,-0.784,-0.075,0.627,-0.29,-1.305,1.237,-0.613,-0.231,0.643,-4.275,-2.878,-0.092,-0.234,-0.332,0.954,-0.298,0.084,0.344,-0.207,-0.328,0.984,1.84,6.183,-0.534,0.056,-0.344,0.805,-1.557,4.519,-0.847,btn_C
1780982069.2733426,-0.769,-0.087,0.661,-2.191,0.542,-1.863,-0.612,-0.252,0.725,-7.366,0.641,-0.229,-0.236,-0.326,0.94,-0.031,1.504,0.641,-0.209,-0.324,0.992,2.733,8.588,0.061,0.055,-0.343,0.813,1.885,1.702,0.58,btn_C
1780982069.3746867,-0.784,-0.094,0.652,-1.626,0.947,-1.58,-0.649,-0.261,0.714,-5.863,-2.847,2.389,-0.245,-0.328,0.939,-0.008,0.84,0.473,-0.21,-0.318,0.988,1.206,8.26,0.336,0.055,-0.348,0.809,0.878,0.099,0.977,btn_C
1780982069.47607,-0.772,-0.081,0.658,-0.763,-0.153,-0.931,-0.609,-0.224,0.698,-4.382,-2.282,4.863,-0.243,-0.319,0.94,0.115,-0.504,0.489,-0.195,-0.314,0.996,2.168,7.313,-0.305,0.055,-0.342,0.812,-0.702,4.977,-0.718,btn_C
1780982069.5753772,-0.785,-0.089,0.676,0.29,-2.176,3.863,-0.619,-0.213,0.697,3.947,1.321,3.58,-0.243,-0.318,0.941,0.71,3.137,1.26,-0.207,-0.321,0.981,3.069,5.687,-0.046,0.057,-0.35,0.812,-1.374,2.924,-0.649,btn_C
1780982069.6780283,-0.83,-0.024,0.639,2.13,7.023,14.366,-0.635,-0.181,0.656,2.0,-1.763,-1.107,-0.249,-0.316,0.933,0.672,1.061,0.992,-0.205,-0.315,0.984,2.641,7.931,0.115,0.066,-0.349,0.812,-1.634,5.725,-0.863,btn_C
1780982069.7929356,-0.758,-0.067,0.664,-0.702,3.733,-2.855,-0.64,-0.197,0.7,-9.45,2.809,-3.374,-0.248,-0.316,0.938,-0.527,0.427,0.389,-0.212,-0.315,0.99,0.359,6.794,-0.794,0.057,-0.357,0.816,-0.328,1.267,0.595,btn_C
1780982069.8844182,-0.766,-0.074,0.659,-0.58,2.779,-2.053,-0.621,-0.205,0.693,-8.649,0.664,-2.038,-0.256,-0.319,0.935,-0.649,-1.137,-0.824,-0.207,-0.318,0.987,1.817,6.26,-0.763,0.06,-0.347,0.807,-0.481,3.763,-0.252,btn_C
1780982069.9949293,-0.777,-0.074,0.663,-1.084,1.237,-1.947,-0.626,-0.204,0.698,-7.954,0.511,-0.939,-0.236,-0.315,0.944,-0.496,-0.595,-0.137,-0.201,-0.317,0.991,2.031,7.672,0.252,0.051,-0.343,0.81,-0.122,2.198,0.206,btn_C
1780982070.0903625,-0.769,-0.071,0.665,-1.45,1.786,-1.435,-0.631,-0.215,0.722,-8.229,0.679,-1.191,-0.243,-0.32,0.944,-0.053,-0.573,0.092,-0.204,-0.32,0.99,1.672,6.931,-0.634,0.054,-0.347,0.811,-0.794,2.015,0.031,btn_C
1780982070.1932235,-0.777,-0.079,0.656,-1.252,0.618,-1.206,-0.634,-0.214,0.718,-8.115,-1.092,1.641,-0.246,-0.324,0.951,0.618,-0.328,0.084,-0.198,-0.318,0.999,2.855,5.282,-0.565,0.061,-0.348,0.811,-0.649,1.656,0.084,btn_C
1780982070.296082,-0.758,-0.076,0.673,-1.366,2.115,-1.611,-0.625,-0.191,0.717,-7.244,1.969,-1.031,-0.241,-0.318,0.941,-0.748,0.26,-0.084,-0.202,-0.311,0.988,1.313,7.282,-1.023,0.06,-0.352,0.81,-0.053,1.374,0.382,btn_C
1780982070.4091485,-0.768,-0.07,0.662,-2.687,1.282,-4.0,-0.603,-0.2,0.718,-10.252,2.634,-3.313,-0.236,-0.312,0.945,-0.298,-0.557,-0.168,-0.208,-0.314,0.993,-0.405,6.672,-1.015,0.048,-0.344,0.818,0.763,1.511,0.489,btn_C
1780982070.5077705,-0.758,-0.075,0.643,-2.366,6.878,-3.481,-0.618,-0.22,0.698,-15.282,3.069,-12.061,-0.235,-0.321,0.948,-1.351,-2.26,-1.397,-0.192,-0.306,0.987,1.115,8.733,-0.824,0.053,-0.35,0.811,-1.313,3.786,-0.42,btn_C
1780982073.196117,-0.778,-0.106,0.656,-1.275,1.481,-1.145,-0.634,-0.254,0.69,-6.527,0.443,-0.366,-0.24,-0.329,0.932,-0.534,0.206,-0.099,-0.208,-0.322,0.986,1.443,6.832,-0.191,0.057,-0.34,0.815,-0.939,1.771,0.137,btn_C
1780982073.2925885,-0.78,-0.109,0.649,-0.42,1.328,-0.252,-0.632,-0.264,0.686,-6.366,1.092,-0.137,-0.237,-0.329,0.94,-0.344,0.053,-0.168,-0.213,-0.315,0.987,1.237,7.008,-0.466,0.061,-0.342,0.808,-0.443,1.565,0.145,btn_C
1780982073.3863122,-0.775,-0.1,0.653,-0.565,1.817,-0.565,-0.635,-0.254,0.685,-6.481,0.664,-0.542,-0.238,-0.326,0.938,-0.038,-0.573,0.015,-0.209,-0.32,0.989,1.298,7.031,-0.29,0.058,-0.342,0.798,-0.214,1.336,0.153,btn_C
1780982073.4937696,-0.775,-0.096,0.648,-0.412,1.527,-0.885,-0.636,-0.258,0.686,-6.473,0.733,-0.183,-0.237,-0.325,0.94,-0.679,0.779,-0.076,-0.209,-0.324,0.989,1.634,7.397,0.214,0.066,-0.344,0.811,-0.534,2.053,0.16,btn_C
1780982073.5926156,-0.781,-0.104,0.653,-1.069,1.969,-0.84,-0.633,-0.259,0.687,-6.527,0.489,-0.481,-0.236,-0.325,0.942,-0.092,-0.58,-0.305,-0.209,-0.324,0.985,1.58,6.87,-0.588,0.06,-0.347,0.805,-1.168,2.947,-0.328,btn_C
1780982073.7083764,-0.777,-0.103,0.655,-0.382,1.305,-0.397,-0.63,-0.255,0.68,-6.504,0.977,-0.168,-0.234,-0.323,0.943,-0.176,-0.176,-0.122,-0.208,-0.318,0.996,1.786,6.802,-0.168,0.055,-0.349,0.81,-1.687,3.832,-0.649,btn_C
1780982073.8115776,-0.781,-0.102,0.658,-0.672,1.779,-0.641,-0.629,-0.257,0.682,-6.504,0.55,-0.153,-0.238,-0.329,0.941,-0.71,0.076,-0.031,-0.208,-0.32,0.99,1.855,7.489,0.176,0.054,-0.351,0.814,-0.603,2.305,-0.176,btn_C
1780982073.901215,-0.779,-0.098,0.656,1.214,1.023,-0.153,-0.631,-0.252,0.684,-5.069,-6.107,0.908,-0.235,-0.326,0.941,-0.298,-0.794,-0.214,-0.208,-0.322,0.985,2.061,5.137,0.023,0.059,-0.346,0.813,-0.847,3.649,-0.221,btn_C
1780982074.004286,-0.778,-0.094,0.658,0.351,1.756,0.176,-0.596,-0.24,0.697,-4.595,-0.931,1.069,-0.238,-0.329,0.949,0.435,-0.168,0.038,-0.198,-0.321,0.984,2.519,7.626,-0.092,0.06,-0.344,0.811,-1.718,3.863,-0.687,btn_C
1780982074.1160457,-0.78,-0.094,0.658,0.321,1.26,0.008,-0.6,-0.234,0.706,-5.588,-0.198,-0.397,-0.226,-0.326,0.94,-0.466,-0.397,-0.252,-0.195,-0.322,0.979,1.466,5.863,-0.061,0.054,-0.346,0.82,-1.351,2.107,-0.756,btn_C
1780982074.3133678,-0.772,-0.079,0.658,0.237,-1.511,1.878,-0.604,-0.215,0.703,-1.824,1.733,0.344,-0.247,-0.32,0.942,-0.557,0.168,0.229,-0.211,-0.321,0.988,2.313,6.107,-0.916,0.058,-0.35,0.806,-1.344,2.664,0.061,btn_C
1780982074.4163916,-0.776,-0.083,0.672,-1.397,0.405,-0.733,-0.616,-0.221,0.715,-5.473,1.458,-1.031,-0.239,-0.32,0.941,-0.137,0.412,0.023,-0.206,-0.321,0.983,1.573,6.489,-0.061,0.059,-0.348,0.809,-1.397,3.336,-0.695,btn_C
1780982074.519553,-0.769,-0.072,0.659,-0.328,0.565,0.794,-0.622,-0.209,0.706,-4.107,0.145,-0.496,-0.236,-0.32,0.948,-0.489,-0.649,0.015,-0.206,-0.319,0.996,1.595,7.061,-0.603,0.061,-0.349,0.808,0.153,-0.031,0.908,btn_C
1780982074.6222935,-0.777,-0.076,0.667,-1.855,1.145,-0.473,-0.608,-0.204,0.711,-6.107,1.702,-0.351,-0.245,-0.319,0.946,-1.176,1.901,0.557,-0.201,-0.323,0.988,1.328,7.053,-0.702,0.06,-0.348,0.813,-0.893,2.214,-0.13,btn_C
1780982074.7335615,-0.772,-0.078,0.662,-0.473,2.427,0.298,-0.629,-0.229,0.746,-3.969,-1.206,2.511,-0.251,-0.321,0.94,0.359,0.885,1.0,-0.224,-0.313,0.989,1.321,5.519,-0.679,0.055,-0.349,0.808,-1.42,2.244,-0.237,btn_C
1780982074.8441622,-0.782,-0.079,0.675,-0.656,0.237,-0.565,-0.627,-0.218,0.729,-3.29,0.977,0.84,-0.247,-0.322,0.94,0.573,0.695,1.107,-0.21,-0.314,0.992,1.702,6.305,-0.786,0.06,-0.342,0.808,-0.359,1.634,0.275,btn_C
1780982074.9391336,-0.775,-0.067,0.668,-0.74,-0.771,3.359,-0.635,-0.202,0.706,-2.115,0.313,-0.901,-0.244,-0.314,0.938,-0.511,-0.557,0.229,-0.205,-0.319,0.987,1.298,7.221,-0.626,0.063,-0.347,0.808,-0.634,4.672,-0.58,btn_C
1780982075.0392282,-0.768,-0.07,0.667,-0.389,1.992,-0.527,-0.622,-0.199,0.714,-6.42,1.649,-2.069,-0.245,-0.316,0.944,-0.305,-0.595,0.298,-0.204,-0.318,0.991,1.137,6.527,-0.794,0.056,-0.347,0.803,-0.588,3.595,-0.481,btn_C
1780982075.1384454,-0.757,-0.071,0.651,-1.092,2.42,-2.198,-0.601,-0.205,0.726,-8.382,1.282,-1.053,-0.241,-0.319,0.944,-0.679,-0.672,0.191,-0.208,-0.319,0.992,0.985,7.74,-0.504,0.05,-0.353,0.809,0.321,0.435,0.977,btn_C
1780982077.9258626,-0.784,-0.106,0.652,-0.382,2.092,-0.427,-0.632,-0.259,0.686,-6.397,0.786,-1.107,-0.234,-0.323,0.942,-0.466,0.16,0.443,-0.211,-0.32,0.989,1.626,7.489,-0.374,0.061,-0.351,0.809,-0.908,2.931,-0.382,btn_C
1780982078.021572,-0.779,-0.097,0.656,-0.672,1.855,-0.527,-0.63,-0.254,0.681,-6.351,0.565,-1.16,-0.234,-0.326,0.94,-0.214,0.405,0.153,-0.209,-0.323,0.988,1.702,6.611,-0.405,0.054,-0.348,0.809,-1.061,3.87,-0.756,btn_C
1780982078.1281066,-0.779,-0.098,0.651,-0.832,1.229,-1.046,-0.631,-0.259,0.69,-6.901,0.29,-1.29,-0.236,-0.326,0.943,-0.832,0.183,0.214,-0.207,-0.32,0.983,1.489,7.191,-0.618,0.057,-0.338,0.823,-0.565,1.947,0.038,btn_C
1780982078.2277255,-0.781,-0.099,0.659,-0.71,1.267,-0.977,-0.627,-0.263,0.684,-6.176,0.756,-1.076,-0.231,-0.325,0.943,-0.26,0.229,0.863,-0.208,-0.317,0.986,1.84,6.611,-0.901,0.059,-0.343,0.809,-1.298,3.809,-0.634,btn_C
1780982078.342358,-0.777,-0.101,0.649,-0.527,1.817,-0.519,-0.634,-0.26,0.686,-6.328,0.473,-0.992,-0.239,-0.327,0.936,-0.366,0.595,0.473,-0.209,-0.32,0.985,1.603,6.725,-0.374,0.052,-0.346,0.806,-1.137,3.802,-0.786,btn_C
1780982078.4423864,-0.781,-0.099,0.648,-0.794,1.733,-0.519,-0.648,-0.266,0.693,-6.275,-0.336,-0.656,-0.235,-0.327,0.939,-0.191,0.519,1.137,-0.206,-0.321,0.988,1.901,7.374,-0.267,0.068,-0.342,0.813,-0.588,2.282,-0.023,btn_C
1780982078.53643,-0.75,-0.104,0.67,4.626,-0.534,4.42,-0.778,-0.344,0.738,-1.053,-20.687,1.87,-0.24,-0.325,0.942,-0.626,-0.153,0.786,-0.189,-0.304,0.971,2.198,7.489,0.565,0.048,-0.339,0.804,-1.046,-0.046,1.313,btn_C
1780982078.6397092,-0.75,-0.062,0.634,0.626,-2.305,0.42,-0.604,-0.209,0.679,-3.588,-2.214,2.763,-0.242,-0.325,0.952,0.466,1.183,0.328,-0.197,-0.329,0.996,1.809,7.221,-0.748,0.056,-0.349,0.811,-1.718,3.863,-0.634,btn_C
1780982078.7439518,-0.782,-0.089,0.669,-0.87,-1.344,1.672,-0.619,-0.232,0.724,0.0,1.267,0.969,-0.242,-0.326,0.942,0.069,1.954,0.786,-0.207,-0.323,0.983,1.947,7.183,-0.252,0.051,-0.347,0.809,-0.565,2.313,-0.351,btn_C
1780982078.8456786,-0.895,-0.085,0.734,-3.137,0.229,15.191,-0.82,-0.285,0.963,20.695,-17.969,8.466,-0.219,-0.319,0.956,-1.092,1.382,1.275,-0.206,-0.319,0.989,2.122,9.046,0.099,0.058,-0.356,0.818,-1.878,0.511,-1.008,btn_C
1780982078.9485369,-0.946,-0.081,0.719,3.45,4.626,3.298,-0.633,-0.211,0.719,-2.214,-0.931,1.122,-0.241,-0.32,0.935,0.473,-1.969,0.046,-0.2,-0.319,0.984,2.13,5.267,-0.374,0.064,-0.353,0.809,-1.42,3.931,-0.962,btn_C
1780982079.0559008,-0.762,-0.07,0.663,1.916,2.099,1.718,-0.618,-0.194,0.7,-5.137,-1.115,3.328,-0.25,-0.312,0.943,0.626,0.229,0.58,-0.205,-0.313,0.989,2.13,8.275,-0.168,0.077,-0.31,0.818,2.076,0.496,1.824,btn_C
1780982079.1639118,-0.739,-0.072,0.66,1.45,2.901,1.13,-0.624,-0.195,0.7,-6.191,1.244,-1.389,-0.251,-0.319,0.942,-0.695,-0.412,-0.359,-0.216,-0.321,0.989,1.702,7.374,-0.244,0.054,-0.348,0.813,-1.595,4.412,-0.992,btn_C
1780982079.2629828,-0.775,-0.07,0.67,-1.908,2.779,-2.832,-0.631,-0.209,0.737,-7.954,0.672,-1.962,-0.232,-0.32,0.948,-0.557,0.145,-0.115,-0.203,-0.316,0.993,1.771,6.336,-0.267,0.051,-0.343,0.812,-0.053,0.824,0.069,btn_C
1780982079.3607702,-0.8,-0.079,0.687,-3.748,3.038,-4.015,-0.64,-0.228,0.758,-4.847,0.603,1.481,-0.232,-0.325,0.949,1.382,1.45,1.038,-0.209,-0.315,0.991,3.405,6.031,-0.382,0.053,-0.341,0.813,-2.412,1.145,-1.221,btn_C
1780982079.4640932,-0.763,-0.068,0.663,-2.313,4.771,-6.748,-0.63,-0.225,0.766,-12.718,3.275,-3.191,-0.246,-0.322,0.942,-1.802,-0.427,-0.504,-0.211,-0.315,0.985,1.718,7.237,-0.427,0.047,-0.349,0.816,0.015,3.191,-0.084,btn_C
1780982079.566699,-0.753,-0.075,0.655,-6.084,9.122,-10.198,-0.583,-0.22,0.702,-31.382,9.084,-26.618,-0.236,-0.323,0.961,-3.534,-4.313,-2.817,-0.191,-0.307,1.008,1.618,11.069,-0.977,0.051,-0.352,0.813,0.885,3.977,0.565,btn_C
1780982079.6752827,-0.769,-0.099,0.65,-1.756,3.076,-2.053,-0.63,-0.257,0.709,-6.771,5.786,-1.626,-0.224,-0.327,0.941,-0.198,-0.405,-0.115,-0.211,-0.318,0.989,1.214,7.458,-0.275,0.059,-0.346,0.813,-0.534,0.489,0.069,btn_C
1780982079.7722886,-0.782,-0.099,0.648,-0.817,1.237,-1.122,-0.622,-0.252,0.679,-7.137,-1.237,-0.473,-0.237,-0.322,0.944,-0.29,0.489,-0.359,-0.201,-0.319,0.992,1.832,6.87,-0.817,0.051,-0.341,0.812,-0.122,1.069,0.473,btn_C
1780982082.4597573,-0.78,-0.101,0.655,-0.824,2.229,-0.427,-0.625,-0.258,0.687,-6.672,0.626,-0.695,-0.237,-0.325,0.943,-0.321,0.519,0.489,-0.211,-0.32,0.987,1.527,6.519,-0.16,0.046,-0.342,0.811,-0.351,2.573,-0.221,btn_C
1780982082.5538125,-0.781,-0.102,0.655,-0.221,1.924,-0.718,-0.63,-0.253,0.686,-6.275,0.656,-0.542,-0.239,-0.33,0.938,0.046,-0.153,0.405,-0.21,-0.322,0.985,1.397,7.13,0.557,0.053,-0.347,0.803,-0.405,1.901,0.137,btn_C
1780982082.6566658,-0.779,-0.104,0.649,-1.031,1.626,-1.107,-0.632,-0.259,0.687,-6.824,0.397,-0.405,-0.232,-0.327,0.943,-0.634,0.115,0.557,-0.21,-0.32,0.985,1.076,7.344,0.076,0.058,-0.344,0.809,-0.145,0.481,0.893,btn_C
1780982082.7764645,-0.777,-0.1,0.656,-0.969,1.046,-0.359,-0.63,-0.259,0.689,-6.725,0.573,-0.382,-0.24,-0.324,0.939,-0.321,0.855,0.359,-0.211,-0.32,0.988,1.672,6.84,-0.031,0.058,-0.344,0.811,-1.206,2.71,-0.542,btn_C
1780982082.871541,-0.788,-0.099,0.646,-1.26,1.916,-0.542,-0.629,-0.258,0.688,-5.939,0.542,-0.58,-0.238,-0.324,0.941,-0.061,-0.374,-0.015,-0.213,-0.32,0.991,1.405,6.794,-0.137,0.055,-0.34,0.824,-0.611,1.305,0.015,btn_C
1780982082.9731019,-0.779,-0.103,0.648,-1.244,1.366,-1.023,-0.628,-0.26,0.688,-6.466,0.305,-0.603,-0.241,-0.325,0.944,-0.229,-0.198,0.084,-0.209,-0.322,0.984,1.565,7.038,-0.397,0.047,-0.345,0.806,0.023,2.092,0.191,btn_C
1780982083.0771313,-0.779,-0.104,0.646,-0.756,1.611,-0.756,-0.628,-0.259,0.695,-6.244,0.58,-0.405,-0.235,-0.329,0.94,-0.496,0.244,0.046,-0.207,-0.322,0.99,1.786,6.565,-0.542,0.057,-0.342,0.818,-0.672,2.74,-0.046,btn_C
1780982083.1754816,-0.735,-0.074,0.664,3.809,-0.267,3.115,-0.352,-0.243,0.849,3.298,-16.26,8.191,-0.243,-0.336,0.945,0.863,0.008,0.405,-0.223,-0.325,0.976,2.771,7.221,0.153,0.061,-0.342,0.808,-0.802,5.237,-0.275,btn_C
1780982083.274482,-0.772,-0.089,0.66,-1.901,-0.053,-0.809,-0.639,-0.239,0.707,-4.947,-1.634,0.252,-0.24,-0.323,0.937,0.229,0.076,-0.473,-0.207,-0.313,0.996,2.13,6.427,-0.634,0.055,-0.341,0.807,0.626,1.015,-0.168,btn_C
1780982083.3778126,-0.785,-0.089,0.669,0.962,0.061,1.008,-0.633,-0.245,0.735,-0.901,-2.519,3.191,-0.238,-0.322,0.954,1.489,2.489,0.313,-0.201,-0.318,0.997,1.16,5.916,-1.313,0.053,-0.349,0.815,-0.534,0.931,0.023,btn_C
1780982083.480447,-0.9,-0.054,0.688,-3.534,-2.794,10.595,-0.671,-0.232,0.734,12.725,3.649,6.321,-0.254,-0.323,0.947,2.229,3.092,1.29,-0.189,-0.327,0.993,1.008,6.405,-0.939,0.051,-0.352,0.812,-5.153,0.656,-1.282,btn_C
1780982083.583701,-0.75,-0.072,0.671,0.771,2.756,-1.626,-0.699,-0.218,0.698,-6.557,0.71,-0.267,-0.236,-0.315,0.948,0.733,-1.542,0.137,-0.198,-0.32,0.988,2.061,6.55,-0.55,0.058,-0.353,0.811,-1.519,3.344,-0.191,btn_C
1780982083.6909113,-0.703,-0.035,0.628,2.908,-2.397,2.527,-0.62,-0.176,0.683,-6.29,0.939,-1.122,-0.244,-0.32,0.945,-1.282,-0.672,-0.496,-0.199,-0.325,0.991,1.511,7.603,-0.519,0.054,-0.351,0.812,-0.618,4.435,-0.733,btn_C
1780982083.7900136,-0.761,-0.065,0.676,-0.802,2.107,-0.977,-0.631,-0.195,0.703,-6.298,1.573,-1.985,-0.243,-0.323,0.946,0.359,1.168,-0.198,-0.207,-0.323,0.988,1.718,5.779,-0.359,0.051,-0.356,0.818,-2.885,5.061,-1.718,btn_C
1780982083.8928652,-0.727,-0.062,0.672,-0.45,-2.427,0.893,-0.609,-0.189,0.706,-6.42,3.0,-4.916,-0.23,-0.318,0.945,-0.588,-2.275,-1.015,-0.203,-0.32,0.999,1.656,7.069,-0.382,0.072,-0.322,0.819,-1.58,5.321,-0.137,btn_C
1780982084.0036163,-0.75,-0.068,0.674,-0.656,0.969,-0.87,-0.619,-0.188,0.712,-6.893,1.679,-2.061,-0.243,-0.32,0.947,-1.053,0.0,-0.527,-0.199,-0.32,0.991,2.229,7.595,0.046,0.055,-0.354,0.807,-0.771,2.237,0.351,btn_C
1780982084.1087282,-0.795,-0.066,0.683,-0.221,-0.16,1.122,-0.61,-0.202,0.73,-1.656,2.229,-0.023,-0.241,-0.316,0.943,0.702,0.397,0.168,-0.206,-0.317,0.991,1.817,6.198,-0.641,0.059,-0.354,0.809,-0.458,1.969,0.489,btn_C
1780982084.2051814,-0.75,-0.061,0.671,-0.053,3.344,-3.557,-0.615,-0.183,0.699,-9.809,1.099,-2.802,-0.24,-0.319,0.946,-0.58,-0.458,-0.137,-0.206,-0.316,0.988,1.008,8.71,-0.084,0.05,-0.35,0.809,-0.031,3.817,-0.389,btn_C
1780982084.3055303,-0.814,-0.092,0.677,-4.595,12.351,-9.328,-0.642,-0.251,0.751,-19.718,4.084,-8.107,-0.223,-0.323,0.955,-1.626,-2.511,-0.695,-0.194,-0.318,1.001,-0.756,9.145,-0.107,0.052,-0.338,0.808,1.092,0.779,0.26,btn_C
1780982084.4076324,-0.788,-0.103,0.659,-2.748,2.473,-2.412,-0.652,-0.256,0.707,-10.275,1.763,-4.84,-0.231,-0.329,0.947,-1.397,0.191,-0.275,-0.198,-0.325,0.993,1.313,7.84,-0.878,0.052,-0.346,0.813,-1.275,2.916,-0.443,btn_C
1780982087.1888332,-0.781,-0.102,0.642,-0.527,1.229,-0.863,-0.631,-0.257,0.695,-6.366,0.13,-0.275,-0.234,-0.331,0.945,-0.176,-0.901,0.427,-0.211,-0.322,0.987,1.87,7.122,0.344,0.058,-0.343,0.809,-1.641,4.954,-1.145,btn_C
1780982087.291642,-0.781,-0.098,0.645,-1.611,1.458,-1.313,-0.627,-0.263,0.696,-6.595,0.55,0.061,-0.24,-0.329,0.944,-0.664,0.489,0.13,-0.208,-0.321,0.987,1.366,7.0,-0.344,0.053,-0.348,0.816,-0.305,1.252,0.275,btn_C
1780982087.3947234,-0.783,-0.102,0.648,-0.649,1.168,-1.038,-0.623,-0.257,0.691,-6.504,0.542,0.206,-0.23,-0.327,0.942,-0.137,0.015,0.336,-0.206,-0.317,0.988,1.939,6.832,-0.458,0.053,-0.339,0.812,-0.878,2.702,0.008,btn_C
1780982087.5070562,-0.781,-0.104,0.643,-0.954,1.176,-0.84,-0.629,-0.26,0.688,-6.176,0.87,0.359,-0.238,-0.326,0.941,-0.427,0.0,0.389,-0.207,-0.325,0.991,1.473,7.466,-0.176,0.055,-0.344,0.812,-0.305,2.229,-0.099,btn_C
1780982087.6090517,-0.786,-0.099,0.646,0.885,2.351,1.229,-0.656,-0.27,0.704,-3.702,-10.557,3.282,-0.243,-0.329,0.945,0.038,0.992,1.115,-0.209,-0.322,0.983,2.099,6.832,-0.359,0.058,-0.345,0.811,-2.214,4.405,-1.435,btn_C
1780982087.7040315,-0.79,-0.094,0.655,1.908,0.519,1.939,-0.629,-0.249,0.71,0.733,-1.405,6.679,-0.239,-0.32,0.935,0.237,0.718,0.473,-0.208,-0.319,0.984,1.939,5.84,-0.74,0.059,-0.348,0.812,-1.534,3.916,-1.496,btn_C
1780982087.8067234,-0.775,-0.085,0.64,3.198,-2.198,4.26,-0.609,-0.219,0.68,-1.351,0.595,1.969,-0.24,-0.324,0.942,0.382,-1.008,0.214,-0.202,-0.327,0.991,2.87,5.565,-0.656,0.061,-0.345,0.802,-3.267,5.626,-1.672,btn_C
1780982087.9126227,-0.718,-0.086,0.666,-5.817,-2.58,3.672,-0.664,-0.21,0.668,-1.298,0.641,2.008,-0.246,-0.323,0.946,0.557,-0.588,0.107,-0.201,-0.316,0.993,2.985,4.641,-0.29,0.055,-0.347,0.813,-0.382,3.702,-0.427,btn_C
1780982088.0128894,-0.781,-0.084,0.664,-1.008,2.626,-0.107,-0.638,-0.215,0.694,-5.374,1.107,-0.962,-0.236,-0.318,0.941,-0.038,-0.939,-0.145,-0.201,-0.32,0.987,1.908,6.397,-0.198,0.056,-0.347,0.815,-0.687,2.45,0.053,btn_C
1780982088.1224303,-0.77,-0.079,0.657,-0.969,1.763,-2.069,-0.637,-0.223,0.719,-6.901,0.229,-0.649,-0.238,-0.322,0.949,-0.076,-1.061,0.687,-0.201,-0.318,0.99,2.061,7.206,-0.282,0.054,-0.345,0.816,-1.397,3.237,-0.519,btn_C
1780982088.2235656,-0.76,-0.081,0.658,0.008,0.641,0.305,-0.614,-0.204,0.705,-5.16,2.26,-1.641,-0.244,-0.319,0.943,-0.298,-1.412,-0.29,-0.204,-0.32,0.985,1.466,6.985,-1.076,0.055,-0.344,0.804,-0.656,2.74,-0.168,btn_C
1780982088.3227735,-0.783,-0.087,0.68,0.863,0.359,1.756,-0.742,-0.281,0.78,0.519,-4.893,10.939,-0.235,-0.327,0.936,3.847,-1.031,0.969,-0.194,-0.322,1.024,5.672,7.221,0.473,0.05,-0.348,0.803,-1.221,-2.473,0.252,btn_C
1780982088.4251802,-0.806,-0.062,0.729,-10.282,16.672,-17.916,-0.754,-0.205,0.717,-10.962,6.992,-3.466,-0.233,-0.324,0.955,0.878,4.74,1.267,-0.21,-0.314,0.99,1.954,3.275,-0.481,0.052,-0.347,0.821,-1.519,-5.954,0.252,btn_C
1780982088.5280714,-0.847,-0.069,0.694,-1.122,1.344,-3.519,-0.689,-0.223,0.785,-3.962,-1.511,0.168,-0.236,-0.322,0.942,-0.076,1.137,1.305,-0.198,-0.317,0.985,2.794,5.649,-0.359,0.056,-0.351,0.804,-0.26,-0.893,-0.183,btn_C
1780982088.6398952,-0.737,-0.084,0.692,-2.321,4.466,-9.084,-0.714,-0.19,0.685,-8.687,8.008,-8.153,-0.23,-0.32,0.945,-0.527,0.076,-0.374,-0.206,-0.319,1.006,1.015,3.985,-0.122,0.061,-0.346,0.813,-1.412,2.603,-0.664,btn_C
1780982088.7389417,-0.813,-0.083,0.678,-9.298,17.099,-14.901,-0.602,-0.218,0.693,-40.313,6.954,-29.069,-0.195,-0.298,0.92,-5.466,-2.244,-2.084,-0.196,-0.328,0.99,0.313,7.29,-1.435,0.057,-0.348,0.815,0.328,2.794,0.725,btn_C
1780982088.8371391,-0.788,-0.102,0.647,-3.26,2.122,-3.099,-0.607,-0.261,0.733,-7.809,2.084,-1.824,-0.219,-0.323,0.944,-1.626,0.053,0.153,-0.205,-0.319,0.987,0.71,7.206,-0.672,0.053,-0.35,0.811,2.0,-0.916,1.298,btn_C
1780982088.9403067,-0.779,-0.103,0.645,-2.252,2.412,-1.634,-0.619,-0.257,0.697,-6.84,0.954,-1.42,-0.234,-0.321,0.948,-0.16,1.023,0.489,-0.208,-0.318,0.989,0.878,7.053,-0.099,0.052,-0.344,0.819,-0.443,0.305,1.015,btn_C
1780982089.0544722,-0.78,-0.101,0.643,-1.023,0.969,-0.336,-0.624,-0.254,0.694,-6.076,0.489,-0.695,-0.227,-0.324,0.94,-0.053,0.527,0.679,-0.204,-0.316,0.99,1.321,7.885,-0.351,0.058,-0.341,0.814,-0.336,-0.672,1.168,btn_C
1780982091.824907,-0.786,-0.1,0.639,-1.435,1.221,-1.435,-0.634,-0.26,0.688,-6.496,0.198,-1.115,-0.244,-0.329,0.937,0.13,-0.298,0.122,-0.21,-0.322,0.981,1.664,7.55,-0.511,0.044,-0.35,0.809,-0.435,1.878,0.008,btn_C
1780982091.930184,-0.79,-0.102,0.639,-0.45,1.305,-0.87,-0.632,-0.267,0.68,-6.267,0.374,-0.916,-0.244,-0.331,0.943,-0.878,-0.389,-0.542,-0.206,-0.324,0.985,1.718,6.611,-0.954,0.05,-0.341,0.819,-0.748,2.504,-0.229,btn_C
1780982092.030215,-0.787,-0.099,0.64,-0.832,0.771,-0.786,-0.628,-0.268,0.692,-6.275,-0.229,-0.931,-0.243,-0.332,0.938,-0.13,-0.519,-0.466,-0.208,-0.33,0.985,1.504,7.359,-0.443,0.057,-0.346,0.8,0.282,1.389,0.321,btn_C
1780982092.1389568,-0.791,-0.101,0.635,-1.313,1.397,-1.13,-0.63,-0.267,0.689,-6.13,0.031,-0.595,-0.241,-0.335,0.936,-0.237,-0.389,-0.153,-0.211,-0.333,0.988,1.87,6.267,-0.366,0.05,-0.344,0.814,-1.473,4.672,-0.893,btn_C
1780982092.2367826,-0.786,-0.097,0.645,-0.824,1.145,-1.58,-0.634,-0.266,0.684,-6.237,0.618,0.115,-0.241,-0.332,0.937,-0.504,-0.183,-0.122,-0.205,-0.321,0.989,1.595,6.87,-0.282,0.048,-0.345,0.81,-0.038,0.847,0.496,btn_C
1780982092.3390386,-0.799,-0.106,0.642,-0.237,0.489,-0.45,-0.652,-0.278,0.692,-4.969,-4.466,1.252,-0.241,-0.333,0.938,-0.626,0.519,0.344,-0.201,-0.328,0.99,1.954,5.496,0.137,0.051,-0.349,0.811,-0.573,3.076,-0.389,btn_C
1780982092.4440885,-0.785,-0.103,0.653,2.183,-2.595,2.397,-0.604,-0.254,0.701,-0.802,-3.74,4.435,-0.25,-0.334,0.939,1.863,0.221,0.504,-0.217,-0.317,0.982,0.802,5.313,-0.771,0.059,-0.344,0.808,-0.374,2.534,-0.962,btn_C
1780982092.5453622,-0.762,-0.078,0.61,1.244,1.397,0.443,-0.632,-0.24,0.685,-4.908,-0.893,1.359,-0.241,-0.326,0.941,0.122,0.076,-0.344,-0.195,-0.324,0.986,3.336,5.969,-0.053,0.052,-0.347,0.806,-1.389,3.13,-0.481,btn_C
1780982092.6487055,-0.762,-0.083,0.652,-1.725,0.672,-1.137,-0.613,-0.229,0.693,-6.435,-0.275,0.84,-0.246,-0.335,0.951,0.756,-0.344,-0.435,-0.206,-0.32,0.987,2.511,7.229,0.015,0.055,-0.344,0.812,-0.687,2.656,0.221,btn_C
1780982092.7512782,-0.762,-0.066,0.643,-1.71,-1.015,-2.489,-0.611,-0.241,0.716,-5.084,0.473,0.687,-0.237,-0.327,0.938,-1.008,-1.374,-0.534,-0.203,-0.325,0.986,1.557,5.443,-1.183,0.054,-0.347,0.813,-0.389,1.229,-0.359,btn_C
1780982092.854564,-0.77,-0.082,0.653,-0.076,0.008,0.214,-0.617,-0.232,0.72,-5.344,0.168,1.855,-0.233,-0.329,0.942,0.023,-0.206,-0.275,-0.197,-0.323,0.989,2.542,7.779,-0.977,0.057,-0.342,0.807,0.969,0.198,0.916,btn_C
1780982092.9573038,-0.75,-0.065,0.633,3.084,-3.336,2.794,-0.599,-0.195,0.664,-1.458,0.137,1.908,-0.249,-0.328,0.941,0.458,-0.55,-0.832,-0.193,-0.323,0.997,1.359,6.328,-1.557,0.056,-0.357,0.807,-0.695,-0.366,0.565,btn_C
1780982093.0605695,-0.764,-0.085,0.664,-1.321,0.008,-1.473,-0.61,-0.211,0.715,-5.847,1.282,-0.664,-0.245,-0.324,0.947,-0.046,-0.679,-0.595,-0.193,-0.321,0.995,2.168,5.626,-1.282,0.06,-0.351,0.804,-0.366,2.481,-0.427,btn_C
1780982093.1738138,-0.772,-0.086,0.667,-2.466,0.321,-2.359,-0.605,-0.216,0.718,-7.099,2.466,-3.527,-0.229,-0.326,0.949,-0.496,-1.153,-0.458,-0.192,-0.323,0.992,2.298,7.985,-0.473,0.061,-0.344,0.812,-0.176,1.42,0.145,btn_C
1780982093.2751355,-0.786,-0.079,0.66,-0.664,1.298,-0.779,-0.647,-0.226,0.712,-5.053,-0.107,1.618,-0.239,-0.324,0.939,0.992,0.191,0.046,-0.191,-0.32,0.997,2.443,6.107,-0.26,0.061,-0.35,0.811,-0.443,1.855,-0.015,btn_C
1780982093.3697827,-0.774,-0.08,0.664,-1.473,2.58,-2.695,-0.637,-0.221,0.704,-7.053,1.023,-3.122,-0.24,-0.316,0.918,-0.405,0.527,-0.435,-0.198,-0.321,0.998,0.863,7.611,-0.565,0.057,-0.349,0.813,-1.061,4.527,-0.282,btn_C
1780982093.4724414,-0.803,-0.094,0.66,-11.672,12.397,-15.687,-0.744,-0.346,0.768,-28.786,14.718,-21.13,-0.219,-0.344,0.951,-2.183,-2.832,-3.473,-0.189,-0.328,0.993,1.221,10.031,-1.015,0.054,-0.345,0.813,0.603,3.496,-0.16,btn_C
1780982093.5755658,-0.789,-0.105,0.648,-1.183,3.893,-0.389,-0.635,-0.272,0.678,-6.267,0.389,-1.26,-0.229,-0.329,0.945,-0.427,-0.855,-0.328,-0.194,-0.324,0.997,1.176,6.443,0.153,0.056,-0.346,0.813,-0.786,2.908,-0.374,btn_C
1780982093.6893091,-0.784,-0.105,0.647,-0.977,1.405,-0.672,-0.63,-0.263,0.682,-6.397,0.382,-0.71,-0.226,-0.333,0.942,-0.511,-0.42,0.305,-0.195,-0.324,0.991,1.374,7.87,-0.084,0.053,-0.352,0.81,-0.13,3.221,-0.13,btn_C
1780982096.3572488,-0.789,-0.104,0.647,-1.802,1.672,-1.13,-0.634,-0.264,0.685,-6.466,0.641,-0.435,-0.241,-0.331,0.941,-0.313,-0.069,0.092,-0.204,-0.331,0.981,1.275,7.374,0.0,0.049,-0.346,0.8,-0.779,2.023,-0.55,btn_C
1780982096.4596927,-0.788,-0.106,0.639,-1.107,1.481,-1.183,-0.633,-0.269,0.685,-6.573,0.313,-0.626,-0.24,-0.328,0.939,-0.595,0.031,0.115,-0.2,-0.325,0.985,1.679,6.809,-0.832,0.053,-0.349,0.811,-1.557,2.405,-0.069,btn_C
1780982096.5764897,-0.787,-0.107,0.649,-0.985,1.855,-0.695,-0.633,-0.268,0.685,-6.267,0.359,-0.153,-0.241,-0.331,0.934,-0.038,0.511,-0.313,-0.208,-0.328,0.985,1.641,6.389,-0.511,0.048,-0.354,0.815,-1.183,3.511,-1.053,btn_C
1780982096.6659195,-0.785,-0.106,0.642,-0.244,0.977,-1.176,-0.633,-0.266,0.685,-5.962,0.817,0.427,-0.242,-0.333,0.94,0.26,-0.832,-0.16,-0.202,-0.327,0.989,1.779,6.588,-0.687,0.062,-0.332,0.814,0.206,3.389,0.405,btn_C
1780982096.7694433,-0.785,-0.108,0.645,-0.244,1.13,-0.756,-0.635,-0.265,0.689,-6.58,0.504,0.153,-0.244,-0.333,0.941,-0.145,0.435,-0.008,-0.202,-0.328,0.987,1.496,6.695,-1.107,0.056,-0.349,0.822,-0.977,4.45,-0.618,btn_C
1780982096.8717892,-0.785,-0.11,0.639,-0.405,1.389,-0.496,-0.628,-0.263,0.683,-6.435,1.29,0.313,-0.242,-0.33,0.937,-0.183,0.183,-0.565,-0.203,-0.331,0.993,1.84,6.817,-0.779,0.052,-0.349,0.808,-0.511,2.878,-0.42,btn_C
1780982096.9811425,-0.784,-0.103,0.635,-0.916,2.031,-0.962,-0.635,-0.263,0.68,-6.206,0.687,0.122,-0.234,-0.334,0.939,-0.412,-0.374,-0.328,-0.207,-0.328,0.991,1.87,7.053,-0.481,0.053,-0.35,0.811,-1.206,2.344,-0.435,btn_C
1780982097.0772629,-0.782,-0.113,0.645,0.847,0.084,0.618,-0.618,-0.254,0.683,-5.168,-3.137,1.763,-0.248,-0.332,0.938,-1.046,-0.099,-0.038,-0.214,-0.328,0.985,1.733,6.328,-0.282,0.056,-0.352,0.815,-0.275,3.924,-0.58,btn_C
1780982097.1804144,-0.78,-0.091,0.646,1.908,-0.664,0.771,-0.591,-0.231,0.669,-2.74,3.908,2.962,-0.246,-0.325,0.943,0.58,-1.405,-0.534,-0.193,-0.329,0.991,2.908,4.611,-0.206,0.055,-0.357,0.804,0.908,1.321,0.115,btn_C
1780982097.294691,-0.801,-0.095,0.656,0.481,-1.618,1.817,-0.611,-0.235,0.721,-0.405,0.992,6.939,-0.246,-0.332,0.943,0.435,1.275,0.634,-0.203,-0.32,0.994,2.008,8.794,-0.366,0.056,-0.347,0.808,-0.359,2.084,-0.038,btn_C
1780982097.3866289,-0.798,-0.109,0.678,0.573,0.466,1.893,-0.621,-0.215,0.685,-0.023,2.595,2.565,-0.242,-0.324,0.943,0.504,-0.344,-0.13,-0.197,-0.317,0.994,1.939,6.496,-0.924,0.062,-0.353,0.812,-2.13,0.893,-0.076,btn_C
1780982097.5036843,-0.773,-0.082,0.656,-1.069,0.954,-0.794,-0.595,-0.199,0.688,-7.13,-0.389,1.649,-0.239,-0.321,0.933,-1.244,-1.374,-1.244,-0.197,-0.321,0.992,0.74,8.55,-0.321,0.053,-0.352,0.81,-0.55,2.809,0.053,btn_C
1780982097.623677,-0.78,-0.096,0.66,-2.908,2.458,-1.405,-0.643,-0.229,0.703,-7.107,0.916,-0.809,-0.239,-0.328,0.941,-0.427,0.229,0.13,-0.204,-0.325,0.988,2.992,5.504,-0.656,0.06,-0.345,0.807,-1.29,2.229,-0.542,btn_C
1780982097.6957495,-0.773,-0.086,0.656,-0.794,0.351,-0.374,-0.642,-0.215,0.696,-5.13,1.321,-2.458,-0.234,-0.329,0.949,-0.137,-0.611,-0.336,-0.2,-0.317,0.99,1.931,6.733,-0.649,0.057,-0.349,0.817,-0.878,3.435,-0.809,btn_C
1780982097.8019276,-0.765,-0.089,0.658,0.145,2.13,-0.863,-0.63,-0.203,0.693,-6.947,2.557,-3.176,-0.239,-0.321,0.944,-0.679,-0.58,-0.313,-0.198,-0.315,1.0,2.176,7.046,-0.794,0.056,-0.35,0.804,-0.603,1.328,0.267,btn_C
1780982097.9020696,-0.772,-0.09,0.657,0.305,0.969,1.504,-0.652,-0.213,0.705,-3.824,3.282,1.031,-0.245,-0.316,0.939,0.672,0.473,0.237,-0.207,-0.319,0.992,2.794,5.74,-1.282,0.061,-0.352,0.799,-1.16,2.366,0.351,btn_C
1780982098.004333,-0.764,-0.079,0.649,0.031,-0.359,0.534,-0.625,-0.207,0.721,-6.84,-0.42,-0.466,-0.24,-0.325,0.946,0.176,0.122,-0.053,-0.2,-0.322,0.991,2.122,7.74,-0.359,0.044,-0.348,0.81,0.023,1.969,0.229,btn_C
1780982098.11939,-0.759,-0.072,0.653,-1.374,2.588,-2.038,-0.624,-0.2,0.705,-8.076,-0.985,-0.015,-0.245,-0.323,0.941,-1.031,-0.313,-1.099,-0.207,-0.315,0.993,1.748,6.947,-0.26,0.06,-0.344,0.814,-0.481,0.718,-0.489,btn_C
1780982098.2218335,-0.776,-0.083,0.664,0.229,1.023,0.71,-0.649,-0.209,0.714,-4.809,-0.176,0.771,-0.243,-0.322,0.949,-0.206,0.763,0.267,-0.195,-0.317,0.993,2.458,6.427,0.092,0.062,-0.348,0.805,-1.145,2.275,-0.29,btn_C
1780982098.3210704,-0.777,-0.084,0.668,-2.122,1.573,-1.603,-0.631,-0.197,0.704,-7.397,1.618,-2.321,-0.235,-0.322,0.945,-0.382,0.313,0.137,-0.208,-0.317,0.989,1.305,7.511,0.031,0.057,-0.347,0.805,-0.901,2.046,-0.115,btn_C
1780982100.9917495,-0.78,-0.104,0.654,-1.71,0.588,-1.168,-0.626,-0.258,0.686,-6.634,0.733,-0.473,-0.235,-0.326,0.937,-0.626,-0.702,-0.267,-0.205,-0.319,0.997,1.412,8.137,-0.137,0.065,-0.347,0.803,0.443,1.397,0.534,btn_C
1780982101.1052883,-0.783,-0.103,0.645,-1.481,0.824,-1.26,-0.629,-0.259,0.69,-6.405,0.786,-0.756,-0.235,-0.328,0.944,-0.351,-0.359,0.168,-0.204,-0.322,0.99,1.237,7.427,0.168,0.052,-0.347,0.811,0.298,1.649,0.229,btn_C
1780982101.2046828,-0.779,-0.099,0.651,-0.992,1.504,-0.756,-0.632,-0.259,0.694,-6.756,0.847,-0.939,-0.236,-0.327,0.941,-0.588,0.496,-0.221,-0.207,-0.324,0.99,1.076,6.878,-0.107,0.055,-0.345,0.807,-0.214,1.954,0.137,btn_C
1780982101.3011575,-0.786,-0.107,0.65,-0.649,1.588,-0.916,-0.632,-0.256,0.686,-6.031,0.687,-0.634,-0.233,-0.327,0.943,-0.122,0.137,-0.244,-0.202,-0.321,0.985,1.466,6.832,-0.298,0.057,-0.345,0.808,-0.672,2.069,-0.221,btn_C
1780982101.403719,-0.782,-0.108,0.645,-1.191,1.489,-1.718,-0.632,-0.26,0.69,-6.496,0.412,-0.74,-0.232,-0.328,0.934,-0.191,-0.267,0.0,-0.206,-0.32,0.992,1.679,7.015,-0.168,0.052,-0.343,0.814,-0.954,3.824,-0.611,btn_C
1780982101.5063539,-0.784,-0.107,0.648,-0.519,1.344,-1.015,-0.624,-0.261,0.687,-6.282,0.412,-0.489,-0.237,-0.329,0.936,-0.244,0.282,-0.458,-0.203,-0.32,0.987,1.756,6.542,-0.618,0.048,-0.346,0.812,-1.115,3.45,-0.672,btn_C
1780982101.621476,-0.781,-0.106,0.649,-0.832,1.588,-0.519,-0.638,-0.257,0.687,-6.023,0.473,-0.237,-0.233,-0.324,0.949,-0.374,-0.511,0.023,-0.205,-0.318,0.997,1.817,6.466,-0.618,0.056,-0.348,0.807,-0.42,2.84,0.061,btn_C
1780982101.7127516,-0.8,-0.104,0.647,2.939,-1.473,1.015,-0.65,-0.259,0.692,-1.168,-23.221,4.84,-0.235,-0.328,0.941,1.824,0.634,0.748,-0.181,-0.309,1.013,1.344,9.55,-0.473,0.057,-0.34,0.81,-0.282,3.305,-1.198,btn_C
1780982101.823755,-0.774,-0.093,0.648,1.16,0.809,0.221,-0.616,-0.252,0.743,-3.679,-1.359,2.626,-0.238,-0.327,0.943,0.214,1.641,0.489,-0.203,-0.302,0.987,0.061,5.031,-0.634,0.056,-0.344,0.812,-1.214,3.099,-0.466,btn_C
1780982101.918799,-0.779,-0.095,0.655,0.191,-0.725,1.26,-0.605,-0.211,0.696,-4.588,1.626,0.771,-0.244,-0.326,0.941,-0.275,-0.618,0.076,-0.2,-0.315,0.993,1.588,7.481,-0.557,0.053,-0.352,0.808,-0.962,2.71,-0.061,btn_C
1780982102.0362647,-0.77,-0.086,0.651,-0.206,-1.618,1.122,-0.633,-0.212,0.71,-2.328,-1.321,2.939,-0.243,-0.324,0.941,0.893,0.214,0.374,-0.197,-0.323,0.998,2.237,5.748,-0.947,0.05,-0.346,0.819,-1.916,4.489,-1.084,btn_C
1780982102.1249895,-0.805,-0.08,0.66,0.023,2.42,-0.634,-0.644,-0.201,0.692,-4.641,-0.519,0.557,-0.234,-0.32,0.945,0.443,0.985,0.061,-0.205,-0.316,0.99,1.855,5.84,-0.802,0.052,-0.351,0.816,-2.153,3.511,-0.809,btn_C
1780982102.2378511,-0.792,-0.077,0.642,0.641,-1.916,5.71,-0.633,-0.18,0.674,-3.427,-1.153,3.695,-0.247,-0.313,0.939,-0.122,-2.038,-0.344,-0.197,-0.313,0.984,1.748,6.145,0.115,0.05,-0.348,0.81,-1.137,4.809,-0.389,btn_C
1780982102.3385234,-0.735,-0.072,0.656,-1.13,1.718,0.802,-0.625,-0.193,0.717,-7.389,0.664,0.534,-0.226,-0.317,0.946,-0.382,0.267,0.435,-0.198,-0.313,0.991,1.809,9.244,0.282,0.049,-0.338,0.817,0.313,3.191,0.267,btn_C
1780982102.4408586,-0.76,-0.066,0.65,0.244,1.046,-0.252,-0.624,-0.196,0.702,-6.588,0.443,-0.855,-0.241,-0.327,0.946,-0.382,0.947,0.053,-0.195,-0.315,0.996,1.74,7.305,-0.092,0.053,-0.337,0.802,-0.458,0.527,0.214,btn_C
1780982102.5400069,-0.784,-0.068,0.665,-0.634,2.099,-2.565,-0.626,-0.204,0.744,-7.55,0.908,-0.939,-0.23,-0.321,0.943,-0.122,-0.122,-0.137,-0.207,-0.309,0.987,2.611,6.847,-0.382,0.06,-0.347,0.813,-0.565,-0.191,0.137,btn_C
1780982102.6397543,-0.807,-0.075,0.679,-0.969,0.328,0.275,-0.627,-0.194,0.734,-3.588,0.656,1.061,-0.251,-0.319,0.943,1.023,-0.13,-0.008,-0.202,-0.311,0.991,3.061,6.649,-0.641,0.053,-0.343,0.808,-1.427,3.855,-0.634,btn_C
1780982102.7530923,-0.795,-0.074,0.68,-0.344,0.183,0.405,-0.622,-0.193,0.721,-3.504,-0.275,2.366,-0.236,-0.317,0.941,0.176,1.435,0.603,-0.197,-0.31,0.99,2.611,7.687,-0.626,0.058,-0.351,0.813,-0.702,2.794,-0.305,btn_C
1780982102.8524694,-0.758,-0.07,0.677,0.321,0.038,-0.031,-0.61,-0.173,0.695,-5.962,1.229,-0.511,-0.236,-0.313,0.94,-0.176,0.137,0.107,-0.193,-0.313,0.995,0.702,7.672,-0.824,0.052,-0.354,0.815,-0.405,3.924,-0.053,btn_C
1780982102.9489076,-0.741,-0.055,0.66,2.13,2.893,-1.603,-0.615,-0.171,0.689,-8.191,1.985,-1.916,-0.241,-0.315,0.937,-1.328,-0.641,0.122,-0.195,-0.314,0.992,0.305,8.504,-0.405,0.054,-0.349,0.809,-0.405,4.076,0.038,btn_C
1780982105.6270146,-0.776,-0.096,0.649,-0.397,1.542,-0.908,-0.632,-0.255,0.692,-6.206,0.344,-0.374,-0.234,-0.329,0.948,-0.718,0.374,0.229,-0.2,-0.319,0.988,1.229,7.076,-0.305,0.061,-0.344,0.811,-0.328,2.206,-0.008,btn_C
1780982105.729988,-0.776,-0.099,0.655,-1.763,1.595,-1.214,-0.632,-0.257,0.69,-6.817,0.42,-0.595,-0.238,-0.327,0.941,-0.542,-0.687,0.221,-0.208,-0.319,0.995,1.496,6.481,-0.687,0.056,-0.346,0.803,-1.542,3.718,-0.702,btn_C
1780982105.8367236,-0.782,-0.1,0.643,-0.237,1.336,-0.092,-0.63,-0.257,0.688,-6.122,0.947,0.206,-0.233,-0.321,0.943,-0.267,0.0,0.366,-0.203,-0.321,0.99,1.489,7.336,0.313,0.057,-0.345,0.815,0.237,1.13,0.351,btn_C
1780982105.9360468,-0.781,-0.103,0.65,-1.557,1.298,-1.725,-0.632,-0.259,0.678,-6.573,0.695,-0.267,-0.231,-0.327,0.95,-0.221,0.122,0.198,-0.203,-0.317,0.99,1.679,6.649,-0.412,0.06,-0.347,0.817,-1.008,3.412,-0.26,btn_C
1780982106.0394058,-0.782,-0.1,0.65,-0.061,2.069,-1.069,-0.633,-0.257,0.686,-5.977,0.725,0.137,-0.23,-0.323,0.94,-0.366,-0.794,0.313,-0.209,-0.319,0.996,1.634,6.802,-0.252,0.056,-0.344,0.817,-0.168,2.649,-0.076,btn_C
1780982106.1419303,-0.784,-0.097,0.649,-0.969,1.725,-0.779,-0.629,-0.254,0.683,-6.29,0.664,-0.519,-0.232,-0.323,0.942,-0.405,0.229,0.389,-0.205,-0.317,0.994,1.374,7.282,-0.061,0.056,-0.347,0.815,-0.374,1.389,0.313,btn_C
1780982106.2536967,-0.783,-0.098,0.652,-0.344,1.656,-0.214,-0.63,-0.26,0.689,-6.359,0.443,-1.229,-0.234,-0.325,0.94,-0.084,0.115,0.115,-0.203,-0.316,0.985,1.481,6.74,-0.427,0.051,-0.351,0.817,-0.794,2.863,-0.16,btn_C
1780982106.3481076,-0.782,-0.096,0.646,-1.71,0.565,-2.176,-0.632,-0.256,0.698,-6.733,0.137,-1.122,-0.231,-0.323,0.944,-0.84,-0.42,0.008,-0.205,-0.319,0.992,1.672,6.969,-0.573,0.052,-0.347,0.811,-1.183,3.115,-0.153,btn_C
1780982106.4584582,-0.806,-0.12,0.672,4.847,-7.519,4.183,-0.749,-0.271,0.603,12.641,-7.87,10.084,-0.24,-0.327,0.938,3.519,1.046,1.573,-0.193,-0.341,1.0,1.282,13.687,-0.443,0.049,-0.354,0.813,-0.267,3.595,-1.206,btn_C
1780982106.5537617,-0.797,-0.103,0.684,1.779,1.145,3.076,-0.677,-0.237,0.698,2.275,-1.351,12.13,-0.222,-0.324,0.942,1.153,3.809,1.412,-0.22,-0.31,0.988,2.008,4.389,-0.298,0.054,-0.339,0.804,-1.901,0.046,-0.046,btn_C
1780982106.6573596,-0.795,-0.089,0.67,-1.023,1.282,1.885,-0.723,-0.251,0.729,0.656,0.305,8.214,-0.24,-0.32,0.93,2.29,1.618,1.084,-0.201,-0.312,0.999,3.519,3.221,-0.359,0.06,-0.336,0.807,-2.45,1.679,-0.458,btn_C
1780982106.7711158,-0.755,-0.063,0.662,3.076,-3.863,7.618,-0.596,-0.187,0.731,0.466,-2.969,1.305,-0.236,-0.32,0.949,0.901,-2.84,-0.084,-0.199,-0.313,0.999,1.443,5.733,-1.046,0.057,-0.349,0.811,-0.206,2.824,0.015,btn_C
1780982106.8724985,-0.746,-0.059,0.659,-0.328,0.603,1.794,-0.627,-0.162,0.649,-6.542,0.153,0.206,-0.237,-0.318,0.942,-1.435,0.718,0.29,-0.193,-0.313,0.994,1.366,11.779,0.405,0.047,-0.347,0.809,-0.885,5.74,-0.626,btn_C
1780982106.966179,-0.777,-0.063,0.67,-2.649,3.649,-2.504,-0.64,-0.192,0.727,-6.107,2.573,-1.427,-0.242,-0.319,0.943,-0.679,0.427,-0.115,-0.196,-0.313,0.998,1.298,7.687,-0.046,0.05,-0.349,0.806,-0.038,1.618,0.885,btn_C
1780982107.0690846,-0.79,-0.069,0.674,-1.061,2.198,-3.275,-0.637,-0.204,0.748,-6.214,1.092,-2.389,-0.238,-0.324,0.947,-0.489,0.214,0.565,-0.198,-0.312,0.995,1.962,5.603,-0.527,0.057,-0.347,0.806,-0.42,-1.183,0.206,btn_C
1780982107.1721585,-0.805,-0.06,0.664,-0.824,-2.855,1.26,-0.587,-0.185,0.748,-4.687,0.145,-2.198,-0.235,-0.317,0.94,-0.847,-0.641,-0.031,-0.208,-0.314,0.997,2.061,6.443,-0.611,0.055,-0.347,0.802,-0.695,0.748,-0.092,btn_C
1780982107.2869096,-0.716,-0.051,0.678,-4.321,7.74,-7.008,-0.628,-0.18,0.763,-8.435,5.137,-5.702,-0.229,-0.318,0.959,-1.504,2.221,-0.046,-0.201,-0.313,0.983,2.901,7.573,-0.969,0.058,-0.354,0.798,-1.802,0.649,-0.618,btn_C
1780982107.3877923,-0.798,-0.055,0.681,0.664,0.71,0.786,-0.644,-0.214,0.809,1.45,-2.504,1.756,-0.283,-0.332,0.975,1.221,-2.382,0.107,-0.191,-0.31,0.996,3.13,4.015,-1.13,0.055,-0.354,0.809,-1.366,1.718,-0.702,btn_C
1780982107.4874372,-0.737,-0.038,0.658,-1.198,2.0,-4.71,-0.55,-0.14,0.705,-12.344,4.55,-4.443,-0.23,-0.308,0.94,-2.305,0.702,-0.504,-0.192,-0.305,1.006,-1.198,10.336,0.099,0.062,-0.351,0.809,-0.252,8.84,0.031,btn_C
1780982107.5842648,-0.805,-0.099,0.668,-4.534,21.802,-12.618,-0.77,-0.309,0.774,-32.382,18.893,-23.878,-0.232,-0.333,0.934,-4.595,-2.107,-2.916,-0.205,-0.309,0.988,-0.695,8.893,-1.366,0.056,-0.349,0.814,-0.191,5.015,0.092,btn_C
1780982110.2722886,-0.775,-0.105,0.646,-0.473,1.511,-0.351,-0.625,-0.255,0.695,-6.359,0.847,-0.534,-0.239,-0.326,0.943,-0.366,0.435,0.405,-0.2,-0.306,0.988,1.443,7.053,-0.397,0.051,-0.344,0.81,-0.84,2.969,-0.183,btn_C
1780982110.3711448,-0.779,-0.106,0.651,-0.534,1.473,-0.359,-0.629,-0.258,0.687,-5.695,0.595,-0.771,-0.224,-0.325,0.949,-0.015,0.29,0.496,-0.202,-0.315,0.994,1.565,6.489,-0.863,0.055,-0.34,0.815,-1.305,3.366,-0.718,btn_C
1780982110.4686573,-0.782,-0.101,0.643,-0.84,1.763,-0.908,-0.635,-0.26,0.685,-6.298,0.618,-0.466,-0.231,-0.325,0.943,0.061,-0.214,0.366,-0.207,-0.311,0.998,1.618,6.672,-0.313,0.054,-0.344,0.815,-0.496,1.84,0.344,btn_C
1780982110.5711668,-0.788,-0.106,0.654,-1.099,1.45,-1.038,-0.622,-0.256,0.688,-6.656,0.504,-0.45,-0.228,-0.322,0.941,-0.198,-0.099,0.962,-0.203,-0.318,1.001,1.351,6.916,-0.466,0.054,-0.345,0.811,-0.618,2.267,0.153,btn_C
1780982110.6742308,-0.779,-0.103,0.643,0.069,1.42,-0.336,-0.626,-0.253,0.689,-6.405,0.519,-0.527,-0.229,-0.324,0.949,-0.305,0.176,0.656,-0.208,-0.312,0.989,1.137,7.321,-0.214,0.057,-0.343,0.815,-0.214,2.16,0.244,btn_C
1780982110.7768507,-0.786,-0.097,0.654,-0.244,1.153,-0.664,-0.631,-0.254,0.687,-6.427,0.313,-0.366,-0.228,-0.326,0.941,-0.153,-0.313,0.466,-0.202,-0.314,1.0,1.443,7.611,0.611,0.057,-0.346,0.81,0.267,1.756,0.244,btn_C
1780982110.8798628,-0.789,-0.111,0.655,0.038,2.168,-0.954,-0.668,-0.274,0.68,-2.405,-1.031,2.511,-0.212,-0.316,0.949,-0.351,2.382,1.298,-0.212,-0.31,0.996,1.626,7.557,-0.145,0.06,-0.335,0.803,-0.214,-2.389,1.122,btn_C
1780982110.9865997,-0.781,-0.096,0.666,3.267,-2.534,5.321,-0.611,-0.233,0.708,5.137,-3.634,11.115,-0.239,-0.303,0.952,-4.55,-2.893,-0.191,-0.214,-0.297,0.986,2.191,2.985,-0.702,0.053,-0.346,0.809,-1.038,1.489,-0.557,btn_C
1780982111.0863514,-0.743,-0.076,0.653,-8.42,-2.687,0.137,-0.623,-0.208,0.716,-2.443,-1.84,2.137,-0.24,-0.317,0.941,1.656,1.969,1.206,-0.214,-0.306,0.987,0.687,6.565,-0.168,0.05,-0.346,0.802,1.573,-0.099,0.794,btn_C
1780982111.1893783,-0.782,-0.069,0.66,-2.153,1.244,-1.229,-0.672,-0.209,0.693,-4.107,-1.221,2.55,-0.236,-0.324,0.946,1.076,1.053,1.008,-0.206,-0.309,0.996,2.489,6.573,-1.382,0.057,-0.357,0.796,-1.435,1.916,-0.992,btn_C
1780982111.3036995,-0.73,-0.041,0.618,-1.779,-2.954,1.733,-0.605,-0.194,0.723,-4.435,0.16,0.053,-0.233,-0.321,0.947,-0.374,-0.443,0.015,-0.199,-0.308,0.993,1.779,6.74,-0.214,0.052,-0.351,0.807,-0.282,2.351,0.466,btn_C
1780982111.4041297,-0.783,-0.063,0.696,-2.87,3.153,-1.618,-0.662,-0.205,0.704,-5.832,-0.634,1.328,-0.233,-0.324,0.941,-0.282,-0.618,0.26,-0.204,-0.311,0.993,2.107,5.168,-0.099,0.08,-0.329,0.818,-0.527,-0.374,1.061,btn_C
1780982111.502565,-0.797,-0.068,0.691,-0.023,0.977,0.58,-0.652,-0.208,0.736,-2.947,-1.206,2.916,-0.235,-0.321,0.946,0.58,0.458,0.557,-0.193,-0.315,1.0,2.42,6.13,-0.29,0.052,-0.353,0.812,-1.0,2.504,-0.496,btn_C
1780982111.6014433,-0.771,-0.049,0.684,-0.634,-1.634,1.145,-0.692,-0.242,0.793,-0.313,-3.672,6.42,-0.245,-0.32,0.945,0.962,0.847,0.534,-0.212,-0.31,0.993,2.985,5.443,0.053,0.053,-0.342,0.812,-1.374,1.969,-0.344,btn_C
1780982111.703851,-0.762,-0.052,0.683,4.733,-1.527,3.924,-0.655,-0.176,0.674,-1.618,-4.382,4.069,-0.226,-0.312,0.943,0.221,-0.58,0.076,-0.189,-0.312,0.998,2.183,6.038,-0.221,0.06,-0.355,0.808,-1.534,6.496,-0.221,btn_C
1780982111.8184972,-0.74,-0.073,0.693,3.969,1.153,0.588,-0.672,-0.2,0.708,-4.313,-0.092,0.389,-0.238,-0.314,0.944,1.473,-1.053,0.344,-0.194,-0.303,1.0,2.939,5.069,-0.412,0.063,-0.352,0.819,-1.962,3.031,-0.336,btn_C
1780982111.9213097,-0.764,-0.087,0.705,6.313,-0.489,6.427,-0.615,-0.159,0.664,-0.588,0.649,0.191,-0.242,-0.304,0.931,-1.061,-0.29,-0.557,-0.19,-0.304,0.994,0.55,8.695,-0.931,0.065,-0.349,0.812,0.344,3.374,0.786,btn_C
1780982112.0135732,-0.752,-0.059,0.684,-0.351,1.221,-1.084,-0.561,-0.184,0.747,-8.015,-0.42,-1.397,-0.24,-0.316,0.939,-1.038,0.122,-0.168,-0.204,-0.31,0.993,1.099,7.954,-0.718,0.057,-0.349,0.809,0.137,0.733,-0.374,btn_C
1780982112.1166935,-0.75,-0.059,0.669,-2.221,3.137,-4.55,-0.602,-0.172,0.694,-12.466,3.115,-4.916,-0.238,-0.315,0.945,-1.466,-0.336,-0.397,-0.198,-0.305,0.994,0.061,6.71,-0.237,0.054,-0.358,0.808,-0.344,4.473,-0.313,btn_C
1780982112.219428,-0.77,-0.098,0.681,-6.779,13.931,-15.206,-0.62,-0.255,0.709,-39.252,10.702,-26.947,-0.223,-0.32,0.943,-3.771,-5.695,-2.206,-0.181,-0.314,1.003,-0.916,8.008,-1.053,0.052,-0.353,0.823,0.84,2.71,0.29,btn_C
1780982114.8971083,-0.781,-0.103,0.653,-1.237,1.626,-1.603,-0.631,-0.258,0.695,-6.405,0.489,-0.145,-0.234,-0.324,0.943,-0.313,-0.321,0.687,-0.206,-0.312,0.987,1.863,7.061,-0.695,0.058,-0.342,0.815,-0.344,1.725,0.183,btn_C
1780982115.0008159,-0.778,-0.103,0.648,-1.145,1.153,-1.45,-0.625,-0.252,0.695,-6.786,0.924,0.282,-0.233,-0.326,0.946,-0.611,0.489,0.351,-0.202,-0.315,0.993,1.244,6.84,-0.588,0.058,-0.343,0.81,-0.053,1.198,0.351,btn_C
1780982115.1037133,-0.782,-0.108,0.652,-0.893,0.954,-0.382,-0.622,-0.254,0.693,-6.45,0.733,0.29,-0.233,-0.325,0.939,-0.458,0.168,0.221,-0.204,-0.313,0.993,1.473,7.427,-0.13,0.056,-0.342,0.813,0.015,1.359,0.466,btn_C
1780982115.2063913,-0.781,-0.104,0.649,-1.344,2.0,-1.237,-0.622,-0.252,0.692,-6.137,0.397,-0.405,-0.23,-0.321,0.949,-0.641,-0.664,0.351,-0.206,-0.312,0.992,1.115,6.878,-0.069,0.059,-0.344,0.807,-0.198,1.214,0.504,btn_C
1780982115.3210425,-0.783,-0.102,0.642,-0.527,1.74,-1.053,-0.625,-0.257,0.691,-6.099,0.817,-0.321,-0.229,-0.324,0.945,-0.756,0.634,0.626,-0.204,-0.315,0.988,1.618,6.832,0.122,0.054,-0.348,0.817,-1.863,1.55,0.427,btn_C
1780982115.416958,-0.788,-0.107,0.653,-1.099,1.504,-0.427,-0.593,-0.25,0.724,-4.947,-6.42,1.26,-0.227,-0.331,0.939,-0.389,1.565,0.74,-0.21,-0.314,0.997,2.763,4.58,0.405,0.061,-0.347,0.81,-2.519,2.053,-0.702,btn_C
1780982115.5155005,-0.781,-0.093,0.672,5.0,-4.901,6.023,-0.595,-0.227,0.702,4.985,-1.221,13.618,-0.242,-0.325,0.939,0.985,0.458,1.084,-0.212,-0.309,0.991,2.511,5.069,-0.649,0.059,-0.345,0.811,-1.206,5.58,-1.534,btn_C
1780982115.6186485,-0.805,-0.078,0.659,0.481,-3.802,7.71,-0.725,-0.221,0.685,3.878,-3.977,7.252,-0.234,-0.313,0.935,0.969,0.275,1.298,-0.195,-0.301,1.013,3.13,5.573,-0.489,0.061,-0.353,0.81,-1.183,-0.901,0.061,btn_C
1780982115.723461,-0.744,-0.068,0.649,-1.511,1.107,-0.374,-0.663,-0.199,0.693,-4.397,1.382,-0.992,-0.229,-0.321,0.942,-0.298,0.55,-0.351,-0.193,-0.308,0.996,1.87,6.771,-0.656,0.061,-0.331,0.815,0.573,-0.069,-0.855,btn_C
1780982115.8410788,-0.784,-0.068,0.683,-0.061,2.779,-2.008,-0.653,-0.2,0.712,-6.511,1.122,-1.496,-0.236,-0.316,0.943,-0.015,-1.038,0.061,-0.198,-0.316,1.004,1.481,7.359,-0.328,0.057,-0.344,0.805,-0.786,1.84,0.45,btn_C
1780982115.9361,-0.785,-0.073,0.671,-0.565,2.008,-1.504,-0.627,-0.218,0.754,-5.802,0.458,-0.061,-0.238,-0.324,0.952,-0.908,0.511,0.931,-0.204,-0.312,0.994,2.947,7.344,0.244,0.051,-0.346,0.811,-1.511,2.061,-0.634,btn_C
1780982116.0352502,-0.78,-0.081,0.683,0.366,-0.58,1.061,-0.613,-0.195,0.72,-4.603,0.87,0.061,-0.24,-0.32,0.944,-0.183,0.496,0.076,-0.199,-0.309,0.996,1.748,7.74,-0.458,0.058,-0.342,0.812,-0.489,2.237,-0.244,btn_C
1780982116.133632,-0.768,-0.062,0.664,-1.137,-1.328,0.527,-0.635,-0.183,0.714,-6.038,0.298,-2.031,-0.238,-0.32,0.934,-1.13,-1.855,-0.412,-0.195,-0.306,1.002,2.015,6.718,0.038,0.059,-0.348,0.815,-0.023,1.656,0.435,btn_C
1780982116.2365067,-0.787,-0.058,0.675,0.435,-0.176,0.603,-0.635,-0.188,0.715,-3.504,1.282,-1.038,-0.235,-0.314,0.942,0.198,0.267,0.267,-0.205,-0.321,1.0,0.679,5.206,-0.695,0.061,-0.343,0.798,1.733,-2.153,1.351,btn_C
1780982116.3515332,-0.769,-0.056,0.668,0.595,1.527,1.542,-0.642,-0.206,0.762,-0.885,0.893,-0.672,-0.248,-0.321,0.946,0.038,1.237,0.153,-0.205,-0.312,0.99,2.13,4.282,-1.26,0.054,-0.349,0.809,-2.466,3.389,-1.191,btn_C
1780982116.4548397,-0.777,-0.052,0.652,3.153,-4.092,6.321,-0.584,-0.168,0.72,1.374,-0.015,-1.855,-0.247,-0.321,0.938,0.031,-2.137,-0.092,-0.195,-0.31,0.993,1.092,6.924,-0.573,0.064,-0.348,0.816,-1.137,5.0,-0.87,btn_C
1780982116.5522573,-0.731,-0.059,0.674,-1.344,2.344,-7.038,-0.542,-0.148,0.689,-11.954,7.214,-7.969,-0.238,-0.313,0.935,-1.771,0.176,-0.534,-0.196,-0.309,1.0,-1.344,12.626,-0.718,0.062,-0.347,0.805,1.275,4.763,0.664,btn_C
1780982116.6488082,-0.81,-0.091,0.654,-7.985,13.206,-11.084,-0.642,-0.278,0.735,-28.649,9.55,-13.863,-0.231,-0.329,0.943,-2.084,1.74,-1.015,-0.182,-0.317,0.99,0.573,9.099,-0.153,0.048,-0.352,0.812,-1.046,5.702,-0.855,btn_C
1780982116.7516677,-0.78,-0.091,0.654,-1.176,3.374,-1.168,-0.63,-0.251,0.693,-7.321,2.626,-0.947,-0.232,-0.323,0.943,-0.87,0.443,-0.153,-0.203,-0.317,0.995,1.901,7.145,-0.023,0.055,-0.339,0.81,-1.74,3.427,-0.313,btn_C
1780982116.8543677,-0.779,-0.097,0.644,-1.015,1.74,-0.718,-0.627,-0.255,0.688,-6.595,0.71,-1.55,-0.234,-0.329,0.947,-0.42,-0.435,-0.16,-0.203,-0.32,0.993,1.351,7.031,-0.595,0.05,-0.338,0.812,-1.389,3.137,-0.183,btn_C
1780982119.533097,-0.776,-0.096,0.646,-1.427,0.954,-1.626,-0.625,-0.257,0.696,-6.412,0.511,-0.725,-0.23,-0.325,0.939,-0.427,-0.183,0.153,-0.202,-0.313,0.989,1.221,6.908,-0.13,0.056,-0.346,0.813,-0.779,3.771,-0.573,btn_C
1780982119.6368227,-0.78,-0.104,0.647,-1.198,0.977,-0.954,-0.625,-0.258,0.696,-6.466,0.206,-0.557,-0.237,-0.324,0.949,-0.115,0.435,0.137,-0.202,-0.314,0.998,1.618,7.145,-0.26,0.056,-0.344,0.815,-0.26,1.206,0.389,btn_C
1780982119.7389908,-0.782,-0.1,0.649,-1.015,1.489,-0.573,-0.625,-0.257,0.696,-6.206,1.214,0.565,-0.233,-0.329,0.946,-0.244,0.687,0.626,-0.203,-0.315,0.988,1.565,8.176,-0.481,0.017,-0.352,0.797,-0.779,4.275,0.328,btn_C
1780982119.854165,-0.779,-0.098,0.643,-0.992,2.061,-1.115,-0.629,-0.253,0.698,-6.687,0.756,0.229,-0.236,-0.331,0.946,-0.275,0.26,-0.061,-0.207,-0.313,0.992,0.695,7.321,-0.55,0.054,-0.343,0.811,-1.481,2.092,-0.015,btn_C
1780982119.9534175,-0.78,-0.104,0.647,-1.16,1.916,-1.351,-0.624,-0.262,0.695,-6.511,1.16,-0.038,-0.234,-0.328,0.945,-0.641,-0.008,0.267,-0.204,-0.319,0.99,1.351,7.031,-0.168,0.056,-0.345,0.805,-0.458,2.023,0.061,btn_C
1780982120.0477517,-0.782,-0.102,0.636,-0.534,1.611,0.053,-0.625,-0.257,0.698,-6.489,0.672,-0.046,-0.239,-0.326,0.934,-0.313,-0.244,-0.519,-0.202,-0.318,0.994,1.397,6.504,-0.328,0.048,-0.341,0.812,-0.885,1.939,-0.092,btn_C
1780982120.153242,-0.784,-0.104,0.647,-0.229,1.779,-0.977,-0.623,-0.259,0.697,-6.084,0.718,-0.122,-0.236,-0.326,0.942,-0.244,-0.053,-0.046,-0.198,-0.316,0.984,1.901,7.031,0.206,0.05,-0.337,0.806,-2.298,2.908,-0.595,btn_C
1780982120.258552,-0.854,-0.108,0.621,0.679,1.763,-2.069,-0.448,-0.299,0.866,2.321,-23.641,8.221,-0.243,-0.332,0.941,0.794,1.847,1.511,-0.207,-0.304,0.976,0.137,5.107,0.298,0.052,-0.347,0.807,-0.237,-2.153,0.809,btn_C
1780982120.3567035,-0.771,-0.086,0.659,-2.023,-1.885,-0.802,-0.615,-0.232,0.752,-0.725,-1.519,8.42,-0.208,-0.326,0.921,0.16,3.87,0.55,-0.207,-0.32,0.998,3.176,6.916,-0.496,0.055,-0.35,0.812,-0.29,3.763,-0.382,btn_C
1780982120.4700198,-0.773,-0.09,0.664,-0.626,-0.977,2.84,-0.612,-0.218,0.733,-1.573,2.061,4.16,-0.241,-0.324,0.946,0.458,2.015,0.221,-0.208,-0.322,0.989,1.489,4.947,-0.847,0.055,-0.345,0.801,-0.191,-0.153,0.321,btn_C
1780982120.56925,-0.797,-0.078,0.673,-1.679,1.344,-0.534,-0.665,-0.204,0.715,-2.115,0.466,5.321,-0.251,-0.322,0.944,1.519,0.122,-0.038,-0.191,-0.312,1.01,2.405,5.267,-0.359,0.051,-0.345,0.812,-0.809,1.206,0.183,btn_C
1780982120.6723309,-0.766,-0.078,0.674,-1.557,1.221,0.672,-0.603,-0.183,0.719,-5.328,0.901,-0.137,-0.241,-0.317,0.94,-0.107,-0.321,0.076,-0.203,-0.312,0.994,1.901,6.748,-0.359,0.058,-0.347,0.814,-0.763,3.374,0.092,btn_C
1780982120.7686377,-0.754,-0.086,0.686,3.183,1.389,-2.603,-0.605,-0.192,0.712,-5.786,3.061,-10.565,-0.232,-0.323,0.949,-2.099,0.061,-0.092,-0.208,-0.311,0.992,2.16,7.74,-0.023,0.063,-0.346,0.806,-1.336,4.573,-0.962,btn_C
1780982120.8726115,-0.791,-0.069,0.671,3.313,0.611,0.954,-0.61,-0.189,0.711,0.969,-3.435,8.344,-0.245,-0.314,0.936,0.832,-0.771,0.305,-0.205,-0.303,1.002,2.573,13.55,-0.466,0.061,-0.354,0.818,1.145,4.565,0.221,btn_C
1780982120.9851067,-0.769,-0.068,0.675,-2.298,1.74,-2.42,-0.632,-0.189,0.721,-5.282,2.168,-1.427,-0.235,-0.316,0.93,0.504,-1.359,-1.214,-0.203,-0.309,0.987,2.099,5.824,-0.496,0.055,-0.347,0.81,1.099,-0.069,0.618,btn_C
1780982121.084973,-0.751,-0.076,0.679,5.573,6.519,-5.29,-0.592,-0.176,0.726,-9.069,3.947,-5.626,-0.244,-0.329,0.953,-2.771,-0.382,-1.282,-0.203,-0.31,1.004,1.389,6.985,-1.832,0.054,-0.354,0.81,-0.321,-0.229,1.695,btn_C
1780982121.1847088,-0.766,-0.055,0.657,-2.511,2.71,-3.176,-0.605,-0.183,0.763,-8.641,0.634,-0.847,-0.24,-0.331,0.957,-0.969,-0.084,-0.023,-0.2,-0.311,0.999,1.519,7.313,-0.611,0.062,-0.346,0.81,-0.405,0.71,1.137,btn_C
1780982121.2835653,-0.802,-0.074,0.679,-3.992,5.656,-4.221,-0.632,-0.183,0.675,-11.099,5.298,-4.405,-0.229,-0.34,0.984,-1.931,1.74,0.527,-0.2,-0.319,0.986,2.832,9.855,0.443,0.098,-0.286,0.839,-3.55,4.092,-1.817,btn_C
1780982121.386989,-0.805,-0.081,0.684,1.321,0.954,2.412,-0.707,-0.252,0.795,5.802,-2.931,7.611,-0.246,-0.322,0.932,2.16,-1.031,0.336,-0.191,-0.305,1.002,2.824,4.298,0.0,0.06,-0.344,0.823,-0.267,0.771,0.351,btn_C
1780982121.5020938,-0.842,-0.056,0.713,-9.489,2.298,-6.26,-0.708,-0.197,0.762,-6.221,0.641,-0.153,-0.24,-0.324,0.944,0.298,3.771,-0.29,-0.191,-0.311,0.995,3.031,7.046,-0.046,0.052,-0.348,0.81,-0.344,-0.573,-0.29,btn_C
1780982124.1676939,-0.772,-0.101,0.658,-1.557,1.458,-1.0,-0.646,-0.266,0.681,-6.542,0.878,-0.473,-0.238,-0.334,0.942,-0.511,0.702,0.595,-0.215,-0.318,0.992,1.794,7.015,-0.557,0.058,-0.344,0.813,-1.237,3.069,-0.618,btn_C
1780982124.2839913,-0.775,-0.101,0.665,-0.168,2.023,-0.092,-0.632,-0.262,0.69,-6.344,0.489,-0.252,-0.24,-0.33,0.937,-0.611,0.099,0.076,-0.202,-0.317,0.988,1.588,7.16,-0.473,0.054,-0.344,0.813,-0.977,3.221,-0.573,btn_C
1780982124.3846104,-0.776,-0.098,0.66,-0.855,1.702,-1.389,-0.63,-0.257,0.682,-6.115,0.481,-0.511,-0.235,-0.324,0.944,0.046,-0.534,0.015,-0.21,-0.319,0.989,1.565,7.305,-0.389,0.057,-0.347,0.806,-0.321,2.153,0.336,btn_C
1780982124.4858854,-0.78,-0.1,0.653,-0.885,1.046,-1.13,-0.635,-0.26,0.687,-6.351,0.504,-0.351,-0.237,-0.328,0.931,-0.359,0.015,0.076,-0.203,-0.317,0.989,1.282,6.679,-0.382,0.057,-0.342,0.808,-0.679,0.863,0.344,btn_C
1780982124.5847492,-0.776,-0.096,0.652,-1.168,1.0,-0.557,-0.631,-0.258,0.701,-6.435,0.397,0.115,-0.238,-0.326,0.943,-0.412,0.008,-0.473,-0.209,-0.317,0.994,1.634,6.588,-0.679,0.057,-0.344,0.813,-0.359,1.458,-0.145,btn_C
1780982124.6893926,-0.779,-0.098,0.655,-0.893,1.267,-0.679,-0.628,-0.254,0.69,-6.29,0.695,-0.069,-0.238,-0.327,0.939,-0.427,-0.87,-0.031,-0.2,-0.317,0.983,1.672,6.573,-0.298,0.056,-0.345,0.821,-1.481,2.695,-0.397,btn_C
1780982124.7863016,-0.793,-0.102,0.676,2.237,1.214,1.87,-0.83,0.127,0.269,-41.824,-1.275,44.237,-0.296,-0.303,0.874,2.969,8.076,1.725,-0.19,-0.318,1.039,3.382,-3.42,0.137,0.062,-0.357,0.813,-6.076,3.191,-1.855,btn_C
1780982124.901132,-0.756,-0.067,0.669,-2.481,-7.847,-0.618,-0.517,-0.205,0.732,-1.206,-3.603,16.008,-0.232,-0.329,0.951,1.71,1.885,0.282,-0.455,-0.234,1.205,4.115,2.229,-3.977,0.044,-0.345,0.801,0.947,1.427,0.244,btn_C
1780982125.0028598,-0.749,-0.087,0.68,-2.099,1.947,2.725,-0.595,-0.193,0.712,-5.863,1.008,-1.489,-0.238,-0.321,0.935,-0.58,-1.168,-0.435,-0.205,-0.312,0.997,1.16,7.16,-0.893,0.055,-0.346,0.813,-1.26,2.977,-0.29,btn_C
1780982125.095299,-0.768,-0.082,0.678,-3.076,0.336,-2.26,-0.625,-0.2,0.715,-6.511,-1.092,2.504,-0.255,-0.32,0.935,1.13,0.702,0.687,-0.202,-0.308,0.981,3.305,5.947,-1.008,0.047,-0.351,0.816,-0.733,2.557,0.115,btn_C
1780982125.1979585,-0.82,-0.104,0.715,-1.176,-1.008,2.176,-0.649,-0.193,0.695,-0.382,5.366,14.153,-0.239,-0.312,0.929,1.328,-0.481,-0.511,-0.219,-0.306,0.988,3.061,3.618,-0.176,0.052,-0.341,0.817,0.084,1.855,0.366,btn_C
1780982125.301026,-0.783,-0.087,0.687,0.931,-2.931,2.321,-0.561,-0.16,0.734,3.771,0.015,10.26,-0.247,-0.313,0.937,2.618,0.519,-0.321,-0.212,-0.302,0.997,2.038,5.817,-0.382,0.046,-0.351,0.812,0.931,0.672,-0.55,btn_C
1780982125.4175613,-0.805,-0.085,0.704,4.137,1.649,4.328,-0.677,-0.144,0.634,5.107,2.366,4.084,-0.245,-0.316,0.927,1.878,-0.214,0.13,-0.199,-0.314,1.01,2.351,10.489,-0.366,0.031,-0.378,0.803,0.954,1.359,0.0,btn_C
1780982125.5177736,-0.792,-0.068,0.675,2.252,-0.412,5.198,-0.693,-0.185,0.723,4.908,-2.176,5.221,-0.254,-0.292,0.891,3.756,-2.26,-0.885,-0.184,-0.293,0.989,1.26,4.359,-0.435,0.057,-0.353,0.814,1.023,0.435,1.099,btn_C
1780982125.6194952,-0.759,-0.055,0.677,-2.496,0.626,-1.74,-0.618,-0.153,0.705,-7.977,0.649,0.137,-0.233,-0.309,0.939,-1.321,0.786,-0.664,-0.199,-0.301,0.995,0.687,8.13,-0.611,0.046,-0.35,0.813,0.664,2.405,0.45,btn_C
1780982125.7130806,-0.749,-0.041,0.668,-4.26,4.313,-5.641,-0.646,-0.165,0.749,-12.397,1.786,-2.824,-0.239,-0.317,0.941,-2.496,3.099,-0.427,-0.193,-0.302,0.999,0.305,8.344,-0.229,0.045,-0.351,0.803,1.198,0.634,0.748,btn_C
1780982125.816336,-0.786,-0.062,0.684,-3.351,4.267,-3.771,-0.684,-0.203,0.785,-7.176,0.389,-0.977,-0.241,-0.33,0.95,-0.084,1.42,0.214,-0.2,-0.303,0.996,2.832,6.855,0.282,0.056,-0.347,0.805,-0.74,0.878,-0.237,btn_C
1780982125.9194288,-0.759,-0.057,0.668,0.405,1.947,-0.489,-0.627,-0.176,0.763,-4.489,1.237,0.252,-0.242,-0.32,0.944,0.855,-0.313,0.198,-0.205,-0.304,1.002,1.542,5.885,-0.168,0.053,-0.346,0.816,-1.229,2.664,-0.29,btn_C
1780982126.036171,-0.754,-0.059,0.679,-1.397,1.786,-1.443,-0.604,-0.146,0.705,-9.298,2.664,-3.473,-0.249,-0.313,0.921,0.015,1.962,0.427,-0.208,-0.302,0.994,-0.817,8.748,-0.534,0.049,-0.339,0.813,-0.282,4.611,-0.427,btn_C
1780982126.1384506,-0.751,-0.047,0.66,-1.511,2.107,-1.847,-0.619,-0.173,0.747,-8.267,0.672,-2.191,-0.241,-0.318,0.939,-0.427,1.916,-0.344,-0.203,-0.304,0.994,0.412,5.748,-1.076,0.056,-0.351,0.815,-0.29,2.374,0.176,btn_C
1780982128.8031297,-0.775,-0.09,0.66,-0.275,1.672,0.298,-0.613,-0.239,0.703,-5.252,0.275,-0.26,-0.244,-0.329,0.939,-0.359,-0.244,0.26,-0.204,-0.315,0.987,1.267,6.947,-0.779,0.045,-0.342,0.811,-0.763,1.718,0.496,btn_C
1780982128.9059565,-0.771,-0.092,0.658,-1.374,2.115,-1.198,-0.613,-0.244,0.707,-6.939,1.42,-0.954,-0.233,-0.324,0.944,-0.748,-0.092,0.015,-0.203,-0.316,0.995,1.092,7.374,-0.351,0.04,-0.34,0.811,-0.893,3.031,-0.427,btn_C
1780982129.0171168,-0.768,-0.083,0.655,-5.305,5.351,-6.649,-0.753,-0.357,0.821,-15.641,14.374,-5.824,-0.243,-0.328,0.934,-2.198,-3.053,-1.214,-0.205,-0.316,0.991,-0.107,12.695,-0.656,0.05,-0.351,0.823,2.695,2.137,0.527,btn_C
1780982129.117259,-0.777,-0.093,0.657,-0.099,1.183,-0.092,-0.628,-0.254,0.694,-5.809,0.58,0.031,-0.237,-0.327,0.943,0.611,-0.534,0.214,-0.206,-0.315,1.0,1.618,6.916,-0.397,0.048,-0.345,0.81,-0.198,2.015,0.496,btn_C
1780982129.2154353,-0.777,-0.095,0.656,-1.824,0.237,-1.779,-0.636,-0.257,0.691,-6.214,0.733,-0.122,-0.237,-0.331,0.942,-0.26,-0.183,-0.153,-0.204,-0.316,0.987,1.42,7.511,-0.443,0.051,-0.342,0.803,0.069,1.802,0.435,btn_C
1780982129.3181548,-0.778,-0.101,0.657,-0.916,1.565,-1.542,-0.635,-0.256,0.692,-6.786,1.313,-1.046,-0.23,-0.325,0.939,-0.84,0.679,-0.176,-0.203,-0.319,0.991,1.137,7.313,-0.168,0.055,-0.345,0.807,-0.603,3.359,-0.336,btn_C
1780982129.4303129,-0.816,-0.101,0.664,6.229,-2.443,6.198,-0.677,-0.341,0.754,17.794,-40.13,14.649,-0.232,-0.342,0.956,4.435,8.198,4.824,-0.204,-0.282,0.987,-0.237,2.573,0.84,0.042,-0.343,0.802,-1.366,0.809,-1.053,btn_C
1780982129.5246494,-0.587,-0.025,0.608,-2.145,8.565,-2.427,-0.631,-0.204,0.827,-0.29,5.458,1.603,-0.273,-0.3,0.893,0.153,7.351,0.863,-0.211,-0.305,0.991,-0.16,14.168,-1.489,0.035,-0.319,0.801,-3.763,3.954,-0.252,btn_C
1780982129.633941,-0.796,-0.059,0.7,-4.198,6.344,-8.13,-0.585,-0.18,0.761,-9.115,5.412,-2.847,-0.241,-0.328,0.95,1.015,-2.191,-0.061,-0.195,-0.31,0.991,0.855,5.412,-0.84,0.054,-0.354,0.805,-0.099,-0.588,-0.038,btn_C
1780982129.7310297,-0.705,-0.065,0.653,-0.534,3.855,-11.099,-0.487,-0.153,0.748,-10.183,13.145,-14.595,-0.25,-0.326,0.945,-3.29,-3.359,-0.985,-0.25,-0.326,0.964,-1.092,6.733,-2.046,0.048,-0.347,0.804,1.511,1.809,-0.061,btn_C
1780982129.8335662,-0.838,-0.098,0.703,-2.16,2.702,-0.786,-0.705,-0.198,0.695,-2.275,-0.267,6.817,-0.247,-0.321,0.946,-0.42,3.145,1.344,-0.202,-0.312,1.004,2.405,4.603,-1.046,0.059,-0.353,0.805,-1.214,1.573,-0.885,btn_C
1780982129.9364417,-0.791,-0.077,0.669,2.565,-5.336,5.725,-0.703,-0.196,0.689,7.992,0.42,3.092,-0.23,-0.305,0.905,1.046,-1.405,-0.237,-0.22,-0.305,0.991,1.145,6.679,-1.924,0.056,-0.344,0.816,-0.351,3.992,-0.191,btn_C
1780982130.0548544,-0.743,-0.05,0.656,1.771,5.794,-1.282,-0.57,-0.163,0.748,-7.534,2.87,-6.611,-0.243,-0.325,0.949,-1.534,-2.588,-0.771,-0.201,-0.311,0.99,0.748,9.611,-1.023,0.057,-0.348,0.806,0.748,1.382,1.817,btn_C
1780982130.1421766,-0.767,-0.063,0.68,-1.191,-0.214,0.58,-0.627,-0.169,0.716,-6.13,-0.87,0.748,-0.238,-0.321,0.945,0.656,-1.656,-0.069,-0.208,-0.312,0.998,1.412,6.336,-0.55,0.048,-0.338,0.809,-0.313,1.809,0.191,btn_C
1780982130.2454355,-0.73,-0.042,0.665,-0.092,4.725,-2.084,-0.586,-0.142,0.71,-10.053,3.74,-6.008,-0.232,-0.324,0.955,-2.412,-0.221,-1.046,-0.222,-0.31,0.99,0.527,8.076,-0.412,0.041,-0.348,0.805,-1.275,6.053,-0.183,btn_C
1780982130.348585,-0.799,-0.066,0.685,-0.008,2.466,0.924,-0.635,-0.168,0.71,-2.733,3.817,-3.389,-0.233,-0.324,0.935,-0.405,-1.672,-0.405,-0.207,-0.306,0.997,1.802,6.328,0.168,0.054,-0.344,0.814,-1.29,3.924,-0.916,btn_C
1780982130.4518578,-0.714,-0.041,0.641,-6.282,6.099,-7.74,-0.591,-0.168,0.731,-15.099,5.351,-29.42,-0.236,-0.317,0.937,-2.473,-4.031,-1.802,-0.201,-0.301,1.0,-2.183,11.718,-1.855,0.057,-0.352,0.81,0.305,3.779,-0.74,btn_C
1780982130.5697725,-0.796,-0.081,0.648,-10.145,9.916,-13.099,-0.657,-0.257,0.695,-35.832,2.374,-10.298,-0.224,-0.334,0.939,-2.008,1.641,-0.282,-0.202,-0.319,1.008,0.366,9.901,-0.313,0.049,-0.342,0.805,-2.137,2.427,-0.084,btn_C
1780982130.6587338,-0.777,-0.09,0.652,-1.786,1.137,-1.794,-0.626,-0.258,0.695,-6.641,1.282,-1.275,-0.242,-0.329,0.943,-0.191,0.038,-0.099,-0.214,-0.319,0.992,1.099,7.649,-0.427,0.042,-0.346,0.81,-0.397,2.656,-0.595,btn_C
1780982130.7652764,-0.781,-0.096,0.651,-0.26,2.038,-1.443,-0.618,-0.256,0.692,-6.702,0.748,-1.305,-0.232,-0.332,0.944,0.176,-0.611,0.031,-0.211,-0.317,0.989,1.573,6.672,-0.084,0.051,-0.351,0.816,-0.458,3.496,-0.748,btn_C
1780982133.4482565,-0.784,-0.097,0.648,-0.053,2.153,-0.198,-0.623,-0.259,0.694,-6.076,1.145,0.42,-0.246,-0.329,0.936,0.084,0.382,-0.168,-0.216,-0.318,0.989,1.71,6.718,0.069,0.053,-0.345,0.813,-1.641,2.809,-0.618,btn_C
1780982133.5490878,-0.78,-0.094,0.655,-1.977,1.481,-1.351,-0.623,-0.263,0.696,-6.313,0.893,-0.282,-0.249,-0.332,0.93,-0.298,-0.481,-0.298,-0.217,-0.318,0.981,1.595,7.061,-0.13,0.056,-0.34,0.815,-1.145,5.061,-0.931,btn_C
1780982133.6444266,-0.781,-0.094,0.65,-1.153,1.344,-1.595,-0.631,-0.254,0.69,-6.458,0.198,-0.985,-0.242,-0.331,0.939,-0.122,-0.351,-0.084,-0.213,-0.32,0.981,1.702,6.435,-0.504,0.049,-0.346,0.809,-1.107,3.779,-0.771,btn_C
1780982133.7508214,-0.781,-0.098,0.647,-1.137,1.702,-0.527,-0.633,-0.26,0.687,-6.588,0.275,-0.939,-0.239,-0.326,0.943,-0.557,-0.13,-0.435,-0.213,-0.319,0.986,1.58,6.855,-0.87,0.053,-0.344,0.811,-1.13,4.58,-0.718,btn_C
1780982133.852832,-0.782,-0.1,0.658,-1.473,2.145,-0.878,-0.628,-0.258,0.688,-6.435,0.305,-0.634,-0.24,-0.327,0.933,-0.275,-0.008,0.023,-0.216,-0.318,0.983,1.71,6.42,-0.626,0.061,-0.348,0.808,-0.786,3.855,-1.137,btn_C
1780982133.9532852,-0.774,-0.097,0.647,-0.748,1.649,-1.244,-0.621,-0.256,0.698,-6.916,0.565,-0.58,-0.24,-0.329,0.937,-0.107,-0.557,-0.099,-0.215,-0.317,0.98,1.565,6.947,-0.214,0.047,-0.34,0.802,-1.084,4.672,-0.924,btn_C
1780982134.0655608,-0.779,-0.095,0.652,-1.252,0.962,-1.229,-0.625,-0.26,0.699,-6.58,0.489,-0.267,-0.242,-0.329,0.94,-0.473,0.58,-0.832,-0.209,-0.315,0.985,1.901,6.947,-0.031,0.052,-0.344,0.814,-1.046,4.214,-0.824,btn_C
1780982134.1589682,-0.785,-0.098,0.652,1.412,-0.947,0.298,-0.619,-0.255,0.697,-4.244,-7.588,0.473,-0.162,-0.375,0.946,-0.336,0.527,1.382,-0.239,-0.311,0.846,12.214,-22.863,-0.023,0.041,-0.337,0.804,-3.992,-2.733,-0.603,btn_C
1780982134.2627254,-0.771,-0.089,0.656,1.58,-2.725,1.618,-0.658,-0.258,0.719,0.198,-3.588,5.939,-0.239,-0.319,0.937,-1.542,0.824,0.473,-0.209,-0.312,1.007,2.42,4.985,-0.145,0.043,-0.347,0.808,-0.099,2.656,-0.046,btn_C
1780982134.3755782,-0.746,-0.074,0.656,4.382,-3.412,6.718,-0.636,-0.219,0.71,5.244,1.137,7.115,-0.236,-0.329,0.948,-0.122,3.221,0.878,-0.201,-0.301,0.991,3.397,7.802,-1.504,0.044,-0.351,0.804,-0.779,3.618,-1.504,btn_C
1780982134.4680996,-0.773,-0.082,0.671,-0.435,-0.183,0.863,-0.606,-0.188,0.701,-4.282,-0.267,2.328,-0.25,-0.321,0.934,0.427,-0.153,-0.473,-0.213,-0.312,0.986,2.519,7.908,-0.504,0.051,-0.343,0.818,-1.015,3.237,-0.565,btn_C
1780982134.571595,-0.782,-0.075,0.673,-0.916,0.435,-0.145,-0.615,-0.193,0.705,-5.878,0.771,0.191,-0.247,-0.322,0.941,-0.45,-0.374,0.137,-0.209,-0.314,0.989,1.656,7.0,-0.053,0.052,-0.35,0.816,-1.466,3.16,-1.031,btn_C
1780982134.6748068,-0.781,-0.082,0.672,-1.824,-0.786,0.069,-0.607,-0.208,0.745,-4.252,2.031,0.359,-0.247,-0.325,0.939,0.153,0.802,-0.084,-0.206,-0.324,0.997,2.244,7.115,-0.061,0.043,-0.342,0.809,-0.443,3.145,-0.595,btn_C
1780982134.7824597,-0.787,-0.081,0.685,0.519,1.962,1.649,-0.657,-0.208,0.719,-1.71,2.351,1.519,-0.244,-0.32,0.925,-0.191,1.74,-0.183,-0.201,-0.308,1.001,2.084,6.168,-0.458,-0.033,-0.384,0.787,-0.053,1.817,-2.107,btn_C
1780982134.8806381,-0.778,-0.058,0.663,7.26,0.427,5.87,-0.626,-0.172,0.673,4.137,2.779,-0.076,-0.219,-0.333,0.947,3.298,-4.305,-0.634,-0.237,-0.304,0.99,2.58,5.863,-0.962,0.005,-0.407,0.776,2.664,-4.412,3.244,btn_C
1780982134.9836776,-0.754,-0.053,0.688,-1.794,1.55,-4.076,-0.612,-0.188,0.729,-9.901,-0.947,-1.595,-0.238,-0.321,0.954,-0.595,-0.679,-0.55,-0.214,-0.315,0.985,1.282,5.947,-1.076,0.05,-0.345,0.812,-0.237,0.176,0.382,btn_C
1780982135.087096,-0.781,-0.058,0.682,-0.351,2.038,-1.809,-0.629,-0.196,0.736,-6.359,-0.802,0.076,-0.228,-0.323,0.961,-0.107,-1.115,0.16,-0.22,-0.311,0.991,1.366,7.252,0.061,0.054,-0.337,0.816,1.702,-2.885,1.916,btn_C
1780982135.1891508,-0.777,-0.063,0.681,-0.168,-0.061,-0.137,-0.646,-0.204,0.746,-3.802,-0.244,4.496,-0.247,-0.318,0.937,0.977,1.0,0.954,-0.212,-0.303,0.991,2.588,7.0,-0.359,0.059,-0.344,0.806,-0.481,2.252,0.0,btn_C
1780982135.2991664,-0.781,-0.064,0.687,1.725,0.779,2.55,-0.674,-0.203,0.744,0.405,1.282,6.771,-0.225,-0.314,0.958,0.649,1.015,0.466,-0.211,-0.312,0.992,2.45,12.298,-0.71,0.053,-0.347,0.807,-1.481,3.779,-0.756,btn_C
1780982135.3955796,-0.754,-0.048,0.674,2.618,-1.206,3.817,-0.671,-0.147,0.644,-1.74,0.458,7.237,-0.235,-0.314,0.928,-0.046,-1.183,-0.122,-0.225,-0.304,0.977,3.244,4.534,-0.16,0.05,-0.345,0.816,-1.038,3.763,-0.695,btn_C
1780982138.08704,-0.778,-0.095,0.66,-0.954,1.74,-0.366,-0.633,-0.254,0.692,-6.412,0.458,-0.504,-0.239,-0.328,0.938,0.176,-0.267,-0.267,-0.223,-0.317,0.986,1.802,7.695,-0.176,0.05,-0.341,0.809,-0.634,2.84,-0.252,btn_C
1780982138.1827343,-0.78,-0.099,0.656,-0.366,1.626,-0.756,-0.625,-0.259,0.693,-6.313,0.496,-0.473,-0.24,-0.33,0.947,0.061,0.756,-0.244,-0.223,-0.317,0.987,1.504,7.038,-0.779,0.054,-0.347,0.818,-0.641,2.603,-0.466,btn_C
1780982138.280066,-0.775,-0.096,0.652,-2.794,0.13,-2.069,-0.63,-0.259,0.696,-6.748,0.504,-0.969,-0.239,-0.326,0.94,-0.947,-0.015,-0.366,-0.225,-0.319,0.987,1.298,7.107,-0.031,0.048,-0.349,0.816,0.908,2.84,0.107,btn_C
1780982138.385576,-0.781,-0.097,0.649,0.847,1.252,-0.275,-0.616,-0.252,0.697,-6.702,0.718,-0.557,-0.238,-0.335,0.944,0.702,-0.649,0.176,-0.223,-0.318,0.981,1.084,7.198,-0.366,0.051,-0.355,0.813,-0.725,1.313,-0.244,btn_C
1780982138.485981,-0.777,-0.093,0.654,-0.611,0.908,-0.817,-0.629,-0.254,0.695,-6.244,0.321,-0.176,-0.233,-0.33,0.94,-0.611,0.16,0.031,-0.215,-0.315,0.989,1.794,6.763,-0.023,0.051,-0.343,0.815,-0.237,2.931,-0.099,btn_C
1780982138.5887198,-0.76,-0.066,0.643,-1.397,6.107,-5.405,-0.271,-0.253,0.978,-11.565,-9.855,14.076,-0.227,-0.339,0.953,1.237,-0.29,0.885,-0.216,-0.316,0.969,3.573,10.053,0.55,0.058,-0.339,0.816,6.206,-0.847,2.954,btn_C
1780982138.6918333,-0.777,-0.079,0.657,3.145,-12.198,3.573,-0.579,-0.233,0.806,29.275,-6.802,47.893,-0.23,-0.335,0.949,9.931,-4.046,2.305,-0.211,-0.321,0.986,6.183,8.214,0.069,0.043,-0.365,0.81,1.214,-0.534,-0.87,btn_C
1780982138.7945828,-0.795,-0.086,0.68,-2.924,1.267,-0.748,-0.591,-0.184,0.78,-2.565,-0.519,-3.496,-0.235,-0.302,0.929,-1.183,-2.038,-0.473,-0.219,-0.305,0.987,0.893,8.153,-0.718,0.053,-0.353,0.808,-1.756,3.626,-0.733,btn_C
1780982138.8981593,-0.793,-0.088,0.689,-3.893,4.817,-4.557,-0.7,-0.231,0.778,-7.336,2.802,-5.176,-0.245,-0.32,0.956,0.229,2.496,1.542,-0.235,-0.304,0.984,3.145,5.824,-0.42,0.047,-0.346,0.803,-0.947,0.649,-0.214,btn_C
1780982139.012878,-0.775,-0.077,0.664,-0.176,0.832,0.382,-0.625,-0.185,0.733,-3.023,1.267,0.519,-0.242,-0.307,0.957,-0.832,-0.817,0.336,-0.22,-0.3,0.993,1.748,6.847,0.038,0.048,-0.35,0.812,-2.382,5.092,-0.252,btn_C
1780982139.110479,-0.771,-0.065,0.645,0.214,1.137,0.588,-0.597,-0.16,0.714,-2.885,0.229,-0.168,-0.24,-0.312,0.944,-0.916,1.176,0.366,-0.215,-0.314,0.991,3.679,10.786,-0.221,0.056,-0.346,0.809,-1.565,1.023,0.656,btn_C
1780982139.2067602,-0.574,-0.018,0.56,6.298,-21.122,20.366,-0.523,-0.048,0.57,0.29,-4.275,4.0,-0.268,-0.287,0.918,-1.985,-9.305,-1.618,-0.201,-0.296,0.991,0.008,9.954,-0.443,0.052,-0.342,0.813,-1.336,12.252,0.458,btn_C
1780982139.3139079,-0.75,-0.052,0.68,-2.656,7.084,-13.504,-0.696,-0.165,0.723,-15.542,9.031,-12.321,-0.21,-0.277,0.931,-2.893,-0.229,0.695,-0.213,-0.305,0.993,0.931,9.031,-0.366,0.033,-0.359,0.803,0.153,-0.359,0.26,btn_C
1780982139.4128892,-0.772,-0.057,0.68,-2.321,5.84,-7.427,-0.597,-0.156,0.731,-13.458,3.053,-1.458,-0.24,-0.309,0.944,-1.863,-0.115,0.038,-0.225,-0.297,0.992,-0.046,8.779,-0.588,0.042,-0.349,0.806,1.779,1.122,1.397,btn_C
1780982139.515748,-0.743,-0.063,0.658,-0.84,4.061,-3.214,-0.59,-0.121,0.654,-16.282,4.901,-9.603,-0.246,-0.312,0.957,-2.282,-0.008,0.13,-0.225,-0.308,0.964,1.008,1.565,-1.069,0.036,-0.343,0.801,-0.634,-1.092,0.611,btn_C
1780982139.6356914,-0.749,-0.06,0.65,-6.183,4.565,-5.817,-0.552,-0.17,0.707,-19.817,5.282,-17.183,-0.237,-0.316,0.947,-2.496,-2.954,-0.969,-0.228,-0.303,0.981,-0.58,9.542,-1.557,0.053,-0.347,0.8,-1.855,1.672,0.496,btn_C
1780982139.7337732,-0.773,-0.072,0.654,0.466,2.473,-0.061,-0.648,-0.212,0.7,-6.969,1.038,-2.779,-0.238,-0.315,0.941,-1.359,1.13,0.229,-0.227,-0.307,0.995,1.847,6.87,0.046,0.042,-0.345,0.806,-0.763,2.405,-0.351,btn_C
1780982139.8312685,-0.779,-0.081,0.654,0.137,1.687,-0.084,-0.591,-0.215,0.724,-4.863,1.878,-2.824,-0.211,-0.315,0.944,0.611,-1.55,2.58,-0.212,-0.33,1.014,1.359,7.565,0.107,0.047,-0.332,0.807,-2.435,4.74,-0.359,btn_C
1780982139.9283664,-0.745,-0.058,0.656,-7.267,3.885,-6.687,-0.642,-0.229,0.678,-26.473,-5.321,-8.382,-0.249,-0.315,0.943,-4.107,-0.885,-0.359,-0.215,-0.307,0.982,-0.527,8.931,0.458,0.048,-0.349,0.807,1.084,3.84,1.885,btn_C
1780982140.0312405,-0.781,-0.1,0.646,-2.458,2.718,-2.389,-0.618,-0.272,0.733,-7.504,-3.481,-3.664,-0.213,-0.317,0.927,-0.481,3.031,1.252,-0.23,-0.309,0.986,1.084,8.519,0.069,0.055,-0.349,0.809,0.023,0.954,0.176,btn_C
1780982142.709176,-0.783,-0.096,0.644,-0.26,1.87,0.099,-0.628,-0.261,0.691,-6.168,0.496,-0.641,-0.243,-0.319,0.937,0.267,0.55,0.595,-0.234,-0.312,0.987,1.542,7.122,-0.855,0.05,-0.351,0.807,-0.817,2.45,-0.374,btn_C
1780982142.8119907,-0.787,-0.096,0.644,-1.176,1.473,-1.069,-0.619,-0.26,0.69,-6.229,0.565,-0.939,-0.249,-0.314,0.939,-0.45,-0.458,0.443,-0.232,-0.311,0.983,1.519,6.74,-0.366,0.047,-0.348,0.814,-0.962,2.435,-0.183,btn_C
1780982142.9151742,-0.78,-0.096,0.648,-0.473,1.229,-0.565,-0.624,-0.258,0.7,-6.71,0.565,0.214,-0.25,-0.313,0.947,-0.328,0.771,0.504,-0.234,-0.312,0.985,1.282,6.985,-0.26,0.049,-0.35,0.815,-0.092,0.374,0.298,btn_C
1780982143.0185726,-0.783,-0.097,0.644,-0.908,1.969,-0.336,-0.625,-0.256,0.691,-6.237,0.802,-0.076,-0.25,-0.319,0.941,-0.779,0.763,0.443,-0.232,-0.308,0.986,1.305,6.443,-0.183,0.05,-0.352,0.823,-0.55,3.595,-0.504,btn_C
1780982143.121011,-0.783,-0.101,0.637,-0.237,2.031,-0.519,-0.623,-0.259,0.691,-6.748,1.153,0.58,-0.248,-0.313,0.937,-0.038,0.16,0.58,-0.235,-0.313,0.977,1.489,6.718,0.0,0.046,-0.35,0.813,-0.71,2.412,-0.038,btn_C
1780982143.2316535,-0.787,-0.1,0.644,-0.954,1.756,-0.405,-0.625,-0.267,0.686,-6.053,1.0,0.359,-0.248,-0.324,0.936,-0.122,-0.443,0.511,-0.235,-0.312,0.985,1.458,6.542,-0.84,0.04,-0.347,0.808,-0.008,1.985,-0.069,btn_C
1780982143.332191,-0.789,-0.096,0.646,-1.847,1.718,-1.305,-0.628,-0.26,0.693,-6.344,0.481,-0.656,-0.244,-0.319,0.94,-0.328,-0.58,0.046,-0.228,-0.314,0.975,1.16,5.794,-0.855,0.05,-0.355,0.813,-0.931,1.641,0.786,btn_C
1780982143.4300592,-0.789,-0.096,0.643,-0.374,1.336,-0.733,-0.62,-0.262,0.696,-6.336,0.573,-0.573,-0.255,-0.321,0.942,-0.015,-0.168,0.16,-0.235,-0.312,0.983,1.641,7.069,-0.504,0.041,-0.347,0.818,-0.26,1.031,0.626,btn_C
1780982143.5332031,-0.786,-0.091,0.649,-0.382,-0.458,-0.237,-0.634,-0.264,0.695,-6.42,-0.443,0.511,-0.247,-0.317,0.941,-0.519,-0.466,-0.611,-0.231,-0.314,0.983,1.229,6.237,-1.191,0.043,-0.349,0.812,-0.084,2.702,-0.779,btn_C
1780982143.6510556,-0.794,-0.099,0.651,-0.206,1.443,-0.595,-0.616,-0.253,0.694,-6.802,-2.55,0.366,-0.265,-0.328,0.951,-1.351,0.275,-0.214,-0.229,-0.312,0.989,1.611,5.389,-0.618,0.045,-0.343,0.811,-1.878,5.084,-1.443,btn_C
1780982143.748355,-0.778,-0.104,0.658,3.176,-3.092,3.191,-0.598,-0.228,0.677,4.176,-8.252,6.427,-0.242,-0.321,0.94,2.435,0.336,0.389,-0.21,-0.317,1.009,-1.832,16.359,-1.672,0.053,-0.354,0.816,0.122,5.519,-1.466,btn_C
1780982143.8477325,-0.79,-0.085,0.643,1.939,-2.053,1.565,-0.612,-0.252,0.778,4.87,-0.366,6.176,-0.268,-0.315,0.926,1.466,0.427,0.023,-0.213,-0.315,1.004,2.336,8.977,-1.137,0.046,-0.346,0.806,0.534,-0.504,0.58,btn_C
1780982143.9449358,-0.769,-0.073,0.67,-1.214,1.038,-1.756,-0.606,-0.217,0.743,-6.748,-0.244,1.977,-0.25,-0.312,0.947,0.611,0.809,0.046,-0.22,-0.313,0.994,2.122,7.962,-0.229,0.041,-0.348,0.816,0.137,3.221,-0.221,btn_C
1780982144.0480115,-0.779,-0.074,0.679,-1.931,0.031,-0.748,-0.606,-0.191,0.706,-6.649,-1.771,5.168,-0.25,-0.314,0.938,0.847,2.008,0.634,-0.236,-0.29,0.979,1.802,8.695,-0.29,0.046,-0.341,0.812,-1.046,3.031,-0.42,btn_C
1780982144.1511176,-0.786,-0.076,0.665,-1.321,1.427,-0.641,-0.644,-0.229,0.739,-4.435,-1.649,3.16,-0.248,-0.302,0.939,0.863,0.16,0.344,-0.221,-0.309,0.98,2.321,9.29,-0.771,0.028,-0.344,0.815,1.084,1.519,-0.26,btn_C
1780982144.2647989,-0.863,0.084,0.45,24.252,4.397,0.191,-0.665,-0.215,0.72,1.26,1.603,0.969,-0.236,-0.316,0.965,0.374,-1.328,0.359,-0.226,-0.309,1.002,1.145,13.183,-0.473,0.054,-0.342,0.811,-0.863,3.122,-0.183,btn_C
1780982144.3572283,-0.799,-0.105,0.728,5.16,-0.282,3.137,-0.627,-0.222,0.77,0.893,0.832,0.046,-0.259,-0.322,0.941,-0.832,-0.687,-0.893,-0.225,-0.309,0.988,2.42,5.931,-1.183,0.044,-0.355,0.822,-0.611,0.321,0.473,btn_C
1780982144.4600592,-0.669,-0.032,0.622,0.26,0.847,1.008,-0.588,-0.178,0.733,-6.122,1.809,-2.305,-0.23,-0.317,0.949,-2.878,-0.542,-0.809,-0.238,-0.312,0.984,1.344,8.878,-1.405,0.042,-0.353,0.808,-1.13,4.099,-0.565,btn_C
1780982144.5630963,-0.768,-0.047,0.678,-3.771,3.076,-3.947,-0.591,-0.188,0.765,-9.328,-1.656,-1.305,-0.227,-0.325,0.966,-1.122,-0.229,0.496,-0.242,-0.317,0.976,2.405,7.45,-1.168,0.05,-0.35,0.803,-0.618,-0.618,0.267,btn_C
1780982144.6665523,-0.794,-0.058,0.697,-1.626,4.252,-4.74,-0.631,-0.168,0.702,-14.924,-0.847,0.153,-0.23,-0.318,0.949,-0.725,-0.008,0.099,-0.239,-0.312,0.986,1.176,6.008,-0.031,0.045,-0.348,0.806,0.237,0.26,1.519,btn_C
1780982147.348527,-0.78,-0.095,0.651,-0.908,0.74,-1.153,-0.622,-0.261,0.69,-6.122,0.481,-0.58,-0.246,-0.32,0.938,-0.206,-0.252,-0.015,-0.237,-0.316,0.988,1.527,7.168,0.015,0.061,-0.349,0.81,0.214,0.145,0.695,btn_C
1780982147.448209,-0.781,-0.097,0.656,-0.443,1.603,-0.58,-0.625,-0.265,0.699,-6.282,0.702,-0.382,-0.247,-0.324,0.945,-0.458,0.786,0.046,-0.236,-0.317,0.979,1.046,7.359,-0.13,0.052,-0.345,0.805,0.26,0.756,0.466,btn_C
1780982147.5501065,-0.782,-0.093,0.653,-0.733,1.885,-1.046,-0.624,-0.254,0.69,-6.679,1.328,-0.023,-0.251,-0.323,0.934,-0.351,0.412,0.076,-0.245,-0.318,0.971,1.542,7.015,0.031,0.044,-0.351,0.806,-0.863,2.16,-0.435,btn_C
1780982147.6533155,-0.78,-0.096,0.649,-1.672,1.382,-0.901,-0.627,-0.263,0.693,-6.427,1.061,-0.237,-0.249,-0.324,0.943,-0.214,0.466,0.275,-0.242,-0.322,0.982,1.924,7.779,0.153,0.047,-0.346,0.811,-0.046,1.313,0.557,btn_C
1780982147.7667444,-0.782,-0.096,0.654,-0.229,1.397,-0.046,-0.626,-0.264,0.692,-6.206,0.382,0.702,-0.25,-0.326,0.935,-0.496,1.023,0.244,-0.239,-0.316,0.978,1.58,6.649,-0.641,0.055,-0.348,0.812,-1.26,3.427,-0.496,btn_C
1780982147.8639262,-0.775,-0.092,0.657,-0.74,0.824,-1.252,-0.62,-0.254,0.697,-6.298,0.206,-0.13,-0.245,-0.323,0.933,-0.069,-0.718,-0.374,-0.24,-0.319,0.98,1.534,6.672,-0.122,0.042,-0.349,0.809,-0.756,2.542,-0.221,btn_C
1780982147.962607,-0.787,-0.099,0.66,1.122,-2.427,-0.832,-0.557,-0.245,0.704,-4.313,-1.511,0.298,-0.256,-0.326,0.939,0.908,0.466,0.679,-0.242,-0.313,0.976,2.634,7.061,-0.29,0.041,-0.344,0.802,-1.611,3.023,-0.611,btn_C
1780982148.0785646,-0.781,-0.089,0.647,0.321,0.71,-0.237,-0.625,-0.251,0.702,-2.527,1.634,6.611,-0.252,-0.318,0.934,-0.298,0.641,-0.145,-0.241,-0.314,0.984,2.115,6.046,-0.168,0.041,-0.349,0.803,-1.298,3.198,-0.275,btn_C
1780982148.1728737,-0.768,-0.083,0.652,-0.588,0.679,-0.718,-0.61,-0.247,0.718,-5.664,-0.466,2.45,-0.25,-0.328,0.943,-0.214,-0.084,-0.084,-0.242,-0.305,0.972,1.298,8.336,-0.031,0.035,-0.346,0.81,-1.26,3.954,-0.695,btn_C
1780982148.2792003,-0.795,-0.088,0.673,-0.74,0.229,0.053,-0.632,-0.246,0.726,-0.695,0.649,7.206,-0.246,-0.317,0.925,0.42,1.672,0.412,-0.248,-0.301,0.984,0.779,6.382,-0.366,0.035,-0.345,0.818,0.443,2.122,0.061,btn_C
1780982148.3743267,-0.792,-0.086,0.669,-0.595,1.412,0.183,-0.658,-0.244,0.734,-0.382,0.511,6.977,-0.26,-0.323,0.944,0.015,1.458,0.244,-0.233,-0.312,0.971,1.763,5.863,-0.26,0.037,-0.351,0.813,0.29,0.702,0.542,btn_C
1780982148.4772377,-0.771,-0.069,0.658,-0.389,1.336,-0.557,-0.622,-0.202,0.711,-5.733,-1.687,1.725,-0.251,-0.325,0.938,-0.687,-0.939,-0.427,-0.237,-0.315,0.986,2.198,7.603,-0.733,0.05,-0.347,0.817,-1.55,5.344,-1.069,btn_C
1780982148.5803385,-0.779,-0.068,0.666,-1.885,1.679,-2.115,-0.601,-0.214,0.776,-5.412,2.855,-3.779,-0.261,-0.329,0.95,-3.679,5.626,1.573,-0.24,-0.315,0.985,-1.046,7.069,-0.679,0.04,-0.123,0.859,-3.534,-0.489,-0.908,btn_C
1780982148.683192,-0.777,-0.077,0.667,-0.496,0.328,-0.275,-0.624,-0.203,0.724,-5.389,-0.176,-0.069,-0.247,-0.328,0.96,-0.695,0.26,0.412,-0.235,-0.317,0.981,3.183,7.756,0.435,0.046,-0.354,0.809,0.031,-0.511,0.58,btn_C
1780982148.7966835,-0.742,-0.065,0.656,0.916,-1.649,2.336,-0.555,-0.143,0.64,-3.534,1.573,-0.824,-0.255,-0.318,0.936,-1.924,0.779,-0.023,-0.23,-0.317,0.987,0.588,8.733,-0.603,0.046,-0.351,0.816,-1.481,4.321,0.16,btn_C
1780982148.8975565,-0.764,-0.068,0.669,-2.298,1.237,-0.771,-0.648,-0.172,0.677,-9.618,1.389,-2.634,-0.252,-0.326,0.953,-1.389,-1.405,0.122,-0.245,-0.32,0.98,2.573,6.824,0.275,0.038,-0.347,0.815,-1.374,3.855,-0.489,btn_C
1780982149.0022993,-0.863,-0.068,0.714,-1.641,-0.244,6.16,-0.635,-0.184,0.715,8.809,-1.954,-3.366,-0.27,-0.322,0.917,-0.115,-1.473,-0.107,-0.213,-0.315,0.984,0.069,13.573,-0.534,0.04,-0.357,0.82,-1.031,3.489,-0.611,btn_C
1780982149.0956092,-0.73,-0.045,0.659,-2.405,1.069,-1.092,-0.629,-0.151,0.65,-9.473,1.069,-5.878,-0.245,-0.324,0.936,-1.16,0.321,0.015,-0.241,-0.323,0.974,-0.519,8.939,-1.229,0.037,-0.348,0.802,0.176,3.015,-0.023,btn_C
1780982149.198353,-0.769,-0.058,0.663,-2.191,1.87,-2.244,-0.624,-0.18,0.714,-11.672,-0.351,1.107,-0.249,-0.322,0.939,0.534,-0.397,-0.145,-0.243,-0.321,0.981,0.603,7.611,0.366,0.045,-0.349,0.812,-0.725,2.191,0.382,btn_C
1780982151.9792252,-0.755,-0.106,0.68,0.664,2.389,-0.405,-0.634,-0.258,0.677,-6.786,0.878,-0.26,-0.252,-0.322,0.938,-0.595,-0.214,-0.16,-0.243,-0.323,0.977,1.099,7.527,-0.183,0.047,-0.35,0.809,-0.969,2.847,-0.122,btn_C
1780982152.0820544,-0.789,-0.089,0.646,-0.481,1.466,0.031,-0.627,-0.263,0.688,-6.702,0.382,-0.176,-0.251,-0.323,0.934,-0.282,-0.313,0.328,-0.245,-0.326,0.973,1.443,6.542,-0.397,0.052,-0.348,0.81,-0.55,1.344,0.267,btn_C
1780982152.185511,-0.777,-0.091,0.646,-0.542,1.282,-0.473,-0.625,-0.262,0.692,-6.74,0.489,-0.458,-0.255,-0.323,0.934,-0.435,0.473,-0.053,-0.24,-0.322,0.979,1.229,7.473,-0.374,0.05,-0.346,0.82,-0.924,2.481,-0.191,btn_C
1780982152.2885573,-0.786,-0.094,0.645,-0.351,1.992,-1.008,-0.629,-0.261,0.689,-6.481,0.321,-0.313,-0.251,-0.322,0.939,-0.168,0.351,0.137,-0.242,-0.322,0.976,1.366,6.74,-0.481,0.046,-0.351,0.804,-0.137,0.748,0.389,btn_C
1780982152.3980825,-0.782,-0.088,0.656,-1.435,0.878,-1.298,-0.625,-0.259,0.688,-6.45,0.519,-0.374,-0.251,-0.323,0.94,-0.374,-0.687,0.198,-0.245,-0.33,0.974,1.504,7.252,0.16,0.047,-0.344,0.812,0.053,1.26,0.55,btn_C
1780982152.4944997,-0.784,-0.095,0.648,0.076,1.023,-0.031,-0.634,-0.272,0.708,-5.237,-1.466,1.611,-0.249,-0.327,0.94,-0.863,2.16,1.137,-0.244,-0.325,0.98,1.908,6.092,0.153,0.037,-0.343,0.807,-0.115,-0.137,0.443,btn_C
1780982152.5975378,-0.779,-0.09,0.656,2.55,-2.084,1.405,-0.597,-0.244,0.698,1.885,0.824,8.267,-0.251,-0.332,0.95,1.305,1.656,1.557,-0.242,-0.315,0.973,3.733,2.893,0.74,0.035,-0.345,0.802,-1.023,1.458,-0.779,btn_C
1780982152.7118094,-0.79,-0.086,0.666,1.672,-0.71,2.206,-0.607,-0.233,0.731,1.473,2.695,3.145,-0.257,-0.325,0.933,0.412,0.779,0.656,-0.225,-0.322,0.988,3.168,7.458,-0.214,0.038,-0.345,0.813,-0.763,2.191,-0.687,btn_C
1780982152.8129573,-0.785,-0.073,0.673,1.176,-0.137,1.412,-0.635,-0.253,0.771,2.42,-1.939,6.26,-0.23,-0.325,0.943,-0.214,1.962,2.16,-0.23,-0.324,0.98,2.473,7.649,-0.71,0.048,-0.348,0.807,-2.344,4.977,-1.84,btn_C
1780982152.9149575,-0.786,-0.084,0.667,0.71,-1.145,2.115,-0.626,-0.19,0.675,0.809,3.137,3.137,-0.255,-0.314,0.933,0.145,0.611,0.695,-0.241,-0.319,0.986,2.74,3.809,-0.076,0.038,-0.348,0.807,-2.382,5.489,-1.183,btn_C
1780982153.0094905,-0.783,-0.07,0.664,-1.58,0.061,0.176,-0.621,-0.198,0.72,-4.878,0.641,4.198,-0.26,-0.318,0.928,0.954,-0.557,0.763,-0.237,-0.326,0.975,2.397,4.878,-0.824,0.046,-0.344,0.802,-0.145,2.137,-0.183,btn_C
1780982153.11278,-0.772,-0.069,0.676,-2.031,1.252,-1.198,-0.612,-0.194,0.718,-5.359,1.214,-0.603,-0.252,-0.316,0.936,0.107,-0.29,-0.015,-0.237,-0.313,0.983,1.618,6.313,-0.435,0.044,-0.351,0.81,0.069,1.176,0.588,btn_C
1780982153.2157493,-0.76,-0.07,0.656,-0.847,0.0,-0.237,-0.623,-0.183,0.699,-5.809,-0.107,-0.435,-0.253,-0.32,0.938,-0.405,-0.015,0.412,-0.239,-0.312,0.979,1.664,7.763,-0.053,0.034,-0.356,0.806,-0.489,3.748,-0.26,btn_C
1780982153.3312204,-0.772,-0.07,0.668,-1.191,1.931,-1.557,-0.629,-0.198,0.71,-7.191,0.0,-0.87,-0.254,-0.318,0.941,0.137,0.397,0.496,-0.238,-0.319,0.984,1.74,7.427,0.069,0.05,-0.347,0.809,0.237,1.328,0.924,btn_C
1780982153.4310107,-0.787,-0.076,0.677,-2.374,5.0,-3.71,-0.631,-0.203,0.731,-9.214,0.298,-0.611,-0.245,-0.325,0.948,-0.649,0.588,0.878,-0.244,-0.318,0.979,2.511,7.183,-0.29,0.037,-0.344,0.807,-0.015,-0.695,0.649,btn_C
1780982153.5246341,-0.781,-0.078,0.671,-2.382,2.244,-1.855,-0.63,-0.208,0.736,-6.931,2.557,-0.328,-0.251,-0.323,0.951,0.099,-0.817,0.603,-0.243,-0.316,0.981,2.198,7.466,-0.244,0.038,-0.346,0.813,-1.176,2.176,0.344,btn_C
1780982153.6273954,-0.715,-0.018,0.614,1.344,-1.504,4.282,-0.691,-0.265,0.878,15.863,-7.015,0.878,-0.253,-0.332,0.942,-0.42,-4.786,-0.336,-0.219,-0.321,0.983,4.824,11.687,-0.573,0.046,-0.354,0.81,-2.786,1.481,-0.603,btn_C
1780982153.7308505,-0.792,-0.076,0.664,2.267,2.427,0.397,-0.619,-0.194,0.753,-0.626,1.092,0.71,-0.258,-0.318,0.933,0.847,0.55,1.244,-0.24,-0.316,0.98,2.924,6.618,-0.359,0.04,-0.347,0.804,-1.901,4.015,0.061,btn_C
1780982153.845211,-0.757,-0.07,0.656,-0.496,0.282,-0.031,-0.575,-0.167,0.699,-6.382,3.924,-5.298,-0.25,-0.313,0.932,-0.504,-0.924,-0.046,-0.237,-0.314,0.985,-0.565,9.015,-0.618,0.048,-0.35,0.815,-1.0,5.351,-0.13,btn_C
1780982153.946361,-0.798,-0.093,0.674,-12.74,6.046,-11.366,-0.647,-0.249,0.738,-38.863,4.947,-25.366,-0.236,-0.321,0.932,-4.427,-3.244,-3.221,-0.23,-0.321,0.971,-1.031,8.26,-1.504,0.038,-0.351,0.808,2.374,2.229,0.511,btn_C
1780982156.6159112,-0.789,-0.098,0.641,-1.42,2.084,-0.87,-0.628,-0.258,0.693,-6.672,0.374,-1.115,-0.258,-0.326,0.937,-0.71,0.397,0.115,-0.242,-0.326,0.973,1.641,6.588,-0.74,0.052,-0.349,0.814,-0.565,2.206,0.153,btn_C
1780982156.717518,-0.786,-0.098,0.646,-1.16,1.183,-1.099,-0.629,-0.255,0.688,-5.901,0.878,-0.405,-0.252,-0.325,0.936,-0.489,0.481,0.13,-0.243,-0.321,0.979,1.496,6.847,-0.252,0.046,-0.345,0.802,-0.527,1.832,0.145,btn_C
1780982156.8207436,-0.786,-0.092,0.638,-0.718,0.969,-1.115,-0.629,-0.255,0.694,-6.084,0.954,-0.229,-0.249,-0.328,0.931,-0.313,-0.687,0.176,-0.24,-0.321,0.974,1.099,6.26,-0.061,0.05,-0.344,0.809,-0.351,1.244,0.084,btn_C
1780982156.9239209,-0.787,-0.098,0.638,-0.969,1.824,-0.817,-0.631,-0.258,0.693,-5.687,0.641,0.489,-0.245,-0.325,0.932,-1.0,0.603,0.618,-0.247,-0.328,0.982,1.58,7.763,0.366,0.047,-0.35,0.799,-0.122,2.038,0.099,btn_C
1780982157.0266118,-0.786,-0.098,0.639,-0.351,1.687,-0.969,-0.626,-0.258,0.686,-5.931,0.687,0.45,-0.252,-0.323,0.932,-0.099,0.008,0.573,-0.24,-0.321,0.968,1.473,7.122,-0.321,0.056,-0.347,0.804,-0.427,2.466,0.115,btn_C
1780982157.129806,-0.786,-0.1,0.641,-0.924,1.519,-0.649,-0.634,-0.262,0.694,-6.458,1.061,0.13,-0.249,-0.327,0.937,-0.634,0.489,1.198,-0.238,-0.322,0.972,2.366,7.053,-0.573,0.052,-0.348,0.798,0.13,0.809,0.565,btn_C
1780982157.2439904,-0.771,-0.111,0.662,4.954,-0.038,3.649,-0.689,-0.23,0.623,-3.771,-9.71,-3.908,-0.261,-0.315,0.93,0.58,-0.427,0.55,-0.26,-0.291,0.954,3.122,-0.237,-1.366,0.045,-0.351,0.809,-5.908,5.954,-1.985,btn_C
1780982157.3476212,-0.781,-0.092,0.653,0.008,-0.664,-0.885,-0.663,-0.292,0.803,-2.153,-3.725,2.427,-0.259,-0.316,0.927,0.557,1.588,0.771,-0.238,-0.32,0.97,1.336,7.908,-0.695,0.052,-0.354,0.815,-1.023,3.031,-1.061,btn_C
1780982157.465787,-0.775,-0.083,0.65,1.046,1.565,0.702,-0.595,-0.197,0.644,-2.779,-0.282,3.664,-0.257,-0.323,0.933,-0.031,-0.466,0.137,-0.239,-0.317,0.987,2.252,5.824,-0.092,0.048,-0.355,0.818,-1.908,4.794,-1.137,btn_C
1780982157.5687842,-0.799,-0.085,0.663,-0.313,-0.344,-0.275,-0.586,-0.209,0.686,-2.389,2.817,4.29,-0.252,-0.315,0.941,0.893,0.298,0.267,-0.244,-0.32,0.971,2.053,6.618,-0.26,0.039,-0.347,0.803,-1.618,5.733,-1.466,btn_C
1780982157.645054,-0.79,-0.083,0.654,1.214,0.618,1.313,-0.612,-0.2,0.681,-1.595,1.885,4.725,-0.257,-0.317,0.933,0.092,0.504,0.55,-0.242,-0.318,0.977,2.695,5.481,-0.214,0.044,-0.354,0.808,-1.595,3.992,-0.74,btn_C
1780982157.748401,-0.823,-0.099,0.664,1.55,-1.26,2.962,-0.629,-0.214,0.707,6.977,7.366,9.359,-0.263,-0.319,0.938,2.626,0.794,1.076,-0.257,-0.313,0.973,3.641,3.405,-0.511,0.065,-0.348,0.807,-0.206,-0.519,0.061,btn_C
1780982157.8643885,-0.78,-0.084,0.648,2.26,-2.969,3.084,-0.62,-0.189,0.682,-0.183,-0.351,5.771,-0.258,-0.319,0.933,1.061,1.183,0.366,-0.236,-0.311,0.986,1.435,8.496,-0.687,0.037,-0.346,0.813,0.26,2.015,0.565,btn_C
1780982157.9653137,-0.751,-0.062,0.644,2.794,-1.16,1.74,-0.598,-0.174,0.685,-4.786,-0.565,-0.191,-0.255,-0.324,0.95,-0.58,1.863,0.405,-0.235,-0.32,0.989,1.366,6.031,0.122,0.039,-0.35,0.8,-0.267,0.687,0.214,btn_C
1780982158.0642152,-0.767,-0.07,0.668,2.015,2.053,1.634,-0.639,-0.187,0.707,-1.275,-0.115,1.336,-0.259,-0.32,0.941,0.29,0.137,0.458,-0.246,-0.306,0.985,-1.298,2.924,-0.588,0.041,-0.348,0.806,-0.679,2.206,0.031,btn_C
1780982158.1604216,-0.751,-0.071,0.664,2.107,3.817,-1.137,-0.656,-0.206,0.751,-3.756,0.939,0.489,-0.263,-0.318,0.932,-0.069,-0.168,0.473,-0.241,-0.314,0.986,2.214,5.16,-0.053,0.039,-0.357,0.802,-2.076,2.824,-0.786,btn_C
1780982158.2628293,-0.786,-0.062,0.655,0.947,-1.16,0.603,-0.606,-0.173,0.716,-5.191,-0.977,0.702,-0.255,-0.317,0.945,0.374,0.023,0.061,-0.243,-0.315,0.982,2.267,6.962,-0.336,0.038,-0.352,0.804,-1.229,4.389,-0.809,btn_C
1780982158.379835,-0.815,-0.067,0.685,2.137,-0.29,3.939,-0.588,-0.141,0.677,5.153,-4.023,13.427,-0.224,-0.262,0.806,5.626,3.053,-0.359,-0.265,-0.305,0.987,0.412,10.763,-0.626,0.043,-0.353,0.805,0.321,3.496,0.061,btn_C
1780982158.4805708,-0.713,-0.055,0.644,3.16,-6.779,7.489,-0.55,-0.109,0.634,-5.115,-0.992,1.374,-0.259,-0.301,0.921,-1.824,-1.885,-0.947,-0.232,-0.309,0.998,-1.382,8.153,-0.336,0.045,-0.352,0.804,1.313,3.527,0.641,btn_C
1780982158.58048,-0.631,0.002,0.572,-2.45,-1.664,-3.824,-0.589,-0.148,0.728,-14.702,4.16,-2.374,-0.243,-0.33,0.976,-3.244,0.603,-0.168,-0.258,-0.32,0.974,2.107,8.206,-0.191,0.041,-0.346,0.809,-1.473,2.855,0.008,btn_C
1780982161.250119,-0.781,-0.096,0.653,-1.084,2.038,-0.511,-0.637,-0.257,0.691,-6.802,0.595,-0.16,-0.251,-0.321,0.933,-0.473,-0.107,0.374,-0.245,-0.324,0.979,1.099,6.42,-0.244,0.045,-0.352,0.806,-0.672,1.695,0.183,btn_C
1780982161.3649528,-0.78,-0.093,0.644,-1.008,1.748,-0.931,-0.638,-0.257,0.68,-6.527,0.588,-0.282,-0.254,-0.324,0.939,-0.397,0.397,0.725,-0.248,-0.323,0.974,1.366,7.107,-0.084,0.053,-0.349,0.801,-0.397,2.038,0.137,btn_C
1780982161.4628851,-0.783,-0.092,0.65,-0.985,1.542,-0.954,-0.64,-0.257,0.681,-6.351,0.435,-1.145,-0.248,-0.325,0.939,-0.351,0.565,0.588,-0.244,-0.322,0.986,1.382,7.351,0.252,0.044,-0.347,0.801,0.107,0.733,0.718,btn_C
1780982161.5632887,-0.786,-0.094,0.66,-1.168,1.656,-0.084,-0.638,-0.256,0.687,-6.168,0.878,-0.603,-0.258,-0.325,0.937,-0.046,-0.321,0.344,-0.253,-0.32,0.975,1.588,6.687,-0.504,0.047,-0.347,0.808,-0.412,0.794,0.221,btn_C
1780982161.661873,-0.782,-0.098,0.652,-0.885,1.214,-0.832,-0.634,-0.257,0.678,-5.908,0.672,0.466,-0.252,-0.328,0.94,-0.786,-0.191,0.206,-0.245,-0.322,0.97,1.427,6.122,-0.679,0.05,-0.35,0.809,-0.817,3.328,-0.176,btn_C
1780982161.7788892,-0.785,-0.093,0.654,-0.382,1.656,-0.809,-0.642,-0.268,0.702,-5.557,-1.275,1.015,-0.252,-0.327,0.939,-0.504,1.076,0.725,-0.247,-0.321,0.972,2.672,5.809,-0.229,0.041,-0.351,0.803,-1.603,4.603,-1.069,btn_C
1780982161.8804204,-0.784,-0.089,0.652,3.924,-0.626,3.664,-0.647,-0.257,0.697,3.42,-10.969,6.328,-0.256,-0.323,0.928,0.542,1.313,0.519,-0.173,-0.339,1.0,2.427,10.588,-0.519,0.053,-0.355,0.81,-1.267,2.656,-0.992,btn_C
1780982161.9789984,-0.763,-0.068,0.626,3.603,-1.046,3.237,-0.608,-0.229,0.716,4.893,3.504,5.908,-0.263,-0.317,0.931,0.344,-0.13,0.817,-0.254,-0.32,0.972,1.031,2.969,-0.038,0.048,-0.349,0.807,-3.176,5.344,-1.985,btn_C
1780982162.074,-0.781,-0.088,0.674,2.824,-4.519,6.122,-0.614,-0.193,0.696,4.191,0.863,7.366,-0.254,-0.317,0.914,1.008,0.122,0.611,-0.244,-0.315,0.983,2.153,6.267,-0.252,0.041,-0.347,0.804,-2.45,5.42,-1.351,btn_C
1780982162.1772015,-0.784,-0.08,0.669,0.672,-1.206,3.145,-0.684,-0.227,0.72,0.679,-2.916,6.435,-0.266,-0.317,0.944,-0.244,-0.099,0.626,-0.251,-0.309,0.975,0.794,2.229,-0.466,0.041,-0.35,0.808,-1.534,2.756,-0.672,btn_C
1780982162.2796865,-0.782,-0.065,0.661,1.504,1.145,4.099,-0.589,-0.169,0.658,-3.046,-1.908,2.863,-0.266,-0.32,0.939,-0.939,-1.519,-0.366,-0.239,-0.321,0.97,0.908,10.221,-0.191,0.04,-0.353,0.803,-1.122,5.87,-0.771,btn_C
1780982162.3957708,-0.763,-0.071,0.677,0.382,1.603,1.13,-0.655,-0.23,0.796,2.527,-2.954,3.878,-0.26,-0.332,0.96,4.458,-1.45,0.275,-0.251,-0.317,0.99,0.908,7.588,-1.519,0.052,-0.352,0.812,0.069,0.863,-0.702,btn_C
1780982162.4952292,-0.758,-0.054,0.66,0.069,-0.206,0.046,-0.611,-0.156,0.677,-7.901,0.153,-0.069,-0.252,-0.314,0.942,-1.618,-0.618,-0.069,-0.239,-0.315,0.978,1.634,8.366,0.0,0.042,-0.349,0.815,-0.534,3.107,0.282,btn_C
1780982162.5943959,-0.776,-0.06,0.676,-0.817,1.0,-1.153,-0.645,-0.181,0.715,-5.916,-1.061,2.26,-0.251,-0.317,0.926,0.443,-1.0,0.13,-0.241,-0.315,0.985,1.634,5.817,0.282,0.041,-0.353,0.809,0.061,1.42,0.595,btn_C
1780982162.6923149,-0.775,-0.079,0.68,2.611,2.611,0.298,-0.668,-0.208,0.766,-3.985,0.748,0.344,-0.267,-0.327,0.937,1.183,0.794,0.443,-0.239,-0.311,0.977,3.053,6.344,-0.023,0.043,-0.35,0.81,-0.702,1.718,-0.198,btn_C
1780982162.7948918,-0.771,-0.056,0.658,0.863,1.87,-1.42,-0.627,-0.171,0.692,-7.038,0.244,0.84,-0.261,-0.316,0.936,-0.305,-0.939,-0.344,-0.245,-0.315,0.983,1.992,7.916,-0.13,0.041,-0.346,0.802,-1.802,4.718,-0.802,btn_C
1780982162.8981442,-0.809,-0.066,0.686,2.824,-0.069,1.824,-0.656,-0.181,0.704,-0.008,-0.916,4.008,-0.261,-0.31,0.922,2.176,-0.824,0.252,-0.233,-0.315,0.978,2.748,4.153,-0.45,0.033,-0.35,0.808,-1.405,2.947,-0.206,btn_C
1780982163.0147963,-0.75,-0.056,0.656,0.305,-1.763,1.061,-0.595,-0.149,0.689,-5.969,1.542,-0.794,-0.259,-0.308,0.926,-0.496,1.008,-0.26,-0.243,-0.314,0.986,0.008,7.435,-0.527,0.048,-0.357,0.797,0.176,2.824,0.809,btn_C
1780982163.1113586,-0.779,-0.054,0.646,-10.565,15.534,-15.244,-0.634,-0.207,0.675,-44.328,-1.847,-36.626,-0.263,-0.336,0.954,-4.878,-6.618,-3.771,-0.254,-0.314,0.991,-1.679,4.809,-1.336,0.05,-0.336,0.822,2.336,2.511,1.771,btn_C
1780982165.897122,-0.783,-0.092,0.646,-0.725,0.779,-0.832,-0.637,-0.257,0.683,-6.076,0.672,-0.878,-0.252,-0.324,0.937,-0.023,0.321,0.725,-0.248,-0.318,0.978,1.618,7.794,0.328,0.041,-0.349,0.807,-0.863,4.695,-0.794,btn_C
1780982165.9882438,-0.783,-0.088,0.65,-0.565,1.786,-0.641,-0.639,-0.258,0.687,-6.298,0.344,-0.084,-0.253,-0.321,0.934,-0.344,-0.458,0.45,-0.253,-0.319,0.982,1.74,7.008,-0.183,0.044,-0.35,0.807,-0.954,3.313,-0.382,btn_C
1780982166.0952077,-0.783,-0.094,0.642,-0.634,2.099,-0.916,-0.641,-0.255,0.682,-6.634,0.641,0.366,-0.26,-0.32,0.929,-0.481,0.336,0.206,-0.252,-0.322,0.979,1.55,6.496,-0.573,0.047,-0.345,0.814,-0.916,2.969,-0.565,btn_C
1780982166.196073,-0.787,-0.094,0.651,-1.435,1.389,-0.947,-0.64,-0.251,0.682,-5.985,0.45,-0.977,-0.253,-0.323,0.934,-0.137,-0.053,0.084,-0.246,-0.321,0.973,1.603,7.275,-0.557,0.043,-0.347,0.808,-1.099,3.763,-0.58,btn_C
1780982166.312145,-0.789,-0.098,0.654,0.802,0.878,0.099,-0.658,-0.269,0.699,-5.405,-2.336,1.023,-0.262,-0.316,0.936,0.244,0.618,0.977,-0.244,-0.322,0.981,1.641,6.405,-0.496,0.044,-0.351,0.809,-1.275,4.191,-1.008,btn_C
1780982166.4126751,-0.812,-0.096,0.654,4.779,-4.107,3.969,-0.651,-0.253,0.654,10.366,-10.489,15.656,-0.269,-0.31,0.917,-0.473,0.58,0.985,-0.247,-0.323,0.97,0.885,12.504,-0.351,0.04,-0.346,0.821,1.718,5.893,-1.214,btn_C
1780982166.5032952,-0.768,-0.069,0.656,1.305,-3.557,5.183,-0.609,-0.198,0.701,6.344,-1.458,10.527,-0.25,-0.318,0.939,0.855,0.924,0.443,-0.23,-0.306,0.989,4.076,4.603,0.13,0.044,-0.351,0.809,-0.084,0.237,-0.405,btn_C
1780982166.6125088,-0.789,-0.069,0.66,1.382,-1.527,1.145,-0.627,-0.194,0.707,-1.786,1.702,-4.107,-0.266,-0.317,0.935,-0.763,-0.099,-0.435,-0.239,-0.32,0.984,0.397,8.718,-0.786,0.041,-0.355,0.803,-0.16,2.74,-0.267,btn_C
1780982166.7092602,-0.79,-0.07,0.666,-1.611,1.962,-2.0,-0.621,-0.2,0.718,-6.267,1.107,-0.115,-0.235,-0.321,0.938,-0.206,-0.641,0.679,-0.245,-0.317,0.986,2.046,6.244,-0.557,0.044,-0.35,0.814,-0.252,0.725,0.374,btn_C
1780982166.8121223,-0.777,-0.07,0.662,0.244,0.389,0.595,-0.598,-0.172,0.689,-4.328,0.58,0.672,-0.275,-0.313,0.924,-0.115,-0.74,-0.344,-0.24,-0.315,0.981,1.221,7.328,-0.542,0.041,-0.352,0.81,-1.076,3.565,-0.176,btn_C
1780982166.9151988,-0.743,-0.066,0.65,-0.214,0.183,0.183,-0.605,-0.198,0.744,-1.962,1.412,0.168,-0.278,-0.316,0.929,1.405,0.84,-0.061,-0.242,-0.311,0.986,1.252,7.16,-1.031,0.041,-0.351,0.811,0.519,1.504,0.145,btn_C
1780982167.0303524,-0.8,-0.092,0.676,5.786,-1.397,4.656,-0.643,-0.202,0.767,2.443,-2.542,4.985,-0.254,-0.322,0.93,1.023,0.031,0.504,-0.232,-0.297,1.007,0.763,8.328,0.282,0.039,-0.348,0.807,-0.275,0.702,0.092,btn_C
1780982167.129125,-0.717,-0.049,0.663,1.695,-5.328,7.763,-0.607,-0.158,0.725,1.718,2.588,3.107,-0.261,-0.306,0.917,-1.679,-0.618,-0.168,-0.24,-0.309,0.97,3.344,4.893,-0.198,0.04,-0.348,0.793,-1.313,5.382,-0.992,btn_C
1780982167.2245576,-0.772,-0.053,0.676,-0.756,3.511,-2.954,-0.63,-0.17,0.711,-8.679,1.168,-1.55,-0.253,-0.324,0.941,-0.351,0.092,-0.023,-0.253,-0.317,0.985,2.29,7.511,0.267,0.04,-0.351,0.8,0.183,0.389,0.389,btn_C
1780982167.327515,-0.755,-0.045,0.655,-1.496,2.664,-3.885,-0.631,-0.169,0.707,-10.405,1.473,-3.015,-0.257,-0.314,0.945,-1.046,0.885,-0.397,-0.245,-0.316,0.98,1.42,9.206,-0.435,0.044,-0.354,0.807,-0.206,2.359,0.573,btn_C
1780982167.4306495,-0.858,-0.076,0.719,-6.969,16.74,-11.924,-0.612,-0.202,0.752,-29.198,-3.099,-19.901,-0.247,-0.321,0.933,-3.931,-2.947,-1.702,-0.226,-0.313,0.992,0.153,16.313,-1.412,0.032,-0.353,0.81,0.351,-0.458,1.573,btn_C
1780982167.543562,-0.783,-0.07,0.648,-9.435,9.618,-11.565,-0.682,-0.266,0.731,-36.893,3.71,-16.603,-0.237,-0.345,0.943,2.389,0.534,-1.229,-0.247,-0.315,0.974,-2.275,5.802,-1.16,0.045,-0.341,0.805,0.725,-1.298,2.466,btn_C
1780982167.6466851,-0.789,-0.093,0.642,-0.55,2.534,-2.099,-0.627,-0.262,0.703,-9.16,4.405,-3.252,-0.258,-0.327,0.952,-0.725,-0.435,0.137,-0.25,-0.321,0.973,0.809,7.542,-0.527,0.048,-0.349,0.814,-1.519,1.656,0.901,btn_C
1780982167.74479,-0.787,-0.086,0.653,0.168,2.046,0.053,-0.63,-0.261,0.692,-6.435,1.015,0.405,-0.254,-0.323,0.925,0.183,0.924,0.427,-0.247,-0.319,0.98,1.328,7.55,-0.046,0.052,-0.355,0.812,-0.725,2.336,0.015,btn_C
1780982170.5207984,-0.781,-0.093,0.64,-1.802,1.931,-0.733,-0.635,-0.256,0.682,-6.687,0.756,-0.42,-0.264,-0.325,0.934,-1.374,1.107,0.458,-0.254,-0.335,0.968,1.053,8.046,-0.221,0.035,-0.352,0.811,-0.382,0.817,0.313,btn_C
1780982170.6232572,-0.784,-0.094,0.647,-1.382,1.779,-0.794,-0.637,-0.265,0.685,-6.832,1.229,-0.405,-0.27,-0.328,0.932,-0.214,0.863,0.641,-0.251,-0.329,0.968,1.855,6.87,-0.565,0.036,-0.357,0.807,0.282,1.985,-0.153,btn_C
1780982170.7266402,-0.792,-0.101,0.642,-1.214,1.252,-1.634,-0.637,-0.266,0.677,-6.107,-0.107,-0.473,-0.268,-0.332,0.937,-0.023,-0.481,0.321,-0.242,-0.344,0.975,2.588,6.977,0.313,0.034,-0.385,0.799,0.084,4.473,-1.328,btn_C
1780982170.8297083,-0.774,-0.097,0.643,-0.779,-0.466,-1.374,-0.647,-0.266,0.679,-6.489,-0.511,-2.221,-0.273,-0.322,0.927,-2.985,-1.832,-1.397,-0.254,-0.329,0.969,-0.809,6.176,-2.389,0.042,-0.353,0.814,-3.145,0.962,0.626,btn_C
1780982170.9325984,-0.793,-0.109,0.643,-1.931,1.672,-1.534,-0.631,-0.272,0.679,-5.924,0.939,-0.718,-0.264,-0.328,0.937,1.473,1.344,1.046,-0.248,-0.328,0.974,2.618,7.336,0.183,0.034,-0.348,0.804,0.313,-1.183,0.229,btn_C
1780982171.0462868,-0.79,-0.095,0.648,0.992,2.435,0.344,-0.639,-0.266,0.679,-5.412,-0.084,-0.092,-0.272,-0.331,0.93,1.122,-0.191,0.55,-0.249,-0.329,0.972,2.58,6.893,0.267,0.044,-0.355,0.811,-1.122,4.786,-1.412,btn_C
1780982171.1459243,-0.786,-0.092,0.647,-0.626,-1.031,-0.656,-0.623,-0.256,0.695,-6.023,0.13,-0.496,-0.259,-0.321,0.935,0.214,-1.099,0.023,-0.241,-0.325,0.985,1.855,7.504,-0.542,0.034,-0.341,0.804,-0.076,5.282,0.244,btn_C
1780982171.2416768,-0.786,-0.096,0.642,-2.115,2.74,-1.282,-0.633,-0.263,0.676,-7.344,0.435,-0.359,-0.272,-0.325,0.927,-1.603,-0.008,-0.641,-0.258,-0.326,0.973,0.198,4.924,-1.611,0.038,-0.349,0.81,-3.191,-0.183,-1.168,btn_C
1780982171.3449223,-0.846,-0.105,0.638,3.84,-3.107,1.794,-0.765,-0.442,0.944,22.687,-30.649,13.313,-0.216,-0.331,0.929,3.061,2.733,0.969,-0.266,-0.33,0.982,-2.985,-8.229,-2.809,0.03,-0.366,0.819,-0.557,-0.924,-1.87,btn_C
1780982171.4615955,-0.853,-0.075,0.697,5.656,-5.374,17.038,-0.585,-0.216,0.738,18.221,0.427,12.672,-0.29,-0.318,0.938,3.977,3.168,1.656,-0.241,-0.315,0.978,5.664,2.527,-1.053,0.039,-0.347,0.806,-3.74,0.885,-1.771,btn_C
1780982171.5593917,-0.792,-0.063,0.636,1.947,-5.748,2.374,-0.608,-0.2,0.719,-0.183,-2.718,4.595,-0.272,-0.322,0.933,1.794,2.344,1.534,-0.226,-0.312,0.999,3.969,9.885,1.992,0.033,-0.358,0.816,2.298,3.595,-0.962,btn_C
1780982171.653338,-0.764,-0.064,0.653,-2.985,2.885,-4.427,-0.612,-0.2,0.711,-8.0,0.71,-0.664,-0.26,-0.321,0.93,-1.252,-2.198,-0.611,-0.235,-0.319,0.979,1.13,6.779,0.015,0.037,-0.364,0.803,0.405,0.328,-0.664,btn_C
1780982171.7566798,-0.762,-0.046,0.638,0.107,1.794,-3.924,-0.649,-0.206,0.733,-6.794,-0.206,0.847,-0.248,-0.317,0.952,-2.298,0.229,0.076,-0.236,-0.309,0.983,2.244,5.511,0.061,0.026,-0.345,0.815,-0.214,1.214,0.656,btn_C
1780982171.860001,-0.803,-0.056,0.656,-1.336,1.237,-2.901,-0.645,-0.2,0.727,-5.206,0.275,-0.557,-0.244,-0.328,0.953,-1.947,-0.336,-0.092,-0.228,-0.324,0.99,2.481,7.489,0.13,0.037,-0.358,0.809,0.504,0.664,0.74,btn_C
1780982171.9624896,-0.777,-0.053,0.665,-4.679,3.672,-6.298,-0.669,-0.217,0.796,-8.099,2.656,-5.939,-0.255,-0.333,0.966,-1.359,0.611,-0.206,-0.244,-0.31,0.984,2.359,7.397,-1.008,0.041,-0.348,0.801,-0.107,-2.107,0.145,btn_C
1780982172.0814233,-0.791,-0.073,0.685,0.687,1.519,-3.725,-0.645,-0.194,0.754,-5.473,1.198,0.71,-0.26,-0.326,0.963,0.29,1.641,1.023,-0.251,-0.302,0.982,3.779,7.901,0.29,0.04,-0.356,0.809,1.611,-0.473,2.275,btn_C
1780982172.17727,-0.773,-0.066,0.67,-0.55,6.137,-1.908,-0.616,-0.164,0.723,-10.145,2.725,0.817,-0.256,-0.309,0.927,-0.099,1.153,0.969,-0.246,-0.302,0.982,0.824,8.58,-0.069,0.041,-0.347,0.81,0.588,-0.29,2.519,btn_C
1780982172.2714858,-0.775,-0.049,0.635,-2.0,8.031,-7.427,-0.622,-0.169,0.678,-17.489,5.756,-8.313,-0.263,-0.313,0.932,-1.656,-0.275,-0.817,-0.239,-0.312,0.976,-2.038,8.641,-0.817,0.05,-0.344,0.807,0.58,2.382,2.038,btn_C
1780982172.3746004,-0.82,-0.101,0.653,-6.794,5.137,-8.191,-0.659,-0.277,0.731,-25.55,14.748,-10.71,-0.243,-0.322,0.915,0.84,-0.74,-1.16,-0.238,-0.323,0.978,0.206,8.153,-0.344,0.04,-0.354,0.812,0.267,4.588,0.191,btn_C
1780982175.1557517,-0.789,-0.097,0.642,-0.542,1.771,-0.374,-0.635,-0.268,0.68,-6.26,0.84,0.16,-0.263,-0.331,0.932,0.374,0.435,0.802,-0.248,-0.337,0.962,1.679,6.954,-0.618,0.039,-0.35,0.811,0.008,1.389,0.191,btn_C
1780982175.263822,-0.787,-0.099,0.633,-1.84,1.855,-1.763,-0.632,-0.262,0.673,-6.824,0.71,-0.679,-0.265,-0.334,0.93,-0.985,-0.595,0.084,-0.251,-0.33,0.968,1.458,6.656,-0.71,0.026,-0.347,0.813,-0.458,2.664,-0.153,btn_C
1780982175.3613975,-0.788,-0.096,0.638,-0.481,1.702,-0.427,-0.632,-0.262,0.671,-6.29,0.756,0.397,-0.267,-0.332,0.929,0.0,0.71,0.672,-0.251,-0.328,0.979,1.397,7.061,-0.42,0.031,-0.351,0.818,-0.565,0.847,0.427,btn_C
1780982175.4645505,-0.793,-0.099,0.639,-1.695,1.756,-1.107,-0.639,-0.263,0.684,-6.924,0.405,-0.695,-0.268,-0.335,0.932,-0.107,-0.313,-0.183,-0.252,-0.333,0.974,1.496,6.221,-0.389,0.033,-0.347,0.809,-0.74,0.282,0.107,btn_C
1780982175.575318,-0.789,-0.095,0.634,-1.031,0.855,-0.878,-0.632,-0.26,0.686,-6.382,0.206,-1.176,-0.261,-0.329,0.93,-0.664,-0.267,0.275,-0.249,-0.331,0.971,1.511,7.435,0.298,0.029,-0.353,0.813,-0.626,2.023,-0.053,btn_C
1780982175.6765952,-0.788,-0.099,0.642,-0.649,1.382,-0.389,-0.631,-0.265,0.685,-6.214,0.573,-0.397,-0.267,-0.33,0.931,-0.481,-0.107,-0.008,-0.247,-0.328,0.966,1.672,6.107,-0.855,0.035,-0.348,0.812,-0.344,1.489,-0.053,btn_C
1780982175.773807,-0.789,-0.098,0.639,0.29,-0.687,-1.634,-0.662,-0.275,0.678,-6.008,-1.229,-0.008,-0.253,-0.335,0.94,-1.137,-2.023,-1.046,-0.249,-0.334,0.975,2.71,4.786,-0.679,0.039,-0.357,0.8,-0.87,3.374,-0.977,btn_C
1780982175.8769176,-0.772,-0.103,0.641,5.527,-6.443,3.267,-0.685,-0.246,0.597,7.992,-19.969,17.458,-0.268,-0.328,0.933,1.389,0.557,1.191,-0.217,-0.335,0.999,6.374,9.473,1.176,0.03,-0.357,0.82,-0.084,3.496,-0.565,btn_C
1780982175.9917626,-0.819,-0.09,0.58,-37.069,7.344,19.511,-0.58,-0.218,0.707,7.756,-5.87,8.603,-0.275,-0.328,0.93,0.725,-0.649,0.015,-0.241,-0.326,0.966,3.237,3.809,-0.229,0.025,-0.363,0.808,-0.847,2.58,0.031,btn_C
1780982176.093731,-0.831,-0.087,0.691,-2.137,-2.664,5.122,-0.615,-0.199,0.7,2.008,-0.847,3.916,-0.273,-0.323,0.951,1.473,-1.908,-0.542,-0.247,-0.307,0.985,2.061,5.298,-0.168,0.025,-0.355,0.804,-3.153,3.527,-0.649,btn_C
1780982176.1926465,-0.761,-0.057,0.626,2.092,1.183,-1.542,-0.634,-0.205,0.719,-7.382,0.695,-3.832,-0.289,-0.323,0.935,0.672,-3.779,-0.794,-0.24,-0.317,0.981,1.847,8.267,-0.427,0.029,-0.35,0.807,-0.038,3.58,-0.008,btn_C
1780982176.295859,-0.777,-0.077,0.656,-1.038,2.267,-1.13,-0.612,-0.195,0.714,-6.481,0.962,-1.229,-0.261,-0.324,0.931,-1.13,-0.412,-0.046,-0.246,-0.318,0.98,1.565,6.733,-0.29,0.027,-0.347,0.803,0.153,-0.267,0.756,btn_C
1780982176.392065,-0.783,-0.085,0.656,-1.046,2.405,-2.282,-0.625,-0.213,0.73,-6.374,0.046,0.069,-0.259,-0.325,0.942,-0.473,-0.267,-0.382,-0.248,-0.322,0.973,2.366,6.351,-0.87,0.026,-0.359,0.813,-1.214,0.137,-0.321,btn_C
1780982176.494915,-0.761,-0.067,0.642,0.58,-1.244,2.496,-0.607,-0.191,0.705,-4.115,0.427,1.679,-0.264,-0.32,0.936,-0.802,-0.618,-0.427,-0.24,-0.324,0.974,1.985,6.687,-1.298,0.028,-0.344,0.809,-0.802,1.466,-0.076,btn_C
1780982176.6101434,-0.805,-0.087,0.691,-1.13,-0.069,0.939,-0.656,-0.173,0.692,2.267,2.229,1.595,-0.263,-0.32,0.941,1.466,3.298,-0.557,-0.225,-0.304,0.994,-0.26,7.992,-0.885,0.031,-0.356,0.809,0.595,-0.939,0.221,btn_C
1780982176.7090275,-0.712,-0.053,0.646,-2.824,-1.756,-0.305,-0.616,-0.177,0.707,-7.878,1.557,-1.412,-0.288,-0.323,0.929,0.26,0.878,-0.031,-0.248,-0.317,0.979,1.16,8.206,-0.092,0.039,-0.358,0.809,1.298,2.985,1.137,btn_C
1780982176.8108356,-0.773,-0.073,0.662,-2.237,11.305,-11.786,-0.586,-0.172,0.684,-19.954,8.16,-16.107,-0.266,-0.323,0.936,-2.74,-3.939,-1.779,-0.25,-0.317,0.957,0.076,3.557,-0.916,0.028,-0.344,0.818,0.405,3.076,0.13,btn_C
1780982176.906843,-0.803,-0.097,0.652,-9.687,9.74,-10.573,-0.692,-0.311,0.779,-31.115,7.603,-14.908,-0.25,-0.335,0.943,-3.008,0.328,-0.985,-0.231,-0.329,0.977,-0.908,9.641,-0.481,0.034,-0.351,0.818,-0.466,2.328,0.244,btn_C
1780982177.009835,-0.799,-0.089,0.641,-1.237,3.649,-0.863,-0.621,-0.255,0.679,-8.107,4.947,-2.244,-0.259,-0.335,0.933,-1.985,0.237,-0.427,-0.246,-0.327,0.971,1.237,6.672,-0.84,0.028,-0.349,0.811,-0.824,2.947,0.374,btn_C
1780982177.1130593,-0.789,-0.098,0.644,-1.771,2.069,-0.718,-0.631,-0.255,0.681,-6.679,1.389,-0.695,-0.26,-0.33,0.933,0.763,1.137,0.695,-0.247,-0.323,0.981,1.71,7.962,-0.214,0.034,-0.347,0.808,0.87,-0.435,1.542,btn_C
1780982179.7913418,-0.79,-0.105,0.635,-1.42,1.71,-1.321,-0.634,-0.264,0.677,-6.252,0.435,-0.771,-0.262,-0.332,0.925,-0.382,0.198,-0.244,-0.252,-0.333,0.972,1.519,7.282,-0.466,0.028,-0.353,0.806,-0.588,2.534,-0.031,btn_C
1780982179.8939495,-0.792,-0.097,0.639,-0.947,1.145,-0.489,-0.635,-0.266,0.675,-6.084,0.382,-1.214,-0.265,-0.334,0.934,-0.328,-0.115,-0.038,-0.259,-0.332,0.974,1.45,6.939,-0.504,0.027,-0.347,0.812,-0.641,2.282,0.137,btn_C
1780982179.9970605,-0.79,-0.105,0.624,-1.298,1.282,-1.542,-0.631,-0.269,0.687,-6.336,0.756,-0.275,-0.262,-0.333,0.928,-0.26,-0.191,0.031,-0.25,-0.331,0.964,1.214,6.962,0.069,0.034,-0.351,0.8,-0.481,2.496,0.176,btn_C
1780982180.0999763,-0.791,-0.108,0.628,-0.275,1.977,-0.336,-0.636,-0.263,0.679,-6.168,0.74,0.229,-0.264,-0.33,0.932,-0.649,0.191,-0.634,-0.25,-0.334,0.965,1.527,7.122,-0.069,0.03,-0.354,0.804,-0.863,2.053,-0.351,btn_C
1780982180.2084424,-0.793,-0.101,0.635,-1.321,1.771,-1.351,-0.63,-0.265,0.685,-6.427,0.817,-0.053,-0.264,-0.33,0.929,-0.397,-0.038,-0.198,-0.253,-0.337,0.97,1.443,6.672,-0.55,0.035,-0.354,0.819,-0.618,0.939,0.084,btn_C
1780982180.30614,-0.793,-0.106,0.637,-1.038,1.275,-1.076,-0.637,-0.266,0.676,-6.374,0.779,-0.473,-0.262,-0.334,0.934,-0.023,-0.076,-0.168,-0.257,-0.333,0.976,1.756,7.122,-0.908,0.033,-0.351,0.812,-0.802,3.13,-0.481,btn_C
1780982180.4089055,-0.793,-0.107,0.635,0.038,1.344,0.55,-0.638,-0.267,0.682,-6.244,0.885,-0.321,-0.261,-0.331,0.937,-0.504,0.076,-0.687,-0.257,-0.332,0.978,1.244,6.603,-0.702,0.035,-0.353,0.818,-1.603,3.351,-0.695,btn_C
1780982180.511936,-0.801,-0.107,0.647,0.458,-1.267,-0.954,-0.633,-0.265,0.687,-5.901,-7.786,0.466,-0.268,-0.333,0.923,0.603,-1.427,-0.473,-0.246,-0.335,0.978,2.16,4.359,-0.527,0.046,-0.367,0.806,-1.947,2.641,-1.634,btn_C
1780982180.6257968,-0.789,-0.088,0.641,4.847,-5.863,4.611,-0.637,-0.273,0.745,6.832,12.305,10.588,-0.261,-0.326,0.917,-1.061,-1.26,-0.084,-0.298,-0.323,0.936,1.45,4.908,0.137,0.021,-0.341,0.801,-0.076,1.275,-0.794,btn_C
1780982180.726062,-0.768,-0.083,0.638,1.0,-5.588,1.992,-0.656,-0.242,0.71,3.412,-2.771,8.435,-0.272,-0.336,0.924,2.29,2.779,0.901,-0.238,-0.335,0.975,4.153,7.916,0.061,0.027,-0.357,0.81,-0.496,2.031,-0.496,btn_C
1780982180.8259845,-0.776,-0.073,0.644,2.779,3.42,1.191,-0.62,-0.214,0.718,-3.542,-0.099,4.656,-0.261,-0.334,0.939,1.313,1.664,0.153,-0.257,-0.334,0.973,2.618,6.656,-0.626,0.025,-0.355,0.808,-1.008,2.115,-0.328,btn_C
1780982180.9242785,-0.775,-0.08,0.661,-1.252,0.305,-0.26,-0.632,-0.208,0.701,-4.031,1.565,-0.435,-0.265,-0.328,0.928,-0.321,-0.603,-0.107,-0.244,-0.325,0.974,1.863,6.824,-0.55,0.03,-0.353,0.815,-0.664,3.634,0.206,btn_C
1780982181.0267594,-0.781,-0.081,0.661,-0.252,2.496,-0.985,-0.637,-0.205,0.694,-6.565,0.374,0.863,-0.264,-0.333,0.938,-0.26,0.084,0.069,-0.243,-0.331,0.979,1.557,7.298,-0.435,0.034,-0.352,0.8,-0.458,2.542,0.221,btn_C
1780982181.145404,-0.813,-0.09,0.673,0.382,-0.015,1.725,-0.72,-0.308,0.851,0.916,1.893,9.611,-0.256,-0.327,0.924,0.847,0.756,0.55,-0.258,-0.338,0.977,2.771,3.023,0.55,0.034,-0.348,0.808,0.382,1.038,0.061,btn_C
1780982181.2456872,-0.773,-0.073,0.654,-1.939,-0.786,0.832,-0.648,-0.229,0.758,-3.496,-1.542,-0.397,-0.267,-0.328,0.93,0.55,-0.015,0.076,-0.254,-0.321,0.974,0.916,7.137,0.053,0.032,-0.354,0.802,0.443,1.679,0.679,btn_C
1780982181.3431537,-0.785,-0.074,0.666,-0.695,1.489,-0.344,-0.621,-0.2,0.719,-4.947,0.74,-0.504,-0.256,-0.327,0.947,-0.344,-0.099,0.214,-0.243,-0.327,0.965,2.519,7.473,-0.168,0.034,-0.353,0.811,-1.031,2.435,-0.557,btn_C
1780982181.4388769,-0.789,-0.077,0.663,-0.817,1.779,-1.023,-0.642,-0.197,0.699,-7.351,-0.092,-0.069,-0.263,-0.333,0.945,0.008,-0.679,0.092,-0.25,-0.325,0.98,2.076,8.504,-0.374,0.036,-0.351,0.804,-0.634,2.763,-0.053,btn_C
1780982181.5419,-0.785,-0.08,0.67,-0.679,1.641,-0.305,-0.637,-0.191,0.705,-5.298,0.573,0.733,-0.26,-0.326,0.941,0.122,-0.649,0.817,-0.251,-0.327,0.973,2.244,7.206,-0.626,0.028,-0.349,0.81,-0.42,1.84,0.267,btn_C
1780982181.6455433,-0.783,-0.075,0.656,0.679,1.084,0.153,-0.618,-0.188,0.704,-5.099,3.435,1.473,-0.291,-0.31,0.902,0.084,1.412,-0.504,-0.252,-0.315,0.977,1.565,7.71,-0.305,0.037,-0.354,0.807,-1.099,4.55,0.092,btn_C
1780982184.4262154,-0.792,-0.1,0.634,-1.122,0.985,-1.473,-0.634,-0.261,0.684,-6.069,0.992,0.29,-0.264,-0.335,0.928,-0.122,-0.137,0.252,-0.258,-0.336,0.969,1.351,6.84,-0.023,0.029,-0.35,0.813,-0.802,2.74,-0.214,btn_C
1780982184.5291047,-0.797,-0.097,0.634,-0.282,2.092,-0.183,-0.635,-0.264,0.682,-6.137,0.763,0.221,-0.269,-0.334,0.927,0.015,0.344,-0.16,-0.254,-0.336,0.973,1.489,6.458,-0.382,0.031,-0.353,0.808,-0.374,1.992,0.053,btn_C
1780982184.63221,-0.794,-0.105,0.631,-1.55,2.145,-1.023,-0.637,-0.27,0.686,-6.473,0.824,-0.679,-0.267,-0.336,0.927,0.0,0.267,0.061,-0.254,-0.337,0.982,1.672,7.198,-0.198,0.032,-0.356,0.807,-0.893,1.382,0.206,btn_C
1780982184.735384,-0.794,-0.103,0.637,-0.794,1.344,-0.557,-0.636,-0.262,0.683,-6.351,0.42,-0.924,-0.262,-0.333,0.927,-0.076,-0.198,-0.084,-0.255,-0.334,0.969,1.84,7.16,-0.687,0.033,-0.347,0.807,-0.473,1.542,0.115,btn_C
1780982184.8440528,-0.79,-0.101,0.634,-0.611,1.237,-0.252,-0.634,-0.265,0.676,-6.557,0.489,-0.534,-0.265,-0.333,0.928,-0.298,0.191,-0.435,-0.252,-0.335,0.97,1.603,6.794,-0.328,0.032,-0.352,0.813,-0.824,2.397,0.107,btn_C
1780982184.941272,-0.795,-0.1,0.635,-0.45,1.733,-0.519,-0.637,-0.267,0.68,-7.015,-1.282,0.565,-0.266,-0.336,0.928,-1.008,1.023,-0.145,-0.244,-0.331,0.983,0.977,5.328,-0.305,0.032,-0.353,0.802,-0.847,3.122,-0.473,btn_C
1780982185.0441241,-0.846,-0.114,0.658,9.977,-6.137,8.496,-0.583,-0.263,0.727,24.802,10.702,15.389,-0.305,-0.352,0.9,8.115,-2.466,1.664,-0.274,-0.334,0.956,2.557,0.985,-0.305,0.03,-0.353,0.809,-2.763,7.42,-3.214,btn_C
1780982185.1598706,-0.769,-0.07,0.637,-0.008,-0.313,0.244,-0.618,-0.218,0.693,-2.947,-0.748,3.985,-0.274,-0.332,0.923,0.947,-0.26,-0.481,-0.256,-0.332,0.977,3.267,5.366,0.328,0.035,-0.353,0.807,-0.695,3.305,-0.84,btn_C
1780982185.2579901,-0.751,-0.067,0.641,1.206,-3.397,-0.58,-0.609,-0.203,0.692,-4.473,0.031,0.618,-0.269,-0.322,0.931,0.29,-0.87,-0.122,-0.25,-0.328,0.979,1.832,8.557,-0.183,0.034,-0.348,0.809,0.939,1.542,1.0,btn_C
1780982185.353525,-0.774,-0.075,0.645,-1.832,4.389,-4.405,-0.617,-0.208,0.722,-9.931,2.489,-3.504,-0.264,-0.332,0.948,-1.557,0.359,0.023,-0.255,-0.336,0.96,1.947,7.282,-0.374,0.026,-0.354,0.812,0.237,0.038,0.74,btn_C
1780982185.4562817,-0.746,-0.071,0.636,-6.053,4.656,-7.847,-0.559,-0.159,0.641,-18.489,5.168,-9.878,-0.264,-0.327,0.913,-3.076,-2.168,-1.847,-0.255,-0.331,0.971,-0.42,11.397,-1.527,0.03,-0.348,0.799,1.947,0.573,2.45,btn_C
1780982185.5590935,-0.817,-0.111,0.648,-7.481,7.153,-9.176,-0.744,-0.365,0.842,-13.397,23.092,-7.962,-0.261,-0.349,0.924,0.718,0.305,-0.718,-0.249,-0.342,0.975,0.137,7.534,-0.985,0.029,-0.349,0.812,-1.061,0.496,-0.191,btn_C
1780982185.6621597,-0.787,-0.102,0.637,-2.008,2.023,-0.748,-0.636,-0.265,0.682,-6.046,0.634,-0.496,-0.256,-0.333,0.929,0.092,-0.473,0.252,-0.254,-0.335,0.97,1.748,7.481,0.046,0.031,-0.351,0.81,-0.206,1.641,0.366,btn_C
1780982185.778399,-0.792,-0.102,0.633,-0.939,2.008,-0.626,-0.629,-0.265,0.678,-6.374,0.153,-0.092,-0.256,-0.333,0.931,-0.298,0.374,0.198,-0.254,-0.336,0.969,1.511,6.947,0.023,0.031,-0.353,0.804,-0.885,3.55,-0.611,btn_C
1780982185.8758082,-0.792,-0.101,0.631,-1.145,2.45,-0.542,-0.633,-0.269,0.683,-6.756,0.374,-0.16,-0.268,-0.332,0.928,-0.405,0.382,0.221,-0.255,-0.334,0.974,1.26,7.191,-0.412,0.021,-0.367,0.805,-0.901,3.076,0.679,btn_C
1780982185.974798,-0.795,-0.097,0.629,-0.656,1.901,-0.282,-0.633,-0.265,0.68,-6.672,0.427,-0.695,-0.263,-0.335,0.928,-0.588,-0.107,-0.015,-0.254,-0.337,0.973,1.427,7.267,-0.473,0.027,-0.346,0.809,-0.664,2.252,0.183,btn_C
1780982186.079328,-0.792,-0.1,0.635,-0.962,1.847,-1.359,-0.635,-0.264,0.682,-6.359,0.382,-0.55,-0.262,-0.338,0.931,-0.794,0.282,-0.115,-0.258,-0.339,0.976,0.939,7.458,-0.557,0.029,-0.353,0.811,-0.466,2.298,0.107,btn_C
1780982186.1772933,-0.792,-0.102,0.632,-0.634,2.031,-0.641,-0.63,-0.261,0.677,-6.55,0.511,-0.069,-0.259,-0.333,0.93,-0.504,-0.275,0.053,-0.255,-0.34,0.975,1.298,7.275,0.168,0.032,-0.355,0.805,-0.107,1.374,0.542,btn_C
1780982186.2977564,-0.791,-0.107,0.634,-0.931,1.153,-0.748,-0.635,-0.264,0.678,-6.954,0.275,-0.313,-0.263,-0.331,0.931,-0.618,-0.237,0.015,-0.253,-0.338,0.974,1.107,6.321,-0.427,0.041,-0.351,0.816,-0.771,1.84,0.29,btn_C
1780982189.0615394,-0.795,-0.104,0.631,-1.328,2.015,-1.275,-0.634,-0.268,0.685,-6.55,0.947,-0.519,-0.258,-0.334,0.928,-0.214,-0.26,-0.397,-0.253,-0.339,0.967,1.542,6.702,-0.382,0.038,-0.354,0.816,-0.504,2.122,0.229,btn_C
1780982189.1646838,-0.792,-0.103,0.636,-0.733,1.458,-0.763,-0.634,-0.266,0.684,-6.344,0.649,-0.427,-0.264,-0.335,0.928,0.069,0.038,0.053,-0.254,-0.342,0.971,1.832,7.092,-0.511,0.029,-0.354,0.812,-0.763,1.962,-0.099,btn_C
1780982189.2675931,-0.796,-0.105,0.629,-0.771,1.519,-0.328,-0.632,-0.263,0.685,-6.664,0.389,-1.076,-0.266,-0.337,0.928,-0.45,0.855,-0.282,-0.256,-0.34,0.973,1.397,7.053,-0.504,0.031,-0.345,0.804,-0.366,1.42,0.168,btn_C
1780982189.3783486,-0.791,-0.101,0.63,-1.053,1.557,-1.191,-0.633,-0.268,0.682,-6.412,1.015,-0.13,-0.263,-0.335,0.926,-0.015,0.023,0.092,-0.26,-0.337,0.958,1.504,7.542,0.206,0.035,-0.35,0.809,-0.718,1.969,0.008,btn_C
1780982189.4739058,-0.795,-0.101,0.634,-0.664,1.466,-0.481,-0.636,-0.265,0.672,-6.145,0.611,-0.023,-0.267,-0.333,0.932,-0.252,-0.282,-0.351,-0.258,-0.335,0.97,1.443,6.481,-0.313,0.034,-0.353,0.813,-0.695,1.863,-0.13,btn_C
1780982189.576408,-0.791,-0.101,0.634,0.733,1.122,-0.122,-0.67,-0.291,0.735,-6.947,-9.321,0.206,-0.268,-0.354,0.951,-2.511,0.977,0.664,-0.306,-0.321,0.886,8.229,-13.55,0.183,0.032,-0.35,0.802,-2.366,5.84,-2.168,btn_C
1780982189.6902533,-0.794,-0.09,0.638,3.885,-8.649,5.481,-0.604,-0.211,0.703,10.687,-3.87,21.153,-0.259,-0.326,0.932,1.695,1.481,0.87,-0.251,-0.335,0.98,3.137,7.534,-0.183,0.023,-0.351,0.804,-1.687,3.313,-1.145,btn_C
1780982189.7901256,-0.746,-0.098,0.661,2.74,-3.71,6.565,-0.677,-0.219,0.713,1.076,-2.756,7.275,-0.259,-0.334,0.929,1.954,-0.74,0.565,-0.255,-0.33,0.972,3.534,3.664,-0.328,0.022,-0.355,0.806,-2.427,2.962,-1.672,btn_C
1780982189.8854935,-0.798,-0.078,0.667,1.0,0.725,1.092,-0.676,-0.198,0.69,-1.122,1.557,0.962,-0.258,-0.33,0.943,0.939,-0.695,-0.023,-0.244,-0.332,0.971,3.702,7.863,-0.031,0.03,-0.355,0.81,-0.931,2.359,-0.679,btn_C
1780982189.9888637,-0.774,-0.08,0.66,0.275,2.649,-0.901,-0.671,-0.219,0.745,-1.076,4.229,-4.84,-0.275,-0.322,0.918,1.099,0.374,-0.183,-0.25,-0.328,0.969,1.504,6.947,-0.328,0.024,-0.357,0.809,-1.076,2.611,-0.908,btn_C
1780982190.0918064,-0.761,-0.077,0.658,-0.13,3.733,-4.489,-0.598,-0.17,0.674,-10.626,2.031,-4.885,-0.257,-0.324,0.918,-1.695,-1.527,0.0,-0.257,-0.332,0.97,0.511,8.908,-0.015,0.034,-0.356,0.805,1.282,1.214,1.29,btn_C
1780982190.2054925,-0.765,-0.07,0.647,-10.031,14.046,-12.916,-0.592,-0.212,0.667,-43.817,2.458,-40.687,-0.263,-0.326,0.938,-8.473,-8.71,-4.588,-0.268,-0.329,0.955,-1.832,7.153,-2.656,0.026,-0.352,0.801,-1.756,3.901,1.382,btn_C
1780982190.3070717,-0.792,-0.105,0.634,-1.473,1.336,-2.137,-0.624,-0.261,0.681,-7.55,0.412,-3.641,-0.259,-0.327,0.924,-2.855,0.473,-0.176,-0.254,-0.336,0.968,1.13,6.893,-0.84,0.035,-0.351,0.804,0.26,1.16,0.397,btn_C
1780982190.4070215,-0.79,-0.104,0.642,-0.809,2.351,-0.71,-0.643,-0.266,0.68,-6.74,0.618,-0.336,-0.26,-0.333,0.927,-0.176,0.008,0.962,-0.252,-0.336,0.969,1.435,6.405,-0.603,0.035,-0.353,0.801,-0.656,2.031,0.153,btn_C
1780982190.503674,-0.792,-0.1,0.63,-1.168,2.511,-0.595,-0.637,-0.27,0.683,-6.832,0.275,-0.427,-0.262,-0.331,0.921,-0.511,0.588,0.481,-0.25,-0.34,0.967,1.336,7.061,-0.389,0.026,-0.358,0.812,-0.748,1.359,0.344,btn_C
1780982190.60671,-0.794,-0.101,0.629,-1.527,1.634,-0.702,-0.633,-0.261,0.674,-6.626,0.267,-0.405,-0.261,-0.341,0.932,-0.069,-0.069,0.565,-0.255,-0.337,0.959,1.534,6.565,-0.695,0.025,-0.351,0.804,-0.046,1.458,-0.031,btn_C
1780982190.7093935,-0.797,-0.096,0.63,-0.969,1.221,-1.16,-0.638,-0.263,0.679,-6.183,1.137,-0.267,-0.26,-0.336,0.931,-0.153,-0.237,0.817,-0.253,-0.34,0.967,1.42,7.473,-0.046,0.023,-0.35,0.812,-1.153,2.87,-0.076,btn_C
1780982190.8236995,-0.789,-0.102,0.64,-1.168,1.695,-0.771,-0.642,-0.262,0.676,-6.412,0.672,0.008,-0.263,-0.332,0.936,-0.466,0.802,0.489,-0.259,-0.336,0.973,0.947,6.786,-0.122,0.018,-0.346,0.804,-0.863,3.053,-0.206,btn_C
1780982190.9152203,-0.796,-0.103,0.627,-1.405,2.069,-0.725,-0.639,-0.269,0.67,-6.702,0.595,-0.45,-0.259,-0.332,0.926,-0.542,-0.611,0.252,-0.253,-0.33,0.972,1.282,7.076,-0.153,0.029,-0.345,0.806,-1.26,2.13,-0.061,btn_C
1780982191.0242186,-0.792,-0.102,0.631,-0.634,1.557,-1.092,-0.637,-0.264,0.678,-6.45,0.557,-0.878,-0.264,-0.332,0.926,0.092,0.137,0.55,-0.256,-0.34,0.969,1.855,7.489,-0.084,0.036,-0.351,0.81,-1.198,2.221,-0.053,btn_C
1780982193.7085223,-0.789,-0.106,0.636,-0.695,1.389,-1.099,-0.633,-0.268,0.675,-6.489,0.649,-0.695,-0.262,-0.334,0.927,-0.427,1.176,0.282,-0.258,-0.34,0.97,1.313,7.863,-0.427,0.029,-0.356,0.811,-0.55,2.519,-0.053,btn_C
1780982193.7996275,-0.788,-0.107,0.636,-1.015,1.13,-0.458,-0.64,-0.27,0.679,-6.374,0.588,-1.046,-0.27,-0.336,0.924,-0.282,0.458,0.107,-0.257,-0.341,0.963,1.389,6.885,-0.893,0.032,-0.353,0.806,-0.344,0.763,0.58,btn_C
1780982193.9077234,-0.792,-0.107,0.635,-1.603,1.374,-1.084,-0.635,-0.267,0.676,-6.595,0.489,-0.588,-0.265,-0.338,0.925,-0.519,-0.611,0.405,-0.258,-0.344,0.967,1.382,6.725,-0.344,0.028,-0.356,0.807,-0.634,1.366,0.176,btn_C
1780982194.006008,-0.794,-0.108,0.636,-1.015,1.611,-1.618,-0.64,-0.267,0.674,-6.573,0.511,-0.069,-0.259,-0.334,0.927,-0.42,0.16,0.305,-0.258,-0.343,0.966,1.313,7.069,-0.031,0.03,-0.35,0.81,-0.466,2.817,-0.191,btn_C
1780982194.1154535,-0.791,-0.104,0.63,-1.863,1.977,-1.16,-0.635,-0.269,0.681,-6.313,0.496,-0.351,-0.263,-0.334,0.927,-0.603,0.008,0.244,-0.257,-0.343,0.975,1.244,6.458,-0.092,0.025,-0.35,0.809,-0.664,1.382,-0.153,btn_C
1780982194.2116208,-0.8,-0.104,0.634,-0.427,1.313,-0.992,-0.638,-0.262,0.674,-4.794,0.878,2.412,-0.234,-0.349,0.941,0.237,3.122,3.046,-0.26,-0.342,0.966,2.183,2.099,-0.13,0.04,-0.373,0.821,-5.786,8.038,-3.779,btn_C
1780982194.3243046,-0.806,-0.103,0.655,7.0,-3.137,6.519,-0.645,-0.218,0.637,7.695,-1.351,11.511,-0.27,-0.331,0.927,0.336,2.061,0.893,-0.249,-0.333,0.982,1.275,6.962,-0.046,0.024,-0.355,0.811,-0.672,1.412,-1.328,btn_C
1780982194.4224586,-0.772,-0.08,0.648,0.26,-3.656,3.229,-0.615,-0.201,0.678,2.695,0.74,10.008,-0.272,-0.328,0.929,0.244,1.244,0.969,-0.248,-0.341,0.969,2.58,8.023,-0.504,0.03,-0.356,0.806,-0.511,2.718,-1.008,btn_C
1780982194.524031,-0.782,-0.082,0.641,-0.794,0.931,-0.305,-0.669,-0.22,0.687,-4.031,1.84,-1.481,-0.274,-0.332,0.931,-0.198,-0.412,0.496,-0.25,-0.334,0.974,1.908,5.618,-0.435,0.021,-0.37,0.811,0.695,-1.16,0.504,btn_C
1780982194.6240602,-0.774,-0.074,0.652,-0.267,-0.382,1.328,-0.633,-0.203,0.683,-2.71,0.985,-0.466,-0.276,-0.33,0.923,-0.427,-0.176,0.13,-0.274,-0.335,0.964,-0.847,8.344,-1.145,0.036,-0.356,0.81,-1.504,5.267,-0.916,btn_C
1780982194.7268937,-0.778,-0.079,0.644,-0.42,3.473,-0.565,-0.628,-0.196,0.681,-8.145,1.748,-1.267,-0.274,-0.328,0.927,-0.969,0.214,0.122,-0.252,-0.334,0.968,0.786,7.008,-0.344,0.027,-0.357,0.81,-0.656,3.198,-0.756,btn_C
1780982194.844357,-0.765,-0.071,0.636,-2.916,4.267,-4.069,-0.611,-0.203,0.697,-11.809,4.969,-7.718,-0.277,-0.33,0.923,-2.183,-2.221,-0.985,-0.248,-0.344,0.948,-1.45,9.405,-1.931,0.025,-0.354,0.806,-0.374,1.16,1.298,btn_C
1780982194.9425867,-0.789,-0.095,0.64,-0.641,-1.069,-3.756,-0.657,-0.28,0.704,-8.382,5.672,-4.992,-0.315,-0.341,0.965,-6.061,-3.794,-1.832,-0.24,-0.336,0.971,0.71,5.282,-0.977,0.028,-0.351,0.809,-0.443,1.779,-0.206,btn_C
1780982195.0355556,-0.795,-0.104,0.645,-1.794,2.779,-1.427,-0.641,-0.268,0.679,-6.366,0.649,-0.725,-0.262,-0.34,0.923,0.557,0.344,0.534,-0.255,-0.344,0.968,1.771,8.046,-0.092,0.03,-0.356,0.806,0.779,1.427,0.084,btn_C
1780982195.1390953,-0.796,-0.103,0.635,-1.573,2.649,-0.496,-0.639,-0.266,0.681,-6.145,0.992,-0.824,-0.265,-0.339,0.931,-0.466,0.26,0.718,-0.259,-0.341,0.972,1.672,7.443,-0.137,0.022,-0.358,0.814,-0.588,2.107,-0.252,btn_C
1780982195.2418184,-0.789,-0.101,0.636,-1.198,1.527,-0.557,-0.637,-0.267,0.686,-6.328,1.16,0.107,-0.265,-0.333,0.926,-0.595,0.878,0.511,-0.261,-0.344,0.969,0.794,8.008,-0.031,0.046,-0.335,0.821,-1.031,3.885,-0.328,btn_C
1780982195.3587525,-0.795,-0.099,0.634,-1.038,0.962,-1.649,-0.638,-0.266,0.677,-6.611,1.305,0.397,-0.261,-0.337,0.924,-0.588,0.076,0.137,-0.253,-0.345,0.968,1.321,7.061,-0.496,0.018,-0.354,0.807,-0.092,1.87,0.466,btn_C
1780982195.4583755,-0.791,-0.105,0.633,-0.664,1.748,-0.725,-0.636,-0.27,0.679,-6.763,0.443,-0.466,-0.267,-0.339,0.928,-0.168,-0.168,0.275,-0.254,-0.344,0.969,1.344,6.504,-0.206,0.031,-0.353,0.809,-0.267,1.473,0.397,btn_C
1780982195.5503247,-0.793,-0.1,0.632,-1.26,1.542,-1.458,-0.638,-0.265,0.681,-6.748,0.145,-0.534,-0.265,-0.343,0.923,-0.046,0.588,0.504,-0.257,-0.341,0.964,1.824,6.992,-0.206,0.037,-0.359,0.806,0.122,2.374,0.321,btn_C
1780982195.656921,-0.793,-0.103,0.633,-1.076,1.863,-1.267,-0.636,-0.264,0.679,-6.832,0.458,-1.191,-0.261,-0.342,0.93,-0.573,0.198,-0.153,-0.258,-0.341,0.967,1.779,7.145,-0.695,0.033,-0.354,0.811,-0.977,2.779,-0.191,btn_C
1780982198.3317292,-0.793,-0.104,0.638,-1.962,1.771,-1.489,-0.639,-0.268,0.681,-7.053,0.382,-1.046,-0.26,-0.338,0.93,-0.595,-0.084,0.389,-0.253,-0.346,0.969,1.046,7.115,-0.595,0.03,-0.351,0.809,-0.527,1.939,0.084,btn_C
1780982198.4353583,-0.787,-0.102,0.626,-1.145,2.176,-0.908,-0.64,-0.271,0.676,-6.656,0.305,-0.74,-0.264,-0.338,0.929,-0.702,0.267,0.328,-0.256,-0.34,0.974,1.511,6.824,-0.527,0.024,-0.354,0.816,-0.489,1.244,0.107,btn_C
1780982198.5418775,-0.794,-0.102,0.633,-1.405,2.252,-1.038,-0.632,-0.272,0.68,-6.45,0.45,-0.359,-0.262,-0.338,0.929,-0.519,-0.038,0.305,-0.254,-0.342,0.972,1.366,6.84,-0.496,0.035,-0.357,0.804,-0.511,1.786,0.122,btn_C
1780982198.6411955,-0.793,-0.098,0.638,-1.26,1.191,-1.527,-0.638,-0.271,0.677,-6.443,0.702,-0.672,-0.265,-0.336,0.928,-0.374,0.618,0.573,-0.258,-0.344,0.969,1.252,7.313,0.427,0.021,-0.352,0.806,-0.412,2.023,0.282,btn_C
1780982198.7442636,-0.795,-0.098,0.633,-0.992,0.924,-0.672,-0.638,-0.272,0.678,-6.603,0.435,-0.809,-0.264,-0.338,0.926,0.137,0.267,0.733,-0.257,-0.341,0.967,1.344,7.634,-0.168,0.028,-0.351,0.816,-0.267,1.855,0.305,btn_C
1780982198.860365,-0.794,-0.106,0.627,-0.534,0.496,-1.122,-0.641,-0.27,0.675,-6.221,0.634,-0.305,-0.263,-0.335,0.933,-0.405,0.191,0.74,-0.256,-0.343,0.967,1.603,6.824,-0.71,0.028,-0.356,0.809,-0.534,2.29,0.176,btn_C
1780982198.956289,-0.804,-0.107,0.641,4.206,-0.931,3.313,-0.687,-0.302,0.736,-4.87,-20.282,3.153,-0.272,-0.341,0.929,-0.023,1.42,1.351,-0.259,-0.342,0.964,6.924,2.908,-0.779,0.027,-0.351,0.793,-4.26,6.168,-2.626,btn_C
1780982199.0531015,-0.816,-0.098,0.668,2.328,-4.267,3.42,-0.611,-0.218,0.664,4.168,-3.718,6.42,-0.247,-0.331,0.916,1.252,0.679,1.023,-0.249,-0.338,0.979,1.908,7.221,-0.481,0.022,-0.349,0.809,-0.527,4.237,-1.031,btn_C
1780982199.1581178,-0.772,-0.07,0.643,1.42,-2.053,2.672,-0.642,-0.225,0.715,5.435,1.115,8.313,-0.281,-0.334,0.921,2.374,1.573,1.504,-0.25,-0.335,0.964,3.282,5.069,0.84,0.031,-0.361,0.802,-1.847,3.504,-0.634,btn_C
1780982199.2589066,-0.783,-0.077,0.648,2.45,0.733,1.26,-0.632,-0.196,0.708,-1.954,3.542,1.618,-0.28,-0.33,0.923,2.305,1.313,0.771,-0.225,-0.346,0.975,4.42,7.847,-0.008,0.024,-0.354,0.809,0.092,1.13,-0.328,btn_C
1780982199.3730466,-0.773,-0.067,0.659,-0.427,1.038,-1.26,-0.637,-0.194,0.699,-6.802,1.237,0.618,-0.263,-0.327,0.935,-0.725,0.076,0.74,-0.257,-0.338,0.974,1.313,8.237,-0.656,0.026,-0.361,0.81,-0.496,3.527,0.305,btn_C
1780982199.4729984,-0.773,-0.068,0.65,-1.183,1.489,-1.55,-0.64,-0.199,0.713,-6.863,1.313,-1.229,-0.263,-0.331,0.926,-0.847,1.023,0.817,-0.258,-0.338,0.969,1.214,7.099,-0.511,0.018,-0.354,0.81,0.565,1.153,0.359,btn_C
1780982199.5753121,-0.795,-0.071,0.655,-0.511,1.076,0.252,-0.646,-0.196,0.679,-5.015,1.557,0.466,-0.265,-0.328,0.933,0.328,-0.779,0.542,-0.252,-0.334,0.961,2.305,6.71,-0.412,0.028,-0.352,0.813,-1.405,3.336,-0.611,btn_C
1780982199.6710536,-0.765,-0.065,0.647,2.519,-1.847,0.626,-0.644,-0.176,0.665,-2.008,1.55,-0.87,-0.283,-0.327,0.921,-0.221,-0.153,0.0,-0.25,-0.338,0.978,1.069,6.389,-0.733,0.022,-0.359,0.808,-1.664,5.397,-0.809,btn_C
1780982199.7747407,-0.774,-0.065,0.647,-1.908,2.031,-1.954,-0.637,-0.191,0.688,-9.847,0.443,-2.473,-0.267,-0.33,0.929,-0.824,-0.122,-0.328,-0.256,-0.334,0.985,-0.122,6.26,-0.557,0.025,-0.361,0.815,0.137,1.565,0.565,btn_C
1780982199.8901434,-0.807,-0.097,0.655,-15.702,5.214,-16.237,-0.735,-0.352,0.791,-32.221,13.771,-18.702,-0.209,-0.359,0.98,-5.229,-3.153,-2.427,-0.253,-0.345,0.955,-1.924,8.405,-2.145,0.017,-0.353,0.808,0.931,0.13,0.244,btn_C
1780982199.99363,-0.788,-0.095,0.635,-0.702,2.069,-1.237,-0.64,-0.262,0.677,-6.756,0.687,-1.183,-0.253,-0.338,0.927,-0.298,-0.351,-0.099,-0.249,-0.344,0.965,1.229,6.664,0.176,0.03,-0.351,0.808,-0.176,1.672,-0.244,btn_C
1780982200.0902538,-0.791,-0.097,0.634,-2.382,2.382,-1.008,-0.635,-0.267,0.674,-6.481,0.718,-0.458,-0.257,-0.34,0.922,-0.649,0.763,0.023,-0.252,-0.344,0.962,1.527,6.74,0.015,0.024,-0.353,0.807,-1.45,3.053,-0.191,btn_C
1780982200.1918764,-0.793,-0.095,0.636,-1.504,1.702,-0.412,-0.639,-0.265,0.671,-6.611,0.099,-0.481,-0.258,-0.339,0.929,0.29,-0.443,0.099,-0.248,-0.345,0.965,1.366,6.397,-0.809,0.034,-0.355,0.811,-0.672,2.115,-0.298,btn_C
1780982200.2888656,-0.794,-0.098,0.633,-1.137,1.412,-0.977,-0.643,-0.267,0.67,-6.527,1.397,0.0,-0.259,-0.337,0.93,-0.229,0.008,0.0,-0.249,-0.344,0.96,1.42,6.511,-0.786,0.029,-0.351,0.81,-0.763,1.565,0.031,btn_C
1780982202.9753509,-0.787,-0.101,0.638,-0.87,1.718,-1.221,-0.638,-0.266,0.683,-6.817,0.427,-0.198,-0.262,-0.335,0.928,-0.389,0.443,0.092,-0.253,-0.342,0.974,1.908,7.038,-0.443,0.037,-0.351,0.815,-1.824,2.382,-0.183,btn_C
1780982203.079253,-0.789,-0.1,0.639,-1.046,1.71,-0.71,-0.642,-0.265,0.674,-6.527,1.153,0.511,-0.258,-0.336,0.93,-0.382,-0.458,0.412,-0.255,-0.34,0.968,1.26,7.206,-0.84,0.024,-0.354,0.806,-0.595,1.489,0.489,btn_C
1780982203.1738799,-0.791,-0.098,0.638,0.153,2.153,0.344,-0.637,-0.267,0.68,-6.481,0.443,0.038,-0.263,-0.338,0.931,-0.237,0.153,0.176,-0.251,-0.335,0.966,0.985,6.099,-0.374,0.03,-0.355,0.807,-0.802,1.672,0.13,btn_C
1780982203.2770915,-0.787,-0.101,0.638,-0.641,1.771,-1.237,-0.639,-0.267,0.682,-6.771,0.45,-0.84,-0.268,-0.335,0.929,-0.702,0.382,0.191,-0.251,-0.339,0.973,0.802,6.847,0.153,0.027,-0.355,0.803,-0.786,1.504,-0.198,btn_C
1780982203.3944986,-0.792,-0.095,0.636,-0.443,1.137,-0.344,-0.64,-0.267,0.675,-6.374,0.321,-0.351,-0.26,-0.335,0.932,0.061,-0.817,0.252,-0.245,-0.343,0.973,1.145,6.84,-0.427,0.028,-0.353,0.809,-0.504,2.198,0.107,btn_C
1780982203.4890044,-0.789,-0.099,0.64,-0.45,2.137,-0.87,-0.643,-0.268,0.675,-6.282,0.527,0.053,-0.247,-0.34,0.945,-0.786,1.473,1.328,-0.25,-0.341,0.966,2.42,7.55,0.519,0.019,-0.352,0.804,-0.481,4.046,-0.634,btn_C
1780982203.5850432,-0.732,-0.073,0.661,9.679,-10.427,13.252,-0.587,-0.181,0.614,17.275,-3.763,16.466,-0.256,-0.323,0.929,0.725,0.122,-0.053,-0.247,-0.332,0.978,2.542,5.107,0.542,0.028,-0.351,0.801,-0.252,3.985,-0.122,btn_C
1780982203.68855,-0.719,-0.06,0.635,-6.0,-3.611,0.328,-0.585,-0.172,0.687,-7.794,-2.107,1.962,-0.259,-0.323,0.939,-1.244,-3.015,-0.153,-0.251,-0.336,0.974,1.664,9.71,-0.214,0.03,-0.357,0.805,-0.183,4.168,0.527,btn_C
1780982203.7910588,-0.783,-0.07,0.654,-5.611,2.924,-5.214,-0.623,-0.218,0.742,-8.382,-0.863,-0.015,-0.279,-0.333,0.932,-1.313,1.115,0.176,-0.255,-0.33,0.975,1.756,7.061,-0.748,0.028,-0.362,0.809,-0.13,-0.351,0.13,btn_C
1780982203.907843,-0.794,-0.084,0.678,-1.908,1.13,-0.435,-0.649,-0.234,0.774,-1.168,0.985,1.176,-0.278,-0.339,0.956,1.382,2.061,1.702,-0.2,-0.318,1.002,3.122,11.229,-0.733,0.031,-0.365,0.809,0.672,-0.443,-0.244,btn_C
1780982204.0074015,-0.783,-0.068,0.652,0.069,1.725,-0.519,-0.606,-0.187,0.707,-5.802,0.718,-0.718,-0.262,-0.325,0.925,-0.542,0.122,0.466,-0.252,-0.324,0.977,0.954,7.511,-0.458,0.027,-0.354,0.811,0.771,1.069,1.435,btn_C
1780982204.1055737,-0.835,-0.095,0.675,-17.069,8.947,-20.771,-0.77,-0.363,0.774,-49.802,13.145,-31.153,-0.241,-0.358,0.944,-6.672,-3.87,-4.435,-0.242,-0.354,0.979,-4.115,11.191,-2.893,0.024,-0.357,0.813,2.481,0.084,1.206,btn_C
1780982204.2038102,-0.794,-0.098,0.635,-1.237,4.458,0.405,-0.636,-0.267,0.683,-6.29,0.168,-0.855,-0.26,-0.339,0.936,0.931,-0.29,0.786,-0.251,-0.34,0.974,1.588,6.595,-0.565,0.01,-0.35,0.804,0.092,0.786,0.13,btn_C
1780982204.3061955,-0.79,-0.094,0.64,-1.275,2.313,-0.351,-0.635,-0.261,0.679,-6.611,0.695,-0.084,-0.26,-0.334,0.929,-0.458,-0.084,0.565,-0.244,-0.34,0.969,0.29,7.092,-0.206,0.023,-0.36,0.808,-0.588,2.145,0.282,btn_C
1780982204.4216561,-0.796,-0.097,0.636,-1.092,2.74,-0.42,-0.626,-0.257,0.672,-6.496,1.107,0.305,-0.252,-0.333,0.923,-0.908,0.603,0.817,-0.258,-0.341,0.971,1.015,6.779,-0.824,0.021,-0.353,0.81,-2.656,3.374,0.015,btn_C
1780982204.5255089,-0.792,-0.098,0.634,-1.756,1.588,-1.267,-0.636,-0.265,0.675,-6.565,0.786,-0.672,-0.259,-0.34,0.929,-0.611,-0.412,0.405,-0.256,-0.34,0.968,1.573,6.565,-0.366,0.027,-0.353,0.808,-0.099,1.092,0.656,btn_C
1780982204.6251163,-0.792,-0.101,0.636,-0.794,1.344,-1.313,-0.638,-0.263,0.673,-6.267,0.321,-0.786,-0.263,-0.339,0.929,0.069,-1.084,0.13,-0.255,-0.341,0.968,1.649,6.779,-0.198,0.026,-0.353,0.808,-0.809,2.427,-0.321,btn_C
1780982204.7238681,-0.791,-0.093,0.635,-0.893,1.695,-0.198,-0.635,-0.265,0.685,-6.115,0.29,-0.595,-0.262,-0.339,0.929,-0.008,0.489,0.443,-0.252,-0.344,0.971,1.924,7.191,-0.427,0.027,-0.357,0.805,-0.725,1.656,0.153,btn_C
1780982204.8228278,-0.792,-0.103,0.636,-0.374,1.756,-0.885,-0.638,-0.267,0.68,-6.153,0.718,0.069,-0.257,-0.341,0.93,-0.046,0.206,0.359,-0.255,-0.341,0.967,1.656,7.26,-0.489,0.024,-0.354,0.809,-0.763,2.527,-0.115,btn_C
1780982207.6075706,-0.79,-0.105,0.64,-1.473,1.176,-1.511,-0.635,-0.266,0.683,-6.229,1.115,-0.015,-0.264,-0.341,0.925,-0.664,0.015,-0.099,-0.256,-0.343,0.963,1.542,7.198,-0.885,0.031,-0.35,0.813,-0.427,2.015,-0.145,btn_C
1780982207.7112913,-0.794,-0.104,0.643,-0.405,0.794,-0.16,-0.634,-0.265,0.683,-6.145,1.061,-0.221,-0.261,-0.34,0.929,-0.061,0.031,-0.168,-0.254,-0.344,0.967,1.321,7.031,-0.527,0.025,-0.357,0.8,-0.687,2.87,-0.107,btn_C
1780982207.808162,-0.788,-0.104,0.638,-0.908,1.389,-1.198,-0.629,-0.268,0.685,-6.366,0.748,-0.771,-0.257,-0.335,0.926,-0.344,-0.58,0.519,-0.257,-0.343,0.967,1.893,7.412,0.115,0.026,-0.355,0.813,-0.557,3.191,-0.351,btn_C
1780982207.9113731,-0.789,-0.109,0.635,-0.275,1.565,-0.672,-0.635,-0.268,0.685,-6.191,0.496,-0.649,-0.262,-0.339,0.931,-0.366,0.634,0.13,-0.254,-0.337,0.969,1.405,7.183,-0.183,0.029,-0.353,0.808,-0.832,3.664,-0.748,btn_C
1780982208.0247877,-0.791,-0.107,0.634,-0.603,1.305,-0.618,-0.633,-0.269,0.681,-6.191,1.076,-0.122,-0.262,-0.336,0.925,-0.198,-0.122,0.008,-0.256,-0.34,0.966,1.618,6.847,-0.122,0.024,-0.349,0.814,-0.282,2.374,-0.13,btn_C
1780982208.1283238,-0.793,-0.107,0.632,-0.191,1.321,-1.16,-0.633,-0.268,0.682,-7.023,1.832,0.939,-0.264,-0.337,0.933,-0.756,1.0,0.802,-0.259,-0.337,0.971,1.382,7.496,-0.153,0.024,-0.355,0.809,-1.489,1.702,-0.26,btn_C
1780982208.2203498,-0.757,-0.098,0.644,12.649,-7.901,15.321,-0.716,-0.215,0.593,25.359,4.389,38.58,-0.302,-0.323,0.927,3.954,5.481,1.565,-0.255,-0.325,0.986,4.435,3.847,-0.053,0.027,-0.363,0.809,-0.511,4.183,-1.183,btn_C
1780982208.3234508,-0.763,-0.054,0.614,0.756,-0.45,6.71,-0.594,-0.193,0.721,3.985,0.595,6.733,-0.268,-0.345,0.944,2.794,4.099,0.656,-0.26,-0.334,0.971,3.618,3.137,-0.779,0.024,-0.348,0.806,-0.504,1.061,-1.046,btn_C
1780982208.4434865,-0.786,-0.077,0.679,-2.733,2.466,-1.153,-0.655,-0.211,0.736,-4.58,2.008,0.634,-0.274,-0.332,0.937,0.908,0.176,0.985,-0.253,-0.331,0.972,3.313,6.939,-0.168,0.026,-0.357,0.809,0.244,-0.817,1.092,btn_C
1780982208.5397568,-0.794,-0.082,0.68,-1.084,1.214,-0.382,-0.65,-0.195,0.701,-4.466,0.962,0.824,-0.258,-0.324,0.933,0.725,0.786,0.885,-0.252,-0.332,0.969,3.435,7.649,0.328,0.025,-0.351,0.807,-0.176,0.916,0.344,btn_C
1780982208.6413524,-0.767,-0.061,0.663,0.977,2.389,-0.74,-0.637,-0.187,0.711,-3.893,4.443,-6.122,-0.28,-0.327,0.927,0.137,-0.405,0.58,-0.244,-0.335,0.961,0.588,8.481,-0.237,0.021,-0.364,0.811,-0.664,4.229,-0.588,btn_C
1780982208.7356896,-0.776,-0.072,0.668,1.389,-0.344,1.954,-0.645,-0.194,0.712,-0.084,1.588,2.206,-0.271,-0.319,0.926,1.969,0.0,0.588,-0.257,-0.323,0.964,1.42,6.214,-0.779,0.031,-0.352,0.805,-2.076,3.664,-1.137,btn_C
1780982208.838868,-0.765,-0.054,0.646,-0.977,1.153,-2.435,-0.618,-0.165,0.661,-9.053,1.985,-1.496,-0.297,-0.284,0.769,2.832,4.298,0.847,-0.251,-0.33,0.982,0.725,8.519,-0.725,0.027,-0.351,0.819,2.336,2.008,1.038,btn_C
1780982208.94163,-0.825,-0.079,0.649,-10.527,9.282,-14.031,-0.685,-0.258,0.694,-40.206,0.855,-31.817,-0.225,-0.333,0.935,-4.817,-6.366,-2.656,-0.252,-0.341,0.954,1.183,4.229,-2.977,0.019,-0.35,0.81,2.214,-0.695,0.855,btn_C
1780982209.0557463,-0.799,-0.102,0.639,-2.412,2.069,-2.42,-0.599,-0.246,0.666,-6.092,5.031,-2.282,-0.252,-0.336,0.939,-1.107,-0.069,0.382,-0.249,-0.339,0.966,1.366,6.573,-0.275,0.035,-0.352,0.813,-0.42,2.244,-0.046,btn_C
1780982209.1575048,-0.782,-0.103,0.645,-0.908,1.786,-0.702,-0.643,-0.264,0.686,-6.458,0.481,-0.687,-0.259,-0.339,0.934,-0.183,1.321,0.473,-0.258,-0.341,0.982,1.359,7.427,0.344,0.023,-0.352,0.805,-0.275,2.031,0.191,btn_C
1780982209.2581427,-0.79,-0.104,0.642,-0.931,1.084,-0.13,-0.638,-0.26,0.675,-6.137,0.252,-0.298,-0.258,-0.335,0.932,0.038,0.511,0.695,-0.251,-0.339,0.969,1.321,7.168,-0.153,0.027,-0.355,0.804,0.58,1.382,0.511,btn_C
1780982209.3534017,-0.789,-0.1,0.632,-0.855,1.947,-0.939,-0.631,-0.267,0.691,-6.382,0.26,-0.55,-0.261,-0.336,0.926,-0.359,-1.344,0.16,-0.248,-0.343,0.966,1.176,6.29,-0.481,0.026,-0.355,0.808,-0.588,2.084,-0.053,btn_C
1780982209.4564738,-0.79,-0.099,0.644,-0.405,1.962,-0.55,-0.636,-0.262,0.681,-6.275,0.87,-0.13,-0.259,-0.334,0.937,-0.176,0.13,0.137,-0.252,-0.335,0.972,1.481,7.336,-0.71,0.029,-0.352,0.812,-0.573,2.656,-0.542,btn_C
1780982212.2391372,-0.796,-0.1,0.637,-0.992,1.252,-0.618,-0.636,-0.266,0.683,-5.893,0.893,-0.137,-0.265,-0.336,0.939,-0.542,-0.458,0.183,-0.253,-0.342,0.966,1.458,7.046,-0.664,0.021,-0.346,0.795,-0.115,1.206,0.336,btn_C
1780982212.340362,-0.791,-0.102,0.64,-1.237,1.0,-1.046,-0.635,-0.262,0.676,-6.275,0.771,-0.153,-0.257,-0.335,0.934,-0.557,0.107,-0.13,-0.252,-0.338,0.973,1.626,6.885,-0.733,0.028,-0.35,0.812,-0.298,2.099,0.13,btn_C
1780982212.4562302,-0.79,-0.105,0.642,-1.092,1.473,-0.634,-0.635,-0.264,0.672,-6.588,0.779,-0.183,-0.259,-0.337,0.932,-0.29,0.115,-0.038,-0.256,-0.339,0.969,1.542,7.229,-0.626,0.026,-0.355,0.813,-0.557,2.588,-0.023,btn_C
1780982212.5557606,-0.791,-0.109,0.633,-0.863,2.145,-1.191,-0.632,-0.263,0.679,-6.55,0.191,-1.557,-0.258,-0.338,0.928,-0.382,-0.092,0.603,-0.255,-0.336,0.973,1.504,6.641,-0.191,0.031,-0.353,0.808,-0.756,1.672,0.092,btn_C
1780982212.6548097,-0.792,-0.103,0.635,-1.473,1.649,-1.053,-0.635,-0.267,0.68,-6.473,0.672,-0.924,-0.26,-0.337,0.926,-0.344,0.382,0.115,-0.258,-0.344,0.967,1.359,7.443,0.435,0.028,-0.353,0.809,-0.405,1.817,0.107,btn_C
1780982212.7562404,-0.795,-0.103,0.635,-0.244,1.099,0.008,-0.638,-0.264,0.684,-6.695,1.29,0.573,-0.25,-0.338,0.937,-0.802,0.908,0.947,-0.252,-0.336,0.968,2.084,7.511,0.107,0.023,-0.348,0.819,0.664,2.55,0.214,btn_C
1780982212.8556232,-0.785,-0.099,0.653,7.412,-3.504,6.084,-0.65,-0.297,0.763,19.84,1.573,17.618,-0.27,-0.324,0.908,4.519,4.489,2.313,-0.253,-0.347,0.981,2.954,4.252,-0.504,0.026,-0.354,0.805,-1.374,1.908,-0.366,btn_C
1780982212.9716659,-0.765,-0.068,0.632,4.443,-2.55,5.695,-0.572,-0.181,0.668,2.084,2.496,6.87,-0.276,-0.328,0.932,-0.168,0.664,0.45,-0.242,-0.34,0.973,3.435,6.695,-0.809,0.033,-0.363,0.804,-3.031,7.008,-2.061,btn_C
1780982213.0702627,-0.749,-0.07,0.638,0.214,0.718,-0.389,-0.623,-0.204,0.707,-4.42,3.313,-4.275,-0.272,-0.327,0.923,-0.542,-1.191,0.145,-0.258,-0.335,0.964,1.107,7.053,-1.237,0.02,-0.357,0.811,-0.855,3.71,-0.71,btn_C
1780982213.1730406,-0.78,-0.074,0.652,0.015,-0.794,0.962,-0.6,-0.193,0.704,-4.023,0.015,1.221,-0.272,-0.324,0.927,-0.244,-1.962,0.305,-0.252,-0.333,0.972,1.71,6.244,-0.504,0.022,-0.359,0.805,-0.977,3.42,-0.679,btn_C
1780982213.2726858,-0.767,-0.066,0.651,-1.695,2.107,-1.58,-0.63,-0.206,0.717,-8.58,1.023,-1.13,-0.267,-0.331,0.933,-0.634,0.061,0.351,-0.256,-0.337,0.967,2.427,6.794,-0.198,0.03,-0.355,0.812,-0.641,1.641,-0.122,btn_C
1780982213.3706508,-0.778,-0.069,0.65,-0.748,1.458,-1.802,-0.642,-0.199,0.694,-7.588,-0.496,-0.969,-0.273,-0.33,0.931,-0.397,-0.702,0.328,-0.252,-0.334,0.977,1.466,6.756,0.0,0.031,-0.359,0.819,-1.679,4.015,-0.817,btn_C
1780982213.4737835,-0.758,-0.062,0.644,-4.802,10.885,-9.069,-0.537,-0.151,0.617,-31.427,8.443,-22.656,-0.261,-0.322,0.926,-4.305,-5.206,-2.809,-0.285,-0.303,0.944,0.115,4.168,-1.748,0.015,-0.346,0.811,2.015,1.221,2.122,btn_C
1780982213.5900972,-0.794,-0.103,0.641,-1.687,1.45,-2.42,-0.643,-0.272,0.689,-5.916,2.977,-2.198,-0.253,-0.339,0.935,-0.55,-0.504,0.023,-0.246,-0.337,0.976,1.023,6.389,-0.45,0.026,-0.356,0.805,0.542,1.687,0.244,btn_C
1780982213.690486,-0.787,-0.097,0.638,-1.473,2.649,-0.634,-0.64,-0.263,0.67,-7.015,0.405,-0.183,-0.254,-0.341,0.93,-0.672,0.756,0.55,-0.252,-0.341,0.971,1.74,7.237,-0.412,0.025,-0.348,0.818,-1.069,1.985,0.214,btn_C
1780982213.7893531,-0.788,-0.099,0.64,-1.191,1.198,-0.359,-0.64,-0.266,0.686,-6.519,0.305,-0.595,-0.258,-0.344,0.934,-0.26,0.55,0.733,-0.254,-0.341,0.979,1.45,7.344,-0.771,0.025,-0.352,0.806,0.023,0.427,0.931,btn_C
1780982213.8859904,-0.79,-0.099,0.635,-2.099,1.679,-2.061,-0.634,-0.266,0.677,-6.74,0.145,-1.282,-0.258,-0.341,0.931,-0.443,0.122,0.664,-0.249,-0.344,0.967,1.412,6.908,-0.496,0.029,-0.351,0.808,-0.534,2.046,0.412,btn_C
1780982214.0036397,-0.788,-0.099,0.638,-1.046,1.901,-0.771,-0.637,-0.259,0.683,-6.473,0.305,-0.656,-0.257,-0.336,0.924,-0.458,0.282,0.489,-0.253,-0.339,0.968,1.458,7.84,0.412,0.02,-0.35,0.817,-0.382,1.519,0.305,btn_C
1780982214.10496,-0.794,-0.097,0.635,-0.885,1.901,-1.015,-0.637,-0.262,0.68,-6.397,0.695,-0.099,-0.255,-0.337,0.936,-0.771,-0.656,0.137,-0.252,-0.342,0.967,1.618,6.962,-0.237,0.028,-0.345,0.802,-0.916,2.496,-0.038,btn_C
1780982214.1949792,-0.792,-0.099,0.64,-1.565,1.405,-1.588,-0.633,-0.267,0.687,-6.328,1.069,0.015,-0.263,-0.336,0.928,-0.389,0.206,0.397,-0.251,-0.343,0.969,1.351,6.748,-0.466,0.03,-0.352,0.805,-0.298,1.794,0.275,btn_C
1780982216.8730252,-0.79,-0.101,0.639,-0.641,0.832,-0.908,-0.631,-0.264,0.679,-6.031,0.924,0.038,-0.257,-0.337,0.932,-0.023,-0.237,-0.137,-0.253,-0.342,0.965,1.519,6.832,-0.008,0.036,-0.351,0.81,-0.45,2.71,-0.046,btn_C
1780982216.9885583,-0.79,-0.1,0.634,-0.443,1.916,-0.092,-0.633,-0.264,0.68,-6.107,0.496,-0.779,-0.259,-0.337,0.93,-0.015,-0.298,0.16,-0.252,-0.342,0.972,1.74,6.809,-0.038,0.032,-0.345,0.808,-0.687,2.527,-0.29,btn_C
1780982217.0927658,-0.791,-0.101,0.633,-0.412,1.817,-0.824,-0.639,-0.27,0.673,-6.641,0.359,-0.298,-0.262,-0.333,0.927,-0.031,1.122,0.168,-0.255,-0.343,0.973,1.496,7.496,-0.45,0.031,-0.345,0.81,-0.015,1.656,0.206,btn_C
1780982217.1905851,-0.786,-0.105,0.639,-1.023,1.527,-0.695,-0.635,-0.265,0.682,-6.511,0.908,-0.832,-0.26,-0.336,0.931,-0.389,0.374,-0.137,-0.253,-0.345,0.962,1.473,7.198,-0.092,0.03,-0.349,0.807,-0.534,1.748,0.252,btn_C
1780982217.2861931,-0.79,-0.104,0.632,-0.855,1.489,-0.664,-0.637,-0.266,0.677,-6.55,0.527,-0.534,-0.257,-0.332,0.931,0.206,-0.221,0.351,-0.254,-0.339,0.971,1.496,6.74,-0.214,0.023,-0.353,0.808,-0.366,1.969,0.29,btn_C
1780982217.3882966,-0.793,-0.1,0.63,-1.061,1.305,-0.939,-0.636,-0.267,0.684,-6.092,0.679,-0.656,-0.259,-0.335,0.933,-0.313,0.206,-0.038,-0.253,-0.338,0.97,1.206,6.344,-0.221,0.026,-0.351,0.811,-0.389,1.901,0.198,btn_C
1780982217.4908662,-0.787,-0.105,0.638,-0.84,1.74,-0.099,-0.642,-0.269,0.679,-7.214,0.45,0.344,-0.254,-0.334,0.94,-0.649,1.023,1.168,-0.25,-0.337,0.965,1.725,8.092,0.649,0.023,-0.354,0.801,0.282,2.748,-0.389,btn_C
1780982217.656464,-0.777,-0.091,0.653,7.58,-2.924,9.015,-0.639,-0.265,0.727,17.702,-2.695,15.252,-0.247,-0.337,0.95,1.336,3.443,1.885,-0.248,-0.347,0.971,4.855,9.282,0.26,0.027,-0.366,0.811,-2.908,8.198,-1.71,btn_C
1780982217.6971445,-0.719,-0.065,0.614,5.489,-1.779,5.832,-0.708,-0.176,0.625,6.42,3.053,6.794,-0.069,-0.328,0.994,2.71,-0.481,-2.099,-0.248,-0.356,0.961,5.496,8.076,-1.092,0.021,-0.357,0.82,-1.45,1.924,-0.771,btn_C
1780982217.7998843,-0.754,-0.041,0.635,-7.328,1.328,-8.0,-0.608,-0.183,0.758,-11.489,-1.74,-5.71,-0.236,-0.397,1.098,-0.611,1.29,-0.382,-0.25,-0.335,0.968,2.053,9.847,-0.534,0.021,-0.351,0.808,1.626,1.008,1.359,btn_C
1780982217.9026618,-0.808,-0.073,0.692,-4.641,3.992,-4.069,-0.602,-0.199,0.778,-8.038,1.061,-2.099,-0.258,-0.337,0.975,-0.573,-1.595,0.252,-0.244,-0.335,0.971,2.198,6.595,-0.473,0.027,-0.36,0.801,1.008,-0.099,0.649,btn_C
1780982218.005896,-0.787,-0.05,0.667,-0.466,1.863,0.977,-0.631,-0.206,0.772,-3.252,-0.489,4.435,-0.276,-0.327,0.94,0.824,2.618,0.481,-0.244,-0.328,0.975,2.137,6.878,-0.115,0.03,-0.359,0.811,-0.26,2.84,0.443,btn_C
1780982218.1209745,-0.768,-0.052,0.66,-2.534,2.328,-2.405,-0.636,-0.168,0.693,-10.359,0.137,-0.145,-0.257,-0.322,0.934,-1.176,-0.389,0.534,-0.262,-0.331,0.968,0.908,6.969,0.198,0.02,-0.36,0.804,-0.389,3.382,0.351,btn_C
1780982218.226667,-0.781,-0.054,0.637,-7.031,17.389,-18.076,-0.643,-0.229,0.694,-47.847,3.573,-39.656,-0.253,-0.335,0.943,-5.573,-11.779,-4.198,-0.254,-0.329,0.973,-0.641,2.702,-2.366,0.023,-0.347,0.805,2.298,-0.977,1.695,btn_C
1780982218.323783,-0.792,-0.096,0.641,-1.42,1.832,-1.634,-0.641,-0.264,0.685,-6.084,0.611,-3.008,-0.241,-0.34,0.939,-0.328,1.565,0.618,-0.257,-0.342,0.971,1.748,8.557,0.55,0.035,-0.35,0.817,-1.527,3.282,-0.511,btn_C
1780982218.4180372,-0.787,-0.104,0.642,-1.908,2.74,-0.824,-0.638,-0.264,0.682,-6.817,0.489,-0.221,-0.249,-0.338,0.929,-0.534,0.244,0.534,-0.246,-0.341,0.973,1.443,6.176,-0.634,0.026,-0.349,0.811,-0.878,2.511,-0.084,btn_C
1780982218.5209875,-0.79,-0.094,0.644,-1.176,2.58,-0.489,-0.634,-0.265,0.682,-6.901,0.176,-0.137,-0.25,-0.337,0.937,-0.046,0.397,1.023,-0.255,-0.336,0.967,1.649,7.641,-0.099,0.033,-0.354,0.818,-0.389,1.58,-0.069,btn_C
1780982218.6241245,-0.791,-0.102,0.644,-1.71,2.168,-1.458,-0.638,-0.268,0.682,-7.038,1.061,-0.794,-0.248,-0.334,0.937,-0.901,0.427,0.55,-0.253,-0.339,0.975,0.969,7.855,0.0,0.015,-0.352,0.818,-0.168,2.412,0.321,btn_C
1780982218.7402377,-0.792,-0.102,0.638,-1.046,1.573,-0.908,-0.635,-0.263,0.684,-6.58,0.763,-0.321,-0.249,-0.337,0.934,-0.603,0.489,0.405,-0.252,-0.343,0.968,1.626,7.244,-0.351,0.001,-0.4,0.796,-3.641,4.443,-1.802,btn_C
1780982218.8370495,-0.787,-0.097,0.635,-0.183,1.176,0.0,-0.639,-0.261,0.673,-6.374,0.878,0.023,-0.249,-0.335,0.935,-0.076,-0.344,0.611,-0.252,-0.34,0.968,1.664,7.74,0.649,0.023,-0.346,0.806,0.328,1.656,0.252,btn_C
1780982221.5079622,-0.791,-0.1,0.63,-0.893,1.878,-0.71,-0.639,-0.264,0.678,-6.252,0.511,-0.412,-0.254,-0.338,0.933,-0.481,0.435,0.122,-0.256,-0.342,0.961,1.511,6.985,0.076,0.026,-0.349,0.805,-0.832,2.557,-0.267,btn_C
1780982221.6118958,-0.795,-0.1,0.639,-0.924,1.786,-1.008,-0.636,-0.265,0.68,-6.305,0.298,-1.282,-0.251,-0.337,0.933,-0.458,-0.153,-0.015,-0.25,-0.341,0.967,1.473,6.779,-0.351,0.027,-0.354,0.806,-0.42,1.672,0.206,btn_C
1780982221.7210999,-0.789,-0.095,0.641,-1.832,1.885,-1.206,-0.637,-0.263,0.679,-6.435,0.412,-0.344,-0.251,-0.34,0.933,-0.366,0.351,0.336,-0.255,-0.34,0.969,1.58,6.641,0.069,0.024,-0.354,0.806,-0.71,1.878,0.053,btn_C
1780982221.8172014,-0.791,-0.097,0.639,-1.191,1.557,-0.977,-0.633,-0.26,0.685,-6.557,0.763,0.252,-0.25,-0.338,0.937,-0.183,0.351,0.221,-0.255,-0.346,0.97,1.443,7.504,0.031,0.028,-0.347,0.805,-0.527,2.038,0.153,btn_C
1780982221.91999,-0.791,-0.103,0.636,-0.779,1.198,-0.733,-0.635,-0.266,0.682,-6.16,0.763,0.435,-0.249,-0.338,0.933,-0.122,-0.198,0.824,-0.251,-0.34,0.971,1.641,6.756,-0.702,0.03,-0.354,0.803,-0.725,2.382,0.145,btn_C
1780982222.0232089,-0.788,-0.1,0.634,-0.947,1.214,-0.466,-0.634,-0.266,0.683,-6.481,0.55,-0.29,-0.248,-0.341,0.932,-0.595,0.565,0.939,-0.254,-0.338,0.967,1.473,8.046,0.366,0.024,-0.351,0.806,0.328,2.634,0.557,btn_C
1780982222.138164,-0.781,-0.117,0.656,4.321,1.038,2.58,-0.777,-0.324,0.744,5.588,-14.42,6.122,-0.256,-0.341,0.938,4.069,2.878,2.099,-0.233,-0.353,0.979,3.168,7.412,0.26,0.033,-0.354,0.807,-2.672,4.511,-1.389,btn_C
1780982222.2376,-0.803,-0.091,0.644,1.977,-2.71,3.809,-0.615,-0.261,0.712,5.008,0.389,13.137,-0.265,-0.326,0.916,0.405,5.466,2.656,-0.263,-0.344,0.962,2.901,7.58,-0.069,0.021,-0.354,0.798,0.351,2.275,-1.733,btn_C
1780982222.338477,-0.78,-0.078,0.641,0.244,-1.252,1.603,-0.675,-0.283,0.814,3.687,4.748,3.023,-0.259,-0.332,0.934,0.679,1.275,0.771,-0.265,-0.332,0.953,2.71,6.42,-0.481,0.018,-0.35,0.809,-0.16,0.878,-0.656,btn_C
1780982222.4354424,-0.769,-0.082,0.639,5.191,-6.603,6.046,-0.614,-0.186,0.696,2.534,5.74,8.115,-0.263,-0.321,0.932,1.221,0.176,0.611,-0.256,-0.334,0.959,0.702,6.534,-0.962,0.018,-0.356,0.802,-0.87,5.092,0.565,btn_C
1780982222.5380714,-0.768,-0.063,0.645,1.947,-1.565,2.16,-0.651,-0.192,0.695,-0.412,3.679,-6.252,-0.275,-0.327,0.93,-1.191,-1.344,0.122,-0.248,-0.337,0.963,1.008,7.595,-0.466,0.017,-0.354,0.813,-1.244,4.267,-1.237,btn_C
1780982222.6544268,-0.761,-0.059,0.647,-0.206,1.168,-1.061,-0.635,-0.18,0.676,-8.908,0.519,-0.725,-0.263,-0.33,0.937,-1.42,-1.183,-0.137,-0.249,-0.338,0.973,0.817,7.374,-0.374,0.02,-0.356,0.807,-0.389,2.893,-0.466,btn_C
1780982222.7542267,-0.787,-0.069,0.666,0.237,4.168,-3.16,-0.647,-0.197,0.695,-7.588,0.87,-0.702,-0.262,-0.33,0.93,-0.71,-0.893,0.252,-0.249,-0.331,0.981,1.069,6.328,-0.603,0.028,-0.348,0.811,0.115,1.107,0.145,btn_C
1780982222.8531919,-0.77,-0.073,0.657,-0.16,1.557,-1.481,-0.636,-0.194,0.696,-7.71,1.641,-3.557,-0.26,-0.331,0.934,-0.809,-1.29,-0.115,-0.251,-0.338,0.964,1.611,7.542,-0.435,0.027,-0.35,0.803,-0.908,3.473,-0.687,btn_C
1780982222.9500916,-0.764,-0.064,0.654,-0.794,-1.603,0.893,-0.617,-0.185,0.688,-4.634,0.779,-1.084,-0.258,-0.324,0.924,-0.58,-0.328,0.038,-0.249,-0.337,0.967,1.092,7.183,-0.374,0.026,-0.355,0.807,-1.237,4.405,-0.527,btn_C
1780982223.053762,-0.767,-0.069,0.648,-1.84,3.947,-2.58,-0.648,-0.213,0.723,-8.847,-0.832,-2.824,-0.262,-0.337,0.937,-0.74,-0.183,-0.061,-0.255,-0.339,0.966,0.817,6.939,-0.328,0.028,-0.353,0.812,-1.214,2.191,-0.305,btn_C
1780982223.1564627,-0.795,-0.07,0.659,-3.183,5.122,-3.84,-0.641,-0.206,0.684,-9.595,2.153,-3.26,-0.262,-0.329,0.925,-1.16,0.504,-0.405,-0.27,-0.329,0.969,0.023,4.931,-0.473,0.023,-0.348,0.806,-0.244,1.099,0.847,btn_C
1780982223.27135,-0.812,-0.094,0.656,-6.985,5.885,-8.748,-0.664,-0.268,0.699,-25.626,2.374,-15.969,-0.254,-0.337,0.939,-1.504,-4.107,-2.267,-0.248,-0.331,0.968,1.252,4.71,-1.214,0.026,-0.357,0.812,-0.74,3.038,-0.359,btn_C
1780982223.369195,-0.781,-0.092,0.641,-2.779,1.145,-3.687,-0.692,-0.299,0.697,-7.466,6.87,-3.992,-0.244,-0.341,0.939,-0.527,0.153,-0.718,-0.248,-0.347,0.956,1.977,5.412,-0.832,0.021,-0.35,0.808,-0.061,1.656,0.13,btn_C
1780982223.4737692,-0.786,-0.094,0.643,-2.947,2.763,-2.092,-0.642,-0.269,0.673,-6.328,1.603,-0.969,-0.253,-0.336,0.937,-0.511,0.962,0.542,-0.253,-0.345,0.958,1.603,8.359,-0.084,0.028,-0.34,0.815,-0.405,1.435,0.534,btn_C
1780982226.1570132,-0.792,-0.1,0.638,-0.214,1.901,-0.641,-0.636,-0.261,0.68,-6.641,0.321,-0.74,-0.251,-0.332,0.931,-0.328,-0.427,0.519,-0.258,-0.342,0.971,1.634,7.489,0.321,0.028,-0.353,0.806,-0.542,2.427,0.183,btn_C
1780982226.2547972,-0.795,-0.099,0.636,-1.252,2.061,-0.855,-0.639,-0.266,0.685,-6.359,0.496,-0.282,-0.248,-0.333,0.938,-0.481,0.344,0.458,-0.255,-0.337,0.967,1.13,7.13,-0.305,0.029,-0.354,0.802,-0.366,2.809,0.885,btn_C
1780982226.3492584,-0.796,-0.103,0.63,-1.595,2.191,-1.305,-0.639,-0.271,0.681,-6.481,0.496,-0.183,-0.249,-0.339,0.934,-0.038,0.382,0.053,-0.256,-0.34,0.965,1.489,6.252,-0.519,0.029,-0.352,0.806,-1.168,2.16,-0.511,btn_C
1780982226.4541476,-0.787,-0.095,0.631,-1.725,1.046,-0.878,-0.639,-0.27,0.679,-6.656,0.328,-0.137,-0.247,-0.336,0.932,0.046,-0.145,0.237,-0.255,-0.344,0.976,1.893,7.626,-0.527,0.027,-0.349,0.811,-0.473,2.649,-0.084,btn_C
1780982226.5552378,-0.794,-0.099,0.632,-0.649,1.244,-0.42,-0.635,-0.264,0.676,-6.634,0.595,-0.45,-0.249,-0.331,0.938,-0.588,0.229,-0.046,-0.255,-0.34,0.969,1.649,7.519,-0.695,0.03,-0.353,0.806,-0.763,3.237,-0.008,btn_C
1780982226.6729057,-0.795,-0.103,0.639,-0.298,1.649,-1.198,-0.639,-0.269,0.672,-6.137,0.473,-0.397,-0.245,-0.339,0.931,-0.42,-0.069,0.145,-0.256,-0.34,0.965,1.794,6.885,0.038,0.026,-0.346,0.812,-1.382,4.153,-0.55,btn_C
1780982226.7710683,-0.772,-0.1,0.639,2.603,-0.626,2.916,-0.678,-0.277,0.654,-2.756,-19.725,3.542,-0.255,-0.362,0.983,1.092,-0.893,1.229,-0.205,-0.352,0.977,10.198,9.924,1.74,0.024,-0.344,0.807,-4.405,5.832,-2.29,btn_C
1780982226.8687146,-0.74,-0.067,0.627,2.382,-10.351,5.916,-0.505,-0.172,0.699,1.588,-3.656,23.565,-0.267,-0.332,0.938,0.244,-0.473,-0.374,-0.251,-0.336,0.984,1.84,6.504,0.985,0.001,-0.348,0.802,1.344,3.519,-0.069,btn_C
1780982226.9691336,-0.72,-0.065,0.666,2.916,-7.344,9.435,-0.615,-0.195,0.765,9.511,-4.023,2.679,-0.267,-0.331,0.935,2.718,3.458,0.863,-0.251,-0.323,0.958,5.183,4.496,-0.664,0.017,-0.359,0.804,-2.321,1.954,-2.26,btn_C
1780982227.0704105,-0.791,-0.062,0.666,-0.916,1.916,-2.496,-0.583,-0.174,0.71,-4.13,8.756,-15.863,-0.253,-0.329,0.937,-0.656,0.252,-0.191,-0.262,-0.331,0.97,-0.038,7.267,-1.107,0.026,-0.353,0.81,-0.313,3.443,0.328,btn_C
1780982227.1872778,-0.738,-0.056,0.643,-1.58,7.321,-9.405,-0.647,-0.188,0.71,-13.573,4.214,-1.183,-0.259,-0.324,0.936,-0.954,-0.023,0.229,-0.261,-0.33,0.969,0.985,7.626,-0.26,0.023,-0.347,0.801,-1.305,3.107,-0.008,btn_C
1780982227.2876341,-0.773,-0.064,0.657,-1.145,0.542,-0.221,-0.625,-0.179,0.687,-6.756,0.802,1.779,-0.262,-0.324,0.927,-0.031,0.344,0.038,-0.253,-0.33,0.97,1.641,7.977,-0.611,0.027,-0.359,0.816,-2.359,4.779,-0.939,btn_C
1780982227.3873117,-0.748,-0.058,0.638,-1.511,1.008,-0.702,-0.641,-0.185,0.694,-7.947,0.824,-0.695,-0.259,-0.326,0.941,-0.641,-0.534,-0.198,-0.252,-0.334,0.973,1.122,7.473,-0.153,0.025,-0.362,0.812,0.321,1.695,0.153,btn_C
1780982227.482782,-0.747,-0.064,0.61,-5.191,11.42,-10.252,-0.619,-0.17,0.588,-46.649,3.634,-49.252,-0.266,-0.34,0.909,-5.84,-10.466,-4.336,-0.277,-0.347,0.952,-3.779,7.13,-2.84,0.022,-0.358,0.808,-0.427,3.458,0.977,btn_C
1780982227.585211,-0.789,-0.101,0.649,-1.832,1.115,-2.237,-0.643,-0.27,0.677,-6.84,0.42,-2.282,-0.249,-0.34,0.939,-0.511,1.183,-0.046,-0.255,-0.339,0.971,1.229,7.763,-0.321,0.026,-0.351,0.808,0.427,-0.901,1.229,btn_C
1780982227.6887176,-0.792,-0.099,0.635,-1.519,2.618,-1.061,-0.64,-0.267,0.676,-6.305,0.405,-0.824,-0.251,-0.337,0.928,0.145,0.58,0.351,-0.258,-0.335,0.971,1.023,7.481,0.176,0.025,-0.356,0.807,0.321,0.725,1.061,btn_C
1780982227.8020656,-0.794,-0.098,0.633,-1.588,2.458,-0.901,-0.641,-0.266,0.671,-6.519,0.527,-0.992,-0.252,-0.333,0.931,-0.023,-0.115,0.267,-0.258,-0.34,0.969,0.962,7.397,0.328,0.025,-0.351,0.816,0.328,0.405,0.863,btn_C
1780982227.9064093,-0.788,-0.095,0.638,-1.214,1.305,-0.962,-0.642,-0.263,0.671,-6.389,0.847,-0.084,-0.255,-0.338,0.935,-0.573,0.565,0.42,-0.256,-0.343,0.965,1.557,7.176,-0.733,0.029,-0.353,0.805,-0.763,2.16,0.015,btn_C
1780982228.0033545,-0.792,-0.101,0.637,-1.344,1.489,-1.321,-0.642,-0.266,0.676,-6.267,1.137,0.305,-0.252,-0.334,0.931,0.206,0.176,0.206,-0.252,-0.342,0.961,1.511,6.992,-0.687,0.028,-0.35,0.802,-0.695,1.863,0.046,btn_C
1780982228.1004055,-0.792,-0.096,0.634,-1.725,1.931,-0.756,-0.642,-0.264,0.679,-6.115,0.71,0.084,-0.254,-0.335,0.934,-0.298,0.282,0.557,-0.263,-0.34,0.964,1.496,6.664,-0.473,0.028,-0.354,0.813,0.0,0.87,0.176,btn_C
1780982230.778579,-0.793,-0.101,0.631,-1.092,2.137,-0.71,-0.641,-0.265,0.678,-6.527,0.42,-0.542,-0.256,-0.334,0.933,-0.42,0.779,0.229,-0.256,-0.338,0.966,1.45,7.061,0.168,0.022,-0.349,0.812,-0.527,1.458,0.069,btn_C
1780982230.8818023,-0.792,-0.096,0.636,-0.885,1.214,-0.878,-0.64,-0.263,0.672,-6.519,0.84,-0.069,-0.257,-0.335,0.929,-0.252,0.733,0.511,-0.262,-0.34,0.964,1.198,6.947,-0.649,0.031,-0.352,0.804,-0.794,2.931,-0.229,btn_C
1780982230.9849691,-0.791,-0.094,0.631,-0.366,1.145,-0.481,-0.636,-0.266,0.67,-6.336,0.916,-0.046,-0.256,-0.335,0.93,-0.092,-0.435,0.595,-0.255,-0.337,0.972,1.534,7.076,-0.519,0.025,-0.346,0.811,0.267,1.939,0.443,btn_C
1780982231.0874457,-0.791,-0.096,0.631,-0.725,1.534,-1.55,-0.633,-0.264,0.678,-6.687,0.588,-0.267,-0.254,-0.334,0.937,-0.634,0.13,0.313,-0.258,-0.337,0.968,1.26,6.847,-0.863,0.032,-0.351,0.825,-0.847,2.031,-0.13,btn_C
1780982231.1906998,-0.801,-0.105,0.625,-1.588,1.038,-1.885,-0.633,-0.271,0.68,-6.916,0.718,-0.328,-0.26,-0.337,0.937,-0.718,-0.107,0.153,-0.256,-0.344,0.969,0.939,6.695,-0.603,0.031,-0.353,0.811,-0.359,1.42,0.229,btn_C
1780982231.301759,-0.792,-0.094,0.637,-1.58,1.511,-1.305,-0.644,-0.268,0.678,-6.809,1.0,-0.947,-0.251,-0.337,0.932,-1.191,-0.115,0.198,-0.26,-0.341,0.968,1.618,7.939,-0.122,0.03,-0.358,0.81,-1.198,1.298,0.183,btn_C
1780982231.4026382,-0.79,-0.099,0.644,-1.107,1.267,-1.198,-0.643,-0.265,0.671,-6.489,0.191,-0.565,-0.256,-0.339,0.938,-0.42,-0.298,0.198,-0.26,-0.341,0.967,1.382,6.389,-0.55,0.025,-0.351,0.809,-0.71,2.863,-0.328,btn_C
1780982231.5000687,-0.826,-0.106,0.633,5.153,-1.168,3.42,-0.742,-0.355,0.809,-4.206,-31.031,5.962,-0.254,-0.342,0.944,3.053,2.092,2.198,-0.29,-0.32,0.941,0.718,-2.74,-0.832,0.025,-0.366,0.815,-5.137,4.511,-3.13,btn_C
1780982231.6027002,-0.827,-0.094,0.663,4.046,-3.855,3.878,-0.591,-0.199,0.665,6.74,2.328,8.542,-0.24,-0.357,0.999,-0.435,2.626,1.351,-0.232,-0.339,0.965,1.458,5.832,-0.038,0.022,-0.36,0.812,-2.649,5.473,-1.122,btn_C
1780982231.7055287,-0.768,-0.075,0.653,1.725,0.687,1.695,-0.647,-0.228,0.739,-2.695,-3.16,8.863,-0.268,-0.332,0.929,0.924,3.214,1.389,-0.264,-0.328,0.971,2.443,5.733,-0.321,0.021,-0.36,0.805,-0.183,1.122,-0.13,btn_C
1780982231.8085642,-0.796,-0.075,0.669,-1.122,3.0,-1.473,-0.648,-0.209,0.694,-6.489,1.053,-0.702,-0.264,-0.328,0.926,-0.061,-0.038,-0.008,-0.251,-0.337,0.976,1.885,6.985,-0.405,0.021,-0.356,0.809,-0.573,1.809,-0.519,btn_C
1780982231.9117072,-0.791,-0.067,0.645,-1.015,3.008,-2.55,-0.661,-0.209,0.699,-6.252,1.84,-0.71,-0.265,-0.331,0.931,0.038,0.29,0.344,-0.253,-0.334,0.959,1.504,6.672,-0.382,0.021,-0.351,0.809,-1.389,2.947,-0.122,btn_C
1780982232.014872,-0.791,-0.068,0.645,1.802,0.519,1.397,-0.634,-0.18,0.661,-1.779,2.282,1.0,-0.264,-0.329,0.927,-0.031,0.0,0.557,-0.252,-0.336,0.975,1.366,5.947,-0.565,0.026,-0.352,0.806,-1.511,3.191,-0.206,btn_C
1780982232.1184547,-0.798,-0.048,0.647,14.153,-6.382,10.84,-0.668,-0.122,0.537,5.939,1.885,-3.42,-0.271,-0.322,0.913,-0.389,-0.267,-1.16,-0.236,-0.334,0.976,-0.183,9.649,-0.794,0.017,-0.352,0.801,-1.954,3.687,-0.313,btn_C
1780982232.2205691,-0.697,-0.029,0.598,2.221,-0.901,1.931,-0.691,-0.167,0.631,-7.878,1.206,-5.336,-0.258,-0.323,0.917,-0.481,-2.275,-1.267,-0.253,-0.341,0.974,0.595,7.359,-0.321,0.024,-0.361,0.806,-0.534,3.252,-0.107,btn_C
1780982232.3389823,-0.781,-0.07,0.68,-6.115,8.229,-9.252,-0.645,-0.212,0.725,-14.718,0.015,-4.046,-0.265,-0.331,0.927,-1.802,-1.481,-0.908,-0.258,-0.341,0.967,0.939,6.931,-0.061,0.02,-0.351,0.813,-0.588,1.679,-0.092,btn_C
1780982232.4383512,-0.766,-0.068,0.645,-7.153,7.168,-12.053,-0.676,-0.219,0.683,-18.107,0.664,-13.099,-0.256,-0.33,0.93,-2.427,-2.725,-1.427,-0.237,-0.343,0.976,1.969,7.534,-0.145,0.021,-0.35,0.806,-0.076,1.061,0.519,btn_C
1780982232.5354762,-0.777,-0.068,0.644,0.008,-0.901,0.847,-0.625,-0.203,0.676,-6.115,0.244,-2.168,-0.259,-0.333,0.934,-0.397,-0.038,-0.863,-0.251,-0.342,0.971,0.702,7.71,-0.87,0.022,-0.36,0.806,0.053,2.389,0.924,btn_C
1780982232.6330314,-0.827,-0.093,0.654,-11.924,9.099,-17.221,-0.74,-0.395,0.872,-24.603,20.542,-13.328,-0.264,-0.329,0.916,-6.252,-1.29,-3.87,-0.266,-0.349,0.937,2.763,4.092,-1.534,0.025,-0.36,0.813,-0.458,2.092,-0.962,btn_C
1780982235.4138348,-0.792,-0.104,0.632,-0.969,1.733,-0.809,-0.632,-0.266,0.682,-6.489,0.84,-0.26,-0.257,-0.339,0.928,-0.618,-0.023,-0.321,-0.258,-0.343,0.964,1.382,6.878,0.122,0.022,-0.352,0.804,-0.916,3.405,-0.405,btn_C
1780982235.5212195,-0.791,-0.103,0.636,-0.542,1.664,-0.855,-0.632,-0.27,0.677,-6.305,0.733,-0.42,-0.255,-0.337,0.928,0.267,0.313,0.359,-0.262,-0.343,0.973,1.374,7.13,-0.695,0.019,-0.35,0.813,-0.282,1.473,0.153,btn_C
1780982235.619723,-0.793,-0.099,0.635,-0.542,1.26,-0.298,-0.632,-0.266,0.682,-6.672,0.679,-0.443,-0.254,-0.34,0.928,-0.198,0.305,0.786,-0.257,-0.341,0.972,2.008,7.16,-0.267,0.023,-0.354,0.799,-0.298,1.878,0.321,btn_C
1780982235.7340722,-0.792,-0.104,0.634,-1.099,1.481,-1.069,-0.629,-0.267,0.673,-6.305,0.534,-0.214,-0.256,-0.333,0.93,-0.282,0.031,0.55,-0.258,-0.341,0.97,1.42,6.733,-0.275,0.023,-0.347,0.806,-0.229,1.687,0.42,btn_C
1780982235.83581,-0.789,-0.101,0.638,-0.954,2.069,-1.244,-0.634,-0.266,0.679,-6.74,0.931,0.069,-0.255,-0.338,0.926,-0.634,-0.153,0.221,-0.261,-0.34,0.958,1.198,6.443,-0.42,0.022,-0.352,0.819,-0.611,1.779,-0.229,btn_C
1780982235.934517,-0.792,-0.101,0.634,-1.16,0.947,-1.29,-0.635,-0.268,0.679,-6.137,0.863,-0.435,-0.26,-0.334,0.923,-0.198,-0.145,0.458,-0.256,-0.343,0.971,1.427,7.13,0.298,0.023,-0.354,0.807,-0.634,2.901,-0.191,btn_C
1780982236.0317981,-0.789,-0.103,0.638,-0.534,1.397,-0.542,-0.637,-0.266,0.682,-6.412,0.618,-1.015,-0.257,-0.343,0.932,-0.611,0.985,0.756,-0.259,-0.339,0.967,1.336,7.084,-0.107,0.026,-0.35,0.808,-0.344,3.634,-0.137,btn_C
1780982236.1349823,-0.801,-0.099,0.633,2.924,-1.221,1.282,-1.363,-0.47,0.5,-32.908,-35.214,19.229,-0.238,-0.315,0.932,4.611,0.969,0.58,-0.209,-0.349,0.955,2.603,10.374,-0.557,0.107,-0.142,0.856,1.733,4.221,3.534,btn_C
1780982236.2510743,-0.794,-0.09,0.642,2.046,-0.374,2.191,-0.664,-0.276,0.716,4.489,-1.74,5.389,-0.256,-0.338,0.919,1.321,3.725,1.527,-0.256,-0.333,0.979,-0.061,7.977,-0.748,0.023,-0.356,0.817,-1.534,3.756,-0.397,btn_C
1780982236.3537858,-0.828,-0.1,0.7,0.863,-0.305,2.908,-0.644,-0.243,0.701,3.824,2.504,5.565,-0.253,-0.336,0.921,1.107,3.84,1.321,-0.266,-0.335,0.962,1.145,4.145,-0.939,0.017,-0.359,0.816,-1.878,1.924,-0.931,btn_C
1780982236.4505334,-0.778,-0.068,0.65,-3.305,-0.519,-0.153,-0.655,-0.211,0.684,-4.756,-0.13,1.557,-0.264,-0.337,0.933,0.634,-0.985,0.099,-0.257,-0.338,0.963,2.557,7.351,-0.099,0.016,-0.359,0.808,-0.893,2.191,-0.847,btn_C
1780982236.546978,-0.783,-0.064,0.648,-0.985,1.947,-2.015,-0.643,-0.215,0.694,-7.053,1.229,-1.237,-0.266,-0.336,0.934,-0.42,-1.229,0.229,-0.253,-0.34,0.975,1.969,7.008,0.389,0.023,-0.355,0.811,0.992,1.351,0.397,btn_C
1780982236.6500254,-0.78,-0.067,0.658,-1.008,3.069,-2.198,-0.639,-0.215,0.695,-8.298,0.649,-0.985,-0.259,-0.335,0.93,-0.542,-0.748,-0.489,-0.26,-0.342,0.978,1.473,6.198,0.275,0.022,-0.353,0.802,-0.061,1.779,0.366,btn_C
1780982236.7528062,-0.776,-0.07,0.652,-0.794,2.168,-0.649,-0.643,-0.216,0.703,-7.244,1.176,-1.916,-0.256,-0.336,0.933,-0.443,-0.344,0.015,-0.259,-0.338,0.969,2.076,7.168,0.122,0.015,-0.352,0.814,-0.511,2.542,0.237,btn_C
1780982236.871293,-0.786,-0.077,0.647,-0.42,1.847,-0.702,-0.644,-0.232,0.725,-4.863,0.977,0.221,-0.265,-0.334,0.93,0.282,1.084,0.84,-0.26,-0.345,0.977,2.328,5.71,-0.71,0.021,-0.357,0.813,-0.504,0.901,0.13,btn_C
1780982236.9681032,-0.78,-0.071,0.656,1.412,0.672,2.595,-0.657,-0.212,0.713,0.969,-1.405,6.351,-0.282,-0.329,0.923,-0.092,1.137,0.13,-0.254,-0.333,0.975,1.298,7.084,-0.779,0.018,-0.357,0.808,-1.145,3.061,0.298,btn_C
1780982237.0622203,-0.767,-0.064,0.642,-1.985,2.16,-3.511,-0.646,-0.203,0.681,-12.611,2.26,-7.0,-0.272,-0.334,0.927,-1.145,-1.824,-1.679,-0.26,-0.333,0.968,-1.122,7.031,-1.595,0.017,-0.358,0.81,0.443,3.84,-0.076,btn_C
1780982237.1650903,-0.801,-0.096,0.641,-8.916,6.847,-10.023,-0.661,-0.303,0.742,-22.908,11.45,-9.588,-0.256,-0.346,0.949,-2.061,-2.947,-1.985,-0.259,-0.341,0.968,-0.641,9.099,-1.443,0.021,-0.35,0.807,0.649,-0.344,0.695,btn_C
1780982237.2679632,-0.79,-0.097,0.634,-1.534,1.992,-0.435,-0.642,-0.268,0.681,-5.824,-0.351,-1.053,-0.261,-0.344,0.926,0.382,-2.466,-0.015,-0.256,-0.341,0.957,1.588,6.962,0.29,0.021,-0.346,0.812,-0.107,2.237,0.092,btn_C
1780982240.0535483,-0.793,-0.096,0.641,-0.878,1.023,-1.366,-0.637,-0.268,0.687,-6.695,0.435,-0.481,-0.254,-0.336,0.934,-0.237,0.16,0.435,-0.26,-0.347,0.972,1.481,6.779,-0.229,0.022,-0.352,0.825,-0.649,2.145,0.092,btn_C
1780982240.1540852,-0.782,-0.101,0.63,0.084,1.405,0.26,-0.636,-0.268,0.686,-6.275,0.244,-0.267,-0.253,-0.341,0.937,-0.344,-0.336,0.351,-0.258,-0.342,0.967,1.42,6.58,-0.198,0.019,-0.347,0.804,-0.26,2.779,0.206,btn_C
1780982240.25484,-0.794,-0.101,0.64,-0.74,1.359,-1.336,-0.634,-0.27,0.681,-6.542,0.458,-0.382,-0.255,-0.338,0.941,-0.26,0.153,0.481,-0.259,-0.346,0.961,1.58,7.252,-0.427,0.029,-0.349,0.802,-0.092,1.0,0.595,btn_C
1780982240.3694615,-0.796,-0.098,0.625,-0.962,1.718,-0.855,-0.629,-0.266,0.686,-6.344,0.55,-0.229,-0.255,-0.338,0.932,0.0,-0.26,0.366,-0.26,-0.344,0.965,1.634,6.626,-0.557,0.018,-0.35,0.815,-0.099,1.328,0.305,btn_C
1780982240.470898,-0.792,-0.103,0.632,-1.137,1.832,-1.206,-0.631,-0.269,0.686,-6.466,0.756,0.435,-0.256,-0.341,0.932,-0.458,0.122,0.26,-0.257,-0.342,0.97,1.641,6.336,-1.176,0.021,-0.352,0.801,-0.626,1.992,-0.168,btn_C
1780982240.5690782,-0.792,-0.098,0.627,-1.122,1.626,-0.84,-0.633,-0.268,0.689,-6.42,0.504,-0.557,-0.256,-0.341,0.935,-0.351,0.344,0.603,-0.259,-0.345,0.962,1.466,7.168,-1.221,0.028,-0.351,0.818,-0.962,2.58,-0.519,btn_C
1780982240.6670535,-0.804,-0.104,0.636,1.817,-0.015,1.595,-0.655,-0.268,0.693,-8.137,-9.16,3.176,-0.219,-0.345,0.944,-0.076,3.725,2.305,-0.299,-0.327,0.969,4.351,-11.756,0.275,0.025,-0.359,0.806,-4.863,0.962,-1.031,btn_C
1780982240.7698617,-0.792,-0.091,0.648,2.802,-0.679,2.351,-0.654,-0.277,0.732,3.931,4.71,9.382,-0.261,-0.333,0.927,0.031,1.802,0.756,-0.253,-0.331,0.983,-0.16,7.901,0.763,0.017,-0.356,0.808,0.099,2.618,0.473,btn_C
1780982240.884663,-0.803,-0.081,0.657,0.122,-1.695,2.489,-0.635,-0.225,0.721,2.046,0.153,7.168,-0.264,-0.331,0.926,1.771,3.061,1.122,-0.246,-0.349,0.963,2.573,9.023,-0.542,0.017,-0.358,0.813,-1.664,4.015,-1.427,btn_C
1780982240.9839964,-0.791,-0.063,0.655,-0.504,1.282,1.038,-0.677,-0.197,0.661,-9.191,-1.084,10.702,-0.268,-0.333,0.934,0.435,-0.359,0.321,-0.247,-0.341,0.984,3.115,3.443,-0.519,0.028,-0.351,0.808,-0.397,3.061,-0.344,btn_C
1780982241.0871062,-0.769,-0.067,0.645,-0.366,2.878,-1.107,-0.621,-0.208,0.711,-6.351,1.84,-3.672,-0.258,-0.334,0.929,-0.588,-1.053,-0.107,-0.259,-0.34,0.967,2.0,7.427,-0.748,0.018,-0.352,0.807,-0.313,1.542,-0.427,btn_C
1780982241.1823823,-0.761,-0.067,0.65,-0.305,1.473,-0.435,-0.615,-0.203,0.701,-6.855,0.977,-0.916,-0.262,-0.331,0.936,-1.748,0.26,-0.481,-0.26,-0.341,0.962,1.008,7.458,-0.977,0.023,-0.356,0.799,-0.603,3.092,-0.092,btn_C
1780982241.284961,-0.79,-0.071,0.659,-0.176,1.893,-1.664,-0.622,-0.19,0.678,-6.573,1.626,-0.954,-0.25,-0.321,0.921,-1.145,-1.435,-0.458,-0.264,-0.333,0.963,1.122,6.198,-0.527,0.021,-0.357,0.815,-0.412,2.718,-0.366,btn_C
1780982241.4012985,-0.786,-0.05,0.636,0.16,3.908,-2.794,-0.702,-0.269,0.805,-5.099,0.061,8.519,-0.249,-0.338,0.961,3.153,-3.985,2.985,-0.282,-0.331,0.955,-1.817,5.038,-1.153,-0.021,-0.313,0.806,5.718,-0.237,0.153,btn_C
1780982241.501559,-0.79,-0.061,0.662,-8.458,-3.962,-7.496,-0.628,-0.22,0.824,-14.305,0.55,-11.672,-0.24,-0.576,1.504,-13.244,-6.916,-1.405,-0.259,-0.349,0.957,2.702,4.153,0.206,0.019,-0.356,0.803,-1.29,2.321,0.053,btn_C
1780982241.602579,-0.781,-0.068,0.67,-1.282,2.565,-0.87,-0.64,-0.176,0.672,-6.183,2.221,-1.504,-0.267,-0.325,0.93,-0.664,0.015,-0.55,-0.245,-0.336,0.969,1.397,6.901,-0.176,0.021,-0.36,0.805,-0.824,1.977,0.863,btn_C
1780982241.697329,-0.771,-0.06,0.655,0.351,1.611,0.366,-0.631,-0.178,0.69,-6.672,1.55,-1.847,-0.258,-0.329,0.926,-0.023,1.198,0.557,-0.249,-0.337,0.971,0.695,7.954,-0.863,0.017,-0.359,0.805,-2.42,4.305,0.084,btn_C
1780982241.8005826,-0.784,-0.058,0.659,-2.519,1.916,-3.267,-0.648,-0.23,0.813,-3.992,0.336,-0.84,-0.261,-0.334,0.934,0.45,3.198,1.282,-0.252,-0.336,0.976,3.244,6.626,-0.511,0.027,-0.353,0.8,0.626,-1.534,0.985,btn_C
1780982241.9032269,-0.809,-0.069,0.668,-0.328,-1.351,2.748,-0.644,-0.193,0.731,3.221,-0.794,0.863,-0.272,-0.334,0.932,0.527,3.221,1.328,-0.259,-0.334,0.967,3.565,6.42,-1.214,0.021,-0.365,0.796,-3.557,2.221,-0.962,btn_C
1780982242.0178893,-0.731,-0.023,0.631,-8.802,9.733,-15.374,-0.66,-0.179,0.656,-50.481,-8.573,-34.908,-0.272,-0.355,0.967,-8.168,-7.802,-4.679,-0.248,-0.334,0.979,-4.229,11.496,-2.565,0.018,-0.354,0.809,-2.076,4.542,-0.145,btn_C
1780982244.68485,-0.787,-0.09,0.648,-1.702,1.389,-1.412,-0.611,-0.267,0.661,-6.565,-1.588,-0.145,-0.259,-0.34,0.93,-0.84,0.702,0.351,-0.25,-0.347,0.971,2.16,6.382,-1.008,0.028,-0.357,0.808,-0.008,0.992,0.55,btn_C
1780982244.787391,-0.786,-0.102,0.644,-1.282,1.16,-0.427,-0.641,-0.266,0.667,-6.351,0.405,-1.099,-0.259,-0.336,0.927,-0.588,-0.145,0.26,-0.252,-0.343,0.97,1.557,6.649,-0.031,0.028,-0.353,0.815,-0.015,1.206,0.641,btn_C
1780982244.8901603,-0.787,-0.097,0.64,-2.046,1.252,-2.244,-0.64,-0.264,0.676,-6.176,0.786,-1.053,-0.26,-0.342,0.927,-0.771,-0.496,0.015,-0.248,-0.345,0.968,1.725,6.809,-0.473,0.02,-0.363,0.813,-0.855,3.168,-0.42,btn_C
1780982244.9934878,-0.788,-0.095,0.644,-0.679,1.634,-0.443,-0.641,-0.266,0.674,-6.015,0.794,0.038,-0.256,-0.336,0.929,-0.221,0.26,0.405,-0.248,-0.347,0.968,1.878,6.725,-0.107,0.03,-0.357,0.805,-1.16,2.916,-0.328,btn_C
1780982245.0963094,-0.785,-0.101,0.644,-0.076,2.145,-0.977,-0.638,-0.265,0.672,-6.183,0.573,-0.252,-0.261,-0.333,0.932,-0.038,0.344,0.382,-0.252,-0.345,0.974,1.664,7.267,-0.603,0.03,-0.352,0.803,-0.847,2.87,-0.344,btn_C
1780982245.1995585,-0.787,-0.094,0.643,-0.664,1.153,-1.397,-0.635,-0.271,0.675,-6.267,0.221,-0.931,-0.259,-0.338,0.929,-0.481,0.344,0.489,-0.253,-0.347,0.968,1.374,7.115,-0.519,0.025,-0.353,0.808,-0.229,2.198,0.168,btn_C
1780982245.3159528,-0.811,-0.079,0.646,11.366,-7.252,13.244,-0.589,-0.262,0.772,34.786,0.206,21.847,-0.257,-0.327,0.905,2.992,9.473,4.382,-0.269,-0.351,0.958,1.336,5.206,-0.252,0.031,-0.355,0.804,-1.267,6.916,-1.824,btn_C
1780982245.4177222,-0.761,-0.069,0.66,0.481,4.015,-0.45,-0.629,-0.213,0.687,-5.26,4.046,-4.756,-0.26,-0.335,0.927,-0.954,0.542,-0.954,-0.25,-0.345,0.963,1.336,6.038,-1.557,0.026,-0.36,0.805,-0.206,-0.626,0.985,btn_C
1780982245.5082135,-0.781,-0.069,0.65,-1.695,3.489,-1.878,-0.61,-0.225,0.724,-9.168,1.405,-2.458,-0.274,-0.335,0.93,-1.099,-0.992,-0.786,-0.248,-0.34,0.975,0.878,7.496,-0.107,0.02,-0.356,0.809,-0.328,2.389,0.664,btn_C
1780982245.6181767,-0.745,-0.07,0.644,-4.817,8.382,-6.573,-0.556,-0.206,0.663,-24.0,-1.092,-14.618,-0.274,-0.332,0.925,-1.282,-5.0,-1.824,-0.261,-0.327,0.981,-2.374,8.74,-1.321,0.018,-0.36,0.799,4.191,-1.618,3.336,btn_C
1780982245.7148304,-0.786,-0.094,0.648,-3.137,3.489,-2.817,-0.622,-0.274,0.693,-6.634,-0.588,-3.435,-0.265,-0.344,0.936,-1.115,1.725,0.076,-0.251,-0.343,0.962,1.26,8.595,-0.038,0.014,-0.348,0.812,1.061,-0.092,0.908,btn_C
1780982245.8174994,-0.79,-0.093,0.634,-0.641,3.191,0.672,-0.631,-0.271,0.683,-6.031,0.542,-0.008,-0.262,-0.337,0.927,0.786,-0.16,0.206,-0.25,-0.342,0.975,1.298,7.351,-0.229,0.022,-0.351,0.816,-0.664,1.046,1.061,btn_C
1780982245.9310396,-0.791,-0.097,0.647,-1.382,1.603,-1.351,-0.639,-0.267,0.667,-6.282,0.496,-0.084,-0.259,-0.337,0.928,-0.122,0.214,-0.008,-0.257,-0.344,0.971,1.298,7.191,-0.359,0.027,-0.352,0.808,-1.42,1.954,0.466,btn_C
1780982246.0234623,-0.787,-0.094,0.643,-1.305,2.008,-0.786,-0.636,-0.273,0.678,-6.702,0.137,-0.931,-0.257,-0.342,0.929,-0.595,0.565,-0.275,-0.252,-0.348,0.966,1.282,7.374,-0.084,0.03,-0.354,0.815,-0.992,1.878,0.397,btn_C
1780982246.1345856,-0.788,-0.099,0.637,-0.802,1.557,-1.031,-0.637,-0.265,0.676,-6.237,0.489,-0.328,-0.262,-0.339,0.933,-0.076,0.0,0.13,-0.25,-0.347,0.971,1.573,7.328,0.397,0.024,-0.357,0.805,-0.435,1.931,0.267,btn_C
1780982246.2295876,-0.79,-0.096,0.643,-1.008,2.015,-0.924,-0.637,-0.266,0.681,-6.275,0.191,-0.191,-0.263,-0.34,0.923,-0.145,-1.099,0.282,-0.245,-0.347,0.965,1.649,6.389,-0.198,0.031,-0.352,0.802,-0.359,2.115,0.282,btn_C
1780982246.3329837,-0.791,-0.092,0.644,-1.191,1.588,-0.115,-0.637,-0.27,0.673,-6.427,0.595,-0.786,-0.261,-0.339,0.93,-0.603,-0.389,0.053,-0.251,-0.349,0.973,1.679,6.939,-0.511,0.027,-0.359,0.811,-0.137,1.489,0.275,btn_C
1780982246.4352715,-0.784,-0.097,0.648,-1.328,1.779,-1.954,-0.637,-0.265,0.674,-6.237,0.069,-1.168,-0.261,-0.341,0.934,-0.275,-0.29,0.069,-0.25,-0.345,0.969,1.954,7.038,-0.618,0.029,-0.353,0.814,-0.893,2.191,-0.237,btn_C
1780982246.5544813,-0.793,-0.096,0.639,-0.382,0.969,-0.611,-0.638,-0.265,0.682,-5.969,0.389,-0.55,-0.26,-0.339,0.93,-0.053,-0.542,0.573,-0.252,-0.347,0.97,1.725,7.359,-0.725,0.023,-0.357,0.812,-1.046,2.435,-0.191,btn_C
1780982249.3195345,-0.788,-0.095,0.639,-1.0,1.168,-1.237,-0.635,-0.268,0.677,-6.321,0.771,-0.153,-0.269,-0.337,0.929,-0.45,0.481,0.237,-0.257,-0.346,0.965,1.687,6.626,-0.443,0.03,-0.362,0.805,-0.435,2.031,0.198,btn_C
1780982249.4227474,-0.789,-0.097,0.637,-0.176,1.321,-0.298,-0.635,-0.268,0.67,-6.046,0.969,-0.145,-0.268,-0.337,0.931,0.16,-0.305,0.45,-0.252,-0.349,0.972,1.344,7.206,-0.542,-0.061,-0.446,0.757,-5.779,9.863,-2.985,btn_C
1780982249.525704,-0.789,-0.099,0.639,-0.84,1.305,-1.26,-0.634,-0.269,0.679,-6.053,1.0,-0.13,-0.267,-0.338,0.929,-0.359,-0.382,0.122,-0.252,-0.342,0.967,1.359,6.672,0.0,0.028,-0.351,0.807,-0.901,2.489,-0.115,btn_C
1780982249.6286123,-0.788,-0.098,0.639,-0.664,1.565,-0.618,-0.633,-0.269,0.679,-6.504,0.275,-0.176,-0.268,-0.338,0.93,-0.351,0.252,-0.023,-0.255,-0.348,0.966,1.305,7.214,-0.389,0.027,-0.352,0.805,-0.496,2.145,-0.237,btn_C
1780982249.7318149,-0.788,-0.095,0.64,-1.298,1.74,-0.908,-0.637,-0.269,0.673,-6.382,0.679,0.359,-0.263,-0.338,0.925,-0.198,-0.115,-0.023,-0.256,-0.344,0.963,1.176,6.802,-0.664,0.023,-0.358,0.806,-0.412,2.275,-0.13,btn_C
1780982249.8349047,-0.788,-0.099,0.643,-0.45,1.328,-1.344,-0.633,-0.272,0.679,-6.374,0.351,-1.053,-0.265,-0.337,0.927,-0.198,-0.321,-0.122,-0.258,-0.349,0.964,1.733,6.618,-0.779,0.018,-0.35,0.804,-1.282,4.321,-1.267,btn_C
1780982249.950561,-0.796,-0.097,0.64,0.71,0.542,0.802,-0.662,-0.295,0.719,-4.328,-8.466,-1.504,-0.251,-0.334,0.921,0.947,0.924,0.878,-0.247,-0.346,0.971,2.466,4.786,0.435,0.023,-0.359,0.811,-0.275,3.557,-1.466,btn_C
1780982250.0514264,-0.786,-0.089,0.639,5.855,-1.221,4.481,-0.629,-0.239,0.694,6.756,-1.656,8.687,-0.256,-0.339,0.914,2.542,-0.137,0.603,-0.252,-0.347,0.981,3.893,6.305,0.496,0.023,-0.361,0.814,-1.74,2.947,-1.115,btn_C
1780982250.1506896,-0.764,-0.069,0.641,-0.023,-2.58,2.794,-0.635,-0.216,0.686,1.672,0.244,8.145,-0.246,-0.339,0.924,2.595,-0.519,0.687,-0.268,-0.339,0.979,3.046,8.779,0.672,0.027,-0.348,0.811,-0.855,2.847,0.046,btn_C
1780982250.2466686,-0.773,-0.074,0.656,-1.931,1.847,-1.649,-0.627,-0.213,0.71,-7.382,0.588,-1.649,-0.27,-0.33,0.933,-0.137,-0.412,-0.519,-0.254,-0.338,0.969,1.344,7.618,-0.435,0.021,-0.348,0.794,0.55,0.55,1.328,btn_C
1780982250.3496034,-0.783,-0.079,0.666,-0.168,2.977,-0.588,-0.636,-0.215,0.704,-6.603,1.305,-0.626,-0.278,-0.329,0.933,0.137,0.038,-0.45,-0.253,-0.339,0.971,1.214,6.878,-0.351,0.022,-0.347,0.805,0.244,0.786,0.42,btn_C
1780982250.4673674,-0.797,-0.077,0.658,-0.504,2.534,-0.374,-0.632,-0.231,0.729,-3.626,2.275,-1.29,-0.281,-0.328,0.931,0.198,0.992,0.603,-0.255,-0.338,0.963,1.511,7.893,-0.679,0.02,-0.356,0.809,-0.885,1.542,-0.084,btn_C
1780982250.5650525,-0.762,-0.071,0.64,-2.092,3.344,-3.099,-0.633,-0.224,0.711,-9.366,2.794,-3.244,-0.281,-0.333,0.936,-0.679,0.756,0.42,-0.249,-0.341,0.969,1.191,8.489,-0.458,0.021,-0.357,0.804,-0.099,1.901,0.0,btn_C
1780982250.6698694,-0.791,-0.076,0.647,0.374,-0.328,1.183,-0.653,-0.269,0.801,-0.847,-3.397,3.176,-0.292,-0.339,0.938,-0.42,0.519,1.229,-0.25,-0.344,0.962,2.969,6.969,0.221,0.027,-0.359,0.814,-2.092,3.092,-0.29,btn_C
1780982250.7664566,-0.802,-0.08,0.661,-1.511,2.16,-1.076,-0.656,-0.214,0.682,-5.45,2.565,-1.565,-0.276,-0.328,0.927,-0.458,0.313,0.359,-0.248,-0.343,0.963,1.107,8.015,-0.244,0.02,-0.355,0.806,-1.176,3.206,0.046,btn_C
1780982250.8649826,-0.766,-0.047,0.627,-12.634,11.496,-19.641,-0.634,-0.229,0.658,-56.282,4.321,-35.679,-0.271,-0.349,0.947,-6.214,-10.672,-5.16,-0.257,-0.34,0.973,-2.244,6.42,-2.618,0.025,-0.354,0.812,0.229,3.168,0.099,btn_C
1780982250.9792535,-0.783,-0.096,0.645,-0.244,2.122,0.435,-0.641,-0.266,0.682,-6.359,0.725,-0.824,-0.268,-0.341,0.93,-0.649,-0.71,0.763,-0.252,-0.343,0.965,1.916,7.473,0.115,0.022,-0.351,0.805,-1.008,1.817,0.427,btn_C
1780982251.0706499,-0.792,-0.09,0.642,-2.267,1.672,-1.656,-0.642,-0.267,0.671,-6.664,0.954,-0.916,-0.261,-0.337,0.923,-0.282,1.168,0.863,-0.257,-0.341,0.969,1.664,7.115,-0.542,0.02,-0.357,0.818,-1.275,3.191,-0.656,btn_C
1780982251.1821995,-0.79,-0.091,0.637,-1.298,2.214,-0.412,-0.637,-0.265,0.68,-6.16,1.115,0.221,-0.265,-0.34,0.932,-0.611,0.26,0.725,-0.251,-0.344,0.97,1.076,6.847,-0.412,0.021,-0.349,0.81,-1.412,3.107,0.198,btn_C
1780982251.276508,-0.788,-0.096,0.641,-1.191,2.092,-1.229,-0.635,-0.268,0.673,-6.244,1.168,0.0,-0.259,-0.339,0.923,-0.366,0.809,0.244,-0.251,-0.347,0.966,1.366,6.763,-0.305,0.021,-0.351,0.814,-0.893,1.931,0.107,btn_C
1780982253.9547467,-0.794,-0.093,0.636,-0.473,2.122,-0.29,-0.638,-0.269,0.68,-5.931,0.908,-0.13,-0.267,-0.337,0.931,0.023,0.244,0.015,-0.255,-0.344,0.97,1.855,6.519,0.015,0.023,-0.358,0.802,-0.443,2.427,-0.206,btn_C
1780982254.0580115,-0.791,-0.092,0.636,-0.786,1.527,-0.42,-0.639,-0.273,0.678,-6.26,0.771,0.015,-0.266,-0.34,0.935,-0.122,-0.496,0.107,-0.257,-0.35,0.966,2.061,7.191,-0.198,0.025,-0.351,0.804,-0.824,2.328,-0.504,btn_C
1780982254.160655,-0.787,-0.095,0.644,-1.046,0.863,-1.191,-0.631,-0.271,0.672,-6.313,0.779,0.237,-0.262,-0.338,0.931,-0.229,0.374,0.42,-0.258,-0.346,0.959,1.466,7.725,0.099,0.021,-0.352,0.812,-0.595,3.298,-0.366,btn_C
1780982254.2663436,-0.787,-0.096,0.635,-0.206,1.954,0.237,-0.638,-0.268,0.678,-6.565,0.947,0.053,-0.267,-0.343,0.932,-0.267,0.45,0.237,-0.257,-0.342,0.962,1.092,6.863,-0.641,0.03,-0.363,0.81,-0.618,2.45,-0.183,btn_C
1780982254.3668823,-0.792,-0.093,0.636,-0.168,1.779,-0.985,-0.865,-0.321,0.648,-4.183,-3.145,-1.145,-0.307,-0.34,0.928,-0.122,3.237,2.038,-0.253,-0.346,0.969,0.344,9.321,0.595,0.018,-0.356,0.807,0.42,3.504,0.137,btn_C
1780982254.4698505,-0.816,-0.101,0.651,5.267,-2.382,8.336,-0.648,-0.27,0.75,20.366,-0.725,43.214,-0.292,-0.328,0.927,4.939,9.588,3.763,-0.243,-0.349,0.956,5.733,5.237,0.977,0.012,-0.357,0.803,-0.427,5.55,-0.725,btn_C
1780982254.584556,-0.798,-0.064,0.666,-1.473,-1.824,7.847,-0.727,-0.223,0.717,5.168,-5.099,11.634,-0.286,-0.333,0.95,1.244,2.687,0.527,-0.248,-0.328,0.968,1.954,6.244,-0.183,0.018,-0.363,0.811,1.412,3.779,0.092,btn_C
1780982254.6864612,-0.782,-0.069,0.655,-0.588,0.435,0.504,-0.677,-0.176,0.671,-3.962,1.115,-3.641,-0.278,-0.32,0.927,-0.107,-2.115,-1.275,-0.26,-0.342,0.978,0.687,5.916,-0.221,0.013,-0.365,0.811,-1.779,5.099,-0.069,btn_C
1780982254.782761,-0.777,-0.06,0.648,-0.687,0.427,-0.87,-0.626,-0.159,0.653,-7.45,0.565,-1.321,-0.269,-0.327,0.922,0.42,-1.176,0.145,-0.281,-0.339,0.97,0.229,5.908,0.221,0.017,-0.359,0.812,0.473,2.557,0.221,btn_C
1780982254.8817852,-0.778,-0.059,0.654,-1.206,4.947,-4.656,-0.658,-0.238,0.753,-9.885,0.779,-5.023,-0.286,-0.323,0.924,-1.87,0.588,-0.229,-0.258,-0.339,0.977,1.336,8.702,-0.504,0.008,-0.355,0.799,0.0,0.718,0.176,btn_C
1780982254.9848752,-0.768,-0.056,0.65,-2.626,1.931,-2.74,-0.616,-0.183,0.701,-9.244,0.962,-2.275,-0.273,-0.323,0.931,-0.824,-1.137,-0.542,-0.258,-0.338,0.97,0.084,8.092,-0.779,0.016,-0.362,0.808,0.977,1.305,0.87,btn_C
1780982255.0999696,-0.792,-0.085,0.668,-3.0,2.733,-3.878,-0.529,-0.159,0.643,-21.214,4.176,-27.244,-0.275,-0.339,0.93,-4.779,-3.008,-1.901,-0.275,-0.344,0.932,-3.534,3.779,-2.893,0.019,-0.357,0.808,-0.435,3.214,1.679,btn_C
1780982255.199947,-0.791,-0.085,0.645,-1.313,0.443,-3.244,-0.646,-0.27,0.685,-6.313,0.763,-2.641,-0.255,-0.344,0.936,-0.153,1.786,0.137,-0.251,-0.35,0.964,2.244,8.733,0.328,0.019,-0.349,0.814,0.229,1.786,-0.115,btn_C
1780982255.2986174,-0.791,-0.09,0.638,-1.313,2.794,-0.137,-0.635,-0.269,0.681,-6.374,0.275,0.267,-0.265,-0.336,0.935,0.321,0.137,0.252,-0.252,-0.343,0.962,1.672,6.656,-0.198,0.025,-0.354,0.807,-0.733,2.527,0.55,btn_C
1780982255.3969483,-0.79,-0.097,0.647,-1.069,2.496,-1.0,-0.635,-0.268,0.673,-6.427,0.359,-0.809,-0.267,-0.343,0.926,-0.122,0.176,0.328,-0.259,-0.344,0.968,1.336,6.947,-0.145,0.025,-0.351,0.809,0.504,-0.771,1.595,btn_C
1780982255.4999015,-0.79,-0.095,0.644,-0.962,1.435,-0.969,-0.636,-0.271,0.677,-5.725,0.55,-0.626,-0.266,-0.333,0.928,0.031,0.473,0.183,-0.258,-0.343,0.972,1.382,7.389,-0.397,0.026,-0.356,0.808,-0.45,1.901,0.214,btn_C
1780982255.617249,-0.791,-0.095,0.639,-1.275,1.458,-1.046,-0.629,-0.269,0.672,-6.344,0.74,-0.427,-0.266,-0.339,0.922,-0.397,0.145,0.145,-0.26,-0.346,0.968,1.252,6.969,-0.489,0.021,-0.363,0.821,-0.29,1.466,0.45,btn_C
1780982255.717136,-0.788,-0.092,0.635,-1.336,1.145,-1.115,-0.634,-0.263,0.676,-6.252,0.481,-0.198,-0.268,-0.337,0.929,-0.145,-0.588,0.542,-0.262,-0.344,0.969,1.595,7.015,-0.55,0.022,-0.36,0.806,-0.672,1.908,0.076,btn_C
1780982255.8139648,-0.795,-0.092,0.634,-1.344,2.015,-0.305,-0.638,-0.266,0.683,-6.374,0.664,-0.672,-0.265,-0.337,0.924,-0.321,0.16,0.069,-0.259,-0.344,0.965,1.756,6.74,-0.305,0.031,-0.358,0.804,-0.687,2.237,-0.389,btn_C
1780982255.9118347,-0.789,-0.096,0.644,-0.519,1.87,-1.0,-0.64,-0.271,0.673,-6.42,0.771,-0.29,-0.265,-0.339,0.931,-0.565,-0.168,0.527,-0.256,-0.349,0.964,1.397,6.901,-0.359,0.025,-0.352,0.809,-1.053,2.618,-0.397,btn_C
1780982258.5901954,-0.789,-0.095,0.642,-1.176,1.618,-1.275,-0.639,-0.27,0.687,-6.435,0.58,0.0,-0.265,-0.339,0.924,-0.023,0.168,0.031,-0.256,-0.348,0.963,1.466,7.397,0.092,0.023,-0.355,0.809,-0.267,2.588,-0.366,btn_C
1780982258.6929307,-0.79,-0.095,0.638,-0.336,1.649,-0.458,-0.637,-0.268,0.676,-6.313,0.122,-0.282,-0.27,-0.334,0.928,0.053,-0.611,0.473,-0.256,-0.348,0.965,1.42,7.107,-0.252,0.029,-0.356,0.8,-0.511,2.298,-0.191,btn_C
1780982258.8039494,-0.792,-0.1,0.639,-1.008,1.374,-0.832,-0.64,-0.266,0.678,-6.336,0.336,-1.076,-0.267,-0.337,0.925,-0.489,0.252,0.084,-0.257,-0.348,0.969,1.504,6.573,-0.832,0.033,-0.359,0.81,-0.206,2.229,-0.145,btn_C
1780982258.8991513,-0.788,-0.097,0.647,-0.863,1.29,-1.344,-0.637,-0.269,0.681,-6.137,0.244,-0.244,-0.273,-0.339,0.926,0.023,0.366,0.557,-0.255,-0.351,0.966,1.397,6.87,-0.344,0.025,-0.343,0.811,0.603,2.359,-0.71,btn_C
1780982259.0050447,-0.792,-0.096,0.634,-0.641,1.771,-0.771,-0.635,-0.269,0.68,-6.427,0.527,-0.015,-0.271,-0.339,0.93,0.076,-0.756,0.321,-0.254,-0.349,0.97,1.435,6.527,-0.55,0.029,-0.359,0.81,-0.481,2.534,-0.252,btn_C
1780982259.1050618,-0.801,-0.099,0.643,-0.916,2.366,-0.74,-0.63,-0.271,0.679,-7.084,1.267,-0.282,-0.265,-0.338,0.93,-0.427,0.725,0.412,-0.257,-0.346,0.964,1.847,7.939,-0.466,0.026,-0.364,0.808,-0.832,2.794,-0.878,btn_C
1780982259.215577,-0.835,-0.104,0.65,5.168,-3.26,4.618,-1.168,-0.16,0.352,-16.008,-0.481,66.031,-0.309,-0.334,0.905,7.267,11.344,3.71,-0.218,-0.341,0.95,4.183,8.42,1.794,0.032,-0.376,0.815,-0.26,1.794,-0.031,btn_C
1780982259.3158677,-0.637,-0.05,0.604,10.099,-12.344,12.16,-0.576,-0.125,0.619,2.954,2.221,8.397,-0.266,-0.326,0.936,2.626,-2.916,-1.435,-0.25,-0.339,0.957,2.389,5.282,0.031,0.021,-0.356,0.804,2.389,4.916,0.672,btn_C
1780982259.4145615,-0.768,-0.07,0.671,-0.763,4.588,-4.985,-0.628,-0.175,0.673,-14.038,2.634,-0.832,-0.27,-0.328,0.926,-2.168,-2.137,-0.16,-0.249,-0.344,0.977,1.145,7.847,-0.267,0.03,-0.358,0.811,0.618,1.763,0.031,btn_C
1780982259.5170603,-0.743,-0.074,0.652,0.237,5.542,-5.954,-0.615,-0.176,0.651,-14.107,6.435,-9.809,-0.245,-0.325,0.918,-2.794,0.824,-1.611,-0.259,-0.339,0.964,-0.122,10.733,-1.267,0.029,-0.36,0.803,1.145,3.153,0.55,btn_C
1780982259.6311545,-0.812,-0.103,0.662,-8.985,8.229,-10.267,-0.638,-0.263,0.684,-29.908,8.45,-24.145,-0.241,-0.341,0.919,-2.656,-2.916,-2.519,-0.266,-0.348,0.962,0.634,8.641,-1.824,0.029,-0.354,0.813,-0.481,1.954,-0.298,btn_C
1780982259.7321062,-0.789,-0.101,0.646,-1.328,1.13,-2.16,-0.641,-0.272,0.671,-6.397,-0.313,-1.16,-0.266,-0.343,0.929,-0.099,0.344,0.053,-0.254,-0.348,0.968,1.42,7.626,0.069,0.023,-0.357,0.808,-1.046,1.893,-0.275,btn_C
1780982259.8316503,-0.79,-0.103,0.64,-1.511,1.153,-0.527,-0.64,-0.269,0.671,-6.695,0.008,-1.038,-0.27,-0.345,0.928,-0.229,-0.504,-0.527,-0.254,-0.352,0.97,1.55,7.244,-0.229,0.031,-0.354,0.805,-0.374,2.298,0.053,btn_C
1780982259.929187,-0.792,-0.095,0.644,-1.046,2.214,-0.626,-0.645,-0.263,0.679,-6.198,0.031,-0.924,-0.259,-0.344,0.934,-0.511,-0.511,-0.29,-0.252,-0.349,0.968,1.458,7.115,-0.573,0.027,-0.349,0.823,-0.557,1.336,0.153,btn_C
1780982260.0323052,-0.788,-0.098,0.635,-1.092,1.382,-0.809,-0.644,-0.266,0.675,-6.252,0.885,0.13,-0.266,-0.343,0.93,-0.237,-0.672,-0.137,-0.249,-0.349,0.957,1.267,7.023,-0.366,0.031,-0.355,0.812,-1.382,2.893,-0.42,btn_C
1780982260.151104,-0.792,-0.101,0.64,-1.504,1.527,-1.107,-0.645,-0.268,0.666,-6.076,0.718,0.099,-0.259,-0.341,0.927,-0.298,0.733,0.221,-0.253,-0.344,0.962,1.786,6.985,-0.504,0.03,-0.356,0.81,-0.664,2.893,-0.275,btn_C
1780982260.2479143,-0.788,-0.104,0.639,-0.893,1.649,-1.397,-0.646,-0.268,0.676,-6.137,0.534,-0.481,-0.267,-0.344,0.926,-0.359,0.313,0.351,-0.253,-0.341,0.963,1.626,7.183,0.061,0.029,-0.357,0.801,-0.214,2.489,0.092,btn_C
1780982260.350254,-0.795,-0.102,0.636,-0.427,1.511,-0.275,-0.642,-0.267,0.675,-6.16,0.756,-0.702,-0.264,-0.343,0.932,-0.359,-0.321,0.74,-0.252,-0.347,0.968,1.435,7.198,-0.45,0.031,-0.352,0.811,-0.992,3.053,0.26,btn_C
1780982260.4488614,-0.784,-0.097,0.643,-1.939,1.573,-1.908,-0.643,-0.27,0.671,-6.443,0.519,-0.771,-0.269,-0.341,0.93,-0.771,0.0,0.13,-0.255,-0.345,0.965,1.252,6.588,-0.137,0.034,-0.349,0.807,-0.634,2.458,-0.153,btn_C
1780982260.5476274,-0.793,-0.098,0.64,-0.603,1.542,-0.45,-0.639,-0.264,0.668,-6.366,0.786,-0.298,-0.269,-0.349,0.93,-0.527,0.481,0.382,-0.255,-0.343,0.968,1.672,7.221,0.0,0.025,-0.355,0.805,0.191,1.962,0.122,btn_C
1780982263.2251172,-0.789,-0.097,0.636,-0.344,1.748,-0.954,-0.642,-0.266,0.67,-6.282,0.649,-0.855,-0.267,-0.342,0.925,-0.122,-0.328,-0.046,-0.255,-0.35,0.966,1.496,6.802,-0.702,0.031,-0.357,0.804,-0.618,1.901,-0.015,btn_C
1780982263.3284304,-0.788,-0.101,0.644,-1.389,1.672,-1.008,-0.644,-0.268,0.675,-6.252,0.634,-0.267,-0.265,-0.342,0.927,-0.267,-0.099,0.534,-0.254,-0.354,0.97,1.626,7.076,-0.58,0.031,-0.358,0.818,-0.557,1.885,0.069,btn_C
1780982263.4349744,-0.786,-0.102,0.637,-0.985,1.336,-0.496,-0.642,-0.27,0.677,-6.595,0.84,0.183,-0.267,-0.344,0.924,-0.427,0.16,0.015,-0.253,-0.348,0.968,1.534,7.214,-0.183,0.033,-0.356,0.812,-0.725,2.466,-0.107,btn_C
1780982263.533995,-0.792,-0.104,0.641,-1.0,1.588,-0.779,-0.638,-0.268,0.675,-6.153,0.763,-0.153,-0.262,-0.342,0.928,-0.366,-0.191,0.275,-0.253,-0.347,0.965,1.603,6.718,-0.809,0.035,-0.355,0.804,-0.878,1.389,0.084,btn_C
1780982263.6417754,-0.787,-0.104,0.641,-0.504,1.282,-0.412,-0.636,-0.269,0.663,-6.534,0.489,-0.656,-0.265,-0.338,0.925,-0.481,-0.756,0.183,-0.257,-0.347,0.971,1.336,7.153,-0.443,0.032,-0.352,0.81,-0.473,2.29,0.061,btn_C
1780982263.7485282,-0.786,-0.1,0.64,-0.756,1.84,-1.16,-0.639,-0.266,0.673,-6.664,0.893,-0.412,-0.267,-0.342,0.922,-0.802,0.153,-0.053,-0.254,-0.349,0.967,1.427,6.893,-0.519,0.033,-0.359,0.809,-0.885,2.962,-0.45,btn_C
1780982263.8506904,-0.789,-0.1,0.637,-0.779,1.641,-0.237,-0.629,-0.278,0.697,-7.725,-2.954,1.427,-0.26,-0.346,0.926,-0.115,3.603,1.954,-0.268,-0.34,0.975,2.328,4.885,-0.328,0.028,-0.359,0.809,-1.756,4.618,-1.344,btn_C
1780982263.9463692,-0.792,-0.102,0.647,6.954,-1.672,7.076,-0.653,-0.238,0.658,8.221,-4.847,12.084,-0.265,-0.332,0.92,1.985,1.687,1.481,-0.268,-0.332,0.965,3.595,3.763,0.702,0.025,-0.356,0.814,-1.511,4.496,-1.466,btn_C
1780982264.0493236,-0.767,-0.072,0.64,0.26,-3.252,1.954,-0.571,-0.188,0.677,-0.679,-1.321,7.038,-0.227,-0.334,0.884,2.321,-0.183,0.061,-0.251,-0.342,0.98,2.336,5.473,0.16,0.029,-0.358,0.803,-1.176,2.84,-0.84,btn_C
1780982264.170753,-0.771,-0.062,0.649,-0.55,3.748,-1.084,-0.647,-0.2,0.715,-7.634,-0.344,-1.221,-0.291,-0.321,0.907,-0.023,0.084,-0.366,-0.288,-0.34,0.957,2.855,9.847,0.55,0.028,-0.354,0.809,0.443,0.969,0.069,btn_C
1780982264.2661276,-0.792,-0.078,0.673,-2.344,1.84,-2.328,-0.687,-0.205,0.687,-5.275,2.0,-1.802,-0.283,-0.33,0.927,0.511,1.16,-0.359,-0.248,-0.335,0.968,1.405,7.0,-0.038,0.024,-0.357,0.81,0.534,0.26,0.504,btn_C
1780982264.3649802,-0.778,-0.072,0.651,-0.473,0.878,0.023,-0.635,-0.194,0.686,-4.565,1.656,-1.466,-0.276,-0.33,0.916,-0.137,-0.55,-0.176,-0.251,-0.342,0.966,0.847,6.901,-0.939,0.034,-0.356,0.807,-1.13,3.298,0.046,btn_C
1780982264.4616644,-0.776,-0.068,0.649,-0.389,2.664,-0.885,-0.646,-0.2,0.715,-7.061,0.275,0.321,-0.28,-0.33,0.924,-0.252,-0.053,-0.435,-0.259,-0.335,0.977,1.473,6.58,-0.58,0.031,-0.352,0.806,-0.656,1.344,0.168,btn_C
1780982264.5645442,-0.769,-0.075,0.645,-1.076,5.092,-3.313,-0.59,-0.178,0.65,-21.855,5.183,-13.618,-0.276,-0.32,0.914,-3.718,-2.748,-1.214,-0.246,-0.323,0.98,-4.71,9.29,-0.87,0.021,-0.353,0.806,0.405,2.252,1.481,btn_C
1780982264.6676357,-0.812,-0.103,0.647,-5.046,3.16,-6.939,-0.748,-0.328,0.769,-4.153,12.832,-3.977,-0.252,-0.347,0.931,-0.496,-2.099,-1.977,-0.25,-0.345,0.958,0.763,5.504,-1.275,0.031,-0.346,0.813,-0.885,-1.046,0.298,btn_C
1780982264.7842393,-0.788,-0.099,0.633,-1.366,1.718,-0.969,-0.638,-0.268,0.668,-6.183,0.519,-0.641,-0.259,-0.341,0.926,-0.084,0.969,0.42,-0.253,-0.342,0.969,1.855,7.962,0.206,0.028,-0.351,0.812,0.221,1.618,0.107,btn_C
1780982264.884002,-0.79,-0.098,0.64,-1.603,2.229,-0.382,-0.637,-0.27,0.679,-6.313,0.504,-0.58,-0.26,-0.344,0.934,-0.183,0.0,0.183,-0.25,-0.342,0.956,1.496,6.458,-0.519,0.027,-0.351,0.8,0.344,1.305,0.336,btn_C
1780982264.9766746,-0.784,-0.099,0.645,-1.794,1.748,-1.305,-0.649,-0.266,0.674,-6.42,0.221,-1.115,-0.259,-0.34,0.932,0.015,-0.198,0.71,-0.254,-0.349,0.963,1.344,6.687,-0.305,0.028,-0.343,0.808,-0.947,1.924,-0.061,btn_C
1780982265.0794234,-0.791,-0.102,0.637,-0.901,1.298,-0.962,-0.644,-0.264,0.674,-6.634,0.573,-0.351,-0.26,-0.342,0.926,-0.565,0.649,0.359,-0.253,-0.345,0.966,1.58,7.321,-0.489,0.022,-0.351,0.809,-0.534,2.802,-0.382,btn_C
1780982265.182467,-0.789,-0.09,0.639,-0.679,1.305,-0.893,-0.64,-0.271,0.675,-6.344,0.366,-0.244,-0.262,-0.338,0.927,0.008,0.565,1.038,-0.256,-0.347,0.97,1.641,7.244,-0.473,0.031,-0.354,0.816,-0.221,0.916,0.397,btn_C
1780982267.8643823,-0.793,-0.097,0.637,-0.511,1.458,-0.565,-0.643,-0.267,0.676,-6.359,0.756,-0.58,-0.267,-0.346,0.929,-0.282,0.168,-0.344,-0.255,-0.348,0.968,1.771,7.13,-0.084,0.034,-0.352,0.81,-0.695,2.504,-0.244,btn_C
1780982267.967754,-0.788,-0.097,0.638,-0.687,1.802,-1.366,-0.636,-0.266,0.671,-6.771,0.527,-1.038,-0.26,-0.337,0.923,-0.252,-0.275,0.26,-0.258,-0.344,0.975,1.763,7.122,-0.046,0.032,-0.349,0.812,-0.29,1.802,0.145,btn_C
1780982268.0663424,-0.786,-0.097,0.641,-1.168,1.779,-0.534,-0.637,-0.269,0.672,-6.29,0.412,-0.374,-0.262,-0.338,0.928,-0.282,0.763,0.244,-0.257,-0.347,0.977,1.511,6.382,-0.542,0.03,-0.35,0.807,-0.137,1.489,0.023,btn_C
1780982268.1694498,-0.795,-0.101,0.643,-0.397,1.611,-0.687,-0.636,-0.269,0.67,-6.466,0.603,-0.176,-0.263,-0.341,0.923,-0.321,-0.198,0.252,-0.258,-0.345,0.973,1.336,6.679,-0.092,0.032,-0.349,0.809,-0.55,2.0,-0.092,btn_C
1780982268.2823179,-0.789,-0.096,0.64,-1.214,1.031,-0.695,-0.646,-0.265,0.677,-6.229,0.13,-0.908,-0.262,-0.338,0.929,-0.26,-0.496,0.641,-0.249,-0.344,0.966,1.573,6.565,-0.55,0.034,-0.348,0.801,-0.542,1.802,0.183,btn_C
1780982268.381541,-0.797,-0.097,0.643,0.695,1.939,1.267,-0.604,-0.255,0.666,-4.046,-11.809,4.618,-0.267,-0.345,0.939,1.252,2.244,2.634,-0.253,-0.339,0.979,2.855,5.779,0.664,0.03,-0.353,0.811,-2.542,5.809,-1.954,btn_C
1780982268.4789786,-0.807,-0.082,0.649,4.847,-5.0,5.26,-0.59,-0.223,0.687,12.053,0.351,21.634,-0.25,-0.336,0.928,2.992,3.511,1.656,-0.246,-0.354,0.963,3.595,9.26,0.573,0.017,-0.354,0.81,-0.405,2.71,-0.389,btn_C
1780982268.5814683,-0.775,-0.077,0.66,-0.969,1.076,-0.725,-0.649,-0.203,0.69,-5.679,1.191,-1.573,-0.269,-0.336,0.923,0.046,-0.405,0.55,-0.248,-0.339,0.968,1.412,6.626,-0.427,0.031,-0.351,0.805,0.137,1.733,0.26,btn_C
1780982268.6851592,-0.778,-0.074,0.657,-0.275,0.496,0.0,-0.643,-0.201,0.695,-5.809,2.099,-2.71,-0.28,-0.331,0.934,-0.71,0.42,0.176,-0.255,-0.341,0.972,0.931,7.771,-1.611,0.026,-0.351,0.816,-1.405,3.191,-0.336,btn_C
1780982268.7988334,-0.775,-0.063,0.649,-1.885,1.634,-1.145,-0.636,-0.215,0.729,-6.626,0.534,-0.496,-0.278,-0.33,0.919,-0.374,0.595,-0.038,-0.257,-0.341,0.977,1.412,6.84,-1.023,0.031,-0.358,0.816,-0.733,1.931,-0.282,btn_C
1780982268.9016948,-0.779,-0.062,0.651,-2.389,1.885,-1.931,-0.635,-0.201,0.697,-8.473,-0.198,-0.656,-0.265,-0.333,0.919,-0.489,-0.618,0.023,-0.259,-0.34,0.966,1.221,8.481,-0.038,0.024,-0.353,0.798,-0.214,2.26,0.229,btn_C
1780982269.0028386,-0.781,-0.075,0.661,-1.16,3.634,-2.16,-0.629,-0.206,0.693,-10.534,1.252,-3.458,-0.278,-0.333,0.929,-1.061,-2.557,-0.878,-0.266,-0.34,0.978,-0.573,6.481,0.0,0.023,-0.349,0.805,0.45,2.008,0.511,btn_C
1780982269.098233,-0.831,-0.107,0.656,-8.809,2.076,-10.221,-0.794,-0.381,0.862,-10.588,17.58,-7.046,-0.246,-0.342,0.927,-0.435,-2.168,-2.878,-0.261,-0.349,0.96,-0.137,4.679,-1.565,0.024,-0.349,0.807,-0.115,0.664,-0.405,btn_C
1780982269.218237,-0.787,-0.099,0.641,-1.008,0.962,-1.534,-0.644,-0.266,0.673,-6.008,0.725,-0.298,-0.262,-0.341,0.925,0.412,0.405,-0.214,-0.25,-0.346,0.976,1.595,7.328,-0.565,0.025,-0.351,0.808,-0.427,2.382,-0.084,btn_C
1780982269.314609,-0.785,-0.098,0.644,-0.985,1.809,-0.053,-0.645,-0.266,0.678,-6.42,0.519,-0.26,-0.258,-0.341,0.93,-0.397,-0.519,0.191,-0.255,-0.346,0.96,1.557,7.626,-0.534,0.024,-0.351,0.803,-1.031,2.702,-0.076,btn_C
1780982269.4147356,-0.785,-0.095,0.642,-1.298,1.702,-1.267,-0.642,-0.261,0.67,-6.29,0.885,-0.443,-0.256,-0.34,0.922,-0.733,0.336,-0.214,-0.256,-0.345,0.964,1.351,7.267,-0.641,0.033,-0.347,0.805,-0.328,1.992,-0.275,btn_C
1780982269.514143,-0.791,-0.097,0.638,-0.908,2.084,-0.847,-0.635,-0.266,0.675,-6.55,0.733,-0.13,-0.263,-0.337,0.932,-0.466,-0.031,0.015,-0.249,-0.348,0.957,1.313,7.351,0.008,0.031,-0.352,0.815,-0.977,2.298,0.099,btn_C
1780982269.611766,-0.788,-0.092,0.636,-1.023,1.435,-0.931,-0.64,-0.261,0.68,-6.237,0.595,-0.779,-0.262,-0.337,0.927,-0.069,0.176,0.534,-0.25,-0.343,0.968,1.573,7.542,0.015,0.036,-0.349,0.815,-0.191,1.763,0.359,btn_C
1780982269.7147613,-0.79,-0.096,0.633,-1.344,1.527,-1.832,-0.638,-0.267,0.669,-6.198,0.298,-1.344,-0.259,-0.337,0.929,-0.649,0.115,0.489,-0.258,-0.345,0.971,1.832,7.122,-0.366,0.03,-0.349,0.812,-0.282,1.183,0.298,btn_C
1780982269.832003,-0.788,-0.098,0.637,-1.489,0.786,-0.924,-0.645,-0.265,0.672,-6.481,0.626,-0.046,-0.259,-0.341,0.928,-0.542,0.031,0.664,-0.252,-0.348,0.963,1.55,7.344,-0.084,0.032,-0.352,0.812,-0.565,2.145,0.053,btn_C
1780982272.4991658,-0.792,-0.099,0.642,-0.374,1.313,-0.137,-0.635,-0.265,0.678,-6.389,0.794,-0.832,-0.262,-0.341,0.925,-0.366,-0.313,0.427,-0.252,-0.344,0.971,1.282,6.779,-0.534,0.029,-0.353,0.802,-0.763,2.168,0.038,btn_C
1780982272.5985637,-0.787,-0.096,0.643,-1.412,1.252,-1.191,-0.638,-0.267,0.677,-6.702,0.969,-0.206,-0.26,-0.342,0.93,-0.412,-0.237,0.473,-0.255,-0.348,0.969,1.542,7.015,-0.031,0.03,-0.351,0.82,-0.29,1.229,0.221,btn_C
1780982272.7137196,-0.79,-0.095,0.641,-0.168,2.069,-0.87,-0.64,-0.265,0.67,-6.519,0.924,-0.061,-0.263,-0.34,0.931,0.023,0.344,0.519,-0.251,-0.349,0.966,1.55,7.015,-0.076,0.025,-0.354,0.809,-0.611,2.855,-0.305,btn_C
1780982272.8048134,-0.787,-0.101,0.638,-0.969,1.351,-0.832,-0.645,-0.263,0.674,-6.099,0.275,-1.176,-0.264,-0.341,0.931,-0.244,0.29,0.176,-0.254,-0.35,0.969,1.595,6.74,-0.298,0.027,-0.352,0.813,-0.656,2.893,-0.298,btn_C
1780982272.9124718,-0.791,-0.095,0.641,-0.847,1.534,-1.489,-0.639,-0.264,0.677,-6.229,0.107,-0.443,-0.261,-0.343,0.925,-0.435,-0.832,0.084,-0.255,-0.349,0.966,1.58,6.901,-0.847,0.032,-0.352,0.82,-0.893,2.076,0.053,btn_C
1780982273.016608,-0.794,-0.094,0.638,-0.481,1.427,-0.107,-0.643,-0.267,0.67,-5.901,0.893,0.817,-0.259,-0.339,0.925,-0.176,-0.282,0.282,-0.255,-0.344,0.962,1.611,6.214,-0.725,0.031,-0.354,0.805,-0.969,2.573,-0.206,btn_C
1780982273.1140246,-0.79,-0.102,0.634,-0.374,1.542,-0.687,-0.639,-0.267,0.682,-6.832,-0.473,0.931,-0.25,-0.353,0.93,-1.321,0.42,1.366,-0.292,-0.344,0.967,2.634,1.634,-0.031,0.03,-0.356,0.813,-5.366,6.145,-2.42,btn_C
1780982273.2170396,-0.803,-0.092,0.651,8.916,-5.023,8.855,-0.63,-0.242,0.719,20.427,-5.863,25.992,-0.277,-0.331,0.906,3.908,5.885,2.198,-0.258,-0.344,0.981,2.061,8.779,1.527,0.031,-0.35,0.825,-1.718,-0.267,1.008,btn_C
1780982273.3299978,-0.795,-0.073,0.642,4.55,-3.87,5.947,-0.642,-0.179,0.641,3.405,1.435,6.374,-0.281,-0.332,0.911,-0.275,0.145,-0.008,-0.26,-0.341,0.964,2.023,4.504,-1.0,0.033,-0.354,0.804,-3.366,4.405,-1.603,btn_C
1780982273.429296,-0.771,-0.072,0.658,-1.679,1.191,-1.847,-0.642,-0.203,0.698,-8.802,0.053,-0.939,-0.275,-0.334,0.927,-1.038,0.244,-0.214,-0.25,-0.343,0.981,1.122,7.427,-0.069,0.025,-0.349,0.812,-0.244,2.847,0.046,btn_C
1780982273.5257843,-0.769,-0.067,0.653,-0.366,2.099,-0.13,-0.643,-0.193,0.687,-5.985,2.458,-2.412,-0.281,-0.328,0.924,-0.855,-1.855,-0.382,-0.255,-0.337,0.967,-0.107,7.679,-0.427,0.027,-0.348,0.805,-0.389,3.305,0.069,btn_C
1780982273.628828,-0.779,-0.065,0.639,-4.282,6.939,-5.611,-0.657,-0.219,0.709,-17.183,1.962,-9.168,-0.265,-0.331,0.924,-2.305,-2.45,-0.901,-0.254,-0.348,0.982,3.0,0.366,-0.718,0.022,-0.346,0.81,-0.893,0.366,0.389,btn_C
1780982273.7461689,-0.775,-0.096,0.643,-1.611,-1.489,-5.374,-0.686,-0.293,0.74,-5.649,7.13,-4.611,-0.255,-0.351,0.936,-2.008,-2.908,-1.458,-0.241,-0.344,0.962,1.954,5.786,-0.321,0.034,-0.354,0.819,0.168,2.267,-0.45,btn_C
1780982273.8347116,-0.792,-0.1,0.641,-1.855,1.756,-1.58,-0.639,-0.269,0.672,-6.229,0.145,-0.84,-0.263,-0.342,0.928,-0.13,-0.168,0.107,-0.249,-0.348,0.959,1.237,6.763,-0.229,0.022,-0.35,0.81,0.534,0.756,0.366,btn_C
1780982273.948535,-0.792,-0.098,0.634,-1.328,2.076,-0.565,-0.649,-0.272,0.676,-6.29,0.588,-0.42,-0.26,-0.337,0.936,-0.015,-0.053,0.305,-0.249,-0.341,0.97,1.672,6.786,-0.107,0.029,-0.354,0.816,-0.382,1.443,0.015,btn_C
1780982274.0409584,-0.79,-0.101,0.639,-1.0,1.702,-0.687,-0.638,-0.264,0.675,-6.847,0.878,-0.473,-0.265,-0.34,0.924,-0.939,1.053,0.45,-0.256,-0.349,0.97,1.786,7.901,-0.435,0.027,-0.348,0.801,-1.237,2.153,0.344,btn_C
1780982274.1442788,-0.79,-0.095,0.643,-1.313,1.695,-1.008,-0.649,-0.267,0.674,-5.931,1.084,0.321,-0.261,-0.337,0.93,-0.885,0.137,0.321,-0.253,-0.348,0.967,1.198,6.679,-0.924,0.037,-0.351,0.818,-0.595,2.053,0.382,btn_C
1780982274.246884,-0.785,-0.095,0.637,-0.985,1.489,-0.962,-0.645,-0.267,0.67,-6.321,1.031,-0.458,-0.259,-0.341,0.925,-0.351,0.366,0.382,-0.255,-0.35,0.976,1.397,7.641,-0.412,0.021,-0.35,0.813,-0.626,3.229,0.023,btn_C
1780982274.3640244,-0.792,-0.096,0.633,-1.069,1.71,-1.885,-0.649,-0.265,0.672,-5.931,0.939,-0.244,-0.267,-0.342,0.93,-0.649,0.252,0.275,-0.25,-0.346,0.964,1.282,7.374,-0.015,0.029,-0.35,0.812,-0.58,2.595,0.275,btn_C
1780982274.4620914,-0.791,-0.098,0.642,-1.359,2.16,-1.107,-0.636,-0.267,0.679,-6.74,1.168,-0.26,-0.265,-0.337,0.923,-0.351,0.359,-0.542,-0.257,-0.347,0.97,1.198,6.145,-0.321,0.027,-0.348,0.813,-0.779,3.122,-0.29,btn_C
1780982277.131899,-0.791,-0.1,0.641,-1.878,0.931,-1.16,-0.636,-0.271,0.669,-6.427,0.458,-0.26,-0.267,-0.339,0.934,-0.58,-0.168,-0.031,-0.258,-0.346,0.966,1.496,6.71,-0.725,0.026,-0.352,0.817,-0.481,2.557,0.099,btn_C
1780982277.2338853,-0.79,-0.101,0.641,-0.924,1.206,-1.221,-0.636,-0.269,0.669,-6.427,1.0,0.015,-0.265,-0.341,0.927,-0.214,0.16,-0.282,-0.251,-0.352,0.953,1.565,7.137,-0.656,0.029,-0.355,0.813,-0.435,2.122,0.122,btn_C
1780982277.3467531,-0.786,-0.1,0.639,-0.786,1.641,-0.298,-0.639,-0.265,0.667,-6.351,0.641,-0.359,-0.263,-0.337,0.923,0.321,0.282,0.023,-0.257,-0.344,0.964,1.985,7.618,0.183,0.033,-0.355,0.811,-0.641,3.656,-0.351,btn_C
1780982277.447875,-0.793,-0.101,0.64,-1.191,1.779,-1.092,-0.639,-0.265,0.677,-6.687,0.336,-0.687,-0.263,-0.338,0.922,-0.656,0.695,-0.321,-0.253,-0.345,0.963,1.542,7.626,0.092,0.03,-0.35,0.808,-0.321,1.595,0.229,btn_C
1780982277.5434053,-0.783,-0.1,0.642,-0.443,1.733,-0.405,-0.644,-0.27,0.673,-6.931,0.847,-0.42,-0.27,-0.341,0.927,0.084,-0.252,0.069,-0.252,-0.342,0.958,1.466,6.847,-0.74,0.033,-0.354,0.804,-1.42,3.16,-0.794,btn_C
1780982277.6460574,-0.782,-0.1,0.64,-0.954,1.618,-0.779,-0.642,-0.268,0.679,-6.29,0.618,-0.084,-0.264,-0.339,0.926,-0.405,0.405,0.458,-0.254,-0.343,0.963,1.702,7.137,-0.321,0.034,-0.349,0.81,-1.458,4.176,-0.947,btn_C
1780982277.7494829,-0.762,-0.101,0.664,7.511,-6.847,7.069,-0.805,-0.233,0.542,12.13,-3.611,18.229,-0.261,-0.347,0.937,3.031,2.595,2.42,-0.246,-0.333,0.977,3.008,7.672,1.794,0.018,-0.354,0.817,-1.733,5.076,-1.351,btn_C
1780982277.8649259,-0.762,-0.073,0.635,1.733,-4.153,2.908,-0.634,-0.186,0.655,-0.473,0.809,2.924,-0.263,-0.335,0.934,-0.176,0.275,-0.145,-0.25,-0.341,0.969,0.74,4.763,-1.183,0.023,-0.351,0.803,-1.74,2.802,-0.412,btn_C
1780982277.954949,-0.777,-0.085,0.658,0.168,-0.374,1.092,-0.616,-0.208,0.707,-3.0,0.885,1.389,-0.288,-0.326,0.916,0.244,0.695,0.481,-0.25,-0.333,0.966,0.107,8.519,-0.977,0.026,-0.352,0.813,0.092,0.878,0.191,btn_C
1780982278.0613496,-0.778,-0.066,0.644,-1.863,1.366,-1.412,-0.65,-0.21,0.688,-8.229,0.443,-3.191,-0.271,-0.339,0.935,-0.817,0.603,0.489,-0.256,-0.349,0.975,1.313,8.031,-0.015,0.024,-0.352,0.804,0.931,1.015,-0.221,btn_C
1780982278.1617022,-0.776,-0.065,0.649,-1.061,1.504,-1.221,-0.632,-0.206,0.698,-6.427,-1.084,2.145,-0.28,-0.347,0.958,-2.473,-0.397,-0.214,-0.267,-0.342,0.968,2.366,7.565,0.069,0.031,-0.351,0.812,0.878,1.145,0.702,btn_C
1780982278.2642164,-0.767,-0.063,0.649,-2.137,1.832,-2.26,-0.643,-0.206,0.696,-7.45,0.893,-0.55,-0.275,-0.336,0.937,-0.237,-0.573,0.313,-0.256,-0.343,0.967,1.939,7.771,0.237,0.021,-0.356,0.806,0.153,1.061,-0.26,btn_C
1780982278.3806312,-0.791,-0.072,0.647,-1.122,2.153,-0.649,-0.648,-0.2,0.678,-8.489,-0.634,-1.366,-0.257,-0.337,0.931,-0.794,-0.481,0.145,-0.261,-0.349,0.969,1.832,7.221,-0.611,0.013,-0.359,0.8,-1.809,2.298,-0.351,btn_C
1780982278.479985,-0.758,-0.058,0.633,-4.748,8.954,-7.573,-0.533,-0.114,0.548,-31.244,8.885,-27.954,-0.259,-0.315,0.887,-6.244,-6.267,-5.267,-0.259,-0.353,0.951,1.45,4.313,-3.511,0.025,-0.338,0.808,-0.718,4.58,1.588,btn_C
1780982278.579691,-0.79,-0.095,0.644,-2.046,2.412,-2.267,-0.64,-0.271,0.672,-5.939,2.214,-2.443,-0.262,-0.339,0.937,-0.008,-0.519,-0.359,-0.253,-0.351,0.958,2.115,6.084,-0.649,0.019,-0.35,0.815,0.985,-0.489,0.366,btn_C
1780982278.6834621,-0.787,-0.095,0.638,-0.878,2.183,-0.977,-0.641,-0.271,0.675,-6.229,0.427,-0.252,-0.265,-0.341,0.924,0.664,-0.565,-0.115,-0.254,-0.348,0.97,1.298,6.817,0.153,0.027,-0.354,0.811,0.298,1.702,0.221,btn_C
1780982278.779296,-0.792,-0.095,0.637,-0.603,1.802,-0.992,-0.643,-0.269,0.668,-6.069,0.519,-0.45,-0.264,-0.339,0.928,-0.069,0.389,-0.153,-0.254,-0.345,0.968,1.71,7.626,0.305,0.034,-0.353,0.803,-0.412,1.427,0.206,btn_C
1780982278.894477,-0.789,-0.1,0.64,-1.053,1.069,-0.626,-0.635,-0.265,0.671,-6.275,0.672,-0.573,-0.266,-0.336,0.926,-0.405,0.382,-0.191,-0.262,-0.35,0.979,1.786,7.115,-0.336,0.034,-0.35,0.812,-0.527,2.305,0.061,btn_C
1780982278.994007,-0.792,-0.097,0.644,-0.931,1.344,-1.427,-0.639,-0.269,0.68,-6.298,0.168,-0.351,-0.271,-0.344,0.931,-0.275,-0.634,0.58,-0.255,-0.344,0.966,1.832,6.496,-0.328,0.026,-0.348,0.809,-1.313,3.084,-0.58,btn_C
1780982279.0960605,-0.79,-0.097,0.634,-1.153,1.947,-0.038,-0.643,-0.268,0.676,-6.29,0.076,-1.664,-0.267,-0.342,0.928,-0.588,0.076,0.168,-0.257,-0.345,0.965,1.664,6.878,-0.992,0.027,-0.35,0.811,-1.031,2.496,-0.26,btn_C
