timestamp,pulgar_ax,pulgar_ay,pulgar_az,pulgar_gx,pulgar_gy,pulgar_gz,indice_ax,indice_ay,indice_az,indice_gx,indice_gy,indice_gz,medio_ax,medio_ay,medio_az,medio_gx,medio_gy,medio_gz,anular_ax,anular_ay,anular_az,anular_gx,anular_gy,anular_gz,menique_ax,menique_ay,menique_az,menique_gx,menique_gy,menique_gz,gesto
1780983935.400213,-0.861,-0.204,0.485,-0.779,1.153,-0.588,-0.684,-0.37,0.563,-6.969,0.023,-0.412,-0.315,-0.431,0.864,-0.473,-0.008,-0.008,-0.362,-0.531,0.817,1.405,6.901,-0.603,0.227,-0.459,0.736,-1.405,0.641,0.275,izquierda
1780983935.4937608,-0.862,-0.2,0.49,-0.817,1.786,-0.71,-0.686,-0.371,0.566,-7.176,0.557,-0.397,-0.307,-0.433,0.864,-0.542,0.206,0.817,-0.361,-0.532,0.821,1.412,7.542,-1.076,0.227,-0.464,0.727,-0.947,2.275,0.588,izquierda
1780983935.597386,-0.849,-0.209,0.486,-1.237,2.137,-1.412,-0.691,-0.367,0.573,-7.947,-0.557,-2.122,-0.309,-0.438,0.866,-1.595,-1.29,-0.847,-0.366,-0.532,0.815,-0.481,7.588,-3.397,0.231,-0.47,0.738,-0.489,-0.305,0.649,izquierda
1780983935.7072861,-0.858,-0.205,0.487,-1.015,1.802,0.779,-0.682,-0.37,0.567,-6.931,-0.008,0.718,-0.31,-0.438,0.874,0.26,0.351,0.405,-0.362,-0.537,0.821,2.733,4.962,-0.053,0.224,-0.472,0.736,0.344,3.664,-0.565,izquierda
1780983935.8031511,-0.857,-0.209,0.483,-0.725,0.977,-1.015,-0.684,-0.371,0.566,-6.702,-0.015,-0.748,-0.303,-0.433,0.866,-0.481,-0.435,-0.908,-0.357,-0.536,0.819,1.641,7.0,-0.038,0.231,-0.466,0.729,-0.588,2.687,-0.275,izquierda
1780983935.9056754,-0.864,-0.204,0.488,-1.786,2.191,-0.786,-0.681,-0.375,0.563,-7.55,0.344,-0.481,-0.304,-0.436,0.872,-0.397,0.443,0.58,-0.366,-0.531,0.822,1.595,7.542,0.16,0.228,-0.465,0.741,-0.756,2.664,0.786,izquierda
1780983936.0171711,-0.86,-0.207,0.479,-0.489,1.878,0.351,-0.683,-0.377,0.565,-7.214,0.237,-0.489,-0.307,-0.435,0.869,-0.748,0.305,-0.221,-0.367,-0.542,0.814,1.382,7.122,-0.947,0.222,-0.468,0.737,-0.336,0.275,0.16,izquierda
1780983936.1150076,-0.859,-0.208,0.486,-0.702,1.779,0.679,-0.686,-0.371,0.567,-6.969,0.267,0.481,-0.309,-0.434,0.867,0.435,-0.87,0.901,-0.358,-0.537,0.805,3.382,4.878,1.458,0.222,-0.473,0.759,4.076,5.763,4.305,izquierda
1780983936.2149518,-0.867,-0.206,0.477,-0.382,-0.481,-1.076,-0.689,-0.368,0.562,-4.55,-1.794,-0.947,-0.302,-0.433,0.875,1.389,-5.679,-2.412,-0.364,-0.539,0.809,5.695,0.687,-1.214,0.33,-0.481,0.836,50.206,-43.618,-48.015,izquierda
1780983936.318474,-0.888,-0.204,0.437,-15.924,9.595,3.206,-0.677,-0.382,0.57,-17.45,1.786,2.176,-0.243,-0.403,0.873,-16.855,1.504,24.695,-0.383,-0.503,0.78,-14.588,5.916,0.176,0.322,-0.302,0.749,15.527,-30.649,-9.412,izquierda
1780983936.4286978,-0.865,-0.212,0.47,-2.427,4.58,-0.55,-0.701,-0.38,0.522,-13.954,3.84,1.809,-0.343,-0.447,0.859,-4.481,2.679,5.931,-0.37,-0.563,0.774,-3.878,10.634,-0.397,0.328,-0.311,0.732,-6.969,-1.916,-8.443,izquierda
1780983936.526997,-0.862,-0.213,0.496,-4.13,1.107,-0.481,-0.667,-0.385,0.567,-11.71,0.702,1.786,-0.317,-0.443,0.857,-2.58,-0.137,1.985,-0.377,-0.559,0.798,0.267,5.092,-0.527,0.359,-0.334,0.749,-9.305,4.748,-5.061,izquierda
1780983936.6336508,-0.864,-0.213,0.472,-1.817,1.137,-0.282,-0.691,-0.382,0.544,-7.137,0.031,-0.206,-0.329,-0.447,0.852,-0.618,-1.656,-0.626,-0.378,-0.558,0.789,1.405,6.435,-2.893,0.375,-0.353,0.756,-4.298,1.267,-2.16,izquierda
1780983936.7314563,-0.861,-0.21,0.47,-1.076,1.038,-0.092,-0.691,-0.385,0.54,-6.557,-0.42,-0.153,-0.327,-0.444,0.853,-0.557,-0.954,0.099,-0.365,-0.559,0.789,2.466,5.725,-3.237,0.36,-0.342,0.743,-0.802,0.702,-0.504,izquierda
1780983936.841537,-0.862,-0.217,0.473,-3.733,1.84,-0.649,-0.691,-0.384,0.55,-7.656,-1.405,-0.008,-0.334,-0.448,0.852,0.115,-0.458,0.611,-0.424,-0.544,0.798,5.992,8.618,4.679,0.346,-0.332,0.712,-5.885,10.061,4.634,izquierda
1780983936.939206,-0.863,-0.209,0.472,-2.031,1.573,-0.58,-0.691,-0.382,0.555,-7.053,0.863,-0.13,-0.322,-0.447,0.863,-0.069,0.038,1.069,-0.353,-0.567,0.793,6.443,6.84,0.511,0.332,-0.325,0.723,0.137,15.275,13.992,izquierda
1780983937.047848,-0.866,-0.217,0.473,-1.252,1.962,0.237,-0.689,-0.385,0.553,-6.298,-0.702,0.221,-0.332,-0.446,0.856,-0.359,1.13,0.405,-0.35,-0.552,0.796,2.634,4.374,0.099,0.302,-0.397,0.745,-36.87,24.802,16.061,izquierda
1780983937.141413,-0.863,-0.213,0.475,-0.504,1.374,-0.824,-0.684,-0.381,0.553,-6.282,-0.305,-0.397,-0.324,-0.446,0.852,0.527,0.817,0.008,-0.359,-0.553,0.806,2.115,5.565,-0.809,0.296,-0.459,0.746,-15.008,11.817,3.237,izquierda
1780983937.2444513,-0.861,-0.212,0.475,-0.076,0.595,-1.641,-0.689,-0.379,0.551,-6.115,0.031,-1.634,-0.329,-0.443,0.857,0.328,-0.023,-0.947,-0.36,-0.551,0.804,5.519,8.107,-1.672,0.274,-0.469,0.726,-6.519,4.702,1.74,izquierda
1780983940.026471,-0.858,-0.197,0.49,-0.748,1.496,-0.191,-0.689,-0.367,0.56,-6.992,0.611,-0.221,-0.314,-0.432,0.864,0.115,0.313,0.046,-0.339,-0.531,0.831,2.061,5.824,-0.588,0.2,-0.467,0.746,0.298,3.588,-0.366,izquierda
1780983940.1300569,-0.857,-0.199,0.487,-0.374,1.366,0.069,-0.69,-0.366,0.559,-7.16,0.16,-0.634,-0.315,-0.435,0.864,-0.71,-0.481,-0.611,-0.336,-0.527,0.83,1.382,7.16,-1.382,0.201,-0.466,0.746,-0.878,1.153,-0.008,izquierda
1780983940.232456,-0.856,-0.2,0.483,-1.634,2.42,-1.466,-0.687,-0.366,0.554,-7.618,0.588,-0.947,-0.313,-0.433,0.868,-0.328,-0.099,0.053,-0.334,-0.527,0.831,1.275,7.962,-0.908,0.203,-0.461,0.741,-0.824,1.45,0.099,izquierda
1780983940.3406105,-0.861,-0.2,0.485,-2.168,2.252,-0.939,-0.687,-0.363,0.562,-7.573,0.466,-0.405,-0.317,-0.433,0.862,-0.931,0.29,0.412,-0.34,-0.528,0.835,1.0,7.756,-0.244,0.205,-0.459,0.749,-1.0,1.679,-0.076,izquierda
1780983940.4451346,-0.859,-0.201,0.49,0.0,0.901,0.649,-0.689,-0.371,0.558,-6.756,0.427,0.473,-0.312,-0.429,0.871,0.031,-0.038,0.87,-0.335,-0.534,0.832,2.076,5.947,0.42,0.204,-0.46,0.74,0.168,4.191,-0.427,izquierda
1780983940.5480204,-0.862,-0.201,0.485,-1.496,2.084,-0.611,-0.688,-0.365,0.551,-7.313,0.221,-0.55,-0.312,-0.432,0.867,-0.954,0.221,-0.031,-0.334,-0.527,0.828,1.473,6.901,-1.16,0.211,-0.465,0.739,-0.229,1.008,0.122,izquierda
1780983940.6476521,-0.869,-0.211,0.494,-8.527,9.359,2.153,-0.69,-0.376,0.565,-12.229,1.366,0.992,-0.316,-0.176,0.823,-10.771,-3.55,-2.214,-0.323,-0.532,0.877,3.878,18.29,-1.702,0.176,-0.466,0.81,40.489,-14.321,7.824,izquierda
1780983940.747359,-0.85,-0.13,0.337,5.824,-3.214,14.282,-0.626,-0.318,0.442,-8.137,4.588,13.42,-0.405,-0.363,0.696,3.992,-15.466,8.977,-0.424,-0.535,0.745,-4.374,12.985,14.023,0.266,-0.436,0.87,18.313,-30.588,-22.13,izquierda
1780983940.8501284,-0.86,-0.199,0.52,-21.359,3.924,3.145,-0.701,-0.397,0.602,-23.55,-0.046,5.565,-0.301,-0.457,0.919,-9.168,-4.42,15.405,-0.327,-0.562,0.829,-24.466,16.336,10.29,0.207,-0.287,0.771,2.847,-33.076,-41.71,izquierda
1780983940.9585116,-0.78,-0.18,0.5,-11.656,2.443,2.931,-0.643,-0.349,0.563,-17.069,8.351,7.817,-0.242,-0.416,0.885,-0.527,9.229,15.611,-0.273,-0.517,0.806,-2.412,12.115,10.649,0.408,-0.277,0.673,3.351,-7.908,-8.481,izquierda
1780983941.0561006,-0.864,-0.193,0.482,-6.374,4.969,-3.16,-0.659,-0.378,0.535,-12.893,1.985,-0.214,-0.299,-0.432,0.839,-2.58,5.397,3.435,-0.317,-0.542,0.779,-3.893,12.26,4.206,0.394,-0.284,0.723,3.267,2.786,1.092,izquierda
1780983941.1599796,-0.856,-0.208,0.467,-4.634,6.557,-7.069,-0.694,-0.391,0.523,-10.748,4.45,-5.328,-0.317,-0.444,0.866,-5.695,5.275,0.344,-0.366,-0.58,0.792,-4.74,12.221,-0.763,0.391,-0.305,0.757,-0.863,6.84,1.992,izquierda
1780983941.2652252,-0.86,-0.211,0.459,-3.382,1.397,-1.42,-0.69,-0.392,0.52,-9.328,-1.069,-1.901,-0.292,-0.44,0.868,-2.611,-1.053,-1.733,-0.353,-0.568,0.789,1.794,6.45,-1.595,0.395,-0.293,0.742,2.481,5.427,3.435,izquierda
1780983941.3732102,-0.816,-0.213,0.44,-7.588,11.29,-8.725,-0.655,-0.4,0.469,-17.992,3.427,-11.534,-0.288,-0.44,0.835,-9.901,13.0,-10.427,-0.345,-0.547,0.823,14.489,8.351,1.618,0.332,-0.283,0.701,-17.107,38.55,18.847,izquierda
1780983941.470184,-0.832,-0.247,0.472,-12.58,3.527,-5.557,-0.696,-0.411,0.512,-3.794,4.878,3.618,-0.302,-0.464,0.849,0.55,7.053,2.733,-0.372,-0.561,0.8,6.58,2.672,-6.901,0.336,-0.354,0.745,-7.611,20.679,9.092,izquierda
1780983941.5731046,-0.866,-0.235,0.45,0.672,0.733,1.779,-0.699,-0.4,0.519,-5.168,0.305,1.382,-0.311,-0.458,0.854,1.458,2.336,0.794,-0.324,-0.552,0.823,4.053,7.229,-0.786,0.286,-0.392,0.794,-15.74,10.595,1.076,izquierda
1780983941.6737518,-0.876,-0.243,0.443,0.176,-4.084,0.656,-0.695,-0.402,0.524,-4.405,-2.038,1.733,-0.274,-0.447,0.891,4.611,-0.542,-0.595,-0.251,-0.571,0.876,30.466,-0.74,-22.221,0.288,-0.383,0.746,-11.191,6.603,8.244,izquierda
1780983941.784366,-0.885,-0.213,0.405,7.061,2.145,-1.053,-0.707,-0.37,0.498,1.168,4.16,-2.573,-0.302,-0.453,0.838,6.382,0.847,-9.756,-0.293,-0.547,0.823,3.947,6.794,0.832,0.274,-0.404,0.758,-6.969,8.817,2.29,izquierda
1780983941.8816493,-0.864,-0.231,0.456,0.191,-0.29,-0.466,-0.695,-0.394,0.526,-5.809,-0.519,-0.359,-0.31,-0.453,0.86,-1.618,0.374,0.168,-0.31,-0.544,0.841,2.153,7.107,0.71,0.257,-0.431,0.764,-11.443,6.702,-4.336,izquierda
1780983944.5596914,-0.865,-0.225,0.461,-0.672,0.305,-0.374,-0.699,-0.396,0.533,-7.191,0.229,-0.397,-0.306,-0.458,0.854,-0.511,0.489,0.664,-0.309,-0.541,0.841,1.855,8.252,-0.031,0.256,-0.42,0.745,-0.237,3.359,0.115,izquierda
1780983944.6626198,-0.868,-0.23,0.454,-1.321,2.405,-0.931,-0.695,-0.395,0.524,-7.229,0.832,-0.641,-0.31,-0.453,0.855,-0.527,0.817,0.527,-0.311,-0.548,0.834,1.092,7.87,-0.557,0.254,-0.424,0.753,-0.641,2.481,0.267,izquierda
1780983944.7643695,-0.868,-0.226,0.454,-1.145,1.763,-1.435,-0.698,-0.393,0.52,-6.649,0.626,-0.122,-0.311,-0.456,0.853,-0.115,0.237,0.168,-0.315,-0.553,0.834,1.122,7.405,-0.947,0.242,-0.433,0.742,-1.588,2.389,2.168,izquierda
1780983944.8802335,-0.87,-0.225,0.458,-0.763,1.153,0.931,-0.703,-0.395,0.527,-6.679,-0.244,0.779,-0.312,-0.456,0.853,0.145,0.344,0.702,-0.312,-0.547,0.843,2.076,7.099,-0.282,0.252,-0.428,0.748,0.496,4.656,1.656,izquierda
1780983944.9770985,-0.874,-0.227,0.453,-0.908,1.191,-0.565,-0.7,-0.391,0.531,-6.344,0.344,-0.16,-0.312,-0.455,0.855,-0.076,0.221,-0.893,-0.314,-0.543,0.83,1.878,7.046,-0.901,0.243,-0.432,0.761,-0.527,2.557,0.878,izquierda
1780983945.079848,-0.867,-0.224,0.452,-1.107,2.023,-1.473,-0.7,-0.394,0.525,-6.832,0.214,-0.939,-0.311,-0.453,0.861,-0.374,-0.344,-0.634,-0.313,-0.544,0.834,1.527,6.893,-1.153,0.24,-0.425,0.753,1.298,2.397,1.824,izquierda
1780983945.1771712,-0.864,-0.217,0.467,-5.0,5.977,2.038,-0.669,-0.386,0.562,-1.985,6.168,0.702,-0.269,-0.428,0.86,2.802,8.336,-3.634,-0.318,-0.566,0.919,16.962,11.534,7.718,0.166,-0.385,0.737,33.275,14.397,34.183,izquierda
1780983945.2806108,-0.941,-0.203,0.364,17.817,4.573,-4.008,-0.709,-0.371,0.456,0.992,1.939,-3.718,-0.368,-0.429,0.786,3.847,4.718,-2.336,-0.343,-0.468,0.723,14.031,-0.13,1.328,0.263,-0.402,0.795,15.45,2.885,26.962,izquierda
1780983945.3824675,-0.919,-0.18,0.374,-11.458,5.405,-4.481,-0.737,-0.378,0.483,-12.031,-1.061,-7.771,-0.248,-0.447,0.9,-12.092,-11.313,8.214,-0.344,-0.527,0.937,-27.924,9.466,0.542,0.207,-0.32,0.787,7.611,-17.504,-14.71,izquierda
1780983945.4850316,-0.932,-0.246,0.506,9.198,-5.824,3.863,-0.709,-0.409,0.539,-0.267,-7.397,2.817,-0.351,-0.469,0.891,7.145,-7.023,-0.145,-0.317,-0.493,0.817,-6.893,-0.244,6.573,0.23,-0.274,0.826,27.992,-11.084,8.489,izquierda
1780983945.589571,-0.86,-0.192,0.48,25.756,-16.534,9.832,-0.71,-0.377,0.522,7.817,-5.809,4.29,-0.394,-0.432,0.823,5.931,-13.802,7.763,-0.441,-0.571,0.762,-26.183,21.191,-6.733,0.336,-0.315,0.9,-2.977,-19.397,-40.809,izquierda
1780983945.691005,-0.82,-0.167,0.531,3.099,-8.656,17.626,-0.651,-0.345,0.57,-2.641,-12.26,14.427,-0.295,-0.386,0.852,7.427,-12.985,18.076,-0.39,-0.524,0.785,-10.092,6.496,4.282,0.275,-0.218,0.764,-18.298,-28.466,-34.947,izquierda
1780983945.7992043,-0.862,-0.144,0.5,-0.092,-1.16,2.061,-0.675,-0.334,0.567,-5.542,-0.427,-0.672,-0.299,-0.39,0.85,2.015,-1.359,2.992,-0.381,-0.572,0.787,-5.099,8.672,-1.977,0.384,-0.246,0.76,-13.13,-9.931,-15.611,izquierda
1780983945.8979764,-0.87,-0.153,0.523,-0.435,0.832,0.595,-0.695,-0.354,0.563,-5.382,-1.221,1.458,-0.305,-0.403,0.883,1.527,-2.763,1.641,-0.39,-0.584,0.748,-0.466,5.473,-3.893,0.424,-0.266,0.747,-3.794,-4.618,-6.763,izquierda
1780983946.0003483,-0.853,-0.149,0.531,-1.229,3.107,-2.847,-0.707,-0.353,0.588,-7.893,2.214,-1.985,-0.282,-0.411,0.899,-0.198,1.809,0.252,-0.381,-0.587,0.768,0.076,9.481,-0.702,0.426,-0.266,0.762,-0.221,1.977,-0.481,izquierda
1780983946.1120334,-0.855,-0.157,0.526,-1.641,3.099,-1.511,-0.687,-0.348,0.581,-7.527,1.557,-0.985,-0.285,-0.401,0.88,-1.13,-0.42,-1.618,-0.387,-0.578,0.766,2.359,8.305,-1.046,0.414,-0.261,0.748,2.733,3.168,1.267,izquierda
1780983946.2069845,-0.837,-0.151,0.494,-6.206,5.229,-3.008,-0.684,-0.339,0.56,-12.183,4.359,-2.809,-0.254,-0.403,0.892,-4.794,2.489,-9.076,-0.352,-0.576,0.805,13.763,0.183,-4.481,0.377,-0.21,0.685,4.031,27.008,26.443,izquierda
1780983946.3093011,-0.86,-0.188,0.508,-1.382,28.008,-14.267,-0.714,-0.392,0.579,-7.885,24.588,-9.267,-0.266,-0.417,0.894,2.099,31.962,-15.115,-0.338,-0.539,0.759,31.359,1.382,-23.466,0.331,-0.274,0.783,28.992,29.824,45.885,izquierda
1780983946.4290507,-0.884,-0.179,0.469,0.038,5.053,-8.817,-0.713,-0.376,0.532,-2.618,4.275,-7.458,-0.338,-0.433,0.907,1.901,7.595,-6.351,-0.383,-0.548,0.865,14.198,2.412,-2.641,0.286,-0.225,0.8,11.145,28.649,35.198,izquierda
1780983946.5150177,-0.844,-0.18,0.474,0.351,0.26,-7.611,-0.669,-0.362,0.549,-0.359,1.802,-6.26,-0.289,-0.39,0.84,2.099,3.13,-6.962,-0.312,-0.477,0.814,4.947,7.924,-5.374,0.245,-0.288,0.779,-16.824,22.634,16.534,izquierda
1780983949.1934557,-0.846,-0.211,0.502,-1.557,2.481,-0.832,-0.69,-0.369,0.561,-7.229,0.924,-0.313,-0.304,-0.439,0.871,-0.893,-0.374,-0.504,-0.322,-0.524,0.851,1.954,6.557,-0.802,0.165,-0.379,0.794,-1.008,2.046,0.26,izquierda
1780983949.3070416,-0.856,-0.207,0.488,-0.802,1.534,0.053,-0.689,-0.367,0.56,-6.893,0.557,-0.588,-0.302,-0.434,0.869,-0.427,0.26,-0.092,-0.319,-0.52,0.846,1.405,7.015,-1.061,0.16,-0.374,0.79,-0.779,1.031,-0.038,izquierda
1780983949.4004817,-0.847,-0.21,0.501,-0.397,1.061,0.336,-0.69,-0.372,0.563,-6.55,0.214,-0.427,-0.304,-0.436,0.866,-0.023,-0.031,0.374,-0.319,-0.523,0.851,1.664,6.672,-0.137,0.164,-0.38,0.782,-0.405,3.878,-0.496,izquierda
1780983949.5189188,-0.853,-0.206,0.496,-1.099,2.29,-0.565,-0.692,-0.366,0.562,-6.74,0.496,-0.519,-0.302,-0.434,0.87,-0.679,0.435,0.053,-0.321,-0.524,0.845,1.198,7.084,-0.779,0.162,-0.372,0.8,-0.71,1.313,-0.252,izquierda
1780983949.605446,-0.856,-0.209,0.493,-0.832,1.901,-0.076,-0.692,-0.37,0.556,-7.023,0.29,-0.176,-0.305,-0.429,0.871,-0.168,-1.053,0.26,-0.324,-0.526,0.838,3.328,6.412,-0.427,0.164,-0.374,0.792,-0.435,1.878,0.244,izquierda
1780983949.7081647,-0.854,-0.208,0.498,-1.389,2.481,-0.565,-0.688,-0.374,0.561,-7.618,0.527,-0.137,-0.301,-0.43,0.873,-0.634,0.802,0.672,-0.324,-0.522,0.848,1.84,7.313,-0.519,0.159,-0.374,0.784,0.069,1.534,0.679,izquierda
1780983949.8119485,-0.863,-0.217,0.486,-0.015,2.45,0.16,-0.689,-0.369,0.568,-5.931,1.626,-0.046,-0.298,-0.432,0.901,-1.695,0.092,1.511,-0.448,-0.582,0.839,48.771,2.443,18.588,0.127,-0.438,0.987,34.725,-8.634,22.832,izquierda
1780983949.9143553,-0.857,-0.188,0.529,-0.313,4.595,0.519,-0.659,-0.384,0.526,-16.473,4.435,-0.985,-0.337,-0.454,0.865,-10.328,-3.588,9.069,-0.32,-0.486,0.815,-45.824,45.908,7.496,0.228,-0.215,0.72,22.061,-25.092,-30.527,izquierda
1780983950.021719,-0.797,-0.245,0.508,-24.305,15.893,1.817,-0.658,-0.366,0.598,-27.87,1.023,-0.015,-0.313,-0.448,0.856,-15.702,3.023,9.214,-0.393,-0.562,0.786,-25.397,20.809,-3.382,0.359,-0.254,0.828,9.809,-15.74,-63.824,izquierda
1780983950.1257865,-0.855,-0.237,0.454,-17.908,15.412,-2.763,-0.677,-0.387,0.511,-25.252,16.221,0.237,-0.306,-0.482,0.902,-10.802,3.969,10.618,-0.386,-0.587,0.781,-25.176,18.832,3.542,0.31,-0.16,0.78,14.481,-19.481,-21.115,izquierda
1780983950.223455,-0.902,-0.248,0.439,-5.191,1.42,5.534,-0.705,-0.44,0.538,-12.252,-3.344,8.313,-0.335,-0.472,0.876,0.824,-6.733,12.641,-0.383,-0.565,0.771,-4.244,-1.313,-0.496,0.347,-0.12,0.738,-8.588,-26.687,-16.168,izquierda
1780983950.3356104,-0.817,-0.207,0.414,-1.74,-1.206,1.084,-0.681,-0.404,0.499,-9.794,1.534,1.183,-0.292,-0.443,0.832,-0.809,-0.626,-0.366,-0.389,-0.604,0.754,-5.496,10.298,-3.374,0.385,-0.162,0.788,-9.015,3.679,-6.038,izquierda
1780983950.4400196,-0.863,-0.231,0.443,-1.389,-1.542,-0.939,-0.683,-0.404,0.496,-5.771,-2.328,-1.168,-0.318,-0.447,0.83,-1.458,-2.519,-1.359,-0.393,-0.602,0.739,-1.519,8.328,-3.275,0.39,-0.155,0.773,-3.397,3.595,-0.489,izquierda
1780983950.5322497,-0.924,-0.232,0.42,-1.931,0.878,-2.015,-0.718,-0.429,0.5,-7.573,1.351,-0.763,-0.29,-0.461,0.823,1.42,-2.489,-6.107,-0.39,-0.594,0.747,9.527,6.786,-0.679,0.348,-0.154,0.751,-7.176,13.092,5.237,izquierda
1780983950.6352916,-0.865,-0.237,0.428,0.908,1.656,-8.565,-0.724,-0.42,0.498,-4.321,6.634,-13.725,-0.363,-0.507,0.856,-2.832,6.45,-13.206,-0.36,-0.633,0.766,20.45,-2.985,-15.924,0.353,-0.21,0.829,-2.496,20.74,26.656,izquierda
1780983950.7534003,-0.852,-0.238,0.42,4.427,1.771,-2.473,-0.692,-0.424,0.49,0.397,4.305,-2.412,-0.313,-0.458,0.845,5.038,6.397,-5.573,-0.324,-0.583,0.82,17.466,-0.122,-14.473,0.308,-0.2,0.769,-12.435,19.351,9.298,izquierda
1780983950.8538258,-0.864,-0.225,0.43,4.802,2.534,-8.336,-0.681,-0.435,0.463,-0.863,0.985,7.344,-0.355,-0.479,0.864,7.595,7.435,-9.71,-0.373,-0.572,0.78,10.634,4.504,-12.863,0.262,-0.255,0.787,-61.244,29.71,-5.237,izquierda
1780983950.951877,-0.877,-0.241,0.431,4.115,-4.725,-4.794,-0.723,-0.41,0.51,0.901,-5.878,3.321,-0.333,-0.455,0.839,2.382,-2.519,-8.206,-0.332,-0.546,0.83,3.053,0.412,-5.13,0.192,-0.354,0.819,-19.443,19.076,13.26,izquierda
1780983951.0592122,-0.861,-0.239,0.481,22.786,-31.046,0.221,-0.688,-0.348,0.565,27.985,-25.42,3.084,-0.306,-0.454,0.861,24.557,-11.229,0.183,-0.287,-0.548,0.819,32.687,-16.557,14.611,0.26,-0.425,0.808,-8.435,6.252,46.855,izquierda
1780983951.1559732,-0.854,-0.221,0.489,5.435,-4.695,3.947,-0.692,-0.363,0.574,0.618,-4.366,2.122,-0.316,-0.412,0.883,5.985,-1.832,0.183,-0.289,-0.515,0.863,8.679,4.55,1.84,0.213,-0.389,0.771,-0.511,-1.015,1.458,izquierda
1780983953.8299396,-0.852,-0.209,0.5,-1.191,2.015,-0.931,-0.693,-0.368,0.551,-7.427,0.771,-0.969,-0.305,-0.432,0.875,-1.0,0.389,0.145,-0.314,-0.524,0.844,1.16,8.061,-0.603,0.174,-0.406,0.776,-0.901,2.321,0.405,izquierda
1780983953.9453306,-0.852,-0.213,0.497,-1.389,1.603,-0.733,-0.691,-0.369,0.549,-7.16,0.725,-0.504,-0.303,-0.433,0.875,-0.122,-0.183,0.328,-0.312,-0.527,0.848,1.397,6.84,-1.13,0.166,-0.407,0.78,-0.405,2.389,-0.244,izquierda
1780983954.0498269,-0.855,-0.208,0.493,-0.267,0.687,-0.031,-0.695,-0.37,0.553,-6.824,0.328,-0.229,-0.303,-0.437,0.869,-0.603,0.275,-0.328,-0.309,-0.529,0.846,2.275,6.954,-0.099,0.167,-0.408,0.776,0.099,3.397,-0.42,izquierda
1780983954.1382642,-0.853,-0.205,0.499,-1.038,1.496,-0.595,-0.69,-0.373,0.554,-7.038,0.191,-0.611,-0.307,-0.433,0.867,-0.511,-0.168,-0.466,-0.311,-0.524,0.85,1.275,7.969,-0.672,0.17,-0.408,0.775,-0.718,0.542,0.298,izquierda
1780983954.250127,-0.856,-0.208,0.497,-1.275,1.916,-1.107,-0.695,-0.372,0.56,-7.176,0.221,-0.71,-0.302,-0.432,0.874,-0.649,-0.198,0.198,-0.308,-0.523,0.851,1.153,7.359,-1.023,0.168,-0.399,0.783,-0.84,2.023,0.389,izquierda
1780983954.3497477,-0.853,-0.212,0.495,-1.321,2.725,-0.565,-0.693,-0.369,0.549,-7.679,0.992,-0.588,-0.299,-0.439,0.874,-0.695,0.893,1.0,-0.308,-0.52,0.853,1.679,7.542,-0.198,0.233,-0.415,0.792,31.687,-0.847,22.038,izquierda
1780983954.4468324,-0.862,-0.216,0.48,-3.084,6.595,-0.29,-0.7,-0.377,0.545,-11.832,7.282,0.336,-0.299,-0.473,0.88,-5.26,7.756,1.626,-0.331,-0.572,0.907,-20.489,35.443,4.908,0.232,-0.339,0.848,84.473,-25.237,22.221,izquierda
1780983954.550288,-0.908,-0.193,0.371,-36.58,29.924,-3.985,-0.769,-0.384,0.434,-37.916,21.687,-10.748,-0.37,-0.465,0.823,-12.389,6.58,20.267,-0.369,-0.522,0.765,-22.588,26.725,21.473,0.22,-0.195,0.817,25.305,-23.878,-23.824,izquierda
1780983954.6633186,-0.91,-0.263,0.46,-30.679,9.351,11.924,-0.734,-0.456,0.527,-32.237,4.344,18.229,-0.33,-0.463,0.868,-2.84,-10.153,18.542,-0.32,-0.54,0.838,-11.008,7.565,5.267,0.393,-0.221,0.776,-32.473,-26.786,-50.344,izquierda
1780983954.7573404,-0.816,-0.24,0.423,-13.634,3.198,4.0,-0.69,-0.395,0.455,-14.763,2.321,0.725,-0.297,-0.427,0.827,-3.786,-6.313,11.695,-0.426,-0.581,0.816,-19.588,21.0,-6.13,0.333,-0.225,0.872,-34.969,-16.389,-51.527,izquierda
1780983954.8642914,-0.893,-0.23,0.377,-1.046,0.351,-7.87,-0.757,-0.433,0.453,-8.824,-0.893,-5.527,-0.333,-0.461,0.864,-2.779,-1.427,-4.198,-0.407,-0.609,0.762,-3.191,6.504,-4.672,0.364,-0.245,0.763,-10.511,-5.458,-6.305,izquierda
1780983954.9728255,-0.881,-0.249,0.404,-3.351,-0.221,-4.107,-0.728,-0.43,0.464,-8.374,-0.405,-3.725,-0.334,-0.467,0.862,-2.779,-0.282,-0.649,-0.398,-0.619,0.744,-1.809,7.611,-0.496,0.403,-0.259,0.765,-3.435,2.595,-2.405,izquierda
1780983955.0646422,-0.876,-0.24,0.394,-2.634,0.924,-4.366,-0.718,-0.422,0.448,-8.779,-0.626,-4.382,-0.33,-0.462,0.845,-4.321,0.962,-1.664,-0.392,-0.612,0.736,-2.267,8.977,-2.145,0.397,-0.262,0.756,0.214,4.275,2.809,izquierda
1780983955.1734421,-0.872,-0.244,0.391,-1.55,4.718,-2.87,-0.712,-0.425,0.447,-9.458,2.29,-2.58,-0.295,-0.467,0.844,-2.427,2.015,-8.038,-0.385,-0.615,0.757,7.679,7.45,-3.725,0.362,-0.223,0.749,-0.351,27.649,16.84,izquierda
1780983955.2707145,-0.852,-0.265,0.391,3.321,9.824,-5.382,-0.76,-0.452,0.434,-7.527,5.351,-3.45,-0.333,-0.477,0.834,-1.802,8.038,-4.031,-0.377,-0.586,0.753,8.489,3.847,-5.321,0.295,-0.288,0.787,7.198,17.901,24.26,izquierda
1780983955.3735335,-0.894,-0.27,0.399,3.344,1.771,-3.84,-0.733,-0.458,0.492,-0.542,4.55,-2.099,-0.323,-0.479,0.851,6.931,8.962,-6.29,-0.342,-0.571,0.739,19.313,4.267,-10.374,0.312,-0.275,0.79,3.779,11.977,13.16,izquierda
1780983955.4823298,-0.887,-0.269,0.401,7.618,1.061,-5.947,-0.71,-0.443,0.474,1.687,-0.504,-5.237,-0.318,-0.45,0.85,6.748,5.771,-8.786,-0.343,-0.575,0.789,15.397,0.786,-12.885,0.277,-0.274,0.766,-5.176,19.847,12.542,izquierda
1780983955.58686,-0.876,-0.252,0.393,16.924,-6.229,-3.031,-0.722,-0.407,0.436,4.824,-4.008,0.191,-0.327,-0.462,0.826,4.977,0.221,-10.328,-0.333,-0.556,0.804,7.275,5.16,-7.588,0.235,-0.307,0.791,-15.099,18.557,9.443,izquierda
1780983955.6870148,-0.885,-0.237,0.396,8.321,-2.214,2.092,-0.703,-0.375,0.444,6.42,-9.534,1.779,-0.339,-0.466,0.824,0.534,-2.321,-14.038,-0.354,-0.582,0.79,5.473,-1.275,-7.672,0.191,-0.34,0.814,-22.153,17.191,6.206,izquierda
1780983955.791819,-0.875,-0.241,0.436,3.511,-3.145,0.153,-0.693,-0.407,0.501,0.466,-3.74,0.534,-0.311,-0.472,0.849,5.733,-3.519,-0.863,-0.328,-0.562,0.813,9.626,-2.725,2.939,0.172,-0.36,0.784,-12.466,8.74,6.389,izquierda
1780983958.4638708,-0.863,-0.223,0.467,-0.931,0.855,-0.061,-0.702,-0.385,0.526,-6.992,0.115,-0.366,-0.299,-0.451,0.861,-0.405,-0.13,-0.214,-0.31,-0.536,0.842,1.641,7.718,-0.397,0.173,-0.402,0.772,-0.305,2.588,0.168,izquierda
1780983958.5826385,-0.862,-0.216,0.467,-0.901,1.321,-1.382,-0.702,-0.384,0.535,-6.634,0.137,-0.794,-0.296,-0.454,0.865,-0.725,-0.397,0.031,-0.31,-0.54,0.837,1.031,7.13,-0.832,0.17,-0.402,0.777,-0.168,2.794,0.74,izquierda
1780983958.6698601,-0.864,-0.215,0.461,-0.901,1.366,-1.397,-0.703,-0.381,0.526,-6.908,0.153,-0.901,-0.3,-0.449,0.865,-0.13,-0.588,-0.206,-0.308,-0.538,0.837,1.87,6.107,-1.145,0.185,-0.402,0.778,-0.588,0.863,-0.282,izquierda
1780983958.7728558,-0.863,-0.219,0.47,-0.298,1.282,0.137,-0.701,-0.384,0.54,-6.786,0.275,-0.244,-0.297,-0.448,0.863,0.015,-0.977,0.389,-0.312,-0.537,0.835,2.489,5.679,0.267,0.178,-0.395,0.782,-0.382,2.855,-0.557,izquierda
1780983958.8760872,-0.864,-0.219,0.472,-0.992,1.389,-0.786,-0.701,-0.382,0.526,-7.015,0.26,-0.366,-0.298,-0.446,0.864,-0.534,0.687,-0.168,-0.31,-0.538,0.839,1.779,6.893,-1.29,0.178,-0.396,0.77,-0.679,0.702,0.122,izquierda
1780983958.9790301,-0.864,-0.217,0.477,-0.748,2.382,-1.275,-0.7,-0.384,0.535,-7.725,0.809,-0.45,-0.3,-0.448,0.867,-0.427,-0.87,-0.214,-0.309,-0.539,0.841,2.107,6.985,-1.397,0.182,-0.408,0.777,-0.87,3.252,0.748,izquierda
1780983959.0926173,-0.861,-0.221,0.46,-1.695,4.519,-1.466,-0.707,-0.385,0.526,-8.588,2.977,-1.107,-0.299,-0.455,0.861,-1.397,0.649,0.527,-0.334,-0.548,0.833,2.198,9.916,1.282,0.185,-0.415,0.801,2.214,1.435,-2.611,izquierda
1780983959.1914825,-0.875,-0.227,0.451,-3.229,4.733,-3.916,-0.706,-0.396,0.507,-13.511,5.954,-5.908,-0.31,-0.484,0.848,-10.466,-0.58,7.168,-0.359,-0.556,0.85,-13.992,40.916,3.824,0.174,-0.387,0.804,19.565,-14.069,-13.443,izquierda
1780983959.2881014,-0.868,-0.276,0.502,-34.244,14.099,-3.298,-0.711,-0.379,0.505,-29.565,4.817,-4.305,-0.303,-0.457,0.833,-15.702,3.115,10.939,-0.314,-0.56,0.794,-15.756,21.756,7.977,0.235,-0.339,0.768,10.58,-11.511,-20.641,izquierda
1780983959.4083798,-0.868,-0.258,0.381,-38.794,14.458,-4.344,-0.691,-0.419,0.484,-32.489,3.939,-2.954,-0.315,-0.49,0.864,-15.061,-1.382,11.282,-0.359,-0.572,0.784,-13.725,8.855,1.382,0.291,-0.306,0.765,2.595,-19.191,-32.015,izquierda
1780983959.5079598,-0.888,-0.296,0.383,-14.351,2.885,-1.779,-0.685,-0.447,0.469,-27.107,3.679,-1.847,-0.315,-0.486,0.825,-6.183,-4.924,7.504,-0.382,-0.599,0.772,-11.374,16.153,-2.389,0.308,-0.294,0.755,-16.893,-20.931,-24.481,izquierda
1780983959.6156278,-0.879,-0.289,0.368,-2.878,-1.038,-2.427,-0.713,-0.464,0.451,-9.885,0.847,-1.031,-0.318,-0.497,0.833,-1.053,-4.053,2.763,-0.381,-0.627,0.73,-4.504,8.901,-1.763,0.36,-0.329,0.753,-11.359,-12.328,-15.313,izquierda
1780983959.7003305,-0.877,-0.282,0.372,1.481,-4.511,0.298,-0.709,-0.465,0.43,-4.084,-3.359,0.351,-0.311,-0.482,0.817,3.542,-3.198,0.885,-0.37,-0.627,0.725,-1.13,4.046,-2.168,0.405,-0.336,0.744,-2.802,-4.786,-4.511,izquierda
1780983959.8074143,-0.886,-0.288,0.371,-1.489,2.053,-1.191,-0.708,-0.461,0.43,-7.794,0.679,-0.359,-0.324,-0.499,0.822,-0.573,0.107,-0.534,-0.379,-0.636,0.725,1.29,8.809,-1.137,0.406,-0.325,0.738,0.275,2.0,0.87,izquierda
1780983959.9060762,-0.879,-0.284,0.373,-0.321,3.824,0.115,-0.719,-0.467,0.432,-9.076,1.679,0.847,-0.312,-0.502,0.829,-0.969,2.305,-4.29,-0.38,-0.637,0.729,4.565,9.58,-2.168,0.368,-0.315,0.742,11.237,21.26,13.443,izquierda
1780983960.019199,-0.852,-0.292,0.41,0.802,2.916,-3.115,-0.666,-0.46,0.461,-6.481,4.779,-2.588,-0.316,-0.514,0.839,-4.237,8.038,-1.649,-0.384,-0.654,0.709,8.26,9.481,-8.664,0.347,-0.316,0.781,11.924,19.618,24.42,izquierda
1780983960.1120956,-0.894,-0.291,0.361,2.397,2.511,-2.351,-0.718,-0.464,0.43,-3.588,1.573,-0.336,-0.322,-0.49,0.824,4.962,6.702,-2.137,-0.353,-0.617,0.714,21.374,-2.901,-8.443,0.353,-0.302,0.778,6.046,12.626,24.931,izquierda
1780983960.2276764,-0.89,-0.292,0.356,3.038,1.176,-0.779,-0.732,-0.455,0.407,-2.977,-3.863,1.237,-0.347,-0.454,0.799,3.947,5.023,-1.702,-0.346,-0.593,0.768,7.771,2.115,-5.878,0.25,-0.288,0.764,5.13,20.947,30.55,izquierda
1780983960.3180149,-0.884,-0.278,0.391,16.664,-10.718,3.855,-0.714,-0.45,0.438,11.534,-11.42,4.29,-0.309,-0.486,0.847,14.985,-3.412,-9.031,-0.334,-0.581,0.782,15.573,-2.519,0.626,0.245,-0.321,0.798,-13.084,23.924,21.565,izquierda
1780983960.4212193,-0.908,-0.242,0.35,18.16,-5.374,4.649,-0.662,-0.417,0.551,25.55,-8.542,-5.084,-0.319,-0.456,0.871,21.679,-0.939,-5.252,-0.315,-0.557,0.814,18.664,7.824,3.718,0.215,-0.329,0.789,-0.931,15.328,24.099,izquierda
1780983963.107392,-0.865,-0.219,0.462,-1.176,1.595,-0.42,-0.688,-0.383,0.538,-7.053,0.389,0.313,-0.301,-0.453,0.86,0.008,-0.359,0.718,-0.312,-0.543,0.838,1.817,6.557,0.641,0.157,-0.393,0.789,0.389,2.863,-0.29,izquierda
1780983963.202179,-0.866,-0.219,0.462,-0.985,0.924,-0.557,-0.694,-0.387,0.542,-6.962,0.443,-0.351,-0.301,-0.451,0.863,-0.565,0.908,-0.405,-0.316,-0.543,0.832,1.137,8.542,-1.183,0.15,-0.387,0.787,-0.695,1.794,0.023,izquierda
1780983963.3113008,-0.868,-0.226,0.462,-1.092,1.145,-1.221,-0.689,-0.392,0.547,-7.053,0.336,-0.84,-0.299,-0.455,0.864,-0.603,-0.55,-0.206,-0.313,-0.545,0.827,1.015,7.855,-0.931,0.159,-0.398,0.782,-1.183,2.802,0.267,izquierda
1780983963.40805,-0.867,-0.224,0.459,-0.687,1.733,-1.382,-0.691,-0.39,0.542,-6.71,0.489,-0.725,-0.303,-0.452,0.86,-0.344,-0.252,-0.511,-0.315,-0.543,0.836,1.687,6.588,-0.748,0.158,-0.39,0.783,-0.733,1.16,-0.519,izquierda
1780983963.5111308,-0.867,-0.223,0.464,-0.763,0.733,-0.641,-0.694,-0.386,0.546,-6.924,0.305,-0.672,-0.298,-0.453,0.865,-0.405,-0.412,0.397,-0.313,-0.542,0.834,1.924,7.038,-0.374,0.157,-0.388,0.785,-0.069,2.565,-0.344,izquierda
1780983963.6143775,-0.867,-0.225,0.452,-1.191,2.382,0.282,-0.688,-0.388,0.555,-8.702,2.099,-0.74,-0.302,-0.504,0.827,-6.168,-1.053,-1.076,-0.512,-0.505,0.963,-9.221,8.496,-5.115,0.162,-0.41,0.823,5.573,12.687,0.954,izquierda
1780983963.7382958,-0.855,-0.23,0.462,-7.206,11.038,-4.366,-0.68,-0.388,0.572,-13.115,24.389,-1.328,-0.296,-0.449,0.868,-6.145,6.504,1.878,-0.37,-0.552,0.795,-10.931,31.397,1.74,0.183,-0.375,0.885,62.321,-26.107,15.489,izquierda
1780983963.8217092,-0.885,-0.231,0.414,-12.687,11.786,-4.374,-0.731,-0.404,0.479,-24.679,9.779,0.237,-0.296,-0.46,0.85,-6.076,0.748,7.221,-0.408,-0.558,0.702,-10.443,27.0,13.634,0.311,-0.307,0.902,38.504,-30.13,-8.137,izquierda
1780983963.9292343,-0.903,-0.25,0.418,-10.802,1.053,1.779,-0.721,-0.439,0.487,-32.656,-1.847,0.695,-0.307,-0.502,0.914,-10.771,-5.634,10.473,-0.359,-0.583,0.833,-15.153,14.046,4.229,0.4,-0.158,0.731,20.313,-34.092,-39.603,izquierda
1780983964.0262113,-0.838,-0.227,0.426,-2.573,3.397,12.038,-0.711,-0.424,0.531,-11.298,7.229,11.55,-0.267,-0.457,0.905,0.748,-2.496,9.244,-0.387,-0.601,0.852,-3.611,13.16,2.748,0.312,-0.155,0.764,-27.282,-22.382,-50.771,izquierda
1780983964.1400914,-0.897,-0.199,0.409,6.145,6.817,9.542,-0.762,-0.42,0.489,-2.405,7.58,10.771,-0.324,-0.425,0.873,16.672,3.282,6.557,-0.372,-0.577,0.731,10.74,13.008,-1.206,0.383,-0.186,0.767,-10.061,-15.87,-38.962,izquierda
1780983964.2427616,-0.865,-0.186,0.397,1.046,5.267,0.023,-0.726,-0.371,0.449,-5.656,4.145,-0.191,-0.326,-0.412,0.829,-0.168,0.962,1.038,-0.387,-0.573,0.696,-0.092,10.336,-5.443,0.407,-0.186,0.771,-12.008,-6.214,-13.748,izquierda
1780983964.3360744,-0.903,-0.188,0.399,-3.473,1.679,-3.244,-0.738,-0.379,0.458,-8.366,-0.351,-2.16,-0.342,-0.434,0.863,-1.962,-2.992,-1.824,-0.412,-0.625,0.733,-2.511,6.87,-2.908,0.428,-0.189,0.759,-6.511,-0.931,-1.824,izquierda
1780983964.4483194,-0.875,-0.189,0.396,-7.611,1.924,-2.87,-0.727,-0.383,0.452,-12.595,-1.748,-3.374,-0.3,-0.425,0.84,-7.0,-1.679,-2.107,-0.378,-0.588,0.755,-1.015,0.511,-3.679,0.39,-0.192,0.735,-6.786,19.87,12.107,izquierda
1780983964.545699,-0.897,-0.212,0.435,-6.252,3.519,-0.458,-0.707,-0.414,0.504,-8.901,-0.84,2.374,-0.288,-0.432,0.873,1.466,4.672,1.947,-0.385,-0.598,0.829,35.145,-7.687,3.29,0.382,-0.226,0.801,-3.183,17.267,34.847,izquierda
1780983964.64424,-0.871,-0.204,0.41,0.252,4.718,-5.962,-0.724,-0.387,0.448,-6.672,2.878,-2.824,-0.317,-0.438,0.857,1.908,10.901,-3.092,-0.353,-0.555,0.781,17.939,-2.687,-9.748,0.341,-0.239,0.792,-0.405,26.046,26.069,izquierda
1780983964.7470512,-0.887,-0.226,0.415,5.58,3.794,-9.992,-0.712,-0.409,0.474,-0.328,3.779,-8.504,-0.337,-0.447,0.86,0.771,5.649,-9.244,-0.359,-0.563,0.787,6.893,2.992,-8.359,0.278,-0.282,0.806,-12.779,26.275,19.748,izquierda
1780983964.8503823,-0.883,-0.228,0.41,15.863,-8.389,-6.443,-0.7,-0.398,0.484,15.344,-7.053,-8.634,-0.326,-0.399,0.855,7.305,-3.725,-12.565,-0.328,-0.525,0.82,9.779,1.969,-5.107,0.235,-0.322,0.84,-19.366,23.061,16.275,izquierda
1780983964.9632456,-0.875,-0.209,0.401,-0.344,-1.176,-12.71,-0.714,-0.399,0.473,-5.183,-3.412,-10.191,-0.32,-0.448,0.821,-3.748,2.389,-3.481,-0.33,-0.551,0.798,-8.473,6.885,-2.313,0.184,-0.334,0.801,-15.504,19.053,7.939,izquierda
1780983967.746824,-0.71,-0.272,0.335,16.305,0.42,-13.015,-0.538,-0.401,0.349,0.55,8.992,-22.779,-0.295,-0.443,0.719,4.962,21.328,-12.565,-0.367,-0.51,0.737,15.168,17.42,0.053,0.043,-0.343,0.753,-19.489,14.511,64.885,izquierda
1780983967.8374424,-0.92,-0.31,0.5,24.359,-25.382,-2.466,-0.68,-0.413,0.575,15.496,-3.794,21.855,-0.526,-0.464,0.882,31.794,1.618,-3.565,-0.462,-0.512,0.903,64.618,-14.672,19.153,0.098,-0.443,0.882,14.901,1.252,56.336,izquierda
1780983967.940567,-0.827,-0.243,0.49,7.099,0.16,-3.221,-0.696,-0.408,0.536,12.275,0.74,-2.55,-0.375,-0.399,0.788,-7.939,7.733,6.695,-0.307,-0.348,0.762,10.847,-7.305,5.435,0.069,-0.346,0.674,0.481,2.725,28.672,izquierda
1780983968.043461,-0.774,-0.249,0.566,0.763,1.824,8.29,-0.667,-0.351,0.591,-17.763,14.366,12.405,-0.337,-0.376,0.785,9.832,6.496,7.511,-0.296,-0.358,0.824,15.015,6.221,3.084,0.049,-0.343,0.656,9.947,-1.282,-8.664,izquierda
1780983968.160978,-0.787,-0.254,0.573,11.718,4.237,27.916,-0.662,-0.363,0.611,-0.481,-2.939,20.328,-0.407,-0.42,0.914,14.756,-8.382,12.466,-0.368,-0.414,0.957,14.84,-0.931,10.534,0.008,-0.374,0.841,11.389,-15.969,-26.229,izquierda
1780983968.259429,-0.835,-0.169,0.53,-5.267,9.321,-0.374,-0.695,-0.302,0.608,-22.985,21.137,-7.237,-0.243,-0.316,0.868,2.366,11.397,18.183,-0.235,-0.306,0.879,-2.649,30.153,7.473,0.08,-0.301,0.725,18.58,-0.809,-26.695,izquierda
1780983968.3644874,-0.842,-0.274,0.469,-1.183,-0.58,12.168,-0.747,-0.374,0.518,-2.702,-14.015,8.969,-0.5,-0.403,0.846,-6.176,-11.878,1.656,-0.428,-0.419,0.928,0.366,-12.817,1.389,0.077,-0.28,0.799,-1.244,-19.435,-15.992,izquierda
1780983968.4572477,-0.832,-0.205,0.524,-1.977,2.0,0.237,-0.688,-0.345,0.575,-7.779,-1.229,0.336,-0.379,-0.386,0.872,-3.626,0.183,-3.229,-0.334,-0.388,0.897,2.435,2.901,-7.053,0.092,-0.319,0.871,14.802,-13.038,-4.901,izquierda
1780983968.558556,-0.834,-0.194,0.527,-2.664,3.786,-1.031,-0.689,-0.335,0.586,-8.71,-2.992,-1.779,-0.345,-0.385,0.876,-13.229,-11.26,-0.023,-0.358,-0.402,0.875,-25.496,11.336,-6.901,0.304,-0.288,0.79,10.351,-30.824,-44.527,izquierda
1780983968.6790683,-0.863,-0.215,0.544,-2.939,6.969,-2.511,-0.692,-0.328,0.564,-9.763,0.725,-5.458,-0.317,-0.401,0.871,-12.397,-12.008,10.924,-0.418,-0.49,0.921,-32.618,19.069,2.13,0.075,-0.161,0.793,-2.466,-16.046,-55.366,izquierda
1780983968.764439,-0.844,-0.208,0.543,-3.901,4.55,3.176,-0.684,-0.354,0.574,-16.802,0.878,-5.45,-0.354,-0.431,0.886,-2.359,0.008,7.359,-0.381,-0.482,0.775,-13.794,12.725,3.763,0.258,-0.242,0.895,-4.389,-8.168,-39.954,izquierda
1780983968.8775134,-0.876,-0.229,0.535,3.237,1.626,12.641,-0.711,-0.391,0.593,-14.58,-0.282,4.847,-0.334,-0.444,0.905,-7.053,-7.847,13.168,-0.33,-0.518,0.791,-18.969,10.863,-8.069,0.297,-0.223,0.755,-43.496,-30.893,-50.725,izquierda
1780983968.973409,-0.832,-0.167,0.507,-0.13,-3.527,13.641,-0.681,-0.332,0.571,-9.695,-4.527,11.206,-0.298,-0.398,0.888,2.084,-12.939,15.214,-0.322,-0.51,0.814,-7.84,-5.725,-9.26,0.369,-0.253,0.776,-24.847,-24.198,-30.374,izquierda
1780983969.0859725,-0.826,-0.16,0.537,-3.115,6.046,-5.679,-0.666,-0.348,0.598,-10.756,3.962,-4.771,-0.327,-0.404,0.889,-3.076,5.695,0.145,-0.395,-0.596,0.828,-4.885,13.084,-2.618,0.388,-0.269,0.786,-2.275,2.008,-4.611,izquierda
1780983969.1841693,-0.821,-0.165,0.516,-3.466,7.191,-2.87,-0.661,-0.346,0.558,-9.282,5.13,-2.718,-0.291,-0.39,0.846,-1.374,3.145,-7.656,-0.358,-0.548,0.774,-1.221,12.71,0.985,0.376,-0.232,0.726,0.573,12.122,4.977,izquierda
1780983969.2799017,-0.826,-0.17,0.522,-2.534,9.939,-7.977,-0.644,-0.338,0.559,-6.542,13.443,-5.794,-0.316,-0.392,0.832,1.191,6.122,-18.969,-0.365,-0.59,0.792,20.634,11.374,-7.992,0.318,-0.232,0.768,17.084,36.626,49.71,izquierda
1780983969.4005408,-0.848,-0.191,0.509,-1.916,8.756,-15.542,-0.665,-0.37,0.538,-8.695,10.496,-16.458,-0.312,-0.409,0.809,-7.214,14.885,-17.237,-0.373,-0.524,0.734,11.878,6.046,-18.618,0.351,-0.4,0.998,-9.611,29.969,30.573,izquierda
1780983969.4947271,-0.848,-0.205,0.471,-0.328,-1.405,-0.336,-0.708,-0.378,0.51,-3.84,-10.328,0.374,-0.289,-0.424,0.86,-0.771,-2.962,-3.718,-0.301,-0.53,0.836,8.046,-1.855,-3.435,0.248,-0.32,0.861,-25.511,12.443,18.481,izquierda
1780983969.588576,-0.843,-0.213,0.503,-1.588,1.809,-2.786,-0.702,-0.356,0.538,-1.435,-2.405,5.557,-0.323,-0.431,0.875,8.519,3.824,-4.305,-0.323,-0.5,0.832,14.885,1.504,2.427,0.223,-0.279,0.74,-0.794,16.641,33.969,izquierda
1780983969.6915057,-0.853,-0.223,0.508,-1.282,1.733,-1.198,-0.711,-0.366,0.549,-2.802,-0.527,3.298,-0.309,-0.42,0.848,8.893,1.58,-1.954,-0.335,-0.483,0.845,8.359,3.069,1.313,0.19,-0.311,0.781,-2.901,5.351,7.893,izquierda
1780983972.3776803,-0.84,-0.198,0.523,-1.0,1.427,-0.344,-0.68,-0.349,0.585,-6.931,0.145,-1.069,-0.298,-0.42,0.877,-0.725,0.672,0.275,-0.308,-0.497,0.865,1.099,7.252,-1.038,0.162,-0.383,0.789,-1.153,2.206,0.611,izquierda
1780983972.4727576,-0.841,-0.2,0.519,-1.16,1.275,-0.763,-0.683,-0.351,0.585,-6.84,-0.008,-0.771,-0.3,-0.42,0.883,-0.458,-1.649,0.092,-0.306,-0.493,0.871,1.13,8.252,-0.992,0.172,-0.384,0.795,-1.023,2.0,-0.702,izquierda
1780983972.5760627,-0.839,-0.201,0.533,-1.13,1.313,-0.542,-0.677,-0.353,0.59,-6.725,0.267,0.046,-0.299,-0.42,0.876,-0.076,0.252,0.153,-0.305,-0.496,0.873,1.679,6.137,0.832,0.167,-0.378,0.787,-2.389,2.695,-3.137,izquierda
1780983972.6915088,-0.839,-0.2,0.528,-0.718,1.031,-0.412,-0.679,-0.349,0.589,-7.26,0.176,-0.275,-0.297,-0.419,0.881,-0.427,-0.282,-0.275,-0.311,-0.493,0.867,1.336,7.473,-0.947,0.165,-0.379,0.785,-1.237,1.427,-0.382,izquierda
1780983972.793493,-0.837,-0.199,0.526,-1.145,1.771,-0.618,-0.68,-0.35,0.587,-7.084,0.405,-0.557,-0.3,-0.421,0.874,-0.611,0.191,-0.351,-0.312,-0.496,0.873,1.481,7.672,-1.397,0.167,-0.378,0.789,-1.183,1.435,0.275,izquierda
1780983972.894237,-0.843,-0.198,0.526,-1.237,2.366,-0.733,-0.678,-0.351,0.592,-7.366,0.313,-0.473,-0.299,-0.417,0.884,-0.634,0.038,-0.397,-0.307,-0.498,0.864,1.504,6.954,-0.901,0.164,-0.375,0.787,-1.198,0.71,-0.13,izquierda
1780983972.9987452,-0.841,-0.198,0.526,-1.015,1.931,-0.061,-0.681,-0.355,0.592,-7.481,0.718,-0.221,-0.295,-0.419,0.88,-0.412,-0.382,0.511,-0.307,-0.495,0.872,3.031,7.618,1.366,0.163,-0.394,0.82,11.374,4.313,4.023,izquierda
1780983973.0910568,-0.842,-0.193,0.53,-2.542,4.282,0.206,-0.695,-0.357,0.568,-9.985,1.916,-1.595,-0.329,-0.439,0.872,-4.29,0.534,1.145,-0.326,-0.508,0.854,-6.885,8.221,-0.664,0.272,-0.34,0.754,43.237,-30.626,-18.817,izquierda
1780983973.201649,-0.843,-0.204,0.488,-16.237,16.252,1.252,-0.692,-0.366,0.559,-19.656,7.115,-3.565,-0.294,-0.419,0.873,-11.282,2.832,9.351,-0.38,-0.538,0.821,-15.977,17.099,-0.595,0.255,-0.266,0.789,23.122,-11.595,-25.435,izquierda
1780983973.2970293,-1.06,-0.296,0.579,-30.053,15.13,13.565,-0.808,-0.479,0.717,-12.939,5.084,22.313,-0.373,-0.498,0.925,3.107,-18.771,22.13,-0.399,-0.591,0.686,-27.267,20.099,9.542,0.353,-0.238,0.776,-10.672,-46.58,-52.802,izquierda
1780983973.4086206,-0.793,-0.19,0.466,-8.992,-8.313,39.198,-0.642,-0.326,0.535,-2.794,-9.435,31.527,-0.195,-0.318,0.817,17.153,-23.588,39.412,-0.276,-0.446,0.893,-6.26,7.282,-7.58,0.418,-0.215,0.711,-15.55,-30.374,-41.756,izquierda
1780983973.5029862,-0.843,-0.163,0.48,-3.008,6.046,-13.794,-0.719,-0.337,0.56,-12.061,9.275,-13.947,-0.277,-0.394,0.93,-11.611,6.962,-8.366,-0.415,-0.619,0.787,-6.267,9.611,-10.328,0.405,-0.266,0.785,-14.244,1.328,-7.321,izquierda
1780983973.6172702,-0.836,-0.158,0.454,-2.557,1.282,-1.42,-0.673,-0.324,0.532,-11.565,2.695,-1.405,-0.256,-0.371,0.871,-4.908,3.107,0.634,-0.342,-0.572,0.769,-4.069,8.527,0.611,0.442,-0.256,0.731,-1.779,7.664,3.13,izquierda
1780983973.7088501,-0.876,-0.191,0.462,-3.16,4.252,-7.015,-0.713,-0.362,0.539,-11.229,1.473,-5.786,-0.298,-0.402,0.876,-7.092,1.992,-8.328,-0.38,-0.594,0.766,-1.206,8.718,-2.489,0.409,-0.255,0.735,2.206,14.046,12.16,izquierda
1780983973.8118055,-0.895,-0.203,0.454,-2.221,4.794,-7.351,-0.755,-0.383,0.519,-8.618,1.176,-7.58,-0.356,-0.452,0.916,-3.198,6.672,-4.71,-0.347,-0.625,0.824,19.282,-6.176,0.878,0.408,-0.309,0.761,-1.931,13.588,28.183,izquierda
1780983973.9301205,-0.837,-0.195,0.451,5.656,7.641,-1.916,-0.67,-0.356,0.524,-2.855,8.29,-3.863,-0.287,-0.408,0.845,3.183,12.176,-8.275,-0.374,-0.593,0.748,28.267,-10.008,-7.611,0.352,-0.292,0.755,6.076,22.908,25.29,izquierda
1780983974.017571,-0.887,-0.201,0.44,6.405,2.305,-6.244,-0.725,-0.37,0.506,0.015,3.962,-6.519,-0.323,-0.422,0.864,5.13,6.252,-8.74,-0.35,-0.547,0.845,14.939,5.931,-0.626,0.309,-0.341,0.848,2.26,21.137,27.664,izquierda
1780983974.1351902,-0.885,-0.215,0.458,11.634,0.649,-8.74,-0.71,-0.377,0.542,6.71,1.26,-6.84,-0.326,-0.416,0.878,9.061,7.176,-11.435,-0.35,-0.52,0.846,15.176,8.55,-1.74,0.259,-0.316,0.758,-14.466,28.511,29.366,izquierda
1780983974.2268913,-0.899,-0.192,0.43,33.366,-8.74,7.298,-0.742,-0.354,0.51,26.008,-5.221,9.672,-0.362,-0.401,0.857,28.847,7.87,-7.756,-0.35,-0.48,0.814,35.641,5.168,10.725,0.233,-0.355,0.802,-3.557,8.924,18.16,izquierda
1780983977.0050902,-0.856,-0.203,0.495,-1.069,0.756,-0.893,-0.677,-0.361,0.567,-6.832,0.267,-0.702,-0.304,-0.436,0.868,-0.45,-0.824,0.313,-0.317,-0.522,0.851,1.908,7.0,-0.076,0.168,-0.393,0.788,-0.466,3.557,-0.45,izquierda
1780983977.1087399,-0.859,-0.205,0.492,-0.954,1.542,-0.084,-0.681,-0.363,0.568,-7.115,0.382,-0.344,-0.301,-0.425,0.869,-0.771,-0.038,0.275,-0.317,-0.523,0.848,1.076,6.145,-0.603,0.164,-0.39,0.79,-1.099,0.901,-0.359,izquierda
1780983977.2134936,-0.853,-0.203,0.492,-0.565,2.244,-0.702,-0.684,-0.361,0.562,-7.206,0.489,-0.191,-0.309,-0.43,0.873,-0.397,0.13,0.344,-0.318,-0.519,0.856,1.794,7.321,-0.405,0.165,-0.385,0.785,-0.916,2.046,0.183,izquierda
1780983977.323585,-0.859,-0.202,0.498,-1.466,2.107,-1.695,-0.683,-0.365,0.57,-7.45,0.458,-0.366,-0.305,-0.433,0.875,-0.366,-0.275,0.16,-0.317,-0.522,0.847,1.702,7.221,-0.817,0.175,-0.391,0.771,-0.74,1.786,0.031,izquierda
1780983977.430038,-0.855,-0.207,0.484,-0.687,0.16,-0.71,-0.687,-0.365,0.563,-6.71,0.504,-0.542,-0.304,-0.433,0.867,-0.405,-0.069,-0.977,-0.315,-0.522,0.848,2.282,6.053,-0.137,0.177,-0.394,0.771,0.588,3.099,-0.985,izquierda
1780983977.530358,-0.862,-0.202,0.495,-3.412,3.695,0.107,-0.667,-0.346,0.628,-12.244,0.229,-4.802,-0.327,-0.422,0.877,-4.473,4.634,1.13,-0.335,-0.542,0.88,-4.168,10.221,-1.832,0.137,-0.399,0.819,4.473,2.16,-2.824,izquierda
1780983977.623107,-0.876,-0.178,0.42,-13.725,23.603,1.656,-0.861,-0.507,0.786,-11.046,14.473,24.855,-0.489,-0.488,0.862,28.466,16.046,19.931,-0.412,-0.489,0.7,0.26,41.634,52.58,0.17,-0.387,0.892,40.611,-19.389,4.328,izquierda
1780983977.726086,-0.79,-0.153,0.351,-28.718,4.458,10.71,-0.653,-0.285,0.419,-36.229,2.55,2.092,-0.322,-0.374,0.795,-32.817,-6.878,34.74,-0.43,-0.562,0.874,-35.092,44.527,7.641,0.378,-0.402,0.864,-1.84,-39.206,-67.748,izquierda
1780983977.842281,-0.907,-0.182,0.409,-9.244,-13.672,18.626,-0.698,-0.363,0.533,-18.053,-12.336,16.031,-0.336,-0.395,0.897,-1.267,-19.557,21.435,-0.358,-0.521,0.799,-6.427,7.489,8.489,0.232,-0.21,0.684,11.366,-44.74,-30.595,izquierda
1780983977.932055,-0.831,-0.186,0.457,5.511,-9.756,13.519,-0.67,-0.326,0.529,-1.046,-7.786,11.763,-0.223,-0.339,0.845,7.908,-10.305,6.756,-0.345,-0.49,0.82,4.618,-0.954,0.412,0.457,-0.238,0.692,-0.931,-21.176,-7.321,izquierda
1780983978.0514648,-0.895,-0.159,0.441,-0.015,-0.916,-2.687,-0.738,-0.336,0.527,-8.885,-0.824,-1.786,-0.302,-0.37,0.888,-2.084,-1.954,-2.45,-0.382,-0.528,0.824,-1.13,5.672,-3.542,0.459,-0.276,0.737,-3.687,0.099,-0.824,izquierda
1780983978.1382039,-0.889,-0.158,0.424,-1.74,1.427,-3.092,-0.704,-0.327,0.518,-9.221,0.809,-4.458,-0.323,-0.364,0.87,-4.076,0.542,-4.588,-0.373,-0.518,0.787,-3.321,10.374,-1.794,0.448,-0.267,0.732,-3.153,4.16,3.588,izquierda
1780983978.247833,-0.883,-0.178,0.428,-1.779,3.061,-6.55,-0.722,-0.342,0.498,-9.305,-1.099,-6.969,-0.317,-0.397,0.89,-6.916,0.626,-7.939,-0.409,-0.542,0.784,-0.679,7.87,-7.588,0.398,-0.28,0.718,-5.099,24.168,10.649,izquierda
1780983978.3526838,-0.862,-0.186,0.427,-0.786,3.763,-5.473,-0.709,-0.354,0.503,-7.153,4.802,-6.771,-0.323,-0.408,0.888,-5.351,6.275,-9.412,-0.351,-0.597,0.861,20.733,5.901,-10.351,0.379,-0.301,0.755,13.221,30.198,33.595,izquierda
1780983978.446943,-0.854,-0.184,0.429,12.214,1.366,-2.267,-0.679,-0.337,0.497,4.214,2.55,-4.809,-0.312,-0.387,0.867,8.107,9.458,-10.046,-0.343,-0.507,0.824,23.855,-1.702,-10.435,0.363,-0.282,0.782,22.092,20.229,34.893,izquierda
1780983978.5573668,-0.893,-0.196,0.452,10.702,0.336,-8.977,-0.707,-0.358,0.52,6.252,-0.053,-10.061,-0.315,-0.405,0.87,7.595,4.359,-13.168,-0.342,-0.503,0.828,17.092,2.473,-7.229,0.285,-0.31,0.825,-21.58,27.275,15.458,izquierda
1780983978.6531856,-0.883,-0.199,0.451,10.16,-1.107,-11.939,-0.709,-0.362,0.528,4.275,1.519,-11.84,-0.335,-0.4,0.845,1.924,3.489,-13.099,-0.352,-0.505,0.835,-0.244,9.634,-8.695,0.226,-0.323,0.795,-9.221,23.13,10.282,izquierda
1780983978.7579193,-0.852,-0.198,0.426,-8.672,2.58,-16.916,-0.677,-0.352,0.5,-19.908,0.397,-18.679,-0.313,-0.403,0.813,-23.58,0.336,-8.71,-0.306,-0.491,0.745,-26.252,8.267,-14.328,0.198,-0.347,0.76,-23.496,23.489,0.565,izquierda
1780983978.8590682,-0.821,-0.253,0.517,7.389,7.145,4.069,-0.708,-0.374,0.528,-7.489,1.198,1.115,-0.302,-0.459,0.856,-3.435,-2.351,0.183,-0.309,-0.551,0.848,5.992,-6.504,1.985,0.15,-0.371,0.791,-12.954,8.244,-7.115,izquierda
1780983981.6414034,-0.865,-0.217,0.463,-0.969,2.298,-0.603,-0.696,-0.388,0.541,-7.198,0.55,-0.16,-0.302,-0.448,0.856,-0.389,0.611,0.802,-0.306,-0.547,0.83,1.664,6.924,0.359,0.191,-0.404,0.778,-0.626,3.221,-0.221,izquierda
1780983981.7435617,-0.86,-0.221,0.464,-0.611,1.656,-1.542,-0.69,-0.385,0.546,-6.802,0.206,-0.504,-0.305,-0.452,0.861,-0.55,0.786,0.489,-0.312,-0.548,0.836,1.374,7.275,-0.481,0.193,-0.411,0.772,-1.008,2.252,0.267,izquierda
1780983981.8580341,-0.86,-0.221,0.459,-0.58,0.855,-1.229,-0.691,-0.385,0.544,-6.519,-0.26,-0.687,-0.298,-0.452,0.863,-0.618,-0.55,-0.237,-0.307,-0.548,0.827,1.756,5.962,-0.74,0.195,-0.411,0.77,-0.443,2.244,-0.557,izquierda
1780983981.9583523,-0.863,-0.217,0.466,-0.641,1.977,0.008,-0.689,-0.384,0.54,-6.939,0.244,0.504,-0.303,-0.451,0.865,-0.305,0.55,0.557,-0.31,-0.547,0.833,1.802,6.679,-0.053,0.187,-0.407,0.77,-0.489,2.588,-0.634,izquierda
1780983982.0522914,-0.864,-0.221,0.46,-0.901,1.099,-1.702,-0.692,-0.389,0.546,-6.893,-0.015,-0.588,-0.299,-0.45,0.862,-0.504,0.229,-0.221,-0.306,-0.545,0.834,1.74,6.939,0.458,0.199,-0.412,0.769,0.115,4.573,-0.191,izquierda
1780983982.1587436,-0.861,-0.219,0.463,-1.16,1.84,-0.87,-0.687,-0.385,0.544,-7.252,0.519,-0.672,-0.3,-0.45,0.864,-0.664,0.0,-0.015,-0.309,-0.547,0.829,1.824,6.931,-0.45,0.195,-0.407,0.78,-0.481,1.702,0.191,izquierda
1780983982.258529,-0.865,-0.218,0.462,-0.557,2.076,-2.069,-0.692,-0.394,0.557,-8.145,2.275,-1.458,-0.313,-0.468,0.856,-0.496,0.443,-1.252,-0.29,-0.57,0.835,7.336,9.641,2.481,0.199,-0.391,0.865,54.733,-65.756,-54.107,izquierda
1780983982.3614285,-0.893,-0.277,0.521,-27.069,5.656,-6.42,-0.691,-0.43,0.606,-41.069,-8.168,4.87,-0.246,-0.5,1.018,3.687,-4.641,8.641,-0.225,-0.572,0.92,-8.015,14.214,2.603,0.355,-0.26,0.745,17.229,-33.42,-39.84,izquierda
1780983982.464137,-0.881,-0.202,0.424,14.305,-9.954,31.282,-0.74,-0.366,0.506,5.939,-13.069,27.725,-0.361,-0.42,0.838,18.794,-23.084,27.527,-0.354,-0.529,0.79,-4.511,-0.603,3.511,0.365,-0.185,0.757,-23.267,-45.13,-35.786,izquierda
1780983982.577078,-0.841,-0.153,0.454,2.237,-0.542,9.206,-0.694,-0.331,0.583,-4.328,-1.756,10.71,-0.274,-0.374,0.888,10.588,-3.656,7.855,-0.335,-0.537,0.814,6.405,3.435,-6.237,0.465,-0.218,0.727,-11.885,-12.008,-14.962,izquierda
1780983982.6824048,-0.838,-0.136,0.465,-0.725,2.786,-2.321,-0.696,-0.314,0.543,-10.16,2.748,-1.244,-0.298,-0.37,0.883,-2.878,2.969,-3.168,-0.341,-0.545,0.801,-3.038,12.557,0.427,0.458,-0.239,0.736,-2.244,4.26,0.962,izquierda
1780983982.7856994,-0.846,-0.145,0.465,-1.908,1.183,-1.214,-0.669,-0.309,0.529,-8.618,-0.489,-2.809,-0.237,-0.352,0.856,-5.13,-1.107,-8.824,-0.295,-0.494,0.785,2.992,3.145,0.71,0.432,-0.196,0.659,-12.115,21.702,9.534,izquierda
1780983982.890527,-0.91,-0.172,0.481,-3.435,11.366,-8.092,-0.774,-0.372,0.553,-10.122,11.794,-3.198,-0.325,-0.439,0.918,-0.458,14.71,-4.511,-0.26,-0.598,0.967,22.534,7.611,-1.099,0.398,-0.22,0.662,-14.733,21.473,34.168,izquierda
1780983982.9902697,-0.827,-0.153,0.46,2.855,8.13,-10.13,-0.696,-0.341,0.534,-6.695,9.076,-9.015,-0.279,-0.402,0.883,-3.847,13.481,-7.969,-0.321,-0.522,0.807,1.947,13.115,-6.855,0.34,-0.281,0.737,6.282,32.664,34.931,izquierda
1780983983.0846858,-0.857,-0.19,0.469,5.443,-0.542,-12.229,-0.703,-0.369,0.553,0.13,2.611,-11.389,-0.284,-0.419,0.89,1.55,7.252,-10.389,-0.3,-0.542,0.843,6.321,10.985,-3.992,0.314,-0.378,0.86,-15.031,29.191,21.939,izquierda
1780983983.1926994,-0.893,-0.186,0.454,5.321,-2.275,-5.13,-0.723,-0.357,0.518,-1.466,-1.229,-2.901,-0.328,-0.399,0.852,5.015,2.405,-2.863,-0.313,-0.499,0.817,13.13,1.107,8.244,0.262,-0.353,0.788,-3.366,13.267,14.817,izquierda
1780983983.2918966,-0.848,-0.192,0.443,-7.168,2.397,-11.305,-0.686,-0.346,0.5,-16.458,0.496,-8.611,-0.302,-0.384,0.831,-9.122,-1.786,0.191,-0.299,-0.499,0.793,-7.847,6.611,5.458,0.244,-0.363,0.777,-4.023,19.374,17.71,izquierda
1780983983.3919222,-0.917,-0.231,0.445,0.16,-6.206,-3.786,-0.692,-0.395,0.571,-1.168,-6.122,-3.939,-0.322,-0.413,0.828,-1.29,-23.779,-0.992,-0.242,-0.562,1.073,15.985,-4.595,0.718,0.254,-0.374,0.769,-21.206,6.863,-4.061,izquierda
1780983983.4954686,-0.862,-0.216,0.47,-3.145,-0.137,-0.13,-0.692,-0.387,0.542,-6.649,0.481,-1.893,-0.302,-0.45,0.855,-1.076,-0.244,-0.344,-0.314,-0.545,0.838,2.435,5.969,-0.931,0.199,-0.388,0.772,0.076,0.092,-0.435,izquierda
1780983986.2758915,-0.863,-0.214,0.459,-0.885,1.534,-1.122,-0.687,-0.388,0.537,-7.458,0.351,-0.496,-0.297,-0.448,0.865,-0.282,0.389,0.053,-0.306,-0.544,0.832,1.344,7.992,-0.893,0.204,-0.426,0.769,-1.084,1.916,0.427,izquierda
1780983986.3912048,-0.863,-0.223,0.464,-1.244,1.656,-1.595,-0.691,-0.392,0.542,-6.802,0.458,-0.702,-0.298,-0.45,0.866,-0.55,-0.198,0.244,-0.313,-0.548,0.841,1.069,6.901,-1.237,0.202,-0.421,0.763,-0.779,1.282,0.16,izquierda
1780983986.4814987,-0.865,-0.22,0.469,-0.802,1.305,0.183,-0.691,-0.389,0.542,-7.053,0.817,0.458,-0.297,-0.449,0.862,-0.038,0.695,0.511,-0.307,-0.545,0.833,2.473,6.542,0.42,0.193,-0.422,0.76,-0.366,3.321,-0.527,izquierda
1780983986.584648,-0.862,-0.222,0.461,-1.168,1.435,-1.076,-0.69,-0.388,0.543,-7.031,0.214,-0.573,-0.297,-0.45,0.862,-0.198,-0.458,-0.084,-0.308,-0.54,0.834,1.878,7.198,-0.725,0.204,-0.419,0.77,-0.672,1.527,0.099,izquierda
1780983986.6873193,-0.86,-0.217,0.471,-1.084,2.328,-0.565,-0.692,-0.386,0.542,-7.45,0.145,-0.191,-0.3,-0.449,0.862,-0.252,-0.206,-0.046,-0.306,-0.543,0.834,1.038,7.405,-0.786,0.202,-0.41,0.768,-0.794,0.992,0.527,izquierda
1780983986.7906325,-0.863,-0.224,0.465,-0.977,2.069,-0.985,-0.696,-0.39,0.551,-7.466,0.992,-0.206,-0.297,-0.451,0.861,-0.763,2.214,0.954,-0.308,-0.543,0.842,0.351,8.893,-0.084,0.207,-0.414,0.76,0.687,2.466,0.87,izquierda
1780983986.8936863,-0.87,-0.215,0.448,-1.076,9.802,1.603,-0.69,-0.402,0.518,-9.527,16.061,1.901,-0.353,-0.53,1.071,32.573,18.489,3.595,-0.333,-0.55,0.885,70.267,17.519,32.389,0.2,-0.406,0.79,10.74,-2.901,7.191,izquierda
1780983986.9968784,-0.925,-0.229,0.412,-4.542,11.214,-7.74,-0.81,-0.397,0.369,-39.733,-4.389,9.374,-0.487,-0.439,0.74,-17.191,-21.542,25.573,-0.324,-0.511,0.824,-75.847,41.481,-1.115,0.292,-0.393,0.788,38.649,-53.649,-37.573,izquierda
1780983987.101303,-0.878,-0.261,0.453,-19.802,-5.198,2.527,-0.725,-0.421,0.566,-23.908,-6.206,5.336,-0.318,-0.487,1.109,-14.183,-2.985,28.099,-0.291,-0.551,0.807,-25.885,36.969,1.275,0.075,-0.253,0.75,-5.046,-48.427,-43.939,izquierda
1780983987.2022514,-0.794,-0.211,0.433,5.435,-7.489,5.351,-0.642,-0.369,0.56,-4.954,0.115,6.962,-0.198,-0.409,0.891,6.802,-2.565,4.863,-0.323,-0.549,0.808,0.756,13.672,-1.962,0.398,-0.319,0.729,4.939,-16.748,-6.664,izquierda
1780983987.3077126,-0.896,-0.229,0.449,3.366,-0.679,3.13,-0.696,-0.383,0.515,-5.321,1.626,5.916,-0.32,-0.412,0.858,5.427,-1.092,0.687,-0.357,-0.567,0.797,4.176,6.351,2.595,0.426,-0.317,0.727,-2.809,-13.13,-7.298,izquierda
1780983987.4082224,-0.825,-0.226,0.451,-4.725,-1.183,-0.511,-0.663,-0.375,0.52,-8.099,3.519,-1.649,-0.307,-0.409,0.851,-1.794,4.718,-0.344,-0.374,-0.565,0.77,-2.809,13.115,0.916,0.433,-0.304,0.715,-0.794,0.885,0.641,izquierda
1780983987.5246062,-0.858,-0.219,0.457,-6.985,0.458,-5.031,-0.667,-0.387,0.55,-8.962,0.771,-6.107,-0.256,-0.405,0.864,-5.313,2.206,-10.756,-0.348,-0.546,0.764,1.603,12.924,-2.168,0.369,-0.309,0.666,-3.145,32.26,13.725,izquierda
1780983987.6147554,-0.873,-0.225,0.445,-1.145,8.656,-12.389,-0.712,-0.416,0.543,-6.824,12.374,-9.847,-0.319,-0.476,0.923,-3.901,14.489,-11.924,-0.293,-0.645,0.846,32.023,14.13,-9.763,0.268,-0.308,0.78,10.099,38.603,36.901,izquierda
1780983987.7173276,-0.861,-0.223,0.404,5.183,6.206,-18.565,-0.687,-0.396,0.487,-5.771,9.84,-17.771,-0.325,-0.455,0.835,-6.908,14.13,-12.893,-0.347,-0.567,0.759,1.573,9.382,-10.542,0.27,-0.352,0.793,-5.725,36.412,25.71,izquierda
1780983987.8207483,-0.875,-0.232,0.412,5.046,2.023,-0.427,-0.693,-0.407,0.511,-2.588,-5.977,0.824,-0.299,-0.448,0.852,-0.214,0.565,-6.58,-0.33,-0.558,0.8,3.84,3.947,-5.45,0.236,-0.387,0.796,-15.046,15.779,8.084,izquierda
1780983987.9234717,-0.871,-0.239,0.431,1.534,-3.176,-1.191,-0.687,-0.389,0.54,-4.214,-1.313,-0.794,-0.302,-0.473,0.905,-4.702,-0.115,0.618,-0.31,-0.571,0.844,4.802,0.275,0.13,0.219,-0.389,0.765,-13.618,7.473,-5.664,izquierda
1780983988.027954,-0.869,-0.24,0.445,2.023,-1.931,-0.015,-0.692,-0.397,0.524,-5.733,-1.183,-0.74,-0.293,-0.461,0.856,0.084,-2.817,-0.824,-0.308,-0.557,0.834,1.992,5.069,-1.099,0.218,-0.411,0.78,-6.534,3.237,-3.489,izquierda
1780983988.1328115,-0.869,-0.24,0.441,-0.649,1.183,-0.573,-0.689,-0.398,0.525,-6.802,0.137,-0.924,-0.296,-0.463,0.854,-0.679,0.084,-0.756,-0.311,-0.559,0.833,1.466,6.244,-1.176,0.216,-0.405,0.765,-2.45,2.473,1.176,izquierda
1780983990.8274953,-0.868,-0.229,0.453,-1.29,1.985,-0.366,-0.696,-0.396,0.533,-7.359,0.267,-0.16,-0.297,-0.458,0.857,-0.435,0.466,0.534,-0.304,-0.558,0.837,1.351,7.42,0.053,0.214,-0.422,0.765,-0.695,2.534,-0.084,izquierda
1780983990.9241788,-0.869,-0.232,0.449,-0.71,1.481,-0.931,-0.694,-0.399,0.531,-7.115,0.603,-0.176,-0.294,-0.462,0.849,-0.534,0.122,1.015,-0.306,-0.557,0.828,1.519,7.878,-0.015,0.211,-0.426,0.763,-0.366,3.672,0.42,izquierda
1780983991.019494,-0.865,-0.235,0.453,-0.389,0.84,-0.695,-0.696,-0.401,0.526,-6.252,0.076,-0.359,-0.294,-0.463,0.859,-0.313,0.061,0.038,-0.3,-0.556,0.828,2.344,5.687,-0.458,0.216,-0.428,0.763,0.053,3.992,-0.84,izquierda
1780983991.1228552,-0.867,-0.23,0.45,-1.389,1.481,-0.58,-0.695,-0.4,0.528,-7.099,0.13,-0.313,-0.299,-0.465,0.854,-0.275,-0.008,0.496,-0.302,-0.559,0.83,2.466,6.687,0.168,0.214,-0.424,0.769,-0.344,3.466,-0.214,izquierda
1780983991.219915,-0.872,-0.232,0.459,-0.763,1.008,-0.26,-0.693,-0.397,0.527,-6.87,0.13,-0.298,-0.294,-0.459,0.859,0.198,-0.344,0.046,-0.302,-0.557,0.832,1.198,6.908,-0.595,0.201,-0.427,0.764,-0.305,2.305,0.145,izquierda
1780983991.3229327,-0.867,-0.231,0.455,-1.168,1.672,-0.924,-0.693,-0.393,0.533,-7.076,0.29,-1.122,-0.294,-0.462,0.86,-0.794,0.336,-0.626,-0.3,-0.554,0.83,1.061,7.603,-0.45,0.208,-0.421,0.76,-0.229,1.29,0.534,izquierda
1780983991.428006,-0.87,-0.229,0.445,-1.008,3.588,-0.45,-0.696,-0.403,0.53,-7.702,1.641,-0.389,-0.301,-0.458,0.863,-1.015,2.626,1.107,-0.3,-0.562,0.835,-1.389,9.664,-0.153,0.211,-0.432,0.765,1.366,2.382,0.351,izquierda
1780983991.5291631,-0.878,-0.229,0.445,2.061,1.511,2.74,-0.682,-0.428,0.483,-6.0,8.481,0.969,-0.29,-0.547,1.112,43.053,12.275,13.534,-0.332,-0.535,0.918,81.298,6.603,40.908,0.206,-0.425,0.775,14.26,-1.931,17.023,izquierda
1780983991.6404717,-0.891,-0.211,0.402,-12.298,19.611,1.275,-0.749,-0.375,0.466,11.893,9.176,17.618,-0.355,-0.348,0.767,40.649,10.023,9.214,-0.396,-0.33,0.695,56.656,13.435,25.656,0.262,-0.401,0.775,16.962,-1.504,14.305,izquierda
1780983991.741204,-0.89,-0.216,0.438,-8.45,-9.053,16.084,-0.744,-0.348,0.518,-15.611,-14.84,10.748,-0.325,-0.35,0.847,-17.122,-26.206,23.031,-0.279,-0.42,0.872,-88.053,-6.885,-33.26,0.281,-0.361,0.739,27.351,-56.122,-47.237,izquierda
1780983991.840753,-0.841,-0.195,0.462,-0.267,-9.427,3.206,-0.662,-0.351,0.579,-7.489,-3.397,0.618,-0.32,-0.373,0.896,-11.794,-10.084,4.702,-0.363,-0.548,0.927,-32.649,20.359,-6.763,0.236,-0.197,0.728,12.214,-14.313,-16.656,izquierda
1780983991.9405732,-0.876,-0.187,0.452,-1.137,-2.084,1.908,-0.744,-0.382,0.596,-8.206,4.076,4.412,-0.247,-0.389,0.909,2.603,-4.756,3.221,-0.345,-0.546,0.818,-10.061,7.435,-1.962,0.38,-0.237,0.772,-8.145,-17.626,-9.527,izquierda
1780983992.04456,-0.84,-0.173,0.461,-4.015,1.458,-1.0,-0.686,-0.337,0.557,-10.015,1.084,-0.374,-0.278,-0.388,0.904,-3.397,4.038,2.473,-0.325,-0.547,0.819,-4.229,8.611,1.84,0.408,-0.253,0.736,-1.901,1.908,-3.588,izquierda
1780983992.1500487,-0.857,-0.186,0.465,-4.092,3.099,-3.702,-0.697,-0.352,0.571,-9.748,1.962,-4.443,-0.275,-0.391,0.917,-3.863,2.901,-5.756,-0.382,-0.565,0.79,0.076,11.16,-0.183,0.399,-0.256,0.755,3.992,6.29,3.519,izquierda
1780983992.249703,-0.818,-0.196,0.477,-1.756,11.267,-10.947,-0.66,-0.341,0.551,-6.756,14.366,-12.855,-0.285,-0.385,0.893,-6.282,13.916,-17.641,-0.377,-0.551,0.815,23.748,0.824,-13.153,0.32,-0.268,0.726,-23.206,49.534,30.336,izquierda
1780983992.355649,-0.898,-0.23,0.44,7.931,5.656,-10.603,-0.734,-0.394,0.535,-0.443,11.557,-10.16,-0.332,-0.431,0.877,1.84,13.885,-10.908,-0.38,-0.571,0.777,22.191,9.031,-14.069,0.277,-0.316,0.784,-11.618,30.679,19.794,izquierda
1780983992.4559007,-0.891,-0.232,0.444,4.786,-1.58,-1.786,-0.72,-0.385,0.53,-0.214,-0.626,-2.137,-0.316,-0.423,0.886,4.519,2.069,-3.985,-0.341,-0.535,0.824,18.71,0.687,1.008,0.26,-0.357,0.787,-4.947,12.061,9.023,izquierda
1780983992.5591674,-0.857,-0.22,0.429,-0.313,2.206,-5.122,-0.703,-0.381,0.533,-7.718,2.229,-4.809,-0.299,-0.41,0.881,-2.16,1.863,-2.847,-0.31,-0.508,0.836,-0.489,9.298,-1.328,0.222,-0.346,0.772,-2.565,8.443,5.053,izquierda
1780983992.6651077,-0.831,-0.233,0.441,-10.206,4.008,-15.481,-0.66,-0.383,0.514,-17.603,2.542,-16.725,-0.288,-0.456,0.846,-19.931,4.221,-7.153,-0.332,-0.581,0.782,-19.672,3.733,-15.519,0.173,-0.384,0.813,-21.931,7.55,-1.695,izquierda
1780983992.7647676,-0.87,-0.243,0.445,0.206,1.771,0.977,-0.693,-0.4,0.531,-5.565,-1.908,-0.595,-0.327,-0.454,0.863,-12.145,-1.267,0.405,-0.308,-0.549,0.834,1.863,6.176,-2.977,0.212,-0.399,0.786,-6.626,2.847,0.481,izquierda
1780983995.443927,-0.87,-0.222,0.454,-0.977,2.366,-1.573,-0.697,-0.396,0.538,-7.397,0.443,-0.573,-0.298,-0.455,0.862,-0.748,0.122,-0.092,-0.311,-0.542,0.833,1.191,7.305,-1.588,0.198,-0.416,0.768,-1.221,1.023,0.244,izquierda
1780983995.5461974,-0.87,-0.225,0.455,-0.786,2.351,-0.511,-0.698,-0.394,0.533,-7.534,0.733,0.267,-0.301,-0.456,0.863,-0.435,0.847,0.847,-0.31,-0.546,0.831,1.366,7.534,-0.237,0.202,-0.423,0.767,-0.947,1.679,-0.092,izquierda
1780983995.6490886,-0.872,-0.23,0.453,-0.893,0.397,-1.26,-0.688,-0.395,0.544,-6.55,0.084,-0.076,-0.296,-0.457,0.867,0.053,0.015,0.137,-0.312,-0.546,0.834,2.206,6.122,-0.313,0.196,-0.417,0.759,-0.084,2.74,-0.641,izquierda
1780983995.7520072,-0.865,-0.223,0.46,-1.298,2.107,-0.756,-0.689,-0.391,0.536,-7.435,0.672,0.206,-0.295,-0.46,0.86,0.351,0.145,0.885,-0.311,-0.542,0.829,2.206,6.656,0.008,0.189,-0.423,0.782,-2.038,2.092,-0.695,izquierda
1780983995.8564677,-0.865,-0.224,0.454,-0.924,1.458,-0.74,-0.689,-0.395,0.539,-7.328,0.42,-0.145,-0.294,-0.451,0.86,-0.565,0.779,-0.008,-0.31,-0.548,0.841,1.458,7.046,-0.603,0.195,-0.417,0.763,-0.527,2.244,0.153,izquierda
1780983995.9580626,-0.873,-0.227,0.454,-1.58,3.008,-1.313,-0.692,-0.392,0.538,-7.908,1.817,-0.496,-0.293,-0.458,0.865,-1.74,3.313,0.985,-0.307,-0.562,0.87,-3.618,11.198,1.046,0.17,-0.428,0.81,6.641,3.855,5.305,izquierda
1780983996.0739937,-0.877,-0.221,0.444,-2.344,8.763,1.344,-0.703,-0.389,0.521,-11.458,12.458,1.565,-0.336,-0.458,0.901,25.351,13.313,5.374,-0.368,-0.488,0.857,55.878,16.221,23.45,0.198,-0.38,0.81,52.321,-10.328,39.359,izquierda
1780983996.1639688,-1.032,-0.24,0.432,-9.702,15.366,11.985,-0.795,-0.402,0.444,-12.374,-4.221,19.198,-0.441,-0.397,0.73,3.58,-21.504,16.916,-0.273,-0.425,0.749,-60.626,25.252,20.817,0.072,-0.197,0.729,31.649,-34.954,-46.42,izquierda
1780983996.2670481,-0.835,-0.217,0.446,-4.87,-4.046,16.511,-0.682,-0.33,0.494,-13.55,-11.45,10.298,-0.305,-0.384,0.866,-7.672,-16.359,19.557,-0.448,-0.578,1.137,-42.603,10.611,-6.939,0.16,-0.117,0.853,-9.649,-56.244,-48.809,izquierda
1780983996.3700218,-0.828,-0.186,0.434,2.366,0.305,-1.015,-0.664,-0.326,0.512,-8.733,1.992,-0.16,-0.27,-0.365,0.848,-2.321,3.748,2.481,-0.348,-0.475,0.735,-12.832,13.641,-5.397,0.39,-0.19,0.712,-14.634,-4.107,-8.282,izquierda
1780983996.473128,-0.884,-0.2,0.433,-3.244,4.344,-6.641,-0.729,-0.383,0.518,-10.038,2.962,-4.473,-0.322,-0.423,0.894,-4.588,1.076,-4.87,-0.393,-0.547,0.786,-3.275,9.87,-1.802,0.401,-0.221,0.765,0.641,1.779,3.748,izquierda
1780983996.576247,-0.864,-0.209,0.444,-6.038,2.427,-4.084,-0.688,-0.372,0.536,-8.985,1.519,-5.695,-0.257,-0.394,0.865,-4.55,-1.115,-17.756,-0.368,-0.536,0.828,11.863,2.053,-12.969,0.352,-0.213,0.729,-1.244,35.672,24.29,izquierda
1780983996.680182,-0.991,-0.257,0.463,-6.183,10.924,1.824,-0.744,-0.426,0.573,-5.206,6.305,7.031,-0.316,-0.433,0.922,11.504,3.832,0.489,-0.346,-0.526,0.835,30.885,-9.74,-9.061,0.373,-0.24,0.756,6.328,15.687,30.176,izquierda
1780983996.7820961,-0.907,-0.22,0.42,5.489,5.473,-6.412,-0.746,-0.387,0.521,2.008,5.87,-4.275,-0.343,-0.41,0.886,8.031,5.626,-7.069,-0.375,-0.513,0.803,12.878,5.908,-7.466,0.276,-0.256,0.788,-10.794,25.985,23.198,izquierda
1780983996.8913612,-0.822,-0.194,0.403,6.939,-2.107,-11.626,-0.65,-0.335,0.473,-2.229,-0.489,-14.55,-0.29,-0.363,0.783,-5.282,3.16,-12.359,-0.327,-0.457,0.768,-5.786,11.107,-7.947,0.255,-0.309,0.788,-27.145,34.992,14.756,izquierda
1780983996.9876602,-0.814,-0.286,0.475,17.649,-14.397,5.351,-0.783,-0.407,0.446,9.191,-55.74,-6.519,-1.149,-1.159,2.0,-46.672,-146.794,-21.84,-0.072,-0.441,0.741,10.962,-16.58,-11.084,0.341,-0.502,0.991,-22.16,-1.733,-4.748,izquierda
1780983997.0906806,-0.852,-0.235,0.461,-0.153,-3.618,-2.802,-0.685,-0.39,0.554,-7.0,-0.557,-0.519,-0.296,-0.459,0.86,0.626,0.252,0.634,-0.313,-0.553,0.824,2.145,7.878,1.031,0.178,-0.384,0.774,-10.504,9.679,-6.954,izquierda
1780983997.1978228,-0.871,-0.223,0.457,-0.473,0.0,-0.992,-0.688,-0.392,0.548,-6.534,0.122,-0.282,-0.298,-0.456,0.861,0.031,-0.122,-0.076,-0.311,-0.544,0.838,1.458,6.832,0.015,0.2,-0.394,0.788,-2.168,3.305,-1.29,izquierda
1780983997.30214,-0.866,-0.228,0.456,-0.611,1.504,-1.351,-0.692,-0.389,0.536,-6.939,-0.061,-0.672,-0.297,-0.449,0.863,-0.458,-0.466,-0.87,-0.312,-0.545,0.837,1.298,6.565,-1.053,0.202,-0.392,0.77,-2.015,2.191,0.252,izquierda
1780983997.40212,-0.869,-0.226,0.453,-0.763,1.473,-0.985,-0.691,-0.393,0.536,-7.107,0.137,-0.58,-0.299,-0.455,0.853,-0.221,0.069,0.16,-0.31,-0.547,0.833,1.672,6.359,-0.725,0.199,-0.399,0.776,-1.412,2.069,-0.824,izquierda
1780984000.0890799,-0.87,-0.219,0.455,-0.748,1.374,-0.802,-0.694,-0.391,0.533,-7.061,0.481,-0.618,-0.305,-0.458,0.856,-0.939,0.595,0.153,-0.308,-0.547,0.835,1.107,7.58,-1.16,0.199,-0.423,0.767,-1.374,1.046,0.13,izquierda
1780984000.1922944,-0.872,-0.222,0.452,-1.42,1.847,-1.496,-0.692,-0.39,0.538,-6.924,0.427,-1.099,-0.304,-0.458,0.856,-0.924,0.626,-0.397,-0.312,-0.551,0.834,0.634,7.954,-1.969,0.203,-0.43,0.766,-1.779,0.55,-0.153,izquierda
1780984000.2900586,-0.866,-0.227,0.451,-0.71,0.504,-0.099,-0.688,-0.397,0.54,-6.802,0.366,-0.031,-0.303,-0.457,0.857,0.29,0.023,0.344,-0.311,-0.547,0.831,2.443,6.321,0.313,0.199,-0.424,0.751,0.229,3.542,-0.656,izquierda
1780984000.3875027,-0.867,-0.222,0.454,-0.817,1.817,0.107,-0.694,-0.394,0.54,-6.786,0.351,-0.214,-0.303,-0.457,0.857,-0.656,0.863,0.031,-0.315,-0.549,0.835,1.87,7.863,-0.229,0.204,-0.422,0.758,-0.847,2.191,-0.13,izquierda
1780984000.4902935,-0.871,-0.221,0.453,-1.702,1.832,-0.595,-0.694,-0.393,0.534,-7.389,1.0,-0.29,-0.299,-0.456,0.86,0.061,-0.153,0.359,-0.308,-0.549,0.835,1.397,8.924,-0.176,0.206,-0.426,0.756,0.206,1.359,0.313,izquierda
1780984000.6021519,-0.855,-0.214,0.469,-2.84,11.16,1.122,-0.652,-0.414,0.518,-10.916,6.008,-0.16,-0.338,-0.555,1.131,27.244,40.504,-1.443,-0.29,-0.607,0.94,103.977,13.687,33.466,0.232,-0.44,0.782,44.878,-1.183,44.496,izquierda
1780984000.7065635,-0.883,-0.218,0.43,-0.947,0.481,-1.198,-0.705,-0.406,0.528,-7.267,-1.519,-0.939,-0.396,-0.437,0.821,3.221,-1.962,1.962,-0.461,-0.394,0.637,8.664,15.985,26.969,0.388,-0.489,0.913,71.786,-30.557,8.229,izquierda
1780984000.7991042,-0.863,-0.241,0.45,-37.084,1.145,-6.511,-0.68,-0.422,0.541,-14.779,-10.359,3.16,-0.373,-0.444,0.901,-9.458,-18.45,8.542,-0.249,-0.535,0.898,-73.519,-7.427,-14.389,0.238,-0.263,0.807,22.489,-33.221,-59.878,izquierda
1780984000.915762,-0.867,-0.232,0.437,6.191,-13.26,19.947,-0.638,-0.353,0.492,0.504,-15.511,18.221,-0.286,-0.395,0.866,13.282,-14.076,16.412,-0.301,-0.509,0.874,-17.855,2.473,1.427,0.318,-0.203,0.727,0.908,-40.0,-28.802,izquierda
1780984001.0078974,-0.854,-0.187,0.432,3.0,3.298,-5.13,-0.668,-0.345,0.524,-8.962,5.519,-2.107,-0.316,-0.39,0.838,-1.58,4.099,0.0,-0.39,-0.557,0.786,-7.176,12.962,-1.229,0.407,-0.205,0.749,-4.26,-0.45,-2.649,izquierda
1780984001.1184871,-0.876,-0.207,0.437,-2.282,3.809,-3.29,-0.709,-0.381,0.513,-8.26,0.45,-3.557,-0.309,-0.405,0.866,-2.267,-0.611,-7.58,-0.388,-0.554,0.797,2.366,10.153,-0.267,0.39,-0.23,0.738,5.435,10.893,6.679,izquierda
1780984001.216576,-0.839,-0.208,0.438,3.733,5.618,-9.794,-0.715,-0.369,0.504,-4.809,9.687,-12.55,-0.372,-0.437,0.914,-5.191,11.771,-15.863,-0.442,-0.645,0.888,13.664,4.183,-5.397,0.196,-0.304,0.99,26.389,44.061,61.267,izquierda
1780984001.3158455,-0.855,-0.207,0.404,9.672,0.687,-4.183,-0.684,-0.366,0.475,1.718,7.695,-4.267,-0.336,-0.423,0.809,5.687,9.672,-8.023,-0.364,-0.521,0.782,15.137,4.763,-8.779,0.278,-0.249,0.754,-17.145,41.916,39.069,izquierda
1780984001.4170308,-0.88,-0.219,0.418,1.466,0.794,-5.29,-0.719,-0.386,0.491,-6.29,1.221,-4.74,-0.338,-0.422,0.848,-2.229,1.031,-2.115,-0.321,-0.51,0.815,1.695,8.107,-0.603,0.245,-0.294,0.786,-11.137,16.695,11.557,izquierda
1780984001.5251663,-0.867,-0.244,0.426,2.084,-1.878,1.221,-0.717,-0.407,0.502,-1.649,-17.672,-1.779,-0.348,-0.423,0.782,-12.344,-8.16,-0.878,-0.31,-0.525,0.797,-19.565,1.427,-10.58,0.229,-0.333,0.784,-35.496,10.084,-24.26,izquierda
1780984001.6230295,-0.88,-0.238,0.441,0.221,-1.336,-0.649,-0.693,-0.403,0.526,-6.374,-3.374,-1.206,-0.296,-0.466,0.856,-1.634,-3.656,-0.595,-0.307,-0.565,0.823,1.611,8.198,-0.244,0.201,-0.379,0.788,-7.496,4.656,-2.779,izquierda
1780984001.7412782,-0.866,-0.236,0.452,-0.809,1.756,0.656,-0.692,-0.395,0.532,-6.595,0.267,0.718,-0.298,-0.455,0.863,-0.336,-0.344,0.733,-0.306,-0.555,0.829,3.015,4.817,1.16,0.204,-0.388,0.774,-22.229,8.069,-17.84,izquierda
1780984001.8411698,-0.867,-0.222,0.448,-0.756,0.473,0.557,-0.694,-0.394,0.529,-6.779,0.252,0.198,-0.301,-0.454,0.858,-0.275,-0.412,0.534,-0.311,-0.551,0.831,2.275,5.672,0.328,0.198,-0.394,0.769,-3.092,4.473,-3.084,izquierda
1780984001.941889,-0.866,-0.229,0.453,-0.824,1.55,-1.435,-0.695,-0.394,0.525,-6.817,0.198,-1.969,-0.3,-0.455,0.854,-1.038,0.107,-0.511,-0.311,-0.553,0.821,0.58,7.366,-1.672,0.198,-0.404,0.779,-3.053,2.359,-0.206,izquierda
1780984002.0353537,-0.867,-0.228,0.455,-1.099,1.267,-1.168,-0.691,-0.395,0.532,-6.573,0.115,-1.122,-0.301,-0.453,0.864,-0.084,0.069,-0.229,-0.31,-0.554,0.829,1.939,6.718,-1.0,0.19,-0.408,0.777,-1.435,1.702,-0.84,izquierda
1780984004.7211723,-0.868,-0.229,0.453,-1.366,2.0,-1.191,-0.691,-0.396,0.531,-7.214,0.366,-0.511,-0.302,-0.454,0.862,-0.565,0.626,0.252,-0.307,-0.555,0.827,1.595,7.145,-0.763,0.204,-0.425,0.769,-0.794,2.176,0.336,izquierda
1780984004.824961,-0.867,-0.225,0.454,-0.42,0.863,-0.58,-0.696,-0.398,0.539,-6.565,0.328,-0.496,-0.302,-0.459,0.858,0.336,-0.481,0.053,-0.304,-0.557,0.828,1.969,6.298,-0.206,0.202,-0.421,0.764,0.084,3.626,-0.634,izquierda
1780984004.9195216,-0.872,-0.229,0.45,-0.443,0.473,-0.916,-0.694,-0.393,0.532,-6.557,0.229,-0.557,-0.301,-0.458,0.859,0.008,-0.672,-0.74,-0.308,-0.552,0.826,3.008,5.756,-0.168,0.204,-0.423,0.762,0.687,2.481,-0.656,izquierda
1780984005.023804,-0.865,-0.225,0.461,-0.779,2.916,0.137,-0.695,-0.391,0.532,-7.511,2.191,0.153,-0.297,-0.457,0.859,-1.366,3.885,1.832,-0.31,-0.561,0.852,-0.557,11.076,0.053,0.202,-0.423,0.769,1.252,2.809,0.954,izquierda
1780984005.128475,-0.875,-0.225,0.428,-0.221,16.573,-0.305,-0.99,-0.463,0.604,-4.076,10.786,20.611,-0.431,-0.408,0.62,32.389,-2.87,4.802,-0.481,-0.395,0.322,39.412,24.153,51.702,0.414,-0.588,0.991,59.992,-26.756,21.87,izquierda
1780984005.230549,-0.823,-0.253,0.449,-24.015,-0.779,30.198,-0.745,-0.408,0.486,-42.389,-29.344,27.947,-0.226,-0.388,0.882,-35.718,-50.313,53.244,-0.626,-0.785,1.542,-61.489,-6.847,3.053,0.079,-0.283,0.781,-6.916,-97.26,-44.069,izquierda
1780984005.3308904,-0.76,-0.159,0.404,5.626,2.672,-3.16,-0.642,-0.306,0.445,-8.511,4.389,-5.183,-0.308,-0.352,0.815,-9.779,5.557,3.885,-0.401,-0.556,0.74,-14.458,16.45,-1.786,0.403,-0.268,0.731,-10.053,-3.183,-4.702,izquierda
1780984005.4345355,-0.854,-0.2,0.448,-0.603,2.053,-2.069,-0.677,-0.364,0.528,-6.519,1.58,-2.733,-0.294,-0.383,0.861,-4.519,2.282,-11.397,-0.379,-0.564,0.767,-0.588,9.366,-3.985,0.415,-0.302,0.738,-1.206,6.305,0.42,izquierda
1780984005.5376644,-0.849,-0.208,0.448,-2.176,7.687,-7.954,-0.666,-0.365,0.537,-7.389,5.656,-10.015,-0.252,-0.385,0.858,-5.496,6.168,-26.008,-0.328,-0.548,0.862,12.527,1.656,-14.634,0.321,-0.277,0.678,-12.931,53.427,20.229,izquierda
1780984005.6600668,-0.948,-0.281,0.496,23.229,15.565,-9.374,-0.76,-0.445,0.586,18.45,13.718,-7.122,-0.335,-0.45,0.881,21.214,17.237,-23.748,-0.395,-0.604,0.789,35.695,1.947,-24.389,0.291,-0.352,0.766,0.641,36.191,43.038,izquierda
1780984005.7561088,-0.846,-0.169,0.39,15.519,-9.008,-1.618,-0.695,-0.337,0.458,4.008,-5.733,-3.0,-0.325,-0.388,0.831,6.855,0.382,-6.473,-0.333,-0.5,0.78,13.588,0.588,-1.16,0.297,-0.368,0.804,-4.954,24.565,21.557,izquierda
1780984005.8594515,-0.872,-0.212,0.456,-1.595,0.412,-12.237,-0.699,-0.373,0.526,-11.977,1.977,-10.786,-0.326,-0.418,0.857,-11.466,3.252,-5.702,-0.325,-0.523,0.811,-9.885,10.786,-8.275,0.203,-0.378,0.793,-10.084,15.924,5.618,izquierda
1780984005.958025,-0.874,-0.229,0.464,2.13,-1.13,-1.611,-0.688,-0.388,0.524,-2.168,-0.489,-1.328,-0.243,-0.422,0.938,-4.183,4.008,4.725,-0.259,-0.531,0.874,1.092,2.908,-2.244,0.189,-0.359,0.75,-7.527,7.023,0.756,izquierda
1780984006.0526214,-0.862,-0.235,0.46,-0.336,2.145,1.092,-0.692,-0.39,0.543,-7.305,0.351,0.237,-0.311,-0.456,0.863,-1.55,-0.534,0.053,-0.317,-0.557,0.827,1.237,4.656,-0.046,0.177,-0.374,0.775,-3.863,3.847,-1.969,izquierda
1780984006.155333,-0.862,-0.226,0.461,-0.13,-0.603,-0.603,-0.698,-0.394,0.522,-6.305,0.427,-0.374,-0.311,-0.457,0.857,-0.015,-0.641,-0.198,-0.313,-0.556,0.823,2.771,6.076,0.046,0.185,-0.387,0.781,-2.672,3.26,-3.099,izquierda
1780984006.2592528,-0.862,-0.223,0.455,-2.626,1.664,0.115,-0.692,-0.385,0.536,-7.397,0.473,-0.122,-0.314,-0.457,0.862,-0.954,0.42,0.656,-0.319,-0.557,0.83,2.076,6.802,-0.061,0.177,-0.377,0.777,-2.702,2.237,-2.13,izquierda
1780984006.370613,-0.867,-0.225,0.459,-0.947,1.412,-0.954,-0.692,-0.387,0.534,-7.298,0.924,-0.191,-0.301,-0.448,0.855,-0.626,0.115,0.748,-0.311,-0.556,0.825,1.771,6.695,-0.489,0.189,-0.386,0.781,-2.504,2.695,-2.168,izquierda
1780984006.4698792,-0.867,-0.221,0.454,-1.084,1.504,-1.351,-0.695,-0.392,0.539,-6.817,0.053,-1.275,-0.308,-0.456,0.85,-1.0,0.015,0.229,-0.316,-0.557,0.826,0.55,7.053,-0.397,0.184,-0.398,0.775,-1.931,3.45,-0.931,izquierda
1780984006.5810082,-0.868,-0.224,0.456,-1.29,0.771,-1.511,-0.697,-0.392,0.534,-6.618,-0.053,-0.603,-0.308,-0.456,0.857,-0.534,0.45,-0.504,-0.318,-0.561,0.823,1.634,7.008,-0.87,0.189,-0.4,0.781,-0.725,1.802,-1.015,izquierda
1780984006.6722407,-0.863,-0.22,0.469,-1.366,1.206,-0.641,-0.694,-0.389,0.541,-6.702,0.267,0.046,-0.305,-0.453,0.857,0.099,-0.397,0.382,-0.315,-0.555,0.828,2.038,6.656,-0.237,0.185,-0.386,0.768,-2.122,3.519,-1.962,izquierda
1780984009.3488007,-0.867,-0.219,0.459,-0.305,0.695,-0.344,-0.693,-0.389,0.539,-6.595,0.076,0.153,-0.308,-0.459,0.859,0.153,-0.229,0.275,-0.313,-0.557,0.821,2.313,5.817,-0.29,0.187,-0.406,0.772,-0.42,2.878,-0.847,izquierda
1780984009.4522414,-0.864,-0.221,0.465,-1.122,2.618,-0.153,-0.696,-0.389,0.537,-7.557,0.489,0.038,-0.306,-0.457,0.86,-0.382,0.321,0.427,-0.309,-0.561,0.822,1.71,6.557,0.344,0.19,-0.41,0.767,-1.298,2.611,-0.679,izquierda
1780984009.5547507,-0.868,-0.218,0.464,-1.42,1.863,-1.237,-0.696,-0.395,0.536,-7.13,0.405,-0.42,-0.306,-0.457,0.855,-0.702,-0.137,0.58,-0.312,-0.558,0.82,1.42,7.214,-0.466,0.186,-0.413,0.763,-0.489,2.305,-0.084,izquierda
1780984009.6721797,-0.869,-0.225,0.455,-1.29,1.718,-1.45,-0.69,-0.388,0.536,-6.969,0.397,-0.794,-0.306,-0.453,0.858,-0.962,0.611,0.443,-0.311,-0.558,0.822,1.145,7.679,-0.771,0.186,-0.417,0.77,-0.695,2.771,0.435,izquierda
1780984009.7607787,-0.868,-0.222,0.456,-0.206,1.298,-1.084,-0.696,-0.39,0.537,-6.58,-0.069,-0.977,-0.307,-0.456,0.856,-0.29,-0.489,-0.557,-0.314,-0.562,0.813,1.45,5.87,-0.885,0.188,-0.41,0.774,-0.443,1.832,-0.557,izquierda
1780984009.863824,-0.87,-0.219,0.462,-0.969,1.145,-1.107,-0.695,-0.389,0.532,-7.046,0.176,-0.13,-0.307,-0.453,0.864,0.053,-0.298,-0.153,-0.307,-0.56,0.832,1.779,6.366,-0.366,0.197,-0.412,0.772,-0.137,3.275,-0.321,izquierda
1780984009.966783,-0.868,-0.219,0.462,-1.366,1.557,-0.962,-0.695,-0.39,0.54,-7.237,0.885,-0.168,-0.302,-0.452,0.857,-0.954,1.519,0.397,-0.315,-0.562,0.818,0.641,9.008,-0.237,0.187,-0.407,0.776,-0.115,2.023,-0.168,izquierda
1780984010.0778036,-0.871,-0.219,0.452,-1.061,2.718,-0.382,-0.695,-0.395,0.542,-7.802,1.466,-0.489,-0.32,-0.463,0.844,0.603,-0.557,0.71,-0.327,-0.573,0.822,3.389,8.427,-0.137,-0.333,-0.343,1.205,30.832,10.168,32.573,izquierda
1780984010.1736763,-0.878,-0.235,0.418,-34.275,10.053,-2.313,-0.778,-0.42,0.467,-41.374,-1.099,7.198,-0.377,-0.482,0.822,-11.969,-3.733,27.0,-0.335,-0.607,0.824,-15.992,16.29,28.252,0.086,-0.26,0.719,50.298,-44.389,-55.053,izquierda
1780984010.2879508,-0.807,-0.206,0.434,3.58,-7.756,26.267,-0.636,-0.349,0.503,-4.344,-8.107,24.046,-0.272,-0.383,0.835,12.756,-9.229,19.939,-0.271,-0.493,0.84,-6.023,5.267,12.511,0.396,-0.174,0.695,7.573,-46.023,-26.359,izquierda
1780984010.3880508,-0.873,-0.196,0.448,-1.244,4.863,-1.679,-0.708,-0.367,0.539,-9.336,2.519,-1.183,-0.323,-0.42,0.89,-1.809,2.992,3.366,-0.379,-0.541,0.801,-4.985,13.008,0.649,0.419,-0.181,0.749,-3.924,-8.374,-7.397,izquierda
1780984010.494359,-0.868,-0.19,0.439,-0.992,2.244,-1.344,-0.714,-0.36,0.52,-8.084,1.702,-0.069,-0.314,-0.404,0.87,-0.084,1.282,0.183,-0.378,-0.503,0.786,-8.817,6.198,-0.443,0.437,-0.222,0.734,-2.817,2.252,-1.008,izquierda
1780984010.5850716,-0.875,-0.201,0.437,-3.305,4.42,-5.939,-0.713,-0.373,0.518,-10.122,3.214,-4.496,-0.311,-0.422,0.88,-4.168,3.718,-2.214,-0.372,-0.555,0.776,-3.969,12.985,-0.405,0.427,-0.213,0.75,1.397,7.0,2.473,izquierda
1780984010.6877613,-0.885,-0.206,0.438,-3.298,-2.405,-4.985,-0.687,-0.371,0.523,-5.817,-2.405,-10.313,-0.268,-0.416,0.873,-7.267,-7.557,-22.45,-0.355,-0.577,0.861,9.305,3.382,-10.504,0.395,-0.277,0.786,-14.573,39.756,19.649,izquierda
1780984010.790864,-0.874,-0.227,0.443,2.84,1.84,-4.153,-0.731,-0.392,0.534,-1.435,2.069,-4.237,-0.263,-0.428,0.892,3.229,8.855,-7.947,-0.289,-0.525,0.863,31.0,-6.45,-20.412,0.393,-0.265,0.731,-10.45,40.756,36.679,izquierda
1780984010.9125032,-0.902,-0.22,0.407,4.878,5.053,-13.733,-0.755,-0.405,0.484,-2.519,4.977,-11.855,-0.36,-0.456,0.878,-0.863,6.458,-9.29,-0.348,-0.552,0.8,9.351,3.275,-6.122,0.275,-0.312,0.778,-13.794,27.466,22.008,izquierda
1780984011.0049217,-0.85,-0.222,0.428,5.053,-0.153,-9.29,-0.673,-0.378,0.499,-3.076,2.786,-9.466,-0.279,-0.406,0.811,-0.863,3.962,-9.26,-0.319,-0.505,0.79,1.061,7.153,-5.031,0.224,-0.349,0.787,-17.053,22.962,17.656,izquierda
1780984011.0998087,-0.869,-0.225,0.447,3.252,-0.588,0.107,-0.693,-0.397,0.519,-2.481,-8.733,0.893,-0.291,-0.43,0.835,-3.687,-4.969,-5.939,-0.492,-0.76,1.367,3.16,-11.206,-0.855,0.18,-0.365,0.791,-21.366,2.366,2.122,izquierda
1780984011.2027023,-0.862,-0.23,0.459,0.473,-1.641,-0.427,-0.681,-0.395,0.553,-5.069,-0.221,0.29,-0.295,-0.451,0.865,1.13,-0.771,-0.244,-0.308,-0.546,0.841,3.542,4.366,0.046,0.208,-0.393,0.786,-0.962,2.504,-1.344,izquierda
1780984013.9838507,-0.867,-0.224,0.454,-0.687,1.55,0.084,-0.693,-0.39,0.533,-7.099,0.351,0.038,-0.3,-0.453,0.87,0.015,0.008,0.901,-0.307,-0.546,0.833,2.183,6.611,0.115,0.195,-0.404,0.773,-0.908,3.908,-0.939,izquierda
1780984014.086831,-0.867,-0.223,0.457,-0.511,1.802,0.038,-0.694,-0.388,0.536,-7.13,0.298,-0.45,-0.303,-0.455,0.863,-0.702,-0.466,0.58,-0.309,-0.547,0.837,1.275,8.328,0.443,0.198,-0.415,0.776,-0.855,2.977,0.084,izquierda
1780984014.1895864,-0.865,-0.228,0.453,-1.397,1.847,-1.122,-0.691,-0.387,0.533,-7.023,0.359,-0.282,-0.299,-0.458,0.858,-0.832,0.504,-0.092,-0.312,-0.546,0.834,1.153,7.893,-0.397,0.19,-0.407,0.767,-1.092,2.031,-0.053,izquierda
1780984014.2999215,-0.867,-0.225,0.455,-1.046,0.374,-0.969,-0.7,-0.396,0.53,-6.328,0.641,-0.641,-0.302,-0.451,0.855,-0.168,-0.595,-0.786,-0.306,-0.554,0.831,1.763,6.74,-1.008,0.21,-0.415,0.765,-0.16,3.328,-0.809,izquierda
1780984014.3979814,-0.866,-0.223,0.459,-0.466,1.206,0.16,-0.687,-0.388,0.535,-7.092,0.351,-0.13,-0.302,-0.455,0.862,-0.198,-0.076,0.565,-0.311,-0.547,0.845,2.115,7.038,-0.115,0.195,-0.408,0.778,-0.443,3.473,-0.603,izquierda
1780984014.5098877,-0.866,-0.221,0.463,-1.206,1.359,-1.046,-0.694,-0.395,0.541,-6.962,0.412,-0.244,-0.299,-0.451,0.863,-0.649,0.992,0.809,-0.307,-0.546,0.833,1.55,8.137,0.168,0.197,-0.41,0.776,-0.74,2.71,0.069,izquierda
1780984014.602326,-0.864,-0.222,0.448,-1.008,0.847,-0.832,-0.702,-0.398,0.532,-6.855,0.55,-0.405,-0.3,-0.453,0.863,-0.458,-0.008,0.267,-0.306,-0.549,0.828,1.466,6.954,-0.779,0.2,-0.406,0.769,-0.893,1.679,0.168,izquierda
1780984014.712918,-0.869,-0.224,0.452,-0.328,0.733,-1.0,-0.693,-0.392,0.536,-6.611,-0.107,-1.13,-0.296,-0.454,0.856,-0.122,-0.481,-0.763,-0.316,-0.548,0.85,2.611,6.336,-0.855,0.195,-0.415,0.774,-2.061,0.26,-2.267,izquierda
1780984014.8096738,-0.867,-0.224,0.456,-1.534,1.145,-0.473,-0.695,-0.392,0.538,-6.87,0.634,-0.374,-0.301,-0.454,0.868,0.153,-0.779,0.183,-0.308,-0.542,0.835,2.626,6.145,0.046,0.193,-0.407,0.77,-0.229,3.275,-1.496,izquierda
1780984014.9169714,-0.873,-0.225,0.461,-1.527,0.954,-0.443,-0.693,-0.39,0.535,-8.115,1.756,-0.466,-0.297,-0.451,0.865,-0.382,-0.397,0.061,-0.305,-0.542,0.84,2.924,6.313,-0.443,0.213,-0.411,0.831,27.252,-9.198,5.908,izquierda
1780984015.0225308,-0.856,-0.223,0.502,-7.542,3.809,-2.634,-0.672,-0.385,0.52,-9.687,5.626,-3.802,-0.328,-0.592,0.802,-13.359,-0.405,16.336,-0.341,-0.603,0.764,-8.725,26.069,15.756,0.245,-0.313,0.672,7.901,-34.267,-105.718,izquierda
1780984015.116925,-0.863,-0.244,0.47,-17.748,1.053,-3.954,-0.648,-0.403,0.59,-20.008,-2.748,0.527,-0.248,-0.471,0.891,-12.038,-4.153,17.641,-0.318,-0.545,0.809,-17.412,13.29,2.374,0.345,-0.28,0.747,-2.435,-15.229,-11.115,izquierda
1780984015.2275143,-0.861,-0.247,0.432,-4.466,0.351,-2.481,-0.716,-0.432,0.509,-15.282,-1.496,2.176,-0.289,-0.465,0.84,-1.008,-5.046,2.992,-0.315,-0.576,0.832,-2.275,1.344,-0.626,0.395,-0.306,0.75,-8.565,-5.985,-5.328,izquierda
1780984015.3243833,-0.857,-0.249,0.457,-0.099,1.214,1.496,-0.7,-0.418,0.54,-8.58,-1.374,-0.115,-0.309,-0.463,0.844,1.275,-0.275,-2.351,-0.358,-0.582,0.781,0.42,11.611,6.214,0.406,-0.307,0.732,7.863,-1.763,2.359,izquierda
1780984015.4261324,-0.841,-0.244,0.437,1.481,0.107,1.328,-0.659,-0.405,0.515,-2.763,-0.901,-3.221,-0.251,-0.445,0.833,0.733,-2.504,-15.649,-0.353,-0.573,0.802,12.885,2.55,2.13,0.348,-0.349,0.765,12.687,34.672,25.366,izquierda
1780984015.540528,-0.896,-0.247,0.442,5.336,7.244,-3.084,-0.678,-0.41,0.564,-3.534,6.664,7.046,-0.257,-0.47,0.914,7.069,11.947,-15.679,-0.348,-0.581,0.853,18.267,3.313,-21.099,0.338,-0.342,0.742,-45.145,45.87,26.87,izquierda
1780984015.6499763,-0.863,-0.244,0.443,8.168,-2.626,-3.16,-0.67,-0.405,0.562,5.427,-1.725,-6.313,-0.289,-0.443,0.818,9.901,0.595,-3.191,-0.301,-0.526,0.779,11.321,2.107,-7.863,0.298,-0.353,0.726,-19.962,20.763,9.504,izquierda
1780984015.7351432,-0.871,-0.257,0.475,6.107,-1.336,-4.489,-0.722,-0.406,0.516,5.282,3.313,-8.802,-0.289,-0.454,0.861,7.809,2.198,-1.29,-0.311,-0.54,0.833,4.427,10.267,-2.832,0.241,-0.367,0.765,-1.855,8.779,3.069,izquierda
1780984015.83836,-0.859,-0.23,0.446,7.672,-3.359,3.42,-0.677,-0.373,0.501,0.397,-2.588,-0.565,-0.297,-0.429,0.826,3.305,-0.916,-1.496,-0.319,-0.53,0.801,0.947,7.443,-3.435,0.24,-0.376,0.765,2.328,4.298,2.359,izquierda
1780984018.619541,-0.865,-0.228,0.451,-0.55,0.939,-0.336,-0.689,-0.395,0.532,-7.13,0.733,0.008,-0.302,-0.464,0.858,0.053,-0.412,0.176,-0.31,-0.568,0.826,2.244,6.565,0.511,0.228,-0.435,0.749,0.611,5.046,-1.084,izquierda
1780984018.72367,-0.865,-0.23,0.456,-0.878,1.779,-0.618,-0.692,-0.4,0.531,-7.183,0.458,-0.733,-0.297,-0.459,0.854,-0.481,0.015,-0.176,-0.295,-0.557,0.83,1.977,6.969,-1.038,0.222,-0.43,0.755,-1.0,1.786,0.061,izquierda
1780984018.8332186,-0.866,-0.23,0.454,-1.305,1.931,-0.229,-0.698,-0.397,0.53,-7.611,0.427,-0.511,-0.301,-0.457,0.856,-0.023,-0.092,0.359,-0.297,-0.557,0.834,1.573,6.344,0.046,0.217,-0.433,0.763,0.748,3.26,1.16,izquierda
1780984018.9365842,-0.872,-0.228,0.452,-1.198,1.366,0.252,-0.692,-0.397,0.528,-7.176,0.626,-0.779,-0.294,-0.459,0.861,-0.237,0.076,0.145,-0.293,-0.562,0.828,2.809,6.153,0.008,0.236,-0.463,0.843,12.092,-2.321,3.878,izquierda
1780984019.0443687,-0.867,-0.231,0.448,0.252,-0.893,-0.695,-0.697,-0.399,0.528,-3.802,-0.84,-1.473,-0.316,-0.351,0.829,-0.992,-8.183,2.351,-0.364,-0.543,0.855,11.58,5.092,7.763,0.164,-0.289,0.705,66.733,-49.42,-25.351,izquierda
1780984019.14122,-0.908,-0.246,0.423,-12.756,3.832,-2.351,-0.768,-0.389,0.477,-34.435,8.489,8.244,-0.315,-0.48,0.851,-18.733,13.313,32.595,-0.321,-0.5,0.625,-2.901,14.611,13.656,0.283,-0.194,0.674,1.817,-28.42,-31.191,izquierda
1780984019.2442102,-0.889,-0.266,0.469,0.969,-3.038,4.351,-0.727,-0.448,0.589,-9.099,-9.069,5.71,-0.326,-0.464,0.849,9.672,-8.45,12.328,-0.33,-0.564,0.805,-1.176,11.198,-5.733,0.358,-0.254,0.726,-12.634,-17.405,-10.756,izquierda
1780984019.3523772,-0.818,-0.206,0.435,6.176,-0.718,3.611,-0.685,-0.373,0.487,-2.313,-2.489,0.237,-0.317,-0.445,0.867,0.137,-3.756,-2.282,-0.339,-0.59,0.788,0.748,9.099,-1.672,0.422,-0.292,0.754,-6.115,0.847,-4.595,izquierda
1780984019.4508817,-0.84,-0.23,0.476,-3.336,1.344,-1.038,-0.664,-0.394,0.538,-8.069,0.595,-1.565,-0.302,-0.438,0.844,-3.221,0.626,-1.153,-0.334,-0.587,0.804,-0.221,7.718,1.427,0.455,-0.327,0.673,-5.695,8.672,1.763,izquierda
1780984019.5461347,-0.86,-0.227,0.461,-4.458,4.901,1.718,-0.659,-0.398,0.557,-5.794,1.13,-4.061,-0.272,-0.449,0.87,1.313,2.55,-18.466,-0.257,-0.553,0.802,9.595,5.573,3.84,0.374,-0.232,0.661,7.336,34.397,28.015,izquierda
1780984019.6490586,-0.879,-0.233,0.467,6.527,6.412,-2.008,-0.685,-0.407,0.532,0.191,2.237,-2.084,-0.287,-0.482,0.885,11.947,13.626,-6.565,-0.345,-0.566,0.796,26.496,0.756,-8.344,0.391,-0.299,0.742,5.588,26.336,29.42,izquierda
1780984019.759244,-0.85,-0.207,0.416,2.084,2.855,-6.863,-0.679,-0.37,0.479,-4.519,5.008,-5.718,-0.296,-0.366,0.779,1.458,6.221,-5.511,-0.304,-0.514,0.768,3.183,8.466,-2.84,0.336,-0.399,0.863,-11.947,24.595,19.756,izquierda
1780984019.8665593,-0.853,-0.242,0.404,-0.489,-9.321,-0.641,-0.694,-0.408,0.54,-3.771,-5.092,-0.038,-0.334,-0.453,0.808,-3.969,-8.847,-1.153,-0.304,-0.534,0.779,-12.031,-0.969,-10.282,0.274,-0.398,0.815,-22.55,7.427,-4.29,izquierda
1780984019.9710226,-0.876,-0.231,0.448,-2.313,-1.191,-1.069,-0.692,-0.401,0.522,-6.473,-2.244,-0.748,-0.298,-0.458,0.856,-2.008,-2.542,-0.183,-0.3,-0.562,0.824,1.71,7.771,-0.473,0.248,-0.401,0.794,-4.931,0.489,-1.313,izquierda
1780984020.0708828,-0.866,-0.238,0.448,-0.618,1.992,0.16,-0.697,-0.396,0.523,-6.015,0.779,-0.901,-0.296,-0.454,0.857,-0.779,0.076,0.374,-0.298,-0.559,0.833,0.794,6.878,-0.908,0.252,-0.398,0.767,-2.191,2.878,0.649,izquierda
1780984020.1644914,-0.864,-0.235,0.45,-0.076,1.42,0.611,-0.693,-0.394,0.522,-6.511,0.244,-0.42,-0.295,-0.463,0.857,-0.145,-0.389,0.153,-0.3,-0.563,0.831,1.321,6.298,-1.237,0.245,-0.398,0.768,-0.191,2.092,1.45,izquierda
1780984020.2750907,-0.87,-0.235,0.451,-0.656,1.718,0.985,-0.692,-0.397,0.521,-7.313,0.336,-0.084,-0.299,-0.466,0.857,-0.489,0.954,0.527,-0.309,-0.562,0.824,1.443,7.092,-0.855,0.247,-0.392,0.766,-1.099,2.023,0.336,izquierda
1780984020.3704345,-0.867,-0.236,0.449,-0.71,0.786,-0.344,-0.696,-0.393,0.533,-6.969,0.046,-0.29,-0.291,-0.459,0.847,-0.099,-0.45,0.092,-0.304,-0.559,0.822,2.26,7.198,0.29,0.236,-0.395,0.762,-0.947,3.725,-0.015,izquierda
1780984020.4733868,-0.868,-0.229,0.458,-0.702,1.206,0.649,-0.693,-0.398,0.531,-7.084,0.305,0.069,-0.296,-0.457,0.862,-0.611,0.313,0.573,-0.306,-0.56,0.83,1.397,7.008,-0.618,0.243,-0.396,0.763,-2.229,2.412,-0.008,izquierda
1780984023.264833,-0.866,-0.228,0.45,-1.191,1.519,-0.427,-0.698,-0.4,0.532,-7.298,0.443,-0.374,-0.298,-0.459,0.86,-0.389,0.038,-0.702,-0.302,-0.563,0.829,1.298,8.046,-0.229,0.227,-0.426,0.749,-0.58,1.405,0.405,izquierda
1780984023.366739,-0.868,-0.23,0.454,-1.321,1.802,-1.267,-0.695,-0.398,0.526,-7.076,0.42,-0.847,-0.293,-0.462,0.853,-0.557,0.534,0.0,-0.301,-0.563,0.821,0.931,7.45,-1.16,0.24,-0.423,0.746,-1.076,2.229,0.74,izquierda
1780984023.4702935,-0.866,-0.229,0.451,-0.664,1.13,-0.794,-0.691,-0.398,0.522,-6.611,0.076,-0.229,-0.295,-0.464,0.852,0.153,-0.115,0.206,-0.302,-0.565,0.825,2.756,5.679,-0.336,0.231,-0.439,0.754,-1.198,3.878,-1.267,izquierda
1780984023.563612,-0.868,-0.225,0.445,-0.527,1.29,0.076,-0.695,-0.394,0.53,-6.725,0.221,0.198,-0.3,-0.459,0.856,-0.496,0.389,0.985,-0.301,-0.56,0.82,1.74,6.504,0.168,0.239,-0.43,0.751,-1.267,2.748,-0.504,izquierda
1780984023.6675434,-0.871,-0.23,0.451,-1.214,1.939,-0.55,-0.695,-0.398,0.527,-7.298,0.282,-0.053,-0.295,-0.465,0.857,-0.229,0.458,0.313,-0.296,-0.565,0.826,1.863,7.015,-0.328,0.232,-0.434,0.747,-0.626,2.855,-0.481,izquierda
1780984023.770304,-0.868,-0.231,0.449,-0.855,1.565,-1.809,-0.696,-0.396,0.528,-7.031,0.275,-1.076,-0.299,-0.465,0.858,-0.786,0.313,-0.511,-0.3,-0.564,0.827,1.198,7.649,-1.504,0.239,-0.432,0.75,-1.031,1.58,0.649,izquierda
1780984023.8796992,-0.869,-0.228,0.452,-0.763,1.099,-0.992,-0.696,-0.396,0.528,-6.359,0.305,-0.847,-0.3,-0.468,0.854,-0.084,-0.313,-0.55,-0.302,-0.566,0.829,1.924,6.313,-1.382,0.232,-0.438,0.749,-0.389,2.229,-0.053,izquierda
1780984023.9848547,-0.858,-0.225,0.461,-0.183,-1.046,1.229,-0.702,-0.398,0.526,-4.435,-1.092,1.71,-0.308,-0.457,0.851,1.046,4.115,1.038,-0.304,-0.565,0.828,3.015,7.649,1.397,0.218,-0.431,0.772,1.954,4.298,1.649,izquierda
1780984024.0785732,-0.868,-0.225,0.453,-2.267,2.931,-0.687,-0.701,-0.382,0.536,-6.26,-1.099,2.183,-0.275,-0.463,0.831,0.412,1.664,1.832,-0.297,-0.569,0.837,-0.786,4.794,-1.42,0.244,-0.429,0.747,7.557,0.496,9.473,izquierda
1780984024.186172,-0.869,-0.224,0.451,13.992,-2.305,-3.382,-0.796,-0.408,0.544,17.275,12.649,9.977,-0.311,-0.485,1.001,46.305,11.298,0.649,-0.306,-0.56,0.878,44.603,4.771,16.046,0.208,-0.419,0.769,15.389,-0.382,13.786,izquierda
1780984024.2858815,-0.82,-0.18,0.462,8.817,-4.802,4.13,-0.612,-0.292,0.57,-0.855,2.84,4.573,-0.311,-0.348,0.83,8.122,5.794,2.481,-0.303,-0.427,0.803,29.481,6.153,4.466,0.256,-0.429,0.851,60.771,-5.015,27.496,izquierda
1780984024.3874788,-0.904,-0.19,0.463,-4.061,2.031,2.061,-0.769,-0.362,0.529,-19.733,-6.328,2.198,-0.319,-0.388,0.876,-21.443,-6.29,21.466,-0.447,-0.482,0.795,-24.634,11.489,15.183,0.427,-0.292,0.626,36.427,-35.718,-26.473,izquierda
1780984024.4994555,-0.889,-0.195,0.44,-20.534,14.122,0.321,-0.776,-0.384,0.459,-46.71,15.565,-4.702,-0.263,-0.433,0.866,-38.473,-4.382,31.115,-0.32,-0.553,0.918,-42.473,27.374,1.618,0.22,-0.152,0.694,14.656,-27.84,-45.198,izquierda
1780984024.5938601,-0.844,-0.203,0.479,-0.985,2.191,-1.382,-0.71,-0.405,0.584,-17.214,5.58,6.237,-0.308,-0.44,0.893,1.076,4.038,11.267,-0.358,-0.536,0.826,-4.756,11.076,-4.099,0.346,-0.232,0.737,-10.718,-9.885,-15.481,izquierda
1780984024.7034688,-0.87,-0.206,0.473,2.16,-0.351,-2.786,-0.714,-0.398,0.528,-5.344,-1.046,-4.046,-0.343,-0.447,0.877,-1.458,-2.092,-3.519,-0.378,-0.58,0.794,-0.786,6.237,-7.267,0.394,-0.25,0.764,-15.542,-0.282,-5.779,izquierda
1780984024.802237,-0.875,-0.21,0.474,-2.122,1.878,0.855,-0.724,-0.394,0.531,-6.252,-2.45,-0.252,-0.346,-0.446,0.858,1.198,-4.679,-4.328,-0.341,-0.573,0.777,-1.588,9.298,-1.626,0.405,-0.252,0.74,1.603,-0.176,-1.298,izquierda
1780984024.902501,-0.812,-0.191,0.472,-7.176,4.794,-6.969,-0.663,-0.375,0.537,-7.076,2.191,-11.489,-0.295,-0.454,0.906,-1.031,5.122,-26.252,-0.357,-0.586,0.86,15.053,4.718,-1.382,0.367,-0.268,0.772,6.977,37.626,29.26,izquierda
1780984025.0053566,-0.841,-0.229,0.48,3.908,10.084,-12.061,-0.699,-0.405,0.541,2.031,6.168,-11.565,-0.322,-0.46,0.854,5.328,13.183,-17.099,-0.32,-0.586,0.876,22.809,12.45,-19.008,0.314,-0.32,0.771,15.527,29.427,29.847,izquierda
1780984025.1148858,-0.874,-0.217,0.445,6.13,-2.771,-4.679,-0.704,-0.399,0.523,1.611,-1.435,1.58,-0.292,-0.458,0.888,8.122,2.053,-10.183,-0.297,-0.543,0.857,10.45,8.0,-9.13,0.28,-0.364,0.848,-38.588,26.824,14.015,izquierda
1780984027.7978911,-0.856,-0.21,0.49,-0.351,2.527,-1.435,-0.691,-0.377,0.566,-7.115,-0.519,-0.611,-0.305,-0.439,0.863,-0.611,-0.954,0.061,-0.304,-0.535,0.846,1.321,6.893,-0.832,0.202,-0.403,0.778,-0.29,2.023,0.595,izquierda
1780984027.9014587,-0.864,-0.218,0.505,-0.893,1.473,-1.412,-0.675,-0.355,0.549,-6.893,1.038,-0.382,-0.3,-0.451,0.851,-0.55,0.817,-0.382,-0.307,-0.539,0.836,1.87,6.832,0.519,0.195,-0.401,0.774,0.405,4.0,-0.87,izquierda
1780984028.005186,-0.847,-0.208,0.505,-1.099,0.84,-1.16,-0.7,-0.381,0.571,-6.924,0.366,-0.069,-0.29,-0.419,0.868,-0.153,-0.359,0.397,-0.301,-0.544,0.849,1.458,6.58,0.153,0.202,-0.4,0.778,0.069,3.16,-0.733,izquierda
1780984028.0956814,-0.855,-0.208,0.487,-0.305,1.725,-0.87,-0.709,-0.39,0.565,-6.656,-0.084,-0.344,-0.3,-0.423,0.863,-0.382,1.053,0.534,-0.303,-0.532,0.849,1.863,7.038,-0.733,0.188,-0.401,0.77,-0.931,3.053,-0.153,izquierda
1780984028.2066276,-0.855,-0.203,0.488,-1.038,1.084,-1.885,-0.683,-0.36,0.556,-7.107,0.16,-1.038,-0.301,-0.44,0.865,-0.931,0.252,-0.053,-0.303,-0.535,0.848,1.183,7.779,-1.328,0.198,-0.406,0.769,-1.443,2.336,0.412,izquierda
1780984028.3016732,-0.862,-0.205,0.491,-1.275,2.0,-1.13,-0.691,-0.373,0.553,-7.565,0.733,-0.351,-0.304,-0.438,0.863,-0.076,-1.382,0.511,-0.302,-0.536,0.847,1.74,6.458,-0.702,0.196,-0.411,0.773,-1.13,1.542,-0.023,izquierda
1780984028.4044309,-0.855,-0.21,0.491,-0.58,2.13,-0.031,-0.69,-0.371,0.554,-6.84,0.534,-0.183,-0.304,-0.437,0.86,0.206,-0.344,-0.015,-0.305,-0.539,0.849,2.45,4.756,0.473,0.188,-0.402,0.771,0.618,3.13,-0.542,izquierda
1780984028.5103989,-0.85,-0.201,0.492,-1.244,1.847,-0.527,-0.686,-0.366,0.552,-7.481,0.634,-0.496,-0.306,-0.438,0.866,-1.031,-0.458,0.008,-0.31,-0.531,0.846,1.099,7.237,-1.168,0.191,-0.406,0.766,-1.489,1.481,-0.099,izquierda
1780984028.6102974,-0.856,-0.216,0.491,-1.542,1.275,-1.855,-0.691,-0.375,0.561,-7.389,0.74,-0.626,-0.304,-0.436,0.866,-0.573,0.557,0.153,-0.302,-0.536,0.844,1.092,7.557,-1.42,0.201,-0.406,0.784,-1.382,1.206,-0.031,izquierda
1780984028.7201016,-0.871,-0.204,0.496,-0.771,1.527,-1.168,-0.683,-0.368,0.558,-6.977,0.351,-0.985,-0.296,-0.443,0.869,-0.977,-0.527,0.618,-0.306,-0.534,0.847,2.076,8.718,0.359,0.185,-0.409,0.771,-0.573,4.229,0.092,izquierda
1780984028.8175683,-0.857,-0.211,0.489,-1.031,0.374,-0.931,-0.691,-0.375,0.557,-6.603,0.084,-0.29,-0.301,-0.436,0.87,0.328,0.046,0.351,-0.299,-0.531,0.844,1.466,7.412,0.122,0.195,-0.409,0.775,0.313,4.901,-0.26,izquierda
1780984028.931653,-0.865,-0.212,0.493,-1.466,1.718,-1.038,-0.696,-0.369,0.559,-7.092,-0.176,-0.382,-0.3,-0.446,0.864,-0.374,-0.405,0.038,-0.302,-0.542,0.845,1.511,5.008,-0.534,0.197,-0.407,0.778,-1.084,2.58,-0.71,izquierda
1780984029.0284002,-0.857,-0.207,0.493,-0.924,1.534,-1.695,-0.689,-0.37,0.558,-7.221,0.298,-0.664,-0.305,-0.44,0.871,-0.473,-0.153,-0.183,-0.304,-0.536,0.84,1.382,7.313,-0.573,0.194,-0.405,0.777,-0.893,2.046,0.183,izquierda
1780984029.1259594,-0.854,-0.206,0.495,-1.16,1.176,-1.733,-0.693,-0.37,0.558,-7.092,0.328,-0.313,-0.3,-0.434,0.862,-0.664,0.344,-0.198,-0.302,-0.536,0.842,1.802,7.931,-0.153,0.195,-0.411,0.771,-0.511,2.947,0.038,izquierda
1780984029.236472,-0.862,-0.21,0.494,-1.168,1.412,-0.771,-0.687,-0.377,0.56,-6.725,0.244,-0.13,-0.302,-0.44,0.86,0.023,-0.359,0.229,-0.302,-0.538,0.852,2.443,5.122,-0.008,0.199,-0.41,0.773,-0.198,2.885,-0.397,izquierda
1780984029.3383553,-0.854,-0.207,0.482,-0.672,2.687,-0.504,-0.687,-0.37,0.552,-7.321,0.435,-0.099,-0.303,-0.437,0.867,-0.382,0.29,0.527,-0.311,-0.54,0.852,1.679,6.992,-0.382,0.184,-0.401,0.767,-0.878,1.954,-0.229,izquierda
1780984029.4365978,-0.853,-0.211,0.489,-1.16,1.794,-0.939,-0.687,-0.369,0.554,-7.267,0.267,-0.511,-0.304,-0.439,0.862,-0.534,0.756,0.122,-0.303,-0.538,0.841,1.427,6.733,-0.489,0.194,-0.408,0.775,-0.977,1.344,-0.008,izquierda
1780984029.5379133,-0.852,-0.212,0.485,-1.359,1.695,-1.656,-0.694,-0.376,0.548,-7.366,0.298,-0.908,-0.303,-0.442,0.863,-0.748,0.595,-0.366,-0.303,-0.542,0.836,1.756,6.382,-0.237,0.196,-0.408,0.769,-0.649,1.496,0.153,izquierda
1780984029.6429806,-0.857,-0.209,0.491,-0.809,1.756,-1.458,-0.691,-0.375,0.552,-6.954,0.573,-0.107,-0.305,-0.442,0.862,-0.298,0.099,-0.053,-0.31,-0.561,0.867,2.0,5.435,-0.145,0.185,-0.412,0.779,-0.344,1.763,-0.214,izquierda
1780984029.7522907,-0.852,-0.21,0.492,-0.672,1.237,-0.504,-0.688,-0.37,0.555,-7.145,0.809,0.176,-0.303,-0.436,0.868,-0.397,0.435,0.389,-0.308,-0.54,0.839,1.641,7.42,-0.466,0.191,-0.412,0.766,-0.565,2.519,-0.221,izquierda
1780984032.5307114,-0.854,-0.212,0.487,-1.16,1.298,-1.641,-0.687,-0.374,0.55,-7.046,0.168,-0.687,-0.296,-0.442,0.874,-0.656,1.122,0.214,-0.3,-0.535,0.848,1.061,7.466,-1.198,0.221,-0.425,0.758,-1.542,1.466,0.176,izquierda
1780984032.6280956,-0.866,-0.216,0.483,-0.55,1.198,-0.55,-0.69,-0.381,0.555,-6.412,0.321,-0.412,-0.296,-0.439,0.869,0.153,-0.977,0.023,-0.296,-0.528,0.848,2.206,4.55,-0.855,0.219,-0.429,0.758,-0.466,1.603,-0.275,izquierda
1780984032.731423,-0.855,-0.21,0.484,-0.16,3.191,-0.031,-0.689,-0.383,0.558,-6.855,0.45,0.153,-0.301,-0.439,0.87,-0.107,0.053,0.58,-0.298,-0.531,0.854,1.954,5.679,-0.191,0.23,-0.423,0.761,0.26,2.618,-0.489,izquierda
1780984032.8388786,-0.858,-0.209,0.48,-0.672,0.977,-0.809,-0.69,-0.372,0.566,-7.183,0.13,-0.511,-0.297,-0.437,0.867,-0.405,0.122,-0.183,-0.296,-0.534,0.85,1.458,7.374,0.092,0.21,-0.424,0.769,-0.153,3.458,0.099,izquierda
1780984032.9502535,-0.87,-0.215,0.49,-1.038,0.573,-1.229,-0.675,-0.367,0.553,-7.076,-0.031,-0.71,-0.293,-0.427,0.87,-0.611,0.847,0.13,-0.292,-0.533,0.864,1.321,8.794,0.244,0.22,-0.425,0.76,-0.809,1.748,1.046,izquierda
1780984033.040155,-0.86,-0.207,0.479,-0.443,2.84,0.519,-0.693,-0.374,0.556,-6.267,-0.336,-0.099,-0.296,-0.434,0.862,2.802,2.084,0.382,-0.299,-0.53,0.839,1.031,6.84,-0.779,0.231,-0.433,0.769,-1.466,0.229,-0.122,izquierda
1780984033.1511807,-0.849,-0.246,0.487,0.977,-5.656,-7.977,-0.68,-0.373,0.549,-1.221,-2.359,-3.481,-0.395,-0.481,0.866,-8.0,-6.802,21.473,-0.276,-0.537,0.878,-5.718,5.305,18.794,0.353,-0.404,0.709,65.153,-44.427,-43.183,izquierda
1780984033.2515404,-0.876,-0.276,0.579,-15.435,6.298,4.458,-0.652,-0.381,0.586,-37.824,3.939,8.405,-0.264,-0.446,0.897,-6.336,0.397,19.046,-0.309,-0.532,0.836,-25.252,24.847,12.695,0.236,-0.232,0.727,56.458,-26.229,-2.405,izquierda
1780984033.3510463,-0.86,-0.204,0.458,7.527,-0.023,14.198,-0.71,-0.363,0.55,-3.504,-1.405,16.313,-0.356,-0.416,0.864,9.832,0.023,12.885,-0.318,-0.517,0.749,-3.13,19.252,15.641,0.347,-0.17,0.692,21.641,-14.634,-4.802,izquierda
1780984033.451677,-0.823,-0.191,0.475,-0.656,-2.573,2.527,-0.671,-0.35,0.537,-10.947,-1.466,1.832,-0.265,-0.401,0.858,-5.023,-3.473,9.321,-0.321,-0.571,0.839,-13.305,16.84,-5.084,0.406,-0.218,0.812,-30.198,-4.183,-12.351,izquierda
1780984033.5548487,-0.843,-0.192,0.491,-0.366,-1.939,3.519,-0.682,-0.354,0.541,-4.55,-3.038,2.824,-0.34,-0.423,0.886,1.817,-5.382,-0.191,-0.398,-0.608,0.803,-5.237,12.924,0.656,0.4,-0.231,0.757,-10.664,5.13,-11.221,izquierda
1780984033.6648939,-0.812,-0.176,0.483,-3.168,4.069,2.221,-0.66,-0.344,0.549,-6.863,0.023,-0.26,-0.296,-0.392,0.866,-1.244,0.282,1.145,-0.363,-0.555,0.785,-4.29,12.282,1.786,0.425,-0.23,0.745,-7.588,3.87,-4.466,izquierda
1780984033.7610905,-0.854,-0.185,0.494,-1.771,1.534,-1.763,-0.685,-0.362,0.553,-6.611,3.321,-1.099,-0.3,-0.392,0.861,-0.092,1.763,-3.145,-0.391,-0.571,0.755,3.832,6.206,1.58,0.401,-0.226,0.752,3.832,4.069,4.191,izquierda
1780984033.876981,-0.795,-0.173,0.441,-5.336,11.229,-14.168,-0.737,-0.371,0.538,-12.641,15.863,-11.191,-0.279,-0.434,0.888,-1.908,13.229,-18.725,-0.367,-0.533,0.752,21.168,-3.046,-5.954,0.368,-0.216,0.763,4.252,34.977,30.466,izquierda
1780984033.9671009,-0.865,-0.224,0.489,1.74,9.672,-7.504,-0.703,-0.403,0.576,-5.519,10.26,-5.084,-0.291,-0.447,0.889,6.321,16.504,-10.672,-0.327,-0.557,0.732,25.962,-1.427,-19.374,0.332,-0.236,0.688,-14.847,27.87,21.153,izquierda
1780984034.0729718,-0.9,-0.211,0.458,1.176,2.435,-4.473,-0.732,-0.396,0.523,-1.481,-1.13,-1.221,-0.329,-0.453,0.904,8.824,5.916,-2.939,-0.365,-0.538,0.817,18.496,-3.26,1.298,0.276,-0.271,0.743,-9.87,15.122,13.695,izquierda
1780984034.173589,-0.85,-0.215,0.493,2.664,-0.466,-6.725,-0.71,-0.391,0.574,2.26,3.198,-4.893,-0.312,-0.432,0.912,13.832,6.802,-7.305,-0.355,-0.529,0.855,23.183,9.595,2.992,0.234,-0.317,0.782,-9.061,15.595,13.748,izquierda
1780984034.2813437,-0.791,-0.179,0.479,15.679,-8.603,-8.542,-0.627,-0.34,0.529,21.466,-7.176,-3.519,-0.237,-0.366,0.951,49.985,12.588,-13.962,-0.285,-0.468,0.883,37.977,13.076,-0.427,0.256,-0.435,0.86,-10.908,27.641,38.336,izquierda
1780984034.392289,-0.862,-0.204,0.47,5.687,-12.519,-0.397,-0.632,-0.327,0.538,-1.87,-15.427,-6.382,-0.282,-0.323,0.818,-5.008,-2.901,-0.969,-0.281,-0.414,0.8,3.672,2.962,-1.603,0.196,-0.371,0.802,-9.092,1.382,-2.229,izquierda
1780984037.0695326,-0.846,-0.196,0.514,-0.908,1.611,-1.695,-0.676,-0.364,0.596,-7.084,0.061,-0.725,-0.3,-0.419,0.885,-0.71,0.13,-0.107,-0.296,-0.504,0.87,1.282,7.366,-0.695,0.193,-0.389,0.774,-0.985,2.267,0.359,izquierda
1780984037.1679654,-0.848,-0.203,0.517,-0.679,1.046,-1.237,-0.669,-0.359,0.594,-6.603,1.069,-0.641,-0.295,-0.418,0.882,-0.107,-0.527,-0.137,-0.298,-0.508,0.861,1.916,6.611,-0.061,0.197,-0.397,0.771,-0.656,2.504,-0.473,izquierda
1780984037.263224,-0.844,-0.2,0.508,-0.924,0.718,-0.687,-0.668,-0.354,0.591,-7.145,0.504,0.069,-0.295,-0.416,0.878,-0.366,0.55,-0.092,-0.296,-0.507,0.866,0.969,7.053,-0.405,0.195,-0.396,0.775,0.015,3.344,-0.565,izquierda
1780984037.3679075,-0.85,-0.198,0.5,-1.145,1.725,-0.779,-0.674,-0.359,0.595,-6.962,0.641,-0.061,-0.292,-0.415,0.884,-0.321,-0.382,0.504,-0.292,-0.509,0.862,1.29,7.405,-0.366,0.194,-0.398,0.779,-0.87,3.191,-0.489,izquierda
1780984037.4692562,-0.845,-0.198,0.519,-1.504,1.237,-1.099,-0.671,-0.361,0.597,-7.122,0.389,-0.389,-0.298,-0.421,0.881,-0.924,0.504,0.076,-0.296,-0.506,0.872,1.336,6.802,-1.412,0.191,-0.395,0.775,-1.282,1.718,0.656,izquierda
1780984037.5795364,-0.852,-0.201,0.503,-1.534,1.473,-1.305,-0.667,-0.362,0.59,-7.321,0.725,-0.321,-0.295,-0.42,0.878,-0.145,-0.206,0.305,-0.307,-0.509,0.868,0.931,7.672,-0.092,0.199,-0.398,0.771,-0.817,1.756,-0.076,izquierda
1780984037.6750548,-0.846,-0.203,0.503,-0.664,1.344,-1.046,-0.672,-0.365,0.587,-6.718,0.42,-0.191,-0.298,-0.419,0.88,0.153,-0.763,0.076,-0.292,-0.502,0.867,1.931,6.069,-0.176,0.187,-0.399,0.778,-0.023,2.924,-0.656,izquierda
1780984037.7854972,-0.842,-0.2,0.504,-1.115,2.313,-0.779,-0.676,-0.365,0.587,-7.229,0.137,-0.733,-0.297,-0.418,0.878,-0.382,0.229,-0.794,-0.295,-0.505,0.868,1.969,5.748,-1.389,0.193,-0.402,0.784,-0.435,0.931,-0.038,izquierda
1780984037.884968,-0.854,-0.197,0.501,-0.794,1.397,-1.176,-0.672,-0.362,0.588,-7.084,2.336,-0.679,-0.354,-0.443,0.856,1.496,-6.641,-1.802,-0.395,-0.494,0.833,27.901,4.023,6.115,0.789,-0.717,1.09,65.847,-59.725,-39.565,izquierda
1780984037.985295,-0.834,-0.301,0.544,-90.786,25.229,0.366,-0.562,-0.39,0.591,-93.534,12.519,20.221,-0.282,-0.423,0.84,-49.649,4.603,54.588,-0.328,-0.473,0.847,-64.206,36.527,3.405,0.228,-0.217,0.668,16.947,-59.855,-36.031,izquierda
1780984038.093041,-0.913,-0.257,0.452,2.359,2.74,1.099,-0.736,-0.415,0.456,-31.237,9.229,3.634,-0.353,-0.487,0.84,-2.611,-3.176,7.038,-0.369,-0.595,0.779,1.565,3.695,3.527,0.376,-0.246,0.731,1.336,-3.588,-11.893,izquierda
1780984038.2008617,-0.823,-0.223,0.407,1.511,-1.282,6.046,-0.671,-0.387,0.48,-7.748,-1.229,6.748,-0.293,-0.42,0.811,1.42,-4.267,1.901,-0.286,-0.538,0.737,1.947,3.702,-0.794,0.427,-0.248,0.718,-13.794,2.641,-7.481,izquierda
1780984038.306008,-0.892,-0.24,0.424,-4.13,3.962,-4.13,-0.723,-0.417,0.506,-9.0,-1.221,-1.824,-0.338,-0.452,0.839,-1.153,-1.015,-8.947,-0.329,-0.576,0.775,-1.038,10.389,-1.107,0.417,-0.271,0.747,-0.855,2.588,1.214,izquierda
1780984038.4082258,-0.846,-0.239,0.427,-3.252,4.168,-10.252,-0.682,-0.409,0.529,-6.809,15.015,-9.305,-0.347,-0.479,0.808,-10.061,0.725,-20.733,-0.262,-0.673,0.733,14.763,14.45,4.153,0.397,-0.326,0.777,7.656,34.221,13.29,izquierda
1780984038.4992394,-0.841,-0.263,0.473,6.405,-1.099,-2.718,-0.633,-0.442,0.61,7.962,-0.542,-0.221,-0.251,-0.491,1.017,24.084,-0.008,-14.84,-0.284,-0.569,0.87,29.496,-7.718,-15.748,0.355,-0.246,0.726,10.008,30.733,28.046,izquierda
1780984038.6022282,-0.893,-0.203,0.391,32.939,-5.374,4.412,-0.753,-0.354,0.411,37.038,-11.74,6.008,-0.368,-0.403,0.786,38.588,6.153,-16.962,-0.34,-0.536,0.774,49.489,-9.344,0.733,0.298,-0.328,0.811,-33.084,24.649,39.229,izquierda
1780984038.715558,-0.85,-0.177,0.431,18.366,-6.183,3.313,-0.696,-0.313,0.5,13.901,-4.534,2.42,-0.34,-0.373,0.856,21.908,1.122,-5.511,-0.345,-0.477,0.867,32.664,5.031,10.565,0.26,-0.325,0.749,-9.565,17.71,26.16,izquierda
1780984038.8081994,-0.803,-0.162,0.454,32.359,-8.603,-27.466,-0.64,-0.288,0.452,17.389,-11.847,-15.336,-0.285,-0.281,0.764,13.336,15.58,-15.0,-0.27,-0.342,0.79,42.45,17.885,1.817,0.208,-0.344,0.815,13.061,37.832,51.153,izquierda
1780984038.9157443,-0.821,-0.2,0.546,4.336,-27.42,0.069,-0.813,-0.386,0.6,-0.794,-23.756,-1.176,-0.208,-0.355,0.916,-9.427,-12.481,-8.802,-0.247,-0.366,0.892,0.802,-1.412,-14.908,0.215,-0.375,0.814,-8.015,7.298,2.427,izquierda
1780984039.0141149,-0.833,-0.2,0.546,-1.45,-10.076,-1.794,-0.652,-0.317,0.643,-4.58,-8.0,-0.634,-0.279,-0.378,0.932,1.473,-18.542,-1.427,-0.514,-0.815,1.842,-17.198,-14.901,-6.809,0.154,-0.358,0.82,-5.687,-1.664,-2.008,izquierda
1780984041.7003958,-0.838,-0.202,0.537,-0.511,0.977,-0.863,-0.658,-0.344,0.615,-6.947,0.328,-0.328,-0.275,-0.401,0.895,0.13,-0.664,0.71,-0.259,-0.466,0.9,2.084,6.908,0.061,0.176,-0.378,0.79,0.344,3.939,-0.519,izquierda
1780984041.8039393,-0.836,-0.189,0.543,-0.847,1.076,-1.206,-0.663,-0.349,0.612,-6.519,0.282,-0.328,-0.278,-0.403,0.897,-0.687,-0.45,-0.16,-0.258,-0.465,0.899,1.244,7.313,0.053,0.172,-0.376,0.791,-0.489,3.153,-0.092,izquierda
1780984041.9001887,-0.835,-0.198,0.539,-1.168,2.221,-1.038,-0.659,-0.343,0.617,-7.191,0.779,-0.282,-0.278,-0.401,0.893,-0.855,0.237,0.008,-0.261,-0.472,0.906,1.099,7.389,-0.076,0.176,-0.366,0.799,-0.908,1.786,-0.168,izquierda
1780984042.0022988,-0.829,-0.196,0.54,-1.16,2.046,-1.221,-0.651,-0.337,0.615,-7.29,0.664,-0.626,-0.284,-0.407,0.891,-1.198,0.496,0.351,-0.264,-0.471,0.904,0.473,7.756,-1.038,0.171,-0.371,0.777,-1.137,2.038,0.313,izquierda
1780984042.1150918,-0.831,-0.197,0.538,-0.878,1.191,-0.962,-0.68,-0.346,0.586,-7.084,0.947,-0.962,-0.286,-0.404,0.894,-0.519,0.473,0.374,-0.256,-0.478,0.902,1.504,8.534,0.382,0.169,-0.376,0.789,-0.305,4.489,-0.641,izquierda
1780984042.212728,-0.823,-0.183,0.532,-0.847,1.58,-1.084,-0.667,-0.353,0.616,-7.031,0.252,-0.473,-0.281,-0.4,0.891,-0.084,-0.611,0.45,-0.26,-0.471,0.903,1.336,7.397,0.313,0.167,-0.372,0.794,-0.275,3.237,-0.214,izquierda
1780984042.310644,-0.838,-0.193,0.545,-0.649,1.534,-1.298,-0.661,-0.349,0.61,-6.802,0.351,-0.519,-0.278,-0.405,0.897,0.511,-2.328,-0.435,-0.262,-0.482,0.897,5.84,6.481,0.771,0.125,-0.402,0.875,-8.374,-4.588,-13.725,izquierda
1780984042.425173,-0.771,-0.258,0.649,-10.992,8.908,0.626,-0.629,-0.353,0.637,-11.321,1.496,-3.092,-0.286,-0.425,0.891,-6.885,3.435,1.168,-0.367,-0.489,0.902,-19.099,23.824,13.16,0.268,-0.394,0.847,44.664,-33.908,-24.115,izquierda
1780984042.5165684,-0.894,-0.204,0.462,-34.817,28.832,5.573,-0.706,-0.349,0.507,-44.618,16.26,8.924,-0.351,-0.455,0.872,-9.588,-4.763,24.557,-0.373,-0.528,0.791,-64.076,39.504,34.824,0.401,-0.253,0.695,9.031,-20.565,-50.924,izquierda
1780984042.6250458,-0.946,-0.26,0.545,-29.595,-1.344,30.695,-0.714,-0.437,0.591,-34.374,-14.809,28.191,-0.302,-0.478,0.931,-16.214,-28.71,55.427,-0.301,-0.548,0.82,-5.695,-11.565,-1.87,0.379,-0.254,0.722,-16.756,-43.473,-49.519,izquierda
1780984042.7284768,-0.751,-0.187,0.502,-7.74,-2.817,0.481,-0.593,-0.351,0.591,-19.229,-2.458,-2.389,-0.232,-0.396,0.893,-16.519,5.992,8.603,-0.316,-0.538,0.823,-12.0,9.023,-9.351,0.461,-0.246,0.728,-14.855,6.786,-7.427,izquierda
1780984042.8256085,-0.859,-0.206,0.465,-2.542,3.053,-4.885,-0.682,-0.376,0.522,-8.878,2.656,-4.359,-0.329,-0.415,0.84,-3.519,1.427,-4.473,-0.334,-0.562,0.787,-2.458,9.489,-1.962,0.437,-0.261,0.735,-1.405,5.832,5.0,izquierda
1780984042.9423163,-0.869,-0.245,0.472,-4.145,8.573,-12.656,-0.697,-0.415,0.522,-9.817,4.008,-12.824,-0.297,-0.46,0.866,-7.435,1.672,-27.511,-0.478,-0.799,0.952,-4.061,11.328,-4.305,0.401,-0.286,0.796,-5.221,24.504,14.588,izquierda
1780984043.031358,-0.867,-0.262,0.461,-0.779,-0.489,-7.267,-0.707,-0.448,0.569,-3.336,5.962,-6.481,-0.205,-0.499,0.913,11.595,8.763,-15.87,-0.269,-0.553,0.867,19.466,-3.412,-10.855,0.36,-0.325,0.736,-19.939,37.695,38.321,izquierda
1780984043.1433132,-0.899,-0.231,0.438,17.763,7.29,-7.908,-0.731,-0.394,0.458,7.473,3.939,3.099,-0.38,-0.479,0.823,17.366,10.137,-15.908,-0.381,-0.58,0.8,25.038,3.282,-12.26,0.284,-0.347,0.763,-15.679,24.107,20.885,izquierda
1780984043.2467837,-0.879,-0.221,0.427,18.74,-0.542,-7.328,-0.721,-0.389,0.51,12.198,-3.145,-0.534,-0.343,-0.439,0.859,20.687,1.298,-12.924,-0.349,-0.508,0.814,26.473,-1.496,2.031,0.199,-0.352,0.743,-16.145,14.496,28.038,izquierda
1780984043.3403077,-0.858,-0.189,0.42,20.107,-9.328,2.74,-0.769,-0.36,0.452,14.649,-14.176,3.519,-0.389,-0.406,0.805,9.26,0.771,-15.107,-0.362,-0.493,0.793,12.939,8.489,-6.366,0.195,-0.393,0.784,-5.901,2.267,-0.87,izquierda
1780984043.4435718,-0.851,-0.232,0.502,1.687,-7.084,1.389,-0.652,-0.358,0.629,-4.809,-3.443,0.687,-0.297,-0.403,0.901,-1.374,-12.84,-1.679,-0.227,-0.451,0.753,2.504,9.802,-0.748,0.241,-0.421,0.766,-1.191,3.13,-0.328,izquierda
1780984043.5557613,-0.844,-0.208,0.511,-0.206,2.374,-0.656,-0.662,-0.354,0.605,-7.748,0.534,-0.504,-0.285,-0.41,0.896,-2.603,0.214,0.977,-0.272,-0.487,0.89,1.473,7.771,0.855,0.234,-0.408,0.765,-0.183,3.389,0.198,izquierda
1780984043.6554723,-0.842,-0.208,0.513,-0.435,4.145,-0.023,-0.657,-0.359,0.612,-8.71,5.603,-0.107,-0.296,-0.414,0.88,-2.672,0.992,-0.023,-0.285,-0.489,0.878,0.634,8.237,-1.183,0.23,-0.401,0.768,-1.206,3.16,-0.328,izquierda
1780984046.3275492,-0.849,-0.206,0.506,-1.015,1.87,-0.756,-0.671,-0.361,0.581,-7.0,0.397,-0.305,-0.294,-0.427,0.878,-0.351,-0.145,0.359,-0.278,-0.505,0.868,1.641,6.855,-0.275,0.204,-0.407,0.765,-0.397,2.626,-0.015,izquierda
1780984046.4315932,-0.846,-0.209,0.5,-0.809,1.26,-0.275,-0.673,-0.364,0.588,-6.969,0.244,-0.305,-0.297,-0.427,0.877,-0.481,0.412,0.519,-0.28,-0.507,0.873,1.855,7.229,-0.084,0.207,-0.409,0.763,-0.366,2.939,0.008,izquierda
1780984046.5418336,-0.848,-0.205,0.505,-1.115,1.901,-1.13,-0.675,-0.364,0.583,-7.115,0.359,-0.855,-0.296,-0.424,0.879,-0.366,0.206,0.198,-0.277,-0.511,0.875,1.504,7.58,-0.16,0.207,-0.409,0.766,-0.794,2.351,0.344,izquierda
1780984046.6443877,-0.843,-0.205,0.494,-0.687,0.939,-0.847,-0.674,-0.359,0.582,-6.557,0.366,-0.504,-0.292,-0.428,0.881,-0.069,-0.13,0.344,-0.282,-0.51,0.869,2.084,7.107,-0.489,0.211,-0.411,0.768,-0.298,3.42,-0.565,izquierda
1780984046.7397268,-0.85,-0.203,0.506,-0.794,0.992,-0.252,-0.672,-0.361,0.582,-6.878,0.328,-0.282,-0.291,-0.427,0.874,-0.382,0.267,-0.183,-0.27,-0.509,0.87,1.71,7.008,-0.489,0.21,-0.412,0.774,-0.328,2.664,-0.275,izquierda
1780984046.848854,-0.851,-0.206,0.505,-0.977,1.794,-0.618,-0.677,-0.363,0.59,-7.137,0.794,-0.076,-0.294,-0.431,0.873,-0.466,-0.137,0.26,-0.282,-0.514,0.871,1.695,7.061,0.092,0.201,-0.411,0.775,-0.092,1.565,-0.069,izquierda
1780984046.9460697,-0.846,-0.207,0.5,-1.298,2.023,-1.832,-0.679,-0.363,0.578,-7.779,1.389,-1.328,-0.308,-0.434,0.879,-4.42,1.206,-0.092,-0.275,-0.523,0.855,0.947,7.916,0.489,0.363,-0.436,0.745,4.252,-11.893,-7.756,izquierda
1780984047.0498,-0.827,-0.189,0.463,-50.389,30.275,3.206,-0.896,-0.417,0.358,-52.015,16.947,-3.389,-0.658,-0.518,0.751,-53.038,9.496,83.656,-0.402,-0.603,0.721,-55.916,16.527,25.031,0.444,-0.433,0.787,29.427,-65.443,-90.099,izquierda
1780984047.1577823,-0.732,-0.259,0.476,-24.313,-16.374,9.206,-0.597,-0.46,0.676,-63.763,-2.779,12.809,-0.166,-0.489,0.986,-12.328,-4.962,38.855,-0.285,-0.58,0.849,-9.427,15.099,5.176,0.495,-0.278,0.659,-15.603,-7.656,-27.29,izquierda
1780984047.2585685,-0.853,-0.252,0.399,2.504,-4.145,3.031,-0.671,-0.416,0.472,-9.0,-2.824,1.252,-0.378,-0.448,0.803,-3.855,-4.229,3.809,-0.336,-0.596,0.769,-0.809,7.832,-0.038,0.462,-0.294,0.688,-8.534,0.145,-7.42,izquierda
1780984047.358119,-0.907,-0.266,0.414,-2.359,4.771,-4.458,-0.731,-0.464,0.479,-7.382,1.389,-4.374,-0.374,-0.484,0.827,-2.061,-0.053,-5.153,-0.325,-0.612,0.764,3.397,7.496,-3.74,0.432,-0.302,0.693,4.618,3.542,7.527,izquierda
1780984047.4653032,-0.947,-0.255,0.346,9.511,17.794,0.359,-0.625,-0.452,0.564,-3.046,27.87,6.099,-0.367,-0.487,0.84,9.992,18.527,-36.802,-0.307,-0.594,0.752,18.191,5.702,5.954,0.364,-0.288,0.691,20.099,26.42,43.473,izquierda
1780984047.5639472,-0.885,-0.273,0.452,31.84,5.832,-3.542,-0.729,-0.434,0.417,25.443,13.519,-9.481,-0.34,-0.473,0.8,35.221,16.214,-27.84,-0.317,-0.571,0.754,34.183,12.603,-12.092,0.315,-0.351,0.763,30.916,31.786,50.87,izquierda
1780984047.6735127,-0.916,-0.249,0.441,46.458,-12.359,7.031,-0.738,-0.408,0.486,53.191,-9.427,4.817,-0.351,-0.426,0.803,51.359,-2.389,-26.115,-0.299,-0.521,0.778,41.023,2.183,-4.244,0.252,-0.373,0.798,-15.916,24.885,19.275,izquierda
1780984047.7819123,-0.846,-0.193,0.425,12.031,-4.588,-9.145,-0.679,-0.332,0.495,4.336,-3.863,-10.557,-0.311,-0.387,0.814,-2.191,1.702,-12.74,-0.292,-0.485,0.824,2.626,6.702,-7.832,0.24,-0.466,0.865,-8.573,8.45,2.618,izquierda
1780984047.8826842,-0.852,-0.265,0.493,-4.557,-1.977,4.481,-0.661,-0.375,0.577,-3.481,-10.16,3.977,-0.417,-0.435,0.863,8.878,-5.374,-11.824,-0.293,-0.499,0.82,22.863,1.779,-0.786,0.241,-0.396,0.754,2.008,-8.603,4.733,izquierda
1780984047.9761574,-0.861,-0.211,0.477,1.168,-1.351,-0.573,-0.686,-0.37,0.559,-5.153,-4.664,-0.466,-0.298,-0.435,0.884,-1.718,-4.855,-0.962,-0.301,-0.513,0.874,3.008,4.763,-0.695,0.214,-0.416,0.769,0.023,2.687,-0.573,izquierda
1780984048.078555,-0.858,-0.206,0.485,1.351,-0.053,-0.092,-0.684,-0.368,0.575,-6.115,0.603,-0.092,-0.294,-0.435,0.878,-0.809,-1.802,-1.031,-0.269,-0.502,0.872,0.275,5.076,-1.397,0.21,-0.411,0.769,-0.504,4.763,-1.458,izquierda
1780984048.1815085,-0.856,-0.208,0.49,0.55,0.641,-1.053,-0.69,-0.365,0.559,-6.672,-0.748,-0.565,-0.291,-0.434,0.879,-1.206,-1.29,-0.794,-0.269,-0.505,0.877,0.74,6.092,-1.29,0.209,-0.409,0.776,-1.084,1.992,-0.649,izquierda
1780984048.284586,-0.856,-0.21,0.497,0.611,0.893,-0.137,-0.68,-0.364,0.578,-6.863,0.893,-0.863,-0.292,-0.44,0.875,-1.015,0.313,0.176,-0.265,-0.506,0.881,1.122,7.427,-0.252,0.209,-0.401,0.771,-0.901,2.405,-0.099,izquierda
1780984050.9631402,-0.859,-0.206,0.49,-1.45,2.427,-0.137,-0.683,-0.372,0.563,-7.168,0.427,-0.244,-0.291,-0.449,0.869,-0.389,-0.076,0.603,-0.274,-0.523,0.869,1.649,7.176,-0.099,0.201,-0.423,0.775,-0.374,2.893,-0.031,izquierda
1780984051.079208,-0.856,-0.204,0.496,-0.809,0.985,-0.565,-0.683,-0.366,0.563,-7.099,0.206,-0.504,-0.291,-0.444,0.863,-1.29,0.702,-0.366,-0.269,-0.523,0.869,1.061,7.626,-1.191,0.202,-0.413,0.762,-1.0,1.985,0.496,izquierda
1780984051.1803002,-0.854,-0.207,0.479,-1.023,1.817,-1.191,-0.681,-0.368,0.563,-6.565,1.84,-0.473,-0.289,-0.445,0.878,0.0,0.565,0.153,-0.271,-0.523,0.868,1.847,6.046,-0.809,0.2,-0.419,0.761,-0.626,2.244,-0.137,izquierda
1780984051.2760937,-0.857,-0.205,0.493,-1.305,1.489,-0.534,-0.687,-0.367,0.564,-6.84,0.351,-0.061,-0.29,-0.446,0.871,0.061,0.069,0.542,-0.263,-0.523,0.868,2.122,6.809,0.26,0.198,-0.408,0.763,0.595,3.931,-0.534,izquierda
1780984051.3751996,-0.857,-0.207,0.488,-0.679,1.176,-0.107,-0.682,-0.373,0.563,-7.046,0.527,-0.389,-0.289,-0.443,0.87,-0.153,0.076,0.252,-0.271,-0.52,0.867,1.626,7.473,-0.924,0.201,-0.415,0.771,-0.687,1.84,0.115,izquierda
1780984051.48275,-0.857,-0.206,0.485,-0.786,1.58,-0.55,-0.685,-0.37,0.565,-7.031,0.298,-0.611,-0.295,-0.441,0.871,-0.542,0.076,-0.26,-0.269,-0.52,0.874,1.366,6.962,-1.076,0.199,-0.408,0.762,-1.038,0.87,0.183,izquierda
1780984051.5808635,-0.855,-0.21,0.488,-1.427,1.763,-1.221,-0.679,-0.366,0.558,-7.473,0.26,-0.756,-0.293,-0.444,0.868,-0.794,0.809,-0.29,-0.276,-0.526,0.86,1.817,7.061,-0.565,0.213,-0.425,0.778,0.847,1.237,1.71,izquierda
1780984051.6927443,-0.858,-0.202,0.491,2.176,1.855,-2.901,-0.736,-0.388,0.544,-21.038,9.137,-0.206,-0.644,-0.477,0.769,-19.313,13.046,33.145,-0.274,-0.689,1.369,-1.511,31.099,50.359,0.107,-0.285,0.769,65.588,-44.389,-4.626,izquierda
1780984051.7880018,-0.844,-0.235,0.462,-47.626,23.733,3.733,-0.693,-0.42,0.51,-42.275,7.733,0.969,-0.345,-0.457,0.758,-32.969,-7.527,47.916,-0.341,-0.515,0.771,-70.427,46.786,1.382,0.303,-0.214,0.678,9.473,-24.275,-49.863,izquierda
1780984051.8988044,-0.882,-0.264,0.455,-24.137,-5.542,9.412,-0.709,-0.459,0.613,-22.939,-7.542,11.061,-0.313,-0.491,0.953,-1.252,-13.496,34.695,-0.368,-0.568,0.896,-16.282,5.168,-9.252,0.36,-0.227,0.767,-26.053,-27.573,-34.779,izquierda
1780984052.0044386,-0.857,-0.233,0.398,-1.687,2.939,-6.0,-0.703,-0.429,0.474,-14.519,4.168,-5.618,-0.341,-0.469,0.84,-7.145,2.046,-0.511,-0.363,-0.61,0.769,-6.718,7.641,-9.672,0.425,-0.275,0.743,-13.183,2.588,-5.084,izquierda
1780984052.1075213,-0.885,-0.261,0.412,-6.504,6.031,-4.176,-0.701,-0.441,0.484,-12.954,1.725,-2.771,-0.329,-0.48,0.819,-5.038,1.924,-8.718,-0.363,-0.605,0.747,-1.008,11.183,-3.748,0.401,-0.271,0.742,1.328,6.481,7.565,izquierda
1780984052.2084014,-0.87,-0.256,0.399,0.16,1.0,-2.008,-0.714,-0.4,0.493,-3.015,3.237,5.466,-0.343,-0.513,0.967,2.252,10.176,-14.45,-0.322,-0.607,0.798,22.969,-8.206,-5.527,0.395,-0.326,0.795,17.389,19.466,44.802,izquierda
1780984052.3024197,-0.86,-0.268,0.436,17.481,2.527,2.496,-0.625,-0.448,0.586,23.885,-0.656,-9.046,-0.311,-0.491,0.848,21.779,8.656,-15.275,-0.302,-0.566,0.776,33.748,-3.046,-18.565,0.326,-0.292,0.777,-18.534,42.435,41.198,izquierda
1780984052.4070811,-0.882,-0.252,0.41,31.542,-7.13,-7.969,-0.711,-0.417,0.509,28.695,-3.695,-10.908,-0.339,-0.463,0.842,24.168,-2.588,-19.168,-0.321,-0.543,0.785,23.985,5.145,-8.756,0.263,-0.347,0.792,-12.069,25.481,18.321,izquierda
1780984052.5155656,-0.876,-0.246,0.482,46.435,-21.344,-9.206,-0.672,-0.389,0.531,23.511,-10.588,-10.344,-0.286,-0.443,0.834,16.115,-3.634,-22.313,-0.288,-0.541,0.835,12.069,5.122,-13.26,0.222,-0.388,0.817,-13.023,17.962,11.534,izquierda
1780984052.615154,-0.885,-0.199,0.431,4.588,-9.496,-4.13,-0.687,-0.398,0.577,-1.053,-7.046,0.122,-0.323,-0.444,0.852,4.328,-7.817,-1.076,-0.294,-0.538,0.868,4.893,-0.527,-1.389,0.196,-0.375,0.791,-1.969,-1.16,-3.489,izquierda
1780984052.7137442,-0.854,-0.219,0.498,-8.588,4.786,-0.603,-0.688,-0.365,0.554,-4.893,-0.328,-0.191,-0.291,-0.445,0.872,-0.901,3.038,0.748,-0.278,-0.528,0.863,2.023,6.939,0.13,0.191,-0.379,0.782,-1.13,6.679,-1.718,izquierda
1780984052.8218992,-0.854,-0.225,0.489,-2.168,2.42,0.695,-0.688,-0.377,0.552,-6.496,0.198,-0.87,-0.29,-0.448,0.866,-0.931,0.458,-0.26,-0.278,-0.53,0.857,1.244,6.015,-1.221,0.192,-0.383,0.782,-1.489,2.046,-0.779,izquierda
1780984055.6103632,-0.853,-0.212,0.49,-1.588,3.252,1.359,-0.684,-0.375,0.562,-7.26,0.603,0.107,-0.289,-0.455,0.86,-1.527,1.511,1.298,-0.276,-0.533,0.855,0.87,8.832,0.809,0.198,-0.406,0.78,-0.84,4.802,0.595,izquierda
1780984055.71703,-0.855,-0.21,0.494,-1.733,0.908,-0.641,-0.682,-0.375,0.557,-6.885,0.511,-0.443,-0.291,-0.458,0.858,-1.13,0.649,-0.473,-0.278,-0.533,0.86,0.924,7.237,-0.74,0.196,-0.411,0.781,-1.351,2.0,0.115,izquierda
1780984055.8042395,-0.849,-0.209,0.482,-1.092,1.115,-1.0,-0.687,-0.383,0.552,-6.924,0.046,-0.206,-0.294,-0.456,0.854,0.321,0.237,-0.092,-0.288,-0.541,0.85,2.855,4.817,-1.626,0.2,-0.413,0.778,-0.321,0.458,-4.015,izquierda
1780984055.9101524,-0.855,-0.212,0.492,-3.45,-1.008,-1.473,-0.687,-0.37,0.565,-6.649,-0.817,-0.29,-0.288,-0.455,0.863,-0.092,-1.42,-0.092,-0.272,-0.527,0.863,2.061,5.863,0.45,0.331,-0.417,0.665,-10.962,0.794,-9.328,izquierda
1780984056.0195198,-0.852,-0.208,0.495,-1.954,-2.13,-3.237,-0.681,-0.371,0.563,-7.244,0.0,-2.122,-0.287,-0.458,0.861,-1.74,-0.985,-1.267,-0.281,-0.537,0.855,0.26,7.489,-2.389,0.202,-0.409,0.765,-4.916,-2.519,-2.595,izquierda
1780984056.1137223,-0.852,-0.22,0.49,-2.458,3.031,-0.947,-0.68,-0.38,0.56,-7.649,0.679,-0.405,-0.291,-0.456,0.858,-0.71,1.275,0.206,-0.281,-0.54,0.855,1.473,7.29,-0.397,0.21,-0.412,0.77,-1.771,0.687,-1.588,izquierda
1780984056.223181,-0.842,-0.226,0.502,-1.061,-1.229,-3.649,-0.68,-0.379,0.565,-6.489,-0.191,-1.603,-0.289,-0.451,0.855,-0.397,-0.794,-2.015,-0.278,-0.541,0.855,1.359,5.015,-2.58,0.204,-0.414,0.759,-2.603,-0.733,-2.489,izquierda
1780984056.3313923,-0.843,-0.234,0.506,-1.771,-0.26,-2.229,-0.674,-0.381,0.563,-5.626,-2.687,-1.382,-0.274,-0.453,0.868,-0.45,-1.832,-0.733,-0.276,-0.521,0.856,3.328,4.931,-0.107,0.209,-0.415,0.757,-0.763,1.908,-0.489,izquierda
1780984056.4314852,-0.87,-0.219,0.505,-1.473,-7.076,-7.42,-0.68,-0.38,0.561,-4.718,-8.687,-5.466,-0.274,-0.465,0.865,-0.565,-7.191,-6.649,-0.262,-0.535,0.875,2.443,-6.359,-9.176,0.198,-0.411,0.793,0.893,-12.618,2.443,izquierda
1780984056.5501444,-0.818,-0.247,0.535,-2.237,-1.099,-2.939,-0.662,-0.384,0.579,-5.679,-2.679,-0.557,-0.251,-0.439,0.886,-0.893,1.267,-0.008,-0.226,-0.552,0.931,4.695,6.435,3.168,0.267,-0.404,0.752,26.206,-2.26,26.16,izquierda
1780984056.6280336,-0.822,-0.234,0.516,-2.397,9.313,6.504,-0.641,-0.375,0.637,-10.58,13.832,7.817,-0.317,-0.435,0.885,3.832,49.664,25.733,-0.189,-0.667,0.974,94.885,42.634,36.901,0.209,-0.359,0.853,61.405,3.763,21.282,izquierda
1780984056.7312398,-0.849,-0.245,0.499,-1.176,33.908,8.824,-0.64,-0.297,0.403,5.053,30.893,31.84,-0.501,-0.367,0.678,14.756,38.221,71.473,-0.391,-0.44,0.811,2.466,37.664,1.26,0.147,-0.236,0.858,26.504,-24.374,-83.618,izquierda
1780984056.8345242,-0.882,-0.171,0.369,-48.038,4.695,44.885,-0.699,-0.276,0.402,-60.84,-3.664,41.679,-0.318,-0.347,0.795,-63.962,-18.878,49.389,-0.24,-0.381,0.901,-58.832,6.153,34.458,0.2,-0.092,0.774,-27.481,-76.893,-90.542,izquierda
1780984056.937599,-0.745,-0.163,0.526,-20.198,-0.252,7.771,-0.551,-0.265,0.632,-20.939,-0.916,1.504,-0.216,-0.371,0.85,-28.107,-6.748,5.206,-0.302,-0.407,0.873,-38.733,27.977,-3.664,0.437,-0.146,0.682,-19.649,5.008,-21.962,izquierda
1780984057.0513062,-0.907,-0.166,0.447,-2.931,3.412,-9.038,-0.765,-0.331,0.524,-9.313,1.893,-7.115,-0.398,-0.437,0.861,-4.611,1.42,-4.55,-0.371,-0.516,0.853,-0.489,10.863,-5.267,0.435,-0.181,0.755,-1.87,3.603,-0.031,izquierda
1780984057.1561873,-0.804,-0.166,0.442,6.061,-4.206,-16.168,-0.634,-0.278,0.515,-0.962,1.672,-28.214,-0.354,-0.39,0.895,-1.649,-3.046,-41.397,-0.372,-0.517,0.914,19.885,-20.878,-34.328,0.443,-0.216,0.74,-42.099,42.939,28.725,izquierda
1780984057.2466874,-0.915,-0.245,0.478,25.458,16.122,-16.107,-0.742,-0.384,0.534,19.069,21.053,-10.794,-0.386,-0.438,0.834,45.679,26.756,-36.985,-0.331,-0.445,0.855,47.992,18.885,-23.313,0.231,-0.235,0.787,-22.962,55.504,62.389,izquierda
1780984057.355827,-0.925,-0.193,0.422,21.832,-9.496,-1.405,-0.772,-0.331,0.454,16.985,-5.328,-1.916,-0.428,-0.323,0.815,28.382,7.588,-7.046,-0.361,-0.367,0.809,29.16,4.634,-9.0,0.315,-0.34,0.807,7.122,11.45,34.107,izquierda
1780984057.4522278,-0.843,-0.183,0.425,6.878,-0.466,-16.366,-0.729,-0.319,0.47,-3.435,1.702,-17.145,-0.425,-0.353,0.813,-6.137,5.0,-13.595,-0.328,-0.391,0.886,-6.618,8.954,-8.336,0.232,-0.322,0.841,-7.298,20.725,12.794,izquierda
1780984057.555085,-0.884,-0.219,0.414,-2.214,-14.595,-0.611,-0.747,-0.344,0.407,-6.969,-15.008,-15.305,-0.415,-0.355,0.733,-27.725,-24.595,-17.977,-0.304,-0.367,0.682,-56.855,-13.664,-29.099,0.202,-0.311,0.714,-35.092,10.053,-9.229,izquierda
1780984060.2443366,-0.863,-0.204,0.474,-1.557,2.405,-0.779,-0.699,-0.372,0.55,-7.244,0.947,-0.053,-0.333,-0.443,0.848,-0.84,-0.359,0.595,-0.28,-0.543,0.852,0.763,9.084,0.229,0.194,-0.416,0.768,-2.405,3.206,-1.962,izquierda
1780984060.3470633,-0.865,-0.204,0.475,-0.878,1.351,-1.473,-0.696,-0.371,0.541,-6.809,0.443,-0.618,-0.33,-0.45,0.854,-0.214,-0.473,-0.015,-0.281,-0.545,0.838,1.718,6.817,-0.115,0.194,-0.416,0.771,-1.29,1.809,-0.061,izquierda
1780984060.4470425,-0.869,-0.202,0.472,-0.695,1.489,-0.748,-0.698,-0.373,0.531,-7.336,0.725,-0.634,-0.333,-0.451,0.848,-0.359,0.565,0.45,-0.276,-0.545,0.848,1.275,7.023,-0.55,0.201,-0.42,0.76,-0.626,2.565,-0.168,izquierda
1780984060.5484397,-0.868,-0.203,0.473,-0.641,1.107,-1.641,-0.699,-0.37,0.543,-6.824,0.099,-1.168,-0.33,-0.448,0.852,-0.122,-0.695,-0.153,-0.271,-0.541,0.854,1.679,6.771,-0.74,0.204,-0.424,0.772,-0.29,3.282,0.145,izquierda
1780984060.6477747,-0.859,-0.198,0.464,-1.611,1.878,-0.962,-0.703,-0.379,0.546,-7.267,0.443,-0.198,-0.332,-0.449,0.846,-0.733,1.076,-0.038,-0.281,-0.549,0.847,1.351,7.107,-0.023,0.199,-0.422,0.771,-1.588,1.725,-0.672,izquierda
1780984060.762857,-0.868,-0.199,0.469,-0.405,2.145,-0.901,-0.701,-0.371,0.538,-7.183,0.389,-0.611,-0.331,-0.452,0.849,-0.305,-0.244,0.0,-0.275,-0.548,0.847,1.298,7.611,-0.099,0.197,-0.418,0.77,-0.298,1.58,0.115,izquierda
1780984060.863023,-0.866,-0.203,0.468,-0.779,1.084,-1.076,-0.701,-0.378,0.541,-7.176,0.435,-0.191,-0.331,-0.451,0.851,-0.58,1.023,0.779,-0.27,-0.549,0.851,1.351,8.191,0.198,0.059,-0.394,0.828,19.962,18.137,21.191,izquierda
1780984060.9545252,-0.871,-0.202,0.462,0.122,8.519,0.046,-0.708,-0.378,0.517,-9.542,8.084,-2.611,-0.297,-0.656,0.746,-29.122,4.916,53.756,-0.491,-0.652,0.683,-40.221,53.786,29.824,0.336,-0.428,0.757,88.664,-60.45,-32.511,izquierda
1780984061.0577111,-0.914,-0.225,0.401,-84.344,24.931,4.046,-0.742,-0.461,0.526,-85.702,26.473,14.855,-0.369,-0.528,0.911,-44.489,-13.58,66.359,-0.217,-0.529,0.948,-14.786,12.771,35.351,0.323,-0.208,0.671,-6.061,-62.626,-53.084,izquierda
1780984061.1684911,-0.847,-0.231,0.396,-4.863,13.305,0.992,-0.69,-0.412,0.443,-13.084,12.603,0.527,-0.394,-0.43,0.758,-2.16,5.977,5.435,-0.392,-0.536,0.708,-9.282,19.908,-1.489,0.354,-0.205,0.715,-15.153,3.344,-18.519,izquierda
1780984061.2695098,-0.92,-0.248,0.385,-2.55,4.443,-2.511,-1.175,-0.573,0.492,-9.305,-9.573,4.511,-0.424,-0.479,0.802,-6.168,0.527,-8.321,-0.423,-0.625,0.681,-5.962,4.511,-6.893,0.396,-0.255,0.773,-2.061,1.634,1.916,izquierda
1780984061.373718,-0.888,-0.241,0.37,3.924,5.656,1.26,-0.737,-0.424,0.432,-4.084,-11.183,0.298,-0.387,-0.49,0.836,1.023,-2.176,-38.122,-0.46,-0.636,0.801,9.695,-3.092,-15.786,0.356,-0.282,0.789,1.779,27.336,25.733,izquierda
1780984061.4693403,-0.867,-0.26,0.438,18.794,-3.359,-3.748,-0.662,-0.456,0.595,10.244,8.588,-1.802,-0.337,-0.502,0.903,25.366,17.221,-21.855,-0.27,-0.641,0.948,47.664,8.321,-8.916,0.32,-0.329,0.857,-7.13,53.794,59.565,izquierda
1780984061.5725331,-0.963,-0.23,0.4,53.13,-6.13,0.863,-0.813,-0.429,0.465,42.992,-4.336,-1.824,-0.428,-0.473,0.847,43.038,0.061,-20.382,-0.404,-0.541,0.774,44.565,8.443,-6.137,0.265,-0.321,0.807,-11.336,18.023,22.626,izquierda
1780984061.694523,-0.858,-0.17,0.382,14.389,-6.191,-11.122,-0.713,-0.355,0.45,8.466,-7.237,-13.992,-0.391,-0.417,0.819,1.794,-0.832,-15.122,-0.337,-0.515,0.841,-0.107,6.435,-11.405,0.218,-0.353,0.817,-11.954,14.389,8.221,izquierda
1780984061.792039,-0.849,-0.183,0.394,0.366,-5.321,-14.061,-0.685,-0.346,0.434,-7.748,-1.382,-16.481,-0.358,-0.422,0.794,-12.382,-1.183,-10.038,-0.401,-0.527,0.795,-1.42,-4.435,-9.748,0.158,-0.335,0.755,-33.618,13.107,-1.29,izquierda
1780984061.8922238,-0.871,-0.21,0.454,-1.786,-9.58,-1.046,-0.707,-0.39,0.573,-2.153,-10.916,-0.45,-0.289,-0.436,0.81,6.588,-7.763,0.534,-0.385,-0.631,0.912,-13.55,1.061,-10.435,0.171,-0.369,0.734,-0.282,-4.092,-3.389,izquierda
1780984061.9880037,-0.874,-0.206,0.466,1.137,-0.802,-0.282,-0.709,-0.377,0.524,-5.473,-0.214,-0.84,-0.325,-0.458,0.845,-0.313,-2.725,-1.26,-0.297,-0.556,0.833,2.901,4.099,-0.58,0.199,-0.406,0.773,-2.626,2.237,-1.282,izquierda
1780984062.0977087,-0.86,-0.209,0.481,0.221,-0.565,0.58,-0.716,-0.383,0.533,-5.374,1.053,-1.344,-0.327,-0.466,0.849,-1.397,0.634,0.099,-0.293,-0.548,0.833,0.641,8.702,0.008,0.199,-0.406,0.774,-1.954,5.718,0.771,izquierda
1780984064.8770308,-0.865,-0.204,0.469,-0.74,1.305,-0.069,-0.703,-0.382,0.533,-7.244,0.435,-0.573,-0.321,-0.469,0.851,-0.74,0.84,0.45,-0.286,-0.563,0.83,1.298,7.534,0.16,0.2,-0.442,0.755,-0.489,3.015,0.298,izquierda
1780984064.9781923,-0.866,-0.211,0.469,-1.336,2.282,0.748,-0.708,-0.386,0.531,-7.038,0.725,0.87,-0.319,-0.467,0.855,0.145,0.29,1.496,-0.288,-0.556,0.838,2.145,8.481,1.359,0.204,-0.43,0.764,0.282,4.527,0.42,izquierda
1780984065.0748293,-0.866,-0.206,0.465,-0.359,2.542,1.153,-0.705,-0.385,0.526,-6.305,1.366,0.626,-0.325,-0.468,0.843,0.557,1.076,0.931,-0.291,-0.557,0.832,2.397,8.328,0.214,0.197,-0.423,0.756,-1.191,3.198,-0.786,izquierda
1780984065.1802673,-0.863,-0.21,0.464,-0.16,1.412,-1.527,-0.704,-0.387,0.526,-7.191,0.718,-1.137,-0.328,-0.467,0.838,-1.26,1.053,-0.282,-0.29,-0.565,0.832,0.924,7.725,-1.313,0.202,-0.439,0.756,-0.908,2.893,0.061,izquierda
1780984065.2813952,-0.872,-0.205,0.469,-0.977,2.977,-1.466,-0.708,-0.381,0.522,-7.374,0.916,-1.29,-0.329,-0.469,0.84,-0.901,0.618,-0.656,-0.29,-0.56,0.826,0.634,6.992,-1.412,0.209,-0.445,0.764,-1.443,1.298,0.183,izquierda
1780984065.383294,-0.87,-0.207,0.464,-1.435,3.855,-0.023,-0.711,-0.383,0.513,-7.328,0.504,0.237,-0.333,-0.469,0.835,-0.534,0.595,0.84,-0.297,-0.562,0.828,2.489,5.649,0.282,0.205,-0.439,0.76,0.931,4.282,-1.008,izquierda
1780984065.4878936,-0.866,-0.205,0.461,-1.115,1.977,0.389,-0.709,-0.385,0.517,-6.885,-0.099,-0.069,-0.327,-0.468,0.84,0.145,-0.947,-0.229,-0.299,-0.564,0.83,1.573,6.153,-0.588,0.103,-0.418,0.818,14.13,6.099,22.214,izquierda
1780984065.5892124,-0.858,-0.205,0.475,-1.969,8.55,2.725,-0.69,-0.378,0.56,-9.069,16.443,3.16,-0.337,-0.468,0.838,-0.489,26.084,8.954,-0.245,-0.5,0.781,42.985,16.893,5.702,0.183,-0.427,0.813,24.962,6.74,31.191,izquierda
1780984065.6924093,-0.886,-0.2,0.454,2.191,-9.557,-8.45,-0.733,-0.443,0.488,-3.725,5.389,-11.786,-0.324,-0.526,0.899,-26.916,-8.298,62.183,-0.352,-0.554,0.738,-81.206,45.672,-1.099,0.357,-0.426,0.868,-10.58,-62.656,-112.084,izquierda
1780984065.7963216,-0.843,-0.253,0.488,-36.931,3.16,-0.87,-0.618,-0.374,0.571,-38.321,-2.71,6.832,-0.301,-0.449,0.873,-22.344,1.641,28.695,-0.367,-0.58,0.849,-14.023,7.115,9.16,0.409,-0.278,0.715,1.748,-23.809,-21.458,izquierda
1780984065.8984346,-0.88,-0.237,0.393,-2.74,5.336,0.092,-0.748,-0.425,0.426,-13.725,4.214,2.221,-0.403,-0.456,0.757,-2.947,1.473,6.702,-0.391,-0.625,0.759,-2.58,9.153,3.366,0.405,-0.28,0.743,-2.382,1.817,-5.794,izquierda
1780984066.0019555,-0.885,-0.233,0.389,-4.977,6.397,-0.038,-0.751,-0.433,0.447,-15.855,7.786,1.443,-0.432,-0.462,0.779,0.87,-1.504,1.985,-0.397,-0.565,0.725,3.023,7.42,3.603,0.398,-0.253,0.735,-1.58,-1.618,-6.275,izquierda
1780984066.1201878,-0.885,-0.233,0.392,-2.573,1.183,0.702,-0.74,-0.423,0.439,-7.115,-10.313,1.962,-0.365,-0.472,0.796,1.985,-5.0,-40.092,-0.424,-0.619,0.764,8.427,4.962,-17.412,0.386,-0.312,0.821,-11.168,29.511,20.672,izquierda
1780984066.2231584,-0.883,-0.231,0.391,0.252,11.954,8.542,-0.752,-0.41,0.47,-5.191,12.282,7.26,-0.386,-0.491,0.81,17.443,20.58,-28.229,-0.323,-0.572,0.92,48.198,6.71,-13.031,0.215,-0.319,0.91,-14.786,44.893,48.115,izquierda
1780984066.3237696,-0.965,-0.211,0.326,6.42,1.855,3.069,-0.716,-0.412,0.402,6.954,0.412,-0.695,-0.406,-0.492,0.79,14.557,3.344,-8.962,-0.38,-0.562,0.8,13.084,4.817,-8.542,0.261,-0.341,0.824,-3.099,15.496,32.282,izquierda
1780984066.4137437,-0.864,-0.23,0.459,38.481,-13.458,-10.221,-0.749,-0.401,0.453,27.954,-9.893,-10.756,-0.398,-0.467,0.838,29.893,0.031,-19.26,-0.369,-0.531,0.792,16.145,8.45,-10.183,0.214,-0.354,0.801,-7.519,17.565,24.847,izquierda
1780984066.5171933,-0.906,-0.163,0.359,14.863,-17.824,-7.55,-0.737,-0.355,0.47,5.275,-22.443,-0.809,-0.389,-0.435,0.808,-0.191,-13.0,-15.046,-0.328,-0.502,0.774,-7.527,-4.817,-10.573,0.227,-0.391,0.79,-22.29,4.542,2.763,izquierda
1780984066.6198072,-0.867,-0.197,0.458,1.191,-6.191,-2.496,-0.704,-0.388,0.576,-3.183,-2.695,-0.435,-0.339,-0.468,0.837,-4.076,-3.802,0.038,-0.331,-0.561,0.875,1.824,7.847,-1.519,0.163,-0.386,0.779,-5.969,6.924,-10.656,izquierda
1780984066.7266471,-0.873,-0.198,0.459,-1.237,2.809,1.061,-0.717,-0.375,0.517,-8.267,0.962,0.718,-0.342,-0.461,0.835,-0.87,0.336,1.962,-0.312,-0.557,0.82,1.618,7.107,-0.076,0.187,-0.403,0.781,-3.084,3.046,-4.374,izquierda
1780984069.5094924,-0.874,-0.191,0.451,-0.13,1.443,0.565,-0.714,-0.378,0.503,-7.107,0.557,0.244,-0.341,-0.469,0.841,-0.298,0.855,0.321,-0.315,-0.564,0.823,0.985,6.878,-0.237,0.19,-0.43,0.764,-1.702,3.901,-1.336,izquierda
1780984069.6154885,-0.875,-0.194,0.452,-0.71,1.359,-1.076,-0.715,-0.381,0.516,-6.893,-0.084,-0.695,-0.338,-0.464,0.831,-0.557,-0.122,-0.244,-0.317,-0.564,0.821,1.412,7.504,-0.084,0.199,-0.438,0.76,-0.519,2.405,-0.198,izquierda
1780984069.7099223,-0.879,-0.194,0.45,-0.969,1.366,-0.13,-0.721,-0.377,0.516,-6.954,0.336,0.16,-0.338,-0.464,0.84,-0.122,0.664,0.748,-0.314,-0.567,0.814,2.053,6.969,0.466,0.196,-0.434,0.759,-0.198,5.939,-0.595,izquierda
1780984069.8128521,-0.878,-0.192,0.448,-1.183,1.679,0.809,-0.722,-0.377,0.509,-7.099,0.725,0.153,-0.34,-0.463,0.836,-0.573,-1.099,0.885,-0.314,-0.561,0.822,1.641,5.664,-0.611,0.192,-0.434,0.763,-1.313,2.237,-1.092,izquierda
1780984069.9290786,-0.878,-0.189,0.451,-0.405,1.13,-1.313,-0.721,-0.375,0.508,-6.328,-0.031,-1.321,-0.342,-0.464,0.839,-0.954,-0.252,-1.015,-0.314,-0.569,0.812,1.573,6.748,-1.023,0.199,-0.437,0.76,-0.588,1.702,-0.076,izquierda
1780984070.0185306,-0.873,-0.189,0.453,-1.336,1.015,-1.252,-0.719,-0.378,0.51,-6.901,-0.023,-0.641,-0.34,-0.467,0.838,-0.389,-0.244,-0.29,-0.313,-0.569,0.819,1.313,7.649,-0.153,0.196,-0.431,0.756,-0.611,2.969,0.076,izquierda
1780984070.1286426,-0.873,-0.192,0.451,0.099,0.74,-0.603,-0.705,-0.386,0.512,-8.107,3.656,0.489,-0.399,-0.499,0.892,-7.031,-7.817,7.191,-0.623,-0.652,0.601,-3.221,39.069,25.29,0.547,-0.586,0.866,84.626,-44.099,-42.931,izquierda
1780984070.224685,-0.879,-0.187,0.393,-54.45,31.679,6.519,-0.821,-0.342,0.33,-62.344,14.328,3.443,-0.11,-0.493,0.93,-35.069,-1.527,70.458,-0.42,-0.645,1.071,-28.328,10.824,36.282,0.283,-0.18,0.656,21.023,-43.45,-30.092,izquierda
1780984070.3464234,-0.902,-0.216,0.389,-1.183,9.359,0.718,-0.752,-0.429,0.42,-13.832,5.802,0.435,-0.433,-0.492,0.844,-4.374,2.817,18.656,-0.43,-0.595,0.771,5.809,11.473,-3.977,0.322,-0.267,0.746,-8.061,-8.855,-13.382,izquierda
1780984070.4308977,-0.895,-0.228,0.394,-1.901,3.382,0.351,-0.737,-0.427,0.432,-11.031,4.664,0.641,-0.423,-0.469,0.789,-0.244,-0.863,0.489,-0.424,-0.583,0.709,1.687,5.458,-4.611,0.391,-0.269,0.76,-7.573,-4.527,-6.031,izquierda
1780984070.5372713,-0.89,-0.24,0.402,-0.099,2.389,0.733,-0.729,-0.427,0.46,-6.809,-5.588,0.29,-0.37,-0.474,0.814,-1.053,-4.893,-15.076,-0.38,-0.567,0.727,4.511,7.344,-5.427,0.387,-0.247,0.689,-3.252,11.679,7.389,izquierda
1780984070.6367152,-0.906,-0.213,0.391,2.298,-0.458,1.542,-0.737,-0.403,0.467,-2.26,0.802,2.626,-0.52,-0.491,0.784,11.786,1.656,-31.748,-0.343,-0.547,0.823,21.214,-13.214,-8.55,0.288,-0.27,0.749,-18.588,35.802,42.924,izquierda
1780984070.739854,-0.907,-0.207,0.382,7.519,3.863,9.641,-0.675,-0.408,0.445,6.389,2.519,0.603,-0.427,-0.507,0.76,15.565,8.267,-18.206,-0.419,-0.596,0.749,19.26,-5.038,-12.985,0.305,-0.379,0.811,-6.42,30.397,34.443,izquierda
1780984070.8433418,-0.898,-0.191,0.377,10.282,3.191,-1.496,-0.856,-0.398,0.354,-1.58,3.511,-0.84,-0.392,-0.468,0.81,7.458,1.397,-6.252,-0.375,-0.56,0.802,3.489,6.061,-5.595,0.235,-0.352,0.78,-5.031,12.863,6.008,izquierda
1780984070.9458468,-0.919,-0.208,0.4,14.061,-1.427,-7.527,-0.754,-0.393,0.477,6.183,-1.794,-2.702,-0.396,-0.469,0.857,13.107,1.519,-8.87,-0.366,-0.566,0.816,4.939,12.58,-8.099,0.209,-0.374,0.785,-7.092,8.282,-2.168,izquierda
1780984071.049509,-0.892,-0.202,0.431,16.794,-4.603,-0.458,-0.727,-0.361,0.452,9.901,-2.481,-3.641,-0.38,-0.415,0.784,11.382,-2.069,-8.282,-0.35,-0.52,0.755,7.336,7.282,-4.832,0.207,-0.372,0.785,-9.588,5.832,0.939,izquierda
1780984071.159201,-0.89,-0.2,0.402,0.0,-3.389,-0.71,-0.764,-0.399,0.458,-3.229,-20.267,-1.038,-0.408,-0.452,0.775,-18.733,-10.015,-4.13,-0.307,-0.577,0.766,-12.969,-0.153,-7.901,0.217,-0.424,0.792,-18.267,-0.214,-10.916,izquierda
1780984071.2614167,-0.875,-0.199,0.444,2.198,-3.198,0.87,-0.716,-0.385,0.512,-4.947,-6.901,-0.45,-0.336,-0.471,0.839,1.435,-3.26,-1.931,-0.316,-0.568,0.824,5.641,-1.954,-0.344,0.187,-0.439,0.78,-11.84,4.588,-10.779,izquierda
1780984071.3586335,-0.872,-0.197,0.462,-1.023,-1.466,-1.275,-0.714,-0.376,0.511,-6.328,-0.58,-1.153,-0.333,-0.465,0.84,-0.588,-2.725,-1.298,-0.315,-0.566,0.815,0.855,3.832,-2.069,0.2,-0.433,0.758,-3.053,1.321,-0.771,izquierda
1780984074.139286,-0.877,-0.198,0.445,-1.267,2.229,-0.427,-0.717,-0.388,0.501,-7.481,0.458,-0.031,-0.343,-0.472,0.829,-0.58,1.023,0.954,-0.323,-0.575,0.8,1.992,6.542,0.321,0.179,-0.447,0.753,-0.817,3.901,-0.412,izquierda
1780984074.2421777,-0.878,-0.194,0.439,-0.718,1.481,-0.382,-0.717,-0.386,0.505,-7.382,0.122,-0.336,-0.339,-0.471,0.833,-0.214,-0.183,-0.282,-0.327,-0.577,0.813,1.794,7.496,-0.137,0.183,-0.441,0.756,-0.802,2.84,-0.321,izquierda
1780984074.3469782,-0.879,-0.193,0.442,-1.168,1.298,-1.237,-0.717,-0.386,0.499,-6.916,0.313,-0.435,-0.342,-0.47,0.832,-0.206,0.031,0.153,-0.328,-0.58,0.807,1.908,6.656,-0.282,0.186,-0.454,0.75,-0.344,2.573,-0.313,izquierda
1780984074.4497242,-0.879,-0.193,0.439,-1.397,2.023,-0.221,-0.72,-0.384,0.507,-7.176,0.779,0.275,-0.344,-0.468,0.834,-0.366,0.763,0.84,-0.326,-0.576,0.807,1.374,7.076,-1.0,0.185,-0.442,0.753,-0.435,1.595,-0.176,izquierda
1780984074.5535772,-0.879,-0.19,0.442,-0.924,1.71,-0.298,-0.719,-0.385,0.509,-7.168,0.527,0.229,-0.342,-0.469,0.832,-0.214,-0.008,0.626,-0.328,-0.575,0.811,1.305,7.626,-0.817,0.18,-0.453,0.765,2.26,1.252,0.748,izquierda
1780984074.6544924,-0.882,-0.197,0.442,-1.214,2.015,-0.71,-0.724,-0.389,0.504,-7.244,0.71,-0.511,-0.339,-0.469,0.824,-0.611,0.45,-0.359,-0.324,-0.577,0.795,1.611,8.023,0.0,0.18,-0.442,0.751,-0.252,2.214,-0.725,izquierda
1780984074.7570765,-0.879,-0.192,0.44,-1.0,1.55,-0.458,-0.717,-0.386,0.506,-7.069,0.366,-0.58,-0.341,-0.473,0.833,-0.359,-0.656,0.092,-0.322,-0.575,0.807,1.275,6.42,-0.244,0.187,-0.449,0.762,0.519,2.29,0.084,izquierda
1780984074.8622782,-0.881,-0.193,0.436,-0.702,2.527,-0.466,-0.719,-0.38,0.504,-7.557,1.275,-0.252,-0.346,-0.474,0.825,-0.603,1.832,1.046,-0.327,-0.578,0.814,0.649,7.908,-0.664,0.172,-0.472,0.769,15.573,1.618,9.954,izquierda
1780984074.970162,-0.879,-0.194,0.437,-0.656,6.595,0.26,-0.729,-0.406,0.533,-9.748,-1.015,-0.252,-0.38,-0.465,0.788,-4.992,12.725,5.443,-0.348,-0.548,0.812,20.664,8.481,14.107,0.215,-0.387,0.72,50.29,-4.008,52.107,izquierda
1780984075.0663145,-0.9,-0.19,0.414,1.939,-1.87,-5.939,-0.751,-0.394,0.447,-1.366,-5.901,-6.16,-0.499,-0.477,0.713,-7.916,-26.992,40.13,-0.34,-0.586,0.895,-30.122,26.466,27.55,0.127,-0.329,0.795,31.344,-55.527,-65.924,izquierda
1780984075.185813,-0.852,-0.272,0.515,-64.076,11.969,-4.595,-0.653,-0.407,0.574,-46.656,-3.412,-0.328,-0.265,-0.449,0.943,-28.794,-15.656,28.756,-0.35,-0.582,0.849,-15.489,17.069,-0.511,0.413,-0.21,0.706,3.282,-51.015,-43.725,izquierda
1780984075.286654,-0.891,-0.225,0.415,11.29,-5.053,3.137,-0.706,-0.393,0.464,-0.374,-4.809,2.611,-0.318,-0.422,0.808,7.023,-7.794,-3.099,-0.377,-0.539,0.677,-3.061,17.733,-7.55,0.37,-0.188,0.698,-25.771,-11.191,-20.053,izquierda
1780984075.3750896,-0.877,-0.16,0.358,21.634,-8.26,-2.573,-0.754,-0.397,0.426,-1.053,-2.412,1.55,-0.42,-0.472,0.845,4.45,-0.321,-10.351,-0.452,-0.636,0.741,2.71,10.405,-0.71,0.404,-0.259,0.763,-1.947,-1.458,-3.023,izquierda
1780984075.4804342,-0.849,-0.176,0.443,-3.557,4.092,-2.427,-0.692,-0.377,0.475,-9.412,0.015,-5.321,-0.281,-0.435,0.823,-5.687,-0.679,-17.664,-0.393,-0.582,0.674,-5.863,8.153,-6.099,0.374,-0.247,0.71,-4.427,24.069,13.206,izquierda
1780984075.5810502,-0.921,-0.231,0.496,-1.786,2.244,-1.229,-0.739,-0.437,0.564,4.58,3.962,2.901,-0.323,-0.508,0.913,17.191,3.458,-12.794,-0.486,-0.674,1.022,28.504,-13.053,-12.687,0.115,-0.281,0.878,-14.382,32.985,59.046,izquierda
1780984075.687666,-0.916,-0.187,0.444,35.771,-5.107,6.832,-0.712,-0.358,0.437,33.702,-3.122,6.214,-0.377,-0.438,0.805,40.588,10.603,-10.42,-0.397,-0.561,0.741,47.412,-6.511,5.84,0.325,-0.321,0.819,11.511,34.13,57.565,izquierda
1780984075.7882247,-0.861,-0.125,0.424,21.832,-14.229,8.977,-0.703,-0.3,0.47,30.191,-15.863,5.13,-0.355,-0.357,0.776,31.221,-3.221,-7.176,-0.356,-0.436,0.759,23.992,-3.481,4.649,0.229,-0.289,0.803,-10.71,15.16,20.771,izquierda
1780984075.8904371,-0.778,-0.114,0.43,-10.489,-11.679,-24.031,-0.665,-0.288,0.51,-15.206,-10.573,-28.565,-0.337,-0.365,0.857,-27.756,-1.076,-13.809,-0.332,-0.482,0.837,-27.901,9.824,-12.237,0.159,-0.368,0.877,-28.855,25.756,9.16,izquierda
1780984076.0031757,-0.858,-0.161,0.527,3.962,-17.053,-3.183,-0.671,-0.353,0.545,-4.489,-18.863,-1.985,-0.282,-0.424,0.888,-0.725,-5.985,-1.153,-0.25,-0.5,0.848,4.87,10.87,1.511,0.136,-0.358,0.799,-14.313,6.771,-2.588,izquierda
1780984078.7745194,-0.86,-0.196,0.481,-1.336,0.969,-1.534,-0.703,-0.369,0.55,-7.198,0.122,-0.588,-0.336,-0.45,0.844,-0.58,-0.145,0.267,-0.318,-0.562,0.818,1.626,7.504,-0.16,0.161,-0.421,0.768,-0.42,3.099,-0.198,izquierda
1780984078.877169,-0.861,-0.195,0.482,-1.015,1.947,-0.573,-0.7,-0.375,0.548,-7.008,0.45,0.031,-0.333,-0.449,0.845,-0.267,0.137,-0.29,-0.32,-0.562,0.818,2.046,6.29,-0.427,0.161,-0.418,0.772,-1.153,3.099,-0.985,izquierda
1780984078.980531,-0.859,-0.195,0.485,-0.802,2.046,-0.595,-0.7,-0.371,0.535,-7.573,0.557,-0.252,-0.334,-0.452,0.845,-0.153,-0.168,0.725,-0.318,-0.559,0.821,1.588,7.336,-0.229,0.164,-0.42,0.773,-1.0,2.618,-0.328,izquierda
1780984079.0932114,-0.866,-0.192,0.48,-1.45,1.443,-1.58,-0.701,-0.371,0.545,-7.168,0.397,-0.389,-0.335,-0.452,0.847,-0.855,0.603,-0.061,-0.317,-0.562,0.819,1.427,6.962,-0.779,0.166,-0.419,0.771,-1.466,0.267,0.237,izquierda
1780984079.1864276,-0.862,-0.199,0.48,-0.412,1.679,-0.763,-0.703,-0.373,0.538,-7.496,0.313,-0.489,-0.334,-0.452,0.843,-0.267,0.153,0.084,-0.315,-0.562,0.821,1.817,7.389,-0.55,0.162,-0.42,0.774,-0.542,1.863,-0.183,izquierda
1780984079.2979176,-0.867,-0.196,0.482,-1.046,1.87,-0.16,-0.704,-0.374,0.543,-7.183,0.527,0.176,-0.334,-0.449,0.844,-0.221,-0.481,0.344,-0.318,-0.564,0.821,2.794,6.26,-0.405,0.161,-0.415,0.775,-0.374,3.496,-0.412,izquierda
1780984079.3985903,-0.864,-0.197,0.483,-2.374,4.626,-0.206,-0.698,-0.373,0.542,-9.527,2.885,0.74,-0.37,-0.368,0.828,-5.137,0.863,2.0,-0.333,-0.585,0.791,-2.351,16.992,-1.557,0.22,-0.466,0.855,20.763,-2.786,1.137,izquierda
1780984079.4955149,-0.94,-0.18,0.344,-67.649,66.908,2.702,-0.858,-0.431,0.465,-100.0,45.069,4.206,-0.597,-0.548,0.879,-36.908,7.076,55.863,-0.248,-0.591,0.904,-47.16,21.244,31.45,0.338,-0.246,0.574,68.756,-91.954,-87.695,izquierda
1780984079.598727,-0.848,-0.234,0.388,-17.389,-1.443,11.038,-0.709,-0.442,0.476,-15.802,-0.649,14.573,-0.369,-0.499,0.893,9.71,-1.153,32.198,-0.36,-0.637,0.774,-2.595,17.679,3.71,0.346,-0.287,0.784,-16.84,-28.634,-31.725,izquierda
1780984079.711943,-0.861,-0.203,0.321,0.947,-0.786,-6.634,-0.725,-0.394,0.364,-8.244,-0.229,-9.046,-0.378,-0.465,0.805,-9.229,1.443,-0.13,-0.395,-0.631,0.71,-9.618,10.191,-4.519,0.407,-0.248,0.756,-15.901,5.611,-5.29,izquierda
1780984079.8042612,-0.875,-0.227,0.337,-5.702,4.183,-6.916,-0.713,-0.413,0.405,-10.611,0.695,-7.267,-0.359,-0.458,0.786,-8.779,2.527,-7.305,-0.395,-0.626,0.68,-5.176,10.611,-5.42,0.399,-0.243,0.739,-1.359,6.267,6.947,izquierda
1780984079.9123206,-0.906,-0.265,0.325,2.351,0.611,-0.58,-0.742,-0.451,0.422,-5.344,-2.832,-1.458,-0.369,-0.492,0.784,7.809,-4.687,-7.908,-0.355,-0.641,0.705,11.435,3.153,-5.71,0.392,-0.27,0.788,9.198,21.908,18.832,izquierda
1780984080.0150008,-0.893,-0.242,0.359,2.427,7.344,6.107,-0.676,-0.443,0.494,11.282,11.969,-3.939,-0.367,-0.506,0.825,18.855,13.672,-17.748,-0.443,-0.678,0.749,24.221,5.832,-21.168,0.35,-0.365,0.842,-12.031,35.221,35.092,izquierda
1780984080.1134374,-0.868,-0.235,0.385,38.198,-6.443,-7.298,-0.706,-0.417,0.456,26.641,2.244,5.611,-0.343,-0.47,0.825,35.641,5.763,-16.198,-0.344,-0.598,0.733,31.733,11.023,2.092,0.266,-0.315,0.773,-9.924,27.893,18.832,izquierda
1780984080.2238853,-0.928,-0.175,0.289,17.099,-19.359,0.672,-0.729,-0.352,0.339,21.542,-24.84,-16.718,-0.4,-0.392,0.653,3.473,-20.0,-18.557,-0.331,-0.549,0.674,1.664,-20.664,-9.977,0.227,-0.379,0.798,-47.382,12.779,3.863,izquierda
1780984080.3271062,-0.882,-0.216,0.416,2.687,-1.519,1.053,-0.719,-0.399,0.49,-4.405,-9.618,0.115,-0.675,-0.835,1.092,-27.084,-21.55,-3.809,-0.357,-0.6,0.812,6.069,-10.061,-0.435,0.208,-0.419,0.786,-20.969,4.634,-11.42,izquierda
1780984080.4221678,-0.883,-0.212,0.427,0.13,-2.779,-1.656,-0.713,-0.39,0.508,-6.847,-0.817,-1.107,-0.332,-0.471,0.836,0.145,-1.466,-1.092,-0.325,-0.583,0.797,1.649,4.809,-1.634,0.206,-0.417,0.767,-7.679,2.511,-4.45,izquierda
1780984080.5261085,-0.884,-0.208,0.428,-0.672,0.534,-0.023,-0.714,-0.391,0.512,-7.267,0.26,-0.214,-0.325,-0.479,0.838,-0.412,0.176,0.176,-0.323,-0.588,0.792,1.313,7.786,-0.313,0.199,-0.434,0.765,-3.916,3.031,-2.687,izquierda
1780984080.641095,-0.881,-0.208,0.427,-1.153,2.015,-0.511,-0.712,-0.395,0.508,-7.046,0.641,-0.145,-0.33,-0.472,0.832,-0.496,0.107,-0.13,-0.324,-0.586,0.794,1.618,6.092,0.031,0.207,-0.438,0.761,-1.58,3.672,-1.893,izquierda
1780984083.3137412,-0.883,-0.206,0.431,-0.313,0.893,-0.359,-0.716,-0.394,0.506,-6.809,0.351,-0.412,-0.328,-0.48,0.832,-0.779,0.565,-0.191,-0.317,-0.589,0.799,1.74,7.023,-0.504,0.196,-0.445,0.753,-0.237,3.046,0.237,izquierda
1780984083.4095204,-0.881,-0.206,0.424,-0.824,1.84,0.031,-0.714,-0.395,0.503,-6.87,0.221,0.26,-0.334,-0.478,0.825,0.046,0.099,0.13,-0.323,-0.587,0.79,2.252,6.405,0.145,0.203,-0.443,0.751,-0.718,3.252,-0.405,izquierda
1780984083.5129638,-0.88,-0.201,0.433,-1.366,1.344,-1.351,-0.715,-0.393,0.507,-6.977,0.351,-0.656,-0.333,-0.483,0.832,-0.779,0.244,0.107,-0.321,-0.59,0.8,1.443,7.137,-1.015,0.198,-0.445,0.751,-0.74,2.046,0.176,izquierda
1780984083.61734,-0.882,-0.205,0.434,-0.87,1.229,0.252,-0.714,-0.393,0.502,-7.153,0.191,-0.092,-0.333,-0.477,0.837,-0.504,0.687,1.069,-0.32,-0.586,0.801,1.748,7.168,0.099,0.19,-0.445,0.753,-0.366,3.084,-0.206,izquierda
1780984083.7186058,-0.883,-0.206,0.427,-0.74,1.71,-1.779,-0.716,-0.397,0.499,-6.771,0.313,-1.16,-0.336,-0.478,0.83,-0.168,-0.542,-0.74,-0.319,-0.59,0.792,1.588,5.695,-1.794,0.197,-0.451,0.756,-0.954,1.427,0.618,izquierda
1780984083.8365,-0.881,-0.206,0.428,-0.832,1.519,-0.634,-0.715,-0.391,0.5,-6.939,0.298,-0.191,-0.334,-0.479,0.827,-0.214,0.924,-0.092,-0.322,-0.587,0.794,2.145,6.695,0.015,0.194,-0.44,0.749,-0.542,2.496,-0.206,izquierda
1780984083.924463,-0.883,-0.208,0.436,-0.916,1.473,-0.924,-0.715,-0.391,0.498,-6.939,0.344,-0.473,-0.333,-0.477,0.83,-0.145,-0.817,0.328,-0.322,-0.588,0.792,1.878,6.756,-0.824,0.187,-0.447,0.755,-0.649,2.405,0.198,izquierda
1780984084.0276196,-0.882,-0.205,0.436,-0.725,1.863,-0.534,-0.716,-0.393,0.499,-6.908,0.389,-0.26,-0.334,-0.479,0.83,-0.427,0.389,0.603,-0.32,-0.588,0.8,1.695,6.824,-0.611,0.198,-0.445,0.753,-0.496,2.649,-0.534,izquierda
1780984084.1307356,-0.885,-0.206,0.429,-1.107,1.328,-1.511,-0.715,-0.396,0.504,-6.481,0.267,-0.466,-0.333,-0.479,0.83,-0.481,-0.237,-0.763,-0.325,-0.586,0.797,1.344,6.977,-1.176,0.197,-0.448,0.75,-0.656,1.26,0.198,izquierda
1780984084.2453976,-0.886,-0.205,0.434,-0.908,1.153,-0.542,-0.717,-0.396,0.5,-7.557,1.458,-0.069,-0.33,-0.479,0.839,-0.939,2.603,0.924,-0.323,-0.591,0.799,0.84,9.313,0.977,0.181,-0.444,0.814,12.298,0.16,6.656,izquierda
1780984084.3369856,-1.158,0.355,-0.617,-43.641,69.427,35.084,-0.873,-0.297,0.096,-74.45,-4.924,25.511,-0.632,-0.514,0.657,-29.214,-1.611,48.786,-0.462,-0.722,0.647,-31.87,-0.374,38.084,0.328,-0.358,0.67,32.84,-69.954,-97.878,izquierda
1780984084.458522,-0.896,-0.226,0.393,-27.962,22.298,-0.061,-0.722,-0.413,0.508,-41.618,21.832,4.771,-0.259,-0.483,0.856,-10.115,16.672,35.321,-0.396,-0.605,0.722,5.015,22.504,8.305,0.312,-0.282,0.676,6.71,-20.603,-24.71,izquierda
1780984084.5428436,-0.895,-0.231,0.318,-15.916,9.099,-1.679,-0.735,-0.438,0.434,-19.191,11.046,1.145,-0.418,-0.441,0.788,-0.42,0.733,6.031,-0.398,-0.601,0.751,5.901,7.992,2.626,0.432,-0.255,0.712,-2.641,-2.718,-6.45,izquierda
1780984084.6463177,-0.9,-0.243,0.337,-2.275,2.87,-0.87,-0.771,-0.455,0.406,-5.908,-3.962,-1.374,-0.456,-0.479,0.823,-1.244,-1.557,-5.489,-0.409,-0.617,0.729,2.939,9.534,-1.779,0.403,-0.274,0.751,4.786,-1.511,2.389,izquierda
1780984084.753263,-0.886,-0.241,0.334,0.282,3.496,0.252,-0.748,-0.433,0.407,-2.84,-9.344,-1.0,-0.466,-0.496,0.839,-1.939,-5.687,-40.13,-0.426,-0.693,0.749,2.954,-3.176,-12.733,0.38,-0.327,0.856,-0.466,31.664,24.229,izquierda
1780984084.8526208,-0.812,-0.37,0.623,19.328,-8.435,-8.672,-0.774,-0.458,0.491,6.344,6.977,13.511,-0.327,-0.519,0.914,22.626,13.031,-12.344,-0.307,-0.632,0.776,32.908,14.183,-20.359,0.396,-0.376,0.801,3.412,33.779,49.939,izquierda
1780984084.9558463,-0.891,-0.173,0.305,46.427,-12.901,7.023,-0.732,-0.366,0.379,25.985,-6.191,6.718,-0.394,-0.416,0.76,24.954,-1.084,-10.244,-0.358,-0.539,0.748,24.427,3.977,2.939,0.255,-0.287,0.751,-0.221,21.748,24.504,izquierda
1780984085.0768993,-0.837,-0.15,0.357,25.519,-12.061,-18.076,-0.73,-0.348,0.402,22.962,-4.542,-20.435,-0.407,-0.457,0.85,21.053,-2.427,-27.481,-0.401,-0.585,0.776,11.153,11.137,-5.389,0.195,-0.345,0.788,-17.634,27.282,17.046,izquierda
1780984085.1604946,-0.854,-0.182,0.38,7.847,-16.328,-10.718,-0.719,-0.349,0.455,4.786,-11.527,-13.16,-0.365,-0.359,0.775,2.069,-6.527,-12.191,-0.358,-0.491,0.724,9.206,-5.305,0.55,0.096,-0.329,0.888,-16.031,5.13,14.45,izquierda
1780984085.263847,-0.862,-0.192,0.474,3.397,-7.954,-0.198,-0.695,-0.371,0.54,0.481,-14.313,-0.794,-0.31,-0.42,0.805,-26.069,-9.153,-7.107,-0.301,-0.545,0.79,-29.748,-3.908,-18.26,0.189,-0.417,0.778,-6.374,0.374,-3.954,izquierda
1780984088.0561373,-0.872,-0.192,0.451,-2.198,0.626,-1.763,-0.706,-0.378,0.524,-6.992,-0.336,-1.084,-0.339,-0.461,0.841,-0.603,-0.84,-0.641,-0.327,-0.568,0.809,0.954,6.916,-2.359,0.183,-0.44,0.764,-1.786,0.679,-0.588,izquierda
1780984088.1579416,-0.877,-0.197,0.456,-0.863,1.985,-0.023,-0.706,-0.381,0.518,-7.298,0.557,-0.214,-0.334,-0.463,0.843,-0.13,0.092,0.55,-0.328,-0.574,0.809,1.55,7.664,-0.397,0.178,-0.436,0.756,-0.786,1.771,-0.206,izquierda
1780984088.2609415,-0.871,-0.198,0.459,-1.038,2.076,0.649,-0.705,-0.38,0.52,-7.16,0.687,0.13,-0.34,-0.458,0.836,-0.679,0.656,-0.137,-0.327,-0.573,0.801,1.519,6.954,-0.58,0.177,-0.436,0.763,-1.153,0.702,0.389,izquierda
1780984088.354093,-0.873,-0.201,0.453,-1.481,2.626,-0.649,-0.71,-0.387,0.518,-7.466,0.824,-0.122,-0.339,-0.461,0.835,0.031,0.084,0.321,-0.326,-0.571,0.81,1.985,6.137,-0.229,0.173,-0.441,0.751,-0.611,3.099,-0.527,izquierda
1780984088.4602537,-0.871,-0.195,0.458,-0.863,1.107,-0.702,-0.712,-0.385,0.524,-7.298,0.359,-0.664,-0.342,-0.457,0.841,-0.809,0.489,0.496,-0.33,-0.573,0.803,1.588,7.359,-0.679,0.181,-0.439,0.757,-0.611,2.687,-0.168,izquierda
1780984088.5602102,-0.872,-0.198,0.454,-0.863,1.908,-0.794,-0.709,-0.385,0.522,-6.962,0.786,-0.504,-0.342,-0.462,0.841,-0.405,1.099,0.168,-0.33,-0.576,0.803,1.412,7.565,-0.595,0.334,-0.46,0.779,18.763,-17.733,-9.145,izquierda
1780984088.662928,-0.92,-0.164,0.358,-13.351,6.74,1.634,-0.69,-0.343,0.529,-27.855,7.573,3.885,-0.372,-0.488,0.842,-25.45,-4.076,22.16,-0.444,-0.637,0.69,-16.023,30.092,31.733,0.339,-0.385,0.785,71.809,-59.855,-43.947,izquierda
1780984088.7730145,-0.898,-0.208,0.406,-56.099,25.466,0.71,-0.621,-0.378,0.523,-46.55,-7.595,-0.489,-0.317,-0.458,0.748,-28.389,10.496,55.435,-0.355,-0.583,0.802,-31.031,11.542,-11.87,0.337,-0.208,0.719,-15.031,-16.832,-31.13,izquierda
1780984088.8692734,-0.91,-0.204,0.359,-17.038,0.092,-0.405,-0.736,-0.439,0.482,-12.122,-1.046,1.557,-0.4,-0.471,0.82,-5.458,-8.809,4.382,-0.397,-0.66,0.73,-3.305,5.557,-1.145,0.424,-0.281,0.774,-6.527,-4.168,-9.13,izquierda
1780984088.9719484,-0.898,-0.243,0.357,-2.992,4.229,-0.191,-0.736,-0.427,0.43,-9.061,1.71,0.405,-0.418,-0.479,0.791,-0.168,-1.504,-0.809,-0.38,-0.643,0.711,2.771,2.359,-2.504,0.42,-0.271,0.746,-2.305,-1.794,-2.145,izquierda
1780984089.0750275,-0.902,-0.24,0.364,-2.015,-0.084,-2.0,-0.725,-0.442,0.446,-4.336,-2.962,-1.962,-0.419,-0.483,0.793,2.641,3.756,-4.16,-0.38,-0.619,0.731,15.817,-6.74,-7.756,0.371,-0.274,0.758,-0.473,17.534,14.504,izquierda
1780984089.1781876,-0.89,-0.243,0.364,1.298,6.496,-0.282,-0.724,-0.428,0.446,-7.473,6.366,0.397,-0.468,-0.519,0.797,14.924,11.16,-39.16,-0.217,-0.655,0.903,10.511,-8.74,-8.901,0.257,-0.276,0.772,-17.649,38.275,44.427,izquierda
1780984089.2813337,-0.769,-0.468,0.791,20.71,-8.931,-1.374,-0.965,-0.486,0.52,71.389,20.924,3.031,-0.148,-0.51,0.897,69.725,0.351,-20.641,-0.27,-0.599,0.865,63.611,18.901,4.756,0.308,-0.326,0.774,4.885,46.366,52.191,izquierda
1780984089.3839378,-0.967,-0.163,0.318,34.458,-22.198,5.008,-0.791,-0.401,0.501,28.107,-18.962,7.733,-0.382,-0.445,0.89,38.099,-10.061,-8.214,-0.361,-0.522,0.813,41.939,-5.832,10.595,0.235,-0.329,0.764,-8.641,5.382,18.802,izquierda
1780984089.492711,-0.845,-0.153,0.389,-0.298,-9.748,-14.168,-0.713,-0.341,0.532,2.191,-15.252,-15.656,-0.331,-0.43,0.95,0.389,-10.641,-11.687,-0.334,-0.544,0.948,-6.023,-1.771,-8.313,0.21,-0.399,0.831,-20.885,13.763,10.328,izquierda
1780984089.590003,-0.898,-0.211,0.445,0.672,-15.427,-2.679,-0.747,-0.359,0.456,-16.87,-14.557,-14.466,-0.361,-0.418,0.853,-14.893,-10.557,-1.053,-0.347,-0.535,0.827,-14.321,-1.893,-6.374,0.165,-0.389,0.792,-7.916,-2.641,-6.924,izquierda
1780984089.6931276,-0.871,-0.188,0.468,0.595,-2.901,-1.611,-0.701,-0.36,0.507,-5.115,-10.557,-2.962,-0.369,-0.461,0.911,-36.191,-0.214,1.42,-0.384,-0.553,0.845,0.985,0.71,-1.252,0.17,-0.389,0.776,0.511,3.725,-2.786,izquierda
1780984089.8024588,-0.875,-0.194,0.46,-1.618,2.534,-1.115,-0.703,-0.376,0.531,-8.58,2.443,-0.58,-0.333,-0.441,0.848,-3.107,-2.092,0.687,-0.312,-0.558,0.824,-0.344,7.55,-1.527,0.174,-0.391,0.779,-4.618,4.969,-6.763,izquierda
1780984089.8990326,-0.871,-0.196,0.464,-1.046,1.496,-0.878,-0.7,-0.376,0.543,-8.214,0.832,-0.389,-0.329,-0.441,0.861,-1.008,-0.756,0.374,-0.318,-0.55,0.827,1.504,6.092,-0.481,0.166,-0.394,0.776,-3.595,3.42,-4.542,izquierda
1780984092.593717,-0.854,-0.205,0.5,-4.802,2.779,-0.931,-0.686,-0.354,0.571,-9.206,-0.328,-0.695,-0.33,-0.445,0.854,-0.183,-0.183,-1.824,-0.301,-0.565,0.82,1.527,3.519,-3.015,0.181,-0.412,0.78,-4.855,3.542,-7.924,izquierda
1780984092.6890788,-0.854,-0.202,0.494,-1.718,2.794,1.305,-0.697,-0.363,0.548,-8.069,0.107,0.313,-0.322,-0.434,0.861,-0.885,-0.573,0.015,-0.297,-0.547,0.839,1.847,4.427,-0.496,0.193,-0.429,0.774,-4.565,-0.099,-3.573,izquierda
1780984092.7921956,-0.856,-0.203,0.494,-0.649,1.519,2.214,-0.693,-0.373,0.554,-8.092,0.695,0.397,-0.321,-0.446,0.858,-0.626,0.641,0.931,-0.296,-0.565,0.821,0.328,6.221,-0.962,0.122,-0.417,0.778,-3.908,4.244,-3.122,izquierda
1780984092.8859105,-0.858,-0.181,0.499,-1.863,2.519,-0.267,-0.695,-0.357,0.563,-7.679,0.344,0.115,-0.319,-0.44,0.857,-1.198,1.252,0.893,-0.303,-0.553,0.832,1.069,7.71,-0.069,0.17,-0.414,0.777,-1.313,3.847,-1.321,izquierda
1780984092.989453,-0.856,-0.199,0.487,-2.282,2.924,0.16,-0.691,-0.367,0.557,-8.031,0.802,0.336,-0.327,-0.443,0.855,-0.901,0.985,0.977,-0.304,-0.55,0.836,1.183,7.656,0.916,0.185,-0.405,0.769,-0.504,1.748,0.687,izquierda
1780984093.0922976,-0.857,-0.199,0.5,-1.229,1.305,-0.58,-0.696,-0.368,0.556,-7.443,0.443,-0.733,-0.322,-0.443,0.854,-0.603,0.282,0.359,-0.305,-0.55,0.831,1.679,6.969,-0.534,0.175,-0.408,0.767,-0.992,1.702,0.084,izquierda
1780984093.207639,-0.853,-0.196,0.491,-2.069,1.992,-1.702,-0.69,-0.369,0.555,-7.557,0.137,-0.588,-0.326,-0.44,0.86,-0.695,0.107,0.786,-0.312,-0.557,0.828,1.725,7.595,-0.313,0.184,-0.434,0.779,0.802,-0.435,1.427,izquierda
1780984093.2983475,-1.04,-0.106,0.161,-74.519,51.542,-12.137,-0.953,-0.379,0.121,-86.458,34.359,-23.557,-0.34,-0.61,0.761,-120.771,-6.015,97.038,-0.332,-0.597,0.781,-70.107,-8.672,-18.954,-0.441,-0.316,0.691,17.115,-96.29,-165.725,izquierda
1780984093.4011629,-0.808,-0.269,0.394,-39.305,9.382,-4.229,-0.673,-0.453,0.514,-35.115,10.473,1.443,-0.282,-0.518,0.818,-29.366,22.977,21.771,-0.268,-0.626,0.776,-33.733,32.779,18.626,0.471,-0.289,0.675,5.947,-25.878,-15.282,izquierda
1780984093.50751,-0.87,-0.327,0.399,6.534,-4.611,2.29,-0.666,-0.473,0.5,-18.206,5.802,1.618,-0.418,-0.482,0.765,5.061,-5.191,3.206,-0.343,-0.624,0.697,4.137,9.252,4.595,0.445,-0.271,0.713,-3.733,-4.229,-4.397,izquierda
1780984093.607393,-0.886,-0.309,0.407,4.702,-2.168,2.229,-0.707,-0.47,0.447,-0.641,-1.336,1.756,-0.402,-0.503,0.801,5.412,-4.389,0.008,-0.34,-0.631,0.705,6.847,5.908,-3.351,0.469,-0.283,0.731,-5.748,-0.969,-5.695,izquierda
1780984093.714777,-0.852,-0.286,0.373,-2.183,3.496,-2.832,-0.685,-0.445,0.421,-9.145,-1.565,-7.916,-0.364,-0.475,0.745,-6.221,-2.626,-10.153,-0.336,-0.598,0.707,0.977,6.115,-16.168,0.429,-0.232,0.646,-16.962,7.122,-2.466,izquierda
1780984093.8248625,-0.894,-0.29,0.371,6.198,1.275,-1.901,-0.699,-0.485,0.436,-3.901,7.519,-0.878,-0.43,-0.549,0.8,7.397,15.153,-22.229,-0.271,-0.658,0.795,8.344,-2.473,-6.901,0.462,-0.307,0.722,-4.053,16.099,23.153,izquierda
1780984093.923743,-0.852,-0.292,0.401,31.221,9.832,4.473,-0.695,-0.467,0.473,17.122,20.565,9.649,-0.402,-0.534,0.813,37.443,22.42,-20.695,-0.353,-0.664,0.769,32.87,20.901,-3.611,0.378,-0.339,0.775,47.466,26.45,44.634,izquierda
1780984094.0237918,-0.846,-0.278,0.451,51.076,-3.282,10.427,-0.643,-0.408,0.525,48.092,2.046,12.176,-0.276,-0.433,0.821,64.084,0.115,-24.412,-0.267,-0.527,0.823,54.038,11.053,10.336,0.315,-0.302,0.728,-8.473,44.885,37.595,izquierda
1780984094.122502,-0.871,-0.23,0.417,56.061,-11.084,-15.229,-0.716,-0.385,0.462,47.916,-9.0,-21.282,-0.401,-0.399,0.78,30.863,3.489,-34.794,-0.368,-0.535,0.769,16.023,13.237,-10.924,0.217,-0.349,0.803,-9.588,35.603,34.527,izquierda
1780984094.2251337,-1.041,-0.167,0.502,9.496,-2.084,12.695,-0.246,-0.155,0.792,11.771,-25.282,0.229,-0.387,-0.491,0.949,-24.809,-7.397,-16.725,-0.365,-0.589,0.842,-24.305,-7.626,-16.115,0.252,-0.486,0.959,-16.733,-14.71,-3.29,izquierda
1780984094.3320687,-0.85,-0.234,0.478,0.687,7.756,0.641,-0.68,-0.389,0.553,-5.267,0.733,1.191,-0.348,-0.436,0.853,-2.954,-7.511,-1.076,-0.311,-0.55,0.825,-0.13,-2.565,-2.725,0.179,-0.364,0.787,-4.802,0.229,-0.87,izquierda
1780984094.4321203,-0.861,-0.221,0.474,-0.802,-0.656,-0.74,-0.687,-0.372,0.555,-6.878,-0.42,-0.458,-0.312,-0.444,0.855,-0.863,0.137,1.061,-0.306,-0.556,0.832,1.328,8.771,0.351,0.175,-0.373,0.793,0.748,2.214,0.527,izquierda
1780984094.5389404,-0.855,-0.219,0.481,-1.237,2.069,-0.809,-0.689,-0.374,0.55,-7.71,1.191,-0.191,-0.324,-0.445,0.852,-0.435,0.481,0.588,-0.312,-0.552,0.829,1.588,7.267,0.031,0.184,-0.372,0.783,-0.702,2.954,-0.336,izquierda
1780984097.220537,-0.854,-0.215,0.481,-0.763,1.176,-0.664,-0.686,-0.378,0.549,-6.786,0.748,-0.374,-0.314,-0.452,0.855,-0.466,-0.42,0.588,-0.299,-0.555,0.828,1.618,7.435,-0.458,0.172,-0.395,0.776,-0.489,2.481,-0.122,izquierda
1780984097.323208,-0.856,-0.217,0.479,-0.489,2.153,-0.878,-0.693,-0.378,0.543,-7.244,0.634,-0.649,-0.313,-0.452,0.857,-0.58,0.634,-0.298,-0.303,-0.555,0.827,1.885,6.626,-0.45,0.17,-0.397,0.778,-0.42,3.527,-0.534,izquierda
1780984097.4185092,-0.853,-0.212,0.473,-0.763,0.87,-1.305,-0.69,-0.377,0.554,-7.191,0.145,-0.611,-0.318,-0.446,0.856,-0.427,-0.443,-0.55,-0.303,-0.559,0.834,1.336,7.023,-0.817,0.177,-0.403,0.777,-0.55,3.611,-0.061,izquierda
1780984097.5214558,-0.861,-0.213,0.479,-0.924,1.542,-0.962,-0.694,-0.377,0.549,-6.634,0.191,-0.321,-0.318,-0.449,0.859,-0.145,-0.229,0.015,-0.302,-0.555,0.83,1.74,6.366,-0.603,0.173,-0.404,0.778,-0.389,1.824,-0.198,izquierda
1780984097.6331427,-0.856,-0.22,0.478,-0.947,2.359,-0.939,-0.691,-0.377,0.544,-7.16,0.282,-0.519,-0.315,-0.449,0.859,-0.58,-0.145,0.389,-0.301,-0.553,0.833,1.687,6.901,-0.481,0.169,-0.405,0.781,-0.534,1.878,0.015,izquierda
1780984097.7351534,-0.858,-0.215,0.478,-0.786,1.481,-0.832,-0.692,-0.382,0.548,-7.092,0.435,0.023,-0.315,-0.45,0.855,-0.557,0.282,0.351,-0.304,-0.556,0.829,1.496,7.061,-0.489,0.165,-0.401,0.779,-0.511,1.611,-0.389,izquierda
1780984097.831103,-0.861,-0.218,0.484,-1.809,1.748,-2.031,-0.691,-0.384,0.558,-7.748,0.855,-0.244,-0.316,-0.449,0.851,-0.366,0.931,0.595,-0.305,-0.556,0.822,1.748,7.893,0.321,0.174,-0.412,0.788,1.58,0.351,0.466,izquierda
1780984097.9338305,-0.852,-0.217,0.493,-2.931,7.099,0.031,-0.695,-0.384,0.552,-10.611,5.939,0.901,-0.306,-0.444,0.859,-8.298,6.382,4.031,-0.29,-0.562,0.854,-10.84,14.008,-5.725,0.214,-0.332,0.775,50.214,-16.008,14.336,izquierda
1780984098.0364897,-0.888,-0.226,0.48,-36.611,30.588,-1.55,-0.77,-0.44,0.401,-38.794,28.275,-8.756,-0.572,-0.516,0.694,-45.794,9.115,62.275,-0.474,-0.653,0.7,-45.137,27.237,1.824,0.209,-0.327,0.834,-16.695,-42.473,-70.542,izquierda
1780984098.1398017,-0.937,-0.407,0.58,-115.214,6.015,-5.496,-0.76,-0.539,0.494,-87.71,-12.534,-4.672,-0.267,-0.496,0.926,-50.015,-28.107,35.359,-0.297,-0.561,0.853,-28.695,6.16,3.931,0.438,-0.27,0.753,-0.298,-44.435,-54.145,izquierda
1780984098.2529962,-0.852,-0.304,0.345,-8.458,3.496,8.008,-0.688,-0.49,0.456,-13.687,6.298,11.069,-0.344,-0.503,0.759,4.565,-4.107,16.137,-0.299,-0.597,0.72,0.519,15.023,4.908,0.417,-0.229,0.695,-2.718,-16.908,-19.565,izquierda
1780984098.347949,-0.861,-0.271,0.332,-3.931,-0.939,-8.817,-0.724,-0.489,0.42,-11.16,-2.26,-7.504,-0.385,-0.541,0.832,-7.298,1.031,-0.038,-0.365,-0.663,0.725,-5.74,9.198,-0.687,0.477,-0.26,0.742,-1.046,2.427,0.802,izquierda
1780984098.4485452,-0.853,-0.294,0.356,-4.076,2.672,-5.771,-0.677,-0.469,0.417,-11.069,-0.267,-7.038,-0.344,-0.494,0.746,-7.656,0.962,-9.687,-0.343,-0.619,0.697,-6.519,9.725,-10.511,0.436,-0.237,0.707,-7.221,7.389,5.443,izquierda
1780984098.551604,-0.921,-0.303,0.346,6.779,-1.382,-1.885,-0.709,-0.521,0.424,-1.664,3.626,-0.168,-0.311,-0.563,0.717,4.13,4.206,-17.588,-0.274,-0.652,0.764,6.771,-4.725,-8.29,0.462,-0.223,0.798,26.908,20.366,32.618,izquierda
1780984098.6542807,-0.865,-0.324,0.371,15.855,11.824,-2.42,-0.709,-0.492,0.427,-9.321,21.527,9.015,-0.448,-0.553,0.757,14.412,21.42,-15.069,-0.367,-0.668,0.744,16.336,11.107,-9.771,0.346,-0.3,0.792,-6.679,38.359,21.527,izquierda
1780984098.7576425,-0.853,-0.291,0.334,9.336,-0.641,0.053,-0.73,-0.475,0.394,1.198,1.557,2.656,-0.354,-0.54,0.789,7.45,3.824,-4.13,-0.303,-0.643,0.754,9.679,9.076,0.366,0.331,-0.311,0.759,-9.053,12.71,3.664,izquierda
1780984098.8648496,-0.881,-0.311,0.387,15.756,-2.046,1.031,-0.714,-0.48,0.489,13.206,-4.893,3.382,-0.327,-0.523,0.84,17.061,-4.214,-8.71,-0.279,-0.618,0.804,18.275,6.092,0.435,0.329,-0.326,0.743,-14.328,13.344,5.321,izquierda
1780984098.9751213,-0.849,-0.271,0.411,68.71,-11.885,11.733,-0.679,-0.415,0.478,64.176,1.13,10.328,-0.315,-0.457,0.777,58.832,-0.29,-26.962,-0.281,-0.569,0.773,37.366,13.595,-0.26,0.274,-0.349,0.748,-9.802,28.603,18.099,izquierda
1780984099.0668187,-0.879,-0.233,0.425,37.275,-12.962,-9.008,-0.714,-0.375,0.467,32.313,-11.435,-16.244,-0.35,-0.428,0.829,22.29,3.664,-25.511,-0.335,-0.575,0.806,13.656,8.137,-5.45,0.225,-0.393,0.802,-18.908,26.42,19.641,izquierda
1780984099.1792574,-0.846,-0.201,0.422,-0.374,0.947,-14.466,-0.709,-0.372,0.501,-16.817,-4.687,-14.344,-0.332,-0.434,0.914,-16.74,5.725,-2.176,-0.273,-0.549,0.725,12.282,6.29,9.763,0.185,-0.405,0.761,-4.565,9.046,-0.229,izquierda
1780984101.8600664,-0.862,-0.221,0.468,-0.832,1.26,-1.053,-0.687,-0.383,0.551,-6.992,0.481,-0.695,-0.308,-0.454,0.856,-0.099,-0.282,0.168,-0.299,-0.558,0.824,1.87,7.153,-0.55,0.191,-0.416,0.766,-0.649,1.756,0.0,izquierda
1780984101.957911,-0.866,-0.223,0.473,-0.84,1.618,-0.366,-0.685,-0.38,0.549,-6.817,0.298,-0.794,-0.31,-0.456,0.852,-0.466,0.42,0.405,-0.303,-0.555,0.834,1.595,6.756,-0.947,0.19,-0.419,0.764,-0.725,2.084,0.321,izquierda
1780984102.0537786,-0.859,-0.227,0.472,-0.824,2.015,0.237,-0.689,-0.384,0.551,-7.099,0.305,-0.122,-0.312,-0.456,0.853,-0.336,0.183,-0.122,-0.3,-0.552,0.834,1.924,6.679,-0.519,0.196,-0.418,0.762,-0.626,2.015,-0.031,izquierda
1780984102.156662,-0.858,-0.223,0.477,-0.947,2.237,-1.198,-0.689,-0.385,0.549,-7.328,0.527,-0.366,-0.308,-0.452,0.856,-0.13,-0.153,0.305,-0.306,-0.558,0.835,2.061,7.221,-0.298,0.191,-0.411,0.772,-0.26,3.771,-0.382,izquierda
1780984102.259648,-0.86,-0.22,0.473,-0.626,1.122,0.053,-0.687,-0.381,0.558,-7.053,0.359,-0.473,-0.31,-0.454,0.854,-0.008,0.061,0.29,-0.301,-0.559,0.819,1.901,7.397,-0.26,0.184,-0.415,0.772,-0.756,1.794,-0.191,izquierda
1780984102.3724673,-0.859,-0.222,0.472,-1.198,1.985,-0.802,-0.689,-0.382,0.55,-7.137,0.313,-0.321,-0.307,-0.455,0.858,-0.573,-0.26,0.534,-0.3,-0.557,0.831,1.634,6.71,-0.198,0.19,-0.425,0.766,-0.511,3.26,0.214,izquierda
1780984102.4760735,-0.859,-0.222,0.471,-1.412,2.031,-0.389,-0.69,-0.382,0.553,-7.023,0.382,-0.267,-0.313,-0.454,0.854,-0.405,0.74,-0.282,-0.305,-0.559,0.826,1.832,7.626,-0.763,0.199,-0.422,0.78,2.282,1.656,0.802,izquierda
1780984102.5765107,-0.963,-0.05,0.072,-62.198,55.557,22.275,-0.777,-0.361,0.372,-53.718,26.687,0.74,-0.377,-0.498,0.801,-31.718,12.427,17.763,-0.335,-0.621,0.781,-27.901,17.115,-10.718,0.288,-0.43,0.925,84.557,-48.389,-8.42,izquierda
1780984102.6719766,-0.94,-0.284,0.324,-116.336,19.084,-8.214,-0.787,-0.481,0.365,-92.931,-6.542,0.878,-0.392,-0.536,0.734,-51.412,-19.611,67.061,-0.248,-0.688,1.064,-55.244,-17.473,15.809,0.247,-0.192,0.74,-23.397,-94.115,-68.664,izquierda
1780984102.7744808,-0.823,-0.278,0.358,-14.763,0.916,15.053,-0.675,-0.471,0.469,-20.008,14.29,18.603,-0.299,-0.488,0.771,14.206,-2.649,26.496,-0.367,-0.604,0.681,10.58,9.511,9.328,0.435,-0.223,0.72,4.389,-16.191,-25.191,izquierda
1780984102.8931744,-0.86,-0.271,0.35,-9.481,-2.328,5.206,-0.681,-0.428,0.392,-12.405,-5.763,3.588,-0.365,-0.424,0.746,-0.565,-4.641,3.58,-0.336,-0.575,0.712,0.58,3.954,0.29,0.486,-0.189,0.694,-5.038,-0.771,-1.725,izquierda
1780984102.9894986,-0.904,-0.294,0.35,-5.366,4.298,-5.252,-0.724,-0.476,0.404,-11.084,-2.679,-6.679,-0.364,-0.475,0.769,-8.748,-0.412,-10.443,-0.342,-0.598,0.695,-3.504,4.58,-13.359,0.442,-0.215,0.702,-10.267,15.878,10.473,izquierda
1780984103.0891833,-0.911,-0.289,0.319,-1.16,7.687,-9.374,-0.728,-0.513,0.441,-10.145,11.756,-2.351,-0.379,-0.573,0.876,-1.115,16.779,-22.466,-0.305,-0.682,0.789,6.504,-1.466,-9.023,0.422,-0.243,0.734,15.092,37.031,36.695,izquierda
1780984103.187029,-0.879,-0.302,0.344,18.397,13.084,-2.061,-0.716,-0.481,0.407,7.626,17.046,1.779,-0.388,-0.521,0.769,15.275,15.092,-13.618,-0.334,-0.62,0.705,22.061,11.29,-3.008,0.36,-0.281,0.783,-31.229,38.649,13.603,izquierda
1780984103.2899137,-0.833,-0.293,0.381,34.527,-6.458,-12.053,-0.656,-0.442,0.465,33.107,-0.634,-10.656,-0.288,-0.488,0.811,24.626,0.916,-30.695,-0.249,-0.579,0.766,28.885,12.191,-0.74,0.307,-0.322,0.767,-18.504,41.924,39.473,izquierda
1780984103.3930385,-0.895,-0.288,0.37,73.534,-12.031,-7.74,-0.699,-0.436,0.447,50.718,3.374,12.504,-0.366,-0.506,0.822,69.924,15.878,-21.366,-0.339,-0.562,0.771,41.313,16.611,4.527,0.221,-0.351,0.781,0.908,24.672,25.435,izquierda
1780984103.4987667,-0.882,-0.22,0.41,46.496,-19.962,2.382,-0.717,-0.371,0.476,33.58,-14.878,-1.16,-0.359,-0.413,0.837,27.695,-3.046,-15.656,-0.333,-0.535,0.833,20.626,4.817,2.855,0.167,-0.374,0.802,-9.679,13.924,19.908,izquierda
1780984103.5998056,-0.865,-0.214,0.47,12.305,-11.504,-16.687,-0.747,-0.42,0.577,0.58,-19.275,-22.489,-0.367,-0.44,0.864,-12.221,-4.611,-12.153,-0.349,-0.587,0.829,-3.168,-2.718,-7.672,0.177,-0.404,0.806,-8.45,0.565,-4.824,izquierda
1780984103.7145035,-0.863,-0.217,0.494,2.115,-4.939,0.328,-0.678,-0.359,0.592,-4.779,1.16,-0.137,-0.292,-0.428,0.888,-4.985,-6.183,-1.771,-0.299,-0.534,0.848,0.84,3.809,-1.656,0.194,-0.381,0.808,-0.74,-1.763,-1.611,izquierda
1780984103.80482,-0.855,-0.211,0.496,0.244,1.046,-1.412,-0.673,-0.365,0.59,-7.794,1.55,-0.649,-0.3,-0.424,0.876,-2.595,-0.664,0.916,-0.301,-0.529,0.852,1.885,7.939,0.954,0.16,-0.405,0.783,0.321,7.015,-0.099,izquierda
1780984106.4885461,-0.858,-0.21,0.486,-0.954,0.557,-1.168,-0.684,-0.371,0.56,-7.221,0.282,-0.847,-0.308,-0.444,0.861,-0.557,-0.321,-0.023,-0.306,-0.544,0.833,1.519,7.053,-0.718,0.169,-0.405,0.769,-0.137,3.626,-0.366,izquierda
1780984106.586175,-0.857,-0.212,0.483,-0.611,1.252,-0.847,-0.687,-0.375,0.556,-7.084,0.565,-0.641,-0.305,-0.442,0.867,-0.237,0.733,0.244,-0.307,-0.544,0.838,1.725,7.519,-0.718,0.169,-0.406,0.777,-1.298,2.29,-0.626,izquierda
1780984106.689368,-0.855,-0.216,0.485,-1.313,1.458,-1.038,-0.684,-0.374,0.562,-6.924,0.244,-0.221,-0.308,-0.444,0.865,-0.573,0.115,-0.153,-0.303,-0.545,0.834,1.481,6.84,-0.74,0.175,-0.413,0.77,-1.237,1.237,0.183,izquierda
1780984106.8042438,-0.854,-0.217,0.486,-1.275,2.26,-0.786,-0.686,-0.374,0.56,-7.206,0.74,0.267,-0.308,-0.448,0.859,-0.015,0.45,0.405,-0.307,-0.544,0.831,1.802,7.069,0.382,0.168,-0.406,0.784,-0.328,3.099,-0.466,izquierda
1780984106.907242,-0.854,-0.213,0.485,-0.733,1.328,-2.168,-0.685,-0.374,0.562,-6.885,0.145,-0.863,-0.312,-0.445,0.86,-0.611,0.176,-0.466,-0.302,-0.547,0.83,1.626,6.855,-0.901,0.172,-0.414,0.772,-0.611,2.985,0.023,izquierda
1780984106.9980676,-0.859,-0.21,0.481,-1.0,1.153,-0.374,-0.686,-0.374,0.56,-6.87,0.221,-0.206,-0.309,-0.444,0.855,-0.122,-0.779,0.817,-0.304,-0.547,0.836,1.359,7.008,-0.809,0.169,-0.405,0.775,-1.061,2.076,-0.29,izquierda
1780984107.1007562,-0.861,-0.217,0.478,-1.519,1.893,-1.672,-0.687,-0.372,0.558,-7.282,0.321,-0.779,-0.31,-0.442,0.86,-1.084,0.733,-0.198,-0.304,-0.544,0.848,1.351,6.611,-0.832,0.175,-0.411,0.778,-1.046,1.84,0.802,izquierda
1780984107.2037578,-0.857,-0.211,0.486,-1.046,2.481,-0.26,-0.689,-0.373,0.557,-6.893,0.71,0.405,-0.314,-0.441,0.866,1.229,-2.763,-0.649,-0.291,-0.547,0.821,7.153,5.382,2.504,0.21,-0.414,0.802,33.267,-22.725,-4.252,izquierda
1780984107.307221,-0.711,-0.146,0.19,-25.931,46.481,7.748,-0.787,-0.435,0.434,-35.321,18.023,-4.74,-0.437,-0.505,0.768,-39.672,8.71,41.466,-0.412,-0.611,0.754,-42.756,28.634,11.527,0.431,-0.366,0.762,28.786,-53.29,-71.435,izquierda
1780984107.427647,-0.855,-0.33,0.492,-101.527,18.221,-8.992,-0.652,-0.43,0.565,-72.595,-0.58,0.74,-0.308,-0.472,0.834,-44.985,11.641,59.282,-0.284,-0.546,0.783,-55.824,17.252,-19.962,0.408,-0.198,0.659,-14.374,-55.977,-44.847,izquierda
1780984107.5131717,-0.874,-0.287,0.376,-10.015,2.542,0.0,-0.714,-0.463,0.431,-22.847,7.282,-1.641,-0.387,-0.498,0.781,-6.282,-0.092,8.069,-0.377,-0.665,0.736,3.008,9.26,-2.634,0.435,-0.261,0.738,-6.809,-8.42,-14.641,izquierda
1780984107.6277175,-0.863,-0.279,0.339,-4.42,1.176,0.282,-0.7,-0.458,0.398,-9.977,-0.733,-0.878,-0.335,-0.496,0.768,-2.405,9.71,-3.504,-0.334,-0.628,0.681,2.725,3.198,-4.305,0.449,-0.235,0.723,6.29,0.099,6.336,izquierda
1780984107.726845,-0.883,-0.293,0.346,4.26,0.267,-0.679,-0.713,-0.49,0.417,-0.359,-1.977,0.802,-0.365,-0.552,0.895,4.718,14.382,-23.809,-0.324,-0.678,0.777,11.939,-2.099,3.504,0.389,-0.261,0.742,32.947,38.893,45.344,izquierda
1780984107.8257897,-0.876,-0.308,0.413,22.412,14.267,-2.87,-0.621,-0.494,0.582,19.397,11.427,-2.847,-0.323,-0.5,0.803,31.649,17.687,-20.473,-0.296,-0.624,0.743,48.046,10.817,-0.71,0.368,-0.249,0.699,-20.366,45.427,41.061,izquierda
1780984107.9268587,-0.817,-0.369,0.548,77.534,-22.076,-1.542,-0.686,-0.475,0.542,80.809,-1.168,9.832,-0.305,-0.534,0.9,81.252,0.626,-37.008,-0.28,-0.626,0.837,68.832,13.977,8.893,0.29,-0.388,0.857,-12.817,37.985,32.992,izquierda
1780984108.0284114,-0.85,-0.146,0.317,29.603,-12.519,2.573,-0.682,-0.298,0.399,16.198,-13.351,-7.046,-0.363,-0.347,0.712,4.038,-6.443,-14.053,-0.342,-0.477,0.729,-3.939,1.366,-9.321,0.198,-0.362,0.776,-27.206,17.008,6.84,izquierda
1780984108.1312969,-0.894,-0.274,0.448,5.924,-13.214,-4.656,-0.663,-0.389,0.599,-5.26,9.496,1.893,-0.272,-0.416,0.977,-0.954,-20.718,1.641,-0.212,-0.57,0.945,9.046,16.855,0.893,0.176,-0.385,0.812,-4.031,6.046,-6.008,izquierda
1780984108.2430918,-0.871,-0.216,0.455,0.176,-0.656,-0.542,-0.695,-0.378,0.541,-6.603,-1.351,-1.229,-0.311,-0.451,0.853,-2.534,-2.244,-0.435,-0.307,-0.552,0.829,1.893,1.939,-0.405,0.174,-0.408,0.78,-1.649,4.603,-0.611,izquierda
1780984108.3461285,-0.866,-0.219,0.472,-0.298,2.359,0.313,-0.692,-0.386,0.551,-6.931,1.351,0.053,-0.317,-0.455,0.854,-0.198,1.061,0.115,-0.308,-0.551,0.822,1.45,6.672,0.107,0.184,-0.404,0.77,-2.863,3.458,-1.893,izquierda
1780984108.4476995,-0.864,-0.216,0.469,-1.061,0.573,-1.145,-0.696,-0.378,0.543,-6.725,0.099,-0.893,-0.316,-0.452,0.856,-0.489,-0.809,-0.244,-0.302,-0.555,0.826,1.366,6.481,-1.634,0.171,-0.407,0.78,-1.344,1.969,-0.519,izquierda
1780984111.1180155,-0.865,-0.218,0.459,-1.328,1.863,-0.298,-0.693,-0.385,0.549,-6.771,0.573,-0.267,-0.31,-0.458,0.853,-0.031,-0.557,-0.023,-0.297,-0.557,0.834,1.466,6.573,-0.779,0.176,-0.421,0.767,-0.473,1.832,-0.359,izquierda
1780984111.2212532,-0.866,-0.219,0.466,-1.053,0.901,-0.603,-0.692,-0.38,0.541,-7.191,0.321,-0.45,-0.304,-0.459,0.857,-0.504,0.244,0.084,-0.292,-0.558,0.829,1.74,7.496,-0.656,0.183,-0.418,0.77,-0.695,3.534,-0.443,izquierda
1780984111.3363879,-0.867,-0.217,0.467,-0.656,1.733,-0.443,-0.698,-0.383,0.541,-6.748,0.458,-0.221,-0.302,-0.455,0.856,-0.366,-0.053,0.252,-0.29,-0.555,0.835,1.832,7.321,-0.489,0.18,-0.412,0.765,-0.718,2.939,-0.321,izquierda
1780984111.4367235,-0.865,-0.216,0.467,-1.618,2.641,-2.053,-0.694,-0.381,0.536,-7.802,0.962,-1.298,-0.305,-0.457,0.856,-2.42,-0.992,0.382,-0.293,-0.57,0.826,-0.382,8.405,-0.237,0.169,-0.418,0.775,0.336,4.26,0.588,izquierda
1780984111.5316248,-0.98,-0.177,0.378,-49.351,31.252,12.832,-0.788,-0.388,0.446,-40.275,16.542,-0.832,-0.37,-0.534,0.797,-27.321,7.588,14.573,-0.285,-0.612,0.813,-33.26,25.885,-18.626,0.301,-0.482,0.913,42.611,-30.878,-16.847,izquierda
1780984111.6412084,-0.95,-0.261,0.294,-112.878,45.26,-3.282,-0.75,-0.471,0.397,-94.527,8.794,-1.931,-0.263,-0.52,0.782,-68.45,16.618,74.153,-0.362,-0.604,0.663,-44.748,3.809,40.16,0.1,-0.182,0.599,29.443,-62.748,-97.435,izquierda
1780984111.7483585,-0.892,-0.313,0.355,-22.802,0.267,5.611,-0.742,-0.548,0.588,-31.42,6.366,18.969,-0.332,-0.504,0.833,11.359,5.137,28.595,-0.316,-0.605,0.706,8.618,13.221,22.725,0.441,-0.223,0.748,-9.916,-27.305,-22.969,izquierda
1780984111.8471124,-0.846,-0.287,0.305,-2.267,-3.855,10.198,-0.673,-0.441,0.358,-10.275,-0.733,9.427,-0.358,-0.442,0.715,2.099,-3.802,6.931,-0.347,-0.564,0.712,3.58,3.649,5.168,0.464,-0.198,0.692,-0.29,-0.672,-0.351,izquierda
1780984111.942205,-0.904,-0.285,0.303,-1.573,1.931,-3.679,-0.739,-0.463,0.356,-12.519,-7.71,-6.947,-0.375,-0.467,0.744,-12.672,-5.611,-16.664,-0.354,-0.586,0.702,-1.557,5.244,-17.084,0.414,-0.172,0.68,-4.321,1.969,13.153,izquierda
1780984112.0477624,-0.937,-0.344,0.34,2.687,4.87,-6.244,-0.789,-0.557,0.463,-4.74,4.359,1.115,-0.413,-0.6,0.876,10.221,9.084,-18.023,-0.339,-0.688,0.847,8.244,2.344,-7.733,0.43,-0.214,0.739,11.229,35.351,29.069,izquierda
1780984112.1483064,-0.944,-0.416,0.55,95.672,-2.137,29.206,-0.75,-0.583,0.761,120.786,-3.519,45.45,-0.196,-0.555,1.098,123.702,-21.328,-51.542,-0.272,-0.534,0.903,90.42,6.153,0.168,0.36,-0.246,0.688,-20.397,51.107,68.603,izquierda
1780984112.257642,-0.827,-0.062,0.214,53.122,-12.435,-9.603,-0.748,-0.247,0.33,49.611,-5.504,-17.069,-0.461,-0.34,0.727,19.237,12.229,-25.435,-0.403,-0.528,0.748,13.58,5.061,-6.015,0.219,-0.349,0.835,-17.664,28.305,18.069,izquierda
1780984112.3544772,-0.86,-0.138,0.414,-9.237,-7.611,-21.328,-0.688,-0.292,0.511,-24.611,-7.802,-18.733,-0.323,-0.354,0.835,-21.16,-4.489,-6.824,-0.295,-0.48,0.84,-10.038,6.069,-3.107,0.177,-0.361,0.798,-21.992,19.664,6.366,izquierda
1780984112.45774,-1.069,-0.328,0.578,9.107,-19.496,-3.595,-0.544,-0.441,0.53,2.168,-9.382,-1.145,-0.563,-0.63,1.137,-40.611,-28.885,-2.435,-0.162,-0.679,1.481,35.542,-43.931,-5.145,0.191,-0.453,0.731,-7.084,-19.756,2.267,izquierda
1780984112.5602255,-0.859,-0.214,0.467,0.977,-0.351,-0.802,-0.697,-0.38,0.546,-5.076,-2.382,-1.58,-0.316,-0.446,0.856,1.634,-0.084,-0.885,-0.31,-0.558,0.824,1.366,5.763,-0.817,0.149,-0.387,0.786,-0.939,4.046,0.695,izquierda
1780984112.6631813,-0.866,-0.214,0.468,-0.878,1.916,0.458,-0.692,-0.373,0.558,-7.237,0.802,0.092,-0.321,-0.449,0.854,-0.053,-0.038,0.824,-0.308,-0.56,0.824,2.863,6.931,0.588,0.179,-0.39,0.754,-4.74,0.969,-4.29,izquierda
1780984112.7797673,-0.87,-0.211,0.465,-1.252,1.397,-1.656,-0.689,-0.376,0.557,-6.878,0.649,-0.595,-0.319,-0.452,0.854,-0.672,-0.702,0.168,-0.307,-0.553,0.826,2.351,5.511,-0.519,0.154,-0.398,0.78,-3.656,3.695,-4.252,izquierda
1780984112.8842523,-0.864,-0.212,0.463,-0.573,1.321,-0.84,-0.688,-0.374,0.553,-7.023,0.122,-0.244,-0.318,-0.451,0.86,-0.466,-0.763,0.519,-0.301,-0.558,0.834,1.756,6.374,-0.649,0.144,-0.398,0.779,-3.313,3.282,-3.458,izquierda
1780984112.982154,-0.866,-0.207,0.462,-1.053,0.977,-1.092,-0.69,-0.38,0.55,-6.832,0.076,-0.809,-0.313,-0.45,0.848,-0.794,-0.374,-0.443,-0.303,-0.555,0.822,1.542,6.901,-0.931,0.15,-0.407,0.778,-1.489,2.511,-0.802,izquierda
1780984113.0753167,-0.868,-0.21,0.464,-0.947,1.84,-0.313,-0.692,-0.378,0.55,-7.298,0.0,-0.389,-0.311,-0.447,0.855,-0.107,-0.481,0.008,-0.303,-0.556,0.831,1.71,7.336,0.122,0.145,-0.402,0.782,-1.198,2.115,-1.015,izquierda
1780984115.7535474,-0.869,-0.208,0.462,-0.893,1.527,-0.42,-0.689,-0.383,0.553,-6.557,0.481,-0.252,-0.314,-0.453,0.856,-0.473,-0.191,-0.397,-0.296,-0.56,0.836,1.702,6.595,-1.725,0.163,-0.417,0.777,-0.687,0.84,-0.298,izquierda
1780984115.8565493,-0.866,-0.213,0.457,-1.099,2.084,-1.16,-0.688,-0.383,0.553,-6.763,0.489,-0.565,-0.315,-0.453,0.848,-0.16,0.366,0.618,-0.302,-0.557,0.827,2.084,6.206,0.122,0.154,-0.412,0.777,-0.221,2.374,-0.405,izquierda
1780984115.9590027,-0.87,-0.211,0.46,-0.725,1.305,-0.45,-0.696,-0.384,0.555,-7.031,0.382,-0.382,-0.311,-0.456,0.858,-0.664,-0.695,-0.176,-0.295,-0.557,0.831,1.504,6.847,-0.626,0.159,-0.412,0.783,-0.603,1.893,0.031,izquierda
1780984116.0693417,-0.87,-0.216,0.457,-1.13,4.275,0.802,-0.696,-0.381,0.545,-8.084,2.947,0.672,-0.338,-0.509,0.832,-0.496,5.023,0.847,-0.205,-0.597,0.709,-5.45,10.924,1.954,0.177,-0.427,0.834,9.954,-6.206,-11.328,izquierda
1780984116.1658015,-0.894,-0.252,0.477,-43.053,17.046,0.779,-0.781,-0.388,0.401,-75.382,27.595,14.832,-0.541,-0.565,0.901,-31.176,13.328,67.931,-0.349,-0.659,0.801,-33.115,11.565,46.802,0.276,-0.404,0.789,34.115,-67.794,-77.687,izquierda
1780984116.2684982,-0.827,-0.346,0.486,-67.916,-19.092,28.13,-0.649,-0.489,0.612,-52.725,-32.313,20.389,-0.27,-0.485,1.028,-16.679,-37.115,59.664,-0.329,-0.521,0.875,-8.687,-3.45,14.267,0.426,-0.218,0.668,-4.763,-79.954,-39.794,izquierda
1780984116.3736062,-0.854,-0.267,0.43,-3.183,-7.588,10.794,-0.669,-0.444,0.513,-10.893,-5.206,13.206,-0.369,-0.486,0.826,1.183,-6.885,13.634,-0.316,-0.584,0.797,3.702,7.427,10.153,0.513,-0.23,0.696,-1.244,-4.901,-10.427,izquierda
1780984116.4743533,-0.871,-0.234,0.366,-6.786,3.817,-3.504,-0.722,-0.41,0.423,-9.519,0.443,-5.023,-0.38,-0.444,0.772,-5.664,-0.603,-5.298,-0.362,-0.575,0.765,-1.397,5.618,-7.733,0.485,-0.236,0.704,0.542,1.802,4.481,izquierda
1780984116.5775967,-0.862,-0.242,0.387,2.901,6.687,-8.26,-0.721,-0.434,0.463,-7.863,6.618,-7.328,-0.384,-0.483,0.86,-2.038,13.84,-30.214,-0.333,-0.589,0.815,-5.26,4.183,-14.908,0.418,-0.25,0.731,26.504,57.122,43.489,izquierda
1780984116.6826043,-0.869,-0.282,0.436,45.649,12.962,2.992,-0.704,-0.45,0.499,36.26,15.603,9.672,-0.344,-0.498,0.916,56.802,16.649,-29.687,-0.35,-0.544,0.781,54.252,21.824,-2.046,0.371,-0.197,0.667,-9.588,57.931,42.908,izquierda
1780984116.7835405,-0.812,-0.218,0.357,85.351,-24.924,-17.466,-0.667,-0.361,0.373,77.962,-9.389,-25.664,-0.374,-0.462,0.79,63.84,25.954,-51.29,-0.287,-0.542,0.82,51.595,20.084,-12.977,0.283,-0.346,0.867,-4.718,54.725,38.092,izquierda
1780984116.8919294,-0.94,-0.181,0.391,27.176,-15.275,-1.115,-0.76,-0.34,0.442,19.985,-16.565,-2.511,-0.425,-0.379,0.816,17.969,-7.214,-11.107,-0.372,-0.435,0.789,27.969,-1.107,2.084,0.188,-0.326,0.746,-25.466,12.206,7.45,izquierda
1780984116.9888418,-0.865,-0.136,0.491,17.779,-1.374,16.489,-0.726,-0.445,0.513,1.58,-9.626,3.16,-0.63,-0.551,1.058,-26.87,-20.557,-20.573,-0.43,-0.599,0.882,-46.893,-16.443,-25.45,0.155,-0.409,0.829,-19.458,-23.893,-12.168,izquierda
1780984117.094966,-0.879,-0.208,0.466,1.58,1.992,1.031,-0.694,-0.362,0.547,-6.87,-1.962,-0.847,-0.314,-0.437,0.862,-5.359,-8.595,-1.878,-0.302,-0.53,0.852,-0.916,0.595,-1.832,0.167,-0.394,0.788,-3.267,3.641,-0.618,izquierda
1780984117.1971395,-0.862,-0.208,0.473,0.626,2.382,0.336,-0.685,-0.366,0.567,-8.115,1.519,-0.519,-0.319,-0.441,0.86,-0.786,2.412,0.679,-0.309,-0.528,0.845,-0.611,8.931,0.397,0.159,-0.39,0.78,-0.58,5.939,-0.252,izquierda
1780984117.2986243,-0.866,-0.204,0.471,-0.015,2.901,-0.45,-0.689,-0.367,0.558,-7.481,0.954,-1.0,-0.32,-0.438,0.86,-1.26,0.924,0.771,-0.308,-0.532,0.837,0.221,7.954,-0.901,0.153,-0.393,0.792,-1.084,4.275,0.031,izquierda
1780984117.403074,-0.864,-0.206,0.472,-1.099,2.534,-0.366,-0.693,-0.367,0.557,-7.13,1.092,-0.55,-0.316,-0.442,0.861,-0.534,0.565,0.466,-0.307,-0.534,0.841,1.031,7.511,-0.641,0.159,-0.388,0.788,-1.458,2.763,-0.87,izquierda
1780984117.5047102,-0.864,-0.201,0.477,-0.611,1.198,-1.046,-0.691,-0.369,0.558,-6.924,0.939,-0.847,-0.32,-0.439,0.857,-0.55,-0.145,-0.244,-0.31,-0.533,0.845,0.397,6.496,-1.229,0.156,-0.396,0.783,-1.679,1.756,-0.504,izquierda
1780984117.6155503,-0.862,-0.198,0.473,-0.237,0.275,-1.863,-0.69,-0.369,0.56,-6.496,0.321,-2.481,-0.318,-0.44,0.858,-1.351,-0.74,-1.885,-0.308,-0.536,0.85,0.405,6.275,-2.779,0.156,-0.402,0.79,-3.069,0.916,-0.641,izquierda
1780984117.710602,-0.861,-0.205,0.485,-1.267,0.603,-0.351,-0.689,-0.374,0.564,-6.626,0.168,-1.145,-0.316,-0.447,0.861,-0.26,-0.336,-0.107,-0.304,-0.541,0.833,1.763,6.916,-0.053,0.158,-0.4,0.78,-0.069,4.634,-0.87,izquierda
1780984120.3887265,-0.839,-0.172,0.552,1.229,-2.687,-1.328,-0.679,-0.33,0.595,-5.557,-0.412,-1.504,-0.342,-0.396,0.865,0.275,-2.634,-2.321,-0.318,-0.481,0.873,2.496,3.634,-3.282,0.113,-0.413,0.781,-1.092,-2.168,-4.137,izquierda
1780984120.4950619,-0.836,-0.172,0.557,-3.198,3.679,-0.809,-0.685,-0.326,0.596,-7.763,1.153,-1.45,-0.332,-0.399,0.874,-1.489,0.664,-0.71,-0.314,-0.473,0.869,1.168,7.26,-1.351,0.124,-0.4,0.786,-1.878,0.641,-0.489,izquierda
1780984120.6027102,-0.822,-0.172,0.561,-2.099,2.183,-1.42,-0.687,-0.325,0.591,-7.427,0.687,-1.023,-0.333,-0.398,0.876,-1.443,0.473,-0.008,-0.325,-0.481,0.874,1.786,8.069,-0.84,0.114,-0.4,0.781,0.817,4.84,-1.183,izquierda
1780984120.705487,-0.829,-0.175,0.562,-2.351,3.679,-0.84,-0.677,-0.329,0.592,-7.672,2.069,0.214,-0.34,-0.404,0.868,-0.924,2.069,1.679,-0.324,-0.475,0.878,0.519,9.603,0.153,0.123,-0.392,0.786,0.649,4.466,0.237,izquierda
1780984120.8003566,-0.832,-0.18,0.553,-0.511,0.679,0.191,-0.687,-0.332,0.591,-6.947,0.779,0.244,-0.334,-0.402,0.867,-0.595,0.473,1.229,-0.322,-0.478,0.879,0.153,8.267,-0.664,0.12,-0.395,0.787,1.267,4.519,-0.397,izquierda
1780984120.9041128,-0.834,-0.174,0.544,-0.603,2.069,0.504,-0.683,-0.34,0.592,-7.756,1.328,-0.16,-0.352,-0.406,0.865,-1.992,-1.466,0.534,-0.32,-0.48,0.871,1.145,8.664,-1.206,0.131,-0.405,0.786,-0.099,3.702,-2.603,izquierda
1780984121.0067816,-0.852,-0.167,0.513,-9.824,9.458,0.565,-0.696,-0.349,0.571,-16.786,9.573,-3.145,-0.483,-0.429,0.795,-24.076,-1.664,28.695,-0.317,-0.555,0.947,-16.771,17.214,-6.618,0.395,-0.591,1.15,25.237,-37.458,-64.496,izquierda
1780984121.114247,-0.934,-0.247,0.423,-97.557,66.519,18.695,-0.705,-0.446,0.439,-120.076,33.977,17.985,-0.409,-0.504,0.842,-137.076,-14.069,64.206,-0.199,-0.489,1.13,-91.198,1.008,-11.779,-0.193,-0.082,0.675,-12.427,-109.794,-118.718,izquierda
1780984121.2240782,-0.826,-0.226,0.528,-16.58,0.198,6.924,-0.744,-0.377,0.516,-19.954,19.969,5.649,-0.397,-0.471,0.818,-12.298,15.0,4.481,-0.391,-0.574,0.737,-12.076,25.55,-2.198,0.374,-0.208,0.691,-10.863,-4.351,-26.092,izquierda
1780984121.3202045,-0.883,-0.227,0.399,-3.817,-0.458,-5.366,-0.737,-0.423,0.428,-9.649,1.206,-1.985,-0.424,-0.507,0.765,-1.634,2.084,-2.412,-0.376,-0.621,0.759,1.359,8.771,-2.122,0.441,-0.26,0.753,4.771,3.557,2.26,izquierda
1780984121.4188993,-0.876,-0.242,0.408,-3.244,0.519,-5.244,-0.742,-0.423,0.435,-9.511,0.962,-1.824,-0.276,-0.507,0.726,15.687,-8.252,-33.527,-0.379,-0.627,0.744,47.809,-20.366,-14.183,0.367,-0.298,0.757,4.802,19.809,31.519,izquierda
1780984121.5290167,-0.868,-0.257,0.462,36.107,13.26,1.924,-0.677,-0.391,0.453,41.244,14.122,-11.137,-0.424,-0.457,0.705,40.863,9.725,-41.168,-0.319,-0.494,0.723,45.489,14.008,-13.107,0.321,-0.333,0.801,-24.382,43.954,55.382,izquierda
1780984121.6248446,-0.893,-0.226,0.418,49.305,-18.267,-12.313,-0.752,-0.393,0.448,34.969,-16.069,-3.107,-0.33,-0.397,0.712,19.74,-11.893,-30.87,-0.344,-0.472,0.739,3.832,1.405,-20.351,0.221,-0.366,0.724,-37.214,31.16,34.099,izquierda
1780984121.727712,-0.858,-0.2,0.458,1.489,-17.779,-4.26,-0.699,-0.386,0.532,-2.061,-9.908,2.718,-0.321,-0.455,0.866,15.344,6.725,5.069,-0.292,-0.556,0.895,2.832,10.718,3.115,0.189,-0.379,0.738,1.176,17.656,2.26,izquierda
1780984121.830555,-0.871,-0.203,0.459,0.763,1.725,0.046,-0.71,-0.372,0.521,-8.351,1.221,-0.137,-0.337,-0.461,0.844,-1.29,1.389,1.198,-0.303,-0.538,0.837,0.992,7.756,2.511,0.24,-0.423,0.754,-3.824,5.481,-2.0,izquierda
1780984121.9337785,-0.877,-0.197,0.458,-1.061,2.061,0.053,-0.717,-0.363,0.523,-8.695,2.885,-0.618,-0.346,-0.454,0.838,-1.122,2.588,1.13,-0.315,-0.535,0.849,-0.489,8.336,0.099,0.218,-0.424,0.77,-1.71,4.603,-0.015,izquierda
1780984122.0506291,-0.87,-0.2,0.455,-0.481,1.824,-0.366,-0.714,-0.367,0.513,-7.321,0.893,-0.817,-0.348,-0.457,0.837,-0.878,1.13,0.244,-0.318,-0.536,0.836,1.359,7.756,0.084,0.212,-0.421,0.767,-0.687,4.191,-0.504,izquierda
1780984122.1399326,-0.874,-0.198,0.465,-0.634,0.45,0.305,-0.717,-0.371,0.519,-7.252,0.618,0.214,-0.34,-0.453,0.832,0.328,0.275,0.427,-0.314,-0.532,0.847,0.214,7.191,-0.855,0.209,-0.417,0.76,-3.015,3.687,-2.313,izquierda
1780984122.2423983,-0.874,-0.194,0.463,-1.305,2.779,-0.221,-0.717,-0.373,0.52,-7.427,1.214,0.237,-0.351,-0.456,0.839,-0.908,1.664,0.893,-0.319,-0.534,0.841,1.13,8.756,-0.237,0.207,-0.427,0.754,-1.855,3.038,-0.893,izquierda
1780984122.3460233,-0.875,-0.198,0.457,0.015,0.992,-1.779,-0.713,-0.378,0.519,-6.366,0.527,-1.282,-0.346,-0.458,0.834,-0.481,-0.267,0.237,-0.312,-0.543,0.834,1.397,6.473,0.038,0.212,-0.427,0.768,-0.435,3.702,-0.374,izquierda
1780984125.0356138,-0.876,-0.198,0.45,-0.763,2.863,-0.702,-0.714,-0.377,0.506,-7.878,0.336,-0.214,-0.345,-0.463,0.826,-0.489,-0.176,0.733,-0.309,-0.542,0.833,1.626,6.405,-0.099,0.203,-0.442,0.755,-0.496,2.84,-0.176,izquierda
1780984125.1378942,-0.875,-0.198,0.46,-0.672,1.336,-1.916,-0.72,-0.379,0.499,-6.779,0.42,-1.0,-0.348,-0.459,0.836,-0.679,0.046,-1.13,-0.315,-0.551,0.834,1.527,7.069,-0.878,0.206,-0.448,0.754,-1.748,0.87,-0.084,izquierda
1780984125.2329988,-0.878,-0.195,0.451,-0.969,1.023,-1.13,-0.72,-0.382,0.506,-6.817,0.336,-0.397,-0.348,-0.464,0.829,-0.389,0.13,0.412,-0.313,-0.552,0.827,1.496,7.687,-0.42,0.207,-0.445,0.753,-0.267,2.29,-0.168,izquierda
1780984125.3331532,-0.875,-0.199,0.455,-0.954,2.29,-0.626,-0.719,-0.378,0.504,-7.397,0.794,-0.374,-0.352,-0.462,0.833,-0.313,1.519,1.122,-0.313,-0.55,0.828,1.664,8.58,-0.015,0.207,-0.442,0.75,-0.122,4.214,-0.519,izquierda
1780984125.436059,-0.876,-0.198,0.451,-1.038,1.366,-0.573,-0.719,-0.375,0.511,-6.359,0.275,-0.092,-0.349,-0.458,0.829,0.374,-1.0,0.008,-0.315,-0.55,0.821,2.351,7.122,0.061,0.213,-0.431,0.762,0.725,-0.664,0.947,izquierda
1780984125.539075,-0.88,-0.194,0.457,-0.55,0.321,-1.519,-0.725,-0.383,0.499,-7.664,2.397,-0.29,-0.514,-0.469,0.772,-9.389,0.702,15.954,-0.353,-0.562,0.801,-6.473,10.977,2.84,0.185,-0.459,0.847,30.595,-14.42,-19.229,izquierda
1780984125.6546981,-0.98,-0.134,0.231,-71.771,37.626,2.076,-0.846,-0.391,0.219,-88.183,-9.046,6.443,-0.529,-0.625,0.753,-69.969,-13.153,79.313,-0.398,-0.673,1.232,-62.183,-14.908,17.519,0.115,-0.176,0.569,2.092,-80.153,-86.214,izquierda
1780984125.7577584,-0.841,-0.243,0.455,-18.969,5.046,5.084,-0.701,-0.427,0.507,-22.779,11.557,10.344,-0.331,-0.445,0.739,-1.527,10.053,11.863,-0.371,-0.562,0.717,-4.74,16.969,2.794,0.385,-0.283,0.737,-3.237,-19.107,-19.718,izquierda
1780984125.8532634,-0.888,-0.243,0.407,-8.366,0.794,0.336,-0.713,-0.432,0.466,-8.901,0.855,0.29,-0.405,-0.485,0.792,0.969,-1.992,1.153,-0.355,-0.581,0.753,4.137,4.87,-0.076,0.44,-0.279,0.709,1.397,2.504,1.153,izquierda
1780984125.9502273,-0.896,-0.258,0.392,-2.206,5.16,-8.382,-0.731,-0.451,0.437,-4.313,0.847,-11.328,-0.407,-0.513,0.825,2.206,-1.679,-29.45,-0.411,-0.644,0.813,13.275,0.763,-20.351,0.426,-0.337,0.777,12.45,23.786,25.29,izquierda
1780984126.0537548,-0.877,-0.266,0.458,29.985,3.252,4.015,-0.721,-0.471,0.559,29.344,10.649,12.969,-0.347,-0.518,0.877,58.489,14.809,-26.794,-0.246,-0.587,0.952,59.183,14.908,3.992,0.349,-0.307,0.792,3.137,59.466,65.321,izquierda
1780984126.1702032,-0.907,-0.185,0.363,61.756,0.443,-6.664,-0.773,-0.355,0.357,58.0,9.527,-5.031,-0.468,-0.416,0.722,73.954,16.985,-31.16,-0.403,-0.463,0.73,55.656,11.786,0.443,0.242,-0.327,0.782,3.092,33.328,50.107,izquierda
1780984126.2763176,-0.843,-0.144,0.359,32.366,-22.092,-11.58,-0.696,-0.288,0.387,16.679,-17.84,-17.206,-0.405,-0.347,0.735,-0.45,-8.504,-21.336,-0.408,-0.434,0.779,1.084,-0.817,-10.725,0.199,-0.372,0.807,-19.099,22.275,25.122,izquierda
1780984126.3708534,-0.871,-0.205,0.469,-2.076,-11.802,-0.817,-0.684,-0.388,0.545,-0.718,-26.069,-3.809,-0.398,-0.436,0.803,-22.107,-20.076,-6.885,-0.348,-0.527,0.835,-43.374,-6.908,-22.122,0.173,-0.385,0.782,-10.481,-8.603,-6.519,izquierda
1780984126.4659812,-0.875,-0.199,0.467,0.321,-0.695,-0.809,-0.692,-0.372,0.557,-6.588,-1.313,-0.939,-0.331,-0.443,0.861,1.496,1.344,0.641,-0.312,-0.523,0.854,1.794,8.542,0.573,0.173,-0.383,0.781,1.008,4.817,-0.458,izquierda
1780984126.5719972,-0.867,-0.19,0.478,-0.557,3.29,0.115,-0.703,-0.364,0.548,-7.679,2.069,0.023,-0.337,-0.435,0.857,-1.489,1.16,0.328,-0.328,-0.528,0.844,-0.099,7.802,-1.107,0.17,-0.379,0.786,-1.145,2.863,-0.191,izquierda
1780984126.674693,-0.861,-0.2,0.471,0.321,0.748,0.45,-0.706,-0.366,0.544,-7.817,1.588,0.496,-0.336,-0.44,0.846,-2.359,0.748,1.298,-0.327,-0.53,0.845,-1.313,8.076,-1.84,0.185,-0.386,0.765,-1.71,4.023,-3.015,izquierda
1780984126.7751007,-0.865,-0.196,0.482,-0.931,1.649,-0.71,-0.703,-0.363,0.538,-7.924,1.069,-0.87,-0.339,-0.443,0.853,-1.618,0.763,0.206,-0.326,-0.532,0.836,0.618,7.412,-0.649,0.174,-0.393,0.787,-2.267,2.542,-3.015,izquierda
1780984126.8881974,-0.865,-0.193,0.478,-1.435,1.718,-0.718,-0.704,-0.364,0.541,-7.435,1.137,-0.168,-0.338,-0.44,0.856,-1.389,0.153,0.244,-0.326,-0.532,0.836,1.26,5.893,-0.641,0.159,-0.387,0.783,-1.427,3.916,-1.389,izquierda
1780984129.6680732,-0.876,-0.189,0.465,-1.13,0.908,-2.115,-0.702,-0.374,0.533,-6.397,0.13,-1.794,-0.336,-0.441,0.859,-0.885,-1.282,-0.954,-0.307,-0.547,0.835,1.748,6.58,-1.481,0.173,-0.43,0.775,-2.802,1.16,0.344,izquierda
1780984129.7718995,-0.868,-0.204,0.468,-0.458,4.176,0.084,-0.709,-0.374,0.53,-6.756,-0.237,-0.351,-0.34,-0.448,0.846,-0.023,-1.519,-0.076,-0.315,-0.546,0.833,2.84,1.603,-0.855,0.187,-0.418,0.77,-0.092,0.802,0.015,izquierda
1780984129.8656332,-0.867,-0.202,0.46,-0.473,2.977,-1.038,-0.705,-0.368,0.525,-6.817,0.115,-0.481,-0.339,-0.45,0.843,-0.344,-0.947,-0.069,-0.32,-0.542,0.828,2.16,4.076,-0.618,0.185,-0.414,0.775,-0.107,3.443,-0.053,izquierda
1780984129.968286,-0.867,-0.198,0.467,-1.244,2.458,-0.496,-0.707,-0.372,0.531,-7.244,0.802,0.252,-0.338,-0.45,0.845,-0.282,0.603,0.176,-0.325,-0.544,0.834,2.237,5.382,0.519,0.176,-0.412,0.782,-3.824,0.832,-1.947,izquierda
1780984130.0761538,-0.864,-0.198,0.472,-0.511,0.863,-1.656,-0.707,-0.375,0.526,-6.779,0.015,-1.183,-0.338,-0.457,0.839,-0.359,-0.641,-0.603,-0.321,-0.548,0.83,2.221,6.626,-1.046,0.185,-0.421,0.767,-1.55,1.397,0.145,izquierda
1780984130.174493,-0.899,-0.191,0.391,-8.595,8.71,-0.962,-0.763,-0.367,0.482,-19.908,2.74,-4.13,-0.55,-0.461,0.73,-26.382,-5.603,48.099,-0.47,-0.624,0.722,-26.588,25.122,22.588,0.401,-0.506,0.823,42.611,-55.702,-75.229,izquierda
1780984130.2773447,-0.752,-0.324,0.578,-84.656,3.977,-2.611,-0.52,-0.379,0.801,-43.756,-7.634,3.015,-0.101,-0.45,0.944,-24.053,-7.26,35.901,-0.294,-0.57,0.868,-30.45,20.412,-5.351,0.427,-0.327,0.74,-2.718,-22.351,-28.687,izquierda
1780984130.3939638,-0.891,-0.254,0.367,-10.74,2.534,-1.634,-0.714,-0.427,0.494,-14.351,3.267,2.176,-0.368,-0.464,0.798,-9.16,-2.427,8.748,-0.384,-0.605,0.769,-4.076,6.328,-0.107,0.412,-0.328,0.715,-3.939,-4.412,-5.901,izquierda
1780984130.4832506,-0.885,-0.249,0.398,0.809,-0.405,-0.847,-0.723,-0.426,0.46,-5.901,-0.328,-0.908,-0.376,-0.483,0.796,-1.298,0.992,2.733,-0.357,-0.623,0.745,2.084,7.771,-0.588,0.413,-0.334,0.728,1.214,2.359,2.328,izquierda
1780984130.5965405,-0.887,-0.25,0.395,-0.275,0.473,-1.328,-0.719,-0.428,0.469,-3.069,-5.74,-2.046,-0.398,-0.489,0.797,3.397,-1.702,-3.374,-0.353,-0.592,0.702,9.908,0.649,-10.573,0.367,-0.312,0.68,-3.611,14.557,14.802,izquierda
1780984130.6890872,-0.88,-0.24,0.408,0.626,6.817,2.779,-0.704,-0.435,0.488,-7.603,5.061,4.557,-0.372,-0.512,0.818,13.87,4.267,-29.29,-0.232,-0.6,0.872,18.405,-1.466,-3.626,0.342,-0.337,0.673,13.313,31.939,44.985,izquierda
1780984130.806689,-0.836,-0.331,0.549,77.0,2.282,-17.206,-0.768,-0.405,0.4,49.122,28.076,17.229,-0.298,-0.463,0.776,72.145,16.397,-32.534,-0.311,-0.548,0.762,64.183,34.382,1.573,0.26,-0.361,0.762,-6.557,37.321,33.282,izquierda
1780984130.8976269,-0.918,-0.194,0.396,29.412,-13.55,1.649,-0.758,-0.382,0.487,24.534,-9.466,0.939,-0.371,-0.408,0.839,41.588,3.679,-14.893,-0.345,-0.498,0.828,38.45,4.076,5.176,0.227,-0.401,0.755,-0.275,10.878,16.176,izquierda
1780984131.004298,-0.925,-0.197,0.457,25.031,-15.168,-5.084,-0.752,-0.357,0.529,31.893,-20.046,-1.969,-0.368,-0.324,0.738,54.267,15.595,-9.504,-0.299,-0.366,0.808,68.214,-0.626,31.779,0.35,-0.491,0.859,14.511,-5.763,23.13,izquierda
1780984131.1030157,-0.873,-0.177,0.486,-1.58,-14.382,-2.74,-0.715,-0.311,0.506,-5.992,-18.779,-15.664,-0.365,-0.325,0.855,-21.0,-9.275,-6.282,-0.389,-0.333,0.822,-22.397,-6.237,-7.45,0.181,-0.371,0.789,-8.084,-6.985,-1.015,izquierda
1780984131.204121,-0.845,-0.179,0.499,-0.649,-18.313,-4.473,-0.68,-0.34,0.674,-1.229,-28.427,-3.992,-0.272,-0.33,0.803,2.855,-18.58,-3.069,-0.542,-0.793,1.78,45.328,16.84,4.84,0.206,-0.388,0.759,3.214,-8.023,0.885,izquierda
1780984131.3100502,-0.847,-0.186,0.52,1.977,1.603,-0.702,-0.678,-0.34,0.587,-8.534,2.275,-1.153,-0.31,-0.401,0.884,-2.397,-1.137,0.809,-0.336,-0.489,0.874,0.626,6.947,0.145,0.206,-0.4,0.786,-1.832,4.244,-0.511,izquierda
1780984131.4159017,-0.847,-0.186,0.52,1.206,-0.87,0.962,-0.677,-0.346,0.595,-6.893,2.649,-0.168,-0.312,-0.4,0.883,-1.634,2.405,0.008,-0.334,-0.49,0.866,0.069,9.511,-0.656,0.192,-0.394,0.772,0.092,4.229,-0.076,izquierda
1780984131.5194063,-0.849,-0.185,0.517,-0.908,2.748,-1.435,-0.661,-0.354,0.58,-8.13,7.809,0.756,-0.302,-0.405,0.917,-0.611,0.847,0.664,-0.359,-0.488,0.833,-0.58,5.641,-1.748,0.201,-0.396,0.778,-1.046,2.206,-0.29,izquierda
1780984134.3016846,-0.857,-0.187,0.499,-1.305,1.351,-0.847,-0.692,-0.337,0.579,-6.137,-0.221,-0.397,-0.325,-0.446,0.85,-0.84,0.412,1.221,-0.365,-0.551,0.827,-1.0,9.038,0.389,0.169,-0.41,0.744,-1.298,4.649,-1.282,izquierda
1780984134.408298,-0.859,-0.175,0.503,-0.305,-3.534,-1.176,-0.687,-0.344,0.573,-6.351,-0.557,-0.359,-0.315,-0.425,0.873,0.336,-2.557,-0.046,-0.33,-0.531,0.848,1.069,11.42,0.076,0.177,-0.409,0.774,-0.145,5.847,0.634,izquierda
1780984134.5004532,-0.865,-0.189,0.486,-0.519,1.16,-0.748,-0.696,-0.354,0.556,-6.313,-0.427,-0.496,-0.322,-0.432,0.864,0.229,-2.672,-0.397,-0.33,-0.525,0.849,1.847,6.817,-0.023,0.192,-0.413,0.767,0.084,1.786,0.992,izquierda
1780984134.613689,-0.863,-0.191,0.485,-0.55,2.282,-0.328,-0.697,-0.362,0.563,-6.947,-0.053,-0.595,-0.326,-0.426,0.863,-0.221,-1.626,0.176,-0.33,-0.523,0.839,2.122,4.573,0.519,0.2,-0.406,0.771,0.481,3.092,0.275,izquierda
1780984134.7192402,-0.861,-0.189,0.484,-0.618,2.298,-0.786,-0.692,-0.364,0.56,-6.718,0.046,-0.55,-0.33,-0.426,0.863,-0.107,-1.176,0.321,-0.331,-0.529,0.841,2.267,4.26,-0.366,0.182,-0.387,0.79,3.908,-4.046,1.71,izquierda
1780984134.819722,-0.83,-0.199,0.49,1.122,5.359,-7.382,-0.783,-0.332,0.54,-18.733,7.42,-5.603,-0.428,-0.477,0.746,-28.061,-7.069,34.863,-0.508,-0.578,0.723,-30.008,6.359,3.931,0.14,-0.512,1.104,11.435,-32.756,-28.16,izquierda
1780984134.921007,-0.931,-0.313,0.357,-174.298,35.939,7.649,-0.579,-0.521,0.498,-177.687,-7.481,31.847,-0.104,-0.496,0.937,-95.527,-24.893,83.443,-0.546,-0.685,1.295,-29.542,-22.718,-4.0,0.326,-0.298,0.664,-2.656,-102.588,-80.267,izquierda
1780984135.0205903,-0.902,-0.252,0.321,-15.198,7.305,8.779,-0.706,-0.451,0.451,-32.519,15.359,12.519,-0.536,-0.571,0.948,-16.733,14.84,18.435,-0.355,-0.642,0.778,-4.519,9.954,15.13,0.479,-0.325,0.75,1.0,-13.885,-12.069,izquierda
1780984135.118984,-0.881,-0.304,0.372,1.466,10.0,2.817,-0.743,-0.455,0.386,-7.527,-6.74,2.55,-0.494,-0.523,0.721,3.595,-1.595,-0.092,-0.391,-0.655,0.737,6.611,7.336,2.496,0.477,-0.315,0.736,1.779,2.733,5.29,izquierda
1780984135.2233498,-0.898,-0.268,0.332,0.878,3.305,1.336,-0.748,-0.45,0.403,-3.221,-8.992,0.191,-0.398,-0.503,0.773,6.87,-6.046,-15.695,-0.363,-0.594,0.758,22.0,-2.573,-10.527,0.43,-0.276,0.681,15.427,9.916,21.832,izquierda
1780984135.3347206,-0.908,-0.263,0.358,-9.191,17.427,6.71,-0.66,-0.383,0.493,24.053,5.908,-9.893,-0.316,-0.498,0.817,31.824,1.931,-35.45,-0.116,-0.538,1.026,27.611,11.611,-7.573,0.434,-0.229,0.685,29.137,48.695,51.542,izquierda
1780984135.4324875,-0.901,-0.145,0.116,144.427,9.092,-4.115,-0.836,-0.353,0.073,114.244,24.55,-23.115,-0.59,-0.435,0.567,86.031,23.969,-55.046,-0.569,-0.593,0.578,54.786,32.237,-14.962,0.197,-0.322,0.846,-0.412,48.672,37.664,izquierda
1780984135.5386207,-0.766,-0.139,0.397,8.756,-23.71,-2.13,-0.627,-0.29,0.446,7.771,-18.107,-8.885,-0.339,-0.342,0.709,3.626,-11.855,-16.573,-0.31,-0.47,0.746,0.481,-1.397,-6.321,0.22,-0.347,0.789,-16.29,25.672,22.977,izquierda
1780984135.6337993,-0.995,-0.271,0.506,-26.519,-14.45,-3.206,-0.617,-0.343,0.637,-0.626,-13.374,-6.069,-0.363,-0.431,0.752,9.855,-7.023,-1.13,-0.33,-0.555,0.873,10.359,-14.344,2.115,0.223,-0.4,0.816,2.832,-0.443,-4.053,izquierda
1780984135.7379627,-0.855,-0.212,0.479,-2.588,3.618,2.542,-0.702,-0.377,0.541,-7.282,0.702,0.214,-0.33,-0.459,0.841,-2.466,-0.908,1.595,-0.366,-0.56,0.812,-3.42,8.076,0.382,0.179,-0.392,0.782,-7.595,7.771,-8.412,izquierda
1780984135.8395429,-0.866,-0.217,0.471,-2.046,1.046,1.046,-0.703,-0.38,0.542,-7.038,0.931,-1.176,-0.338,-0.455,0.841,-0.542,0.023,-0.863,-0.332,-0.552,0.812,1.527,7.74,-1.855,0.176,-0.399,0.785,-3.832,-0.962,-1.725,izquierda
1780984135.948298,-0.867,-0.207,0.462,-1.244,0.863,-0.183,-0.705,-0.375,0.536,-6.939,-0.023,-0.656,-0.331,-0.457,0.845,-0.183,-0.885,-0.496,-0.319,-0.553,0.82,1.305,6.969,-1.656,0.185,-0.398,0.769,-2.099,1.595,-1.061,izquierda
1780984136.0525272,-0.868,-0.211,0.464,-0.931,2.313,-1.191,-0.697,-0.381,0.538,-7.069,0.527,-0.893,-0.331,-0.456,0.842,-0.901,0.557,-0.053,-0.326,-0.555,0.824,1.16,6.656,-0.42,0.184,-0.407,0.782,-1.267,2.397,-0.718,izquierda
1780984136.1484966,-0.872,-0.209,0.455,-1.763,2.336,-0.198,-0.699,-0.375,0.544,-7.221,0.275,-0.611,-0.338,-0.457,0.844,-0.733,-0.168,0.901,-0.328,-0.554,0.824,1.641,6.947,0.092,0.179,-0.407,0.764,-1.939,3.489,-1.153,izquierda
1780984138.8270156,-0.871,-0.208,0.453,-1.298,1.786,-0.954,-0.694,-0.38,0.538,-7.443,0.267,-0.13,-0.334,-0.457,0.84,-0.015,0.076,0.695,-0.32,-0.554,0.811,2.008,7.267,-0.313,0.191,-0.42,0.769,-0.351,3.282,-0.191,izquierda
1780984138.9380443,-0.876,-0.209,0.452,-0.893,2.099,-1.42,-0.699,-0.385,0.546,-7.008,0.221,-0.672,-0.332,-0.465,0.842,-0.504,0.069,-0.55,-0.32,-0.554,0.823,1.885,6.137,-0.695,0.198,-0.418,0.768,-0.405,3.092,0.0,izquierda
1780984139.0328808,-0.869,-0.211,0.46,-0.557,0.603,-1.183,-0.699,-0.381,0.54,-6.687,0.244,-0.481,-0.329,-0.459,0.834,-0.137,-0.16,-0.321,-0.32,-0.558,0.824,1.458,6.389,-1.084,0.191,-0.424,0.765,-1.336,0.504,-0.588,izquierda
1780984139.1352694,-0.867,-0.209,0.46,-0.817,0.824,-0.42,-0.695,-0.377,0.543,-6.794,0.221,-0.206,-0.327,-0.461,0.841,-0.214,0.275,0.588,-0.321,-0.555,0.828,1.679,7.641,-0.115,0.196,-0.409,0.762,-0.588,2.496,0.305,izquierda
1780984139.2389903,-0.875,-0.207,0.464,0.229,-0.733,-0.687,-0.7,-0.375,0.545,-4.183,-1.74,-0.359,-0.333,-0.463,0.849,0.176,0.809,0.313,-0.318,-0.558,0.817,2.008,7.794,-0.115,0.193,-0.417,0.768,-0.435,3.115,0.015,izquierda
1780984139.3482833,-0.868,-0.207,0.467,-0.908,0.893,-1.244,-0.7,-0.379,0.544,-6.885,0.29,-1.214,-0.34,-0.458,0.837,0.718,-2.237,-0.458,-0.318,-0.559,0.818,5.359,8.42,1.603,0.194,-0.413,0.767,-0.282,1.664,0.214,izquierda
1780984139.4539866,-0.868,-0.196,0.439,-0.87,1.084,-2.985,-0.707,-0.379,0.554,-9.481,11.053,-2.321,-0.176,-0.48,0.876,-27.069,-9.695,20.069,-0.385,-0.591,0.845,-18.458,10.084,-21.756,0.2,-0.551,1.055,53.763,-19.359,4.176,izquierda
1780984139.5548017,-0.952,-0.197,0.243,-110.061,59.779,6.947,-0.812,-0.479,0.299,-150.924,60.244,20.557,-0.53,-0.422,0.454,-37.168,33.008,81.13,-0.444,-0.453,0.396,-21.847,8.023,52.618,0.276,-0.312,0.829,48.771,-63.038,-47.412,izquierda
1780984139.656984,-0.939,-0.3,0.377,-61.618,-21.519,7.901,-0.715,-0.431,0.353,-56.244,-57.275,-4.458,-0.419,-0.542,0.992,-61.168,-58.481,21.198,-0.433,-0.663,1.107,-52.466,-9.015,16.427,0.301,-0.233,0.784,-20.504,-59.664,-44.954,izquierda
1780984139.7536402,-0.791,-0.265,0.31,2.58,-8.038,-0.458,-0.629,-0.437,0.357,-10.939,-5.992,-3.885,-0.419,-0.476,0.68,-12.634,-1.359,2.664,-0.378,-0.586,0.747,-15.969,11.84,4.893,0.472,-0.243,0.749,-9.0,-0.275,6.137,izquierda
1780984139.8653982,-0.912,-0.286,0.29,3.519,-4.16,-5.603,-0.756,-0.492,0.34,-6.16,-4.939,-5.74,-0.47,-0.554,0.741,-2.878,-2.313,-0.962,-0.381,-0.619,0.75,0.985,5.168,-1.42,0.474,-0.235,0.691,3.374,0.489,4.519,izquierda
1780984139.9619765,-0.93,-0.298,0.349,3.87,4.832,-4.122,-0.746,-0.484,0.36,-3.878,-7.748,0.359,-0.437,-0.547,0.766,-0.725,-2.42,-28.076,-0.422,-0.651,0.832,16.405,-3.481,-27.198,0.43,-0.268,0.776,-3.412,27.855,19.137,izquierda
1780984140.0672553,-0.823,-0.315,0.419,40.878,12.565,-1.336,-0.726,-0.516,0.572,52.023,34.748,9.405,-0.311,-0.617,1.043,74.954,29.305,-34.496,-0.279,-0.674,1.08,94.282,33.191,15.916,0.389,-0.341,0.797,-16.153,85.824,75.023,izquierda
1780984140.1660595,-0.94,-0.226,0.254,78.069,-4.389,1.008,-0.802,-0.399,0.274,67.641,9.16,6.588,-0.537,-0.472,0.745,69.206,14.206,-26.145,-0.5,-0.543,0.778,59.893,15.656,1.176,0.263,-0.352,0.834,0.977,24.511,32.168,izquierda
1780984140.2795668,-0.837,-0.176,0.304,25.74,-12.412,-3.809,-0.671,-0.29,0.324,12.115,-9.076,-10.908,-0.412,-0.319,0.646,3.374,-5.267,-20.183,-0.365,-0.389,0.77,-9.809,0.466,-15.985,0.228,-0.34,0.78,-17.763,15.901,11.084,izquierda
1780984140.3720076,-0.852,-0.188,0.365,12.397,-26.748,-6.038,-0.876,-0.504,0.725,5.672,-30.336,-1.298,-0.301,-0.489,0.841,-46.313,-28.718,-8.298,-0.261,-0.422,0.751,-38.618,-12.557,-21.893,0.231,-0.42,0.836,-36.786,4.42,-13.427,izquierda
1780984140.4785388,-0.851,-0.224,0.455,-1.618,-5.656,-2.168,-0.718,-0.391,0.508,-5.374,-3.718,-0.198,-0.351,-0.479,0.816,0.519,-10.893,-2.221,-0.335,-0.584,0.876,-15.855,4.038,-6.298,0.209,-0.41,0.764,-6.076,3.687,-1.985,izquierda
1780984140.591378,-0.876,-0.217,0.438,-2.183,-0.702,-0.473,-0.7,-0.395,0.513,-7.046,-3.985,-0.779,-0.339,-0.483,0.842,-1.229,-0.55,0.42,-0.313,-0.569,0.776,1.45,5.565,0.458,0.212,-0.406,0.757,-0.786,4.145,-1.344,izquierda
1780984140.6808553,-0.877,-0.221,0.435,-0.389,-0.183,-0.847,-0.709,-0.398,0.505,-6.58,-0.405,-0.076,-0.349,-0.479,0.827,-0.221,-0.504,-0.16,-0.317,-0.582,0.805,2.069,5.695,-1.267,0.218,-0.415,0.778,-1.092,2.061,-1.321,izquierda
1780984140.7942324,-0.876,-0.216,0.44,-1.267,0.573,-0.313,-0.711,-0.392,0.511,-6.969,-0.008,-0.244,-0.355,-0.478,0.823,-0.031,-0.954,0.031,-0.316,-0.58,0.805,2.061,5.55,-0.679,0.207,-0.423,0.763,-2.191,3.229,-1.45,izquierda
1780984143.4711485,-0.877,-0.215,0.433,-0.931,0.084,-0.489,-0.712,-0.393,0.505,-7.099,0.374,-0.176,-0.363,-0.479,0.824,0.405,-0.313,-0.412,-0.321,-0.58,0.795,1.824,7.13,-0.962,0.22,-0.439,0.758,-1.015,1.069,-0.763,izquierda
1780984143.565035,-0.877,-0.208,0.439,-1.29,1.702,-0.756,-0.712,-0.395,0.501,-7.168,0.504,0.076,-0.36,-0.482,0.82,-0.42,0.366,0.305,-0.32,-0.582,0.796,1.908,6.389,-0.504,0.218,-0.436,0.754,-0.282,2.977,0.092,izquierda
1780984143.6676219,-0.879,-0.211,0.435,-0.969,1.87,-1.183,-0.715,-0.399,0.502,-7.122,0.26,-0.214,-0.354,-0.476,0.819,-0.336,-0.641,0.885,-0.323,-0.588,0.798,1.71,6.634,-0.107,0.212,-0.429,0.754,-0.756,3.87,-0.542,izquierda
1780984143.7741547,-0.882,-0.217,0.434,-0.985,2.107,-1.313,-0.711,-0.398,0.506,-7.115,0.16,-0.626,-0.36,-0.477,0.821,-0.229,-0.336,-0.053,-0.317,-0.581,0.802,1.557,7.206,-0.153,0.213,-0.432,0.759,-0.931,2.191,0.115,izquierda
1780984143.874058,-0.879,-0.213,0.43,-0.198,1.397,0.374,-0.711,-0.398,0.507,-7.122,0.092,-0.229,-0.358,-0.48,0.82,-0.031,-0.344,-0.366,-0.321,-0.585,0.805,2.145,5.71,-0.672,0.218,-0.432,0.753,-0.466,1.802,-0.55,izquierda
1780984143.9768934,-0.874,-0.211,0.441,-1.26,1.443,-0.893,-0.713,-0.397,0.498,-6.969,1.031,-0.473,-0.355,-0.482,0.822,-0.389,1.321,1.115,-0.318,-0.587,0.801,1.038,8.344,-0.511,0.214,-0.439,0.754,0.328,3.13,0.389,izquierda
1780984144.0817268,-0.886,-0.214,0.438,-1.954,13.809,2.412,-0.673,-0.367,0.514,-14.893,36.672,4.802,-0.519,-0.562,1.124,-0.87,47.359,-4.443,-0.311,-0.452,0.558,90.565,19.916,36.863,0.201,-0.394,0.712,55.947,2.931,59.969,izquierda
1780984144.1863308,-0.913,-0.215,0.39,5.16,0.313,-7.107,-0.775,-0.41,0.403,-19.71,-6.015,-2.74,-0.414,-0.467,0.661,-43.931,-20.794,77.954,-0.352,-0.559,0.91,-56.458,26.092,17.328,0.388,-0.344,0.713,5.939,-60.718,-64.84,izquierda
1780984144.286152,-0.863,-0.289,0.404,-107.206,-11.137,-9.679,-0.708,-0.419,0.39,-56.252,-36.656,-7.527,-0.267,-0.516,0.804,-87.282,-38.359,25.275,-0.362,-0.59,1.192,-89.481,0.237,-10.893,0.179,-0.14,0.548,-15.87,-49.863,-61.626,izquierda
1780984144.3890934,-0.878,-0.269,0.358,-0.779,2.336,-2.786,-0.718,-0.461,0.451,-7.107,0.87,2.611,-0.429,-0.506,0.762,-0.985,-2.817,4.473,-0.394,-0.6,0.712,-8.382,0.725,0.435,0.408,-0.27,0.726,0.84,-10.931,-4.435,izquierda
1780984144.4937654,-0.879,-0.274,0.358,-3.542,1.145,-1.664,-0.714,-0.467,0.444,-8.679,0.756,1.107,-0.424,-0.511,0.761,-0.145,-1.916,1.099,-0.379,-0.605,0.74,2.466,6.618,-0.87,0.442,-0.291,0.734,-1.328,3.374,-0.366,izquierda
1780984144.5950427,-0.876,-0.283,0.355,-0.634,2.908,-0.969,-0.721,-0.459,0.424,-5.519,-6.153,-2.107,-0.359,-0.537,0.762,1.863,-2.794,-7.122,-0.383,-0.601,0.752,20.076,-11.527,-15.374,0.405,-0.311,0.72,-8.298,16.603,12.893,izquierda
1780984144.6979632,-0.902,-0.277,0.357,13.176,9.939,-3.145,-0.717,-0.47,0.425,-9.84,15.58,7.992,-0.385,-0.489,0.777,21.702,21.527,-50.489,-0.345,-0.644,0.853,21.061,8.366,-13.58,0.301,-0.283,0.768,4.176,34.763,38.634,izquierda
1780984144.8010778,-0.827,-0.322,0.499,51.985,2.763,-6.878,-0.897,-0.482,0.498,45.58,14.153,6.779,-0.356,-0.542,0.924,54.962,9.374,-19.695,-0.342,-0.591,0.789,46.626,23.038,-2.901,0.298,-0.305,0.741,-7.519,39.115,24.718,izquierda
1780984144.9074166,-0.87,-0.163,0.319,34.656,-4.824,0.985,-0.729,-0.347,0.414,28.229,-2.061,-3.481,-0.4,-0.428,0.778,29.443,5.542,-17.053,-0.368,-0.558,0.818,16.313,7.466,-7.939,0.237,-0.344,0.784,-13.305,20.382,9.595,izquierda
1780984145.0099277,-0.879,-0.198,0.388,-5.344,0.977,-15.305,-0.731,-0.364,0.46,-15.305,-2.611,-16.931,-0.371,-0.433,0.804,-14.679,-3.038,-9.595,-0.349,-0.545,0.794,-9.702,4.794,-7.771,0.222,-0.364,0.771,-17.626,11.611,4.901,izquierda
1780984145.1272256,-0.877,-0.209,0.383,10.191,-40.557,-1.847,-0.668,-0.405,0.636,20.908,-72.809,-10.145,-0.008,-0.577,1.311,14.519,-34.252,-12.099,-0.286,-0.641,0.62,40.382,32.649,11.252,0.228,-0.41,0.765,-18.847,-31.221,-8.779,izquierda
1780984145.2127054,-0.856,-0.221,0.465,2.756,-1.275,-0.763,-0.693,-0.391,0.532,-6.061,-1.26,0.061,-0.324,-0.476,0.839,0.42,0.603,1.542,-0.295,-0.572,0.828,0.435,6.557,-0.13,0.225,-0.417,0.761,-2.206,5.427,0.267,izquierda
1780984145.3159015,-0.862,-0.223,0.454,-1.496,4.252,0.046,-0.696,-0.387,0.533,-8.489,1.832,0.206,-0.334,-0.469,0.839,-0.656,2.328,1.282,-0.306,-0.568,0.821,1.58,8.466,1.534,0.219,-0.409,0.777,-0.198,4.527,0.527,izquierda
1780984145.4189053,-0.873,-0.223,0.452,-0.374,1.656,-0.183,-0.698,-0.388,0.529,-7.298,1.42,-0.221,-0.334,-0.471,0.84,-0.267,1.275,0.344,-0.309,-0.568,0.818,0.427,8.595,-0.672,0.223,-0.416,0.76,-1.282,3.702,-0.763,izquierda
1780984148.1033165,-0.875,-0.213,0.443,-1.252,1.58,-1.061,-0.7,-0.396,0.526,-7.206,0.313,-0.824,-0.334,-0.475,0.832,-0.771,0.229,-0.13,-0.317,-0.572,0.82,1.168,7.763,-1.328,0.208,-0.423,0.758,-1.084,0.756,0.168,izquierda
1780984148.2004092,-0.87,-0.217,0.444,-0.344,-0.061,0.282,-0.701,-0.391,0.523,-6.763,0.481,-0.26,-0.333,-0.473,0.834,0.115,0.634,0.481,-0.313,-0.574,0.816,1.321,7.389,-0.053,0.22,-0.426,0.749,-0.924,2.16,0.053,izquierda
1780984148.3037667,-0.872,-0.214,0.45,-0.786,1.053,-1.275,-0.703,-0.386,0.527,-6.687,-0.176,-1.313,-0.332,-0.478,0.829,-0.573,-0.145,-0.076,-0.314,-0.576,0.812,0.992,7.786,-0.748,0.218,-0.436,0.75,-0.153,1.351,0.237,izquierda
1780984148.4213727,-0.874,-0.217,0.442,-0.885,2.282,-0.557,-0.698,-0.39,0.518,-6.718,0.519,-0.328,-0.336,-0.473,0.835,-0.336,0.534,-0.053,-0.314,-0.573,0.807,1.695,7.176,-0.29,0.221,-0.43,0.757,-0.183,3.901,-0.107,izquierda
1780984148.522107,-0.872,-0.221,0.445,-0.733,2.282,0.13,-0.699,-0.395,0.526,-7.313,0.389,-0.45,-0.336,-0.475,0.829,-0.313,-0.565,0.382,-0.314,-0.572,0.814,0.954,6.878,-1.374,0.218,-0.421,0.751,-0.832,0.924,0.305,izquierda
1780984148.6121955,-0.872,-0.217,0.45,-0.687,1.641,0.031,-0.701,-0.393,0.526,-7.298,0.969,-0.443,-0.343,-0.479,0.831,-0.435,1.099,0.221,-0.313,-0.577,0.808,1.344,6.748,-0.695,0.222,-0.428,0.754,-0.374,2.13,-0.603,izquierda
1780984148.7344418,-0.873,-0.223,0.447,-1.931,7.718,1.405,-0.756,-0.385,0.429,-10.687,0.595,-0.481,-0.49,-0.218,0.885,-7.389,12.031,2.168,-0.337,-0.608,0.934,36.58,2.565,11.794,0.167,-0.405,0.751,2.008,4.282,5.511,izquierda
1780984148.829283,-0.887,-0.212,0.426,8.214,0.458,-3.603,-0.68,-0.4,0.571,-24.107,11.901,8.13,-0.379,-0.441,0.723,-3.496,6.878,22.649,-0.342,-0.42,0.762,31.954,4.107,23.397,0.24,-0.431,0.777,1.061,-0.802,4.542,izquierda
1780984148.9243178,-0.905,-0.234,0.381,-57.076,20.504,3.878,-0.71,-0.415,0.401,-59.038,-1.847,4.863,-0.391,-0.479,0.72,-40.29,-13.015,37.71,-0.223,-0.427,0.72,-84.962,16.13,-7.0,0.431,-0.413,0.762,42.244,-49.313,-46.145,izquierda
1780984149.023904,-0.869,-0.308,0.425,-38.466,-35.58,-8.221,-0.632,-0.465,0.621,-39.214,-38.443,-0.954,-0.568,-0.568,0.794,-11.053,-15.366,39.092,-0.329,-0.657,0.95,-22.366,15.931,16.733,0.343,-0.277,0.651,24.863,-64.672,-21.954,izquierda
1780984149.1356037,-0.913,-0.25,0.373,6.511,3.359,-1.985,-0.714,-0.451,0.453,-7.412,0.725,0.695,-0.426,-0.5,0.776,-2.924,1.168,3.656,-0.385,-0.625,0.739,-4.0,5.954,4.206,0.408,-0.292,0.733,-14.053,-3.466,-4.427,izquierda
1780984149.2301888,-0.884,-0.265,0.397,-3.748,4.107,-0.626,-0.711,-0.449,0.455,-8.282,1.588,0.389,-0.42,-0.49,0.744,-0.908,0.29,1.748,-0.37,-0.617,0.721,0.099,8.229,0.214,0.43,-0.294,0.726,-3.84,3.298,-2.389,izquierda
1780984149.3399117,-0.899,-0.257,0.372,-4.534,4.672,-1.198,-0.718,-0.451,0.446,-5.679,-1.252,-2.802,-0.396,-0.491,0.785,1.061,-7.702,-4.824,-0.345,-0.598,0.75,12.916,-4.855,-16.779,0.422,-0.252,0.675,-12.473,12.359,4.809,izquierda
1780984149.4371283,-0.872,-0.272,0.383,2.817,6.565,-4.664,-0.685,-0.453,0.474,-12.366,9.382,4.603,-0.426,-0.545,0.752,11.985,13.084,-46.779,-0.285,-0.632,0.867,6.649,3.0,-15.779,0.363,-0.309,0.718,2.344,31.84,27.374,izquierda
1780984149.5423431,-0.884,-0.292,0.433,34.015,11.55,-4.42,-0.632,-0.472,0.55,29.947,19.458,-10.29,-0.427,-0.522,0.775,30.176,14.458,-20.84,-0.361,-0.619,0.778,25.763,27.42,-10.901,0.335,-0.354,0.766,-0.496,33.962,20.534,izquierda
1780984149.642249,-0.878,-0.239,0.378,32.718,-0.687,-2.336,-0.759,-0.406,0.387,26.542,1.893,-5.695,-0.41,-0.485,0.767,24.855,5.344,-18.985,-0.363,-0.579,0.75,19.824,12.855,-5.824,0.257,-0.358,0.766,-9.481,21.847,6.198,izquierda
1780984149.7559793,-0.85,-0.204,0.356,7.092,-1.145,-11.893,-0.549,-0.373,0.527,4.389,-9.115,4.145,-0.417,-0.506,0.831,-5.779,1.481,-19.656,-0.394,-0.622,0.767,-6.794,-1.061,-14.321,0.226,-0.418,0.786,-31.756,9.908,-6.023,izquierda
1780984149.8530755,-0.867,-0.24,0.436,0.87,-1.702,-1.298,-0.725,-0.415,0.484,-5.313,1.244,0.305,-0.333,-0.506,0.801,-0.748,-0.885,0.435,-0.319,-0.586,0.842,4.771,0.679,0.305,0.237,-0.425,0.754,-7.198,1.687,-7.954,izquierda
1780984149.9511719,-0.873,-0.236,0.422,0.198,0.198,-0.336,-0.713,-0.401,0.495,-6.84,0.023,-0.382,-0.339,-0.492,0.818,-1.176,0.519,-0.092,-0.313,-0.589,0.805,1.817,6.992,-0.031,0.244,-0.426,0.744,-1.931,3.13,-1.42,izquierda
1780984150.054604,-0.871,-0.231,0.428,-0.863,1.427,-0.107,-0.717,-0.402,0.493,-7.099,0.466,-0.794,-0.344,-0.487,0.811,-1.076,0.885,0.511,-0.311,-0.584,0.793,0.786,8.718,-0.74,0.244,-0.424,0.752,-1.557,3.405,-0.29,izquierda
1780984152.7326171,-0.878,-0.232,0.424,-0.817,2.366,-0.015,-0.71,-0.407,0.495,-7.26,0.214,-0.282,-0.338,-0.493,0.814,-0.397,0.061,0.519,-0.31,-0.588,0.805,1.855,5.473,-0.069,0.242,-0.447,0.746,-0.29,2.725,0.13,izquierda
1780984152.8445911,-0.88,-0.229,0.425,-1.313,1.924,-1.229,-0.711,-0.406,0.49,-7.153,0.267,-0.58,-0.338,-0.493,0.821,-0.443,0.076,0.298,-0.305,-0.588,0.809,1.802,6.733,0.229,0.241,-0.433,0.747,-0.473,3.603,0.42,izquierda
1780984152.9470022,-0.883,-0.231,0.428,-0.511,0.603,-0.634,-0.714,-0.407,0.493,-6.702,0.252,-0.45,-0.343,-0.49,0.814,0.137,-0.618,-0.443,-0.306,-0.588,0.797,1.802,6.557,-1.359,0.247,-0.446,0.746,-1.351,0.656,-0.511,izquierda
1780984153.0529873,-0.88,-0.23,0.425,-0.687,1.718,-0.198,-0.715,-0.407,0.493,-7.137,0.221,-0.244,-0.342,-0.492,0.819,-0.466,0.603,-0.237,-0.306,-0.591,0.805,1.374,7.305,-0.931,0.242,-0.44,0.744,-0.466,2.664,0.137,izquierda
1780984153.1441028,-0.881,-0.226,0.426,-0.969,1.924,-1.382,-0.709,-0.407,0.498,-6.656,0.221,-0.763,-0.34,-0.493,0.82,-0.603,-0.489,0.252,-0.305,-0.592,0.802,1.389,6.527,-0.42,0.24,-0.439,0.743,-0.489,2.427,-0.038,izquierda
1780984153.2571836,-0.875,-0.226,0.429,-1.046,1.573,-1.237,-0.713,-0.402,0.487,-7.137,0.198,-0.443,-0.342,-0.494,0.821,-0.748,0.305,0.489,-0.307,-0.591,0.802,1.954,7.481,-0.115,0.246,-0.436,0.744,-0.786,2.718,0.206,izquierda
1780984153.3566222,-0.878,-0.235,0.421,-0.244,0.45,-0.656,-0.711,-0.409,0.492,-6.336,0.023,-0.344,-0.339,-0.5,0.817,0.298,-0.916,-0.588,-0.298,-0.591,0.807,2.084,6.115,-0.931,0.248,-0.446,0.739,-0.344,2.229,-0.885,izquierda
1780984153.4538586,-0.876,-0.228,0.428,0.29,2.015,-1.023,-0.692,-0.398,0.521,-10.244,7.046,0.282,-0.833,-0.506,0.033,-47.969,-2.168,108.893,-0.681,-0.679,0.608,-12.13,44.947,12.595,0.605,-0.483,0.694,138.954,-57.282,-12.756,izquierda
1780984153.5654151,-0.793,-0.338,0.542,-67.656,7.023,-0.664,-0.563,-0.439,0.681,-39.336,-12.977,5.305,-0.187,-0.493,0.949,-20.191,-12.618,37.214,-0.34,-0.566,0.781,-29.382,22.702,6.924,0.407,-0.26,0.72,-6.565,-17.244,-20.053,izquierda
1780984153.665116,-0.884,-0.266,0.373,-3.634,0.504,-0.321,-0.713,-0.443,0.483,-8.053,0.282,0.641,-0.402,-0.505,0.76,-4.832,3.435,8.336,-0.387,-0.651,0.74,-6.893,9.191,8.206,0.396,-0.262,0.778,2.015,-5.466,-2.702,izquierda
1780984153.7645655,-0.884,-0.272,0.379,-2.573,-0.84,-2.695,-0.71,-0.443,0.468,-7.305,-1.458,-0.626,-0.411,-0.5,0.781,-0.84,-2.031,-0.924,-0.376,-0.637,0.716,3.321,3.672,-3.191,0.425,-0.272,0.745,-8.252,1.878,-2.824,izquierda
1780984153.874159,-0.89,-0.272,0.353,-1.527,1.427,-3.137,-0.711,-0.442,0.462,-6.252,-0.672,-2.374,-0.404,-0.497,0.783,-1.901,-2.878,-2.542,-0.347,-0.6,0.725,14.893,-7.725,-19.939,0.371,-0.301,0.667,-21.802,6.931,5.053,izquierda
1780984153.9682868,-0.876,-0.269,0.378,-2.901,13.489,2.634,-0.699,-0.441,0.468,-14.893,22.58,4.771,-0.264,-0.52,0.819,21.053,26.092,-64.901,-0.37,-0.67,0.953,22.481,2.924,-2.26,0.327,-0.307,0.76,-0.649,38.557,31.046,izquierda
1780984154.0771523,-0.893,-0.263,0.385,53.855,5.267,10.992,-0.744,-0.392,0.37,39.366,11.061,13.069,-0.437,-0.46,0.74,46.679,7.26,-22.313,-0.408,-0.562,0.73,46.046,11.168,-3.756,0.274,-0.315,0.775,-15.924,31.061,26.305,izquierda
1780984154.1837118,-0.875,-0.216,0.383,33.076,-13.847,0.588,-0.707,-0.345,0.445,28.718,-16.42,-8.237,-0.345,-0.407,0.802,29.939,-7.031,-22.84,-0.35,-0.516,0.847,24.038,-5.16,-1.931,0.24,-0.367,0.806,-15.611,23.076,24.771,izquierda
1780984154.2774062,-0.871,-0.181,0.399,34.641,-11.069,-6.092,-0.697,-0.331,0.453,27.099,-22.656,-10.267,-0.359,-0.383,0.786,22.115,1.015,-19.702,-0.307,-0.461,0.817,28.122,2.321,3.656,0.232,-0.406,0.837,-0.855,15.725,31.611,izquierda
1780984154.3858902,-0.86,-0.205,0.447,-4.71,-1.885,-19.504,-0.667,-0.359,0.555,-20.366,-10.435,-22.832,-0.293,-0.41,0.868,-23.794,-3.893,-10.969,-0.316,-0.476,0.795,-29.985,4.45,-17.45,0.179,-0.379,0.786,-8.649,-0.053,0.634,izquierda
1780984154.4863312,-0.871,-0.21,0.483,-5.122,0.405,-0.29,-0.675,-0.379,0.557,-6.756,-0.687,-0.405,-0.298,-0.458,0.866,-4.015,2.641,1.443,-0.318,-0.523,0.851,-2.656,15.87,0.198,0.191,-0.382,0.777,-2.74,4.282,-0.313,izquierda
1780984154.5864701,-0.871,-0.217,0.471,-0.458,0.26,-0.344,-0.678,-0.382,0.572,-7.107,1.13,-0.16,-0.313,-0.439,0.863,-0.794,0.519,0.382,-0.301,-0.523,0.852,-0.153,7.534,-1.595,0.2,-0.39,0.783,0.618,3.725,-0.656,izquierda
1780984154.6892424,-0.863,-0.208,0.466,0.115,1.718,-0.328,-0.679,-0.376,0.568,-7.382,1.817,-0.534,-0.31,-0.437,0.871,-2.176,0.496,0.672,-0.294,-0.532,0.855,-3.351,5.443,-2.229,0.192,-0.383,0.779,-0.206,4.206,-0.87,izquierda
1780984157.3680315,-0.864,-0.213,0.461,-1.183,1.412,-0.687,-0.684,-0.377,0.557,-7.336,0.26,-0.13,-0.317,-0.45,0.859,-0.42,0.802,0.42,-0.303,-0.543,0.828,1.992,7.344,-0.031,0.194,-0.403,0.776,-0.58,2.305,0.008,izquierda
1780984157.4821086,-0.865,-0.213,0.464,-1.031,2.229,-1.053,-0.687,-0.379,0.559,-7.092,0.237,-0.282,-0.319,-0.447,0.855,-0.557,-0.313,-0.038,-0.305,-0.544,0.841,1.733,6.947,-0.473,0.194,-0.4,0.775,-0.603,2.519,-0.153,izquierda
1780984157.583829,-0.866,-0.212,0.463,-1.298,1.366,-1.107,-0.682,-0.381,0.564,-7.137,0.427,-0.389,-0.316,-0.451,0.856,-0.84,0.435,0.771,-0.311,-0.547,0.832,1.153,8.183,-0.229,0.187,-0.402,0.77,-0.649,3.931,0.313,izquierda
1780984157.6836247,-0.869,-0.208,0.464,-0.748,0.397,-1.298,-0.684,-0.38,0.556,-6.443,0.137,-0.443,-0.315,-0.451,0.856,-0.29,-0.489,-0.366,-0.304,-0.547,0.839,1.824,6.29,-1.603,0.191,-0.404,0.778,-1.069,0.489,-0.519,izquierda
1780984157.7820845,-0.866,-0.214,0.467,-0.832,1.58,-0.336,-0.683,-0.381,0.545,-7.489,1.061,-0.366,-0.331,-0.445,0.844,-6.466,-1.611,0.321,-0.319,-0.621,0.796,-14.321,14.275,-9.237,0.338,-0.476,0.829,24.374,-21.695,-12.26,izquierda
1780984157.8949661,-1.032,-0.155,0.256,-82.985,30.87,3.305,-0.703,-0.441,0.484,-81.282,17.893,4.038,-0.348,-0.476,0.753,-70.718,-17.763,77.679,-0.316,-0.585,0.722,-56.863,-3.954,16.626,0.407,-0.376,0.717,12.824,-65.183,-86.794,izquierda
1780984157.9858706,-0.844,-0.298,0.447,-26.053,-0.13,-0.573,-0.629,-0.427,0.585,-16.916,-2.16,1.214,-0.238,-0.494,0.858,-15.168,3.84,38.557,-0.322,-0.595,0.871,-6.618,15.87,12.962,0.394,-0.289,0.717,0.221,-15.855,-13.336,izquierda
1780984158.0998652,-0.87,-0.292,0.374,-0.427,-2.298,-0.641,-0.697,-0.45,0.472,-5.725,-2.45,0.771,-0.384,-0.504,0.787,-1.733,-1.076,3.809,-0.353,-0.636,0.719,-0.282,5.664,2.176,0.449,-0.295,0.728,-10.298,1.13,-3.405,izquierda
1780984158.1997015,-0.884,-0.278,0.373,-1.244,1.809,0.557,-0.703,-0.448,0.468,-6.931,-1.336,-0.397,-0.415,-0.499,0.774,-0.55,-5.046,0.023,-0.36,-0.632,0.72,3.336,7.74,-4.473,0.42,-0.285,0.71,7.382,-1.008,4.695,izquierda
1780984158.3001397,-0.886,-0.279,0.37,1.023,0.328,-2.031,-0.71,-0.446,0.448,-3.053,-6.359,-1.985,-0.376,-0.493,0.812,-0.496,8.687,-4.305,-0.338,-0.616,0.745,11.336,-3.809,-5.985,0.398,-0.284,0.741,7.695,28.015,22.206,izquierda
1780984158.397676,-0.89,-0.273,0.365,1.038,7.702,4.733,-0.707,-0.453,0.472,-6.763,5.58,4.847,-0.391,-0.491,0.771,13.275,3.374,-29.565,-0.294,-0.628,0.755,15.573,0.244,-24.58,0.402,-0.309,0.735,0.206,31.153,31.084,izquierda
1780984158.5009587,-0.88,-0.288,0.419,37.137,-5.038,-7.748,-0.704,-0.44,0.464,-8.618,12.344,8.847,-0.412,-0.52,0.795,14.313,8.702,-28.679,-0.33,-0.62,0.759,19.458,6.466,-0.511,0.314,-0.334,0.779,-1.137,20.221,15.511,izquierda
1780984158.603917,-0.887,-0.254,0.384,29.076,0.405,-4.611,-0.749,-0.444,0.485,24.519,3.191,-10.527,-0.379,-0.495,0.823,22.71,-1.031,-17.863,-0.34,-0.616,0.813,21.863,14.672,-4.221,0.272,-0.353,0.812,-9.244,17.832,13.244,izquierda
1780984158.707243,-0.875,-0.223,0.381,49.397,-9.473,5.649,-0.733,-0.387,0.433,42.74,-10.542,-4.26,-0.365,-0.454,0.804,43.046,1.763,-23.344,-0.343,-0.572,0.788,34.74,5.298,-3.649,0.227,-0.371,0.803,-10.55,19.145,14.053,izquierda
1780984158.8094418,-0.868,-0.176,0.404,28.397,-12.756,-4.885,-0.699,-0.347,0.484,20.061,-16.542,-8.458,-0.289,-0.433,0.764,27.16,-0.664,-17.069,-0.314,-0.519,0.821,27.26,-4.878,-12.137,0.242,-0.466,0.855,-7.206,7.115,14.336,izquierda
1780984158.9250937,-0.88,-0.198,0.434,3.397,-1.252,-10.55,-0.664,-0.354,0.51,-6.962,-6.603,-8.473,-0.347,-0.414,0.817,-0.954,-3.748,-5.878,-0.358,-0.538,0.827,6.649,-1.046,-5.366,0.192,-0.393,0.79,-6.137,-1.237,-1.779,izquierda
1780984159.0242977,-0.854,-0.221,0.473,-1.763,-1.924,-1.954,-0.672,-0.372,0.581,-6.321,-2.298,-1.191,-0.32,-0.428,0.87,-0.893,-0.374,-0.16,-0.3,-0.511,0.871,1.901,4.916,-0.382,0.198,-0.385,0.784,-1.214,1.305,-0.634,izquierda
1780984159.1300929,-0.863,-0.219,0.476,-0.115,1.466,0.015,-0.675,-0.375,0.577,-7.221,1.29,-0.634,-0.309,-0.428,0.872,-2.977,-0.45,0.405,-0.295,-0.514,0.86,-0.756,5.038,-1.198,0.195,-0.391,0.777,-1.298,1.71,-0.107,izquierda
1780984159.2259033,-0.863,-0.217,0.468,-0.611,3.153,-0.061,-0.676,-0.378,0.574,-7.672,1.656,-0.344,-0.306,-0.435,0.869,-2.313,0.336,0.634,-0.286,-0.509,0.868,-0.931,6.794,-0.42,0.191,-0.39,0.77,-0.908,2.481,0.221,izquierda
1780984162.020211,-0.864,-0.216,0.465,-1.412,2.053,-0.351,-0.684,-0.382,0.562,-7.809,0.443,-0.313,-0.308,-0.45,0.856,-0.687,0.985,-0.099,-0.288,-0.54,0.844,1.053,6.656,-0.985,0.19,-0.403,0.772,-1.504,1.405,-0.336,izquierda
1780984162.1176581,-0.866,-0.218,0.466,-0.542,0.397,-0.282,-0.678,-0.38,0.557,-6.435,0.412,-0.626,-0.31,-0.453,0.865,-0.13,-0.115,-0.137,-0.285,-0.538,0.85,1.618,6.924,-0.397,0.196,-0.408,0.775,-0.824,1.412,-0.275,izquierda
1780984162.2191684,-0.863,-0.218,0.467,-1.748,1.687,-0.924,-0.682,-0.387,0.565,-7.229,0.321,-0.145,-0.308,-0.452,0.853,-0.527,0.153,0.374,-0.283,-0.541,0.853,1.863,6.832,0.344,0.192,-0.403,0.769,-0.29,2.87,-0.359,izquierda
1780984162.3120859,-0.865,-0.216,0.46,-0.786,1.244,-0.817,-0.681,-0.385,0.562,-7.412,0.305,-0.588,-0.312,-0.455,0.86,-0.863,-0.489,-0.122,-0.284,-0.539,0.849,1.405,6.855,-0.847,0.2,-0.41,0.771,-0.153,3.679,-0.069,izquierda
1780984162.4254313,-0.865,-0.216,0.462,-0.817,1.893,-0.618,-0.68,-0.382,0.565,-7.443,0.55,-0.824,-0.31,-0.453,0.857,-0.634,0.061,0.115,-0.286,-0.541,0.842,1.664,7.153,-0.901,0.193,-0.408,0.765,-0.969,1.176,-0.351,izquierda
1780984162.5294878,-0.863,-0.214,0.467,-1.008,0.962,-0.542,-0.678,-0.379,0.563,-7.252,0.626,-0.496,-0.31,-0.456,0.857,-0.725,0.351,0.885,-0.284,-0.539,0.853,1.435,7.366,-0.237,0.201,-0.408,0.77,-0.252,2.855,-0.137,izquierda
1780984162.6222641,-0.869,-0.217,0.442,-5.015,4.779,0.13,-0.695,-0.393,0.523,-12.237,1.565,-0.649,-0.339,-0.461,0.826,-8.122,-1.466,6.794,-0.424,-0.627,0.623,4.58,20.328,6.931,0.509,-0.622,1.134,14.931,-53.725,-66.595,izquierda
1780984162.7235749,-0.824,-0.336,0.596,-71.641,9.855,2.435,-0.747,-0.449,0.444,-65.504,-6.504,11.947,-0.008,-0.451,1.001,-44.252,-29.588,62.153,-0.23,-0.495,0.92,-42.824,18.267,13.198,0.112,-0.248,0.802,-16.542,-47.557,-41.076,izquierda
1780984162.82688,-0.867,-0.251,0.409,2.061,2.214,-0.229,-0.684,-0.413,0.534,-8.916,-3.588,0.427,-0.322,-0.456,0.841,-5.015,-0.832,10.771,-0.357,-0.606,0.775,-5.267,8.802,-1.847,0.407,-0.313,0.736,-1.985,-5.832,-4.45,izquierda
1780984162.9310474,-0.88,-0.242,0.413,-4.947,1.359,-0.267,-0.705,-0.414,0.495,-10.534,0.29,1.878,-0.378,-0.462,0.82,-2.366,0.725,2.893,-0.348,-0.6,0.767,0.733,5.626,-1.046,0.42,-0.329,0.734,-2.992,2.427,-2.206,izquierda
1780984163.040369,-0.874,-0.248,0.418,-1.557,2.244,-1.412,-0.694,-0.417,0.509,-7.221,-0.252,-0.489,-0.382,-0.464,0.807,-0.542,-0.901,-0.939,-0.353,-0.596,0.763,2.824,5.405,-2.977,0.405,-0.314,0.719,-0.672,2.916,2.595,izquierda
1780984163.1416912,-0.906,-0.243,0.405,-7.29,2.061,-0.267,-0.698,-0.411,0.52,-6.84,-0.092,-2.313,-0.38,-0.473,0.816,-2.321,1.511,-3.405,-0.362,-0.589,0.724,6.511,-4.115,-6.122,0.432,-0.364,0.774,17.305,12.45,31.595,izquierda
1780984163.2402785,-0.882,-0.247,0.413,0.435,0.298,-2.046,-0.698,-0.416,0.512,-5.412,0.74,-1.374,-0.382,-0.477,0.808,-1.672,5.015,-1.282,-0.336,-0.602,0.783,1.206,3.611,-2.13,0.374,-0.355,0.802,6.504,12.733,21.504,izquierda
1780984163.348241,-0.876,-0.244,0.422,-0.634,0.74,-0.466,-0.694,-0.415,0.51,-6.947,0.695,0.473,-0.379,-0.477,0.81,0.634,1.824,-1.061,-0.323,-0.599,0.789,2.206,3.893,-1.794,0.332,-0.349,0.772,0.977,13.519,14.725,izquierda
1780984163.4577222,-0.868,-0.248,0.426,-2.046,4.298,0.405,-0.691,-0.415,0.523,-10.038,6.977,2.473,-0.371,-0.467,0.811,9.481,0.336,-27.977,-0.28,-0.58,0.803,8.374,7.649,-3.298,0.29,-0.326,0.751,-3.977,17.321,12.351,izquierda
1780984163.5578163,-0.911,-0.216,0.388,-1.0,10.542,7.725,-0.714,-0.404,0.498,-6.26,14.42,5.603,-0.367,-0.459,0.789,24.092,-0.076,-7.656,-0.325,-0.575,0.758,27.214,5.427,15.779,0.292,-0.365,0.749,-1.649,14.061,16.191,izquierda
1780984163.6508143,-0.882,-0.246,0.426,21.931,-0.221,-3.969,-0.755,-0.385,0.433,9.26,3.351,-1.313,-0.393,-0.438,0.796,16.107,5.763,-11.458,-0.37,-0.545,0.766,17.0,7.466,-1.878,0.233,-0.37,0.769,-8.237,9.702,12.0,izquierda
1780984163.7540321,-0.906,-0.233,0.42,25.916,-4.679,1.366,-0.726,-0.381,0.497,15.107,-2.351,-1.328,-0.346,-0.437,0.82,19.298,1.756,-12.015,-0.341,-0.52,0.794,19.229,5.748,-5.053,0.216,-0.382,0.77,-2.481,6.427,7.427,izquierda
1780984163.8692772,-0.871,-0.195,0.426,26.237,-4.221,-0.435,-0.73,-0.372,0.527,10.542,-2.969,-1.649,-0.338,-0.419,0.9,16.252,3.557,-10.351,-0.288,-0.503,0.839,17.206,6.458,-3.786,0.213,-0.392,0.76,1.267,8.534,9.672,izquierda
1780984166.6525562,-0.86,-0.215,0.467,-1.374,1.794,-1.45,-0.679,-0.38,0.571,-7.359,0.137,-0.527,-0.31,-0.448,0.857,-0.595,0.458,0.702,-0.292,-0.537,0.845,0.779,7.122,0.008,0.201,-0.411,0.766,-0.557,2.939,-0.16,izquierda
1780984166.7511585,-0.864,-0.215,0.464,-1.405,1.855,-1.321,-0.678,-0.38,0.565,-7.053,0.382,-0.443,-0.309,-0.446,0.859,-0.29,0.26,0.351,-0.289,-0.541,0.848,1.183,7.954,-0.824,0.192,-0.408,0.77,-1.481,2.87,-0.496,izquierda
1780984166.8438137,-0.865,-0.217,0.462,-0.855,1.038,-0.885,-0.682,-0.381,0.566,-6.305,0.038,-0.595,-0.311,-0.449,0.857,-0.115,0.153,-0.664,-0.291,-0.535,0.849,1.893,6.817,-1.137,0.208,-0.415,0.776,-1.198,1.466,-0.466,izquierda
1780984166.9469848,-0.868,-0.213,0.465,-1.313,1.275,-1.092,-0.68,-0.376,0.56,-7.26,0.267,-0.802,-0.312,-0.451,0.852,-0.855,-0.198,0.511,-0.293,-0.539,0.846,1.206,6.244,-0.275,0.198,-0.411,0.772,-0.542,1.947,-0.145,izquierda
1780984167.057419,-0.871,-0.216,0.46,-1.183,2.366,-2.107,-0.672,-0.379,0.57,-8.802,0.885,-0.473,-0.31,-0.446,0.857,-2.427,-1.901,-0.847,-0.285,-0.54,0.844,-0.931,6.977,6.427,0.198,-0.425,0.785,-5.466,0.687,-12.779,izquierda
1780984167.1576238,-0.946,-0.168,0.3,-41.29,29.618,11.435,-0.852,-0.452,0.353,-49.046,20.382,9.557,-0.347,-0.47,0.758,-50.962,-9.634,68.023,-0.314,-0.584,0.827,-45.931,21.985,32.397,0.273,-0.447,0.877,38.13,-69.969,-80.802,izquierda
1780984167.2660952,-0.827,-0.295,0.423,-91.26,12.695,-5.496,-0.688,-0.476,0.515,-69.534,4.939,5.122,-0.179,-0.501,0.845,-46.74,29.672,76.122,-0.22,-0.592,0.744,-1.0,-4.176,8.13,0.393,-0.273,0.639,3.092,-36.351,-39.115,izquierda
1780984167.358929,-0.871,-0.302,0.394,0.45,2.229,0.634,-0.7,-0.464,0.48,-11.069,1.504,2.038,-0.387,-0.488,0.748,-2.267,-1.977,4.847,-0.363,-0.613,0.727,-1.244,4.695,3.534,0.434,-0.287,0.719,-1.618,1.832,0.122,izquierda
1780984167.4737122,-0.906,-0.293,0.374,1.252,-1.695,1.397,-0.706,-0.458,0.45,-4.916,-7.771,1.16,-0.432,-0.525,0.801,0.641,-3.908,-1.267,-0.361,-0.633,0.748,4.053,7.053,0.267,0.463,-0.323,0.748,-0.611,2.29,2.687,izquierda
1780984167.5649467,-0.892,-0.285,0.355,0.985,0.26,-0.053,-0.709,-0.449,0.457,-6.107,-1.076,-0.481,-0.39,-0.509,0.756,2.389,1.183,-1.061,-0.358,-0.619,0.738,3.214,9.282,-1.794,0.425,-0.303,0.737,0.458,1.084,2.313,izquierda
1780984167.6737907,-0.91,-0.281,0.353,-0.099,3.603,1.031,-0.705,-0.449,0.458,-6.412,-0.374,0.618,-0.398,-0.503,0.786,-0.847,-1.046,-0.87,-0.355,-0.625,0.742,2.008,6.87,-1.168,0.447,-0.299,0.725,-0.565,2.771,-0.626,izquierda
1780984167.7729478,-0.886,-0.282,0.357,-0.924,1.588,-0.679,-0.707,-0.447,0.46,-7.015,-0.198,-0.473,-0.406,-0.498,0.779,-0.313,0.107,-0.153,-0.369,-0.623,0.742,-0.664,8.374,0.611,0.448,-0.306,0.722,-0.267,3.847,1.092,izquierda
1780984167.874188,-0.885,-0.282,0.357,-0.198,1.626,-1.687,-0.707,-0.454,0.458,-5.756,-1.603,0.603,-0.411,-0.508,0.771,0.053,-2.725,-1.443,-0.368,-0.638,0.746,1.649,6.29,-0.473,0.446,-0.313,0.73,-1.13,3.076,0.519,izquierda
1780984167.9851465,-0.894,-0.282,0.349,0.565,-0.489,-0.176,-0.712,-0.453,0.457,-6.023,-1.473,-0.443,-0.41,-0.505,0.77,0.275,-1.366,-1.573,-0.371,-0.629,0.738,1.45,5.817,-1.084,0.442,-0.318,0.736,-1.748,1.084,-0.107,izquierda
1780984168.0808353,-0.884,-0.275,0.364,-1.153,1.237,0.305,-0.704,-0.448,0.474,-7.092,0.718,0.511,-0.406,-0.503,0.772,-0.534,1.031,0.924,-0.366,-0.625,0.726,1.641,7.237,-0.122,0.438,-0.308,0.733,-1.076,2.977,-0.191,izquierda
1780984168.1832292,-0.885,-0.276,0.37,-0.595,0.885,-0.908,-0.709,-0.451,0.455,-6.893,-0.595,-0.74,-0.403,-0.506,0.783,-0.176,-1.252,-0.244,-0.374,-0.626,0.734,1.588,6.939,-0.076,0.446,-0.308,0.725,-1.053,3.267,0.344,izquierda
1780984168.2969518,-0.887,-0.28,0.366,-0.046,2.076,-0.198,-0.711,-0.448,0.461,-7.328,-0.183,0.206,-0.402,-0.504,0.775,-0.565,0.496,-0.16,-0.381,-0.621,0.742,0.931,7.534,0.183,0.434,-0.301,0.72,0.786,2.176,1.908,izquierda
1780984168.3892243,-0.878,-0.281,0.364,1.763,-1.809,-1.679,-0.707,-0.452,0.464,-4.634,-1.405,-0.282,-0.375,-0.502,0.781,1.748,-0.611,-3.42,-0.353,-0.636,0.772,5.198,2.122,-8.527,0.433,-0.309,0.737,2.42,1.046,6.229,izquierda
1780984168.4921274,-0.883,-0.275,0.375,-4.427,7.198,1.649,-0.701,-0.432,0.48,-11.733,6.26,4.092,-0.305,-0.513,0.865,15.908,0.779,-42.26,-0.352,-0.637,0.751,16.924,3.794,-2.008,0.404,-0.271,0.691,18.481,30.29,27.748,izquierda
1780984171.2814417,-0.824,-0.251,0.524,-1.824,6.679,0.137,-0.647,-0.387,0.594,-9.26,1.527,0.481,-0.25,-0.461,0.874,-1.511,2.435,1.718,-0.228,-0.53,0.884,0.321,9.565,0.878,0.229,-0.401,0.764,-0.733,3.656,0.099,izquierda
1780984171.3833873,-0.818,-0.258,0.524,-0.061,0.771,0.405,-0.646,-0.389,0.598,-7.328,0.885,-0.298,-0.248,-0.461,0.881,-0.702,2.176,0.863,-0.223,-0.54,0.871,1.099,8.55,0.496,0.227,-0.407,0.765,0.855,7.046,-0.542,izquierda
1780984171.4794614,-0.832,-0.251,0.513,0.099,3.382,2.16,-0.651,-0.388,0.599,-7.099,0.924,1.496,-0.252,-0.46,0.873,0.275,0.992,2.046,-0.232,-0.538,0.869,2.718,7.71,1.344,0.217,-0.396,0.77,-1.702,4.427,-2.427,izquierda
1780984171.594357,-0.835,-0.247,0.514,-0.496,3.023,1.107,-0.654,-0.39,0.593,-7.351,1.344,0.954,-0.256,-0.454,0.879,-0.305,0.26,1.031,-0.22,-0.538,0.874,-0.061,12.977,0.573,0.231,-0.396,0.767,-0.16,4.977,-1.13,izquierda
1780984171.6901484,-0.841,-0.242,0.51,-0.427,2.092,0.008,-0.659,-0.387,0.593,-6.71,0.74,-1.275,-0.262,-0.455,0.879,-0.511,0.206,-1.893,-0.228,-0.53,0.874,0.939,5.435,-3.519,0.23,-0.411,0.761,-5.145,-5.046,-1.046,izquierda
1780984171.7920084,-0.834,-0.246,0.513,-0.176,2.985,1.282,-0.654,-0.384,0.59,-6.832,0.802,0.511,-0.258,-0.459,0.872,0.313,-0.939,0.656,-0.226,-0.53,0.877,2.435,6.053,0.168,0.227,-0.406,0.767,0.687,4.985,-0.366,izquierda
1780984171.8920605,-0.831,-0.247,0.517,-0.771,1.344,-2.084,-0.655,-0.383,0.594,-6.733,0.489,-1.282,-0.258,-0.456,0.871,-1.038,0.511,-0.504,-0.231,-0.531,0.867,1.023,7.168,-0.931,0.22,-0.407,0.767,-1.351,2.214,-0.069,izquierda
1780984172.0071995,-0.831,-0.247,0.513,-1.008,0.779,-1.916,-0.651,-0.387,0.591,-6.847,0.046,-0.702,-0.25,-0.461,0.871,-0.244,-0.29,0.023,-0.225,-0.534,0.882,1.977,6.931,0.542,0.219,-0.401,0.76,0.634,5.145,-0.031,izquierda
1780984172.0981467,-0.83,-0.245,0.511,-1.008,3.145,-0.282,-0.652,-0.384,0.593,-7.29,0.557,0.351,-0.26,-0.452,0.873,0.115,-0.046,0.244,-0.235,-0.531,0.868,3.786,7.153,0.496,0.227,-0.407,0.769,0.282,1.977,1.924,izquierda
1780984172.2005997,-0.837,-0.247,0.508,-1.443,6.504,1.313,-0.662,-0.419,0.558,-7.893,2.763,2.832,-0.675,-0.492,0.991,-33.214,-17.504,84.901,-0.38,-0.524,0.778,-16.015,13.863,12.405,0.318,-0.463,0.86,-10.863,-33.099,-43.252,izquierda
1780984172.3154945,-0.934,-0.279,0.414,-42.237,9.664,10.649,-0.857,-0.444,0.344,-64.053,0.115,25.534,-0.329,-0.481,0.816,-44.107,-11.908,67.969,-0.199,-0.556,0.867,-32.359,-15.832,27.595,0.191,-0.369,0.818,10.573,-41.344,-53.397,izquierda
1780984172.406431,-0.781,-0.3,0.521,-57.214,11.435,6.824,-0.687,-0.379,0.554,-48.687,13.481,15.534,-0.249,-0.467,0.851,-22.962,13.191,41.237,-0.278,-0.638,1.018,-27.664,11.832,9.847,0.378,-0.29,0.703,7.267,-27.908,-22.924,izquierda
1780984172.5159576,-0.837,-0.294,0.49,-7.023,5.527,2.038,-0.738,-0.434,0.463,-23.786,2.573,6.977,-0.424,-0.469,0.787,-9.679,16.443,12.756,-0.327,-0.601,0.767,-10.244,15.321,8.855,0.444,-0.271,0.719,-2.458,-4.076,-12.916,izquierda
1780984172.622605,-0.877,-0.289,0.426,-10.473,4.458,-0.573,-0.683,-0.424,0.526,-12.351,-1.092,-0.74,-0.404,-0.472,0.789,-5.794,-2.214,6.397,-0.32,-0.626,0.781,-5.153,10.023,2.466,0.457,-0.29,0.723,-8.0,-0.282,-9.359,izquierda
1780984172.715415,-0.854,-0.314,0.458,-0.229,1.321,-1.229,-0.681,-0.429,0.499,-6.786,-7.061,-1.412,-0.462,-0.51,1.048,0.55,-7.595,-1.053,-0.344,-0.63,0.742,2.748,6.847,-1.42,0.458,-0.288,0.719,-4.397,3.092,-0.374,izquierda
1780984172.818336,-0.872,-0.287,0.411,0.603,-0.664,-0.87,-0.689,-0.441,0.497,-3.855,-7.137,-1.802,-0.384,-0.505,0.794,1.382,-16.336,-3.863,-0.354,-0.649,0.771,11.664,-5.427,-10.267,0.492,-0.326,0.735,0.13,4.969,9.756,izquierda
1780984172.920914,-0.864,-0.286,0.43,-0.603,-0.832,0.061,-0.685,-0.423,0.508,-2.992,14.634,0.45,-0.345,-0.504,0.801,1.084,-1.908,-1.244,-0.371,-0.684,0.892,13.847,-4.076,-4.611,0.451,-0.399,0.832,-8.962,14.947,27.328,izquierda
1780984173.0241325,-0.866,-0.283,0.429,2.099,0.863,1.198,-0.679,-0.43,0.518,-5.664,0.939,2.817,-0.266,-0.524,0.825,7.313,3.87,-11.855,-0.257,-0.615,0.792,7.321,6.092,1.031,0.416,-0.355,0.75,-5.214,15.45,13.527,izquierda
1780984173.139833,-0.872,-0.26,0.429,0.718,5.542,5.328,-0.704,-0.4,0.506,-8.015,3.023,7.519,-0.285,-0.477,0.855,11.053,0.168,-18.87,-0.313,-0.61,0.831,12.847,5.595,1.794,0.36,-0.351,0.716,-11.534,24.282,21.542,izquierda
1780984175.9147716,-0.855,-0.197,0.496,-0.443,2.221,-0.855,-0.684,-0.361,0.571,-7.527,0.481,-0.336,-0.324,-0.443,0.851,-0.824,-0.573,0.176,-0.29,-0.536,0.846,1.519,7.069,-1.153,0.172,-0.386,0.774,-0.885,1.634,-0.817,izquierda
1780984176.016588,-0.86,-0.201,0.494,-0.809,1.779,-0.412,-0.683,-0.365,0.566,-7.092,-0.053,-0.435,-0.322,-0.442,0.857,-0.664,-0.458,0.382,-0.29,-0.541,0.852,1.275,6.046,-0.664,0.174,-0.393,0.791,-1.29,2.084,-0.573,izquierda
1780984176.1265645,-0.856,-0.196,0.493,-1.374,1.855,-0.031,-0.686,-0.365,0.571,-7.969,0.695,-0.214,-0.322,-0.438,0.854,-0.985,0.031,0.237,-0.291,-0.539,0.85,0.901,7.107,-0.099,0.174,-0.382,0.782,-1.092,1.771,-0.634,izquierda
1780984176.2305877,-0.86,-0.198,0.493,-1.321,2.183,-1.389,-0.688,-0.364,0.573,-7.099,0.649,-0.855,-0.323,-0.439,0.859,-0.595,0.031,-0.504,-0.289,-0.545,0.851,1.321,7.626,-0.916,0.169,-0.385,0.773,-1.076,1.809,0.046,izquierda
1780984176.324003,-0.854,-0.194,0.494,-1.137,1.382,-0.672,-0.68,-0.365,0.561,-7.489,0.397,-0.389,-0.316,-0.446,0.863,-0.84,0.748,0.817,-0.291,-0.544,0.844,1.84,7.977,-0.603,0.174,-0.391,0.778,-0.817,2.275,-0.405,izquierda
1780984176.4238873,-0.856,-0.193,0.49,-1.611,2.863,0.405,-0.685,-0.366,0.573,-7.076,0.916,0.137,-0.326,-0.446,0.852,0.58,-2.26,0.443,-0.26,-0.551,0.809,7.435,8.26,2.588,0.174,-0.396,0.833,5.336,2.29,1.954,izquierda
1780984176.5266035,-0.9,-0.205,0.427,-14.55,10.565,-6.458,-0.734,-0.357,0.529,-22.26,14.748,-5.519,-0.425,-0.504,0.789,-36.42,5.702,51.435,-0.307,-0.593,0.837,-40.557,16.87,12.702,0.277,-0.322,0.83,38.992,-25.527,-32.832,izquierda
1780984176.6323638,-0.924,-0.309,0.511,-65.573,3.985,0.153,-0.637,-0.429,0.498,-86.076,-2.817,1.916,-0.427,-0.502,0.732,-65.16,-29.397,18.26,-0.374,-0.617,0.727,-32.237,1.924,-4.557,0.336,-0.357,0.829,-28.58,-68.122,-99.901,izquierda
1780984176.740242,-0.811,-0.265,0.426,-21.214,-3.74,10.405,-0.694,-0.442,0.538,-22.863,3.817,14.756,-0.268,-0.493,0.866,0.443,-1.618,15.969,-0.252,-0.604,0.84,-0.802,15.076,10.221,0.49,-0.235,0.662,-9.305,-19.313,-29.641,izquierda
1780984176.8356276,-0.884,-0.229,0.338,-17.313,11.573,-7.214,-0.755,-0.446,0.397,-30.573,10.008,2.863,-0.4,-0.507,0.769,-13.13,9.924,10.229,-0.332,-0.664,0.741,-4.344,7.137,6.573,0.494,-0.262,0.716,-10.718,-1.71,-5.763,izquierda
1780984176.9401052,-0.912,-0.261,0.399,-14.389,9.092,-2.328,-0.734,-0.48,0.41,-5.137,-5.076,0.603,-0.421,-0.524,0.764,-2.931,-1.076,1.382,-0.35,-0.659,0.721,0.466,8.573,-0.328,0.485,-0.279,0.732,-0.924,-0.649,-0.565,izquierda
1780984177.0416243,-0.891,-0.291,0.368,-2.26,3.931,-2.45,-0.718,-0.464,0.419,-6.985,-3.588,-1.656,-0.389,-0.523,0.749,-2.779,-0.885,-3.252,-0.35,-0.663,0.722,0.023,9.145,-3.221,0.476,-0.273,0.726,-0.214,0.763,2.099,izquierda
1780984177.144805,-0.888,-0.3,0.371,-2.115,2.29,-2.756,-0.701,-0.484,0.454,-4.542,1.534,0.397,-0.411,-0.529,0.774,1.008,-2.244,-0.252,-0.334,-0.651,0.719,5.336,6.481,-3.397,0.481,-0.26,0.726,1.16,5.824,4.153,izquierda
1780984177.247912,-0.893,-0.284,0.363,0.397,2.427,0.13,-0.705,-0.469,0.444,-2.58,0.565,-6.344,-0.375,-0.516,0.786,-0.527,-0.817,-5.55,-0.308,-0.648,0.731,6.763,-4.504,-8.702,0.452,-0.255,0.685,10.756,25.855,22.908,izquierda
1780984177.3568518,-0.837,-0.293,0.397,18.443,13.267,-3.092,-0.666,-0.467,0.475,-6.092,24.45,9.565,-0.331,-0.492,0.8,18.573,23.992,-33.221,-0.278,-0.626,0.719,23.115,16.748,-7.458,0.368,-0.255,0.787,36.679,27.145,37.252,izquierda
1780984177.4539812,-0.891,-0.287,0.392,21.695,4.832,-1.664,-0.686,-0.466,0.501,15.336,0.885,-7.878,-0.353,-0.529,0.812,17.947,6.771,-18.534,-0.299,-0.615,0.789,23.725,21.267,-3.435,0.367,-0.26,0.762,-2.031,24.718,18.618,izquierda
1780984177.5569856,-0.906,-0.303,0.445,44.817,-2.313,-3.634,-0.726,-0.462,0.54,42.351,2.336,-5.137,-0.342,-0.544,0.904,46.16,3.779,-29.214,-0.301,-0.62,0.85,35.496,18.679,-10.985,0.284,-0.278,0.778,-20.038,32.947,25.466,izquierda
1780984177.6600475,-0.882,-0.204,0.376,53.664,-10.542,2.489,-0.72,-0.361,0.414,46.015,-4.855,-2.939,-0.381,-0.437,0.749,46.092,7.282,-25.374,-0.325,-0.54,0.767,29.214,8.771,-2.321,0.266,-0.343,0.823,-8.496,23.573,24.473,izquierda
1780984177.7630575,-0.852,-0.195,0.453,38.916,-8.099,-10.092,-0.705,-0.335,0.5,34.603,-7.71,-14.053,-0.335,-0.366,0.787,30.382,6.817,-32.519,-0.33,-0.488,0.776,36.939,8.305,-10.298,0.186,-0.35,0.788,-8.481,22.305,27.481,izquierda
1780984177.8657768,-0.845,-0.179,0.447,16.817,-13.0,-17.076,-0.707,-0.331,0.51,6.466,-22.092,-18.092,-0.333,-0.39,0.851,5.534,-6.443,-20.26,-0.297,-0.46,0.823,17.939,2.267,-13.74,0.205,-0.407,0.862,-4.511,5.504,2.282,izquierda
1780984180.5440674,-0.846,-0.203,0.509,-1.099,1.863,-2.618,-0.683,-0.362,0.572,-7.649,0.038,-1.58,-0.308,-0.435,0.867,-1.26,0.053,-0.412,-0.281,-0.529,0.861,0.672,6.809,-1.87,0.174,-0.378,0.795,-1.336,0.947,0.664,izquierda
1780984180.647928,-0.85,-0.198,0.51,-0.924,1.16,-0.672,-0.685,-0.366,0.571,-6.878,0.786,-0.061,-0.31,-0.444,0.864,-0.656,0.397,-0.031,-0.283,-0.52,0.858,1.687,7.573,0.718,0.164,-0.385,0.784,-0.298,2.809,-0.649,izquierda
1780984180.7497811,-0.848,-0.199,0.505,-1.557,2.046,-0.137,-0.687,-0.363,0.571,-7.527,0.771,0.008,-0.308,-0.44,0.861,-0.29,0.237,0.634,-0.283,-0.523,0.862,1.405,6.229,0.115,0.169,-0.373,0.794,-0.603,3.13,-1.115,izquierda
1780984180.863861,-0.848,-0.196,0.505,-1.321,1.511,-1.176,-0.682,-0.363,0.574,-7.573,0.374,-1.031,-0.308,-0.439,0.865,-1.16,0.206,-0.229,-0.285,-0.521,0.861,1.092,6.527,-1.557,0.162,-0.372,0.787,-1.305,1.817,0.145,izquierda
1780984180.9558756,-0.844,-0.205,0.503,-1.153,1.42,-2.168,-0.687,-0.37,0.574,-7.084,0.267,-0.885,-0.308,-0.439,0.868,-0.565,0.214,-0.359,-0.278,-0.526,0.852,1.405,6.855,-1.405,0.171,-0.377,0.778,-0.939,0.832,0.366,izquierda
1780984181.0652442,-0.847,-0.193,0.505,-1.061,1.427,-0.885,-0.685,-0.366,0.575,-6.748,0.374,-0.198,-0.313,-0.442,0.869,-0.176,-0.313,0.542,-0.277,-0.526,0.86,2.015,7.588,0.313,0.168,-0.372,0.784,-0.115,3.565,-0.237,izquierda
1780984181.1620193,-0.848,-0.2,0.504,-1.115,1.916,0.405,-0.681,-0.365,0.575,-7.183,0.397,0.023,-0.304,-0.443,0.865,-0.206,-0.023,0.176,-0.283,-0.528,0.858,2.107,6.618,-0.176,0.164,-0.378,0.782,-0.214,3.809,-0.809,izquierda
1780984181.2729557,-0.849,-0.199,0.497,-1.267,1.275,-0.634,-0.683,-0.366,0.575,-7.145,0.298,-0.679,-0.31,-0.441,0.866,-0.687,-0.481,0.443,-0.283,-0.525,0.865,1.328,6.832,-0.672,0.163,-0.378,0.793,-1.137,1.519,0.198,izquierda
1780984181.3673942,-0.85,-0.205,0.506,-0.817,1.107,-1.168,-0.681,-0.367,0.57,-6.725,-0.084,-0.847,-0.306,-0.439,0.863,-0.786,0.458,-0.45,-0.28,-0.531,0.86,1.679,6.985,-0.595,0.167,-0.369,0.793,-0.748,1.252,0.229,izquierda
1780984181.4790287,-0.849,-0.202,0.505,-1.13,1.908,0.031,-0.684,-0.366,0.566,-6.992,0.504,0.313,-0.311,-0.44,0.858,0.061,0.275,1.0,-0.283,-0.529,0.866,2.29,7.55,0.641,0.167,-0.38,0.779,0.16,4.252,-0.656,izquierda
1780984181.57452,-0.852,-0.206,0.494,-1.275,5.031,1.275,-0.699,-0.394,0.482,-14.649,16.015,-0.733,-0.278,-0.401,0.882,-3.282,-6.115,4.466,-0.465,-0.579,0.769,-19.595,42.458,44.29,0.459,-0.482,0.794,-18.069,-24.962,-67.931,izquierda
1780984181.688896,-0.982,-0.216,0.349,-75.969,25.023,10.641,-0.747,-0.461,0.429,-88.374,7.603,18.702,-0.303,-0.499,0.853,-67.771,-32.542,85.588,-0.277,-0.481,0.863,-55.031,-14.42,18.954,-0.061,-0.195,0.648,-41.786,-94.71,-67.748,izquierda
1780984181.779637,-0.849,-0.25,0.487,-6.298,5.931,1.863,-0.706,-0.415,0.516,-13.412,11.58,3.298,-0.331,-0.466,0.829,-8.634,8.397,20.252,-0.381,-0.595,0.755,-15.824,9.718,-8.794,0.366,-0.361,0.708,-12.084,-20.817,-18.092,izquierda
1780984181.8945785,-0.855,-0.257,0.437,-8.305,3.145,0.901,-0.681,-0.427,0.52,-14.046,1.916,2.809,-0.381,-0.477,0.806,-4.359,2.313,4.466,-0.364,-0.61,0.743,-1.901,8.618,-3.298,0.418,-0.353,0.701,-6.771,0.237,-9.328,izquierda
1780984181.9983306,-0.871,-0.251,0.419,-2.855,2.504,-0.939,-0.705,-0.422,0.494,-7.305,-1.198,-0.847,-0.378,-0.478,0.807,-1.366,-0.656,0.229,-0.37,-0.607,0.739,4.038,6.275,-3.863,0.433,-0.347,0.708,4.939,0.023,7.122,izquierda
1780984182.0893354,-0.861,-0.242,0.439,-4.198,6.099,-0.183,-0.704,-0.412,0.497,-12.13,10.779,2.076,-0.219,-0.507,0.841,15.802,7.008,-70.595,-0.286,-0.614,0.79,22.809,5.611,-0.031,0.309,-0.318,0.695,20.458,51.679,47.42,izquierda
1780984182.1922016,-0.841,-0.211,0.397,76.267,13.382,-8.443,-0.714,-0.408,0.432,54.13,22.336,-20.237,-0.381,-0.443,0.659,55.58,38.092,-56.855,-0.381,-0.56,0.583,53.534,25.031,-49.053,0.289,-0.373,0.796,-3.473,58.611,59.916,izquierda
1780984182.2950134,-0.856,-0.244,0.476,27.55,-11.069,-17.275,-0.665,-0.374,0.508,5.13,-17.191,-3.595,-0.329,-0.452,0.83,0.336,-7.076,-27.779,-0.365,-0.534,0.799,-3.832,1.817,-21.733,0.152,-0.372,0.816,-12.099,18.847,6.053,izquierda
1780984182.4113002,-0.871,-0.216,0.448,0.252,-3.366,-2.244,-0.701,-0.369,0.524,-4.702,-0.718,-1.435,-0.325,-0.462,0.843,-3.305,-4.939,-1.252,-0.288,-0.538,0.85,2.252,4.489,-1.702,0.177,-0.372,0.795,-2.321,5.496,-0.817,izquierda
1780984185.1824298,-0.858,-0.213,0.485,-0.893,1.58,-0.038,-0.7,-0.383,0.537,-7.115,0.13,-0.107,-0.315,-0.468,0.849,-0.115,0.061,0.328,-0.278,-0.549,0.848,1.924,7.42,-0.618,0.187,-0.399,0.777,-0.229,2.87,-0.038,izquierda
1780984185.2818646,-0.86,-0.209,0.479,-0.985,1.435,-0.443,-0.698,-0.381,0.531,-7.031,0.26,-0.382,-0.309,-0.464,0.848,-0.389,0.26,-0.389,-0.274,-0.549,0.842,1.725,6.275,-0.183,0.183,-0.398,0.778,-0.496,3.527,-0.412,izquierda
1780984185.3922834,-0.862,-0.212,0.48,-1.137,0.954,-1.351,-0.698,-0.384,0.532,-6.687,0.267,-0.786,-0.315,-0.462,0.851,-0.641,-0.015,-0.229,-0.28,-0.554,0.841,1.557,7.153,-0.519,0.187,-0.398,0.778,-1.214,0.832,-0.206,izquierda
1780984185.4963212,-0.864,-0.214,0.479,-0.412,0.695,-0.634,-0.699,-0.381,0.532,-6.718,-0.137,-0.695,-0.307,-0.463,0.851,-0.16,-0.099,-0.198,-0.276,-0.552,0.844,1.649,6.74,-0.756,0.185,-0.396,0.783,-0.687,2.076,-0.305,izquierda
1780984185.6037629,-0.857,-0.213,0.48,-0.954,0.611,-1.099,-0.702,-0.38,0.532,-6.244,0.504,-0.786,-0.331,-0.468,0.837,0.038,-1.244,-2.557,-0.647,-0.625,0.721,-9.908,30.748,10.305,0.499,-0.485,0.667,4.008,4.664,-13.351,izquierda
1780984185.7003236,-0.903,-0.228,0.441,-82.16,24.55,7.084,-0.647,-0.443,0.596,-57.511,-1.42,5.534,-0.304,-0.493,0.822,-40.405,-30.595,51.076,-0.285,-0.548,0.806,-40.084,-11.855,17.389,0.232,-0.444,0.862,-21.45,-28.473,-92.542,izquierda
1780984185.7982173,-0.793,-0.308,0.501,-74.939,-9.176,-5.115,-0.53,-0.383,0.766,-25.527,-16.969,1.374,-0.128,-0.462,0.963,-15.26,-17.71,24.137,-0.206,-0.52,0.884,-11.626,-7.275,2.45,0.453,-0.382,0.669,-4.061,-22.42,-18.832,izquierda
1780984185.8999176,-0.864,-0.289,0.415,2.733,-6.802,-1.84,-0.667,-0.447,0.532,-3.42,-2.351,-0.038,-0.346,-0.502,0.824,-1.611,0.824,8.473,-0.32,-0.604,0.791,-2.55,9.542,0.977,0.429,-0.41,0.686,-7.664,-4.053,-6.87,izquierda
1780984186.0075402,-0.871,-0.288,0.414,-0.634,2.198,0.176,-0.681,-0.437,0.504,-7.275,-0.641,0.649,-0.359,-0.494,0.816,-1.885,-0.206,3.588,-0.34,-0.62,0.78,-1.183,6.802,0.947,0.448,-0.417,0.68,0.443,-1.893,-1.626,izquierda
1780984186.1066625,-0.864,-0.288,0.415,-1.229,2.061,-0.595,-0.68,-0.441,0.511,-7.183,-0.107,0.305,-0.36,-0.488,0.813,-0.664,-0.405,1.527,-0.336,-0.608,0.765,0.588,9.145,0.573,0.446,-0.393,0.667,0.588,3.008,0.481,izquierda
1780984186.214561,-0.868,-0.287,0.405,-0.664,1.779,-1.092,-0.684,-0.446,0.507,-7.252,-0.397,-0.901,-0.366,-0.488,0.812,-0.656,-0.466,0.748,-0.325,-0.617,0.767,2.191,8.328,-1.786,0.443,-0.395,0.68,2.206,0.947,3.031,izquierda
1780984186.3225741,-0.872,-0.285,0.399,0.229,4.076,-0.802,-0.679,-0.437,0.51,-6.695,0.71,-1.351,-0.365,-0.492,0.813,-2.931,3.985,0.557,-0.342,-0.627,0.774,5.275,7.702,-5.618,0.434,-0.451,0.714,16.427,22.878,20.351,izquierda
1780984186.4146802,-0.833,-0.308,0.406,1.992,6.847,1.374,-0.686,-0.448,0.504,-7.863,0.282,-0.053,-0.069,-0.549,0.961,2.763,-6.74,-19.008,-0.447,-0.466,0.982,15.427,-7.626,7.015,0.332,-0.332,0.638,14.573,22.954,29.26,izquierda
1780984186.5290647,-0.86,-0.29,0.401,-2.557,8.74,6.397,-0.696,-0.447,0.52,-12.031,10.168,6.84,-0.168,-0.523,0.833,8.55,5.084,-27.198,-0.308,-0.628,0.8,10.221,3.076,-15.893,0.36,-0.394,0.709,5.794,13.977,16.656,izquierda
1780984186.6312387,-0.825,-0.292,0.474,16.672,2.733,4.305,-0.661,-0.437,0.543,-4.542,4.191,8.305,-0.249,-0.482,0.827,12.634,-2.496,-22.405,-0.231,-0.579,0.792,14.985,8.519,-1.687,0.312,-0.399,0.731,-5.008,20.298,21.214,izquierda
1780984186.7305398,-0.892,-0.205,0.288,61.534,5.855,-9.863,-0.682,-0.451,0.511,36.382,4.16,-14.389,-0.391,-0.498,0.801,25.412,12.267,-35.893,-0.29,-0.605,0.833,19.962,12.748,-10.275,0.207,-0.376,0.732,6.26,12.634,8.702,izquierda
1780984186.8354738,-0.907,-0.232,0.397,40.237,0.824,-8.214,-0.718,-0.357,0.472,20.832,4.359,-7.412,-0.423,-0.479,0.814,24.809,9.328,-19.557,-0.297,-0.59,0.823,19.458,6.878,-11.878,0.216,-0.415,0.764,4.023,7.985,6.931,izquierda
1780984186.9306905,-0.873,-0.21,0.434,9.916,1.939,-1.916,-0.731,-0.383,0.506,7.305,1.183,-4.252,-0.334,-0.441,0.84,14.511,6.718,-7.603,-0.311,-0.529,0.843,16.664,9.046,1.107,0.2,-0.404,0.77,1.214,5.336,2.702,izquierda
1780984187.048277,-0.87,-0.219,0.444,1.939,-2.336,-0.824,-0.703,-0.389,0.533,-3.656,-6.389,-0.733,-0.315,-0.448,0.859,-3.595,-3.29,-3.42,-0.31,-0.521,0.861,1.221,2.527,-2.29,0.22,-0.415,0.76,-1.695,0.069,0.076,izquierda
1780984187.1362681,-0.865,-0.222,0.469,1.282,-3.45,-2.107,-0.688,-0.387,0.554,-4.939,-2.176,-2.473,-0.31,-0.469,0.851,0.45,-0.656,-0.779,-0.3,-0.542,0.867,3.435,3.863,-1.382,0.223,-0.412,0.763,0.931,3.603,-0.672,izquierda
1780984189.8146148,-0.864,-0.219,0.47,-0.282,1.901,-0.794,-0.686,-0.386,0.547,-6.824,0.351,-0.939,-0.306,-0.464,0.851,-0.435,-0.466,-0.672,-0.274,-0.551,0.852,1.763,6.298,-1.015,0.213,-0.416,0.763,-0.74,0.847,-0.115,izquierda
1780984189.917099,-0.862,-0.212,0.466,-0.863,1.618,-0.847,-0.686,-0.387,0.542,-7.084,0.641,-0.328,-0.302,-0.467,0.85,-0.695,0.473,0.496,-0.278,-0.552,0.844,1.84,7.115,-0.55,0.214,-0.422,0.765,-0.099,3.252,-0.389,izquierda
1780984190.02037,-0.863,-0.219,0.468,-1.191,0.893,-0.779,-0.687,-0.384,0.55,-6.863,0.374,-0.053,-0.302,-0.457,0.852,-0.42,-0.931,0.687,-0.274,-0.545,0.847,1.664,6.992,-0.382,0.207,-0.416,0.767,-0.382,3.435,0.107,izquierda
1780984190.1242309,-0.863,-0.219,0.473,-1.611,3.183,-1.061,-0.69,-0.392,0.542,-7.573,0.649,-0.153,-0.32,-0.464,0.854,-0.611,0.878,-0.641,-0.275,-0.547,0.847,1.664,5.252,-0.855,0.218,-0.416,0.753,-1.397,-0.275,-0.237,izquierda
1780984190.226273,-0.858,-0.213,0.467,-0.87,1.107,-1.061,-0.686,-0.388,0.551,-6.809,0.863,-0.115,-0.307,-0.468,0.853,-0.786,1.008,0.076,-0.292,-0.551,0.84,2.588,7.359,-2.206,0.235,-0.418,0.757,3.496,-1.336,4.359,izquierda
1780984190.3321328,-0.943,-0.152,0.329,-28.145,20.74,8.115,-0.803,-0.438,0.401,-32.893,-2.534,0.847,-0.63,-0.495,0.695,-34.458,-2.443,69.954,-0.489,-0.709,0.673,-48.603,2.832,34.832,0.321,-0.506,0.896,4.176,-45.405,-82.313,izquierda
1780984190.4410098,-0.741,-0.451,0.717,-128.405,-21.008,12.855,-0.405,-0.523,1.031,-61.832,-8.038,8.664,0.077,-0.433,1.055,-33.939,-32.412,52.519,-0.083,-0.546,0.901,3.107,-12.443,21.443,0.59,-0.355,0.653,20.092,-29.565,-23.992,izquierda
1780984190.5355482,-0.899,-0.253,0.383,0.672,-0.145,0.198,-0.696,-0.439,0.464,-9.924,-1.015,2.863,-0.409,-0.492,0.805,-6.519,2.107,10.779,-0.325,-0.619,0.775,-5.443,5.55,8.229,0.47,-0.351,0.669,-7.145,-4.992,-2.725,izquierda
1780984190.6385233,-0.88,-0.269,0.384,-3.321,3.26,-1.076,-0.702,-0.45,0.455,-8.939,-1.992,0.038,-0.388,-0.506,0.8,-0.565,0.794,2.435,-0.324,-0.619,0.76,1.916,7.618,1.824,0.479,-0.372,0.686,0.939,0.992,0.611,izquierda
1780984190.741375,-0.885,-0.271,0.376,-3.794,4.969,-0.107,-0.705,-0.451,0.478,-8.855,-1.611,0.221,-0.386,-0.501,0.784,0.267,-2.679,1.679,-0.316,-0.616,0.756,3.397,7.977,-2.389,0.482,-0.35,0.694,3.427,4.26,2.519,izquierda
1780984190.852513,-0.887,-0.264,0.37,1.504,0.061,-1.198,-0.704,-0.448,0.478,-4.221,-4.71,-2.397,-0.377,-0.502,0.788,0.137,-2.061,-3.008,-0.312,-0.621,0.782,7.198,0.191,-10.496,0.461,-0.371,0.696,7.931,20.863,16.87,izquierda
1780984190.947464,-0.885,-0.268,0.361,-7.962,14.053,-0.214,-0.719,-0.437,0.449,-14.191,5.015,1.496,-0.266,-0.496,0.855,6.137,3.435,-38.756,-0.232,-0.616,0.845,10.58,2.931,-20.023,0.427,-0.334,0.697,35.84,10.847,29.786,izquierda
1780984191.0503237,-0.896,-0.329,0.418,45.71,-0.817,-8.496,-0.626,-0.478,0.55,2.71,13.076,2.802,-0.363,-0.518,0.793,14.168,12.481,-29.298,-0.235,-0.597,0.781,15.542,21.069,-15.389,0.376,-0.335,0.729,13.954,24.366,24.672,izquierda
1780984191.153242,-0.864,-0.294,0.429,48.435,-8.939,-16.878,-0.711,-0.419,0.429,35.893,2.267,-18.573,-0.334,-0.523,0.872,27.939,4.969,-28.802,-0.211,-0.592,0.805,19.366,23.771,-9.893,0.327,-0.337,0.733,-14.824,37.84,15.878,izquierda
1780984191.2645907,-0.897,-0.236,0.37,50.29,-3.252,-1.809,-0.724,-0.401,0.419,37.359,-3.328,-10.725,-0.381,-0.489,0.789,28.763,8.618,-24.603,-0.332,-0.61,0.778,21.672,13.84,-4.71,0.234,-0.382,0.788,-2.031,21.763,14.137,izquierda
1780984191.3648493,-0.864,-0.2,0.397,20.695,-2.435,-5.214,-0.712,-0.366,0.469,13.191,0.038,-8.588,-0.351,-0.437,0.824,13.565,8.679,-15.489,-0.323,-0.566,0.794,12.626,12.389,-3.588,0.207,-0.371,0.757,0.725,15.42,17.817,izquierda
1780984191.4630814,-0.876,-0.241,0.448,2.595,0.069,1.634,-0.69,-0.401,0.534,-6.603,-1.771,0.679,-0.348,-0.456,0.788,-1.626,-2.061,-3.969,-0.283,-0.572,0.816,6.122,2.504,-0.466,0.215,-0.406,0.779,-2.42,2.603,-1.153,izquierda
1780984191.5654347,-0.872,-0.222,0.433,-0.924,-1.817,-1.084,-0.691,-0.386,0.534,-5.649,-0.244,-0.603,-0.325,-0.467,0.836,-1.069,-2.008,-0.397,-0.298,-0.562,0.833,2.275,4.725,-0.977,0.207,-0.401,0.769,-2.198,2.931,-1.45,izquierda
1780984191.6682804,-0.877,-0.221,0.442,-0.252,0.053,-1.435,-0.696,-0.391,0.537,-6.42,0.344,-0.58,-0.321,-0.466,0.845,-0.817,-0.634,-0.893,-0.292,-0.552,0.832,1.916,6.061,-0.458,0.203,-0.393,0.768,-1.58,1.817,0.031,izquierda
1780984194.4613905,-0.869,-0.216,0.45,-0.595,1.534,-1.458,-0.689,-0.389,0.542,-7.145,0.115,-1.137,-0.305,-0.474,0.852,-0.863,-0.725,-0.534,-0.273,-0.558,0.842,1.351,7.252,-1.221,0.209,-0.418,0.762,-1.099,0.481,0.252,izquierda
1780984194.5615184,-0.869,-0.215,0.455,-0.977,1.275,-1.137,-0.694,-0.397,0.541,-6.496,0.534,-0.26,-0.304,-0.475,0.844,-0.305,0.298,0.244,-0.275,-0.555,0.833,1.473,6.649,-0.771,0.209,-0.421,0.757,-0.809,1.305,-0.298,izquierda
1780984194.6617277,-0.871,-0.222,0.452,-1.42,2.115,-0.42,-0.691,-0.395,0.527,-6.641,0.046,-0.023,-0.31,-0.473,0.846,-0.015,-0.588,0.595,-0.273,-0.557,0.843,2.023,6.45,0.527,0.209,-0.417,0.768,0.145,3.962,-0.092,izquierda
1780984194.7587135,-0.868,-0.218,0.454,-0.847,2.122,-0.588,-0.688,-0.389,0.533,-7.115,0.115,-0.122,-0.306,-0.473,0.85,-0.84,0.328,0.0,-0.272,-0.561,0.84,1.756,7.344,0.336,0.205,-0.417,0.771,-0.214,3.122,-0.214,izquierda
1780984194.8631287,-0.872,-0.224,0.447,-0.603,0.969,-1.481,-0.696,-0.393,0.538,-7.046,0.336,-0.931,-0.305,-0.47,0.849,-0.771,-0.947,-0.45,-0.277,-0.561,0.832,1.176,6.893,-2.122,0.21,-0.414,0.76,-1.412,0.053,0.191,izquierda
1780984194.9806447,-0.869,-0.22,0.455,-1.031,1.031,-0.687,-0.692,-0.391,0.536,-6.641,0.267,-0.107,-0.306,-0.473,0.844,-0.527,0.382,0.191,-0.276,-0.56,0.843,1.588,7.351,-1.153,0.208,-0.421,0.762,-0.794,1.641,-0.092,izquierda
1780984195.0792592,-0.868,-0.219,0.458,-1.847,2.267,-0.489,-0.699,-0.407,0.533,-8.527,0.351,0.397,-0.31,-0.474,0.839,0.893,-0.595,0.137,-0.287,-0.57,0.772,8.618,12.435,-1.481,0.223,-0.46,0.848,-3.489,-4.588,-21.397,izquierda
1780984195.1706245,-0.878,-0.214,0.429,-32.008,7.954,3.282,-0.725,-0.416,0.451,-29.947,0.168,-1.534,-0.438,-0.549,0.776,-35.695,-11.893,58.13,-0.292,-0.574,0.789,-45.13,19.229,35.351,-0.008,-0.315,0.843,10.969,-32.977,-104.351,izquierda
1780984195.2737396,-0.823,-0.253,0.458,-19.908,1.412,0.023,-0.669,-0.415,0.563,-17.176,-0.511,-0.076,-0.321,-0.471,0.832,-19.26,5.023,40.191,-0.3,-0.61,0.771,-20.893,16.031,-3.603,0.398,-0.329,0.687,-7.244,-12.779,-17.618,izquierda
1780984195.3764362,-0.875,-0.275,0.45,-11.481,0.328,-1.489,-0.681,-0.408,0.514,-16.71,2.015,1.305,-0.256,-0.474,0.854,-8.489,-1.26,7.687,-0.306,-0.621,0.77,-5.168,3.038,-3.87,0.419,-0.361,0.699,-0.817,-4.198,-6.244,izquierda
1780984195.4862149,-0.876,-0.265,0.403,-3.389,2.359,0.511,-0.71,-0.423,0.489,-12.954,1.573,2.015,-0.377,-0.496,0.787,-4.313,2.985,4.122,-0.344,-0.621,0.737,-0.397,6.237,3.038,0.437,-0.345,0.688,2.809,3.588,-1.687,izquierda
1780984195.5924544,-0.872,-0.264,0.411,-0.542,2.252,-1.992,-0.7,-0.431,0.498,-6.557,-2.214,-1.397,-0.368,-0.49,0.801,-1.092,-1.817,-0.443,-0.352,-0.624,0.742,1.634,8.061,-3.481,0.423,-0.344,0.724,5.916,0.13,7.0,izquierda
1780984195.6937683,-0.882,-0.244,0.385,-3.405,4.092,1.305,-0.703,-0.432,0.498,-3.504,0.336,-3.87,-0.356,-0.51,0.813,2.527,-0.931,-5.557,-0.326,-0.63,0.794,10.588,-7.55,-6.16,0.402,-0.363,0.742,37.656,19.115,40.824,izquierda
1780984195.7928023,-0.866,-0.267,0.421,1.382,9.947,8.489,-0.662,-0.444,0.533,-11.794,0.359,12.221,-0.373,-0.506,0.783,19.794,14.305,-54.191,-0.261,-0.591,0.814,27.061,0.076,-26.221,0.37,-0.38,0.802,-17.359,43.382,40.176,izquierda
1780984195.897926,-0.888,-0.228,0.359,22.267,-2.305,-7.405,-0.723,-0.417,0.476,7.55,4.885,3.847,-0.337,-0.503,0.814,17.214,2.565,-6.573,-0.293,-0.591,0.766,17.534,7.038,0.847,0.295,-0.34,0.75,5.313,14.969,15.779,izquierda
1780984195.9944878,-0.876,-0.244,0.433,15.817,2.992,-3.008,-0.715,-0.402,0.511,5.794,-1.229,-4.71,-0.355,-0.469,0.833,15.244,5.74,-9.252,-0.305,-0.568,0.799,21.695,10.718,0.679,0.244,-0.348,0.756,-7.382,14.389,13.168,izquierda
1780984196.1115894,-0.88,-0.212,0.402,15.206,-1.305,-4.908,-0.694,-0.375,0.482,7.756,-6.046,-5.519,-0.361,-0.438,0.796,9.893,1.794,-8.832,-0.317,-0.548,0.786,14.817,6.618,-1.908,0.209,-0.386,0.781,-12.344,13.641,14.962,izquierda
1780984196.2079153,-0.878,-0.228,0.441,2.16,-2.298,-1.282,-0.692,-0.392,0.524,-5.527,-5.336,-1.275,-0.334,-0.458,0.822,-6.412,-1.878,-2.672,-0.297,-0.55,0.804,-0.496,2.748,-2.374,0.212,-0.407,0.771,-5.443,2.206,-2.611,izquierda
1780984196.3221028,-0.876,-0.223,0.445,0.656,-2.893,-1.206,-0.695,-0.384,0.537,-5.366,-1.504,-1.237,-0.315,-0.466,0.857,-2.061,-1.038,-1.313,-0.288,-0.555,0.838,2.473,4.763,-1.122,0.213,-0.405,0.768,-2.206,3.176,-1.634,izquierda
1780984199.0905256,-0.868,-0.226,0.454,-1.008,1.359,-0.809,-0.692,-0.389,0.538,-7.061,0.397,-0.336,-0.316,-0.472,0.847,-0.26,0.534,0.664,-0.279,-0.559,0.833,1.969,7.618,0.756,0.215,-0.421,0.763,0.053,3.641,-0.275,izquierda
1780984199.1951199,-0.868,-0.221,0.455,-1.275,0.802,-0.282,-0.687,-0.39,0.533,-7.221,0.313,-0.511,-0.312,-0.468,0.845,-0.626,0.29,0.183,-0.279,-0.556,0.842,1.397,7.122,-0.641,0.216,-0.424,0.761,-0.534,3.153,0.046,izquierda
1780984199.291081,-0.873,-0.217,0.455,-0.763,1.336,-0.656,-0.69,-0.389,0.546,-6.977,0.45,-0.733,-0.312,-0.468,0.844,-0.351,0.16,-0.321,-0.278,-0.557,0.838,1.588,7.023,-1.206,0.213,-0.418,0.761,-0.847,2.267,0.046,izquierda
1780984199.394061,-0.865,-0.219,0.459,-1.275,1.244,-1.527,-0.689,-0.39,0.547,-7.076,0.481,-0.595,-0.311,-0.467,0.845,-0.405,0.26,-0.427,-0.282,-0.557,0.837,1.847,7.275,-1.092,0.211,-0.422,0.763,-0.832,1.275,-0.16,izquierda
1780984199.50847,-0.868,-0.22,0.451,-0.42,1.298,-0.023,-0.695,-0.392,0.541,-6.802,0.13,0.084,-0.308,-0.469,0.852,-0.031,-0.282,0.702,-0.279,-0.558,0.839,1.947,7.565,0.489,0.213,-0.414,0.762,-0.031,3.824,-0.153,izquierda
1780984199.599764,-0.871,-0.215,0.454,-0.939,2.29,0.672,-0.692,-0.39,0.542,-7.191,0.351,0.237,-0.311,-0.47,0.844,-0.351,0.26,0.344,-0.278,-0.557,0.836,1.71,6.481,0.206,0.219,-0.423,0.76,-0.046,2.634,-0.344,izquierda
1780984199.710042,-0.869,-0.218,0.452,-1.244,2.282,-0.718,-0.695,-0.394,0.536,-7.305,0.473,-0.573,-0.317,-0.471,0.843,-0.267,-0.641,-0.282,-0.274,-0.56,0.836,1.985,6.779,-0.618,0.23,-0.424,0.758,-0.481,1.832,1.534,izquierda
1780984199.8184233,-0.88,-0.224,0.451,-0.153,-3.847,-2.542,-0.735,-0.396,0.513,-9.534,-4.977,-3.389,-0.297,-0.502,0.753,-17.435,-8.878,43.664,-0.354,-0.622,0.827,-16.382,25.26,29.16,0.467,-0.521,0.89,21.756,-64.947,-76.473,izquierda
1780984199.9091606,-0.874,-0.285,0.473,-53.214,-1.397,-3.649,-0.637,-0.413,0.539,-31.519,-4.595,2.634,-0.171,-0.452,0.925,-20.969,-8.252,36.618,-0.248,-0.541,0.898,-26.305,8.153,0.962,0.424,-0.354,0.734,-3.229,-27.84,-26.405,izquierda
1780984200.0180223,-0.905,-0.248,0.394,-7.595,-0.481,-1.977,-0.69,-0.406,0.498,-15.817,-1.519,1.725,-0.383,-0.473,0.81,-6.336,3.229,10.046,-0.348,-0.606,0.765,-7.695,8.802,-0.718,0.404,-0.349,0.697,-8.344,1.053,-10.695,izquierda
1780984200.1146495,-0.874,-0.256,0.41,-3.489,1.656,-1.565,-0.702,-0.421,0.495,-9.885,0.847,-0.115,-0.379,-0.472,0.8,-2.099,0.328,0.626,-0.329,-0.606,0.762,0.26,7.328,-0.29,0.431,-0.335,0.716,-0.748,1.939,-1.794,izquierda
1780984200.217463,-0.876,-0.258,0.41,0.206,0.305,-4.137,-0.695,-0.43,0.502,-5.183,-2.313,-3.145,-0.378,-0.476,0.807,-0.313,-2.26,-1.237,-0.333,-0.615,0.75,7.626,3.168,-6.84,0.388,-0.316,0.688,2.145,6.878,11.023,izquierda
1780984200.3204775,-0.878,-0.26,0.43,-4.13,0.45,-1.336,-0.704,-0.417,0.504,-5.611,1.298,-2.198,-0.361,-0.487,0.818,-0.992,3.718,-4.023,-0.295,-0.607,0.799,4.542,1.084,-4.168,0.358,-0.318,0.698,14.931,23.878,38.137,izquierda
1780984200.4318101,-0.886,-0.26,0.406,0.733,4.527,2.153,-0.696,-0.42,0.506,-6.74,2.817,3.0,-0.38,-0.436,0.761,7.321,8.359,-14.214,-0.321,-0.632,0.766,5.702,5.435,-1.168,0.376,-0.376,0.786,4.374,15.664,19.313,izquierda
1780984200.5338228,-0.901,-0.285,0.471,-6.802,10.931,4.321,-0.679,-0.355,0.543,-16.023,12.023,14.519,-0.253,-0.453,0.872,13.366,5.115,-30.618,-0.242,-0.581,0.81,20.718,11.473,-13.198,0.359,-0.398,0.788,-11.718,29.527,17.084,izquierda
1780984200.6346047,-0.903,-0.218,0.372,40.656,-0.786,-8.458,-0.62,-0.439,0.611,25.557,2.771,-14.252,-0.33,-0.478,0.831,23.061,8.74,-22.748,-0.269,-0.572,0.823,19.649,15.779,-11.603,0.243,-0.374,0.743,-15.206,22.71,18.046,izquierda
1780984200.739072,-0.876,-0.232,0.422,30.847,-12.305,-4.87,-0.738,-0.387,0.444,14.321,-22.885,-5.282,-0.331,-0.465,0.833,22.443,-1.603,-18.565,-0.265,-0.586,0.86,26.985,7.412,-6.985,0.192,-0.481,0.854,0.473,5.198,4.771,izquierda
1780984200.8429658,-0.914,-0.203,0.416,2.992,-2.183,-2.023,-0.7,-0.384,0.539,-2.359,-7.664,0.573,-0.343,-0.455,0.822,0.183,-5.931,-1.221,-0.285,-0.56,0.844,4.137,2.405,-1.58,0.224,-0.414,0.761,-2.275,2.977,-1.55,izquierda
1780984200.9389296,-0.856,-0.224,0.458,-5.015,1.42,-0.366,-0.684,-0.386,0.549,-5.893,0.107,-1.122,-0.309,-0.436,0.857,-1.473,-1.405,-0.092,-0.281,-0.538,0.842,2.061,6.779,-0.076,0.215,-0.411,0.765,-0.947,3.221,0.0,izquierda
1780984203.7265701,-0.868,-0.223,0.453,-1.634,1.802,-0.763,-0.686,-0.394,0.544,-6.84,0.588,0.344,-0.297,-0.47,0.852,-0.29,0.679,0.527,-0.264,-0.549,0.845,2.344,6.74,0.107,0.212,-0.422,0.758,0.099,4.58,-0.244,izquierda
1780984203.8284078,-0.863,-0.225,0.453,-0.817,1.458,0.206,-0.69,-0.392,0.542,-7.145,0.282,0.015,-0.302,-0.467,0.851,-0.206,-0.053,0.092,-0.262,-0.553,0.845,1.878,7.244,-0.183,0.212,-0.422,0.763,0.015,2.939,-0.061,izquierda
1780984203.927694,-0.868,-0.223,0.452,-0.595,1.557,-0.626,-0.691,-0.39,0.551,-6.977,0.168,-1.008,-0.301,-0.468,0.855,-0.702,-0.115,0.168,-0.263,-0.549,0.846,1.618,6.771,-1.443,0.22,-0.423,0.756,-0.786,1.389,0.359,izquierda
1780984204.0382059,-0.871,-0.224,0.451,-0.779,1.786,-1.137,-0.688,-0.392,0.54,-6.885,1.023,-0.969,-0.303,-0.47,0.854,0.038,-2.145,-2.305,-0.313,-0.821,0.675,-11.939,25.58,18.328,1.044,-0.579,0.33,-14.74,-22.176,-43.229,izquierda
1780984204.1470716,-0.912,-0.34,0.458,-96.916,9.924,3.267,-0.635,-0.495,0.651,-65.191,-5.435,6.87,-0.336,-0.508,0.756,-44.664,-17.809,72.679,-0.102,-0.531,0.919,-49.557,-1.13,24.817,0.266,-0.309,0.666,4.374,-64.588,-76.733,izquierda
1780984204.2430115,-0.921,-0.273,0.395,-42.878,-9.588,-3.359,-0.681,-0.446,0.553,-39.298,-1.901,6.756,-0.278,-0.481,0.84,-18.977,18.954,28.42,-0.28,-0.579,0.829,-17.351,13.763,12.893,0.463,-0.319,0.66,-3.985,-17.84,-14.786,izquierda
1780984204.3440397,-0.895,-0.293,0.408,-6.069,-3.969,-0.817,-0.696,-0.451,0.478,-17.244,10.107,3.153,-0.384,-0.492,0.78,0.672,-1.267,8.939,-0.34,-0.625,0.766,6.084,6.58,6.0,0.45,-0.328,0.702,0.183,-5.115,-5.099,izquierda
1780984204.4412694,-0.871,-0.285,0.392,-4.977,1.504,-1.206,-0.706,-0.456,0.477,-8.595,0.748,0.351,-0.4,-0.496,0.814,-0.916,-0.443,2.466,-0.333,-0.615,0.758,1.344,7.489,1.298,0.453,-0.331,0.707,-1.29,2.008,-1.107,izquierda
1780984204.564057,-0.875,-0.291,0.392,-0.374,2.527,-1.924,-0.699,-0.449,0.462,-6.863,-7.397,-0.359,-0.327,-0.484,0.781,-3.29,-1.466,-11.626,-0.288,-0.59,0.733,-0.405,5.771,-12.229,0.441,-0.308,0.636,-5.634,6.702,8.076,izquierda
1780984204.647051,-0.871,-0.274,0.342,-2.885,2.13,0.099,-0.689,-0.455,0.489,-1.366,0.855,-2.221,-0.365,-0.526,0.804,4.176,-3.656,-14.382,-0.234,-0.567,0.703,-6.107,-4.802,-12.687,0.432,-0.333,0.707,29.458,31.702,40.015,izquierda
1780984204.767985,-0.864,-0.284,0.404,17.458,9.977,3.328,-0.69,-0.451,0.486,-11.244,13.756,10.405,-0.467,-0.513,0.815,11.504,11.504,-28.267,-0.331,-0.616,0.76,16.427,8.916,-17.924,0.384,-0.376,0.792,-1.802,33.969,34.046,izquierda
1780984204.8611276,-0.871,-0.297,0.437,49.618,3.153,-6.076,-0.73,-0.445,0.448,29.336,6.443,-10.382,-0.295,-0.492,0.793,23.458,9.74,-28.008,-0.302,-0.599,0.753,21.427,16.0,-13.198,0.286,-0.368,0.762,-20.198,32.405,24.198,izquierda
1780984204.9567986,-0.876,-0.258,0.425,34.985,-4.023,-2.244,-0.732,-0.429,0.492,25.061,-4.702,-9.153,-0.312,-0.484,0.812,21.267,4.817,-24.779,-0.262,-0.586,0.797,25.275,7.183,-2.527,0.228,-0.397,0.776,-10.718,25.733,24.695,izquierda
1780984205.0594647,-0.863,-0.216,0.441,27.122,-5.534,0.115,-0.75,-0.383,0.474,19.954,-6.489,-5.885,-0.342,-0.477,0.861,30.099,9.664,-19.29,-0.309,-0.549,0.835,38.55,10.382,-0.557,0.202,-0.402,0.762,5.878,8.611,12.237,izquierda
1780984205.16214,-0.857,-0.211,0.431,7.244,0.611,-5.878,-0.68,-0.371,0.546,-3.26,-1.153,4.046,-0.327,-0.434,0.841,1.099,2.656,-11.344,-0.308,-0.558,0.842,9.214,4.817,-11.183,0.207,-0.403,0.779,-1.153,2.702,1.702,izquierda
1780984205.2728589,-0.866,-0.225,0.466,2.901,-3.137,-0.557,-0.673,-0.381,0.565,-3.702,2.473,-1.489,-0.301,-0.449,0.861,0.099,-1.031,-1.817,-0.28,-0.521,0.88,2.229,1.534,-2.191,0.201,-0.407,0.765,-1.015,1.603,-0.908,izquierda
1780984205.3696496,-0.857,-0.223,0.478,1.527,1.214,0.015,-0.678,-0.377,0.563,-6.626,1.618,-0.824,-0.297,-0.443,0.869,-0.588,0.863,0.458,-0.267,-0.518,0.876,-0.771,7.344,-0.733,0.208,-0.409,0.765,-0.366,4.702,-0.534,izquierda
1780984205.4712229,-0.857,-0.216,0.48,-1.084,1.527,0.015,-0.698,-0.377,0.527,-6.802,4.71,-0.916,-0.292,-0.446,0.881,-2.229,0.0,1.153,-0.275,-0.516,0.865,-0.237,4.84,-0.473,0.202,-0.406,0.767,-0.145,5.252,-0.74,izquierda
1780984205.5743268,-0.862,-0.218,0.472,-1.901,2.389,-0.351,-0.682,-0.38,0.56,-7.252,2.595,-1.015,-0.306,-0.45,0.851,-1.298,-0.481,-0.107,-0.271,-0.524,0.869,0.977,6.824,-1.878,0.213,-0.404,0.766,-1.527,0.802,-0.626,izquierda
1780984208.3555136,-0.861,-0.219,0.472,-1.084,1.397,-1.244,-0.684,-0.387,0.558,-6.748,0.29,-0.366,-0.297,-0.456,0.855,-0.511,0.229,-0.099,-0.256,-0.537,0.87,1.74,6.45,-0.534,0.208,-0.412,0.762,-0.718,1.603,-0.046,izquierda
1780984208.458596,-0.859,-0.215,0.475,-1.053,1.443,-1.076,-0.684,-0.383,0.556,-7.137,0.298,-0.534,-0.294,-0.457,0.863,-0.221,-0.565,0.237,-0.257,-0.537,0.862,1.832,7.328,-0.191,0.213,-0.418,0.761,-0.603,1.702,-0.069,izquierda
1780984208.561538,-0.861,-0.217,0.474,-0.878,1.229,-1.153,-0.682,-0.385,0.554,-6.58,0.313,-0.55,-0.294,-0.457,0.86,-0.366,0.382,0.053,-0.256,-0.534,0.856,1.626,6.809,-0.214,0.214,-0.415,0.774,-0.183,3.427,-0.153,izquierda
1780984208.6774964,-0.861,-0.22,0.479,-1.107,1.534,-0.992,-0.682,-0.385,0.557,-7.115,0.672,-0.573,-0.292,-0.461,0.861,-0.282,-0.107,-0.244,-0.257,-0.536,0.856,1.55,6.832,-0.74,0.206,-0.417,0.777,-0.45,3.168,0.084,izquierda
1780984208.767505,-0.858,-0.219,0.476,-0.756,1.687,-1.053,-0.678,-0.383,0.559,-7.229,1.0,-0.313,-0.298,-0.462,0.855,-0.061,0.855,0.527,-0.273,-0.572,0.827,-1.42,9.42,0.298,0.228,-0.415,0.751,2.191,1.511,1.794,izquierda
1780984208.8705015,-0.849,-0.235,0.52,-21.725,2.969,2.954,-0.683,-0.374,0.537,-14.046,-1.015,-3.481,-0.187,-0.468,0.85,-13.443,-7.443,27.58,-0.315,-0.588,0.848,-6.267,6.71,13.832,0.385,-0.49,0.864,-5.74,-21.351,-41.405,izquierda
1780984208.9807131,-0.899,-0.232,0.422,-63.786,-0.13,5.015,-0.688,-0.43,0.573,-54.939,-6.412,18.45,-0.306,-0.458,0.876,-34.84,-35.603,64.679,-0.167,-0.492,1.025,-33.489,8.748,22.321,0.095,-0.256,0.723,-47.985,-63.84,-64.931,izquierda
1780984209.0763118,-0.857,-0.224,0.352,-13.023,-1.008,3.313,-0.676,-0.396,0.552,-17.458,3.099,8.0,-0.217,-0.448,0.912,-13.992,-3.466,18.557,-0.292,-0.573,0.82,-12.168,4.908,-4.878,0.427,-0.354,0.689,-5.634,-14.969,-15.366,izquierda
1780984209.1792963,-0.854,-0.239,0.449,-2.206,-1.252,0.061,-0.648,-0.406,0.562,-13.557,1.252,4.176,-0.356,-0.477,0.825,-4.916,1.221,4.87,-0.325,-0.609,0.798,-1.809,8.534,1.466,0.428,-0.386,0.71,-3.053,3.298,-4.031,izquierda
1780984209.295309,-0.872,-0.238,0.448,-1.817,0.695,-0.336,-0.696,-0.411,0.517,-8.427,1.206,-0.244,-0.359,-0.473,0.82,-1.985,-0.557,0.008,-0.319,-0.603,0.776,2.489,4.626,-1.878,0.457,-0.392,0.702,-3.527,1.031,-1.71,izquierda
1780984209.39218,-0.878,-0.264,0.444,-9.603,5.954,-0.832,-0.692,-0.417,0.515,-6.74,-3.557,-2.336,-0.359,-0.474,0.82,-1.382,0.305,-3.901,-0.347,-0.617,0.786,9.954,-1.305,-7.275,0.421,-0.394,0.726,15.672,15.939,24.977,izquierda
1780984209.494158,-0.861,-0.253,0.439,-2.389,3.809,-1.565,-0.685,-0.398,0.487,-8.809,-0.824,-1.565,-0.342,-0.452,0.811,4.305,5.977,-4.931,-0.311,-0.575,0.807,4.611,5.947,3.702,0.363,-0.353,0.685,13.977,22.939,36.58,izquierda
1780984209.5935662,-0.87,-0.252,0.436,-2.985,7.763,2.84,-0.696,-0.416,0.516,-12.496,10.947,4.573,-0.403,-0.458,0.795,8.137,8.45,-25.603,-0.359,-0.627,0.835,10.748,10.985,-3.115,0.352,-0.365,0.733,-2.534,17.183,11.038,izquierda
1780984209.7009313,-0.877,-0.241,0.41,4.053,8.557,5.939,-0.693,-0.413,0.531,-6.542,11.397,6.214,-0.318,-0.495,0.824,20.534,7.649,-7.473,-0.282,-0.565,0.814,23.237,11.389,1.84,0.339,-0.382,0.749,8.565,18.817,20.015,izquierda
1780984209.8067276,-0.835,-0.253,0.431,53.42,-2.71,-17.763,-0.595,-0.426,0.608,18.863,3.595,-2.679,-0.284,-0.459,0.835,26.458,9.282,-20.519,-0.272,-0.551,0.815,21.618,17.076,-10.237,0.249,-0.386,0.789,2.206,24.832,16.435,izquierda
1780984209.906426,-0.892,-0.21,0.386,25.489,-4.45,-10.176,-0.68,-0.36,0.463,13.031,-14.092,-16.901,-0.343,-0.423,0.784,4.191,-0.962,-21.824,-0.289,-0.525,0.8,4.489,4.557,-17.756,0.224,-0.435,0.844,-13.206,20.237,20.649,izquierda
1780984210.0034347,-0.87,-0.222,0.436,7.305,-7.901,-4.115,-0.679,-0.392,0.554,-3.115,-11.634,1.855,-0.285,-0.447,0.86,-0.191,-3.191,-11.962,-0.289,-0.528,0.844,8.901,0.908,-11.496,0.231,-0.406,0.759,-2.687,0.061,3.687,izquierda
1780984210.1097198,-0.88,-0.203,0.411,4.29,-1.893,-2.008,-0.698,-0.385,0.546,-5.328,-2.809,0.214,-0.304,-0.454,0.852,1.015,-4.29,-1.16,-0.275,-0.528,0.865,6.229,3.13,-0.092,0.216,-0.396,0.776,-1.817,-1.176,-0.29,izquierda
1780984210.2093678,-0.874,-0.22,0.447,0.695,-0.557,-1.282,-0.687,-0.384,0.551,-5.763,0.557,-0.45,-0.302,-0.452,0.865,0.046,-1.336,-0.534,-0.271,-0.525,0.864,2.298,5.74,-1.023,0.222,-0.413,0.766,-0.977,3.344,-0.817,izquierda
1780984213.0006497,-0.867,-0.222,0.466,-0.504,2.183,0.71,-0.688,-0.387,0.546,-7.046,0.351,-0.374,-0.301,-0.462,0.859,-0.641,0.832,0.595,-0.254,-0.537,0.857,1.275,7.427,-0.26,0.212,-0.418,0.765,-1.046,2.076,0.061,izquierda
1780984213.104497,-0.863,-0.218,0.464,-0.618,1.733,-0.107,-0.69,-0.387,0.547,-6.817,0.366,-0.382,-0.301,-0.46,0.856,-0.115,-0.16,0.252,-0.252,-0.534,0.865,1.756,6.198,-0.794,0.215,-0.418,0.755,-1.267,0.924,0.076,izquierda
1780984213.211094,-0.861,-0.221,0.455,-0.908,0.954,-1.176,-0.691,-0.387,0.543,-7.008,0.29,-0.305,-0.302,-0.463,0.857,-0.511,0.328,-0.45,-0.251,-0.54,0.865,1.656,7.282,-0.427,0.217,-0.421,0.764,-0.534,2.718,0.29,izquierda
1780984213.2996447,-0.865,-0.22,0.459,-0.809,2.137,0.122,-0.686,-0.387,0.542,-6.771,0.382,-0.351,-0.299,-0.462,0.85,-0.252,0.817,0.763,-0.257,-0.54,0.861,1.817,6.458,0.26,0.217,-0.422,0.768,0.023,4.771,-0.214,izquierda
1780984213.4104688,-0.869,-0.218,0.461,-0.832,1.756,-0.649,-0.687,-0.385,0.551,-7.511,0.282,-0.931,-0.3,-0.462,0.856,-0.733,0.885,-0.153,-0.256,-0.541,0.859,1.221,6.985,-0.489,0.217,-0.42,0.761,-1.046,1.191,0.267,izquierda
1780984213.5119364,-0.863,-0.223,0.464,-0.847,1.603,-1.412,-0.686,-0.388,0.544,-6.87,0.634,-0.359,-0.301,-0.465,0.856,-0.183,0.038,-0.008,-0.258,-0.54,0.856,1.565,7.214,-0.008,0.213,-0.422,0.757,-0.725,1.45,-0.046,izquierda
1780984213.6097429,-0.864,-0.218,0.459,-1.275,0.817,-1.145,-0.69,-0.384,0.545,-7.053,0.466,-0.412,-0.298,-0.461,0.852,-0.137,-0.038,-0.092,-0.256,-0.538,0.862,1.916,7.069,-0.733,0.221,-0.428,0.759,-0.206,3.084,-0.061,izquierda
1780984213.7165523,-0.864,-0.221,0.46,-0.87,1.214,-1.802,-0.686,-0.387,0.544,-7.053,0.13,-0.878,-0.3,-0.464,0.858,-0.244,0.084,0.061,-0.251,-0.54,0.856,1.313,6.802,-0.649,0.224,-0.425,0.77,-0.679,2.855,0.099,izquierda
1780984213.8227916,-0.868,-0.215,0.464,-1.656,2.947,0.206,-0.71,-0.345,0.542,-8.366,1.557,0.427,-0.412,-0.463,1.041,-17.229,-2.634,23.489,-0.265,-0.558,0.835,-6.221,4.824,7.832,0.434,-0.531,0.943,60.443,-40.977,-17.664,izquierda
1780984213.927475,-0.963,-0.219,0.291,-80.145,18.863,6.672,-0.83,-0.466,0.393,-73.412,-3.481,10.84,-0.221,-0.495,0.869,-50.931,-13.321,65.641,-0.09,-0.493,1.027,-53.687,8.351,24.74,0.149,-0.211,0.622,-23.489,-84.702,-68.901,izquierda
1780984214.020729,-0.877,-0.249,0.416,-4.847,7.74,0.023,-0.673,-0.43,0.525,-11.954,-0.71,0.725,-0.338,-0.478,0.844,-8.153,0.702,13.313,-0.352,-0.615,0.74,-11.832,9.244,5.313,0.418,-0.309,0.708,-3.206,-6.099,-8.664,izquierda
1780984214.1253953,-0.875,-0.252,0.41,-1.153,-0.221,-1.45,-0.691,-0.421,0.513,-7.176,-2.099,-0.855,-0.373,-0.475,0.809,-1.779,-2.504,-1.824,-0.32,-0.622,0.781,1.695,3.374,-2.046,0.448,-0.324,0.732,0.275,0.74,2.679,izquierda
1780984214.2265096,-0.877,-0.259,0.416,-1.29,0.992,-0.71,-0.694,-0.426,0.511,-6.748,-0.405,-0.817,-0.371,-0.483,0.81,-0.046,-1.206,-0.733,-0.33,-0.608,0.762,3.679,5.641,-3.0,0.435,-0.323,0.728,-6.87,4.298,0.191,izquierda
1780984214.3339572,-0.871,-0.263,0.419,-2.0,2.298,-0.756,-0.69,-0.432,0.504,-7.878,0.656,-0.389,-0.369,-0.491,0.812,-0.718,2.977,0.664,-0.32,-0.618,0.766,0.527,8.427,0.595,0.441,-0.329,0.723,-0.664,3.153,-1.153,izquierda
1780984214.4340308,-0.863,-0.26,0.432,-15.053,13.275,4.122,-0.702,-0.421,0.496,-19.115,17.481,6.458,-0.281,-0.531,0.918,8.664,6.038,-45.038,-0.365,-0.621,0.835,17.122,7.855,-8.198,0.389,-0.321,0.731,21.573,14.504,20.046,izquierda
1780984214.5356462,-0.776,-0.231,0.358,54.221,16.954,5.221,-0.609,-0.364,0.464,27.122,20.42,3.16,-0.283,-0.372,0.699,49.687,23.336,-42.099,-0.266,-0.408,0.67,48.061,16.802,-8.679,0.245,-0.229,0.706,-13.008,48.298,57.679,izquierda
1780984214.6387336,-0.882,-0.251,0.403,27.336,-12.031,-5.313,-0.822,-0.378,0.393,14.198,-3.397,-4.298,-0.458,-0.435,0.739,13.656,-3.412,-19.985,-0.374,-0.505,0.736,12.198,3.099,-10.74,0.26,-0.333,0.73,-18.786,27.443,24.13,izquierda
1780984214.748721,-0.879,-0.21,0.415,5.901,-12.275,-3.992,-0.729,-0.339,0.501,1.435,-27.16,-4.901,-0.398,-0.368,0.776,21.031,-11.0,-4.107,0.02,-0.495,0.819,20.985,2.397,-7.588,0.363,-0.584,0.955,-16.763,-6.779,-6.504,izquierda
1780984214.8542178,-0.875,-0.224,0.437,2.076,-0.366,-1.305,-0.689,-0.391,0.545,-5.16,1.458,-1.29,-0.308,-0.462,0.856,0.336,-0.382,-1.382,-0.281,-0.544,0.845,1.71,5.168,-2.496,0.22,-0.414,0.761,-5.542,2.748,-1.473,izquierda
1780984217.6262126,-0.873,-0.21,0.449,-0.962,0.779,-1.794,-0.686,-0.391,0.54,-7.008,0.359,-1.267,-0.304,-0.466,0.852,-0.824,-0.061,-0.656,-0.276,-0.547,0.847,1.214,6.763,-1.916,0.224,-0.438,0.749,-1.069,1.031,0.282,izquierda
1780984217.7285151,-0.872,-0.219,0.444,-0.885,1.618,-1.0,-0.692,-0.39,0.537,-6.817,0.153,-0.702,-0.301,-0.463,0.851,-0.183,-0.481,-0.084,-0.274,-0.548,0.845,1.847,6.084,-0.557,0.224,-0.43,0.748,-0.901,1.634,-0.122,izquierda
1780984217.8458881,-0.871,-0.219,0.45,-0.603,1.901,0.595,-0.69,-0.389,0.542,-6.863,0.168,0.13,-0.305,-0.465,0.848,-0.115,0.191,1.168,-0.273,-0.548,0.842,2.374,7.275,0.603,0.224,-0.439,0.752,-0.031,3.137,-0.305,izquierda
1780984217.9350142,-0.868,-0.218,0.447,-0.634,2.542,0.863,-0.686,-0.388,0.548,-7.069,0.847,0.336,-0.308,-0.461,0.854,-0.275,0.786,1.176,-0.279,-0.548,0.843,1.901,7.214,0.168,0.212,-0.426,0.764,-2.672,1.924,-1.069,izquierda
1780984218.0385947,-0.872,-0.216,0.448,-1.313,0.679,-1.855,-0.686,-0.394,0.536,-6.71,0.069,-0.748,-0.306,-0.464,0.851,-0.885,-0.122,-1.275,-0.273,-0.55,0.848,0.901,6.031,-1.58,0.229,-0.437,0.749,-1.221,1.573,0.053,izquierda
1780984218.1415443,-0.87,-0.214,0.448,-1.053,1.42,-0.458,-0.689,-0.392,0.544,-7.092,0.145,-0.435,-0.31,-0.461,0.85,-0.382,-0.55,0.328,-0.272,-0.55,0.838,1.427,6.725,-0.328,0.221,-0.434,0.756,-0.595,1.473,0.191,izquierda
1780984218.2476294,-0.898,-0.223,0.449,-0.076,-6.038,-4.275,-0.682,-0.4,0.53,-7.023,3.405,-3.359,-0.421,-0.486,0.781,-23.916,-5.374,69.679,-0.53,-0.677,0.696,-28.702,31.206,17.939,0.046,-0.349,0.754,82.573,-22.237,-57.748,izquierda
1780984218.3588538,-0.82,-0.29,0.375,-132.351,-5.901,-10.626,-0.557,-0.417,0.616,-87.382,-18.305,11.74,-0.205,-0.452,0.891,-36.817,-13.496,49.282,-0.302,-0.53,0.821,-53.481,26.282,8.924,0.365,-0.29,0.637,-7.29,-44.71,-42.282,izquierda
1780984218.450144,-0.882,-0.302,0.401,-12.29,3.649,-1.656,-0.696,-0.487,0.519,-20.015,5.351,5.13,-0.378,-0.497,0.811,0.191,-0.656,10.389,-0.313,-0.608,0.722,1.115,4.412,6.832,0.443,-0.311,0.709,-2.267,-8.244,-11.863,izquierda
1780984218.557626,-0.853,-0.313,0.394,-4.397,1.618,-1.405,-0.682,-0.458,0.492,-8.252,-1.336,-0.198,-0.357,-0.49,0.785,-1.74,-2.137,0.405,-0.328,-0.623,0.76,1.321,6.634,-2.748,0.463,-0.33,0.708,-7.595,4.427,-4.71,izquierda
1780984218.6560795,-0.874,-0.311,0.388,-0.137,0.931,-1.405,-0.691,-0.462,0.488,-6.267,-6.733,-1.267,-0.346,-0.483,0.799,-5.443,-4.748,-9.733,-0.304,-0.603,0.746,1.176,7.656,-8.969,0.453,-0.315,0.676,3.832,7.824,12.58,izquierda
1780984218.7691972,-0.836,-0.299,0.407,21.489,4.26,-2.969,-0.696,-0.449,0.516,-12.611,4.969,10.893,-0.163,-0.516,0.871,14.252,8.313,-52.672,-0.169,-0.583,0.812,25.908,-2.771,-0.748,0.398,-0.321,0.695,25.473,41.366,44.084,izquierda
1780984218.876914,-0.886,-0.303,0.396,77.519,12.634,-3.939,-0.744,-0.472,0.426,55.626,13.885,-17.748,-0.309,-0.624,1.001,68.992,21.794,-54.977,-0.367,-0.739,0.883,55.603,24.649,-22.015,0.329,-0.432,0.858,-25.351,48.611,36.534,izquierda
1780984218.9737957,-0.809,-0.168,0.316,49.031,-28.252,23.038,-0.649,-0.274,0.409,46.634,-27.511,9.153,-0.302,-0.312,0.731,36.809,-11.076,-20.389,-0.23,-0.439,0.814,37.649,-5.45,1.069,0.297,-0.418,0.785,-16.351,16.038,21.008,izquierda
1780984219.0678742,-0.887,-0.18,0.386,-10.954,23.29,-38.237,-0.772,-0.381,0.455,-34.206,7.87,-38.649,-0.428,-0.428,0.804,-48.573,11.237,-14.679,-0.38,-0.542,0.788,-39.244,15.115,-11.969,0.21,-0.432,0.751,-2.382,17.015,2.389,izquierda
1780984219.173114,-0.844,-0.246,0.42,6.794,12.611,2.901,-0.688,-0.401,0.555,-3.282,7.076,0.382,-0.348,-0.453,0.822,4.244,-3.015,-0.122,-0.309,-0.548,0.825,3.42,-4.733,-3.092,0.226,-0.403,0.775,-3.832,-4.252,-2.282,izquierda
1780984219.273846,-0.868,-0.236,0.459,0.71,-1.374,-0.802,-0.677,-0.397,0.555,-5.863,0.931,-1.076,-0.298,-0.462,0.853,-0.542,0.916,-0.504,-0.27,-0.546,0.854,1.244,6.71,-1.191,0.223,-0.42,0.757,-1.374,3.237,-0.534,izquierda
1780984219.386351,-0.863,-0.231,0.449,0.244,1.687,0.58,-0.679,-0.394,0.545,-6.87,0.656,-0.046,-0.299,-0.464,0.859,0.031,-0.794,0.366,-0.271,-0.549,0.861,1.885,6.221,0.145,0.224,-0.421,0.76,-0.069,4.641,-1.076,izquierda
1780984219.4827845,-0.866,-0.226,0.446,-1.397,1.603,0.046,-0.678,-0.393,0.562,-6.87,0.443,-0.763,-0.301,-0.46,0.858,-1.168,-0.328,0.038,-0.27,-0.547,0.851,1.351,6.29,-0.58,0.22,-0.431,0.758,-1.511,4.137,-1.794,izquierda
1780984222.1599302,-0.863,-0.239,0.456,-1.931,3.748,0.076,-0.681,-0.406,0.551,-7.374,0.427,0.198,-0.3,-0.464,0.854,-0.191,-0.435,0.13,-0.25,-0.553,0.851,3.389,0.817,-0.031,0.244,-0.436,0.752,0.298,0.855,-0.427,izquierda
1780984222.262314,-0.858,-0.225,0.457,-0.908,3.794,-0.214,-0.674,-0.399,0.559,-8.015,0.519,0.145,-0.301,-0.467,0.848,-0.603,0.893,1.122,-0.259,-0.556,0.853,1.58,5.893,-0.427,0.227,-0.433,0.747,-0.855,0.107,-0.504,izquierda
1780984222.3642647,-0.86,-0.226,0.461,-0.641,0.809,-1.412,-0.677,-0.392,0.552,-7.298,0.664,-0.779,-0.295,-0.469,0.854,-1.053,1.145,-0.366,-0.252,-0.56,0.853,0.969,8.099,-0.588,0.223,-0.439,0.752,-1.252,1.305,-0.176,izquierda
1780984222.471615,-0.864,-0.23,0.455,-1.267,1.023,-0.641,-0.675,-0.394,0.562,-7.023,0.351,-0.252,-0.292,-0.47,0.86,-0.229,0.015,0.267,-0.25,-0.56,0.847,1.412,7.45,0.145,0.231,-0.435,0.749,-0.214,3.565,0.046,izquierda
1780984222.57552,-0.867,-0.229,0.458,-1.214,1.435,-0.244,-0.676,-0.401,0.555,-7.313,0.023,-0.374,-0.292,-0.47,0.856,-0.221,0.466,0.832,-0.248,-0.559,0.855,1.908,7.527,-0.206,0.231,-0.433,0.756,-0.115,3.595,0.023,izquierda
1780984222.673374,-0.865,-0.225,0.456,-1.015,1.023,-0.565,-0.676,-0.393,0.557,-7.244,0.206,-0.496,-0.293,-0.469,0.843,-0.382,0.412,-0.519,-0.255,-0.556,0.854,1.427,7.0,-1.382,0.229,-0.438,0.752,-1.031,1.206,0.038,izquierda
1780984222.776019,-0.865,-0.227,0.465,-0.832,0.802,-1.221,-0.672,-0.395,0.56,-7.076,0.557,-0.542,-0.292,-0.47,0.855,-0.489,0.107,-0.008,-0.252,-0.56,0.852,1.244,7.664,-0.252,0.232,-0.436,0.749,-1.0,1.756,0.13,izquierda
1780984222.8825545,-0.858,-0.227,0.452,-0.084,0.397,0.725,-0.683,-0.394,0.554,-5.015,3.58,0.397,-0.296,-0.469,0.846,0.802,5.053,2.16,-0.28,-0.581,0.926,-0.42,22.481,4.489,0.225,-0.445,0.762,3.229,4.557,-0.389,izquierda
1780984222.9826348,-0.905,-0.227,0.388,-39.565,9.985,5.137,-0.62,-0.379,0.504,-48.313,15.954,8.634,-0.477,-0.497,0.727,-36.229,-5.527,68.046,-0.37,-0.566,0.713,-19.42,10.359,33.061,0.359,-0.404,0.651,42.084,-42.458,-29.779,izquierda
1780984223.0852234,-0.831,-0.292,0.528,-55.099,-27.802,9.237,-0.59,-0.367,0.577,-67.595,-35.527,9.252,-0.303,-0.492,0.799,-31.885,-27.969,40.786,-0.302,-0.598,0.903,-47.847,14.573,30.153,0.101,-0.272,0.789,2.053,-42.672,-51.45,izquierda
1780984223.1886964,-0.843,-0.281,0.425,-2.366,8.672,-2.786,-0.687,-0.447,0.493,-7.489,3.786,1.649,-0.432,-0.52,0.776,-5.321,10.771,17.374,-0.311,-0.617,0.802,-9.336,16.511,10.389,0.421,-0.302,0.696,-9.733,-7.42,-9.298,izquierda
1780984223.2914405,-0.869,-0.285,0.417,-8.511,3.634,-4.603,-0.693,-0.453,0.491,-8.908,1.305,0.603,-0.365,-0.504,0.797,-1.832,-2.702,3.038,-0.321,-0.597,0.792,-0.038,6.069,-1.153,0.477,-0.33,0.701,-13.702,2.847,-9.046,izquierda
1780984223.407488,-0.856,-0.298,0.414,-3.282,5.924,-1.542,-0.698,-0.449,0.472,-8.191,-1.458,-0.458,-0.366,-0.5,0.79,-0.458,-0.992,0.908,-0.303,-0.6,0.783,1.878,7.534,-2.366,0.46,-0.324,0.696,0.405,2.206,2.504,izquierda
1780984223.5048175,-0.857,-0.287,0.407,1.565,0.84,-1.534,-0.681,-0.446,0.496,-2.901,4.305,0.702,-0.371,-0.469,0.921,1.374,6.962,-3.527,-0.355,-0.581,0.831,-3.71,4.031,-11.252,0.451,-0.333,0.689,9.58,11.023,22.748,izquierda
1780984223.607193,-0.812,-0.302,0.474,50.16,1.313,0.16,-0.429,-0.482,0.792,4.489,11.595,-8.244,-0.444,-0.513,0.775,11.176,18.649,-33.511,-0.289,-0.67,0.954,15.176,19.412,-21.122,0.394,-0.33,0.742,23.107,39.137,24.977,izquierda
1780984223.7032535,-0.887,-0.248,0.415,28.244,-1.26,3.069,-0.688,-0.409,0.459,10.42,2.397,2.992,-0.304,-0.474,0.803,16.473,1.176,-19.206,-0.267,-0.563,0.785,15.542,8.267,-7.931,0.357,-0.306,0.692,-18.076,28.0,21.519,izquierda
1780984223.8063164,-0.871,-0.235,0.419,21.977,8.107,-13.046,-0.71,-0.419,0.49,13.87,9.29,-10.534,-0.338,-0.469,0.812,17.573,10.733,-22.481,-0.304,-0.589,0.78,9.718,15.061,-12.107,0.298,-0.351,0.746,-9.122,29.504,23.992,izquierda
1780984223.9194431,-0.861,-0.244,0.451,20.107,1.267,-2.901,-0.676,-0.408,0.5,11.939,2.076,-1.344,-0.347,-0.48,0.797,19.496,5.405,-15.656,-0.343,-0.607,0.817,21.771,6.038,6.992,0.188,-0.409,0.858,-3.847,23.092,24.496,izquierda
1780984224.0144072,-0.92,-0.253,0.491,14.13,-6.855,9.763,-0.677,-0.412,0.564,13.794,-6.977,7.328,-0.337,-0.436,0.844,27.679,0.344,-5.061,-0.284,-0.515,0.854,23.145,3.328,5.901,0.242,-0.379,0.786,14.603,2.901,23.374,izquierda
1780984224.127011,-0.884,-0.211,0.458,-1.252,5.336,-7.13,-0.72,-0.393,0.55,-7.977,-0.55,-7.443,-0.329,-0.447,0.883,-3.664,0.588,-4.511,-0.312,-0.523,0.858,-1.313,8.458,-3.71,0.207,-0.359,0.791,7.962,6.718,7.534,izquierda
1780984226.8066723,-0.862,-0.222,0.456,-0.473,2.198,-0.443,-0.688,-0.39,0.55,-6.947,0.595,-0.237,-0.305,-0.464,0.851,-0.267,-0.145,-0.122,-0.287,-0.556,0.85,1.733,7.084,-0.168,0.205,-0.405,0.773,-0.756,1.954,-0.603,izquierda
1780984226.9010186,-0.867,-0.228,0.46,-0.779,2.351,0.511,-0.685,-0.39,0.552,-7.26,0.664,0.023,-0.308,-0.464,0.854,-0.374,0.618,0.527,-0.28,-0.552,0.84,1.603,6.649,0.313,0.197,-0.394,0.771,-1.672,2.076,-1.412,izquierda
1780984226.9994278,-0.863,-0.221,0.467,-0.947,1.13,-1.618,-0.682,-0.384,0.549,-7.153,0.519,-1.145,-0.306,-0.465,0.854,-1.0,0.405,0.053,-0.289,-0.558,0.838,1.382,7.618,-1.504,0.205,-0.411,0.769,-1.412,1.214,-0.504,izquierda
1780984227.1021786,-0.864,-0.225,0.466,-1.084,1.992,0.282,-0.684,-0.393,0.548,-7.282,0.511,-0.26,-0.308,-0.465,0.85,-0.031,-0.16,0.374,-0.282,-0.555,0.838,2.298,7.237,-0.092,0.199,-0.412,0.771,-0.351,3.427,-0.977,izquierda
1780984227.2081044,-0.863,-0.226,0.46,-0.924,1.244,0.435,-0.687,-0.389,0.549,-7.336,0.489,-0.13,-0.306,-0.458,0.849,-0.733,0.351,0.275,-0.287,-0.554,0.849,1.969,7.084,-0.061,0.202,-0.407,0.775,-1.29,2.939,-0.573,izquierda
1780984227.3087535,-0.864,-0.222,0.456,-0.519,1.595,-1.252,-0.686,-0.392,0.547,-6.702,0.13,-0.71,-0.303,-0.462,0.85,-0.557,-0.443,-0.458,-0.283,-0.551,0.841,1.389,6.275,-1.603,0.2,-0.408,0.78,-0.847,1.496,0.229,izquierda
1780984227.4167228,-0.863,-0.231,0.461,-1.702,3.87,-1.557,-0.697,-0.388,0.529,-7.344,1.214,-1.084,-0.208,-0.519,0.938,-23.252,-25.557,12.198,-0.323,-0.534,0.81,-12.565,18.511,17.275,0.266,-0.57,1.159,-1.832,-57.13,-68.832,izquierda
1780984227.5145519,-0.841,-0.257,0.466,-66.107,14.611,0.29,-0.687,-0.473,0.488,-57.863,9.237,3.504,-0.277,-0.48,0.794,-54.901,-9.611,57.206,-0.298,-0.556,0.799,-39.344,22.985,7.565,0.171,-0.209,0.638,11.832,-49.26,-60.305,izquierda
1780984227.6234226,-0.838,-0.307,0.473,-44.168,-1.107,-3.214,-0.678,-0.422,0.52,-33.947,6.0,2.802,-0.271,-0.469,0.846,-19.679,14.137,35.069,-0.299,-0.603,0.774,1.176,3.947,1.107,0.424,-0.266,0.689,-10.115,-20.015,-28.313,izquierda
1780984227.7231047,-0.85,-0.287,0.381,-7.695,3.916,-0.794,-0.676,-0.447,0.489,-14.939,-2.84,1.206,-0.344,-0.48,0.767,-3.878,-0.939,4.763,-0.296,-0.601,0.75,-0.649,3.061,-1.397,0.452,-0.288,0.698,-13.084,1.374,-6.466,izquierda
1780984227.8304355,-0.873,-0.295,0.375,-0.779,0.611,-1.504,-0.7,-0.452,0.474,-5.855,-5.855,-1.397,-0.347,-0.495,0.786,-3.336,-1.748,-6.008,-0.333,-0.57,0.727,-10.244,4.084,-4.336,0.435,-0.281,0.705,2.221,4.023,8.466,izquierda
1780984227.9263062,-0.883,-0.298,0.386,4.313,0.115,-0.611,-0.658,-0.454,0.529,-3.504,2.718,2.412,-0.192,-0.539,0.794,8.405,-5.397,-29.565,-0.312,-0.665,0.771,9.366,9.45,5.649,0.422,-0.358,0.784,33.718,32.336,47.405,izquierda
1780984228.029658,-0.853,-0.33,0.472,23.954,10.481,6.389,-0.623,-0.429,0.635,0.466,14.74,10.389,-0.475,-0.518,0.873,34.817,36.489,-35.412,-0.248,-0.565,0.718,41.13,19.511,-6.443,0.308,-0.293,0.735,16.718,41.366,40.122,izquierda
1780984228.1342928,-0.859,-0.27,0.393,116.206,-7.748,-3.847,-0.601,-0.387,0.366,91.397,-7.252,-35.756,-0.362,-0.431,0.534,82.252,30.099,-83.099,-0.344,-0.505,0.613,70.427,16.885,-29.473,0.265,-0.347,0.713,-43.229,60.389,51.595,izquierda
1780984228.2402093,-0.893,-0.239,0.461,5.855,-19.672,-0.206,-0.656,-0.403,0.559,2.992,-14.519,-0.137,-0.292,-0.432,0.907,10.344,-10.565,0.099,-0.247,-0.471,0.789,-4.16,-1.618,-4.427,0.235,-0.416,0.798,-7.916,2.359,-2.656,izquierda
1780984228.3385067,-0.86,-0.223,0.481,1.885,1.504,-0.45,-0.671,-0.376,0.576,-5.275,2.84,-1.611,-0.281,-0.438,0.878,-2.412,-1.656,-2.0,-0.27,-0.524,0.874,-0.397,1.557,-1.015,0.211,-0.4,0.775,-2.809,4.359,-2.893,izquierda
1780984228.4412863,-0.853,-0.223,0.49,1.992,-1.71,-2.305,-0.665,-0.375,0.576,-6.0,1.977,-2.015,-0.274,-0.437,0.873,-1.557,-0.42,-0.435,-0.272,-0.518,0.869,0.198,6.748,-2.344,0.206,-0.402,0.774,-2.145,3.718,-2.13,izquierda
1780984228.5479891,-0.853,-0.22,0.49,-0.267,1.45,0.298,-0.673,-0.376,0.585,-5.656,0.16,-0.664,-0.281,-0.443,0.871,-0.084,-1.695,-0.649,-0.276,-0.524,0.865,1.603,5.229,-2.198,0.213,-0.4,0.772,-2.16,1.176,-1.137,izquierda
1780984228.6516037,-0.854,-0.22,0.489,-0.573,0.092,-0.794,-0.669,-0.373,0.582,-6.412,0.489,-0.412,-0.284,-0.449,0.873,-0.489,0.076,-0.328,-0.276,-0.522,0.868,1.046,7.092,-1.267,0.207,-0.396,0.771,-2.0,2.328,-1.947,izquierda
1780984228.757471,-0.851,-0.216,0.497,-0.229,0.29,-1.198,-0.665,-0.371,0.587,-6.29,0.107,-1.321,-0.272,-0.444,0.878,-0.351,-0.374,0.58,-0.27,-0.524,0.866,1.656,7.565,-0.015,0.214,-0.401,0.772,-0.878,3.924,-0.496,izquierda
1780984231.4369402,-0.853,-0.215,0.491,-0.931,1.84,-0.176,-0.663,-0.383,0.585,-7.382,-0.26,-0.229,-0.284,-0.453,0.864,-0.779,0.626,-0.008,-0.269,-0.537,0.869,1.748,3.496,0.229,0.214,-0.419,0.76,-1.412,1.038,-0.038,izquierda
1780984231.540997,-0.855,-0.217,0.488,-0.695,2.26,-0.313,-0.668,-0.383,0.578,-7.122,0.656,0.145,-0.284,-0.452,0.867,-0.489,0.534,-0.221,-0.27,-0.54,0.851,1.626,6.359,-0.527,0.214,-0.421,0.766,-0.992,1.748,-0.122,izquierda
1780984231.634788,-0.854,-0.214,0.493,-1.176,1.863,-0.061,-0.667,-0.38,0.582,-7.0,0.824,-0.115,-0.281,-0.45,0.866,-0.053,-0.092,0.656,-0.272,-0.538,0.854,2.221,7.0,0.084,0.209,-0.414,0.761,-0.015,4.015,-0.305,izquierda
1780984231.7379858,-0.853,-0.215,0.484,-1.031,1.176,-0.58,-0.67,-0.376,0.577,-7.198,0.321,-0.16,-0.28,-0.454,0.863,-0.595,0.42,0.458,-0.263,-0.539,0.851,1.458,6.672,0.038,0.215,-0.412,0.764,-0.565,4.107,-0.519,izquierda
1780984231.8405433,-0.854,-0.221,0.485,-0.687,1.588,-1.786,-0.669,-0.376,0.578,-6.893,0.443,-0.809,-0.286,-0.453,0.868,-0.916,0.023,-1.092,-0.271,-0.542,0.852,1.252,7.473,-1.137,0.219,-0.42,0.762,-0.87,1.183,-0.046,izquierda
1780984231.9440491,-0.854,-0.212,0.492,-0.931,0.985,-1.359,-0.669,-0.377,0.582,-7.16,0.344,-0.405,-0.281,-0.449,0.867,-0.634,0.359,0.099,-0.279,-0.543,0.842,1.061,8.061,-1.267,0.364,-0.452,0.783,4.412,-0.061,5.069,izquierda
1780984232.0505402,-1.312,0.032,-0.06,-99.122,53.672,40.252,-1.042,-0.378,0.16,-65.397,18.641,13.038,-0.596,-0.473,0.61,-67.595,-16.122,108.282,-0.287,-0.606,0.835,-60.756,-18.863,40.656,0.026,-0.219,0.66,30.122,-64.473,-69.84,izquierda
1780984232.1498199,-0.862,-0.287,0.508,-20.176,6.916,1.832,-0.61,-0.387,0.631,-21.321,0.458,3.863,-0.361,-0.454,0.82,-18.71,2.992,36.641,-0.398,-0.644,0.823,-13.756,21.74,-1.023,0.382,-0.318,0.705,-7.656,5.412,-14.779,izquierda
1780984232.2525177,-0.867,-0.248,0.421,-1.817,1.832,-1.74,-0.657,-0.419,0.551,-9.916,1.053,0.527,-0.355,-0.478,0.818,-2.916,-2.489,2.061,-0.346,-0.622,0.758,-0.061,5.252,1.977,0.419,-0.334,0.738,-7.351,2.008,-6.595,izquierda
1780984232.3554754,-0.875,-0.257,0.43,-1.969,-2.13,-1.649,-0.703,-0.417,0.505,-7.443,10.725,0.481,-0.37,-0.485,0.801,-1.992,-4.008,-0.473,-0.352,-0.666,0.857,1.985,0.427,-1.42,0.47,-0.361,0.743,-5.702,2.641,-3.397,izquierda
1780984232.4747043,-0.872,-0.257,0.415,0.985,0.71,-0.168,-0.687,-0.425,0.519,-3.313,-3.366,-0.527,-0.371,-0.47,0.806,-0.779,1.603,-2.527,-0.335,-0.61,0.761,13.153,-0.023,2.153,0.41,-0.304,0.663,13.176,4.771,21.824,izquierda
1780984232.5781271,-0.867,-0.259,0.439,-2.649,5.221,0.664,-0.681,-0.429,0.517,-10.595,4.977,1.824,-0.451,-0.473,0.782,11.863,8.763,-30.901,-0.328,-0.603,0.794,3.679,16.305,5.489,0.333,-0.309,0.722,12.679,27.527,44.718,izquierda
1780984232.6726127,-0.869,-0.262,0.415,1.87,6.885,2.42,-0.676,-0.437,0.518,-10.924,8.412,2.328,-0.354,-0.486,0.808,1.214,4.679,-18.084,-0.314,-0.621,0.764,3.13,6.382,-16.893,0.363,-0.398,0.792,3.511,13.374,15.275,izquierda
1780984232.7728133,-0.872,-0.254,0.417,-3.794,5.748,2.649,-0.691,-0.421,0.499,-10.786,9.267,6.214,-0.364,-0.503,0.837,9.718,9.473,-23.435,-0.283,-0.595,0.794,13.863,10.153,-0.473,0.314,-0.387,0.762,1.511,17.481,18.168,izquierda
1780984232.8710396,-0.91,-0.236,0.387,54.435,1.634,-13.45,-0.673,-0.41,0.51,32.511,7.847,-6.893,-0.386,-0.467,0.803,32.427,8.672,-25.16,-0.265,-0.573,0.785,29.527,13.366,-26.595,0.251,-0.398,0.796,4.084,25.954,21.252,izquierda
1780984232.9738529,-0.861,-0.223,0.43,36.244,-10.137,6.015,-0.676,-0.357,0.501,22.656,-6.725,4.511,-0.306,-0.414,0.813,31.244,-0.328,-14.939,-0.297,-0.542,0.836,32.824,8.481,8.244,0.246,-0.4,0.805,2.718,8.695,18.649,izquierda
1780984233.0903273,-0.859,-0.186,0.439,9.42,-6.183,-10.42,-0.677,-0.338,0.52,-2.603,-6.389,-10.359,-0.338,-0.403,0.814,-2.008,-1.885,-10.069,-0.299,-0.518,0.81,-5.382,6.214,-3.786,0.198,-0.39,0.786,0.557,11.29,23.122,izquierda
1780984233.179696,-0.828,-0.216,0.487,6.511,-8.733,-3.038,-0.681,-0.37,0.531,-1.252,3.573,-2.191,-0.25,-0.461,0.897,-3.145,1.412,-2.344,-0.258,-0.561,0.875,10.954,7.687,-1.634,0.219,-0.397,0.771,-4.901,1.351,-1.237,izquierda
1780984233.2889159,-0.865,-0.215,0.48,0.496,-1.099,-0.74,-0.677,-0.377,0.574,-6.382,-0.802,-0.84,-0.292,-0.45,0.87,-0.595,-2.55,-0.992,-0.273,-0.534,0.86,2.748,3.702,-0.794,0.2,-0.396,0.769,-0.672,1.878,-1.122,izquierda
1780984233.3896587,-0.856,-0.222,0.488,-0.298,1.473,-0.176,-0.677,-0.374,0.575,-7.519,1.382,-0.458,-0.292,-0.448,0.863,-0.763,1.0,0.374,-0.277,-0.534,0.859,1.13,7.992,-0.122,0.217,-0.39,0.786,-2.092,3.031,-0.664,izquierda
1780984236.0694668,-0.855,-0.218,0.482,-0.672,0.847,-1.038,-0.675,-0.378,0.553,-6.664,0.321,-0.817,-0.294,-0.457,0.863,-0.916,0.321,0.168,-0.272,-0.545,0.847,1.076,8.008,-0.603,0.205,-0.414,0.763,-1.153,1.84,-0.008,izquierda
1780984236.174236,-0.86,-0.22,0.482,-0.916,0.802,-1.74,-0.674,-0.382,0.571,-6.679,0.542,-0.359,-0.299,-0.451,0.862,-0.511,0.389,0.267,-0.271,-0.542,0.852,1.802,7.618,-0.366,0.209,-0.415,0.764,-0.687,2.191,0.107,izquierda
1780984236.2702725,-0.857,-0.216,0.486,-1.214,1.779,-0.168,-0.678,-0.38,0.572,-7.115,0.405,0.305,-0.3,-0.455,0.858,0.153,0.015,0.443,-0.269,-0.54,0.854,1.786,6.977,-0.107,0.206,-0.413,0.761,-0.061,3.443,-0.13,izquierda
1780984236.3728235,-0.853,-0.218,0.477,-0.847,2.275,-1.015,-0.682,-0.386,0.565,-6.924,-0.061,-0.458,-0.296,-0.452,0.863,-0.344,0.099,0.221,-0.271,-0.542,0.853,2.221,6.115,0.084,0.208,-0.416,0.77,0.214,2.916,-0.023,izquierda
1780984236.4867997,-0.865,-0.212,0.476,-0.824,0.901,-1.664,-0.679,-0.381,0.569,-6.58,0.13,-1.069,-0.295,-0.458,0.857,-0.695,-1.206,-0.458,-0.272,-0.547,0.855,1.573,6.366,-1.031,0.201,-0.413,0.79,0.954,-2.489,1.534,izquierda
1780984236.5790844,-0.876,-0.22,0.473,0.603,4.038,-0.756,-0.698,-0.379,0.576,-3.809,28.87,-3.267,-0.39,-0.523,0.898,-27.466,-7.885,49.145,-0.586,-0.624,0.71,-35.336,51.267,25.496,0.201,-0.492,0.934,20.634,-56.893,-82.695,izquierda
1780984236.6817393,-0.779,-0.345,0.61,-71.069,-3.626,-2.611,-0.55,-0.396,0.722,-29.359,6.824,2.641,0.092,-0.5,1.109,-18.374,-16.649,36.374,-0.211,-0.541,0.886,-26.939,22.962,1.672,0.431,-0.35,0.691,-16.115,-21.832,-33.901,izquierda
1780984236.797728,-0.869,-0.257,0.414,-6.252,-1.008,-1.298,-0.687,-0.423,0.519,-11.069,0.389,0.588,-0.33,-0.491,0.837,-5.977,3.0,10.206,-0.331,-0.606,0.778,-1.626,7.16,-0.771,0.435,-0.363,0.717,-12.427,1.374,-8.71,izquierda
1780984236.8920364,-0.871,-0.261,0.421,-0.252,1.802,-2.763,-0.688,-0.43,0.51,-6.557,-1.427,-2.29,-0.355,-0.493,0.815,-0.87,-2.305,-0.672,-0.33,-0.619,0.764,3.885,6.885,-5.206,0.428,-0.356,0.702,6.29,2.321,7.855,izquierda
1780984236.9943562,-0.879,-0.261,0.423,-1.0,1.573,-0.412,-0.681,-0.425,0.522,-4.389,0.0,-2.305,-0.356,-0.517,0.809,1.29,2.649,-1.901,-0.29,-0.618,0.819,8.244,-4.679,-1.237,0.42,-0.419,0.775,-0.855,25.641,40.244,izquierda
1780984237.1012979,-0.877,-0.246,0.438,-6.55,12.305,7.878,-0.668,-0.385,0.592,-10.71,22.366,15.282,-0.123,-0.496,0.947,22.397,3.656,-59.634,-0.193,-0.566,0.887,26.275,3.473,-35.504,0.378,-0.369,0.713,-9.183,46.237,46.603,izquierda
1780984237.2067633,-0.967,-0.157,0.194,73.008,1.122,-16.489,-0.761,-0.425,0.449,29.947,3.45,-8.58,-0.618,-0.492,0.757,28.656,13.26,-33.519,-0.461,-0.64,0.734,31.992,15.74,-3.756,0.22,-0.425,0.793,-8.389,19.748,23.168,izquierda
1780984237.3122287,-0.902,-0.204,0.402,0.076,-5.168,-4.511,-0.696,-0.444,0.481,7.557,-17.763,-0.405,-0.385,-0.485,0.794,13.985,-7.824,-4.16,-0.348,-0.585,0.826,-0.351,-5.366,1.244,0.228,-0.431,0.765,-4.557,-8.443,-4.42,izquierda
1780984237.4030497,-0.876,-0.219,0.455,-0.122,-2.878,-1.42,-0.684,-0.389,0.555,-4.382,1.038,-1.16,-0.304,-0.462,0.847,0.557,-3.359,-1.832,-0.293,-0.555,0.84,1.779,3.71,-2.038,0.236,-0.43,0.749,-3.008,2.626,-1.015,izquierda
1780984237.5134504,-0.865,-0.216,0.464,0.374,0.885,-0.061,-0.68,-0.391,0.551,-6.885,0.847,-0.466,-0.309,-0.465,0.846,-0.557,1.344,0.641,-0.306,-0.553,0.838,1.611,7.794,-0.298,0.229,-0.426,0.754,-1.649,3.107,-0.397,izquierda
1780984237.6083176,-0.864,-0.214,0.466,-0.489,-0.237,-0.901,-0.684,-0.388,0.548,-6.763,0.198,-1.214,-0.304,-0.462,0.852,-0.366,0.237,-0.275,-0.297,-0.553,0.835,1.183,7.756,-0.412,0.229,-0.429,0.755,-1.382,2.435,-0.107,izquierda
1780984237.7119749,-0.866,-0.219,0.466,-0.863,0.725,-0.634,-0.686,-0.388,0.555,-7.244,0.359,-0.748,-0.302,-0.465,0.847,-0.221,-0.137,-0.305,-0.298,-0.552,0.832,1.443,6.496,-1.176,0.229,-0.428,0.748,-1.107,2.008,-0.71,izquierda
1780984237.8166914,-0.86,-0.22,0.474,-0.878,0.771,-0.16,-0.68,-0.387,0.563,-7.176,0.466,-0.015,-0.3,-0.464,0.853,-0.588,0.794,0.252,-0.294,-0.556,0.831,1.786,7.397,-0.023,0.233,-0.426,0.747,-0.718,3.641,-0.71,izquierda
1780984237.9232023,-0.865,-0.216,0.469,-1.321,1.435,-0.458,-0.684,-0.389,0.557,-6.557,0.145,-0.718,-0.307,-0.466,0.855,-0.099,-0.618,0.435,-0.296,-0.552,0.837,1.679,6.092,-0.496,0.237,-0.435,0.75,-0.313,4.198,-0.344,izquierda
1780984240.7032695,-0.867,-0.218,0.465,-0.672,1.641,-1.031,-0.683,-0.391,0.552,-7.038,0.168,-0.954,-0.304,-0.468,0.851,-0.771,0.374,-0.748,-0.293,-0.557,0.828,1.756,7.382,-0.824,0.225,-0.432,0.755,-0.824,1.58,-0.015,izquierda
1780984240.8063157,-0.864,-0.218,0.465,-0.733,1.344,0.046,-0.687,-0.387,0.549,-6.656,0.55,-0.198,-0.302,-0.465,0.846,-0.168,-0.382,0.084,-0.294,-0.561,0.841,1.794,6.893,-0.298,0.233,-0.437,0.754,-0.618,1.702,0.244,izquierda
1780984240.909244,-0.861,-0.217,0.467,-0.824,1.924,0.191,-0.685,-0.389,0.553,-6.565,0.71,0.191,-0.305,-0.466,0.849,-0.481,0.389,0.611,-0.293,-0.558,0.832,1.649,6.802,0.046,0.226,-0.435,0.751,-0.122,3.015,-0.298,izquierda
1780984241.0182056,-0.866,-0.218,0.468,-1.084,1.092,-0.145,-0.686,-0.388,0.553,-6.992,0.267,-0.137,-0.304,-0.466,0.848,-0.42,0.275,0.458,-0.291,-0.556,0.833,1.809,7.718,-0.382,0.229,-0.428,0.756,-0.679,3.359,-0.069,izquierda
1780984241.1223452,-0.864,-0.221,0.465,-1.244,1.321,-1.046,-0.685,-0.386,0.553,-6.863,0.702,-1.038,-0.305,-0.463,0.847,-0.366,0.733,-0.244,-0.332,-0.571,0.843,2.435,11.878,-3.763,0.332,-0.469,0.7,8.031,-18.939,12.481,izquierda
1780984241.2233784,-1.035,-0.363,0.629,-42.756,-6.931,-4.618,-0.682,-0.405,0.487,-59.901,-3.55,14.069,-0.545,-0.545,0.937,-26.603,-17.282,45.763,-0.274,-0.595,0.743,-15.794,-5.145,46.985,0.242,-0.65,1.291,-14.718,-37.038,-75.221,izquierda
1780984241.3171883,-0.811,-0.339,0.529,-89.603,-8.74,-2.313,-0.557,-0.407,0.613,-46.931,-33.634,4.221,0.349,-0.591,1.575,-36.046,-30.023,48.305,-0.065,-0.566,0.936,-26.939,-10.847,-18.656,0.548,-0.415,0.703,-29.565,-29.687,-36.565,izquierda
1780984241.4203584,-0.86,-0.278,0.392,-5.718,-3.672,0.046,-0.689,-0.423,0.527,-8.802,0.534,2.481,-0.332,-0.488,0.84,-4.771,-1.718,5.794,-0.286,-0.619,0.774,0.26,-0.198,0.107,0.468,-0.423,0.699,-10.191,-1.282,-10.824,izquierda
1780984241.5269566,-0.859,-0.292,0.41,0.427,3.069,0.802,-0.688,-0.442,0.503,-6.313,-0.901,0.947,-0.356,-0.496,0.813,0.359,2.313,3.023,-0.31,-0.622,0.766,5.305,10.672,0.672,0.453,-0.422,0.689,7.122,2.214,12.649,izquierda
1780984241.626591,-0.873,-0.282,0.414,0.092,8.832,1.824,-0.671,-0.452,0.515,-8.229,3.603,1.786,-0.142,-0.509,0.859,12.84,7.359,-39.061,-0.279,-0.629,0.835,7.489,15.244,5.817,0.419,-0.423,0.641,27.519,35.191,36.771,izquierda
1780984241.7446783,-0.728,-0.468,0.648,129.458,-13.038,-44.786,-0.724,-0.589,0.859,63.947,25.924,-23.344,-0.041,-0.571,1.041,117.809,29.519,-31.557,-0.142,-0.595,0.868,73.985,44.038,-14.374,0.355,-0.436,0.802,9.649,53.473,37.061,izquierda
1780984241.8326907,-0.885,-0.165,0.386,21.779,-19.496,5.58,-0.669,-0.341,0.503,9.924,-12.748,9.489,-0.256,-0.354,0.869,23.466,-6.366,-7.557,-0.258,-0.491,0.888,35.221,3.046,3.656,0.303,-0.434,0.764,6.672,10.061,29.847,izquierda
1780984241.945179,-0.909,-0.2,0.442,2.29,-4.015,-18.206,-0.724,-0.374,0.529,-1.992,-6.87,-20.214,-0.332,-0.384,0.881,-13.87,0.046,-13.443,-0.359,-0.492,0.882,-3.977,7.733,-8.107,0.23,-0.44,0.784,5.122,15.145,30.687,izquierda
1780984242.0427635,-0.898,-0.205,0.449,8.855,-23.221,1.275,-0.67,-0.395,0.583,12.672,-37.214,-7.702,-0.44,-0.478,0.793,-63.115,-26.092,0.344,-0.225,-0.669,0.723,-60.252,-14.763,-35.855,0.207,-0.405,0.747,-7.725,-4.595,-4.008,izquierda
1780984242.141494,-0.863,-0.216,0.468,-3.252,-8.015,-2.473,-0.673,-0.39,0.565,-6.557,-0.55,-0.786,-0.292,-0.458,0.865,-0.718,0.122,-0.519,-0.296,-0.554,0.846,-0.649,14.74,-0.466,0.221,-0.413,0.765,1.023,4.42,0.863,izquierda
1780984242.2547643,-0.86,-0.216,0.474,-1.328,1.557,-0.832,-0.681,-0.386,0.56,-7.481,1.168,-0.672,-0.305,-0.457,0.855,-0.947,0.206,-0.328,-0.304,-0.552,0.831,1.107,6.954,0.0,0.221,-0.425,0.763,-0.748,2.748,0.412,izquierda
1780984242.355749,-0.861,-0.225,0.479,-1.122,1.58,-1.038,-0.682,-0.384,0.554,-7.282,0.924,-0.573,-0.306,-0.456,0.859,-0.779,0.672,0.527,-0.305,-0.553,0.832,0.855,7.122,-0.412,0.21,-0.417,0.767,-0.565,2.366,-0.122,izquierda
1780984242.456677,-0.863,-0.222,0.472,-1.206,1.397,-0.977,-0.677,-0.381,0.558,-7.13,0.328,0.122,-0.303,-0.452,0.857,-0.168,0.183,-0.031,-0.302,-0.55,0.843,1.443,7.084,-0.282,0.217,-0.419,0.764,-0.305,3.809,-0.374,izquierda
1780984242.556865,-0.862,-0.213,0.474,-0.809,1.878,-1.008,-0.685,-0.387,0.559,-7.511,0.87,-0.412,-0.309,-0.456,0.854,-0.389,0.412,0.382,-0.303,-0.552,0.829,1.42,7.053,-0.962,0.211,-0.413,0.765,-1.237,2.435,-0.779,izquierda
1780984245.33449,-0.858,-0.222,0.476,-0.595,1.328,-0.893,-0.679,-0.386,0.551,-6.84,0.229,-0.794,-0.298,-0.459,0.85,-0.496,0.328,0.359,-0.294,-0.565,0.826,1.634,7.321,-0.328,0.211,-0.43,0.758,-0.74,1.382,-0.198,izquierda
1780984245.4380782,-0.86,-0.217,0.474,-0.992,1.328,-0.534,-0.683,-0.387,0.548,-6.847,0.069,-0.336,-0.311,-0.461,0.859,-0.092,0.069,0.473,-0.293,-0.555,0.834,2.031,6.809,-0.351,0.21,-0.43,0.761,-0.282,3.29,-0.366,izquierda
1780984245.5400403,-0.86,-0.222,0.474,-1.336,1.992,-1.321,-0.688,-0.391,0.548,-7.168,0.382,-0.603,-0.305,-0.462,0.853,-0.489,-0.13,-0.374,-0.294,-0.555,0.838,1.931,5.344,-0.855,0.217,-0.431,0.762,-0.611,1.427,0.489,izquierda
1780984245.6428661,-0.86,-0.221,0.469,-0.496,2.107,-1.176,-0.685,-0.384,0.555,-6.931,0.382,-0.588,-0.308,-0.462,0.849,-0.527,-0.061,0.023,-0.298,-0.555,0.828,1.603,6.015,-1.489,0.21,-0.428,0.754,-0.603,1.214,-0.244,izquierda
1780984245.7462852,-0.857,-0.218,0.475,-0.733,1.321,0.412,-0.683,-0.388,0.553,-6.885,0.45,-0.611,-0.305,-0.456,0.852,-0.534,0.779,0.145,-0.295,-0.56,0.826,1.405,7.992,0.382,0.216,-0.427,0.758,-0.634,2.489,0.069,izquierda
1780984245.8590374,-0.861,-0.222,0.473,-1.267,1.405,-0.466,-0.684,-0.39,0.554,-6.847,0.405,-0.084,-0.303,-0.461,0.856,-0.229,-0.336,-0.099,-0.294,-0.555,0.831,1.679,6.924,-0.336,0.213,-0.423,0.758,-0.55,1.748,0.26,izquierda
1780984245.9617293,-0.86,-0.224,0.464,-1.366,2.992,-0.359,-0.684,-0.39,0.551,-7.366,0.595,-0.275,-0.31,-0.458,0.853,-0.618,0.634,0.298,-0.298,-0.561,0.831,1.595,6.847,-0.763,0.216,-0.427,0.754,-0.908,0.763,-0.328,izquierda
1780984246.0554907,-0.858,-0.219,0.471,-1.122,1.267,-0.214,-0.683,-0.389,0.55,-7.008,0.908,-0.71,-0.306,-0.462,0.849,-0.382,0.313,0.275,-0.323,-0.572,0.802,2.931,8.878,-1.748,0.384,-0.51,0.695,6.634,-23.198,12.748,izquierda
1780984246.1711514,-1.199,-0.183,0.061,-145.374,20.534,7.191,-0.497,-0.547,0.668,-126.603,-30.58,26.389,-0.135,-0.582,0.866,-66.198,-47.496,78.786,-0.116,-0.511,0.982,-47.305,-51.977,27.328,-0.018,-0.287,0.806,-22.229,-85.13,-82.985,izquierda
1780984246.261155,-0.867,-0.318,0.429,-35.176,-6.412,-3.863,-0.681,-0.462,0.554,-27.275,-3.924,0.771,-0.293,-0.479,0.877,-17.855,11.718,30.015,-0.34,-0.593,0.722,-0.405,-2.221,5.863,0.558,-0.355,0.936,8.038,-31.87,-31.527,izquierda
1780984246.3713646,-0.865,-0.313,0.365,1.824,0.282,-1.763,-0.679,-0.467,0.487,-6.275,1.595,0.527,-0.356,-0.505,0.778,-0.588,-1.466,3.855,-0.318,-0.62,0.772,1.008,3.221,0.947,0.46,-0.348,0.707,-6.573,-1.473,-4.71,izquierda
1780984246.4671116,-0.869,-0.306,0.368,-1.084,1.435,-0.099,-0.693,-0.463,0.473,-6.031,-3.702,0.008,-0.377,-0.505,0.778,-2.229,-2.954,-2.221,-0.334,-0.621,0.752,0.382,6.053,-1.893,0.478,-0.354,0.707,-6.771,4.443,-2.71,izquierda
1780984246.570277,-0.875,-0.299,0.373,0.168,4.008,2.443,-0.694,-0.443,0.476,-5.924,1.954,0.565,-0.278,-0.488,0.652,3.481,-1.893,3.382,-0.35,-0.647,0.783,-0.092,13.084,0.168,0.451,-0.347,0.693,4.122,5.489,7.679,izquierda
1780984246.6729953,-0.89,-0.29,0.375,4.481,4.45,3.221,-0.695,-0.458,0.484,-3.878,-7.985,1.992,-0.436,-0.514,0.739,2.435,1.527,-9.809,-0.341,-0.71,0.803,8.221,6.13,-5.504,0.464,-0.379,0.709,21.534,22.374,32.313,izquierda
1780984246.7847285,-0.878,-0.281,0.382,1.328,11.435,7.427,-0.676,-0.449,0.512,-9.779,12.16,8.588,-0.285,-0.484,0.852,17.023,0.359,-40.206,-0.227,-0.599,0.857,21.794,1.794,-31.725,0.38,-0.304,0.718,25.718,28.908,46.885,izquierda
1780984246.880598,-0.856,-0.332,0.454,55.885,-4.672,-5.893,-0.647,-0.465,0.51,32.137,7.794,-13.565,-0.339,-0.511,0.828,29.924,4.298,-24.763,-0.297,-0.604,0.775,20.336,22.42,-13.977,0.312,-0.335,0.722,-14.374,35.794,23.305,izquierda
1780984246.9826531,-0.859,-0.276,0.455,44.573,-9.038,-10.206,-0.689,-0.433,0.495,17.328,-0.756,-7.046,-0.325,-0.508,0.819,20.069,3.137,-21.893,-0.342,-0.635,0.798,16.527,14.176,-8.656,0.24,-0.381,0.797,-5.969,23.168,19.313,izquierda
1780984247.0973988,-0.889,-0.254,0.436,27.008,-10.13,-6.427,-0.765,-0.425,0.505,15.214,-7.053,-2.763,-0.261,-0.469,0.857,20.802,-1.55,-15.588,-0.326,-0.574,0.806,27.137,-5.725,-3.466,0.212,-0.442,0.852,-4.534,6.878,16.649,izquierda
1780984247.1974134,-0.928,-0.175,0.335,26.198,-5.924,2.061,-0.705,-0.402,0.535,19.076,-10.382,-1.038,-0.445,-0.474,0.819,27.603,3.924,-9.863,-0.329,-0.559,0.811,43.176,8.328,-7.962,0.219,-0.408,0.762,1.603,0.481,3.42,izquierda
1780984249.9743233,-0.861,-0.207,0.484,-0.649,2.053,0.023,-0.67,-0.365,0.583,-7.008,1.092,0.16,-0.292,-0.44,0.871,-0.13,0.168,0.641,-0.27,-0.516,0.872,1.802,7.244,0.42,0.207,-0.404,0.769,0.122,3.55,-0.229,izquierda
1780984250.0826802,-0.858,-0.204,0.479,-0.679,2.221,-0.611,-0.673,-0.368,0.585,-6.947,0.321,-0.412,-0.294,-0.437,0.878,-0.916,0.55,0.718,-0.261,-0.515,0.867,1.588,6.756,0.046,0.205,-0.416,0.779,0.069,4.779,-0.481,izquierda
1780984250.1882305,-0.859,-0.202,0.49,-0.603,0.58,-2.107,-0.675,-0.366,0.583,-7.344,0.397,-0.824,-0.293,-0.435,0.866,-1.038,-0.534,-0.832,-0.265,-0.515,0.875,1.176,6.412,-1.55,0.203,-0.404,0.767,-1.252,0.603,-0.137,izquierda
1780984250.2789006,-0.857,-0.202,0.487,-0.84,0.221,-1.344,-0.671,-0.369,0.582,-6.817,0.702,-0.496,-0.293,-0.435,0.87,-0.29,0.679,0.481,-0.27,-0.521,0.875,1.672,7.0,-0.473,0.234,-0.431,0.801,1.595,-16.321,1.702,izquierda
1780984250.3820362,-0.875,-0.09,0.303,-88.618,72.038,22.015,-0.857,-0.36,0.366,-37.42,15.863,-21.069,-0.344,-0.644,0.771,-82.122,-14.809,164.672,-0.333,-0.668,0.762,-76.702,1.702,32.053,0.107,-0.381,0.828,34.748,-80.122,-94.168,izquierda
1780984250.4859009,-0.795,-0.336,0.57,-75.244,10.748,0.084,-0.576,-0.444,0.653,-46.901,-9.649,7.664,-0.197,-0.458,0.903,-25.786,-3.298,33.168,-0.253,-0.573,0.812,-31.084,16.13,19.573,0.436,-0.294,0.682,-11.511,-30.656,-33.992,izquierda
1780984250.5872788,-0.913,-0.308,0.423,-24.695,-10.305,2.748,-0.748,-0.451,0.383,-56.817,11.74,13.267,-0.408,-0.525,0.94,1.817,-1.466,15.977,-0.349,-0.625,0.735,16.435,2.565,14.389,0.436,-0.298,0.714,-11.031,-19.672,-22.534,izquierda
1780984250.6904926,-0.859,-0.302,0.363,-12.115,3.588,0.191,-0.72,-0.472,0.381,-20.863,5.42,4.305,-0.4,-0.487,0.76,1.55,-1.298,5.359,-0.33,-0.615,0.712,-0.29,6.221,7.435,0.469,-0.313,0.679,-14.863,2.344,-16.298,izquierda
1780984250.8024912,-0.881,-0.319,0.36,-9.962,2.817,-2.053,-0.712,-0.475,0.422,-7.42,-3.26,0.58,-0.399,-0.487,0.797,-4.092,-1.527,0.534,-0.355,-0.626,0.752,-0.481,8.756,-1.267,0.508,-0.322,0.717,-3.336,-0.779,-5.176,izquierda
1780984250.903789,-0.873,-0.315,0.346,0.382,6.122,1.687,-0.727,-0.482,0.425,-6.718,-7.595,-0.824,-0.327,-0.473,0.758,-1.893,-0.115,-16.244,-0.328,-0.598,0.74,6.237,6.076,-15.359,0.441,-0.313,0.686,-7.099,15.176,10.198,izquierda
1780984250.999754,-0.878,-0.308,0.367,9.336,6.863,2.901,-0.688,-0.441,0.492,-1.557,11.649,5.435,-0.328,-0.526,0.805,5.466,18.565,-36.511,-0.237,-0.624,0.875,18.191,-2.794,0.58,0.457,-0.328,0.74,2.023,36.382,47.802,izquierda
1780984251.102507,-0.916,-0.243,0.273,50.702,10.634,1.977,-0.751,-0.448,0.413,39.58,12.672,-7.527,-0.368,-0.504,0.757,26.351,11.42,-37.0,-0.361,-0.602,0.75,29.519,20.824,-21.664,0.356,-0.34,0.766,2.817,41.221,44.015,izquierda
1780984251.2128458,-0.911,-0.246,0.343,53.069,-5.725,-7.458,-0.759,-0.435,0.466,39.305,-8.534,-10.748,-0.354,-0.471,0.805,19.794,0.794,-28.252,-0.351,-0.589,0.808,16.435,11.603,-13.695,0.269,-0.366,0.773,-14.565,28.374,26.779,izquierda
1780984251.3215458,-0.887,-0.24,0.413,48.443,-7.298,-10.977,-0.725,-0.424,0.509,29.817,-6.046,-8.992,-0.342,-0.456,0.824,26.939,6.954,-22.092,-0.357,-0.566,0.854,22.237,9.763,-1.794,0.162,-0.379,0.797,0.351,18.443,27.87,izquierda
1780984251.4209988,-0.858,-0.226,0.454,15.878,-5.931,-0.603,-0.762,-0.387,0.486,11.305,-4.351,-2.153,-0.298,-0.461,0.862,21.977,6.618,-14.634,-0.29,-0.508,0.815,21.763,5.191,3.573,0.161,-0.384,0.797,-0.565,5.328,6.847,izquierda
1780984251.5210404,-0.891,-0.177,0.405,8.221,0.962,0.71,-0.714,-0.374,0.526,1.489,-1.45,1.252,-0.334,-0.418,0.803,11.664,0.313,-5.939,-0.299,-0.488,0.837,17.847,0.931,-0.687,0.191,-0.388,0.769,-2.382,0.634,1.687,izquierda
1780984251.6216323,-0.864,-0.203,0.456,0.679,-6.374,-1.183,-0.672,-0.372,0.573,-4.779,-7.405,-1.557,-0.312,-0.435,0.909,0.321,-3.802,-0.656,-0.314,-0.487,0.874,3.725,4.466,-1.641,0.195,-0.385,0.772,0.725,3.053,-0.214,izquierda
1780984251.7211962,-0.862,-0.203,0.476,1.687,0.412,-0.359,-0.672,-0.359,0.591,-6.481,0.656,-1.344,-0.306,-0.429,0.872,-1.282,-0.275,-0.366,-0.291,-0.486,0.883,1.634,4.947,-1.511,0.198,-0.389,0.78,-1.794,1.183,-0.229,izquierda
1780984251.8236005,-0.865,-0.2,0.475,1.466,0.206,-0.237,-0.677,-0.361,0.578,-6.794,1.053,-0.74,-0.301,-0.424,0.872,-1.603,-0.702,-0.519,-0.285,-0.492,0.881,1.183,4.695,-0.267,0.192,-0.387,0.782,-1.328,2.198,-0.374,izquierda
1780984254.6161733,-0.86,-0.2,0.483,-1.206,1.809,-0.618,-0.68,-0.368,0.572,-7.046,0.519,-0.626,-0.3,-0.438,0.866,-1.321,0.695,0.519,-0.277,-0.509,0.877,1.473,6.718,-0.107,0.19,-0.393,0.78,-0.618,2.473,-0.069,izquierda
1780984254.7166271,-0.863,-0.197,0.486,-0.794,1.153,-1.542,-0.677,-0.364,0.579,-7.115,0.389,-1.031,-0.296,-0.436,0.871,-0.924,0.504,-0.282,-0.275,-0.506,0.867,1.679,7.137,-1.183,0.19,-0.396,0.778,-0.84,1.427,0.076,izquierda
1780984254.819835,-0.855,-0.202,0.482,-0.359,1.427,-0.779,-0.681,-0.371,0.575,-6.878,0.382,-0.153,-0.302,-0.443,0.864,-0.046,-0.382,-0.122,-0.272,-0.509,0.875,1.519,7.084,-0.298,0.195,-0.399,0.774,-0.557,2.718,-0.099,izquierda
1780984254.9239585,-0.862,-0.196,0.487,-0.893,1.313,-0.809,-0.677,-0.37,0.573,-7.046,0.336,-0.061,-0.302,-0.437,0.869,-0.397,-0.038,0.588,-0.281,-0.509,0.875,1.466,7.359,0.099,0.192,-0.391,0.763,-0.382,2.733,-0.122,izquierda
1780984255.0226183,-0.856,-0.201,0.481,-1.695,1.664,-1.802,-0.678,-0.364,0.578,-7.206,0.542,-0.641,-0.3,-0.441,0.869,-0.191,0.336,0.504,-0.281,-0.51,0.882,1.809,6.893,-0.092,0.188,-0.394,0.772,-0.771,2.107,-0.16,izquierda
1780984255.1197927,-0.864,-0.203,0.476,-0.542,1.099,-1.099,-0.676,-0.377,0.576,-6.962,1.557,-0.153,-0.288,-0.444,0.882,-0.74,-0.038,-2.985,-0.695,-0.546,0.422,-10.947,42.832,10.229,0.201,-0.381,0.8,9.885,-2.817,9.977,izquierda
1780984255.2231555,-0.913,-0.208,0.639,-84.595,40.366,27.756,-0.73,-0.38,0.53,-25.084,14.29,-8.0,-0.54,-0.433,0.763,-32.702,6.733,67.779,-0.334,-0.585,0.895,-31.611,12.725,30.443,0.185,-0.462,1.026,-14.282,-10.664,-51.45,izquierda
1780984255.3258173,-0.886,-0.235,0.391,-68.26,15.824,2.573,-0.663,-0.424,0.567,-47.786,-0.298,5.344,-0.23,-0.482,0.892,-34.427,-18.427,38.939,-0.334,-0.614,1.003,-57.183,2.611,15.931,0.181,-0.297,0.714,-6.366,-44.756,-64.916,izquierda
1780984255.4290605,-0.854,-0.272,0.434,-37.893,-1.244,1.489,-0.674,-0.445,0.591,-31.649,-2.863,8.542,-0.315,-0.46,0.85,-17.366,0.718,26.229,-0.309,-0.538,0.766,-8.366,-1.87,5.427,0.422,-0.337,0.721,-11.115,-24.023,-18.168,izquierda
1780984255.5323143,-0.862,-0.267,0.411,-7.389,-1.092,0.954,-0.625,-0.497,0.596,-18.489,0.733,4.244,-0.374,-0.467,0.767,-2.809,-1.092,9.824,-0.35,-0.562,0.748,-2.779,4.565,3.756,0.44,-0.315,0.677,-6.244,-3.718,-8.626,izquierda
1780984255.6467044,-0.87,-0.291,0.402,-3.099,1.725,0.115,-0.703,-0.445,0.492,-9.557,-3.252,0.542,-0.419,-0.49,0.792,-4.206,-0.527,0.42,-0.368,-0.587,0.79,-0.244,6.824,-1.893,0.464,-0.343,0.709,-1.244,1.42,-1.542,izquierda
1780984255.7424464,-0.872,-0.278,0.388,0.466,3.382,-1.038,-0.72,-0.431,0.488,-6.099,-0.061,-1.885,-0.333,-0.501,0.757,-0.55,-9.84,0.885,-0.361,-0.564,0.73,8.099,9.427,-3.145,0.413,-0.321,0.673,9.427,12.924,14.618,izquierda
1780984255.8500414,-0.871,-0.279,0.388,2.443,1.328,-1.84,-0.696,-0.442,0.489,-6.29,-1.115,1.954,-0.435,-0.498,0.773,1.466,4.832,-7.519,-0.334,-0.63,0.817,0.038,2.84,-14.458,0.427,-0.372,0.788,20.84,21.229,33.87,izquierda
1780984255.9542768,-0.892,-0.265,0.378,1.084,13.985,7.656,-0.724,-0.458,0.457,-10.733,9.038,6.878,-0.46,-0.503,0.765,11.641,17.817,-25.947,-0.352,-0.591,0.731,12.389,11.802,-11.878,0.379,-0.33,0.755,3.305,16.55,15.191,izquierda
1780984256.0530782,-0.842,-0.277,0.429,40.267,0.687,-4.679,-0.561,-0.46,0.621,3.595,11.107,2.931,-0.319,-0.47,0.792,25.412,8.725,-23.679,-0.23,-0.524,0.779,21.794,19.191,-8.435,0.373,-0.308,0.767,6.244,28.038,25.481,izquierda
1780984256.1540806,-0.908,-0.253,0.398,76.275,-4.435,-12.656,-0.717,-0.423,0.485,46.634,9.603,-13.252,-0.353,-0.455,0.772,38.534,7.542,-38.534,-0.348,-0.555,0.792,29.336,18.817,-20.878,0.23,-0.319,0.773,-11.015,36.252,31.55,izquierda
1780984256.254101,-0.845,-0.205,0.411,41.756,-16.496,-6.16,-0.675,-0.355,0.473,32.733,-16.13,-11.153,-0.324,-0.409,0.761,32.008,-3.611,-30.527,-0.335,-0.494,0.805,25.366,-1.809,-11.481,0.219,-0.367,0.768,-6.458,24.069,44.847,izquierda
1780984256.3558872,-0.879,-0.195,0.458,9.076,-11.916,4.069,-0.712,-0.379,0.532,5.489,-16.565,4.115,-0.533,-0.573,0.946,3.427,-3.931,1.176,-0.502,-0.593,1.061,15.916,-0.145,2.359,0.153,-0.387,0.81,-0.031,3.069,4.481,izquierda
1780984256.4653795,-0.857,-0.191,0.479,2.099,-6.519,0.397,-0.7,-0.349,0.566,-3.008,-4.496,0.466,-0.3,-0.41,0.869,6.649,-0.885,0.916,-0.286,-0.477,0.902,7.916,10.13,2.534,0.164,-0.384,0.802,4.0,3.344,8.916,izquierda
1780984259.2491927,-0.86,-0.193,0.491,-0.366,2.489,0.359,-0.684,-0.365,0.57,-6.87,0.145,-0.13,-0.308,-0.438,0.861,0.298,-0.29,0.626,-0.281,-0.509,0.871,2.084,6.397,-0.13,0.197,-0.392,0.779,-0.901,3.466,-0.924,izquierda
1780984259.356165,-0.855,-0.194,0.496,-1.183,1.672,-0.802,-0.682,-0.364,0.575,-7.351,0.611,-0.122,-0.306,-0.437,0.863,-0.489,0.13,1.099,-0.287,-0.515,0.878,1.458,7.832,0.611,0.19,-0.382,0.78,-1.55,2.916,-0.908,izquierda
1780984259.449318,-0.857,-0.193,0.494,-0.939,0.756,-1.313,-0.68,-0.365,0.572,-6.908,0.664,-0.573,-0.309,-0.438,0.861,-0.672,0.595,-0.374,-0.283,-0.516,0.87,1.435,6.84,-0.664,0.198,-0.394,0.788,-2.008,2.672,-1.008,izquierda
1780984259.5489914,-0.853,-0.196,0.494,-0.588,1.466,-1.176,-0.686,-0.365,0.565,-6.985,0.542,-0.366,-0.309,-0.436,0.861,-0.588,0.115,-0.458,-0.28,-0.51,0.87,1.969,6.176,-0.71,0.193,-0.398,0.78,-1.618,1.504,-0.13,izquierda
1780984259.657421,-0.856,-0.194,0.49,-0.756,1.802,-0.779,-0.685,-0.364,0.562,-7.122,0.45,-0.489,-0.31,-0.437,0.871,-0.748,0.855,0.664,-0.281,-0.512,0.875,1.733,7.038,-0.244,0.189,-0.385,0.775,-0.435,2.305,0.122,izquierda
1780984259.767589,-0.861,-0.192,0.494,-0.908,1.519,-0.939,-0.686,-0.366,0.562,-6.962,0.58,-0.405,-0.309,-0.435,0.867,-0.389,-0.176,-0.351,-0.285,-0.513,0.872,1.527,6.588,-1.069,0.194,-0.383,0.77,-0.427,-0.061,-0.321,izquierda
1780984259.8724375,-0.855,-0.194,0.495,-0.473,2.092,-1.58,-0.687,-0.366,0.573,-7.084,1.885,-0.481,-0.313,-0.433,0.864,-0.511,2.198,-0.298,-0.292,-0.531,0.864,-0.748,10.0,-0.351,0.23,-0.408,0.782,2.87,0.137,-2.931,izquierda
1780984259.9613507,-1.017,-0.118,0.193,-59.939,38.115,15.092,-0.932,-0.377,0.243,-72.534,21.626,18.443,-0.32,-0.569,0.864,-73.412,-1.344,110.214,-0.305,-0.588,0.759,-46.489,13.282,64.496,0.174,-0.326,0.73,32.252,-59.527,-70.336,izquierda
1780984260.0661716,-0.87,-0.292,0.452,-102.519,1.977,14.656,-0.58,-0.323,0.356,-117.427,9.565,36.947,-0.244,-0.479,0.945,-23.656,-10.893,51.748,-0.307,-0.438,0.678,-28.977,2.084,17.611,0.384,-0.238,0.61,-27.16,-71.427,-54.031,izquierda
1780984260.166743,-0.793,-0.211,0.359,-12.756,10.321,-13.763,-0.765,-0.505,0.611,8.718,-11.634,12.237,-0.002,-0.548,0.648,13.527,-9.336,7.382,-0.41,-0.693,0.815,1.954,10.786,6.084,0.455,-0.346,0.701,-14.046,10.618,-12.733,izquierda
1780984260.2704904,-0.879,-0.229,0.406,0.366,3.046,1.481,-0.747,-0.425,0.423,-7.893,0.16,1.015,-0.432,-0.492,0.777,1.366,-1.542,2.198,-0.384,-0.604,0.743,3.298,5.702,1.366,0.486,-0.327,0.713,-0.954,1.824,-1.473,izquierda
1780984260.3790605,-0.91,-0.213,0.366,-1.656,4.71,-3.985,-0.746,-0.438,0.447,-6.649,2.137,3.84,-0.454,-0.491,0.768,6.282,0.565,8.55,-0.372,-0.585,0.756,5.611,2.595,6.427,0.493,-0.323,0.707,7.466,-1.031,-2.389,izquierda
1780984260.4863985,-0.902,-0.242,0.406,-0.122,3.038,4.405,-0.719,-0.403,0.438,-2.366,1.344,4.145,-0.362,-0.454,0.758,4.275,-2.855,5.748,-0.391,-0.53,0.722,4.611,11.672,3.496,0.456,-0.283,0.688,1.443,3.557,-1.656,izquierda
1780984260.5869708,-0.897,-0.245,0.393,0.573,3.695,-3.015,-0.766,-0.441,0.427,-5.832,2.908,-1.687,-0.43,-0.489,0.786,2.206,1.595,3.076,-0.396,-0.576,0.787,3.84,9.763,2.489,0.466,-0.296,0.707,4.702,4.244,-0.244,izquierda
1780984260.6818857,-0.908,-0.281,0.442,8.221,-0.069,-2.679,-0.726,-0.446,0.499,1.885,1.74,-6.328,-0.38,-0.491,0.83,8.931,0.061,-10.237,-0.339,-0.552,0.793,16.092,4.198,-11.557,0.472,-0.277,0.677,0.87,7.153,1.977,izquierda
1780984260.7850676,-0.879,-0.24,0.427,27.473,3.939,-6.023,-0.732,-0.444,0.513,21.282,10.397,-7.534,-0.389,-0.542,0.958,36.107,15.008,-36.855,-0.349,-0.616,0.895,23.573,16.473,-26.916,0.383,-0.299,0.706,-3.832,43.092,34.893,izquierda
1780984260.8883703,-0.807,-0.278,0.578,85.321,1.817,-0.855,-0.598,-0.375,0.588,102.069,4.176,-6.824,-0.136,-0.351,0.744,124.763,25.42,-72.847,-0.161,-0.385,0.799,98.542,26.061,-32.405,0.242,-0.312,0.733,21.221,75.466,120.542,izquierda
1780984261.0029697,-1.026,-0.157,0.327,25.504,-50.084,4.656,-0.991,-0.321,0.203,21.611,-33.351,-26.443,-0.619,-0.431,0.835,-17.298,-29.206,-27.664,-0.53,-0.501,0.839,14.641,-37.008,-8.832,0.305,-0.493,0.834,-28.107,-49.809,-6.176,izquierda
1780984261.101863,-0.883,-0.212,0.496,4.74,-13.718,-1.046,-0.648,-0.328,0.644,-8.435,15.855,-1.244,-0.336,-0.397,0.882,-4.321,-1.084,0.023,-0.329,-0.48,0.869,-2.58,10.305,-0.198,0.207,-0.384,0.775,-0.908,6.908,0.084,izquierda
1780984263.7739935,-0.859,-0.187,0.493,-0.847,0.939,-0.847,-0.683,-0.356,0.583,-6.901,0.55,-0.336,-0.308,-0.426,0.872,-0.412,-0.038,-0.527,-0.285,-0.504,0.871,1.58,6.611,-0.275,0.192,-0.391,0.775,-0.221,3.504,-0.107,izquierda
1780984263.8811128,-0.857,-0.185,0.489,-1.069,1.985,-0.275,-0.679,-0.358,0.579,-7.298,0.221,-0.214,-0.306,-0.422,0.872,-0.344,-0.718,-0.237,-0.285,-0.499,0.876,1.466,6.252,-0.374,0.194,-0.392,0.773,-0.855,1.969,-0.107,izquierda
1780984263.9823127,-0.857,-0.189,0.494,-0.718,1.435,-1.198,-0.683,-0.359,0.579,-7.023,0.168,-0.473,-0.309,-0.429,0.87,-0.229,0.481,0.183,-0.281,-0.5,0.877,1.977,6.786,-0.985,0.192,-0.396,0.771,-0.878,1.901,-0.099,izquierda
1780984264.0815923,-0.859,-0.185,0.495,-0.809,1.122,-0.832,-0.674,-0.36,0.583,-7.122,0.863,-0.038,-0.309,-0.43,0.867,-0.565,0.588,0.076,-0.284,-0.5,0.872,1.435,6.985,-0.58,0.196,-0.393,0.771,-0.466,2.771,-0.275,izquierda
1780984264.1898139,-0.857,-0.188,0.493,-1.29,1.382,-1.588,-0.675,-0.358,0.58,-7.45,0.489,-0.298,-0.312,-0.428,0.863,-0.534,0.237,0.015,-0.284,-0.503,0.871,1.534,7.55,-0.321,0.192,-0.397,0.774,-0.664,2.634,-0.252,izquierda
1780984264.2947795,-0.856,-0.185,0.494,-1.519,1.29,-1.71,-0.675,-0.361,0.573,-7.244,0.832,-0.786,-0.305,-0.426,0.869,-0.656,2.008,0.176,-0.296,-0.509,0.878,1.29,8.443,-0.328,0.199,-0.394,0.793,1.359,-6.244,1.954,izquierda
1780984264.390672,-0.893,-0.175,0.447,3.29,-0.267,-4.16,-0.7,-0.39,0.561,-17.763,11.069,-3.885,-0.606,-0.469,0.684,-31.847,7.038,66.092,-0.382,-0.633,0.714,-30.168,19.084,19.817,0.065,-0.481,1.181,14.756,-23.87,-48.13,izquierda
1780984264.4949522,-0.917,-0.271,0.426,-110.076,24.252,6.42,-0.686,-0.371,0.481,-115.565,-0.511,28.443,-0.229,-0.475,0.878,-23.359,-16.237,65.038,-0.39,-0.546,0.75,-44.809,6.802,30.916,0.268,-0.305,0.753,-12.023,-57.328,-82.16,izquierda
1780984264.6030807,-0.839,-0.286,0.463,-40.351,4.55,2.519,-0.668,-0.441,0.528,-30.237,-1.16,9.374,-0.305,-0.455,0.878,-11.55,-3.504,28.58,-0.323,-0.537,0.75,-6.191,9.16,7.992,0.444,-0.322,0.723,-18.366,-16.954,-26.977,izquierda
1780984264.6992052,-0.889,-0.257,0.367,-2.908,-3.756,-1.977,-0.728,-0.436,0.436,-6.779,-5.809,-1.496,-0.387,-0.463,0.802,-3.992,-5.84,3.031,-0.357,-0.578,0.771,-2.84,9.061,-2.405,0.462,-0.328,0.71,-6.908,-0.733,-7.618,izquierda
1780984264.8022702,-0.882,-0.264,0.386,-0.885,3.786,-0.053,-0.728,-0.447,0.437,-7.603,1.099,0.252,-0.403,-0.465,0.792,-0.328,0.947,-4.16,-0.352,-0.581,0.745,1.962,10.023,-3.847,0.448,-0.317,0.701,8.099,2.336,7.176,izquierda
1780984264.905494,-0.883,-0.261,0.375,0.626,2.473,1.733,-0.74,-0.436,0.426,-5.206,11.702,2.336,-0.441,-0.5,0.867,2.695,0.725,-30.885,-0.373,-0.631,0.853,14.344,-0.168,-6.656,0.433,-0.33,0.761,39.87,24.198,40.733,izquierda
1780984265.0108452,-0.82,-0.407,0.664,54.992,-13.725,-17.565,-0.759,-0.435,0.484,36.023,11.565,-1.153,-0.189,-0.51,0.93,40.198,15.076,-37.267,-0.23,-0.552,0.839,49.183,18.504,-24.053,0.412,-0.3,0.778,6.687,55.099,52.313,izquierda
1780984265.111528,-0.823,-0.218,0.336,99.122,-37.42,18.069,-0.62,-0.352,0.398,105.588,-21.519,-5.466,-0.346,-0.384,0.717,79.252,-1.153,-56.748,-0.337,-0.483,0.757,61.809,7.008,-33.015,0.268,-0.344,0.837,-3.107,39.58,52.198,izquierda
1780984265.2146878,-0.954,-0.134,0.392,30.87,-13.985,-22.099,-0.749,-0.306,0.406,21.206,-13.595,-25.122,-0.465,-0.382,0.762,7.458,4.328,-33.817,-0.359,-0.498,0.799,16.733,6.626,-12.412,0.158,-0.339,0.811,-8.885,27.198,35.481,izquierda
1780984265.317554,-0.885,-0.199,0.495,4.137,-6.794,-2.115,-0.692,-0.366,0.538,-2.985,-8.718,-1.771,-0.321,-0.417,0.884,6.702,-8.786,-4.626,-0.281,-0.468,0.86,3.145,4.443,-1.908,0.187,-0.366,0.82,-5.931,6.511,-0.885,izquierda
1780984265.4282427,-0.85,-0.197,0.49,0.351,-1.626,-0.855,-0.674,-0.356,0.588,-6.282,0.229,-0.832,-0.307,-0.418,0.878,-2.405,1.473,0.435,-0.285,-0.485,0.879,1.13,6.595,-0.321,0.153,-0.356,0.799,-1.603,2.603,-1.16,izquierda
1780984265.5229683,-0.856,-0.197,0.499,-0.244,0.275,-0.275,-0.678,-0.357,0.591,-7.115,0.847,-0.153,-0.31,-0.418,0.868,-1.237,0.214,0.229,-0.284,-0.487,0.89,-0.168,6.153,-0.229,0.153,-0.356,0.794,-1.55,6.008,-1.336,izquierda
1780984265.6329358,-0.852,-0.187,0.494,-0.389,1.84,-0.573,-0.682,-0.357,0.583,-7.855,0.756,-0.374,-0.315,-0.424,0.871,-1.466,0.092,0.099,-0.29,-0.493,0.885,0.023,6.191,-1.153,0.159,-0.355,0.793,-0.878,2.58,-1.397,izquierda
1780984265.7358341,-0.855,-0.192,0.497,-0.786,1.565,-1.076,-0.679,-0.359,0.581,-7.763,0.519,-0.275,-0.315,-0.418,0.874,-0.382,-0.015,0.351,-0.289,-0.494,0.874,1.382,5.977,-0.214,0.156,-0.356,0.803,-1.137,2.137,-0.71,izquierda
1780984268.4114797,-0.853,-0.196,0.501,-0.557,1.458,-1.214,-0.675,-0.36,0.587,-6.924,0.153,-0.687,-0.306,-0.432,0.877,0.084,-0.305,-0.198,-0.274,-0.509,0.876,1.672,6.641,-0.504,0.166,-0.377,0.788,-0.542,1.656,0.061,izquierda
1780984268.513983,-0.856,-0.193,0.501,-0.328,1.664,0.244,-0.676,-0.363,0.577,-7.267,-0.122,0.008,-0.307,-0.432,0.872,-0.336,0.145,0.55,-0.273,-0.503,0.877,1.611,7.626,0.45,0.163,-0.375,0.788,-0.336,2.511,-0.16,izquierda
1780984268.6196895,-0.858,-0.193,0.497,-0.855,2.435,-0.038,-0.678,-0.359,0.587,-7.527,0.328,-0.084,-0.303,-0.435,0.88,-0.351,0.588,0.885,-0.277,-0.507,0.883,1.511,6.641,0.015,0.156,-0.37,0.785,-0.618,1.901,0.168,izquierda
1780984268.716696,-0.855,-0.192,0.502,-1.183,1.122,-1.511,-0.681,-0.361,0.582,-7.168,0.076,-1.137,-0.304,-0.431,0.874,-0.298,-0.443,0.168,-0.277,-0.507,0.876,1.557,6.672,-1.267,0.16,-0.379,0.79,-1.084,1.641,-0.076,izquierda
1780984268.828932,-0.858,-0.199,0.498,-0.649,1.107,0.267,-0.678,-0.359,0.583,-6.802,0.321,-0.351,-0.304,-0.434,0.867,-0.16,0.305,-0.214,-0.273,-0.505,0.875,2.237,7.046,0.145,0.163,-0.374,0.784,-0.221,3.763,-0.237,izquierda
1780984268.9226527,-0.859,-0.194,0.496,-0.74,2.176,-0.122,-0.674,-0.358,0.584,-6.924,0.214,-0.107,-0.302,-0.43,0.866,0.008,-0.542,0.527,-0.277,-0.512,0.877,2.275,6.45,0.076,0.161,-0.373,0.793,0.26,3.13,-0.13,izquierda
1780984269.029506,-0.851,-0.189,0.492,-0.954,1.427,-1.618,-0.678,-0.356,0.58,-7.145,0.023,-0.962,-0.31,-0.434,0.874,-0.809,-0.038,0.427,-0.276,-0.506,0.879,1.389,6.824,-0.702,0.165,-0.369,0.791,0.771,1.962,0.885,izquierda
1780984269.1355863,-0.862,-0.195,0.501,-0.962,2.794,-1.427,-0.679,-0.364,0.588,-7.931,2.13,-0.366,-0.317,-0.472,0.846,-5.305,3.855,-0.809,-0.315,-0.567,0.868,-8.863,16.084,4.588,0.217,-0.397,0.866,33.237,-18.901,-5.145,izquierda
1780984269.2358148,-0.973,-0.135,0.221,-98.115,38.687,12.58,-0.835,-0.477,0.331,-76.649,16.74,0.954,-0.245,-0.661,0.798,-117.863,-28.557,137.626,-0.224,-0.715,1.038,-71.656,-6.153,58.908,0.349,-0.309,0.728,-16.053,-91.542,-138.137,izquierda
1780984269.334762,-0.848,-0.312,0.484,-48.809,16.206,7.893,-0.543,-0.375,0.514,-59.13,10.794,14.481,-0.333,-0.413,0.743,-27.87,1.779,40.786,-0.311,-0.513,0.796,-25.908,-0.824,10.076,0.392,-0.226,0.721,-17.244,-29.344,-24.168,izquierda
1780984269.4424982,-0.864,-0.314,0.42,-4.565,-9.718,1.885,-0.69,-0.47,0.497,-11.679,-11.015,6.145,-0.329,-0.455,0.774,-7.992,-10.015,7.756,-0.324,-0.567,0.765,-5.473,-2.702,-0.939,0.517,-0.29,0.723,-16.786,-11.107,-5.191,izquierda
1780984269.5563219,-0.881,-0.291,0.356,-0.855,-4.359,-2.023,-0.708,-0.452,0.441,-3.626,-0.901,0.305,-0.382,-0.502,0.788,-4.458,-4.031,-2.824,-0.348,-0.612,0.789,-0.351,3.153,-4.55,0.479,-0.288,0.736,-10.389,1.053,-4.427,izquierda
1780984269.6514888,-0.892,-0.284,0.364,-0.427,2.046,0.519,-0.726,-0.456,0.425,-7.298,-1.382,0.29,-0.381,-0.488,0.792,-1.076,1.45,-3.29,-0.344,-0.588,0.76,0.252,10.366,-2.695,0.454,-0.267,0.707,-0.13,5.534,2.977,izquierda
1780984269.7524977,-0.892,-0.276,0.35,3.313,3.382,0.336,-0.688,-0.455,0.49,-3.137,10.84,0.099,-0.315,-0.523,0.827,8.74,0.947,-25.649,-0.353,-0.631,0.844,13.305,3.481,2.336,0.49,-0.296,0.733,46.061,17.824,38.687,izquierda
1780984269.8555422,-0.88,-0.334,0.449,11.779,8.748,5.962,-0.634,-0.441,0.525,23.985,13.618,-9.611,-0.304,-0.5,0.834,31.275,14.0,-31.931,-0.26,-0.539,0.789,36.756,13.71,-19.718,0.438,-0.229,0.722,43.664,31.084,50.069,izquierda
1780984269.9549787,-0.893,-0.282,0.356,61.985,-14.13,-16.74,-0.687,-0.481,0.521,51.038,-0.885,-18.504,-0.329,-0.518,0.808,42.313,8.794,-48.13,-0.31,-0.557,0.805,27.16,16.649,-35.336,0.325,-0.227,0.799,-4.374,40.511,16.305,izquierda
1780984270.0577526,-0.891,-0.25,0.407,61.481,-14.863,-21.954,-0.697,-0.404,0.482,41.336,-7.321,-7.779,-0.308,-0.459,0.821,38.916,-6.206,-32.374,-0.313,-0.551,0.873,29.29,6.847,-19.855,0.291,-0.342,0.952,-20.863,35.412,36.496,izquierda
1780984270.160131,-0.869,-0.19,0.361,37.954,-13.489,-5.511,-0.686,-0.335,0.441,21.603,-19.107,-9.733,-0.376,-0.382,0.742,16.435,-5.511,-24.221,-0.293,-0.482,0.816,10.145,-2.679,-13.344,0.198,-0.313,0.808,-18.74,24.099,33.679,izquierda
1780984270.2635796,-0.86,-0.225,0.468,7.031,-7.718,0.573,-0.663,-0.372,0.57,1.809,-11.321,-0.153,-0.254,-0.415,0.906,6.427,-4.817,-1.985,-0.244,-0.488,0.776,11.649,5.565,2.939,0.194,-0.349,0.796,-6.481,5.908,7.641,izquierda
1780984270.3664255,-0.857,-0.215,0.479,0.885,-0.29,-0.71,-0.667,-0.372,0.588,-5.71,-0.359,-0.802,-0.285,-0.426,0.882,-1.061,-2.634,-0.565,-0.257,-0.5,0.881,2.191,5.481,-0.542,0.16,-0.337,0.809,-4.084,4.603,-1.824,izquierda
1780984273.0475786,-0.855,-0.211,0.491,-0.626,2.115,-0.481,-0.665,-0.372,0.585,-7.29,0.618,-0.557,-0.281,-0.443,0.874,-0.481,0.137,0.573,-0.26,-0.508,0.879,1.58,7.031,-0.168,0.156,-0.364,0.792,-1.046,1.58,-0.053,izquierda
1780984273.1533456,-0.855,-0.212,0.499,-0.855,1.29,-1.366,-0.666,-0.372,0.59,-6.611,0.435,-0.794,-0.278,-0.437,0.875,-0.939,0.435,-0.695,-0.263,-0.516,0.869,1.366,6.534,-1.634,0.159,-0.365,0.794,-1.252,1.481,-0.031,izquierda
1780984273.251784,-0.849,-0.21,0.493,-1.298,1.55,-0.756,-0.663,-0.374,0.588,-6.786,0.252,-0.382,-0.283,-0.441,0.876,0.023,0.046,0.573,-0.267,-0.518,0.874,1.58,7.13,0.0,0.174,-0.359,0.788,-0.45,3.55,-0.336,izquierda
1780984273.362792,-0.851,-0.201,0.494,-0.924,1.435,-1.084,-0.668,-0.373,0.583,-6.893,0.366,-0.221,-0.281,-0.44,0.875,-0.74,0.595,0.679,-0.262,-0.514,0.872,0.985,7.626,0.321,0.162,-0.362,0.794,-0.252,4.511,-0.092,izquierda
1780984273.4658756,-0.853,-0.211,0.487,-1.061,0.198,-0.763,-0.667,-0.371,0.582,-7.023,0.626,-0.954,-0.28,-0.437,0.877,-0.847,0.412,-0.908,-0.26,-0.518,0.877,1.809,7.366,-0.42,0.156,-0.361,0.792,-0.84,2.115,0.122,izquierda
1780984273.5579374,-0.849,-0.215,0.49,-0.588,1.359,-0.321,-0.664,-0.375,0.588,-7.069,0.565,-0.771,-0.281,-0.438,0.878,-0.069,-0.626,-0.397,-0.262,-0.516,0.87,1.748,6.664,-0.504,0.17,-0.37,0.795,-0.29,2.527,-0.221,izquierda
1780984273.6666238,-0.883,-0.183,0.328,-8.534,12.802,0.977,-0.756,-0.367,0.541,1.344,-0.855,-15.252,-0.273,-0.571,0.776,-27.885,-10.519,53.122,-0.264,-0.551,0.898,-17.664,-0.924,21.214,0.185,-0.357,0.767,-18.366,-12.603,-29.191,izquierda
1780984273.7734907,-0.948,-0.232,0.375,-69.718,23.489,10.588,-0.831,-0.487,0.327,-81.824,8.122,16.809,-0.469,-0.278,0.871,-127.107,2.313,66.511,-0.244,-0.619,0.703,-60.962,7.076,30.855,0.209,-0.408,0.871,-8.443,-37.45,-67.511,izquierda
1780984273.8727274,-0.92,-0.279,0.343,-99.962,16.145,14.626,-0.642,-0.398,0.505,-99.473,-11.542,26.206,-0.276,-0.46,0.789,-56.771,-22.969,55.618,-0.396,-0.609,0.693,-32.466,-18.038,37.855,-0.019,-0.329,0.845,-32.153,-32.084,-46.42,izquierda
1780984273.9806368,-0.867,-0.317,0.401,-31.634,-5.412,1.618,-0.659,-0.481,0.557,-35.511,0.954,6.252,-0.37,-0.515,0.779,-7.985,-6.053,22.969,-0.318,-0.622,0.771,-8.847,1.664,14.435,0.446,-0.386,0.67,2.107,-27.328,-20.702,izquierda
1780984274.0785291,-0.868,-0.279,0.347,-4.053,-1.916,-0.809,-0.715,-0.477,0.412,-10.84,-2.046,0.405,-0.418,-0.477,0.752,-2.198,-5.359,11.168,-0.322,-0.602,0.741,-1.496,7.679,7.634,0.507,-0.359,0.675,-3.763,-5.443,-3.16,izquierda
1780984274.1789846,-0.88,-0.288,0.337,0.305,1.969,-1.443,-0.713,-0.477,0.412,-8.557,0.16,0.954,-0.422,-0.495,0.784,-1.641,0.008,-0.298,-0.385,-0.628,0.756,0.611,8.023,0.366,0.494,-0.34,0.682,1.618,2.42,2.534,izquierda
1780984274.2798116,-0.883,-0.303,0.355,3.328,2.947,-0.603,-0.715,-0.48,0.405,-6.985,0.466,0.427,-0.371,-0.497,0.776,0.87,2.58,-9.863,-0.316,-0.605,0.749,4.466,11.397,-10.198,0.495,-0.323,0.674,3.427,17.779,9.809,izquierda
1780984274.382241,-0.88,-0.317,0.399,17.702,2.191,-2.947,-0.733,-0.47,0.402,-14.351,4.397,7.221,-0.4,-0.505,0.805,7.008,7.74,-35.061,-0.292,-0.621,0.796,20.511,3.076,-25.542,0.409,-0.364,0.746,3.618,41.443,20.649,izquierda
1780984274.4848466,-0.823,-0.271,0.371,58.885,3.031,-10.962,-0.706,-0.426,0.363,34.756,14.901,-1.221,-0.342,-0.511,0.758,35.183,21.107,-43.573,-0.318,-0.639,0.778,25.733,30.122,-27.58,0.366,-0.352,0.737,12.824,50.901,56.42,izquierda
1780984274.5879536,-0.833,-0.261,0.366,63.786,-10.053,-17.214,-0.945,-0.502,0.313,56.458,2.771,-10.0,-0.359,-0.507,0.765,36.473,8.427,-51.687,-0.356,-0.617,0.763,33.16,18.168,-22.748,0.208,-0.385,0.807,-1.855,48.885,52.634,izquierda
1780984274.6909537,-0.839,-0.258,0.472,51.099,-9.962,-9.099,-0.72,-0.427,0.49,61.328,-11.618,-22.397,-0.288,-0.502,0.836,44.924,9.893,-34.679,-0.29,-0.572,0.833,33.771,14.321,-3.473,0.186,-0.379,0.799,16.29,17.046,31.725,izquierda
1780984274.7946575,-0.877,-0.197,0.445,31.45,-14.496,-2.58,-0.85,-0.404,0.464,30.802,-16.435,-6.634,-0.333,-0.425,0.831,29.58,0.779,-22.321,-0.347,-0.529,0.867,36.679,7.069,-3.229,0.17,-0.345,0.777,21.145,5.58,29.84,izquierda
1780984274.9072735,-0.856,-0.198,0.491,5.802,-11.588,1.0,-0.681,-0.354,0.592,3.084,-10.092,2.084,-0.315,-0.414,0.878,13.267,-4.13,0.26,-0.294,-0.48,0.89,16.435,4.298,2.687,0.158,-0.344,0.804,-1.802,-0.176,1.359,izquierda
1780984274.9997573,-0.849,-0.193,0.507,1.733,-4.336,-1.618,-0.667,-0.341,0.612,-4.191,-0.313,-1.153,-0.304,-0.398,0.897,3.45,-4.672,-0.313,-0.283,-0.461,0.898,2.916,3.206,-0.74,0.119,-0.348,0.797,-1.366,0.13,-0.985,izquierda
1780984277.679189,-0.829,-0.184,0.552,-1.214,2.687,-0.786,-0.663,-0.336,0.613,-7.389,0.71,-0.534,-0.3,-0.405,0.885,-0.992,0.565,0.466,-0.279,-0.485,0.882,1.611,6.931,-0.061,0.153,-0.334,0.805,-0.74,2.55,-0.122,izquierda
1780984277.788786,-0.833,-0.184,0.55,-1.473,2.107,-0.511,-0.661,-0.334,0.612,-7.237,0.748,0.076,-0.303,-0.401,0.882,-0.519,0.183,0.084,-0.277,-0.489,0.891,1.252,7.336,-0.023,0.15,-0.34,0.804,-0.527,3.176,0.061,izquierda
1780984277.8956823,-0.83,-0.18,0.548,-1.206,2.374,-1.076,-0.665,-0.337,0.62,-6.954,0.26,-0.382,-0.298,-0.404,0.89,-0.542,0.16,0.71,-0.287,-0.483,0.883,1.87,6.466,-0.573,0.145,-0.329,0.802,-0.824,1.634,-0.053,izquierda
1780984278.0036578,-0.829,-0.182,0.546,-0.832,1.038,-1.374,-0.667,-0.336,0.617,-7.069,0.405,-0.069,-0.304,-0.402,0.881,-0.634,0.374,0.344,-0.284,-0.484,0.88,1.725,7.244,-1.084,0.146,-0.336,0.803,-0.092,3.42,-0.069,izquierda
1780984278.0937145,-0.835,-0.179,0.552,-0.786,1.13,-0.427,-0.667,-0.337,0.615,-6.779,0.511,-0.649,-0.297,-0.401,0.882,-0.069,-0.191,0.115,-0.279,-0.484,0.881,2.115,7.695,0.069,0.153,-0.332,0.816,-0.458,3.397,-0.351,izquierda
1780984278.1929386,-0.84,-0.177,0.548,-1.153,2.122,-1.168,-0.662,-0.334,0.616,-7.252,0.45,-0.71,-0.299,-0.405,0.886,-0.969,-0.168,-0.26,-0.284,-0.486,0.888,1.992,5.824,0.168,0.159,-0.359,0.78,-0.214,3.328,0.763,izquierda
1780984278.2961638,-0.832,-0.184,0.541,-1.389,3.771,-3.092,-0.669,-0.335,0.616,-8.489,2.298,-2.137,-0.503,-0.285,0.575,-14.344,8.87,4.832,-0.27,-0.515,0.844,-8.412,13.87,-2.069,0.153,-0.325,0.795,6.527,2.901,-0.55,izquierda
1780984278.399211,-0.979,-0.103,0.292,-37.611,54.374,6.542,-0.979,-0.323,0.248,-127.344,77.924,40.565,-0.605,-0.487,0.778,-8.481,52.26,87.16,-0.442,-0.484,0.658,11.359,32.656,50.962,0.146,-0.375,1.006,2.687,-45.031,-64.496,izquierda
1780984278.5090115,-0.834,-0.296,0.467,-89.206,16.351,18.244,-0.67,-0.44,0.514,-86.313,-3.366,3.985,-0.232,-0.396,0.776,-96.969,-41.046,36.595,-0.224,-0.464,0.652,-75.382,-15.122,-18.863,0.741,-0.409,0.773,-38.023,-89.206,-128.87,izquierda
1780984278.6050422,-0.876,-0.265,0.436,-32.206,2.435,-9.794,-0.74,-0.473,0.49,-39.992,-2.87,-2.008,-0.326,-0.499,0.847,-26.252,-10.664,30.931,-0.325,-0.567,0.769,-23.069,0.137,14.489,0.448,-0.277,0.617,-21.473,-28.626,-15.42,izquierda
1780984278.7080865,-0.872,-0.302,0.379,-0.885,2.687,-0.634,-0.732,-0.475,0.426,-0.458,-9.763,3.313,-0.357,-0.52,0.796,-3.855,-2.809,11.924,-0.315,-0.624,0.779,-3.435,1.756,4.092,0.51,-0.343,0.693,-5.771,-6.099,-4.023,izquierda
1780984278.8171318,-0.901,-0.295,0.372,-1.718,2.588,-3.847,-0.724,-0.463,0.438,-7.008,-2.176,2.443,-0.404,-0.516,0.782,-5.84,0.718,-1.13,-0.358,-0.63,0.726,-0.908,8.298,0.672,0.484,-0.343,0.68,3.519,2.351,2.74,izquierda
1780984278.914028,-0.875,-0.299,0.383,2.42,6.885,-2.076,-0.726,-0.455,0.404,-10.748,5.489,2.237,-0.302,-0.526,0.771,2.466,5.275,-19.397,-0.359,-0.621,0.75,6.42,13.397,-4.206,0.483,-0.401,0.652,20.221,29.031,36.069,izquierda
1780984279.0238357,-0.881,-0.271,0.361,12.412,15.557,6.847,-0.68,-0.482,0.456,-4.107,18.672,8.183,-0.444,-0.527,0.81,22.626,12.298,-27.16,-0.34,-0.649,0.853,27.015,3.176,-17.679,0.357,-0.255,0.736,52.756,30.229,61.176,izquierda
1780984279.1251528,-0.79,-0.289,0.448,43.618,0.382,0.298,-0.736,-0.5,0.604,44.931,2.679,-8.611,-0.28,-0.482,0.817,38.901,8.855,-43.893,-0.23,-0.544,0.794,37.221,21.229,-20.557,0.316,-0.279,0.732,-21.221,56.237,50.389,izquierda
1780984279.2232757,-0.817,-0.349,0.477,83.229,-44.176,-20.076,-0.81,-0.417,0.432,80.641,-2.504,-13.878,-0.37,-0.501,0.839,58.969,26.191,-75.832,-0.464,-0.634,0.751,37.916,16.84,-35.176,0.088,-0.455,0.925,-14.092,46.366,27.924,izquierda
1780984279.3264046,-0.831,-0.182,0.44,63.435,-24.458,-16.153,-0.72,-0.352,0.509,48.008,-21.954,-6.649,-0.69,-0.461,0.822,42.916,8.557,-3.557,-0.415,-0.56,0.811,40.344,18.092,5.718,0.104,-0.337,0.768,5.771,4.817,7.863,izquierda
1780984279.4292367,-0.853,-0.188,0.499,0.809,-7.298,-2.229,-0.674,-0.346,0.608,0.435,-3.771,0.519,-0.349,-0.389,0.87,7.122,-16.611,-0.924,-0.317,-0.495,0.878,6.656,1.679,-1.763,0.151,-0.34,0.804,-1.672,2.351,-1.137,izquierda
1780984279.5400121,-0.847,-0.188,0.512,1.046,-1.405,-2.076,-0.672,-0.338,0.598,-6.855,0.748,-1.664,-0.311,-0.393,0.885,-2.092,-1.74,-1.954,-0.304,-0.472,0.882,1.649,1.985,-1.863,0.158,-0.342,0.808,-2.008,0.282,-0.45,izquierda
1780984279.6355867,-0.841,-0.189,0.522,0.565,0.084,-2.053,-0.672,-0.338,0.602,-7.336,1.031,-1.427,-0.306,-0.395,0.887,-1.099,-0.878,-1.092,-0.293,-0.472,0.886,2.351,4.824,-0.702,0.158,-0.337,0.812,-1.344,1.397,-0.061,izquierda
1780984282.3132198,-0.84,-0.192,0.534,-1.084,1.916,-1.26,-0.67,-0.343,0.593,-7.168,-0.237,-0.924,-0.298,-0.416,0.878,-0.695,0.229,-0.435,-0.285,-0.49,0.876,1.573,5.908,-0.725,0.159,-0.35,0.799,-0.733,1.695,0.092,izquierda
1780984282.4169142,-0.835,-0.19,0.539,-1.344,2.061,-0.687,-0.672,-0.344,0.596,-7.145,0.641,-0.344,-0.295,-0.412,0.879,-0.58,0.405,-0.115,-0.284,-0.497,0.885,1.443,8.145,-0.458,0.153,-0.356,0.802,-0.962,2.153,-0.252,izquierda
1780984282.5288787,-0.835,-0.189,0.535,-0.527,0.84,0.16,-0.673,-0.344,0.601,-6.931,0.595,-0.206,-0.298,-0.413,0.882,-0.313,0.71,0.656,-0.289,-0.496,0.878,1.748,7.076,-0.038,0.153,-0.357,0.804,-0.412,2.962,-0.588,izquierda
1780984282.6302383,-0.84,-0.19,0.533,-0.84,2.168,-0.374,-0.677,-0.34,0.6,-7.023,-0.061,-0.672,-0.297,-0.413,0.883,-0.664,-0.71,0.252,-0.289,-0.495,0.878,1.397,6.305,-0.985,0.15,-0.354,0.803,-0.924,1.634,-0.26,izquierda
1780984282.7251453,-0.834,-0.191,0.532,-1.061,1.26,-2.137,-0.67,-0.345,0.598,-7.473,0.305,-0.809,-0.296,-0.411,0.879,-0.901,1.137,-0.145,-0.293,-0.495,0.87,1.45,7.214,-0.573,0.149,-0.353,0.797,-0.878,1.847,-0.191,izquierda
1780984282.8338065,-0.837,-0.187,0.531,-1.198,1.122,-1.458,-0.685,-0.343,0.61,-8.794,2.748,-1.511,-0.329,-0.438,0.874,-1.382,-0.107,-1.16,-0.317,-0.504,0.804,-4.191,10.313,5.29,0.187,-0.38,0.804,11.626,4.0,5.313,izquierda
1780984282.931705,-0.924,-0.26,0.517,-53.595,19.84,4.282,-0.757,-0.351,0.46,-42.099,14.618,-8.481,-0.288,-0.427,0.874,-40.16,-11.611,59.924,-0.402,-0.557,0.735,-42.366,13.42,22.534,0.135,-0.402,1.053,-35.443,-34.802,-64.603,izquierda
1780984283.0471926,-0.891,-0.241,0.382,-100.557,32.267,6.0,-0.641,-0.459,0.425,-98.206,5.695,16.313,-0.289,-0.448,0.83,-64.595,-20.282,56.916,-0.399,-0.501,0.846,-41.069,-18.595,3.176,0.123,-0.217,0.652,-43.527,-74.588,-79.954,izquierda
1780984283.1375237,-0.84,-0.269,0.444,-11.275,8.115,-0.191,-0.695,-0.427,0.486,-7.595,-1.282,1.42,-0.437,-0.48,0.802,-4.389,2.824,23.527,-0.381,-0.614,0.74,-4.84,2.107,-2.924,0.403,-0.381,0.703,-15.061,-13.122,-19.374,izquierda
1780984283.2502337,-0.869,-0.267,0.427,-3.053,-1.74,-1.679,-0.694,-0.433,0.513,-7.962,-2.366,0.908,-0.342,-0.482,0.822,-2.695,-5.076,5.313,-0.345,-0.603,0.762,1.504,5.122,0.275,0.463,-0.394,0.695,-2.84,-2.366,-4.664,izquierda
1780984283.343581,-0.87,-0.265,0.42,-0.55,2.466,-0.29,-0.702,-0.429,0.504,-7.015,-0.053,0.038,-0.377,-0.481,0.805,-1.618,1.847,2.267,-0.347,-0.616,0.76,0.947,9.992,-1.328,0.447,-0.381,0.696,9.206,2.702,6.519,izquierda
1780984283.4504743,-0.865,-0.27,0.433,-2.374,3.939,-1.55,-0.697,-0.426,0.503,-5.771,3.626,-3.458,0.244,-0.704,1.176,0.504,-16.435,-29.382,-0.264,-0.561,0.753,6.176,6.817,0.947,0.473,-0.376,0.729,31.076,19.893,29.611,izquierda
1780984283.5583436,-0.76,-0.404,0.673,21.45,10.947,0.687,-0.704,-0.423,0.481,-25.359,35.679,12.595,-0.355,-0.444,0.798,27.695,30.802,-23.29,-0.326,-0.576,0.66,35.641,7.328,-14.672,0.352,-0.304,0.717,26.565,40.641,48.382,izquierda
1780984283.6522949,-0.862,-0.258,0.417,37.519,0.763,-7.557,-0.79,-0.448,0.485,25.557,9.076,-7.252,-0.383,-0.472,0.804,26.809,9.863,-29.786,-0.288,-0.566,0.758,24.748,18.198,-11.435,0.253,-0.32,0.746,-3.618,39.321,28.542,izquierda
1780984283.7658029,-0.884,-0.217,0.393,77.542,-8.695,-20.863,-0.835,-0.438,0.448,53.794,-4.595,-12.878,-0.463,-0.477,0.802,46.427,17.137,-59.458,-0.415,-0.584,0.738,41.794,14.71,-20.435,0.115,-0.344,0.777,2.45,36.779,35.168,izquierda
1780984283.8582911,-0.858,-0.189,0.422,15.519,-4.176,3.794,-0.665,-0.334,0.574,21.122,-16.504,-7.29,-0.416,-0.437,0.835,20.244,-0.763,-17.145,-0.358,-0.553,0.783,21.115,9.534,0.244,0.156,-0.366,0.768,7.351,2.748,9.008,izquierda
1780984283.9612863,-0.846,-0.198,0.508,4.718,-4.74,0.565,-0.7,-0.36,0.562,-0.893,-6.939,0.916,-0.32,-0.425,0.89,4.008,-2.634,-0.389,-0.311,-0.493,0.867,12.618,2.466,0.947,0.174,-0.354,0.788,-1.282,-1.229,-1.26,izquierda
1780984284.072483,-0.835,-0.196,0.526,3.313,-3.595,-0.611,-0.681,-0.342,0.581,-4.137,-0.13,-0.053,-0.303,-0.403,0.887,0.977,-1.405,0.527,-0.295,-0.489,0.886,4.099,5.55,0.344,0.167,-0.358,0.802,-0.626,3.473,-0.153,izquierda
1780984284.175468,-0.844,-0.194,0.532,0.588,0.053,-1.252,-0.681,-0.335,0.591,-6.481,0.443,-0.786,-0.309,-0.406,0.882,-1.328,0.053,-1.122,-0.303,-0.483,0.881,1.45,4.954,-1.038,0.174,-0.354,0.795,-1.137,-0.389,-0.008,izquierda
1780984284.270436,-0.833,-0.188,0.533,0.366,0.351,-1.565,-0.681,-0.341,0.588,-6.573,1.153,-1.267,-0.304,-0.4,0.881,-2.344,-1.206,-0.786,-0.295,-0.486,0.882,0.939,5.641,-0.878,0.175,-0.359,0.799,-1.038,1.878,-0.13,izquierda
1780984286.9506016,-0.839,-0.196,0.534,-0.924,1.344,-0.397,-0.687,-0.352,0.572,-6.947,0.603,-0.336,-0.295,-0.426,0.879,0.0,0.137,0.427,-0.282,-0.503,0.872,1.618,6.954,-0.756,0.165,-0.365,0.787,-0.702,2.45,-0.214,izquierda
1780984287.062127,-0.837,-0.192,0.533,-1.069,2.16,-0.389,-0.685,-0.35,0.576,-6.885,0.534,-0.153,-0.299,-0.419,0.875,-0.557,0.374,-0.145,-0.279,-0.497,0.879,1.863,6.924,-0.26,0.171,-0.364,0.799,-0.298,2.672,-0.176,izquierda
1780984287.1689682,-0.838,-0.193,0.53,-0.893,1.229,-0.595,-0.682,-0.35,0.574,-7.252,0.313,-0.473,-0.3,-0.425,0.878,-0.672,-0.061,0.718,-0.283,-0.497,0.878,1.542,7.618,-0.084,0.172,-0.362,0.796,-0.824,2.557,-0.198,izquierda
1780984287.2611446,-0.837,-0.196,0.53,-0.702,1.321,-1.313,-0.686,-0.353,0.578,-7.214,-0.031,-0.977,-0.299,-0.423,0.878,-1.0,0.481,-0.176,-0.281,-0.496,0.875,1.427,7.13,-0.649,0.167,-0.367,0.785,-0.802,1.641,0.267,izquierda
1780984287.3687606,-0.84,-0.196,0.532,-0.679,1.084,-0.511,-0.687,-0.348,0.576,-6.634,0.176,-0.473,-0.292,-0.42,0.876,-0.214,-1.061,-0.282,-0.277,-0.497,0.878,1.58,6.809,-0.611,0.169,-0.364,0.793,-0.321,2.748,0.176,izquierda
1780984287.4657583,-0.841,-0.192,0.526,-0.786,1.305,-1.145,-0.687,-0.35,0.576,-6.489,0.435,-1.145,-0.345,-0.447,0.899,0.0,-0.473,-2.74,-0.324,-0.523,0.817,-6.0,6.832,2.809,0.217,-0.399,0.812,13.74,3.458,2.779,izquierda
1780984287.5738535,-0.884,-0.128,0.339,-82.58,24.206,22.397,-1.018,-0.363,0.156,-52.115,6.565,3.206,-0.449,-0.458,0.716,-64.473,-33.702,91.718,-0.422,-0.522,0.742,-57.29,15.679,41.397,0.266,-0.426,0.793,-57.87,-52.84,-118.344,izquierda
1780984287.66975,-0.776,-0.277,0.651,-33.0,-1.84,14.466,-0.547,-0.354,0.715,-21.74,-7.695,8.115,-0.259,-0.465,0.874,-14.511,2.023,48.137,-0.322,-0.575,0.818,-10.298,9.641,9.405,0.434,-0.414,0.681,-22.557,-10.901,-28.183,izquierda
1780984287.7732105,-0.845,-0.246,0.505,-1.344,-5.763,-1.29,-0.634,-0.402,0.63,-9.168,-3.595,2.588,-0.247,-0.447,0.861,-2.489,-4.107,6.695,-0.357,-0.587,0.79,-2.115,7.763,1.252,0.426,-0.423,0.705,-4.267,-2.137,-5.718,izquierda
1780984287.880285,-0.862,-0.229,0.465,-2.42,3.084,-0.252,-0.69,-0.399,0.543,-7.588,-1.084,0.321,-0.376,-0.452,0.829,-0.756,-0.458,2.313,-0.358,-0.584,0.781,2.412,7.145,-0.275,0.43,-0.418,0.693,8.863,0.855,5.382,izquierda
1780984287.9806895,-0.864,-0.225,0.468,-0.008,4.656,-1.244,-0.693,-0.392,0.531,-7.931,2.786,-1.053,-0.391,-0.45,0.825,-2.42,8.695,0.87,-0.371,-0.589,0.783,3.985,11.481,-9.122,0.326,-0.409,0.766,45.191,28.779,42.687,izquierda
1780984288.0920014,-0.855,-0.205,0.502,-6.656,3.405,1.817,-0.701,-0.416,0.6,-13.038,17.71,7.595,-0.416,-0.416,0.707,21.458,17.458,-58.237,-0.09,-0.545,0.891,24.336,-9.809,-42.168,0.385,-0.407,0.765,26.832,27.786,41.443,izquierda
1780984288.1915858,-0.877,-0.22,0.443,-13.687,13.443,7.435,-0.662,-0.411,0.609,-4.87,7.733,5.863,-0.414,-0.445,0.895,20.0,16.183,-32.588,-0.237,-0.591,0.875,26.84,17.489,-8.405,0.314,-0.333,0.738,1.603,29.893,26.771,izquierda
1780984288.287473,-0.801,-0.286,0.615,44.168,-5.71,-10.359,-0.8,-0.35,0.382,36.16,-9.397,-18.16,-0.349,-0.454,0.838,37.435,7.962,-31.695,-0.374,-0.536,0.795,42.809,7.916,-22.649,0.201,-0.32,0.741,7.702,28.412,37.656,izquierda
1780984288.3981261,-0.865,-0.202,0.467,14.748,-9.878,-4.237,-0.697,-0.355,0.572,4.305,-4.985,2.969,-0.378,-0.432,0.808,14.863,2.137,-0.053,-0.357,-0.511,0.84,21.626,-1.733,3.015,0.191,-0.348,0.781,-0.947,-3.489,6.763,izquierda
1780984288.5063794,-0.848,-0.196,0.514,6.29,-7.466,-1.557,-0.694,-0.347,0.566,-2.542,-9.076,0.443,-0.361,-0.409,0.867,4.695,-1.45,-1.817,-0.304,-0.497,0.889,9.298,3.931,-0.534,0.201,-0.372,0.788,-3.267,0.069,-0.962,izquierda
1780984288.598239,-0.853,-0.185,0.507,0.092,-0.16,-0.664,-0.682,-0.346,0.581,-6.282,-0.305,-1.191,-0.318,-0.404,0.879,-0.13,-0.58,-0.137,-0.299,-0.489,0.876,2.221,4.817,-0.847,0.194,-0.369,0.795,-1.412,3.0,-0.809,izquierda
1780984288.705496,-0.85,-0.185,0.513,0.893,-1.847,-2.16,-0.684,-0.337,0.585,-6.198,0.565,-1.26,-0.314,-0.401,0.883,-1.359,-1.191,-0.901,-0.292,-0.485,0.886,1.542,4.191,-1.092,0.19,-0.375,0.786,-0.901,2.374,-0.527,izquierda
1780984288.8025799,-0.848,-0.19,0.514,0.023,0.015,-2.366,-0.682,-0.338,0.588,-6.916,0.58,-0.824,-0.32,-0.406,0.885,-1.412,-0.366,-0.977,-0.287,-0.485,0.887,1.504,5.656,-0.626,0.196,-0.359,0.785,-1.115,2.611,-0.656,izquierda
1780984288.9053779,-0.846,-0.19,0.522,0.008,1.252,-1.489,-0.683,-0.343,0.58,-6.977,0.603,-0.718,-0.311,-0.404,0.876,-0.618,-0.145,0.252,-0.287,-0.486,0.888,1.206,6.802,-0.397,0.193,-0.369,0.785,-0.733,3.718,-0.435,izquierda
1780984291.5964124,-0.842,-0.191,0.527,-0.939,1.901,-0.55,-0.683,-0.35,0.577,-7.069,0.481,-0.519,-0.31,-0.419,0.877,-0.901,0.763,0.489,-0.279,-0.499,0.881,1.695,6.74,0.115,0.191,-0.372,0.778,-0.069,3.687,-0.374,izquierda
1780984291.6993892,-0.843,-0.19,0.522,-1.275,1.031,-0.977,-0.682,-0.345,0.583,-7.16,0.397,-1.122,-0.303,-0.42,0.878,-0.588,0.496,-0.58,-0.284,-0.502,0.873,1.145,6.611,-1.191,0.197,-0.38,0.793,-1.038,1.817,-0.153,izquierda
1780984291.7984033,-0.842,-0.198,0.526,-0.687,0.977,-0.427,-0.684,-0.349,0.581,-6.855,0.481,-0.29,-0.306,-0.42,0.875,-0.092,-0.13,0.198,-0.273,-0.5,0.88,1.794,6.748,-0.466,0.193,-0.373,0.792,-0.771,1.924,-0.489,izquierda
1780984291.8929324,-0.844,-0.19,0.527,-0.527,1.603,-0.198,-0.69,-0.349,0.578,-6.954,0.435,-0.115,-0.309,-0.42,0.876,-0.183,-0.008,0.588,-0.28,-0.503,0.876,1.229,7.153,-0.214,0.191,-0.379,0.788,-0.13,3.008,-0.405,izquierda
1780984291.995894,-0.839,-0.191,0.52,-0.695,1.489,-0.824,-0.684,-0.346,0.573,-7.412,0.359,0.221,-0.307,-0.418,0.876,-0.427,0.038,0.84,-0.281,-0.502,0.879,1.153,8.13,-0.298,0.183,-0.373,0.785,-1.122,2.511,-0.588,izquierda
1780984292.1052547,-0.846,-0.189,0.521,-1.397,1.176,-2.191,-0.687,-0.346,0.576,-7.733,0.099,-1.115,-0.308,-0.424,0.872,-0.916,-0.099,-1.168,-0.275,-0.507,0.875,1.29,6.237,-1.267,0.191,-0.372,0.784,-0.74,2.206,-0.061,izquierda
1780984292.2059155,-0.842,-0.195,0.527,-1.0,1.641,-0.55,-0.689,-0.352,0.579,-7.031,0.313,-0.42,-0.308,-0.425,0.873,-0.275,0.122,0.412,-0.275,-0.502,0.875,1.931,6.779,-0.427,0.191,-0.379,0.782,-0.618,2.191,-0.092,izquierda
1780984292.3044822,-0.841,-0.196,0.512,-0.29,0.855,0.107,-0.687,-0.349,0.579,-6.992,0.489,-0.313,-0.317,-0.419,0.872,0.275,-1.237,-0.855,-0.302,-0.518,0.841,3.954,7.389,1.168,0.227,-0.392,0.806,7.595,1.16,8.481,izquierda
1780984292.4082706,-0.888,-0.209,0.501,0.046,4.275,-5.634,-0.677,-0.347,0.608,-15.519,15.939,-10.031,-0.573,-0.428,0.77,-29.908,9.443,57.779,-0.418,-0.637,0.799,-28.412,35.107,3.282,0.592,-0.488,0.728,-63.275,-32.656,-123.366,izquierda
1780984292.5112422,-0.918,-0.273,0.473,-84.908,13.13,2.725,-0.541,-0.424,0.784,-61.58,-7.786,10.321,-0.116,-0.432,0.922,-37.786,-26.321,42.336,-0.251,-0.522,0.824,-27.634,-13.611,3.244,0.372,-0.399,0.753,-30.122,-50.489,-44.672,izquierda
1780984292.614013,-0.87,-0.274,0.477,-21.435,-3.053,-2.649,-0.791,-0.432,0.401,-28.351,-0.244,5.809,-0.335,-0.462,0.807,-16.176,1.405,11.321,-0.305,-0.583,0.75,-14.282,9.031,5.168,0.454,-0.363,0.671,-15.397,-14.267,-22.115,izquierda
1780984292.7235656,-0.874,-0.255,0.412,-2.313,1.046,-0.695,-0.695,-0.419,0.514,-9.763,-0.344,0.137,-0.374,-0.479,0.804,-2.595,-2.084,3.634,-0.34,-0.63,0.781,-0.939,9.237,3.229,0.457,-0.386,0.689,-1.489,1.809,-5.336,izquierda
1780984292.8200264,-0.872,-0.26,0.417,-0.16,3.847,-2.061,-0.704,-0.426,0.497,-5.855,-0.153,-1.863,-0.385,-0.48,0.807,-0.679,1.221,-1.588,-0.338,-0.622,0.752,5.947,6.794,-2.305,0.436,-0.38,0.691,18.481,13.519,21.374,izquierda
1780984292.9227161,-0.873,-0.258,0.425,1.557,4.824,-2.305,-0.69,-0.428,0.509,-7.229,6.786,-0.817,-0.069,-0.452,0.969,18.649,1.275,-54.053,-0.218,-0.589,0.882,11.206,10.0,5.008,0.392,-0.371,0.712,51.87,22.634,60.214,izquierda
1780984293.0414236,-0.881,-0.354,0.512,41.504,-9.496,-2.16,-0.639,-0.438,0.6,37.137,3.305,-10.718,-0.208,-0.463,0.809,31.153,-2.771,-32.168,-0.179,-0.53,0.815,25.145,12.878,-26.985,0.334,-0.353,0.702,-30.679,54.496,43.573,izquierda
1780984293.1292696,-0.886,-0.229,0.398,52.802,-7.328,-12.069,-0.76,-0.415,0.436,40.252,-7.931,-14.244,-0.338,-0.474,0.773,33.359,-1.641,-28.489,-0.366,-0.564,0.823,26.336,4.145,3.489,0.204,-0.406,0.802,9.42,28.679,6.313,izquierda
1780984293.238414,-0.884,-0.196,0.433,28.389,-14.053,-4.641,-0.648,-0.363,0.57,21.702,-13.321,-2.26,-0.429,-0.433,0.805,28.183,0.618,-9.527,-0.282,-0.498,0.895,30.221,2.229,-0.298,0.193,-0.399,0.792,6.107,3.405,9.634,izquierda
1780984293.3353355,-0.85,-0.201,0.5,3.137,-6.015,-1.046,-0.683,-0.347,0.578,-1.321,-4.466,-0.489,-0.318,-0.429,0.844,5.351,-1.656,-0.069,-0.297,-0.5,0.876,8.206,6.237,-0.198,0.23,-0.391,0.765,0.824,3.885,0.939,izquierda
1780984293.4374619,-0.854,-0.202,0.498,1.832,-0.817,-1.351,-0.69,-0.347,0.568,-6.214,0.26,-1.611,-0.311,-0.413,0.881,-2.023,-1.328,-0.336,-0.297,-0.495,0.874,1.168,3.229,-0.176,0.208,-0.384,0.77,-0.099,2.366,0.031,izquierda
1780984296.2308452,-0.848,-0.197,0.512,-0.878,1.198,-0.672,-0.686,-0.361,0.573,-6.87,0.137,-1.061,-0.304,-0.432,0.875,-0.71,0.038,0.237,-0.276,-0.511,0.869,1.237,7.244,-1.427,0.2,-0.392,0.779,-1.13,0.969,0.45,izquierda
1780984296.332704,-0.843,-0.198,0.512,-1.038,1.656,-0.847,-0.683,-0.36,0.574,-7.168,0.427,-0.481,-0.301,-0.433,0.871,-0.481,0.061,-0.038,-0.276,-0.514,0.874,1.519,6.847,-1.298,0.205,-0.392,0.781,-0.947,1.527,-0.099,izquierda
1780984296.434425,-0.846,-0.197,0.515,-0.733,1.664,0.542,-0.683,-0.361,0.569,-6.725,0.588,0.183,-0.31,-0.435,0.866,-0.344,0.427,0.099,-0.277,-0.512,0.87,1.779,7.053,-0.267,0.206,-0.392,0.777,-0.344,2.664,-0.359,izquierda
1780984296.5281901,-0.848,-0.197,0.517,-1.13,1.931,-0.42,-0.682,-0.358,0.574,-7.328,0.359,-0.237,-0.307,-0.429,0.868,-0.252,0.275,0.863,-0.277,-0.511,0.872,1.382,7.74,0.496,0.198,-0.391,0.768,-0.763,2.42,0.16,izquierda
1780984296.6431217,-0.849,-0.201,0.51,-1.389,0.771,-2.176,-0.685,-0.359,0.573,-7.122,-0.115,-1.168,-0.301,-0.434,0.869,-1.206,0.244,-0.573,-0.276,-0.512,0.872,1.115,7.061,-1.252,0.208,-0.396,0.769,-0.931,1.366,0.214,izquierda
1780984296.7428544,-0.845,-0.198,0.511,-0.908,0.649,-1.023,-0.681,-0.358,0.571,-6.695,0.069,-0.626,-0.299,-0.435,0.875,-0.473,-0.13,-0.244,-0.269,-0.512,0.873,1.496,6.878,-0.687,0.201,-0.396,0.771,-0.099,2.969,-0.099,izquierda
1780984296.839537,-0.853,-0.193,0.51,1.885,4.656,-6.496,-0.586,-0.316,0.728,-4.359,30.763,-8.511,-0.449,-0.632,0.76,-33.298,13.069,28.45,-0.267,-0.579,0.817,-27.496,49.679,-0.908,0.17,-0.385,0.788,-24.786,0.13,-30.748,izquierda
1780984296.9395978,-0.93,-0.202,0.339,-71.588,19.061,10.664,-0.676,-0.451,0.469,-62.702,5.076,8.527,-0.274,-0.453,0.81,-45.702,-14.137,59.504,-0.389,-0.643,0.781,-33.725,13.214,25.084,0.36,-0.541,0.894,-36.771,-35.046,-70.328,izquierda
1780984297.0452037,-0.792,-0.307,0.542,-55.71,-1.137,5.427,-0.594,-0.375,0.538,-42.45,-8.939,7.443,-0.139,-0.455,0.893,-18.313,-19.183,41.893,-0.309,-0.554,0.735,-18.015,-3.344,20.351,0.392,-0.391,0.579,14.802,-59.481,-18.687,izquierda
1780984297.146243,-0.871,-0.263,0.424,-0.389,-2.298,-0.496,-0.698,-0.438,0.508,-5.382,-4.962,0.107,-0.43,-0.49,0.8,-3.282,-2.527,16.931,-0.335,-0.619,0.774,-1.527,4.145,2.794,0.458,-0.44,0.651,-12.45,-7.45,-9.206,izquierda
1780984297.2536757,-0.869,-0.264,0.43,-2.038,-0.214,0.061,-0.693,-0.433,0.511,-7.527,-1.427,0.45,-0.383,-0.482,0.813,-1.328,-0.58,4.542,-0.327,-0.615,0.771,0.42,9.229,2.237,0.47,-0.435,0.664,2.351,3.832,1.756,izquierda
1780984297.3645437,-0.873,-0.256,0.419,0.122,3.153,-0.786,-0.693,-0.427,0.509,-7.046,1.008,-0.511,-0.383,-0.48,0.808,-3.496,6.023,1.901,-0.347,-0.606,0.77,3.458,11.351,-5.794,0.446,-0.431,0.691,14.206,18.282,14.618,izquierda
1780984297.464706,-0.871,-0.259,0.419,0.336,5.366,-2.305,-0.691,-0.433,0.506,-9.008,5.916,-1.916,-0.31,-0.491,0.874,0.84,5.145,-7.656,-0.259,-0.538,0.809,-12.191,3.947,-4.809,0.415,-0.38,0.666,43.328,19.168,36.725,izquierda
1780984297.5707304,-0.886,-0.242,0.398,-13.168,23.656,10.16,-0.728,-0.427,0.462,-17.122,17.733,13.985,-0.438,-0.482,0.797,17.626,16.336,-47.947,-0.345,-0.605,0.729,15.763,15.679,-11.939,0.322,-0.352,0.731,6.908,36.489,40.282,izquierda
1780984297.6745977,-0.812,-0.256,0.466,60.137,-20.672,-16.565,-0.624,-0.453,0.58,43.733,4.679,-14.504,-0.297,-0.488,0.806,34.634,11.45,-37.847,-0.292,-0.576,0.773,29.321,22.885,-21.672,0.232,-0.363,0.755,-2.672,43.489,30.351,izquierda
1780984297.7726743,-0.879,-0.24,0.434,71.71,-16.359,-18.359,-0.711,-0.404,0.508,38.267,-10.29,-9.824,-0.374,-0.467,0.779,48.084,7.809,-36.496,-0.368,-0.581,0.782,36.221,16.298,-7.901,0.201,-0.415,0.813,18.13,21.702,17.71,izquierda
1780984297.873362,-0.867,-0.175,0.432,39.992,-20.0,-9.504,-0.764,-0.367,0.495,16.87,-10.557,-1.649,-0.292,-0.442,0.832,29.809,-5.641,-7.489,-0.347,-0.507,0.845,32.053,1.885,-7.878,0.164,-0.375,0.794,12.718,2.313,14.191,izquierda
1780984297.9794946,-0.861,-0.171,0.469,0.985,-4.008,-0.328,-0.695,-0.336,0.553,-1.405,-2.344,0.221,-0.333,-0.417,0.857,6.427,-2.847,-1.046,-0.304,-0.47,0.899,14.649,4.198,0.916,0.164,-0.355,0.782,1.771,1.588,1.802,izquierda
1780984298.0755568,-0.846,-0.193,0.518,1.534,-1.42,-1.626,-0.671,-0.343,0.6,-6.832,0.527,-1.664,-0.305,-0.39,0.883,-1.153,-0.206,-1.244,-0.296,-0.472,0.891,1.076,3.481,-1.344,0.169,-0.359,0.799,-1.74,0.786,-0.504,izquierda
1780984300.8626332,-0.842,-0.194,0.53,-1.489,1.473,-0.924,-0.674,-0.35,0.593,-7.191,0.595,-0.115,-0.301,-0.426,0.875,-0.443,0.405,0.748,-0.269,-0.503,0.883,1.603,7.359,0.061,0.17,-0.372,0.782,-0.519,2.725,-0.206,izquierda
1780984300.9659553,-0.841,-0.187,0.523,-1.176,1.176,-0.71,-0.677,-0.353,0.591,-6.939,0.313,-0.267,-0.299,-0.423,0.881,-0.382,0.168,0.771,-0.272,-0.502,0.884,1.809,7.374,-0.229,0.171,-0.367,0.796,-0.198,3.229,-0.153,izquierda
1780984301.0603588,-0.841,-0.194,0.517,-0.802,0.992,-0.534,-0.676,-0.349,0.591,-6.939,0.29,-0.664,-0.302,-0.425,0.879,-0.649,-0.115,-0.611,-0.27,-0.501,0.885,1.771,6.977,-1.107,0.168,-0.373,0.786,-0.679,1.931,0.069,izquierda
1780984301.1629515,-0.844,-0.196,0.521,-0.603,1.588,-0.366,-0.678,-0.352,0.586,-6.992,0.198,-0.519,-0.305,-0.425,0.876,-0.489,0.145,0.191,-0.271,-0.498,0.882,1.794,7.153,-0.756,0.17,-0.366,0.793,-0.687,1.634,0.115,izquierda
1780984301.275002,-0.844,-0.195,0.52,-0.977,1.817,-0.481,-0.678,-0.352,0.588,-6.695,0.443,-0.137,-0.301,-0.423,0.881,-0.137,0.282,0.435,-0.269,-0.503,0.886,2.008,6.42,0.221,0.172,-0.369,0.783,-0.229,2.87,-0.137,izquierda
1780984301.3751302,-0.844,-0.191,0.522,-0.649,1.206,-0.695,-0.677,-0.351,0.584,-6.687,0.366,-0.649,-0.303,-0.422,0.875,-0.107,-0.748,-0.061,-0.269,-0.501,0.889,1.458,6.26,0.176,0.169,-0.371,0.783,-0.214,3.779,-0.435,izquierda
1780984301.4724298,-0.838,-0.191,0.525,-0.542,1.214,-1.382,-0.673,-0.351,0.59,-7.031,0.153,-0.664,-0.304,-0.427,0.88,-0.855,-0.176,-1.198,-0.271,-0.502,0.881,1.305,6.305,-1.092,0.165,-0.368,0.792,-1.031,2.0,-0.443,izquierda
1780984301.5751781,-0.844,-0.198,0.519,-0.458,0.687,-1.725,-0.671,-0.354,0.592,-6.122,0.458,-0.275,-0.299,-0.428,0.874,-0.305,-0.427,0.504,-0.262,-0.504,0.884,1.489,7.046,-0.977,0.157,-0.352,0.788,0.588,2.489,0.664,izquierda
1780984301.6814969,-0.833,-0.2,0.536,-0.321,4.527,-3.076,-0.438,-0.666,0.444,-42.931,41.267,-13.359,-0.334,-0.475,0.819,-11.893,0.328,4.389,-0.349,-0.55,0.814,-24.542,40.947,-5.351,0.242,-0.382,0.756,-4.336,-4.176,-15.634,izquierda
1780984301.7900856,-0.795,-0.199,0.474,-59.756,20.061,12.069,-0.723,-0.425,0.499,-42.649,4.641,5.153,-0.363,-0.479,0.843,-31.496,-13.87,44.244,-0.196,-0.533,0.847,-31.71,3.366,39.672,0.278,-0.472,0.792,-103.244,-34.13,-140.221,izquierda
1780984301.884561,-0.843,-0.248,0.517,-16.237,7.137,2.29,-0.71,-0.423,0.559,-17.038,-1.26,3.679,-0.258,-0.451,0.902,-9.878,-14.0,24.817,-0.308,-0.546,0.87,-4.069,11.046,8.649,0.236,-0.461,0.708,-28.366,-26.702,-38.916,izquierda
1780984301.9964888,-0.844,-0.229,0.458,-5.962,-4.191,-1.061,-0.698,-0.407,0.538,-10.809,-2.275,0.947,-0.335,-0.46,0.833,-5.58,-1.435,12.656,-0.334,-0.562,0.825,-0.191,8.42,0.511,0.431,-0.466,0.678,-10.458,-6.924,-9.145,izquierda
1780984302.0901475,-0.861,-0.239,0.461,-1.87,-0.115,-0.71,-0.684,-0.403,0.543,-7.847,-0.832,0.145,-0.337,-0.452,0.842,-0.473,0.802,3.374,-0.341,-0.566,0.811,1.595,10.557,0.695,0.423,-0.465,0.673,-2.962,1.481,-1.519,izquierda
1780984302.2034137,-0.862,-0.239,0.456,-0.832,3.122,-0.336,-0.686,-0.401,0.544,-7.672,0.412,-0.015,-0.34,-0.452,0.845,-1.725,4.221,1.626,-0.328,-0.565,0.806,1.794,13.053,-2.527,0.415,-0.476,0.684,13.176,4.863,14.573,izquierda
1780984302.305804,-0.862,-0.24,0.457,0.603,5.779,-0.198,-0.685,-0.402,0.529,-7.634,2.328,-0.565,-0.362,-0.457,0.829,-3.473,10.962,1.237,-0.341,-0.577,0.813,-0.405,2.382,-7.115,0.314,-0.447,0.722,22.481,36.603,40.878,izquierda
1780984302.3992815,-0.85,-0.245,0.455,-0.504,4.718,1.237,-0.633,-0.365,0.53,-14.573,5.084,12.16,-0.489,-0.517,0.739,40.282,23.427,-82.382,-0.265,-0.616,0.825,17.191,-0.389,8.588,0.624,-0.639,0.991,21.992,12.832,35.985,izquierda
1780984302.5121388,-0.866,-0.226,0.44,-5.504,6.565,4.244,-0.688,-0.402,0.536,-10.847,5.687,8.069,-0.304,-0.473,0.887,11.489,12.069,-26.969,-0.262,-0.551,0.827,15.275,11.115,-1.137,0.27,-0.422,0.753,15.779,18.183,23.573,izquierda
1780984302.605433,-0.891,-0.261,0.484,35.076,-1.298,-9.893,-0.69,-0.381,0.54,24.046,1.16,-9.733,-0.315,-0.459,0.859,27.802,6.916,-24.382,-0.283,-0.54,0.844,31.244,11.603,-15.168,0.295,-0.413,0.72,16.779,12.534,23.496,izquierda
1780984302.7084122,-0.912,-0.182,0.418,44.092,-14.58,-14.74,-0.749,-0.378,0.531,23.695,-5.863,-11.321,-0.354,-0.425,0.847,19.473,-0.046,-19.275,-0.348,-0.542,0.869,25.725,7.382,-12.695,0.208,-0.374,0.72,22.214,5.626,26.443,izquierda
1780984305.489543,-0.847,-0.198,0.509,-1.649,1.527,-1.58,-0.676,-0.356,0.583,-7.519,0.649,-0.305,-0.297,-0.428,0.871,-0.664,0.427,0.443,-0.274,-0.512,0.87,1.115,7.26,-0.725,0.171,-0.375,0.78,-1.191,1.527,-0.389,izquierda
1780984305.5924256,-0.846,-0.195,0.515,-0.855,1.237,-1.267,-0.673,-0.36,0.59,-6.863,0.389,-0.664,-0.297,-0.43,0.874,-0.481,0.412,0.412,-0.272,-0.51,0.876,1.153,7.511,-0.29,0.177,-0.381,0.777,-0.802,2.733,-0.168,izquierda
1780984305.707263,-0.841,-0.203,0.513,-0.84,1.641,0.267,-0.672,-0.357,0.59,-7.031,0.412,-0.015,-0.298,-0.431,0.876,0.305,-0.412,0.756,-0.27,-0.511,0.871,1.565,7.313,0.809,0.178,-0.38,0.786,-0.305,2.656,-0.26,izquierda
1780984305.7984307,-0.849,-0.201,0.517,-0.786,2.084,-0.084,-0.674,-0.361,0.583,-7.023,0.313,-0.29,-0.296,-0.43,0.869,-0.489,0.244,0.107,-0.274,-0.511,0.874,1.534,7.0,-0.565,0.177,-0.379,0.784,-0.588,2.771,-0.298,izquierda
1780984305.9081018,-0.849,-0.2,0.508,-1.481,1.206,-1.214,-0.679,-0.357,0.589,-6.779,0.336,-0.687,-0.297,-0.436,0.881,-0.557,-0.397,-0.351,-0.271,-0.513,0.877,1.053,6.481,-1.603,0.174,-0.382,0.788,-0.748,1.244,0.153,izquierda
1780984306.0045164,-0.85,-0.203,0.512,-0.939,1.13,-0.115,-0.67,-0.362,0.592,-7.046,0.504,-0.237,-0.298,-0.432,0.876,-0.565,0.076,0.389,-0.27,-0.515,0.873,1.809,6.527,0.237,0.179,-0.384,0.786,-0.366,2.137,-0.038,izquierda
1780984306.1074424,-0.848,-0.202,0.509,-0.817,1.992,0.115,-0.672,-0.358,0.59,-7.122,0.389,-0.107,-0.296,-0.429,0.874,-0.076,0.023,-0.237,-0.273,-0.513,0.872,1.908,7.275,0.221,0.175,-0.382,0.782,-0.366,2.565,-0.275,izquierda
1780984306.2155404,-0.85,-0.199,0.507,-0.947,1.588,-1.359,-0.672,-0.361,0.589,-7.13,0.107,-0.763,-0.294,-0.433,0.868,-0.565,-0.16,-0.13,-0.271,-0.515,0.865,1.763,6.641,-0.74,0.182,-0.384,0.781,-0.229,3.344,-0.023,izquierda
1780984306.328786,-0.845,-0.204,0.509,-1.115,0.412,-2.26,-0.671,-0.36,0.589,-6.832,0.336,-1.015,-0.298,-0.432,0.874,-0.321,-0.183,-0.328,-0.289,-0.52,0.89,0.824,6.023,-1.603,0.181,-0.376,0.771,1.916,-7.656,1.351,izquierda
1780984306.4238014,-0.772,-0.211,0.554,-69.573,5.237,19.71,-0.933,-0.359,0.245,-103.802,-4.756,49.847,-0.426,-0.426,0.785,-64.115,-22.023,103.344,-0.355,-0.596,0.783,-25.847,-58.786,34.328,0.36,-0.399,0.708,-77.16,-43.122,-88.672,izquierda
1780984306.5324004,-0.691,-0.25,0.684,-55.405,7.0,6.656,-0.545,-0.387,0.718,-45.206,-13.527,12.168,-0.222,-0.416,0.897,-16.763,-20.954,34.496,-0.306,-0.48,0.813,-13.405,19.45,12.42,0.306,-0.449,0.705,-8.595,-52.595,-38.076,izquierda
1780984306.62969,-0.874,-0.239,0.45,0.252,-4.397,-1.519,-0.685,-0.404,0.544,-4.191,-3.733,-0.687,-0.35,-0.462,0.832,2.076,-9.031,0.176,-0.311,-0.586,0.835,4.641,2.992,-0.298,0.444,-0.486,0.645,-3.435,-13.214,-3.16,izquierda
1780984306.7291381,-0.868,-0.237,0.452,-2.641,3.756,0.817,-0.685,-0.406,0.54,-7.924,0.687,0.687,-0.346,-0.453,0.837,-1.534,3.947,2.42,-0.305,-0.571,0.821,4.42,6.275,0.053,0.429,-0.475,0.662,8.0,2.809,5.511,izquierda
1780984306.828318,-0.869,-0.235,0.459,-0.84,6.115,1.924,-0.688,-0.39,0.537,-8.901,3.489,0.947,-0.374,-0.459,0.81,-5.84,18.13,3.992,-0.281,-0.57,0.839,1.031,16.603,-4.16,0.332,-0.423,0.652,39.061,29.099,29.313,izquierda
1780984306.9382064,-0.863,-0.227,0.463,1.084,0.153,-1.031,-0.689,-0.397,0.537,-4.672,-0.038,-0.695,-0.392,-0.463,0.818,-3.176,4.626,0.427,-0.312,-0.583,0.803,-5.344,4.389,-6.069,0.362,-0.471,0.734,-6.87,21.962,23.107,izquierda
1780984307.0342917,-0.856,-0.229,0.464,1.626,0.847,-3.725,-0.674,-0.398,0.548,-6.595,2.511,-1.168,-0.296,-0.44,0.869,10.466,4.611,-19.817,-0.317,-0.56,0.818,3.756,11.611,2.511,0.325,-0.43,0.696,2.908,11.084,7.954,izquierda
1780984307.137818,-0.832,-0.241,0.495,-8.595,26.252,23.069,-0.323,-0.54,1.092,22.16,5.588,-3.504,-0.699,-0.58,1.191,76.718,22.435,-66.0,-0.074,-0.506,1.023,48.305,37.153,-31.672,0.295,-0.455,0.733,7.481,32.534,16.206,izquierda
1780984307.2404077,-1.05,-0.03,0.116,70.321,8.443,-21.26,-1.012,-0.299,0.25,24.557,-18.145,-18.954,-0.686,-0.407,0.761,7.58,3.29,-14.519,-0.364,-0.547,0.813,43.282,5.565,-5.473,0.324,-0.449,0.665,8.664,-7.344,9.863,izquierda
1780984307.3568156,-0.977,-0.224,0.536,-2.962,6.298,-1.603,-0.687,-0.343,0.564,-8.435,-4.023,-1.206,-0.332,-0.383,0.895,6.069,-5.107,1.389,-0.306,-0.484,0.861,9.832,-6.809,-0.534,0.251,-0.427,0.736,1.565,-3.939,5.046,izquierda
1780984307.446353,-0.862,-0.184,0.508,-0.466,-3.626,-1.908,-0.667,-0.334,0.602,-6.901,-1.855,-1.588,-0.305,-0.397,0.89,-1.519,0.473,-1.137,-0.283,-0.477,0.893,2.489,3.153,-2.275,0.228,-0.432,0.76,0.053,1.313,0.038,izquierda
1780984310.1248634,-0.839,-0.19,0.523,-0.992,0.939,-1.221,-0.662,-0.347,0.604,-7.328,0.229,-0.863,-0.293,-0.413,0.89,-0.656,0.588,-0.267,-0.259,-0.498,0.884,1.275,7.305,-1.099,0.229,-0.429,0.745,-0.817,1.863,-0.282,izquierda
1780984310.2277448,-0.844,-0.191,0.531,-0.511,1.626,-0.718,-0.666,-0.348,0.602,-6.954,0.45,-0.237,-0.292,-0.415,0.885,-0.718,-0.244,0.618,-0.257,-0.494,0.89,1.916,7.053,0.153,0.238,-0.433,0.756,-0.168,3.214,0.053,izquierda
1780984310.339641,-0.841,-0.192,0.528,-0.809,1.206,-0.756,-0.665,-0.345,0.608,-6.908,0.359,-0.351,-0.295,-0.417,0.879,-0.71,0.351,0.321,-0.26,-0.496,0.885,1.672,7.618,0.557,0.233,-0.43,0.757,0.053,3.908,-0.244,izquierda
1780984310.4420762,-0.842,-0.187,0.525,-0.855,0.924,-0.954,-0.667,-0.346,0.607,-6.863,0.275,-0.496,-0.292,-0.416,0.881,-0.153,0.275,-0.481,-0.257,-0.492,0.893,1.336,7.328,-0.924,0.239,-0.431,0.752,-0.817,1.832,0.137,izquierda
1780984310.5462413,-0.839,-0.196,0.531,-0.878,1.069,-1.046,-0.664,-0.348,0.601,-7.046,0.092,-0.16,-0.292,-0.414,0.874,-0.443,0.366,0.153,-0.26,-0.5,0.89,1.824,6.962,-0.603,0.239,-0.432,0.75,-0.672,1.901,0.076,izquierda
1780984310.654588,-0.845,-0.193,0.525,-0.305,1.389,0.733,-0.668,-0.349,0.6,-7.183,0.092,-0.183,-0.29,-0.416,0.882,-0.298,-0.015,0.786,-0.26,-0.496,0.895,2.008,7.092,-0.176,0.232,-0.436,0.744,-0.45,2.702,-0.099,izquierda
1780984310.743301,-0.842,-0.191,0.521,-1.008,3.328,-0.74,-0.673,-0.348,0.59,-8.046,1.672,-0.405,-0.298,-0.419,0.885,-0.328,0.649,0.29,-0.258,-0.492,0.886,1.519,7.145,0.954,0.248,-0.44,0.753,0.389,3.412,1.015,izquierda
1780984310.8488944,-0.848,-0.194,0.525,3.618,-13.779,-11.496,-0.658,-0.34,0.592,-7.527,-12.885,-8.603,-0.163,-0.414,0.952,-26.573,9.458,27.328,-0.221,-0.546,0.898,-11.748,13.214,10.466,0.217,-0.433,0.766,11.779,7.298,6.641,izquierda
1780984310.9576063,-0.92,-0.22,0.441,-63.29,25.855,13.733,-0.735,-0.317,0.439,-88.87,20.115,33.282,-0.353,-0.479,0.853,-41.252,-13.031,57.389,-0.306,-0.544,0.84,-39.595,-12.282,30.26,0.248,-0.456,0.838,-17.893,-30.87,-35.473,izquierda
1780984311.051744,-0.846,-0.182,0.344,-65.748,9.893,11.389,-0.729,-0.377,0.583,-69.58,-15.252,18.252,-0.381,-0.455,0.782,-40.466,-24.344,51.397,-0.234,-0.527,0.82,-34.191,-13.702,36.565,0.217,-0.33,0.68,-3.038,-44.672,-43.229,izquierda
1780984311.1547835,-0.88,-0.245,0.427,-2.573,6.802,0.641,-0.698,-0.423,0.502,-9.183,-1.084,0.748,-0.403,-0.478,0.806,-4.771,-4.519,15.099,-0.36,-0.57,0.787,-7.176,5.595,5.611,0.396,-0.395,0.687,-2.137,-20.191,-8.244,izquierda
1780984311.2577431,-0.867,-0.246,0.43,-2.008,0.244,-0.817,-0.695,-0.418,0.509,-6.664,-1.71,0.214,-0.408,-0.469,0.815,-1.565,0.29,8.16,-0.366,-0.611,0.749,-2.878,12.542,4.053,0.433,-0.392,0.683,-1.58,1.847,-2.511,izquierda
1780984311.360851,-0.869,-0.248,0.435,-2.672,2.374,0.221,-0.688,-0.417,0.514,-7.565,0.069,0.771,-0.38,-0.471,0.814,-1.046,0.221,2.076,-0.342,-0.602,0.773,0.481,9.061,0.282,0.462,-0.382,0.679,2.511,0.924,0.702,izquierda
1780984311.4639993,-0.874,-0.243,0.43,0.733,2.344,-0.038,-0.691,-0.42,0.511,-6.595,0.557,-0.603,-0.377,-0.474,0.823,-2.298,2.443,1.382,-0.362,-0.604,0.793,6.153,7.74,-5.573,0.454,-0.425,0.716,22.641,18.786,15.893,izquierda
1780984311.5763872,-0.868,-0.245,0.432,1.267,0.885,-1.0,-0.696,-0.419,0.516,-5.511,2.038,-1.649,0.056,-0.32,1.048,12.29,-14.458,-35.534,-0.285,-0.54,0.825,4.649,0.969,-2.588,0.424,-0.343,0.68,39.534,9.466,36.084,izquierda
1780984311.6700306,-0.883,-0.253,0.405,-6.053,14.031,5.13,-0.71,-0.403,0.51,-9.794,4.977,8.763,-0.328,-0.47,0.839,18.137,4.305,-42.405,-0.348,-0.61,0.78,16.321,2.473,-15.504,0.356,-0.366,0.76,6.107,37.115,53.87,izquierda
1780984311.7794929,-0.953,-0.179,0.283,51.809,2.74,-6.557,-0.627,-0.355,0.528,40.267,5.71,-14.603,-0.391,-0.483,0.8,36.511,9.611,-46.137,-0.354,-0.581,0.792,27.076,19.885,-7.137,0.239,-0.37,0.796,11.359,33.565,46.947,izquierda
1780984311.8760185,-0.912,-0.2,0.451,59.42,-17.74,-14.534,-0.709,-0.347,0.522,26.534,-4.924,-6.603,-0.282,-0.457,0.867,28.244,6.519,-18.855,-0.333,-0.556,0.75,20.863,14.351,2.084,0.192,-0.333,0.773,29.809,9.824,43.382,izquierda
1780984311.9786637,-0.856,-0.19,0.497,1.534,-7.389,-1.366,-0.692,-0.35,0.573,-2.053,-4.336,1.137,-0.327,-0.426,0.88,8.26,-3.718,-1.473,-0.309,-0.52,0.826,12.542,-0.504,0.664,0.102,-0.329,0.78,4.969,5.527,13.939,izquierda
1780984312.0870807,-0.85,-0.198,0.514,1.458,-5.901,-0.427,-0.688,-0.346,0.573,-2.0,-6.58,-0.13,-0.306,-0.408,0.869,8.137,-3.336,-2.145,-0.316,-0.493,0.885,7.069,-0.244,-0.489,0.185,-0.328,0.808,-5.634,-2.71,-1.916,izquierda
1780984314.7602088,-0.84,-0.197,0.53,-0.725,1.527,-0.382,-0.681,-0.348,0.593,-7.038,0.221,-0.374,-0.304,-0.415,0.878,-0.244,-0.107,0.305,-0.288,-0.503,0.878,1.611,6.924,-0.542,0.172,-0.335,0.795,-0.71,2.634,-0.29,izquierda
1780984314.8633056,-0.839,-0.19,0.53,-0.695,1.702,-1.153,-0.68,-0.346,0.586,-7.015,0.061,-0.351,-0.312,-0.417,0.874,-0.634,0.237,0.099,-0.29,-0.504,0.869,1.351,6.924,-0.496,0.172,-0.337,0.8,-0.626,3.374,-0.206,izquierda
1780984314.978104,-0.839,-0.197,0.529,-0.641,0.962,-1.176,-0.678,-0.344,0.585,-6.885,0.565,-0.321,-0.307,-0.418,0.883,-0.672,0.084,0.351,-0.293,-0.503,0.869,1.29,7.374,-0.321,0.17,-0.339,0.795,-0.954,1.74,0.198,izquierda
1780984315.0744715,-0.84,-0.193,0.524,-0.916,1.603,-0.519,-0.679,-0.352,0.594,-7.023,0.542,-0.71,-0.308,-0.419,0.882,-0.267,-0.511,0.282,-0.283,-0.503,0.875,1.412,6.252,-0.527,0.169,-0.344,0.796,-0.58,2.588,-0.351,izquierda
1780984315.1741168,-0.837,-0.192,0.529,-1.092,1.824,-0.55,-0.675,-0.345,0.584,-7.061,0.824,-0.313,-0.31,-0.418,0.875,-0.275,0.405,-0.038,-0.285,-0.508,0.865,2.26,6.893,-0.336,0.18,-0.344,0.816,-0.504,0.954,0.122,izquierda
1780984315.28726,-0.83,-0.194,0.531,-1.115,7.313,-3.031,-0.666,-0.37,0.589,-13.931,13.229,-3.588,-0.442,-0.346,0.832,-19.221,2.71,2.351,-0.336,-0.47,0.711,-36.557,-1.107,2.611,0.287,-0.403,0.681,-10.527,-4.855,-57.618,izquierda
1780984315.3871424,-0.932,-0.216,0.426,-74.618,26.122,9.275,-0.83,-0.399,0.363,-51.595,6.824,-4.053,-0.354,-0.47,0.89,-46.115,-7.817,46.863,-0.334,-0.573,0.814,-37.45,1.023,16.038,0.387,-0.39,0.774,-19.237,-37.733,-74.168,izquierda
1780984315.487456,-0.909,-0.255,0.432,-88.168,18.885,7.344,-0.735,-0.44,0.506,-62.031,1.832,6.534,-0.409,-0.448,0.786,-33.206,-2.74,52.344,-0.292,-0.559,0.851,-34.649,-4.939,4.954,0.249,-0.263,0.687,-18.015,-49.962,-52.733,izquierda
1780984315.5949152,-0.85,-0.27,0.46,-9.954,-1.573,0.198,-0.719,-0.44,0.464,-11.412,-2.87,0.58,-0.344,-0.481,0.785,-7.863,-2.107,19.084,-0.37,-0.628,0.742,-4.939,5.053,2.725,0.43,-0.388,0.719,-18.13,-14.908,-21.191,izquierda
1780984315.6868193,-0.88,-0.263,0.401,0.046,0.382,-1.397,-0.702,-0.436,0.491,-6.733,-2.176,-0.458,-0.341,-0.482,0.809,-1.229,-4.099,2.328,-0.331,-0.624,0.758,-0.229,7.969,1.244,0.468,-0.337,0.685,-1.702,-0.573,-2.122,izquierda
1780984315.7902653,-0.876,-0.261,0.41,-0.847,1.458,-1.13,-0.695,-0.439,0.488,-7.023,-1.107,-0.466,-0.387,-0.484,0.794,-1.046,-3.176,1.008,-0.34,-0.617,0.74,1.115,10.496,-3.725,0.452,-0.338,0.692,7.183,1.855,6.588,izquierda
1780984315.9012144,-0.878,-0.271,0.402,-0.015,2.412,-0.237,-0.696,-0.435,0.498,-3.565,1.664,-2.412,-0.32,-0.481,0.826,0.244,9.351,-7.504,-0.346,-0.61,0.741,9.282,-1.885,-7.237,0.395,-0.366,0.798,48.618,26.313,47.168,izquierda
1780984316.0002358,-0.894,-0.233,0.403,8.229,2.183,4.71,-0.683,-0.45,0.504,1.145,-4.397,6.305,-0.224,-0.517,0.867,15.603,-0.168,-29.008,-0.294,-0.617,0.783,19.817,-5.42,-2.214,0.481,-0.264,0.695,21.466,31.412,56.282,izquierda
1780984316.0994165,-0.873,-0.239,0.394,-2.305,3.527,12.198,-0.619,-0.432,0.612,22.252,-6.718,-5.374,-0.262,-0.482,0.834,22.13,-5.855,-31.718,-0.281,-0.571,0.824,17.779,10.176,2.313,0.347,-0.318,0.786,-2.794,24.534,27.992,izquierda
1780984316.2023935,-0.951,-0.216,0.348,52.366,-13.618,-14.313,-0.753,-0.417,0.507,41.344,3.863,-16.847,-0.342,-0.468,0.819,40.16,5.542,-30.061,-0.323,-0.576,0.779,36.29,9.069,-15.985,0.213,-0.317,0.807,-5.275,31.878,20.725,izquierda
1780984316.3108227,-0.932,-0.146,0.332,49.733,-8.443,-12.603,-0.683,-0.338,0.477,23.176,-4.641,-6.702,-0.422,-0.433,0.801,21.481,0.191,-15.252,-0.342,-0.531,0.785,29.595,-5.878,-4.74,0.156,-0.316,0.808,-10.008,10.405,12.992,izquierda
1780984316.4195912,-0.852,-0.195,0.495,6.649,-13.061,-1.061,-0.689,-0.34,0.584,3.679,-10.618,1.466,-0.333,-0.411,0.889,9.298,-0.855,0.901,-0.305,-0.47,0.792,13.908,4.26,-1.191,0.189,-0.339,0.808,-7.397,-2.092,-4.099,izquierda
1780984316.5338268,-0.842,-0.195,0.517,2.496,-5.084,-2.214,-0.67,-0.339,0.605,-5.473,-1.725,-1.359,-0.308,-0.403,0.886,0.45,-1.786,-1.237,-0.298,-0.483,0.878,1.748,4.153,-1.214,0.181,-0.336,0.797,-2.328,3.046,-1.412,izquierda
1780984316.6141667,-0.84,-0.187,0.528,-0.366,0.427,-1.099,-0.669,-0.336,0.599,-7.29,0.725,-0.878,-0.312,-0.406,0.885,-1.863,-0.817,-0.939,-0.295,-0.484,0.892,0.802,5.832,-1.275,0.177,-0.345,0.797,-1.328,2.397,-0.092,izquierda
1780984316.7171943,-0.842,-0.191,0.534,-0.756,1.87,-0.351,-0.675,-0.342,0.605,-7.298,0.786,-0.489,-0.306,-0.408,0.887,-0.878,-1.031,0.359,-0.296,-0.486,0.88,0.695,6.115,-1.069,0.185,-0.349,0.794,-0.947,2.321,-0.198,izquierda
1780984319.3961737,-0.845,-0.198,0.52,-0.649,1.794,-0.412,-0.672,-0.355,0.593,-6.992,0.664,-0.26,-0.306,-0.421,0.875,-0.336,-0.443,0.427,-0.281,-0.497,0.878,1.679,6.588,-0.55,0.171,-0.35,0.797,-0.466,2.588,-0.015,izquierda
1780984319.507054,-0.837,-0.194,0.53,-0.374,1.771,-1.069,-0.671,-0.351,0.591,-7.305,0.397,-0.58,-0.307,-0.415,0.884,-0.595,0.779,0.031,-0.282,-0.495,0.888,1.603,7.214,-0.168,0.172,-0.345,0.803,-0.588,2.244,0.053,izquierda
1780984319.6116638,-0.845,-0.19,0.525,-1.122,1.473,-0.878,-0.672,-0.347,0.595,-6.824,0.504,-0.611,-0.305,-0.418,0.879,-1.015,-0.252,-0.237,-0.279,-0.499,0.879,1.458,7.015,-0.626,0.16,-0.343,0.811,-0.71,1.504,-0.046,izquierda
1780984319.708427,-0.842,-0.194,0.521,-0.802,1.298,-0.763,-0.672,-0.348,0.586,-6.641,0.565,0.099,-0.303,-0.42,0.871,-0.046,0.206,0.397,-0.284,-0.497,0.882,1.595,6.618,-0.656,0.169,-0.353,0.798,-0.542,2.794,-0.573,izquierda
1780984319.8127365,-0.842,-0.192,0.52,-1.107,1.481,-0.58,-0.669,-0.349,0.594,-6.962,0.435,-0.26,-0.303,-0.42,0.871,-0.084,-0.191,-0.053,-0.282,-0.498,0.876,1.366,6.87,-1.0,0.168,-0.35,0.8,-0.733,1.595,0.023,izquierda
1780984319.912382,-0.84,-0.194,0.522,-0.901,1.595,-0.191,-0.672,-0.352,0.597,-7.107,0.45,-0.542,-0.307,-0.418,0.884,-0.29,0.107,0.176,-0.282,-0.499,0.877,1.924,6.924,-0.366,0.171,-0.349,0.799,-0.725,2.588,-0.214,izquierda
1780984320.0159156,-0.843,-0.192,0.527,-1.122,4.557,0.26,-0.667,-0.351,0.581,-7.794,2.137,-0.168,-0.321,-0.425,0.886,-0.137,-2.55,-2.985,-0.312,-0.562,0.805,2.611,13.008,8.282,0.367,-0.393,0.755,2.351,-38.565,-61.817,izquierda
1780984320.1183262,-0.867,-0.199,0.51,1.458,1.557,-6.412,-1.163,-0.258,0.268,-20.137,10.336,-3.962,-0.282,-0.463,0.883,-25.305,1.847,45.519,-0.257,-0.555,0.777,-26.84,25.191,16.237,0.439,-0.518,0.794,-32.725,-16.214,-102.527,izquierda
1780984320.2237139,-0.784,-0.26,0.56,-42.672,6.634,4.87,-0.615,-0.396,0.643,-34.023,-0.893,5.55,-0.287,-0.429,0.829,-21.282,-2.176,27.084,-0.287,-0.552,0.864,-27.374,21.107,9.305,0.349,-0.321,0.723,-36.16,-23.137,-48.542,izquierda
1780984320.3224285,-0.822,-0.231,0.545,-9.55,-2.824,-2.321,-0.661,-0.422,0.59,-22.351,-3.496,5.756,-0.387,-0.411,0.819,-10.779,-3.244,13.71,-0.35,-0.566,0.809,-12.458,2.55,-1.13,0.457,-0.39,0.673,-12.336,-11.542,-15.344,izquierda
1780984320.4317873,-0.883,-0.195,0.391,-12.023,2.366,-1.076,-0.63,-0.377,0.59,-15.901,-0.168,1.58,-0.455,-0.469,0.817,-8.45,2.282,11.221,-0.346,-0.595,0.756,-7.115,9.023,2.733,0.428,-0.37,0.689,0.534,-0.481,-6.924,izquierda
1780984320.5370238,-0.862,-0.24,0.462,-5.595,2.328,0.015,-0.698,-0.408,0.518,-9.405,-1.13,0.092,-0.364,-0.462,0.829,-1.748,-1.092,2.351,-0.347,-0.6,0.774,2.076,3.832,-2.0,0.454,-0.377,0.704,-1.679,-0.221,-1.267,izquierda
1780984320.6428854,-0.879,-0.233,0.425,-5.351,5.45,0.359,-0.691,-0.409,0.513,-6.435,-0.893,-1.229,-0.382,-0.456,0.818,-1.771,-2.16,-2.038,-0.341,-0.595,0.793,9.969,0.679,-9.244,0.395,-0.353,0.662,5.45,25.275,17.756,izquierda
1780984320.7344666,-0.854,-0.236,0.468,3.389,4.023,0.458,-0.678,-0.397,0.541,-5.534,3.87,-0.55,0.15,-0.349,0.995,18.282,-7.015,-70.046,-0.291,-0.551,0.858,10.214,10.008,5.099,0.319,-0.358,0.761,45.817,21.687,57.443,izquierda
1780984320.8478308,-0.874,-0.222,0.448,-4.84,15.008,11.832,-0.694,-0.399,0.549,-10.885,6.977,11.847,-0.354,-0.467,0.793,28.107,9.832,-38.817,-0.33,-0.564,0.769,19.336,0.954,-20.763,0.323,-0.365,0.774,-4.496,30.534,33.855,izquierda
1780984320.9477582,-0.895,-0.202,0.432,44.389,-1.26,-11.214,-0.627,-0.309,0.466,25.221,11.809,-12.267,-0.365,-0.455,0.837,26.221,9.763,-31.137,-0.32,-0.577,0.78,22.168,8.771,-12.557,0.205,-0.351,0.786,0.832,22.931,23.771,izquierda
1780984321.0538023,-0.854,-0.201,0.455,27.611,-7.573,-8.855,-0.659,-0.346,0.501,12.962,-8.366,-5.481,-0.31,-0.438,0.848,24.58,4.573,-19.84,-0.314,-0.532,0.84,25.664,10.969,-1.985,0.236,-0.366,0.781,9.786,9.305,14.527,izquierda
1780984321.1530478,-0.867,-0.188,0.462,28.779,-13.985,-6.573,-0.677,-0.387,0.591,9.389,-8.847,3.641,-0.295,-0.435,0.897,20.481,1.031,-12.084,-0.197,-0.482,0.871,26.252,6.015,3.115,0.209,-0.331,0.802,1.641,0.695,4.061,izquierda
1780984321.2494948,-0.859,-0.185,0.493,13.947,-11.427,-4.87,-0.674,-0.333,0.6,-0.183,-6.244,1.641,-0.337,-0.392,0.85,12.718,-0.687,-6.267,-0.25,-0.462,0.872,11.435,3.588,-3.985,0.214,-0.36,0.792,1.672,1.198,4.122,izquierda
1780984324.0395591,-0.833,-0.188,0.544,-1.16,1.206,-1.191,-0.677,-0.342,0.587,-7.176,0.519,-0.916,-0.3,-0.417,0.878,-1.008,0.885,-0.298,-0.273,-0.496,0.884,0.832,6.863,-1.313,0.186,-0.357,0.787,-1.344,1.756,-0.137,izquierda
1780984324.1416051,-0.837,-0.183,0.532,-0.756,1.695,-1.397,-0.68,-0.344,0.586,-6.977,0.42,-0.809,-0.299,-0.416,0.878,-0.611,0.313,-0.252,-0.27,-0.496,0.881,1.435,7.466,-0.305,0.185,-0.368,0.79,-0.573,2.962,0.107,izquierda
1780984324.2433376,-0.842,-0.196,0.528,-1.282,1.84,-0.809,-0.677,-0.34,0.587,-6.985,0.534,-0.282,-0.303,-0.415,0.881,-0.092,0.076,0.542,-0.272,-0.498,0.88,1.611,6.809,0.145,0.184,-0.364,0.792,-0.458,2.176,0.023,izquierda
1780984324.3395023,-0.838,-0.193,0.527,-0.832,1.542,-1.023,-0.681,-0.349,0.594,-7.122,0.504,-0.427,-0.301,-0.418,0.876,-0.42,0.389,1.244,-0.276,-0.493,0.892,1.534,7.611,-0.496,0.18,-0.363,0.79,-0.656,2.947,-0.527,izquierda
1780984324.449229,-0.842,-0.194,0.539,-1.252,1.359,-1.573,-0.677,-0.347,0.584,-7.214,0.221,-0.763,-0.307,-0.415,0.879,-0.466,-0.481,-0.046,-0.267,-0.494,0.89,1.313,6.687,-1.321,0.183,-0.363,0.789,-0.954,1.733,0.244,izquierda
1780984324.5577035,-0.833,-0.196,0.537,-0.473,1.298,0.008,-0.68,-0.349,0.585,-7.008,0.45,-0.557,-0.304,-0.422,0.88,-0.756,1.122,-0.374,-0.276,-0.5,0.882,1.664,7.084,-0.611,0.186,-0.366,0.793,-0.885,1.916,-0.252,izquierda
1780984324.657621,-0.837,-0.192,0.532,-0.611,1.458,-0.031,-0.676,-0.344,0.586,-6.809,0.649,-0.115,-0.297,-0.417,0.882,-0.069,-0.534,0.305,-0.271,-0.494,0.888,1.817,7.519,0.382,0.186,-0.366,0.795,-0.481,2.664,-0.137,izquierda
1780984324.751739,-0.835,-0.191,0.528,-0.969,1.779,-0.45,-0.68,-0.344,0.58,-7.099,0.489,-0.122,-0.303,-0.414,0.879,-0.321,0.573,0.359,-0.27,-0.496,0.881,1.725,7.489,0.389,0.179,-0.359,0.79,-0.45,3.282,0.122,izquierda
1780984324.85801,-0.84,-0.193,0.532,-1.176,1.038,-1.519,-0.683,-0.347,0.593,-6.924,0.458,-1.122,-0.304,-0.415,0.873,-0.71,-0.008,-1.107,-0.26,-0.495,0.886,1.26,6.122,-1.382,0.18,-0.359,0.798,-1.405,0.939,0.069,izquierda
1780984324.9586184,-0.835,-0.193,0.534,-0.573,1.504,-0.473,-0.674,-0.347,0.586,-6.58,0.55,-0.069,-0.303,-0.417,0.882,-0.496,-0.13,0.252,-0.274,-0.497,0.885,1.412,7.107,-0.542,0.183,-0.37,0.794,-0.359,3.924,-0.221,izquierda
1780984325.0608666,-0.84,-0.194,0.532,-0.588,1.351,-0.824,-0.679,-0.345,0.59,-6.855,-0.076,-0.29,-0.303,-0.422,0.873,-0.481,0.504,0.634,-0.269,-0.498,0.885,1.58,6.405,0.244,0.183,-0.361,0.792,-0.061,2.29,-0.595,izquierda
1780984325.1635842,-0.839,-0.196,0.529,-1.229,1.947,-0.824,-0.676,-0.347,0.582,-7.221,0.595,-0.626,-0.301,-0.415,0.879,-0.931,-0.099,0.443,-0.272,-0.498,0.883,0.588,6.656,0.015,0.179,-0.365,0.791,-1.519,1.824,-1.023,izquierda
1780984325.2664437,-0.837,-0.196,0.528,-1.489,1.939,-1.389,-0.679,-0.349,0.582,-7.099,0.168,-0.771,-0.304,-0.423,0.876,-1.023,0.252,-0.817,-0.268,-0.5,0.878,1.405,6.695,-1.061,0.18,-0.366,0.801,-1.244,2.092,0.107,izquierda
1780984325.3811772,-0.839,-0.189,0.529,-0.779,1.725,0.298,-0.681,-0.35,0.581,-6.802,0.603,-0.527,-0.301,-0.426,0.874,-0.13,0.16,0.275,-0.272,-0.501,0.879,1.977,6.863,-0.328,0.177,-0.365,0.783,-0.504,2.74,-0.435,izquierda
1780984325.4791465,-0.839,-0.198,0.533,-0.802,2.046,-0.107,-0.682,-0.346,0.579,-6.763,0.153,-0.397,-0.301,-0.422,0.876,-0.45,0.115,0.473,-0.27,-0.503,0.883,1.977,7.107,-0.443,0.187,-0.366,0.793,-0.595,2.878,-0.351,izquierda
1780984325.575637,-0.845,-0.192,0.526,-1.29,1.221,-1.389,-0.675,-0.349,0.585,-6.427,0.435,0.0,-0.306,-0.421,0.877,-0.122,-0.206,-0.611,-0.269,-0.494,0.882,1.466,6.015,-1.046,0.182,-0.369,0.788,-0.702,0.382,0.412,izquierda
1780984325.6786642,-0.847,-0.2,0.527,-0.389,11.924,-1.244,-0.723,-0.365,0.52,-10.802,9.435,-2.679,-0.901,-0.441,0.478,-29.519,28.687,84.053,-0.52,-0.694,0.654,-53.023,69.458,50.695,0.43,-0.526,0.806,-82.916,-30.267,-159.038,izquierda
1780984325.7955534,-0.74,-0.431,0.683,-161.397,-17.229,8.687,-0.449,-0.554,0.937,-81.603,-38.733,30.092,0.015,-0.432,1.005,-34.672,-38.053,47.267,-0.044,-0.485,0.898,-36.504,10.847,-9.84,0.645,-0.391,0.613,17.26,-54.511,-52.443,izquierda
1780984325.897795,-0.878,-0.263,0.427,0.458,-3.664,-0.496,-0.814,-0.459,0.355,-24.809,3.099,14.458,-0.327,-0.471,0.842,-4.969,-4.45,5.023,-0.319,-0.604,0.796,-2.534,14.084,0.802,0.519,-0.412,0.653,-8.427,-5.137,-8.176,izquierda
1780984328.6727693,-0.856,-0.2,0.484,-1.061,1.641,0.061,-0.69,-0.366,0.569,-7.069,0.405,-0.405,-0.312,-0.436,0.871,-0.389,-0.107,0.473,-0.247,-0.508,0.875,1.588,6.626,-0.496,0.216,-0.38,0.777,-0.58,1.809,0.099,izquierda
1780984328.7763734,-0.857,-0.203,0.487,-0.58,1.962,-0.672,-0.688,-0.365,0.567,-7.038,0.328,-0.504,-0.31,-0.438,0.865,-0.443,-0.031,0.214,-0.243,-0.51,0.881,1.611,6.817,-0.634,0.215,-0.371,0.777,-0.763,2.328,-0.137,izquierda
1780984328.8786294,-0.855,-0.205,0.494,-0.87,1.13,-1.496,-0.691,-0.362,0.566,-7.206,0.13,-0.267,-0.31,-0.435,0.869,-0.527,0.504,-0.74,-0.245,-0.508,0.882,1.779,6.611,-0.382,0.211,-0.38,0.775,-0.519,2.878,-0.573,izquierda
1780984328.9748743,-0.863,-0.202,0.493,-1.084,1.015,-1.534,-0.688,-0.365,0.563,-6.824,0.237,-0.74,-0.31,-0.438,0.865,-0.191,-0.641,0.221,-0.254,-0.513,0.875,2.328,6.313,-0.481,0.277,-0.439,0.722,-3.328,-1.397,1.282,izquierda
1780984329.077905,-0.876,-0.215,0.506,8.756,-7.809,-13.779,-0.743,-0.419,0.472,-2.679,27.656,-12.916,-0.306,-0.481,0.928,-37.382,-17.611,78.794,-0.151,-0.547,0.876,-24.695,11.023,24.115,0.344,-0.465,0.753,-131.733,-35.824,-161.45,izquierda
1780984329.1906931,-0.864,-0.272,0.579,-30.366,-15.893,1.969,-0.709,-0.376,0.473,-33.321,-4.084,14.962,-0.371,-0.475,0.852,-15.893,-2.107,29.069,-0.272,-0.544,0.878,-19.435,16.366,12.061,0.423,-0.418,0.669,-1.733,-25.687,-24.473,izquierda
1780984329.2931383,-0.864,-0.239,0.461,-5.412,-1.031,-0.183,-0.707,-0.416,0.537,-14.962,-0.435,3.733,-0.301,-0.455,0.848,-6.626,-4.565,5.42,-0.296,-0.563,0.819,-5.29,5.588,2.885,0.451,-0.448,0.663,-2.748,-8.031,-14.107,izquierda
1780984329.3932416,-0.861,-0.234,0.467,-2.656,1.031,-1.305,-0.696,-0.399,0.527,-7.641,-1.092,0.107,-0.34,-0.455,0.846,-2.351,0.359,2.145,-0.305,-0.579,0.806,0.931,4.924,0.588,0.46,-0.433,0.669,3.046,1.74,1.115,izquierda
1780984329.4898133,-0.863,-0.235,0.47,-1.198,1.885,-1.359,-0.697,-0.4,0.531,-7.153,0.595,-1.519,-0.341,-0.458,0.835,-0.137,-0.435,-0.092,-0.312,-0.58,0.802,4.534,6.74,-4.046,0.442,-0.44,0.659,3.137,15.16,11.84,izquierda
1780984329.607402,-0.86,-0.239,0.473,-2.107,-0.473,-0.725,-0.697,-0.398,0.524,-6.954,0.595,-1.664,-0.343,-0.47,0.841,-5.366,15.244,0.618,-0.283,-0.548,0.77,-1.87,6.107,-4.076,0.388,-0.434,0.67,6.817,18.618,18.779,izquierda
1780984329.6981962,-0.863,-0.233,0.457,-2.916,13.664,-0.137,-0.622,-0.518,0.639,-7.481,-4.328,7.092,-0.321,-0.413,0.88,16.748,-4.969,-27.092,-0.276,-0.602,0.865,7.58,11.282,8.015,0.379,-0.476,0.739,13.702,16.13,37.939,izquierda
1780984329.8050754,-0.838,-0.23,0.499,41.992,-1.672,-10.443,-0.797,-0.391,0.451,17.786,2.794,-5.305,-0.345,-0.504,0.818,29.206,11.389,-24.344,-0.438,-0.549,0.825,19.092,12.336,3.443,0.318,-0.437,0.721,26.618,14.008,27.435,izquierda
1780984329.9021258,-0.841,-0.246,0.545,68.122,-19.198,-4.725,-0.709,-0.389,0.575,32.282,-5.443,-12.16,-0.209,-0.476,0.879,39.344,1.931,-45.611,-0.248,-0.527,0.865,47.725,4.725,-34.794,0.282,-0.436,0.749,14.786,14.885,24.763,izquierda
1780984330.0209591,-0.871,-0.152,0.474,12.504,-10.748,-0.855,-0.692,-0.328,0.579,4.496,-6.809,-0.939,-0.367,-0.4,0.829,16.771,-1.298,-15.198,-0.249,-0.476,0.86,22.023,2.969,-7.099,0.294,-0.416,0.742,8.695,6.076,13.947,izquierda
1780984330.1085238,-0.84,-0.188,0.521,-7.336,-0.282,-1.275,-0.683,-0.345,0.596,-4.328,-1.626,0.55,-0.302,-0.403,0.894,1.611,1.046,-0.198,-0.284,-0.479,0.887,4.084,6.061,-0.023,0.26,-0.391,0.752,3.725,5.435,4.176,izquierda
1780984330.2176263,-0.841,-0.188,0.535,-0.252,-0.511,-0.763,-0.683,-0.339,0.598,-7.038,0.87,-1.374,-0.297,-0.398,0.887,-1.45,-1.053,-0.366,-0.287,-0.469,0.898,1.427,3.901,-1.458,0.24,-0.395,0.768,-0.779,0.901,0.031,izquierda
1780984330.3140836,-0.834,-0.189,0.53,-1.008,0.107,-1.573,-0.676,-0.34,0.597,-7.069,1.023,-0.954,-0.301,-0.398,0.888,-2.282,0.267,-0.863,-0.278,-0.473,0.895,1.389,6.122,-0.336,0.239,-0.396,0.764,-1.359,1.863,-0.115,izquierda
1780984330.427858,-0.838,-0.19,0.541,-0.664,1.664,-0.939,-0.681,-0.344,0.585,-7.344,0.901,-0.511,-0.296,-0.406,0.886,-1.305,0.153,-0.45,-0.281,-0.475,0.89,1.374,6.328,-0.42,0.244,-0.401,0.765,-1.115,2.939,-0.664,izquierda
1780984330.534047,-0.834,-0.187,0.533,-0.763,0.985,-1.137,-0.679,-0.342,0.584,-7.092,0.756,-0.771,-0.294,-0.407,0.893,-0.992,0.145,-0.412,-0.272,-0.487,0.899,3.344,7.473,-0.687,0.24,-0.397,0.771,-0.603,2.718,-0.389,izquierda
1780984333.307411,-0.835,-0.191,0.532,-1.214,2.84,0.267,-0.68,-0.354,0.584,-7.664,0.374,-0.489,-0.299,-0.419,0.884,-0.45,0.344,0.305,-0.275,-0.497,0.877,1.351,6.458,0.015,0.229,-0.401,0.768,-0.344,2.527,-0.023,izquierda
1780984333.4039645,-0.839,-0.191,0.536,-1.0,2.565,0.527,-0.682,-0.347,0.589,-7.359,0.908,-0.29,-0.292,-0.421,0.876,-0.87,0.924,0.901,-0.278,-0.489,0.882,1.534,8.229,-0.985,0.221,-0.396,0.77,-1.481,0.321,0.466,izquierda
1780984333.5076127,-0.84,-0.188,0.535,-1.092,1.947,-1.916,-0.683,-0.352,0.581,-7.305,0.557,-1.336,-0.3,-0.419,0.877,-0.809,-0.221,-0.145,-0.269,-0.493,0.881,1.382,5.954,-1.42,0.233,-0.399,0.77,-0.878,2.496,-0.191,izquierda
1780984333.6211786,-0.837,-0.191,0.534,-0.969,1.863,-0.687,-0.679,-0.349,0.581,-6.916,0.565,0.168,-0.292,-0.419,0.882,-0.321,0.221,0.031,-0.272,-0.492,0.885,1.817,7.511,0.015,0.237,-0.399,0.768,-0.771,2.634,-0.061,izquierda
1780984333.7130475,-0.835,-0.191,0.536,-1.092,1.466,-0.878,-0.681,-0.344,0.591,-7.069,0.55,0.023,-0.298,-0.418,0.878,-0.359,0.718,0.74,-0.273,-0.5,0.881,2.031,7.405,0.573,0.236,-0.396,0.771,0.473,4.191,-0.359,izquierda
1780984333.8164523,-0.838,-0.192,0.527,-1.137,1.176,-0.649,-0.687,-0.348,0.587,-7.015,0.191,-0.519,-0.294,-0.416,0.887,-0.595,-0.511,0.092,-0.274,-0.492,0.884,1.16,6.74,-1.191,0.228,-0.402,0.77,-1.496,1.053,0.26,izquierda
1780984333.9196084,-0.852,-0.192,0.532,-0.481,7.046,-2.664,-0.646,-0.432,0.561,-5.985,10.221,1.748,-0.176,-0.562,1.064,-35.809,-5.947,28.084,-0.348,-0.586,0.82,-36.634,62.641,11.511,0.62,-0.418,0.564,8.603,1.427,-48.031,izquierda
1780984334.0221803,-0.865,-0.257,0.383,-168.282,38.374,18.405,-0.744,-0.514,0.525,-144.137,-0.977,27.672,-0.247,-0.537,0.906,-101.962,-47.084,79.557,-0.321,-0.566,0.751,-76.511,-28.374,26.832,-0.188,-0.312,0.674,-24.504,-80.802,-106.359,izquierda
1780984334.12523,-0.759,-0.322,0.567,-20.328,2.206,5.832,-0.59,-0.42,0.699,-19.771,-5.42,6.634,-0.259,-0.498,0.871,-6.794,-1.611,15.74,-0.314,-0.599,0.755,-11.336,17.458,5.191,0.483,-0.406,0.602,-9.924,-10.786,-17.489,izquierda
1780984334.2281315,-0.88,-0.282,0.386,-3.42,2.237,1.038,-0.692,-0.446,0.481,-6.099,-5.229,0.649,-0.35,-0.501,0.808,1.405,-6.244,-0.374,-0.314,-0.632,0.775,4.221,3.603,0.405,0.501,-0.429,0.66,2.985,-1.076,4.405,izquierda
1780984334.3373005,-0.887,-0.268,0.38,2.832,5.611,1.351,-0.685,-0.457,0.491,-4.031,0.427,1.076,-0.358,-0.491,0.804,1.427,8.214,5.397,-0.313,-0.623,0.771,12.198,6.916,1.802,0.486,-0.451,0.68,13.038,16.137,22.405,izquierda
1780984334.440043,-0.873,-0.261,0.409,3.687,6.061,-2.031,-0.678,-0.43,0.55,-4.267,1.611,6.008,0.181,-0.558,1.068,20.511,1.237,-51.74,-0.167,-0.537,0.971,29.16,-10.321,-9.252,0.436,-0.445,0.799,51.939,22.244,53.573,izquierda
1780984334.543436,-0.978,-0.147,0.132,124.351,5.519,-22.137,-0.707,-0.446,0.492,59.412,14.42,-19.046,-0.4,-0.5,0.794,45.275,21.382,-52.847,-0.409,-0.614,0.809,32.092,41.565,-34.466,0.239,-0.374,0.805,8.137,50.435,54.672,izquierda
1780984334.6400664,-0.934,-0.19,0.331,41.489,-8.885,-8.473,-0.802,-0.348,0.445,11.656,-9.13,2.336,-0.476,-0.465,0.765,12.977,5.511,-2.71,-0.306,-0.579,0.793,13.031,3.511,4.336,0.255,-0.408,0.74,-4.466,0.122,1.344,izquierda
1780984334.7430615,-0.868,-0.213,0.454,2.496,-4.107,-1.725,-0.693,-0.377,0.552,-4.107,0.359,-0.992,-0.31,-0.458,0.856,0.573,-2.221,-1.954,-0.302,-0.54,0.842,3.435,3.603,-1.191,0.257,-0.413,0.756,-1.771,2.771,-1.229,izquierda
1780984334.858771,-0.859,-0.219,0.471,0.069,0.053,-0.885,-0.687,-0.379,0.547,-6.771,0.824,0.115,-0.307,-0.458,0.854,0.275,-0.168,0.687,-0.292,-0.542,0.839,2.183,6.137,0.42,0.259,-0.403,0.752,-1.962,5.427,-1.427,izquierda
1780984334.948924,-0.865,-0.212,0.47,-0.427,-0.176,-1.252,-0.697,-0.377,0.556,-6.954,0.351,-1.153,-0.311,-0.455,0.862,-0.771,0.321,-0.115,-0.294,-0.538,0.851,1.076,6.588,-1.924,0.251,-0.404,0.759,-2.084,2.817,-0.557,izquierda
1780984335.0585349,-0.862,-0.213,0.475,-0.29,0.809,-0.939,-0.694,-0.381,0.546,-7.031,0.519,-0.527,-0.312,-0.457,0.85,-0.206,-0.137,-0.252,-0.294,-0.543,0.846,1.969,5.924,-1.122,0.25,-0.406,0.752,-1.443,2.0,-1.267,izquierda
1780984335.1596386,-0.862,-0.213,0.476,-0.611,0.71,-0.985,-0.696,-0.378,0.542,-6.969,0.847,-0.557,-0.304,-0.455,0.853,-0.763,0.649,-0.221,-0.29,-0.54,0.839,1.687,7.305,-0.168,0.254,-0.404,0.757,-1.221,3.267,-0.672,izquierda
1780984337.9360998,-0.864,-0.213,0.472,-0.733,0.656,-0.763,-0.695,-0.379,0.548,-6.427,-0.351,-1.122,-0.31,-0.46,0.856,-0.053,-1.069,-0.847,-0.287,-0.546,0.851,2.16,5.557,-1.076,0.257,-0.422,0.758,-0.496,2.237,-0.351,izquierda
1780984338.0398946,-0.861,-0.221,0.471,-0.649,1.489,-0.061,-0.693,-0.384,0.54,-7.061,0.534,-0.443,-0.309,-0.46,0.859,-0.481,1.092,0.412,-0.287,-0.545,0.838,2.023,7.626,-0.71,0.254,-0.419,0.752,-0.786,1.634,-0.977,izquierda
1780984338.142568,-0.857,-0.214,0.475,-1.214,-0.359,-0.313,-0.692,-0.368,0.557,-6.802,0.061,0.038,-0.295,-0.459,0.863,-0.435,-0.191,1.824,-0.288,-0.547,0.844,2.237,9.206,0.221,0.247,-0.417,0.752,-1.26,3.305,-0.084,izquierda
1780984338.2460213,-0.864,-0.216,0.477,-1.13,1.534,-0.901,-0.696,-0.377,0.547,-7.153,0.13,-0.962,-0.31,-0.459,0.854,-1.13,0.153,-0.252,-0.288,-0.546,0.846,1.275,7.115,-0.977,0.25,-0.416,0.758,-0.893,1.656,-0.183,izquierda
1780984338.3554082,-0.862,-0.218,0.472,-1.061,0.695,-1.824,-0.691,-0.38,0.548,-6.733,-0.145,-1.099,-0.312,-0.457,0.85,-0.076,-2.282,-1.412,-0.29,-0.553,0.844,3.84,4.0,-1.939,0.381,-0.45,0.778,-1.397,-14.771,7.046,izquierda
1780984338.451656,-0.875,-0.223,0.464,3.267,-30.328,-19.183,-1.11,0.16,0.442,-33.008,-23.397,-16.153,-0.073,-0.478,1.077,-39.84,-15.893,37.824,-0.338,-0.6,0.762,-29.794,-10.092,8.237,0.272,-0.479,0.841,-106.366,-23.046,-110.817,izquierda
1780984338.554806,-0.798,-0.338,0.614,-51.649,-13.107,-0.405,-0.655,-0.394,0.572,-31.0,-8.366,5.0,-0.27,-0.421,0.853,-12.656,-9.298,25.153,-0.32,-0.538,0.836,-20.405,10.107,-0.809,0.425,-0.422,0.586,-10.916,-24.977,-27.435,izquierda
1780984338.670033,-0.869,-0.271,0.44,-4.649,-2.809,-1.656,-0.694,-0.426,0.505,-10.473,-2.252,0.771,-0.32,-0.476,0.81,-5.763,-1.45,10.366,-0.324,-0.593,0.784,-7.542,7.595,0.099,0.462,-0.434,0.626,-0.985,-12.473,-9.389,izquierda
1780984338.761597,-0.865,-0.275,0.429,-1.42,1.313,1.023,-0.69,-0.429,0.517,-7.664,0.069,0.71,-0.331,-0.486,0.827,-0.992,0.023,1.42,-0.307,-0.604,0.789,2.176,5.824,-1.153,0.483,-0.438,0.659,0.519,1.809,1.672,izquierda
1780984338.8640122,-0.867,-0.271,0.428,0.763,4.771,-1.58,-0.685,-0.43,0.519,-6.275,1.015,-1.771,-0.341,-0.482,0.842,-4.122,13.763,1.237,-0.331,-0.609,0.785,4.939,7.794,-6.832,0.413,-0.442,0.636,18.885,31.206,22.779,izquierda
1780984338.9788811,-0.846,-0.264,0.44,-1.55,8.733,0.779,-0.691,-0.42,0.521,-7.687,0.947,0.992,-0.19,-0.551,0.877,5.763,8.603,-13.397,-0.253,-0.575,0.757,11.0,10.855,7.786,0.329,-0.355,0.639,10.863,23.809,54.863,izquierda
1780984339.0708141,-0.845,-0.323,0.504,142.809,-14.55,-41.756,-0.314,-0.417,0.847,60.328,19.16,-21.863,-0.341,-0.465,0.834,49.618,20.26,-65.046,-0.27,-0.578,0.822,39.198,44.107,-26.733,0.292,-0.432,0.754,20.595,44.359,23.977,izquierda
1780984339.1725307,-0.892,-0.197,0.477,41.061,-22.229,-9.374,-0.719,-0.36,0.48,28.481,-16.84,-8.458,-0.313,-0.435,0.871,38.168,-1.794,-32.695,-0.344,-0.56,0.822,38.74,1.977,-8.748,0.287,-0.433,0.742,6.626,4.687,6.947,izquierda
1780984339.2823615,-0.85,-0.197,0.498,-4.901,7.145,-2.023,-0.695,-0.351,0.565,-1.634,2.16,3.153,-0.301,-0.432,0.883,3.366,0.176,0.298,-0.32,-0.506,0.84,4.366,3.931,-1.71,0.265,-0.412,0.747,-0.802,2.504,1.466,izquierda
1780984339.378273,-0.841,-0.202,0.526,-0.534,1.313,0.412,-0.687,-0.352,0.576,-4.931,1.206,-2.588,-0.296,-0.422,0.881,-1.344,-1.092,-1.504,-0.308,-0.509,0.861,2.748,4.198,-1.977,0.269,-0.417,0.745,-1.137,3.382,-0.618,izquierda
1780984339.485472,-0.832,-0.205,0.543,-0.649,1.305,0.733,-0.699,-0.35,0.545,-6.504,-4.038,-3.198,-0.291,-0.425,0.885,-1.58,1.198,-1.84,-0.286,-0.508,0.868,1.626,2.573,-1.374,0.268,-0.415,0.758,-1.397,2.847,-1.099,izquierda
1780984339.5963805,-0.831,-0.21,0.539,-1.084,0.718,0.412,-0.686,-0.356,0.573,-5.878,0.908,-1.687,-0.289,-0.427,0.875,-0.672,-0.626,-1.351,-0.294,-0.512,0.862,1.565,6.29,-0.397,0.26,-0.419,0.755,-0.702,4.878,-0.992,izquierda
1780984339.6928706,-0.838,-0.205,0.532,-1.183,1.878,0.328,-0.686,-0.352,0.57,-6.924,1.962,-0.542,-0.29,-0.427,0.875,-1.031,1.244,-0.397,-0.299,-0.509,0.868,0.618,7.107,-1.214,0.256,-0.409,0.755,-1.443,2.397,-0.313,izquierda
1780984339.7923806,-0.84,-0.2,0.525,-3.176,2.969,0.618,-0.686,-0.354,0.574,-6.374,0.176,-1.756,-0.285,-0.429,0.878,-0.794,-0.321,-0.855,-0.293,-0.509,0.862,1.427,6.336,-1.611,0.256,-0.409,0.766,-1.107,2.802,-0.481,izquierda
1780984339.8933961,-0.835,-0.201,0.534,-1.618,1.244,-0.641,-0.683,-0.358,0.578,-7.122,0.504,-0.733,-0.286,-0.428,0.878,-0.42,-0.252,-0.313,-0.291,-0.512,0.863,1.252,6.382,-0.969,0.257,-0.414,0.747,-0.481,3.794,-0.649,izquierda
1780984342.571734,-0.84,-0.205,0.515,-0.74,1.405,0.137,-0.685,-0.362,0.567,-6.824,0.366,-0.313,-0.295,-0.439,0.874,-0.191,0.374,0.656,-0.288,-0.523,0.861,1.748,6.969,-0.45,0.263,-0.415,0.753,-0.603,2.382,0.023,izquierda
1780984342.674989,-0.844,-0.203,0.52,-0.992,2.382,-0.099,-0.691,-0.36,0.566,-7.183,0.588,-0.214,-0.295,-0.432,0.876,-0.42,0.435,0.061,-0.292,-0.521,0.86,1.397,6.336,-0.656,0.252,-0.42,0.749,-0.58,0.924,0.374,izquierda
1780984342.7890499,-0.841,-0.2,0.519,-1.046,0.756,-1.221,-0.687,-0.356,0.568,-6.656,-0.13,-0.664,-0.291,-0.434,0.88,-0.328,-0.977,-0.145,-0.28,-0.524,0.859,1.756,7.267,-0.145,0.256,-0.42,0.755,-0.435,2.573,0.092,izquierda
1780984342.8904257,-0.843,-0.202,0.516,-0.382,1.634,-0.069,-0.687,-0.361,0.569,-6.771,0.015,-0.55,-0.29,-0.439,0.871,-0.244,-0.206,-0.504,-0.284,-0.518,0.868,1.908,6.26,-0.832,0.254,-0.425,0.757,-0.099,2.015,0.191,izquierda
1780984342.9838712,-0.843,-0.205,0.521,-0.359,2.443,-0.435,-0.693,-0.365,0.567,-7.168,0.802,-0.55,-0.299,-0.437,0.874,-0.382,-0.267,-0.115,-0.299,-0.526,0.865,1.992,5.069,-1.595,0.138,-0.292,0.814,10.214,-10.595,7.412,izquierda
1780984343.0981886,-1.059,-0.29,0.502,-109.305,21.924,33.588,-0.856,-0.298,0.207,-50.931,-1.45,-2.466,-0.443,-0.526,0.759,-65.328,-33.481,95.985,-0.288,-0.574,0.766,-32.748,-48.863,30.664,0.206,-0.424,0.844,-73.649,-37.107,-70.84,izquierda
1780984343.1902378,-0.763,-0.262,0.474,-91.58,11.779,11.366,-0.514,-0.399,0.717,-70.901,-11.038,17.947,-0.28,-0.461,0.886,-33.099,-24.336,45.214,-0.279,-0.568,0.827,-29.298,-15.481,18.702,0.478,-0.427,0.691,-8.374,-58.863,-46.466,izquierda
1780984343.2984781,-0.855,-0.266,0.461,-21.511,0.122,2.466,-0.739,-0.422,0.43,-21.985,-2.748,6.084,-0.325,-0.46,0.775,-11.618,-7.565,20.779,-0.353,-0.587,0.768,-13.206,7.702,5.344,0.473,-0.402,0.657,1.977,-22.573,-10.771,izquierda
1780984343.395507,-0.865,-0.271,0.427,-1.435,2.038,0.634,-0.694,-0.439,0.512,-6.519,-1.542,0.977,-0.349,-0.481,0.822,-0.863,1.763,2.328,-0.318,-0.606,0.767,0.198,9.069,0.344,0.496,-0.403,0.662,5.282,3.702,5.16,izquierda
1780984343.498604,-0.873,-0.274,0.418,1.405,6.557,-1.771,-0.695,-0.434,0.503,-7.015,2.992,-3.107,-0.36,-0.487,0.812,-4.931,12.084,2.008,-0.329,-0.604,0.787,8.374,5.71,-6.351,0.476,-0.415,0.652,29.71,26.031,31.267,izquierda
1780984343.6137974,-0.859,-0.268,0.419,-10.366,22.87,9.031,-0.691,-0.433,0.509,-19.939,19.336,12.0,-0.297,-0.536,0.806,17.221,39.901,-63.183,-0.377,-0.637,0.866,24.473,7.359,-34.038,0.372,-0.333,0.707,32.0,36.214,60.84,izquierda
1780984343.7050226,-0.856,-0.267,0.48,80.847,-4.595,-17.527,-0.597,-0.41,0.562,53.076,3.924,-18.389,-0.257,-0.49,0.83,40.595,12.382,-57.908,-0.227,-0.536,0.763,30.977,25.763,-33.061,0.275,-0.392,0.807,12.275,51.641,46.733,izquierda
1780984343.808025,-0.891,-0.182,0.397,68.954,-17.221,-23.29,-0.834,-0.412,0.431,41.519,-6.71,-11.771,-0.261,-0.47,0.849,34.298,4.763,-32.168,-0.272,-0.566,0.885,30.977,19.626,-9.817,0.204,-0.375,0.813,12.176,18.756,26.71,izquierda
1780984343.910789,-0.895,-0.202,0.456,21.527,-13.641,-3.183,-0.663,-0.343,0.558,14.221,-9.641,-1.198,-0.329,-0.436,0.823,19.092,-6.344,-2.893,-0.282,-0.52,0.87,21.382,-0.817,4.519,0.159,-0.35,0.817,11.87,1.26,19.725,izquierda
1780984344.0182397,-0.844,-0.207,0.509,-2.13,0.55,-1.198,-0.691,-0.348,0.572,-3.992,-2.267,0.366,-0.313,-0.41,0.871,4.565,-2.115,-0.977,-0.283,-0.483,0.874,7.092,0.099,0.389,0.242,-0.332,0.798,1.527,-0.855,5.298,izquierda
1780984344.129168,-0.837,-0.206,0.522,1.969,-1.099,-1.26,-0.68,-0.351,0.585,-4.817,1.107,-1.191,-0.29,-0.408,0.89,-1.42,-0.359,-0.718,-0.3,-0.487,0.88,2.298,3.931,-1.252,0.189,-0.34,0.808,-2.183,4.443,-1.374,izquierda
1780984344.2194703,-0.839,-0.203,0.526,0.824,0.397,-1.344,-0.682,-0.351,0.59,-6.641,1.076,-1.382,-0.292,-0.41,0.887,-1.595,-0.244,-0.382,-0.293,-0.491,0.884,1.336,6.023,-0.855,0.183,-0.337,0.809,-0.664,2.58,-0.298,izquierda
1780984344.3308804,-0.842,-0.207,0.52,1.053,2.198,-0.191,-0.679,-0.354,0.589,-6.519,0.695,-0.985,-0.29,-0.411,0.9,-1.344,-0.122,-0.733,-0.282,-0.488,0.886,1.916,4.679,-0.664,0.185,-0.349,0.81,-0.847,1.863,-0.588,izquierda
1780984344.4282506,-0.836,-0.206,0.534,-0.634,2.389,-0.107,-0.679,-0.353,0.592,-7.153,1.412,-0.458,-0.296,-0.411,0.882,-1.038,0.893,0.122,-0.289,-0.491,0.874,1.389,6.26,-0.122,0.189,-0.348,0.796,-0.939,4.206,-1.046,izquierda
1780984347.2089617,-0.835,-0.199,0.524,-0.756,0.565,-1.641,-0.676,-0.352,0.577,-6.748,0.076,-0.824,-0.284,-0.418,0.884,-0.412,-0.008,-0.313,-0.279,-0.502,0.872,1.29,6.748,-1.183,0.182,-0.347,0.792,-0.672,2.191,0.237,izquierda
1780984347.310012,-0.833,-0.202,0.525,-0.786,1.313,-0.618,-0.682,-0.357,0.58,-7.076,0.603,-0.45,-0.287,-0.42,0.885,-0.42,-0.336,-0.382,-0.274,-0.501,0.88,1.634,6.847,-0.87,0.178,-0.355,0.795,-0.565,2.267,0.0,izquierda
1780984347.4200351,-0.836,-0.199,0.531,-0.908,2.13,0.015,-0.677,-0.351,0.585,-6.924,0.611,0.229,-0.289,-0.421,0.882,-0.298,0.641,0.779,-0.277,-0.499,0.877,1.847,7.924,0.145,0.187,-0.345,0.799,-0.344,3.069,-0.099,izquierda
1780984347.527866,-0.836,-0.202,0.524,-0.71,1.145,-0.863,-0.682,-0.356,0.584,-7.153,-0.069,-0.893,-0.291,-0.42,0.882,-0.962,0.191,-0.076,-0.278,-0.499,0.876,1.176,6.672,-0.786,0.173,-0.35,0.792,-0.641,2.0,0.16,izquierda
1780984347.6301277,-0.835,-0.199,0.525,-0.618,1.191,-0.878,-0.677,-0.355,0.58,-6.595,0.16,-1.0,-0.287,-0.426,0.881,-0.084,-0.893,-0.573,-0.275,-0.498,0.878,1.931,6.092,-0.733,0.177,-0.357,0.8,-0.611,3.26,-0.466,izquierda
1780984347.7220216,-0.845,-0.204,0.533,-0.214,0.099,-1.718,-0.681,-0.353,0.569,-5.885,0.221,-1.015,-0.285,-0.422,0.881,-0.046,-0.069,-2.405,-0.277,-0.496,0.875,2.649,5.153,-1.985,0.186,-0.348,0.803,1.847,-3.137,-0.359,izquierda
1780984347.8310122,-0.829,-0.204,0.528,3.29,-6.16,-5.702,-0.671,-0.355,0.606,-3.115,4.824,-3.756,-0.459,-0.429,0.83,-17.076,8.733,26.015,-0.316,-0.553,0.872,-15.565,10.496,-2.16,0.207,-0.348,0.78,-3.916,-3.733,-4.725,izquierda
1780984347.9279141,-0.87,-0.125,0.365,-68.336,28.725,24.878,-0.604,-0.379,0.638,-97.565,3.214,39.092,-0.261,-0.435,0.861,-60.008,-26.557,74.29,-0.34,-0.549,0.795,-48.786,1.695,36.802,0.247,-0.376,0.746,-52.626,-37.252,-43.42,izquierda
1780984348.0309482,-0.865,-0.219,0.369,-84.832,14.061,15.061,-0.631,-0.331,0.502,-63.359,-12.282,10.298,-0.293,-0.495,0.886,-33.84,-38.939,40.588,-0.355,-0.644,0.827,-20.351,-19.389,19.137,0.381,-0.523,0.809,-9.13,-36.305,-92.802,izquierda
1780984348.1521602,-0.845,-0.297,0.5,-27.26,-2.725,1.229,-0.721,-0.456,0.516,-30.084,-3.038,6.969,-0.138,-0.468,0.878,-12.328,-10.511,17.939,-0.33,-0.569,0.75,-14.519,16.382,5.084,0.506,-0.408,0.594,-9.115,-30.443,-17.115,izquierda
1780984348.2445326,-0.87,-0.269,0.45,-7.336,-1.779,-2.992,-0.675,-0.426,0.525,-9.55,-0.809,-0.466,-0.33,-0.484,0.822,-2.847,-0.71,4.031,-0.326,-0.615,0.773,-1.962,9.061,3.0,0.489,-0.405,0.651,3.0,-3.656,-2.366,izquierda
1780984348.3467524,-0.865,-0.271,0.414,0.046,2.527,0.061,-0.692,-0.437,0.496,-6.588,0.969,-0.71,-0.351,-0.492,0.818,-1.626,4.87,2.031,-0.336,-0.613,0.76,2.901,12.282,-3.611,0.5,-0.415,0.68,5.069,13.672,9.687,izquierda
1780984348.4475663,-0.869,-0.267,0.417,1.42,6.435,0.221,-0.7,-0.439,0.484,-6.542,2.443,-1.504,0.041,-0.571,1.097,5.107,16.542,-9.626,0.018,-0.44,1.329,36.038,-35.008,-4.58,0.441,-0.348,0.751,60.962,31.466,35.443,izquierda
1780984348.546754,-0.916,-0.252,0.373,-20.023,28.305,15.45,-0.589,-0.485,0.699,6.344,12.321,1.763,-0.459,-0.506,0.707,20.015,25.977,-43.977,-0.283,-0.561,0.687,15.405,15.221,-8.893,0.322,-0.347,0.714,19.473,39.382,56.695,izquierda
1780984348.649311,-0.866,-0.239,0.33,75.786,-28.336,-18.725,-0.764,-0.44,0.396,66.641,-0.099,-21.115,-0.543,-0.548,0.754,41.328,11.511,-50.115,-0.515,-0.716,0.748,31.779,26.534,-4.733,0.161,-0.334,0.712,19.924,19.817,19.832,izquierda
1780984348.758379,-0.931,-0.161,0.317,54.557,3.252,-10.939,-0.772,-0.411,0.5,36.336,0.489,-15.351,-0.387,-0.462,0.804,29.58,13.748,-31.878,-0.4,-0.568,0.777,28.969,10.153,-12.298,0.177,-0.359,0.797,5.244,13.878,7.137,izquierda
1780984348.8551247,-0.946,-0.168,0.409,16.679,4.519,-2.168,-0.713,-0.381,0.555,10.405,-3.412,-4.305,-0.387,-0.434,0.838,16.366,7.374,-10.656,-0.351,-0.541,0.801,17.298,7.824,-7.573,0.184,-0.367,0.792,0.695,2.412,1.328,izquierda
1780984348.9578235,-0.851,-0.209,0.494,2.099,-3.176,-2.244,-0.684,-0.361,0.573,-3.733,0.168,-1.382,-0.294,-0.422,0.883,-1.076,0.16,-1.412,-0.289,-0.499,0.872,2.328,3.855,-1.977,0.194,-0.361,0.78,-2.076,-0.198,0.244,izquierda
1780984349.0668027,-0.848,-0.213,0.501,2.344,-1.115,-0.977,-0.683,-0.363,0.569,-5.389,0.145,-1.527,-0.292,-0.429,0.874,-0.679,-1.748,-1.122,-0.285,-0.511,0.875,2.267,4.076,-1.595,0.197,-0.367,0.793,-0.679,2.237,-0.733,izquierda
1780984351.8419278,-0.847,-0.205,0.511,-1.137,1.458,-1.038,-0.684,-0.369,0.58,-7.053,0.458,-0.702,-0.293,-0.439,0.87,-0.649,0.191,-0.435,-0.264,-0.518,0.87,1.443,6.893,-0.221,0.198,-0.378,0.78,-0.504,1.84,-0.092,izquierda
1780984351.9508677,-0.845,-0.206,0.513,-1.374,1.916,-0.992,-0.68,-0.366,0.574,-6.87,0.473,-0.29,-0.288,-0.436,0.873,-0.435,0.282,0.725,-0.27,-0.521,0.871,1.87,7.252,0.275,0.196,-0.373,0.774,-0.595,2.481,-0.107,izquierda
1780984352.0548773,-0.843,-0.205,0.515,-1.046,1.74,-1.458,-0.683,-0.365,0.577,-6.634,0.214,-0.641,-0.291,-0.437,0.875,-0.679,0.366,0.198,-0.272,-0.517,0.885,1.267,6.802,-0.412,0.19,-0.377,0.782,-0.878,2.198,-0.252,izquierda
1780984352.1510754,-0.839,-0.204,0.52,-1.206,1.649,-0.832,-0.677,-0.362,0.574,-7.26,0.702,0.206,-0.292,-0.441,0.872,-0.504,0.771,0.412,-0.272,-0.518,0.868,1.191,7.397,-0.061,0.183,-0.375,0.773,0.534,3.954,0.115,izquierda
1780984352.2540777,-0.844,-0.207,0.515,-1.107,1.466,-0.626,-0.683,-0.365,0.574,-6.58,0.435,-0.496,-0.291,-0.438,0.875,-0.832,-0.023,0.038,-0.267,-0.519,0.877,1.71,6.771,-0.595,0.196,-0.381,0.787,-0.366,3.107,-0.176,izquierda
1780984352.3570573,-0.841,-0.207,0.511,-0.855,0.916,-0.84,-0.684,-0.369,0.574,-6.58,0.008,-0.687,-0.289,-0.443,0.866,-0.779,-0.427,-0.038,-0.271,-0.519,0.865,1.542,6.84,-0.374,0.138,-0.391,0.756,-1.885,4.733,-0.29,izquierda
1780984352.4719975,-0.849,-0.201,0.517,0.252,-1.046,-0.916,-0.699,-0.372,0.542,-4.924,11.832,-0.916,-0.352,-0.453,0.877,3.29,-9.344,-7.611,-0.381,-0.705,0.797,-7.565,32.977,26.176,0.165,-0.374,0.758,-60.443,-11.679,-115.756,izquierda
1780984352.5767038,-0.892,-0.209,0.525,-42.115,30.038,11.954,-0.755,-0.402,0.501,-41.443,10.45,1.786,-0.322,-0.463,0.829,-39.466,-7.115,65.809,-0.279,-0.536,0.841,-53.0,31.962,12.977,0.053,-0.373,0.793,-47.42,-56.015,-71.687,izquierda
1780984352.6662242,-0.813,-0.262,0.546,-13.962,-1.16,-0.656,-0.619,-0.449,0.687,-15.397,-2.649,2.702,-0.177,-0.458,0.888,-8.076,-1.832,20.137,-0.317,-0.573,0.814,-12.641,12.382,-1.756,0.438,-0.437,0.721,2.588,-15.481,-25.481,izquierda
1780984352.7857409,-0.82,-0.229,0.453,-18.489,4.947,1.718,-0.654,-0.375,0.59,-13.55,1.092,1.061,-0.339,-0.446,0.865,-6.771,1.42,5.519,-0.323,-0.567,0.78,-1.321,7.901,-1.153,0.456,-0.383,0.681,-1.847,0.649,-2.344,izquierda
1780984352.8718693,-0.882,-0.255,0.46,-5.939,6.611,-0.931,-0.684,-0.409,0.523,-7.893,-1.382,-0.756,-0.358,-0.466,0.814,-2.924,3.092,-1.58,-0.347,-0.587,0.788,6.206,7.244,-9.298,0.396,-0.392,0.636,22.962,20.84,31.092,izquierda
1780984352.9872026,-0.834,-0.251,0.465,1.145,5.252,0.511,-0.687,-0.409,0.533,-5.237,2.527,-0.992,-0.389,-0.458,0.824,-4.237,8.076,-2.481,-0.318,-0.59,0.778,-4.443,2.42,-5.924,0.322,-0.35,0.639,22.618,27.695,50.267,izquierda
1780984353.0891519,-0.861,-0.23,0.459,2.42,-4.168,-1.198,-0.659,-0.418,0.551,-2.771,-0.221,3.618,-0.394,-0.449,0.808,7.305,2.053,-11.092,-0.255,-0.579,0.815,15.13,-3.26,-12.038,0.365,-0.405,0.739,7.099,13.344,41.351,izquierda
1780984353.1904588,-0.856,-0.234,0.466,-15.26,22.313,13.756,-0.681,-0.373,0.556,-21.458,12.924,17.313,-0.29,-0.467,0.838,23.298,14.611,-59.511,-0.293,-0.559,0.8,24.321,13.076,-11.969,0.232,-0.4,0.753,7.328,16.496,13.84,izquierda
1780984353.2906985,-0.942,-0.186,0.328,35.855,14.87,-3.908,-0.748,-0.425,0.508,25.878,5.947,-15.137,-0.483,-0.446,0.831,22.626,10.565,-31.458,-0.405,-0.574,0.883,41.305,20.924,-7.298,0.205,-0.395,0.756,-0.427,5.748,2.878,izquierda
1780984353.3901184,-0.844,-0.217,0.494,24.412,-1.0,-2.55,-0.6,-0.355,0.553,13.351,-10.305,-1.504,-0.54,-0.429,0.741,30.061,8.893,-13.786,-0.419,-0.549,0.843,30.832,17.183,-2.084,0.239,-0.421,0.758,7.504,-0.237,9.076,izquierda
1780984353.4901066,-0.859,-0.201,0.465,3.511,-0.641,0.29,-0.698,-0.347,0.547,-0.031,-4.023,1.237,-0.302,-0.414,0.898,10.122,-1.458,-0.679,-0.289,-0.472,0.893,17.725,4.695,0.397,0.222,-0.387,0.775,6.237,3.321,6.595,izquierda
1780984353.6019278,-0.857,-0.2,0.487,5.42,-3.588,1.924,-0.681,-0.349,0.586,-0.382,-2.321,2.916,-0.32,-0.397,0.867,13.817,1.42,-2.008,-0.294,-0.467,0.925,17.58,4.679,1.74,0.215,-0.391,0.775,4.176,1.26,6.061,izquierda
1780984353.707654,-0.858,-0.194,0.507,4.183,-1.366,-0.29,-0.684,-0.336,0.602,-1.366,0.023,0.527,-0.322,-0.371,0.889,5.718,-0.298,-1.794,-0.303,-0.44,0.91,6.336,6.687,-0.435,0.225,-0.39,0.778,3.71,3.145,5.061,izquierda
1780984356.4900005,-0.851,-0.187,0.5,-0.962,1.305,-0.725,-0.689,-0.348,0.583,-6.649,0.42,-0.458,-0.298,-0.415,0.885,-0.221,0.267,0.695,-0.277,-0.483,0.889,1.656,7.237,-0.275,0.198,-0.382,0.786,-0.374,2.481,-0.099,izquierda
1780984356.5928185,-0.852,-0.191,0.503,-0.42,1.008,-0.885,-0.686,-0.35,0.581,-6.87,0.466,-0.336,-0.304,-0.415,0.881,-0.374,-0.16,-0.13,-0.275,-0.484,0.889,1.611,7.069,-0.153,0.2,-0.391,0.782,-0.634,1.931,-0.076,izquierda
1780984356.6835287,-0.853,-0.191,0.5,-0.626,1.473,-1.214,-0.687,-0.35,0.58,-7.0,0.29,-0.275,-0.3,-0.412,0.886,-0.855,0.588,-0.229,-0.275,-0.488,0.886,1.359,6.733,-0.58,0.198,-0.391,0.784,-0.603,2.45,0.099,izquierda
1780984356.786335,-0.853,-0.19,0.495,-0.985,1.198,-1.053,-0.687,-0.35,0.572,-6.763,0.527,-0.641,-0.3,-0.409,0.884,-0.618,-0.122,0.626,-0.274,-0.486,0.888,1.74,6.992,-0.374,0.197,-0.39,0.773,-0.672,3.13,-0.176,izquierda
1780984356.8895273,-0.854,-0.19,0.501,-1.115,1.405,-1.053,-0.687,-0.35,0.579,-7.321,0.718,-0.618,-0.32,-0.413,0.875,-0.519,-0.748,-1.557,-0.332,-0.504,0.854,4.313,7.26,0.069,0.333,-0.439,0.804,10.878,-14.458,14.588,izquierda
1780984356.99203,-0.851,-0.195,0.505,1.397,-2.397,-7.275,-0.705,-0.369,0.567,-11.885,8.695,-9.267,-0.322,-0.46,0.919,-29.198,-4.29,52.634,-0.353,-0.6,0.807,-50.985,58.664,21.13,0.299,-0.452,0.866,-13.611,-40.45,-87.45,izquierda
1780984357.0954127,-0.91,-0.236,0.391,-91.183,16.26,15.305,-0.792,-0.498,0.513,-77.977,-6.756,22.321,-0.279,-0.458,0.86,-54.496,-10.061,73.802,-0.213,-0.51,0.776,-13.168,-32.611,31.672,0.406,-0.307,0.673,-7.427,-59.557,-47.771,izquierda
1780984357.209104,-0.885,-0.271,0.443,-32.634,-3.053,4.115,-0.64,-0.429,0.559,-39.13,-2.679,12.977,-0.264,-0.457,0.863,-23.84,-2.962,27.962,-0.319,-0.554,0.783,-18.282,1.244,8.13,0.473,-0.307,0.66,-1.496,-15.679,-15.809,izquierda
1780984357.3010983,-0.903,-0.268,0.387,-13.771,2.45,-1.519,-0.685,-0.431,0.519,-15.237,-1.397,0.756,-0.363,-0.476,0.81,-4.634,-4.214,4.458,-0.325,-0.568,0.781,0.229,-0.122,0.466,0.433,-0.302,0.685,1.962,4.634,-3.328,izquierda
1780984357.4104054,-0.882,-0.257,0.402,0.595,4.718,-0.702,-0.708,-0.432,0.475,-6.832,2.183,-0.183,-0.41,-0.5,0.808,6.634,-5.779,-11.168,-0.343,-0.594,0.8,18.756,-5.313,-17.527,0.452,-0.318,0.668,7.229,23.557,25.595,izquierda
1780984357.5076516,-0.877,-0.255,0.405,-12.435,26.198,10.443,-0.678,-0.404,0.6,-10.55,15.275,12.298,-0.511,-0.484,0.812,32.557,14.069,-51.931,-0.322,-0.556,0.849,25.939,11.725,-19.344,0.289,-0.301,0.738,23.427,43.092,64.321,izquierda
1780984357.6211154,-0.957,-0.218,0.309,67.626,-11.267,-16.916,-0.756,-0.482,0.432,60.458,-2.542,-18.344,-0.432,-0.477,0.734,32.267,9.328,-63.672,-0.361,-0.62,0.768,23.107,30.649,-40.084,0.194,-0.346,0.863,-3.595,49.74,57.137,izquierda
1780984357.7131155,-0.93,-0.167,0.331,37.305,-5.176,-8.099,-0.86,-0.396,0.428,26.794,-12.038,-8.679,-0.474,-0.478,0.763,20.809,7.664,-11.809,-0.25,-0.589,0.728,20.794,8.603,1.71,0.225,-0.43,0.783,4.931,20.939,7.145,izquierda
1780984357.8227699,-0.865,-0.221,0.466,7.496,-3.496,1.267,-0.685,-0.352,0.572,6.107,-5.427,-0.221,-0.361,-0.43,0.851,13.809,-2.023,-3.145,-0.305,-0.528,0.863,14.16,5.466,4.786,0.228,-0.389,0.771,0.229,-1.443,5.863,izquierda
1780984357.9247377,-0.858,-0.207,0.482,0.893,-1.0,0.145,-0.696,-0.362,0.555,-4.573,-0.542,0.092,-0.314,-0.432,0.862,2.336,-0.534,-0.221,-0.301,-0.5,0.865,3.725,4.794,0.366,0.227,-0.389,0.785,0.305,1.45,2.87,izquierda
1780984358.022353,-0.864,-0.206,0.478,1.42,1.115,-0.58,-0.691,-0.363,0.552,-6.71,1.427,-0.695,-0.307,-0.438,0.874,-1.183,0.282,-0.206,-0.288,-0.513,0.87,0.908,5.908,-0.672,0.216,-0.381,0.782,-0.305,3.756,0.756,izquierda
1780984358.1253026,-0.86,-0.2,0.489,1.008,2.481,-0.847,-0.698,-0.357,0.553,-7.618,1.641,-0.832,-0.312,-0.433,0.869,-1.656,2.153,0.107,-0.286,-0.512,0.875,1.176,6.916,-0.87,0.216,-0.379,0.777,-1.878,6.748,0.58,izquierda
1780984358.228574,-0.857,-0.203,0.482,-0.137,1.076,-1.435,-0.692,-0.363,0.554,-7.229,1.176,-1.13,-0.313,-0.435,0.866,-0.901,0.641,-0.275,-0.285,-0.515,0.871,1.237,6.519,-1.069,0.206,-0.39,0.776,-1.168,3.855,-0.336,izquierda
1780984358.3317027,-0.858,-0.203,0.484,-0.015,1.679,-1.641,-0.695,-0.364,0.558,-7.672,0.763,-0.817,-0.324,-0.43,0.89,-1.42,-0.489,-0.206,-0.282,-0.512,0.862,-0.076,6.466,-0.87,0.211,-0.387,0.778,-1.206,2.855,-0.412,izquierda
1780984361.0239465,-0.856,-0.205,0.489,-0.573,0.969,-0.687,-0.699,-0.37,0.555,-6.588,0.015,-0.511,-0.314,-0.443,0.857,-0.29,-0.099,-0.634,-0.272,-0.527,0.857,1.656,6.427,-0.069,0.208,-0.402,0.769,-0.443,3.565,-0.053,izquierda
1780984361.1169472,-0.854,-0.208,0.499,-1.26,1.023,-1.107,-0.694,-0.366,0.549,-6.618,0.321,-0.191,-0.312,-0.444,0.862,-0.069,-0.405,-0.214,-0.274,-0.524,0.866,2.031,6.763,-0.351,0.201,-0.396,0.771,-0.198,1.267,0.069,izquierda
1780984361.2193995,-0.851,-0.208,0.497,-1.229,1.519,-0.733,-0.694,-0.371,0.552,-7.267,0.664,-0.42,-0.31,-0.442,0.856,-0.542,0.275,-0.031,-0.275,-0.526,0.869,1.435,7.115,-0.099,0.202,-0.383,0.776,0.0,1.237,-0.046,izquierda
1780984361.3222146,-0.855,-0.199,0.496,-0.389,2.237,-0.672,-0.695,-0.367,0.553,-6.947,0.573,-0.481,-0.315,-0.44,0.865,-1.275,0.351,0.198,-0.276,-0.523,0.862,1.053,6.916,-0.847,0.206,-0.394,0.776,-0.916,0.855,-0.313,izquierda
1780984361.429616,-0.855,-0.2,0.494,-0.557,0.641,-1.305,-0.697,-0.366,0.551,-6.595,0.656,-0.725,-0.309,-0.447,0.863,-0.382,-0.244,-0.351,-0.28,-0.525,0.854,1.725,6.229,-0.252,0.197,-0.382,0.78,1.191,-0.015,0.779,izquierda
1780984361.529709,-0.888,-0.22,0.471,6.924,-11.382,-11.588,-0.673,-0.397,0.614,6.771,17.13,-12.542,-0.25,-0.475,0.824,-27.954,-17.603,67.756,-0.176,-0.571,0.857,-21.542,23.389,30.229,0.407,-0.478,0.797,-57.328,-24.817,-87.153,izquierda
1780984361.628469,-0.882,-0.266,0.449,-97.718,5.153,20.405,-0.594,-0.398,0.62,-88.656,-9.145,33.733,-0.266,-0.448,0.931,-41.603,-26.351,59.382,-0.286,-0.481,0.888,-36.038,-4.947,17.458,0.457,-0.372,0.561,-12.305,-75.595,-56.16,izquierda
1780984361.7312686,-0.898,-0.184,0.376,0.137,0.504,7.229,-0.758,-0.396,0.451,-15.802,10.229,9.397,-0.496,-0.476,0.753,-7.351,7.588,13.336,-0.354,-0.592,0.806,-12.198,7.351,7.389,0.473,-0.405,0.67,5.275,-17.664,-14.427,izquierda
1780984361.8392568,-0.875,-0.219,0.451,-4.802,7.786,-0.702,-0.719,-0.407,0.483,-10.244,1.198,-0.481,-0.359,-0.475,0.815,-1.649,2.496,2.374,-0.338,-0.598,0.773,1.282,4.458,0.84,0.485,-0.376,0.69,3.267,3.046,3.435,izquierda
1780984361.938217,-0.876,-0.23,0.378,-5.603,9.763,-6.046,-0.732,-0.422,0.49,-8.015,0.221,-3.649,-0.365,-0.489,0.84,-5.328,9.779,-2.183,-0.318,-0.602,0.819,9.58,-4.076,-14.458,0.424,-0.374,0.693,17.893,25.511,24.008,izquierda
1780984362.0401819,-0.876,-0.224,0.428,-14.947,28.252,9.527,-0.729,-0.414,0.477,-21.137,30.595,9.855,-0.585,-0.556,0.901,27.206,46.695,-48.313,-0.364,-0.627,0.851,29.603,24.809,-11.466,0.326,-0.348,0.735,45.366,39.733,56.168,izquierda
1780984362.1571589,-0.927,-0.252,0.53,71.145,-11.611,-7.038,-0.651,-0.418,0.558,70.756,9.763,-15.725,-0.368,-0.42,0.737,57.74,7.817,-55.328,-0.365,-0.508,0.676,44.473,27.214,-34.885,0.203,-0.325,0.788,29.55,40.656,52.626,izquierda
1780984362.2553563,-1.219,-0.054,0.127,31.405,14.931,-4.947,-0.746,-0.405,0.465,3.763,-31.053,4.473,-0.638,-0.517,0.833,-12.74,-9.84,-27.916,-0.723,-0.835,1.528,22.595,-20.221,-3.45,0.209,-0.405,0.877,-17.107,-6.595,10.443,izquierda
1780984362.3571486,-0.876,-0.217,0.473,-0.809,-0.947,-1.145,-0.698,-0.374,0.55,-6.084,-0.473,-0.519,-0.309,-0.461,0.855,2.16,-3.198,0.023,-0.274,-0.533,0.858,3.649,4.183,-0.084,0.222,-0.377,0.777,-0.16,1.489,1.237,izquierda
1780984362.4513214,-0.855,-0.208,0.482,0.382,-1.099,-1.733,-0.698,-0.371,0.549,-6.496,0.779,-1.115,-0.309,-0.453,0.856,-1.168,-0.168,-0.206,-0.28,-0.537,0.852,0.916,6.672,-1.405,0.211,-0.364,0.788,-2.26,4.015,-0.137,izquierda
1780984362.5555978,-0.86,-0.213,0.487,0.008,0.71,-0.313,-0.698,-0.372,0.538,-6.756,0.733,-0.832,-0.307,-0.455,0.856,-0.244,-0.206,-0.55,-0.277,-0.542,0.853,1.916,5.351,-0.977,0.212,-0.378,0.79,-1.183,3.015,-1.298,izquierda
1780984362.6625988,-0.857,-0.216,0.495,-0.504,0.588,-0.122,-0.702,-0.374,0.54,-6.71,0.183,-0.374,-0.304,-0.453,0.853,-0.405,0.031,0.405,-0.282,-0.539,0.852,1.786,6.947,0.641,0.211,-0.391,0.766,-2.344,4.672,-1.618,izquierda
1780984362.771875,-0.858,-0.207,0.479,-1.275,1.656,-0.366,-0.703,-0.375,0.537,-6.863,0.26,-0.427,-0.313,-0.449,0.857,-0.542,-0.435,-0.45,-0.282,-0.533,0.851,1.305,5.412,-1.603,0.206,-0.386,0.783,-2.389,1.672,-0.076,izquierda
1780984362.8637817,-0.856,-0.206,0.496,-0.527,0.901,-0.939,-0.699,-0.368,0.546,-7.191,0.298,-1.023,-0.31,-0.458,0.857,-0.74,-0.725,-0.26,-0.277,-0.539,0.853,1.076,6.427,-0.985,0.204,-0.39,0.782,-2.328,2.473,-0.634,izquierda
1780984362.9667385,-0.856,-0.212,0.493,-0.87,1.519,-0.466,-0.696,-0.373,0.543,-7.023,0.664,-0.588,-0.306,-0.452,0.859,-0.344,0.74,-0.244,-0.276,-0.541,0.845,1.832,6.206,-0.031,0.209,-0.391,0.777,-1.0,3.389,-0.702,izquierda
1780984365.6446433,-0.855,-0.212,0.499,-1.305,2.008,-0.023,-0.697,-0.378,0.54,-7.061,0.435,0.611,-0.301,-0.457,0.857,-0.099,0.496,0.389,-0.269,-0.545,0.855,1.992,6.87,0.901,0.21,-0.401,0.773,-0.061,2.771,0.084,izquierda
1780984365.747509,-0.852,-0.209,0.494,-0.809,1.992,-1.511,-0.697,-0.376,0.545,-6.908,0.237,-0.649,-0.302,-0.461,0.852,-0.435,-0.573,-0.58,-0.266,-0.544,0.856,1.939,5.672,-1.542,0.211,-0.398,0.772,-1.55,0.87,-0.145,izquierda
1780984365.8510094,-0.854,-0.208,0.491,-0.679,1.618,-0.298,-0.695,-0.373,0.539,-7.107,0.679,-0.542,-0.3,-0.461,0.853,-0.939,0.962,0.168,-0.27,-0.546,0.847,1.435,7.183,-0.656,0.208,-0.402,0.776,-0.908,1.695,-0.374,izquierda
1780984365.9551587,-0.852,-0.21,0.5,-0.664,1.481,0.252,-0.694,-0.374,0.543,-7.0,0.107,-0.153,-0.294,-0.457,0.861,0.0,0.061,0.412,-0.265,-0.55,0.857,1.786,7.191,0.366,0.208,-0.402,0.763,0.527,3.733,-0.046,izquierda
1780984366.0579998,-0.853,-0.21,0.495,-1.298,1.534,-0.656,-0.697,-0.377,0.545,-7.237,0.221,-0.427,-0.299,-0.457,0.861,-0.427,-0.374,0.191,-0.269,-0.542,0.853,1.58,7.328,0.481,0.208,-0.396,0.767,-0.069,2.679,0.168,izquierda
1780984366.1710534,-0.858,-0.21,0.494,-0.374,-0.069,-1.504,-0.696,-0.375,0.549,-6.321,-0.16,-1.42,-0.292,-0.462,0.857,-0.573,-0.55,-0.687,-0.264,-0.547,0.862,1.573,6.122,-1.458,0.21,-0.397,0.77,-1.053,1.153,0.191,izquierda
1780984366.2720435,-0.851,-0.206,0.491,-0.115,1.87,-0.695,-0.702,-0.379,0.549,-6.878,0.687,-0.397,-0.308,-0.459,0.865,0.397,-1.344,-2.527,-0.259,-0.548,0.86,1.695,6.191,-0.45,0.218,-0.417,0.802,6.542,-4.473,2.84,izquierda
1780984366.366003,-0.84,-0.257,0.59,-57.725,-28.534,0.214,-1.73,-0.486,-1.028,-97.718,45.298,27.366,-0.235,-0.595,0.808,-15.26,6.405,51.519,-0.407,-0.618,0.757,-42.695,29.664,38.779,0.389,-0.486,0.832,6.595,-33.908,-21.344,izquierda
1780984366.4720378,-0.89,-0.239,0.38,-115.443,7.252,18.168,-0.563,-0.465,0.767,-84.282,-19.321,24.725,-0.313,-0.547,0.908,-39.42,-37.901,54.664,-0.121,-0.497,0.928,-31.992,-14.893,18.267,0.247,-0.29,0.73,-44.702,-83.45,-62.84,izquierda
1780984366.5715475,-0.882,-0.251,0.413,-5.023,3.565,-1.084,-0.701,-0.432,0.506,-10.962,-0.435,0.55,-0.383,-0.48,0.816,-4.977,-0.649,8.511,-0.348,-0.614,0.736,-10.84,18.344,2.489,0.451,-0.344,0.684,4.389,-14.847,-8.397,izquierda
1780984366.6749597,-0.882,-0.256,0.415,-2.779,1.145,1.359,-0.703,-0.431,0.481,-8.985,0.252,1.359,-0.372,-0.48,0.817,-2.046,0.733,2.74,-0.357,-0.613,0.754,1.359,6.29,0.45,0.486,-0.35,0.687,0.046,3.015,-1.603,izquierda
1780984366.7794845,-0.875,-0.258,0.41,0.26,5.473,0.198,-0.708,-0.436,0.482,-7.519,1.275,-0.603,-0.373,-0.481,0.815,-4.626,11.137,1.092,-0.369,-0.626,0.765,6.931,-1.939,-7.672,0.424,-0.368,0.688,9.183,23.519,17.656,izquierda
1780984366.8891563,-0.878,-0.247,0.429,3.237,5.55,-1.855,-0.66,-0.477,0.428,-1.71,10.237,-1.87,-0.079,-0.706,0.949,46.802,6.718,-109.664,-0.063,-0.583,1.073,34.748,4.16,-10.71,0.504,-0.287,0.715,64.153,15.603,89.756,izquierda
1780984366.9841492,-1.071,-0.163,0.183,96.244,36.595,-1.282,-0.734,-0.43,0.416,71.832,18.962,-26.405,-0.351,-0.495,0.777,53.443,22.947,-63.427,-0.373,-0.63,0.727,39.748,23.679,-33.336,0.274,-0.331,0.823,27.214,48.031,59.282,izquierda
1780984367.086918,-0.875,-0.242,0.485,52.519,-18.45,-21.458,-0.708,-0.334,0.426,30.023,-21.824,-8.55,-0.271,-0.454,0.819,20.313,-2.618,-29.565,-0.303,-0.582,0.796,29.321,-8.939,3.389,0.199,-0.327,0.843,-7.916,21.435,20.13,izquierda
1780984367.2002387,-0.909,-0.21,0.442,-0.092,-5.954,0.885,-0.705,-0.375,0.546,-1.664,-13.038,1.397,-0.297,-0.451,0.886,7.458,-4.344,-2.771,-0.275,-0.535,0.878,8.802,0.466,5.229,0.177,-0.323,0.829,-3.885,2.885,4.115,izquierda
1780984367.296315,-0.886,-0.194,0.437,6.542,2.084,0.397,-0.738,-0.351,0.515,0.847,-7.496,-0.939,-0.388,-0.427,0.847,8.015,-3.809,-5.16,-0.304,-0.525,0.857,7.099,1.725,1.122,0.171,-0.317,0.809,-5.985,2.435,7.389,izquierda
1780984367.4007366,-0.86,-0.194,0.48,0.137,-0.466,-0.824,-0.706,-0.353,0.542,-4.031,-3.191,-0.405,-0.303,-0.409,0.852,0.954,-0.802,-3.168,-0.301,-0.487,0.85,2.626,4.244,-1.397,0.144,-0.311,0.824,-2.588,0.351,1.115,izquierda
1780984367.507697,-0.863,-0.194,0.487,0.687,3.16,1.42,-0.704,-0.348,0.542,-6.115,-0.328,-1.351,-0.336,-0.404,0.841,-1.122,0.504,0.076,-0.334,-0.508,0.828,-0.977,4.344,-0.588,0.129,-0.327,0.808,-1.115,3.115,-2.26,izquierda
1780984367.6070044,-0.854,-0.194,0.494,1.931,-1.221,-2.076,-0.685,-0.342,0.583,-6.115,0.176,-2.42,-0.305,-0.435,0.926,-1.321,-0.595,-1.618,-0.307,-0.521,0.882,1.351,6.397,-2.107,0.143,-0.312,0.813,-0.496,1.16,0.359,izquierda
1780984370.2873952,-0.851,-0.198,0.509,-0.84,1.634,-1.13,-0.681,-0.366,0.571,-7.252,0.496,-0.519,-0.293,-0.436,0.872,-0.672,0.542,-0.168,-0.292,-0.524,0.859,1.84,6.58,-0.763,0.148,-0.347,0.806,-0.992,2.382,-0.687,izquierda
1780984370.383125,-0.844,-0.198,0.505,-0.855,2.328,-0.366,-0.68,-0.357,0.574,-7.412,0.313,-0.435,-0.297,-0.432,0.872,-0.26,0.221,1.046,-0.297,-0.523,0.849,1.908,6.931,-0.168,0.15,-0.345,0.812,0.038,4.015,-0.13,izquierda
1780984370.4858692,-0.848,-0.192,0.508,-0.885,1.359,-0.649,-0.679,-0.356,0.576,-7.427,0.473,-0.115,-0.297,-0.433,0.875,-0.58,0.634,0.206,-0.294,-0.519,0.861,1.298,7.382,-1.237,0.141,-0.341,0.808,-1.214,0.603,-0.031,izquierda
1780984370.5890934,-0.85,-0.2,0.505,-1.145,0.634,-1.962,-0.678,-0.356,0.577,-6.748,0.321,-1.29,-0.293,-0.435,0.871,-0.847,-0.275,-0.985,-0.294,-0.526,0.863,1.336,7.069,-0.534,0.152,-0.353,0.801,-0.771,1.427,-0.374,izquierda
1780984370.7023852,-0.844,-0.2,0.51,-0.992,1.405,-0.611,-0.682,-0.36,0.575,-7.053,0.611,-0.443,-0.293,-0.434,0.875,-0.435,0.198,0.656,-0.293,-0.522,0.854,1.504,6.687,-0.443,0.155,-0.347,0.797,-0.725,2.26,-0.511,izquierda
1780984370.7952955,-0.849,-0.198,0.509,-0.519,1.756,0.786,-0.683,-0.357,0.573,-7.13,0.641,0.305,-0.306,-0.435,0.866,-0.069,0.725,0.305,-0.3,-0.531,0.851,1.443,7.412,-0.634,0.172,-0.369,0.808,2.061,-1.038,0.832,izquierda
1780984370.9044492,-1.123,0.478,-2.0,-73.397,165.649,64.908,-0.919,-0.323,0.486,-19.878,3.321,-21.969,-0.755,-0.492,0.687,-50.809,-5.069,92.878,-0.498,-0.633,0.669,-36.473,9.58,40.267,0.139,-0.397,0.875,-72.824,-33.344,-88.176,izquierda
1780984371.007585,-0.9,-0.407,0.658,-64.466,-1.718,9.763,-0.614,-0.412,0.612,-79.473,-14.466,27.824,-0.114,-0.451,0.974,-40.893,-41.733,60.496,-0.294,-0.571,0.874,-32.931,-14.947,22.481,0.195,-0.323,0.784,-24.298,-51.832,-56.847,izquierda
1780984371.106561,-0.796,-0.268,0.521,-8.641,0.282,1.55,-0.6,-0.381,0.616,-17.656,-4.878,3.71,-0.296,-0.456,0.873,-9.55,-5.779,18.374,-0.332,-0.601,0.767,-14.351,13.344,4.267,0.44,-0.354,0.698,-0.275,-8.985,-15.275,izquierda
1780984371.2069938,-0.869,-0.245,0.436,-2.214,3.527,0.0,-0.733,-0.418,0.455,-9.878,3.107,0.58,-0.36,-0.462,0.815,-4.313,3.939,2.481,-0.34,-0.601,0.762,3.427,6.656,-0.611,0.441,-0.346,0.704,0.985,2.092,1.672,izquierda
1780984371.3156013,-0.875,-0.253,0.417,1.26,3.672,-2.26,-0.704,-0.421,0.496,-5.924,1.771,-2.481,-0.377,-0.479,0.814,-6.405,15.481,-0.153,-0.341,-0.61,0.769,7.863,3.618,-5.824,0.46,-0.466,0.729,33.122,9.267,47.237,izquierda
1780984371.413383,-0.879,-0.256,0.421,-15.817,22.924,5.466,-0.703,-0.411,0.467,-19.458,10.435,6.038,-0.149,-0.454,0.865,25.977,18.42,-74.366,-0.237,-0.585,0.856,25.046,-4.115,-40.679,0.474,-0.271,0.738,61.863,26.183,67.893,izquierda
1780984371.5243464,-0.865,-0.22,0.401,69.748,13.16,-19.015,-0.777,-0.413,0.441,40.542,7.519,-18.206,-0.384,-0.498,0.817,35.641,9.916,-49.901,-0.374,-0.612,0.758,29.908,27.985,-21.023,0.294,-0.24,0.811,16.534,41.412,18.183,izquierda
1780984371.61932,-0.933,-0.226,0.483,42.168,-7.863,-8.145,-0.775,-0.449,0.545,38.198,-9.58,-21.786,-0.311,-0.462,0.857,35.046,-3.511,-33.756,-0.316,-0.584,0.752,25.366,9.611,-3.611,0.229,-0.278,0.896,-18.198,27.252,38.145,izquierda
1780984371.7223392,-0.888,-0.188,0.44,32.916,-17.534,-5.962,-0.698,-0.356,0.522,21.931,-14.863,4.061,-0.281,-0.456,0.918,32.443,-3.511,-22.046,-0.403,-0.573,0.892,47.527,-6.137,-0.397,0.159,-0.263,0.872,6.275,9.649,48.145,izquierda
1780984371.8286562,-0.854,-0.195,0.519,0.237,-6.55,-0.427,-0.674,-0.345,0.575,0.168,-10.321,1.427,-0.275,-0.395,0.864,2.656,-5.519,-2.939,-0.31,-0.475,0.867,3.702,-1.206,-3.702,0.174,-0.26,0.836,-4.832,0.672,8.947,izquierda
1780984371.942624,-0.839,-0.191,0.528,-0.55,-1.473,-1.87,-0.666,-0.343,0.601,-6.664,-3.977,-0.298,-0.297,-0.397,0.89,0.053,-1.878,-0.206,-0.354,-0.542,1.006,-2.71,-1.282,-2.45,0.157,-0.255,0.825,0.244,1.748,1.183,izquierda
1780984372.030943,-0.843,-0.196,0.532,0.511,-0.595,-2.122,-0.672,-0.34,0.597,-6.435,0.595,-1.328,-0.29,-0.396,0.89,-1.832,-0.794,-0.962,-0.303,-0.479,0.889,0.947,4.466,-1.061,0.151,-0.256,0.85,-0.763,1.076,-1.282,izquierda
1780984372.1423042,-0.832,-0.198,0.536,0.267,1.008,-1.168,-0.671,-0.337,0.596,-7.26,1.695,-0.969,-0.294,-0.397,0.89,-1.977,-0.305,-0.504,-0.304,-0.475,0.885,1.298,7.237,-1.13,0.161,-0.253,0.835,-8.145,1.153,-6.328,izquierda
1780984372.2371593,-0.839,-0.191,0.534,0.076,2.015,-1.053,-0.674,-0.341,0.597,-7.802,1.038,-1.092,-0.295,-0.405,0.893,-2.023,0.939,0.374,-0.303,-0.482,0.884,0.481,7.977,-0.908,0.166,-0.253,0.827,-5.786,4.695,-4.55,izquierda
1780984374.9220316,-0.821,-0.215,0.552,-0.679,0.595,-0.015,-0.657,-0.361,0.605,-6.969,0.412,-0.046,-0.259,-0.435,0.885,-0.481,1.389,0.786,-0.257,-0.515,0.875,1.931,8.382,0.122,0.17,-0.356,0.802,0.58,4.336,-0.122,izquierda
1780984375.018663,-0.824,-0.214,0.551,-0.412,1.053,0.496,-0.666,-0.357,0.594,-6.351,-0.389,-0.359,-0.264,-0.435,0.888,-0.267,-1.099,-0.168,-0.262,-0.512,0.88,1.191,5.443,-1.534,0.171,-0.346,0.795,-1.221,-0.061,0.458,izquierda
1780984375.1342068,-0.821,-0.208,0.55,-1.382,2.374,-2.061,-0.656,-0.359,0.604,-7.198,0.702,-0.733,-0.264,-0.435,0.884,-1.16,1.328,-0.031,-0.263,-0.514,0.87,1.412,7.534,0.008,0.172,-0.359,0.804,-0.588,3.427,-0.099,izquierda
1780984375.2386363,-0.821,-0.217,0.548,-1.046,1.679,-0.45,-0.658,-0.359,0.597,-7.427,0.389,0.519,-0.263,-0.438,0.877,0.198,-0.191,0.336,-0.262,-0.516,0.875,2.191,7.053,0.366,0.167,-0.354,0.802,-0.198,2.855,-0.298,izquierda
1780984375.328548,-0.822,-0.21,0.551,-0.336,2.359,0.237,-0.658,-0.356,0.6,-7.031,0.779,0.298,-0.262,-0.429,0.885,-0.023,0.855,1.26,-0.262,-0.516,0.874,2.45,7.748,1.275,0.173,-0.348,0.794,2.046,5.008,-0.137,izquierda
1780984375.4373007,-0.831,-0.208,0.554,-1.092,0.275,-2.374,-0.667,-0.354,0.606,-7.42,-0.023,-1.618,-0.261,-0.431,0.887,-1.718,-0.122,-0.55,-0.261,-0.518,0.876,0.786,10.55,-1.527,0.182,-0.35,0.795,-1.885,1.519,1.84,izquierda
1780984375.5333128,-0.859,-0.219,0.544,0.481,6.794,0.939,-0.745,-0.353,0.579,-4.802,-1.534,-7.008,-0.071,-0.439,0.954,-23.366,-17.534,75.252,-0.28,-0.537,0.8,-5.618,5.74,2.649,0.67,-0.538,0.722,-5.679,-42.374,-71.534,izquierda
1780984375.6363456,-0.888,-0.215,0.341,-82.115,22.099,22.305,-0.927,-0.477,0.427,-88.389,-0.137,24.847,-0.289,-0.514,0.879,-58.229,-2.626,79.084,-0.3,-0.624,0.826,-60.305,-4.412,37.198,0.138,-0.223,0.805,22.641,-77.71,-60.809,izquierda
1780984375.7392085,-0.85,-0.265,0.515,-35.603,23.679,9.649,-0.796,-0.443,0.397,-48.618,12.565,10.58,-0.316,-0.462,0.874,-29.847,25.176,33.779,-0.386,-0.59,0.728,-35.527,20.458,23.42,0.378,-0.222,0.65,-7.74,-9.702,-27.038,izquierda
1780984375.8447518,-0.88,-0.274,0.368,-22.458,6.008,8.687,-0.747,-0.483,0.453,-43.664,5.321,20.947,-0.39,-0.446,0.721,-12.855,-7.87,17.947,-0.29,-0.576,0.771,-1.634,9.824,13.382,0.538,-0.255,0.673,-1.321,-11.618,-11.435,izquierda
1780984375.9482553,-0.873,-0.27,0.417,-4.771,0.634,1.107,-0.703,-0.434,0.483,-7.55,-9.435,0.634,-0.404,-0.475,0.773,-5.641,-0.977,-8.855,-0.322,-0.579,0.76,4.901,2.16,-9.588,0.481,-0.284,0.71,-9.298,4.55,5.099,izquierda
1780984376.0579894,-0.872,-0.249,0.423,-0.74,-9.237,-10.947,-0.707,-0.425,0.492,0.58,-6.939,-5.74,-0.396,-0.493,0.808,2.198,-12.496,-11.198,-0.309,-0.618,0.86,20.29,-18.924,-23.252,0.476,-0.281,0.689,-3.992,34.786,26.603,izquierda
1780984376.1561656,-0.848,-0.256,0.468,46.595,1.763,-7.74,-0.653,-0.419,0.55,-6.198,7.634,19.092,-0.32,-0.478,0.84,29.573,10.122,-43.084,-0.301,-0.556,0.809,27.931,12.481,-18.229,0.408,-0.357,0.757,14.962,49.893,81.885,izquierda
1780984376.2541952,-0.845,-0.226,0.435,44.947,-14.542,-10.931,-0.56,-0.39,0.628,42.076,-6.137,-11.427,-0.428,-0.498,0.77,38.687,2.916,-31.718,-0.265,-0.62,0.854,28.557,13.344,2.893,0.272,-0.342,0.74,19.405,23.687,54.557,izquierda
1780984376.3613563,-0.956,-0.146,0.21,59.412,27.74,3.13,-1.076,-0.37,0.188,53.664,-12.687,-12.092,-0.732,-0.446,0.714,37.076,6.137,-33.969,-0.392,-0.586,0.78,28.947,2.656,-0.878,0.184,-0.291,0.737,18.221,-11.565,36.74,izquierda
1780984376.4753177,-0.818,-0.155,0.561,11.282,-9.786,-3.053,-0.684,-0.281,0.63,3.634,-5.137,0.183,-0.323,-0.374,0.892,8.389,-2.992,-2.656,-0.265,-0.458,0.907,11.405,3.137,3.366,0.271,-0.349,0.775,1.489,-2.107,4.885,izquierda
1780984376.5773575,-0.795,-0.193,0.592,3.122,-6.847,-0.26,-0.654,-0.331,0.622,-4.58,-1.328,-2.618,-0.299,-0.399,0.885,-0.305,-0.679,-1.374,-0.295,-0.474,0.879,3.313,-1.084,-1.84,0.197,-0.323,0.802,3.824,9.328,8.58,izquierda
1780984376.6761696,-0.789,-0.198,0.595,1.183,-1.26,-1.115,-0.645,-0.328,0.632,-6.137,-0.466,-1.901,-0.291,-0.393,0.898,-1.962,0.298,-1.122,-0.271,-0.483,0.886,1.45,9.29,-0.748,0.21,-0.339,0.801,-0.87,3.824,-0.519,izquierda
1780984376.7796607,-0.795,-0.2,0.601,-0.008,1.466,-0.756,-0.652,-0.327,0.628,-7.344,1.519,-0.817,-0.286,-0.396,0.899,-0.435,-0.443,-0.443,-0.262,-0.474,0.899,2.519,7.206,0.038,0.267,-0.409,0.789,-2.282,3.405,-1.618,izquierda
1780984376.8777971,-0.799,-0.198,0.592,-0.672,2.374,-0.908,-0.659,-0.329,0.627,-7.55,1.466,-0.649,-0.291,-0.394,0.898,-1.092,0.435,-0.573,-0.271,-0.477,0.893,1.809,6.664,-0.069,0.203,-0.338,0.805,-0.458,1.45,0.053,izquierda
1780984379.5528846,-0.837,-0.196,0.529,-0.725,2.191,-0.618,-0.67,-0.352,0.594,-7.847,0.992,-0.939,-0.328,-0.43,0.861,-1.282,0.985,0.069,-0.278,-0.531,0.864,0.878,7.519,0.092,0.201,-0.343,0.791,-0.832,3.557,0.855,izquierda
1780984379.6534114,-0.843,-0.204,0.524,-0.954,3.206,-0.344,-0.675,-0.36,0.587,-7.26,0.702,-0.076,-0.332,-0.431,0.859,-0.695,0.061,0.634,-0.28,-0.532,0.862,2.076,6.29,-0.198,0.195,-0.357,0.795,-1.061,0.924,-0.374,izquierda
1780984379.7645257,-0.842,-0.204,0.53,-0.527,0.534,-0.191,-0.673,-0.355,0.593,-6.557,0.443,0.069,-0.318,-0.427,0.864,-0.26,0.588,0.595,-0.274,-0.531,0.868,1.458,8.336,0.443,0.186,-0.352,0.791,0.321,5.885,0.282,izquierda
1780984379.868122,-0.833,-0.198,0.531,-2.069,3.527,-0.916,-0.677,-0.354,0.589,-8.328,1.176,-1.061,-0.329,-0.429,0.858,-1.366,0.748,-0.206,-0.283,-0.534,0.854,0.809,6.626,-1.702,0.194,-0.353,0.788,-1.336,-1.313,0.802,izquierda
1780984379.9651597,-0.843,-0.208,0.529,-0.832,1.634,-1.351,-0.673,-0.353,0.592,-7.191,0.595,-0.359,-0.325,-0.427,0.862,-0.595,0.305,0.458,-0.276,-0.53,0.862,1.496,7.053,-0.71,0.196,-0.355,0.795,-0.298,2.435,-0.038,izquierda
1780984380.0661533,-0.838,-0.203,0.53,-0.267,4.061,0.321,-0.667,-0.357,0.618,-8.427,4.015,0.16,-0.345,-0.459,0.83,-5.122,8.313,2.786,-0.258,-0.447,0.764,-5.855,12.87,-1.565,0.184,-0.393,0.819,-1.687,10.214,-18.779,izquierda
1780984380.1794221,-0.964,-0.218,0.334,-45.756,18.122,10.45,-0.755,-0.404,0.422,-56.489,18.092,18.992,-0.592,-0.453,0.696,-52.29,2.015,63.176,-0.371,-0.673,0.72,-39.511,-9.916,26.359,0.236,-0.383,0.837,5.053,-52.221,-49.42,izquierda
1780984380.2730074,-0.915,-0.266,0.436,-94.878,14.542,13.412,-0.663,-0.469,0.558,-79.511,-10.023,18.672,-0.403,-0.513,0.777,-46.618,-23.534,43.611,-0.171,-0.602,0.841,-40.511,-26.359,22.557,0.157,-0.319,0.805,-33.069,-45.87,-72.282,izquierda
1780984380.3780808,-0.886,-0.271,0.447,-45.74,-0.855,5.374,-0.742,-0.489,0.487,-42.191,12.962,10.87,-0.372,-0.549,0.856,-5.534,3.122,22.679,-0.303,-0.612,0.801,-8.603,6.565,18.145,0.533,-0.334,0.641,3.16,-25.16,-31.053,izquierda
1780984380.477382,-0.858,-0.301,0.437,-5.29,4.336,1.137,-0.727,-0.452,0.419,-14.84,0.076,1.305,-0.4,-0.473,0.731,-1.504,4.069,5.664,-0.312,-0.615,0.734,-1.321,13.145,6.16,0.517,-0.285,0.678,1.794,-0.305,-3.076,izquierda
1780984380.5868042,-0.878,-0.285,0.379,-3.664,5.809,-1.786,-0.727,-0.455,0.417,-9.863,-3.855,-0.885,-0.385,-0.497,0.737,-2.802,-1.221,-10.962,-0.307,-0.617,0.745,5.481,11.649,-14.107,0.503,-0.286,0.682,-0.076,6.26,10.275,izquierda
1780984380.6835077,-0.86,-0.282,0.395,19.794,7.206,-9.779,-0.705,-0.465,0.469,-16.382,7.107,5.145,-0.35,-0.532,0.88,4.489,7.427,-42.58,-0.242,-0.589,0.787,20.565,-5.618,-14.794,0.379,-0.254,0.554,51.992,60.473,43.931,izquierda
1780984380.800024,-0.71,-0.247,0.347,133.344,-2.672,-5.405,-0.588,-0.417,0.404,112.672,28.153,-27.962,-0.345,-0.484,0.608,76.695,29.008,-69.053,-0.314,-0.58,0.622,48.733,64.046,-50.099,0.32,-0.29,0.79,-4.275,95.046,61.618,izquierda
1780984380.8896308,-1.007,-0.205,0.385,46.687,-8.229,-20.649,-0.865,-0.397,0.46,30.153,-6.0,-16.733,-0.567,-0.486,0.82,29.595,5.977,-18.962,-0.399,-0.65,0.763,20.511,13.954,-9.496,0.167,-0.302,0.82,-7.153,17.496,21.756,izquierda
1780984380.9990559,-0.824,-0.219,0.486,12.275,-2.626,-11.901,-0.672,-0.393,0.546,14.855,4.481,7.679,-0.283,-0.474,0.908,31.771,8.153,-24.565,-0.327,-0.572,0.882,27.809,6.473,8.634,0.168,-0.297,0.793,6.771,17.985,28.229,izquierda
1780984381.1047509,-0.851,-0.2,0.461,30.962,-11.916,-9.366,-0.763,-0.342,0.464,17.985,-10.603,8.885,-0.386,-0.429,0.825,33.122,3.198,-19.0,-0.344,-0.538,0.836,25.427,4.237,11.947,0.16,-0.323,0.836,3.145,4.237,15.809,izquierda
1780984381.208441,-0.802,-0.207,0.546,-1.405,-15.145,-0.931,-0.675,-0.359,0.59,3.092,-19.374,0.618,-0.42,-0.521,1.084,-3.947,-10.969,-2.221,-0.328,-0.524,0.902,0.74,-2.191,-0.473,0.164,-0.31,0.809,-4.863,1.939,-0.16,izquierda
1780984381.3057468,-0.827,-0.195,0.58,2.481,-2.702,0.374,-0.663,-0.332,0.612,-4.84,-2.153,-1.954,-0.291,-0.402,0.888,-0.046,-3.527,-1.641,-0.295,-0.496,0.877,2.351,1.137,-2.191,0.16,-0.31,0.809,-4.305,2.779,-1.992,izquierda
1780984381.404493,-0.812,-0.196,0.574,0.0,0.595,-0.023,-0.663,-0.329,0.612,-6.626,0.847,-0.679,-0.296,-0.407,0.883,-1.794,-2.588,-0.328,-0.291,-0.491,0.872,2.099,4.679,-0.229,0.175,-0.317,0.813,-0.992,2.023,-0.26,izquierda
1780984381.5079157,-0.812,-0.189,0.581,-0.794,1.649,-0.229,-0.666,-0.333,0.614,-7.26,1.137,-0.267,-0.292,-0.404,0.893,-0.87,0.176,0.275,-0.293,-0.495,0.882,2.221,6.718,-0.046,0.169,-0.312,0.805,-0.145,2.641,0.107,izquierda
1780984384.1852286,-0.817,-0.195,0.563,-0.534,1.908,-0.084,-0.675,-0.34,0.597,-6.916,0.878,0.305,-0.297,-0.416,0.886,-0.275,0.519,0.374,-0.292,-0.504,0.874,2.084,7.382,0.29,0.155,-0.329,0.807,-0.725,1.87,-0.435,izquierda
1780984384.3021054,-0.818,-0.196,0.561,-1.405,2.038,-1.183,-0.675,-0.344,0.595,-7.061,0.565,-0.443,-0.298,-0.42,0.878,-0.519,-0.214,0.817,-0.292,-0.502,0.867,1.473,7.145,-0.771,0.153,-0.325,0.804,-0.725,2.29,-0.397,izquierda
1780984384.3974278,-0.818,-0.192,0.567,-2.649,2.229,-2.321,-0.677,-0.34,0.589,-7.588,1.031,-1.023,-0.306,-0.414,0.869,-1.756,0.832,-0.443,-0.289,-0.506,0.879,0.748,7.374,-1.366,0.162,-0.352,0.808,-2.649,-2.443,0.16,izquierda
1780984384.49851,-0.818,-0.195,0.562,-0.908,2.191,-0.412,-0.673,-0.344,0.596,-7.282,0.481,-0.252,-0.3,-0.42,0.882,-0.298,0.389,-0.069,-0.294,-0.507,0.868,1.458,6.237,-0.573,0.15,-0.328,0.806,-1.328,1.733,-0.099,izquierda
1780984384.6020646,-0.823,-0.198,0.561,-0.053,1.847,1.16,-0.669,-0.341,0.598,-6.969,0.664,0.328,-0.292,-0.415,0.88,0.473,-0.053,1.046,-0.29,-0.508,0.874,2.214,7.534,0.305,0.153,-0.332,0.8,-0.137,3.015,-0.641,izquierda
1780984384.700647,-0.819,-0.195,0.559,-1.58,1.344,-1.489,-0.674,-0.339,0.601,-7.084,0.008,-1.0,-0.298,-0.42,0.882,-1.061,-0.412,-0.435,-0.286,-0.503,0.872,1.023,5.924,-1.282,0.158,-0.331,0.81,-0.794,1.053,0.565,izquierda
1780984384.8034332,-0.819,-0.194,0.561,-1.893,1.863,-1.664,-0.672,-0.342,0.596,-7.328,0.206,-0.931,-0.291,-0.422,0.879,-0.985,-0.046,-0.366,-0.288,-0.51,0.871,1.588,5.954,-1.107,0.156,-0.323,0.81,-0.435,2.397,0.015,izquierda
1780984384.927188,-0.815,-0.196,0.567,-2.985,8.511,0.977,-0.707,-0.287,0.651,-11.634,3.954,-1.565,-0.268,-0.495,0.781,-20.771,-8.855,44.687,-0.224,-0.474,0.81,-13.947,11.893,-3.45,0.168,-0.342,0.826,-2.42,-12.458,-16.725,izquierda
1780984385.0100799,-0.859,-0.188,0.472,-71.13,28.344,14.351,-0.84,-0.373,0.369,-37.992,16.893,-13.122,-0.31,-0.508,0.738,-66.565,-38.366,67.87,-0.355,-0.571,0.745,-41.626,-11.412,-0.389,0.127,-0.365,0.831,-51.534,-17.824,-49.252,izquierda
1780984385.1131074,-0.797,-0.187,0.456,-89.26,18.847,19.115,-0.641,-0.495,0.671,-72.733,-12.664,20.122,-0.496,-0.519,0.747,-69.901,-29.511,46.725,-0.239,-0.547,0.861,-40.71,-21.359,29.069,0.271,-0.428,0.781,-30.718,-44.305,-60.534,izquierda
1780984385.2274885,-0.761,-0.269,0.502,-77.267,7.038,10.786,-0.725,-0.479,0.419,-71.969,-0.656,16.443,-0.257,-0.463,0.907,-32.855,-13.649,19.878,-0.211,-0.634,0.831,-31.779,9.122,14.786,0.39,-0.426,0.713,-9.221,-47.695,-47.0,izquierda
1780984385.3190093,-0.82,-0.293,0.462,-43.985,-3.802,0.725,-0.624,-0.453,0.513,-31.817,-0.649,2.931,-0.367,-0.498,0.798,-17.031,20.42,11.206,-0.247,-0.624,0.745,-15.206,9.344,11.26,0.507,-0.35,0.64,6.702,-14.405,-10.405,izquierda
1780984385.4219303,-0.883,-0.297,0.377,-2.618,2.504,-0.389,-0.718,-0.465,0.442,-7.618,0.71,-0.489,-0.411,-0.53,0.764,0.359,-2.473,-0.809,-0.31,-0.668,0.73,4.557,5.519,-3.618,0.519,-0.371,0.663,4.267,5.115,4.26,izquierda
1780984385.5344915,-0.873,-0.294,0.385,-0.847,13.534,2.206,-0.721,-0.461,0.428,-12.977,9.847,0.832,-0.221,-0.545,0.813,3.466,-1.603,-20.374,-0.255,-0.668,0.783,23.275,-6.679,-19.275,0.476,-0.382,0.69,61.374,12.282,47.473,izquierda
1780984385.6347246,-0.776,-0.399,0.653,88.702,8.557,-18.58,-0.57,-0.456,0.615,66.336,15.817,-24.794,0.016,-0.503,0.937,43.267,20.992,-63.084,-0.102,-0.552,0.822,35.542,53.947,-39.901,0.48,-0.228,0.651,33.603,77.061,67.328,izquierda
1780984385.7307944,-0.953,-0.25,0.254,78.534,-3.359,-13.092,-0.789,-0.421,0.384,56.908,1.687,-18.389,-0.71,-0.59,0.586,27.321,5.168,-19.053,-0.422,-0.696,0.702,17.313,18.878,-17.511,0.248,-0.346,0.864,-9.099,27.855,20.107,izquierda
1780984385.833914,-0.82,-0.22,0.456,39.702,-9.672,-6.099,-0.668,-0.397,0.505,29.267,-8.336,-11.519,-0.318,-0.49,0.851,22.748,3.672,-26.771,-0.286,-0.598,0.813,15.763,19.321,1.832,0.207,-0.318,0.815,0.779,25.603,16.099,izquierda
1780984385.9432154,-0.86,-0.203,0.472,39.679,-11.878,-7.809,-0.741,-0.382,0.504,40.824,-2.206,-8.901,-0.349,-0.472,0.804,55.725,4.374,-25.519,-0.365,-0.576,0.834,35.092,16.603,-1.092,0.162,-0.321,0.816,2.221,16.954,22.13,izquierda
1780984386.039684,-0.805,-0.175,0.476,18.985,-8.748,-12.038,-0.662,-0.361,0.517,5.481,-6.099,14.198,-0.395,-0.422,0.852,6.672,1.473,-15.55,-0.392,-0.528,0.79,17.832,-1.023,-1.939,0.146,-0.325,0.825,-6.733,-1.84,-1.198,izquierda
1780984388.830629,-0.824,-0.198,0.549,-1.29,1.794,-0.229,-0.675,-0.349,0.592,-7.252,0.221,-0.618,-0.296,-0.422,0.881,-0.427,-0.55,0.427,-0.282,-0.509,0.877,1.29,6.71,-1.0,0.17,-0.344,0.805,-1.336,1.397,-0.71,izquierda
1780984388.9315884,-0.827,-0.2,0.549,-1.412,1.252,-1.611,-0.675,-0.35,0.59,-7.183,0.13,-1.336,-0.297,-0.424,0.872,-1.198,0.099,-0.794,-0.279,-0.512,0.87,0.763,6.29,-1.237,0.167,-0.347,0.794,-1.656,1.817,0.252,izquierda
1780984389.0325942,-0.829,-0.208,0.554,-0.237,2.359,0.26,-0.677,-0.349,0.59,-7.053,0.931,0.046,-0.297,-0.429,0.875,-0.427,0.229,0.267,-0.277,-0.511,0.873,1.771,6.473,-0.382,0.166,-0.354,0.796,-0.649,1.985,-0.351,izquierda
1780984389.1359851,-0.823,-0.199,0.55,-0.908,1.802,-0.42,-0.678,-0.347,0.592,-7.328,1.26,0.061,-0.297,-0.426,0.876,-0.221,0.435,0.771,-0.279,-0.513,0.87,1.42,8.756,0.397,0.17,-0.353,0.795,-0.687,3.107,-0.786,izquierda
1780984389.2423608,-0.823,-0.2,0.547,-1.382,0.733,-2.084,-0.676,-0.351,0.586,-7.137,0.244,-0.634,-0.298,-0.426,0.881,-0.939,0.779,-0.191,-0.276,-0.513,0.875,1.198,6.885,-0.901,0.17,-0.356,0.786,-1.061,2.305,0.053,izquierda
1780984389.3444502,-0.828,-0.208,0.554,-0.679,2.649,-1.504,-0.677,-0.356,0.594,-7.153,-0.099,-0.832,-0.301,-0.427,0.88,-0.42,-0.008,-0.695,-0.279,-0.515,0.873,1.489,6.351,-1.069,0.169,-0.362,0.799,-1.252,1.031,-0.45,izquierda
1780984389.450187,-0.824,-0.203,0.546,-0.305,0.771,0.733,-0.674,-0.347,0.593,-6.74,0.588,0.244,-0.298,-0.426,0.875,0.183,0.168,0.908,-0.277,-0.51,0.869,2.137,7.237,0.099,0.171,-0.355,0.802,0.16,4.237,-0.511,izquierda
1780984389.5420685,-0.829,-0.201,0.546,-0.855,1.176,-0.031,-0.676,-0.349,0.59,-6.802,0.366,-0.29,-0.297,-0.421,0.883,-0.427,0.115,0.405,-0.282,-0.51,0.873,1.458,6.802,0.015,0.17,-0.354,0.797,-0.878,1.931,-0.29,izquierda
1780984389.6554072,-0.825,-0.195,0.553,-1.466,-0.076,-1.985,-0.677,-0.352,0.595,-7.687,0.939,-0.847,-0.301,-0.435,0.885,-1.206,0.763,-1.702,-0.288,-0.521,0.868,0.824,11.832,1.527,0.306,-0.38,0.751,7.748,-8.725,0.557,izquierda
1780984389.748274,-0.915,-0.255,0.531,-76.824,8.405,16.725,-0.983,-0.442,0.228,-85.939,28.008,24.42,-0.133,-0.519,0.821,-90.107,-21.305,101.328,-0.626,-0.644,0.599,-80.244,-5.092,30.809,0.156,-0.394,0.809,-87.557,-48.595,-94.87,izquierda
1780984389.8591733,-0.813,-0.325,0.559,-118.26,10.618,17.229,-0.669,-0.467,0.617,-104.29,-12.328,24.969,-0.116,-0.505,0.959,-57.519,-19.672,46.046,-0.134,-0.526,0.927,-50.87,-1.29,23.305,0.328,-0.345,0.756,-35.023,-58.046,-70.489,izquierda
1780984389.953859,-0.842,-0.337,0.549,-29.672,-3.29,4.511,-0.698,-0.49,0.569,-34.084,-5.931,8.076,-0.322,-0.527,0.852,-20.878,1.221,12.718,-0.281,-0.584,0.732,-19.58,3.229,16.321,0.52,-0.369,0.631,0.42,-19.168,-13.321,izquierda
1780984390.0571027,-0.878,-0.295,0.383,-5.122,6.496,0.901,-0.719,-0.453,0.443,-10.947,4.359,2.008,-0.394,-0.545,0.805,7.321,0.588,-1.901,-0.309,-0.658,0.774,14.55,1.687,-3.031,0.531,-0.358,0.659,12.779,8.565,5.679,izquierda
1780984390.16057,-0.893,-0.403,0.667,74.679,1.901,-1.519,-0.77,-0.502,0.53,56.74,7.42,3.092,-0.239,-0.538,0.92,54.733,5.672,-64.275,-0.21,-0.578,0.9,126.718,-10.672,-12.122,0.497,-0.185,0.829,108.229,61.405,25.985,izquierda
1780984390.2741692,-0.727,-0.247,0.437,148.527,6.748,-27.183,-0.58,-0.361,0.416,123.061,35.473,-47.061,-0.39,-0.416,0.644,89.237,43.962,-92.885,-0.439,-0.513,0.654,67.565,61.84,-73.817,0.353,-0.373,0.847,18.336,115.427,84.023,izquierda
1780984390.3756764,-0.876,-0.23,0.439,42.084,-44.634,-16.137,-0.71,-0.37,0.49,22.481,-41.947,7.496,-0.372,-0.435,0.785,25.916,-47.374,-21.26,-0.262,-0.475,0.855,18.305,-25.313,13.504,0.152,-0.267,0.71,5.405,-15.183,15.0,izquierda
1780984390.469273,-0.843,-0.208,0.557,1.489,-9.107,1.84,-0.667,-0.343,0.618,1.015,-8.695,3.458,-0.33,-0.417,0.866,14.519,-7.069,-0.771,-0.246,-0.48,0.92,8.527,-0.344,0.267,0.166,-0.323,0.818,-0.321,0.924,0.321,izquierda
1780984390.5899653,-0.821,-0.193,0.56,-0.275,-3.672,-1.405,-0.674,-0.332,0.602,-5.382,-0.351,-0.878,-0.31,-0.397,0.886,0.916,-0.511,-0.435,-0.263,-0.46,0.91,3.038,6.191,-0.687,0.158,-0.317,0.808,0.405,3.023,-0.061,izquierda
1780984390.6782067,-0.823,-0.199,0.558,0.977,0.931,-0.405,-0.677,-0.331,0.597,-6.374,0.557,-0.435,-0.309,-0.393,0.883,0.511,-0.405,-0.092,-0.248,-0.458,0.913,2.13,5.954,-0.649,0.16,-0.321,0.807,-1.542,1.328,-0.458,izquierda
1780984393.4637387,-0.823,-0.2,0.562,-1.29,0.969,-2.183,-0.677,-0.333,0.589,-7.252,0.244,-0.87,-0.307,-0.417,0.873,-0.611,-0.267,-0.504,-0.239,-0.484,0.904,1.427,6.87,-0.748,0.15,-0.334,0.82,-1.0,2.336,-0.122,izquierda
1780984393.5680192,-0.819,-0.198,0.565,-0.84,1.687,-0.031,-0.68,-0.343,0.592,-7.344,0.908,0.046,-0.305,-0.413,0.88,-0.214,0.832,0.473,-0.245,-0.483,0.9,1.863,7.389,0.397,0.157,-0.327,0.804,-0.672,2.557,-0.656,izquierda
1780984393.6624024,-0.815,-0.195,0.565,-1.099,1.153,-0.771,-0.682,-0.341,0.59,-6.947,0.16,-0.458,-0.304,-0.412,0.881,-0.542,0.466,0.527,-0.239,-0.481,0.901,1.55,7.55,0.313,0.152,-0.33,0.804,-0.779,3.26,-0.29,izquierda
1780984393.7677696,-0.817,-0.201,0.567,-1.481,1.122,-1.802,-0.68,-0.34,0.589,-6.893,0.244,-0.87,-0.303,-0.413,0.885,-0.832,-0.573,0.084,-0.24,-0.483,0.902,1.252,7.16,-0.908,0.149,-0.326,0.806,-0.962,2.0,0.412,izquierda
1780984393.8793235,-0.818,-0.199,0.563,-0.74,1.588,-0.107,-0.683,-0.343,0.589,-7.244,0.641,-0.053,-0.306,-0.413,0.878,-0.267,0.817,0.244,-0.238,-0.482,0.898,2.046,7.069,-0.519,0.154,-0.329,0.804,-0.771,1.885,-0.389,izquierda
1780984393.9740717,-0.818,-0.195,0.567,-0.26,2.084,0.412,-0.683,-0.342,0.587,-6.947,0.908,0.443,-0.305,-0.413,0.875,-0.031,-0.107,0.015,-0.245,-0.482,0.903,2.458,6.908,-0.069,0.156,-0.33,0.811,-0.366,3.351,-0.817,izquierda
1780984394.0744052,-0.825,-0.195,0.569,-0.641,1.137,-2.763,-0.682,-0.339,0.583,-7.237,1.763,-2.74,-0.306,-0.411,0.874,-8.115,-2.351,-2.221,-0.248,-0.482,0.902,-6.71,10.496,-3.145,0.155,-0.344,0.818,-4.267,-3.595,-9.176,izquierda
1780984394.1830845,-0.971,-0.232,0.632,-81.55,54.42,28.115,-0.75,-0.363,0.513,-25.198,18.0,-23.359,-0.724,-0.501,0.749,-44.412,-5.756,57.557,-0.337,-0.541,0.814,-40.733,-4.069,-5.275,0.209,-0.328,0.747,-33.664,-16.252,-52.206,izquierda
1780984394.2894154,-0.893,-0.238,0.409,-101.298,19.076,25.504,-0.629,-0.473,0.458,-99.947,-13.298,25.847,-0.482,-0.543,0.75,-62.557,-21.115,62.374,-0.176,-0.648,0.838,-54.176,-28.977,43.977,0.416,-0.464,0.9,-90.015,-36.985,-82.771,izquierda
1780984394.3832576,-0.83,-0.318,0.495,-105.313,-0.74,13.573,-0.617,-0.366,0.393,-79.473,-14.87,14.855,-0.457,-0.54,0.794,-43.672,-38.481,51.771,-0.278,-0.558,0.785,-45.252,-17.649,38.092,0.091,-0.385,0.632,-33.397,-62.672,-68.221,izquierda
1780984394.4907117,-0.848,-0.369,0.454,-40.733,-9.519,5.122,-0.697,-0.469,0.426,-34.656,-2.687,12.191,-0.205,-0.527,0.897,-12.061,-15.802,15.901,-0.26,-0.62,0.793,-19.481,8.084,27.969,0.565,-0.436,0.618,7.168,-25.489,-6.969,izquierda
1780984394.5894141,-0.879,-0.326,0.383,-7.779,-1.458,0.733,-0.651,-0.46,0.509,-9.611,-3.145,1.595,-0.376,-0.532,0.766,-5.122,4.817,9.855,-0.271,-0.639,0.759,2.275,7.885,1.84,0.592,-0.409,0.598,4.679,5.603,1.565,izquierda
1780984394.6923785,-0.862,-0.309,0.383,0.954,15.626,6.313,-0.708,-0.462,0.454,-13.656,6.626,2.176,-0.373,-0.528,0.785,-10.924,16.305,6.695,-0.294,-0.635,0.785,15.153,-5.176,-8.504,0.51,-0.429,0.626,49.221,37.786,35.473,izquierda
1780984394.8106556,-0.744,-0.426,0.675,77.893,-14.061,-13.687,-0.374,-0.563,0.983,41.878,17.733,-5.595,-0.142,-0.48,0.875,54.244,35.725,-59.977,0.024,-0.607,0.891,46.634,41.702,-47.443,0.557,-0.297,0.559,49.328,61.565,82.725,izquierda
1780984394.8982866,-0.809,-0.343,0.435,134.557,-4.084,-33.214,-0.797,-0.536,0.351,108.168,19.954,-34.931,-0.447,-0.522,0.687,68.809,26.328,-76.344,-0.292,-0.636,0.718,54.969,46.901,-31.885,0.24,-0.363,0.798,21.374,73.466,49.008,izquierda
1780984395.0121226,-0.895,-0.19,0.393,64.092,-18.71,-13.015,-0.849,-0.391,0.383,53.71,-27.328,-15.397,-0.252,-0.437,0.901,47.687,-1.328,-35.176,-0.399,-0.545,0.762,51.053,12.344,1.298,0.192,-0.352,0.823,1.786,6.053,12.786,izquierda
1780984395.1052706,-0.841,-0.198,0.529,7.954,-20.282,1.466,-0.699,-0.346,0.54,14.366,-19.542,4.611,-0.357,-0.382,0.872,28.412,-1.336,-1.0,-0.305,-0.472,0.883,47.458,-2.656,4.412,0.156,-0.324,0.814,4.809,8.511,7.092,izquierda
1780984395.2079613,-0.821,-0.203,0.561,4.908,-17.489,-1.42,-0.644,-0.313,0.648,2.695,-6.115,2.55,-0.319,-0.38,0.892,11.756,-8.458,-1.183,-0.281,-0.42,0.915,9.649,0.244,1.87,0.125,-0.326,0.8,-0.595,5.405,0.031,izquierda
1780984395.317978,-0.814,-0.187,0.581,1.893,-4.58,-1.298,-0.664,-0.315,0.626,-5.305,-2.878,-1.45,-0.3,-0.367,0.902,0.534,-3.504,-1.924,-0.266,-0.41,0.927,2.847,-0.252,-1.802,0.16,-0.329,0.804,-2.321,2.771,-2.206,izquierda
1780984395.4137063,-0.813,-0.186,0.579,-0.115,1.16,-0.962,-0.659,-0.316,0.627,-7.603,-0.153,-0.954,-0.297,-0.376,0.899,-0.84,-1.053,-1.053,-0.262,-0.406,0.935,1.847,3.786,-0.359,0.164,-0.333,0.809,-1.435,2.802,-1.122,izquierda
