timestamp,pulgar_ax,pulgar_ay,pulgar_az,pulgar_gx,pulgar_gy,pulgar_gz,indice_ax,indice_ay,indice_az,indice_gx,indice_gy,indice_gz,medio_ax,medio_ay,medio_az,medio_gx,medio_gy,medio_gz,anular_ax,anular_ay,anular_az,anular_gx,anular_gy,anular_gz,menique_ax,menique_ay,menique_az,menique_gx,menique_gy,menique_gz,gesto
1780984736.8762302,-0.818,-0.186,0.567,-1.702,2.443,-1.695,-0.665,-0.33,0.615,-7.405,0.405,-0.374,-0.304,-0.398,0.886,-1.13,1.099,0.191,-0.26,-0.473,0.896,1.611,7.435,-0.412,0.17,-0.356,0.786,-0.908,3.687,0.359,start
1780984736.9890037,-0.82,-0.183,0.565,-1.13,2.481,0.321,-0.664,-0.326,0.62,-7.321,0.168,0.115,-0.315,-0.396,0.887,-0.221,-0.084,0.885,-0.255,-0.472,0.9,1.916,6.87,-0.634,0.167,-0.357,0.793,-0.779,0.618,0.023,start
1780984737.082618,-0.818,-0.181,0.565,-1.16,0.908,-1.069,-0.666,-0.329,0.619,-7.198,0.015,-0.885,-0.311,-0.394,0.885,-0.313,0.504,-0.496,-0.264,-0.474,0.894,1.565,6.634,-1.328,0.173,-0.362,0.788,-1.0,1.985,0.015,start
1780984737.1852763,-0.827,-0.194,0.565,-1.145,0.931,-1.405,-0.656,-0.323,0.616,-6.931,-0.153,-0.763,-0.306,-0.395,0.886,-0.496,-0.214,0.305,-0.256,-0.473,0.902,1.84,7.046,0.588,0.163,-0.357,0.791,-0.084,4.55,0.29,start
1780984737.2917528,-0.83,-0.191,0.556,-0.664,2.031,-0.137,-0.666,-0.327,0.613,-6.55,-0.321,-0.481,-0.305,-0.396,0.89,-0.053,-0.954,-0.618,-0.258,-0.47,0.909,2.198,6.092,-0.565,0.173,-0.359,0.797,-0.137,0.786,0.313,start
1780984737.3915646,-0.824,-0.186,0.566,-0.969,2.344,-0.756,-0.667,-0.33,0.613,-7.107,0.145,-0.374,-0.306,-0.396,0.885,-0.649,-0.16,-0.412,-0.259,-0.472,0.911,2.336,5.359,-0.305,0.181,-0.358,0.787,-0.443,2.229,-0.069,start
1780984737.494653,-0.819,-0.184,0.563,-0.779,3.015,-0.374,-0.662,-0.322,0.614,-7.145,0.496,0.008,-0.312,-0.401,0.886,-0.374,-0.71,0.412,-0.261,-0.474,0.899,1.641,6.122,-0.061,0.175,-0.362,0.785,-0.656,1.527,0.015,start
1780984737.5976129,-0.82,-0.183,0.568,-0.55,1.557,-0.183,-0.666,-0.328,0.615,-7.145,0.374,-0.496,-0.311,-0.398,0.884,-0.557,-0.206,-0.267,-0.261,-0.471,0.899,1.847,6.412,-0.786,0.174,-0.361,0.794,-0.756,1.885,-0.191,start
1780984737.7010076,-0.82,-0.187,0.57,-0.672,1.916,-0.863,-0.664,-0.328,0.618,-7.489,0.252,-0.321,-0.307,-0.404,0.884,-1.084,0.344,0.198,-0.261,-0.47,0.904,1.809,6.679,-1.046,0.169,-0.357,0.796,-0.817,2.229,-0.107,start
1780984737.8043149,-0.821,-0.192,0.57,-1.122,1.061,-0.229,-0.659,-0.327,0.619,-7.107,0.237,-0.489,-0.305,-0.396,0.882,-0.206,-0.145,0.496,-0.257,-0.472,0.9,1.969,6.664,-0.748,0.167,-0.363,0.794,-0.45,2.336,0.069,start
1780984737.9202435,-0.816,-0.184,0.561,-0.985,1.626,-1.206,-0.666,-0.324,0.615,-6.817,0.153,-0.458,-0.304,-0.396,0.887,-0.611,0.397,-0.16,-0.258,-0.469,0.899,1.832,6.969,-0.527,0.17,-0.357,0.786,-0.038,3.053,0.038,start
1780984738.0098264,-0.823,-0.185,0.566,-1.168,2.053,-1.069,-0.658,-0.33,0.618,-7.023,0.229,-0.29,-0.309,-0.399,0.885,-0.557,0.244,-0.076,-0.26,-0.471,0.901,1.718,6.176,-0.282,0.179,-0.364,0.795,-0.565,2.221,0.0,start
1780984738.1159031,-0.821,-0.184,0.572,-1.45,1.725,-0.901,-0.665,-0.324,0.616,-7.405,0.229,-0.542,-0.305,-0.396,0.882,-0.649,0.366,-0.023,-0.263,-0.47,0.897,2.198,6.962,-0.183,0.176,-0.359,0.775,-0.748,2.29,-0.344,start
1780984738.2212908,-0.82,-0.181,0.565,-1.328,1.511,-1.069,-0.668,-0.329,0.613,-7.244,0.183,-0.427,-0.31,-0.394,0.881,-0.733,0.328,-0.336,-0.261,-0.473,0.897,1.969,6.679,-0.031,0.177,-0.366,0.787,-0.557,2.473,0.115,start
1780984738.31976,-0.821,-0.186,0.571,-0.794,1.603,-1.122,-0.665,-0.327,0.621,-7.382,0.344,-0.29,-0.31,-0.396,0.888,-0.351,-0.053,0.214,-0.259,-0.47,0.902,1.802,7.313,0.221,0.174,-0.358,0.785,-0.824,1.985,0.076,start
1780984738.4253795,-0.821,-0.184,0.568,-0.824,1.809,-0.534,-0.662,-0.326,0.619,-7.29,0.382,-0.099,-0.31,-0.394,0.896,-0.71,0.229,0.336,-0.261,-0.477,0.903,1.824,7.29,0.115,0.171,-0.363,0.789,-0.702,1.634,0.206,start
1780984738.5364451,-0.834,-0.183,0.55,-4.397,5.702,-1.13,-0.655,-0.331,0.624,-9.641,0.137,0.534,-0.298,-0.407,0.877,1.42,-1.038,2.725,-0.207,-0.474,0.878,3.931,4.939,1.878,-0.08,-0.737,1.549,184.229,-54.321,99.176,start
1780984738.627442,-0.836,-0.177,0.552,-4.969,18.053,5.794,-0.677,-0.333,0.602,-10.473,2.542,2.298,-0.333,-0.393,0.876,-0.802,8.252,4.672,-0.286,-0.462,0.927,10.557,7.611,9.473,0.245,0.013,0.707,119.336,-5.733,8.374,start
1780984738.7303455,-0.849,-0.177,0.522,-3.26,9.336,3.496,-0.67,-0.327,0.602,-9.84,2.198,1.573,-0.343,-0.392,0.877,-1.954,8.733,4.359,-0.29,-0.442,0.906,4.595,13.458,6.733,0.232,0.127,0.792,44.42,8.374,1.588,start
1780984741.4098198,-0.817,-0.177,0.572,-0.496,1.527,-1.061,-0.659,-0.324,0.632,-7.015,0.214,0.282,-0.304,-0.385,0.89,-0.908,-0.046,0.595,-0.247,-0.442,0.924,2.099,6.855,0.198,0.14,-0.32,0.806,-0.26,2.954,-0.038,start
1780984741.5169034,-0.819,-0.174,0.568,0.168,1.542,0.008,-0.65,-0.328,0.633,-6.786,0.267,0.046,-0.306,-0.386,0.895,-0.496,0.55,0.687,-0.251,-0.447,0.915,2.145,7.29,-0.275,0.135,-0.32,0.808,-0.427,2.0,-0.145,start
1780984741.6244884,-0.818,-0.176,0.566,-0.641,1.0,-0.916,-0.652,-0.33,0.63,-7.603,0.389,-0.908,-0.31,-0.385,0.887,-0.679,-0.244,-0.122,-0.248,-0.445,0.919,1.74,6.809,-0.687,0.14,-0.316,0.815,-0.588,2.397,-0.031,start
1780984741.7176163,-0.821,-0.177,0.572,-1.107,2.221,-1.519,-0.65,-0.323,0.629,-7.176,0.511,-0.13,-0.307,-0.384,0.891,-0.748,0.626,0.534,-0.248,-0.448,0.913,1.412,7.847,0.359,0.134,-0.318,0.815,-0.489,2.947,-0.092,start
1780984741.82351,-0.819,-0.174,0.572,-0.397,0.626,0.321,-0.652,-0.322,0.632,-7.053,0.244,-0.221,-0.302,-0.383,0.894,-0.496,-0.282,0.321,-0.248,-0.446,0.925,1.954,7.038,0.122,0.133,-0.325,0.814,0.015,2.092,0.115,start
1780984741.9378529,-0.802,-0.179,0.582,-5.298,10.038,0.763,-0.653,-0.328,0.638,-12.267,4.779,1.626,-0.317,-0.389,0.877,-2.389,8.313,3.878,-0.268,-0.449,0.909,1.382,12.878,4.802,0.222,-0.226,0.773,127.405,-28.748,14.053,start
1780984742.0360646,-0.83,-0.176,0.549,-6.626,13.672,1.863,-0.646,-0.33,0.633,-12.29,7.382,1.664,-0.332,-0.386,0.878,-2.557,7.611,3.832,-0.262,-0.434,0.923,4.87,13.817,7.443,0.179,0.04,0.771,76.42,-11.168,-5.565,start
1780984742.1300385,-0.84,-0.175,0.53,-3.321,8.389,2.763,-0.668,-0.334,0.606,-9.26,2.252,1.573,-0.355,-0.377,0.861,1.336,1.802,1.473,-0.296,-0.44,0.898,8.237,10.389,1.16,0.192,0.143,0.757,27.321,5.672,7.137,start
1780984742.23326,-0.844,-0.176,0.535,-1.084,2.603,-1.336,-0.66,-0.332,0.613,-6.321,-0.718,-0.687,-0.332,-0.381,0.887,0.992,-1.344,0.046,-0.278,-0.427,0.921,3.275,4.198,0.206,0.232,0.143,0.804,4.87,4.0,0.87,start
1780984742.3438601,-0.843,-0.176,0.521,-0.183,-2.122,-0.908,-0.663,-0.329,0.61,-4.855,-2.107,-1.244,-0.325,-0.382,0.893,0.542,-3.008,-1.557,-0.27,-0.434,0.934,2.137,1.466,-1.244,0.228,0.142,0.802,-7.405,1.893,-1.153,start
1780984742.4557679,-0.843,-0.182,0.527,2.084,-8.252,-1.359,-0.685,-0.318,0.572,-2.534,-13.321,-1.534,-0.337,-0.383,0.883,6.053,-10.573,-4.832,-0.259,-0.432,0.931,7.702,-5.672,-7.511,0.207,0.074,0.88,-49.718,6.221,0.748,start
1780984742.5433123,-0.842,-0.177,0.555,6.092,-19.42,-3.519,-0.651,-0.324,0.646,0.069,-14.924,-2.481,-0.294,-0.377,0.907,1.634,-15.672,-6.71,-0.241,-0.422,0.937,5.344,-11.519,-5.13,0.195,-0.273,0.913,-153.786,23.435,-26.565,start
1780984742.6530638,-0.819,-0.174,0.575,-0.13,1.74,-0.847,-0.646,-0.322,0.635,-6.557,-0.214,-0.748,-0.304,-0.375,0.889,-0.611,-1.427,-0.55,-0.256,-0.427,0.93,-2.702,5.29,-2.84,0.109,-0.377,1.049,-91.809,16.061,-24.351,start
1780984742.7612116,-0.813,-0.173,0.578,-0.427,-0.977,-1.947,-0.643,-0.322,0.641,-6.847,-0.084,-0.748,-0.294,-0.381,0.898,-0.916,0.954,-0.656,-0.237,-0.436,0.925,0.481,8.42,-0.084,0.139,-0.313,0.821,-4.336,2.008,-0.458,start
1780984742.8558884,-0.816,-0.173,0.572,-0.779,1.763,-0.229,-0.646,-0.322,0.632,-6.84,0.366,-0.466,-0.297,-0.376,0.901,-0.763,0.427,-0.16,-0.241,-0.435,0.929,1.328,6.481,-0.229,0.135,-0.31,0.812,-1.145,1.244,-0.473,start
1780984742.9602716,-0.818,-0.174,0.57,-1.198,0.718,-1.221,-0.648,-0.319,0.637,-7.008,0.542,-0.435,-0.299,-0.381,0.898,-0.702,0.076,0.344,-0.239,-0.436,0.932,1.42,6.718,-0.328,0.133,-0.311,0.811,-0.962,2.748,-0.565,start
1780984743.0567548,-0.816,-0.176,0.573,-0.809,1.687,-0.687,-0.645,-0.322,0.645,-7.298,0.672,-0.55,-0.299,-0.381,0.894,-0.977,1.29,0.137,-0.242,-0.437,0.924,0.809,7.786,-0.511,0.149,-0.302,0.828,-2.122,2.763,-0.702,start
1780984743.1653628,-0.819,-0.174,0.575,-0.176,1.023,0.435,-0.645,-0.317,0.638,-7.092,0.321,-0.366,-0.296,-0.38,0.902,-0.771,0.389,0.26,-0.242,-0.437,0.924,1.504,6.802,-0.527,0.132,-0.315,0.816,-1.733,2.664,-0.695,start
1780984743.2697563,-0.821,-0.175,0.573,-0.992,2.145,-1.328,-0.645,-0.322,0.635,-7.069,0.344,-0.802,-0.294,-0.383,0.895,-0.145,-0.824,-0.397,-0.241,-0.439,0.928,1.626,6.595,-0.763,0.135,-0.32,0.813,-0.893,2.504,0.092,start
1780984743.3784292,-0.819,-0.178,0.578,-0.901,1.115,-0.71,-0.646,-0.321,0.641,-7.092,0.55,-0.817,-0.296,-0.378,0.902,-0.42,0.55,-0.802,-0.244,-0.442,0.93,1.893,7.382,-1.069,0.132,-0.317,0.802,-0.847,1.916,0.267,start
1780984746.0437374,-0.821,-0.178,0.571,-1.382,1.328,-1.817,-0.645,-0.324,0.631,-7.26,0.153,-0.794,-0.307,-0.384,0.892,-0.672,0.351,-0.489,-0.247,-0.444,0.919,1.397,6.748,-0.466,0.135,-0.321,0.805,-0.71,1.504,0.366,start
1780984746.1471856,-0.821,-0.18,0.571,-0.504,1.954,0.069,-0.65,-0.327,0.633,-6.962,0.191,0.176,-0.302,-0.381,0.895,-0.573,0.198,0.328,-0.25,-0.444,0.915,2.046,6.489,-0.397,0.136,-0.32,0.808,-0.611,1.328,-0.321,start
1780984746.260043,-0.817,-0.174,0.569,-0.756,1.466,-1.221,-0.649,-0.319,0.636,-7.374,0.687,-0.481,-0.306,-0.381,0.889,-0.435,0.305,0.076,-0.248,-0.443,0.919,1.901,6.328,-0.885,0.135,-0.326,0.807,-0.603,2.626,-0.366,start
1780984746.357123,-0.821,-0.173,0.575,-1.237,1.87,-1.145,-0.647,-0.325,0.637,-7.527,0.237,-1.107,-0.302,-0.383,0.892,-0.191,0.588,-0.076,-0.25,-0.446,0.919,1.779,7.023,-1.374,0.138,-0.32,0.813,-0.542,2.115,0.527,start
1780984746.4585063,-0.816,-0.179,0.57,-1.16,1.824,-1.084,-0.646,-0.325,0.638,-7.649,0.695,0.061,-0.301,-0.387,0.899,-0.847,0.649,0.855,-0.254,-0.447,0.907,2.13,8.061,-0.366,0.057,-0.325,1.087,28.427,-5.947,-4.198,start
1780984746.5646398,-0.829,-0.177,0.562,-1.405,5.779,0.878,-0.65,-0.324,0.639,-7.656,0.756,1.0,-0.298,-0.382,0.896,-0.244,1.443,1.42,-0.224,-0.454,0.841,5.053,10.252,2.916,0.222,-0.215,0.819,127.962,-22.076,10.702,start
1780984746.6696267,-0.831,-0.172,0.556,-6.206,9.13,0.206,-0.67,-0.325,0.612,-10.763,1.359,0.176,-0.312,-0.385,0.893,-1.145,3.229,2.122,-0.264,-0.432,0.926,2.985,10.435,3.115,0.233,0.019,0.79,66.244,-9.634,-6.557,start
1780984746.7650106,-0.841,-0.174,0.542,-2.137,5.13,-0.374,-0.658,-0.335,0.623,-8.313,0.359,-0.176,-0.327,-0.385,0.88,-0.901,0.595,0.511,-0.275,-0.435,0.915,0.931,5.122,-0.824,0.197,0.112,0.749,-14.679,0.336,-2.282,start
1780984746.8679469,-0.827,-0.178,0.547,0.794,-2.748,-0.282,-0.657,-0.326,0.617,-4.313,-1.664,-0.786,-0.32,-0.382,0.885,1.534,-4.481,-2.481,-0.27,-0.436,0.921,0.824,4.939,-4.756,0.088,0.176,0.421,-112.664,32.763,13.45,start
1780984746.9713438,-0.804,-0.177,0.574,1.817,-5.053,-2.656,-0.641,-0.321,0.642,-6.55,0.374,-1.893,-0.299,-0.383,0.896,-2.099,1.29,-0.794,-0.253,-0.454,0.915,-1.992,9.565,-0.985,-0.261,-0.959,2.0,-165.908,-131.771,-41.702,start
1780984747.0741222,-0.827,-0.18,0.564,-1.389,-2.321,-1.573,-0.647,-0.324,0.636,-7.084,-0.015,-1.084,-0.3,-0.387,0.894,-0.847,2.969,0.359,-0.248,-0.448,0.919,2.122,5.855,-0.481,0.126,-0.327,0.793,-1.695,7.771,0.519,start
1780984747.1892176,-0.823,-0.175,0.566,-0.206,1.145,-0.443,-0.649,-0.325,0.636,-6.786,0.382,0.053,-0.304,-0.385,0.89,-0.878,0.496,0.45,-0.249,-0.45,0.91,1.618,6.427,-0.374,0.135,-0.332,0.804,-1.13,1.527,-0.511,start
1780984747.2942703,-0.819,-0.172,0.565,-0.725,1.176,-0.794,-0.653,-0.321,0.635,-7.099,0.015,-1.351,-0.303,-0.387,0.895,-0.252,-0.664,-0.519,-0.25,-0.448,0.922,1.687,6.046,-1.069,0.142,-0.328,0.811,-0.588,2.176,-0.115,start
1780984747.3837302,-0.825,-0.179,0.566,-1.053,1.962,-1.374,-0.647,-0.333,0.637,-7.29,-0.061,-1.115,-0.302,-0.388,0.9,-0.931,0.282,-0.939,-0.248,-0.451,0.922,1.412,7.397,-1.069,0.137,-0.326,0.8,-1.45,1.794,0.42,start
1780984747.486624,-0.819,-0.182,0.568,-0.504,1.504,-0.168,-0.647,-0.326,0.633,-6.534,0.435,0.092,-0.305,-0.389,0.891,-0.351,0.382,0.817,-0.249,-0.446,0.923,2.069,6.87,0.015,0.143,-0.335,0.811,-0.412,2.069,-0.366,start
1780984747.5999868,-0.818,-0.174,0.571,-0.908,1.878,-0.374,-0.645,-0.328,0.637,-6.855,0.595,-0.198,-0.308,-0.385,0.893,-0.405,0.084,0.221,-0.251,-0.451,0.92,1.58,6.527,-0.504,0.138,-0.327,0.804,-0.466,3.176,-0.489,start
1780984747.699002,-0.82,-0.179,0.57,-1.718,1.267,-2.626,-0.653,-0.329,0.637,-7.282,0.435,-1.084,-0.302,-0.389,0.886,-0.901,1.122,-0.244,-0.249,-0.455,0.921,1.351,7.679,-0.794,0.143,-0.33,0.798,-1.176,1.496,0.542,start
1780984747.7951558,-0.817,-0.179,0.563,-0.924,2.176,0.092,-0.649,-0.328,0.637,-7.344,0.504,-0.313,-0.303,-0.386,0.887,-0.779,0.496,0.649,-0.249,-0.452,0.918,1.924,7.855,0.16,0.143,-0.331,0.808,-0.588,2.321,-0.176,start
1780984747.9019625,-0.821,-0.177,0.566,-0.771,1.29,-0.824,-0.645,-0.326,0.633,-6.977,0.298,-0.313,-0.305,-0.386,0.893,-0.427,0.435,0.183,-0.249,-0.45,0.917,2.107,6.901,0.824,0.14,-0.326,0.811,-0.008,4.084,-0.672,start
1780984748.0011694,-0.82,-0.175,0.573,-1.145,1.191,-1.687,-0.653,-0.324,0.64,-7.588,-0.053,-1.084,-0.296,-0.39,0.893,-0.237,-0.16,-0.397,-0.25,-0.454,0.919,1.679,7.695,-0.405,0.142,-0.326,0.804,-0.878,2.298,0.13,start
1780984750.6863456,-0.827,-0.181,0.567,-1.031,0.855,-1.511,-0.644,-0.331,0.63,-7.298,0.328,-0.565,-0.302,-0.388,0.89,-0.183,-0.137,0.763,-0.246,-0.457,0.919,2.053,7.534,-0.336,0.146,-0.34,0.8,-0.573,3.099,-0.244,start
1780984750.7860534,-0.817,-0.176,0.569,-1.321,2.13,-0.244,-0.653,-0.328,0.629,-7.252,0.489,-0.176,-0.311,-0.388,0.889,-0.817,1.305,0.954,-0.252,-0.448,0.924,2.092,7.13,-0.695,0.142,-0.331,0.796,-1.061,0.733,-0.115,start
1780984750.8848772,-0.821,-0.179,0.566,-1.267,1.168,-1.252,-0.653,-0.327,0.63,-7.435,-0.008,-0.71,-0.303,-0.387,0.89,-0.511,0.26,0.038,-0.245,-0.455,0.918,2.031,6.748,-1.267,0.14,-0.33,0.8,-0.656,2.916,-0.252,start
1780984750.9922862,-0.827,-0.183,0.571,-1.198,1.115,-0.969,-0.639,-0.317,0.624,-7.359,0.519,-0.618,-0.309,-0.391,0.896,-0.534,-0.16,0.328,-0.249,-0.451,0.918,1.718,7.55,0.069,0.137,-0.338,0.792,-0.206,3.725,0.366,start
1780984751.0916948,-0.822,-0.175,0.568,-0.809,2.252,-0.443,-0.648,-0.32,0.638,-7.305,0.504,-0.153,-0.308,-0.385,0.9,-0.527,0.649,-0.573,-0.254,-0.456,0.926,1.832,7.26,-0.053,0.213,-0.588,1.333,33.45,-29.71,9.16,start
1780984751.2032988,-0.823,-0.183,0.564,-1.786,2.076,-1.145,-0.64,-0.322,0.637,-8.099,0.603,-0.389,-0.301,-0.387,0.891,-0.344,2.962,1.473,-0.248,-0.448,0.913,2.092,11.504,1.702,0.199,-0.165,0.715,70.58,-23.282,13.916,start
1780984751.3071215,-0.835,-0.18,0.559,-1.206,4.855,0.939,-0.668,-0.322,0.635,-9.214,2.038,0.038,-0.31,-0.385,0.879,-2.374,5.084,3.122,-0.266,-0.457,0.912,-0.557,8.527,2.374,0.2,-0.093,0.804,52.069,-2.382,2.649,start
1780984751.4101057,-0.824,-0.173,0.551,-2.076,3.191,-1.221,-0.667,-0.331,0.618,-8.305,0.336,-0.443,-0.313,-0.389,0.888,-0.58,1.351,0.13,-0.264,-0.456,0.911,0.351,6.13,0.481,0.2,-0.013,0.761,31.695,-7.458,-2.962,start
1780984751.5081303,-0.836,-0.179,0.561,-1.168,2.885,-0.328,-0.654,-0.323,0.618,-7.191,0.489,0.351,-0.326,-0.39,0.887,-0.763,0.267,0.153,-0.257,-0.451,0.916,1.359,7.053,0.145,0.218,0.043,0.753,-8.237,2.84,-1.145,start
1780984751.609938,-0.835,-0.177,0.549,1.679,-7.87,-1.687,-0.657,-0.331,0.618,-3.321,-3.489,-0.74,-0.312,-0.383,0.886,1.328,-8.687,-3.908,-0.263,-0.446,0.904,4.221,-1.893,-5.069,0.199,-0.122,0.7,-136.26,41.244,-0.939,start
1780984751.7220623,-0.82,-0.174,0.569,0.473,0.557,-1.519,-0.653,-0.325,0.625,-7.061,0.595,-1.221,-0.306,-0.387,0.893,-1.153,-0.183,-0.588,-0.254,-0.464,0.896,1.763,6.603,-1.679,0.421,-0.39,0.596,16.122,76.672,0.756,start
1780984751.8158493,-0.828,-0.173,0.563,-0.702,0.901,-1.015,-0.655,-0.332,0.625,-6.611,-0.183,-0.763,-0.302,-0.386,0.885,-0.076,-1.069,0.122,-0.233,-0.44,0.86,0.817,6.313,-1.763,0.145,-0.349,0.808,-5.183,1.42,-0.641,start
1780984751.9185443,-0.826,-0.167,0.575,0.496,1.992,1.023,-0.662,-0.299,0.629,-6.763,1.305,0.695,-0.31,-0.378,0.898,-0.069,0.282,1.313,-0.264,-0.453,0.916,0.939,7.58,-0.13,0.134,-0.345,0.792,-3.405,-0.099,0.542,start
1780984752.025401,-0.824,-0.141,0.606,1.473,-14.046,-3.023,-0.615,-0.305,0.685,-4.779,-2.71,-2.42,-0.246,-0.405,0.908,-0.198,-5.061,-0.588,-0.232,-0.485,0.906,0.031,18.519,1.336,0.123,-0.339,0.812,4.137,17.748,0.122,start
1780984752.122055,-0.844,-0.18,0.542,-0.473,5.748,0.458,-0.658,-0.332,0.627,-6.71,-0.328,-0.351,-0.307,-0.384,0.891,0.275,-3.573,-1.496,-0.238,-0.449,0.915,3.183,2.908,-0.519,0.17,-0.361,0.802,-0.626,0.198,-1.496,start
1780984752.2242665,-0.82,-0.178,0.567,-0.756,3.305,-0.527,-0.656,-0.328,0.623,-7.527,0.573,-0.71,-0.307,-0.383,0.885,-0.664,-0.061,-0.443,-0.255,-0.459,0.907,1.809,5.977,-1.305,0.143,-0.353,0.79,-2.122,0.107,-0.771,start
1780984752.3315032,-0.823,-0.179,0.557,-0.038,1.565,-0.656,-0.65,-0.325,0.637,-6.756,0.252,-0.168,-0.308,-0.388,0.886,-0.947,0.29,-0.282,-0.255,-0.458,0.914,2.435,5.817,-0.893,0.156,-0.345,0.79,-0.916,3.176,-0.817,start
1780984752.4352217,-0.825,-0.178,0.565,-0.71,1.649,-0.305,-0.654,-0.328,0.634,-7.153,0.611,-0.099,-0.3,-0.393,0.89,-0.611,0.84,0.695,-0.254,-0.457,0.913,1.954,7.061,0.099,0.151,-0.35,0.787,-2.038,4.008,-1.885,start
1780984752.5412567,-0.82,-0.178,0.565,-1.527,2.198,-1.71,-0.653,-0.323,0.633,-7.824,0.519,-0.954,-0.302,-0.389,0.895,-1.328,0.687,0.298,-0.258,-0.462,0.908,1.137,8.832,-0.473,0.146,-0.352,0.787,-1.481,2.794,0.252,start
1780984752.636617,-0.824,-0.178,0.566,-0.183,0.214,0.374,-0.656,-0.331,0.633,-6.611,0.282,-0.099,-0.307,-0.386,0.893,-0.733,-0.038,-0.099,-0.257,-0.463,0.914,2.313,6.313,-0.053,0.146,-0.354,0.797,-0.489,3.282,-1.603,start
1780984755.325967,-0.818,-0.173,0.566,-1.145,1.412,-1.489,-0.656,-0.328,0.625,-7.229,0.153,-1.069,-0.301,-0.389,0.889,-0.962,0.344,-0.298,-0.25,-0.457,0.917,1.565,8.305,-1.206,0.146,-0.361,0.796,-0.992,2.183,1.076,start
1780984755.4280832,-0.83,-0.18,0.561,-0.855,1.145,-1.458,-0.651,-0.332,0.628,-7.13,0.42,-0.527,-0.307,-0.39,0.889,-0.519,-0.137,-0.214,-0.251,-0.461,0.91,2.29,6.557,-0.519,0.15,-0.364,0.797,-0.031,3.595,-0.466,start
1780984755.530047,-0.823,-0.178,0.571,-1.0,1.359,-0.847,-0.654,-0.33,0.628,-6.618,0.458,-0.061,-0.302,-0.39,0.889,-0.298,0.794,-0.237,-0.251,-0.46,0.909,2.183,6.496,-0.137,0.149,-0.356,0.795,-0.099,3.321,-0.374,start
1780984755.6363392,-0.819,-0.18,0.56,-1.664,2.16,-1.42,-0.656,-0.329,0.628,-7.55,0.679,-0.809,-0.306,-0.387,0.891,-0.908,0.473,0.298,-0.258,-0.46,0.902,1.237,7.832,-0.183,0.144,-0.356,0.8,-0.427,2.824,0.45,start
1780984755.7288563,-0.825,-0.176,0.561,-0.863,1.809,-0.137,-0.645,-0.324,0.636,-6.344,-0.687,0.496,-0.301,-0.386,0.889,0.397,-0.84,0.183,-0.231,-0.458,0.893,2.954,3.427,-1.092,0.134,-0.417,0.994,75.183,-25.382,19.489,start
1780984755.8347247,-0.817,-0.176,0.563,-1.664,6.107,0.573,-0.656,-0.333,0.627,-8.183,0.84,0.924,-0.307,-0.386,0.892,-0.511,3.809,2.252,-0.268,-0.455,0.903,2.122,10.443,1.031,0.27,-0.245,0.918,111.534,-30.008,4.763,start
1780984755.9330864,-0.833,-0.179,0.551,-3.084,3.763,-0.962,-0.657,-0.332,0.619,-7.802,0.344,-0.008,-0.31,-0.394,0.896,-1.099,0.763,0.817,-0.256,-0.462,0.906,0.87,8.786,0.29,0.209,-0.089,0.872,38.069,-10.496,-5.71,start
1780984756.0472639,-0.83,-0.176,0.554,-0.947,0.779,-0.611,-0.664,-0.331,0.641,-7.252,1.298,-0.481,-0.313,-0.386,0.876,-0.618,1.473,0.145,-0.264,-0.455,0.907,0.916,7.305,-0.13,0.196,0.01,0.794,-1.924,4.176,-1.748,start
1780984756.1507118,-0.827,-0.178,0.552,0.832,-6.099,-1.939,-0.66,-0.33,0.636,-5.519,-1.702,-1.672,-0.303,-0.386,0.889,0.336,-5.137,-2.84,-0.256,-0.453,0.914,2.145,4.237,-3.962,0.186,-0.058,0.661,-100.84,26.473,-1.679,start
1780984756.2417507,-0.822,-0.183,0.562,0.031,-0.046,-1.443,-0.651,-0.328,0.627,-6.481,-0.603,-0.977,-0.306,-0.393,0.893,-0.496,-1.153,-0.687,-0.256,-0.464,0.904,0.939,5.84,-1.74,0.234,-0.483,1.106,-90.405,26.634,-24.084,start
1780984756.3443415,-0.813,-0.177,0.566,-0.42,0.809,-0.099,-0.652,-0.327,0.627,-6.725,-0.115,0.183,-0.301,-0.389,0.885,-0.275,1.298,0.786,-0.258,-0.457,0.906,1.794,7.252,0.275,0.139,-0.349,0.798,-7.198,1.397,-3.939,start
1780984756.4489362,-0.828,-0.178,0.567,-0.985,1.954,-1.313,-0.648,-0.328,0.628,-7.435,0.359,-1.252,-0.307,-0.392,0.893,-0.809,-0.252,0.046,-0.254,-0.46,0.909,1.275,7.893,-0.328,0.153,-0.359,0.801,-1.985,2.542,-0.206,start
1780984756.5504081,-0.827,-0.179,0.561,-0.649,1.267,-0.336,-0.654,-0.33,0.626,-6.725,0.183,-0.45,-0.305,-0.391,0.886,-0.321,0.489,-0.611,-0.257,-0.46,0.902,2.221,6.489,-0.672,0.153,-0.355,0.801,-0.824,2.885,-1.107,start
1780984756.65364,-0.82,-0.178,0.564,-0.626,1.511,-0.748,-0.653,-0.328,0.631,-7.351,0.511,0.13,-0.305,-0.388,0.883,-0.092,0.374,0.237,-0.255,-0.458,0.912,1.847,6.481,-0.412,0.148,-0.361,0.795,-1.855,2.786,-1.901,start
1780984756.7599657,-0.822,-0.175,0.56,-1.069,1.71,-0.817,-0.653,-0.327,0.63,-7.565,0.473,-0.763,-0.305,-0.389,0.891,-0.855,0.412,0.0,-0.256,-0.458,0.909,1.115,7.832,-1.153,0.152,-0.365,0.787,-1.84,1.733,0.611,start
1780984756.8662624,-0.821,-0.173,0.56,-0.489,1.061,-0.26,-0.653,-0.331,0.625,-6.824,0.275,0.069,-0.303,-0.39,0.892,-0.229,0.153,0.618,-0.256,-0.464,0.912,2.649,5.893,-0.374,0.151,-0.365,0.794,-0.26,3.511,-0.939,start
1780984756.962733,-0.822,-0.176,0.562,-0.771,1.969,0.031,-0.65,-0.327,0.625,-6.809,0.931,-0.053,-0.301,-0.386,0.889,-0.099,0.527,0.519,-0.258,-0.46,0.902,1.901,7.443,0.634,0.143,-0.36,0.794,-2.008,2.489,-1.031,start
1780984757.0720482,-0.824,-0.181,0.556,-1.298,2.298,-1.527,-0.653,-0.327,0.628,-7.443,0.168,-0.954,-0.306,-0.388,0.888,-1.107,0.718,-0.481,-0.254,-0.465,0.907,1.221,8.0,-0.046,0.145,-0.379,0.783,-3.015,3.275,-0.481,start
1780984757.1682541,-0.827,-0.176,0.569,-0.481,1.13,-0.221,-0.651,-0.329,0.629,-6.802,0.099,0.015,-0.305,-0.393,0.892,-0.221,-0.214,0.412,-0.254,-0.461,0.907,2.527,6.389,0.13,0.146,-0.367,0.787,-0.313,3.603,-0.748,start
1780984757.2745552,-0.816,-0.173,0.561,-0.45,1.229,-0.855,-0.649,-0.324,0.634,-7.214,0.55,-0.092,-0.301,-0.387,0.894,-0.672,0.221,0.244,-0.255,-0.464,0.91,1.916,7.649,-0.756,0.147,-0.362,0.797,-0.954,1.916,0.412,start
1780984759.949543,-0.826,-0.178,0.559,-0.748,0.809,-1.328,-0.648,-0.325,0.627,-7.008,0.29,-0.191,-0.305,-0.396,0.885,-0.588,0.344,0.237,-0.256,-0.465,0.906,2.084,6.267,-0.29,0.151,-0.375,0.79,0.191,3.786,-0.634,start
1780984760.0648918,-0.827,-0.173,0.567,-0.824,2.038,-0.221,-0.653,-0.331,0.621,-7.122,0.656,0.115,-0.302,-0.388,0.891,-0.473,-0.267,0.527,-0.259,-0.462,0.908,1.992,7.046,-0.237,0.145,-0.366,0.797,-0.58,2.336,-0.176,start
1780984760.1655242,-0.822,-0.176,0.565,-1.061,1.947,-1.244,-0.655,-0.329,0.624,-7.527,0.641,-0.382,-0.307,-0.393,0.892,-0.893,0.832,-0.191,-0.261,-0.462,0.905,1.42,7.794,-0.733,0.147,-0.361,0.79,-1.168,0.947,0.542,start
1780984760.2587302,-0.824,-0.176,0.56,-0.336,0.954,-0.458,-0.656,-0.329,0.634,-6.656,0.244,-0.176,-0.308,-0.392,0.89,-0.26,-0.489,0.305,-0.258,-0.462,0.903,2.412,5.962,-0.267,0.145,-0.367,0.785,-0.038,3.473,-0.695,start
1780984760.3615634,-0.821,-0.177,0.562,-0.947,2.015,-0.687,-0.655,-0.328,0.633,-7.13,0.588,-0.168,-0.306,-0.388,0.889,-0.366,0.573,0.855,-0.258,-0.462,0.915,1.489,7.466,-0.168,0.153,-0.379,0.802,0.282,1.29,0.603,start
1780984760.479263,-0.828,-0.179,0.556,-1.084,5.305,0.641,-0.648,-0.33,0.628,-8.168,1.504,-0.298,-0.295,-0.391,0.902,-1.588,3.84,1.565,-0.243,-0.459,0.91,2.328,10.763,1.786,0.145,-0.253,0.718,128.779,-26.977,27.962,start
1780984760.576777,-0.837,-0.169,0.542,-3.649,10.855,1.824,-0.658,-0.324,0.617,-9.321,3.786,1.443,-0.316,-0.388,0.891,-1.137,4.809,2.382,-0.278,-0.452,0.911,7.137,5.87,4.58,0.197,0.007,0.712,78.947,-7.313,1.794,start
1780984760.6897788,-0.839,-0.176,0.553,-2.901,8.153,0.481,-0.652,-0.355,0.606,-9.076,3.702,1.282,-0.366,-0.364,0.839,-2.321,7.733,-0.824,-0.271,-0.458,0.925,-4.969,8.74,0.046,0.235,0.089,0.715,23.046,4.679,-1.618,start
1780984760.7764711,-0.835,-0.179,0.545,-0.443,-1.076,-1.763,-0.663,-0.333,0.612,-5.885,-1.298,-0.794,-0.325,-0.393,0.874,0.84,-5.168,-0.969,-0.276,-0.459,0.893,2.344,4.748,-3.511,0.211,0.035,0.824,-37.092,1.237,1.588,start
1780984760.8880565,-0.824,-0.172,0.56,0.779,-6.031,-1.649,-0.647,-0.333,0.641,-5.237,-1.71,-0.412,-0.308,-0.394,0.883,1.45,-4.893,-1.435,-0.277,-0.458,0.902,2.115,3.588,-3.588,0.133,0.024,0.58,-130.084,37.878,3.137,start
1780984760.9859319,-0.816,-0.177,0.569,0.893,2.321,-1.702,-0.651,-0.324,0.628,-7.542,0.824,-1.366,-0.307,-0.391,0.89,-1.748,-0.023,-0.427,-0.259,-0.465,0.901,-0.031,6.214,-0.672,0.18,-0.496,1.19,-104.939,22.45,-31.771,start
1780984761.1007955,-0.818,-0.178,0.567,-0.802,-0.763,-1.656,-0.653,-0.33,0.622,-6.863,0.244,-0.939,-0.298,-0.395,0.887,-0.374,0.115,-0.84,-0.253,-0.458,0.901,1.237,8.275,-0.557,0.135,-0.349,0.802,-3.328,1.672,-1.687,start
1780984761.190811,-0.822,-0.18,0.565,-0.672,1.954,-0.565,-0.653,-0.327,0.63,-7.153,0.847,0.069,-0.306,-0.392,0.888,-0.397,0.634,0.527,-0.255,-0.462,0.912,1.939,6.893,-0.374,0.151,-0.355,0.796,-2.29,3.053,-1.344,start
1780984761.2993112,-0.824,-0.181,0.562,-1.344,1.977,-1.305,-0.656,-0.326,0.629,-7.588,0.412,-0.664,-0.307,-0.386,0.891,-0.427,0.389,0.42,-0.254,-0.463,0.906,1.145,8.206,-0.656,0.143,-0.354,0.793,-2.16,2.107,-0.374,start
1780984761.397957,-0.823,-0.178,0.562,-0.878,1.695,-0.656,-0.651,-0.327,0.626,-6.42,0.557,0.214,-0.305,-0.392,0.892,-0.672,0.435,0.198,-0.256,-0.461,0.911,2.015,5.435,-0.153,0.139,-0.36,0.797,-0.725,3.137,-1.053,start
1780984761.5066168,-0.826,-0.174,0.562,-0.565,1.481,-0.771,-0.652,-0.327,0.628,-7.053,0.267,-0.328,-0.305,-0.39,0.892,-0.557,0.679,0.092,-0.259,-0.457,0.91,1.427,7.641,-0.725,0.138,-0.356,0.795,-2.099,0.702,0.008,start
1780984761.5983577,-0.822,-0.174,0.56,-1.481,1.885,-1.687,-0.658,-0.326,0.632,-7.672,0.321,-0.924,-0.306,-0.395,0.891,-1.038,-0.076,-0.779,-0.257,-0.464,0.905,1.336,6.809,-1.382,0.143,-0.356,0.799,-1.481,1.748,0.0,start
1780984761.700847,-0.823,-0.175,0.568,-0.962,1.214,-0.519,-0.652,-0.33,0.627,-7.061,0.435,-0.359,-0.303,-0.393,0.892,-0.359,0.626,0.481,-0.255,-0.462,0.91,2.137,6.214,-0.634,0.145,-0.362,0.787,-0.359,3.55,-0.641,start
1780984761.8166034,-0.826,-0.169,0.562,-1.076,0.985,-1.55,-0.652,-0.332,0.628,-7.015,0.084,-0.611,-0.306,-0.389,0.887,-0.412,-0.901,-0.229,-0.255,-0.465,0.906,2.076,7.504,-0.901,0.148,-0.366,0.792,-1.13,1.443,0.832,start
1780984761.9071298,-0.821,-0.181,0.569,-1.282,0.802,-1.412,-0.65,-0.33,0.625,-6.992,0.389,-0.351,-0.304,-0.392,0.886,-0.611,0.366,-0.359,-0.255,-0.463,0.9,2.611,6.382,-0.252,0.151,-0.367,0.8,0.107,2.962,-0.695,start
1780984764.5850787,-0.822,-0.176,0.56,-0.374,1.527,-0.038,-0.657,-0.332,0.624,-6.809,0.137,0.099,-0.302,-0.394,0.89,-0.313,-0.542,0.511,-0.262,-0.462,0.903,2.282,6.229,-0.832,0.152,-0.366,0.786,-0.183,2.115,-0.641,start
1780984764.688129,-0.823,-0.183,0.558,-0.382,1.725,-0.267,-0.657,-0.333,0.628,-6.435,0.458,-0.183,-0.303,-0.393,0.887,-0.366,0.588,-0.183,-0.259,-0.458,0.904,1.664,6.947,-0.115,0.147,-0.358,0.791,-1.137,1.557,0.137,start
1780984764.7954946,-0.824,-0.178,0.562,-0.641,2.237,-0.847,-0.651,-0.335,0.628,-7.473,0.466,-0.679,-0.306,-0.39,0.878,-0.45,0.031,0.008,-0.255,-0.466,0.904,1.679,7.412,-0.298,0.147,-0.369,0.792,-1.237,1.374,0.366,start
1780984764.894145,-0.825,-0.179,0.561,-0.237,1.756,0.053,-0.651,-0.332,0.624,-6.733,0.275,0.076,-0.306,-0.399,0.887,0.015,0.389,0.351,-0.26,-0.467,0.907,1.992,5.931,-0.55,0.145,-0.361,0.796,0.992,3.756,-0.427,start
1780984764.9996772,-0.811,-0.168,0.567,-1.305,-1.687,-1.733,-0.648,-0.331,0.631,-7.206,0.756,-0.298,-0.311,-0.395,0.891,-0.13,0.29,-0.26,-0.256,-0.459,0.913,1.74,10.069,-1.336,0.186,-0.393,0.899,97.832,-22.542,38.817,start
1780984765.1078336,-0.828,-0.181,0.559,-2.58,8.084,0.756,-0.653,-0.331,0.626,-9.221,2.145,0.382,-0.314,-0.395,0.892,-0.565,3.832,1.992,-0.263,-0.463,0.893,-0.275,7.977,2.244,0.191,-0.076,0.737,96.863,-22.985,0.405,start
1780984765.2149572,-0.817,-0.183,0.558,-1.885,4.939,0.534,-0.665,-0.331,0.617,-8.42,0.557,0.473,-0.314,-0.389,0.883,-1.511,2.336,1.344,-0.262,-0.454,0.902,3.015,8.084,2.718,0.206,0.021,0.788,39.603,-3.42,-6.779,start
1780984765.315525,-0.835,-0.179,0.546,-1.069,2.931,-1.489,-0.662,-0.333,0.622,-7.885,0.16,-1.527,-0.325,-0.391,0.879,-0.176,-2.511,-1.153,-0.28,-0.458,0.907,0.817,7.817,-2.374,0.231,0.031,0.863,-8.053,-1.611,-0.573,start
1780984765.4089692,-0.835,-0.182,0.538,0.229,-3.756,-1.893,-0.66,-0.34,0.624,-4.893,-1.863,-0.725,-0.315,-0.39,0.88,1.076,-6.137,-2.145,-0.292,-0.457,0.89,3.649,2.656,-4.344,0.179,0.053,0.613,-110.855,23.641,2.634,start
1780984765.515711,-0.833,-0.176,0.563,2.321,-1.817,-0.092,-0.654,-0.328,0.624,-4.786,-1.42,-1.321,-0.296,-0.387,0.894,0.42,-4.534,-1.794,-0.232,-0.46,0.925,2.87,4.702,-1.977,0.219,-0.312,0.852,-141.076,32.634,-22.878,start
1780984765.6155725,-0.809,-0.181,0.577,-0.427,0.763,-1.992,-0.656,-0.332,0.623,-9.305,6.55,-0.176,-0.315,-0.393,0.89,-2.046,3.71,0.221,-0.267,-0.464,0.892,2.489,5.13,-0.695,0.086,-0.298,0.755,-15.496,3.908,-2.244,start
1780984765.724135,-0.821,-0.181,0.56,-0.038,1.42,0.092,-0.653,-0.331,0.622,-6.763,0.191,-0.046,-0.305,-0.396,0.888,0.237,0.206,0.389,-0.26,-0.458,0.909,2.618,6.031,0.153,0.14,-0.349,0.798,-2.718,3.405,-2.725,start
1780984765.8212032,-0.823,-0.172,0.561,-0.435,1.809,-0.893,-0.657,-0.331,0.626,-6.985,0.336,-0.374,-0.306,-0.395,0.886,-0.466,-0.382,0.237,-0.261,-0.458,0.911,1.176,7.664,-0.252,0.134,-0.356,0.798,-2.588,0.947,0.031,start
1780984765.92385,-0.826,-0.18,0.561,-1.038,1.74,-0.702,-0.652,-0.331,0.632,-7.756,0.107,-1.038,-0.304,-0.393,0.885,-1.069,0.71,-0.145,-0.261,-0.466,0.893,1.641,8.252,-0.214,0.148,-0.362,0.798,-1.573,1.87,-0.206,start
1780984766.040355,-0.826,-0.176,0.557,-0.458,0.687,-0.29,-0.65,-0.333,0.629,-6.511,0.214,0.061,-0.301,-0.392,0.896,0.084,-0.183,-0.252,-0.26,-0.458,0.914,2.427,6.206,-0.344,0.147,-0.356,0.792,-0.695,3.473,-0.901,start
1780984766.1399076,-0.827,-0.177,0.572,-0.885,1.763,-0.977,-0.654,-0.327,0.631,-7.458,0.519,-0.855,-0.302,-0.391,0.891,-0.443,0.076,-0.542,-0.253,-0.459,0.913,1.237,7.733,-1.038,0.143,-0.356,0.796,-1.672,1.198,0.992,start
1780984766.239453,-0.827,-0.178,0.564,-0.893,1.863,-0.832,-0.654,-0.331,0.629,-7.038,0.504,-0.168,-0.309,-0.396,0.885,-0.908,0.649,0.725,-0.263,-0.463,0.898,2.313,6.672,-0.611,0.147,-0.364,0.797,-0.573,2.275,-0.71,start
1780984766.3488445,-0.823,-0.174,0.568,-0.634,1.336,-0.771,-0.651,-0.331,0.629,-6.985,0.435,-0.626,-0.304,-0.396,0.89,-0.588,0.466,0.13,-0.261,-0.46,0.905,1.649,6.947,0.053,0.141,-0.36,0.793,-1.458,2.458,-0.55,start
1780984766.4393368,-0.824,-0.178,0.563,-2.046,2.053,-1.733,-0.653,-0.329,0.631,-7.626,0.466,-0.534,-0.3,-0.394,0.89,-1.168,1.191,-0.321,-0.26,-0.462,0.91,1.214,8.328,-0.275,0.141,-0.359,0.794,-1.374,2.573,0.412,start
1780984766.5424774,-0.825,-0.18,0.562,-0.802,1.122,-0.885,-0.652,-0.329,0.625,-6.733,0.13,-0.214,-0.304,-0.396,0.885,0.176,-0.298,0.397,-0.261,-0.463,0.903,2.145,6.214,-0.221,0.145,-0.36,0.802,0.015,3.534,-0.947,start
1780984769.2359278,-0.827,-0.179,0.561,-1.389,2.359,-1.321,-0.652,-0.329,0.624,-7.565,0.023,-0.969,-0.306,-0.394,0.895,-0.733,0.466,0.191,-0.264,-0.463,0.9,1.634,7.947,-0.786,0.145,-0.37,0.795,-1.008,1.496,0.443,start
1780984769.3231049,-0.823,-0.176,0.556,-0.664,1.511,-0.847,-0.653,-0.333,0.629,-6.985,0.489,-0.084,-0.302,-0.392,0.88,-0.351,-0.275,-0.076,-0.259,-0.465,0.909,1.992,5.321,0.229,0.144,-0.36,0.793,-0.221,2.924,-0.954,start
1780984769.4265351,-0.826,-0.185,0.567,-1.26,1.557,-0.481,-0.656,-0.327,0.623,-7.16,0.611,-0.542,-0.301,-0.391,0.891,-0.527,0.405,-0.29,-0.26,-0.463,0.91,1.137,7.458,-0.733,0.149,-0.364,0.79,-1.137,0.763,0.626,start
1780984769.5292897,-0.824,-0.179,0.563,-1.328,1.718,-1.511,-0.653,-0.328,0.635,-7.191,0.611,0.053,-0.302,-0.395,0.886,-0.565,-0.061,0.473,-0.263,-0.464,0.902,1.466,6.908,-1.076,0.148,-0.364,0.79,-0.832,1.595,-0.267,start
1780984769.6407604,-0.826,-0.178,0.562,-0.786,0.664,-0.565,-0.65,-0.327,0.627,-6.481,0.374,-0.137,-0.3,-0.394,0.886,-0.504,0.534,0.046,-0.258,-0.467,0.901,1.931,7.206,-0.779,0.151,-0.363,0.789,-0.107,4.008,-0.55,start
1780984769.7485409,-0.826,-0.179,0.564,-1.595,1.794,-1.733,-0.652,-0.33,0.634,-7.664,0.137,-0.779,-0.306,-0.396,0.891,-0.481,0.076,-0.336,-0.259,-0.463,0.906,1.542,7.71,-0.885,0.151,-0.385,0.826,2.656,0.939,1.695,start
1780984769.8445618,-0.838,-0.184,0.549,-1.641,4.023,0.542,-0.653,-0.335,0.628,-7.328,1.092,-0.084,-0.304,-0.394,0.88,-0.412,0.878,1.282,-0.263,-0.468,0.898,3.053,8.473,1.931,0.142,-0.291,0.894,131.664,-21.13,27.534,start
1780984769.942431,-0.819,-0.179,0.567,-4.183,10.565,0.687,-0.661,-0.336,0.619,-9.244,3.924,1.656,-0.309,-0.389,0.891,-1.55,4.824,3.107,-0.176,-0.471,0.893,0.008,26.473,3.664,0.22,-0.015,0.753,77.969,-11.389,1.328,start
1780984770.0443072,-0.839,-0.176,0.541,-3.366,8.359,-1.176,-0.671,-0.331,0.624,-10.58,1.221,-1.145,-0.33,-0.396,0.878,-3.282,4.733,1.641,-0.277,-0.456,0.915,0.328,10.885,1.015,0.219,0.08,0.768,28.382,1.183,-1.137,start
1780984770.1498652,-0.842,-0.18,0.528,0.588,-3.931,-0.74,-0.659,-0.334,0.616,-4.267,-2.847,-0.985,-0.315,-0.391,0.887,0.74,-5.145,-2.298,-0.266,-0.456,0.89,3.397,2.107,-1.718,0.227,0.056,0.826,-20.13,2.55,-1.275,start
1780984770.2500846,-0.841,-0.18,0.545,3.656,-14.099,-1.779,-0.683,-0.336,0.591,0.305,-13.58,-2.382,-0.305,-0.391,0.9,2.489,-14.87,-5.695,-0.221,-0.46,0.935,7.626,-18.122,-4.458,0.211,-0.079,0.722,-88.275,15.542,-6.809,start
1780984770.3657038,-0.811,-0.184,0.574,0.137,-1.924,-1.908,-0.647,-0.326,0.639,-7.603,1.412,-1.053,-0.302,-0.395,0.888,-3.206,4.153,0.87,-0.272,-0.47,0.895,-2.473,12.344,-1.565,0.103,-0.522,1.331,-131.244,30.679,-35.779,start
1780984770.4563696,-0.819,-0.181,0.559,-0.565,0.939,-0.893,-0.652,-0.335,0.626,-6.763,-0.687,-0.076,-0.303,-0.389,0.894,0.038,1.336,0.229,-0.262,-0.46,0.904,1.122,7.74,0.26,0.153,-0.357,0.808,-4.931,1.275,-2.443,start
1780984770.565217,-0.828,-0.179,0.563,-0.321,0.969,-0.183,-0.652,-0.322,0.631,-7.427,-0.099,-0.473,-0.303,-0.399,0.894,-0.687,0.099,-0.55,-0.262,-0.461,0.906,1.092,8.55,-1.481,0.148,-0.361,0.797,-2.725,0.992,0.542,start
1780984770.6637638,-0.826,-0.178,0.555,-0.969,1.962,-0.794,-0.654,-0.333,0.623,-7.305,0.107,-0.557,-0.306,-0.396,0.887,-0.481,0.389,-0.344,-0.259,-0.467,0.902,1.473,6.664,-0.809,0.148,-0.368,0.795,-1.412,1.855,-0.29,start
1780984770.7659419,-0.828,-0.177,0.562,-0.557,1.649,-0.13,-0.65,-0.329,0.636,-6.969,0.519,0.084,-0.302,-0.4,0.891,-0.397,-0.046,0.305,-0.259,-0.461,0.91,1.84,6.389,-0.198,0.145,-0.357,0.79,-0.939,3.26,-0.786,start
1780984770.868377,-0.822,-0.178,0.562,-0.534,1.542,-0.878,-0.651,-0.329,0.627,-7.458,0.244,-0.733,-0.299,-0.396,0.886,-0.885,0.672,-0.58,-0.257,-0.465,0.907,1.252,8.023,-0.779,0.152,-0.365,0.791,-1.405,2.565,0.771,start
1780984770.980302,-0.825,-0.179,0.562,-0.763,0.847,-0.802,-0.651,-0.334,0.618,-7.031,0.534,-0.29,-0.303,-0.397,0.884,-0.26,-0.359,0.389,-0.261,-0.466,0.905,2.023,6.176,-0.565,0.152,-0.371,0.795,-0.298,3.824,-0.802,start
1780984771.083766,-0.827,-0.18,0.559,-0.275,1.573,0.046,-0.654,-0.331,0.631,-6.573,0.351,-0.473,-0.302,-0.39,0.89,-0.099,0.153,0.855,-0.259,-0.466,0.912,2.092,6.603,-0.206,0.144,-0.358,0.789,-1.534,2.015,-0.511,start
1780984771.177152,-0.823,-0.183,0.559,-1.42,2.206,-1.45,-0.65,-0.329,0.627,-7.71,0.618,-0.389,-0.304,-0.4,0.891,-1.061,0.924,0.069,-0.262,-0.466,0.905,1.282,7.763,-0.458,0.146,-0.365,0.792,-1.145,2.198,0.328,start
1780984773.8633893,-0.827,-0.18,0.561,-0.939,1.489,-1.214,-0.65,-0.33,0.625,-7.061,0.626,-0.13,-0.304,-0.396,0.887,-0.237,0.519,0.534,-0.255,-0.462,0.902,2.023,6.611,0.16,0.138,-0.367,0.794,-0.092,3.176,-0.145,start
1780984773.9654539,-0.827,-0.176,0.564,-1.344,2.336,-1.534,-0.654,-0.332,0.629,-7.969,0.183,-1.092,-0.304,-0.397,0.891,-1.099,0.328,-0.504,-0.263,-0.467,0.907,1.13,7.71,-0.221,0.143,-0.364,0.798,-1.16,1.504,0.443,start
1780984774.0715504,-0.829,-0.185,0.559,-0.672,0.534,-0.359,-0.642,-0.314,0.62,-6.626,0.397,0.015,-0.306,-0.399,0.887,-0.42,0.389,0.42,-0.264,-0.464,0.912,2.351,5.779,-0.664,0.143,-0.369,0.788,-0.26,2.687,-0.511,start
1780984774.1654286,-0.823,-0.177,0.564,-0.84,1.656,-0.687,-0.653,-0.323,0.625,-7.214,0.397,-0.763,-0.305,-0.392,0.888,-0.275,0.176,0.115,-0.261,-0.466,0.909,1.534,7.855,-0.885,0.152,-0.366,0.793,-0.191,1.321,0.74,start
1780984774.2733376,-0.832,-0.177,0.563,-1.183,1.397,-0.679,-0.649,-0.338,0.622,-8.038,1.252,-0.16,-0.308,-0.393,0.883,-0.015,0.893,-0.26,-0.271,-0.469,0.904,2.023,8.321,0.748,0.114,-0.363,0.956,110.26,-25.458,26.374,start
1780984774.3721182,-0.83,-0.18,0.556,-0.939,2.084,-0.847,-0.646,-0.332,0.631,-7.473,0.153,0.031,-0.294,-0.398,0.893,-0.427,2.924,2.282,-0.256,-0.463,0.902,2.16,12.313,3.084,0.194,-0.129,0.745,77.863,-12.756,4.366,start
1780984774.4822214,-0.829,-0.181,0.553,-1.672,5.374,-0.298,-0.657,-0.334,0.625,-8.969,1.382,-0.183,-0.312,-0.394,0.881,-2.061,4.16,2.153,-0.265,-0.465,0.895,0.588,11.267,1.878,0.231,-0.07,0.88,57.565,-5.313,-1.924,start
1780984774.5767188,-0.837,-0.183,0.547,-1.618,3.534,0.344,-0.657,-0.335,0.62,-7.084,1.481,0.405,-0.317,-0.394,0.878,0.29,2.107,1.504,-0.275,-0.454,0.902,2.527,9.13,1.198,0.223,0.047,0.804,32.924,2.42,0.137,start
1780984774.6926212,-0.841,-0.18,0.53,-1.015,3.595,1.137,-0.659,-0.334,0.626,-7.771,2.885,0.634,-0.321,-0.39,0.885,-0.695,2.069,0.985,-0.277,-0.458,0.902,0.786,10.985,-0.374,0.198,0.073,0.813,-7.031,-1.473,-0.824,start
1780984774.7891994,-0.839,-0.177,0.538,-0.366,0.992,-1.382,-0.664,-0.337,0.617,-6.397,-0.87,-1.229,-0.328,-0.391,0.871,0.092,-5.611,-2.214,-0.285,-0.46,0.906,2.748,3.099,-3.947,0.123,0.19,0.328,-123.954,25.786,2.588,start
1780984774.8854167,-0.8,-0.173,0.578,0.916,-4.611,-2.275,-0.641,-0.33,0.63,-6.847,1.344,-0.214,-0.302,-0.396,0.892,-1.214,6.16,1.992,-0.274,-0.465,0.904,1.099,8.603,0.687,0.175,-0.253,0.788,-110.603,39.779,-19.229,start
1780984774.988466,-0.82,-0.172,0.568,-0.901,1.313,-0.29,-0.659,-0.333,0.623,-6.832,0.458,-0.916,-0.294,-0.388,0.891,-1.328,0.366,-0.557,-0.262,-0.456,0.912,-0.206,11.748,-1.656,0.187,-0.404,0.856,-5.603,6.466,-1.611,start
1780984775.0979602,-0.828,-0.181,0.559,-1.198,2.069,-0.802,-0.653,-0.332,0.625,-7.206,0.053,-0.351,-0.304,-0.4,0.891,-0.87,0.107,0.16,-0.263,-0.463,0.908,1.42,6.863,-0.802,0.139,-0.365,0.796,-2.405,0.893,-1.0,start
1780984775.2085168,-0.823,-0.177,0.569,-0.55,1.55,-0.16,-0.653,-0.328,0.632,-7.015,0.542,-0.206,-0.301,-0.389,0.89,-0.336,0.496,0.603,-0.262,-0.466,0.904,1.817,6.359,0.504,0.147,-0.368,0.804,-2.305,3.534,-1.855,start
1780984775.3059862,-0.823,-0.175,0.563,-0.962,1.672,-1.45,-0.653,-0.328,0.627,-7.626,0.252,-0.878,-0.305,-0.392,0.886,-0.992,0.58,0.053,-0.269,-0.462,0.906,1.053,8.405,-0.756,0.152,-0.363,0.787,-1.893,2.748,0.496,start
1780984775.4058788,-0.826,-0.181,0.564,-0.603,0.496,-1.008,-0.651,-0.329,0.627,-6.733,0.137,-0.183,-0.306,-0.396,0.881,-0.427,-0.229,-0.29,-0.261,-0.47,0.903,2.443,6.084,-0.557,0.141,-0.366,0.801,-0.321,3.519,-1.252,start
1780984775.5050151,-0.825,-0.179,0.561,-1.191,1.435,-0.55,-0.65,-0.335,0.629,-6.985,0.809,0.084,-0.308,-0.393,0.897,-0.641,0.908,0.557,-0.264,-0.46,0.905,2.031,7.038,0.153,0.138,-0.364,0.796,-1.649,3.206,-1.122,start
1780984775.6064005,-0.819,-0.177,0.558,-1.954,2.107,-1.656,-0.653,-0.332,0.628,-7.908,0.565,-0.748,-0.302,-0.396,0.892,-1.198,0.649,0.511,-0.264,-0.463,0.906,0.931,8.687,0.061,0.144,-0.369,0.785,-1.481,2.511,0.542,start
1780984775.7094495,-0.826,-0.181,0.562,-0.496,1.008,-0.725,-0.649,-0.333,0.635,-6.611,0.313,-0.023,-0.303,-0.395,0.89,-0.298,-0.015,-0.328,-0.263,-0.463,0.911,2.458,6.282,0.053,0.141,-0.362,0.797,0.099,3.046,-0.84,start
1780984778.4951463,-0.819,-0.178,0.571,-1.252,1.275,-1.298,-0.65,-0.334,0.632,-6.954,0.344,-0.069,-0.288,-0.397,0.887,-0.519,-0.046,-0.183,-0.253,-0.469,0.908,1.855,6.802,-0.099,0.182,-0.369,0.791,-0.656,2.679,0.16,start
1780984778.6050665,-0.81,-0.187,0.574,-0.725,1.87,-0.603,-0.647,-0.333,0.629,-7.122,0.198,-0.359,-0.29,-0.404,0.893,-0.42,0.611,-0.046,-0.258,-0.47,0.908,1.977,7.344,-0.221,0.172,-0.369,0.788,-0.321,3.13,-0.267,start
1780984778.6974046,-0.816,-0.182,0.573,-1.015,0.565,-1.153,-0.65,-0.336,0.63,-6.298,0.191,-0.824,-0.288,-0.4,0.894,-0.26,-0.824,-0.328,-0.251,-0.472,0.908,1.954,6.244,-1.603,0.179,-0.368,0.789,-0.366,2.176,-0.252,start
1780984778.7997136,-0.819,-0.184,0.564,-0.733,1.672,-0.893,-0.648,-0.331,0.634,-6.863,0.145,-0.374,-0.286,-0.405,0.89,-0.382,0.359,0.298,-0.252,-0.466,0.912,1.962,6.809,-0.878,0.179,-0.37,0.78,-0.931,1.954,-0.038,start
1780984778.9157734,-0.821,-0.183,0.57,-0.664,1.336,-0.29,-0.649,-0.33,0.624,-6.954,0.252,-0.038,-0.292,-0.41,0.888,-0.275,-0.252,-0.168,-0.25,-0.465,0.909,1.924,6.969,-0.351,0.172,-0.373,0.786,-0.611,2.069,-0.176,start
1780984779.005898,-0.815,-0.185,0.569,-0.374,1.366,-0.45,-0.651,-0.333,0.63,-6.779,0.496,-0.053,-0.286,-0.401,0.89,-0.206,0.183,0.153,-0.25,-0.465,0.91,1.71,7.122,-0.42,0.18,-0.371,0.793,-0.427,2.206,0.221,start
1780984779.1180987,-0.771,-0.177,0.59,-4.389,3.649,0.298,-0.653,-0.336,0.618,-8.473,1.321,0.634,-0.287,-0.406,0.885,0.748,5.489,2.504,-0.252,-0.48,0.915,4.672,7.595,2.847,0.276,-0.255,0.618,159.771,-49.397,22.962,start
1780984779.2118535,-0.839,-0.185,0.551,-3.916,12.504,1.206,-0.647,-0.343,0.656,-9.275,3.115,1.382,-0.296,-0.396,0.883,1.038,3.878,2.527,-0.272,-0.458,0.909,4.924,6.87,3.351,0.203,-0.002,0.75,62.481,-4.695,-1.45,start
1780984779.322692,-0.832,-0.185,0.559,-2.511,3.58,0.237,-0.651,-0.332,0.632,-8.16,0.702,0.672,-0.3,-0.395,0.894,-1.122,2.313,1.191,-0.267,-0.445,0.915,1.718,7.962,0.374,0.213,0.077,0.767,5.122,0.588,-1.588,start
1780984779.4232104,-0.834,-0.184,0.542,0.557,-0.267,0.45,-0.656,-0.333,0.621,-5.611,-0.611,-0.191,-0.303,-0.396,0.891,0.634,-3.176,0.031,-0.265,-0.443,0.919,1.542,4.901,-1.511,0.223,0.059,0.718,-49.786,3.595,-3.107,start
1780984779.5472493,-0.824,-0.181,0.558,1.687,-5.275,-2.069,-0.649,-0.333,0.627,-4.237,-1.366,-1.344,-0.302,-0.392,0.89,0.962,-4.947,-3.046,-0.319,-0.468,0.984,9.756,-0.466,-2.275,0.179,-0.13,0.663,-174.382,45.733,-7.458,start
1780984779.6241255,-0.815,-0.184,0.576,-1.282,-1.908,-1.115,-0.654,-0.33,0.627,-5.626,-0.534,-1.328,-0.258,-0.407,0.885,0.733,-0.038,3.053,-0.259,-0.446,0.922,-4.191,19.802,-0.168,0.256,-0.453,0.935,14.634,32.74,0.183,start
1780984779.738437,-0.821,-0.181,0.567,-2.198,-0.748,-2.0,-0.648,-0.331,0.63,-7.168,-0.496,-0.794,-0.29,-0.4,0.892,-0.87,0.076,0.122,-0.251,-0.459,0.917,1.58,7.359,-0.061,0.181,-0.358,0.793,-1.748,2.504,-0.412,start
1780984779.829949,-0.816,-0.184,0.569,-0.931,1.427,-1.298,-0.648,-0.334,0.636,-7.351,0.55,-0.695,-0.288,-0.401,0.89,-0.458,0.282,-0.023,-0.252,-0.462,0.914,1.275,7.038,-0.626,0.171,-0.359,0.794,-1.229,2.824,-0.031,start
1780984779.9328756,-0.814,-0.184,0.567,-1.344,1.809,-1.069,-0.645,-0.331,0.635,-7.321,0.26,-0.733,-0.291,-0.399,0.894,-0.45,0.267,-0.267,-0.25,-0.455,0.912,1.55,7.107,-0.687,0.175,-0.36,0.792,-1.137,2.0,-0.466,start
1780984780.0370522,-0.82,-0.182,0.567,-1.366,1.137,-1.618,-0.646,-0.332,0.635,-7.237,0.45,-0.153,-0.287,-0.4,0.888,-0.435,0.626,0.13,-0.251,-0.458,0.91,1.687,6.962,-0.679,0.174,-0.358,0.783,-1.397,2.603,-0.267,start
1780984780.148133,-0.824,-0.183,0.565,-1.191,1.939,-1.084,-0.651,-0.333,0.625,-7.061,0.145,-0.679,-0.292,-0.397,0.89,-0.29,-0.305,-0.122,-0.254,-0.455,0.915,1.656,6.237,-1.008,0.182,-0.36,0.792,-2.053,-0.282,-0.099,start
1780984780.2577481,-0.812,-0.187,0.575,0.382,0.901,0.046,-0.652,-0.334,0.633,-6.832,0.405,-0.496,-0.288,-0.401,0.888,-0.565,0.168,-0.771,-0.254,-0.463,0.906,2.031,6.55,-1.099,0.187,-0.363,0.788,-1.702,0.214,-1.137,start
1780984780.3447285,-0.821,-0.183,0.573,-1.305,1.008,-2.458,-0.646,-0.33,0.63,-7.229,0.183,-1.26,-0.289,-0.402,0.892,-0.672,-0.26,-0.061,-0.252,-0.459,0.918,1.176,7.359,-1.45,0.18,-0.363,0.796,-1.687,2.015,0.008,start
1780984783.132952,-0.817,-0.188,0.566,-0.214,1.305,-0.191,-0.649,-0.333,0.625,-7.13,0.412,-0.725,-0.289,-0.401,0.896,-0.473,0.183,0.221,-0.251,-0.462,0.915,1.939,6.412,-0.466,0.183,-0.362,0.788,-0.611,1.504,0.115,start
1780984783.2287686,-0.814,-0.183,0.58,-0.13,1.977,-0.511,-0.649,-0.331,0.627,-7.015,0.45,-0.092,-0.286,-0.399,0.885,-0.107,0.13,-0.145,-0.251,-0.456,0.906,1.824,6.527,-0.641,0.185,-0.369,0.783,-0.618,2.29,-0.397,start
1780984783.3316555,-0.815,-0.183,0.581,-1.046,0.947,-1.313,-0.649,-0.333,0.635,-7.198,0.26,-0.847,-0.284,-0.401,0.893,-0.466,0.794,0.634,-0.249,-0.459,0.909,1.374,7.366,-0.527,0.193,-0.366,0.783,-0.435,2.718,0.16,start
1780984783.442764,-0.814,-0.184,0.573,-0.802,1.473,-0.244,-0.65,-0.331,0.632,-7.214,0.328,-0.298,-0.284,-0.395,0.889,-0.252,-0.427,-0.061,-0.252,-0.459,0.911,1.87,6.71,-0.565,0.187,-0.365,0.792,-0.618,2.779,0.198,start
1780984783.5381916,-0.819,-0.185,0.574,-0.847,1.13,-0.901,-0.649,-0.329,0.627,-6.603,-0.107,-0.458,-0.287,-0.395,0.891,-0.282,0.397,-0.313,-0.249,-0.461,0.91,1.809,7.053,-0.168,0.183,-0.367,0.776,-0.534,1.847,0.122,start
1780984783.641148,-0.82,-0.187,0.57,-1.618,2.618,-0.443,-0.651,-0.327,0.634,-7.786,0.511,0.198,-0.3,-0.4,0.886,-0.015,0.588,0.855,-0.234,-0.448,0.948,2.534,6.137,0.237,0.296,-0.498,1.092,105.466,-13.45,11.748,start
1780984783.744534,-0.821,-0.187,0.563,-4.916,11.626,1.237,-0.651,-0.332,0.623,-10.519,2.015,1.74,-0.303,-0.402,0.887,0.076,6.42,4.618,-0.262,-0.46,0.906,1.992,17.069,4.206,0.22,-0.064,0.656,104.16,-8.901,0.084,start
1780984783.8494966,-0.83,-0.185,0.544,-3.916,7.687,0.214,-0.656,-0.333,0.625,-9.221,2.313,1.015,-0.303,-0.4,0.886,0.198,1.885,1.702,-0.29,-0.45,0.927,3.893,9.847,2.824,0.234,0.057,0.739,36.443,0.198,-1.359,start
1780984783.950436,-0.823,-0.183,0.554,-1.542,2.466,0.565,-0.653,-0.329,0.631,-7.573,0.183,0.458,-0.308,-0.393,0.882,0.29,-1.389,0.626,-0.267,-0.445,0.915,2.412,6.374,-0.282,0.239,0.083,0.747,-27.344,-1.244,-5.695,start
1780984784.0654032,-0.828,-0.179,0.558,1.198,-8.015,-2.389,-0.658,-0.334,0.625,-2.397,-2.489,-1.641,-0.299,-0.389,0.894,1.573,-8.344,-4.313,-0.273,-0.452,0.909,1.725,1.893,-8.802,0.167,-0.044,0.545,-199.366,37.687,-3.076,start
1780984784.156122,-0.817,-0.179,0.588,-1.359,-0.756,-2.305,-0.647,-0.335,0.624,-6.191,0.099,-1.382,-0.274,-0.39,0.913,-4.397,-0.153,-2.183,-0.221,-0.458,0.947,7.573,11.038,3.0,0.314,-0.425,0.932,-35.061,-41.305,-7.84,start
1780984784.270949,-0.821,-0.185,0.568,-0.206,2.595,-0.275,-0.657,-0.335,0.626,-7.183,-0.023,-0.878,-0.286,-0.391,0.893,-1.13,1.115,0.008,-0.255,-0.454,0.914,1.137,7.031,-0.496,0.182,-0.356,0.784,-1.405,0.145,-0.336,start
1780984784.3621955,-0.817,-0.186,0.568,-0.435,2.443,-0.542,-0.648,-0.333,0.635,-7.015,0.45,-0.489,-0.288,-0.393,0.894,-0.565,0.069,0.504,-0.253,-0.448,0.915,0.786,7.511,-0.84,0.182,-0.363,0.792,-1.817,1.656,-0.13,start
1780984784.465067,-0.821,-0.185,0.579,-0.664,1.046,-0.137,-0.65,-0.329,0.634,-7.084,0.427,-0.031,-0.288,-0.392,0.892,-0.206,0.489,-0.183,-0.251,-0.451,0.916,1.389,6.779,-0.992,0.185,-0.36,0.781,-0.954,1.626,-0.023,start
1780984784.579479,-0.821,-0.195,0.569,-0.74,2.427,-0.267,-0.654,-0.331,0.622,-7.168,0.412,-0.435,-0.287,-0.393,0.897,-0.511,-0.55,0.145,-0.255,-0.452,0.919,1.397,6.656,-0.924,0.193,-0.368,0.789,-1.336,0.26,-0.221,start
1780984784.6855729,-0.813,-0.187,0.572,-0.603,0.565,-1.023,-0.647,-0.331,0.634,-7.038,0.168,-0.519,-0.283,-0.396,0.89,-0.618,0.092,0.099,-0.25,-0.453,0.913,1.534,6.969,-0.344,0.191,-0.357,0.79,-0.931,2.008,-0.198,start
1780984784.7825265,-0.819,-0.187,0.565,-1.206,2.191,-1.076,-0.649,-0.338,0.64,-7.504,1.053,-0.489,-0.286,-0.399,0.895,-1.191,0.641,-0.282,-0.253,-0.459,0.912,1.137,7.763,-1.0,0.184,-0.367,0.783,-0.954,2.977,0.183,start
1780984784.877567,-0.817,-0.193,0.572,-0.588,2.214,-1.061,-0.645,-0.332,0.634,-7.511,0.008,-0.84,-0.285,-0.396,0.894,-0.855,1.198,0.198,-0.249,-0.458,0.917,1.382,7.893,-0.672,0.188,-0.363,0.788,-0.824,2.901,-0.008,start
1780984784.9799216,-0.819,-0.195,0.574,-0.931,0.687,-1.122,-0.645,-0.323,0.626,-6.947,0.382,-0.366,-0.287,-0.398,0.894,-0.618,0.076,0.763,-0.252,-0.459,0.917,1.718,7.908,0.489,0.191,-0.373,0.79,-0.42,2.687,-0.038,start
1780984787.7645464,-0.818,-0.19,0.572,-1.076,1.344,-1.855,-0.639,-0.333,0.638,-7.198,0.298,-1.023,-0.284,-0.398,0.897,-0.374,0.489,0.313,-0.252,-0.455,0.913,1.45,7.366,-0.405,0.19,-0.364,0.781,-0.863,1.962,0.672,start
1780984787.874075,-0.815,-0.194,0.574,-0.595,1.595,-0.008,-0.646,-0.332,0.635,-6.855,0.748,0.015,-0.287,-0.404,0.893,-0.389,0.237,0.198,-0.255,-0.46,0.916,2.0,6.55,0.099,0.191,-0.37,0.787,-0.328,2.763,-0.382,start
1780984787.970596,-0.822,-0.188,0.572,-0.252,0.565,-0.634,-0.646,-0.333,0.625,-6.374,0.153,-0.298,-0.285,-0.397,0.895,-0.42,-0.366,-0.183,-0.252,-0.458,0.919,1.573,6.786,-0.931,0.186,-0.372,0.792,-0.336,2.588,-0.305,start
1780984788.0758264,-0.816,-0.189,0.573,-0.489,1.191,-0.847,-0.65,-0.329,0.637,-6.863,0.534,-0.389,-0.282,-0.397,0.897,-0.26,0.13,0.183,-0.253,-0.457,0.916,2.0,6.969,-0.305,0.194,-0.361,0.785,-0.687,3.389,-0.244,start
1780984788.1791863,-0.817,-0.193,0.567,-1.496,1.29,-1.748,-0.645,-0.334,0.628,-7.328,-0.099,-1.244,-0.283,-0.396,0.896,-0.626,-0.069,-1.344,-0.252,-0.465,0.908,1.496,7.573,-0.496,0.184,-0.37,0.78,-1.176,2.023,0.16,start
1780984788.2763004,-0.82,-0.194,0.561,-1.664,3.947,-0.168,-0.646,-0.335,0.624,-7.137,0.183,0.496,-0.292,-0.409,0.867,1.496,-0.466,0.74,-0.194,-0.449,0.889,2.427,2.237,-1.336,0.129,-0.437,0.942,180.786,-25.84,49.153,start
1780984788.3846514,-0.815,-0.188,0.567,-3.252,7.275,0.679,-0.656,-0.327,0.622,-7.511,-1.206,0.985,-0.295,-0.39,0.893,3.542,0.641,0.443,-0.259,-0.445,0.927,8.206,7.74,1.679,0.231,-0.022,0.604,105.244,-13.107,20.542,start
1780984788.4951293,-0.832,-0.189,0.559,-2.389,3.954,1.061,-0.65,-0.33,0.63,-7.191,0.374,0.389,-0.299,-0.389,0.884,0.878,0.794,1.115,-0.257,-0.435,0.926,3.023,4.611,1.832,0.211,0.056,0.774,31.947,4.107,6.466,start
1780984788.5951664,-0.835,-0.187,0.554,-1.275,0.504,0.435,-0.653,-0.33,0.631,-6.473,-1.763,-0.809,-0.297,-0.388,0.896,-0.397,0.679,0.191,-0.255,-0.444,0.907,1.435,8.176,-1.183,0.229,0.036,0.85,-10.229,2.924,1.786,start
1780984788.6951077,-0.823,-0.19,0.555,-0.504,2.168,-0.702,-0.652,-0.333,0.631,-6.481,0.45,-0.038,-0.298,-0.393,0.89,-0.107,0.107,-0.282,-0.258,-0.438,0.918,1.634,5.847,-1.191,0.207,0.041,0.781,-28.534,6.412,3.344,start
1780984788.8072863,-0.825,-0.187,0.557,1.832,-1.748,0.779,-0.632,-0.332,0.626,-3.725,0.344,0.695,-0.3,-0.391,0.891,2.107,-2.618,-2.13,-0.265,-0.44,0.924,2.252,1.687,-4.588,0.142,-0.028,0.771,-96.542,33.053,34.092,start
1780984788.894432,-0.825,-0.191,0.567,1.344,-0.168,-1.603,-0.641,-0.331,0.642,-7.115,0.817,-1.061,-0.288,-0.389,0.895,-2.557,-0.763,0.214,-0.247,-0.449,0.92,0.214,5.374,-1.122,0.108,-0.407,1.039,-168.046,30.061,-50.198,start
1780984788.9971795,-0.823,-0.172,0.576,-1.023,-1.267,-1.443,-0.646,-0.325,0.644,-7.656,0.74,-1.107,-0.287,-0.389,0.892,-1.519,0.031,-0.305,-0.243,-0.448,0.919,0.443,10.313,-0.924,0.137,-0.287,0.795,-0.389,-3.244,-1.229,start
1780984789.099932,-0.812,-0.179,0.582,-0.55,1.817,-1.42,-0.645,-0.329,0.635,-7.672,0.176,-1.496,-0.286,-0.391,0.896,-1.069,0.16,-0.45,-0.246,-0.453,0.921,1.13,7.687,-0.29,0.142,-0.303,0.815,-1.695,2.695,-0.855,start
1780984789.205916,-0.815,-0.183,0.575,-0.29,1.527,-0.718,-0.647,-0.328,0.639,-6.702,0.282,-0.153,-0.288,-0.391,0.886,-0.389,-0.275,0.908,-0.25,-0.451,0.912,1.954,6.489,0.107,0.151,-0.307,0.82,-1.466,2.718,-3.763,start
1780984789.3062952,-0.813,-0.181,0.577,-0.71,0.901,-1.443,-0.647,-0.325,0.649,-7.496,0.038,-1.099,-0.289,-0.391,0.897,-0.435,-0.313,-1.084,-0.25,-0.451,0.913,1.046,7.756,-1.458,0.158,-0.304,0.814,-1.763,1.489,-0.794,start
1780984789.420196,-0.814,-0.183,0.578,-1.084,1.985,-0.313,-0.645,-0.327,0.64,-7.252,0.534,-0.382,-0.293,-0.39,0.897,-0.389,-0.023,0.023,-0.252,-0.446,0.923,1.618,6.847,-0.176,0.148,-0.309,0.804,-1.168,2.725,-1.511,start
1780984789.5226521,-0.813,-0.184,0.577,-1.45,1.641,-1.733,-0.644,-0.328,0.64,-7.42,0.107,-1.29,-0.289,-0.392,0.895,-0.855,0.29,-0.145,-0.252,-0.447,0.916,1.069,8.015,-1.466,0.153,-0.312,0.814,-2.534,1.58,-0.336,start
1780984789.644143,-0.812,-0.185,0.569,-0.924,2.046,-0.137,-0.641,-0.328,0.637,-7.069,0.511,0.282,-0.291,-0.385,0.89,-0.336,0.649,0.565,-0.253,-0.455,0.914,1.481,6.656,-0.588,0.153,-0.309,0.812,-1.527,3.229,-2.481,start
1780984792.4126089,-0.819,-0.188,0.573,-0.878,1.916,-0.664,-0.643,-0.328,0.629,-6.924,0.435,-0.084,-0.288,-0.392,0.892,-0.542,-0.198,0.687,-0.255,-0.455,0.912,2.298,6.16,-0.656,0.153,-0.321,0.813,-0.611,2.374,-0.137,start
1780984792.508152,-0.814,-0.187,0.58,-1.305,1.588,-0.748,-0.647,-0.328,0.635,-6.695,0.504,-0.244,-0.291,-0.391,0.894,-0.626,0.733,0.374,-0.251,-0.456,0.913,1.634,6.649,-0.496,0.158,-0.323,0.796,-0.374,2.817,-0.359,start
1780984792.6129854,-0.813,-0.185,0.57,-1.191,1.817,-1.0,-0.647,-0.326,0.641,-7.076,0.252,-0.855,-0.286,-0.393,0.899,-0.031,-0.145,-0.275,-0.25,-0.455,0.919,1.786,7.366,-0.893,0.157,-0.327,0.811,-0.893,1.664,0.504,start
1780984792.7126298,-0.822,-0.181,0.568,-0.954,1.824,-0.656,-0.643,-0.336,0.637,-7.092,-0.015,-0.42,-0.289,-0.396,0.895,-0.511,-0.191,0.328,-0.252,-0.457,0.918,2.061,6.382,-0.328,0.156,-0.328,0.817,-0.427,2.557,-0.191,start
1780984792.8182461,-0.82,-0.187,0.574,-0.542,2.031,-0.534,-0.647,-0.332,0.64,-6.901,0.191,-0.702,-0.289,-0.394,0.892,-0.344,-0.13,0.282,-0.254,-0.451,0.926,2.878,5.137,-0.664,0.364,-0.501,1.113,65.015,-16.046,-7.695,start
1780984792.9163582,-0.813,-0.181,0.576,-2.008,4.321,1.168,-0.645,-0.323,0.644,-8.779,2.344,1.26,-0.288,-0.387,0.897,0.374,3.565,2.931,-0.241,-0.444,0.889,9.786,9.481,6.885,0.247,-0.143,0.725,119.099,-22.412,-10.817,start
1780984793.014502,-0.824,-0.189,0.552,-3.542,6.786,-0.893,-0.641,-0.328,0.635,-9.901,2.198,-0.969,-0.301,-0.388,0.886,-0.802,2.115,0.176,-0.259,-0.437,0.919,2.656,14.092,0.817,0.232,0.026,0.794,44.939,-5.084,-3.344,start
1780984793.1287181,-0.828,-0.187,0.552,-1.618,2.397,-0.473,-0.651,-0.336,0.633,-7.725,0.534,-0.046,-0.304,-0.392,0.889,0.023,1.214,0.794,-0.271,-0.436,0.922,2.947,8.084,0.252,0.248,0.074,0.77,10.969,4.389,-1.244,start
1780984793.229387,-0.822,-0.187,0.56,-0.908,0.565,-0.969,-0.648,-0.334,0.627,-6.656,-0.305,-0.55,-0.305,-0.39,0.893,-0.275,-0.084,-0.435,-0.266,-0.442,0.918,1.962,7.069,-1.901,0.257,0.047,0.81,-10.115,4.252,-1.099,start
1780984793.3236516,-0.828,-0.183,0.552,0.641,-0.435,-0.237,-0.651,-0.333,0.623,-5.511,-0.55,0.069,-0.3,-0.386,0.885,1.496,-4.214,-0.534,-0.271,-0.432,0.925,2.45,3.878,-3.229,0.18,0.161,0.403,-109.863,25.794,0.427,start
1780984793.4370103,-0.793,-0.176,0.583,1.359,-2.931,-4.069,-0.645,-0.328,0.638,-7.214,-0.038,-2.534,-0.294,-0.392,0.9,-2.954,1.718,-1.092,-0.256,-0.466,0.901,-3.45,7.191,-3.511,0.239,-0.487,1.123,-151.641,36.687,-32.389,start
1780984793.5408633,-0.808,-0.187,0.574,-0.137,-1.435,-1.641,-0.645,-0.327,0.638,-5.878,-0.595,-0.87,-0.276,-0.389,0.887,0.779,-0.031,-0.481,-0.242,-0.444,0.924,1.122,8.695,-1.115,0.183,-0.34,0.812,-4.962,-5.618,-0.924,start
1780984793.638024,-0.818,-0.185,0.582,-0.718,1.527,-0.557,-0.643,-0.328,0.637,-6.855,0.382,-0.031,-0.293,-0.392,0.896,0.069,0.466,0.405,-0.247,-0.445,0.915,1.878,5.824,0.344,0.18,-0.342,0.798,-1.931,2.328,-2.504,start
1780984793.7476118,-0.816,-0.184,0.576,-0.809,1.664,-1.359,-0.642,-0.324,0.64,-7.374,0.382,-0.656,-0.285,-0.392,0.894,-0.397,-0.092,-0.527,-0.249,-0.452,0.91,0.954,7.969,-1.244,0.178,-0.342,0.804,-2.985,3.153,-1.206,start
1780984793.8478305,-0.815,-0.189,0.576,-1.191,1.511,-0.496,-0.645,-0.331,0.633,-7.695,0.366,-0.863,-0.285,-0.391,0.897,-0.832,0.321,0.45,-0.248,-0.459,0.907,1.626,7.748,-0.069,0.181,-0.349,0.802,-0.87,4.015,-0.939,start
1780984793.9418695,-0.815,-0.181,0.584,-0.168,0.885,-0.412,-0.644,-0.327,0.633,-6.58,0.397,-0.656,-0.281,-0.392,0.901,-0.198,-0.069,0.42,-0.246,-0.449,0.915,3.595,7.878,0.214,0.179,-0.345,0.794,-1.58,2.443,-1.298,start
1780984794.0444362,-0.815,-0.188,0.572,-0.359,1.679,-0.084,-0.648,-0.326,0.641,-6.649,0.87,0.344,-0.29,-0.393,0.89,0.298,-0.023,-0.122,-0.251,-0.454,0.915,2.153,7.099,0.55,0.181,-0.345,0.792,-2.191,2.618,-1.969,start
1780984794.1476622,-0.816,-0.182,0.573,-1.229,1.649,-0.939,-0.645,-0.33,0.641,-7.107,0.183,-0.947,-0.287,-0.392,0.89,-1.031,0.74,-0.198,-0.246,-0.456,0.917,1.099,8.275,-1.168,0.17,-0.348,0.796,-2.305,1.214,0.084,start
1780984794.2586365,-0.818,-0.185,0.576,-0.718,1.16,-0.878,-0.645,-0.328,0.639,-7.168,0.534,-0.275,-0.289,-0.394,0.893,-0.542,0.061,0.351,-0.244,-0.45,0.914,1.603,6.374,0.061,0.181,-0.351,0.799,-0.252,4.038,-0.557,start
1780984797.046177,-0.816,-0.186,0.571,-0.901,1.45,-0.435,-0.649,-0.332,0.635,-6.672,0.298,-0.031,-0.293,-0.397,0.896,-0.634,0.191,0.015,-0.247,-0.459,0.912,1.878,6.496,-0.229,0.183,-0.35,0.799,-0.321,2.924,-0.588,start
1780984797.1440053,-0.814,-0.186,0.567,-1.435,1.603,-1.244,-0.646,-0.33,0.631,-6.992,0.595,-0.519,-0.291,-0.393,0.887,-0.611,0.198,-0.153,-0.247,-0.455,0.918,1.664,6.557,-1.084,0.181,-0.351,0.786,-0.794,2.389,-0.015,start
1780984797.2380123,-0.819,-0.182,0.571,-1.763,2.267,-1.847,-0.644,-0.327,0.633,-7.702,0.573,-0.756,-0.292,-0.397,0.894,-0.84,0.588,0.053,-0.25,-0.457,0.915,1.618,7.183,-0.626,0.174,-0.355,0.798,-0.603,2.794,-0.122,start
1780984797.3505898,-0.81,-0.188,0.576,-0.733,1.168,-0.137,-0.644,-0.328,0.63,-7.13,0.366,-0.168,-0.291,-0.392,0.898,-0.374,0.008,-0.252,-0.251,-0.459,0.915,1.618,6.809,-0.405,0.171,-0.358,0.792,-0.931,1.099,0.122,start
1780984797.4517426,-0.819,-0.184,0.574,-1.389,3.443,-0.649,-0.636,-0.34,0.634,-7.336,-0.198,0.756,-0.312,-0.396,0.898,0.763,1.198,0.321,-0.241,-0.457,0.923,2.649,5.466,1.221,0.035,-0.383,0.953,159.672,-34.893,44.023,start
1780984797.5467362,-0.813,-0.182,0.568,-4.947,14.282,2.305,-0.635,-0.35,0.647,-11.405,10.397,1.962,-0.295,-0.394,0.895,-2.206,6.214,4.397,-0.281,-0.447,0.911,3.794,26.282,5.565,0.17,0.023,0.672,79.359,-16.908,-5.664,start
1780984797.657292,-0.827,-0.19,0.544,-1.26,5.885,-0.924,-0.648,-0.333,0.637,-8.611,-0.878,-1.305,-0.296,-0.393,0.88,-0.26,-2.626,-1.107,-0.284,-0.447,0.916,3.802,3.916,-0.389,0.252,0.026,0.801,18.87,-0.328,-1.458,start
1780984797.7532277,-0.831,-0.185,0.554,0.168,0.061,-1.038,-0.652,-0.333,0.623,-6.824,-0.771,-1.298,-0.297,-0.393,0.883,-0.084,-1.382,0.13,-0.262,-0.446,0.92,1.847,5.542,-1.153,0.254,0.028,0.856,-2.069,1.71,-0.817,start
1780984797.861564,-0.818,-0.186,0.566,0.153,-2.122,-0.382,-0.649,-0.33,0.63,-6.824,0.855,0.664,-0.299,-0.394,0.892,-0.076,0.687,0.435,-0.271,-0.444,0.916,1.573,9.198,-0.954,0.238,0.062,0.727,-20.107,6.389,-4.58,start
1780984797.9697094,-0.822,-0.185,0.574,5.504,-25.076,-6.229,-0.719,-0.315,0.616,-0.076,-9.802,-4.405,-0.277,-0.397,0.908,-1.214,-8.756,-6.382,-0.212,-0.464,0.921,-6.847,7.573,-9.611,0.3,-0.418,0.84,-196.855,56.252,-35.076,start
1780984798.0616755,-0.875,-0.176,0.552,2.038,9.038,1.237,-0.645,-0.33,0.649,-7.221,2.29,0.244,-0.288,-0.399,0.895,-1.893,-3.702,0.626,-0.258,-0.468,0.904,3.015,1.748,-0.634,0.201,-0.362,0.802,8.145,13.733,0.679,start
1780984798.1731412,-0.817,-0.19,0.579,-0.397,2.74,-1.008,-0.644,-0.33,0.636,-7.42,0.573,-0.366,-0.289,-0.398,0.895,-0.679,0.496,0.008,-0.245,-0.461,0.906,1.763,6.84,-0.023,0.184,-0.355,0.787,-0.809,2.046,-0.45,start
1780984798.280391,-0.816,-0.184,0.567,-0.115,2.29,1.092,-0.645,-0.33,0.635,-7.115,0.924,0.45,-0.288,-0.392,0.894,0.076,0.45,0.718,-0.247,-0.458,0.917,1.832,6.504,-0.053,0.182,-0.352,0.802,-2.092,2.16,-1.298,start
1780984798.3727698,-0.814,-0.188,0.58,-1.229,1.947,-1.985,-0.645,-0.332,0.638,-7.519,0.229,-1.061,-0.29,-0.397,0.897,-1.153,0.305,-0.382,-0.244,-0.462,0.912,1.229,7.779,-0.786,0.19,-0.356,0.797,-1.802,1.145,0.573,start
1780984798.47454,-0.812,-0.187,0.572,-0.511,2.122,-0.221,-0.644,-0.336,0.635,-6.962,0.557,0.046,-0.284,-0.394,0.892,0.008,0.145,0.305,-0.248,-0.461,0.914,1.908,6.847,0.061,0.184,-0.354,0.792,-0.786,2.046,-0.351,start
1780984798.576726,-0.815,-0.189,0.57,-0.664,1.405,-0.443,-0.647,-0.332,0.634,-7.069,0.298,-0.45,-0.287,-0.399,0.896,-0.473,0.359,0.427,-0.243,-0.462,0.912,1.794,7.137,-0.42,0.183,-0.36,0.785,-0.412,2.84,-0.466,start
1780984798.6798644,-0.817,-0.183,0.573,-0.802,1.733,-0.824,-0.642,-0.335,0.633,-7.145,0.58,-0.046,-0.288,-0.395,0.891,-0.298,0.13,0.115,-0.245,-0.458,0.911,1.74,7.107,-0.771,0.185,-0.354,0.789,-1.191,2.313,-0.214,start
1780984798.7868013,-0.814,-0.187,0.576,-1.855,1.16,-2.115,-0.645,-0.332,0.634,-7.893,0.092,-0.977,-0.289,-0.395,0.89,-0.832,0.458,-0.305,-0.248,-0.464,0.903,1.221,7.588,-0.618,0.186,-0.354,0.798,-0.763,2.786,0.076,start
1780984798.8922815,-0.816,-0.191,0.576,-0.588,0.947,-0.519,-0.646,-0.33,0.638,-6.656,0.275,-0.664,-0.288,-0.395,0.898,-0.153,0.168,0.282,-0.246,-0.461,0.916,1.702,6.893,-0.84,0.188,-0.357,0.797,-0.947,1.588,0.107,start
1780984801.679828,-0.81,-0.183,0.575,-0.344,1.901,-0.061,-0.646,-0.331,0.635,-6.977,0.626,-0.275,-0.288,-0.394,0.895,-0.344,0.366,0.031,-0.25,-0.465,0.914,2.397,6.55,0.076,0.185,-0.36,0.787,-0.725,2.321,0.038,start
1780984801.770279,-0.818,-0.188,0.571,-1.733,1.489,-1.893,-0.647,-0.333,0.635,-7.275,0.58,-0.313,-0.293,-0.396,0.893,-0.824,1.015,0.382,-0.249,-0.462,0.91,2.275,7.573,-0.649,0.19,-0.363,0.793,-0.603,3.29,0.321,start
1780984801.8732543,-0.815,-0.183,0.577,-0.954,1.176,-0.55,-0.649,-0.329,0.633,-7.0,0.221,-0.664,-0.291,-0.395,0.89,-0.427,-0.069,-0.26,-0.253,-0.461,0.913,1.687,7.053,-0.305,0.188,-0.367,0.797,-0.679,1.901,0.153,start
1780984801.9871008,-0.815,-0.185,0.58,-0.817,1.634,-0.55,-0.646,-0.336,0.637,-7.374,0.832,0.046,-0.288,-0.392,0.889,-0.221,0.893,0.725,-0.254,-0.46,0.914,2.107,6.458,0.366,0.185,-0.361,0.791,-0.015,3.878,-0.771,start
1780984802.0791128,-0.813,-0.186,0.576,-1.557,1.023,-2.29,-0.645,-0.33,0.643,-7.511,0.298,-0.924,-0.29,-0.392,0.895,-0.42,-0.122,-0.565,-0.252,-0.461,0.916,2.435,6.901,-1.282,0.186,-0.374,0.808,0.405,4.0,1.351,start
1780984802.199766,-0.819,-0.187,0.57,-1.282,14.412,3.061,-0.644,-0.333,0.64,-8.351,2.473,1.992,-0.299,-0.395,0.896,0.641,2.214,2.42,-0.262,-0.455,0.911,8.733,4.992,4.611,0.228,-0.21,0.795,133.321,-8.481,7.794,start
1780984802.2946422,-0.835,-0.193,0.549,-4.0,6.679,0.435,-0.641,-0.333,0.646,-9.046,1.183,-0.176,-0.295,-0.393,0.899,-0.954,2.832,2.573,-0.265,-0.449,0.917,5.481,1.702,4.794,0.225,0.009,0.766,53.137,-4.008,-2.985,start
1780984802.4011228,-0.833,-0.191,0.552,-1.046,2.725,0.153,-0.651,-0.33,0.629,-6.947,1.366,0.45,-0.309,-0.391,0.891,-0.252,2.763,0.336,-0.248,-0.456,0.917,-0.321,7.58,-1.252,0.245,0.06,0.859,25.443,-2.802,-1.962,start
1780984802.490777,-0.834,-0.185,0.542,-2.458,2.87,-0.802,-0.663,-0.336,0.617,-8.023,1.641,-0.74,-0.307,-0.396,0.889,-1.55,1.046,0.748,-0.27,-0.447,0.91,0.511,8.298,-0.061,0.236,0.049,0.865,-0.534,-0.29,-2.802,start
1780984802.5968096,-0.839,-0.182,0.548,0.092,-0.771,0.298,-0.661,-0.331,0.615,-5.122,-0.756,-0.26,-0.31,-0.389,0.889,0.626,-3.305,-0.985,-0.272,-0.438,0.905,2.321,3.832,-2.527,0.236,0.068,0.752,-34.0,-0.496,-2.359,start
1780984802.696855,-0.841,-0.182,0.55,5.0,-17.397,-3.267,-0.651,-0.331,0.632,0.511,-7.412,-2.298,-0.279,-0.396,0.913,0.855,-13.214,-4.771,-0.24,-0.465,0.916,11.031,-15.504,-0.641,0.238,-0.076,0.655,-69.817,16.565,-6.679,start
1780984802.8132632,-0.811,-0.183,0.582,1.137,-2.527,-2.588,-0.642,-0.322,0.645,-6.893,0.252,-2.611,-0.288,-0.39,0.898,-1.427,-1.863,-1.229,-0.264,-0.45,0.909,-0.863,6.962,-3.771,0.584,-0.746,0.992,28.802,100.214,5.053,start
1780984802.9027889,-0.82,-0.185,0.575,-1.573,0.0,-1.183,-0.646,-0.33,0.634,-7.336,0.16,-0.618,-0.291,-0.394,0.896,-0.176,-1.244,0.008,-0.255,-0.448,0.908,5.489,3.855,1.779,0.182,-0.365,0.782,-5.061,1.893,-0.664,start
1780984803.016546,-0.817,-0.186,0.576,-0.496,0.618,-1.305,-0.646,-0.33,0.635,-6.908,0.221,-0.519,-0.288,-0.39,0.893,-0.458,-0.13,-0.298,-0.251,-0.445,0.914,1.969,7.076,-0.893,0.186,-0.373,0.795,-1.405,0.763,-0.321,start
1780984803.1103656,-0.82,-0.184,0.565,-0.397,2.031,-0.244,-0.647,-0.328,0.639,-6.427,0.931,0.237,-0.288,-0.39,0.895,-0.069,0.351,0.55,-0.255,-0.442,0.92,2.092,5.786,0.267,0.19,-0.37,0.791,-0.351,2.481,-0.664,start
1780984803.2126358,-0.822,-0.185,0.568,-0.924,1.321,-1.107,-0.645,-0.325,0.637,-7.45,-0.015,-1.038,-0.286,-0.39,0.892,-0.42,0.328,-0.618,-0.255,-0.445,0.925,1.382,7.504,-1.084,0.189,-0.375,0.79,-1.962,1.74,0.626,start
1780984803.3338847,-0.819,-0.187,0.575,-0.809,2.87,-0.221,-0.646,-0.332,0.63,-7.046,0.679,0.115,-0.292,-0.395,0.893,-1.0,1.092,0.687,-0.253,-0.448,0.917,2.092,5.893,-0.389,0.181,-0.38,0.782,-0.557,2.45,-0.649,start
1780984803.418896,-0.822,-0.184,0.572,-0.565,1.412,-0.588,-0.647,-0.328,0.63,-7.221,0.16,-0.42,-0.288,-0.39,0.898,-0.366,-0.321,0.046,-0.256,-0.447,0.918,1.649,6.725,0.084,0.182,-0.372,0.785,-1.153,1.962,-0.107,start
1780984803.5284207,-0.826,-0.18,0.564,-0.664,2.267,0.046,-0.648,-0.331,0.631,-7.092,0.542,-0.481,-0.289,-0.387,0.899,-0.382,0.725,0.305,-0.256,-0.442,0.921,1.809,6.534,-1.0,0.185,-0.368,0.783,-1.42,1.115,0.13,start
1780984806.3029423,-0.817,-0.183,0.566,-1.015,1.458,-1.137,-0.654,-0.333,0.634,-7.344,0.008,-0.992,-0.294,-0.39,0.893,-0.878,0.237,-0.405,-0.253,-0.451,0.916,1.252,8.046,-0.985,0.189,-0.38,0.775,-1.382,0.786,0.351,start
1780984806.405176,-0.813,-0.182,0.568,-1.038,1.649,-0.435,-0.646,-0.328,0.635,-6.679,0.427,-0.107,-0.294,-0.394,0.892,-0.695,0.58,0.176,-0.251,-0.451,0.91,1.908,6.687,-0.672,0.195,-0.381,0.79,-0.565,2.511,-0.168,start
1780984806.5132723,-0.818,-0.181,0.572,-0.42,1.153,-0.557,-0.649,-0.328,0.63,-6.656,0.145,-0.55,-0.29,-0.393,0.897,0.076,0.458,-0.015,-0.255,-0.452,0.92,1.489,7.053,-0.328,0.186,-0.377,0.778,-0.183,3.137,-0.443,start
1780984806.6111293,-0.82,-0.182,0.572,-1.046,1.443,-1.046,-0.648,-0.325,0.63,-7.229,0.305,-0.664,-0.29,-0.393,0.897,-0.58,-0.015,-0.008,-0.249,-0.451,0.917,1.42,7.26,-1.191,0.187,-0.372,0.787,-0.87,1.443,0.313,start
1780984806.7229612,-0.822,-0.185,0.57,-1.847,2.069,-0.885,-0.65,-0.33,0.633,-7.069,0.412,-0.55,-0.289,-0.396,0.893,-0.092,-0.618,0.053,-0.251,-0.453,0.915,1.985,6.122,-0.29,0.196,-0.384,0.794,0.061,4.519,0.061,start
1780984806.821616,-0.84,-0.18,0.563,0.55,0.427,-0.473,-0.641,-0.33,0.643,-7.634,-0.695,-0.725,-0.286,-0.396,0.891,-0.55,3.763,2.344,-0.263,-0.459,0.917,2.863,9.191,1.168,0.315,-0.423,0.909,153.771,-56.321,42.443,start
1780984806.9226496,-0.827,-0.182,0.558,-3.496,12.458,1.733,-0.664,-0.337,0.612,-10.42,1.641,1.786,-0.308,-0.385,0.885,-0.855,3.557,2.45,-0.281,-0.433,0.958,2.122,8.702,2.466,0.236,0.001,0.68,76.351,-6.389,-0.962,start
1780984807.0230427,-0.826,-0.185,0.547,-2.733,7.069,0.206,-0.656,-0.335,0.634,-9.656,2.015,-0.351,-0.317,-0.392,0.882,-2.427,5.725,0.58,-0.278,-0.442,0.904,-2.29,9.344,-0.321,0.222,0.052,0.792,24.916,-0.87,-3.053,start
1780984807.1275737,-0.832,-0.184,0.542,-1.053,3.298,0.191,-0.659,-0.329,0.616,-7.389,1.58,-0.237,-0.318,-0.395,0.887,-0.397,0.076,0.137,-0.279,-0.456,0.907,1.519,7.244,-0.947,0.238,0.061,0.796,-4.45,0.229,-1.435,start
1780984807.229398,-0.831,-0.182,0.542,0.099,-2.046,-1.405,-0.657,-0.33,0.629,-5.542,-0.519,-0.435,-0.309,-0.393,0.883,0.298,-1.611,-0.725,-0.269,-0.451,0.913,2.321,4.542,-1.145,0.254,0.049,0.809,-17.244,3.84,-1.71,start
1780984807.3387518,-0.839,-0.187,0.549,4.344,-14.534,-0.42,-0.66,-0.325,0.622,0.237,-5.305,-0.557,-0.303,-0.383,0.895,2.916,-14.053,-4.557,-0.276,-0.444,0.866,4.656,-8.267,-8.237,0.175,-0.243,0.79,-214.191,46.863,-14.443,start
1780984807.4432569,-0.814,-0.182,0.572,-1.58,-0.939,-2.565,-0.647,-0.327,0.637,-6.893,0.931,-0.748,-0.289,-0.393,0.891,-2.069,3.244,0.382,-0.25,-0.464,0.914,1.733,10.878,0.221,0.207,-0.392,0.874,-16.198,0.099,-4.412,start
1780984807.549622,-0.828,-0.185,0.568,-1.282,0.252,-1.366,-0.654,-0.33,0.631,-7.0,-0.115,-0.664,-0.3,-0.398,0.889,-0.481,-0.244,-0.55,-0.249,-0.474,0.895,1.695,7.679,-1.336,0.169,-0.366,0.798,-2.954,1.29,-1.053,start
1780984807.6413202,-0.825,-0.185,0.569,-0.313,1.863,-0.542,-0.657,-0.331,0.629,-6.878,0.595,-0.008,-0.295,-0.396,0.894,-0.42,0.611,0.702,-0.257,-0.464,0.915,2.046,5.954,0.336,0.174,-0.359,0.796,-1.435,3.412,-1.847,start
1780984807.7444048,-0.817,-0.183,0.574,-0.748,1.359,-0.557,-0.647,-0.331,0.63,-7.397,0.382,-0.794,-0.294,-0.394,0.889,-0.542,0.038,-0.473,-0.255,-0.466,0.91,1.267,7.985,-1.504,0.173,-0.365,0.788,-2.282,0.496,0.244,start
1780984807.8478885,-0.824,-0.178,0.568,-1.015,1.954,-0.565,-0.651,-0.33,0.635,-7.412,0.618,-0.237,-0.297,-0.396,0.888,-0.626,0.534,0.573,-0.257,-0.463,0.908,1.107,9.092,0.076,0.173,-0.365,0.797,-1.137,2.092,-0.107,start
1780984807.9603674,-0.818,-0.178,0.566,-0.55,0.878,-1.565,-0.652,-0.332,0.639,-6.45,0.267,-0.84,-0.299,-0.398,0.888,-0.023,-0.198,-0.115,-0.257,-0.468,0.907,2.115,6.809,-0.687,0.175,-0.376,0.792,-0.794,2.344,-0.466,start
1780984808.0533075,-0.824,-0.18,0.563,-0.359,1.489,0.176,-0.649,-0.327,0.628,-6.855,0.695,0.031,-0.297,-0.397,0.894,-0.405,0.893,0.176,-0.258,-0.464,0.903,1.855,6.74,-0.267,0.18,-0.367,0.788,-1.275,2.885,-1.046,start
1780984808.1637816,-0.82,-0.185,0.562,-1.573,1.756,-1.336,-0.651,-0.331,0.626,-7.504,0.031,-1.092,-0.295,-0.391,0.887,-0.863,0.42,-0.336,-0.256,-0.467,0.908,1.321,8.023,-1.267,0.178,-0.374,0.78,-1.733,2.107,0.466,start
1780984810.8362603,-0.825,-0.184,0.565,-1.008,1.145,-1.13,-0.649,-0.33,0.626,-7.45,0.695,-0.16,-0.296,-0.399,0.889,-0.481,0.008,0.832,-0.26,-0.469,0.904,1.756,7.435,-0.008,0.175,-0.373,0.787,-0.267,2.565,-0.13,start
1780984810.9375958,-0.822,-0.18,0.568,-1.008,0.939,-1.802,-0.651,-0.332,0.635,-6.771,-0.176,-0.885,-0.3,-0.394,0.887,-0.412,-0.374,-1.122,-0.255,-0.468,0.905,1.71,6.809,-1.443,0.181,-0.371,0.788,-1.107,-0.328,-0.115,start
1780984811.041077,-0.817,-0.181,0.566,-0.687,1.916,-0.084,-0.654,-0.33,0.628,-6.901,0.771,0.046,-0.301,-0.394,0.892,0.046,-0.16,0.634,-0.259,-0.468,0.907,2.275,7.282,0.443,0.177,-0.372,0.784,-0.16,3.427,-0.092,start
1780984811.1442313,-0.825,-0.183,0.557,-1.16,2.389,-1.076,-0.652,-0.334,0.623,-7.42,0.542,-0.443,-0.301,-0.395,0.881,-0.969,0.481,-0.763,-0.26,-0.466,0.905,1.366,7.924,-0.313,0.175,-0.378,0.781,-1.664,1.076,1.015,start
1780984811.2594554,-0.82,-0.183,0.56,-0.733,3.252,-0.634,-0.654,-0.334,0.631,-7.511,0.969,-0.374,-0.302,-0.399,0.889,-0.687,0.305,1.412,-0.262,-0.471,0.905,2.336,6.695,-0.321,0.173,-0.378,0.787,0.244,4.565,-0.908,start
1780984811.34961,-0.821,-0.183,0.561,-0.832,0.878,-0.611,-0.653,-0.334,0.625,-6.908,0.42,-0.344,-0.299,-0.398,0.885,-0.336,0.328,-0.015,-0.256,-0.47,0.906,1.939,6.55,-0.153,0.176,-0.374,0.789,-0.397,3.0,-0.45,start
1780984811.4603431,-0.821,-0.182,0.569,-1.076,1.855,-0.046,-0.653,-0.33,0.63,-7.076,0.718,-0.244,-0.301,-0.394,0.897,-0.137,-0.168,0.405,-0.261,-0.468,0.913,2.076,6.565,-1.076,0.18,-0.373,0.788,-1.214,1.588,-0.16,start
1780984811.56849,-0.82,-0.18,0.564,-1.45,1.176,-2.366,-0.653,-0.328,0.628,-7.336,0.244,-1.046,-0.302,-0.395,0.885,-1.084,0.74,-0.244,-0.259,-0.47,0.913,1.565,7.931,-0.702,0.181,-0.374,0.779,-0.885,1.847,0.168,start
1780984811.6646876,-0.824,-0.191,0.563,-1.176,0.412,-0.939,-0.65,-0.328,0.64,-6.565,0.244,0.023,-0.299,-0.396,0.89,-0.229,-0.473,-0.061,-0.257,-0.465,0.908,1.893,7.183,-0.718,0.182,-0.375,0.789,-0.74,0.863,-0.031,start
1780984811.773961,-0.829,-0.184,0.563,-0.893,1.695,-0.55,-0.654,-0.329,0.625,-6.863,0.45,-0.405,-0.302,-0.396,0.883,-0.099,0.336,0.466,-0.259,-0.467,0.911,2.427,5.435,-0.046,0.18,-0.38,0.784,0.71,4.153,-0.702,start
1780984811.875608,-0.822,-0.183,0.565,-1.542,2.817,-0.672,-0.653,-0.325,0.631,-7.84,0.855,-0.763,-0.301,-0.394,0.888,-0.901,0.687,0.076,-0.271,-0.466,0.9,2.595,8.351,-0.099,-0.733,-0.466,2.0,75.924,-15.229,67.084,start
1780984811.9676306,-0.836,-0.185,0.55,-3.58,11.13,-0.122,-0.654,-0.332,0.616,-9.626,-0.015,0.954,-0.299,-0.394,0.897,-1.702,4.863,3.374,-0.244,-0.472,0.896,7.237,12.863,8.519,0.203,-0.074,0.653,128.008,-33.489,-2.076,start
1780984812.0705843,-0.83,-0.182,0.549,-2.863,5.779,-0.412,-0.656,-0.334,0.613,-8.893,0.061,-0.573,-0.311,-0.394,0.895,-1.779,0.641,0.137,-0.274,-0.456,0.901,2.359,8.427,1.099,0.253,0.038,0.812,40.733,0.344,3.275,start
1780984812.1761014,-0.838,-0.18,0.533,-1.748,4.092,0.809,-0.66,-0.332,0.617,-7.802,1.496,0.588,-0.323,-0.395,0.886,0.107,2.214,0.885,-0.293,-0.456,0.899,-3.076,8.534,-4.687,0.268,0.037,0.877,1.092,-0.649,1.244,start
1780984812.2764213,-0.834,-0.183,0.54,-1.008,-2.16,-2.763,-0.663,-0.335,0.621,-6.611,-0.977,-1.298,-0.318,-0.397,0.885,-0.427,-2.702,-1.359,-0.27,-0.455,0.907,1.511,6.557,-2.832,0.236,0.074,0.785,-27.405,2.618,-1.191,start
1780984812.38382,-0.841,-0.188,0.542,4.26,-9.313,-0.893,-0.668,-0.332,0.609,-0.107,-3.695,-1.061,-0.313,-0.391,0.879,3.015,-11.656,-5.969,-0.268,-0.467,0.883,1.313,-6.718,-10.969,0.233,-0.182,0.637,-217.809,51.107,-16.565,start
1780984812.4912517,-0.827,-0.191,0.563,0.137,-1.962,-1.069,-0.644,-0.326,0.637,-6.046,-1.29,-1.702,-0.27,-0.402,0.885,4.076,6.519,4.366,-0.299,-0.47,0.904,-6.45,23.176,-0.809,0.281,-0.422,0.83,25.641,48.13,3.16,start
1780984812.5925403,-0.823,-0.18,0.562,-1.458,-0.405,-0.771,-0.651,-0.331,0.626,-6.84,-0.328,-0.221,-0.299,-0.392,0.893,-1.206,-0.168,-0.496,-0.254,-0.464,0.913,1.313,6.985,-1.038,0.172,-0.369,0.794,-2.565,0.626,-0.115,start
1780984812.688512,-0.824,-0.182,0.57,-1.557,2.237,-1.656,-0.657,-0.34,0.632,-7.336,-0.015,-0.847,-0.302,-0.399,0.889,-1.298,1.313,0.679,-0.257,-0.471,0.902,0.985,8.985,0.267,0.172,-0.368,0.782,-1.0,3.634,0.16,start
1780984812.7916338,-0.827,-0.181,0.565,-0.718,0.954,-0.748,-0.648,-0.328,0.625,-6.824,0.282,-0.076,-0.3,-0.397,0.888,-0.344,-0.176,-0.489,-0.264,-0.463,0.908,1.038,7.641,-1.351,0.171,-0.37,0.791,-2.611,-0.16,-0.336,start
1780984815.470102,-0.803,-0.18,0.573,-1.198,2.015,-1.313,-0.656,-0.338,0.625,-7.641,1.649,-0.359,-0.309,-0.398,0.885,-0.756,1.374,0.229,-0.261,-0.47,0.902,1.573,6.046,-1.153,0.183,-0.365,0.789,-2.359,-0.16,-0.847,start
1780984815.5793517,-0.818,-0.18,0.566,-1.794,1.42,-1.756,-0.648,-0.33,0.636,-7.603,0.366,-0.618,-0.299,-0.399,0.896,-1.328,1.023,0.481,-0.262,-0.477,0.897,1.176,8.282,0.275,0.176,-0.363,0.792,-0.786,4.275,-0.206,start
1780984815.679924,-0.817,-0.183,0.562,-1.092,-0.282,-1.542,-0.653,-0.329,0.625,-7.069,-0.298,-1.153,-0.295,-0.398,0.888,-1.191,-0.244,-0.511,-0.258,-0.469,0.898,1.504,7.55,-1.389,0.173,-0.373,0.789,-1.069,2.145,-0.176,start
1780984815.78852,-0.825,-0.187,0.568,-0.244,0.13,0.008,-0.654,-0.335,0.629,-6.511,0.145,0.122,-0.299,-0.4,0.887,0.679,-0.977,0.107,-0.252,-0.465,0.9,2.313,5.947,0.443,0.179,-0.366,0.8,0.29,4.282,-0.893,start
1780984815.886826,-0.83,-0.183,0.561,-0.977,1.786,-1.817,-0.65,-0.332,0.622,-7.153,0.008,-1.237,-0.297,-0.394,0.888,-1.168,-0.145,-0.763,-0.256,-0.468,0.917,0.702,7.107,-1.519,0.183,-0.367,0.792,-1.573,-0.626,1.053,start
1780984815.9849064,-0.822,-0.191,0.567,-0.916,2.733,-0.153,-0.651,-0.335,0.622,-7.038,1.252,0.382,-0.298,-0.397,0.889,-0.351,1.168,0.55,-0.257,-0.467,0.906,1.901,7.038,0.153,0.179,-0.366,0.794,0.29,4.496,-0.092,start
1780984816.097455,-0.818,-0.182,0.565,-0.588,1.046,-0.847,-0.646,-0.331,0.63,-7.13,-0.031,-0.809,-0.302,-0.403,0.885,-0.573,-0.038,-0.603,-0.256,-0.472,0.903,2.015,6.328,-1.137,0.173,-0.364,0.782,0.076,0.809,-0.74,start
1780984816.190968,-0.823,-0.181,0.566,-0.908,1.275,-1.214,-0.653,-0.332,0.625,-7.176,0.55,-0.611,-0.301,-0.4,0.886,-0.58,0.206,0.061,-0.257,-0.467,0.898,2.023,6.405,-0.824,0.183,-0.368,0.786,-0.443,2.481,-0.542,start
1780984816.2980237,-0.822,-0.188,0.561,-1.565,1.496,-1.634,-0.649,-0.335,0.621,-7.489,0.252,-0.779,-0.298,-0.402,0.885,-0.847,1.053,0.229,-0.25,-0.474,0.906,1.527,7.214,0.412,0.19,-0.39,0.789,-1.237,0.221,-0.053,start
1780984816.408497,-0.817,-0.183,0.561,-1.229,1.954,-0.84,-0.655,-0.333,0.623,-6.763,-0.115,-0.45,-0.309,-0.4,0.892,0.534,0.282,0.443,-0.232,-0.46,0.895,3.328,5.046,-0.153,0.283,-0.533,1.24,104.206,-19.237,47.779,start
1780984816.4997358,-0.82,-0.187,0.57,-4.916,20.237,5.702,-0.655,-0.328,0.622,-11.87,7.511,4.855,-0.313,-0.393,0.885,1.718,16.16,8.275,0.061,-0.753,0.776,-5.832,19.573,-12.405,0.18,0.039,0.673,117.351,-15.099,-4.466,start
1780984816.6089876,-0.83,-0.179,0.552,-4.366,5.962,-2.183,-0.655,-0.335,0.633,-11.489,3.084,-0.847,-0.318,-0.393,0.878,-3.023,4.084,1.359,-0.239,-0.47,0.843,-2.412,15.55,-0.618,0.199,0.115,0.74,23.809,2.931,-2.328,start
1780984816.7066793,-0.838,-0.181,0.531,-0.847,5.168,1.458,-0.658,-0.333,0.62,-7.84,2.344,1.0,-0.33,-0.396,0.874,-0.061,5.573,2.809,-0.287,-0.464,0.895,0.359,11.221,0.885,0.241,0.112,0.793,3.939,3.221,-3.611,start
1780984816.8090143,-0.841,-0.179,0.53,-0.74,2.084,1.008,-0.661,-0.329,0.617,-7.45,1.74,0.511,-0.329,-0.395,0.878,-0.74,0.0,1.168,-0.286,-0.466,0.905,1.58,6.221,0.718,0.236,0.069,0.884,-7.954,-1.908,-4.0,start
1780984816.920369,-0.839,-0.175,0.529,-0.344,-1.855,-0.305,-0.663,-0.332,0.618,-6.13,0.137,0.061,-0.326,-0.398,0.872,0.153,-3.099,-0.924,-0.29,-0.461,0.896,4.382,5.985,-1.702,0.235,0.109,0.773,-19.763,3.229,-2.863,start
1780984817.02313,-0.837,-0.18,0.539,0.069,-2.45,-3.458,-0.666,-0.336,0.613,-5.71,-1.954,-1.901,-0.319,-0.4,0.88,0.443,-7.939,-3.397,-0.287,-0.463,0.891,3.595,0.366,-6.71,0.204,0.109,0.585,-94.725,16.87,1.664,start
1780984817.1178892,-0.82,-0.174,0.561,4.0,-10.893,-3.359,-0.651,-0.323,0.638,-4.611,-1.183,-2.191,-0.29,-0.394,0.889,-0.916,-3.908,-1.878,-0.271,-0.457,0.874,4.183,4.84,-0.779,0.263,-0.458,0.744,-239.084,57.145,-35.702,start
1780984817.220882,-0.815,-0.183,0.565,0.511,0.939,-1.16,-0.656,-0.335,0.611,-6.641,-2.855,-1.252,-0.29,-0.398,0.89,-0.198,-1.29,-1.328,-0.238,-0.463,0.915,0.779,11.45,-0.74,0.168,-0.347,0.8,-2.115,-21.809,-3.511,start
1780984817.323907,-0.815,-0.18,0.579,-2.244,2.389,-1.122,-0.658,-0.326,0.621,-7.695,1.092,-0.641,-0.3,-0.394,0.884,-0.542,0.412,-0.107,-0.263,-0.464,0.907,1.084,7.023,-0.939,0.177,-0.352,0.797,-2.679,-0.519,0.183,start
1780984817.431621,-0.819,-0.184,0.564,-0.405,0.176,-1.55,-0.651,-0.331,0.634,-7.145,0.29,-0.695,-0.291,-0.395,0.895,-0.282,0.015,-0.176,-0.258,-0.465,0.908,1.626,7.901,-0.565,0.176,-0.353,0.79,-0.84,2.863,0.298,start
1780984820.1050935,-0.818,-0.188,0.575,-0.786,2.183,0.328,-0.65,-0.329,0.631,-7.015,0.916,0.565,-0.297,-0.395,0.892,-0.221,1.45,0.595,-0.257,-0.47,0.907,2.084,6.779,0.382,0.189,-0.362,0.791,0.084,4.298,-0.58,start
1780984820.2106607,-0.821,-0.185,0.568,-1.069,1.298,-1.878,-0.654,-0.329,0.632,-7.504,0.198,-0.977,-0.293,-0.4,0.893,-0.527,-0.504,0.023,-0.258,-0.468,0.9,1.542,7.779,-0.939,0.179,-0.366,0.792,-1.71,0.107,0.725,start
1780984820.3122206,-0.817,-0.184,0.569,-0.924,1.786,-1.557,-0.65,-0.327,0.628,-7.137,0.405,-0.672,-0.295,-0.401,0.894,-0.58,1.084,-0.031,-0.26,-0.476,0.9,1.771,7.649,0.527,0.189,-0.365,0.789,-0.389,3.038,-0.55,start
1780984820.423877,-0.822,-0.183,0.566,-0.298,-0.282,-1.038,-0.652,-0.33,0.633,-6.641,-0.29,-0.702,-0.292,-0.393,0.897,-0.16,-1.176,0.473,-0.253,-0.474,0.908,1.809,8.031,-0.931,0.189,-0.362,0.793,-0.481,2.145,0.359,start
1780984820.5248692,-0.823,-0.188,0.56,-0.618,1.099,-0.718,-0.646,-0.333,0.633,-6.969,0.397,-0.832,-0.29,-0.404,0.883,-0.672,0.542,-0.008,-0.251,-0.473,0.904,2.435,6.382,-0.061,0.183,-0.373,0.785,0.191,3.908,-0.389,start
1780984820.6260402,-0.814,-0.186,0.566,-1.198,1.84,-1.099,-0.652,-0.331,0.626,-7.137,0.366,-0.405,-0.293,-0.401,0.893,-0.489,-0.221,0.046,-0.256,-0.472,0.903,1.481,7.122,-1.115,0.183,-0.364,0.78,-1.641,0.038,0.42,start
1780984820.723865,-0.816,-0.188,0.571,-1.397,2.756,-1.557,-0.65,-0.331,0.633,-7.366,0.634,-0.298,-0.289,-0.402,0.89,-0.916,1.191,0.588,-0.254,-0.47,0.904,2.84,6.626,0.115,-0.059,-0.65,1.391,59.473,-10.008,32.817,start
1780984820.8336763,-0.822,-0.186,0.559,-3.366,5.725,-0.115,-0.655,-0.335,0.618,-8.122,0.061,0.473,-0.299,-0.397,0.899,-0.565,1.58,1.786,-0.231,-0.463,0.892,7.496,12.122,7.198,0.284,-0.104,0.685,133.672,-33.405,-0.511,start
1780984820.9307435,-0.834,-0.188,0.545,-2.435,4.313,-0.649,-0.654,-0.334,0.627,-9.176,1.885,-1.038,-0.306,-0.399,0.888,-1.527,3.809,-0.053,-0.278,-0.46,0.906,-0.206,12.634,-2.374,0.248,0.037,0.793,33.893,-2.061,3.489,start
1780984821.0415146,-0.839,-0.181,0.543,-0.885,4.092,-0.16,-0.654,-0.339,0.611,-7.71,2.351,-1.038,-0.318,-0.401,0.884,-0.893,-2.061,-1.366,-0.268,-0.46,0.902,0.756,2.641,-1.863,0.237,0.084,0.757,-11.779,-0.718,-0.702,start
1780984821.1352086,-0.83,-0.189,0.548,0.351,-0.374,-0.947,-0.656,-0.338,0.62,-6.076,-0.267,-0.374,-0.305,-0.399,0.885,0.733,-1.634,0.008,-0.271,-0.466,0.897,0.924,7.458,-2.748,0.189,0.203,0.42,-78.649,24.305,0.466,start
1780984821.249489,-0.795,-0.179,0.587,3.603,-6.672,-1.824,-0.65,-0.322,0.639,-5.878,-0.626,-1.588,-0.289,-0.398,0.897,-1.389,-0.305,-0.626,-0.271,-0.482,0.886,-4.519,14.565,-3.45,0.219,-0.647,1.441,-227.351,40.145,-65.985,start
1780984821.3484075,-0.835,-0.187,0.557,-1.725,-1.481,-1.382,-0.639,-0.334,0.639,-5.992,0.031,-0.473,-0.285,-0.398,0.891,-0.977,3.351,0.817,-0.255,-0.479,0.9,0.885,7.374,-0.099,0.192,-0.366,0.807,0.649,12.351,-0.038,start
1780984821.4535878,-0.821,-0.178,0.568,-1.588,2.076,-0.931,-0.65,-0.331,0.624,-7.466,-0.214,-0.481,-0.294,-0.399,0.891,-0.847,0.489,-0.374,-0.253,-0.48,0.902,0.664,6.832,-1.084,0.177,-0.354,0.796,-2.275,0.26,0.473,start
1780984821.5475004,-0.819,-0.188,0.566,-0.763,1.87,-2.061,-0.652,-0.333,0.63,-7.351,0.267,-0.389,-0.294,-0.405,0.89,-0.748,0.901,0.901,-0.254,-0.483,0.891,1.603,7.214,0.015,0.181,-0.358,0.787,-0.733,3.786,-0.229,start
1780984821.6566155,-0.817,-0.186,0.564,-0.443,0.679,-0.427,-0.653,-0.33,0.633,-6.901,0.275,-0.374,-0.297,-0.401,0.888,-0.053,-0.168,-0.305,-0.257,-0.477,0.909,1.427,6.466,-1.336,0.173,-0.366,0.786,-1.336,0.534,-0.214,start
1780984821.753508,-0.817,-0.185,0.566,-0.802,1.252,-0.298,-0.653,-0.331,0.628,-6.878,0.397,-0.511,-0.294,-0.402,0.892,-0.191,0.557,0.84,-0.251,-0.484,0.902,2.275,6.756,0.237,0.182,-0.367,0.796,-0.344,2.794,-1.015,start
1780984821.8564808,-0.823,-0.185,0.568,-1.237,1.397,-0.977,-0.653,-0.328,0.627,-7.069,0.473,-0.229,-0.296,-0.404,0.894,-0.458,-0.122,0.008,-0.254,-0.478,0.895,1.626,7.397,-0.527,0.187,-0.374,0.795,-2.252,0.244,-0.641,start
1780984821.9590726,-0.82,-0.185,0.562,-1.87,0.87,-2.359,-0.648,-0.337,0.633,-7.015,-0.038,-1.015,-0.291,-0.403,0.889,-0.557,0.237,0.412,-0.255,-0.482,0.894,1.947,7.389,-0.595,0.181,-0.363,0.787,-0.282,3.443,-0.153,start
1780984822.0626123,-0.821,-0.189,0.566,-0.527,1.298,0.031,-0.655,-0.335,0.631,-6.382,0.313,-0.214,-0.291,-0.405,0.896,-0.13,-0.092,-0.031,-0.252,-0.481,0.903,1.908,6.481,-0.71,0.181,-0.356,0.791,-0.534,2.313,-0.382,start
1780984824.7454388,-0.82,-0.183,0.566,-1.313,1.634,-1.618,-0.654,-0.332,0.63,-7.649,0.397,-1.244,-0.299,-0.401,0.893,-1.122,0.702,-0.496,-0.257,-0.48,0.899,1.069,8.221,-0.466,0.18,-0.369,0.794,-1.496,0.931,0.824,start
1780984824.8450346,-0.821,-0.183,0.564,-1.084,2.229,-0.534,-0.656,-0.333,0.625,-6.74,0.771,-0.427,-0.301,-0.403,0.887,-0.45,0.023,0.176,-0.258,-0.483,0.894,1.74,6.58,-0.466,0.177,-0.365,0.785,-0.397,2.473,-0.351,start
1780984824.9573581,-0.828,-0.185,0.572,-0.817,0.412,-1.359,-0.648,-0.329,0.638,-6.824,-0.069,-0.214,-0.292,-0.4,0.892,-0.45,-0.153,-0.107,-0.255,-0.486,0.896,1.817,6.733,-0.252,0.178,-0.37,0.782,0.107,2.969,0.015,start
1780984825.0492828,-0.823,-0.182,0.564,-0.74,2.176,-0.435,-0.648,-0.328,0.624,-6.771,0.427,-0.191,-0.299,-0.401,0.886,-0.107,-0.748,0.183,-0.254,-0.478,0.899,1.618,6.412,-0.786,0.178,-0.365,0.785,-0.618,2.328,-0.137,start
1780984825.1559463,-0.826,-0.187,0.565,-1.076,1.206,-1.053,-0.65,-0.333,0.632,-7.718,0.282,-0.992,-0.294,-0.404,0.889,-1.191,0.237,-0.382,-0.254,-0.484,0.9,1.427,7.695,-0.527,0.182,-0.372,0.792,-0.382,3.336,0.069,start
1780984825.2559495,-0.824,-0.184,0.568,-0.458,2.122,-0.458,-0.653,-0.331,0.624,-7.008,0.153,-0.405,-0.301,-0.404,0.889,-0.733,-0.092,-0.168,-0.256,-0.483,0.899,1.427,6.527,-1.0,0.179,-0.381,0.79,-1.107,1.641,0.298,start
1780984825.359364,-0.808,-0.179,0.579,-3.244,7.038,0.71,-0.65,-0.336,0.619,-11.206,5.695,3.084,-0.318,-0.402,0.868,0.466,8.595,3.466,-0.199,-0.488,0.864,4.237,10.374,3.84,0.337,-0.427,1.0,171.962,-54.0,26.824,start
1780984825.474167,-0.853,-0.18,0.529,-5.069,13.229,0.687,-0.68,-0.333,0.581,-10.458,-1.214,-0.641,-0.308,-0.403,0.875,-3.458,0.588,0.504,-0.273,-0.467,0.903,2.153,-3.153,2.618,0.241,0.053,0.74,52.153,-12.641,-4.748,start
1780984825.5725617,-0.833,-0.189,0.542,-3.481,5.511,-0.878,-0.665,-0.342,0.601,-8.534,-0.015,0.351,-0.321,-0.405,0.872,-1.214,3.412,0.901,-0.286,-0.48,0.891,0.038,10.603,0.275,0.268,0.083,0.787,16.962,3.901,0.435,start
1780984825.673698,-0.84,-0.187,0.531,-0.748,2.076,0.046,-0.667,-0.338,0.605,-6.985,-0.008,-0.267,-0.329,-0.404,0.867,-0.267,-1.0,-0.168,-0.29,-0.481,0.875,2.099,3.893,-1.84,0.285,0.06,0.83,0.336,6.0,1.397,start
1780984825.7702873,-0.834,-0.187,0.536,0.344,-2.061,-0.725,-0.665,-0.335,0.615,-5.664,-0.763,-0.229,-0.322,-0.403,0.878,0.305,-1.534,-1.107,-0.291,-0.484,0.881,3.42,6.496,-2.252,0.262,0.056,0.842,-12.473,8.611,8.74,start
1780984825.873631,-0.842,-0.185,0.527,2.756,-12.092,-3.473,-0.638,-0.324,0.653,-2.168,-6.198,-2.649,-0.295,-0.406,0.889,0.214,-7.863,-3.573,-0.25,-0.474,0.913,2.634,0.198,-4.336,0.166,0.107,0.605,-53.435,31.641,25.137,start
1780984825.9762282,-0.803,-0.18,0.568,5.13,-8.695,-2.71,-0.63,-0.327,0.651,-4.122,-2.328,-1.603,-0.282,-0.404,0.897,0.137,-0.779,-0.794,-0.26,-0.481,0.899,1.046,7.26,-2.176,0.274,-0.321,0.757,-202.832,50.962,-57.321,start
1780984826.0819995,-0.85,-0.169,0.557,-1.382,-2.137,-0.794,-0.65,-0.334,0.632,-7.214,2.527,-0.573,-0.295,-0.41,0.886,-1.084,-2.573,0.313,-0.251,-0.491,0.901,2.092,2.969,-0.595,0.131,-0.32,0.776,3.527,4.962,0.443,start
1780984826.189635,-0.815,-0.18,0.567,-0.511,1.29,-0.389,-0.66,-0.328,0.629,-6.916,0.626,-0.29,-0.295,-0.403,0.892,-0.382,0.771,-0.061,-0.254,-0.492,0.891,1.481,6.954,-0.366,0.166,-0.331,0.801,-2.031,1.061,-1.45,start
1780984826.2853794,-0.819,-0.181,0.567,-1.374,1.557,-1.985,-0.655,-0.331,0.627,-7.519,0.321,-0.977,-0.296,-0.402,0.89,-1.282,-0.298,0.55,-0.257,-0.492,0.893,0.252,8.779,-1.328,0.16,-0.331,0.805,-2.305,1.489,-1.71,start
1780984826.3894153,-0.821,-0.186,0.57,-0.374,0.832,-0.16,-0.654,-0.329,0.63,-6.855,0.519,-0.145,-0.296,-0.402,0.89,-0.55,0.298,-0.695,-0.257,-0.488,0.9,1.26,6.611,-0.695,0.163,-0.345,0.798,-3.344,1.87,-4.504,start
1780984826.498187,-0.823,-0.182,0.571,-0.695,1.321,-0.053,-0.655,-0.333,0.629,-7.008,0.26,-0.267,-0.292,-0.403,0.887,-0.313,0.191,0.817,-0.25,-0.493,0.89,1.924,7.344,-0.466,0.15,-0.343,0.811,-2.794,3.008,-3.771,start
1780984826.5986862,-0.824,-0.185,0.566,-1.611,2.664,-1.153,-0.654,-0.33,0.616,-7.618,1.221,-0.443,-0.295,-0.406,0.885,-0.71,0.542,-0.031,-0.254,-0.493,0.889,1.229,6.198,-0.481,0.171,-0.345,0.805,-3.053,1.71,-2.641,start
1780984826.6994605,-0.822,-0.189,0.568,-1.45,2.031,-1.618,-0.65,-0.333,0.623,-7.672,0.771,-0.29,-0.296,-0.407,0.885,-0.748,0.298,0.679,-0.254,-0.494,0.885,1.366,7.221,-0.405,0.166,-0.345,0.795,-1.771,2.962,-2.275,start
1780984829.375045,-0.825,-0.188,0.567,-0.641,1.122,-0.145,-0.655,-0.334,0.62,-6.702,0.16,-0.237,-0.302,-0.406,0.887,0.191,-0.328,0.603,-0.255,-0.494,0.894,2.076,6.115,-0.359,0.183,-0.358,0.79,-0.076,2.908,-0.641,start
1780984829.4950573,-0.827,-0.182,0.567,-1.16,1.756,-1.878,-0.656,-0.335,0.625,-7.221,0.267,-0.588,-0.302,-0.403,0.883,-0.969,0.237,-0.679,-0.26,-0.492,0.89,1.206,6.916,-0.603,0.174,-0.363,0.798,-1.267,0.397,0.405,start
1780984829.5874386,-0.823,-0.186,0.56,-0.939,2.427,-0.847,-0.656,-0.336,0.628,-7.237,0.588,-0.534,-0.301,-0.405,0.889,-0.229,0.29,0.466,-0.26,-0.489,0.89,2.061,6.832,-0.924,0.173,-0.356,0.789,-0.855,1.947,-0.061,start
1780984829.6899335,-0.821,-0.185,0.563,-0.824,1.198,-0.718,-0.655,-0.336,0.624,-7.046,0.435,-0.176,-0.301,-0.406,0.884,-0.817,0.733,-0.153,-0.255,-0.494,0.891,1.924,6.679,0.221,0.177,-0.362,0.792,-0.305,3.137,-0.435,start
1780984829.7907646,-0.82,-0.185,0.562,-0.534,1.74,-0.511,-0.656,-0.334,0.626,-7.008,0.344,-0.55,-0.3,-0.404,0.881,-0.481,0.382,0.176,-0.254,-0.493,0.898,1.466,7.504,-0.466,0.176,-0.357,0.787,-0.924,1.985,0.053,start
1780984829.8905263,-0.827,-0.185,0.563,-0.977,1.595,-1.359,-0.653,-0.332,0.625,-6.832,0.137,-0.496,-0.3,-0.407,0.886,-0.55,0.695,-0.107,-0.255,-0.492,0.888,2.13,6.725,-0.649,0.177,-0.363,0.798,-0.763,2.053,-0.046,start
1780984830.0033877,-0.818,-0.184,0.558,-0.924,1.069,-0.908,-0.657,-0.335,0.621,-6.908,0.435,-0.023,-0.299,-0.406,0.888,-0.466,-0.443,-0.099,-0.256,-0.494,0.884,1.977,6.489,-1.137,0.18,-0.361,0.793,-0.931,1.527,-0.153,start
1780984830.0966568,-0.822,-0.184,0.557,-0.87,2.298,-0.267,-0.658,-0.333,0.621,-7.168,0.573,-0.443,-0.303,-0.401,0.882,-0.763,0.595,-0.084,-0.254,-0.496,0.887,2.687,5.649,0.16,0.249,-0.52,1.144,11.771,-17.786,0.931,start
1780984830.199413,-0.81,-0.177,0.577,-4.115,8.809,-0.092,-0.642,-0.337,0.632,-13.16,6.26,2.023,-0.32,-0.406,0.873,-1.122,12.748,6.13,-0.306,-0.455,0.842,10.252,19.863,6.534,0.269,-0.012,0.607,140.702,12.725,7.924,start
1780984830.3130674,-0.842,-0.179,0.528,-1.962,7.313,1.626,-0.662,-0.333,0.622,-8.878,1.305,0.405,-0.311,-0.398,0.882,-1.496,6.901,2.237,-0.241,-0.479,0.916,0.588,18.153,3.863,0.241,0.071,0.785,43.069,4.771,-3.359,start
1780984830.4054108,-0.842,-0.18,0.526,-1.634,4.397,2.74,-0.659,-0.344,0.597,-7.183,1.794,1.473,-0.295,-0.411,0.87,1.008,5.649,2.84,-0.271,-0.45,0.876,-2.351,13.855,5.931,0.227,0.116,0.842,13.267,5.771,-3.954,start
1780984830.514103,-0.839,-0.179,0.529,-0.298,-1.099,-0.847,-0.671,-0.335,0.622,-5.794,-0.42,-0.481,-0.339,-0.401,0.871,-0.519,-3.443,-2.328,-0.29,-0.483,0.887,2.061,6.069,-2.87,0.22,0.146,0.698,-31.916,3.053,0.282,start
1780984830.6115797,-0.833,-0.181,0.561,5.244,-24.916,-3.947,-0.674,-0.323,0.611,2.374,-9.275,-3.878,-0.29,-0.402,0.898,3.099,-18.931,-7.802,-0.233,-0.488,0.896,13.656,-12.733,-3.595,0.218,-0.418,0.711,-250.137,60.802,-43.603,start
1780984830.7286856,-0.893,-0.162,0.527,-0.397,4.015,-0.137,-0.655,-0.33,0.63,-7.328,2.893,-0.107,-0.315,-0.404,0.874,-1.496,-5.924,-0.618,-0.272,-0.482,0.892,2.359,-1.16,-0.725,0.167,-0.369,0.769,8.985,18.748,1.359,start
1780984830.8174744,-0.825,-0.179,0.567,-2.542,2.061,-2.817,-0.656,-0.326,0.613,-6.809,0.282,-0.725,-0.303,-0.4,0.887,0.221,-2.168,-0.084,-0.274,-0.475,0.904,2.206,5.076,-1.168,0.168,-0.359,0.794,-1.115,1.527,-0.588,start
1780984830.9219518,-0.828,-0.182,0.556,-0.947,0.473,-1.908,-0.656,-0.334,0.627,-7.313,0.168,-1.305,-0.303,-0.403,0.888,-0.794,-0.023,-0.527,-0.268,-0.485,0.896,1.359,6.947,-0.588,0.174,-0.36,0.791,-0.855,2.305,-1.16,start
1780984831.0312817,-0.826,-0.179,0.562,-1.046,0.817,-1.412,-0.658,-0.329,0.627,-7.366,-0.55,-0.603,-0.303,-0.405,0.886,-1.252,-0.076,-0.237,-0.269,-0.485,0.891,1.16,7.221,-1.527,0.172,-0.366,0.79,-1.359,1.901,-1.122,start
1780984831.1299896,-0.824,-0.18,0.56,-0.374,1.45,0.55,-0.655,-0.332,0.622,-6.183,0.786,0.168,-0.302,-0.4,0.884,0.168,0.939,0.282,-0.263,-0.473,0.896,2.206,6.374,0.901,0.163,-0.364,0.793,-3.824,2.0,-3.87,start
1780984831.2324295,-0.823,-0.18,0.558,-1.725,0.954,-2.595,-0.655,-0.328,0.629,-7.405,0.267,-0.832,-0.301,-0.403,0.891,-0.878,-1.069,-0.221,-0.265,-0.481,0.891,1.031,8.0,-1.87,0.175,-0.362,0.788,-1.969,1.733,0.214,start
1780984831.334987,-0.825,-0.178,0.564,-0.687,1.374,-0.84,-0.659,-0.331,0.631,-7.168,0.16,-0.786,-0.303,-0.404,0.894,-0.542,-0.046,-0.756,-0.265,-0.475,0.894,1.198,7.198,-0.977,0.173,-0.366,0.796,-1.725,-0.58,0.649,start
1780984834.0317476,-0.827,-0.181,0.565,-0.847,0.435,-1.321,-0.657,-0.325,0.628,-7.069,0.122,-1.183,-0.303,-0.402,0.89,-0.687,-0.015,-0.786,-0.263,-0.483,0.892,1.534,7.977,-1.359,0.171,-0.371,0.789,-0.924,1.847,0.611,start
1780984834.1260304,-0.827,-0.188,0.551,-0.855,2.504,-1.229,-0.655,-0.328,0.614,-6.878,0.489,-0.527,-0.309,-0.405,0.884,-0.351,-0.137,0.046,-0.264,-0.479,0.892,1.718,6.817,-1.176,0.178,-0.364,0.78,-1.031,1.122,0.137,start
1780984834.2244751,-0.821,-0.186,0.553,-0.519,0.779,-0.122,-0.654,-0.329,0.62,-6.435,0.336,-0.427,-0.3,-0.406,0.885,-0.435,0.534,0.534,-0.267,-0.487,0.892,2.076,6.687,-0.649,0.174,-0.375,0.792,-0.176,2.855,-0.611,start
1780984834.320434,-0.822,-0.179,0.558,-1.069,1.74,0.0,-0.657,-0.334,0.62,-6.84,0.565,-0.115,-0.301,-0.402,0.884,-0.359,-0.466,0.115,-0.266,-0.479,0.893,1.573,7.214,-0.527,0.177,-0.37,0.785,-1.198,0.611,0.214,start
1780984834.4228141,-0.827,-0.184,0.563,-1.221,2.023,-1.458,-0.658,-0.332,0.625,-7.412,0.344,-0.656,-0.303,-0.404,0.887,-0.969,0.771,0.015,-0.266,-0.481,0.896,1.634,6.977,-0.565,0.171,-0.378,0.789,-0.618,2.527,0.198,start
1780984834.5259936,-0.825,-0.18,0.558,-1.267,1.053,-1.733,-0.654,-0.328,0.623,-6.87,0.031,-0.855,-0.304,-0.407,0.887,-0.511,-0.389,-0.458,-0.264,-0.483,0.897,1.802,6.84,-0.74,0.175,-0.374,0.788,-0.443,1.802,0.176,start
1780984834.6338177,-0.82,-0.182,0.563,-0.366,1.863,-0.069,-0.654,-0.328,0.618,-6.527,0.893,0.237,-0.301,-0.402,0.883,-0.115,0.855,0.221,-0.268,-0.481,0.894,2.061,6.977,0.412,0.177,-0.365,0.794,-0.206,3.603,-0.573,start
1780984834.7317796,-0.819,-0.179,0.559,-0.878,1.122,-0.344,-0.658,-0.333,0.628,-7.191,0.214,-0.695,-0.3,-0.398,0.882,-0.45,-0.611,-0.313,-0.261,-0.483,0.888,1.687,7.702,-0.962,0.177,-0.374,0.792,0.473,2.695,1.137,start
1780984834.835251,-0.814,-0.185,0.561,-1.366,7.954,1.847,-0.665,-0.332,0.629,-8.313,1.702,1.29,-0.307,-0.399,0.882,0.0,4.412,1.305,-0.258,-0.487,0.888,2.687,7.45,1.45,0.285,-0.349,0.985,119.26,-43.565,20.374,start
1780984834.9429061,-0.832,-0.19,0.552,-4.275,11.16,0.985,-0.665,-0.334,0.614,-10.023,2.122,1.649,-0.317,-0.393,0.92,-0.244,6.405,2.145,-0.28,-0.464,0.895,5.679,13.618,3.473,0.201,0.015,0.694,73.87,-9.626,-5.924,start
1780984835.0468647,-0.833,-0.186,0.538,-2.053,3.939,-0.45,-0.66,-0.33,0.627,-7.809,-0.282,-0.191,-0.318,-0.398,0.887,-1.153,4.084,1.71,-0.281,-0.465,0.9,1.481,8.542,2.42,0.269,0.053,0.827,33.527,3.16,-1.321,start
1780984835.153607,-0.837,-0.184,0.541,-2.855,6.168,-0.405,-0.662,-0.336,0.61,-9.855,2.45,0.603,-0.325,-0.403,0.875,-2.008,5.45,1.962,-0.292,-0.477,0.895,0.107,12.092,1.145,0.246,0.097,0.807,11.122,4.771,-3.206,start
1780984835.2526004,-0.825,-0.187,0.546,-1.153,2.695,1.221,-0.667,-0.333,0.616,-8.351,0.565,-0.107,-0.331,-0.398,0.873,-1.0,1.145,1.328,-0.3,-0.47,0.888,1.473,9.389,0.008,0.246,0.096,0.794,-9.206,-0.641,-4.198,start
1780984835.3562589,-0.842,-0.184,0.535,-0.382,2.321,0.26,-0.668,-0.336,0.612,-6.641,1.313,0.412,-0.332,-0.401,0.873,0.412,-0.542,-0.519,-0.297,-0.473,0.885,2.733,5.435,-1.58,0.24,0.103,0.756,-18.649,1.42,-2.473,start
1780984835.4527738,-0.836,-0.181,0.542,5.397,-21.359,-5.748,-0.658,-0.329,0.622,0.359,-7.626,-5.023,-0.304,-0.402,0.893,1.137,-17.176,-8.824,-0.252,-0.482,0.912,-1.389,-2.71,-12.366,0.222,-0.335,0.666,-245.0,59.832,-17.702,start
1780984835.5642126,-0.798,-0.172,0.562,-7.099,12.992,0.305,-0.695,-0.333,0.567,-6.298,-1.26,-0.221,-0.309,-0.399,0.881,1.038,-0.878,-1.26,-0.271,-0.472,0.898,2.649,-1.954,-0.443,0.165,-0.38,0.81,-27.328,-19.099,-3.71,start
1780984835.668365,-0.818,-0.182,0.553,-1.504,1.634,-0.885,-0.658,-0.333,0.622,-6.702,1.176,-0.45,-0.302,-0.404,0.886,-0.099,1.008,0.893,-0.272,-0.484,0.888,2.107,5.885,-0.061,0.169,-0.37,0.793,-1.969,3.176,-0.588,start
1780984835.7719529,-0.823,-0.185,0.553,-0.802,0.939,-0.466,-0.655,-0.33,0.621,-6.725,0.221,-0.389,-0.305,-0.403,0.886,-0.29,-0.053,-0.29,-0.269,-0.478,0.891,0.939,7.046,-0.863,0.169,-0.375,0.79,-1.26,0.519,0.328,start
1780984835.873537,-0.828,-0.187,0.554,-0.901,1.893,-0.779,-0.654,-0.335,0.614,-7.031,0.282,-0.649,-0.306,-0.401,0.884,-1.214,1.153,0.504,-0.267,-0.484,0.892,0.863,7.45,-0.58,0.182,-0.38,0.782,-0.534,2.84,0.076,start
1780984835.9718428,-0.824,-0.185,0.551,-0.992,1.519,-0.947,-0.66,-0.331,0.62,-6.954,0.481,-0.756,-0.307,-0.406,0.879,-0.641,-0.328,-0.557,-0.268,-0.489,0.887,1.008,6.748,-0.702,0.182,-0.377,0.787,-1.275,0.832,-0.45,start
1780984838.6569223,-0.826,-0.187,0.554,-0.573,1.389,-0.344,-0.658,-0.333,0.622,-6.725,0.069,-0.412,-0.305,-0.403,0.88,-0.443,0.45,0.176,-0.27,-0.492,0.888,2.076,6.908,0.435,0.178,-0.382,0.787,0.214,3.389,-0.733,start
1780984838.749136,-0.83,-0.181,0.555,-0.687,1.641,0.176,-0.657,-0.333,0.62,-6.534,0.267,-0.237,-0.304,-0.406,0.889,-0.015,-0.198,0.214,-0.266,-0.486,0.892,2.023,6.435,-0.511,0.177,-0.372,0.781,-0.496,2.489,-0.244,start
1780984838.8517718,-0.825,-0.183,0.553,-0.832,1.015,-0.718,-0.659,-0.334,0.626,-6.847,0.359,-0.282,-0.302,-0.401,0.888,-0.748,0.634,0.0,-0.267,-0.489,0.898,1.321,8.153,-0.611,0.169,-0.38,0.787,-0.542,2.748,0.565,start
1780984838.958701,-0.828,-0.183,0.556,-0.824,1.267,-0.618,-0.659,-0.332,0.617,-6.687,0.031,-0.588,-0.304,-0.404,0.888,-0.084,-1.29,0.046,-0.268,-0.486,0.898,1.634,6.725,-1.191,0.187,-0.38,0.786,-1.176,0.878,0.191,start
1780984839.0605214,-0.827,-0.185,0.558,-0.511,1.786,-0.092,-0.657,-0.334,0.62,-6.809,0.45,0.198,-0.306,-0.407,0.879,-0.137,0.458,0.076,-0.267,-0.485,0.9,1.832,6.214,0.122,0.178,-0.377,0.786,-0.183,2.756,-0.473,start
1780984839.1663027,-0.828,-0.188,0.551,-0.466,1.206,-0.847,-0.659,-0.329,0.62,-6.962,0.046,-0.771,-0.303,-0.401,0.889,-0.519,-0.26,0.084,-0.267,-0.488,0.89,1.977,7.359,-0.885,0.17,-0.375,0.781,-1.038,1.672,0.13,start
1780984839.2657256,-0.829,-0.187,0.561,-1.061,1.702,-0.977,-0.657,-0.335,0.619,-7.145,0.405,-0.313,-0.309,-0.404,0.885,-0.328,0.168,0.053,-0.268,-0.485,0.895,2.015,7.13,0.115,0.177,-0.377,0.785,-0.366,2.611,-0.183,start
1780984839.3699338,-0.826,-0.182,0.554,-0.71,1.13,-0.733,-0.659,-0.336,0.619,-7.305,0.359,-0.42,-0.305,-0.409,0.882,-0.626,-0.305,0.336,-0.272,-0.494,0.882,1.733,6.794,-0.267,0.182,-0.381,0.783,-0.145,2.466,-0.435,start
1780984839.4704006,-0.825,-0.181,0.557,-0.664,1.931,-0.42,-0.659,-0.329,0.626,-6.847,0.504,-0.191,-0.305,-0.403,0.887,-0.382,0.573,0.038,-0.265,-0.486,0.888,1.611,7.557,-0.084,0.177,-0.371,0.782,-0.626,2.962,0.191,start
1780984839.5792978,-0.826,-0.182,0.555,-2.069,3.038,-0.687,-0.655,-0.333,0.617,-7.084,0.412,-0.336,-0.294,-0.409,0.887,-1.374,4.229,1.573,-0.247,-0.49,0.895,0.87,11.611,1.855,0.221,-0.335,0.663,169.351,-35.374,48.137,start
1780984839.6799603,-0.834,-0.192,0.545,-2.748,10.458,1.84,-0.659,-0.332,0.621,-10.763,3.321,1.45,-0.321,-0.406,0.877,-0.687,6.328,2.573,-0.286,-0.477,0.899,6.756,12.267,5.557,0.214,-0.013,0.684,97.931,-9.206,-5.16,start
1780984839.7906153,-0.843,-0.185,0.533,-2.695,6.74,0.748,-0.662,-0.334,0.607,-8.435,1.168,0.908,-0.322,-0.403,0.871,-0.405,3.885,3.29,-0.291,-0.477,0.888,5.588,7.214,5.084,0.25,0.055,0.83,39.672,2.74,0.084,start
1780984839.8922882,-0.844,-0.183,0.524,-1.916,5.29,0.794,-0.67,-0.338,0.602,-7.321,0.489,-0.053,-0.34,-0.398,0.875,-0.702,0.992,0.366,-0.302,-0.472,0.886,1.336,5.45,-0.786,0.253,0.109,0.789,3.947,3.374,-0.832,start
1780984839.985354,-0.842,-0.182,0.529,-0.092,-1.0,-1.298,-0.669,-0.338,0.602,-6.237,-0.679,-0.779,-0.33,-0.402,0.874,-0.374,-2.13,-1.038,-0.296,-0.469,0.888,2.0,6.191,-1.832,0.254,0.078,0.825,-15.924,2.275,-2.061,start
1780984840.0881228,-0.844,-0.189,0.524,3.832,-14.664,-2.809,-0.664,-0.336,0.616,0.427,-6.137,-2.504,-0.333,-0.4,0.874,3.099,-15.817,-6.977,-0.293,-0.479,0.891,0.458,-8.565,-13.191,0.205,-0.105,0.666,-204.336,45.206,4.481,start
1780984840.1985512,-0.831,-0.181,0.554,0.0,1.344,-0.45,-0.658,-0.332,0.621,-5.985,-0.817,-0.847,-0.312,-0.404,0.882,-0.595,-2.779,-1.45,-0.314,-0.482,0.907,-4.031,2.679,-4.366,-0.046,-0.311,0.822,32.168,30.603,6.069,start
1780984840.294283,-0.831,-0.185,0.557,-0.397,4.031,-1.206,-0.659,-0.33,0.622,-7.733,0.29,-1.107,-0.302,-0.406,0.886,-1.267,-0.542,0.061,-0.264,-0.482,0.888,-0.046,6.55,-1.511,0.193,-0.385,0.789,-2.763,0.198,1.244,start
1780984840.4069834,-0.823,-0.179,0.559,-0.87,1.389,-0.573,-0.658,-0.328,0.622,-6.664,0.282,-0.496,-0.304,-0.403,0.88,-0.252,-0.038,-0.206,-0.272,-0.483,0.891,1.061,6.527,-1.13,0.183,-0.374,0.78,-0.885,0.84,0.137,start
1780984840.505219,-0.825,-0.184,0.562,-0.198,0.947,-0.527,-0.656,-0.331,0.621,-6.405,0.023,0.473,-0.304,-0.407,0.884,-0.321,0.321,1.13,-0.263,-0.485,0.889,1.885,6.718,-0.061,0.185,-0.373,0.788,-0.313,4.802,-1.885,start
1780984840.603169,-0.823,-0.186,0.564,-0.779,1.244,-1.099,-0.658,-0.328,0.622,-7.275,0.382,-0.908,-0.305,-0.404,0.886,-0.771,-0.267,-0.519,-0.267,-0.483,0.893,0.595,7.962,-1.092,0.182,-0.375,0.788,-1.618,1.458,0.328,start
1780984843.289403,-0.826,-0.183,0.563,-0.924,1.763,-0.58,-0.653,-0.33,0.617,-7.221,0.29,-0.878,-0.305,-0.402,0.884,-0.748,0.588,-0.71,-0.268,-0.489,0.884,1.832,6.634,-0.702,0.175,-0.378,0.788,-0.84,1.115,-0.13,start
1780984843.389642,-0.823,-0.181,0.556,-0.985,1.221,-0.389,-0.657,-0.331,0.624,-7.221,0.176,0.015,-0.309,-0.403,0.882,0.122,-0.206,0.397,-0.274,-0.487,0.893,1.931,7.084,-0.221,0.184,-0.38,0.786,-0.008,4.053,-0.412,start
1780984843.4883378,-0.824,-0.186,0.559,-1.061,1.389,-0.534,-0.657,-0.332,0.623,-7.359,0.71,-0.565,-0.303,-0.401,0.885,-0.695,0.527,-0.183,-0.271,-0.487,0.896,1.42,7.435,-0.954,0.177,-0.376,0.78,-1.122,1.389,0.611,start
1780984843.590742,-0.828,-0.182,0.557,-0.71,2.527,-1.008,-0.659,-0.328,0.624,-7.511,0.695,-0.55,-0.311,-0.402,0.882,-0.458,0.702,0.038,-0.274,-0.49,0.893,1.42,7.137,-0.924,0.176,-0.381,0.782,-0.916,1.595,0.168,start
1780984843.6931906,-0.827,-0.183,0.555,-1.115,0.794,-1.344,-0.655,-0.334,0.62,-7.099,0.267,0.008,-0.305,-0.404,0.88,-0.542,0.13,0.237,-0.265,-0.49,0.881,2.71,5.74,-0.282,0.164,-0.431,0.927,14.542,-1.489,0.931,start
1780984843.8091083,-0.829,-0.177,0.558,-0.939,3.015,0.359,-0.659,-0.329,0.626,-7.534,0.87,0.29,-0.315,-0.4,0.884,-0.443,1.473,0.58,-0.272,-0.483,0.887,2.756,8.031,1.45,0.224,-0.318,0.899,134.061,-31.359,27.924,start
1780984843.8998964,-0.825,-0.185,0.556,-5.008,7.718,-0.824,-0.662,-0.334,0.622,-10.969,2.779,0.229,-0.313,-0.403,0.878,-1.298,4.962,2.748,-0.272,-0.481,0.885,6.061,11.702,4.412,0.236,-0.024,0.752,80.374,-9.985,-3.023,start
1780984844.0022845,-0.84,-0.185,0.544,-2.344,4.832,0.901,-0.657,-0.331,0.62,-8.641,1.137,0.298,-0.326,-0.4,0.878,-1.053,2.305,1.176,-0.287,-0.474,0.893,3.397,9.176,1.489,0.254,0.073,0.779,28.092,1.702,-0.412,start
1780984844.105962,-0.837,-0.184,0.535,-1.122,3.42,-0.206,-0.664,-0.335,0.62,-7.405,1.191,-0.038,-0.326,-0.407,0.878,-0.374,1.382,1.198,-0.289,-0.475,0.882,3.137,6.847,-0.015,0.276,0.078,0.822,5.878,4.863,-0.435,start
1780984844.2081368,-0.838,-0.186,0.543,-0.244,-1.977,-1.885,-0.666,-0.335,0.613,-6.076,-1.046,-1.069,-0.318,-0.398,0.872,-0.053,-2.626,-1.557,-0.281,-0.47,0.903,1.435,6.748,-2.366,0.26,0.069,0.814,-19.733,2.198,-2.099,start
1780984844.3113682,-0.846,-0.185,0.531,4.74,-12.634,-1.115,-0.665,-0.332,0.606,0.16,-4.786,-2.145,-0.32,-0.399,0.881,2.015,-13.618,-6.725,-0.274,-0.484,0.904,0.435,-8.718,-11.901,0.222,-0.213,0.681,-231.282,50.649,-16.725,start
1780984844.4142544,-0.827,-0.181,0.556,-1.641,-0.992,-2.718,-0.669,-0.327,0.613,-6.282,0.298,-1.618,-0.278,-0.407,0.893,-3.115,-2.664,0.313,-0.262,-0.475,0.908,2.466,16.679,0.26,0.31,-0.475,0.952,-3.924,9.359,-1.817,start
1780984844.51727,-0.831,-0.18,0.553,-1.13,-0.023,-0.107,-0.659,-0.331,0.618,-7.099,-0.145,-0.16,-0.305,-0.403,0.882,-0.611,0.977,0.504,-0.265,-0.48,0.902,1.466,6.092,-0.031,0.179,-0.372,0.781,-2.412,1.115,-0.763,start
1780984844.6287978,-0.823,-0.18,0.557,-0.779,2.534,-1.099,-0.659,-0.329,0.623,-7.603,0.496,-0.473,-0.303,-0.403,0.887,-1.076,0.908,-0.008,-0.263,-0.485,0.886,0.641,8.137,-0.756,0.181,-0.379,0.789,-2.824,1.244,0.359,start
1780984844.7283103,-0.822,-0.181,0.556,-1.038,1.71,-0.992,-0.657,-0.335,0.62,-6.954,0.351,-0.359,-0.305,-0.4,0.883,-0.534,0.527,0.053,-0.266,-0.482,0.896,1.588,6.824,-0.962,0.181,-0.38,0.784,-1.511,1.947,-0.137,start
1780984844.8264623,-0.826,-0.186,0.562,-0.634,0.977,-0.87,-0.659,-0.333,0.621,-6.71,0.237,0.008,-0.302,-0.406,0.886,-0.191,0.489,0.443,-0.266,-0.486,0.888,1.565,6.664,-0.031,0.179,-0.382,0.788,-0.519,3.137,-0.405,start
1780984844.9293811,-0.825,-0.178,0.557,-0.618,2.099,-0.588,-0.659,-0.333,0.621,-6.863,0.336,-0.382,-0.305,-0.399,0.889,-0.153,-0.542,-0.221,-0.264,-0.486,0.892,1.832,6.702,-1.053,0.184,-0.38,0.787,-0.969,1.641,-0.13,start
1780984845.0411425,-0.824,-0.184,0.559,-1.359,2.168,-0.771,-0.657,-0.331,0.624,-7.809,0.466,-0.511,-0.306,-0.408,0.886,-0.885,0.992,0.809,-0.27,-0.487,0.891,1.405,6.908,-0.336,0.176,-0.381,0.781,-0.802,2.557,-0.069,start
1780984845.1351268,-0.826,-0.188,0.56,-0.527,1.573,-0.809,-0.656,-0.333,0.625,-6.985,0.176,-1.0,-0.308,-0.402,0.885,-0.16,-0.55,-0.244,-0.271,-0.491,0.889,1.802,6.504,-1.176,0.188,-0.384,0.788,-1.107,1.519,-0.084,start
1780984845.2446756,-0.823,-0.181,0.557,-0.107,0.069,-0.87,-0.658,-0.329,0.615,-6.427,0.229,-0.618,-0.302,-0.401,0.894,0.107,0.031,0.435,-0.265,-0.483,0.893,2.176,6.695,0.55,0.179,-0.377,0.781,-0.015,3.863,-0.504,start
1780984847.916516,-0.825,-0.18,0.555,-1.13,0.885,-1.237,-0.657,-0.332,0.625,-7.115,0.237,-0.534,-0.303,-0.402,0.885,-0.71,-0.015,-0.237,-0.268,-0.484,0.884,1.626,7.992,-0.763,0.182,-0.388,0.773,-0.885,2.008,0.405,start
1780984848.0194285,-0.824,-0.183,0.563,-0.344,1.473,-0.802,-0.659,-0.331,0.618,-6.679,0.618,-0.313,-0.3,-0.401,0.883,-0.359,0.405,0.13,-0.269,-0.485,0.892,1.634,6.809,-0.511,0.184,-0.381,0.779,-1.023,1.107,0.015,start
1780984848.1284456,-0.824,-0.178,0.56,-0.786,1.489,-0.695,-0.656,-0.331,0.623,-6.985,0.595,-0.183,-0.303,-0.403,0.885,-0.198,0.092,0.26,-0.265,-0.49,0.883,1.901,6.305,-0.809,0.183,-0.387,0.785,-0.305,2.466,-0.382,start
1780984848.225184,-0.828,-0.182,0.56,-0.878,1.366,-0.672,-0.657,-0.33,0.625,-7.237,0.107,-0.885,-0.305,-0.399,0.882,-0.565,0.748,-0.153,-0.267,-0.485,0.896,1.473,7.466,-0.969,0.187,-0.382,0.776,-1.176,1.244,0.466,start
1780984848.3312974,-0.828,-0.183,0.56,-1.29,1.756,-0.634,-0.657,-0.333,0.631,-7.069,0.504,-0.115,-0.301,-0.402,0.89,-0.374,0.214,0.679,-0.269,-0.486,0.893,1.649,7.16,-0.374,0.18,-0.392,0.796,0.443,4.061,0.237,start
1780984848.4379513,-0.819,-0.19,0.558,-2.206,6.718,0.847,-0.661,-0.333,0.606,-7.321,0.695,0.153,-0.3,-0.402,0.892,0.458,2.71,0.519,-0.266,-0.487,0.88,3.435,6.107,1.389,0.228,-0.358,1.001,124.977,-46.168,23.863,start
1780984848.5345802,-0.841,-0.174,0.541,-4.382,13.099,1.466,-0.667,-0.331,0.604,-9.542,3.031,1.031,-0.304,-0.4,0.884,0.015,3.718,2.519,-0.296,-0.462,0.911,8.069,10.267,5.466,0.243,-0.009,0.757,79.969,-13.26,-4.198,start
1780984848.6490905,-0.839,-0.187,0.536,-2.626,5.588,-0.954,-0.658,-0.329,0.609,-8.55,1.641,-0.015,-0.319,-0.406,0.877,-1.359,2.786,0.756,-0.288,-0.473,0.891,1.763,9.71,2.053,0.256,0.088,0.766,26.603,1.55,-1.954,start
1780984848.752542,-0.842,-0.185,0.53,-1.191,2.466,0.191,-0.671,-0.338,0.614,-7.321,-0.053,-0.359,-0.325,-0.398,0.882,-0.58,1.015,0.511,-0.297,-0.467,0.889,1.908,7.214,-0.504,0.226,0.131,0.744,-13.26,1.053,-0.046,start
1780984848.8432872,-0.839,-0.183,0.528,-1.351,1.748,-0.771,-0.653,-0.324,0.613,-6.763,0.0,-0.351,-0.341,-0.41,0.881,0.046,-1.779,-0.893,-0.3,-0.464,0.908,2.328,4.87,-1.427,0.265,0.077,0.824,-10.252,2.374,-2.008,start
1780984848.9464567,-0.847,-0.18,0.539,1.137,-5.695,-2.053,-0.666,-0.332,0.613,-4.038,-2.924,-1.947,-0.313,-0.398,0.88,0.954,-8.031,-3.099,-0.287,-0.461,0.903,1.672,2.374,-6.382,0.211,0.132,0.514,-103.817,20.084,-1.985,start
1780984849.059624,-0.806,-0.188,0.572,2.901,-3.687,-1.695,-0.657,-0.333,0.621,-6.656,0.053,-0.42,-0.287,-0.401,0.889,-0.344,0.344,0.863,-0.27,-0.481,0.888,0.023,7.053,-0.664,0.231,-0.645,1.385,-221.031,35.962,-48.13,start
1780984849.1534362,-0.833,-0.187,0.553,-2.084,0.809,-2.511,-0.651,-0.327,0.628,-7.053,-0.893,-0.809,-0.295,-0.4,0.889,-1.656,3.221,0.084,-0.282,-0.481,0.883,-2.099,10.405,-0.908,0.205,-0.39,0.799,-1.099,6.137,0.229,start
1780984849.2554443,-0.828,-0.184,0.557,-0.969,0.954,-0.366,-0.655,-0.328,0.622,-6.519,-0.092,-0.328,-0.308,-0.405,0.886,-0.55,0.702,0.565,-0.267,-0.476,0.892,1.275,6.374,-0.786,0.179,-0.365,0.787,-1.053,2.214,0.008,start
1780984849.358319,-0.826,-0.186,0.558,-1.679,2.359,-1.504,-0.66,-0.333,0.623,-7.282,0.137,-1.046,-0.303,-0.405,0.886,-0.87,-0.015,-0.565,-0.264,-0.482,0.887,0.527,6.588,-0.977,0.178,-0.378,0.785,-1.145,2.076,0.565,start
1780984849.4680722,-0.827,-0.182,0.56,-0.626,1.229,-0.229,-0.657,-0.329,0.626,-7.13,0.282,-0.176,-0.308,-0.402,0.883,-0.511,0.702,0.275,-0.269,-0.478,0.888,1.344,6.679,-1.321,0.173,-0.372,0.792,-1.733,1.069,-0.313,start
1780984849.567168,-0.824,-0.182,0.552,-0.305,1.534,-0.427,-0.655,-0.327,0.617,-6.588,0.473,-0.168,-0.302,-0.404,0.888,0.015,-0.282,0.16,-0.267,-0.484,0.893,1.87,6.626,0.053,0.177,-0.38,0.781,-0.611,3.084,-0.664,start
1780984849.6673508,-0.824,-0.182,0.556,-0.71,0.672,-1.405,-0.659,-0.331,0.62,-7.069,0.099,-0.641,-0.304,-0.4,0.895,-0.656,0.137,0.145,-0.265,-0.48,0.892,1.374,7.885,-1.244,0.179,-0.37,0.787,-1.733,0.962,0.389,start
1780984849.778517,-0.826,-0.18,0.552,-1.237,1.649,-1.183,-0.65,-0.331,0.619,-7.504,0.504,-0.42,-0.302,-0.406,0.883,-0.382,0.618,0.26,-0.269,-0.487,0.891,2.053,7.107,0.031,0.173,-0.379,0.784,-0.412,4.084,-0.221,start
1780984852.5539734,-0.829,-0.184,0.554,-0.687,1.252,-0.878,-0.661,-0.336,0.619,-6.664,0.267,-0.023,-0.307,-0.404,0.884,-0.023,0.336,0.427,-0.268,-0.485,0.886,1.878,5.725,-0.405,0.177,-0.386,0.782,-0.511,2.26,-0.092,start
1780984852.657729,-0.823,-0.183,0.56,-1.084,1.954,-0.786,-0.657,-0.332,0.615,-6.985,0.313,-0.901,-0.305,-0.404,0.879,-0.267,0.137,-0.191,-0.269,-0.484,0.887,1.443,7.069,-0.947,0.18,-0.379,0.778,-0.992,1.786,0.237,start
1780984852.7709723,-0.826,-0.181,0.553,-1.527,2.031,-1.481,-0.661,-0.333,0.617,-7.084,0.328,-0.443,-0.306,-0.407,0.883,-0.748,0.763,0.046,-0.272,-0.491,0.89,1.557,7.076,-0.183,0.185,-0.384,0.784,-0.115,3.336,-0.145,start
1780984852.8699787,-0.823,-0.181,0.559,-0.443,1.206,0.122,-0.66,-0.329,0.62,-6.687,0.58,-0.45,-0.307,-0.405,0.887,-0.595,-0.511,0.382,-0.268,-0.485,0.881,1.802,6.55,-1.481,0.182,-0.377,0.781,-0.878,0.962,0.069,start
1780984852.9636068,-0.823,-0.182,0.559,-0.313,1.496,0.015,-0.654,-0.327,0.622,-6.771,0.641,-0.031,-0.308,-0.404,0.884,-0.282,0.458,-0.122,-0.27,-0.485,0.897,1.817,7.336,0.687,0.177,-0.383,0.785,-0.122,3.603,-0.198,start
1780984853.0670733,-0.826,-0.18,0.554,-1.031,1.092,-1.626,-0.657,-0.33,0.627,-7.031,0.672,-0.527,-0.307,-0.402,0.88,-0.809,-0.221,0.206,-0.268,-0.482,0.896,1.458,7.977,-1.061,0.191,-0.386,0.779,-1.595,0.947,0.656,start
1780984853.1758578,-0.827,-0.185,0.559,-1.435,2.061,-0.985,-0.659,-0.334,0.621,-7.427,0.573,-0.061,-0.302,-0.402,0.886,-0.962,0.878,0.237,-0.271,-0.485,0.882,1.947,6.427,0.053,0.191,-0.398,0.797,1.336,3.382,0.046,start
1780984853.2732532,-0.821,-0.182,0.554,-1.244,2.42,-0.473,-0.659,-0.33,0.629,-7.847,1.344,-0.069,-0.306,-0.404,0.874,-0.183,1.58,1.481,-0.273,-0.484,0.889,2.656,8.183,0.26,0.225,-0.335,0.8,119.565,-23.832,31.786,start
1780984853.3880386,-0.828,-0.185,0.557,-3.435,7.84,1.0,-0.661,-0.333,0.62,-10.275,2.534,1.87,-0.323,-0.399,0.884,-0.168,7.87,3.427,-0.289,-0.479,0.895,6.412,12.366,4.58,0.195,-0.022,0.716,94.16,-7.267,-1.397,start
1780984853.487428,-0.834,-0.188,0.543,-2.794,2.641,-1.802,-0.658,-0.334,0.62,-8.382,-0.496,-1.427,-0.314,-0.403,0.88,-1.443,0.641,-0.618,-0.278,-0.479,0.891,1.023,5.733,-1.855,0.254,0.045,0.778,27.473,-0.389,8.649,start
1780984853.5866072,-0.836,-0.182,0.541,-0.985,2.611,-0.008,-0.664,-0.333,0.611,-6.565,0.405,-0.374,-0.309,-0.4,0.886,-0.664,-0.298,0.237,-0.272,-0.472,0.889,2.679,4.382,0.137,0.238,0.086,0.78,-2.618,3.038,0.664,start
1780984853.698662,-0.831,-0.188,0.542,1.527,-4.137,-1.267,-0.657,-0.338,0.618,-4.061,-1.015,-0.481,-0.31,-0.403,0.888,1.977,-6.237,-1.855,-0.29,-0.474,0.892,0.878,4.573,-5.466,0.241,0.044,0.497,-149.695,31.481,-7.336,start
1780984853.7935004,-0.818,-0.178,0.558,0.611,1.115,-0.427,-0.654,-0.329,0.625,-6.511,-0.153,-0.847,-0.304,-0.4,0.887,-0.527,-0.282,-0.168,-0.268,-0.475,0.897,-0.641,3.504,-1.466,0.264,-0.549,1.737,-112.252,-2.855,-23.511,start
1780984853.8905845,-0.822,-0.186,0.558,-1.908,-0.282,-1.847,-0.65,-0.333,0.634,-7.824,2.58,-0.603,-0.303,-0.405,0.886,-1.733,2.359,0.328,-0.265,-0.488,0.887,-0.008,8.542,-0.092,0.154,-0.354,0.787,-2.015,9.115,0.313,start
1780984853.9938781,-0.829,-0.186,0.555,-0.305,0.55,-0.122,-0.656,-0.327,0.621,-6.504,0.115,-0.412,-0.301,-0.397,0.887,-0.084,-0.145,-0.344,-0.268,-0.485,0.894,1.649,7.023,-0.969,0.167,-0.358,0.796,-1.267,0.756,0.176,start
1780984854.0969727,-0.823,-0.189,0.56,-0.397,1.947,0.015,-0.654,-0.332,0.615,-6.611,0.176,-0.183,-0.301,-0.406,0.882,0.26,-0.084,0.107,-0.268,-0.483,0.888,1.832,5.046,-0.038,0.172,-0.364,0.8,-1.038,1.74,-2.336,start
1780984854.2067094,-0.827,-0.184,0.553,-1.252,1.275,-1.099,-0.659,-0.331,0.625,-7.168,0.351,-0.649,-0.303,-0.403,0.892,-0.481,-0.023,0.168,-0.263,-0.487,0.889,1.153,7.748,-0.626,0.168,-0.355,0.794,-3.031,1.809,-1.557,start
1780984854.304608,-0.819,-0.183,0.564,-2.107,2.656,-2.122,-0.653,-0.333,0.621,-7.748,0.641,-0.786,-0.306,-0.406,0.883,-1.099,1.412,0.687,-0.267,-0.485,0.887,1.328,7.351,0.038,0.174,-0.363,0.791,-1.603,2.863,-3.26,start
1780984854.4180381,-0.825,-0.181,0.554,-0.557,0.42,-1.122,-0.658,-0.33,0.621,-6.824,0.183,-0.405,-0.3,-0.399,0.885,-0.023,-0.626,-0.855,-0.269,-0.485,0.89,1.496,7.198,-1.702,0.168,-0.358,0.793,-2.153,1.053,-0.947,start
1780984857.186606,-0.829,-0.182,0.557,-0.656,1.519,-1.122,-0.658,-0.337,0.619,-6.794,0.214,-0.634,-0.304,-0.406,0.885,-0.336,-0.351,0.137,-0.265,-0.489,0.891,1.718,6.87,-0.397,0.177,-0.378,0.791,-0.145,2.603,-0.45,start
1780984857.300664,-0.829,-0.179,0.561,-0.45,1.176,-0.565,-0.654,-0.329,0.622,-7.023,0.42,-0.099,-0.302,-0.401,0.88,-0.763,0.634,-0.321,-0.263,-0.485,0.889,1.725,6.725,-0.412,0.177,-0.367,0.779,-0.924,1.695,0.053,start
1780984857.4040496,-0.826,-0.185,0.562,-1.473,1.664,-2.145,-0.655,-0.335,0.621,-7.992,-0.099,-0.832,-0.304,-0.404,0.88,-0.885,-0.16,-0.107,-0.265,-0.488,0.891,1.214,8.076,-0.031,0.174,-0.379,0.789,-0.252,3.672,0.435,start
1780984857.5040588,-0.828,-0.186,0.558,-0.824,1.527,-0.489,-0.661,-0.332,0.621,-6.229,0.198,-0.275,-0.305,-0.402,0.885,0.107,0.046,0.42,-0.267,-0.484,0.89,1.817,6.809,-0.344,0.181,-0.372,0.785,-0.71,1.321,-0.084,start
1780984857.5998592,-0.821,-0.188,0.557,-0.519,1.588,0.046,-0.654,-0.337,0.622,-6.855,0.504,0.099,-0.304,-0.407,0.884,-0.397,0.382,0.458,-0.268,-0.488,0.885,2.115,6.328,-0.328,0.176,-0.378,0.79,-0.489,2.824,-0.427,start
1780984857.7076333,-0.826,-0.183,0.558,-0.832,1.702,-0.634,-0.658,-0.33,0.624,-7.061,0.405,-0.969,-0.307,-0.399,0.888,-0.908,0.275,-0.069,-0.271,-0.487,0.895,1.42,7.634,-1.076,0.167,-0.37,0.794,-0.366,2.382,0.916,start
1780984857.805269,-0.815,-0.183,0.561,-2.985,4.557,-1.206,-0.66,-0.337,0.62,-9.351,2.626,1.015,-0.312,-0.405,0.872,-0.061,4.641,1.366,-0.273,-0.489,0.877,3.023,9.076,1.794,0.275,-0.417,1.03,161.626,-45.519,27.763,start
1780984857.907977,-0.833,-0.184,0.539,-4.466,6.74,-0.763,-0.664,-0.332,0.61,-8.855,0.733,0.29,-0.317,-0.403,0.868,1.282,-0.779,0.489,-0.269,-0.468,0.902,5.863,5.542,2.863,0.253,0.034,0.684,71.664,-6.763,-3.962,start
1780984858.0108514,-0.838,-0.183,0.535,-1.679,4.618,0.13,-0.665,-0.334,0.617,-8.29,2.153,0.519,-0.322,-0.397,0.875,-0.13,2.885,2.053,-0.29,-0.473,0.901,3.0,8.168,2.466,0.234,0.106,0.731,15.321,2.603,-3.916,start
1780984858.121095,-0.844,-0.181,0.538,0.557,-3.992,-1.237,-0.665,-0.331,0.616,-5.176,-2.336,-1.626,-0.323,-0.4,0.877,0.389,-7.069,-3.237,-0.28,-0.459,0.884,1.794,4.427,-6.069,0.21,0.21,0.352,-115.053,21.679,-3.55,start
1780984858.2222838,-0.806,-0.181,0.567,2.237,-3.427,-1.328,-0.647,-0.329,0.636,-6.924,1.198,-1.0,-0.294,-0.406,0.886,-1.824,2.366,1.137,-0.273,-0.485,0.883,-2.267,7.321,-0.45,0.274,-0.672,1.999,-199.771,-1.725,-62.351,start
1780984858.3432934,-0.831,-0.187,0.559,-1.87,-1.252,-2.527,-0.652,-0.331,0.63,-7.031,3.053,-1.58,-0.306,-0.404,0.881,-0.328,1.985,0.191,-0.274,-0.492,0.885,0.817,5.122,-1.061,0.171,-0.372,0.782,-1.885,9.679,0.176,start
1780984858.4390848,-0.828,-0.177,0.555,-1.0,1.244,-0.542,-0.659,-0.333,0.62,-6.969,0.458,0.061,-0.303,-0.401,0.888,-0.374,0.969,0.198,-0.272,-0.482,0.896,2.053,6.687,-0.076,0.177,-0.367,0.793,-1.191,2.511,-0.534,start
1780984858.5278244,-0.83,-0.185,0.559,-1.298,1.733,-2.092,-0.658,-0.333,0.622,-7.679,0.42,-1.183,-0.308,-0.404,0.884,-1.382,-0.481,0.137,-0.269,-0.486,0.889,0.374,7.053,-1.313,0.176,-0.379,0.793,-1.931,1.252,0.099,start
1780984858.6396823,-0.829,-0.181,0.554,-0.58,1.702,-0.122,-0.658,-0.332,0.616,-6.908,0.977,0.023,-0.305,-0.405,0.882,-0.427,1.168,-0.015,-0.271,-0.487,0.891,2.122,7.099,-0.153,0.17,-0.376,0.777,-0.756,2.618,-0.893,start
1780984858.7324123,-0.829,-0.181,0.561,-1.015,0.87,-0.824,-0.655,-0.333,0.62,-6.725,-0.076,-0.252,-0.304,-0.404,0.885,-0.435,-0.511,0.588,-0.268,-0.491,0.885,1.885,7.321,-0.313,0.178,-0.378,0.792,-0.74,2.282,-0.069,start
1780984858.8521972,-0.826,-0.184,0.558,-0.855,1.466,0.099,-0.658,-0.328,0.624,-7.107,0.504,-0.382,-0.305,-0.4,0.885,-0.313,0.641,0.267,-0.274,-0.485,0.892,1.626,7.29,-0.687,0.18,-0.374,0.785,-1.092,1.802,-0.405,start
1780984858.9444394,-0.825,-0.182,0.553,-1.756,1.076,-1.58,-0.657,-0.327,0.615,-7.298,0.321,-0.802,-0.305,-0.403,0.885,-0.908,0.481,-0.053,-0.263,-0.485,0.882,1.244,8.076,-0.802,0.177,-0.381,0.78,-1.321,2.382,0.427,start
1780984859.0412047,-0.828,-0.183,0.556,0.107,1.374,-0.046,-0.658,-0.333,0.626,-6.84,0.565,-0.405,-0.306,-0.402,0.889,0.015,-0.046,0.191,-0.268,-0.481,0.893,2.031,6.573,-0.977,0.183,-0.387,0.78,-0.702,1.916,-0.084,start
1780984861.8373814,-0.829,-0.182,0.559,-1.221,1.565,-1.015,-0.657,-0.329,0.628,-7.076,0.435,-0.58,-0.305,-0.404,0.882,-0.046,-0.374,0.267,-0.268,-0.488,0.891,1.885,7.015,-0.305,0.181,-0.383,0.787,-0.641,1.443,-0.244,start
1780984861.9315336,-0.825,-0.184,0.56,-0.618,1.901,0.122,-0.657,-0.333,0.625,-6.847,0.649,0.046,-0.31,-0.404,0.887,-0.496,0.756,-0.191,-0.271,-0.489,0.886,1.74,7.252,-1.015,0.178,-0.386,0.783,-0.679,1.977,0.015,start
1780984862.0370705,-0.827,-0.186,0.56,-1.611,1.298,-1.649,-0.662,-0.331,0.619,-7.328,0.344,-0.992,-0.304,-0.403,0.888,-0.962,-0.214,0.137,-0.269,-0.491,0.891,1.168,7.916,-0.885,0.178,-0.39,0.778,-0.641,2.779,0.229,start
1780984862.1407578,-0.826,-0.183,0.556,-0.641,0.611,-0.679,-0.656,-0.329,0.623,-6.947,0.198,-0.588,-0.302,-0.399,0.882,-0.221,0.397,-0.298,-0.27,-0.485,0.889,1.725,7.069,-0.695,0.177,-0.383,0.779,-0.611,2.45,-0.244,start
1780984862.2441278,-0.831,-0.183,0.553,-0.45,1.664,-1.229,-0.66,-0.333,0.62,-6.878,0.206,-0.023,-0.297,-0.404,0.882,-0.183,-2.031,-0.008,-0.296,-0.491,0.904,3.092,5.061,0.061,0.286,-0.548,1.047,97.55,-10.053,3.649,start
1780984862.3392017,-0.81,-0.182,0.564,-3.298,4.725,-0.893,-0.659,-0.333,0.626,-10.405,3.832,0.298,-0.312,-0.404,0.884,-1.916,10.496,3.969,-0.27,-0.49,0.902,3.305,22.519,4.366,0.168,-0.003,0.667,117.076,-19.397,2.466,start
1780984862.4502606,-0.835,-0.186,0.534,-2.84,7.382,-0.397,-0.657,-0.338,0.607,-9.076,2.038,0.053,-0.321,-0.406,0.873,-0.763,3.0,0.786,-0.289,-0.482,0.894,5.328,7.687,2.351,0.245,0.048,0.792,36.389,0.542,0.817,start
1780984862.5505676,-0.846,-0.179,0.535,-0.519,1.168,-0.557,-0.661,-0.335,0.616,-6.023,-0.473,-0.656,-0.322,-0.397,0.87,0.412,-4.443,-1.557,-0.288,-0.475,0.89,2.84,3.649,-3.679,0.267,0.052,0.801,-24.763,0.221,0.252,start
1780984862.6602478,-0.836,-0.185,0.542,3.344,-10.13,0.313,-0.661,-0.329,0.613,-1.015,-3.183,-0.634,-0.316,-0.397,0.879,3.618,-10.122,-4.191,-0.278,-0.479,0.897,0.916,-3.55,-8.298,0.211,-0.145,0.594,-222.389,52.366,-8.916,start
1780984862.7492445,-0.82,-0.182,0.549,-0.634,-1.084,-2.137,-0.668,-0.329,0.625,-6.29,0.198,-2.359,-0.268,-0.416,0.881,-2.244,-2.824,2.565,-0.282,-0.459,0.896,-1.466,27.45,-0.649,0.38,-0.53,1.03,10.664,23.977,1.45,start
1780984862.870085,-0.832,-0.186,0.548,-2.092,0.267,-1.328,-0.661,-0.329,0.614,-6.832,-0.481,0.16,-0.309,-0.401,0.882,-1.336,1.214,0.443,-0.267,-0.486,0.882,1.779,6.13,0.702,0.186,-0.37,0.794,-1.153,1.954,-0.466,start
1780984862.9609878,-0.828,-0.18,0.56,-1.008,1.122,-1.878,-0.659,-0.332,0.617,-6.908,0.153,-0.824,-0.306,-0.404,0.885,-0.534,-0.221,-0.557,-0.269,-0.489,0.886,1.244,7.015,-1.13,0.179,-0.382,0.783,-1.939,1.435,-0.359,start
1780984863.0696437,-0.822,-0.183,0.559,-0.649,1.603,-0.863,-0.66,-0.333,0.613,-6.71,0.611,-0.298,-0.309,-0.402,0.889,-0.389,0.519,0.527,-0.264,-0.484,0.895,1.885,7.061,-0.389,0.177,-0.373,0.787,-1.214,1.718,-0.534,start
1780984863.1713712,-0.832,-0.181,0.562,-0.221,1.13,0.061,-0.659,-0.328,0.616,-6.771,0.382,-0.298,-0.308,-0.396,0.889,-0.611,-0.397,-0.687,-0.269,-0.482,0.904,0.397,7.595,-2.42,0.178,-0.386,0.788,-4.092,-1.878,0.603,start
1780984863.2645211,-0.824,-0.186,0.556,-0.229,2.557,0.168,-0.658,-0.338,0.612,-6.115,-0.084,-0.107,-0.305,-0.402,0.886,-0.389,0.885,-0.229,-0.265,-0.488,0.891,1.55,6.115,-0.802,0.192,-0.386,0.776,-1.756,0.45,-0.679,start
1780984863.3681128,-0.826,-0.183,0.563,-0.183,2.71,0.527,-0.656,-0.332,0.628,-7.046,1.168,1.58,-0.304,-0.402,0.884,0.817,0.71,1.786,-0.271,-0.488,0.885,2.282,6.802,0.702,0.181,-0.373,0.783,0.779,6.656,-0.84,start
1780984863.470449,-0.823,-0.177,0.557,-0.702,0.305,-0.748,-0.66,-0.331,0.617,-6.107,-0.252,-0.313,-0.302,-0.4,0.879,0.595,0.038,-0.359,-0.345,-0.489,0.844,1.145,12.214,-0.336,0.178,-0.385,0.785,-2.473,4.16,-2.626,start
1780984863.5784104,-0.829,-0.182,0.557,-0.069,0.382,-1.282,-0.658,-0.331,0.622,-6.641,-0.603,-0.687,-0.304,-0.403,0.889,-0.153,-1.397,-0.481,-0.264,-0.482,0.896,2.412,5.672,-0.771,0.18,-0.381,0.782,-0.641,1.092,-0.466,start
1780984863.6787505,-0.82,-0.177,0.563,-0.397,0.977,-1.107,-0.66,-0.333,0.624,-7.282,0.366,-0.794,-0.305,-0.405,0.889,-0.924,0.336,-0.748,-0.261,-0.492,0.892,1.16,7.756,-0.679,0.181,-0.386,0.783,-1.687,1.427,-0.046,start
1780984866.4574986,-0.825,-0.182,0.557,-0.779,1.267,-1.527,-0.656,-0.332,0.625,-7.031,-0.16,-0.519,-0.307,-0.404,0.877,-0.26,-0.252,-0.084,-0.268,-0.494,0.882,2.015,6.0,-0.641,0.188,-0.389,0.783,-0.351,2.26,-0.153,start
1780984866.5702443,-0.825,-0.178,0.559,-1.053,2.969,-0.489,-0.657,-0.336,0.619,-7.107,0.901,-0.008,-0.308,-0.403,0.884,-0.603,1.046,0.061,-0.273,-0.49,0.887,2.145,6.206,-0.435,0.183,-0.39,0.774,-0.191,3.191,-0.183,start
1780984866.6632845,-0.825,-0.181,0.555,-1.374,1.595,-1.046,-0.658,-0.331,0.621,-7.099,0.183,-1.198,-0.307,-0.405,0.885,-0.901,-0.13,-0.099,-0.265,-0.493,0.89,1.168,7.641,-0.725,0.185,-0.389,0.791,-1.527,0.748,0.618,start
1780984866.7667403,-0.825,-0.184,0.555,-0.397,2.183,0.298,-0.66,-0.33,0.623,-6.496,0.71,-0.046,-0.308,-0.404,0.885,-0.282,0.87,0.473,-0.271,-0.49,0.885,2.076,6.634,-0.443,0.185,-0.383,0.776,-0.198,3.55,-0.534,start
1780984866.869313,-0.826,-0.184,0.558,-0.687,0.817,-1.298,-0.656,-0.333,0.615,-7.046,0.29,-0.366,-0.303,-0.407,0.875,-0.092,-0.802,0.13,-0.274,-0.496,0.887,1.832,6.542,-0.458,0.188,-0.388,0.777,-0.26,2.649,-0.275,start
1780984866.9724717,-0.826,-0.179,0.559,-1.16,1.664,-0.832,-0.662,-0.33,0.624,-6.893,0.45,-0.298,-0.306,-0.4,0.883,-0.443,0.229,0.611,-0.272,-0.486,0.881,2.237,6.374,-0.305,0.285,-0.523,0.97,11.45,-11.275,4.015,start
1780984867.0843925,-0.811,-0.18,0.562,-3.969,6.084,-0.878,-0.666,-0.332,0.629,-11.137,4.649,-0.26,-0.302,-0.406,0.88,-1.679,10.16,3.076,-0.258,-0.496,0.899,8.107,19.947,7.023,0.278,-0.105,0.679,143.786,-14.183,10.046,start
1780984867.1862364,-0.843,-0.185,0.541,-2.733,6.908,1.031,-0.661,-0.335,0.611,-8.45,2.511,0.55,-0.334,-0.401,0.875,0.069,4.557,2.389,-0.298,-0.468,0.895,5.023,8.733,1.756,0.248,0.061,0.806,42.916,0.458,1.374,start
1780984867.296842,-0.839,-0.184,0.531,-0.374,0.069,-0.687,-0.664,-0.333,0.611,-6.053,-0.573,-0.359,-0.327,-0.403,0.878,0.702,-3.244,-0.802,-0.292,-0.475,0.888,3.344,4.855,-2.282,0.266,0.018,0.889,-22.947,0.389,-2.191,start
1780984867.384397,-0.845,-0.184,0.534,1.305,-5.916,-1.069,-0.662,-0.329,0.614,-3.176,-2.382,-0.733,-0.313,-0.401,0.881,1.87,-8.687,-3.13,-0.284,-0.459,0.899,2.443,1.351,-7.115,0.224,0.021,0.597,-149.817,26.069,-6.511,start
1780984867.5029287,-0.819,-0.181,0.556,-0.779,1.756,-2.061,-0.659,-0.334,0.612,-7.901,0.122,-1.214,-0.305,-0.408,0.885,-1.954,0.061,0.221,-0.267,-0.484,0.891,-2.863,5.115,-1.687,-0.023,-1.015,2.0,-113.924,-44.748,-36.878,start
1780984867.5904415,-0.835,-0.182,0.556,0.13,-0.511,-0.779,-0.659,-0.334,0.623,-6.489,2.489,-0.664,-0.313,-0.401,0.878,0.374,1.252,-0.115,-0.274,-0.478,0.892,0.542,4.863,-1.298,0.17,-0.375,0.773,-3.908,4.71,-0.282,start
1780984867.7037323,-0.825,-0.179,0.562,-0.748,0.595,-1.046,-0.658,-0.328,0.626,-6.649,0.366,0.084,-0.308,-0.403,0.883,-0.229,0.969,0.13,-0.27,-0.483,0.883,1.366,6.786,-0.427,0.181,-0.381,0.778,-1.389,1.344,-0.534,start
1780984867.8065183,-0.831,-0.18,0.556,-1.183,1.725,-1.359,-0.66,-0.326,0.621,-6.908,0.374,-0.634,-0.31,-0.401,0.88,-0.473,0.107,0.13,-0.265,-0.484,0.894,1.389,7.382,-0.962,0.181,-0.379,0.787,-1.763,0.702,0.298,start
1780984867.9093924,-0.825,-0.184,0.556,-1.42,2.359,-1.931,-0.656,-0.333,0.61,-7.542,0.366,-1.069,-0.307,-0.404,0.883,-1.42,0.542,-0.443,-0.268,-0.487,0.893,0.916,7.878,-0.13,0.182,-0.39,0.787,-1.26,2.786,0.183,start
1780984868.0091257,-0.827,-0.184,0.553,-0.275,0.687,0.122,-0.657,-0.331,0.624,-6.756,0.16,-0.466,-0.306,-0.403,0.887,-0.305,-0.382,0.023,-0.271,-0.486,0.895,1.802,6.321,-0.939,0.186,-0.381,0.782,-1.13,0.84,-0.229,start
1780984868.1078353,-0.829,-0.186,0.555,-0.534,1.427,0.023,-0.657,-0.33,0.618,-6.786,0.275,0.13,-0.305,-0.405,0.884,-0.397,0.618,0.328,-0.268,-0.49,0.887,2.168,5.618,-0.45,0.184,-0.387,0.787,-0.328,3.26,-0.603,start
1780984868.2259758,-0.831,-0.182,0.558,-1.183,1.237,-0.916,-0.664,-0.331,0.615,-7.206,0.145,-0.824,-0.308,-0.402,0.886,-0.565,0.107,0.092,-0.269,-0.482,0.888,1.328,6.908,-0.954,0.175,-0.392,0.783,-1.351,1.511,0.344,start
1780984868.318298,-0.828,-0.188,0.563,-1.176,1.733,-0.84,-0.659,-0.336,0.616,-7.252,0.344,-0.489,-0.307,-0.404,0.878,-0.916,0.664,0.756,-0.274,-0.49,0.886,1.969,6.687,-0.053,0.184,-0.385,0.779,-0.244,3.817,-0.008,start
1780984871.0926821,-0.819,-0.185,0.554,-1.099,2.321,-0.534,-0.662,-0.333,0.626,-7.527,0.443,-0.427,-0.308,-0.406,0.876,-0.489,0.565,-0.076,-0.273,-0.489,0.887,1.588,6.55,-0.443,0.184,-0.393,0.775,0.092,3.603,-0.214,start
1780984871.2072296,-0.831,-0.181,0.552,-0.618,0.756,-0.962,-0.663,-0.33,0.622,-6.687,-0.153,-1.0,-0.308,-0.401,0.881,-0.366,-0.321,-0.183,-0.27,-0.485,0.884,1.366,7.038,-1.496,0.188,-0.391,0.78,-1.275,-0.084,0.26,start
1780984871.305063,-0.829,-0.187,0.553,-0.679,1.473,-0.435,-0.66,-0.336,0.617,-6.916,0.802,0.321,-0.313,-0.4,0.881,0.412,0.618,0.534,-0.271,-0.49,0.889,2.053,6.221,0.26,0.186,-0.393,0.782,0.573,4.519,-0.725,start
1780984871.406924,-0.827,-0.185,0.559,-0.824,1.977,-1.55,-0.662,-0.333,0.625,-7.595,0.626,-0.863,-0.308,-0.404,0.884,-1.183,0.069,-0.611,-0.272,-0.486,0.893,1.359,7.947,-1.031,0.18,-0.388,0.78,-1.908,-0.344,0.664,start
1780984871.5141418,-0.828,-0.182,0.549,-0.824,1.702,-0.916,-0.656,-0.332,0.615,-7.435,0.595,-0.313,-0.311,-0.402,0.876,-0.542,0.58,0.931,-0.271,-0.485,0.887,1.779,7.435,0.229,0.178,-0.386,0.782,-0.107,3.221,-0.008,start
1780984871.6074376,-0.829,-0.181,0.557,-0.824,1.206,-0.542,-0.66,-0.327,0.617,-6.794,-0.023,-0.756,-0.305,-0.407,0.873,-0.191,-1.107,-0.405,-0.27,-0.49,0.884,1.817,6.26,-0.962,0.183,-0.389,0.784,-0.756,0.969,-0.084,start
1780984871.7181532,-0.825,-0.185,0.552,-0.763,2.321,0.634,-0.66,-0.33,0.618,-7.137,0.817,0.626,-0.312,-0.403,0.882,-0.275,0.702,0.237,-0.269,-0.486,0.892,2.046,5.702,0.107,0.169,-0.446,0.9,4.87,-3.198,2.107,start
1780984871.836442,-0.825,-0.182,0.56,-1.824,3.366,-0.122,-0.657,-0.332,0.62,-8.618,1.206,-0.191,-0.305,-0.402,0.887,-1.817,4.473,2.405,-0.262,-0.496,0.879,0.931,13.328,3.168,0.226,-0.279,0.711,194.412,-32.237,36.221,start
1780984871.9258773,-0.844,-0.181,0.534,-4.74,10.038,1.481,-0.668,-0.332,0.615,-9.641,1.939,1.282,-0.321,-0.406,0.875,0.206,4.099,2.168,-0.29,-0.47,0.897,7.634,9.649,5.412,0.243,0.025,0.767,67.427,-9.603,-1.412,start
1780984872.0218515,-0.838,-0.185,0.527,-1.939,3.153,-1.29,-0.662,-0.335,0.613,-8.595,0.718,-0.817,-0.324,-0.406,0.874,-1.443,1.557,0.55,-0.294,-0.471,0.888,2.328,7.427,0.908,0.254,0.09,0.797,17.412,3.557,0.397,start
1780984872.1355255,-0.841,-0.185,0.534,-1.489,3.527,0.534,-0.67,-0.335,0.602,-7.038,1.336,0.931,-0.341,-0.403,0.868,0.679,1.26,0.656,-0.298,-0.465,0.896,2.107,6.466,-0.244,0.255,0.1,0.797,-3.115,2.595,-1.58,start
1780984872.2263901,-0.839,-0.181,0.53,-0.191,-1.252,-3.183,-0.664,-0.333,0.614,-6.084,-1.725,-2.321,-0.327,-0.399,0.875,-0.672,-4.336,-3.191,-0.288,-0.469,0.897,0.13,4.847,-3.748,0.258,0.082,0.755,-26.206,1.366,-4.527,start
1780984872.3307338,-0.845,-0.177,0.548,6.328,-21.366,-3.481,-0.652,-0.33,0.619,1.809,-5.908,-2.695,-0.314,-0.407,0.883,3.626,-14.679,-6.565,-0.25,-0.484,0.902,1.779,-5.725,-8.87,0.245,-0.383,0.791,-248.298,54.145,-38.168,start
1780984872.432374,-0.81,-0.183,0.562,-3.878,8.176,-0.26,-0.678,-0.33,0.583,-6.733,0.008,-0.87,-0.305,-0.402,0.888,-0.954,-2.092,-1.435,-0.269,-0.478,0.893,1.366,-1.145,-0.595,0.182,-0.4,0.813,-19.382,-10.809,-2.405,start
1780984872.539861,-0.827,-0.18,0.556,-0.595,3.153,0.58,-0.66,-0.334,0.618,-6.863,1.206,0.382,-0.307,-0.405,0.885,-0.084,0.908,0.779,-0.266,-0.478,0.896,1.229,6.489,-0.099,0.177,-0.374,0.782,-2.298,2.015,-0.863,start
1780984872.6377265,-0.83,-0.184,0.552,-1.321,1.718,-1.443,-0.659,-0.329,0.626,-7.733,-0.023,-1.198,-0.309,-0.402,0.881,-1.122,0.267,-0.076,-0.274,-0.484,0.889,0.992,7.397,-0.718,0.179,-0.385,0.792,-2.344,0.733,0.618,start
1780984872.7488818,-0.826,-0.185,0.546,-0.244,2.489,0.084,-0.66,-0.333,0.623,-6.687,0.382,0.053,-0.309,-0.403,0.877,0.038,-0.008,0.252,-0.267,-0.483,0.891,1.916,6.099,-0.153,0.177,-0.381,0.78,-0.748,2.015,-0.84,start
1780984872.8437092,-0.831,-0.183,0.553,-0.74,1.153,-1.328,-0.657,-0.335,0.613,-6.931,0.061,-0.282,-0.306,-0.408,0.875,-0.443,0.725,0.847,-0.267,-0.49,0.886,1.504,7.313,-0.16,0.175,-0.385,0.775,-1.168,1.901,-0.565,start
1780984872.95165,-0.828,-0.182,0.556,-1.29,1.87,-0.748,-0.663,-0.331,0.617,-6.939,0.534,-0.267,-0.31,-0.403,0.883,-0.557,0.519,0.427,-0.271,-0.481,0.893,1.489,7.26,-0.595,0.18,-0.378,0.78,-0.84,2.221,-0.145,start
1780984875.7284443,-0.827,-0.178,0.553,-0.489,1.504,0.008,-0.66,-0.335,0.621,-6.885,0.641,-0.084,-0.309,-0.408,0.885,-0.16,0.824,0.244,-0.272,-0.485,0.896,2.282,6.611,0.069,0.185,-0.384,0.783,0.55,4.718,-0.221,start
1780984875.8311455,-0.827,-0.182,0.551,-1.13,1.466,-1.618,-0.659,-0.331,0.619,-6.962,0.092,-0.771,-0.307,-0.404,0.885,-0.573,-1.008,-0.588,-0.271,-0.488,0.894,0.84,7.672,-0.931,0.186,-0.387,0.785,-1.557,0.603,0.733,start
1780984875.9340787,-0.828,-0.179,0.552,-1.061,1.794,-0.557,-0.656,-0.334,0.609,-6.702,0.511,0.0,-0.306,-0.408,0.88,-0.611,0.618,0.855,-0.273,-0.488,0.886,1.832,6.809,-0.244,0.177,-0.391,0.779,0.16,4.122,-0.427,start
1780984876.0443714,-0.826,-0.185,0.551,-0.939,1.557,-1.817,-0.656,-0.329,0.615,-6.771,-0.015,-1.13,-0.309,-0.403,0.879,-0.244,-0.84,-0.664,-0.266,-0.488,0.887,1.733,6.626,-0.427,0.185,-0.393,0.775,-0.412,2.397,0.008,start
1780984876.1533725,-0.83,-0.19,0.559,-1.046,1.947,0.809,-0.665,-0.332,0.632,-6.885,1.298,0.618,-0.287,-0.406,0.885,-0.321,4.763,3.473,-0.29,-0.495,0.879,1.947,14.527,3.87,0.218,-0.501,1.022,224.893,-55.221,61.565,start
1780984876.2431347,-0.846,-0.181,0.532,-3.756,9.649,-0.13,-0.656,-0.337,0.617,-10.718,3.321,1.092,-0.324,-0.397,0.879,-1.374,4.664,3.374,-0.292,-0.47,0.912,7.282,11.603,5.679,0.247,0.006,0.784,80.985,-11.855,-0.595,start
1780984876.3463545,-0.837,-0.184,0.532,-1.947,2.634,-0.481,-0.661,-0.335,0.609,-7.542,0.847,0.153,-0.327,-0.403,0.883,0.115,2.458,1.359,-0.292,-0.477,0.893,3.832,9.427,1.931,0.228,0.101,0.791,24.176,4.275,-0.794,start
1780984876.4533787,-0.841,-0.183,0.536,-0.779,-0.397,-1.153,-0.668,-0.337,0.609,-6.191,-0.771,-1.16,-0.328,-0.403,0.876,0.13,-2.023,-0.962,-0.298,-0.476,0.886,1.695,6.42,-3.916,0.288,0.058,0.822,-9.427,4.87,-0.267,start
1780984876.5533187,-0.844,-0.188,0.526,3.191,-6.687,-0.313,-0.662,-0.336,0.614,-1.45,-2.015,-0.763,-0.323,-0.403,0.874,4.038,-12.115,-4.534,-0.299,-0.467,0.887,1.947,-3.153,-10.443,0.203,-0.021,0.528,-204.42,40.466,1.649,start
1780984876.658262,-0.829,-0.181,0.552,-1.756,4.076,-2.328,-0.663,-0.329,0.611,-7.71,0.084,-2.023,-0.306,-0.4,0.885,-2.702,-0.962,-1.351,-0.28,-0.508,0.882,-2.481,5.145,-2.214,0.111,-0.259,0.496,36.137,70.45,0.015,start
1780984876.7584214,-0.829,-0.187,0.558,-0.496,5.031,-0.137,-0.661,-0.33,0.617,-7.244,0.718,0.183,-0.307,-0.404,0.882,-0.061,0.069,1.084,-0.272,-0.482,0.891,0.038,5.885,0.389,0.176,-0.379,0.799,-1.588,3.466,-1.153,start
1780984876.8688087,-0.826,-0.179,0.557,-0.527,1.168,-2.046,-0.657,-0.332,0.618,-6.939,0.16,-1.313,-0.307,-0.405,0.887,-0.573,0.374,-0.588,-0.266,-0.487,0.884,0.863,7.015,-1.0,0.178,-0.374,0.783,-2.061,0.664,-0.092,start
1780984876.9686615,-0.827,-0.184,0.559,-0.588,0.931,-0.313,-0.659,-0.332,0.625,-6.908,0.817,0.092,-0.305,-0.404,0.881,-0.099,0.443,0.626,-0.27,-0.484,0.887,1.458,7.122,0.061,0.188,-0.382,0.784,-2.183,2.481,-2.733,start
1780984877.0667853,-0.829,-0.183,0.564,-1.069,1.489,-1.008,-0.661,-0.333,0.622,-7.45,0.405,-0.878,-0.309,-0.403,0.884,-1.206,-0.092,-0.427,-0.27,-0.484,0.893,0.45,8.015,-1.573,0.18,-0.38,0.784,-2.863,-0.015,0.618,start
1780984877.1703105,-0.827,-0.185,0.553,-1.206,2.664,-0.015,-0.662,-0.336,0.612,-6.878,0.809,0.412,-0.312,-0.405,0.879,-0.145,0.458,0.038,-0.272,-0.487,0.889,2.137,6.176,0.511,0.172,-0.38,0.789,0.069,4.237,-0.992,start
1780984877.2817771,-0.827,-0.181,0.559,-0.84,0.557,-0.855,-0.658,-0.331,0.618,-7.321,-0.13,-1.244,-0.308,-0.402,0.874,-1.084,-0.252,-0.191,-0.274,-0.49,0.887,1.267,7.504,-1.496,0.175,-0.383,0.787,-1.382,1.153,-0.046,start
1780984877.3829138,-0.827,-0.184,0.555,-0.42,1.527,0.328,-0.661,-0.329,0.619,-6.824,0.779,0.16,-0.306,-0.401,0.885,0.107,0.534,0.626,-0.272,-0.484,0.893,1.824,7.282,1.176,0.177,-0.38,0.777,0.176,4.252,-0.573,start
1780984877.4790757,-0.835,-0.184,0.559,-1.252,1.321,-1.603,-0.66,-0.333,0.624,-7.206,0.115,-0.962,-0.312,-0.402,0.884,-0.786,-0.214,-0.427,-0.273,-0.49,0.893,1.229,8.389,-1.496,0.177,-0.381,0.79,-2.221,-0.649,0.756,start
1780984877.5886178,-0.825,-0.185,0.556,-1.145,1.977,-0.412,-0.658,-0.335,0.623,-6.954,0.733,-0.038,-0.311,-0.406,0.877,-0.015,0.84,1.092,-0.27,-0.489,0.892,2.061,5.977,-0.176,0.18,-0.381,0.782,0.229,4.519,-0.595,start
1780984880.3647623,-0.834,-0.186,0.554,-1.115,1.214,-1.458,-0.658,-0.331,0.625,-7.198,-0.023,-1.015,-0.306,-0.403,0.884,-1.053,-0.198,-0.298,-0.269,-0.487,0.886,1.351,8.489,-0.878,0.18,-0.387,0.783,-1.931,0.435,1.076,start
1780984880.4674673,-0.83,-0.186,0.553,-0.954,2.435,-0.183,-0.66,-0.333,0.615,-7.107,0.779,0.244,-0.31,-0.405,0.879,-0.229,0.725,0.26,-0.275,-0.487,0.89,2.0,5.786,0.084,0.176,-0.38,0.775,0.076,3.809,-0.504,start
1780984880.5730214,-0.826,-0.176,0.557,-0.901,1.053,-1.084,-0.661,-0.333,0.626,-7.13,0.137,-0.847,-0.313,-0.403,0.885,-0.672,-0.443,-0.496,-0.271,-0.49,0.888,1.397,7.809,-1.534,0.178,-0.391,0.788,-1.351,0.84,-0.084,start
1780984880.6784759,-0.825,-0.185,0.561,-0.55,1.458,0.008,-0.657,-0.331,0.622,-6.802,0.534,-0.374,-0.31,-0.406,0.891,-0.412,0.947,1.046,-0.274,-0.49,0.891,2.015,7.29,0.397,0.174,-0.381,0.784,0.13,4.557,0.084,start
1780984880.7841554,-0.821,-0.176,0.564,-1.908,3.282,-0.931,-0.652,-0.329,0.62,-8.389,1.191,0.672,-0.32,-0.405,0.876,-0.977,5.298,1.74,-0.269,-0.482,0.879,2.069,13.282,0.893,0.249,-0.307,0.717,223.275,-57.13,43.099,start
1780984880.8782654,-0.824,-0.188,0.543,-4.321,10.824,4.924,-0.664,-0.327,0.639,-9.947,1.489,3.267,-0.315,-0.404,0.871,-1.023,8.74,6.962,-0.312,-0.464,0.879,6.565,12.435,9.221,0.229,0.046,0.746,74.427,6.489,-2.947,start
1780984880.9831905,-0.845,-0.178,0.527,-1.847,5.099,-0.466,-0.667,-0.325,0.611,-8.053,0.244,-0.504,-0.344,-0.4,0.86,-0.115,0.824,0.626,-0.302,-0.482,0.876,2.0,5.626,-0.145,0.255,0.074,0.813,4.855,0.863,1.061,start
1780984881.0937595,-0.846,-0.182,0.53,-0.412,-1.275,-0.718,-0.676,-0.331,0.608,-5.328,-0.702,-0.733,-0.344,-0.398,0.867,1.42,-6.092,-2.618,-0.3,-0.476,0.886,3.061,0.832,-3.382,0.233,0.097,0.755,-32.153,2.122,1.466,start
1780984881.1916773,-0.837,-0.18,0.546,5.336,-21.351,-5.748,-0.671,-0.322,0.606,0.076,-9.954,-5.359,-0.306,-0.394,0.893,-0.023,-14.87,-8.649,-0.245,-0.48,0.926,0.718,5.26,-11.313,0.223,-0.327,0.937,-182.939,54.893,-4.122,start
1780984881.2917142,-0.83,-0.179,0.558,-0.42,3.366,-0.863,-0.658,-0.331,0.618,-7.794,1.58,0.061,-0.31,-0.404,0.882,-0.817,1.466,0.794,-0.282,-0.489,0.891,1.344,5.351,0.466,0.154,-0.322,0.679,-8.794,7.374,-14.992,start
1780984881.3932736,-0.825,-0.179,0.556,-0.237,1.763,-0.878,-0.657,-0.33,0.622,-6.916,0.641,-0.824,-0.307,-0.404,0.884,-1.198,0.031,-1.031,-0.274,-0.484,0.889,0.107,7.244,-1.786,0.174,-0.379,0.786,-2.45,1.0,-0.794,start
1780984881.49642,-0.823,-0.178,0.562,-0.481,1.71,0.267,-0.658,-0.329,0.626,-6.725,1.275,0.076,-0.313,-0.401,0.883,0.084,0.168,0.977,-0.274,-0.487,0.887,1.901,6.664,0.275,0.158,-0.372,0.789,-2.466,3.611,-3.389,start
1780984881.606656,-0.823,-0.179,0.553,-1.466,1.29,-1.786,-0.66,-0.331,0.612,-7.298,0.397,-0.641,-0.305,-0.404,0.888,-1.16,0.672,-0.641,-0.269,-0.485,0.891,1.221,8.076,-1.397,0.171,-0.381,0.79,-2.183,1.397,0.214,start
1780984881.7027273,-0.826,-0.182,0.558,-0.87,1.275,-0.733,-0.658,-0.327,0.617,-6.756,0.809,-0.176,-0.313,-0.403,0.882,-0.26,0.053,0.107,-0.272,-0.487,0.88,1.725,6.893,-0.473,0.168,-0.376,0.779,-0.435,3.473,-0.855,start
1780984881.8049958,-0.829,-0.184,0.556,-0.84,1.443,-2.145,-0.657,-0.331,0.614,-6.969,-0.16,-1.092,-0.311,-0.405,0.886,-1.053,-1.191,-0.824,-0.268,-0.492,0.887,0.756,6.817,-2.473,0.182,-0.38,0.787,-2.252,-0.489,0.0,start
1780984881.9093106,-0.823,-0.184,0.552,-0.74,1.107,-0.824,-0.659,-0.332,0.615,-6.71,0.756,0.176,-0.312,-0.404,0.878,-0.031,0.244,0.603,-0.271,-0.492,0.871,2.229,5.824,-0.145,0.177,-0.375,0.79,0.954,4.656,-0.695,start
1780984882.0110831,-0.824,-0.181,0.557,-1.511,1.069,-1.176,-0.656,-0.333,0.618,-6.863,0.626,-0.649,-0.305,-0.406,0.877,-0.489,-0.122,-0.374,-0.272,-0.491,0.89,1.45,7.282,-0.099,0.18,-0.383,0.785,-0.847,3.237,0.076,start
1780984882.1176994,-0.83,-0.182,0.555,-0.969,1.817,-0.908,-0.658,-0.331,0.622,-6.649,0.496,-0.466,-0.311,-0.402,0.885,-0.397,0.595,0.71,-0.272,-0.489,0.886,1.885,7.145,-0.015,0.161,-0.381,0.789,-0.473,3.031,-0.008,start
1780984882.2175832,-0.827,-0.179,0.554,-0.664,0.718,-0.198,-0.659,-0.334,0.624,-6.916,0.267,-0.481,-0.31,-0.406,0.873,-0.397,-0.267,0.122,-0.269,-0.489,0.89,1.656,6.992,0.115,0.17,-0.374,0.788,-0.122,4.305,-0.679,start
1780984884.896237,-0.828,-0.18,0.56,-1.214,1.328,-0.74,-0.661,-0.331,0.625,-7.008,0.374,-0.664,-0.315,-0.403,0.888,-0.099,-0.153,-0.122,-0.269,-0.488,0.892,2.061,7.405,-0.214,0.178,-0.388,0.782,-0.473,2.122,0.031,start
1780984884.9981263,-0.828,-0.183,0.558,-0.718,1.84,-0.198,-0.658,-0.329,0.622,-7.214,0.282,-0.366,-0.311,-0.405,0.887,-0.588,0.55,0.748,-0.272,-0.489,0.886,1.305,7.84,-0.55,0.183,-0.382,0.779,-0.901,1.977,0.313,start
1780984885.1030717,-0.824,-0.182,0.554,-0.511,1.244,-0.336,-0.655,-0.332,0.617,-6.947,0.183,-0.313,-0.311,-0.406,0.881,-0.496,0.344,-0.031,-0.27,-0.493,0.88,1.863,6.573,0.061,0.181,-0.391,0.779,-0.26,3.305,-0.412,start
1780984885.2162218,-0.825,-0.181,0.552,-0.878,0.695,-0.618,-0.658,-0.33,0.623,-6.962,0.557,0.008,-0.311,-0.4,0.883,0.145,0.298,0.634,-0.272,-0.492,0.888,2.008,6.924,-0.489,0.177,-0.382,0.774,-0.008,4.405,-0.74,start
1780984885.3200054,-0.827,-0.184,0.555,-1.359,0.863,-1.687,-0.66,-0.325,0.62,-7.267,0.038,-1.145,-0.31,-0.402,0.883,-0.557,1.031,0.344,-0.272,-0.494,0.886,1.931,7.794,0.305,0.172,-0.389,0.796,-0.053,4.611,-0.198,start
1780984885.4235985,-0.824,-0.18,0.564,-1.458,3.015,-0.58,-0.654,-0.331,0.625,-8.344,1.588,0.893,-0.314,-0.401,0.887,-0.359,2.748,1.595,-0.292,-0.479,0.888,2.672,11.122,0.763,0.23,-0.362,0.778,156.496,-37.489,38.87,start
1780984885.520266,-0.837,-0.187,0.539,-5.0,9.893,1.336,-0.662,-0.332,0.619,-10.664,3.573,1.573,-0.326,-0.4,0.873,0.626,7.145,3.985,-0.281,-0.481,0.888,7.443,12.702,8.099,0.186,0.025,0.671,85.137,-12.321,-5.733,start
1780984885.6182485,-0.834,-0.181,0.537,-2.176,3.71,-0.885,-0.662,-0.33,0.615,-8.359,-0.168,-0.29,-0.33,-0.396,0.872,-0.214,0.527,0.87,-0.303,-0.474,0.885,2.069,8.618,-0.282,0.235,0.101,0.741,21.969,-0.672,2.275,start
1780984885.725757,-0.837,-0.18,0.537,-0.473,2.458,0.557,-0.666,-0.332,0.615,-6.855,1.13,0.351,-0.332,-0.398,0.88,0.252,-0.084,-0.626,-0.295,-0.47,0.89,1.893,5.519,-0.557,0.233,0.094,0.771,-14.664,0.626,-0.489,start
1780984885.8284566,-0.853,-0.179,0.529,4.084,-12.924,-2.634,-0.668,-0.333,0.609,-0.542,-4.947,-2.84,-0.327,-0.4,0.872,1.366,-15.084,-8.0,-0.272,-0.491,0.88,-2.519,-7.611,-13.115,0.237,-0.197,0.524,-247.534,65.771,-3.58,start
1780984885.9252791,-0.778,-0.168,0.615,-2.908,0.878,-0.336,-0.669,-0.332,0.607,-9.626,16.229,1.443,-0.345,-0.401,0.861,-1.183,4.412,1.969,-0.278,-0.482,0.879,7.168,4.282,0.878,0.055,-0.26,0.732,-30.366,-0.565,-4.122,start
1780984886.0405726,-0.829,-0.18,0.544,-0.954,0.748,-1.481,-0.659,-0.331,0.616,-6.809,0.214,-0.527,-0.305,-0.403,0.883,-0.466,0.237,-0.107,-0.272,-0.487,0.884,0.863,7.603,-0.458,0.17,-0.356,0.798,-0.985,3.748,-0.229,start
1780984886.1404934,-0.832,-0.177,0.553,-0.305,2.168,-0.145,-0.665,-0.329,0.616,-6.656,0.313,-0.458,-0.31,-0.402,0.877,-0.588,-0.099,0.107,-0.27,-0.485,0.897,1.206,5.702,-0.641,0.173,-0.357,0.788,-2.84,1.527,-2.489,start
1780984886.2344894,-0.829,-0.181,0.555,-1.466,2.824,-2.16,-0.661,-0.331,0.619,-7.809,0.29,-1.382,-0.312,-0.406,0.884,-1.58,0.099,-0.221,-0.273,-0.492,0.882,0.557,6.786,-1.405,0.172,-0.358,0.803,-3.412,2.817,-1.649,start
1780984886.3405778,-0.831,-0.183,0.556,-0.695,1.115,-0.725,-0.658,-0.331,0.62,-6.473,0.649,-0.466,-0.312,-0.402,0.877,-0.229,-0.153,-0.076,-0.282,-0.489,0.891,1.672,6.374,-1.618,0.171,-0.366,0.795,-3.649,1.122,-2.748,start
1780984886.4404979,-0.829,-0.183,0.551,-1.084,0.908,-0.748,-0.664,-0.33,0.625,-6.954,0.611,0.084,-0.314,-0.404,0.885,-0.282,0.626,1.0,-0.27,-0.493,0.882,1.794,6.427,0.252,0.164,-0.371,0.798,-2.214,2.527,-3.168,start
1780984886.5479093,-0.83,-0.18,0.55,-0.763,1.779,-0.832,-0.659,-0.329,0.617,-6.954,0.252,-1.015,-0.311,-0.397,0.881,-0.481,-0.504,-0.206,-0.273,-0.486,0.895,1.26,7.397,-0.779,0.177,-0.364,0.789,-1.901,1.824,0.336,start
1780984886.6650233,-0.824,-0.182,0.551,-1.137,2.458,-0.695,-0.665,-0.336,0.618,-7.725,0.863,-0.405,-0.312,-0.407,0.872,-0.969,1.145,-0.458,-0.275,-0.495,0.879,1.687,7.527,0.008,0.171,-0.368,0.789,-0.168,3.725,-0.443,start
1780984886.7575884,-0.826,-0.179,0.552,-0.664,1.191,-0.786,-0.662,-0.329,0.616,-6.641,0.229,-0.611,-0.312,-0.406,0.883,-0.42,-1.069,0.168,-0.27,-0.489,0.884,1.687,6.779,-1.168,0.176,-0.372,0.792,-1.023,0.84,-0.053,start
1780984886.8558998,-0.826,-0.183,0.558,-1.076,1.802,-0.069,-0.664,-0.337,0.615,-6.969,0.687,0.099,-0.31,-0.406,0.878,0.0,0.756,0.168,-0.271,-0.491,0.888,1.87,5.802,0.176,0.176,-0.37,0.784,0.046,4.008,-0.855,start
1780984889.5326679,-0.83,-0.179,0.559,-0.779,1.473,-0.344,-0.662,-0.332,0.625,-6.824,0.275,-0.115,-0.314,-0.404,0.884,-0.053,-0.328,0.458,-0.269,-0.489,0.885,2.046,6.878,-0.198,0.175,-0.378,0.794,-0.038,2.603,-0.481,start
1780984889.6345348,-0.829,-0.177,0.554,-1.046,1.588,-1.366,-0.662,-0.333,0.614,-7.221,0.282,-0.878,-0.31,-0.4,0.879,-0.603,0.145,-0.45,-0.275,-0.491,0.886,1.267,7.29,-0.87,0.175,-0.375,0.787,-1.557,0.13,0.374,start
1780984889.7394543,-0.832,-0.181,0.56,-0.962,2.214,-0.115,-0.662,-0.337,0.617,-6.985,0.282,-0.55,-0.312,-0.404,0.882,0.053,0.244,0.573,-0.276,-0.493,0.885,2.015,5.344,-0.511,0.174,-0.381,0.791,0.435,3.939,-0.58,start
1780984889.8402805,-0.827,-0.18,0.554,-0.588,1.733,-0.992,-0.656,-0.332,0.616,-7.046,0.298,-0.298,-0.312,-0.404,0.88,-0.473,0.031,-0.198,-0.275,-0.492,0.883,1.855,6.626,-0.29,0.175,-0.375,0.793,-0.099,2.817,-0.267,start
1780984889.9478927,-0.828,-0.181,0.554,-0.947,1.832,-0.496,-0.659,-0.333,0.623,-7.16,0.611,-0.023,-0.317,-0.403,0.883,-0.359,0.939,0.733,-0.276,-0.49,0.881,1.863,6.87,0.183,0.201,-0.398,0.823,2.412,4.031,0.595,start
1780984890.0451617,-0.838,-0.179,0.551,-1.939,4.603,-1.115,-0.665,-0.333,0.624,-8.031,1.015,-0.252,-0.315,-0.4,0.883,-1.519,4.687,1.351,-0.271,-0.491,0.877,2.962,11.962,2.076,0.258,-0.328,0.989,151.901,-60.595,15.916,start
1780984890.1486645,-0.844,-0.18,0.535,-3.42,11.183,2.191,-0.669,-0.328,0.613,-9.351,3.313,1.702,-0.334,-0.399,0.867,0.412,3.786,1.634,-0.292,-0.479,0.889,5.618,7.618,2.557,0.24,0.069,0.701,59.084,-3.771,-0.885,start
1780984890.2516754,-0.834,-0.181,0.547,-2.634,6.611,1.122,-0.667,-0.335,0.61,-7.901,1.924,1.809,-0.339,-0.397,0.874,1.13,4.504,2.947,-0.298,-0.474,0.89,4.435,9.901,1.74,0.221,0.085,0.779,13.55,6.183,2.908,start
1780984890.35495,-0.845,-0.181,0.535,-0.359,0.282,-0.74,-0.665,-0.33,0.612,-6.069,-0.618,-0.702,-0.325,-0.397,0.874,0.183,-1.634,-0.076,-0.292,-0.469,0.884,1.687,6.115,-1.443,0.24,0.099,0.781,-13.458,2.282,1.817,start
1780984890.4580266,-0.867,-0.183,0.533,11.733,-25.0,-2.947,-0.674,-0.327,0.61,6.595,-11.427,-5.42,-0.314,-0.395,0.892,5.176,-26.267,-14.87,-0.259,-0.477,0.906,-4.435,-26.817,-22.626,0.415,-0.311,0.66,-235.763,37.595,2.489,start
1780984890.5605612,-0.617,-0.142,0.435,-4.573,0.351,-10.427,-0.624,-0.323,0.655,-8.649,-2.16,1.153,-0.296,-0.385,0.912,-1.168,13.504,1.84,-0.304,-0.485,0.885,1.618,8.863,-0.153,0.122,-0.263,0.69,-1.603,32.947,1.107,start
1780984890.6653268,-0.841,-0.182,0.555,-1.489,0.244,-1.992,-0.647,-0.333,0.629,-7.031,-0.42,-1.183,-0.3,-0.401,0.886,-0.466,0.031,-0.023,-0.256,-0.483,0.9,2.771,6.969,-0.473,0.186,-0.362,0.795,-1.321,3.695,-0.878,start
1780984890.7774734,-0.852,-0.193,0.523,4.74,-3.893,-8.55,-0.64,-0.332,0.617,-1.221,-2.458,-6.366,-0.283,-0.401,0.894,1.55,-9.817,-7.229,-0.217,-0.515,0.934,8.588,4.595,-6.168,0.216,-0.379,0.786,-3.206,-3.626,-4.443,start
1780984890.8700655,-0.811,-0.191,0.585,-0.405,-2.336,-3.137,-0.649,-0.331,0.63,-6.282,-0.435,-1.985,-0.28,-0.407,0.896,-2.076,-0.885,-1.015,-0.24,-0.5,0.896,0.626,6.603,-2.336,0.213,-0.379,0.785,-3.466,-1.427,-2.29,start
1780984890.9726129,-0.808,-0.188,0.586,-0.55,2.687,-0.015,-0.646,-0.332,0.637,-7.527,0.969,0.023,-0.279,-0.4,0.892,-0.374,2.74,1.137,-0.254,-0.484,0.896,1.618,9.015,0.901,0.208,-0.372,0.784,0.573,5.275,0.656,start
1780984891.0760887,-0.808,-0.185,0.584,-0.573,1.389,-0.71,-0.648,-0.324,0.642,-7.221,0.595,-0.137,-0.28,-0.404,0.898,-0.496,0.725,0.382,-0.248,-0.487,0.897,1.618,7.511,0.527,0.209,-0.375,0.783,-0.046,3.733,0.107,start
1780984891.1829221,-0.807,-0.19,0.585,-2.053,2.076,-1.275,-0.646,-0.325,0.632,-7.55,1.13,-0.328,-0.282,-0.401,0.898,-1.122,1.817,0.962,-0.247,-0.489,0.898,1.298,8.855,0.313,0.197,-0.372,0.784,-1.0,1.42,0.115,start
1780984891.2905521,-0.818,-0.188,0.58,-2.443,3.214,-1.176,-0.65,-0.329,0.635,-7.649,0.443,-0.878,-0.283,-0.405,0.884,-1.573,0.084,-0.298,-0.247,-0.488,0.89,0.542,9.344,-1.084,0.204,-0.368,0.78,-1.695,-0.13,0.351,start
1780984891.3848667,-0.813,-0.192,0.58,-0.916,0.924,-0.855,-0.649,-0.332,0.638,-6.74,0.191,-0.756,-0.283,-0.403,0.887,-0.427,-0.221,0.321,-0.249,-0.491,0.899,1.756,7.45,-0.145,0.199,-0.367,0.782,-0.214,3.076,-0.168,start
1780984891.4898906,-0.813,-0.19,0.58,-0.977,4.13,0.634,-0.656,-0.333,0.64,-7.565,1.748,0.519,-0.283,-0.404,0.896,-0.115,0.527,1.122,-0.254,-0.489,0.893,1.611,5.427,0.321,0.198,-0.373,0.776,-0.252,2.115,-0.198,start
1780984894.1662285,-0.819,-0.189,0.568,-1.359,0.809,-2.183,-0.647,-0.331,0.632,-7.229,0.183,-1.038,-0.29,-0.405,0.886,-0.924,-0.076,-0.107,-0.252,-0.493,0.892,0.954,8.008,-1.16,0.195,-0.376,0.785,-0.817,1.771,1.061,start
1780984894.2693324,-0.817,-0.192,0.571,-1.282,2.305,-0.557,-0.649,-0.333,0.626,-7.359,0.618,-0.115,-0.295,-0.408,0.882,-0.29,0.351,0.641,-0.258,-0.495,0.89,2.198,6.252,-0.092,0.204,-0.375,0.782,-0.573,1.885,-0.328,start
1780984894.3812501,-0.817,-0.19,0.572,-0.779,1.695,-0.939,-0.653,-0.334,0.622,-7.176,0.588,-0.107,-0.294,-0.41,0.887,-0.038,0.237,0.359,-0.259,-0.494,0.887,1.977,6.74,-0.16,0.195,-0.369,0.79,-0.947,1.885,-0.405,start
1780984894.4828706,-0.814,-0.19,0.571,-0.496,1.473,-0.489,-0.656,-0.332,0.635,-6.954,0.794,-0.221,-0.293,-0.402,0.887,-0.733,0.863,0.595,-0.259,-0.49,0.892,1.832,8.046,0.115,0.195,-0.365,0.781,-1.115,2.084,0.198,start
1780984894.5778928,-0.816,-0.194,0.57,-2.405,2.221,-1.771,-0.65,-0.335,0.633,-7.916,0.176,-1.191,-0.284,-0.413,0.892,-1.29,-0.031,1.099,-0.253,-0.5,0.888,4.0,5.962,-1.092,0.247,-0.604,1.373,160.084,-39.45,25.321,start
1780984894.6867259,-0.806,-0.183,0.575,-4.038,3.145,0.824,-0.657,-0.329,0.621,-8.29,2.519,1.313,-0.3,-0.403,0.895,0.695,4.855,2.275,-0.265,-0.485,0.882,5.908,15.214,5.237,0.227,-0.079,0.638,125.702,-22.252,-10.244,start
1780984894.784636,-0.834,-0.195,0.539,-2.214,7.855,2.863,-0.659,-0.338,0.62,-8.939,1.557,0.679,-0.291,-0.401,0.912,-0.947,0.779,1.565,-0.278,-0.468,0.918,4.443,6.832,3.137,0.235,0.045,0.805,43.267,1.595,1.084,start
1780984894.8868709,-0.833,-0.19,0.547,-1.618,3.725,0.206,-0.664,-0.332,0.618,-7.427,-0.435,-0.985,-0.314,-0.398,0.881,-0.183,-0.969,-1.656,-0.263,-0.462,0.905,2.687,5.435,-2.023,0.284,0.089,0.747,10.595,7.168,15.481,start
1780984895.0029683,-0.827,-0.192,0.548,-1.427,-0.58,-2.107,-0.653,-0.335,0.615,-7.153,-0.137,-1.069,-0.301,-0.404,0.891,-0.16,-0.275,-0.519,-0.274,-0.47,0.905,1.473,10.168,-1.198,0.261,0.051,0.842,-13.611,4.382,3.748,start
1780984895.0930645,-0.809,-0.191,0.555,2.771,-5.275,0.344,-0.654,-0.339,0.618,-2.802,-2.13,-1.137,-0.302,-0.398,0.883,2.214,-9.603,-4.275,-0.283,-0.451,0.947,-0.878,-0.977,-10.496,0.31,-0.041,0.556,-166.015,35.985,18.107,start
1780984895.201907,-0.821,-0.19,0.56,-0.168,3.893,-0.382,-0.648,-0.335,0.638,-6.824,-0.023,0.008,-0.285,-0.404,0.891,-1.496,-0.298,0.855,-0.249,-0.479,0.899,-0.282,3.389,1.107,0.192,-0.449,1.1,-83.908,22.977,-32.641,start
1780984895.3067076,-0.818,-0.184,0.57,-1.053,2.008,-1.771,-0.65,-0.329,0.632,-7.313,0.42,-1.015,-0.289,-0.405,0.893,-1.237,1.336,-0.519,-0.259,-0.474,0.897,-0.771,8.038,-1.771,0.181,-0.36,0.808,-5.618,3.84,-1.511,start
1780984895.4051955,-0.818,-0.194,0.564,-1.656,1.779,-1.824,-0.65,-0.335,0.633,-7.58,0.962,0.046,-0.295,-0.41,0.884,-0.962,1.214,0.748,-0.258,-0.482,0.892,1.221,7.008,0.069,0.189,-0.358,0.798,-2.084,2.763,-3.191,start
1780984895.5090294,-0.813,-0.187,0.573,-0.947,2.015,-0.542,-0.653,-0.33,0.627,-7.084,0.466,-0.275,-0.298,-0.406,0.89,-0.458,0.183,0.489,-0.254,-0.482,0.895,1.237,7.382,-0.809,0.191,-0.356,0.786,-2.672,0.84,-1.031,start
1780984895.6081152,-0.818,-0.189,0.567,-0.824,1.718,-0.557,-0.652,-0.332,0.629,-6.969,0.649,0.282,-0.296,-0.409,0.886,-0.779,1.412,0.313,-0.256,-0.484,0.897,1.748,6.916,0.137,0.194,-0.365,0.784,-1.031,3.313,-1.748,start
1780984895.7116034,-0.822,-0.186,0.566,-1.061,1.969,-0.924,-0.654,-0.333,0.622,-7.527,0.718,-1.099,-0.296,-0.404,0.887,-1.023,-0.458,-0.031,-0.254,-0.482,0.899,0.954,7.557,-0.519,0.185,-0.361,0.78,-2.328,1.527,0.374,start
1780984895.8214614,-0.814,-0.194,0.571,-1.954,3.137,-1.092,-0.654,-0.339,0.625,-7.901,1.008,-0.351,-0.297,-0.413,0.889,-0.908,0.809,0.595,-0.259,-0.486,0.892,2.069,6.435,-0.626,0.193,-0.364,0.785,-0.481,3.214,-0.802,start
1780984895.9169135,-0.818,-0.186,0.57,0.092,0.0,-0.244,-0.655,-0.334,0.627,-6.977,0.237,-0.672,-0.294,-0.404,0.883,-0.466,0.084,-0.275,-0.259,-0.486,0.896,1.298,8.069,-0.443,0.196,-0.367,0.783,-1.26,1.916,-0.397,start
1780984896.0220754,-0.82,-0.189,0.567,-0.588,1.84,0.313,-0.651,-0.328,0.629,-6.992,0.817,0.282,-0.292,-0.409,0.889,0.122,0.313,0.672,-0.255,-0.485,0.894,2.145,6.557,-0.29,0.201,-0.365,0.789,-1.267,3.687,-1.534,start
1780984896.1229901,-0.819,-0.187,0.573,-1.542,1.214,-1.489,-0.651,-0.336,0.629,-7.221,-0.153,-1.084,-0.295,-0.405,0.889,-0.794,-0.229,-0.008,-0.255,-0.481,0.89,1.252,7.985,-0.832,0.196,-0.37,0.788,-2.313,1.137,0.55,start
1780984898.8134882,-0.82,-0.19,0.563,-1.13,0.962,-1.26,-0.653,-0.339,0.624,-6.924,0.687,-0.275,-0.294,-0.406,0.882,-0.267,0.679,0.87,-0.257,-0.488,0.894,2.16,7.366,0.176,0.186,-0.369,0.785,-0.244,2.786,-0.26,start
1780984898.904415,-0.824,-0.188,0.566,-0.595,1.855,-0.947,-0.651,-0.33,0.625,-6.924,0.427,-0.336,-0.296,-0.409,0.888,-0.511,-0.191,0.076,-0.257,-0.483,0.897,1.382,7.947,-1.107,0.192,-0.373,0.788,-1.473,0.855,0.588,start
1780984899.0154116,-0.826,-0.193,0.563,-1.298,1.977,-1.015,-0.657,-0.338,0.623,-7.595,0.344,-0.695,-0.299,-0.408,0.882,-0.237,0.366,0.229,-0.256,-0.493,0.889,1.733,6.679,-0.16,0.186,-0.367,0.782,0.145,4.046,-0.443,start
1780984899.1102843,-0.821,-0.183,0.571,-0.443,0.74,-0.26,-0.654,-0.331,0.625,-6.664,0.351,-0.229,-0.291,-0.406,0.89,-0.382,0.092,-0.206,-0.26,-0.48,0.892,1.687,7.809,-1.023,0.192,-0.366,0.784,-1.176,0.618,0.191,start
1780984899.2131963,-0.82,-0.188,0.563,-0.534,1.603,-0.099,-0.654,-0.332,0.63,-6.565,-0.137,-0.267,-0.299,-0.404,0.89,0.031,-0.489,0.489,-0.256,-0.485,0.895,1.779,6.076,0.305,0.199,-0.409,0.83,2.366,3.435,-0.115,start
1780984899.3159637,-0.837,-0.184,0.556,-2.107,7.489,0.519,-0.66,-0.334,0.617,-7.397,-0.084,0.038,-0.3,-0.406,0.888,-0.267,2.13,0.176,-0.25,-0.486,0.908,2.351,5.802,1.382,0.301,-0.32,0.902,162.45,-40.939,20.45,start
1780984899.4301836,-0.833,-0.192,0.552,-5.191,9.122,0.847,-0.68,-0.347,0.593,-9.481,7.664,1.534,-0.306,-0.406,0.879,0.679,1.542,2.603,-0.295,-0.476,0.871,5.878,6.58,4.298,0.234,0.025,0.744,66.053,-0.832,-4.435,start
1780984899.5292356,-0.834,-0.186,0.541,-2.0,1.725,-0.405,-0.658,-0.335,0.61,-6.557,-0.237,0.031,-0.316,-0.401,0.88,1.336,-1.794,-0.557,-0.273,-0.463,0.903,4.099,4.992,-0.992,0.254,0.064,0.793,2.664,2.031,0.656,start
1780984899.631812,-0.832,-0.189,0.549,0.473,-3.046,-1.107,-0.656,-0.333,0.616,-5.527,-0.756,-1.198,-0.304,-0.402,0.882,0.473,-3.42,-1.58,-0.271,-0.469,0.896,2.336,4.763,-2.908,0.224,0.11,0.609,-50.87,6.74,-1.786,start
1780984899.734847,-0.796,-0.174,0.584,4.473,-14.382,-4.939,-0.643,-0.32,0.659,-6.244,-2.305,-3.244,-0.272,-0.408,0.899,-3.763,0.298,-1.573,-0.242,-0.474,0.903,-5.74,18.099,-3.244,0.303,-0.499,0.935,-236.237,55.802,-43.191,start
1780984899.8432457,-0.808,-0.189,0.564,-2.115,-0.527,-2.397,-0.657,-0.336,0.615,-7.366,4.565,-0.565,-0.288,-0.406,0.891,-0.939,2.45,0.756,-0.24,-0.485,0.904,-0.71,9.794,-0.344,0.169,-0.351,0.763,-2.427,-10.992,-1.313,start
1780984899.9377942,-0.818,-0.187,0.568,-0.664,2.053,-1.298,-0.654,-0.33,0.633,-7.122,0.908,-0.435,-0.292,-0.4,0.889,-0.664,-0.527,-0.42,-0.259,-0.479,0.893,0.58,6.992,-1.053,0.191,-0.377,0.783,-2.885,-0.374,0.092,start
1780984900.037227,-0.817,-0.184,0.573,-0.679,1.962,-0.565,-0.65,-0.331,0.634,-7.229,0.718,0.008,-0.292,-0.407,0.886,-0.458,1.282,0.527,-0.258,-0.484,0.893,1.511,7.527,0.244,0.201,-0.377,0.775,-0.656,3.519,-0.901,start
1780984900.152947,-0.824,-0.187,0.56,-1.183,1.0,-1.794,-0.65,-0.331,0.63,-7.176,0.214,-0.855,-0.294,-0.408,0.885,-1.122,-0.13,0.053,-0.258,-0.479,0.9,0.641,8.511,-1.527,0.193,-0.375,0.789,-2.748,0.733,0.542,start
1780984900.251556,-0.825,-0.19,0.563,-1.237,2.458,-0.763,-0.652,-0.336,0.629,-7.153,0.458,-0.359,-0.298,-0.408,0.886,-0.824,0.527,0.237,-0.257,-0.489,0.9,1.802,6.206,0.305,0.194,-0.372,0.782,0.42,4.061,-0.527,start
1780984900.3773863,-0.819,-0.192,0.569,-0.519,1.275,-1.092,-0.652,-0.329,0.627,-7.023,-0.046,-0.748,-0.295,-0.406,0.886,-0.351,-0.855,-0.702,-0.255,-0.485,0.897,1.542,6.389,-1.351,0.204,-0.379,0.784,-1.275,1.321,-0.145,start
1780984900.4491973,-0.816,-0.194,0.569,-0.031,1.168,0.397,-0.654,-0.336,0.622,-6.847,0.42,-0.084,-0.291,-0.413,0.88,-0.221,0.298,0.534,-0.255,-0.483,0.895,1.931,7.092,0.519,0.2,-0.377,0.777,0.053,3.901,-0.588,start
1780984900.5526407,-0.819,-0.187,0.563,-1.099,2.153,-1.023,-0.653,-0.332,0.625,-7.374,0.45,-0.969,-0.294,-0.408,0.883,-0.977,0.16,-0.305,-0.26,-0.481,0.902,1.16,7.221,-1.45,0.2,-0.376,0.79,-2.099,0.122,0.267,start
1780984900.6549628,-0.815,-0.191,0.563,-0.824,1.389,-0.527,-0.649,-0.332,0.622,-6.748,0.687,0.42,-0.295,-0.409,0.886,-0.26,0.496,0.435,-0.26,-0.484,0.891,1.992,6.115,0.023,0.203,-0.373,0.769,-0.046,3.466,-0.473,start
1780984900.7584293,-0.818,-0.19,0.564,-0.603,0.489,-0.992,-0.656,-0.331,0.618,-7.031,0.076,-0.687,-0.296,-0.407,0.893,-0.473,-0.069,0.427,-0.26,-0.488,0.895,1.481,7.031,-0.588,0.193,-0.379,0.783,-0.565,2.298,-0.16,start
1780984903.4473755,-0.818,-0.186,0.565,-0.382,1.702,-0.534,-0.652,-0.331,0.628,-7.183,0.611,-0.145,-0.302,-0.405,0.886,-0.031,-0.466,0.565,-0.265,-0.483,0.894,1.695,6.542,-1.252,0.206,-0.383,0.781,-1.252,1.221,0.229,start
1780984903.5394137,-0.82,-0.187,0.567,-0.718,1.527,-0.71,-0.651,-0.333,0.624,-7.168,0.588,-0.038,-0.299,-0.407,0.884,-0.55,0.771,0.031,-0.26,-0.487,0.893,1.733,7.053,0.473,0.2,-0.376,0.779,-0.176,3.443,-0.191,start
1780984903.6434004,-0.823,-0.184,0.566,-1.282,1.099,-1.824,-0.658,-0.333,0.631,-6.924,0.26,-0.725,-0.297,-0.406,0.89,-0.557,-1.023,-0.13,-0.26,-0.486,0.893,1.542,7.656,-1.427,0.203,-0.377,0.778,-1.679,0.099,0.374,start
1780984903.746137,-0.821,-0.191,0.561,-1.084,2.313,-1.145,-0.654,-0.337,0.623,-7.344,0.672,-0.084,-0.296,-0.411,0.88,-0.534,0.87,0.802,-0.255,-0.492,0.889,2.458,7.16,0.855,0.191,-0.381,0.774,0.702,5.038,-0.534,start
1780984903.8482413,-0.824,-0.183,0.561,-0.153,1.122,0.061,-0.656,-0.329,0.628,-6.588,-0.038,-0.977,-0.294,-0.405,0.887,-0.527,-1.756,-0.962,-0.256,-0.485,0.897,1.107,7.176,-1.176,0.198,-0.385,0.776,-0.824,0.832,0.595,start
1780984903.9511762,-0.828,-0.188,0.562,-0.45,2.626,0.389,-0.657,-0.333,0.623,-6.496,0.641,0.427,-0.298,-0.406,0.888,0.061,-0.313,0.206,-0.256,-0.481,0.898,1.763,5.443,-0.412,0.206,-0.388,0.781,0.771,5.427,-0.16,start
1780984904.0574827,-0.826,-0.189,0.564,-1.992,12.634,2.153,-0.66,-0.327,0.626,-9.794,4.015,0.214,-0.294,-0.407,0.885,-1.695,6.42,3.511,-0.394,-0.494,1.022,4.885,10.878,6.534,0.256,-0.156,0.591,162.13,-39.672,22.053,start
1780984904.1574337,-0.833,-0.186,0.551,-4.527,2.855,-0.87,-0.652,-0.332,0.625,-8.718,-3.595,0.542,-0.307,-0.398,0.886,0.053,2.405,2.053,-0.269,-0.468,0.9,3.855,7.779,1.832,0.253,0.025,0.755,48.611,3.924,20.756,start
1780984904.2699943,-0.816,-0.198,0.519,-0.237,2.298,0.084,-0.65,-0.339,0.625,-8.519,-0.145,-1.061,-0.302,-0.402,0.888,-0.969,0.542,0.603,-0.27,-0.468,0.902,2.511,7.168,1.305,0.263,0.055,0.808,9.649,2.237,0.076,start
1780984904.3639493,-0.834,-0.191,0.541,0.473,-0.336,-0.267,-0.659,-0.333,0.621,-5.573,-0.275,-0.649,-0.308,-0.401,0.884,0.489,-3.282,-1.0,-0.266,-0.467,0.887,1.817,6.053,-3.466,0.185,0.152,0.604,-51.573,9.687,2.305,start
1780984904.4664104,-0.822,-0.179,0.578,6.58,-17.351,-5.504,-0.632,-0.333,0.653,-2.557,-2.466,-3.718,-0.264,-0.405,0.906,-1.053,-5.015,-3.481,-0.236,-0.485,0.905,-9.855,14.443,-6.557,0.279,-0.466,0.921,-240.954,50.168,-72.0,start
1780984904.5697575,-0.848,-0.18,0.557,0.176,-0.656,0.374,-0.649,-0.329,0.632,-6.183,3.153,-0.687,-0.288,-0.412,0.896,-0.534,-3.649,-0.153,-0.251,-0.485,0.897,2.015,1.267,-1.496,0.148,-0.341,0.758,4.977,4.985,0.748,start
1780984904.681132,-0.819,-0.182,0.572,-0.565,1.45,-1.603,-0.648,-0.328,0.636,-7.015,0.618,-0.336,-0.29,-0.401,0.887,-0.534,-0.435,0.473,-0.258,-0.484,0.897,1.321,6.481,-0.527,0.184,-0.366,0.79,-0.229,1.924,-0.443,start
1780984904.7756333,-0.82,-0.18,0.562,-0.496,0.939,-0.74,-0.65,-0.33,0.63,-6.786,0.26,-0.435,-0.296,-0.404,0.885,-0.206,-0.496,0.359,-0.258,-0.482,0.902,1.603,7.504,-0.053,0.183,-0.36,0.79,-1.511,0.405,0.305,start
1780984904.8786569,-0.816,-0.187,0.569,-1.55,2.908,-1.55,-0.651,-0.326,0.627,-7.481,0.45,-0.092,-0.295,-0.404,0.888,-0.496,0.473,0.015,-0.258,-0.484,0.889,1.504,7.168,-0.359,0.187,-0.368,0.79,-0.405,2.855,-0.107,start
1780984904.9889247,-0.82,-0.187,0.568,-0.695,1.603,-0.779,-0.656,-0.328,0.631,-6.908,0.023,-0.519,-0.297,-0.403,0.887,-0.481,-0.153,-0.427,-0.257,-0.483,0.894,1.527,6.076,-0.863,0.182,-0.376,0.793,-1.954,-0.198,-1.679,start
1780984905.0845165,-0.817,-0.188,0.569,-1.603,0.42,-2.076,-0.651,-0.333,0.63,-7.565,0.16,-1.313,-0.293,-0.4,0.895,-1.206,-0.687,-0.252,-0.247,-0.479,0.902,1.229,7.489,-1.511,0.187,-0.373,0.787,-2.786,0.122,-1.145,start
1780984905.1978762,-0.821,-0.19,0.562,0.305,1.122,-0.374,-0.651,-0.33,0.632,-6.374,0.099,-0.916,-0.289,-0.404,0.882,-0.931,-0.611,-1.0,-0.253,-0.484,0.896,0.55,6.405,-1.382,0.196,-0.374,0.788,-2.435,-0.542,-1.824,start
1780984905.2993426,-0.817,-0.19,0.566,0.366,1.252,0.473,-0.655,-0.332,0.627,-6.557,0.565,-0.076,-0.293,-0.406,0.888,-0.397,-0.687,-0.168,-0.254,-0.486,0.898,1.511,6.099,-0.687,0.2,-0.374,0.784,-1.817,0.031,-1.458,start
1780984905.3937755,-0.82,-0.183,0.569,-2.603,1.542,-1.534,-0.649,-0.332,0.629,-7.275,0.336,-1.115,-0.288,-0.404,0.889,-0.977,0.939,0.153,-0.25,-0.484,0.897,1.542,7.786,-0.374,0.204,-0.378,0.787,-0.878,2.908,-0.275,start
1780984908.0754025,-0.821,-0.185,0.566,-1.756,2.244,-0.328,-0.651,-0.332,0.631,-7.55,1.023,0.122,-0.293,-0.404,0.885,-0.595,0.947,1.038,-0.256,-0.49,0.891,1.466,8.198,-0.313,0.195,-0.379,0.777,-0.672,2.71,0.092,start
1780984908.174665,-0.82,-0.191,0.566,-1.099,0.969,-1.496,-0.654,-0.332,0.631,-7.0,-0.122,-0.939,-0.295,-0.406,0.893,-0.481,-0.878,-0.16,-0.257,-0.487,0.891,1.809,7.26,-0.664,0.199,-0.376,0.786,-0.763,2.076,-0.061,start
1780984908.2798042,-0.821,-0.192,0.567,-1.107,1.779,-0.878,-0.656,-0.33,0.626,-7.374,0.221,-0.26,-0.293,-0.408,0.894,-0.435,0.458,-0.374,-0.256,-0.492,0.896,1.939,6.656,-1.046,0.203,-0.378,0.781,-0.656,1.634,0.282,start
1780984908.380529,-0.82,-0.193,0.565,-0.351,1.58,-0.26,-0.653,-0.331,0.62,-6.565,-0.153,-0.321,-0.292,-0.402,0.886,-0.374,-0.748,0.405,-0.252,-0.488,0.894,1.947,5.931,-0.382,0.199,-0.379,0.79,0.031,3.405,-0.176,start
1780984908.4870758,-0.821,-0.185,0.557,-0.557,0.931,-0.786,-0.648,-0.332,0.634,-7.076,0.015,-0.374,-0.298,-0.405,0.887,-0.588,0.786,-0.023,-0.26,-0.484,0.893,1.695,7.771,-0.58,0.202,-0.374,0.787,-1.359,1.122,-0.023,start
1780984908.5868862,-0.819,-0.193,0.569,-1.382,1.588,-1.321,-0.657,-0.332,0.622,-7.031,0.466,-0.992,-0.294,-0.407,0.889,-0.618,0.145,-0.473,-0.256,-0.495,0.896,1.916,7.015,-0.527,0.198,-0.379,0.786,-0.809,2.244,-0.16,start
1780984908.6951613,-0.814,-0.177,0.565,-2.771,1.511,-2.145,-0.658,-0.332,0.629,-5.336,-1.954,0.901,-0.288,-0.408,0.896,-0.763,1.229,0.366,-0.23,-0.466,0.913,5.321,15.069,7.511,0.042,-0.225,0.519,240.595,-84.702,53.763,start
1780984908.7939434,-0.835,-0.191,0.55,-3.977,13.87,2.664,-0.663,-0.332,0.619,-10.015,4.206,1.718,-0.289,-0.404,0.9,1.252,1.687,2.817,-0.266,-0.456,0.91,11.374,5.069,8.015,0.266,0.013,0.724,67.153,-3.931,3.473,start
1780984908.8957794,-0.83,-0.19,0.541,-2.802,2.992,-1.145,-0.659,-0.331,0.615,-8.924,0.313,-0.046,-0.306,-0.4,0.884,-1.832,1.588,0.466,-0.283,-0.458,0.905,1.229,8.443,1.389,0.273,0.061,0.785,14.573,2.305,-2.008,start
1780984909.0116317,-0.824,-0.188,0.551,-0.679,-0.344,-0.473,-0.659,-0.328,0.62,-6.87,0.71,-0.336,-0.316,-0.398,0.885,-0.359,1.718,-0.565,-0.298,-0.449,0.928,-2.145,8.168,-3.229,0.239,0.103,0.715,-23.573,3.725,-3.618,start
1780984909.1024292,-0.839,-0.187,0.555,7.969,-22.794,-5.824,-0.658,-0.332,0.628,0.748,-7.427,-4.412,-0.28,-0.404,0.893,1.168,-15.687,-6.58,-0.219,-0.481,0.913,-8.634,-1.527,-9.893,0.346,-0.545,0.943,-250.137,47.817,-54.252,start
1780984909.2045352,-0.842,-0.18,0.565,-1.939,0.031,-0.748,-0.654,-0.333,0.615,-6.809,2.122,-0.878,-0.294,-0.404,0.889,-1.511,-1.458,-0.702,-0.255,-0.48,0.91,0.878,3.16,-1.412,0.128,-0.334,0.739,2.718,-5.26,0.092,start
1780984909.3202343,-0.822,-0.18,0.575,-0.519,2.55,-0.672,-0.651,-0.33,0.621,-7.008,0.916,-0.931,-0.295,-0.406,0.884,-0.634,-0.977,-0.504,-0.261,-0.484,0.897,0.359,6.405,-1.779,0.191,-0.375,0.788,-0.84,0.878,-0.015,start
1780984909.4107187,-0.82,-0.189,0.561,-0.42,0.824,0.466,-0.656,-0.328,0.619,-6.962,0.802,0.237,-0.297,-0.409,0.89,-0.443,0.321,0.405,-0.26,-0.485,0.899,1.389,7.13,-0.176,0.184,-0.371,0.792,-1.153,1.603,-0.695,start
1780984909.5265944,-0.823,-0.19,0.564,-0.786,1.58,-0.176,-0.653,-0.331,0.629,-6.397,0.16,-0.374,-0.293,-0.408,0.882,0.0,-0.221,0.214,-0.259,-0.482,0.894,1.779,6.084,-0.137,0.195,-0.377,0.786,-1.122,1.916,-1.443,start
1780984909.6316137,-0.821,-0.182,0.561,-0.947,1.641,-0.832,-0.655,-0.329,0.627,-7.221,0.237,-0.641,-0.301,-0.403,0.885,-0.588,0.023,-0.405,-0.258,-0.486,0.901,1.267,7.847,-0.763,0.186,-0.382,0.786,-1.763,1.321,-0.42,start
1780984909.721141,-0.818,-0.184,0.568,-0.588,1.74,-1.153,-0.653,-0.333,0.627,-7.382,0.16,-0.969,-0.298,-0.41,0.887,-0.832,0.527,-0.198,-0.26,-0.485,0.896,1.466,6.992,-0.534,0.195,-0.378,0.779,-0.634,2.74,-0.168,start
1780984909.82907,-0.82,-0.185,0.561,-0.328,1.107,-0.206,-0.653,-0.333,0.623,-6.603,0.046,-0.237,-0.298,-0.406,0.888,-0.023,-0.679,0.298,-0.254,-0.482,0.897,1.962,5.786,-0.847,0.19,-0.371,0.782,-0.916,1.817,-0.458,start
1780984909.9311,-0.816,-0.187,0.566,0.069,0.847,-0.237,-0.653,-0.332,0.63,-6.611,0.626,-0.153,-0.296,-0.407,0.879,0.061,0.458,0.038,-0.258,-0.488,0.895,1.656,6.939,0.473,0.193,-0.379,0.783,0.153,4.374,-0.45,start
1780984912.7070434,-0.824,-0.187,0.56,-1.069,3.412,-0.244,-0.658,-0.331,0.622,-7.122,0.527,-0.282,-0.297,-0.406,0.885,-0.313,0.221,0.153,-0.261,-0.482,0.894,1.489,7.336,0.618,0.196,-0.375,0.78,-0.603,2.008,-0.031,start
1780984912.809977,-0.82,-0.192,0.563,-1.672,2.0,-0.855,-0.657,-0.333,0.618,-7.519,0.252,-0.191,-0.299,-0.406,0.883,-0.847,0.931,0.092,-0.262,-0.486,0.89,1.344,7.779,-1.183,0.193,-0.376,0.778,-1.427,0.695,0.221,start
1780984912.9248366,-0.819,-0.185,0.57,-0.13,1.55,-0.298,-0.653,-0.333,0.627,-6.756,0.672,-0.267,-0.294,-0.407,0.884,0.046,-0.519,0.221,-0.26,-0.485,0.901,1.885,6.656,-0.527,0.188,-0.379,0.785,-0.626,2.489,-0.252,start
1780984913.0264573,-0.823,-0.185,0.556,-0.55,0.924,-0.756,-0.656,-0.334,0.62,-6.855,0.336,-0.527,-0.294,-0.406,0.893,-0.473,0.275,-0.069,-0.258,-0.488,0.894,1.702,7.198,-0.542,0.197,-0.384,0.782,-0.511,2.229,-0.267,start
1780984913.1189167,-0.823,-0.187,0.56,-0.641,1.0,-0.351,-0.654,-0.332,0.619,-6.947,0.313,-0.176,-0.298,-0.407,0.887,-0.153,-0.626,-0.115,-0.261,-0.491,0.899,1.473,7.038,-0.29,0.198,-0.376,0.777,-0.557,2.412,0.466,start
1780984913.231804,-0.822,-0.185,0.56,-0.802,2.58,-1.122,-0.654,-0.333,0.622,-7.298,0.168,-0.55,-0.301,-0.41,0.888,-0.565,0.42,0.298,-0.261,-0.485,0.892,1.893,6.473,0.092,0.194,-0.377,0.784,-0.267,2.626,0.13,start
1780984913.3364322,-0.823,-0.185,0.562,-0.389,1.374,-0.389,-0.657,-0.331,0.622,-6.939,0.26,-0.344,-0.299,-0.406,0.887,-0.595,0.031,0.237,-0.26,-0.485,0.899,1.695,7.053,-0.557,0.185,-0.379,0.788,0.191,2.771,-0.389,start
1780984913.4278615,-0.801,-0.187,0.58,-3.29,2.656,-0.481,-0.659,-0.336,0.629,-8.153,2.573,1.214,-0.306,-0.403,0.88,0.374,3.427,1.267,-0.263,-0.483,0.889,3.176,7.748,1.313,0.227,-0.371,0.991,103.725,-46.122,31.267,start
1780984913.5310082,-0.855,-0.183,0.539,-7.71,12.878,1.557,-0.655,-0.331,0.608,-11.481,2.878,2.176,-0.319,-0.404,0.878,-1.198,6.611,4.542,-0.272,-0.478,0.876,7.191,11.863,7.481,0.218,-0.007,0.732,86.473,-17.053,-4.756,start
1780984913.6341305,-0.838,-0.188,0.543,-3.389,7.221,1.405,-0.659,-0.333,0.611,-8.695,1.206,1.176,-0.311,-0.402,0.879,0.252,3.473,3.244,-0.282,-0.465,0.9,3.901,7.992,4.443,0.247,0.05,0.83,32.71,-0.107,1.832,start
1780984913.7464998,-0.835,-0.184,0.533,-1.344,1.282,-0.427,-0.661,-0.333,0.609,-7.221,-0.679,-0.389,-0.324,-0.403,0.873,-0.527,-0.534,-0.191,-0.283,-0.475,0.897,1.748,11.634,-0.443,0.27,0.075,0.829,-4.427,1.58,-0.16,start
1780984913.8471453,-0.833,-0.185,0.54,0.099,-1.214,-1.145,-0.664,-0.331,0.617,-6.046,-0.74,-0.42,-0.321,-0.397,0.878,0.405,-2.557,-1.359,-0.284,-0.463,0.898,2.107,7.435,-2.489,0.214,0.15,0.632,-44.191,6.84,0.084,start
1780984913.9438527,-0.817,-0.18,0.579,7.565,-19.481,-6.969,-0.656,-0.323,0.628,-2.679,-6.519,-5.0,-0.283,-0.405,0.897,-1.015,-10.183,-4.924,-0.215,-0.406,0.877,4.489,6.191,0.573,0.281,-0.518,0.918,-250.137,58.519,-55.267,start
1780984914.0459685,-0.831,-0.185,0.56,-0.573,0.756,0.053,-0.659,-0.333,0.611,-6.794,3.061,-0.13,-0.293,-0.407,0.893,-0.618,0.0,-0.42,-0.253,-0.474,0.914,0.412,5.115,-0.855,0.123,-0.326,0.744,-1.542,-11.618,-0.695,start
1780984914.15225,-0.817,-0.184,0.56,-0.985,3.679,-1.214,-0.653,-0.335,0.62,-7.443,1.305,-0.824,-0.299,-0.412,0.879,-0.145,-0.145,-0.214,-0.268,-0.483,0.894,1.443,5.84,-0.74,0.18,-0.365,0.794,-0.893,0.282,-0.359,start
1780984914.2617924,-0.823,-0.184,0.565,-0.412,1.183,0.313,-0.655,-0.33,0.63,-6.634,1.084,0.183,-0.296,-0.401,0.887,-0.427,0.939,0.397,-0.262,-0.473,0.898,1.397,7.031,-0.229,0.18,-0.357,0.784,-0.412,1.916,-0.252,start
1780984914.3617005,-0.822,-0.183,0.564,-1.42,1.786,-1.962,-0.65,-0.334,0.62,-7.16,-0.267,-1.336,-0.299,-0.41,0.887,-0.962,-0.282,-0.16,-0.261,-0.485,0.893,0.756,7.221,-1.42,0.181,-0.365,0.796,-1.053,1.626,0.344,start
1780984914.4582348,-0.818,-0.188,0.567,-0.885,1.382,-0.099,-0.653,-0.324,0.629,-6.458,0.916,0.26,-0.299,-0.406,0.883,0.046,0.42,-0.405,-0.264,-0.482,0.899,2.107,6.145,-0.427,0.182,-0.365,0.779,-1.313,0.947,-1.282,start
1780984914.5608475,-0.82,-0.189,0.562,-1.031,1.122,-0.786,-0.655,-0.333,0.625,-7.13,0.031,-0.237,-0.296,-0.406,0.885,-0.267,-1.076,0.061,-0.261,-0.479,0.893,1.779,6.427,-0.87,0.187,-0.368,0.786,-1.641,0.893,-1.817,start
1780984917.35085,-0.817,-0.181,0.574,-1.351,1.221,-1.183,-0.66,-0.326,0.626,-7.198,0.412,-0.519,-0.299,-0.404,0.885,-0.534,0.641,-0.435,-0.26,-0.478,0.892,1.771,7.611,-0.336,0.188,-0.37,0.791,-0.611,2.756,0.275,start
1780984917.4453447,-0.818,-0.185,0.56,-0.962,0.618,-0.985,-0.652,-0.331,0.631,-7.756,0.527,-0.901,-0.296,-0.407,0.885,-0.87,0.168,-0.16,-0.26,-0.482,0.894,1.397,7.893,-0.534,0.192,-0.377,0.784,-0.351,3.557,0.237,start
1780984917.5591104,-0.823,-0.185,0.565,-0.267,1.069,0.298,-0.656,-0.332,0.624,-6.557,0.511,-0.489,-0.298,-0.405,0.886,-0.252,0.26,0.267,-0.265,-0.481,0.9,1.786,6.786,-0.542,0.191,-0.379,0.781,-0.649,1.45,-0.328,start
1780984917.6610913,-0.824,-0.185,0.562,-0.458,1.389,-0.038,-0.655,-0.333,0.628,-6.176,0.595,-0.076,-0.296,-0.411,0.886,0.443,0.107,-0.008,-0.258,-0.481,0.896,2.229,6.504,-0.321,0.19,-0.377,0.784,0.282,3.809,-0.504,start
1780984917.7545834,-0.823,-0.183,0.561,-1.595,1.443,-1.198,-0.654,-0.328,0.626,-7.305,0.282,-0.725,-0.299,-0.409,0.885,-1.214,0.031,-0.893,-0.265,-0.479,0.9,1.473,7.786,-1.511,0.193,-0.376,0.783,-1.855,-0.214,0.718,start
1780984917.8578403,-0.823,-0.19,0.562,-1.076,1.58,-0.389,-0.652,-0.335,0.628,-6.931,0.427,0.206,-0.299,-0.412,0.881,-0.198,0.511,0.794,-0.261,-0.481,0.897,1.885,6.977,0.046,0.188,-0.373,0.783,-0.771,1.878,-0.053,start
1780984917.9686854,-0.821,-0.187,0.564,-0.985,0.412,-1.275,-0.656,-0.336,0.623,-6.786,-0.252,-0.534,-0.296,-0.406,0.882,0.092,-0.573,0.359,-0.26,-0.483,0.892,1.893,7.176,-0.58,0.196,-0.378,0.786,-0.13,2.817,-0.366,start
1780984918.063241,-0.824,-0.186,0.56,-0.29,2.008,0.771,-0.659,-0.33,0.621,-7.069,0.748,-0.176,-0.295,-0.403,0.886,-0.473,0.748,-0.008,-0.26,-0.481,0.899,1.489,6.954,-0.26,0.191,-0.376,0.791,-0.29,2.893,0.092,start
1780984918.1797893,-0.819,-0.186,0.562,-1.107,1.573,-1.328,-0.654,-0.328,0.63,-7.496,-0.214,-1.321,-0.295,-0.41,0.886,-1.214,-0.069,-0.443,-0.258,-0.487,0.897,1.313,7.603,-1.115,0.192,-0.38,0.792,-0.985,1.947,0.626,start
1780984918.2689764,-0.814,-0.187,0.566,-0.466,1.351,-0.137,-0.66,-0.331,0.622,-6.267,0.298,-0.099,-0.297,-0.404,0.885,-0.13,0.336,0.45,-0.266,-0.487,0.887,2.183,6.061,-0.756,0.189,-0.376,0.78,-0.313,2.092,-0.817,start
1780984918.3976789,-0.823,-0.188,0.571,-1.13,1.634,-0.557,-0.656,-0.333,0.622,-7.023,0.244,-0.206,-0.299,-0.408,0.886,-0.115,-0.389,0.069,-0.259,-0.486,0.899,2.489,6.611,0.031,0.186,-0.377,0.781,-0.489,1.267,-0.588,start
1780984918.490222,-0.834,-0.179,0.566,0.519,-0.046,-0.924,-0.646,-0.326,0.634,-7.74,1.649,0.29,-0.289,-0.409,0.884,0.634,0.74,1.649,-0.261,-0.487,0.898,1.87,12.298,0.473,0.228,-0.39,0.862,154.359,-40.924,40.481,start
1780984918.588156,-0.834,-0.184,0.556,-5.962,16.641,1.954,-0.661,-0.335,0.598,-12.55,4.656,3.458,-0.313,-0.404,0.884,0.26,8.0,7.031,-0.265,-0.464,0.903,8.382,12.176,10.779,0.215,0.018,0.7,96.382,-3.137,-9.153,start
1780984918.6936839,-0.841,-0.179,0.536,-2.969,6.466,0.603,-0.673,-0.332,0.602,-8.359,0.092,0.282,-0.32,-0.403,0.88,-0.275,2.557,1.435,-0.288,-0.471,0.893,1.863,6.809,1.534,0.277,0.063,0.81,29.313,3.29,1.275,start
1780984918.7846994,-0.832,-0.183,0.526,-1.954,2.87,0.405,-0.676,-0.324,0.598,-8.237,-0.275,0.863,-0.325,-0.399,0.879,-0.344,4.687,1.771,-0.28,-0.478,0.897,2.244,4.374,3.221,0.242,0.089,0.825,8.313,4.008,-1.901,start
1780984918.8882165,-0.841,-0.18,0.526,-0.328,-1.015,-1.809,-0.669,-0.326,0.602,-6.397,-0.649,-1.427,-0.326,-0.396,0.879,-1.328,-2.435,-1.206,-0.286,-0.473,0.889,0.534,7.466,-1.008,0.243,0.107,0.792,-7.427,2.588,-1.351,start
1780984919.0027761,-0.856,-0.192,0.516,6.489,-18.405,-2.725,-0.677,-0.335,0.616,4.321,-9.74,-4.221,-0.323,-0.401,0.881,2.427,-23.542,-12.046,-0.239,-0.513,0.921,4.992,-7.756,-18.557,0.278,-0.219,0.673,-219.099,52.985,13.305,start
1780984919.0942383,-0.822,-0.185,0.562,3.481,-6.832,-4.099,-0.668,-0.325,0.613,-3.962,-3.053,-4.802,-0.26,-0.428,0.872,3.344,-6.13,-1.29,-0.26,-0.463,0.914,-7.534,23.023,-3.344,0.357,-0.481,0.91,27.069,44.069,3.733,start
1780984919.1959774,-0.81,-0.182,0.569,-0.198,1.924,0.634,-0.654,-0.331,0.62,-7.115,0.336,0.389,-0.296,-0.402,0.885,-1.053,0.71,0.443,-0.259,-0.49,0.896,1.412,6.321,0.412,0.191,-0.363,0.793,-1.588,2.069,-1.023,start
1780984921.9778109,-0.821,-0.187,0.562,-1.389,1.947,-1.573,-0.655,-0.33,0.63,-7.176,0.511,-0.672,-0.3,-0.408,0.884,-0.595,0.137,0.122,-0.265,-0.489,0.886,1.366,7.359,0.031,0.183,-0.38,0.788,-1.13,1.779,0.298,start
1780984922.0937924,-0.822,-0.187,0.562,-1.702,0.977,-2.153,-0.661,-0.337,0.618,-7.168,0.26,-0.511,-0.3,-0.407,0.885,-0.817,-0.679,-0.351,-0.262,-0.489,0.892,1.458,7.282,-0.496,0.195,-0.381,0.781,-0.489,3.267,0.87,start
1780984922.1942794,-0.82,-0.183,0.559,-0.206,1.618,-0.176,-0.657,-0.331,0.616,-6.679,0.267,-0.321,-0.306,-0.406,0.883,-0.458,0.084,-0.595,-0.26,-0.494,0.885,1.779,6.229,-1.542,0.187,-0.381,0.781,-1.328,-0.672,0.191,start
1780984922.286635,-0.819,-0.189,0.562,-0.702,1.611,-0.71,-0.651,-0.333,0.627,-6.74,0.496,0.137,-0.297,-0.406,0.889,-0.466,0.244,0.641,-0.269,-0.493,0.886,2.076,6.985,-0.107,0.187,-0.376,0.782,0.061,3.176,-0.588,start
1780984922.3894522,-0.822,-0.179,0.559,-0.809,1.718,-0.519,-0.658,-0.33,0.619,-7.038,0.443,-0.176,-0.302,-0.407,0.89,-0.565,0.427,0.275,-0.264,-0.489,0.896,1.84,7.405,-1.061,0.191,-0.376,0.786,-1.366,1.206,0.534,start
1780984922.4927092,-0.82,-0.189,0.564,-1.855,1.305,-2.191,-0.657,-0.331,0.627,-7.74,0.58,-0.542,-0.296,-0.412,0.886,-0.939,0.565,0.153,-0.266,-0.494,0.888,1.618,8.092,0.221,0.193,-0.387,0.78,-0.145,3.626,0.221,start
1780984922.6010196,-0.822,-0.182,0.565,-0.198,1.137,-0.847,-0.658,-0.331,0.627,-6.855,0.031,-0.008,-0.302,-0.402,0.887,-0.115,-0.061,-0.229,-0.266,-0.49,0.887,1.748,7.115,-1.176,0.193,-0.385,0.787,-0.557,1.84,-0.221,start
1780984922.6999726,-0.825,-0.182,0.564,-0.305,0.481,-0.641,-0.655,-0.333,0.621,-6.901,0.389,-0.198,-0.298,-0.401,0.89,0.176,0.351,0.916,-0.263,-0.497,0.889,2.092,7.0,0.466,0.19,-0.373,0.79,0.527,4.626,-0.947,start
1780984922.8015501,-0.821,-0.185,0.566,-2.084,1.809,-1.947,-0.656,-0.33,0.627,-7.748,0.985,-0.344,-0.297,-0.407,0.885,-1.313,0.489,0.969,-0.258,-0.488,0.882,2.687,9.603,0.046,0.112,-0.811,1.818,112.992,-35.771,50.992,start
1780984922.910328,-0.831,-0.183,0.548,-5.298,5.496,-0.26,-0.644,-0.333,0.629,-10.954,3.519,2.023,-0.295,-0.413,0.868,1.649,7.45,4.763,-0.272,-0.472,0.897,10.168,27.351,10.947,0.206,-0.056,0.734,136.176,-7.992,-7.092,start
1780984923.0107458,-0.831,-0.187,0.546,-1.74,1.168,-2.16,-0.661,-0.335,0.615,-7.992,-0.13,-1.527,-0.375,-0.401,0.804,4.695,5.42,-0.855,-0.289,-0.472,0.91,3.45,10.328,1.313,0.266,0.059,0.821,24.725,0.824,1.817,start
1780984923.1105418,-0.837,-0.185,0.541,-1.122,2.908,1.298,-0.661,-0.334,0.619,-7.397,2.344,1.366,-0.319,-0.4,0.879,-0.237,3.275,1.618,-0.299,-0.467,0.897,0.359,10.046,-0.137,0.255,0.086,0.81,-0.55,3.29,-0.534,start
1780984923.2231722,-0.833,-0.182,0.543,-1.282,-0.351,-3.122,-0.661,-0.33,0.619,-7.252,-0.489,-1.344,-0.314,-0.407,0.872,-1.145,-0.374,-1.168,-0.294,-0.471,0.894,-0.069,10.084,-3.664,0.261,0.078,0.794,-18.305,2.832,-2.244,start
1780984923.3229325,-0.848,-0.192,0.539,8.855,-17.145,-1.099,-0.67,-0.33,0.608,2.305,-7.031,-3.542,-0.31,-0.408,0.884,2.756,-18.267,-9.534,-0.264,-0.487,0.88,-0.458,-10.809,-15.611,0.313,-0.317,0.662,-248.885,51.557,-33.756,start
1780984923.4300892,-0.803,-0.182,0.602,-1.053,-2.802,-2.061,-0.65,-0.334,0.626,-8.351,10.756,0.443,-0.333,-0.407,0.881,-0.824,4.13,-0.573,-0.258,-0.476,0.866,4.0,5.466,-0.443,0.085,-0.3,0.725,-26.901,-6.351,-2.763,start
1780984923.5286157,-0.826,-0.186,0.563,-0.634,1.466,-0.435,-0.658,-0.333,0.623,-6.565,0.779,0.206,-0.292,-0.408,0.888,-0.252,0.924,0.756,-0.264,-0.482,0.905,1.718,5.153,0.58,0.187,-0.37,0.78,-1.672,3.931,-0.061,start
1780984923.6314018,-0.825,-0.186,0.56,-2.038,1.435,-2.145,-0.656,-0.332,0.627,-7.374,0.076,-1.58,-0.293,-0.409,0.881,-1.87,0.672,-0.847,-0.266,-0.485,0.892,-0.122,8.107,-1.405,0.181,-0.379,0.784,-2.344,1.42,0.855,start
1780984923.7312486,-0.826,-0.191,0.558,-0.176,1.634,0.626,-0.654,-0.334,0.622,-6.58,0.359,0.053,-0.298,-0.408,0.891,0.099,0.756,0.618,-0.269,-0.489,0.885,1.977,4.397,-0.244,0.19,-0.374,0.786,-0.84,1.565,-1.313,start
1780984923.8419425,-0.817,-0.184,0.559,-1.282,1.107,-1.038,-0.652,-0.336,0.624,-6.977,0.588,-0.359,-0.296,-0.407,0.885,-0.855,0.443,0.611,-0.26,-0.49,0.891,0.969,6.977,0.115,0.181,-0.372,0.781,-0.595,2.916,-1.634,start
1780984926.5283864,-0.824,-0.185,0.554,-0.916,1.573,-0.718,-0.662,-0.337,0.62,-6.947,0.443,-0.221,-0.3,-0.408,0.888,-0.221,-0.42,0.061,-0.266,-0.491,0.885,2.008,5.733,-1.16,0.187,-0.379,0.781,-0.954,1.015,-0.229,start
1780984926.6223178,-0.819,-0.184,0.562,-0.885,1.183,-0.641,-0.656,-0.328,0.619,-6.817,0.176,-0.58,-0.301,-0.412,0.883,-0.611,0.695,0.893,-0.269,-0.492,0.882,2.053,7.099,0.603,0.194,-0.386,0.776,-0.046,3.382,-0.412,start
1780984926.7280378,-0.822,-0.182,0.566,-0.725,1.573,-1.611,-0.658,-0.333,0.622,-7.145,0.298,-0.824,-0.298,-0.409,0.888,-0.427,0.153,-0.229,-0.27,-0.485,0.885,1.198,7.84,-1.137,0.185,-0.379,0.781,-1.496,1.198,0.74,start
1780984926.8190238,-0.825,-0.189,0.559,-1.16,2.618,-0.992,-0.657,-0.338,0.623,-7.275,0.74,0.153,-0.298,-0.412,0.881,-0.191,1.145,0.916,-0.272,-0.491,0.892,1.87,7.534,0.977,0.189,-0.377,0.784,0.267,4.573,0.053,start
1780984926.9264586,-0.826,-0.186,0.551,-0.947,1.336,-1.412,-0.654,-0.335,0.615,-6.626,-0.061,-0.298,-0.298,-0.416,0.887,0.046,-0.962,0.267,-0.265,-0.493,0.888,1.504,6.42,-0.382,0.194,-0.383,0.781,-0.29,1.901,-0.275,start
1780984927.0262244,-0.822,-0.183,0.559,-0.817,2.427,-0.023,-0.658,-0.335,0.619,-6.992,0.618,-0.137,-0.304,-0.406,0.889,-0.275,0.71,0.588,-0.266,-0.487,0.892,2.214,6.458,-0.359,0.188,-0.377,0.784,-0.351,2.412,-0.511,start
1780984927.1274939,-0.827,-0.185,0.556,-1.237,0.809,-2.351,-0.655,-0.333,0.622,-7.267,0.183,-1.076,-0.301,-0.412,0.883,-1.046,-0.397,-0.916,-0.263,-0.49,0.889,1.573,7.275,-1.107,0.192,-0.386,0.785,-1.305,1.55,0.504,start
1780984927.2352638,-0.825,-0.189,0.556,-1.206,1.656,-0.855,-0.66,-0.333,0.625,-6.817,0.748,0.374,-0.306,-0.409,0.879,-0.305,0.389,0.504,-0.264,-0.491,0.883,1.924,6.611,-0.473,0.186,-0.381,0.773,-0.656,2.038,-0.481,start
1780984927.3343713,-0.825,-0.186,0.559,-0.321,1.466,-0.931,-0.656,-0.335,0.618,-6.763,0.275,-0.015,-0.298,-0.408,0.88,0.076,0.565,1.0,-0.266,-0.487,0.892,2.015,6.565,-0.641,0.186,-0.382,0.774,-0.718,2.573,-0.412,start
1780984927.4369853,-0.826,-0.188,0.56,-0.794,1.321,-0.542,-0.658,-0.332,0.616,-7.153,0.473,-0.145,-0.299,-0.409,0.883,-0.336,-0.45,0.504,-0.262,-0.486,0.893,1.756,7.374,-0.496,0.186,-0.383,0.784,-1.008,2.298,-0.191,start
1780984927.5397646,-0.825,-0.189,0.561,-1.878,1.534,-1.885,-0.66,-0.334,0.621,-7.13,0.55,-0.847,-0.301,-0.413,0.886,-0.962,0.824,-0.458,-0.267,-0.496,0.884,1.519,8.122,-0.924,0.193,-0.382,0.787,-0.595,2.954,0.191,start
1780984927.6515496,-0.824,-0.186,0.561,-0.573,1.634,-1.053,-0.657,-0.331,0.619,-6.977,0.786,-0.092,-0.301,-0.414,0.882,-0.137,-0.206,-0.176,-0.265,-0.492,0.893,1.756,7.206,-0.885,0.185,-0.379,0.781,-0.969,1.176,-0.168,start
1780984927.7563384,-0.823,-0.187,0.559,-0.702,1.16,-0.076,-0.654,-0.331,0.619,-6.916,0.221,-0.168,-0.3,-0.411,0.883,-0.481,0.565,0.573,-0.262,-0.491,0.886,1.603,6.687,0.046,0.191,-0.395,0.797,-0.344,4.107,-0.16,start
1780984927.848836,-0.827,-0.186,0.562,-1.084,0.84,-1.16,-0.653,-0.336,0.629,-7.244,-0.198,-0.443,-0.294,-0.414,0.888,-0.649,0.534,0.565,-0.263,-0.49,0.893,1.824,8.542,-0.71,0.095,-0.361,0.928,69.809,-27.656,17.107,start
1780984927.9518855,-0.824,-0.19,0.554,-2.183,3.031,-0.931,-0.651,-0.334,0.623,-8.427,2.458,0.863,-0.308,-0.417,0.877,0.168,4.527,2.099,-0.263,-0.494,0.894,1.687,9.718,3.687,0.269,-0.218,0.818,130.069,-24.351,6.908,start
1780984928.0554538,-0.839,-0.182,0.542,-3.901,10.344,3.053,-0.658,-0.332,0.617,-10.679,2.489,1.855,-0.289,-0.415,0.871,-0.42,12.443,5.267,-0.269,-0.476,0.902,1.084,21.328,7.153,0.265,0.052,0.724,71.794,0.511,-6.71,start
1780984928.1578002,-0.843,-0.179,0.541,-3.069,6.275,1.962,-0.666,-0.33,0.604,-8.305,2.519,1.84,-0.33,-0.407,0.868,-1.008,3.977,3.71,-0.324,-0.47,0.881,-2.786,7.695,2.221,0.206,0.164,0.647,1.71,4.931,0.855,start
1780984928.2611864,-0.839,-0.182,0.531,-0.122,-0.183,-1.878,-0.67,-0.332,0.604,-5.939,-1.214,-2.084,-0.327,-0.406,0.873,-0.573,-6.939,-3.344,-0.301,-0.47,0.874,1.603,2.168,-5.954,0.046,0.357,0.158,-106.282,36.519,25.534,start
1780984928.3706899,-0.797,-0.172,0.587,3.939,-11.611,-4.794,-0.623,-0.327,0.656,-6.366,0.954,-2.099,-0.293,-0.416,0.879,-1.305,-0.305,-0.206,-0.257,-0.522,0.867,0.046,15.359,-0.435,0.985,-0.204,-0.779,46.885,250.13,15.71,start
1780984928.4725373,-0.803,-0.193,0.572,-1.076,0.656,-0.718,-0.66,-0.33,0.625,-7.252,-0.878,-0.595,-0.305,-0.408,0.876,-0.13,-0.924,0.0,-0.268,-0.492,0.89,2.802,4.87,-0.191,0.188,-0.368,0.794,-8.282,0.878,-1.26,start
1780984931.147792,-0.826,-0.188,0.555,-0.359,1.672,0.13,-0.655,-0.335,0.626,-6.863,0.008,-0.145,-0.302,-0.41,0.887,0.115,-0.863,-0.008,-0.272,-0.497,0.887,2.305,6.458,-0.305,0.189,-0.379,0.786,-0.649,1.55,-0.359,start
1780984931.2515395,-0.82,-0.185,0.56,-0.893,2.092,-0.565,-0.658,-0.33,0.623,-7.168,0.733,-0.229,-0.305,-0.409,0.881,-0.985,0.74,0.115,-0.269,-0.495,0.885,1.481,6.985,-1.023,0.186,-0.382,0.775,-1.076,1.443,0.069,start
1780984931.3593411,-0.825,-0.185,0.557,-1.061,0.786,-1.405,-0.654,-0.334,0.616,-7.74,-0.061,-0.695,-0.299,-0.41,0.88,-0.71,-0.13,0.405,-0.269,-0.496,0.884,1.435,8.092,-1.092,0.19,-0.389,0.788,-0.412,3.443,-0.176,start
1780984931.4538941,-0.829,-0.184,0.558,-0.771,1.985,0.145,-0.659,-0.329,0.616,-6.824,0.153,0.092,-0.299,-0.41,0.887,0.427,-0.015,0.893,-0.295,-0.492,0.898,3.099,5.908,-0.122,0.248,-0.526,1.099,91.336,-18.969,13.939,start
1780984931.5594525,-0.838,-0.176,0.55,-5.031,8.756,2.145,-0.653,-0.33,0.619,-11.206,5.649,2.389,-0.313,-0.408,0.88,-0.008,11.206,6.275,-0.279,-0.489,0.882,12.687,15.809,11.954,0.231,-0.06,0.73,125.908,-21.244,-6.878,start
1780984931.6598947,-0.847,-0.179,0.532,-2.58,4.344,0.275,-0.665,-0.328,0.607,-7.954,-0.496,-0.779,-0.326,-0.401,0.88,-0.878,-1.466,-0.344,-0.289,-0.477,0.892,3.115,2.656,0.489,0.272,0.056,0.822,29.351,-4.664,0.321,start
1780984931.7704842,-0.847,-0.187,0.525,-1.664,3.183,0.023,-0.671,-0.335,0.616,-7.206,0.947,-0.313,-0.332,-0.408,0.871,-0.557,0.008,0.45,-0.301,-0.479,0.885,2.321,5.809,-0.611,0.264,0.09,0.79,-0.435,3.496,0.443,start
1780984931.8684113,-0.842,-0.182,0.532,-0.168,-2.191,-1.985,-0.674,-0.333,0.611,-5.229,-1.519,-1.824,-0.323,-0.402,0.879,0.366,-4.595,-1.71,-0.29,-0.483,0.88,2.733,3.832,-2.824,0.247,0.07,0.736,-32.481,5.183,-3.366,start
1780984931.9697156,-0.838,-0.182,0.551,7.931,-22.695,-5.802,-0.659,-0.321,0.631,0.878,-7.282,-4.458,-0.281,-0.408,0.897,1.038,-14.061,-7.595,-0.22,-0.51,0.893,2.992,-0.786,-6.679,0.352,-0.488,0.893,-250.137,53.725,-46.328,start
1780984932.0720139,-0.853,-0.177,0.542,2.366,8.168,-0.206,-0.661,-0.328,0.633,-8.267,-0.771,-1.878,-0.302,-0.404,0.876,-2.809,-3.687,-0.504,-0.279,-0.487,0.881,1.366,1.405,-0.878,0.212,-0.395,0.794,4.756,13.534,2.565,start
1780984932.1824508,-0.828,-0.186,0.562,-0.908,2.237,-0.092,-0.66,-0.33,0.625,-7.038,0.779,-0.191,-0.306,-0.407,0.881,0.198,0.489,0.557,-0.278,-0.481,0.894,1.42,7.679,-0.87,0.184,-0.377,0.783,-1.107,1.092,-0.267,start
1780984932.2870014,-0.823,-0.189,0.558,-1.16,0.542,-0.947,-0.661,-0.332,0.615,-6.817,0.252,-0.466,-0.296,-0.408,0.882,0.038,-0.298,0.397,-0.277,-0.485,0.885,1.687,6.435,-0.031,0.186,-0.378,0.784,-0.374,2.672,-0.771,start
1780984932.3814132,-0.831,-0.183,0.552,-0.351,1.901,-0.366,-0.659,-0.332,0.619,-6.855,0.397,-0.237,-0.299,-0.407,0.886,-0.183,-0.176,-0.122,-0.274,-0.485,0.894,1.237,7.298,-1.321,0.182,-0.378,0.786,-1.939,1.916,-0.565,start
1780984932.4921057,-0.833,-0.188,0.556,-1.534,1.481,-2.321,-0.66,-0.327,0.618,-7.42,-0.023,-1.328,-0.301,-0.409,0.884,-1.504,0.397,-0.336,-0.271,-0.494,0.88,0.832,7.649,-0.359,0.185,-0.384,0.781,-1.237,2.939,-0.015,start
1780984932.5919652,-0.83,-0.182,0.549,-0.267,0.603,-0.656,-0.662,-0.335,0.619,-6.534,0.008,-0.626,-0.301,-0.406,0.885,0.168,-1.389,0.061,-0.269,-0.487,0.892,2.298,5.855,-0.405,0.186,-0.385,0.78,-1.168,0.725,-0.527,start
1780984932.6933339,-0.827,-0.184,0.555,-0.13,2.298,-0.595,-0.658,-0.334,0.619,-6.916,0.427,-0.023,-0.299,-0.406,0.886,-0.641,0.817,0.42,-0.274,-0.486,0.886,2.13,6.557,0.282,0.191,-0.384,0.781,-0.183,2.84,-0.855,start
1780984932.7927923,-0.826,-0.181,0.563,-1.221,1.901,-1.977,-0.655,-0.334,0.614,-7.611,0.153,-1.038,-0.302,-0.408,0.882,-0.695,0.588,-0.565,-0.271,-0.495,0.884,1.42,7.344,-0.725,0.191,-0.374,0.78,-1.664,2.321,-0.115,start
1780984932.907125,-0.826,-0.187,0.558,-1.214,1.206,-1.252,-0.655,-0.333,0.617,-7.214,0.328,-0.366,-0.302,-0.409,0.881,-0.137,0.962,0.656,-0.274,-0.486,0.889,1.84,6.802,-0.351,0.19,-0.388,0.785,-0.26,3.313,-0.351,start
1780984932.9989867,-0.827,-0.186,0.55,-0.71,1.595,-0.901,-0.661,-0.336,0.621,-6.649,0.359,-0.534,-0.301,-0.411,0.884,0.015,-0.145,0.466,-0.272,-0.487,0.887,1.656,6.153,-0.13,0.192,-0.38,0.782,-0.443,2.466,-0.275,start
1780984933.1021905,-0.827,-0.182,0.551,-0.214,2.13,-0.534,-0.658,-0.334,0.618,-6.641,0.527,-0.244,-0.302,-0.411,0.886,-0.229,-0.168,0.206,-0.271,-0.486,0.89,2.023,6.405,-0.504,0.191,-0.379,0.785,-1.473,1.504,-0.878,start
1780984935.7897263,-0.825,-0.185,0.553,-0.687,0.756,-0.901,-0.659,-0.329,0.616,-6.634,0.504,-0.443,-0.303,-0.406,0.881,-0.489,-0.435,-0.122,-0.273,-0.488,0.891,1.298,6.473,-0.611,0.19,-0.386,0.786,-0.794,2.29,0.16,start
1780984935.8898847,-0.826,-0.183,0.552,-1.0,1.221,-0.412,-0.657,-0.331,0.614,-6.947,0.901,-0.511,-0.302,-0.408,0.879,-0.771,0.389,0.198,-0.269,-0.488,0.892,1.595,7.26,-1.031,0.187,-0.388,0.791,-0.725,2.038,0.214,start
1780984935.994415,-0.83,-0.187,0.554,-0.664,1.588,-0.557,-0.656,-0.338,0.628,-6.763,0.397,-0.359,-0.301,-0.408,0.879,-0.076,-0.038,0.504,-0.268,-0.487,0.883,1.649,7.16,-0.504,0.189,-0.387,0.78,-0.702,1.641,0.046,start
1780984936.0902345,-0.83,-0.186,0.55,-1.183,1.321,-1.099,-0.656,-0.333,0.618,-6.916,0.366,-0.282,-0.305,-0.412,0.886,0.046,-0.374,0.344,-0.271,-0.495,0.883,1.969,6.45,-0.176,0.19,-0.387,0.786,-0.031,2.542,-0.573,start
1780984936.197651,-0.826,-0.181,0.55,-0.771,0.794,-1.099,-0.661,-0.341,0.62,-6.664,0.053,-0.656,-0.306,-0.407,0.887,-0.305,-0.137,-0.336,-0.271,-0.489,0.885,1.855,7.473,-0.664,0.193,-0.38,0.776,-0.878,1.443,-0.069,start
1780984936.2954345,-0.825,-0.19,0.558,-1.023,2.115,-1.107,-0.657,-0.33,0.617,-7.183,0.389,-0.328,-0.301,-0.413,0.884,-0.107,-0.221,0.473,-0.27,-0.491,0.89,1.679,6.252,-0.435,0.194,-0.393,0.79,0.038,3.015,-0.237,start
1780984936.398119,-0.812,-0.186,0.57,-2.183,2.473,-0.931,-0.663,-0.338,0.619,-8.214,2.496,0.878,-0.304,-0.408,0.885,0.176,7.015,2.771,-0.249,-0.487,0.892,2.382,13.962,4.427,0.27,-0.124,0.111,223.168,-50.42,56.015,start
1780984936.502261,-0.832,-0.188,0.55,-4.076,13.71,3.489,-0.662,-0.333,0.612,-10.321,2.542,2.695,-0.316,-0.402,0.875,0.756,6.908,4.107,-0.298,-0.475,0.881,7.115,11.16,5.435,0.25,0.026,0.79,62.351,-4.45,-3.718,start
1780984936.6081057,-0.84,-0.182,0.534,-2.366,5.649,0.496,-0.664,-0.336,0.618,-7.664,1.046,0.366,-0.321,-0.405,0.876,-0.328,2.664,1.847,-0.263,-0.487,0.992,6.275,12.031,3.504,0.268,0.095,0.757,21.649,6.42,1.557,start
1780984936.7074852,-0.841,-0.182,0.528,-1.275,2.45,-0.237,-0.655,-0.335,0.607,-7.603,0.786,-0.099,-0.324,-0.402,0.875,-0.641,1.924,1.244,-0.293,-0.468,0.889,1.374,8.519,-0.145,0.244,0.092,0.797,0.504,4.588,-1.046,start
1780984936.8139763,-0.846,-0.179,0.527,-0.588,-0.328,-1.489,-0.665,-0.334,0.619,-7.153,0.122,-0.489,-0.325,-0.407,0.882,-0.206,-1.29,0.008,-0.303,-0.47,0.899,1.458,7.229,-1.344,0.235,0.092,0.798,-12.206,1.718,-0.649,start
1780984936.913312,-0.852,-0.191,0.528,6.504,-15.885,-2.916,-0.672,-0.334,0.605,1.718,-6.076,-4.069,-0.302,-0.403,0.878,2.725,-19.206,-9.756,-0.271,-0.479,0.878,0.328,-9.153,-14.58,0.325,-0.189,0.631,-208.847,46.282,-16.023,start
1780984937.0162613,-0.823,-0.179,0.564,-1.435,-2.008,-2.275,-0.665,-0.33,0.625,-7.351,1.16,-0.588,-0.299,-0.404,0.882,-1.679,0.771,0.267,-0.274,-0.477,0.882,-0.405,6.489,-0.969,-0.047,-0.285,0.845,-10.779,-24.885,-8.015,start
1780984937.1290176,-0.831,-0.182,0.559,-0.786,2.641,-1.435,-0.66,-0.331,0.625,-6.756,1.115,-0.275,-0.298,-0.404,0.884,-0.817,0.878,0.092,-0.274,-0.489,0.887,0.679,7.58,-0.458,0.172,-0.365,0.786,-1.183,2.076,-0.534,start
1780984937.2428844,-0.826,-0.187,0.558,-0.298,1.962,-1.412,-0.66,-0.332,0.622,-6.985,0.458,-0.847,-0.304,-0.406,0.893,-0.313,0.038,0.214,-0.27,-0.483,0.889,1.405,6.756,-1.435,0.183,-0.369,0.789,-1.511,1.031,-0.71,start
1780984937.325245,-0.823,-0.185,0.562,-0.748,1.466,-1.092,-0.66,-0.331,0.614,-7.137,0.336,-0.55,-0.302,-0.406,0.887,-0.435,-0.191,-0.076,-0.272,-0.485,0.888,1.527,6.435,-1.061,0.175,-0.367,0.793,-2.198,1.366,-2.756,start
1780984937.4282556,-0.825,-0.185,0.559,-1.527,1.015,-1.733,-0.658,-0.33,0.624,-7.084,0.42,-0.58,-0.301,-0.407,0.883,-0.641,0.626,-0.206,-0.27,-0.487,0.887,1.519,7.046,-0.687,0.179,-0.37,0.786,-1.382,2.244,-1.305,start
1780984937.5316932,-0.824,-0.186,0.556,-0.366,1.069,-0.924,-0.659,-0.332,0.627,-6.802,0.153,-0.321,-0.302,-0.407,0.882,-0.244,0.435,-0.061,-0.269,-0.488,0.888,1.427,6.763,-0.901,0.185,-0.371,0.786,-0.87,3.008,-0.992,start
1780984937.6347039,-0.823,-0.179,0.557,-1.473,0.962,-2.26,-0.66,-0.331,0.625,-7.718,0.229,-0.863,-0.301,-0.406,0.88,-1.466,0.511,-0.13,-0.269,-0.494,0.892,0.878,8.824,-1.0,0.174,-0.379,0.792,-1.74,2.305,-0.198,start
1780984937.7375193,-0.825,-0.184,0.559,-1.534,1.695,-1.725,-0.662,-0.335,0.622,-6.947,-0.198,-1.046,-0.305,-0.406,0.882,-1.16,-0.244,-1.053,-0.27,-0.486,0.888,0.588,6.771,-2.473,0.187,-0.374,0.781,-3.557,-1.198,-0.038,start
1780984940.4240477,-0.827,-0.183,0.551,-0.969,0.855,-0.313,-0.656,-0.337,0.622,-7.084,0.221,-0.809,-0.305,-0.408,0.878,-0.519,0.313,-0.389,-0.272,-0.49,0.883,1.656,6.779,-0.565,0.189,-0.389,0.789,-0.824,1.786,-0.374,start
1780984940.5181723,-0.83,-0.179,0.556,-0.672,1.496,-0.397,-0.659,-0.329,0.622,-6.908,0.389,-0.321,-0.305,-0.408,0.88,-0.359,-0.069,-0.298,-0.273,-0.488,0.886,2.076,7.244,0.023,0.188,-0.386,0.779,-0.847,1.557,0.031,start
1780984940.624325,-0.824,-0.188,0.561,-0.977,1.618,-0.687,-0.659,-0.332,0.625,-7.237,0.084,-0.641,-0.305,-0.409,0.885,-0.679,0.427,0.168,-0.272,-0.489,0.883,1.466,7.275,-0.618,0.183,-0.382,0.782,-0.855,1.427,0.153,start
1780984940.7242112,-0.827,-0.187,0.554,-0.725,1.0,-0.076,-0.66,-0.334,0.62,-7.069,0.16,-0.534,-0.307,-0.405,0.879,-0.137,0.588,0.198,-0.271,-0.49,0.882,1.74,6.969,-0.511,0.187,-0.393,0.781,-0.458,2.58,-0.046,start
1780984940.8284342,-0.83,-0.185,0.545,-0.435,1.466,-0.321,-0.66,-0.339,0.618,-6.863,0.107,-0.679,-0.301,-0.409,0.886,-0.137,-0.092,-0.053,-0.27,-0.491,0.885,2.023,6.954,-0.496,0.184,-0.385,0.785,-0.282,3.191,-0.244,start
1780984940.94229,-0.828,-0.187,0.552,-0.954,1.893,-0.824,-0.66,-0.338,0.624,-7.137,0.42,-0.122,-0.303,-0.409,0.88,-0.847,0.336,0.176,-0.273,-0.492,0.889,2.71,6.695,-0.328,0.245,-0.588,1.42,26.992,-22.374,4.901,start
1780984941.0414135,-0.826,-0.188,0.546,-1.809,1.557,0.145,-0.66,-0.327,0.622,-7.733,1.122,0.214,-0.308,-0.409,0.881,-1.374,2.374,1.557,-0.269,-0.502,0.882,3.435,11.542,3.069,0.29,-0.29,0.913,138.954,-33.336,7.244,start
1780984941.1364837,-0.821,-0.183,0.566,-3.832,6.74,0.74,-0.664,-0.335,0.612,-9.176,0.611,0.458,-0.318,-0.409,0.886,0.458,2.718,2.122,-0.289,-0.486,0.89,5.977,9.534,3.412,0.264,0.024,0.745,58.427,-5.718,-3.779,start
1780984941.2485824,-0.844,-0.184,0.532,-2.534,5.328,0.275,-0.664,-0.337,0.618,-8.565,1.947,0.878,-0.325,-0.409,0.876,-0.42,2.397,2.008,-0.298,-0.475,0.896,2.71,8.603,1.443,0.266,0.083,0.803,20.321,3.244,-0.206,start
1780984941.342424,-0.833,-0.182,0.537,-1.069,1.145,-0.435,-0.668,-0.335,0.611,-6.649,0.435,-0.061,-0.327,-0.401,0.871,0.031,0.069,-0.359,-0.298,-0.473,0.887,2.053,7.58,-1.145,0.265,0.094,0.777,-14.076,2.573,-1.58,start
1780984941.4458458,-0.848,-0.182,0.529,5.87,-13.015,-1.153,-0.682,-0.339,0.599,0.779,-5.863,-3.061,-0.319,-0.402,0.886,1.756,-16.985,-8.84,-0.262,-0.504,0.9,-2.16,-9.908,-13.641,0.257,-0.204,0.642,-225.191,49.954,-8.901,start
1780984941.5498688,-0.829,-0.187,0.555,-1.45,-0.115,-2.267,-0.66,-0.337,0.624,-7.382,-0.053,-1.015,-0.303,-0.411,0.884,-1.702,1.702,-0.336,-0.255,-0.494,0.91,3.412,8.076,1.87,0.164,-0.398,0.937,-27.695,-39.366,-8.137,start
1780984941.6580608,-0.833,-0.185,0.551,-1.061,0.969,-1.183,-0.665,-0.33,0.619,-6.626,0.695,-0.626,-0.306,-0.406,0.879,-1.206,1.221,-0.298,-0.269,-0.494,0.884,1.107,6.351,-0.641,0.188,-0.383,0.777,-1.763,1.115,-0.565,start
1780984941.7600825,-0.828,-0.185,0.554,-0.481,1.893,-0.779,-0.664,-0.335,0.621,-6.74,0.893,-0.198,-0.303,-0.413,0.878,-0.496,-0.153,-0.153,-0.274,-0.49,0.882,1.252,6.718,-0.908,0.192,-0.388,0.782,-1.42,2.351,-0.198,start
1780984941.8575294,-0.828,-0.184,0.555,-1.107,1.626,-0.893,-0.662,-0.333,0.621,-6.473,0.481,-0.031,-0.301,-0.411,0.893,-0.55,0.198,0.366,-0.271,-0.493,0.889,1.45,6.962,-0.267,0.19,-0.389,0.779,-1.092,2.374,-0.214,start
1780984941.9736717,-0.827,-0.186,0.553,-0.84,1.229,-0.794,-0.661,-0.335,0.623,-7.099,0.344,-0.298,-0.305,-0.415,0.885,-0.038,-0.366,0.466,-0.278,-0.492,0.886,1.916,6.573,-0.328,0.186,-0.383,0.78,-1.214,1.901,0.115,start
1780984942.0650449,-0.829,-0.186,0.554,-0.565,2.076,-0.672,-0.658,-0.333,0.617,-6.977,0.328,-0.038,-0.302,-0.41,0.882,-0.053,-0.168,0.214,-0.273,-0.49,0.887,1.71,6.481,-0.053,0.193,-0.391,0.777,-0.176,3.275,-0.099,start
1780984942.1664927,-0.824,-0.184,0.551,-1.031,1.71,-1.221,-0.663,-0.338,0.617,-7.221,0.214,-0.405,-0.305,-0.411,0.886,-0.664,0.626,-0.374,-0.277,-0.489,0.889,1.695,7.176,-0.55,0.195,-0.391,0.786,-1.122,1.931,-0.137,start
1780984942.2783432,-0.83,-0.186,0.546,-1.122,1.557,-0.893,-0.66,-0.336,0.621,-6.969,0.473,-0.26,-0.304,-0.406,0.884,-0.382,-0.527,0.221,-0.273,-0.483,0.886,1.55,6.328,-1.038,0.198,-0.386,0.779,-0.939,1.634,-0.053,start
1780984942.3728268,-0.829,-0.188,0.553,-0.374,2.031,-0.351,-0.664,-0.332,0.614,-6.824,0.29,-0.107,-0.309,-0.409,0.877,-0.206,0.466,0.626,-0.278,-0.493,0.889,2.16,6.351,-0.527,0.196,-0.392,0.779,-0.481,2.298,-0.252,start
1780984945.061185,-0.825,-0.187,0.552,-1.023,1.267,-1.038,-0.662,-0.335,0.623,-7.221,0.786,0.008,-0.304,-0.409,0.882,-0.412,-0.092,0.481,-0.271,-0.497,0.878,1.718,7.008,-0.679,0.189,-0.388,0.785,-0.443,2.099,-0.076,start
1780984945.164907,-0.828,-0.18,0.558,-0.557,1.588,-1.145,-0.664,-0.332,0.619,-6.863,0.244,-0.489,-0.305,-0.407,0.878,-0.45,0.84,0.015,-0.273,-0.497,0.89,1.649,6.985,-0.702,0.191,-0.396,0.784,-0.626,2.618,-0.198,start
1780984945.259837,-0.825,-0.184,0.558,-0.695,1.122,-1.13,-0.664,-0.337,0.615,-6.947,0.565,-0.076,-0.309,-0.409,0.882,-0.382,-0.244,-0.107,-0.272,-0.493,0.881,1.565,6.931,0.092,0.194,-0.39,0.775,-0.588,2.374,-0.046,start
1780984945.3598735,-0.83,-0.186,0.555,-0.939,1.412,-1.031,-0.66,-0.332,0.62,-7.008,0.489,-0.046,-0.303,-0.414,0.882,-0.321,0.603,0.153,-0.275,-0.491,0.884,1.779,7.092,-0.206,0.189,-0.393,0.788,-0.756,2.031,0.023,start
1780984945.464104,-0.826,-0.185,0.551,-1.015,1.565,-1.046,-0.666,-0.336,0.622,-7.153,0.45,-0.489,-0.308,-0.407,0.883,-0.443,0.176,0.305,-0.268,-0.492,0.887,2.069,7.481,-0.641,0.194,-0.391,0.78,-0.458,2.794,0.053,start
1780984945.5657349,-0.824,-0.181,0.55,-1.053,1.298,-1.435,-0.669,-0.338,0.621,-7.023,0.336,-0.191,-0.306,-0.413,0.878,-0.237,-0.42,0.053,-0.269,-0.493,0.885,1.55,6.924,-0.328,0.205,-0.395,0.792,0.366,2.885,0.313,start
1780984945.6686573,-0.826,-0.185,0.552,-1.847,5.809,0.954,-0.659,-0.333,0.612,-8.588,3.603,1.031,-0.314,-0.406,0.881,-0.626,5.763,2.061,-0.275,-0.485,0.844,0.824,13.099,2.389,0.197,-0.23,0.79,154.542,-43.466,34.748,start
1780984945.777128,-0.822,-0.182,0.549,-3.023,3.641,-0.634,-0.661,-0.336,0.613,-8.382,1.023,0.931,-0.32,-0.406,0.875,1.748,2.771,2.557,-0.293,-0.476,0.892,5.733,11.939,2.092,0.248,-0.015,0.803,61.405,-6.87,0.573,start
1780984945.880485,-0.833,-0.181,0.544,-1.802,2.924,-0.885,-0.663,-0.33,0.611,-7.71,0.603,-0.336,-0.316,-0.408,0.881,-0.389,1.786,1.115,-0.283,-0.473,0.896,3.069,7.656,1.069,0.277,0.03,0.842,16.992,1.221,1.115,start
1780984945.98426,-0.827,-0.178,0.545,-1.74,1.359,-1.588,-0.663,-0.335,0.612,-6.565,0.176,-0.748,-0.322,-0.406,0.876,0.122,0.099,-0.298,-0.294,-0.476,0.897,1.985,8.336,-2.099,0.246,0.066,0.764,-23.969,2.191,0.634,start
1780984946.09117,-0.844,-0.187,0.534,3.107,-7.038,-1.412,-0.668,-0.34,0.606,-2.565,-1.901,-1.015,-0.315,-0.403,0.875,1.595,-9.084,-4.466,-0.285,-0.48,0.882,-3.26,-1.924,-10.725,0.266,-0.16,0.608,-215.412,51.725,-13.221,start
1780984946.1837354,-0.833,-0.177,0.551,-0.977,-0.046,-1.588,-0.659,-0.334,0.621,-7.107,0.115,-0.595,-0.313,-0.409,0.889,-1.046,2.008,-0.542,-0.252,-0.494,0.919,6.344,6.779,2.702,0.107,-0.352,0.841,-28.603,-55.16,-7.878,start
1780984946.2869248,-0.834,-0.187,0.557,-1.13,0.924,-1.427,-0.664,-0.331,0.617,-6.794,0.588,-0.336,-0.299,-0.4,0.88,-1.275,0.214,-0.008,-0.273,-0.488,0.885,0.115,7.954,-1.198,0.185,-0.383,0.791,-1.305,0.267,0.053,start
1780984946.3918674,-0.83,-0.184,0.556,-0.832,2.16,-1.153,-0.669,-0.336,0.616,-7.191,0.389,-0.328,-0.303,-0.409,0.88,-0.786,0.802,0.328,-0.276,-0.49,0.889,1.198,6.374,0.382,0.191,-0.385,0.781,-1.26,1.916,-0.573,start
1780984946.4930253,-0.827,-0.182,0.559,-0.985,1.336,-1.237,-0.659,-0.333,0.619,-6.84,0.817,-0.595,-0.303,-0.408,0.879,-0.634,0.649,-0.031,-0.273,-0.488,0.885,1.069,8.176,-0.885,0.185,-0.384,0.776,-1.634,1.863,-0.374,start
1780984946.6020303,-0.827,-0.18,0.551,-0.634,-0.053,-1.649,-0.659,-0.329,0.625,-6.427,0.053,-0.595,-0.299,-0.41,0.881,-0.595,-0.26,0.237,-0.281,-0.484,0.893,1.382,7.672,-1.038,0.197,-0.38,0.785,-0.969,2.473,-0.046,start
1780984946.6988218,-0.824,-0.183,0.557,-0.626,2.206,-0.969,-0.662,-0.335,0.619,-6.74,0.031,-0.26,-0.304,-0.406,0.884,-0.29,0.168,0.397,-0.275,-0.488,0.884,1.695,7.176,0.275,0.191,-0.387,0.781,-0.58,2.573,-0.015,start
1780984946.8017297,-0.821,-0.184,0.554,-0.992,1.786,-1.008,-0.66,-0.324,0.62,-6.939,0.595,-0.893,-0.307,-0.407,0.887,-0.405,-0.122,0.519,-0.276,-0.488,0.888,1.557,7.122,-0.153,0.194,-0.39,0.781,-0.412,2.924,-0.023,start
1780984946.9047785,-0.83,-0.186,0.551,-1.176,1.427,-2.053,-0.661,-0.329,0.62,-6.901,0.053,-1.252,-0.297,-0.407,0.884,-1.183,0.038,-0.916,-0.274,-0.491,0.892,1.237,7.145,-1.489,0.195,-0.395,0.773,-1.504,1.229,-0.008,start
1780984947.0113862,-0.824,-0.182,0.556,-0.206,1.74,-0.366,-0.664,-0.333,0.62,-6.939,0.466,0.092,-0.304,-0.408,0.883,0.595,0.137,0.405,-0.274,-0.491,0.888,2.0,6.092,0.534,0.187,-0.387,0.78,0.489,4.214,-0.832,start
1780984949.6858873,-0.824,-0.181,0.558,-0.824,2.824,0.214,-0.658,-0.332,0.612,-7.198,0.534,0.13,-0.309,-0.411,0.884,-0.26,0.527,-0.397,-0.276,-0.485,0.894,1.702,7.122,-0.855,0.193,-0.38,0.776,-2.305,-1.366,0.466,start
1780984949.7888253,-0.823,-0.189,0.558,-1.962,1.229,-2.267,-0.656,-0.334,0.625,-7.153,0.023,-1.092,-0.301,-0.412,0.881,-0.45,0.015,-0.374,-0.266,-0.497,0.882,1.725,7.824,-0.718,0.193,-0.396,0.78,-0.344,3.107,-0.229,start
1780984949.8919055,-0.826,-0.18,0.56,-0.183,1.221,0.053,-0.658,-0.329,0.625,-6.573,0.252,0.046,-0.305,-0.404,0.887,-0.649,-0.351,-0.321,-0.275,-0.487,0.888,1.145,6.473,-1.634,0.203,-0.391,0.776,-2.298,-2.092,0.397,start
1780984950.0037284,-0.828,-0.19,0.555,-0.664,1.664,-0.198,-0.661,-0.334,0.617,-6.672,0.458,0.344,-0.306,-0.412,0.887,0.321,-0.053,0.893,-0.268,-0.493,0.881,2.122,6.359,-0.046,0.196,-0.392,0.777,0.664,4.641,-0.573,start
1780984950.1035836,-0.827,-0.183,0.557,-0.992,2.198,-0.557,-0.664,-0.327,0.622,-6.672,0.015,-0.58,-0.304,-0.407,0.882,-0.45,-0.832,-0.565,-0.276,-0.487,0.891,1.191,6.679,-1.748,0.197,-0.389,0.782,-2.656,-2.802,0.573,start
1780984950.2010128,-0.824,-0.184,0.558,-1.672,3.359,-0.672,-0.659,-0.335,0.61,-7.313,-0.603,-0.29,-0.313,-0.409,0.87,0.443,-1.069,-0.649,-0.279,-0.5,0.891,3.023,5.176,-0.504,0.113,-0.701,1.551,188.969,-44.359,44.519,start
1780984950.3049088,-0.829,-0.178,0.549,-2.855,6.298,1.229,-0.656,-0.332,0.633,-9.74,5.397,-0.076,-0.31,-0.415,0.867,-0.191,3.725,1.618,-0.279,-0.485,0.905,10.664,9.282,5.435,0.242,-0.007,0.577,122.763,-9.916,5.969,start
1780984950.4070513,-0.834,-0.178,0.539,-4.542,3.924,-2.122,-0.663,-0.338,0.615,-9.168,0.519,-0.504,-0.308,-0.414,0.885,-1.458,3.359,1.679,-0.285,-0.483,0.882,3.076,9.023,1.771,0.252,0.059,0.771,36.847,2.687,0.985,start
1780984950.5246806,-0.841,-0.182,0.529,-1.153,4.107,2.16,-0.666,-0.329,0.613,-7.26,1.458,1.16,-0.326,-0.405,0.871,0.282,1.802,1.244,-0.302,-0.467,0.891,2.267,7.344,1.191,0.254,0.112,0.772,1.534,2.992,-0.679,start
1780984950.6245072,-0.842,-0.182,0.532,0.427,-3.427,-3.397,-0.667,-0.333,0.609,-5.427,-2.26,-3.374,-0.319,-0.408,0.878,-0.664,-6.916,-4.015,-0.299,-0.469,0.885,-2.015,5.092,-8.557,0.202,0.23,0.298,-114.954,28.71,-0.588,start
1780984950.7209027,-0.804,-0.184,0.565,2.542,-1.718,-0.504,-0.649,-0.33,0.628,-6.092,1.809,1.214,-0.305,-0.407,0.881,-0.137,1.588,1.87,-0.283,-0.492,0.878,2.458,4.863,2.779,0.199,-0.635,1.437,-210.275,39.71,-69.626,start
1780984950.8189156,-0.826,-0.173,0.544,-1.672,-0.878,-1.992,-0.668,-0.333,0.629,-6.824,-2.015,-1.16,-0.303,-0.406,0.885,-1.282,1.71,0.008,-0.276,-0.487,0.888,0.092,10.466,-1.45,0.207,-0.386,0.802,-4.275,1.855,0.489,start
1780984950.9267797,-0.823,-0.191,0.554,-1.878,0.443,-2.626,-0.66,-0.336,0.619,-7.366,-0.679,-1.832,-0.304,-0.413,0.87,-1.427,-0.031,-0.634,-0.27,-0.499,0.885,1.351,6.687,-1.206,0.196,-0.399,0.781,-0.672,3.725,-0.55,start
1780984951.0252407,-0.826,-0.184,0.553,-0.45,3.053,0.832,-0.655,-0.326,0.616,-6.855,0.924,0.893,-0.302,-0.41,0.885,-0.183,0.191,0.71,-0.275,-0.488,0.884,1.725,6.237,0.565,0.177,-0.377,0.766,-2.702,1.939,-1.504,start
1780984951.1281261,-0.83,-0.182,0.552,-1.038,0.84,-1.053,-0.662,-0.327,0.621,-7.0,0.26,-1.641,-0.302,-0.404,0.881,-1.458,-0.802,-1.176,-0.272,-0.487,0.888,0.214,8.359,-3.206,0.195,-0.397,0.781,-5.214,-3.412,0.275,start
1780984951.2315037,-0.826,-0.193,0.556,-0.756,1.885,-0.336,-0.657,-0.338,0.62,-6.985,0.794,0.313,-0.302,-0.412,0.879,0.267,0.748,0.611,-0.269,-0.493,0.885,2.718,5.588,1.244,0.195,-0.389,0.777,2.015,7.069,-1.344,start
1780984951.345874,-0.818,-0.18,0.553,-1.221,2.733,0.13,-0.66,-0.329,0.617,-7.397,0.908,0.718,-0.309,-0.403,0.882,-0.214,0.412,1.061,-0.282,-0.486,0.885,1.504,7.305,-0.496,0.183,-0.381,0.772,-2.244,-0.885,-0.214,start
1780984951.4373176,-0.827,-0.183,0.562,-1.794,0.336,-2.832,-0.661,-0.336,0.623,-7.557,-0.519,-1.771,-0.301,-0.408,0.878,-1.321,0.519,0.244,-0.268,-0.502,0.876,1.206,8.466,-0.885,0.19,-0.398,0.774,-0.229,4.107,0.206,start
1780984951.5476294,-0.826,-0.183,0.558,-0.26,2.015,0.74,-0.664,-0.332,0.624,-6.45,0.786,0.588,-0.302,-0.405,0.881,0.359,0.305,0.412,-0.272,-0.492,0.88,2.137,6.832,0.725,0.191,-0.386,0.772,1.076,5.145,-0.313,start
1780984951.6436598,-0.825,-0.184,0.552,-1.924,-0.229,-3.565,-0.658,-0.337,0.627,-7.336,-0.496,-1.74,-0.304,-0.416,0.883,-0.908,-0.489,-0.824,-0.269,-0.495,0.879,1.229,8.084,-0.84,0.199,-0.399,0.768,-1.099,1.29,0.168,start
1780984954.32307,-0.827,-0.179,0.556,-0.695,1.206,-0.634,-0.665,-0.331,0.62,-6.748,0.366,-0.397,-0.309,-0.409,0.882,-0.481,0.221,-0.122,-0.278,-0.493,0.887,1.87,6.878,-0.824,0.192,-0.392,0.77,-0.718,2.275,-0.015,start
1780984954.4242635,-0.824,-0.184,0.551,-1.015,2.115,-0.45,-0.664,-0.333,0.624,-7.313,0.405,0.038,-0.306,-0.412,0.887,-0.069,0.405,0.504,-0.275,-0.491,0.88,1.947,6.794,-0.45,0.192,-0.388,0.762,-0.733,2.42,0.061,start
1780984954.5285425,-0.82,-0.18,0.558,-1.061,1.084,-0.931,-0.66,-0.334,0.621,-7.42,0.504,-0.969,-0.305,-0.412,0.881,-0.87,0.611,0.053,-0.275,-0.495,0.883,2.099,7.366,-0.351,0.198,-0.4,0.783,-0.168,3.26,-0.412,start
1780984954.638827,-0.827,-0.18,0.552,-0.58,1.527,0.71,-0.663,-0.329,0.61,-6.634,0.702,0.374,-0.302,-0.409,0.887,-0.16,-0.252,1.13,-0.275,-0.491,0.891,1.962,7.214,-0.122,0.196,-0.39,0.78,-0.122,3.626,-0.061,start
1780984954.7334352,-0.829,-0.18,0.554,-1.252,0.763,-2.053,-0.662,-0.336,0.617,-7.168,-0.084,-1.664,-0.304,-0.41,0.879,-1.618,-0.328,-1.214,-0.275,-0.49,0.881,1.13,7.336,-2.412,0.201,-0.402,0.783,-2.107,-1.13,0.611,start
1780984954.8411968,-0.827,-0.186,0.558,-0.573,1.206,-0.183,-0.661,-0.333,0.614,-6.817,0.55,0.603,-0.303,-0.412,0.884,0.87,-0.344,0.962,-0.276,-0.512,0.847,4.198,7.931,1.008,0.439,-0.611,1.227,124.649,-6.176,36.282,start
1780984954.9401252,-0.833,-0.183,0.547,-3.511,7.832,1.351,-0.658,-0.329,0.621,-9.29,4.137,1.763,-0.342,-0.402,0.881,0.389,3.466,2.0,-0.224,-0.48,0.88,4.611,13.183,4.878,0.259,0.002,0.502,140.153,-0.244,8.527,start
1780984955.0424385,-0.837,-0.181,0.549,-4.0,4.664,-0.42,-0.66,-0.334,0.617,-9.046,1.473,0.153,-0.319,-0.407,0.876,-0.611,3.817,2.809,-0.287,-0.485,0.884,4.702,9.611,4.061,0.237,0.084,0.78,39.55,2.221,-2.969,start
1780984955.1485007,-0.845,-0.186,0.529,-0.542,1.023,0.244,-0.669,-0.333,0.611,-7.176,0.16,-0.038,-0.343,-0.408,0.896,-1.275,1.771,-0.473,-0.304,-0.463,0.887,3.053,8.885,0.496,0.217,0.135,0.764,-12.191,4.13,3.58,start
1780984955.2563746,-0.847,-0.183,0.527,3.702,-11.122,-3.122,-0.67,-0.332,0.617,-2.183,-5.527,-3.435,-0.316,-0.407,0.885,-0.076,-12.466,-6.756,-0.27,-0.477,0.903,-2.031,1.092,-11.504,0.298,-0.01,0.583,-128.901,33.969,5.458,start
1780984955.3575711,-0.818,-0.186,0.564,1.618,-2.458,-2.076,-0.653,-0.333,0.626,-5.901,0.336,-0.557,-0.306,-0.411,0.881,0.084,-0.443,1.206,-0.273,-0.483,0.888,0.71,2.511,1.84,0.141,-0.542,1.308,-152.176,29.252,-68.45,start
1780984955.454983,-0.827,-0.184,0.557,-1.496,0.55,-2.053,-0.661,-0.332,0.618,-7.099,-0.672,-1.221,-0.299,-0.405,0.879,-1.511,1.87,-0.229,-0.278,-0.489,0.884,0.008,8.786,-0.962,0.197,-0.385,0.801,-4.176,3.214,-3.389,start
1780984955.564689,-0.827,-0.185,0.551,-0.939,-0.382,-2.695,-0.661,-0.337,0.62,-7.443,-0.305,-1.878,-0.298,-0.408,0.882,-1.504,-0.031,-0.527,-0.274,-0.492,0.891,0.649,8.344,-1.802,0.181,-0.387,0.785,-1.939,1.198,-0.794,start
1780984955.660526,-0.825,-0.185,0.553,0.214,1.901,1.031,-0.657,-0.331,0.618,-6.321,0.962,1.084,-0.299,-0.41,0.885,1.099,0.427,1.702,-0.272,-0.487,0.888,2.458,6.443,1.374,0.183,-0.376,0.773,-3.427,4.084,-4.771,start
1780984955.764167,-0.829,-0.177,0.55,-1.351,1.794,-1.382,-0.664,-0.333,0.625,-7.168,0.145,-1.344,-0.306,-0.405,0.883,-1.504,-0.237,-1.382,-0.273,-0.479,0.893,0.458,8.008,-2.053,0.187,-0.386,0.781,-4.168,-3.061,0.58,start
1780984955.8661919,-0.821,-0.188,0.563,-1.092,2.023,-0.656,-0.661,-0.337,0.624,-7.153,0.641,-0.099,-0.302,-0.412,0.88,0.374,0.397,0.504,-0.273,-0.493,0.887,2.298,5.802,0.244,0.187,-0.387,0.781,1.565,6.641,-1.435,start
1780984955.9705005,-0.821,-0.181,0.548,-1.122,2.939,0.053,-0.66,-0.335,0.611,-6.74,1.198,0.634,-0.305,-0.407,0.883,0.099,1.481,1.58,-0.278,-0.483,0.894,2.336,7.779,1.267,0.166,-0.374,0.788,-1.763,2.321,-1.802,start
1780984956.072345,-0.828,-0.184,0.555,-2.16,0.13,-3.298,-0.661,-0.336,0.623,-7.687,-0.45,-1.756,-0.299,-0.41,0.881,-1.511,0.168,0.069,-0.268,-0.492,0.889,0.847,7.786,-0.901,0.195,-0.395,0.781,-0.664,3.374,0.107,start
1780984956.178136,-0.827,-0.185,0.555,-0.214,2.504,1.344,-0.656,-0.332,0.613,-6.557,0.992,0.45,-0.306,-0.409,0.88,0.908,0.718,1.359,-0.276,-0.486,0.886,2.527,6.718,0.779,0.223,-0.394,0.721,-4.557,3.901,-4.084,start
1780984956.2886834,-0.821,-0.184,0.56,-1.916,-0.046,-3.855,-0.66,-0.334,0.62,-7.588,-0.336,-1.969,-0.301,-0.413,0.884,-1.687,0.038,-1.13,-0.271,-0.491,0.884,1.214,8.069,-0.985,0.184,-0.388,0.786,-0.695,2.29,0.252,start
1780984958.9560664,-0.828,-0.18,0.552,-0.763,1.473,-0.183,-0.662,-0.328,0.615,-6.908,0.794,0.137,-0.306,-0.406,0.886,-0.053,-0.092,0.573,-0.28,-0.479,0.898,1.313,7.786,-1.053,0.185,-0.373,0.785,-3.366,-3.076,0.84,start
1780984959.0769088,-0.829,-0.187,0.552,-1.55,1.198,-1.931,-0.663,-0.335,0.611,-7.359,-0.122,-0.962,-0.305,-0.412,0.881,-0.702,0.74,-0.328,-0.275,-0.491,0.884,1.504,7.962,-0.16,0.196,-0.401,0.777,0.344,4.458,-0.214,start
1780984959.1736603,-0.826,-0.181,0.552,-0.786,1.885,-0.458,-0.661,-0.333,0.616,-6.87,0.718,0.29,-0.306,-0.407,0.884,-0.008,-0.412,0.26,-0.276,-0.489,0.89,1.924,6.305,0.031,0.193,-0.389,0.778,0.573,3.733,-0.115,start
1780984959.2725258,-0.829,-0.186,0.557,-2.206,1.237,-3.29,-0.662,-0.338,0.611,-7.206,-0.313,-1.977,-0.302,-0.413,0.882,-0.771,-0.611,-0.305,-0.272,-0.492,0.886,1.969,6.282,-0.351,0.194,-0.398,0.773,-0.771,2.153,0.038,start
1780984959.36829,-0.829,-0.181,0.556,0.252,2.786,0.863,-0.664,-0.331,0.615,-6.389,0.985,0.74,-0.304,-0.407,0.877,0.221,0.74,1.275,-0.276,-0.481,0.888,2.252,6.275,0.275,0.187,-0.391,0.773,0.595,4.405,-0.321,start
1780984959.4725606,-0.833,-0.18,0.555,-1.275,-0.275,-3.099,-0.663,-0.332,0.617,-7.298,-0.481,-2.137,-0.304,-0.411,0.884,-2.397,-1.534,-1.29,-0.274,-0.488,0.886,0.702,7.16,-2.947,0.19,-0.397,0.781,-3.115,-1.878,0.992,start
1780984959.5741673,-0.811,-0.167,0.541,-1.534,2.305,0.153,-0.673,-0.368,0.609,-7.504,0.939,0.756,-0.319,-0.421,0.873,-0.58,2.412,0.382,-0.284,-0.487,0.885,3.275,6.328,0.985,0.231,-0.44,0.854,7.252,6.42,0.679,start
1780984959.6800597,-0.836,-0.188,0.553,-0.481,3.252,0.168,-0.663,-0.319,0.614,-7.229,0.244,0.824,-0.31,-0.393,0.886,-0.076,-0.29,0.053,-0.271,-0.476,0.9,1.13,7.435,0.252,0.226,-0.254,0.802,134.473,-25.763,40.87,start
1780984959.7913156,-0.834,-0.191,0.544,-6.023,12.748,0.481,-0.664,-0.338,0.609,-12.046,3.244,2.023,-0.324,-0.412,0.878,-0.87,6.191,4.229,-0.296,-0.481,0.887,6.641,9.618,5.84,0.211,0.017,0.748,79.168,-8.863,-5.061,start
1780984959.893393,-0.847,-0.181,0.525,-2.145,10.55,2.71,-0.674,-0.335,0.609,-8.473,4.053,1.794,-0.338,-0.406,0.869,-1.198,5.13,2.634,-0.305,-0.472,0.885,0.809,4.603,1.115,0.25,0.093,0.74,20.695,0.443,0.015,start
1780984959.9862459,-0.83,-0.178,0.522,-0.87,-2.664,-3.863,-0.667,-0.355,0.607,-6.74,-1.748,-2.237,-0.331,-0.41,0.879,-1.618,-2.847,-2.107,-0.291,-0.478,0.878,0.214,9.099,-5.687,0.258,0.08,0.722,-33.718,6.214,2.412,start
1780984960.0893106,-0.843,-0.19,0.547,6.26,-19.718,-2.939,-0.661,-0.335,0.614,0.931,-5.534,-2.275,-0.299,-0.412,0.894,1.412,-11.74,-4.817,-0.266,-0.49,0.897,1.641,-0.534,-5.053,0.328,-0.394,0.763,-223.16,56.687,-52.771,start
1780984960.206117,-0.83,-0.177,0.549,-0.924,1.931,-1.947,-0.659,-0.331,0.617,-8.458,4.252,-1.092,-0.329,-0.406,0.876,-2.191,4.29,-0.802,-0.302,-0.487,0.873,-2.832,6.679,-4.733,0.126,-0.321,0.727,-18.817,-2.198,-0.519,start
1780984960.305759,-0.824,-0.188,0.556,-1.756,-0.015,-1.969,-0.651,-0.338,0.606,-8.206,0.985,-0.046,-0.312,-0.423,0.859,-1.031,2.45,1.168,-0.28,-0.5,0.878,1.076,8.656,-1.115,0.209,-0.397,0.788,0.489,5.008,-2.313,start
1780984960.4052668,-0.823,-0.185,0.557,-0.954,0.557,-0.221,-0.655,-0.332,0.621,-6.321,0.275,0.069,-0.299,-0.407,0.883,0.137,1.084,0.519,-0.276,-0.489,0.89,1.664,6.985,0.16,0.174,-0.368,0.789,-1.221,4.176,-1.038,start
1780984960.5057998,-0.829,-0.188,0.545,-2.122,1.931,-3.344,-0.664,-0.333,0.614,-7.214,-0.214,-1.527,-0.301,-0.409,0.884,-0.863,-1.832,-1.145,-0.268,-0.494,0.885,1.412,5.55,-0.695,0.192,-0.4,0.788,-0.634,2.191,-0.008,start
1780984960.606709,-0.83,-0.184,0.55,0.099,3.885,1.122,-0.662,-0.337,0.609,-6.817,1.023,0.473,-0.308,-0.409,0.877,0.153,0.824,0.511,-0.276,-0.49,0.89,2.481,5.328,0.084,0.218,-0.395,0.773,-5.969,-0.55,-4.336,start
1780984960.7074459,-0.827,-0.184,0.552,-1.893,-0.565,-3.847,-0.659,-0.337,0.612,-7.565,-0.382,-2.42,-0.305,-0.41,0.878,-1.634,-0.55,-1.198,-0.274,-0.501,0.879,0.924,8.092,-1.855,0.195,-0.395,0.777,-1.702,0.611,-0.298,start
1780984960.822529,-0.828,-0.189,0.556,-0.382,1.824,0.916,-0.664,-0.333,0.62,-6.435,1.282,1.435,-0.308,-0.412,0.879,0.351,1.305,1.534,-0.277,-0.489,0.89,2.542,6.061,0.695,0.191,-0.391,0.786,1.046,4.916,-0.718,start
1780984960.9137385,-0.824,-0.184,0.554,-0.847,1.885,-1.702,-0.664,-0.332,0.617,-7.542,0.58,-1.229,-0.311,-0.408,0.882,-1.618,-0.679,-1.71,-0.282,-0.488,0.889,0.336,7.427,-3.58,0.189,-0.399,0.781,-4.382,-4.641,0.855,start
1780984963.6038005,-0.827,-0.183,0.557,-0.519,1.176,-0.496,-0.664,-0.333,0.618,-7.0,0.382,-0.42,-0.307,-0.41,0.883,-0.359,0.328,0.71,-0.28,-0.493,0.881,1.985,6.977,-0.71,0.193,-0.382,0.774,-0.351,3.076,0.206,start
1780984963.7053075,-0.828,-0.185,0.555,-0.473,2.214,-0.504,-0.661,-0.335,0.614,-6.947,0.397,-0.015,-0.309,-0.408,0.884,0.046,0.015,0.191,-0.278,-0.49,0.883,1.74,6.366,-0.534,0.189,-0.397,0.776,-0.565,2.244,-0.252,start
1780984963.7974794,-0.83,-0.185,0.56,-0.641,1.481,-0.74,-0.661,-0.335,0.619,-7.038,0.473,-0.466,-0.31,-0.406,0.879,-0.29,-0.466,0.229,-0.277,-0.494,0.88,1.695,6.824,-0.26,0.188,-0.384,0.78,-0.58,2.206,-0.122,start
1780984963.9004643,-0.829,-0.181,0.555,-0.603,0.672,-0.87,-0.659,-0.334,0.616,-7.29,0.634,-0.664,-0.308,-0.409,0.882,-0.733,0.26,-0.153,-0.28,-0.496,0.888,1.611,7.244,-0.649,0.191,-0.394,0.778,-0.817,2.008,0.008,start
1780984964.003858,-0.832,-0.182,0.554,-0.527,1.359,-0.519,-0.659,-0.331,0.621,-6.641,0.405,-0.412,-0.31,-0.405,0.883,-0.061,-0.29,-0.084,-0.271,-0.491,0.885,1.863,7.137,-0.55,0.2,-0.395,0.779,-0.443,2.519,0.145,start
1780984964.1084847,-0.826,-0.182,0.552,-1.71,2.397,-1.122,-0.667,-0.338,0.604,-6.389,0.313,-0.008,-0.302,-0.415,0.882,-0.672,0.405,0.221,-0.269,-0.486,0.9,3.107,7.221,1.0,0.003,-0.394,1.026,165.634,-27.244,59.382,start
1780984964.2295265,-0.836,-0.183,0.551,-2.0,6.45,0.87,-0.662,-0.339,0.628,-9.427,2.557,1.321,-0.311,-0.411,0.871,-0.29,4.489,3.061,-0.309,-0.485,0.899,8.344,11.901,6.611,0.269,-0.129,0.781,112.015,-25.985,-3.015,start
1780984964.312864,-0.818,-0.186,0.568,-3.061,5.359,0.183,-0.665,-0.336,0.602,-8.924,2.198,0.824,-0.32,-0.405,0.881,0.13,2.641,1.519,-0.299,-0.478,0.891,2.664,9.45,1.733,0.255,0.047,0.769,38.687,-0.328,-3.122,start
1780984964.422497,-0.846,-0.182,0.53,-1.527,1.466,-0.931,-0.667,-0.338,0.612,-6.42,-0.84,-0.771,-0.329,-0.407,0.87,-0.214,-0.634,-0.557,-0.288,-0.473,0.887,1.763,7.412,-1.275,0.253,0.094,0.733,-11.366,3.504,0.458,start
1780984964.5292008,-0.852,-0.189,0.53,4.099,-9.252,-0.855,-0.675,-0.333,0.603,-1.107,-3.924,-2.092,-0.328,-0.403,0.875,1.466,-14.351,-6.702,-0.275,-0.486,0.895,-0.29,-6.794,-12.344,0.342,-0.349,0.941,-210.282,31.435,-21.542,start
1780984964.6214943,-0.834,-0.184,0.545,-0.511,-0.046,-0.817,-0.666,-0.334,0.621,-6.359,-0.328,-0.656,-0.309,-0.411,0.885,-0.771,-1.405,-0.481,-0.279,-0.483,0.895,0.26,6.427,-2.237,0.163,-0.458,0.97,-156.198,41.832,-32.901,start
1780984964.755851,-0.837,-0.182,0.547,-2.023,0.183,-1.282,-0.654,-0.335,0.626,-7.366,1.153,-0.695,-0.306,-0.411,0.881,-1.16,3.244,0.725,-0.29,-0.486,0.883,0.87,8.42,0.046,0.196,-0.389,0.776,-1.908,7.229,0.092,start
1780984964.8274467,-0.832,-0.185,0.556,-1.489,1.061,-0.519,-0.664,-0.333,0.614,-6.878,0.137,-0.588,-0.306,-0.407,0.884,-0.443,0.611,0.031,-0.275,-0.485,0.895,1.053,6.794,-0.496,0.193,-0.391,0.78,-0.916,2.405,0.328,start
1780984964.930561,-0.834,-0.181,0.55,-0.962,1.603,-0.84,-0.664,-0.338,0.615,-6.916,-0.191,-0.969,-0.301,-0.412,0.885,-0.687,0.0,0.099,-0.279,-0.487,0.89,1.702,6.725,-1.008,0.189,-0.389,0.775,-1.725,1.893,-0.321,start
1780984965.0444944,-0.831,-0.182,0.547,-0.969,1.45,-0.71,-0.664,-0.331,0.616,-7.16,0.618,-0.16,-0.309,-0.408,0.882,-0.061,0.16,0.519,-0.28,-0.489,0.882,1.405,6.359,-0.45,0.185,-0.394,0.777,-1.496,1.214,-1.374,start
1780984965.1376448,-0.825,-0.183,0.552,-1.198,0.893,-0.832,-0.661,-0.333,0.618,-6.763,0.298,-0.168,-0.309,-0.409,0.88,-0.511,0.718,0.061,-0.28,-0.49,0.885,1.786,7.244,-0.603,0.194,-0.386,0.783,-0.855,2.74,-0.29,start
1780984965.2868981,-0.829,-0.182,0.554,-0.832,1.718,-0.397,-0.663,-0.334,0.613,-6.794,0.046,-0.855,-0.31,-0.409,0.881,-0.305,0.26,-0.046,-0.28,-0.49,0.882,1.832,6.641,-0.405,0.187,-0.391,0.777,-0.87,2.305,-0.198,start
1780984965.3425152,-0.829,-0.183,0.548,-1.099,1.55,-0.74,-0.662,-0.334,0.625,-6.756,0.26,-0.328,-0.309,-0.414,0.884,-0.244,0.282,0.26,-0.279,-0.487,0.89,1.618,7.466,0.061,0.194,-0.389,0.778,-0.847,2.26,-0.076,start
1780984965.4552944,-0.831,-0.18,0.547,-0.931,1.405,-0.374,-0.666,-0.333,0.617,-6.985,0.366,-0.313,-0.307,-0.414,0.886,-0.565,0.374,0.458,-0.274,-0.486,0.885,2.015,7.229,-0.771,0.191,-0.393,0.766,-0.427,2.771,-0.282,start
1780984968.2274852,-0.83,-0.185,0.552,-0.863,0.908,-0.695,-0.657,-0.328,0.618,-7.336,-0.061,-0.603,-0.311,-0.41,0.885,-0.626,0.267,-0.237,-0.272,-0.494,0.881,2.031,7.389,-1.237,0.196,-0.395,0.773,-0.015,3.107,-0.084,start
1780984968.3299892,-0.825,-0.182,0.551,-0.527,1.763,-0.351,-0.663,-0.329,0.611,-6.695,0.237,-0.305,-0.308,-0.409,0.882,-0.405,-0.267,0.237,-0.277,-0.485,0.89,1.473,7.023,-0.351,0.192,-0.397,0.768,0.153,2.969,-0.115,start
1780984968.432955,-0.83,-0.184,0.552,-1.031,1.626,-1.298,-0.661,-0.328,0.618,-6.771,0.298,-0.595,-0.301,-0.407,0.883,-0.466,0.359,0.275,-0.275,-0.485,0.889,1.618,6.229,-0.45,0.198,-0.394,0.77,-0.389,2.183,-0.153,start
1780984968.5360937,-0.825,-0.181,0.559,-0.595,1.466,-1.176,-0.662,-0.33,0.613,-6.87,0.496,-0.122,-0.307,-0.41,0.882,-0.725,0.107,-0.16,-0.274,-0.487,0.886,1.679,7.282,-0.557,0.202,-0.396,0.778,-0.511,2.611,0.275,start
1780984968.6389472,-0.828,-0.182,0.548,-1.244,1.504,-1.16,-0.657,-0.334,0.613,-7.107,0.328,-0.687,-0.301,-0.408,0.875,-0.763,0.084,0.244,-0.274,-0.491,0.884,1.779,7.435,0.313,0.196,-0.392,0.778,-0.496,4.16,0.069,start
1780984968.7581286,-0.804,-0.179,0.58,-3.786,4.969,-0.397,-0.662,-0.342,0.602,-9.168,3.595,1.244,-0.316,-0.406,0.866,1.221,9.229,2.687,-0.288,-0.478,0.878,0.16,11.389,2.901,0.235,-0.289,0.816,169.687,-53.244,40.198,start
1780984968.8460822,-0.832,-0.184,0.549,-5.107,8.733,1.534,-0.662,-0.334,0.612,-10.122,2.71,2.038,-0.322,-0.402,0.886,-0.092,4.962,3.481,-0.297,-0.475,0.894,5.702,11.374,4.351,0.234,0.03,0.687,65.931,-2.916,-0.748,start
1780984968.9549658,-0.839,-0.18,0.537,-2.748,6.786,0.496,-0.668,-0.332,0.616,-8.901,1.931,0.718,-0.319,-0.402,0.878,-1.107,4.817,2.863,-0.298,-0.472,0.889,1.969,9.672,3.13,0.228,0.066,0.824,24.122,2.504,-0.718,start
1780984969.0572975,-0.842,-0.181,0.527,-1.298,4.611,0.092,-0.67,-0.333,0.607,-7.992,1.496,-0.13,-0.333,-0.405,0.877,-0.832,0.687,0.023,-0.293,-0.467,0.886,0.939,4.527,-0.405,0.248,0.098,0.775,-0.733,1.198,-0.84,start
1780984969.1538332,-0.842,-0.182,0.528,-0.29,0.618,-0.947,-0.668,-0.337,0.609,-6.443,-0.145,-0.962,-0.33,-0.409,0.866,-0.42,-1.565,-1.053,-0.296,-0.47,0.892,1.969,7.695,-3.015,0.272,0.076,0.816,-12.466,1.092,-0.344,start
1780984969.2689881,-0.848,-0.184,0.524,2.84,-8.557,-2.122,-0.673,-0.333,0.603,-1.389,-3.031,-2.092,-0.334,-0.406,0.87,2.252,-13.397,-6.458,-0.316,-0.469,0.902,0.496,-2.298,-15.542,0.225,-0.087,0.597,-225.168,44.214,1.328,start
1780984969.3678412,-0.821,-0.182,0.55,-1.275,0.565,-2.183,-0.665,-0.333,0.629,-6.435,-0.611,-0.55,-0.306,-0.407,0.885,-0.229,-0.626,0.099,-0.237,-0.459,0.854,0.214,0.405,0.863,-0.224,-0.2,0.809,-35.496,-106.252,-13.481,start
1780984969.4644885,-0.834,-0.183,0.547,-1.092,1.16,-1.481,-0.659,-0.336,0.625,-6.756,2.725,-0.183,-0.305,-0.409,0.878,-0.947,0.916,0.237,-0.276,-0.476,0.893,0.45,8.573,-0.687,0.185,-0.377,0.782,-0.115,1.427,-0.191,start
1780984969.576758,-0.831,-0.182,0.555,-0.847,1.473,-0.878,-0.665,-0.335,0.618,-6.947,0.344,-0.649,-0.303,-0.406,0.879,-0.092,0.565,-0.031,-0.281,-0.478,0.903,1.405,6.733,-0.115,0.185,-0.382,0.783,-0.954,1.924,-0.733,start
1780984969.6893396,-0.832,-0.182,0.553,-0.916,1.099,-1.061,-0.667,-0.333,0.613,-6.962,-0.145,-0.557,-0.303,-0.407,0.884,-0.206,0.122,-0.076,-0.279,-0.478,0.888,0.802,7.099,-1.13,0.19,-0.387,0.783,-1.458,1.038,-0.656,start
1780984969.771897,-0.827,-0.18,0.556,-1.229,1.015,-1.237,-0.662,-0.335,0.617,-7.122,0.321,-0.069,-0.302,-0.41,0.887,-0.389,0.748,0.229,-0.275,-0.48,0.892,1.092,6.382,-0.405,0.188,-0.384,0.782,-0.344,2.824,-0.466,start
1780984969.8886452,-0.829,-0.185,0.555,-1.252,1.412,-1.237,-0.661,-0.333,0.619,-7.42,0.389,-0.084,-0.303,-0.406,0.879,-0.244,0.137,0.435,-0.277,-0.477,0.891,1.427,6.618,-0.359,0.188,-0.387,0.778,-1.214,2.168,-0.336,start
1780984969.9778523,-0.828,-0.184,0.55,-0.885,1.679,-1.573,-0.663,-0.333,0.618,-6.962,-0.069,-1.115,-0.304,-0.403,0.888,-1.107,0.115,-0.695,-0.284,-0.481,0.9,1.191,7.824,-1.519,0.187,-0.385,0.777,-2.481,-0.595,-0.237,start
1780984970.0916352,-0.831,-0.189,0.553,-0.641,1.84,-0.084,-0.662,-0.336,0.616,-6.863,0.802,0.0,-0.299,-0.409,0.878,0.145,-0.13,0.618,-0.278,-0.479,0.898,2.069,5.26,0.573,0.186,-0.385,0.784,0.458,4.359,-0.824,start
1780984972.8770268,-0.83,-0.188,0.559,-0.878,1.092,-0.122,-0.663,-0.333,0.612,-6.786,0.58,0.466,-0.3,-0.411,0.883,-0.015,0.534,0.771,-0.277,-0.478,0.898,1.885,6.427,-0.275,0.194,-0.385,0.785,0.008,3.046,-0.244,start
1780984972.9649568,-0.831,-0.177,0.554,-1.076,1.603,-0.863,-0.661,-0.339,0.615,-6.954,0.168,-0.076,-0.302,-0.413,0.882,-0.092,-0.168,0.55,-0.274,-0.487,0.892,1.718,6.42,-0.511,0.187,-0.39,0.783,-0.069,3.458,-0.321,start
1780984973.0735373,-0.828,-0.18,0.548,-0.832,1.076,-0.557,-0.664,-0.332,0.621,-6.977,-0.061,-1.038,-0.302,-0.409,0.877,-1.168,-0.26,-1.015,-0.276,-0.485,0.894,1.389,7.282,-1.252,0.199,-0.391,0.78,-2.16,-0.962,0.443,start
1780984973.1716485,-0.828,-0.187,0.553,-1.107,2.405,0.244,-0.666,-0.335,0.614,-6.649,0.542,0.489,-0.306,-0.412,0.883,0.443,0.802,0.305,-0.276,-0.484,0.891,1.985,6.427,0.71,0.196,-0.39,0.779,0.344,4.237,-0.542,start
1780984973.277346,-0.829,-0.186,0.555,-1.008,0.756,-0.878,-0.66,-0.328,0.622,-7.382,0.206,-0.824,-0.302,-0.414,0.881,-0.656,0.076,0.107,-0.273,-0.483,0.889,1.45,7.893,-1.374,0.195,-0.393,0.789,-0.962,1.198,0.221,start
1780984973.3772488,-0.828,-0.182,0.561,-1.107,2.962,0.893,-0.654,-0.335,0.615,-7.389,-0.053,1.817,-0.312,-0.404,0.894,0.878,6.42,3.282,-0.281,-0.478,0.89,2.183,12.473,1.649,0.267,-0.278,0.609,162.679,-55.382,50.718,start
1780984973.4815693,-0.839,-0.186,0.543,-4.489,9.702,0.809,-0.666,-0.324,0.606,-10.237,3.374,0.863,-0.303,-0.407,0.879,0.046,3.985,4.168,-0.294,-0.48,0.9,7.198,10.145,6.328,0.24,-0.007,0.728,88.359,-3.282,-3.962,start
1780984973.5826242,-0.828,-0.178,0.532,-1.786,8.137,2.069,-0.672,-0.328,0.612,-9.397,1.649,0.122,-0.316,-0.402,0.867,-3.176,7.84,2.214,-0.307,-0.468,0.881,0.481,10.351,0.557,0.259,0.072,0.79,29.855,2.183,-0.221,start
1780984973.6859462,-0.857,-0.184,0.515,0.031,4.061,1.237,-0.666,-0.335,0.603,-8.359,3.031,1.71,-0.331,-0.407,0.872,0.542,5.985,3.611,-0.3,-0.469,0.886,-1.053,11.595,1.099,0.249,0.129,0.746,6.924,6.084,-0.122,start
1780984973.7937694,-0.845,-0.184,0.528,-0.977,-2.389,-3.153,-0.672,-0.337,0.607,-6.015,-2.282,-2.13,-0.322,-0.406,0.877,-1.015,-4.351,-1.786,-0.301,-0.479,0.886,-2.198,6.687,-4.183,0.265,0.109,0.693,-38.511,5.702,-3.931,start
1780984973.8921568,-0.835,-0.174,0.556,7.473,-25.649,-5.244,-0.663,-0.323,0.633,0.977,-10.336,-5.084,-0.285,-0.403,0.904,-0.84,-12.45,-6.649,-0.228,-0.49,0.877,-1.71,-6.634,-6.725,0.35,-0.506,0.978,-250.137,55.252,-53.427,start
1780984973.9949608,-0.842,-0.189,0.546,1.748,7.496,0.611,-0.663,-0.336,0.624,-6.511,-1.679,-1.206,-0.302,-0.407,0.869,-0.634,-3.336,-0.252,-0.275,-0.498,0.882,-0.481,1.45,-0.344,0.216,-0.42,0.817,2.336,10.71,-1.382,start
1780984974.1117976,-0.827,-0.187,0.557,-1.252,1.565,-2.443,-0.659,-0.335,0.617,-7.305,0.115,-1.573,-0.308,-0.412,0.876,-1.336,-0.115,-1.061,-0.271,-0.493,0.889,0.847,7.45,-1.176,0.193,-0.393,0.778,-3.046,-0.328,0.336,start
1780984974.2119617,-0.829,-0.186,0.554,-0.115,1.305,0.458,-0.663,-0.331,0.615,-6.565,1.023,0.252,-0.303,-0.414,0.883,0.336,-0.145,-0.031,-0.281,-0.491,0.883,1.832,6.679,-0.015,0.191,-0.385,0.782,-0.489,1.458,-0.939,start
1780984974.3040924,-0.825,-0.185,0.552,-1.252,1.298,-1.397,-0.663,-0.335,0.617,-7.214,0.084,-0.931,-0.305,-0.412,0.885,-0.58,0.168,-0.023,-0.271,-0.497,0.887,1.237,6.748,-0.061,0.19,-0.387,0.778,-0.374,3.221,-0.084,start
1780984974.4312787,-0.831,-0.184,0.55,-0.771,1.74,-1.412,-0.664,-0.333,0.609,-6.779,-0.031,-1.427,-0.31,-0.41,0.885,-0.786,-0.061,-0.519,-0.276,-0.49,0.891,1.237,6.55,-2.015,0.192,-0.386,0.777,-2.336,-0.221,0.328,start
1780984974.5187633,-0.828,-0.188,0.555,-0.405,2.153,0.382,-0.665,-0.336,0.608,-6.977,0.962,0.084,-0.305,-0.414,0.883,0.397,0.29,1.084,-0.279,-0.49,0.873,2.229,5.71,0.145,0.192,-0.389,0.786,0.214,3.885,-0.878,start
1780984974.6157277,-0.825,-0.182,0.549,-1.359,1.092,-1.023,-0.662,-0.337,0.617,-7.008,0.221,-0.489,-0.306,-0.412,0.879,-0.847,0.763,-0.214,-0.275,-0.498,0.888,1.366,7.832,-0.076,0.194,-0.393,0.783,-1.015,1.847,0.153,start
1780984974.7165396,-0.827,-0.181,0.557,-0.573,1.359,-0.695,-0.663,-0.336,0.616,-6.58,0.267,-0.206,-0.306,-0.407,0.878,-0.473,-0.031,-0.893,-0.276,-0.492,0.879,1.42,7.153,-1.389,0.202,-0.387,0.771,-1.786,0.244,0.374,start
1780984974.8272953,-0.831,-0.184,0.548,-0.855,1.672,-0.466,-0.662,-0.347,0.625,-6.969,0.443,0.046,-0.303,-0.407,0.879,0.42,0.412,0.405,-0.277,-0.5,0.886,2.145,6.443,0.13,0.188,-0.39,0.783,0.504,4.145,-0.481,start
1780984977.497182,-0.832,-0.181,0.547,-0.435,1.183,-0.557,-0.66,-0.328,0.616,-6.847,0.557,-0.237,-0.304,-0.41,0.886,-0.824,0.382,0.397,-0.281,-0.492,0.889,1.351,7.443,-0.618,0.196,-0.391,0.78,-1.374,0.756,0.366,start
1780984977.6070132,-0.827,-0.185,0.548,-0.71,1.389,-0.557,-0.663,-0.334,0.611,-6.878,0.328,-0.053,-0.309,-0.409,0.875,0.282,-0.015,1.221,-0.278,-0.492,0.885,2.061,6.901,0.405,0.187,-0.397,0.774,0.611,4.74,-0.863,start
1780984977.715048,-0.826,-0.184,0.554,-1.389,0.275,-2.16,-0.664,-0.336,0.615,-6.962,-0.137,-1.107,-0.306,-0.415,0.883,-1.313,0.076,-0.672,-0.278,-0.497,0.883,1.443,6.786,-1.252,0.197,-0.4,0.774,-0.817,1.924,0.366,start
1780984977.8151639,-0.829,-0.187,0.548,-0.214,1.84,0.496,-0.665,-0.332,0.62,-6.893,0.939,0.489,-0.311,-0.412,0.883,0.336,-0.137,0.229,-0.275,-0.493,0.89,2.107,7.344,0.344,0.193,-0.392,0.775,-0.214,2.45,-0.122,start
1780984977.9213958,-0.83,-0.184,0.556,-1.412,2.366,-1.481,-0.662,-0.335,0.615,-7.298,0.588,-0.824,-0.304,-0.414,0.876,-0.412,-0.382,-0.092,-0.271,-0.496,0.882,1.809,6.0,-0.725,0.191,-0.394,0.784,0.313,3.053,-0.29,start
1780984978.0146248,-0.823,-0.183,0.556,-1.282,2.122,-1.092,-0.663,-0.331,0.614,-7.733,0.176,-0.908,-0.304,-0.409,0.874,-1.16,0.13,-0.466,-0.28,-0.502,0.849,2.763,7.985,-1.435,0.42,-0.685,1.369,131.809,-16.992,20.985,start
1780984978.1205049,-0.824,-0.188,0.541,-3.527,7.573,1.802,-0.657,-0.34,0.62,-11.74,3.16,2.779,-0.317,-0.413,0.866,1.427,9.496,6.458,-0.286,-0.492,0.874,9.473,19.954,11.099,0.234,-0.028,0.679,129.954,0.267,-3.924,start
1780984978.22747,-0.838,-0.184,0.526,-3.71,9.992,0.84,-0.67,-0.343,0.621,-9.748,3.832,0.397,-0.35,-0.4,0.855,-3.107,5.992,2.229,-0.312,-0.476,0.891,3.802,6.611,3.603,0.267,0.07,0.778,38.351,0.382,1.405,start
1780984978.3376787,-0.842,-0.177,0.506,-2.107,3.71,1.412,-0.679,-0.336,0.579,-8.137,1.359,2.275,-0.326,-0.402,0.882,-0.176,3.832,1.427,-0.319,-0.463,0.885,0.191,10.817,-1.779,0.251,0.131,0.737,-6.702,1.87,2.084,start
1780984978.424475,-0.853,-0.186,0.524,0.313,-3.473,-2.275,-0.676,-0.346,0.596,-4.802,-2.107,-1.947,-0.328,-0.41,0.863,0.328,-6.221,-3.275,-0.315,-0.478,0.887,-3.55,4.313,-10.145,0.158,0.187,0.288,-166.939,35.603,10.855,start
1780984978.5366101,-0.837,-0.178,0.542,2.183,-2.595,-2.58,-0.662,-0.332,0.622,-5.389,-1.405,-1.458,-0.332,-0.405,0.841,-0.366,2.336,-0.267,-0.286,-0.505,0.873,-1.977,-0.779,-2.947,0.17,-0.667,1.536,-158.168,28.908,-59.779,start
1780984978.6423638,-0.838,-0.183,0.549,-0.534,-2.573,-1.725,-0.662,-0.334,0.617,-6.58,1.382,-0.45,-0.305,-0.419,0.875,0.45,1.344,0.977,-0.289,-0.506,0.873,0.908,4.573,0.015,0.185,-0.386,0.771,-2.977,8.282,-2.718,start
1780984978.7383676,-0.833,-0.185,0.546,-1.122,0.756,-2.16,-0.666,-0.338,0.61,-7.45,-0.511,-2.176,-0.305,-0.422,0.875,-2.168,0.244,-1.275,-0.274,-0.506,0.871,0.122,8.336,-1.366,0.19,-0.398,0.774,-2.573,1.756,0.42,start
1780984978.841417,-0.831,-0.184,0.551,-0.985,2.939,0.359,-0.665,-0.335,0.61,-7.328,1.221,0.275,-0.307,-0.414,0.872,0.137,0.481,0.519,-0.28,-0.505,0.882,1.679,6.611,0.046,0.188,-0.385,0.774,-1.336,1.45,-0.809,start
1780984978.9390848,-0.835,-0.185,0.541,-1.55,1.947,-0.855,-0.667,-0.336,0.612,-7.565,0.031,-0.893,-0.308,-0.422,0.878,-0.55,0.221,0.267,-0.279,-0.51,0.872,1.443,6.611,-0.573,0.191,-0.401,0.774,-0.405,3.145,-0.634,start
1780984979.0428934,-0.832,-0.182,0.552,-1.229,1.595,-1.229,-0.665,-0.336,0.614,-7.58,0.122,-1.046,-0.31,-0.416,0.873,-1.084,0.092,-0.779,-0.279,-0.507,0.876,0.817,7.435,-1.511,0.192,-0.39,0.781,-2.565,-0.824,0.443,start
1780984979.1500754,-0.829,-0.185,0.546,-1.244,2.069,-0.405,-0.666,-0.336,0.608,-6.679,0.679,0.305,-0.305,-0.42,0.873,0.634,-0.168,1.389,-0.278,-0.51,0.871,2.214,5.947,0.969,0.185,-0.394,0.775,0.969,5.374,-0.962,start
1780984979.261244,-0.829,-0.184,0.551,-1.618,2.229,-1.45,-0.667,-0.336,0.609,-7.855,0.405,-1.351,-0.31,-0.415,0.874,-1.718,0.771,-0.443,-0.281,-0.508,0.878,1.435,7.626,-1.183,0.192,-0.396,0.782,-1.763,0.641,0.656,start
1780984979.356191,-0.831,-0.184,0.551,-0.382,1.718,0.26,-0.667,-0.335,0.602,-6.672,0.588,0.137,-0.314,-0.417,0.879,0.183,0.046,0.504,-0.279,-0.501,0.878,1.939,6.237,-0.42,0.193,-0.387,0.777,-1.176,1.427,-0.359,start
1780984982.1367583,-0.831,-0.184,0.547,-1.374,0.954,-2.924,-0.667,-0.337,0.612,-7.252,-0.153,-1.588,-0.311,-0.421,0.873,-1.527,0.42,-0.588,-0.281,-0.509,0.879,0.725,7.809,-1.374,0.192,-0.403,0.777,-0.962,1.634,0.641,start
1780984982.2471805,-0.831,-0.182,0.547,-0.099,1.763,-0.206,-0.667,-0.335,0.612,-6.565,0.412,0.351,-0.307,-0.412,0.876,0.29,-0.069,0.656,-0.281,-0.508,0.882,1.977,6.298,-0.084,0.193,-0.395,0.781,-0.313,1.939,-0.443,start
1780984982.3530347,-0.833,-0.188,0.549,-1.061,0.809,-1.611,-0.665,-0.343,0.609,-7.168,0.275,-0.45,-0.307,-0.42,0.878,-0.321,0.687,0.748,-0.28,-0.503,0.873,1.702,8.099,-0.427,0.19,-0.402,0.782,-1.031,1.282,-0.206,start
1780984982.4542756,-0.835,-0.183,0.55,-1.366,0.084,-2.191,-0.667,-0.337,0.605,-7.176,-0.038,-1.282,-0.307,-0.412,0.881,-0.511,-0.687,-0.458,-0.272,-0.507,0.877,1.565,8.115,-1.13,0.195,-0.401,0.779,-1.176,1.336,0.435,start
1780984982.549669,-0.837,-0.19,0.547,0.008,1.71,0.008,-0.666,-0.336,0.609,-6.618,0.595,0.198,-0.304,-0.414,0.878,0.565,-0.214,0.191,-0.277,-0.508,0.879,1.954,6.122,-0.084,0.193,-0.395,0.765,0.29,3.992,-0.496,start
1780984982.6609955,-0.835,-0.185,0.546,-0.702,1.748,-1.489,-0.665,-0.336,0.609,-7.069,0.565,-0.901,-0.311,-0.418,0.875,-0.931,0.45,-0.603,-0.28,-0.503,0.873,1.794,6.985,-0.954,0.205,-0.427,0.798,2.359,4.649,1.229,start
1780984982.7506776,-0.837,-0.183,0.54,-0.893,5.641,0.664,-0.665,-0.334,0.604,-7.389,0.901,0.382,-0.313,-0.414,0.875,0.046,1.237,1.252,-0.273,-0.503,0.888,1.573,7.733,2.183,0.256,-0.358,0.865,183.84,-35.824,44.137,start
1780984982.8652623,-0.816,-0.196,0.551,-3.924,11.519,2.893,-0.674,-0.341,0.608,-10.374,3.344,3.122,-0.319,-0.417,0.871,0.435,7.084,5.13,-0.298,-0.493,0.865,9.87,12.092,8.038,0.251,0.014,0.79,70.473,-7.115,-0.313,start
1780984982.9648206,-0.85,-0.182,0.522,-2.275,4.336,-0.153,-0.674,-0.338,0.604,-7.969,0.908,-0.076,-0.325,-0.412,0.871,-0.733,1.511,0.893,-0.305,-0.486,0.879,2.565,7.695,0.672,0.275,0.087,0.783,14.756,1.985,-1.634,start
1780984983.061085,-0.848,-0.182,0.521,0.038,-1.908,-0.832,-0.673,-0.336,0.595,-5.809,-0.679,-0.74,-0.325,-0.407,0.871,0.603,-4.679,-1.321,-0.312,-0.474,0.892,0.603,8.511,-4.901,0.221,0.209,0.39,-91.221,18.405,-3.534,start
1780984983.1626468,-0.813,-0.183,0.557,2.725,-9.58,-5.473,-0.653,-0.337,0.615,-4.763,-2.527,-2.565,-0.297,-0.423,0.879,-1.397,-0.061,-0.863,-0.271,-0.513,0.868,-0.847,8.908,-1.611,0.242,-0.758,1.562,-241.168,51.985,-64.916,start
1780984983.2659643,-0.836,-0.184,0.541,0.603,-2.511,-1.519,-0.662,-0.332,0.62,-5.947,-0.824,-1.069,-0.297,-0.415,0.884,-1.153,3.046,-0.282,-0.29,-0.501,0.873,0.275,8.282,-1.832,0.201,-0.394,0.775,-0.649,9.534,0.45,start
1780984983.3686662,-0.836,-0.186,0.547,-0.626,1.153,-0.588,-0.669,-0.333,0.612,-6.985,-0.198,-0.366,-0.31,-0.416,0.872,-0.504,1.031,0.595,-0.277,-0.506,0.884,1.069,7.267,-0.359,0.185,-0.386,0.777,-1.55,2.427,-0.282,start
1780984983.471752,-0.832,-0.186,0.553,-1.29,0.924,-1.71,-0.665,-0.335,0.606,-7.183,0.55,-0.771,-0.31,-0.419,0.877,-0.534,0.687,0.282,-0.278,-0.509,0.871,1.229,7.076,-0.832,0.197,-0.388,0.773,-0.618,3.87,-0.427,start
1780984983.5808146,-0.829,-0.183,0.543,-0.885,1.183,-0.687,-0.667,-0.331,0.617,-6.939,0.313,-0.45,-0.311,-0.42,0.881,-0.13,-0.29,-0.137,-0.279,-0.502,0.874,1.588,6.504,-1.023,0.193,-0.389,0.786,-1.397,1.389,-0.786,start
1780984983.6849813,-0.832,-0.186,0.546,-0.977,1.008,-0.893,-0.669,-0.341,0.606,-7.198,0.244,-0.336,-0.302,-0.417,0.878,-0.649,0.588,-0.557,-0.278,-0.507,0.873,1.771,6.71,0.015,0.2,-0.397,0.776,-0.275,3.443,-0.504,start
1780984983.7815232,-0.831,-0.183,0.546,-1.115,1.481,-1.603,-0.667,-0.336,0.605,-7.168,-0.008,-1.0,-0.309,-0.417,0.875,-0.687,-0.191,-0.038,-0.276,-0.51,0.872,1.443,7.626,-0.863,0.195,-0.4,0.777,-1.305,2.359,-0.031,start
1780984983.8850777,-0.833,-0.185,0.544,-0.672,1.542,0.168,-0.667,-0.333,0.614,-6.748,0.481,0.183,-0.311,-0.415,0.875,0.031,0.359,0.947,-0.276,-0.503,0.88,2.115,6.908,-0.489,0.195,-0.394,0.775,-1.29,2.374,-1.26,start
1780984983.9873,-0.829,-0.188,0.545,-0.962,1.374,-0.565,-0.671,-0.342,0.614,-7.137,0.359,-0.206,-0.307,-0.419,0.88,-0.489,0.26,0.893,-0.276,-0.506,0.865,1.427,7.198,-0.427,0.194,-0.402,0.774,-0.817,3.099,-0.107,start
1780984984.0896091,-0.831,-0.186,0.551,-1.031,1.313,-1.26,-0.675,-0.339,0.616,-7.084,0.26,-0.611,-0.307,-0.42,0.879,-0.74,-0.687,-0.382,-0.276,-0.501,0.874,1.115,7.71,-1.298,0.191,-0.398,0.777,-1.832,1.359,0.412,start
1780984986.7680287,-0.836,-0.182,0.546,-1.336,1.649,-1.496,-0.671,-0.338,0.611,-7.366,0.183,-0.557,-0.313,-0.415,0.874,-0.908,-0.069,-0.046,-0.276,-0.512,0.871,1.542,7.26,-0.931,0.19,-0.403,0.777,-0.427,2.412,-0.122,start
1780984986.8707721,-0.834,-0.186,0.542,-1.137,0.878,-2.046,-0.668,-0.337,0.607,-7.015,-0.145,-0.824,-0.312,-0.413,0.879,-1.053,-1.061,-1.221,-0.282,-0.506,0.877,1.298,6.931,-1.977,0.197,-0.398,0.768,-2.374,-1.71,0.458,start
1780984986.9831975,-0.831,-0.189,0.551,-0.191,1.74,-0.092,-0.664,-0.338,0.605,-6.55,0.824,0.13,-0.311,-0.419,0.873,0.618,0.115,0.977,-0.273,-0.506,0.878,2.366,6.168,0.443,0.195,-0.4,0.765,0.695,4.832,-0.847,start
1780984987.0872872,-0.831,-0.179,0.551,-1.267,1.313,-1.603,-0.669,-0.34,0.609,-7.244,0.42,-0.366,-0.305,-0.42,0.876,-0.786,0.282,-0.168,-0.28,-0.51,0.874,1.573,7.779,-0.695,0.207,-0.409,0.774,-0.969,2.183,0.321,start
1780984987.1798995,-0.837,-0.187,0.54,-1.427,2.336,-1.458,-0.67,-0.333,0.618,-6.855,-1.641,0.405,-0.321,-0.416,0.883,1.16,4.756,1.481,-0.285,-0.505,0.872,0.656,11.733,-0.565,0.259,-0.401,0.917,139.863,-52.473,52.412,start
1780984987.2932043,-0.835,-0.185,0.535,-3.832,8.0,0.573,-0.661,-0.344,0.614,-9.366,2.496,2.046,-0.312,-0.412,0.876,1.206,4.634,4.962,-0.278,-0.502,0.861,5.351,11.893,7.168,0.269,-0.056,0.732,96.916,-14.802,-1.618,start
1780984987.3960626,-0.845,-0.187,0.541,-1.328,3.443,-1.282,-0.688,-0.341,0.587,-9.733,-0.748,-0.397,-0.314,-0.409,0.865,-2.916,3.771,1.305,-0.292,-0.494,0.877,2.458,11.313,0.855,0.226,0.074,0.789,31.832,-1.45,3.527,start
1780984987.4894633,-0.837,-0.19,0.524,-2.137,4.069,1.0,-0.671,-0.336,0.6,-7.618,4.756,2.412,-0.333,-0.409,0.872,-1.069,3.779,1.534,-0.293,-0.489,0.875,0.626,7.397,1.0,0.251,0.121,0.769,9.069,2.985,2.901,start
1780984987.6045895,-0.839,-0.182,0.517,-1.168,2.786,-1.099,-0.674,-0.344,0.602,-8.359,0.863,-0.748,-0.329,-0.422,0.868,-0.985,1.725,0.374,-0.294,-0.499,0.865,1.702,8.489,-0.29,0.244,0.114,0.777,-8.191,1.908,-0.351,start
1780984987.7061646,-0.85,-0.186,0.516,2.107,-5.443,-1.053,-0.676,-0.341,0.588,-3.084,-2.924,-1.084,-0.333,-0.412,0.86,2.107,-11.13,-4.26,-0.319,-0.486,0.896,-1.336,1.145,-11.779,0.301,0.01,0.499,-181.038,36.748,14.664,start
1780984987.8078434,-0.833,-0.178,0.545,-0.206,-4.573,-3.55,-0.672,-0.336,0.603,-6.229,-1.55,-1.29,-0.303,-0.423,0.873,-0.702,-3.099,0.046,-0.279,-0.509,0.876,0.557,8.092,-0.107,0.041,-1.051,2.0,-116.137,-46.443,-49.046,start
1780984987.909969,-0.827,-0.198,0.558,-1.038,-2.038,-4.145,-0.659,-0.339,0.614,-7.756,2.511,-2.198,-0.313,-0.415,0.867,-0.733,0.809,-0.328,-0.273,-0.513,0.867,2.42,5.183,-0.672,0.175,-0.385,0.771,-4.237,2.977,-0.183,start
1780984988.004162,-0.833,-0.184,0.549,-0.206,1.198,0.695,-0.665,-0.337,0.609,-6.45,0.924,0.573,-0.308,-0.419,0.875,0.496,0.015,0.618,-0.276,-0.501,0.871,2.198,7.374,0.191,0.189,-0.388,0.782,-2.084,2.092,-1.832,start
1780984988.1196969,-0.832,-0.187,0.542,-1.443,1.756,-0.962,-0.668,-0.336,0.607,-7.275,0.244,-0.489,-0.309,-0.421,0.879,-0.412,0.282,-0.466,-0.276,-0.51,0.871,2.061,5.924,0.168,0.191,-0.392,0.778,-0.214,3.191,-0.725,start
1780984988.2198515,-0.831,-0.182,0.543,-1.229,1.42,-1.725,-0.671,-0.338,0.604,-7.092,0.244,-1.603,-0.31,-0.414,0.879,-1.115,-1.122,-1.015,-0.277,-0.507,0.876,0.824,7.55,-2.389,0.194,-0.393,0.776,-2.344,0.137,-0.031,start
1780984988.3213563,-0.832,-0.187,0.542,-0.481,1.924,0.496,-0.668,-0.339,0.61,-6.611,0.931,0.908,-0.311,-0.418,0.88,0.573,0.427,1.145,-0.282,-0.508,0.874,2.725,5.26,0.595,0.196,-0.396,0.773,-0.015,3.588,-1.458,start
1780984988.425917,-0.831,-0.188,0.551,-1.29,0.84,-1.282,-0.668,-0.338,0.605,-7.092,0.595,-0.756,-0.307,-0.419,0.874,-0.695,0.489,0.099,-0.277,-0.51,0.875,1.29,8.466,-0.641,0.192,-0.394,0.783,-1.198,1.649,0.031,start
1780984988.5216913,-0.831,-0.184,0.542,-0.374,0.771,-0.344,-0.667,-0.338,0.608,-6.802,-0.16,-1.084,-0.313,-0.411,0.876,-0.58,-0.229,-0.443,-0.279,-0.505,0.879,1.458,8.023,-1.565,0.193,-0.397,0.78,-2.13,0.092,0.603,start
1780984988.6259596,-0.833,-0.187,0.549,-1.092,1.42,-0.466,-0.667,-0.337,0.609,-6.626,0.641,0.176,-0.305,-0.42,0.874,0.527,0.954,0.55,-0.274,-0.509,0.878,2.473,5.817,0.42,0.183,-0.399,0.781,0.84,5.427,-1.031,start
1780984991.413585,-0.828,-0.188,0.542,-0.863,1.824,-0.985,-0.667,-0.339,0.607,-6.863,0.252,-0.58,-0.312,-0.418,0.875,-0.198,-0.321,-0.076,-0.28,-0.501,0.875,1.893,7.183,-0.275,0.189,-0.398,0.767,-0.137,2.519,-0.176,start
1780984991.5066578,-0.833,-0.187,0.546,-1.672,1.45,-2.45,-0.663,-0.34,0.602,-7.206,-0.382,-1.565,-0.309,-0.419,0.869,-1.489,-0.244,-1.145,-0.278,-0.511,0.871,1.511,7.191,-1.481,0.194,-0.401,0.782,-0.84,2.237,0.771,start
1780984991.609277,-0.826,-0.189,0.555,-0.145,2.458,1.351,-0.667,-0.336,0.608,-6.626,1.214,0.977,-0.316,-0.419,0.869,0.336,-0.275,0.908,-0.285,-0.505,0.874,2.481,5.427,0.458,0.189,-0.392,0.765,0.282,2.656,-0.771,start
1780984991.7122006,-0.833,-0.183,0.55,-1.031,1.817,-0.992,-0.665,-0.338,0.61,-7.557,0.252,-0.969,-0.309,-0.416,0.874,-0.962,0.252,0.344,-0.279,-0.508,0.874,1.321,6.977,-1.008,0.189,-0.4,0.775,-0.542,2.389,0.092,start
1780984991.8213885,-0.831,-0.179,0.544,-1.427,0.45,-1.534,-0.667,-0.335,0.606,-7.099,0.107,-1.153,-0.312,-0.417,0.872,-0.985,-0.168,-0.344,-0.282,-0.507,0.87,0.977,7.817,-1.916,0.193,-0.401,0.765,-2.229,-0.374,0.718,start
1780984991.924144,-0.831,-0.189,0.541,-0.443,0.863,1.008,-0.664,-0.333,0.613,-6.443,0.443,0.16,-0.308,-0.416,0.877,0.878,-0.191,0.878,-0.276,-0.507,0.876,2.733,6.519,0.817,0.197,-0.399,0.78,2.237,6.595,-0.84,start
1780984992.0213606,-0.832,-0.19,0.541,-1.237,8.664,1.153,-0.673,-0.338,0.604,-5.405,-1.954,0.779,-0.328,-0.417,0.811,3.588,5.954,0.534,-0.27,-0.521,0.864,11.107,2.336,6.595,0.435,-0.054,0.041,244.305,-75.282,63.672,start
1780984992.1240542,-0.85,-0.184,0.524,-4.687,11.191,3.084,-0.666,-0.334,0.617,-9.26,2.244,3.389,-0.337,-0.407,0.872,1.107,4.504,4.084,-0.307,-0.481,0.877,6.336,10.29,3.855,0.251,0.081,0.729,45.878,-0.626,-2.618,start
1780984992.230081,-0.845,-0.188,0.524,-2.618,5.748,0.733,-0.668,-0.339,0.609,-8.45,1.611,0.466,-0.322,-0.409,0.875,-0.939,2.809,2.252,-0.295,-0.491,0.87,2.351,4.901,2.282,0.236,0.123,0.775,12.901,2.573,-5.313,start
1780984992.3347833,-0.848,-0.185,0.518,0.344,0.053,-0.099,-0.678,-0.336,0.6,-5.786,-0.672,-1.389,-0.339,-0.405,0.87,0.153,-4.046,-1.794,-0.301,-0.485,0.876,1.916,3.267,-4.008,0.267,0.096,0.823,-21.71,1.878,2.977,start
1780984992.434748,-0.84,-0.185,0.528,2.687,-8.565,-3.977,-0.632,-0.344,0.63,-3.282,-2.359,-1.015,-0.335,-0.407,0.843,2.977,-7.618,-6.244,-0.297,-0.486,0.916,3.969,-0.771,-12.427,0.219,0.09,0.449,-168.305,31.389,3.489,start
1780984992.5402083,-0.828,-0.188,0.555,1.405,-0.053,-2.756,-0.652,-0.342,0.622,-6.634,0.046,-2.183,-0.306,-0.411,0.875,-0.687,-2.481,-1.74,-0.37,-0.536,1.007,6.359,-1.229,0.641,0.158,-0.562,1.676,-157.527,0.519,-62.137,start
1780984992.6394813,-0.828,-0.188,0.554,-0.58,-3.015,-0.504,-0.652,-0.334,0.63,-6.435,2.115,-0.511,-0.293,-0.412,0.884,0.359,0.794,0.115,-0.27,-0.498,0.888,2.626,6.58,-0.389,0.178,-0.356,0.793,-2.611,7.618,-0.84,start
1780984992.7547731,-0.83,-0.187,0.554,-1.42,2.405,-0.832,-0.661,-0.332,0.623,-6.84,0.687,-0.298,-0.299,-0.416,0.883,-0.366,1.076,0.718,-0.267,-0.498,0.887,1.359,7.244,-0.328,0.174,-0.368,0.791,-2.168,2.038,-2.13,start
1780984992.8566866,-0.823,-0.19,0.559,-1.71,2.229,-1.58,-0.657,-0.332,0.614,-8.053,1.069,-1.664,-0.297,-0.411,0.882,-2.328,1.718,0.115,-0.264,-0.504,0.885,0.443,8.817,-0.603,0.173,-0.373,0.794,-2.405,1.969,-1.977,start
1780984992.948831,-0.829,-0.188,0.557,0.046,2.023,1.015,-0.661,-0.332,0.624,-6.122,0.924,0.489,-0.301,-0.412,0.874,0.267,-0.023,0.992,-0.272,-0.5,0.883,1.702,6.756,0.328,0.179,-0.371,0.784,-2.527,1.771,-3.115,start
1780984993.050982,-0.827,-0.185,0.559,-1.16,1.679,-1.817,-0.66,-0.335,0.617,-7.214,0.649,-0.489,-0.26,-0.414,0.89,-1.214,-1.656,-1.145,-0.264,-0.5,0.866,-2.832,12.053,-0.71,0.188,-0.381,0.785,-1.954,1.725,-1.725,start
1780984993.1594803,-0.826,-0.184,0.554,-1.786,0.824,-2.382,-0.658,-0.334,0.613,-7.443,0.183,-1.351,-0.303,-0.416,0.88,-1.725,-0.237,-0.84,-0.269,-0.503,0.88,0.351,8.534,-1.656,0.184,-0.382,0.786,-1.733,1.71,-0.099,start
1780984993.2678075,-0.826,-0.185,0.551,-0.542,1.863,0.237,-0.657,-0.332,0.621,-6.527,0.908,0.115,-0.306,-0.412,0.88,0.412,0.664,1.145,-0.272,-0.503,0.882,2.351,6.901,0.344,0.171,-0.374,0.779,-1.29,4.557,-2.237,start
1780984996.0468109,-0.828,-0.184,0.551,-1.458,0.977,-2.527,-0.664,-0.338,0.616,-7.397,0.0,-1.252,-0.309,-0.414,0.88,-0.817,-0.328,-0.374,-0.274,-0.51,0.87,1.473,7.366,-0.679,0.188,-0.396,0.781,-0.45,2.794,0.046,start
1780984996.15546,-0.826,-0.189,0.546,-0.16,1.725,0.664,-0.666,-0.338,0.613,-6.687,0.489,0.183,-0.309,-0.412,0.878,-0.008,0.229,0.626,-0.276,-0.5,0.88,2.206,7.267,-0.183,0.189,-0.385,0.782,-0.779,1.344,0.115,start
1780984996.2483618,-0.827,-0.189,0.552,-0.916,1.962,-1.061,-0.661,-0.344,0.615,-6.977,0.443,0.076,-0.304,-0.419,0.883,-0.084,-0.084,1.092,-0.274,-0.506,0.878,2.13,7.344,-0.412,0.18,-0.387,0.776,0.099,3.489,-0.45,start
1780984996.347308,-0.827,-0.186,0.558,-1.366,1.321,-2.13,-0.661,-0.336,0.61,-7.71,0.053,-1.511,-0.306,-0.416,0.884,-1.366,-0.473,-0.611,-0.275,-0.505,0.879,1.183,6.771,-1.405,0.181,-0.385,0.787,-1.427,1.031,0.336,start
1780984996.4501922,-0.827,-0.189,0.557,-1.092,1.786,-0.053,-0.666,-0.336,0.615,-6.863,0.779,0.298,-0.305,-0.412,0.881,0.115,1.015,0.679,-0.275,-0.501,0.883,2.878,6.359,0.618,0.282,-0.656,1.318,74.527,-7.519,26.206,start
1780984996.5586648,-0.832,-0.176,0.547,-3.145,5.458,-0.595,-0.644,-0.331,0.633,-10.45,4.458,1.244,-0.303,-0.423,0.864,-1.695,12.198,6.076,-0.321,-0.528,0.854,5.595,20.55,8.603,0.235,-0.104,0.668,151.656,-20.176,-2.389,start
1780984996.665578,-0.824,-0.186,0.539,-3.847,12.656,1.092,-0.679,-0.335,0.586,-10.924,6.053,0.466,-0.338,-0.404,0.829,-1.878,5.084,1.092,-0.312,-0.502,0.864,0.733,2.74,0.504,0.243,0.061,0.761,40.344,-4.137,-0.107,start
1780984996.7603712,-0.861,-0.181,0.494,-0.16,-0.145,-0.405,-0.668,-0.343,0.597,-7.832,4.427,1.412,-0.331,-0.409,0.87,-1.809,4.137,2.557,-0.302,-0.495,0.887,0.061,7.595,1.069,0.262,0.111,0.761,15.244,6.618,-1.313,start
1780984996.8728502,-0.837,-0.183,0.529,-0.664,1.542,-1.718,-0.676,-0.339,0.595,-7.198,0.397,-0.573,-0.333,-0.419,0.866,-0.107,-0.702,-0.16,-0.306,-0.498,0.861,1.985,8.321,-2.382,0.265,0.087,0.799,-16.122,2.466,-0.611,start
1780984996.9673076,-0.858,-0.184,0.519,5.031,-17.26,-4.313,-0.684,-0.338,0.597,1.519,-8.29,-4.206,-0.321,-0.412,0.884,0.656,-19.122,-11.763,-0.282,-0.526,0.885,-2.855,-6.275,-19.298,0.311,-0.252,0.683,-235.779,55.809,-9.45,start
1780984997.0728517,-0.825,-0.186,0.559,-0.489,0.076,-1.137,-0.658,-0.338,0.626,-6.824,4.198,0.641,-0.305,-0.417,0.884,-1.496,4.038,2.473,-0.273,-0.501,0.869,5.397,15.656,4.305,0.204,-0.422,0.942,-11.924,7.992,-7.321,start
1780984997.1722634,-0.832,-0.186,0.544,-0.573,0.626,-1.702,-0.667,-0.335,0.612,-6.939,-0.771,-1.16,-0.307,-0.414,0.881,-1.466,0.298,-0.87,-0.272,-0.51,0.872,1.053,8.244,-0.924,0.186,-0.389,0.786,-1.901,1.389,0.26,start
1780984997.2742355,-0.831,-0.184,0.553,-0.672,1.794,-0.779,-0.665,-0.339,0.611,-6.779,0.542,-0.137,-0.31,-0.412,0.874,-0.832,0.504,-0.061,-0.279,-0.502,0.881,1.031,7.328,-1.885,0.179,-0.389,0.787,-3.313,0.008,-0.237,start
1780984997.3852828,-0.833,-0.194,0.552,-1.084,1.847,-0.939,-0.667,-0.338,0.594,-6.939,0.954,-0.603,-0.311,-0.425,0.873,0.527,0.122,1.183,-0.273,-0.507,0.869,2.092,5.359,0.664,0.18,-0.389,0.773,0.046,4.763,-1.328,start
1780984997.4814994,-0.829,-0.181,0.546,-0.542,2.0,-0.656,-0.666,-0.332,0.608,-7.107,0.42,-0.733,-0.308,-0.415,0.884,-0.931,0.13,-0.328,-0.276,-0.51,0.872,1.252,7.405,-0.641,0.182,-0.386,0.769,-1.634,1.221,0.023,start
1780984997.5873933,-0.831,-0.186,0.555,-1.076,1.603,-0.183,-0.668,-0.334,0.601,-6.84,0.198,0.046,-0.313,-0.414,0.881,-0.145,0.084,-0.015,-0.277,-0.509,0.873,1.763,6.939,-1.107,0.18,-0.385,0.776,-2.137,-0.099,-0.298,start
1780984997.6972234,-0.828,-0.188,0.552,-1.74,1.13,-1.802,-0.661,-0.344,0.617,-7.481,0.374,-1.275,-0.309,-0.423,0.875,-0.321,0.412,0.015,-0.277,-0.517,0.87,2.115,7.13,-0.023,0.189,-0.394,0.78,0.504,4.992,-0.725,start
1780984997.790209,-0.827,-0.182,0.548,-0.687,1.763,0.176,-0.671,-0.338,0.609,-7.176,0.588,-0.328,-0.312,-0.412,0.875,-0.649,0.412,-0.107,-0.279,-0.51,0.876,1.13,7.344,-1.153,0.189,-0.385,0.789,-1.58,0.718,0.252,start
1780984997.8928819,-0.834,-0.189,0.543,-0.748,1.977,-0.061,-0.666,-0.335,0.599,-6.344,0.542,0.58,-0.311,-0.412,0.87,0.405,0.046,0.863,-0.276,-0.507,0.878,2.412,6.099,-0.092,0.184,-0.386,0.778,-0.664,2.298,-0.489,start
1780985000.6810765,-0.832,-0.186,0.548,-1.061,1.504,-0.817,-0.667,-0.337,0.609,-6.916,0.328,-0.427,-0.308,-0.416,0.881,-0.611,0.45,-0.168,-0.275,-0.51,0.874,1.733,8.153,-0.427,0.188,-0.397,0.769,-1.092,1.756,0.015,start
1780985000.7763588,-0.837,-0.186,0.55,-1.344,1.656,-0.74,-0.667,-0.338,0.606,-6.954,0.687,0.214,-0.311,-0.418,0.873,-0.137,-0.206,0.29,-0.273,-0.508,0.874,1.672,6.809,-0.954,0.194,-0.396,0.773,-1.29,0.542,0.137,start
1780985000.8828175,-0.828,-0.189,0.553,-0.611,1.687,-0.168,-0.665,-0.34,0.622,-7.168,0.565,-0.282,-0.311,-0.419,0.87,-0.115,0.588,0.641,-0.276,-0.514,0.866,1.817,6.71,-0.244,0.19,-0.398,0.773,0.351,4.053,-0.405,start
1780985000.9858158,-0.833,-0.185,0.547,-0.908,1.115,-0.634,-0.665,-0.335,0.612,-6.939,-0.038,-1.023,-0.311,-0.416,0.872,-0.702,-0.122,-0.504,-0.281,-0.51,0.876,1.557,7.282,-0.771,0.187,-0.392,0.777,-1.244,1.206,0.16,start
1780985001.0862198,-0.834,-0.184,0.546,-0.954,1.832,-0.489,-0.668,-0.338,0.611,-6.947,0.504,0.053,-0.31,-0.414,0.868,-0.061,-0.168,-0.153,-0.279,-0.512,0.873,1.916,6.42,-0.359,0.183,-0.39,0.77,-1.206,1.023,0.153,start
1780985001.188718,-0.832,-0.189,0.546,-0.985,1.771,-1.13,-0.662,-0.34,0.614,-7.031,0.763,-0.328,-0.311,-0.423,0.875,-0.053,0.397,0.053,-0.273,-0.512,0.87,2.183,6.779,-0.198,0.189,-0.397,0.781,0.344,4.031,-0.443,start
1780985001.2916577,-0.83,-0.181,0.549,-2.069,3.038,-1.412,-0.66,-0.344,0.617,-8.015,0.458,-0.176,-0.322,-0.416,0.876,-0.038,0.229,-0.466,-0.259,-0.511,0.903,1.534,3.832,0.473,0.001,-0.467,1.112,168.725,-23.504,47.412,start
1780985001.4086747,-0.818,-0.182,0.551,-2.626,15.099,3.084,-0.666,-0.333,0.591,-10.84,3.13,3.435,-0.309,-0.415,0.875,2.107,8.664,7.45,-0.301,-0.495,0.894,14.275,14.763,14.305,0.267,-0.027,0.682,129.244,-18.687,-3.13,start
1780985001.506656,-0.843,-0.173,0.53,-5.191,6.183,0.702,-0.668,-0.336,0.6,-9.42,2.153,2.015,-0.335,-0.413,0.87,-2.649,3.901,4.191,-0.294,-0.486,0.889,4.779,10.885,7.962,0.24,0.104,0.768,42.763,6.924,-1.153,start
1780985001.6006637,-0.854,-0.184,0.516,-2.145,5.45,0.183,-0.673,-0.335,0.603,-8.076,1.985,-0.099,-0.346,-0.411,0.867,-0.824,2.359,0.672,-0.317,-0.473,0.857,-2.176,8.328,-2.031,0.269,0.116,0.795,2.786,2.595,-1.374,start
1780985001.7085922,-0.848,-0.182,0.511,0.542,-2.382,-1.718,-0.68,-0.335,0.592,-5.389,-0.855,-1.221,-0.346,-0.407,0.86,-0.053,-4.092,-2.817,-0.318,-0.485,0.872,0.137,4.878,-6.29,0.239,0.113,0.761,-47.725,3.481,1.557,start
1780985001.8070993,-0.853,-0.178,0.52,5.84,-21.916,-8.267,-0.691,-0.33,0.562,0.527,-16.504,-6.458,-0.313,-0.416,0.878,-0.55,-17.084,-10.466,-0.263,-0.509,0.898,-1.275,-11.679,-13.298,0.32,-0.396,0.783,-243.695,51.908,-45.42,start
1780985001.9179144,-0.834,-0.179,0.543,0.794,-0.198,-1.595,-0.649,-0.335,0.631,-8.809,3.656,0.504,-0.331,-0.413,0.868,-0.733,5.527,0.679,-0.302,-0.508,0.872,0.802,6.29,-2.382,0.106,-0.334,0.718,-11.008,6.794,-0.221,start
1780985002.0166192,-0.833,-0.187,0.549,-0.664,1.893,-0.794,-0.664,-0.337,0.609,-7.351,0.603,-0.687,-0.309,-0.415,0.867,-0.611,0.863,0.168,-0.28,-0.5,0.883,0.969,7.29,-0.679,0.174,-0.392,0.784,-2.924,1.458,0.198,start
1780985002.1161053,-0.835,-0.187,0.545,-1.13,2.58,-1.076,-0.671,-0.338,0.613,-7.344,0.885,-0.023,-0.312,-0.417,0.876,0.008,0.267,0.328,-0.278,-0.507,0.865,1.931,5.389,0.153,0.18,-0.393,0.778,-0.252,2.595,-1.229,start
1780985002.2187438,-0.83,-0.186,0.544,-1.053,1.267,-0.802,-0.662,-0.333,0.608,-6.985,0.74,-0.641,-0.315,-0.415,0.875,-0.885,0.809,-0.366,-0.281,-0.507,0.87,0.885,7.885,-1.092,0.177,-0.396,0.781,-1.855,1.718,-0.824,start
1780985002.3312302,-0.828,-0.177,0.544,-0.45,1.321,-0.634,-0.669,-0.331,0.609,-6.885,0.351,-0.649,-0.314,-0.416,0.869,-0.328,-0.023,0.176,-0.286,-0.507,0.888,1.122,7.206,-1.137,0.176,-0.396,0.777,-2.137,1.16,-0.328,start
1780985002.4355538,-0.827,-0.187,0.549,-1.901,1.534,-1.504,-0.668,-0.335,0.608,-7.115,0.565,-0.573,-0.312,-0.419,0.867,-0.397,0.901,0.916,-0.281,-0.507,0.871,2.015,7.45,0.45,0.179,-0.397,0.785,0.153,3.985,-0.74,start
1780985002.5336173,-0.828,-0.181,0.545,-0.855,0.939,-0.427,-0.668,-0.334,0.612,-7.252,0.107,-0.939,-0.312,-0.417,0.88,-0.878,0.405,0.298,-0.28,-0.508,0.88,1.305,7.519,-1.046,0.178,-0.388,0.777,-0.901,2.076,0.046,start
1780985005.308935,-0.834,-0.181,0.544,-0.519,1.603,-0.985,-0.666,-0.339,0.609,-6.962,0.42,-0.344,-0.311,-0.418,0.866,-0.221,0.206,0.176,-0.278,-0.509,0.866,1.947,6.641,-0.565,0.182,-0.396,0.773,-0.069,3.176,0.076,start
1780985005.414511,-0.835,-0.182,0.549,-1.397,0.649,-2.351,-0.667,-0.333,0.607,-7.496,-0.107,-1.053,-0.317,-0.417,0.877,-0.916,-0.092,-0.206,-0.281,-0.51,0.868,1.313,7.382,-1.122,0.187,-0.404,0.785,-1.023,1.298,0.382,start
1780985005.51489,-0.831,-0.181,0.547,-0.802,0.969,-0.466,-0.667,-0.336,0.61,-6.359,0.519,0.015,-0.307,-0.416,0.878,0.13,-0.145,0.718,-0.278,-0.506,0.872,1.687,7.313,0.618,0.185,-0.396,0.763,0.031,3.649,-0.099,start
1780985005.6248424,-0.833,-0.193,0.546,-0.878,1.916,-0.939,-0.67,-0.343,0.608,-7.229,0.412,-0.412,-0.316,-0.415,0.873,-0.649,0.405,-0.176,-0.278,-0.508,0.87,2.26,6.191,-0.473,0.192,-0.402,0.783,-0.275,2.336,-0.29,start
1780985005.7212758,-0.831,-0.186,0.544,-0.809,1.206,-2.282,-0.667,-0.337,0.61,-7.389,0.252,-1.214,-0.311,-0.418,0.877,-1.008,-0.16,-0.443,-0.277,-0.504,0.866,1.305,7.0,-1.168,0.188,-0.405,0.768,-0.954,1.55,0.336,start
1780985005.8338428,-0.833,-0.181,0.543,-0.718,1.573,-0.031,-0.667,-0.339,0.611,-6.649,0.435,0.389,-0.313,-0.416,0.875,0.42,0.038,0.267,-0.281,-0.507,0.872,1.931,6.397,-0.344,0.19,-0.4,0.771,-0.817,1.771,-0.252,start
1780985005.9330156,-0.831,-0.187,0.545,-0.824,2.191,-1.023,-0.665,-0.337,0.598,-6.771,0.015,-0.305,-0.312,-0.419,0.872,0.641,0.206,0.061,-0.271,-0.511,0.877,3.344,3.733,1.45,0.194,-0.447,0.929,108.893,-20.565,-1.145,start
1780985006.044133,-0.825,-0.182,0.553,-3.344,14.42,1.947,-0.664,-0.337,0.613,-13.069,4.252,2.031,-0.324,-0.416,0.86,-2.145,13.267,7.733,-0.284,-0.522,0.849,1.733,16.397,12.573,0.234,-0.081,0.617,142.153,-20.42,-1.916,start
1780985006.132784,-0.844,-0.179,0.509,-4.809,11.71,3.939,-0.688,-0.329,0.583,-11.244,2.71,2.038,-0.332,-0.431,0.878,-3.496,11.145,7.458,-0.292,-0.543,0.846,-4.229,15.992,2.656,0.244,0.103,0.804,49.611,1.679,-0.863,start
1780985006.2478228,-0.861,-0.181,0.504,-2.115,6.229,0.87,-0.688,-0.337,0.572,-8.489,0.863,0.695,-0.352,-0.42,0.851,-1.26,0.977,0.153,-0.323,-0.505,0.862,2.863,3.756,0.183,0.29,0.092,0.873,10.985,3.977,1.26,start
1780985006.3389852,-0.85,-0.18,0.503,-0.031,-6.084,-4.618,-0.675,-0.344,0.588,-4.901,-1.29,-2.687,-0.343,-0.421,0.861,-0.053,-2.473,-2.847,-0.318,-0.505,0.853,-0.115,9.771,-5.267,0.231,0.155,0.68,-34.771,8.534,1.603,start
1780985006.4498081,-0.841,-0.178,0.543,9.389,-32.412,-8.336,-0.673,-0.327,0.604,4.969,-11.176,-7.45,-0.299,-0.421,0.881,1.458,-17.061,-11.695,-0.264,-0.523,0.871,-4.55,-1.779,-14.198,0.34,-0.435,0.863,-242.771,53.504,-46.565,start
1780985006.5488966,-0.829,-0.182,0.543,-0.603,3.939,-0.176,-0.671,-0.338,0.603,-7.282,2.504,-0.344,-0.323,-0.422,0.87,-0.687,1.168,0.542,-0.282,-0.518,0.866,1.473,4.794,-1.023,0.174,-0.401,0.833,-10.275,3.985,-3.695,start
1780985006.6475525,-0.833,-0.187,0.546,-1.771,1.496,-2.824,-0.668,-0.34,0.604,-7.313,1.153,-1.618,-0.312,-0.425,0.866,-0.71,1.603,0.298,-0.28,-0.531,0.855,0.908,8.229,-1.282,0.184,-0.398,0.777,-1.359,3.145,-0.527,start
1780985006.7509186,-0.838,-0.185,0.544,0.038,1.687,0.382,-0.667,-0.343,0.596,-6.893,0.702,0.099,-0.317,-0.417,0.871,-0.252,0.45,0.374,-0.278,-0.52,0.865,1.542,6.771,-0.458,0.188,-0.4,0.784,-2.046,1.534,-0.504,start
1780985006.8658462,-0.836,-0.183,0.54,-0.45,1.534,-0.183,-0.672,-0.335,0.598,-6.71,0.718,-0.099,-0.316,-0.423,0.869,0.084,0.534,0.366,-0.281,-0.522,0.862,1.718,7.206,0.389,0.177,-0.396,0.775,-1.573,2.008,-0.458,start
1780985006.9571671,-0.833,-0.189,0.539,-1.412,1.137,-2.458,-0.666,-0.336,0.603,-7.298,0.16,-1.748,-0.312,-0.424,0.871,-0.977,0.42,-0.519,-0.277,-0.532,0.855,1.214,7.359,-0.84,0.193,-0.409,0.772,-0.534,3.504,0.069,start
1780985007.0596492,-0.833,-0.179,0.544,-0.282,1.656,0.389,-0.672,-0.341,0.608,-6.542,0.336,-0.092,-0.318,-0.424,0.868,-0.176,-0.748,-0.053,-0.28,-0.524,0.859,0.969,6.206,-0.954,0.186,-0.406,0.771,-1.206,1.626,-0.267,start
1780985007.1630921,-0.835,-0.179,0.545,-1.031,1.145,-0.855,-0.671,-0.339,0.608,-6.87,0.412,-0.29,-0.319,-0.417,0.87,-0.298,0.275,0.679,-0.282,-0.525,0.864,1.58,7.145,-0.092,0.184,-0.403,0.779,-0.916,1.87,-0.198,start
1780985009.944171,-0.838,-0.183,0.54,-0.916,1.634,-0.672,-0.67,-0.338,0.603,-7.16,0.466,-0.183,-0.314,-0.421,0.87,-0.244,0.328,-0.176,-0.284,-0.522,0.858,1.779,7.076,0.26,0.2,-0.406,0.77,-0.733,1.931,0.0,start
1780985010.048926,-0.84,-0.181,0.544,-1.046,1.198,-0.565,-0.668,-0.344,0.597,-7.183,-0.031,-0.534,-0.319,-0.428,0.868,-0.084,0.008,0.099,-0.278,-0.526,0.86,1.733,6.779,-0.641,0.2,-0.415,0.774,-0.687,1.824,0.107,start
1780985010.152668,-0.838,-0.185,0.537,-0.672,1.702,-0.458,-0.666,-0.338,0.607,-6.931,0.122,-0.244,-0.316,-0.423,0.868,-0.046,-0.023,0.214,-0.279,-0.524,0.857,1.84,6.481,-0.656,0.192,-0.413,0.775,-0.687,1.763,-0.565,start
1780985010.252972,-0.838,-0.182,0.537,-0.977,1.008,-0.702,-0.669,-0.337,0.612,-6.985,0.221,-0.374,-0.317,-0.424,0.865,-0.344,-0.748,0.672,-0.28,-0.528,0.865,1.664,7.023,-0.214,0.202,-0.408,0.77,-0.489,2.473,-0.053,start
1780985010.3564847,-0.834,-0.185,0.539,-0.87,1.985,-0.351,-0.67,-0.343,0.606,-7.443,0.389,-0.511,-0.312,-0.42,0.869,-0.481,0.191,0.16,-0.285,-0.522,0.865,1.786,6.679,-0.595,0.194,-0.41,0.774,-0.916,1.573,-0.053,start
1780985010.4609408,-0.833,-0.183,0.54,-0.527,1.855,-0.115,-0.678,-0.343,0.606,-6.649,0.42,-0.496,-0.318,-0.425,0.87,-0.664,0.656,0.16,-0.282,-0.529,0.86,1.924,7.634,-0.527,0.191,-0.406,0.765,-0.267,2.794,0.053,start
1780985010.5630267,-0.834,-0.18,0.542,-1.0,1.588,-0.824,-0.676,-0.341,0.611,-7.191,0.076,-0.527,-0.313,-0.421,0.872,-0.244,-0.55,-0.16,-0.279,-0.526,0.854,1.466,7.389,-1.252,0.194,-0.404,0.762,-1.473,0.29,-0.115,start
1780985010.667179,-0.83,-0.183,0.544,-0.664,0.87,-0.351,-0.669,-0.338,0.604,-6.916,0.336,-0.656,-0.314,-0.424,0.871,-0.58,0.626,-0.061,-0.282,-0.529,0.861,1.84,7.634,-0.55,0.193,-0.409,0.764,-0.763,2.229,0.023,start
1780985010.7682948,-0.831,-0.185,0.544,-1.626,2.359,-1.771,-0.666,-0.342,0.599,-7.328,0.053,-0.145,-0.33,-0.423,0.86,0.153,-1.863,-1.939,-0.265,-0.532,0.86,2.458,2.45,-0.992,-0.003,-0.518,1.246,142.046,-3.443,55.435,start
1780985010.8731074,-0.837,-0.187,0.533,-1.992,14.267,3.466,-0.671,-0.333,0.61,-11.214,3.885,3.275,-0.321,-0.425,0.871,1.206,10.702,7.198,-0.299,-0.54,0.801,15.153,13.649,14.664,0.231,-0.016,0.601,160.481,-31.015,-8.176,start
1780985010.9867113,-0.848,-0.182,0.518,-3.908,8.206,1.84,-0.681,-0.34,0.583,-9.053,1.092,2.267,-0.333,-0.413,0.864,0.206,5.45,4.191,-0.319,-0.507,0.854,5.275,13.977,5.237,0.239,0.105,0.753,40.504,5.359,0.115,start
1780985011.077179,-0.854,-0.175,0.499,-1.519,1.053,-0.71,-0.688,-0.34,0.58,-5.687,-1.122,-0.969,-0.346,-0.413,0.861,0.267,-3.977,-2.55,-0.326,-0.496,0.863,2.275,3.115,-4.924,0.275,0.1,0.832,-10.794,1.847,5.137,start
1780985011.1900203,-0.856,-0.184,0.512,1.985,-8.168,-2.511,-0.68,-0.343,0.587,-1.359,-4.611,-2.229,-0.347,-0.411,0.85,1.931,-12.267,-7.061,-0.316,-0.5,0.864,-3.397,-1.947,-16.412,0.155,0.111,0.395,-182.229,43.053,34.557,start
1780985011.2831702,-0.844,-0.176,0.537,-0.191,4.992,-2.267,-0.671,-0.335,0.604,-7.092,-0.053,-1.405,-0.318,-0.423,0.868,-1.794,-2.847,-0.924,-0.277,-0.512,0.88,-3.191,2.733,-0.702,0.007,-1.09,2.0,-145.641,-41.939,-59.489,start
1780985011.396671,-0.827,-0.178,0.548,-0.901,-2.244,-1.519,-0.662,-0.334,0.61,-6.679,3.13,-0.779,-0.315,-0.424,0.875,-0.366,1.191,0.718,-0.288,-0.523,0.86,0.519,4.992,-0.595,0.158,-0.372,0.768,-4.031,4.008,0.076,start
1780985011.4910705,-0.833,-0.182,0.544,-0.656,1.855,-0.725,-0.667,-0.335,0.616,-7.16,0.244,-0.496,-0.312,-0.42,0.875,-0.336,0.305,0.573,-0.281,-0.521,0.862,1.603,6.992,-0.74,0.178,-0.378,0.792,-1.061,2.321,-0.145,start
1780985011.5973513,-0.84,-0.187,0.546,-0.733,1.282,-1.267,-0.669,-0.339,0.609,-6.939,0.328,-0.763,-0.313,-0.422,0.873,-0.176,-0.481,0.382,-0.276,-0.524,0.859,1.664,6.542,-0.16,0.186,-0.384,0.781,-1.107,2.214,-1.817,start
1780985011.7087615,-0.835,-0.186,0.544,-1.046,2.099,-0.534,-0.671,-0.339,0.606,-7.176,0.817,-0.863,-0.313,-0.419,0.871,-0.985,0.29,-0.74,-0.275,-0.522,0.865,1.214,7.496,-0.29,0.184,-0.388,0.784,-1.847,2.87,-1.046,start
1780985011.7983744,-0.826,-0.178,0.542,-0.84,1.664,-0.916,-0.663,-0.336,0.609,-6.939,0.443,-0.397,-0.312,-0.421,0.877,-0.198,0.267,-0.122,-0.281,-0.526,0.862,1.87,7.115,-1.13,0.185,-0.386,0.777,-0.924,2.397,-0.893,start
1780985014.485391,-0.833,-0.178,0.55,-0.718,1.282,-1.252,-0.666,-0.337,0.611,-6.794,0.16,-0.603,-0.314,-0.421,0.874,-0.481,-0.687,-0.122,-0.275,-0.525,0.864,1.473,6.588,-1.221,0.188,-0.405,0.774,-1.198,0.733,-0.275,start
1780985014.580397,-0.834,-0.182,0.552,-0.847,1.145,-1.382,-0.668,-0.338,0.609,-7.023,0.244,-0.397,-0.311,-0.42,0.867,-0.198,0.405,0.427,-0.276,-0.526,0.865,1.954,6.771,-0.153,0.192,-0.389,0.776,0.366,4.481,-0.313,start
1780985014.694089,-0.834,-0.181,0.541,-1.504,2.145,-1.099,-0.667,-0.337,0.608,-7.74,0.389,-0.489,-0.311,-0.421,0.873,-0.901,0.954,-0.221,-0.277,-0.526,0.863,1.519,6.885,-0.397,0.191,-0.401,0.777,-0.817,2.267,0.412,start
1780985014.7853322,-0.828,-0.18,0.547,-0.908,2.595,-0.557,-0.668,-0.337,0.598,-7.229,0.687,-0.206,-0.316,-0.424,0.866,-0.29,0.527,0.298,-0.282,-0.522,0.859,1.985,7.221,0.076,0.187,-0.394,0.772,-0.802,2.641,-0.267,start
1780985014.8881335,-0.83,-0.18,0.546,-1.145,1.282,-0.916,-0.666,-0.341,0.607,-6.969,0.275,-0.389,-0.314,-0.419,0.875,-0.252,0.603,0.023,-0.283,-0.525,0.868,1.779,6.916,-0.771,0.188,-0.388,0.777,-0.763,2.496,-0.275,start
1780985015.0129142,-0.837,-0.181,0.537,-0.916,0.321,-1.023,-0.665,-0.336,0.605,-6.916,0.092,-0.634,-0.314,-0.419,0.871,-0.496,-0.664,-0.557,-0.279,-0.524,0.867,1.847,6.924,-1.313,0.191,-0.417,0.812,1.885,1.992,0.931,start
1780985015.094818,-0.841,-0.18,0.548,-1.405,2.939,1.038,-0.667,-0.336,0.606,-8.198,1.099,1.527,-0.31,-0.418,0.879,-1.542,4.962,3.878,-0.223,-0.526,0.87,6.595,15.511,7.107,0.3,-0.241,0.719,177.702,-45.634,25.603,start
1780985015.1971805,-0.85,-0.175,0.522,-6.656,14.42,3.084,-0.687,-0.338,0.581,-9.992,2.519,1.435,-0.338,-0.413,0.853,-0.107,2.374,2.183,-0.333,-0.466,0.842,0.351,-0.847,5.046,0.267,0.027,0.802,59.702,-9.672,-1.008,start
1780985015.303368,-0.86,-0.177,0.509,-2.29,6.603,1.817,-0.677,-0.339,0.595,-8.481,2.26,0.275,-0.338,-0.415,0.87,-0.885,2.664,2.328,-0.308,-0.496,0.871,4.214,7.183,4.16,0.262,0.101,0.819,20.718,3.679,0.122,start
1780985015.414005,-0.851,-0.178,0.506,-0.466,0.534,-0.176,-0.675,-0.34,0.595,-6.725,0.641,0.0,-0.348,-0.416,0.86,-0.13,-0.992,-0.786,-0.318,-0.499,0.866,2.015,6.16,-2.496,0.271,0.094,0.839,-6.618,2.405,0.244,start
1780985015.5141973,-0.85,-0.177,0.511,1.336,-5.397,-2.359,-0.681,-0.338,0.591,-3.634,-2.153,-1.939,-0.346,-0.415,0.861,1.26,-9.107,-4.71,-0.327,-0.492,0.865,0.466,1.802,-11.069,0.168,0.253,0.263,-131.603,33.71,8.939,start
1780985015.6147583,-0.801,-0.179,0.561,3.0,-3.481,-3.58,-0.661,-0.335,0.617,-7.092,0.122,-1.802,-0.308,-0.425,0.875,-1.763,-0.405,0.0,-0.28,-0.526,0.856,2.26,2.496,0.107,0.186,-0.656,1.468,-217.176,37.748,-72.183,start
1780985015.7121468,-0.829,-0.184,0.548,-1.466,-0.29,-1.29,-0.671,-0.333,0.601,-6.771,0.328,-0.076,-0.309,-0.422,0.874,-0.176,1.969,0.519,-0.278,-0.511,0.872,0.435,11.45,-0.237,0.191,-0.388,0.787,-4.763,-2.053,-0.779,start
1780985015.8150845,-0.834,-0.185,0.545,-1.145,2.16,-1.122,-0.667,-0.336,0.6,-6.901,0.366,-0.328,-0.311,-0.418,0.874,-0.611,0.099,0.305,-0.278,-0.518,0.875,1.519,6.687,-0.038,0.188,-0.394,0.781,-1.557,2.725,-0.237,start
1780985015.9221852,-0.833,-0.182,0.536,-1.099,2.29,-1.092,-0.669,-0.339,0.606,-7.183,0.863,-0.695,-0.32,-0.419,0.877,-0.687,0.679,-0.412,-0.284,-0.517,0.866,1.183,6.733,-0.748,0.188,-0.399,0.781,-1.626,1.718,-0.672,start
1780985016.0271566,-0.834,-0.182,0.546,-1.176,1.099,-1.893,-0.666,-0.333,0.609,-6.916,0.565,-0.626,-0.315,-0.423,0.878,-0.802,-0.076,-0.42,-0.281,-0.515,0.865,1.359,6.947,-1.389,0.188,-0.398,0.782,-2.328,0.244,-0.359,start
1780985016.1240127,-0.837,-0.183,0.548,-0.748,0.611,-1.519,-0.667,-0.336,0.6,-6.366,0.183,-0.366,-0.308,-0.421,0.873,-0.443,-0.695,-0.374,-0.279,-0.519,0.859,1.519,6.511,-0.74,0.187,-0.406,0.783,-0.87,1.015,-0.779,start
1780985016.2270849,-0.836,-0.18,0.547,-0.557,1.45,-0.733,-0.671,-0.338,0.612,-6.618,0.244,0.061,-0.313,-0.421,0.873,0.191,0.519,1.153,-0.277,-0.515,0.872,1.542,7.176,0.145,0.193,-0.394,0.773,-1.58,2.916,-1.137,start
1780985016.3303022,-0.827,-0.181,0.548,-1.74,2.206,-1.008,-0.666,-0.34,0.604,-7.412,0.618,-0.84,-0.312,-0.417,0.871,-0.855,0.58,1.221,-0.279,-0.519,0.859,1.374,7.824,-0.519,0.182,-0.397,0.781,-1.0,2.695,0.206,start
1780985016.4407396,-0.834,-0.184,0.535,-0.908,2.061,-0.366,-0.667,-0.335,0.606,-7.115,0.489,-0.038,-0.312,-0.422,0.87,-0.565,0.489,0.107,-0.277,-0.52,0.86,1.26,7.573,-0.534,0.183,-0.398,0.778,-0.908,2.382,-0.252,start
1780985019.1116626,-0.833,-0.183,0.553,-0.107,1.756,-0.939,-0.665,-0.34,0.607,-6.969,0.344,-0.748,-0.311,-0.423,0.87,-0.489,-0.015,-0.702,-0.279,-0.525,0.871,1.817,6.557,-0.718,0.204,-0.408,0.776,-0.71,2.099,-0.244,start
1780985019.2187772,-0.832,-0.178,0.548,-0.74,2.435,-0.641,-0.672,-0.341,0.61,-6.641,0.427,-0.031,-0.312,-0.42,0.883,0.176,-1.275,0.427,-0.269,-0.518,0.862,1.824,7.328,0.008,0.196,-0.402,0.763,-0.267,3.351,-0.031,start
1780985019.3295424,-0.836,-0.189,0.552,-0.588,1.573,-0.374,-0.664,-0.335,0.609,-6.962,0.824,0.153,-0.308,-0.419,0.868,-0.45,0.573,0.954,-0.274,-0.522,0.861,1.695,7.0,0.198,0.194,-0.403,0.775,-0.137,3.321,0.031,start
1780985019.429528,-0.832,-0.183,0.545,-0.771,2.008,0.0,-0.666,-0.333,0.602,-6.893,0.542,-0.496,-0.312,-0.422,0.873,-0.115,0.26,0.443,-0.277,-0.52,0.874,1.763,7.252,-0.305,0.196,-0.406,0.772,-0.519,2.458,-0.214,start
1780985019.530133,-0.834,-0.182,0.544,-0.939,1.885,-0.557,-0.67,-0.34,0.607,-6.565,0.267,-0.481,-0.308,-0.419,0.875,-0.061,-0.542,0.023,-0.274,-0.524,0.863,1.427,6.565,-0.824,0.193,-0.402,0.777,-0.985,1.679,0.092,start
1780985019.6392634,-0.832,-0.183,0.542,-0.412,0.786,-0.802,-0.671,-0.339,0.609,-6.863,0.046,-0.71,-0.31,-0.422,0.876,-0.481,-0.382,-0.802,-0.272,-0.525,0.869,1.947,6.618,-0.809,0.2,-0.405,0.787,-0.695,2.595,0.122,start
1780985019.7426405,-0.815,-0.186,0.548,-0.397,6.489,3.557,-0.665,-0.342,0.607,-7.519,3.611,2.382,-0.313,-0.419,0.863,1.595,8.328,3.977,-0.334,-0.526,0.785,10.023,11.794,6.908,0.39,-0.578,1.326,227.305,-61.924,39.519,start
1780985019.8325317,-0.843,-0.168,0.528,-9.74,16.015,5.321,-0.684,-0.335,0.608,-10.977,6.046,5.496,-0.352,-0.417,0.845,-3.084,14.168,9.221,-0.313,-0.508,0.87,1.305,20.092,9.878,0.218,0.098,0.708,57.0,6.473,-1.244,start
1780985019.9394798,-0.856,-0.172,0.509,-3.183,4.954,0.756,-0.676,-0.333,0.593,-8.855,1.824,1.687,-0.369,-0.412,0.852,-0.748,3.168,1.924,-0.342,-0.508,0.844,1.969,8.336,0.565,0.253,0.081,0.843,8.656,3.947,2.45,start
1780985020.0386133,-0.856,-0.177,0.509,-0.221,-0.893,-0.992,-0.68,-0.332,0.589,-6.061,-0.626,-1.214,-0.358,-0.409,0.855,1.29,-4.679,-1.725,-0.328,-0.505,0.859,2.489,2.397,-2.618,0.243,0.103,0.797,-12.069,0.0,1.168,start
1780985020.1426075,-0.85,-0.17,0.523,1.87,-7.237,-4.313,-0.675,-0.328,0.594,-3.733,-2.748,-3.931,-0.347,-0.414,0.855,1.145,-8.802,-6.29,-0.306,-0.504,0.865,2.519,0.229,-8.809,0.225,0.147,0.616,-49.733,11.817,3.931,start
1780985020.2544372,-0.824,-0.17,0.551,6.298,-18.534,-9.13,-0.661,-0.33,0.611,-2.046,-6.481,-5.427,-0.293,-0.422,0.885,-0.924,-9.588,-6.473,-0.261,-0.524,0.862,1.313,2.893,-5.0,0.134,-0.53,1.206,-195.344,70.031,-7.191,start
1780985020.357067,-0.845,-0.169,0.541,0.786,6.718,0.115,-0.663,-0.333,0.612,-7.794,2.405,0.595,-0.336,-0.409,0.866,-1.221,-2.855,-0.351,-0.289,-0.517,0.873,0.466,4.763,-0.366,0.171,-0.377,0.8,0.412,7.023,1.443,start
1780985020.455617,-0.835,-0.177,0.55,-0.122,2.74,-0.649,-0.666,-0.328,0.615,-7.053,0.336,-0.534,-0.317,-0.417,0.872,-0.244,0.229,0.611,-0.292,-0.516,0.866,1.588,6.076,-0.611,0.158,-0.356,0.798,-1.145,3.191,0.252,start
1780985020.5533738,-0.83,-0.173,0.542,-0.176,0.847,-1.076,-0.666,-0.332,0.608,-6.519,0.069,-0.802,-0.314,-0.414,0.874,0.252,-0.489,0.374,-0.292,-0.516,0.868,1.954,7.008,-1.0,0.159,-0.356,0.797,-0.695,1.771,-0.412,start
1780985020.6564257,-0.83,-0.171,0.549,0.122,0.351,-0.786,-0.674,-0.331,0.613,-6.511,0.26,-0.71,-0.315,-0.415,0.875,-0.183,-0.412,-0.168,-0.284,-0.516,0.868,1.45,6.015,-1.244,0.151,-0.354,0.797,-2.924,1.191,-2.855,start
1780985020.7594786,-0.837,-0.175,0.538,0.099,1.229,-1.099,-0.664,-0.331,0.611,-6.634,-0.053,-0.908,-0.316,-0.414,0.876,-0.374,-0.771,-0.893,-0.283,-0.515,0.866,0.893,6.588,-1.695,0.161,-0.363,0.806,-1.489,0.885,-1.168,start
1780985020.8628116,-0.836,-0.174,0.539,-0.55,1.565,-0.336,-0.667,-0.335,0.613,-6.847,0.969,-0.023,-0.314,-0.413,0.877,0.061,-0.427,0.489,-0.286,-0.514,0.876,1.611,6.664,0.145,0.161,-0.36,0.795,-2.282,3.137,-2.221,start
1780985020.9656513,-0.832,-0.178,0.545,-1.443,2.321,-0.832,-0.666,-0.333,0.614,-7.733,0.481,-0.992,-0.317,-0.412,0.875,-1.229,1.092,-0.29,-0.289,-0.516,0.862,1.244,7.695,-0.542,0.162,-0.367,0.791,-1.458,2.435,-0.977,start
1780985021.0688694,-0.835,-0.18,0.545,-1.061,1.992,-1.046,-0.666,-0.335,0.607,-7.389,0.611,-0.611,-0.316,-0.417,0.876,-0.626,0.16,-0.015,-0.291,-0.517,0.864,1.038,7.092,-0.718,0.16,-0.363,0.79,-1.557,2.13,-0.679,start
1780985023.7476676,-0.829,-0.179,0.549,-0.924,2.466,-0.855,-0.667,-0.335,0.607,-7.122,0.55,-0.496,-0.314,-0.413,0.883,-0.489,0.137,0.611,-0.282,-0.522,0.869,1.511,7.214,-0.115,0.174,-0.367,0.795,-0.519,2.649,0.298,start
1780985023.8522787,-0.835,-0.176,0.554,-1.481,1.916,-0.794,-0.67,-0.334,0.611,-6.733,0.107,-0.863,-0.316,-0.42,0.87,-0.374,0.061,-0.672,-0.284,-0.522,0.859,1.908,6.481,-0.893,0.168,-0.368,0.781,-0.718,2.595,-0.16,start
1780985023.9527795,-0.833,-0.174,0.548,-1.099,1.229,-0.466,-0.667,-0.332,0.602,-6.832,0.389,-0.412,-0.312,-0.416,0.88,-0.405,-0.107,-0.168,-0.284,-0.523,0.86,1.565,7.328,-0.977,0.173,-0.373,0.787,-1.122,0.771,0.412,start
1780985024.0637543,-0.835,-0.182,0.546,-0.382,1.053,-0.901,-0.664,-0.334,0.614,-7.069,0.206,-0.931,-0.312,-0.419,0.875,-0.282,-0.466,-0.237,-0.284,-0.524,0.862,2.42,7.168,-0.313,0.186,-0.388,0.81,1.244,2.985,0.046,start
1780985024.1647334,-0.84,-0.178,0.545,-1.954,8.733,1.695,-0.673,-0.331,0.601,-7.588,0.748,0.679,-0.32,-0.416,0.869,0.015,1.939,1.305,-0.282,-0.514,0.869,0.687,5.855,4.038,0.223,-0.19,0.541,179.099,-43.802,29.061,start
1780985024.2618687,-0.836,-0.177,0.538,-4.229,9.237,1.336,-0.671,-0.331,0.609,-10.153,2.382,1.542,-0.329,-0.415,0.863,-0.038,5.58,4.099,-0.295,-0.518,0.856,7.183,9.725,5.733,0.251,0.017,0.742,62.718,-1.351,-6.481,start
1780985024.364957,-0.844,-0.179,0.526,-2.046,3.786,-0.527,-0.671,-0.328,0.605,-7.84,-0.718,-0.076,-0.337,-0.413,0.866,0.084,2.786,0.924,-0.305,-0.501,0.865,2.221,7.427,0.099,0.236,0.083,0.76,0.74,1.084,-0.031,start
1780985024.4687574,-0.855,-0.184,0.522,2.863,-6.191,-1.786,-0.677,-0.333,0.591,-2.634,-2.099,-2.053,-0.337,-0.415,0.867,1.397,-10.573,-5.427,-0.314,-0.499,0.879,-0.015,1.0,-12.313,0.274,-0.067,0.506,-199.55,41.763,-2.733,start
1780985024.571467,-0.838,-0.175,0.55,-0.305,-0.611,-2.992,-0.661,-0.336,0.61,-6.985,-0.702,-1.878,-0.308,-0.422,0.874,-1.527,-2.015,-0.687,-0.295,-0.524,0.878,-0.168,5.015,-1.382,0.074,-0.312,0.614,5.863,-6.748,-10.145,start
1780985024.6802535,-0.84,-0.179,0.548,-0.641,2.191,-1.031,-0.668,-0.339,0.609,-6.603,1.504,0.107,-0.313,-0.419,0.873,0.198,0.405,0.366,-0.28,-0.525,0.866,1.122,6.046,-0.031,0.191,-0.384,0.783,0.13,5.321,-1.115,start
1780985024.7830708,-0.835,-0.179,0.549,-0.916,2.588,-1.275,-0.665,-0.331,0.602,-7.374,0.687,-0.046,-0.317,-0.419,0.873,-0.374,0.595,0.588,-0.287,-0.523,0.859,0.809,6.901,-0.527,0.181,-0.382,0.779,-1.168,1.176,-0.183,start
1780985024.8894272,-0.836,-0.179,0.543,-0.962,1.618,-0.954,-0.671,-0.339,0.613,-7.0,0.534,-0.626,-0.321,-0.424,0.876,-0.908,0.802,0.42,-0.286,-0.519,0.863,1.176,7.779,-0.031,0.181,-0.381,0.779,-1.206,1.74,-0.519,start
1780985024.988959,-0.829,-0.18,0.548,-0.603,0.191,-0.672,-0.672,-0.336,0.61,-6.87,0.305,-0.763,-0.319,-0.415,0.868,-0.069,-0.374,-0.008,-0.284,-0.521,0.867,1.718,7.137,-1.046,0.177,-0.385,0.783,-0.817,2.534,-0.496,start
1780985025.0930817,-0.83,-0.181,0.553,-0.458,1.122,-0.916,-0.668,-0.337,0.611,-6.641,-0.031,-0.206,-0.316,-0.417,0.873,-0.244,-0.763,-0.366,-0.289,-0.521,0.876,1.244,6.863,-1.565,0.183,-0.38,0.782,-1.435,0.366,-0.382,start
1780985025.1888385,-0.832,-0.181,0.549,-1.305,0.893,-1.55,-0.67,-0.339,0.617,-7.031,0.244,-0.527,-0.312,-0.417,0.869,-0.275,0.26,-0.328,-0.274,-0.528,0.853,2.023,6.679,0.198,0.187,-0.392,0.783,0.443,4.985,-0.649,start
1780985025.2948322,-0.834,-0.176,0.545,-1.305,1.695,-0.656,-0.667,-0.333,0.609,-7.305,0.603,-0.718,-0.315,-0.417,0.873,-0.74,0.26,0.084,-0.276,-0.523,0.857,1.443,7.748,-0.198,0.184,-0.383,0.771,-1.122,2.382,0.252,start
1780985025.4071984,-0.833,-0.182,0.552,-1.435,2.13,-1.351,-0.672,-0.335,0.604,-7.29,0.206,-1.0,-0.309,-0.424,0.871,-0.992,0.519,0.702,-0.284,-0.524,0.86,1.084,8.115,-0.687,0.181,-0.389,0.78,-1.198,2.336,0.26,start
1780985025.5064893,-0.835,-0.182,0.543,-1.153,1.664,-0.679,-0.666,-0.333,0.602,-6.924,-0.214,-0.725,-0.316,-0.421,0.869,-0.191,-0.565,-0.412,-0.285,-0.524,0.854,1.901,5.763,-0.992,0.187,-0.395,0.774,-0.809,0.916,-0.45,start
1780985025.6144147,-0.832,-0.174,0.549,0.0,0.26,-0.137,-0.668,-0.335,0.603,-6.794,0.008,-0.817,-0.314,-0.424,0.871,-0.084,-0.511,-0.107,-0.283,-0.524,0.859,1.824,5.855,-0.885,0.181,-0.381,0.771,-0.824,1.672,-0.55,start
1780985025.7076876,-0.826,-0.18,0.55,-1.29,0.802,-1.191,-0.666,-0.334,0.612,-6.702,0.191,-0.794,-0.314,-0.42,0.874,-0.634,0.527,-0.305,-0.281,-0.524,0.858,1.389,7.847,-0.718,0.191,-0.392,0.778,-0.832,2.695,0.023,start
1780985028.383483,-0.834,-0.186,0.553,-0.725,1.198,-0.29,-0.669,-0.337,0.615,-6.649,-0.008,-0.366,-0.313,-0.42,0.871,-0.244,-0.198,-0.252,-0.281,-0.525,0.87,1.855,7.076,0.305,0.193,-0.392,0.77,-0.458,1.931,-0.015,start
1780985028.4859898,-0.833,-0.183,0.556,-0.603,1.588,-0.557,-0.667,-0.335,0.606,-6.802,0.466,-0.061,-0.314,-0.418,0.878,0.023,-0.863,0.244,-0.274,-0.524,0.861,1.634,6.015,-0.389,0.191,-0.392,0.773,-0.321,2.443,-0.053,start
1780985028.5884745,-0.829,-0.184,0.55,-1.053,1.763,-0.649,-0.668,-0.338,0.608,-7.221,0.336,-0.542,-0.313,-0.416,0.881,-0.649,0.366,0.237,-0.277,-0.527,0.867,1.534,6.107,-0.84,0.198,-0.393,0.776,-0.718,2.084,0.137,start
1780985028.6910005,-0.827,-0.182,0.555,-0.603,1.649,-0.962,-0.667,-0.333,0.612,-7.099,0.405,-0.191,-0.31,-0.418,0.875,-0.275,-0.069,-0.015,-0.276,-0.523,0.861,1.695,6.427,-0.115,0.196,-0.393,0.783,-0.145,3.389,0.244,start
1780985028.7940743,-0.829,-0.179,0.545,-0.695,2.084,-1.145,-0.665,-0.335,0.612,-7.336,0.16,-0.45,-0.314,-0.419,0.877,-0.023,-0.008,0.221,-0.279,-0.525,0.864,2.107,6.634,-0.099,0.21,-0.402,0.794,1.183,2.16,0.321,start
1780985028.8969223,-0.846,-0.178,0.548,-0.229,2.351,-0.832,-0.667,-0.336,0.603,-6.298,-0.71,-0.397,-0.302,-0.42,0.882,0.389,0.504,-0.092,-0.27,-0.53,0.859,3.069,6.466,2.634,0.233,-0.279,0.723,180.954,-32.107,38.45,start
1780985029.0009463,-0.841,-0.183,0.542,-5.511,7.641,0.153,-0.667,-0.334,0.606,-10.779,2.504,0.916,-0.331,-0.414,0.862,-0.45,2.962,1.992,-0.292,-0.516,0.867,7.542,5.183,2.176,0.265,0.055,0.763,61.855,-2.176,4.458,start
1780985029.1051762,-0.843,-0.181,0.522,-0.977,2.282,-0.779,-0.669,-0.339,0.6,-7.947,1.771,0.366,-0.332,-0.417,0.866,-0.733,1.359,0.969,-0.294,-0.504,0.871,1.947,6.466,0.45,0.272,0.065,0.795,13.328,2.038,-0.023,start
1780985029.2114081,-0.837,-0.183,0.53,0.328,-2.771,-1.305,-0.669,-0.336,0.602,-5.588,-0.908,-0.733,-0.321,-0.415,0.873,0.198,-2.878,-0.84,-0.301,-0.504,0.872,1.29,6.092,-2.985,0.227,0.153,0.543,-65.45,13.954,-1.061,start
1780985029.313163,-0.816,-0.173,0.556,4.069,-9.87,-2.664,-0.667,-0.333,0.619,-4.679,-2.588,-2.008,-0.297,-0.42,0.88,-1.168,-3.313,-1.305,-0.265,-0.526,0.852,-1.947,8.855,-2.275,0.294,-0.475,1.019,-196.382,52.0,-47.176,start
1780985029.4214203,-0.848,-0.184,0.543,-0.053,6.87,0.366,-0.668,-0.334,0.614,-7.198,-1.115,-1.344,-0.311,-0.413,0.871,-0.45,-0.847,-0.763,-0.275,-0.521,0.864,0.244,2.748,-1.046,0.218,-0.414,0.812,-3.679,4.519,0.618,start
1780985029.5151196,-0.826,-0.184,0.552,-0.244,1.641,-0.588,-0.667,-0.327,0.609,-6.649,0.443,-0.076,-0.312,-0.419,0.873,0.031,-0.26,-0.183,-0.287,-0.519,0.857,0.756,6.634,-0.603,0.18,-0.383,0.779,-1.031,0.893,-0.031,start
1780985029.6258004,-0.831,-0.177,0.546,-0.603,0.534,-0.168,-0.664,-0.334,0.611,-6.481,0.038,-0.092,-0.31,-0.419,0.872,-0.435,-0.344,-0.229,-0.276,-0.521,0.867,1.328,7.206,-0.603,0.189,-0.386,0.781,-0.603,1.756,-0.618,start
1780985029.722188,-0.833,-0.179,0.546,-1.084,2.0,-0.634,-0.668,-0.334,0.611,-7.176,0.313,-0.511,-0.313,-0.42,0.873,-0.634,-0.176,0.443,-0.28,-0.52,0.864,1.214,6.389,-1.023,0.198,-0.382,0.787,-1.191,1.328,-1.389,start
1780985029.8386927,-0.829,-0.18,0.551,-0.427,2.008,-0.908,-0.666,-0.34,0.609,-7.084,0.344,-0.366,-0.313,-0.42,0.87,-0.321,-0.252,0.344,-0.279,-0.521,0.865,1.519,6.061,-0.84,0.188,-0.383,0.776,-1.344,1.214,-1.183,start
1780985029.9372156,-0.829,-0.182,0.553,-0.603,1.061,-0.947,-0.664,-0.332,0.606,-6.702,0.405,-0.588,-0.312,-0.419,0.873,-0.466,0.466,0.053,-0.282,-0.523,0.868,1.58,6.863,-0.656,0.194,-0.386,0.776,-1.076,1.771,-0.511,start
1780985030.0411646,-0.834,-0.183,0.55,-1.374,1.458,-1.58,-0.664,-0.333,0.612,-6.962,0.534,-0.55,-0.312,-0.417,0.876,-0.328,-0.237,-0.122,-0.278,-0.524,0.858,1.573,6.664,-1.252,0.194,-0.383,0.782,-1.008,1.802,-0.58,start
1780985030.133268,-0.83,-0.179,0.551,-0.42,1.924,-1.038,-0.672,-0.338,0.611,-7.023,0.733,-0.504,-0.307,-0.42,0.876,-0.214,0.13,0.092,-0.278,-0.524,0.86,1.412,7.618,-0.115,0.189,-0.385,0.773,-0.672,2.542,-0.595,start
1780985030.2470136,-0.831,-0.177,0.554,-1.191,1.198,-1.275,-0.667,-0.333,0.604,-6.954,0.305,-0.092,-0.308,-0.425,0.872,-0.336,0.45,-0.55,-0.277,-0.523,0.857,1.618,7.26,-0.74,0.193,-0.388,0.785,-0.992,2.053,-0.321,start
1780985030.3445942,-0.83,-0.183,0.552,-0.511,1.183,-0.458,-0.665,-0.334,0.609,-6.855,0.519,0.099,-0.31,-0.418,0.874,-0.29,0.069,0.42,-0.278,-0.528,0.869,2.015,6.527,-0.924,0.198,-0.387,0.78,-0.71,2.244,-0.481,start
1780985033.0308456,-0.833,-0.181,0.547,-0.672,1.16,-0.183,-0.666,-0.333,0.611,-7.031,0.42,-0.412,-0.315,-0.42,0.874,-0.046,-0.298,0.496,-0.283,-0.524,0.862,1.847,6.885,-0.618,0.189,-0.393,0.783,-1.053,1.344,-0.229,start
1780985033.129738,-0.831,-0.182,0.554,-0.794,0.702,-0.725,-0.667,-0.337,0.614,-7.023,0.015,-0.962,-0.306,-0.418,0.873,-0.42,-0.145,-0.321,-0.275,-0.527,0.864,2.183,6.626,-0.748,0.2,-0.396,0.78,-0.397,2.817,-0.221,start
1780985033.2394702,-0.833,-0.178,0.556,-1.603,1.275,-0.092,-0.664,-0.332,0.616,-7.435,0.924,-0.015,-0.319,-0.417,0.869,-0.244,0.176,0.244,-0.286,-0.526,0.861,1.557,6.672,-0.191,0.197,-0.388,0.784,-0.55,2.595,0.038,start
1780985033.328689,-0.829,-0.182,0.558,-0.969,1.916,-0.435,-0.666,-0.33,0.609,-7.176,0.519,-0.42,-0.312,-0.419,0.869,-0.466,0.611,0.542,-0.281,-0.528,0.857,1.359,7.29,-0.275,0.183,-0.393,0.784,-0.977,1.832,0.267,start
1780985033.4293523,-0.829,-0.177,0.545,-0.885,1.412,-0.374,-0.662,-0.333,0.609,-7.145,0.45,-0.733,-0.316,-0.42,0.879,-0.656,0.397,0.359,-0.284,-0.526,0.86,1.664,7.305,-0.725,0.192,-0.394,0.774,-0.618,1.969,-0.29,start
1780985033.538539,-0.833,-0.185,0.552,-1.718,2.145,-0.977,-0.666,-0.331,0.605,-7.427,0.557,-0.206,-0.317,-0.421,0.864,0.298,-0.13,0.817,-0.315,-0.525,0.866,2.336,6.618,-2.0,0.493,-0.636,1.131,124.214,-20.191,27.71,start
1780985033.644757,-0.817,-0.185,0.561,-2.496,4.809,-0.069,-0.668,-0.329,0.597,-8.718,1.924,0.786,-0.309,-0.422,0.884,-1.137,5.015,2.817,-0.299,-0.526,0.839,9.74,14.092,5.481,0.27,-0.074,0.627,128.344,-33.29,-2.664,start
1780985033.738859,-0.842,-0.18,0.538,-3.84,6.58,1.168,-0.674,-0.338,0.609,-8.252,1.702,1.931,-0.317,-0.413,0.879,0.198,5.29,3.672,-0.302,-0.511,0.868,5.611,8.603,6.771,0.245,0.041,0.798,49.0,-1.176,-4.481,start
1780985033.846126,-0.842,-0.185,0.524,-1.939,3.756,-0.282,-0.674,-0.338,0.594,-7.763,0.718,0.176,-0.336,-0.414,0.861,-0.344,2.008,0.954,-0.304,-0.507,0.865,1.061,9.092,-0.298,0.272,0.084,0.802,4.763,2.328,-3.069,start
1780985033.9460194,-0.844,-0.183,0.523,-0.137,-0.824,-2.29,-0.676,-0.336,0.602,-5.802,-0.611,-1.389,-0.333,-0.411,0.871,-0.366,-2.557,-2.122,-0.301,-0.504,0.867,1.947,4.893,-3.412,0.221,0.154,0.571,-51.725,10.603,-1.16,start
1780985034.0611105,-0.822,-0.181,0.559,5.366,-15.725,-6.115,-0.658,-0.333,0.626,-3.183,-3.733,-3.298,-0.293,-0.42,0.884,-0.069,-4.527,-2.794,-0.258,-0.529,0.857,-1.389,8.824,-2.611,0.263,-0.574,1.135,-244.489,55.397,-59.221,start
1780985034.1503215,-0.849,-0.183,0.548,0.878,2.031,-1.038,-0.663,-0.331,0.609,-7.183,0.458,-1.115,-0.309,-0.414,0.871,-2.351,-1.664,-0.763,-0.286,-0.52,0.861,0.58,5.42,-2.115,0.203,-0.396,0.783,1.542,4.954,0.527,start
1780985034.2575371,-0.83,-0.177,0.552,-1.092,1.687,-0.794,-0.667,-0.335,0.609,-7.473,1.145,-0.305,-0.314,-0.422,0.872,-0.099,0.229,0.695,-0.285,-0.519,0.866,1.687,6.405,-0.282,0.196,-0.386,0.779,-0.244,3.511,-0.473,start
1780985034.3613663,-0.832,-0.173,0.551,-1.45,1.733,-0.817,-0.666,-0.334,0.612,-7.397,0.29,-0.664,-0.312,-0.418,0.871,-0.344,0.42,0.595,-0.281,-0.517,0.868,0.565,8.244,-0.275,0.193,-0.385,0.777,-1.244,2.237,-0.573,start
1780985034.4593258,-0.835,-0.178,0.551,-1.076,1.809,-0.939,-0.665,-0.335,0.608,-6.947,0.351,-0.458,-0.311,-0.419,0.869,-0.802,0.603,-0.16,-0.283,-0.52,0.87,1.321,7.473,-0.107,0.195,-0.389,0.773,-1.466,2.282,-0.473,start
1780985034.5661864,-0.835,-0.18,0.541,-0.977,1.763,-0.985,-0.668,-0.336,0.608,-6.992,0.023,-0.779,-0.315,-0.419,0.875,-0.046,-0.511,-0.122,-0.28,-0.517,0.865,1.733,6.771,-1.153,0.186,-0.388,0.776,-1.237,1.878,-0.344,start
1780985034.6652162,-0.835,-0.177,0.551,-0.351,-0.099,-0.649,-0.666,-0.332,0.606,-6.908,-0.015,-1.145,-0.313,-0.421,0.871,-0.687,-0.282,-0.183,-0.284,-0.517,0.861,0.809,6.931,-1.71,0.199,-0.393,0.778,-2.069,0.015,-0.748,start
1780985034.7793775,-0.834,-0.184,0.553,-0.046,-0.924,-2.168,-0.66,-0.335,0.611,-6.061,-0.931,-0.847,-0.303,-0.422,0.88,-0.351,-0.282,0.634,-0.277,-0.528,0.866,2.267,6.634,0.328,0.2,-0.391,0.773,1.076,6.176,-0.351,start
1780985034.873502,-0.827,-0.18,0.547,-1.221,1.924,-1.382,-0.666,-0.342,0.611,-6.771,0.603,0.099,-0.311,-0.417,0.871,-0.542,0.252,0.901,-0.28,-0.525,0.862,1.412,7.55,-0.405,0.195,-0.395,0.785,-0.588,3.145,0.29,start
1780985034.9744997,-0.829,-0.18,0.555,-1.198,1.527,-0.74,-0.668,-0.337,0.612,-7.092,0.519,-0.344,-0.314,-0.415,0.871,-0.695,0.74,0.321,-0.281,-0.524,0.861,1.153,7.695,-0.176,0.191,-0.39,0.78,-1.015,2.366,0.557,start
1780985037.6523345,-0.833,-0.179,0.549,-1.198,2.015,-1.443,-0.663,-0.343,0.609,-7.16,0.305,-0.336,-0.317,-0.42,0.874,-0.557,0.557,-0.252,-0.278,-0.525,0.863,1.191,6.809,-0.458,0.199,-0.394,0.773,-0.817,2.107,0.321,start
1780985037.7649286,-0.832,-0.181,0.55,-1.183,1.71,-0.863,-0.67,-0.342,0.606,-7.023,0.473,-0.733,-0.313,-0.423,0.874,-0.137,0.29,0.267,-0.282,-0.525,0.859,1.412,6.588,-0.504,0.19,-0.396,0.781,-0.58,2.573,-0.221,start
1780985037.8596988,-0.833,-0.181,0.542,-0.565,1.405,-0.58,-0.668,-0.334,0.616,-7.008,0.405,-0.672,-0.314,-0.421,0.873,-0.183,0.237,0.221,-0.281,-0.527,0.867,1.519,6.702,-0.328,0.198,-0.396,0.765,-0.718,1.794,0.0,start
1780985037.9615943,-0.833,-0.179,0.547,-0.908,0.649,-1.374,-0.663,-0.334,0.613,-6.626,-0.076,-0.908,-0.308,-0.417,0.871,-0.183,-0.542,0.053,-0.277,-0.527,0.861,1.489,6.931,-1.015,0.199,-0.394,0.78,-1.214,0.496,-0.13,start
1780985038.0754993,-0.825,-0.185,0.552,-0.344,1.115,-0.275,-0.662,-0.339,0.611,-6.916,0.053,-0.427,-0.316,-0.416,0.869,0.214,0.443,1.031,-0.277,-0.53,0.865,1.809,7.733,-0.031,0.21,-0.398,0.77,0.42,3.794,-0.344,start
1780985038.1744823,-0.832,-0.185,0.561,-1.321,2.252,-0.458,-0.664,-0.335,0.605,-7.122,0.473,-0.282,-0.311,-0.417,0.87,-0.573,0.626,0.641,-0.279,-0.532,0.856,1.519,7.351,-0.481,0.195,-0.398,0.777,-0.618,2.191,0.214,start
1780985038.272686,-0.829,-0.181,0.548,-1.344,2.145,-0.969,-0.667,-0.338,0.612,-7.29,0.573,0.031,-0.312,-0.418,0.873,-0.458,0.198,-0.252,-0.278,-0.527,0.856,1.656,7.26,-0.267,0.196,-0.404,0.784,-0.42,3.618,0.008,start
1780985038.3894548,-0.818,-0.188,0.55,-2.42,5.061,1.511,-0.671,-0.334,0.616,-8.16,2.344,1.183,-0.318,-0.419,0.874,0.053,6.55,1.664,-0.289,-0.524,0.846,2.908,8.656,1.992,0.368,-0.417,0.933,185.55,-60.588,42.74,start
1780985038.4874344,-0.845,-0.177,0.531,-5.382,8.221,1.038,-0.676,-0.334,0.596,-9.489,3.137,1.305,-0.322,-0.419,0.87,0.321,2.87,1.641,-0.324,-0.51,0.887,8.237,6.458,5.809,0.23,0.059,0.663,65.618,-9.099,-6.053,start
1780985038.5869455,-0.837,-0.178,0.53,-1.42,2.626,-0.679,-0.672,-0.335,0.6,-6.992,0.26,-0.29,-0.327,-0.42,0.864,0.183,1.481,1.168,-0.298,-0.513,0.866,2.519,7.626,0.718,0.266,0.085,0.752,13.649,3.634,-1.382,start
1780985038.6936123,-0.832,-0.178,0.541,-1.008,-0.13,-1.733,-0.677,-0.336,0.599,-6.863,0.679,-0.206,-0.328,-0.416,0.867,-0.771,0.412,-0.176,-0.3,-0.506,0.864,1.504,7.924,-1.84,0.256,0.077,0.78,-16.29,1.641,-1.565,start
1780985038.785865,-0.853,-0.18,0.529,6.031,-15.206,-4.076,-0.68,-0.334,0.603,0.626,-7.321,-4.092,-0.307,-0.412,0.876,0.656,-16.466,-8.374,-0.273,-0.52,0.868,-5.473,-6.061,-13.969,0.326,-0.354,0.739,-242.878,50.221,-35.733,start
1780985038.8887577,-0.828,-0.184,0.556,-1.939,2.786,-1.481,-0.665,-0.334,0.61,-7.489,1.466,-0.718,-0.304,-0.422,0.874,1.405,2.954,1.588,-0.297,-0.512,0.866,-0.389,14.664,-0.901,0.261,-0.428,0.824,2.771,26.069,0.565,start
1780985038.9921024,-0.831,-0.186,0.558,-0.832,0.58,-1.298,-0.668,-0.336,0.61,-6.908,-0.519,-1.168,-0.31,-0.417,0.871,-0.718,0.099,-0.824,-0.281,-0.523,0.864,1.382,6.756,-1.092,0.192,-0.394,0.788,-2.13,1.496,-0.237,start
1780985039.1194177,-0.83,-0.178,0.555,-0.405,0.58,-1.221,-0.669,-0.338,0.605,-6.389,0.046,-0.878,-0.308,-0.417,0.875,-0.962,-0.756,-0.809,-0.279,-0.529,0.865,0.74,6.595,-2.084,0.2,-0.396,0.779,-2.618,-0.023,-0.656,start
1780985039.1974874,-0.829,-0.186,0.557,-0.137,1.809,0.084,-0.67,-0.337,0.608,-6.771,0.534,0.206,-0.309,-0.42,0.876,0.252,0.481,0.962,-0.273,-0.525,0.86,2.527,6.573,0.55,0.197,-0.389,0.778,-0.023,3.908,-1.015,start
1780985039.3073697,-0.832,-0.186,0.55,-1.885,2.359,-0.847,-0.668,-0.336,0.611,-7.42,0.595,-0.366,-0.311,-0.421,0.874,-0.527,0.275,0.672,-0.275,-0.529,0.868,1.817,7.412,-0.275,0.193,-0.396,0.771,-1.237,2.061,-0.145,start
1780985039.403694,-0.832,-0.18,0.556,-1.13,1.763,-0.489,-0.67,-0.333,0.606,-7.198,0.634,-0.198,-0.313,-0.417,0.869,-0.42,0.084,0.45,-0.281,-0.525,0.859,1.443,7.389,-0.664,0.201,-0.396,0.78,-0.847,2.397,-0.282,start
1780985039.5065875,-0.831,-0.182,0.556,-0.611,1.672,-0.519,-0.665,-0.336,0.606,-6.863,0.565,-0.122,-0.314,-0.421,0.872,-0.351,0.443,-0.26,-0.28,-0.525,0.863,1.969,6.557,-0.771,0.198,-0.391,0.775,-0.779,1.832,-0.298,start
1780985039.618473,-0.827,-0.178,0.551,-0.534,0.74,-0.969,-0.666,-0.335,0.614,-6.511,-0.015,-0.763,-0.301,-0.418,0.87,-0.458,-0.74,-0.382,-0.289,-0.526,0.863,1.649,8.275,-0.168,0.199,-0.386,0.772,-2.076,0.16,-0.542,start
1780985042.2879493,-0.834,-0.183,0.543,-0.26,1.725,-1.137,-0.666,-0.34,0.609,-6.763,0.344,-0.137,-0.313,-0.422,0.866,-0.176,-0.718,-0.565,-0.277,-0.525,0.863,2.038,6.832,-0.214,0.195,-0.399,0.778,-0.397,2.443,0.099,start
1780985042.3995583,-0.828,-0.184,0.55,-0.962,1.252,-1.328,-0.668,-0.335,0.609,-7.084,0.359,-0.817,-0.312,-0.418,0.874,-0.779,-0.282,0.137,-0.281,-0.526,0.863,1.702,6.832,-0.885,0.196,-0.401,0.773,-1.244,0.305,0.099,start
1780985042.493428,-0.829,-0.183,0.547,-0.71,0.473,-1.298,-0.664,-0.335,0.614,-6.893,0.061,-0.679,-0.306,-0.421,0.874,-0.206,-0.145,-0.145,-0.281,-0.529,0.863,1.962,6.893,-1.519,0.204,-0.402,0.775,-0.573,1.092,-0.305,start
1780985042.5965905,-0.832,-0.18,0.557,-0.321,1.947,0.008,-0.671,-0.34,0.604,-6.626,0.634,-0.023,-0.313,-0.423,0.875,0.122,-0.55,1.267,-0.277,-0.526,0.873,2.183,6.58,0.023,0.205,-0.398,0.773,0.16,3.702,-0.168,start
1780985042.6995625,-0.828,-0.182,0.557,-1.626,2.275,-1.275,-0.665,-0.338,0.615,-7.366,0.542,-0.519,-0.312,-0.422,0.879,-0.847,0.847,0.092,-0.277,-0.524,0.864,1.603,7.42,-0.13,0.202,-0.392,0.764,-0.534,2.756,0.351,start
1780985042.8071616,-0.831,-0.182,0.547,-1.122,1.611,-0.076,-0.671,-0.337,0.609,-6.985,0.45,-0.687,-0.31,-0.422,0.87,-0.756,-0.008,-0.153,-0.283,-0.523,0.864,1.618,7.374,-0.374,0.19,-0.391,0.773,-0.504,2.687,0.015,start
1780985042.9118705,-0.83,-0.185,0.551,-1.046,1.305,-0.496,-0.67,-0.338,0.609,-6.725,0.542,-0.26,-0.31,-0.419,0.87,-0.374,-0.153,-0.107,-0.281,-0.525,0.86,1.595,7.458,-0.702,0.196,-0.392,0.77,-0.863,1.634,-0.153,start
1780985043.0172534,-0.826,-0.181,0.55,-1.038,0.611,-1.0,-0.669,-0.337,0.598,-6.496,0.496,-0.176,-0.311,-0.422,0.865,-0.641,0.092,-0.466,-0.277,-0.526,0.865,1.496,6.847,-1.107,0.196,-0.392,0.776,-1.092,0.74,-0.122,start
1780985043.1178916,-0.829,-0.186,0.547,-0.313,0.496,-0.412,-0.664,-0.337,0.613,-6.26,0.168,-0.412,-0.312,-0.427,0.875,0.061,-0.817,-0.191,-0.277,-0.525,0.862,2.237,6.115,-0.351,0.207,-0.398,0.774,0.496,3.847,-0.198,start
1780985043.2266798,-0.832,-0.182,0.546,-1.145,2.198,-0.275,-0.669,-0.332,0.611,-6.901,0.26,-0.611,-0.31,-0.422,0.872,-0.702,0.237,0.893,-0.279,-0.526,0.863,1.809,6.817,-0.695,0.205,-0.401,0.772,-0.595,2.87,0.183,start
1780985043.318815,-0.815,-0.178,0.562,-4.313,5.962,-1.618,-0.657,-0.345,0.613,-9.397,1.359,0.863,-0.325,-0.422,0.88,-0.198,2.206,0.16,-0.251,-0.519,0.868,2.145,4.26,2.137,0.006,-0.328,0.728,219.771,-19.985,59.74,start
1780985043.42107,-0.822,-0.179,0.556,-3.641,7.695,0.473,-0.662,-0.336,0.601,-10.885,3.954,2.412,-0.324,-0.42,0.866,0.198,10.519,5.771,-0.278,-0.524,0.84,7.237,15.351,8.55,0.258,-0.102,0.815,107.611,-20.84,-3.099,start
1780985043.5242567,-0.842,-0.183,0.529,-3.069,5.092,-0.038,-0.672,-0.333,0.593,-7.534,0.924,0.122,-0.328,-0.417,0.873,-0.336,3.588,0.656,-0.289,-0.511,0.866,4.13,8.397,3.527,0.248,0.075,0.761,35.298,-2.252,-10.473,start
1780985043.6267374,-0.85,-0.186,0.522,-0.168,0.458,-0.901,-0.68,-0.336,0.594,-7.099,0.626,-1.382,-0.338,-0.432,0.912,-5.87,-8.244,-2.511,-0.269,-0.506,0.86,2.885,6.145,-1.069,0.269,0.061,0.818,0.878,0.565,-1.679,start
1780985043.7430978,-0.844,-0.182,0.526,-0.45,-0.595,-0.092,-0.675,-0.338,0.594,-5.87,0.336,-0.107,-0.333,-0.422,0.87,0.046,-1.573,0.061,-0.301,-0.508,0.866,2.756,5.092,-0.817,0.26,0.088,0.758,-23.046,2.939,-1.664,start
1780985043.8341568,-0.853,-0.178,0.527,5.405,-13.496,-2.809,-0.677,-0.333,0.598,-0.55,-6.534,-4.13,-0.328,-0.414,0.869,-0.313,-14.527,-7.443,-0.288,-0.524,0.872,-2.649,-7.466,-14.023,0.313,-0.346,0.679,-250.137,49.573,-26.611,start
1780985043.9373598,-0.826,-0.184,0.553,-0.282,1.145,-1.275,-0.653,-0.336,0.627,-9.42,5.252,1.145,-0.335,-0.415,0.868,0.107,8.359,1.565,-0.303,-0.53,0.847,-0.45,7.351,-2.16,0.106,-0.323,0.695,-15.313,3.405,-1.092,start
1780985044.0427303,-0.833,-0.18,0.547,-1.328,0.229,-0.977,-0.668,-0.336,0.605,-6.45,0.053,-0.695,-0.314,-0.42,0.876,-0.885,0.74,-0.015,-0.279,-0.523,0.865,1.191,7.458,-0.679,0.195,-0.388,0.777,-1.74,2.794,0.153,start
1780985044.1484327,-0.833,-0.182,0.551,-0.168,0.893,-0.496,-0.668,-0.336,0.605,-6.74,-0.107,-0.45,-0.313,-0.419,0.875,-0.542,-0.374,-0.954,-0.279,-0.521,0.862,1.557,6.618,-0.924,0.199,-0.394,0.775,-2.069,0.336,-0.458,start
1780985044.2484293,-0.83,-0.181,0.553,-0.214,1.26,-0.962,-0.668,-0.332,0.613,-6.458,0.237,-0.191,-0.314,-0.421,0.865,0.038,-0.573,-0.076,-0.275,-0.521,0.86,2.176,6.832,-0.847,0.195,-0.393,0.77,-0.557,2.359,-0.916,start
1780985046.9226694,-0.832,-0.182,0.549,-1.595,1.618,-1.42,-0.666,-0.335,0.607,-7.0,0.496,-0.076,-0.313,-0.42,0.877,-0.626,0.55,0.748,-0.281,-0.524,0.861,1.557,7.771,-0.198,0.198,-0.398,0.778,-0.649,3.023,0.092,start
1780985047.0288167,-0.831,-0.181,0.556,-1.13,2.473,-0.771,-0.667,-0.335,0.603,-7.191,0.58,-0.427,-0.316,-0.426,0.873,-0.939,0.26,0.275,-0.282,-0.525,0.861,1.725,7.092,-0.458,0.199,-0.399,0.771,-0.458,2.626,-0.015,start
1780985047.1452692,-0.833,-0.184,0.553,-0.992,2.053,-0.763,-0.665,-0.334,0.604,-7.046,0.687,-0.687,-0.309,-0.42,0.875,-0.458,-0.107,0.557,-0.278,-0.529,0.866,1.733,6.893,0.038,0.202,-0.401,0.77,0.023,3.534,-0.214,start
1780985047.2423832,-0.827,-0.178,0.548,-1.267,1.962,-0.504,-0.671,-0.338,0.603,-7.603,0.55,-0.26,-0.312,-0.422,0.879,-0.595,1.282,0.374,-0.273,-0.522,0.864,1.664,7.412,0.443,0.195,-0.394,0.766,-0.275,3.603,-0.16,start
1780985047.3474429,-0.831,-0.182,0.543,-1.466,2.321,-0.802,-0.666,-0.338,0.61,-7.092,0.565,-0.634,-0.312,-0.423,0.876,-0.382,-0.122,-0.076,-0.283,-0.526,0.867,1.672,7.13,-0.931,0.204,-0.395,0.775,-0.702,1.695,0.389,start
1780985047.4382715,-0.835,-0.18,0.546,-0.969,0.725,-1.0,-0.666,-0.335,0.611,-6.916,0.267,-0.779,-0.314,-0.42,0.875,-0.359,-0.305,-0.107,-0.283,-0.528,0.867,1.679,7.473,-0.748,0.194,-0.4,0.77,-0.58,1.496,0.107,start
1780985047.5413475,-0.824,-0.182,0.551,-0.351,1.298,0.794,-0.669,-0.337,0.606,-6.733,0.71,0.214,-0.316,-0.417,0.878,0.069,0.519,-0.336,-0.279,-0.523,0.864,2.198,5.916,-0.389,0.339,-0.595,1.038,4.885,-12.634,1.008,start
1780985047.6441627,-0.828,-0.175,0.525,-4.626,12.84,5.802,-0.707,-0.327,0.595,-10.29,2.756,3.092,-0.337,-0.416,0.872,-3.076,4.977,3.092,-0.287,-0.52,0.854,1.099,7.534,6.191,0.304,-0.071,0.663,114.237,-13.992,14.87,start
1780985047.7495275,-0.85,-0.179,0.519,-1.977,2.656,-0.29,-0.677,-0.331,0.599,-6.527,-0.023,0.656,-0.34,-0.417,0.869,1.344,-0.45,0.718,-0.302,-0.518,0.863,6.786,2.992,3.321,0.287,0.049,0.759,31.885,1.878,1.435,start
1780985047.8505526,-0.843,-0.173,0.522,-0.939,1.824,0.038,-0.682,-0.339,0.6,-7.26,1.176,0.435,-0.344,-0.417,0.858,-0.008,1.611,1.252,-0.315,-0.51,0.866,1.893,7.038,-0.122,0.255,0.061,0.818,-16.878,1.71,-2.008,start
1780985047.9594612,-0.844,-0.177,0.53,0.099,-2.695,-2.466,-0.68,-0.337,0.605,-4.977,-0.916,-1.565,-0.349,-0.415,0.859,0.733,-5.748,-2.344,-0.318,-0.503,0.866,2.198,3.595,-7.107,0.13,0.175,0.293,-164.412,31.603,-3.26,start
1780985048.0613484,-0.825,-0.185,0.556,-0.435,1.031,-2.397,-0.666,-0.338,0.609,-7.702,1.328,-1.13,-0.316,-0.419,0.875,-1.71,0.74,0.26,-0.285,-0.525,0.87,0.389,4.557,-0.008,0.164,-0.639,1.457,-66.718,31.527,-28.481,start
1780985048.1590264,-0.835,-0.175,0.546,-1.061,-0.511,-1.718,-0.675,-0.331,0.609,-6.679,1.137,-0.664,-0.31,-0.42,0.877,-0.046,0.153,0.145,-0.295,-0.522,0.856,1.611,7.824,0.511,0.19,-0.407,0.767,-2.733,6.748,-0.771,start
1780985048.2643597,-0.835,-0.175,0.536,-1.168,1.351,-1.084,-0.673,-0.33,0.602,-7.198,0.0,-1.046,-0.32,-0.416,0.87,-0.626,-0.634,-0.183,-0.288,-0.517,0.865,1.092,7.527,-1.565,0.187,-0.404,0.776,-3.824,-1.344,-0.321,start
1780985048.3778722,-0.838,-0.184,0.547,-0.649,-0.191,-2.069,-0.676,-0.337,0.599,-6.687,-0.534,-1.908,-0.317,-0.417,0.878,-0.733,-1.641,-1.031,-0.282,-0.518,0.857,0.389,5.664,-3.374,0.196,-0.409,0.773,-2.168,-1.153,-0.985,start
1780985048.4763443,-0.829,-0.176,0.552,0.863,0.374,-0.74,-0.665,-0.333,0.607,-6.954,0.626,-0.443,-0.315,-0.422,0.873,-0.282,0.412,0.183,-0.283,-0.523,0.85,1.305,7.153,-0.679,0.208,-0.418,0.763,-1.221,0.58,-0.84,start
1780985048.5772066,-0.834,-0.177,0.542,-0.275,0.351,-0.466,-0.668,-0.334,0.609,-6.779,-0.145,-0.939,-0.312,-0.417,0.874,-0.855,-0.267,-0.527,-0.28,-0.522,0.856,1.672,7.359,-0.588,0.218,-0.418,0.769,-0.939,2.344,0.26,start
1780985048.6745481,-0.832,-0.179,0.539,-1.115,1.901,-0.855,-0.669,-0.332,0.6,-6.939,0.321,-0.885,-0.319,-0.421,0.87,-0.511,-0.328,-0.458,-0.28,-0.522,0.86,1.397,6.626,-1.16,0.205,-0.41,0.766,-1.542,1.13,0.282,start
1780985048.7773027,-0.834,-0.184,0.549,-0.779,1.55,-0.992,-0.665,-0.33,0.61,-6.817,0.29,-0.115,-0.314,-0.421,0.874,0.107,-0.275,0.015,-0.285,-0.523,0.867,1.718,6.885,-0.756,0.201,-0.414,0.765,-0.496,1.985,-0.389,start
1780985048.8928034,-0.833,-0.18,0.551,-0.649,1.031,-0.794,-0.67,-0.333,0.601,-6.939,0.397,-0.244,-0.313,-0.419,0.87,-0.489,0.71,0.0,-0.282,-0.527,0.859,1.771,6.534,0.313,0.211,-0.409,0.768,-0.122,3.084,-0.42,start
1780985051.5583699,-0.828,-0.181,0.552,-1.16,1.634,-0.336,-0.667,-0.336,0.603,-7.092,0.26,-0.58,-0.31,-0.423,0.873,-0.382,0.634,0.107,-0.282,-0.527,0.858,1.649,7.145,0.389,0.211,-0.419,0.771,-0.015,4.053,0.435,start
1780985051.675745,-0.83,-0.186,0.546,-0.679,1.382,-0.038,-0.664,-0.337,0.602,-7.0,0.412,-0.069,-0.316,-0.421,0.87,0.42,-0.328,0.26,-0.293,-0.528,0.855,2.534,6.824,-0.702,0.217,-0.411,0.774,-0.115,1.954,-0.26,start
1780985051.7790587,-0.826,-0.185,0.552,-1.275,2.092,-0.71,-0.666,-0.336,0.606,-6.771,0.534,-0.16,-0.309,-0.419,0.87,-0.389,0.588,0.313,-0.283,-0.53,0.858,1.74,7.053,-0.45,0.207,-0.414,0.763,-0.282,3.053,0.176,start
1780985051.8717334,-0.83,-0.184,0.557,-1.336,2.427,-1.282,-0.666,-0.337,0.611,-7.389,0.435,-0.718,-0.311,-0.426,0.873,-1.0,1.008,0.969,-0.283,-0.531,0.861,1.237,7.26,-0.206,0.209,-0.411,0.754,-0.55,2.634,0.13,start
1780985051.9765162,-0.828,-0.19,0.554,-0.916,0.565,-1.237,-0.67,-0.338,0.608,-6.718,0.313,-0.947,-0.312,-0.42,0.875,-0.466,-0.168,-0.046,-0.28,-0.53,0.865,1.191,7.328,-0.656,0.212,-0.417,0.765,-1.84,-0.046,0.542,start
1780985052.074444,-0.832,-0.183,0.547,-1.427,1.595,-1.168,-0.673,-0.337,0.607,-7.252,0.489,-0.237,-0.31,-0.424,0.876,-1.023,0.885,0.137,-0.289,-0.533,0.844,1.382,7.931,0.298,0.223,-0.423,0.78,-0.313,4.87,1.069,start
1780985052.176485,-0.831,-0.181,0.548,-1.595,14.481,3.855,-0.663,-0.34,0.606,-9.344,3.145,3.595,-0.318,-0.423,0.877,0.626,12.481,7.298,-0.267,-0.528,0.886,3.435,18.061,9.977,0.267,-0.233,0.753,171.275,-54.015,33.237,start
1780985052.2793822,-0.844,-0.18,0.519,-6.023,13.969,3.015,-0.668,-0.332,0.604,-11.344,2.435,2.74,-0.343,-0.414,0.858,-1.069,11.031,6.634,-0.285,-0.535,0.916,2.908,12.099,10.069,0.222,0.038,0.793,70.672,0.756,-2.527,start
1780985052.3823366,-0.854,-0.179,0.514,-3.679,7.336,3.855,-0.687,-0.338,0.578,-8.252,3.985,0.405,-0.35,-0.415,0.869,-2.42,4.084,2.931,-0.331,-0.505,0.858,1.672,7.374,3.115,0.225,0.12,0.751,13.588,0.649,-5.466,start
1780985052.490536,-0.857,-0.174,0.507,-1.466,5.672,1.26,-0.678,-0.336,0.593,-8.595,2.237,1.214,-0.366,-0.415,0.847,-0.252,0.817,1.115,-0.328,-0.496,0.831,-1.527,8.511,-1.573,0.227,0.133,0.786,-17.649,-4.214,-4.13,start
1780985052.5990431,-0.858,-0.178,0.504,1.107,-5.397,-1.985,-0.683,-0.339,0.583,-3.252,-2.221,-1.58,-0.356,-0.416,0.855,1.863,-10.008,-4.298,-0.331,-0.503,0.862,2.679,0.603,-9.634,0.115,0.225,0.289,-149.099,24.237,3.756,start
1780985052.7084985,-0.825,-0.172,0.549,3.634,-6.305,-3.137,-0.673,-0.333,0.605,-5.679,-1.756,-2.305,-0.318,-0.418,0.876,-1.58,-4.305,-2.137,-0.288,-0.527,0.868,-1.947,5.031,-2.435,-0.222,-1.875,2.0,-138.115,-178.305,-8.214,start
1780985052.8069706,-0.828,-0.18,0.548,-1.763,-2.71,-2.084,-0.665,-0.329,0.608,-7.115,2.634,-1.832,-0.326,-0.423,0.871,0.244,-0.489,-0.336,-0.291,-0.528,0.858,0.878,6.84,-1.298,0.173,-0.393,0.76,-4.397,5.031,-0.13,start
1780985052.902118,-0.839,-0.181,0.535,-0.779,1.168,-0.954,-0.67,-0.337,0.61,-6.832,0.397,-0.229,-0.325,-0.417,0.872,-0.435,0.038,-0.115,-0.289,-0.523,0.863,2.099,6.374,-0.748,0.173,-0.397,0.777,-0.55,2.679,0.519,start
1780985053.0049074,-0.837,-0.177,0.534,-0.802,1.168,-1.275,-0.672,-0.338,0.604,-6.87,0.046,-0.183,-0.323,-0.419,0.872,-0.405,-1.015,-0.16,-0.291,-0.528,0.857,1.321,7.069,-0.305,0.187,-0.403,0.773,-1.099,2.618,-0.252,start
1780985053.1148143,-0.837,-0.178,0.534,-1.221,0.176,-2.122,-0.676,-0.337,0.597,-6.794,-0.084,-0.977,-0.318,-0.42,0.869,-0.321,-0.977,-0.511,-0.288,-0.525,0.855,1.137,6.511,-1.58,0.186,-0.404,0.785,-1.641,0.55,-1.305,start
1780985053.209198,-0.836,-0.182,0.542,-0.382,1.611,-0.504,-0.674,-0.34,0.608,-6.71,0.45,0.038,-0.322,-0.423,0.871,0.359,0.084,0.939,-0.292,-0.523,0.861,2.351,5.466,-0.405,0.182,-0.405,0.782,-0.008,3.153,-1.191,start
1780985053.3094242,-0.836,-0.18,0.54,-1.229,1.664,-1.359,-0.672,-0.336,0.608,-7.237,0.435,-0.595,-0.327,-0.421,0.87,-0.885,0.298,0.366,-0.292,-0.523,0.851,1.229,7.252,-0.817,0.182,-0.399,0.778,-1.649,1.611,-0.16,start
1780985053.4122872,-0.834,-0.178,0.546,-1.16,0.397,-1.824,-0.67,-0.339,0.606,-7.412,0.061,-1.191,-0.323,-0.425,0.871,-0.832,0.061,-0.489,-0.292,-0.527,0.857,1.557,7.405,-0.595,0.183,-0.406,0.782,-0.809,1.649,-0.321,start
1780985053.5166273,-0.835,-0.178,0.542,0.641,1.26,0.74,-0.671,-0.337,0.605,-6.0,0.557,0.015,-0.32,-0.418,0.875,0.733,0.0,0.076,-0.287,-0.521,0.857,2.328,6.305,-0.084,0.192,-0.395,0.779,-0.252,2.977,-0.679,start
1780985056.1967373,-0.836,-0.178,0.543,-1.947,1.55,-2.0,-0.671,-0.34,0.601,-7.13,0.695,-0.374,-0.326,-0.417,0.861,-0.641,-0.336,-0.947,-0.291,-0.532,0.86,1.702,6.954,-0.74,0.184,-0.407,0.779,-0.626,1.802,0.13,start
1780985056.2975833,-0.835,-0.182,0.548,-0.603,1.313,-0.687,-0.67,-0.336,0.602,-6.725,0.443,0.206,-0.325,-0.42,0.87,0.237,-0.336,-0.031,-0.291,-0.524,0.853,2.015,6.916,-0.565,0.189,-0.408,0.771,-0.573,1.718,-0.397,start
1780985056.4066844,-0.834,-0.172,0.543,-1.191,0.641,-1.634,-0.669,-0.336,0.595,-6.901,0.412,-0.496,-0.321,-0.418,0.863,-0.519,0.305,-0.305,-0.285,-0.525,0.856,1.74,6.779,-1.389,0.188,-0.406,0.77,-0.947,1.13,-0.137,start
1780985056.5028284,-0.83,-0.177,0.543,-0.763,1.29,-0.237,-0.668,-0.337,0.602,-7.13,0.473,-0.45,-0.321,-0.421,0.864,-0.076,0.458,0.626,-0.29,-0.526,0.859,2.076,7.611,0.748,0.194,-0.4,0.772,0.29,4.26,-0.321,start
1780985056.6148155,-0.834,-0.177,0.55,-1.206,2.191,-0.748,-0.673,-0.331,0.603,-7.344,0.382,-0.328,-0.321,-0.421,0.868,-0.672,0.947,0.817,-0.289,-0.523,0.851,1.71,8.061,-0.527,0.189,-0.407,0.779,-0.489,2.466,0.359,start
1780985056.7084796,-0.827,-0.178,0.552,-2.023,1.153,-1.069,-0.67,-0.336,0.609,-7.565,1.015,0.366,-0.321,-0.421,0.867,-0.176,1.733,1.0,-0.289,-0.531,0.87,1.321,10.153,0.084,0.152,-0.436,0.999,86.985,-19.435,34.847,start
1780985056.825606,-0.83,-0.179,0.549,-1.16,4.092,0.878,-0.675,-0.339,0.609,-7.695,0.931,0.702,-0.326,-0.421,0.87,0.206,1.763,1.511,-0.294,-0.524,0.851,3.176,6.702,1.214,0.269,-0.197,0.776,95.046,-20.473,14.733,start
1780985056.9208896,-0.839,-0.178,0.535,-2.374,4.824,-0.031,-0.674,-0.328,0.592,-8.412,-0.481,-0.244,-0.326,-0.417,0.873,-0.809,2.374,0.588,-0.28,-0.521,0.859,3.885,8.031,3.328,0.263,-0.052,0.829,67.26,-16.847,-2.916,start
1780985057.0282035,-0.846,-0.181,0.53,-1.901,4.786,-0.153,-0.69,-0.337,0.583,-7.321,-0.641,0.412,-0.333,-0.419,0.859,0.061,0.969,0.992,-0.295,-0.516,0.864,3.321,4.023,2.527,0.264,0.066,0.768,25.931,2.863,-2.733,start
1780985057.1212113,-0.845,-0.177,0.533,-0.427,0.099,-0.832,-0.675,-0.335,0.599,-6.58,0.008,-0.695,-0.338,-0.418,0.856,-0.389,-1.725,-0.565,-0.302,-0.509,0.864,1.328,6.359,-2.252,0.243,0.11,0.721,-29.382,3.405,0.992,start
1780985057.2258885,-0.836,-0.179,0.543,5.863,-16.931,-5.374,-0.666,-0.33,0.615,-1.252,-5.611,-4.489,-0.306,-0.417,0.88,-0.916,-8.649,-4.626,-0.266,-0.531,0.861,-4.908,6.786,-8.55,0.334,-0.49,0.819,-250.137,53.947,-55.366,start
1780985057.3266096,-0.83,-0.179,0.543,-1.794,8.771,0.427,-0.688,-0.336,0.578,-6.282,0.313,-0.481,-0.323,-0.417,0.871,0.099,-4.985,-0.947,-0.28,-0.515,0.868,1.389,0.267,-0.916,0.191,-0.416,0.823,-13.466,-7.718,-2.252,start
1780985057.4316554,-0.833,-0.175,0.548,0.107,1.542,-0.672,-0.671,-0.331,0.602,-6.328,0.321,-0.298,-0.32,-0.419,0.869,-0.252,0.534,-0.42,-0.284,-0.527,0.863,1.947,6.45,-1.221,0.189,-0.39,0.783,-2.183,0.16,-0.466,start
1780985057.54113,-0.834,-0.179,0.551,-0.695,0.542,-1.145,-0.667,-0.337,0.606,-6.748,0.511,-0.527,-0.316,-0.42,0.863,-0.351,0.282,-0.557,-0.285,-0.526,0.858,1.718,6.382,-0.511,0.19,-0.392,0.781,-0.626,2.45,-1.038,start
1780985057.6398275,-0.831,-0.177,0.549,-0.809,2.466,-0.527,-0.674,-0.332,0.602,-7.374,0.893,-0.557,-0.321,-0.418,0.872,-0.458,0.145,0.076,-0.288,-0.523,0.861,1.42,7.603,0.198,0.181,-0.388,0.779,-1.511,2.198,-0.573,start
1780985057.7426915,-0.837,-0.176,0.546,-1.504,2.031,-0.634,-0.67,-0.339,0.607,-7.336,0.397,-0.992,-0.32,-0.424,0.875,-0.695,0.458,-0.038,-0.285,-0.528,0.86,1.824,7.313,-0.366,0.184,-0.399,0.773,-1.237,2.443,-0.466,start
1780985057.841676,-0.839,-0.174,0.543,-0.878,1.26,-0.351,-0.665,-0.33,0.606,-6.962,0.321,-0.336,-0.317,-0.42,0.861,-0.519,0.061,0.023,-0.288,-0.53,0.853,1.664,7.595,-0.282,0.182,-0.394,0.773,-1.382,1.45,-0.718,start
1780985057.9458513,-0.835,-0.176,0.545,-0.649,0.122,-0.931,-0.671,-0.333,0.61,-6.466,-0.344,-0.977,-0.32,-0.418,0.868,-0.214,-0.305,-0.412,-0.283,-0.523,0.861,1.397,6.427,-0.847,0.188,-0.395,0.776,-1.153,1.496,-0.435,start
1780985058.0499504,-0.836,-0.179,0.546,-0.534,0.42,-1.878,-0.67,-0.335,0.608,-6.565,0.107,-1.076,-0.321,-0.423,0.872,-0.573,-1.267,-0.153,-0.279,-0.531,0.861,1.489,6.244,-1.26,0.191,-0.397,0.774,-0.244,2.763,-0.412,start
1780985058.1573207,-0.833,-0.177,0.551,-0.595,2.244,-0.053,-0.669,-0.333,0.604,-6.908,0.908,0.16,-0.318,-0.421,0.862,0.084,0.015,0.527,-0.282,-0.525,0.86,1.855,6.229,-0.107,0.19,-0.398,0.774,-0.611,3.046,-0.282,start
1780985060.832314,-0.832,-0.177,0.549,-0.725,1.412,-0.496,-0.67,-0.337,0.598,-6.878,0.55,0.015,-0.315,-0.419,0.865,0.313,-0.038,0.916,-0.287,-0.525,0.86,2.29,7.382,0.481,0.193,-0.396,0.772,0.771,4.641,-0.16,start
1780985060.931846,-0.83,-0.176,0.547,-1.42,2.275,-1.015,-0.673,-0.335,0.604,-7.427,0.45,-0.74,-0.316,-0.421,0.866,-1.313,0.908,-0.038,-0.282,-0.531,0.853,1.282,8.168,-0.588,0.191,-0.402,0.771,-0.878,2.328,0.71,start
1780985061.0349417,-0.833,-0.182,0.549,-1.275,1.885,-0.626,-0.668,-0.337,0.609,-6.725,0.595,-0.557,-0.323,-0.42,0.864,-0.252,0.511,0.023,-0.292,-0.536,0.854,1.733,6.573,-0.038,0.191,-0.399,0.767,-0.557,2.786,-0.458,start
1780985061.1496766,-0.832,-0.182,0.548,-0.74,1.45,-1.183,-0.671,-0.331,0.611,-6.595,0.489,-0.29,-0.32,-0.422,0.867,-0.198,0.519,0.206,-0.285,-0.529,0.858,1.443,7.176,-0.786,0.191,-0.403,0.779,-0.748,2.756,-0.061,start
1780985061.2480755,-0.836,-0.177,0.545,-0.664,0.573,-0.901,-0.672,-0.332,0.608,-6.397,-0.145,-0.099,-0.317,-0.422,0.876,-0.328,-0.641,0.252,-0.282,-0.527,0.863,1.618,6.702,-1.206,0.196,-0.402,0.774,-1.145,0.115,-0.069,start
1780985061.3439221,-0.834,-0.181,0.542,-0.954,1.214,-0.977,-0.674,-0.339,0.594,-6.641,0.427,-0.275,-0.315,-0.42,0.867,-0.122,-0.702,0.176,-0.289,-0.529,0.861,2.198,6.26,0.137,0.19,-0.405,0.774,0.313,3.344,-0.382,start
1780985061.4482932,-0.832,-0.177,0.553,-1.435,3.084,-0.45,-0.669,-0.338,0.603,-7.595,0.351,-0.351,-0.336,-0.422,0.859,0.305,0.115,0.038,-0.287,-0.531,0.846,1.695,4.29,-1.099,0.125,-0.552,1.148,90.885,-13.786,39.489,start
1780985061.552879,-0.821,-0.177,0.553,-2.198,6.756,0.855,-0.667,-0.332,0.618,-9.511,2.977,1.023,-0.337,-0.423,0.865,-0.817,7.878,3.603,-0.363,-0.524,0.95,2.397,6.542,5.0,0.24,-0.089,0.543,172.809,-10.0,7.634,start
1780985061.6528738,-0.842,-0.178,0.53,-3.145,6.336,1.802,-0.677,-0.341,0.594,-8.206,2.282,1.779,-0.335,-0.418,0.865,0.45,3.595,2.954,-0.299,-0.516,0.87,6.443,7.527,5.595,0.238,0.051,0.777,54.229,-1.588,-4.847,start
1780985061.7585907,-0.854,-0.173,0.513,-1.13,3.679,0.664,-0.683,-0.333,0.593,-6.84,0.275,0.16,-0.334,-0.418,0.88,-0.481,0.885,0.344,-0.302,-0.507,0.865,2.672,5.855,1.092,0.251,0.115,0.767,12.336,2.26,-0.969,start
1780985061.8590434,-0.845,-0.178,0.529,-0.489,-2.389,-1.771,-0.675,-0.331,0.59,-5.924,-0.947,-1.099,-0.342,-0.415,0.863,0.122,-2.809,-1.573,-0.296,-0.514,0.868,2.145,6.321,-2.634,0.259,0.086,0.8,-15.107,2.191,0.008,start
1780985061.9640021,-0.844,-0.182,0.53,2.954,-5.305,-0.718,-0.679,-0.338,0.591,-3.076,-1.763,-1.611,-0.34,-0.416,0.863,1.771,-8.817,-4.031,-0.314,-0.507,0.874,-0.725,0.168,-10.824,0.155,0.037,0.489,-188.443,38.26,7.176,start
1780985062.065101,-0.833,-0.179,0.552,-1.954,3.87,-2.145,-0.671,-0.334,0.6,-8.183,1.389,-0.84,-0.317,-0.417,0.879,-2.321,-0.947,0.015,-0.284,-0.525,0.857,-0.038,5.55,-0.26,0.168,-0.532,1.165,-107.74,24.191,-41.588,start
1780985062.1737714,-0.839,-0.177,0.539,-0.618,2.374,-1.511,-0.668,-0.335,0.609,-7.382,0.229,-0.756,-0.317,-0.419,0.867,-0.771,0.122,-0.099,-0.285,-0.523,0.859,1.466,6.374,0.237,0.186,-0.395,0.776,-1.794,6.153,0.229,start
1780985062.2810075,-0.84,-0.178,0.549,-0.351,0.916,-0.87,-0.673,-0.33,0.608,-6.328,0.145,-0.412,-0.317,-0.424,0.864,0.015,0.252,-0.74,-0.285,-0.522,0.864,1.71,6.191,-1.366,0.191,-0.4,0.782,-1.634,1.122,-0.504,start
1780985062.3751214,-0.835,-0.181,0.549,-0.282,0.382,-0.756,-0.669,-0.333,0.607,-6.679,0.099,-0.649,-0.319,-0.419,0.87,-0.084,-0.198,-0.29,-0.285,-0.525,0.856,1.351,6.389,-0.924,0.188,-0.398,0.78,-1.718,0.794,-0.916,start
1780985062.4783914,-0.835,-0.178,0.551,-0.267,2.031,-0.58,-0.67,-0.333,0.604,-6.824,0.718,-0.198,-0.316,-0.418,0.874,-0.099,0.008,0.237,-0.283,-0.523,0.861,1.527,6.282,0.206,0.185,-0.392,0.777,-1.786,2.992,-2.099,start
1780985062.5919125,-0.834,-0.177,0.546,-1.511,2.023,-1.038,-0.671,-0.337,0.6,-7.519,0.542,-0.198,-0.319,-0.418,0.87,-0.611,0.336,0.26,-0.284,-0.525,0.863,1.718,7.221,-0.053,0.189,-0.397,0.775,-0.672,3.221,-0.16,start
1780985062.6899352,-0.84,-0.176,0.542,-0.458,1.931,0.13,-0.672,-0.332,0.607,-6.511,0.397,-0.023,-0.323,-0.415,0.869,0.13,-0.046,0.618,-0.281,-0.526,0.866,1.992,6.496,-0.542,0.187,-0.397,0.771,-0.565,2.756,-0.053,start
1780985062.7859616,-0.835,-0.179,0.548,-0.771,1.412,-0.023,-0.668,-0.335,0.605,-6.504,0.031,-0.702,-0.319,-0.421,0.87,-0.435,0.206,0.336,-0.287,-0.527,0.858,1.832,6.046,-0.84,0.188,-0.396,0.78,-1.053,1.298,-0.397,start
1780985065.472112,-0.835,-0.173,0.549,-1.183,0.992,-0.588,-0.672,-0.341,0.605,-7.389,0.214,-0.641,-0.319,-0.423,0.873,-0.84,0.603,0.748,-0.291,-0.533,0.853,1.679,7.496,-0.878,0.197,-0.412,0.772,-0.595,2.885,-0.168,start
1780985065.5672448,-0.834,-0.175,0.54,-0.947,1.985,-0.458,-0.672,-0.341,0.602,-7.252,0.565,-0.008,-0.321,-0.422,0.87,-0.153,0.748,0.916,-0.29,-0.525,0.853,2.344,7.664,-0.061,0.19,-0.412,0.773,-0.153,3.504,-0.458,start
1780985065.6812503,-0.835,-0.181,0.538,-1.321,1.71,-1.061,-0.674,-0.335,0.608,-7.176,0.061,-0.42,-0.318,-0.423,0.867,-0.29,-0.015,0.0,-0.287,-0.527,0.851,1.779,7.603,-0.046,0.194,-0.408,0.771,-0.336,3.511,-0.046,start
1780985065.7732065,-0.834,-0.177,0.546,-0.679,1.252,-0.176,-0.67,-0.335,0.609,-6.756,0.42,-0.389,-0.32,-0.415,0.863,-0.374,0.008,-0.229,-0.29,-0.524,0.857,1.496,6.718,-0.901,0.198,-0.401,0.772,-0.336,2.237,-0.092,start
1780985065.8759618,-0.839,-0.182,0.538,-1.099,1.718,-1.244,-0.674,-0.339,0.596,-7.504,0.252,-0.595,-0.322,-0.421,0.871,-0.427,-0.786,-0.198,-0.282,-0.529,0.858,1.947,6.344,-0.863,0.136,-0.462,1.006,11.649,-4.847,16.809,start
1780985065.9920602,-0.831,-0.177,0.545,-2.13,8.115,0.313,-0.675,-0.333,0.592,-8.718,2.664,1.153,-0.327,-0.427,0.861,-0.176,6.87,3.565,-0.281,-0.515,0.82,3.321,10.099,6.313,0.359,-0.228,0.749,138.863,-41.122,13.489,start
1780985066.0909522,-0.848,-0.178,0.524,-3.489,5.672,0.076,-0.679,-0.338,0.599,-7.611,0.435,0.954,-0.331,-0.418,0.866,0.244,2.756,2.748,-0.305,-0.512,0.862,7.527,8.26,4.664,0.248,0.02,0.808,55.626,-3.336,-2.519,start
1780985066.1979635,-0.843,-0.175,0.542,-1.977,1.565,-0.756,-0.677,-0.334,0.601,-7.893,1.0,-0.336,-0.339,-0.42,0.86,-0.328,0.237,1.198,-0.304,-0.506,0.866,1.473,8.046,-0.855,0.25,0.08,0.787,-0.107,1.321,-1.389,start
1780985066.2967005,-0.84,-0.172,0.526,-0.168,0.641,-1.252,-0.669,-0.338,0.611,-7.13,-0.252,-0.588,-0.343,-0.414,0.858,-0.321,0.305,-1.099,-0.304,-0.504,0.863,1.069,6.344,-1.908,0.283,0.074,0.771,-11.908,1.389,-2.458,start
1780985066.3989904,-0.846,-0.184,0.533,-0.053,-1.412,-1.481,-0.671,-0.334,0.595,-5.817,-0.473,-0.962,-0.333,-0.415,0.865,-1.046,-3.153,-2.137,-0.306,-0.511,0.858,-1.359,6.183,-4.237,0.241,0.017,0.795,-56.084,2.092,-8.244,start
1780985066.4939177,-0.844,-0.173,0.54,3.069,-8.618,-2.763,-0.673,-0.328,0.597,-4.0,-3.656,-2.099,-0.318,-0.416,0.876,0.351,-8.344,-3.626,-0.281,-0.521,0.853,-0.008,0.802,-5.985,0.262,-0.393,0.804,-236.305,49.595,-37.947,start
1780985066.5996883,-0.815,-0.179,0.553,-1.366,4.13,0.122,-0.681,-0.336,0.594,-7.557,5.198,-0.084,-0.338,-0.417,0.866,-1.824,-0.084,-0.924,-0.284,-0.52,0.854,2.695,2.939,-0.847,0.164,-0.386,0.771,-16.336,-7.313,-0.855,start
1780985066.7002692,-0.833,-0.18,0.545,-1.038,1.137,-1.42,-0.672,-0.336,0.603,-7.092,0.405,-1.008,-0.319,-0.418,0.871,-0.557,0.183,-0.053,-0.289,-0.528,0.854,-0.153,7.756,-1.626,0.19,-0.411,0.773,-3.137,0.084,0.061,start
1780985066.8142586,-0.836,-0.18,0.541,-0.405,1.198,0.115,-0.671,-0.335,0.607,-7.244,0.916,0.359,-0.322,-0.421,0.871,0.267,0.626,1.229,-0.29,-0.523,0.863,1.847,6.74,0.183,0.191,-0.401,0.775,0.458,4.061,-0.924,start
1780985066.9062815,-0.838,-0.174,0.54,-1.466,1.351,-2.015,-0.671,-0.335,0.607,-7.122,0.122,-0.626,-0.321,-0.42,0.87,-0.634,-0.092,-0.183,-0.287,-0.52,0.86,1.29,6.985,-1.443,0.19,-0.408,0.775,-1.214,1.832,0.542,start
1780985067.0149498,-0.837,-0.181,0.543,-0.641,1.382,-0.962,-0.675,-0.339,0.602,-6.847,0.237,-0.496,-0.32,-0.421,0.868,-0.282,-0.687,0.031,-0.291,-0.527,0.857,1.916,6.55,-0.557,0.193,-0.401,0.772,-0.947,0.832,-0.603,start
1780985067.1306913,-0.837,-0.177,0.546,-0.389,1.328,-0.275,-0.67,-0.338,0.605,-6.595,0.489,0.084,-0.322,-0.417,0.869,0.069,0.641,-0.023,-0.29,-0.523,0.869,2.099,7.008,0.137,0.196,-0.401,0.779,-0.389,2.87,-0.901,start
1780985067.2233167,-0.842,-0.178,0.543,-1.267,0.725,-1.397,-0.675,-0.336,0.604,-7.038,-0.031,-1.176,-0.32,-0.42,0.879,-1.397,-0.611,-0.74,-0.288,-0.52,0.861,0.977,7.397,-2.115,0.194,-0.411,0.773,-2.137,0.015,-0.137,start
1780985067.3183293,-0.834,-0.177,0.532,-0.427,1.817,0.107,-0.671,-0.337,0.605,-7.023,0.519,0.336,-0.323,-0.425,0.87,0.412,0.069,0.534,-0.287,-0.526,0.858,2.115,6.313,-0.008,0.191,-0.402,0.773,0.183,4.023,-0.565,start
1780985070.0993567,-0.836,-0.176,0.535,-0.603,1.74,-0.885,-0.671,-0.34,0.598,-6.679,0.313,-0.626,-0.322,-0.42,0.874,-0.351,0.412,-0.275,-0.287,-0.525,0.861,2.015,6.908,-0.809,0.19,-0.413,0.76,-0.55,2.305,0.053,start
1780985070.2022786,-0.836,-0.176,0.543,-0.794,1.427,-1.153,-0.671,-0.334,0.603,-6.779,0.557,-0.321,-0.323,-0.423,0.872,-0.435,-0.076,0.046,-0.289,-0.527,0.864,1.634,6.359,-0.153,0.198,-0.401,0.769,-0.458,2.611,0.092,start
1780985070.3253508,-0.838,-0.178,0.546,-0.74,1.382,-0.496,-0.673,-0.335,0.606,-6.672,0.496,-0.084,-0.323,-0.426,0.867,-0.252,0.351,0.481,-0.291,-0.524,0.852,1.672,6.405,-0.656,0.19,-0.408,0.768,-0.511,2.267,-0.168,start
1780985070.4081779,-0.836,-0.179,0.54,-0.939,1.992,-0.466,-0.672,-0.339,0.601,-6.855,0.466,-0.008,-0.319,-0.421,0.871,-0.13,0.412,0.534,-0.289,-0.522,0.865,1.779,6.687,-0.061,0.193,-0.405,0.777,-0.756,1.733,-0.092,start
1780985070.5140169,-0.835,-0.176,0.54,-0.779,1.389,-0.74,-0.675,-0.335,0.608,-6.893,0.321,-0.634,-0.321,-0.419,0.867,-0.084,-0.641,-0.115,-0.285,-0.525,0.857,1.847,6.954,-0.344,0.193,-0.411,0.771,-0.481,2.374,0.122,start
1780985070.6143224,-0.831,-0.18,0.55,-1.076,1.656,-0.137,-0.671,-0.34,0.607,-7.244,0.443,-0.611,-0.323,-0.422,0.864,-0.42,0.321,-0.038,-0.312,-0.543,0.839,2.504,8.252,-0.588,0.365,-0.684,1.172,76.092,-20.031,24.771,start
1780985070.7173886,-0.831,-0.177,0.541,-2.084,2.565,-0.206,-0.666,-0.344,0.613,-8.099,2.466,0.656,-0.323,-0.423,0.871,-1.122,8.0,2.847,-0.243,-0.51,0.826,1.672,15.267,7.053,0.225,-0.095,0.602,154.153,-26.863,3.206,start
1780985070.8209743,-0.852,-0.18,0.526,-3.344,7.435,-0.344,-0.677,-0.343,0.594,-9.267,1.351,0.847,-0.338,-0.416,0.861,0.405,3.198,1.908,-0.305,-0.517,0.872,5.947,8.099,4.023,0.273,0.042,0.794,55.748,0.947,-1.221,start
1780985070.9233813,-0.853,-0.179,0.517,-2.641,3.603,-0.679,-0.676,-0.337,0.594,-8.534,2.26,0.374,-0.344,-0.42,0.861,-1.275,2.252,1.275,-0.316,-0.504,0.863,2.809,9.031,0.947,0.241,0.127,0.732,4.168,2.908,-0.366,start
1780985071.0388854,-0.85,-0.178,0.521,-0.046,-0.74,-1.153,-0.685,-0.335,0.596,-6.626,-0.443,-1.16,-0.344,-0.419,0.861,-0.252,-2.725,-0.901,-0.313,-0.506,0.863,0.893,5.298,-3.221,0.245,0.096,0.771,-24.084,1.985,-0.847,start
1780985071.129434,-0.857,-0.174,0.524,6.855,-18.26,-4.359,-0.672,-0.332,0.594,0.847,-8.0,-4.313,-0.316,-0.419,0.883,0.313,-16.046,-8.298,-0.274,-0.53,0.869,-6.221,-5.664,-13.015,0.297,-0.371,0.813,-222.908,52.519,-26.176,start
1780985071.2430086,-0.832,-0.18,0.542,-1.176,2.275,-1.374,-0.679,-0.334,0.596,-6.748,1.901,-0.534,-0.315,-0.425,0.862,-0.496,0.664,1.206,-0.303,-0.516,0.865,0.71,13.229,-1.061,0.259,-0.447,0.855,1.42,19.885,0.969,start
1780985071.3356867,-0.834,-0.184,0.552,-0.763,1.45,-0.26,-0.675,-0.34,0.605,-7.092,-0.198,-0.504,-0.326,-0.42,0.871,-0.824,0.053,0.092,-0.293,-0.524,0.854,1.252,7.29,-0.29,0.192,-0.398,0.781,-1.557,1.779,0.191,start
1780985071.438383,-0.835,-0.175,0.541,-0.756,1.336,-0.733,-0.672,-0.338,0.604,-6.916,0.252,-0.603,-0.323,-0.423,0.869,-0.588,0.756,-0.038,-0.291,-0.528,0.855,1.664,7.046,-0.58,0.181,-0.398,0.775,-1.504,2.0,-1.069,start
1780985071.5465002,-0.835,-0.176,0.539,-0.954,1.061,-0.779,-0.676,-0.336,0.6,-6.618,0.55,-0.198,-0.321,-0.42,0.869,-0.206,-0.145,0.145,-0.289,-0.528,0.859,1.779,6.954,-0.74,0.193,-0.391,0.771,-1.099,2.366,-1.382,start
1780985071.6562507,-0.833,-0.179,0.54,-0.824,0.84,-0.817,-0.671,-0.336,0.607,-7.382,0.412,-0.298,-0.322,-0.422,0.871,-0.405,0.137,0.55,-0.291,-0.525,0.858,1.74,7.29,-0.038,0.193,-0.402,0.773,-1.053,1.863,-0.725,start
1780985071.7553513,-0.839,-0.182,0.546,-1.099,0.985,-1.695,-0.675,-0.335,0.604,-6.969,0.405,-0.267,-0.325,-0.424,0.871,-0.42,0.008,0.26,-0.287,-0.528,0.856,1.809,7.046,-0.496,0.189,-0.396,0.777,-0.992,2.603,-0.473,start
1780985071.8556418,-0.837,-0.177,0.542,-0.237,1.74,-0.985,-0.672,-0.34,0.603,-6.802,0.527,-0.725,-0.323,-0.419,0.87,-0.344,-0.344,0.435,-0.286,-0.526,0.857,2.115,7.069,-0.748,0.196,-0.398,0.774,-0.794,2.756,-0.26,start
1780985071.9535012,-0.837,-0.184,0.538,-1.023,1.626,-1.527,-0.672,-0.337,0.607,-7.069,0.527,-0.855,-0.321,-0.421,0.871,-0.748,0.473,-0.168,-0.292,-0.527,0.856,1.725,6.626,-0.595,0.19,-0.406,0.777,-1.031,2.328,-0.198,start
1780985072.0564785,-0.836,-0.183,0.543,-0.611,1.137,-1.092,-0.674,-0.337,0.599,-6.611,0.023,-0.557,-0.322,-0.421,0.865,-0.221,-0.817,-0.359,-0.29,-0.527,0.863,1.511,6.588,-0.328,0.192,-0.405,0.776,-0.84,1.824,-0.191,start
1780985074.7346857,-0.835,-0.178,0.537,-0.473,1.13,-0.382,-0.672,-0.337,0.603,-6.611,0.534,0.565,-0.323,-0.419,0.874,0.519,0.061,1.16,-0.292,-0.53,0.861,2.992,6.656,0.481,0.194,-0.408,0.772,1.145,5.809,-0.878,start
1780985074.8402185,-0.833,-0.176,0.543,-0.985,1.305,-1.145,-0.676,-0.335,0.604,-7.366,0.229,-0.427,-0.319,-0.418,0.867,-0.565,-0.145,0.16,-0.291,-0.527,0.858,1.405,7.534,-0.718,0.187,-0.402,0.773,-1.046,1.565,0.107,start
1780985074.9517615,-0.831,-0.177,0.539,-1.573,0.901,-2.733,-0.675,-0.339,0.608,-7.351,-0.031,-1.557,-0.331,-0.425,0.865,-1.145,0.038,-0.656,-0.294,-0.529,0.856,1.061,7.046,-1.321,0.194,-0.41,0.777,-0.893,1.473,-0.053,start
1780985075.0557945,-0.835,-0.176,0.536,-0.221,1.55,0.603,-0.674,-0.338,0.599,-6.924,1.107,0.588,-0.323,-0.417,0.873,0.573,0.496,0.374,-0.29,-0.526,0.853,2.481,6.725,0.008,0.185,-0.398,0.771,0.313,4.275,-0.435,start
1780985075.1473796,-0.843,-0.177,0.544,-1.122,1.359,-1.015,-0.672,-0.34,0.601,-7.137,0.198,-0.527,-0.321,-0.421,0.862,-0.275,-1.527,-0.603,-0.285,-0.526,0.855,1.489,3.832,-0.824,0.209,-0.521,1.116,120.122,-16.908,12.344,start
1780985075.2562542,-0.836,-0.18,0.543,-2.466,5.786,0.084,-0.672,-0.337,0.594,-9.802,0.55,1.313,-0.325,-0.424,0.864,-0.275,8.496,4.313,-0.307,-0.532,0.834,5.389,11.573,7.366,0.222,-0.089,0.739,137.58,-7.527,3.817,start
1780985075.3526316,-0.845,-0.179,0.529,-3.275,6.275,0.924,-0.684,-0.331,0.594,-8.0,0.748,0.565,-0.344,-0.417,0.856,-0.168,1.267,0.473,-0.296,-0.504,0.877,3.527,5.458,0.603,0.253,0.075,0.754,37.16,-1.672,0.679,start
1780985075.4570067,-0.846,-0.184,0.519,-1.542,3.802,0.115,-0.684,-0.333,0.58,-7.435,-0.405,-1.405,-0.348,-0.419,0.85,-1.313,-2.595,-1.55,-0.31,-0.51,0.86,1.359,2.794,-3.595,0.234,0.104,0.769,-21.71,-1.603,2.527,start
1780985075.570226,-0.849,-0.183,0.518,3.809,-7.641,-0.046,-0.676,-0.341,0.592,-1.962,-2.527,-0.504,-0.337,-0.418,0.86,2.16,-9.664,-3.756,-0.307,-0.52,0.85,-3.305,0.382,-10.252,0.272,-0.088,0.539,-203.053,45.634,-10.046,start
1780985075.6643395,-0.841,-0.177,0.543,-0.893,0.618,-2.137,-0.67,-0.332,0.6,-7.137,-0.229,-0.931,-0.32,-0.421,0.868,-1.832,-1.29,-0.191,-0.281,-0.54,0.851,0.153,7.45,-0.107,0.262,-0.232,0.281,16.137,51.16,-3.473,start
1780985075.7647498,-0.839,-0.171,0.542,-0.412,3.458,-1.878,-0.674,-0.337,0.602,-7.244,-0.145,-1.328,-0.323,-0.424,0.866,-0.924,-0.435,-0.824,-0.292,-0.533,0.851,0.885,6.137,-1.855,0.195,-0.41,0.781,-0.641,2.237,-0.015,start
1780985075.8736062,-0.836,-0.175,0.537,-0.198,1.16,0.443,-0.671,-0.333,0.605,-6.466,1.115,0.282,-0.322,-0.419,0.869,0.695,0.092,1.13,-0.292,-0.528,0.859,2.672,6.229,0.618,0.166,-0.39,0.777,-2.153,3.496,-4.061,start
1780985075.9710193,-0.839,-0.179,0.539,-0.832,2.038,-1.595,-0.671,-0.34,0.607,-7.412,0.473,-1.29,-0.319,-0.416,0.87,-1.076,0.221,0.221,-0.293,-0.53,0.858,0.977,8.031,-0.931,0.184,-0.396,0.779,-2.382,0.565,-0.275,start
1780985076.073424,-0.839,-0.177,0.543,-1.282,0.305,-2.008,-0.671,-0.338,0.604,-6.55,0.031,-0.565,-0.32,-0.424,0.869,-0.336,-0.267,0.412,-0.283,-0.535,0.852,2.328,6.954,0.405,0.187,-0.404,0.776,0.504,4.344,-0.603,start
1780985076.1885102,-0.835,-0.182,0.546,-0.374,2.481,1.244,-0.673,-0.335,0.603,-6.992,1.069,0.947,-0.326,-0.421,0.869,-0.061,0.573,0.992,-0.291,-0.522,0.861,2.26,6.962,-0.328,0.179,-0.388,0.77,-1.511,2.061,-0.924,start
1780985076.2794795,-0.835,-0.174,0.546,-0.985,1.328,-0.809,-0.672,-0.336,0.604,-6.84,0.221,-1.061,-0.324,-0.42,0.87,-1.435,0.42,-0.229,-0.288,-0.529,0.858,0.382,7.16,-1.832,0.197,-0.397,0.777,-3.023,-0.046,-0.275,start
1780985076.3922513,-0.837,-0.184,0.541,-0.924,2.267,0.214,-0.677,-0.336,0.598,-6.618,0.679,0.313,-0.323,-0.423,0.869,0.496,-0.076,0.267,-0.287,-0.531,0.853,2.824,5.214,0.802,0.191,-0.407,0.771,1.336,5.45,-1.328,start
1780985076.4894428,-0.838,-0.175,0.546,-0.588,1.832,0.374,-0.675,-0.335,0.603,-7.069,0.656,-0.198,-0.325,-0.417,0.869,-0.718,-0.031,-0.023,-0.291,-0.524,0.858,1.183,7.26,-0.977,0.192,-0.405,0.777,-1.595,1.763,0.046,start
1780985076.600952,-0.841,-0.177,0.544,-1.374,1.061,-2.634,-0.675,-0.336,0.605,-7.122,-0.229,-1.412,-0.323,-0.422,0.871,-1.26,0.191,-0.939,-0.292,-0.532,0.853,0.16,7.466,-0.939,0.198,-0.41,0.771,-1.046,1.748,-0.267,start
1780985079.3701992,-0.836,-0.182,0.536,-1.435,0.893,-2.58,-0.672,-0.338,0.606,-7.405,-0.351,-1.71,-0.328,-0.424,0.868,-1.511,-0.267,-0.779,-0.292,-0.531,0.851,1.099,6.435,-2.107,0.193,-0.407,0.768,-0.733,0.71,0.244,start
1780985079.480283,-0.836,-0.181,0.543,-0.366,2.496,1.031,-0.667,-0.334,0.599,-6.84,1.137,0.924,-0.328,-0.422,0.868,1.015,0.908,1.153,-0.298,-0.528,0.849,2.58,6.878,0.687,0.192,-0.402,0.763,0.427,4.473,-0.664,start
1780985079.5772316,-0.839,-0.176,0.546,-0.969,-0.092,-1.763,-0.671,-0.334,0.606,-6.779,0.061,-1.489,-0.326,-0.418,0.869,-1.267,-0.458,-1.832,-0.289,-0.53,0.853,0.924,7.466,-2.412,0.194,-0.411,0.766,-2.71,-2.412,0.534,start
1780985079.6867843,-0.838,-0.185,0.535,-0.702,1.58,-0.275,-0.673,-0.341,0.611,-6.275,1.145,1.267,-0.323,-0.425,0.873,0.565,0.366,0.718,-0.287,-0.53,0.86,2.542,6.359,1.344,0.2,-0.407,0.773,1.832,7.015,-0.733,start
1780985079.7911615,-0.836,-0.174,0.543,-0.626,2.511,-0.557,-0.679,-0.334,0.6,-6.992,0.305,-0.344,-0.326,-0.417,0.869,-1.374,0.031,-0.229,-0.296,-0.524,0.859,1.122,7.221,-2.221,0.21,-0.424,0.797,-1.71,-4.145,2.237,start
1780985079.8979986,-0.839,-0.184,0.53,-1.649,5.389,0.275,-0.67,-0.34,0.591,-7.634,1.962,0.824,-0.33,-0.423,0.867,0.214,4.725,2.336,-0.296,-0.531,0.839,3.847,7.504,3.244,0.255,-0.33,0.875,175.038,-42.557,40.466,start
1780985079.98919,-0.846,-0.172,0.528,-4.198,5.214,0.092,-0.677,-0.333,0.597,-9.527,1.092,0.702,-0.334,-0.413,0.862,0.176,3.137,3.252,-0.323,-0.507,0.851,7.863,10.595,5.046,0.264,0.033,0.766,71.176,-3.832,-3.328,start
1780985080.0909343,-0.842,-0.184,0.527,-2.237,4.618,-1.038,-0.679,-0.339,0.587,-8.153,0.718,-0.237,-0.345,-0.418,0.858,-0.374,1.916,0.786,-0.31,-0.51,0.861,2.267,5.977,-0.092,0.22,0.124,0.687,-9.885,3.076,0.13,start
1780985080.2083242,-0.84,-0.177,0.528,2.0,-4.29,-0.802,-0.674,-0.335,0.587,-3.809,-1.282,-0.58,-0.34,-0.419,0.857,1.595,-7.206,-3.305,-0.305,-0.512,0.853,-0.763,1.595,-8.397,0.24,-0.025,0.615,-155.687,31.87,-3.359,start
1780985080.3038056,-0.839,-0.181,0.54,-0.122,-3.191,-3.962,-0.67,-0.336,0.606,-6.374,-1.916,-3.939,-0.324,-0.416,0.872,-2.969,-5.611,-3.649,-0.27,-0.531,0.851,-4.565,3.855,-5.481,0.253,-0.749,1.803,-167.87,-3.328,-52.099,start
1780985080.399859,-0.836,-0.182,0.54,-1.305,0.191,1.26,-0.671,-0.336,0.606,-6.618,3.374,1.13,-0.327,-0.422,0.865,1.87,2.466,1.389,-0.294,-0.522,0.856,2.74,4.809,2.069,0.167,-0.38,0.77,-3.962,7.473,-1.847,start
1780985080.5042279,-0.838,-0.169,0.538,-1.069,1.191,-2.26,-0.675,-0.334,0.604,-7.099,-0.573,-2.046,-0.318,-0.417,0.868,-1.763,-0.664,-1.107,-0.295,-0.525,0.858,-0.198,7.214,-3.382,0.183,-0.399,0.784,-4.13,-2.641,0.618,start
1780985080.6057835,-0.839,-0.182,0.532,-0.389,1.206,-0.076,-0.675,-0.339,0.596,-6.908,0.565,0.374,-0.325,-0.423,0.871,0.344,0.473,1.511,-0.286,-0.533,0.853,2.634,6.214,0.908,0.194,-0.401,0.77,0.405,5.687,-2.687,start
1780985080.7089484,-0.834,-0.178,0.544,-1.336,1.992,-1.298,-0.673,-0.335,0.608,-7.206,0.695,-0.473,-0.326,-0.417,0.867,-0.603,0.176,0.405,-0.294,-0.526,0.861,1.191,6.611,-0.924,0.188,-0.393,0.773,-2.786,-1.542,-0.504,start
1780985080.8119297,-0.836,-0.178,0.547,-0.931,0.573,-2.626,-0.672,-0.338,0.599,-7.023,-0.153,-1.069,-0.32,-0.422,0.866,-0.313,0.046,0.183,-0.286,-0.53,0.853,1.427,7.687,-0.038,0.187,-0.407,0.767,-0.366,3.504,-0.542,start
1780985080.914766,-0.839,-0.179,0.541,-0.687,2.13,0.198,-0.674,-0.335,0.607,-6.878,0.939,0.466,-0.324,-0.417,0.871,0.015,0.313,0.282,-0.294,-0.525,0.856,2.046,7.389,-0.427,0.198,-0.4,0.774,-0.931,3.244,-0.603,start
1780985081.0235665,-0.839,-0.176,0.541,-1.412,0.328,-2.855,-0.674,-0.339,0.602,-7.29,-0.412,-1.893,-0.319,-0.424,0.867,-1.176,-1.023,-0.954,-0.285,-0.533,0.851,1.153,6.802,-1.824,0.197,-0.411,0.772,-1.16,1.053,-0.107,start
1780985081.1229584,-0.833,-0.179,0.548,-0.084,2.588,1.366,-0.675,-0.333,0.604,-7.038,1.176,1.305,-0.323,-0.42,0.87,0.618,0.916,1.244,-0.291,-0.524,0.857,2.756,6.763,1.412,0.193,-0.407,0.759,-1.137,3.962,-1.29,start
1780985081.2314901,-0.838,-0.173,0.543,-0.992,0.137,-1.557,-0.672,-0.329,0.601,-6.855,-0.015,-1.557,-0.324,-0.42,0.866,-1.893,-0.229,-1.214,-0.286,-0.526,0.86,0.191,7.527,-2.374,0.194,-0.413,0.772,-2.947,-1.802,0.244,start
1780985084.0077288,-0.838,-0.182,0.541,-0.74,1.756,-0.344,-0.67,-0.34,0.597,-6.473,0.504,0.214,-0.326,-0.426,0.866,0.618,0.443,0.26,-0.286,-0.526,0.854,2.733,6.031,1.008,0.193,-0.416,0.765,1.565,6.412,-0.992,start
1780985084.1195018,-0.837,-0.177,0.539,-1.069,1.221,-0.679,-0.67,-0.332,0.588,-7.099,0.107,-0.641,-0.32,-0.422,0.862,-0.672,0.122,-0.206,-0.29,-0.532,0.85,1.573,6.863,-0.626,0.189,-0.407,0.773,-1.198,1.794,0.122,start
1780985084.220605,-0.84,-0.178,0.54,-0.855,1.298,-1.275,-0.678,-0.338,0.605,-6.87,-0.031,-0.992,-0.324,-0.425,0.874,-1.023,-0.229,-1.16,-0.289,-0.529,0.856,1.031,6.679,-2.061,0.204,-0.411,0.771,-1.695,-0.16,0.519,start
1780985084.3221078,-0.834,-0.182,0.548,-0.832,1.84,-0.023,-0.671,-0.335,0.599,-6.588,0.786,0.328,-0.323,-0.424,0.863,0.702,0.206,1.0,-0.292,-0.533,0.858,2.908,6.74,1.107,0.202,-0.414,0.771,1.328,6.122,-0.794,start
1780985084.4219182,-0.833,-0.178,0.549,-1.359,2.0,-0.74,-0.662,-0.343,0.605,-6.786,-0.618,-0.168,-0.318,-0.425,0.873,-0.733,1.122,-0.16,-0.252,-0.541,0.861,2.382,6.916,1.443,0.085,-0.564,1.244,149.031,-61.0,12.069,start
1780985084.5297413,-0.844,-0.18,0.535,-2.771,11.252,1.573,-0.678,-0.33,0.587,-9.45,1.863,0.511,-0.338,-0.42,0.864,-1.13,0.504,2.015,-0.303,-0.531,0.843,4.885,1.0,4.649,0.216,-0.019,0.603,102.931,-11.534,4.519,start
1780985084.6289854,-0.845,-0.179,0.52,-2.046,5.305,1.565,-0.681,-0.34,0.59,-7.328,1.817,2.221,-0.341,-0.423,0.871,1.542,4.42,3.771,-0.308,-0.512,0.864,5.779,7.496,5.046,0.24,0.085,0.727,40.366,5.847,0.321,start
1780985084.7385557,-0.851,-0.173,0.521,-0.733,-0.725,-1.672,-0.677,-0.333,0.594,-6.702,-0.305,-1.076,-0.341,-0.416,0.866,-0.733,-1.145,-0.863,-0.305,-0.51,0.862,1.595,8.557,-1.374,0.243,0.093,0.757,-22.412,2.87,-0.481,start
1780985084.8387685,-0.851,-0.177,0.524,3.588,-15.885,-5.832,-0.687,-0.335,0.599,-1.008,-7.443,-5.962,-0.32,-0.425,0.868,-0.87,-14.84,-9.191,-0.273,-0.535,0.854,-6.458,-3.939,-14.16,0.316,-0.383,0.722,-250.137,51.794,-32.282,start
1780985084.9425988,-0.835,-0.179,0.537,0.733,3.626,1.443,-0.667,-0.338,0.618,-7.26,2.221,1.153,-0.332,-0.418,0.864,1.756,5.244,1.649,-0.305,-0.527,0.844,0.458,5.664,-0.893,0.182,-0.366,0.725,-4.771,17.237,-2.45,start
1780985085.0418286,-0.837,-0.182,0.542,-1.702,1.87,-1.794,-0.674,-0.334,0.596,-7.244,0.183,-0.809,-0.318,-0.419,0.872,-1.29,1.237,-0.153,-0.291,-0.529,0.863,1.038,8.382,-0.641,0.191,-0.397,0.779,-2.573,2.473,0.313,start
1780985085.1382296,-0.837,-0.179,0.542,-1.214,1.412,-1.55,-0.675,-0.339,0.606,-6.855,0.191,-0.55,-0.321,-0.421,0.867,-0.977,-0.221,-0.733,-0.287,-0.53,0.851,0.55,6.779,-0.878,0.195,-0.408,0.772,-2.382,0.634,-0.046,start
1780985085.2647297,-0.832,-0.179,0.544,-0.221,2.718,1.023,-0.676,-0.34,0.605,-6.489,0.573,0.733,-0.327,-0.422,0.872,0.023,0.603,0.847,-0.288,-0.527,0.861,2.198,6.794,-0.679,0.187,-0.404,0.775,-0.603,2.366,-0.519,start
1780985085.3564396,-0.833,-0.176,0.544,-1.588,1.916,-1.786,-0.673,-0.34,0.602,-7.107,0.435,-0.863,-0.325,-0.42,0.866,-0.641,0.321,0.481,-0.291,-0.529,0.856,1.198,7.45,-0.992,0.199,-0.409,0.763,-1.305,1.962,0.351,start
1780985085.45892,-0.835,-0.179,0.542,-1.038,0.908,-1.137,-0.672,-0.339,0.606,-6.824,0.176,-1.275,-0.324,-0.419,0.864,-0.557,-0.992,-0.603,-0.292,-0.532,0.857,1.336,6.733,-1.389,0.195,-0.413,0.771,-1.969,-0.74,-0.702,start
1780985085.5500433,-0.831,-0.18,0.54,-0.29,1.26,0.313,-0.672,-0.334,0.601,-6.252,0.954,0.916,-0.32,-0.421,0.872,0.435,1.496,0.939,-0.291,-0.529,0.863,2.725,7.313,1.038,0.195,-0.401,0.773,0.382,4.489,-0.573,start
1780985085.6535194,-0.836,-0.178,0.54,-0.969,1.969,-1.664,-0.675,-0.338,0.601,-7.351,0.519,-0.779,-0.322,-0.423,0.862,-1.031,0.198,-0.672,-0.288,-0.529,0.85,1.084,7.885,-0.748,0.194,-0.406,0.768,-0.847,2.855,0.58,start
1780985085.7573447,-0.837,-0.177,0.54,-0.985,1.382,-1.855,-0.67,-0.336,0.596,-7.405,0.008,-1.023,-0.321,-0.423,0.865,-1.229,-0.687,-1.046,-0.292,-0.53,0.858,0.916,6.328,-1.817,0.197,-0.419,0.773,-2.298,-1.0,0.076,start
1780985085.8721914,-0.836,-0.183,0.541,-0.229,1.473,0.16,-0.672,-0.338,0.597,-6.542,0.695,0.87,-0.321,-0.422,0.868,0.969,0.756,0.756,-0.29,-0.525,0.854,2.649,5.863,0.733,0.192,-0.412,0.76,0.863,4.198,-1.015,start
1780985088.6409185,-0.835,-0.178,0.535,-1.435,1.725,-1.687,-0.672,-0.337,0.594,-7.328,0.656,-0.641,-0.319,-0.421,0.866,-0.443,-0.107,-0.046,-0.292,-0.533,0.851,1.679,7.344,0.664,0.19,-0.412,0.761,-0.023,3.718,0.015,start
1780985088.7564604,-0.834,-0.179,0.546,-0.412,2.069,-0.878,-0.674,-0.34,0.603,-6.939,0.397,-0.321,-0.328,-0.424,0.868,-0.046,-0.153,0.176,-0.289,-0.532,0.853,1.893,6.588,-0.527,0.194,-0.407,0.777,-0.649,2.313,-0.191,start
1780985088.846306,-0.836,-0.176,0.536,-0.672,1.191,-1.023,-0.669,-0.334,0.599,-6.626,0.29,-0.427,-0.327,-0.424,0.868,-0.527,0.275,-0.504,-0.288,-0.533,0.854,1.725,6.809,-1.229,0.19,-0.41,0.776,-0.977,1.214,-0.099,start
1780985088.9541383,-0.835,-0.179,0.535,-1.42,0.634,-1.267,-0.671,-0.337,0.602,-7.069,0.237,-0.916,-0.324,-0.424,0.866,-0.244,-0.198,-0.13,-0.282,-0.534,0.857,2.145,7.015,0.305,0.179,-0.451,0.85,4.763,2.397,2.229,start
1780985089.052097,-0.832,-0.179,0.538,-2.634,15.473,3.412,-0.677,-0.341,0.592,-10.198,-0.863,2.305,-0.339,-0.417,0.862,-0.878,6.969,5.244,-0.239,-0.527,0.888,3.076,-1.221,7.71,0.274,-0.099,0.532,144.397,-20.168,12.145,start
1780985089.1568217,-0.861,-0.173,0.498,-5.794,14.206,4.908,-0.684,-0.33,0.57,-9.969,2.786,3.115,-0.363,-0.416,0.856,0.809,5.099,4.565,-0.324,-0.508,0.852,8.763,5.16,6.038,0.226,0.078,0.775,51.252,-2.832,-2.573,start
1780985089.258951,-0.858,-0.175,0.5,-3.656,6.359,0.641,-0.682,-0.336,0.59,-8.87,1.634,0.733,-0.358,-0.419,0.85,-1.015,5.168,2.557,-0.327,-0.512,0.857,1.244,7.412,2.893,0.258,0.119,0.846,27.908,9.763,5.336,start
1780985089.367751,-0.859,-0.179,0.505,-1.779,6.641,1.924,-0.667,-0.395,0.577,-6.45,8.13,1.618,-0.374,-0.386,0.834,-0.824,3.718,-1.824,-0.331,-0.505,0.833,1.252,13.58,-1.786,0.24,0.195,0.733,-8.542,3.939,6.153,start
1780985089.4643009,-0.86,-0.173,0.5,0.649,-2.725,-1.573,-0.69,-0.339,0.579,-4.611,-1.351,-1.672,-0.366,-0.422,0.85,1.382,-6.328,-3.489,-0.326,-0.513,0.851,3.244,1.511,-5.115,0.174,0.222,0.613,-47.786,8.305,8.649,start
1780985089.5672624,-0.837,-0.17,0.539,7.725,-22.916,-7.931,-0.678,-0.344,0.625,1.672,-14.901,-6.427,-0.334,-0.418,0.883,2.008,-19.076,-10.183,-0.272,-0.518,0.849,1.489,8.588,-10.985,0.29,-0.221,0.696,-214.74,45.649,-44.931,start
1780985089.6930077,-0.833,-0.182,0.54,-0.389,-0.206,-1.115,-0.671,-0.333,0.598,-6.282,0.786,0.252,-0.322,-0.422,0.868,0.061,1.275,0.061,-0.294,-0.523,0.858,0.924,6.649,-0.588,0.074,-0.322,0.764,-13.534,-12.611,-8.542,start
1780985089.773089,-0.842,-0.179,0.546,-0.534,2.534,-0.649,-0.675,-0.338,0.605,-7.015,1.527,0.244,-0.319,-0.423,0.868,-0.565,1.496,0.855,-0.295,-0.529,0.851,1.45,7.58,0.588,0.174,-0.387,0.788,-1.282,2.847,-1.71,start
1780985089.8877976,-0.839,-0.175,0.543,-0.863,1.015,-1.641,-0.672,-0.33,0.607,-6.992,0.168,-1.26,-0.325,-0.422,0.872,-1.145,-0.137,-0.45,-0.293,-0.526,0.849,1.038,7.641,-1.855,0.17,-0.398,0.786,-2.725,0.237,0.458,start
1780985089.979833,-0.838,-0.18,0.54,-0.962,2.015,-0.519,-0.669,-0.338,0.602,-7.015,0.962,-0.153,-0.324,-0.422,0.869,0.176,1.046,1.031,-0.295,-0.53,0.85,1.969,6.885,0.809,0.178,-0.392,0.774,-0.779,2.817,-1.855,start
1780985090.0871441,-0.839,-0.176,0.543,-0.481,1.603,-0.641,-0.674,-0.34,0.604,-7.13,0.466,-0.672,-0.323,-0.423,0.865,-0.405,-0.336,0.618,-0.289,-0.531,0.842,1.618,6.863,-0.13,0.178,-0.396,0.777,-1.489,2.137,-2.824,start
1780985090.1854308,-0.837,-0.173,0.536,-0.634,1.618,-0.267,-0.673,-0.335,0.601,-6.679,0.198,-0.336,-0.327,-0.42,0.867,-0.374,-0.115,-0.634,-0.296,-0.525,0.853,1.534,6.489,-1.137,0.181,-0.394,0.772,-2.092,0.443,-0.771,start
1780985090.2887862,-0.839,-0.18,0.545,-1.099,1.786,-1.183,-0.673,-0.339,0.598,-7.611,0.344,-1.634,-0.32,-0.425,0.87,-0.855,0.168,-0.191,-0.293,-0.532,0.853,1.496,6.55,-0.725,0.172,-0.395,0.782,-0.031,4.137,-0.344,start
1780985090.3916533,-0.84,-0.176,0.543,-0.519,1.336,-0.733,-0.67,-0.336,0.598,-6.779,0.099,-0.885,-0.323,-0.423,0.871,-0.847,-0.45,-0.496,-0.293,-0.532,0.853,1.16,7.496,-0.573,0.181,-0.397,0.779,-1.359,1.618,-0.565,start
1780985090.498477,-0.834,-0.176,0.545,-0.908,1.687,-0.046,-0.668,-0.337,0.598,-6.794,1.137,0.557,-0.326,-0.423,0.869,0.198,0.489,0.321,-0.296,-0.53,0.863,2.26,7.076,0.328,0.173,-0.396,0.78,-1.191,3.473,-1.672,start
1780985093.2817404,-0.842,-0.179,0.546,-0.863,1.427,0.611,-0.672,-0.336,0.602,-6.466,0.855,0.534,-0.323,-0.422,0.868,0.351,0.435,0.496,-0.296,-0.533,0.856,2.107,6.641,-0.115,0.183,-0.394,0.778,-0.534,2.603,-0.473,start
1780985093.3836472,-0.836,-0.176,0.543,-1.924,0.595,-2.267,-0.669,-0.34,0.598,-7.679,-0.008,-1.046,-0.321,-0.424,0.869,-0.908,-0.015,-0.244,-0.288,-0.537,0.844,1.206,7.626,-0.725,0.182,-0.412,0.771,0.328,5.794,0.267,start
1780985093.4867256,-0.836,-0.176,0.548,-0.969,0.733,-0.802,-0.673,-0.336,0.602,-6.947,0.336,-0.786,-0.325,-0.419,0.866,-1.023,0.023,-1.099,-0.293,-0.529,0.85,1.16,7.29,-1.443,0.178,-0.404,0.779,-1.321,0.221,0.115,start
1780985093.5852485,-0.835,-0.186,0.539,-0.649,1.824,-0.053,-0.667,-0.336,0.598,-6.634,0.611,-0.115,-0.323,-0.421,0.87,0.664,-0.137,0.29,-0.295,-0.535,0.855,2.328,5.931,0.366,0.178,-0.396,0.771,0.153,2.557,-0.931,start
1780985093.6896725,-0.835,-0.179,0.543,-1.221,0.878,-2.122,-0.673,-0.336,0.601,-7.328,0.076,-1.55,-0.323,-0.424,0.867,-1.145,-0.26,-0.359,-0.289,-0.537,0.852,1.092,7.557,-1.275,0.189,-0.409,0.771,-1.099,1.664,0.55,start
1780985093.790634,-0.833,-0.184,0.541,-0.74,-1.084,-0.664,-0.656,-0.338,0.612,-8.588,3.885,1.458,-0.325,-0.42,0.861,-1.328,8.588,3.863,-0.291,-0.533,0.858,1.916,18.489,3.237,0.248,-0.185,0.2,250.13,-58.763,67.687,start
1780985093.8934016,-0.848,-0.182,0.528,-4.573,11.244,2.626,-0.672,-0.334,0.593,-9.588,4.527,3.42,-0.329,-0.417,0.863,0.893,6.595,6.397,-0.305,-0.519,0.863,12.885,11.573,10.985,0.241,0.067,0.738,82.008,2.053,-3.145,start
1780985093.9964724,-0.849,-0.168,0.523,-2.985,3.557,-1.427,-0.678,-0.336,0.601,-9.092,0.74,-0.405,-0.339,-0.417,0.864,-2.336,3.206,1.313,-0.309,-0.512,0.865,1.695,8.71,0.611,0.239,0.13,0.739,17.595,5.198,0.153,start
1780985094.103298,-0.857,-0.173,0.508,-0.74,1.931,0.237,-0.682,-0.336,0.592,-6.313,0.313,-0.565,-0.356,-0.414,0.854,0.336,-1.916,-0.992,-0.324,-0.508,0.851,1.588,3.794,-2.985,0.258,0.094,0.825,-19.313,0.252,1.412,start
1780985094.2036648,-0.847,-0.177,0.513,1.031,-4.947,-2.168,-0.677,-0.338,0.597,-4.183,-1.443,-1.733,-0.342,-0.415,0.863,1.168,-5.817,-2.817,-0.313,-0.51,0.863,1.061,6.16,-6.038,0.169,0.235,0.287,-130.176,28.992,-1.756,start
1780985094.3054278,-0.818,-0.171,0.556,1.656,-1.481,-2.977,-0.674,-0.336,0.608,-6.863,-0.687,-1.718,-0.327,-0.419,0.867,-2.641,-1.13,-1.198,-0.293,-0.527,0.854,-1.542,0.511,-1.908,0.187,-0.697,1.531,-219.198,30.855,-68.573,start
1780985094.4161263,-0.841,-0.184,0.534,-1.153,1.145,-1.023,-0.672,-0.34,0.611,-7.038,-1.031,-0.275,-0.32,-0.423,0.87,-0.84,2.244,0.603,-0.295,-0.533,0.852,1.145,12.481,-0.069,0.2,-0.405,0.783,-1.687,5.221,-0.534,start
1780985094.5149162,-0.84,-0.18,0.547,-1.038,0.244,-1.901,-0.673,-0.339,0.602,-6.496,-0.206,-1.145,-0.319,-0.424,0.873,-0.977,0.122,0.053,-0.288,-0.537,0.849,1.229,6.969,-1.069,0.186,-0.403,0.776,-1.336,2.275,-0.489,start
1780985094.614571,-0.84,-0.174,0.542,-0.473,1.954,0.092,-0.671,-0.338,0.607,-6.702,0.901,0.55,-0.328,-0.419,0.862,0.366,0.725,0.885,-0.298,-0.528,0.864,2.191,6.473,0.206,0.182,-0.392,0.773,-2.504,1.153,-2.244,start
1780985094.721189,-0.833,-0.177,0.543,-1.824,0.763,-2.641,-0.668,-0.336,0.605,-7.389,0.275,-0.924,-0.318,-0.424,0.87,-1.084,0.42,0.076,-0.291,-0.536,0.849,0.962,7.847,-0.672,0.191,-0.402,0.773,-0.649,3.504,-0.26,start
1780985094.8206503,-0.838,-0.175,0.538,-0.901,1.206,-0.412,-0.673,-0.337,0.593,-6.58,0.664,-0.061,-0.322,-0.417,0.867,-0.542,0.527,-0.489,-0.295,-0.525,0.855,1.489,7.023,-1.275,0.187,-0.403,0.781,-1.901,-0.298,-0.198,start
1780985094.923361,-0.84,-0.179,0.543,-0.069,1.84,0.046,-0.67,-0.341,0.596,-6.176,0.641,-0.038,-0.318,-0.421,0.869,0.26,0.458,0.267,-0.287,-0.531,0.853,2.504,6.298,0.649,0.185,-0.402,0.776,0.473,4.771,-1.206,start
1780985095.0362482,-0.834,-0.175,0.544,-1.298,0.901,-1.992,-0.673,-0.333,0.605,-7.092,0.115,-1.504,-0.322,-0.423,0.869,-1.031,-0.389,-0.634,-0.29,-0.528,0.854,0.511,7.511,-2.13,0.188,-0.398,0.776,-2.595,-0.809,0.725,start
1780985095.1375096,-0.834,-0.184,0.545,-0.794,2.168,0.466,-0.676,-0.338,0.599,-6.565,0.878,0.725,-0.325,-0.425,0.873,-0.031,1.214,0.061,-0.296,-0.532,0.846,2.137,6.267,0.405,0.19,-0.399,0.768,-0.092,3.687,-0.374,start
1780985097.920307,-0.836,-0.174,0.544,-1.748,1.099,-2.504,-0.67,-0.337,0.605,-7.481,0.145,-1.313,-0.323,-0.424,0.866,-1.565,-0.031,-0.206,-0.291,-0.533,0.85,1.092,7.481,-1.427,0.202,-0.409,0.78,-0.939,2.374,0.496,start
1780985098.0195708,-0.841,-0.176,0.536,0.267,1.794,0.527,-0.673,-0.331,0.601,-6.595,0.557,0.13,-0.324,-0.422,0.868,0.046,-0.389,0.42,-0.296,-0.527,0.858,1.794,6.489,-1.153,0.184,-0.402,0.777,-1.298,0.13,0.008,start
1780985098.120975,-0.836,-0.18,0.545,-1.176,1.603,-0.603,-0.674,-0.342,0.598,-7.008,0.748,0.137,-0.324,-0.42,0.867,-0.382,1.176,0.435,-0.289,-0.537,0.848,2.359,6.847,0.962,0.191,-0.411,0.771,0.664,4.954,-0.473,start
1780985098.2328577,-0.838,-0.172,0.539,-0.641,0.405,-0.962,-0.671,-0.336,0.603,-7.183,0.519,-1.29,-0.324,-0.42,0.867,-1.092,-0.275,-0.87,-0.294,-0.528,0.857,0.733,7.718,-1.893,0.187,-0.408,0.771,-2.626,-1.183,0.802,start
1780985098.322592,-0.837,-0.182,0.538,-0.718,2.031,0.023,-0.667,-0.333,0.599,-6.702,0.557,0.061,-0.32,-0.421,0.869,0.931,0.252,0.771,-0.293,-0.53,0.847,2.336,7.511,0.573,0.19,-0.401,0.774,0.756,4.74,-0.481,start
1780985098.437187,-0.839,-0.177,0.544,-1.107,0.924,-1.527,-0.669,-0.336,0.594,-6.718,-0.176,-0.901,-0.322,-0.421,0.869,-0.496,0.053,-0.557,-0.292,-0.534,0.851,1.641,7.115,-0.71,0.188,-0.407,0.776,-0.496,1.87,-0.046,start
1780985098.5288162,-0.835,-0.179,0.546,-0.237,2.0,0.443,-0.675,-0.334,0.599,-6.504,0.275,-0.298,-0.323,-0.42,0.871,-0.076,-0.183,0.115,-0.292,-0.531,0.854,2.336,6.328,-0.534,0.188,-0.399,0.78,-0.763,1.924,-0.122,start
1780985098.6356442,-0.836,-0.177,0.543,-1.618,1.298,-2.573,-0.676,-0.338,0.607,-7.389,0.084,-1.313,-0.324,-0.421,0.862,-1.275,0.427,0.061,-0.294,-0.533,0.847,1.351,6.794,-1.298,0.194,-0.419,0.773,-0.282,3.718,0.191,start
1780985098.7371404,-0.836,-0.177,0.544,-0.557,1.26,-0.244,-0.674,-0.335,0.6,-6.74,0.046,-0.26,-0.323,-0.418,0.871,-0.305,-0.313,0.351,-0.293,-0.528,0.857,1.374,7.611,-0.756,0.194,-0.407,0.781,-1.641,-0.214,0.183,start
1780985098.838103,-0.836,-0.181,0.543,-0.939,1.046,-0.435,-0.671,-0.334,0.608,-6.771,0.771,0.366,-0.322,-0.424,0.865,0.244,-0.221,0.916,-0.293,-0.531,0.854,2.191,6.374,0.679,0.188,-0.407,0.779,0.771,5.046,-0.481,start
1780985098.9536707,-0.837,-0.174,0.545,-0.931,0.611,-1.962,-0.677,-0.336,0.599,-6.992,0.168,-1.031,-0.327,-0.418,0.872,-1.29,-0.282,-1.13,-0.292,-0.53,0.855,0.779,6.992,-1.939,0.194,-0.415,0.771,-1.725,-0.611,0.397,start
1780985099.044046,-0.841,-0.179,0.545,-0.427,2.092,0.252,-0.671,-0.338,0.6,-6.595,0.771,0.344,-0.314,-0.423,0.864,-0.13,0.214,0.29,-0.298,-0.534,0.854,2.038,5.954,0.336,0.334,-0.538,0.924,3.634,-6.794,1.046,start
1780985099.1574209,-0.839,-0.178,0.541,-2.473,6.695,0.634,-0.664,-0.329,0.604,-7.137,1.916,0.076,-0.331,-0.423,0.871,1.344,-1.328,0.771,-0.305,-0.528,0.854,3.466,1.779,2.344,0.298,-0.166,0.722,85.656,-2.008,13.771,start
1780985099.2557788,-0.845,-0.173,0.531,-2.504,6.527,1.412,-0.674,-0.334,0.59,-8.176,0.267,0.855,-0.336,-0.425,0.866,-0.435,2.725,1.466,-0.31,-0.521,0.853,5.405,8.061,2.977,0.245,0.001,0.814,64.176,1.374,-1.832,start
1780985099.3526428,-0.833,-0.178,0.529,-4.496,8.511,1.71,-0.683,-0.338,0.588,-10.595,2.916,1.58,-0.345,-0.42,0.865,-0.71,7.786,5.45,-0.312,-0.516,0.855,4.725,11.496,7.099,0.252,0.094,0.781,40.87,3.679,-0.183,start
1780985099.4582107,-0.86,-0.176,0.499,-1.855,3.313,0.107,-0.672,-0.338,0.6,-7.511,-0.511,-0.076,-0.355,-0.413,0.856,-0.084,-2.336,0.0,-0.326,-0.511,0.849,2.725,5.183,-1.527,0.251,0.093,0.859,-9.481,-0.702,1.603,start
1780985099.568834,-0.853,-0.177,0.508,1.565,-5.038,-0.611,-0.683,-0.334,0.586,-3.496,-1.092,-1.702,-0.354,-0.412,0.858,2.55,-11.779,-4.328,-0.327,-0.498,0.861,0.649,3.992,-12.298,0.142,0.15,0.319,-202.885,32.489,21.321,start
1780985099.6673393,-0.832,-0.173,0.537,-0.496,0.588,-4.221,-0.673,-0.335,0.601,-7.496,0.496,-2.672,-0.323,-0.419,0.867,-3.092,-1.733,-0.863,-0.282,-0.542,0.846,-1.29,4.534,-2.16,0.557,-0.166,-0.3,53.015,156.092,11.718,start
1780985099.7732947,-0.831,-0.181,0.543,0.985,5.679,0.939,-0.671,-0.33,0.599,-7.053,0.137,0.046,-0.324,-0.422,0.868,0.145,0.344,-0.26,-0.295,-0.523,0.856,1.626,7.687,-0.458,0.196,-0.386,0.784,-6.0,-0.511,-0.313,start
1780985102.4446826,-0.833,-0.176,0.544,-0.641,2.191,-0.038,-0.678,-0.331,0.601,-6.809,0.366,-0.115,-0.324,-0.415,0.864,0.0,-0.244,-0.008,-0.295,-0.526,0.854,1.626,6.756,-1.252,0.19,-0.399,0.767,-1.084,1.023,0.0,start
1780985102.5513835,-0.839,-0.181,0.543,-1.687,1.954,-2.153,-0.672,-0.337,0.596,-7.328,0.229,-1.206,-0.323,-0.421,0.871,-0.702,0.481,-0.107,-0.295,-0.535,0.851,1.916,6.916,-0.13,0.193,-0.404,0.775,0.611,4.908,-0.374,start
1780985102.651578,-0.836,-0.175,0.542,-0.718,0.679,-0.939,-0.674,-0.335,0.605,-6.977,0.076,-0.969,-0.324,-0.422,0.871,-0.863,-0.916,-0.458,-0.295,-0.53,0.85,1.092,7.435,-0.901,0.198,-0.403,0.772,-1.42,0.328,0.267,start
1780985102.755915,-0.834,-0.177,0.542,-0.977,1.84,-0.321,-0.674,-0.336,0.603,-7.237,0.824,-0.046,-0.326,-0.422,0.871,-0.038,0.802,1.076,-0.292,-0.532,0.85,2.344,6.74,0.008,0.189,-0.401,0.776,0.42,4.321,-0.74,start
1780985102.8550453,-0.838,-0.178,0.543,-0.466,1.374,-1.519,-0.673,-0.336,0.6,-7.0,0.145,-1.389,-0.323,-0.418,0.872,-1.359,-0.237,-0.55,-0.293,-0.531,0.854,0.84,7.282,-1.947,0.195,-0.403,0.775,-1.733,-0.084,0.29,start
1780985102.9693499,-0.837,-0.178,0.542,-1.023,2.0,-0.282,-0.67,-0.333,0.598,-7.008,1.0,0.534,-0.324,-0.42,0.865,0.115,0.702,0.695,-0.295,-0.531,0.847,2.313,6.305,0.282,-0.419,-0.445,1.702,48.618,-0.351,40.053,start
1780985103.068861,-0.85,-0.175,0.528,-1.458,5.916,0.832,-0.673,-0.336,0.606,-7.031,-0.962,0.969,-0.312,-0.425,0.875,0.298,4.603,2.573,-0.284,-0.532,0.837,4.649,12.107,9.527,0.321,-0.213,0.793,186.977,-36.618,9.832,start
1780985103.1686764,-0.85,-0.165,0.52,-3.588,9.053,2.389,-0.641,-0.335,0.629,-10.122,1.603,1.756,-0.354,-0.414,0.862,-1.489,5.947,4.649,-0.323,-0.505,0.856,4.771,15.611,10.137,0.243,0.073,0.802,48.267,3.298,-4.977,start
1780985103.2669597,-0.866,-0.174,0.496,-5.893,12.198,1.855,-0.692,-0.336,0.578,-11.008,5.908,1.252,-0.355,-0.413,0.858,-2.748,7.305,4.824,-0.344,-0.51,0.839,1.611,10.863,7.183,0.215,0.127,0.802,11.618,7.443,-7.695,start
1780985103.3783908,-0.864,-0.17,0.496,-0.626,2.466,0.244,-0.694,-0.334,0.561,-6.267,4.328,-0.321,-0.394,-0.411,0.842,0.939,-2.588,-2.237,-0.355,-0.506,0.843,0.962,1.718,-4.74,0.3,0.103,0.829,-15.206,-2.351,-8.344,start
1780985103.4833856,-0.864,-0.173,0.496,1.626,-4.931,-1.344,-0.691,-0.34,0.566,-3.023,-1.282,-1.061,-0.375,-0.413,0.841,2.611,-10.695,-5.008,-0.356,-0.494,0.847,2.473,1.298,-13.153,0.135,0.152,0.4,-178.733,13.992,0.351,start
1780985103.5926034,-0.833,-0.167,0.545,0.733,4.176,-2.969,-0.68,-0.338,0.592,-7.588,0.771,-1.863,-0.351,-0.411,0.858,-1.908,-2.473,-1.679,-0.317,-0.519,0.847,-1.809,-0.206,-6.573,0.167,-0.408,0.859,-229.137,44.076,-36.053,start
1780985103.6800904,-0.856,-0.174,0.524,1.863,4.023,0.176,-0.678,-0.332,0.602,-6.603,-0.42,-0.305,-0.33,-0.418,0.865,-0.397,-3.374,0.802,-0.296,-0.526,0.852,0.023,4.931,-0.076,0.205,-0.42,0.786,3.282,9.527,-0.305,start
1780985103.7857144,-0.843,-0.175,0.539,-0.779,0.702,-2.038,-0.672,-0.336,0.6,-6.626,0.206,-0.985,-0.333,-0.421,0.866,0.099,-1.252,0.015,-0.299,-0.532,0.847,1.786,5.389,-1.099,0.185,-0.411,0.773,0.061,1.435,-0.557,start
1780985103.8906598,-0.84,-0.173,0.538,0.099,0.282,-0.473,-0.676,-0.335,0.599,-6.634,-0.031,-0.351,-0.329,-0.42,0.868,-0.168,0.076,0.099,-0.3,-0.528,0.857,1.779,6.992,-0.939,0.184,-0.405,0.774,-1.511,0.664,-0.458,start
1780985103.9882371,-0.838,-0.176,0.536,-1.45,1.542,-1.916,-0.676,-0.334,0.597,-7.191,0.137,-0.962,-0.328,-0.424,0.867,-0.756,-0.099,-0.221,-0.296,-0.533,0.852,2.473,6.992,0.252,0.19,-0.41,0.779,-0.351,3.198,-0.511,start
1780985104.09951,-0.842,-0.175,0.535,-0.534,0.443,-0.45,-0.677,-0.335,0.598,-6.702,-0.229,-0.725,-0.329,-0.419,0.863,-0.527,-0.496,-0.748,-0.299,-0.529,0.852,1.359,6.916,-1.405,0.189,-0.408,0.77,-2.038,0.412,-0.382,start
1780985104.1997578,-0.84,-0.177,0.543,-0.557,2.069,0.336,-0.676,-0.334,0.59,-6.656,1.038,0.267,-0.326,-0.417,0.859,0.183,0.824,0.344,-0.299,-0.528,0.854,2.168,5.977,-0.046,0.189,-0.401,0.767,0.618,3.992,-0.87,start
1780985104.3021894,-0.843,-0.173,0.54,-1.298,1.603,-1.58,-0.675,-0.338,0.589,-7.046,-0.092,-0.893,-0.329,-0.416,0.861,-0.939,-0.084,-0.183,-0.297,-0.525,0.85,0.733,7.176,-1.603,0.193,-0.415,0.775,-2.557,0.053,0.313,start
1780985104.4002025,-0.844,-0.179,0.534,-0.519,1.878,0.992,-0.677,-0.333,0.597,-6.679,1.0,0.718,-0.328,-0.418,0.866,0.031,0.954,0.603,-0.303,-0.53,0.855,2.427,6.817,0.687,0.182,-0.41,0.77,-0.405,2.84,-0.489,start
1780985107.0837023,-0.839,-0.177,0.539,-1.0,1.183,-0.389,-0.674,-0.333,0.592,-6.71,0.405,-0.076,-0.333,-0.418,0.866,0.069,-0.466,0.267,-0.3,-0.527,0.857,3.107,8.198,-0.153,0.187,-0.409,0.777,-0.748,2.298,0.092,start
1780985107.1876583,-0.837,-0.18,0.533,-0.771,1.221,-0.618,-0.672,-0.335,0.601,-7.13,0.55,0.061,-0.326,-0.427,0.864,-0.527,0.969,-0.214,-0.298,-0.529,0.847,1.771,6.947,-0.023,0.184,-0.413,0.769,0.366,4.527,-0.046,start
1780985107.2892282,-0.84,-0.175,0.534,-0.756,1.351,-0.565,-0.675,-0.334,0.596,-6.55,-0.099,-0.649,-0.33,-0.421,0.869,-0.496,-0.794,-0.611,-0.298,-0.529,0.855,1.107,6.695,-1.527,0.191,-0.412,0.777,-1.443,0.527,0.45,start
1780985107.396833,-0.838,-0.18,0.53,-0.511,1.939,-0.45,-0.674,-0.339,0.601,-6.863,0.573,0.084,-0.33,-0.422,0.865,0.458,0.435,0.641,-0.297,-0.53,0.85,2.702,6.374,0.191,0.19,-0.41,0.779,0.733,4.924,-0.573,start
1780985107.5018115,-0.838,-0.172,0.54,-1.275,0.901,-1.893,-0.674,-0.334,0.599,-7.137,-0.115,-1.397,-0.329,-0.419,0.861,-1.527,0.076,-1.023,-0.302,-0.53,0.853,1.046,8.305,-1.168,0.188,-0.41,0.769,-2.115,-0.298,0.573,start
1780985107.5969431,-0.843,-0.178,0.532,-1.153,1.84,-0.252,-0.677,-0.341,0.599,-6.908,0.786,0.603,-0.331,-0.417,0.864,0.122,0.542,0.695,-0.302,-0.529,0.853,2.313,6.427,0.008,0.185,-0.403,0.77,-0.221,2.985,-0.435,start
1780985107.701461,-0.839,-0.178,0.526,-0.809,1.435,-1.145,-0.677,-0.334,0.591,-6.901,0.229,-0.115,-0.326,-0.419,0.863,-0.481,0.275,0.198,-0.3,-0.531,0.852,1.878,6.947,-0.718,0.187,-0.413,0.776,-0.221,3.893,-0.115,start
1780985107.809318,-0.842,-0.18,0.53,-0.947,1.366,-0.718,-0.675,-0.337,0.6,-6.84,0.359,-0.229,-0.333,-0.42,0.864,-0.237,0.076,0.282,-0.299,-0.528,0.861,1.542,7.099,-0.885,0.185,-0.405,0.77,-1.237,0.779,0.382,start
1780985107.9022512,-0.831,-0.182,0.545,-1.748,1.389,-1.214,-0.679,-0.337,0.593,-7.565,0.29,-0.389,-0.327,-0.421,0.864,-0.427,2.015,1.115,-0.297,-0.532,0.843,1.809,9.069,1.405,0.135,-0.372,0.816,88.969,-11.42,32.573,start
1780985108.0101392,-0.847,-0.174,0.531,-0.901,0.649,-1.229,-0.678,-0.337,0.604,-6.725,-0.137,-1.42,-0.33,-0.422,0.87,-0.855,0.557,-0.382,-0.293,-0.527,0.866,0.947,8.168,-0.603,0.187,-0.217,0.67,50.26,-10.412,11.672,start
1780985108.1080444,-0.843,-0.173,0.528,-0.405,1.046,0.198,-0.676,-0.335,0.594,-6.13,-0.153,0.13,-0.33,-0.418,0.866,0.733,-2.489,-0.534,-0.307,-0.528,0.849,2.466,4.718,-0.931,0.28,-0.402,1.1,-42.168,-7.847,-10.298,start
1780985108.2178276,-0.824,-0.174,0.546,-2.588,2.847,-1.313,-0.677,-0.338,0.598,-8.603,1.779,-0.282,-0.343,-0.421,0.859,-0.779,4.13,0.45,-0.313,-0.53,0.837,1.435,6.038,-1.092,0.25,-0.294,0.933,22.672,-4.237,-0.275,start
1780985108.3280263,-0.845,-0.177,0.531,-0.092,0.031,0.473,-0.675,-0.338,0.603,-6.679,-0.023,0.0,-0.327,-0.419,0.869,0.046,1.626,0.45,-0.303,-0.519,0.859,3.084,9.305,-0.183,0.228,-0.137,0.801,22.42,-10.061,-1.702,start
1780985108.4237397,-0.844,-0.178,0.531,-0.511,-1.267,-1.412,-0.677,-0.338,0.595,-6.038,-0.458,-0.733,-0.33,-0.422,0.866,0.55,-3.519,-0.779,-0.301,-0.526,0.848,2.756,4.29,-2.45,0.22,-0.161,0.444,-152.153,45.45,-14.473,start
1780985108.5210423,-0.839,-0.169,0.53,-0.427,1.962,-0.771,-0.67,-0.332,0.6,-7.809,0.366,-0.832,-0.318,-0.417,0.868,2.45,7.672,2.351,-0.317,-0.522,0.846,-3.412,13.145,-2.084,0.202,-0.387,0.735,6.466,25.824,2.542,start
1780985108.6234434,-0.843,-0.179,0.529,-1.74,2.168,-1.435,-0.675,-0.336,0.599,-7.168,0.145,0.252,-0.329,-0.424,0.858,-0.053,0.695,1.267,-0.297,-0.529,0.852,2.351,7.053,0.244,0.185,-0.405,0.771,0.275,5.366,-0.298,start
1780985108.7261286,-0.844,-0.176,0.536,-0.748,1.084,-1.931,-0.677,-0.338,0.605,-6.954,-0.198,-1.008,-0.324,-0.422,0.869,-0.779,-0.763,-0.275,-0.297,-0.531,0.849,1.763,6.603,-1.389,0.191,-0.408,0.767,-1.794,1.611,-0.664,start
1780985108.8291728,-0.843,-0.181,0.535,-0.351,1.802,0.374,-0.675,-0.336,0.593,-6.55,0.42,-0.031,-0.33,-0.422,0.862,0.122,0.626,0.298,-0.298,-0.528,0.851,2.183,6.534,0.611,0.173,-0.402,0.775,-2.649,2.389,-3.435,start
1780985108.935973,-0.838,-0.179,0.539,-1.618,1.427,-2.076,-0.675,-0.338,0.593,-7.656,-0.26,-1.458,-0.326,-0.426,0.865,-1.244,-0.115,-0.87,-0.297,-0.53,0.847,1.099,7.55,-1.687,0.189,-0.41,0.765,-1.435,1.802,-0.221,start
1780985109.043178,-0.84,-0.174,0.532,-0.275,1.817,0.695,-0.681,-0.336,0.593,-6.588,0.504,0.565,-0.328,-0.421,0.872,0.26,-0.084,0.336,-0.302,-0.527,0.853,2.153,6.611,-0.802,0.19,-0.398,0.769,-1.603,0.344,-0.359,start
1780985111.7137074,-0.84,-0.177,0.537,-1.382,1.214,-1.74,-0.676,-0.336,0.601,-6.893,0.183,-1.153,-0.323,-0.416,0.861,-0.504,-0.466,-0.366,-0.293,-0.531,0.857,1.412,7.198,-1.794,0.201,-0.407,0.761,-1.389,0.412,0.244,start
1780985111.8176003,-0.835,-0.181,0.535,-0.718,2.84,-0.443,-0.673,-0.337,0.598,-7.13,0.595,0.305,-0.331,-0.426,0.867,-0.221,0.74,1.046,-0.296,-0.531,0.853,2.153,6.962,0.435,0.197,-0.413,0.765,0.153,3.977,-0.328,start
1780985111.9192367,-0.838,-0.178,0.535,-0.908,1.45,-0.779,-0.675,-0.338,0.595,-6.992,0.321,-0.084,-0.328,-0.425,0.861,-0.053,0.198,0.641,-0.301,-0.531,0.853,2.122,6.74,-0.053,0.196,-0.416,0.771,-0.221,2.153,-0.389,start
1780985112.0339966,-0.837,-0.169,0.54,-0.756,1.969,-0.107,-0.677,-0.335,0.593,-6.992,0.557,-0.382,-0.326,-0.42,0.868,-0.405,-0.473,0.26,-0.297,-0.525,0.851,1.695,6.702,-1.351,0.196,-0.407,0.761,-1.023,1.015,-0.061,start
1780985112.1254528,-0.839,-0.177,0.542,-1.382,1.779,-1.282,-0.674,-0.338,0.598,-7.275,0.298,-0.664,-0.324,-0.42,0.87,-1.061,0.573,0.214,-0.297,-0.534,0.845,1.611,7.191,-0.687,0.2,-0.415,0.775,-0.26,3.221,-0.107,start
1780985112.2331405,-0.838,-0.175,0.535,-1.099,1.237,-0.802,-0.679,-0.335,0.593,-6.908,0.015,-0.992,-0.325,-0.418,0.874,-0.832,-0.595,-0.84,-0.304,-0.534,0.849,1.58,7.023,-0.947,0.041,-0.52,1.061,32.466,8.061,20.687,start
1780985112.3406544,-0.844,-0.181,0.526,-1.084,5.137,2.015,-0.673,-0.333,0.609,-7.672,-0.618,1.275,-0.317,-0.423,0.87,0.397,4.847,2.435,-0.286,-0.529,0.864,2.336,11.71,6.298,0.282,-0.118,0.58,154.16,-28.298,10.206,start
1780985112.4348452,-0.861,-0.171,0.517,-5.84,8.565,0.031,-0.68,-0.335,0.571,-10.534,3.183,0.206,-0.349,-0.412,0.849,-1.809,2.573,0.427,-0.339,-0.508,0.857,7.916,7.969,2.672,0.232,0.069,0.763,48.511,-6.916,0.13,start
1780985112.5375028,-0.855,-0.177,0.509,-2.45,5.366,0.878,-0.682,-0.341,0.572,-8.198,3.527,1.298,-0.357,-0.413,0.882,-1.176,6.366,2.664,-0.323,-0.501,0.88,0.496,10.58,2.244,0.236,0.142,0.739,14.763,4.962,-4.275,start
1780985112.649055,-0.856,-0.178,0.507,-0.008,0.092,-1.145,-0.682,-0.336,0.58,-6.191,0.023,-0.55,-0.349,-0.42,0.854,-0.053,-1.725,-0.519,-0.314,-0.511,0.86,2.023,6.649,-1.504,0.265,0.1,0.8,-10.977,1.328,-1.885,start
1780985112.743667,-0.853,-0.176,0.515,1.313,-5.237,-2.504,-0.684,-0.336,0.588,-3.282,-2.374,-1.901,-0.35,-0.413,0.849,1.198,-11.145,-5.145,-0.335,-0.5,0.872,-1.412,0.481,-13.618,0.177,0.135,0.366,-199.481,26.718,1.878,start
1780985112.8485186,-0.823,-0.174,0.536,-0.489,1.969,-2.053,-0.679,-0.34,0.603,-6.29,-1.664,-1.267,-0.326,-0.427,0.867,-1.046,-4.489,-0.336,-0.288,-0.533,0.847,1.374,1.511,0.427,0.186,-0.645,1.374,-94.618,30.366,-39.718,start
1780985112.9493277,-0.837,-0.175,0.537,-0.405,0.244,-1.565,-0.671,-0.331,0.594,-6.771,0.008,-1.351,-0.324,-0.422,0.87,-0.664,-0.718,-0.595,-0.3,-0.524,0.845,1.137,5.481,-1.71,0.201,-0.41,0.775,-3.519,2.565,-0.29,start
1780985113.056672,-0.838,-0.173,0.537,-0.076,1.191,0.656,-0.677,-0.339,0.602,-6.771,0.321,-0.076,-0.321,-0.42,0.872,0.031,0.282,0.366,-0.289,-0.526,0.858,1.702,7.527,-0.099,0.192,-0.405,0.778,-1.557,2.641,-0.87,start
1780985113.1657226,-0.843,-0.178,0.537,-1.58,1.641,-1.893,-0.681,-0.339,0.596,-7.092,-0.099,-1.55,-0.325,-0.42,0.867,-1.13,-0.252,-0.878,-0.287,-0.526,0.851,0.641,6.794,-1.794,0.2,-0.411,0.764,-2.053,2.0,0.618,start
1780985113.2585034,-0.838,-0.181,0.533,-0.679,3.076,0.053,-0.672,-0.334,0.598,-6.802,0.855,0.267,-0.324,-0.421,0.864,0.214,1.015,-0.183,-0.297,-0.528,0.864,2.176,6.397,0.122,0.193,-0.406,0.777,-1.389,0.58,-0.252,start
1780985113.3746521,-0.836,-0.175,0.537,-0.42,1.336,-0.237,-0.674,-0.343,0.605,-6.985,0.618,-0.229,-0.321,-0.422,0.871,0.053,-0.031,0.481,-0.294,-0.527,0.855,1.763,6.649,-0.55,0.198,-0.412,0.772,-0.611,2.435,-0.511,start
1780985113.464571,-0.838,-0.175,0.535,-1.206,1.038,-1.107,-0.67,-0.335,0.598,-7.122,0.733,-0.618,-0.325,-0.421,0.865,-0.779,0.229,0.298,-0.293,-0.524,0.859,1.145,7.389,-1.267,0.195,-0.408,0.776,-2.244,-0.214,0.389,start
1780985113.5720336,-0.843,-0.183,0.532,-0.962,2.008,-1.466,-0.674,-0.337,0.602,-7.153,0.527,-0.603,-0.319,-0.425,0.872,-0.389,0.519,1.015,-0.291,-0.528,0.85,1.954,6.809,0.611,0.198,-0.418,0.764,0.702,5.145,-0.099,start
1780985113.6751192,-0.84,-0.179,0.542,-1.153,1.069,-1.679,-0.672,-0.337,0.6,-6.985,0.069,-0.656,-0.321,-0.422,0.867,-0.718,-0.58,0.328,-0.292,-0.53,0.848,1.855,6.939,-0.153,0.198,-0.411,0.774,-0.672,1.84,-0.252,start
1780985116.3487034,-0.835,-0.176,0.534,-1.244,1.092,-1.176,-0.675,-0.337,0.605,-7.191,0.145,-0.939,-0.328,-0.425,0.866,-0.901,-0.221,-0.985,-0.295,-0.523,0.858,0.847,7.473,-1.328,0.191,-0.414,0.768,-2.076,-0.267,0.511,start
1780985116.4516137,-0.841,-0.181,0.538,-0.878,2.023,0.321,-0.678,-0.339,0.604,-7.031,0.656,0.366,-0.327,-0.421,0.869,0.237,0.573,0.611,-0.299,-0.528,0.86,2.206,7.046,-0.092,0.195,-0.41,0.77,-0.504,2.206,-0.443,start
1780985116.554705,-0.839,-0.179,0.542,-1.229,0.817,-0.931,-0.675,-0.34,0.601,-6.84,0.29,0.0,-0.324,-0.421,0.865,-0.038,0.344,-0.397,-0.295,-0.528,0.852,1.679,6.649,0.053,0.193,-0.411,0.771,-0.16,3.053,-0.298,start
1780985116.6639183,-0.839,-0.174,0.537,-0.962,2.115,-0.977,-0.677,-0.333,0.6,-6.977,0.015,-0.237,-0.325,-0.42,0.865,-0.489,-0.557,-0.26,-0.297,-0.525,0.852,1.733,6.992,-1.29,0.196,-0.407,0.773,-1.58,0.733,0.351,start
1780985116.7748077,-0.84,-0.178,0.532,-1.29,1.344,-1.779,-0.67,-0.338,0.589,-7.359,0.328,-0.954,-0.319,-0.423,0.866,-0.527,0.847,0.626,-0.293,-0.531,0.853,2.069,7.603,-0.076,0.191,-0.414,0.773,0.336,4.527,0.031,start
1780985116.8661263,-0.849,-0.176,0.536,-0.397,0.496,-1.954,-0.676,-0.337,0.606,-7.237,0.183,-1.115,-0.313,-0.424,0.881,-0.817,2.321,1.198,-0.294,-0.527,0.877,2.015,11.664,0.618,0.094,-0.351,0.774,168.443,-30.603,57.221,start
1780985116.966723,-0.847,-0.178,0.534,-2.069,8.305,2.107,-0.678,-0.334,0.586,-9.336,3.153,2.718,-0.339,-0.418,0.854,1.58,7.771,4.023,-0.271,-0.517,0.797,6.443,10.374,6.198,0.26,-0.033,0.659,110.885,4.198,1.244,start
1780985117.0814283,-0.854,-0.177,0.521,-3.489,3.885,-2.366,-0.681,-0.34,0.573,-8.45,0.382,-0.832,-0.338,-0.418,0.857,-1.832,3.389,0.168,-0.307,-0.528,0.852,1.641,9.176,0.107,0.266,0.043,0.754,31.58,-0.137,-2.466,start
1780985117.172822,-0.859,-0.18,0.518,-0.26,1.015,1.099,-0.679,-0.335,0.593,-6.771,1.267,0.702,-0.348,-0.418,0.851,-0.328,-0.023,-0.092,-0.317,-0.515,0.849,1.573,7.244,-0.962,0.234,0.087,0.752,-20.183,1.336,0.687,start
1780985117.2759798,-0.85,-0.182,0.516,2.176,-4.885,-0.954,-0.677,-0.336,0.593,-3.725,-1.725,-1.26,-0.344,-0.42,0.859,1.214,-8.985,-3.634,-0.307,-0.523,0.859,-0.221,2.641,-9.748,0.216,-0.058,0.491,-209.924,43.069,-9.969,start
1780985117.392219,-0.841,-0.177,0.535,-1.58,3.153,-0.824,-0.674,-0.332,0.602,-7.496,0.496,-0.725,-0.321,-0.418,0.874,-2.183,0.588,0.122,-0.299,-0.532,0.858,1.26,8.985,0.038,0.185,-0.303,0.502,10.611,28.023,-0.122,start
1780985117.4815128,-0.842,-0.177,0.544,-0.885,2.282,-1.397,-0.674,-0.339,0.6,-7.282,0.374,-0.939,-0.32,-0.426,0.869,-0.244,-0.58,0.214,-0.295,-0.53,0.85,1.908,6.84,0.015,0.194,-0.409,0.776,0.626,4.634,-0.221,start
1780985117.594496,-0.833,-0.173,0.54,-0.985,0.298,-1.427,-0.679,-0.336,0.596,-6.626,0.015,-0.664,-0.318,-0.422,0.869,-0.817,0.115,-0.168,-0.291,-0.524,0.852,1.046,7.603,-1.092,0.195,-0.411,0.77,-1.832,0.313,-0.214,start
1780985117.6923382,-0.832,-0.177,0.536,-0.397,1.557,-0.275,-0.674,-0.339,0.603,-6.649,0.885,0.351,-0.322,-0.421,0.869,0.435,0.504,0.832,-0.296,-0.526,0.862,2.42,6.672,0.573,0.203,-0.412,0.766,-0.947,3.55,-1.794,start
1780985117.790523,-0.84,-0.176,0.534,-1.038,0.939,-2.046,-0.68,-0.337,0.592,-7.42,0.107,-1.382,-0.326,-0.421,0.867,-1.221,-0.489,-0.115,-0.295,-0.525,0.855,1.145,7.84,-1.504,0.194,-0.413,0.767,-2.145,0.847,0.16,start
1780985117.9055717,-0.844,-0.18,0.532,-0.55,1.427,-0.046,-0.672,-0.34,0.594,-6.489,0.527,0.16,-0.326,-0.423,0.869,0.496,0.611,0.252,-0.298,-0.526,0.854,1.939,6.359,0.382,0.193,-0.403,0.766,-0.046,2.588,-0.336,start
1780985117.9967859,-0.838,-0.18,0.535,-0.794,1.252,-0.901,-0.677,-0.334,0.6,-6.947,0.046,-0.298,-0.321,-0.421,0.871,-0.29,-0.382,-0.008,-0.293,-0.528,0.86,1.809,6.771,-0.038,0.194,-0.409,0.773,-0.336,3.107,-0.344,start
1780985118.1070566,-0.841,-0.176,0.534,-1.443,1.893,-0.137,-0.676,-0.334,0.599,-7.061,0.443,-0.435,-0.325,-0.42,0.871,-0.679,-0.092,-0.351,-0.295,-0.525,0.861,1.214,6.931,-1.053,0.187,-0.412,0.77,-1.733,0.656,0.328,start
1780985118.202848,-0.84,-0.178,0.539,-1.496,1.489,-1.275,-0.678,-0.338,0.591,-7.305,0.099,-1.053,-0.325,-0.426,0.87,-1.008,0.397,-0.206,-0.293,-0.532,0.852,1.649,7.076,0.008,0.198,-0.418,0.77,0.466,5.389,-0.122,start
1780985118.3070536,-0.84,-0.177,0.538,-0.389,0.969,-0.664,-0.677,-0.334,0.593,-6.756,0.29,-0.58,-0.323,-0.426,0.872,-0.802,-0.893,-0.603,-0.294,-0.527,0.852,1.45,6.756,-1.366,0.197,-0.419,0.77,-1.122,0.725,0.008,start
1780985120.9920697,-0.844,-0.174,0.541,-0.985,0.947,-0.992,-0.678,-0.34,0.599,-6.863,0.153,-1.061,-0.32,-0.42,0.87,-1.031,-0.298,0.16,-0.293,-0.522,0.857,1.298,7.534,-1.29,0.197,-0.417,0.769,-1.489,0.885,0.405,start
1780985121.0918658,-0.837,-0.177,0.528,-0.16,1.527,-0.382,-0.672,-0.333,0.588,-6.618,0.374,-0.031,-0.328,-0.424,0.868,-0.122,-0.611,0.282,-0.295,-0.522,0.853,1.664,6.412,-0.863,0.2,-0.421,0.77,-0.45,1.84,-0.237,start
1780985121.2015724,-0.841,-0.178,0.536,-1.153,1.84,-0.664,-0.674,-0.336,0.597,-6.794,0.595,-0.031,-0.321,-0.417,0.868,-0.359,0.496,0.344,-0.294,-0.522,0.858,1.557,6.786,0.244,0.192,-0.413,0.774,-0.053,3.74,0.0,start
1780985121.2931547,-0.837,-0.175,0.533,-0.557,1.221,-0.282,-0.68,-0.336,0.597,-6.71,0.443,-0.221,-0.327,-0.423,0.876,-0.42,0.794,0.168,-0.294,-0.522,0.859,1.366,7.672,-0.321,0.197,-0.414,0.771,-0.763,2.473,0.198,start
1780985121.4026766,-0.836,-0.172,0.533,-0.977,2.183,-0.649,-0.678,-0.334,0.602,-6.954,0.725,0.13,-0.325,-0.425,0.869,0.252,0.443,0.275,-0.296,-0.522,0.849,1.847,7.198,-0.053,0.197,-0.417,0.767,-0.198,3.42,-0.359,start
1780985121.5067348,-0.839,-0.18,0.53,-1.031,1.863,-1.603,-0.677,-0.337,0.593,-7.008,0.046,-0.893,-0.326,-0.423,0.87,-0.725,0.511,-0.122,-0.294,-0.521,0.855,1.496,7.023,-0.519,0.201,-0.417,0.759,-0.786,1.947,0.031,start
1780985121.6018643,-0.841,-0.178,0.529,-0.863,1.26,-0.489,-0.675,-0.335,0.603,-6.718,0.214,-0.344,-0.329,-0.42,0.869,-0.611,0.183,-0.031,-0.299,-0.525,0.855,1.771,6.969,-0.725,0.196,-0.409,0.769,-0.786,1.863,0.137,start
1780985121.7048726,-0.837,-0.177,0.533,-1.534,0.931,-1.687,-0.672,-0.338,0.594,-7.183,0.374,-0.649,-0.323,-0.419,0.864,-0.634,0.107,0.244,-0.294,-0.526,0.847,2.0,6.687,-0.939,0.195,-0.413,0.769,0.046,2.977,-0.107,start
1780985121.8183098,-0.837,-0.176,0.537,-0.214,0.947,-0.878,-0.676,-0.337,0.594,-6.511,0.198,-0.824,-0.329,-0.42,0.871,-0.305,-0.336,0.183,-0.296,-0.526,0.855,1.817,7.298,-0.863,0.188,-0.412,0.761,-0.756,1.344,-0.038,start
1780985121.9228923,-0.839,-0.179,0.54,-0.634,1.557,-0.511,-0.673,-0.337,0.601,-6.893,0.618,0.015,-0.323,-0.422,0.866,0.168,-0.221,0.969,-0.296,-0.521,0.859,2.321,6.687,-0.191,0.197,-0.413,0.769,-0.053,2.573,-0.244,start
1780985122.013793,-0.839,-0.175,0.533,-0.878,1.145,-0.931,-0.678,-0.34,0.594,-6.809,-0.038,-0.42,-0.324,-0.421,0.869,-0.878,0.008,-0.42,-0.291,-0.524,0.861,1.588,6.863,-1.206,0.199,-0.42,0.765,-1.015,1.489,0.267,start
1780985122.1220725,-0.836,-0.178,0.538,-0.305,1.542,-0.176,-0.673,-0.333,0.599,-7.16,0.656,-0.26,-0.324,-0.421,0.871,-0.183,-0.099,-0.359,-0.297,-0.522,0.854,1.733,6.45,-0.412,0.191,-0.416,0.763,-1.252,0.0,-0.183,start
1780985122.2199476,-0.836,-0.181,0.534,-1.008,1.473,-0.725,-0.677,-0.339,0.6,-6.771,0.42,-0.504,-0.324,-0.423,0.869,0.153,-0.053,0.092,-0.29,-0.527,0.847,2.191,6.504,0.305,0.197,-0.414,0.761,0.252,4.336,-0.214,start
1780985122.3358495,-0.84,-0.174,0.534,-0.58,1.359,-0.618,-0.674,-0.337,0.591,-6.954,0.511,-0.985,-0.324,-0.425,0.865,-0.939,-0.29,-0.405,-0.293,-0.525,0.846,1.366,7.458,-1.519,0.195,-0.415,0.775,-1.634,-0.015,0.29,start
1780985122.4395056,-0.835,-0.178,0.544,-0.916,2.244,0.122,-0.676,-0.337,0.593,-7.267,0.863,0.099,-0.327,-0.425,0.868,-0.061,1.046,0.748,-0.3,-0.527,0.846,2.008,6.183,0.412,0.229,-0.45,0.808,3.305,2.855,0.863,start
1780985122.541378,-0.834,-0.177,0.534,-0.672,3.206,-0.405,-0.679,-0.338,0.6,-7.244,0.427,-0.092,-0.326,-0.425,0.862,-0.55,2.244,1.435,-0.289,-0.529,0.853,1.519,9.565,1.321,0.264,-0.319,0.807,145.725,-21.42,31.069,start
1780985122.633365,-0.843,-0.18,0.531,-3.649,9.87,2.565,-0.683,-0.334,0.604,-8.634,3.664,1.542,-0.349,-0.417,0.866,-0.42,3.641,2.824,-0.319,-0.516,0.866,7.214,4.351,4.649,0.262,-0.011,0.783,79.237,-10.901,-7.855,start
1780985122.7348678,-0.854,-0.17,0.504,-1.901,4.969,-0.229,-0.684,-0.335,0.59,-8.015,0.534,0.481,-0.347,-0.42,0.848,-0.672,0.977,1.092,-0.304,-0.519,0.864,0.313,6.779,0.824,0.242,0.059,0.867,29.718,1.435,-0.191,start
1780985122.8482502,-0.853,-0.17,0.513,-0.885,1.191,-1.237,-0.683,-0.33,0.588,-6.42,-0.153,-0.275,-0.35,-0.42,0.854,-0.802,-1.679,-0.786,-0.321,-0.521,0.85,1.061,7.198,-2.366,0.269,0.107,0.806,-13.038,3.137,1.511,start
1780985122.9409306,-0.859,-0.176,0.506,3.466,-8.237,-1.931,-0.686,-0.342,0.57,-1.809,-4.321,-2.031,-0.356,-0.417,0.849,2.664,-17.145,-7.603,-0.398,-0.527,0.851,15.252,-8.985,-9.908,0.274,-0.104,0.494,-250.137,61.511,1.214,start
1780985125.6230888,-0.842,-0.174,0.539,-1.076,2.313,-1.779,-0.677,-0.341,0.602,-7.16,0.229,-0.84,-0.321,-0.422,0.866,-1.305,-0.176,-0.649,-0.298,-0.52,0.855,1.031,6.832,-1.229,0.194,-0.42,0.771,-0.794,1.229,0.176,start
1780985125.7224376,-0.837,-0.186,0.538,-0.656,0.427,-0.786,-0.674,-0.334,0.601,-6.756,0.221,-0.183,-0.322,-0.423,0.869,-0.275,-0.252,-0.313,-0.294,-0.517,0.86,1.641,6.344,-0.336,0.192,-0.406,0.765,-0.55,2.45,-0.206,start
1780985125.82876,-0.841,-0.178,0.54,-0.382,0.763,-0.397,-0.673,-0.335,0.604,-6.679,0.885,0.595,-0.321,-0.421,0.874,0.206,0.672,1.145,-0.286,-0.522,0.856,2.107,7.641,0.634,0.198,-0.415,0.766,-1.038,3.427,-1.176,start
1780985125.9318657,-0.839,-0.177,0.542,-0.389,1.069,-0.802,-0.674,-0.333,0.601,-6.87,-0.221,-0.802,-0.315,-0.421,0.87,-0.443,-0.679,-0.282,-0.295,-0.517,0.861,1.908,6.183,-1.496,0.202,-0.409,0.774,-0.924,0.641,0.061,start
1780985126.040047,-0.835,-0.18,0.546,-0.45,1.031,-0.878,-0.674,-0.339,0.602,-6.733,0.137,-0.74,-0.317,-0.417,0.875,-0.321,0.031,0.466,-0.294,-0.521,0.862,1.87,6.031,-0.443,0.194,-0.415,0.77,-0.023,2.145,-0.611,start
1780985126.1487694,-0.833,-0.178,0.538,-0.58,1.298,-0.313,-0.675,-0.342,0.602,-6.924,0.618,-0.069,-0.322,-0.42,0.871,-0.069,0.725,0.366,-0.292,-0.519,0.86,2.046,6.725,0.122,0.202,-0.41,0.771,0.229,4.053,-0.458,start
1780985126.2380567,-0.829,-0.172,0.543,-1.305,1.137,-1.489,-0.674,-0.333,0.609,-7.282,0.71,-0.443,-0.318,-0.423,0.872,-0.649,0.176,-0.466,-0.301,-0.521,0.856,1.366,7.855,-1.298,0.2,-0.412,0.761,-1.527,0.206,-0.046,start
1780985126.3404906,-0.832,-0.173,0.541,-1.649,1.145,-0.321,-0.671,-0.337,0.592,-6.13,-0.405,-0.084,-0.313,-0.422,0.883,-0.252,-0.046,-0.221,-0.255,-0.509,0.88,2.305,7.893,1.58,-0.05,-0.326,0.78,219.664,-60.763,69.504,start
1780985126.451124,-0.842,-0.178,0.537,-5.282,15.695,3.267,-0.68,-0.34,0.596,-12.191,6.26,2.855,-0.339,-0.424,0.856,-0.55,8.405,4.656,-0.382,-0.418,1.238,-15.099,-3.206,1.534,0.288,-0.015,0.685,98.206,-6.511,5.565,start
1780985126.546477,-0.86,-0.173,0.513,-1.939,5.031,1.504,-0.682,-0.335,0.591,-7.107,0.664,0.985,-0.343,-0.417,0.864,1.015,1.122,0.733,-0.314,-0.516,0.849,-0.878,9.206,0.115,0.245,0.074,0.802,24.725,5.198,3.351,start
1780985126.6493077,-0.85,-0.178,0.511,-0.504,0.359,-0.916,-0.68,-0.336,0.6,-6.725,0.29,-0.198,-0.346,-0.416,0.86,0.069,1.786,1.458,-0.308,-0.512,0.861,0.626,9.71,1.107,0.256,0.097,0.784,-4.26,6.55,-0.786,start
1780985126.757932,-0.851,-0.176,0.516,0.802,-3.748,-2.298,-0.676,-0.338,0.594,-4.656,-2.344,-1.649,-0.338,-0.415,0.857,0.435,-6.099,-2.046,-0.306,-0.508,0.864,1.649,5.221,-4.695,0.164,0.221,0.304,-116.015,24.076,1.458,start
1780985126.8557556,-0.812,-0.165,0.552,0.672,-8.122,-3.504,-0.667,-0.336,0.601,-5.931,-1.695,-1.664,-0.314,-0.419,0.879,-1.191,-2.565,-0.267,-0.291,-0.509,0.869,3.382,6.901,-0.092,0.226,-0.726,1.569,-250.137,28.588,-79.947,start
1780985126.9662282,-0.835,-0.179,0.546,-0.511,-0.443,-2.168,-0.675,-0.334,0.607,-6.504,-2.771,-1.382,-0.312,-0.426,0.874,-1.809,1.092,-0.244,-0.292,-0.519,0.85,2.588,9.779,-0.405,0.202,-0.405,0.794,-1.13,3.435,-1.206,start
1780985127.0716412,-0.835,-0.176,0.535,-1.374,0.427,-2.366,-0.67,-0.333,0.596,-7.137,-0.321,-1.29,-0.317,-0.421,0.87,-1.489,-0.687,-1.008,-0.295,-0.517,0.864,0.817,7.725,-1.435,0.188,-0.395,0.776,-2.74,1.435,-0.947,start
1780985127.172128,-0.836,-0.176,0.542,-0.481,1.649,0.427,-0.675,-0.335,0.606,-6.733,0.641,0.618,-0.312,-0.419,0.869,0.183,0.221,-0.031,-0.292,-0.515,0.869,1.947,6.863,0.298,0.186,-0.393,0.769,-2.115,2.916,-2.282,start
1780985127.2680984,-0.838,-0.174,0.543,-1.0,0.908,-1.42,-0.675,-0.334,0.601,-7.061,0.351,-1.176,-0.316,-0.419,0.873,-1.099,0.061,-1.023,-0.29,-0.515,0.857,1.298,7.649,-1.191,0.192,-0.398,0.778,-1.885,1.55,-0.328,start
1780985127.3704436,-0.837,-0.178,0.543,-1.244,2.305,-0.511,-0.668,-0.334,0.604,-6.542,0.084,-0.489,-0.313,-0.418,0.874,-0.145,-0.145,-0.099,-0.291,-0.516,0.868,1.015,7.221,-0.313,0.186,-0.394,0.771,-1.313,2.137,0.237,start
1780985127.4733746,-0.838,-0.183,0.534,-0.656,1.366,-0.641,-0.673,-0.333,0.596,-6.366,0.282,-0.328,-0.315,-0.428,0.873,0.359,0.298,0.809,-0.289,-0.516,0.858,2.573,5.611,0.038,0.188,-0.4,0.779,0.542,4.969,-0.939,start
1780985130.264974,-0.838,-0.178,0.542,-0.947,2.336,0.061,-0.675,-0.333,0.605,-6.824,0.527,-0.244,-0.32,-0.419,0.867,-0.481,0.863,0.489,-0.296,-0.51,0.862,1.275,7.031,-0.313,0.194,-0.406,0.771,-0.885,1.473,0.13,start
1780985130.3574142,-0.836,-0.182,0.536,-0.779,0.916,-1.504,-0.677,-0.336,0.598,-6.344,-0.55,-1.702,-0.311,-0.423,0.873,-0.824,-2.183,-1.924,-0.289,-0.519,0.862,2.221,3.794,-0.718,0.188,-0.41,0.771,0.168,2.252,-0.74,start
1780985130.4729066,-0.833,-0.182,0.544,-1.153,1.176,-1.534,-0.671,-0.338,0.599,-7.26,0.29,-0.809,-0.319,-0.424,0.872,-0.656,-0.695,-0.534,-0.293,-0.521,0.858,1.282,6.641,-1.84,0.206,-0.415,0.773,-1.0,0.046,-0.489,start
1780985130.563316,-0.837,-0.181,0.544,0.298,1.45,0.389,-0.671,-0.337,0.6,-6.305,0.557,-0.176,-0.306,-0.42,0.871,-0.275,0.168,0.092,-0.296,-0.518,0.864,1.557,6.924,-0.802,0.204,-0.411,0.771,-0.656,2.863,0.031,start
1780985130.6791315,-0.834,-0.179,0.538,-1.55,1.55,-1.702,-0.674,-0.339,0.605,-7.962,0.198,-0.809,-0.314,-0.424,0.871,-1.038,0.252,-0.137,-0.289,-0.519,0.861,1.267,7.557,-0.702,0.202,-0.408,0.77,-0.588,3.198,0.26,start
1780985130.7693882,-0.835,-0.176,0.546,-1.069,1.534,-1.244,-0.67,-0.334,0.605,-7.527,0.382,-0.847,-0.313,-0.424,0.871,-0.817,0.573,0.443,-0.294,-0.516,0.863,1.359,8.397,-0.725,0.191,-0.41,0.771,-0.55,2.611,0.656,start
1780985130.872303,-0.837,-0.18,0.544,-0.336,1.466,0.42,-0.672,-0.339,0.596,-7.122,0.779,0.511,-0.321,-0.425,0.876,0.504,0.626,1.038,-0.295,-0.518,0.861,2.412,7.359,0.366,0.183,-0.455,0.869,3.656,2.916,1.603,start
1780985130.9752874,-0.82,-0.175,0.555,-5.076,18.931,3.511,-0.676,-0.342,0.59,-12.031,4.962,3.366,-0.334,-0.424,0.867,-2.901,12.74,6.366,-0.661,-0.418,0.867,-14.55,15.504,3.534,0.294,-0.066,0.592,138.489,-8.595,20.053,start
1780985131.0829554,-0.85,-0.177,0.523,-4.008,9.237,2.191,-0.672,-0.339,0.609,-9.053,4.931,2.42,-0.347,-0.419,0.862,-0.611,9.824,4.015,-0.342,-0.514,0.855,-4.038,22.115,5.168,0.229,0.118,0.724,43.344,3.649,-8.947,start
1780985131.190567,-0.856,-0.177,0.5,-0.954,-0.061,-0.916,-0.683,-0.34,0.584,-5.809,-1.779,-1.145,-0.35,-0.423,0.861,0.542,-3.855,-1.397,-0.318,-0.525,0.844,2.901,3.458,-1.511,0.251,0.108,0.802,0.397,3.16,2.221,start
1780985131.2846153,-0.855,-0.178,0.512,-0.336,-1.695,-1.519,-0.68,-0.342,0.58,-5.206,-0.824,-1.061,-0.353,-0.419,0.855,0.595,-6.595,-3.015,-0.319,-0.514,0.851,2.916,2.992,-3.977,0.233,0.138,0.74,-33.71,2.527,5.458,start
1780985131.3968017,-0.855,-0.177,0.51,2.924,-3.656,-1.298,-0.683,-0.336,0.587,-3.374,-1.076,-1.282,-0.364,-0.415,0.84,3.397,-16.16,-7.076,-0.32,-0.521,0.851,15.015,-7.802,-6.985,0.323,-0.081,0.557,-201.802,47.679,-13.16,start
1780985131.4900625,-0.846,-0.175,0.53,-0.336,-1.397,-2.55,-0.674,-0.334,0.603,-5.847,-1.565,-2.046,-0.307,-0.424,0.875,-1.42,-4.847,-2.092,-0.31,-0.532,0.873,2.176,5.405,-0.725,0.269,-0.298,0.422,11.924,48.947,-19.366,start
1780985131.5934274,-0.84,-0.173,0.541,1.244,2.87,1.061,-0.673,-0.335,0.604,-6.298,0.382,-0.321,-0.316,-0.418,0.87,0.031,0.115,0.16,-0.297,-0.501,0.866,1.466,2.733,0.298,0.178,-0.392,0.782,-0.687,2.405,-1.092,start
1780985131.696511,-0.837,-0.175,0.533,-0.779,1.351,-0.817,-0.672,-0.335,0.601,-7.198,0.084,-1.481,-0.316,-0.42,0.871,-0.603,0.214,-0.145,-0.297,-0.514,0.86,1.115,6.695,-0.71,0.185,-0.395,0.785,-0.855,1.794,-1.099,start
1780985131.8130114,-0.839,-0.174,0.537,-1.061,1.382,-1.466,-0.671,-0.332,0.598,-7.145,0.008,-0.901,-0.315,-0.418,0.868,-1.183,-0.832,0.008,-0.295,-0.506,0.862,1.023,8.069,-1.557,0.178,-0.394,0.786,-2.137,1.031,-1.366,start
1780985131.907708,-0.841,-0.174,0.535,-0.084,1.16,0.534,-0.673,-0.333,0.606,-6.542,0.656,0.42,-0.314,-0.42,0.87,0.244,0.496,0.679,-0.299,-0.509,0.862,1.573,6.74,0.237,0.161,-0.396,0.789,-1.374,3.237,-2.359,start
1780985132.015659,-0.835,-0.169,0.545,-1.603,1.092,-2.496,-0.675,-0.333,0.613,-7.412,-0.031,-1.382,-0.314,-0.422,0.869,-1.389,0.183,-1.038,-0.299,-0.513,0.866,0.466,7.603,-1.771,0.184,-0.395,0.775,-1.992,1.672,-0.351,start
1780985132.1150248,-0.835,-0.178,0.539,-0.908,1.878,-0.496,-0.672,-0.335,0.601,-7.038,0.481,-0.458,-0.315,-0.423,0.87,-0.076,0.344,-0.122,-0.297,-0.507,0.871,1.58,6.809,-0.985,0.183,-0.394,0.77,-1.595,1.115,-0.237,start
1780985132.211682,-0.834,-0.178,0.538,-0.947,1.519,-0.496,-0.672,-0.338,0.606,-6.511,0.893,0.206,-0.316,-0.422,0.87,0.008,0.695,0.237,-0.298,-0.51,0.869,2.275,6.397,0.908,0.191,-0.396,0.773,-1.275,2.687,-2.687,start
1780985134.8898165,-0.837,-0.173,0.538,-0.565,2.153,0.053,-0.674,-0.341,0.604,-6.55,0.794,0.664,-0.316,-0.421,0.873,0.519,0.824,1.092,-0.298,-0.505,0.86,2.229,6.618,0.924,0.181,-0.403,0.775,0.763,3.702,-0.519,start
1780985134.9929092,-0.84,-0.179,0.533,-0.893,1.015,-1.221,-0.677,-0.334,0.601,-7.183,-0.023,-1.344,-0.318,-0.419,0.873,-1.137,-0.588,-0.191,-0.295,-0.509,0.862,1.229,6.885,-1.908,0.173,-0.403,0.773,-0.473,1.565,0.267,start
1780985135.0972633,-0.836,-0.175,0.544,-0.954,2.137,-0.481,-0.675,-0.338,0.599,-7.244,0.855,0.008,-0.32,-0.418,0.872,-0.435,-0.206,0.298,-0.303,-0.505,0.866,1.321,6.763,-1.305,0.185,-0.396,0.769,-1.702,0.74,0.374,start
1780985135.199714,-0.838,-0.175,0.542,-0.038,2.214,-0.153,-0.672,-0.339,0.604,-6.977,0.649,0.252,-0.314,-0.421,0.867,0.153,1.198,0.756,-0.296,-0.508,0.865,2.26,6.275,1.107,0.265,-0.544,1.038,27.557,-7.412,9.282,start
1780985135.3019545,-0.835,-0.175,0.534,-2.214,0.191,-2.145,-0.669,-0.329,0.6,-8.214,1.229,-0.885,-0.309,-0.424,0.862,-1.725,6.336,1.779,-0.293,-0.513,0.872,-0.565,18.16,3.298,0.253,-0.128,0.516,181.137,-36.321,15.458,start
1780985135.4204922,-0.848,-0.179,0.522,-4.145,8.962,1.611,-0.679,-0.338,0.583,-8.985,4.191,1.42,-0.334,-0.421,0.862,-1.107,7.145,3.702,-0.322,-0.518,0.853,-0.87,7.626,2.809,0.247,0.052,0.718,51.122,-4.496,-6.435,start
1780985135.5074334,-0.848,-0.175,0.516,-1.443,2.0,-1.389,-0.679,-0.339,0.587,-7.229,0.45,-0.069,-0.343,-0.422,0.857,-0.046,0.023,0.229,-0.321,-0.52,0.847,2.427,6.45,-0.733,0.265,0.049,0.847,-4.809,0.656,-1.916,start
1780985135.6225998,-0.851,-0.17,0.521,0.641,-3.756,-1.221,-0.682,-0.332,0.59,-4.939,-0.969,-0.748,-0.345,-0.416,0.858,0.649,-7.0,-2.359,-0.325,-0.504,0.861,2.45,3.557,-5.939,0.166,0.201,0.341,-123.489,29.908,-1.84,start
1780985135.7145543,-0.823,-0.179,0.547,0.58,-7.053,-5.458,-0.658,-0.337,0.619,-6.588,-0.794,-2.542,-0.316,-0.427,0.87,-0.985,-2.176,-0.481,-0.299,-0.529,0.849,2.115,5.099,-0.489,0.248,-0.806,1.725,-127.756,31.924,-47.359,start
1780985135.8167212,-0.846,-0.177,0.531,-1.313,0.183,-1.565,-0.672,-0.342,0.603,-7.351,1.618,-1.069,-0.322,-0.423,0.863,0.16,0.305,-0.198,-0.305,-0.52,0.856,2.328,4.252,-0.832,0.189,-0.405,0.775,-2.435,5.855,-0.382,start
1780985135.9200547,-0.838,-0.179,0.537,-0.466,2.122,0.061,-0.672,-0.335,0.595,-6.565,0.435,-0.153,-0.321,-0.421,0.867,0.015,0.076,0.374,-0.302,-0.515,0.86,1.786,6.344,-0.366,0.187,-0.403,0.776,-2.076,1.962,-0.756,start
1780985136.0313852,-0.839,-0.18,0.542,-1.489,0.908,-1.756,-0.673,-0.337,0.608,-7.45,0.229,-1.153,-0.321,-0.421,0.872,-1.168,0.496,-0.908,-0.299,-0.519,0.856,1.107,7.931,-0.939,0.191,-0.415,0.77,-1.305,2.634,0.145,start
1780985136.1255803,-0.841,-0.169,0.537,-0.87,0.794,-0.977,-0.677,-0.337,0.597,-6.756,0.26,-0.344,-0.316,-0.421,0.873,-0.885,-0.84,-0.55,-0.297,-0.519,0.867,1.29,7.779,-0.954,0.193,-0.41,0.772,-1.847,0.756,0.0,start
1780985136.2292566,-0.842,-0.18,0.527,-0.405,2.137,0.664,-0.677,-0.335,0.595,-6.641,0.939,0.496,-0.322,-0.423,0.875,0.397,0.588,0.87,-0.297,-0.513,0.863,2.573,6.916,0.794,0.195,-0.407,0.764,0.252,3.977,-0.824,start
1780985136.3320746,-0.838,-0.177,0.538,-1.214,0.908,-2.221,-0.673,-0.334,0.604,-7.351,0.038,-1.313,-0.32,-0.424,0.875,-1.282,-0.153,-0.29,-0.301,-0.514,0.858,1.122,8.55,-1.954,0.201,-0.419,0.769,-2.473,-0.443,0.519,start
1780985136.4372375,-0.838,-0.18,0.534,-1.29,1.771,-0.626,-0.676,-0.336,0.598,-6.84,0.763,-0.046,-0.323,-0.422,0.865,-0.092,-0.069,0.924,-0.304,-0.512,0.863,1.443,6.969,-0.534,0.197,-0.41,0.769,-1.359,1.573,-0.092,start
1780985136.5499752,-0.839,-0.182,0.538,-0.557,1.794,-0.321,-0.674,-0.338,0.606,-6.84,0.687,-0.061,-0.318,-0.425,0.866,0.0,1.046,1.13,-0.302,-0.514,0.854,1.885,6.45,0.176,0.195,-0.414,0.775,0.168,4.374,-0.794,start
1780985136.6546202,-0.838,-0.177,0.538,-1.321,1.947,-1.176,-0.675,-0.338,0.599,-7.0,0.42,-0.992,-0.323,-0.423,0.868,-0.802,0.183,-0.427,-0.3,-0.519,0.86,1.122,6.802,-1.405,0.188,-0.417,0.772,-1.992,0.344,0.55,start
1780985136.7547565,-0.837,-0.181,0.533,-1.252,1.603,-0.504,-0.673,-0.34,0.599,-7.153,0.931,-0.458,-0.319,-0.42,0.868,-0.046,0.344,0.191,-0.299,-0.515,0.864,1.901,7.641,0.618,0.188,-0.411,0.763,-0.527,2.985,-0.198,start
1780985139.5252204,-0.84,-0.18,0.533,-0.725,2.031,0.237,-0.678,-0.339,0.599,-6.092,0.962,0.618,-0.321,-0.422,0.869,0.237,0.725,1.061,-0.303,-0.514,0.859,2.45,5.687,0.26,0.194,-0.408,0.77,0.244,3.458,-0.725,start
1780985139.628369,-0.838,-0.183,0.541,-0.84,2.237,-2.511,-0.671,-0.341,0.599,-7.55,0.153,-1.206,-0.319,-0.424,0.868,-0.977,0.015,-0.672,-0.298,-0.52,0.855,1.641,6.42,-1.145,0.196,-0.422,0.766,-0.542,2.626,0.466,start
1780985139.7343342,-0.838,-0.177,0.539,-0.802,1.405,-0.855,-0.676,-0.338,0.595,-6.878,0.42,-0.328,-0.319,-0.424,0.872,-0.542,-0.504,-0.099,-0.302,-0.513,0.852,1.45,6.496,-0.855,0.192,-0.418,0.771,-0.733,1.466,-0.099,start
1780985139.8378944,-0.837,-0.178,0.538,-0.366,1.458,0.55,-0.674,-0.337,0.595,-6.725,1.145,0.687,-0.316,-0.423,0.875,0.183,0.893,0.374,-0.298,-0.514,0.863,2.244,7.168,0.489,0.194,-0.413,0.762,0.679,5.191,-0.527,start
1780985139.9379785,-0.842,-0.18,0.538,-1.344,1.87,-2.397,-0.677,-0.336,0.597,-6.992,-0.382,-1.473,-0.323,-0.425,0.873,-1.137,-0.832,-1.237,-0.302,-0.521,0.858,1.435,7.16,-1.542,0.193,-0.421,0.764,-1.29,0.74,0.015,start
1780985140.0403416,-0.839,-0.173,0.535,-0.412,1.084,0.733,-0.677,-0.335,0.602,-6.336,0.351,-0.145,-0.32,-0.419,0.874,0.305,0.374,0.42,-0.305,-0.514,0.86,1.893,5.87,-0.13,0.185,-0.415,0.776,-1.924,1.13,-0.779,start
1780985140.143378,-0.841,-0.177,0.538,-0.313,0.557,-0.031,-0.677,-0.336,0.595,-6.427,0.214,0.115,-0.317,-0.424,0.867,0.435,-0.015,0.718,-0.3,-0.521,0.86,2.695,5.855,0.298,0.189,-0.419,0.777,-2.481,3.435,-2.13,start
1780985140.2551956,-0.837,-0.175,0.532,-1.023,1.359,-0.962,-0.681,-0.336,0.604,-6.916,0.221,-0.794,-0.321,-0.42,0.866,-1.008,-0.618,-0.244,-0.301,-0.51,0.86,0.786,6.908,-1.573,0.194,-0.415,0.775,-2.115,-0.466,0.725,start
1780985140.3543193,-0.836,-0.178,0.532,-0.687,1.863,0.0,-0.674,-0.337,0.591,-7.038,0.756,0.099,-0.319,-0.421,0.874,0.076,0.794,0.305,-0.301,-0.511,0.862,2.023,7.252,0.344,0.192,-0.414,0.762,-0.534,2.374,-0.069,start
1780985140.4563966,-0.838,-0.175,0.534,-0.641,1.038,-0.893,-0.675,-0.341,0.595,-6.863,0.084,-0.649,-0.322,-0.422,0.874,-0.183,-0.137,-0.214,-0.298,-0.519,0.862,1.679,6.908,-0.229,0.2,-0.421,0.766,-0.099,3.573,-0.313,start
1780985140.5569468,-0.812,-0.171,0.56,-3.061,4.618,0.168,-0.674,-0.334,0.594,-10.137,5.802,1.992,-0.305,-0.427,0.888,-0.794,17.611,6.359,-0.281,-0.511,0.835,-1.595,29.0,5.985,0.324,-0.132,0.365,250.13,-60.55,52.389,start
1780985140.657858,-0.861,-0.175,0.5,-10.748,31.405,9.504,-0.728,-0.333,0.562,-15.466,17.298,7.008,-0.383,-0.412,0.848,-1.878,28.168,13.267,-0.359,-0.508,0.844,-8.275,20.58,15.443,0.179,0.116,0.658,74.366,8.458,3.122,start
1780985140.7611878,-0.861,-0.17,0.494,-1.183,-0.756,-1.397,-0.697,-0.338,0.574,-5.351,-2.954,-1.389,-0.39,-0.417,0.839,1.901,-7.252,-3.809,-0.352,-0.517,0.82,6.244,-0.435,-2.534,0.212,0.107,0.752,-10.176,3.74,19.168,start
1780985140.8641353,-0.851,-0.167,0.51,0.099,-1.733,-0.221,-0.691,-0.335,0.578,-5.542,0.321,-0.359,-0.351,-0.412,0.856,0.008,-1.466,-0.366,-0.338,-0.519,0.837,2.489,5.824,-1.794,0.229,0.068,0.846,-4.595,1.939,4.038,start
1780985140.9706914,-0.856,-0.174,0.503,-0.366,-0.107,-0.015,-0.68,-0.331,0.59,-6.847,0.473,-0.092,-0.362,-0.412,0.861,0.267,-0.832,0.542,-0.34,-0.514,0.85,1.168,6.847,-1.031,0.212,0.078,0.833,-4.489,-0.779,-2.191,start
1780985141.0722368,-0.851,-0.172,0.508,-1.115,2.336,-1.137,-0.688,-0.338,0.583,-6.84,0.153,-0.519,-0.356,-0.417,0.86,0.221,-0.908,-0.092,-0.339,-0.522,0.839,1.527,6.076,-0.328,0.25,0.043,0.887,3.061,-1.26,-4.924,start
1780985141.182629,-0.857,-0.167,0.507,-0.458,1.992,0.656,-0.687,-0.331,0.587,-7.122,1.405,0.244,-0.36,-0.414,0.855,-0.756,0.763,0.015,-0.342,-0.511,0.845,0.725,8.069,-0.427,0.212,0.089,0.846,1.046,-0.786,-4.122,start
1780985141.2825363,-0.859,-0.174,0.501,-0.557,1.908,-0.107,-0.688,-0.335,0.586,-7.061,1.092,0.168,-0.361,-0.417,0.86,-0.137,-0.076,0.183,-0.343,-0.511,0.851,1.45,6.962,0.695,0.23,0.099,0.818,-3.344,1.328,-1.588,start
1780985141.388743,-0.855,-0.166,0.504,-0.534,-0.115,-2.58,-0.685,-0.333,0.585,-6.931,-0.321,-1.397,-0.355,-0.413,0.856,-0.382,-0.359,-0.588,-0.339,-0.524,0.839,1.282,8.046,-0.733,0.24,0.079,0.843,-7.321,1.649,-3.855,start
1780985144.1689084,-0.837,-0.18,0.539,-0.435,1.382,0.221,-0.67,-0.335,0.604,-6.573,0.473,-0.145,-0.315,-0.418,0.874,-0.084,0.824,0.275,-0.3,-0.505,0.868,1.855,6.931,-0.16,0.188,-0.394,0.768,-1.389,2.458,-1.405,start
1780985144.2635725,-0.839,-0.177,0.543,-1.221,0.649,-1.962,-0.668,-0.333,0.609,-7.023,-0.13,-1.656,-0.315,-0.415,0.879,-1.176,-0.618,-0.931,-0.297,-0.507,0.864,0.992,6.916,-0.878,0.189,-0.399,0.769,-0.733,2.427,0.519,start
1780985144.3733854,-0.834,-0.178,0.547,-0.779,1.206,-0.198,-0.668,-0.333,0.609,-7.099,0.198,-0.344,-0.314,-0.417,0.872,-0.649,-0.496,-0.282,-0.3,-0.51,0.865,1.366,7.198,-1.244,0.191,-0.398,0.77,-1.031,1.13,0.145,start
1780985144.4784348,-0.832,-0.179,0.548,-0.534,2.061,0.412,-0.669,-0.334,0.611,-6.664,0.855,0.481,-0.314,-0.42,0.875,0.29,0.496,0.366,-0.302,-0.51,0.869,2.221,6.336,0.252,0.188,-0.4,0.777,0.42,4.366,-0.84,start
1780985144.5858443,-0.833,-0.177,0.547,-1.427,1.626,-1.076,-0.67,-0.33,0.61,-7.527,0.489,-1.092,-0.314,-0.417,0.87,-1.206,-0.573,0.076,-0.309,-0.508,0.867,0.969,8.069,-0.733,0.185,-0.395,0.773,-1.779,0.023,0.885,start
1780985144.6788573,-0.833,-0.174,0.543,-1.153,1.71,-0.702,-0.667,-0.334,0.608,-6.687,0.763,-0.527,-0.321,-0.418,0.877,-0.702,0.939,0.603,-0.302,-0.511,0.866,1.779,6.962,-1.427,0.187,-0.396,0.774,-1.015,0.794,-0.16,start
1780985144.7780929,-0.834,-0.176,0.534,-0.557,1.595,-0.214,-0.67,-0.331,0.603,-6.687,0.58,0.0,-0.316,-0.416,0.881,0.099,0.443,0.71,-0.298,-0.513,0.868,1.885,6.947,0.931,0.184,-0.393,0.773,0.282,4.321,-0.344,start
1780985144.8820877,-0.83,-0.171,0.56,-2.786,2.305,-1.824,-0.653,-0.336,0.633,-9.015,2.466,-0.008,-0.331,-0.422,0.866,-1.611,6.672,2.282,-0.301,-0.507,0.857,0.13,18.328,2.466,0.236,-0.202,0.492,177.885,-56.779,48.939,start
1780985144.995339,-0.85,-0.184,0.533,-5.168,14.908,2.901,-0.647,-0.343,0.627,-14.603,13.771,3.313,-0.336,-0.413,0.855,-3.305,16.649,7.412,-0.323,-0.519,0.855,-3.023,16.275,3.42,0.206,0.071,0.619,91.076,-9.649,-31.878,start
1780985145.0873058,-0.85,-0.18,0.513,-1.267,2.176,-0.87,-0.679,-0.336,0.591,-6.939,-0.924,-0.359,-0.343,-0.419,0.862,-0.107,-0.176,0.046,-0.318,-0.511,0.858,3.847,4.855,0.786,0.263,0.091,0.79,17.298,0.389,-6.74,start
1780985145.196829,-0.862,-0.171,0.507,-0.214,0.366,-0.611,-0.683,-0.335,0.585,-5.023,-0.893,-0.74,-0.35,-0.408,0.863,0.435,-6.771,-2.221,-0.33,-0.494,0.869,2.725,2.733,-4.885,0.183,0.239,0.405,-89.985,11.366,3.916,start
1780985145.293443,-0.824,-0.175,0.546,4.618,-14.885,-7.008,-0.679,-0.329,0.591,-3.618,-8.229,-4.733,-0.301,-0.43,0.881,-1.863,-7.58,-4.038,-0.284,-0.525,0.853,-0.008,5.679,-2.718,0.293,-0.7,1.379,-248.359,45.71,-53.198,start
1780985145.398439,-0.828,-0.177,0.543,-1.702,-0.985,-2.84,-0.678,-0.338,0.6,-6.992,0.275,-1.45,-0.317,-0.425,0.875,-2.053,1.588,-0.443,-0.302,-0.514,0.868,-0.298,11.191,-1.809,0.175,-0.389,0.763,-3.542,-6.725,-0.824,start
1780985145.505904,-0.837,-0.177,0.541,-0.725,2.756,0.183,-0.672,-0.34,0.601,-6.885,1.092,0.084,-0.317,-0.419,0.872,0.015,0.626,0.939,-0.304,-0.51,0.86,1.466,6.244,-0.084,0.186,-0.395,0.766,-2.061,1.893,-1.321,start
1780985145.61626,-0.837,-0.18,0.538,-1.061,1.031,-1.45,-0.671,-0.338,0.609,-7.282,0.107,-1.534,-0.319,-0.426,0.868,-1.481,0.626,-0.282,-0.305,-0.515,0.849,1.084,7.382,-1.275,0.193,-0.409,0.777,-1.481,2.794,0.069,start
1780985145.7128582,-0.838,-0.178,0.542,-0.885,1.122,-0.748,-0.672,-0.337,0.603,-7.664,0.656,-0.313,-0.322,-0.418,0.87,-0.74,0.427,-0.214,-0.293,-0.511,0.86,0.763,8.168,-1.427,0.179,-0.418,0.77,-2.786,0.893,-0.366,start
1780985145.808276,-0.84,-0.181,0.536,-0.489,1.725,-0.031,-0.675,-0.339,0.604,-6.763,1.176,0.71,-0.318,-0.422,0.87,0.672,1.313,0.511,-0.296,-0.509,0.865,2.382,7.015,2.076,0.177,-0.396,0.797,-3.344,4.145,-3.405,start
1780985145.911147,-0.838,-0.178,0.539,-1.038,1.817,-1.885,-0.675,-0.337,0.603,-7.55,0.122,-0.939,-0.324,-0.42,0.871,-1.527,-0.763,-0.656,-0.306,-0.514,0.863,0.611,7.618,-2.0,0.191,-0.412,0.772,-3.023,-1.061,0.397,start
1780985146.0143003,-0.841,-0.182,0.537,-0.939,1.443,-0.641,-0.671,-0.337,0.598,-6.557,0.832,-0.061,-0.32,-0.419,0.871,0.069,0.099,0.389,-0.306,-0.513,0.865,1.702,6.267,-0.702,0.188,-0.399,0.771,-0.992,1.55,-0.061,start
1780985148.797656,-0.839,-0.183,0.531,-1.008,1.008,-0.344,-0.669,-0.337,0.604,-6.809,0.275,-0.061,-0.323,-0.419,0.867,0.221,0.427,0.298,-0.307,-0.513,0.863,2.008,6.649,0.26,0.195,-0.413,0.768,0.176,4.046,-0.458,start
1780985148.9110415,-0.843,-0.173,0.528,-0.855,1.878,-0.588,-0.678,-0.34,0.601,-7.206,0.015,-0.458,-0.321,-0.419,0.875,-0.45,-0.656,-0.069,-0.306,-0.512,0.863,1.603,6.466,-0.595,0.189,-0.408,0.767,-0.84,2.176,0.115,start
1780985149.0013857,-0.845,-0.179,0.533,-1.061,2.26,-1.023,-0.673,-0.342,0.602,-7.351,0.305,-0.87,-0.324,-0.423,0.869,-0.733,0.481,0.595,-0.307,-0.511,0.86,1.962,6.305,-0.473,0.19,-0.417,0.769,0.092,3.053,-0.229,start
1780985149.10442,-0.842,-0.176,0.539,-1.069,1.122,-1.748,-0.673,-0.337,0.6,-7.031,-0.076,-1.137,-0.32,-0.421,0.872,-0.672,-0.275,0.061,-0.303,-0.515,0.855,1.641,6.122,-0.817,0.194,-0.409,0.772,-0.656,1.702,-0.153,start
1780985149.220911,-0.832,-0.179,0.541,-0.397,2.611,-0.053,-0.678,-0.339,0.598,-6.863,1.076,0.321,-0.325,-0.419,0.876,0.0,0.115,0.817,-0.309,-0.507,0.869,1.916,6.214,-0.298,0.189,-0.408,0.756,-0.176,2.885,-0.435,start
1780985149.3113525,-0.841,-0.175,0.535,-1.626,0.504,-2.771,-0.673,-0.335,0.606,-7.366,0.061,-0.855,-0.321,-0.421,0.875,-1.298,-0.229,-0.87,-0.307,-0.515,0.859,1.26,6.916,-1.366,0.193,-0.418,0.773,-0.985,1.863,0.626,start
1780985149.4133737,-0.836,-0.176,0.531,-0.618,1.13,-0.802,-0.672,-0.334,0.602,-6.641,0.458,-0.214,-0.318,-0.422,0.865,-0.511,-0.336,-0.504,-0.307,-0.509,0.862,1.511,7.458,-0.542,0.198,-0.415,0.789,-1.626,1.397,0.733,start
1780985149.5215244,-0.848,-0.185,0.532,-0.679,7.443,3.0,-0.679,-0.342,0.598,-6.832,3.397,2.244,-0.329,-0.418,0.859,1.092,2.924,2.16,-0.322,-0.515,0.857,4.29,5.588,2.679,0.28,-0.388,0.972,139.695,-37.573,27.176,start
1780985149.6193109,-0.853,-0.179,0.522,-4.313,10.099,1.664,-0.702,-0.324,0.56,-10.786,5.206,0.366,-0.345,-0.411,0.869,-2.87,7.473,3.527,-0.317,-0.514,0.83,2.328,0.168,4.511,0.232,0.011,0.742,80.557,-9.618,-4.71,start
1780985149.7371397,-0.847,-0.175,0.523,-3.282,8.679,2.115,-0.675,-0.326,0.582,-10.496,11.099,1.939,-0.361,-0.416,0.868,-0.947,10.191,4.931,-0.337,-0.503,0.847,-2.214,16.519,1.366,0.238,0.117,0.765,32.435,2.695,-2.153,start
1780985149.8420439,-0.859,-0.175,0.498,-2.55,4.023,0.29,-0.687,-0.336,0.568,-7.641,1.0,0.542,-0.362,-0.424,0.851,-0.687,1.779,1.282,-0.32,-0.521,0.856,1.427,7.099,1.046,0.268,0.114,0.829,11.924,3.237,-2.069,start
1780985149.9366782,-0.865,-0.17,0.496,-1.634,2.702,0.542,-0.7,-0.335,0.565,-7.321,1.176,-0.046,-0.367,-0.413,0.848,-0.023,-1.977,-1.603,-0.341,-0.516,0.84,2.321,3.198,-2.435,0.245,0.149,0.785,-9.137,0.038,1.023,start
1780985150.0456126,-0.865,-0.18,0.496,2.626,-8.664,-3.221,-0.69,-0.334,0.577,-1.893,-5.115,-3.702,-0.363,-0.416,0.846,3.115,-16.992,-8.45,-0.394,-0.506,0.871,13.939,-6.237,-10.0,0.212,0.036,0.429,-219.435,37.336,12.511,start
1780985150.1467648,-0.841,-0.171,0.534,0.13,-1.031,-3.595,-0.67,-0.336,0.601,-6.809,-1.305,-2.725,-0.319,-0.428,0.875,-1.863,-3.595,-1.542,-0.345,-0.559,0.834,-0.008,2.664,-1.45,0.029,-0.346,0.662,37.557,76.237,4.366,start
1780985150.2382953,-0.842,-0.176,0.536,0.771,5.641,0.649,-0.675,-0.335,0.6,-6.718,0.664,0.542,-0.321,-0.419,0.87,1.16,0.771,0.656,-0.31,-0.508,0.868,1.229,6.389,-0.046,0.191,-0.397,0.787,-3.511,3.305,-1.221,start
1780985150.3486545,-0.843,-0.171,0.535,-1.099,0.427,-2.84,-0.676,-0.336,0.595,-7.115,-0.595,-1.916,-0.322,-0.42,0.875,-1.45,-0.008,-0.649,-0.299,-0.511,0.859,0.382,8.344,-1.756,0.18,-0.4,0.784,-0.687,1.16,1.695,start
1780985150.4485056,-0.844,-0.176,0.533,-0.733,1.702,-0.985,-0.675,-0.334,0.595,-7.0,0.275,-0.748,-0.324,-0.421,0.866,-0.58,-0.412,0.16,-0.306,-0.51,0.86,1.718,6.313,-1.038,0.183,-0.394,0.771,-2.405,0.137,-1.26,start
1780985150.5543902,-0.836,-0.178,0.522,-0.069,2.779,0.076,-0.677,-0.334,0.601,-6.382,0.878,0.473,-0.321,-0.42,0.859,0.542,-0.023,0.702,-0.299,-0.521,0.864,2.42,4.992,0.435,0.187,-0.392,0.777,-3.496,2.634,-5.687,start
1780985150.65088,-0.843,-0.175,0.533,-0.908,1.237,-1.458,-0.677,-0.337,0.602,-7.038,0.13,-0.374,-0.317,-0.42,0.868,-0.916,0.015,-1.107,-0.307,-0.514,0.863,0.893,6.695,-1.641,0.189,-0.403,0.781,-3.069,0.656,-0.092,start
1780985153.442685,-0.841,-0.176,0.53,-0.763,2.008,0.588,-0.675,-0.334,0.592,-6.824,0.435,0.382,-0.32,-0.421,0.866,-0.092,0.099,-0.176,-0.309,-0.515,0.855,1.87,7.45,0.145,0.187,-0.409,0.773,-0.931,1.092,0.244,start
1780985153.5462139,-0.841,-0.18,0.533,-0.71,2.084,0.229,-0.679,-0.337,0.601,-6.763,0.672,-0.099,-0.319,-0.423,0.862,0.305,0.137,0.031,-0.303,-0.514,0.859,2.137,6.374,-0.336,0.203,-0.412,0.78,0.489,4.198,-0.504,start
1780985153.6367218,-0.839,-0.179,0.534,-0.794,2.725,-1.008,-0.671,-0.335,0.599,-7.031,0.252,-1.061,-0.326,-0.421,0.866,-1.061,0.389,-0.573,-0.302,-0.513,0.86,1.275,6.031,-1.626,0.189,-0.403,0.769,-1.939,-0.733,0.229,start
1780985153.751386,-0.84,-0.181,0.533,-0.534,1.145,-0.443,-0.673,-0.343,0.601,-6.84,0.58,-0.046,-0.318,-0.42,0.867,-0.076,0.885,0.832,-0.304,-0.517,0.86,1.931,7.397,0.229,0.181,-0.404,0.766,-0.588,2.817,-0.374,start
1780985153.8454044,-0.841,-0.178,0.528,-1.214,1.008,-1.45,-0.666,-0.336,0.595,-7.16,0.221,-0.221,-0.327,-0.426,0.869,-0.015,0.137,0.634,-0.304,-0.505,0.869,2.992,6.015,0.221,0.392,-0.734,1.343,61.198,-21.794,21.985,start
1780985153.945849,-0.834,-0.176,0.543,-3.412,4.008,0.389,-0.675,-0.333,0.601,-9.84,3.855,1.611,-0.322,-0.423,0.868,-0.511,13.229,5.298,-0.323,-0.517,0.928,1.298,18.458,4.511,0.252,-0.146,0.82,169.992,-15.412,9.588,start
1780985154.0493445,-0.856,-0.181,0.507,-3.687,5.733,-1.153,-0.687,-0.339,0.59,-8.221,0.008,-0.733,-0.336,-0.423,0.855,0.58,2.885,1.252,-0.333,-0.506,0.857,4.901,11.924,3.443,0.297,0.061,0.833,54.351,5.634,-0.489,start
1780985154.1627638,-0.854,-0.178,0.507,-1.473,0.931,-1.427,-0.684,-0.344,0.579,-5.626,-0.779,-0.58,-0.349,-0.423,0.861,-0.115,-2.069,-1.458,-0.329,-0.51,0.857,2.786,1.748,-1.458,0.257,0.124,0.791,-6.588,2.13,-1.687,start
1780985154.2548974,-0.86,-0.174,0.501,3.092,-5.664,-0.595,-0.685,-0.337,0.574,-1.985,-2.664,-1.328,-0.352,-0.413,0.854,3.282,-14.458,-5.634,-0.341,-0.504,0.846,2.916,-3.053,-13.0,0.177,0.104,0.371,-197.863,28.519,3.221,start
1780985154.362927,-0.831,-0.177,0.54,0.031,-1.649,-5.16,-0.665,-0.342,0.604,-6.878,-1.855,-2.473,-0.315,-0.424,0.875,-2.305,-4.168,-1.397,-0.298,-0.525,0.849,2.0,5.557,0.13,0.058,-0.908,2.0,-55.069,-17.618,-21.389,start
1780985154.473185,-0.838,-0.175,0.54,-0.901,-1.252,-0.817,-0.671,-0.334,0.598,-6.58,1.947,-0.977,-0.312,-0.42,0.872,-0.481,0.679,-0.153,-0.302,-0.515,0.863,-0.405,5.504,-1.565,0.176,-0.408,0.769,-4.053,1.076,0.237,start
1780985154.56407,-0.841,-0.174,0.532,-0.137,1.977,0.656,-0.673,-0.336,0.599,-6.366,1.046,0.504,-0.311,-0.425,0.869,0.351,0.603,0.733,-0.3,-0.508,0.866,1.328,5.878,-0.405,0.184,-0.406,0.774,-0.756,2.763,-1.382,start
1780985154.6720536,-0.839,-0.179,0.537,-1.817,1.84,-1.985,-0.676,-0.335,0.595,-7.008,0.305,-1.176,-0.317,-0.424,0.869,-1.916,0.603,-0.779,-0.298,-0.514,0.863,0.053,7.382,-1.908,0.191,-0.412,0.779,-2.237,1.153,0.13,start
1780985154.7698073,-0.838,-0.176,0.537,-0.496,1.298,-0.107,-0.674,-0.335,0.596,-6.992,-0.244,-0.618,-0.316,-0.423,0.871,-0.718,0.405,-0.252,-0.304,-0.512,0.862,1.061,8.008,-0.748,0.191,-0.405,0.772,-2.214,0.702,-0.55,start
1780985154.8780043,-0.839,-0.179,0.539,-0.519,1.634,0.427,-0.671,-0.335,0.603,-6.405,0.534,0.092,-0.315,-0.423,0.869,0.824,0.458,0.847,-0.296,-0.512,0.863,2.496,6.45,0.443,0.187,-0.409,0.77,0.328,4.389,-0.847,start
1780985154.976326,-0.838,-0.177,0.537,-0.992,1.504,-1.74,-0.67,-0.338,0.598,-6.969,0.275,-1.389,-0.321,-0.42,0.874,-1.588,-0.237,-1.275,-0.302,-0.515,0.862,0.855,7.328,-2.183,0.195,-0.418,0.769,-2.756,-0.687,0.374,start
1780985155.0869124,-0.839,-0.181,0.538,-0.71,2.153,-0.198,-0.673,-0.339,0.603,-6.832,0.374,0.115,-0.316,-0.422,0.87,0.16,-0.542,-0.099,-0.301,-0.514,0.863,1.863,5.901,-0.359,0.195,-0.411,0.769,-1.107,1.366,-0.099,start
1780985155.190941,-0.837,-0.177,0.534,-0.687,1.359,-1.122,-0.676,-0.339,0.604,-6.87,0.588,0.0,-0.319,-0.425,0.869,-0.069,0.634,1.214,-0.302,-0.514,0.866,1.58,6.641,0.489,0.194,-0.414,0.77,0.13,3.962,-0.351,start
1780985155.2853289,-0.837,-0.177,0.527,-0.427,2.153,-0.985,-0.673,-0.337,0.597,-6.87,0.137,-0.664,-0.319,-0.423,0.871,-0.443,0.603,0.282,-0.302,-0.507,0.863,1.557,7.206,-0.603,0.193,-0.407,0.772,-1.443,1.511,0.053,start
1780985158.0656927,-0.844,-0.178,0.528,-1.015,1.863,-1.427,-0.673,-0.337,0.6,-6.908,0.29,-0.634,-0.32,-0.42,0.865,0.076,-0.641,-0.084,-0.304,-0.515,0.864,1.664,6.183,-0.282,0.197,-0.42,0.777,-0.374,1.878,0.168,start
1780985158.179722,-0.846,-0.177,0.529,-0.885,1.405,0.069,-0.679,-0.335,0.593,-6.84,0.214,-0.244,-0.324,-0.422,0.874,-0.527,0.198,-0.183,-0.308,-0.511,0.859,1.427,6.313,-0.947,0.191,-0.411,0.768,-1.252,0.725,-0.267,start
1780985158.2718892,-0.845,-0.176,0.542,-0.824,1.122,-1.374,-0.672,-0.336,0.596,-6.947,0.183,-0.885,-0.321,-0.424,0.87,-0.191,-0.084,-0.565,-0.302,-0.517,0.854,1.855,6.664,-0.359,0.198,-0.421,0.77,0.076,3.947,-0.519,start
1780985158.3813262,-0.846,-0.179,0.533,-1.191,1.008,-1.137,-0.676,-0.337,0.593,-6.282,0.061,-0.649,-0.322,-0.425,0.865,-0.458,-0.725,-0.336,-0.304,-0.515,0.862,2.023,6.519,-0.16,0.194,-0.425,0.771,-0.305,1.588,-0.191,start
1780985158.4787252,-0.844,-0.177,0.525,0.038,2.031,1.435,-0.671,-0.338,0.609,-6.26,-0.664,0.397,-0.312,-0.42,0.869,-0.901,1.893,1.863,-0.287,-0.518,0.851,3.237,9.725,2.931,0.139,-0.46,0.924,175.84,-39.038,59.16,start
1780985158.5949445,-0.833,-0.177,0.547,-4.244,10.519,1.046,-0.673,-0.341,0.587,-11.695,6.038,1.969,-0.329,-0.428,0.865,-1.496,12.618,6.0,-0.162,-0.699,0.833,-18.817,2.931,-16.137,0.238,-0.089,0.783,121.893,-21.031,-6.282,start
1780985158.699333,-0.865,-0.178,0.504,-4.58,10.496,2.237,-0.684,-0.334,0.59,-9.84,4.26,1.481,-0.357,-0.413,0.852,-1.588,5.435,3.153,-0.34,-0.505,0.846,2.145,10.55,2.824,0.229,0.111,0.747,37.947,4.595,-0.046,start
1780985158.799591,-0.861,-0.172,0.5,-1.573,3.473,1.321,-0.691,-0.343,0.576,-7.519,1.916,0.908,-0.367,-0.445,0.838,-3.863,-1.0,-0.794,-0.35,-0.502,0.85,0.252,7.985,-1.344,0.264,0.109,0.791,-2.023,1.962,-0.282,start
1780985158.9054875,-0.855,-0.175,0.504,0.046,-2.405,-2.954,-0.687,-0.337,0.587,-5.473,-1.901,-2.626,-0.354,-0.422,0.852,-0.168,-5.977,-3.229,-0.337,-0.505,0.855,0.305,4.244,-7.275,0.155,0.229,0.497,-74.0,13.977,10.176,start
1780985159.0057666,-0.839,-0.177,0.534,3.542,-15.405,-6.191,-0.679,-0.331,0.596,-3.557,-6.603,-2.817,-0.31,-0.433,0.871,0.076,-9.527,-3.809,-0.295,-0.533,0.872,4.26,8.534,-3.366,0.285,-0.598,1.06,-250.137,54.397,-67.58,start
1780985159.1062639,-0.844,-0.17,0.524,-1.183,0.802,-1.153,-0.685,-0.34,0.565,-6.313,-0.908,-0.794,-0.32,-0.431,0.875,-0.702,1.504,-0.87,-0.274,-0.509,0.893,-0.481,11.573,-0.359,0.159,-0.384,0.77,-0.237,-14.427,-1.55,start
1780985159.2012613,-0.841,-0.173,0.532,-1.061,1.511,-1.076,-0.682,-0.335,0.601,-7.168,0.763,-0.626,-0.329,-0.425,0.864,-0.435,0.16,0.092,-0.304,-0.513,0.858,0.603,5.802,-1.275,0.175,-0.392,0.79,-1.672,-1.328,0.962,start
1780985159.3019829,-0.84,-0.177,0.531,-0.809,1.756,-1.206,-0.677,-0.342,0.595,-7.427,0.519,-0.496,-0.321,-0.426,0.862,0.084,1.252,0.855,-0.305,-0.516,0.853,1.511,7.534,0.244,0.176,-0.391,0.773,0.122,3.359,-0.282,start
1780985159.4109888,-0.843,-0.174,0.528,-0.985,0.84,-1.534,-0.674,-0.341,0.592,-6.55,-0.115,-0.947,-0.322,-0.425,0.861,-0.244,-1.069,0.443,-0.302,-0.521,0.851,1.763,6.748,-0.221,0.187,-0.398,0.775,-0.496,1.481,-1.0,start
1780985159.5086074,-0.839,-0.177,0.534,-1.183,2.42,0.511,-0.679,-0.334,0.594,-7.275,0.756,0.305,-0.326,-0.422,0.859,-0.221,0.664,-0.16,-0.305,-0.511,0.861,1.855,6.664,-0.336,0.19,-0.394,0.771,-2.305,1.015,-2.878,start
1780985159.6191533,-0.841,-0.175,0.535,-0.847,1.061,-1.786,-0.678,-0.333,0.596,-7.275,-0.328,-1.817,-0.322,-0.425,0.866,-0.939,-0.389,-0.878,-0.303,-0.52,0.852,1.649,7.603,-0.901,0.183,-0.403,0.783,-1.313,3.305,-1.427,start
1780985159.714092,-0.847,-0.176,0.528,-1.046,1.634,-0.885,-0.677,-0.336,0.597,-6.718,0.26,-0.802,-0.32,-0.421,0.869,-0.947,-1.252,-0.527,-0.299,-0.519,0.853,1.389,7.718,-1.107,0.187,-0.404,0.778,-1.725,1.458,-1.115,start
1780985159.8275578,-0.845,-0.179,0.532,0.145,1.504,0.786,-0.681,-0.338,0.594,-6.824,1.153,0.847,-0.324,-0.422,0.868,0.183,1.031,0.733,-0.305,-0.517,0.863,2.198,6.809,0.084,0.186,-0.407,0.777,-2.718,3.107,-3.0,start
1780985159.9285033,-0.839,-0.176,0.533,-1.046,1.084,-1.443,-0.677,-0.336,0.598,-7.298,0.076,-1.275,-0.324,-0.42,0.867,-1.282,-0.321,-0.58,-0.304,-0.518,0.859,0.733,7.565,-2.191,0.183,-0.407,0.77,-2.214,1.359,-0.069,start
1780985162.707509,-0.851,-0.177,0.537,-0.679,1.573,-0.534,-0.68,-0.341,0.601,-6.74,0.336,-0.527,-0.323,-0.423,0.863,-0.107,0.855,0.908,-0.305,-0.517,0.856,2.115,6.565,0.267,0.186,-0.415,0.772,0.878,4.756,-0.748,start
1780985162.8099911,-0.843,-0.172,0.527,-1.076,0.733,-1.321,-0.677,-0.335,0.589,-6.901,-0.061,-0.725,-0.323,-0.423,0.87,-0.427,-0.038,-0.634,-0.303,-0.511,0.859,1.458,7.802,-0.344,0.189,-0.409,0.771,-1.573,-0.038,0.382,start
1780985162.9082022,-0.843,-0.178,0.528,-1.229,1.763,-0.824,-0.678,-0.339,0.593,-7.153,0.664,0.191,-0.317,-0.426,0.868,-0.053,0.313,0.511,-0.303,-0.514,0.856,1.832,7.55,-0.122,0.185,-0.407,0.762,-0.595,2.786,-0.092,start
1780985163.011013,-0.848,-0.182,0.528,-0.58,1.435,-1.321,-0.677,-0.336,0.594,-7.076,0.229,-0.504,-0.32,-0.431,0.868,-0.595,0.237,-0.626,-0.301,-0.519,0.865,1.656,6.511,-0.305,0.181,-0.411,0.772,0.038,3.351,-0.267,start
1780985163.1285741,-0.843,-0.175,0.527,-0.679,1.313,-0.779,-0.68,-0.337,0.597,-7.023,0.504,-0.198,-0.324,-0.423,0.872,-0.504,-0.626,-0.115,-0.304,-0.513,0.865,1.733,7.031,-0.015,0.176,-0.454,0.846,5.664,-1.344,8.008,start
1780985163.2159948,-0.831,-0.178,0.533,-2.244,5.344,0.237,-0.682,-0.341,0.579,-8.42,1.641,0.74,-0.331,-0.428,0.868,0.145,5.191,2.786,-0.312,-0.522,0.834,1.153,10.084,3.649,0.24,-0.249,0.678,193.336,-30.405,25.824,start
1780985163.3268461,-0.845,-0.18,0.511,-2.718,5.603,-0.595,-0.669,-0.348,0.61,-8.153,-0.786,0.137,-0.342,-0.418,0.86,0.595,2.504,1.672,-0.301,-0.511,0.863,2.221,17.008,0.863,0.207,0.079,0.698,61.176,3.802,-1.053,start
1780985163.4269443,-0.851,-0.176,0.511,-0.679,0.145,0.878,-0.679,-0.339,0.607,-5.412,-1.908,1.176,-0.336,-0.416,0.865,2.29,-2.664,0.237,-0.316,-0.497,0.871,5.45,1.42,-0.595,0.234,0.132,0.753,5.031,3.664,1.794,start
1780985163.5329258,-0.848,-0.177,0.524,-0.481,0.435,-1.916,-0.671,-0.334,0.599,-7.061,-0.412,-1.962,-0.336,-0.422,0.859,-1.26,-0.076,-0.954,-0.311,-0.508,0.867,1.053,7.008,-1.565,0.252,0.073,0.822,-8.023,2.16,-0.924,start
1780985163.6283736,-0.843,-0.177,0.519,-0.74,1.29,-0.878,-0.68,-0.333,0.597,-7.427,0.916,-0.664,-0.336,-0.417,0.866,-1.298,0.084,-0.802,-0.314,-0.499,0.863,0.519,8.679,-3.282,0.24,0.093,0.724,-35.496,0.435,-5.031,start
1780985163.7455788,-0.843,-0.178,0.525,3.427,-12.137,-3.061,-0.701,-0.347,0.569,-2.038,-13.58,-1.71,-0.314,-0.423,0.868,1.137,-7.305,-3.214,-0.258,-0.512,0.9,7.122,-5.252,-1.053,0.263,-0.364,0.742,-245.466,46.298,-42.626,start
1780985163.8345551,-0.833,-0.175,0.541,1.176,-2.504,-3.046,-0.656,-0.331,0.622,-6.885,0.718,-1.496,-0.326,-0.412,0.863,-1.137,1.863,-1.908,-0.311,-0.518,0.854,-3.221,5.557,-4.824,0.157,-0.38,0.756,-9.931,6.771,-0.282,start
1780985163.945936,-0.839,-0.18,0.536,-0.771,2.122,0.122,-0.672,-0.336,0.605,-6.214,0.252,-0.023,-0.309,-0.418,0.869,-0.053,0.069,0.595,-0.295,-0.509,0.877,1.344,6.855,-0.847,0.197,-0.398,0.771,-2.229,0.122,0.359,start
1780985164.0439198,-0.844,-0.179,0.537,-0.634,3.008,-0.824,-0.67,-0.336,0.604,-7.58,0.794,-0.45,-0.311,-0.42,0.871,-0.366,1.16,1.038,-0.287,-0.519,0.861,1.763,6.489,0.031,0.195,-0.411,0.771,-0.26,3.595,-0.153,start
1780985164.1489367,-0.836,-0.175,0.542,-1.16,1.794,-1.061,-0.671,-0.335,0.608,-7.511,0.191,-0.649,-0.315,-0.418,0.869,-1.145,0.221,-0.13,-0.293,-0.509,0.869,0.878,7.924,-0.145,0.197,-0.405,0.777,-2.725,0.168,0.939,start
1780985164.253992,-0.838,-0.181,0.541,-1.305,2.534,-0.771,-0.672,-0.339,0.602,-7.145,0.786,0.427,-0.316,-0.42,0.869,0.214,0.824,0.885,-0.294,-0.516,0.867,2.023,6.763,0.504,0.191,-0.402,0.771,0.023,3.45,-0.183,start
1780985164.3491557,-0.837,-0.178,0.541,-0.939,2.336,-1.328,-0.673,-0.338,0.602,-7.038,0.252,-0.58,-0.315,-0.427,0.873,-0.351,0.511,0.176,-0.293,-0.52,0.867,2.29,6.588,-0.29,0.194,-0.408,0.78,-0.641,2.267,-0.573,start
1780985164.4606428,-0.836,-0.174,0.542,-0.191,2.061,0.183,-0.675,-0.334,0.608,-7.137,0.611,-0.397,-0.316,-0.42,0.874,-0.282,-0.214,0.221,-0.295,-0.51,0.868,1.466,6.618,-0.412,0.192,-0.406,0.777,-1.611,1.374,-0.427,start
1780985164.5552046,-0.835,-0.178,0.533,-1.206,0.916,-2.023,-0.67,-0.34,0.61,-7.756,-0.031,-1.511,-0.312,-0.421,0.871,-1.282,0.511,-0.053,-0.288,-0.518,0.861,0.908,7.962,0.328,0.186,-0.414,0.768,-0.229,4.328,0.328,start
1780985167.34358,-0.835,-0.176,0.531,-1.221,1.885,-0.962,-0.673,-0.336,0.602,-7.107,0.0,-0.824,-0.319,-0.427,0.865,-0.443,-0.443,-0.229,-0.294,-0.519,0.865,1.756,6.473,-0.855,0.196,-0.42,0.766,-0.069,2.466,-0.084,start
1780985167.44144,-0.837,-0.174,0.534,-1.008,2.115,0.153,-0.674,-0.336,0.603,-7.13,0.771,-0.176,-0.314,-0.42,0.869,-0.313,0.191,0.542,-0.297,-0.514,0.866,1.588,7.137,-0.244,0.197,-0.414,0.771,-0.328,2.832,-0.099,start
1780985167.5482466,-0.839,-0.174,0.537,-1.069,1.076,-1.725,-0.672,-0.338,0.599,-7.008,0.069,-0.954,-0.315,-0.423,0.87,-1.031,0.015,-1.145,-0.293,-0.516,0.868,0.992,7.069,-0.947,0.195,-0.413,0.771,-1.099,1.336,0.344,start
1780985167.6453578,-0.842,-0.174,0.541,-1.099,0.878,-0.824,-0.674,-0.337,0.599,-6.863,0.153,-0.504,-0.318,-0.421,0.866,-0.466,-0.687,-0.611,-0.297,-0.517,0.867,1.786,7.282,-0.679,0.199,-0.415,0.765,-0.916,1.008,0.115,start
1780985167.750771,-0.843,-0.18,0.539,0.267,-0.809,-0.053,-0.666,-0.337,0.611,-7.214,2.053,0.397,-0.31,-0.424,0.87,0.733,3.916,2.992,-0.296,-0.511,0.853,2.473,15.366,2.55,0.336,-0.461,0.837,189.603,-64.076,54.977,start
1780985167.8512735,-0.858,-0.16,0.543,-10.504,27.893,5.214,-0.719,-0.329,0.549,-12.733,14.84,3.794,-0.347,-0.417,0.865,-3.481,22.473,11.733,-0.335,-0.508,0.867,4.328,25.298,13.893,0.137,0.078,0.641,92.733,9.756,-4.336,start
1780985167.9630477,-0.863,-0.171,0.497,-8.069,16.74,4.351,-0.695,-0.333,0.576,-13.099,4.794,3.427,-0.351,-0.42,0.851,-2.641,11.45,7.87,-0.346,-0.488,0.877,1.878,15.641,7.176,0.211,0.145,0.738,37.305,9.374,-3.13,start
1780985168.0577204,-0.868,-0.176,0.482,-2.214,4.504,1.008,-0.7,-0.335,0.568,-8.389,2.443,1.382,-0.385,-0.415,0.85,-1.374,3.046,1.779,-0.361,-0.5,0.836,0.061,9.176,-0.954,0.188,0.178,0.741,-14.534,0.168,-5.397,start
1780985168.166812,-0.875,-0.168,0.469,3.748,-10.901,-3.443,-0.697,-0.338,0.572,-1.71,-5.122,-3.71,-0.382,-0.417,0.839,2.244,-21.145,-9.977,-0.375,-0.499,0.847,-0.29,-8.344,-19.214,0.165,0.021,0.493,-219.458,22.298,-0.45,start
1780985168.264626,-0.845,-0.178,0.526,3.122,-9.137,-5.771,-0.678,-0.333,0.583,-3.687,-3.176,-4.031,-0.322,-0.426,0.869,-1.206,-10.519,-4.664,-0.333,-0.531,0.883,10.305,0.382,1.198,0.17,-0.621,1.326,-62.901,22.16,-30.634,start
1780985168.3689234,-0.848,-0.173,0.532,-0.076,0.664,-1.885,-0.682,-0.335,0.597,-6.771,-0.634,-1.809,-0.33,-0.424,0.854,-0.252,-0.427,-0.405,-0.312,-0.53,0.845,-0.046,4.992,-1.947,0.188,-0.427,0.772,-2.298,2.817,-0.595,start
1780985168.4824076,-0.847,-0.175,0.52,-0.817,0.947,-0.527,-0.678,-0.338,0.593,-6.405,0.405,-0.069,-0.328,-0.422,0.87,0.489,-0.863,0.221,-0.307,-0.52,0.853,1.718,6.527,-0.573,0.188,-0.41,0.768,-1.198,1.305,-0.328,start
1780985168.5826552,-0.847,-0.176,0.522,-0.443,0.481,-1.153,-0.672,-0.336,0.6,-7.275,-0.252,-1.359,-0.33,-0.422,0.865,-0.969,0.023,0.038,-0.302,-0.525,0.851,1.458,7.489,-0.656,0.191,-0.421,0.77,-1.618,1.863,0.122,start
1780985168.683442,-0.84,-0.174,0.533,-0.817,2.099,-0.351,-0.679,-0.336,0.591,-7.145,0.206,-0.885,-0.33,-0.419,0.873,-0.687,-0.069,-0.374,-0.303,-0.521,0.852,1.397,7.046,-1.496,0.186,-0.424,0.765,-2.244,0.053,0.076,start
1780985168.7816021,-0.837,-0.179,0.534,-0.817,2.519,-0.275,-0.676,-0.34,0.586,-6.985,0.802,0.137,-0.33,-0.425,0.861,-0.229,0.618,0.527,-0.308,-0.521,0.854,1.985,6.817,0.282,0.189,-0.419,0.773,-0.008,4.183,-0.351,start
1780985168.8916597,-0.844,-0.174,0.536,-1.099,0.901,-2.031,-0.683,-0.334,0.595,-7.275,0.389,-0.779,-0.334,-0.422,0.872,-1.634,-0.046,-1.267,-0.309,-0.523,0.861,0.534,7.649,-2.29,0.192,-0.423,0.771,-3.672,-2.038,0.916,start
1780985168.9925406,-0.845,-0.172,0.528,-0.878,1.565,0.084,-0.682,-0.341,0.589,-6.679,1.076,0.58,-0.331,-0.425,0.863,0.359,-0.099,-0.084,-0.301,-0.524,0.853,2.168,6.176,-0.405,0.192,-0.421,0.765,-1.321,1.473,-0.29,start
1780985169.0953002,-0.843,-0.172,0.525,-0.901,2.389,-1.0,-0.675,-0.337,0.6,-7.069,0.679,0.008,-0.331,-0.423,0.864,-0.366,0.519,0.954,-0.31,-0.527,0.849,2.16,6.756,-0.237,0.188,-0.421,0.761,0.427,2.84,-0.962,start
1780985169.19253,-0.844,-0.173,0.524,-1.511,1.87,-1.405,-0.679,-0.339,0.59,-6.977,-0.069,-1.076,-0.326,-0.422,0.868,-0.595,0.008,-0.092,-0.305,-0.522,0.859,1.305,7.29,-1.053,0.19,-0.417,0.766,-1.847,0.511,0.344,start
1780985171.972315,-0.846,-0.174,0.525,-1.542,1.832,-0.427,-0.678,-0.342,0.593,-7.115,0.756,0.061,-0.334,-0.426,0.867,0.214,0.26,0.573,-0.307,-0.527,0.846,2.244,6.42,0.351,0.188,-0.428,0.765,0.847,4.885,-0.397,start
1780985172.0749643,-0.848,-0.176,0.521,-0.969,1.191,-0.725,-0.677,-0.339,0.592,-6.702,0.321,-0.489,-0.325,-0.425,0.864,-0.344,0.023,-0.427,-0.308,-0.528,0.852,2.168,6.397,-0.458,0.191,-0.429,0.761,-0.031,3.313,-0.351,start
1780985172.1911552,-0.844,-0.17,0.525,-0.947,1.893,-0.046,-0.68,-0.334,0.589,-6.748,0.649,0.023,-0.331,-0.422,0.861,0.008,0.244,0.069,-0.311,-0.522,0.851,2.328,6.817,0.069,0.186,-0.416,0.751,-1.267,0.947,-0.298,start
1780985172.2922828,-0.845,-0.177,0.524,-0.55,1.328,-1.061,-0.682,-0.34,0.594,-7.351,0.405,-1.084,-0.338,-0.424,0.864,-0.931,0.573,0.214,-0.307,-0.528,0.853,1.664,6.947,-0.443,0.187,-0.428,0.775,-0.015,4.321,0.481,start
1780985172.3971524,-0.845,-0.171,0.528,-0.634,3.267,0.107,-0.681,-0.337,0.599,-6.885,-0.45,-0.557,-0.334,-0.42,0.863,-0.16,0.878,0.496,-0.31,-0.525,0.854,1.725,5.672,-0.947,0.148,-0.446,0.931,42.389,-12.863,11.504,start
1780985172.486479,-0.847,-0.171,0.531,-1.008,1.16,-0.282,-0.68,-0.336,0.597,-6.58,0.435,-0.336,-0.335,-0.421,0.861,0.344,-0.206,0.183,-0.309,-0.524,0.855,2.954,6.435,-0.656,0.192,-0.292,0.77,12.412,-2.756,3.771,start
1780985172.5906234,-0.846,-0.172,0.524,-1.427,2.519,-1.374,-0.685,-0.341,0.599,-7.061,0.031,-0.794,-0.334,-0.423,0.875,-1.695,0.817,-0.344,-0.3,-0.52,0.855,0.695,8.595,-0.511,0.224,-0.262,0.848,97.45,-27.885,20.771,start
1780985172.6924405,-0.862,-0.158,0.511,-4.618,10.405,2.466,-0.689,-0.339,0.586,-8.771,5.061,2.588,-0.35,-0.428,0.856,-0.489,7.84,3.137,-0.272,-0.487,0.743,-7.702,7.176,-1.344,0.242,0.007,0.708,76.115,-14.802,-2.985,start
1780985172.7960532,-0.858,-0.171,0.508,-2.481,5.481,-0.099,-0.684,-0.337,0.575,-7.542,1.885,1.641,-0.355,-0.422,0.86,0.336,5.702,2.481,-0.322,-0.532,0.831,-0.573,9.87,2.092,0.233,0.093,0.773,23.489,3.595,-3.214,start
1780985172.902378,-0.857,-0.164,0.498,-0.527,0.573,-1.962,-0.692,-0.334,0.571,-6.107,-1.16,-0.901,-0.358,-0.418,0.862,0.031,-3.122,-2.099,-0.332,-0.524,0.833,0.954,5.267,-4.13,0.262,0.074,0.82,-30.435,-2.74,2.122,start
1780985173.012554,-0.859,-0.177,0.513,2.664,-8.374,-2.405,-0.695,-0.335,0.573,-2.26,-5.122,-2.511,-0.352,-0.422,0.865,2.863,-18.962,-7.031,-0.336,-0.53,0.852,12.214,-10.878,-7.359,0.225,-0.187,0.558,-250.137,43.359,-22.092,start
1780985173.1183066,-0.839,-0.181,0.531,-0.466,-0.137,-2.183,-0.672,-0.342,0.59,-7.084,0.267,-0.908,-0.322,-0.431,0.862,0.45,2.122,0.931,-0.311,-0.527,0.856,3.107,9.908,0.779,0.196,-0.374,0.691,-1.87,12.221,-4.076,start
1780985173.2078726,-0.841,-0.171,0.528,-0.992,1.511,-0.969,-0.678,-0.334,0.592,-7.107,0.145,-0.863,-0.325,-0.424,0.859,-1.198,0.229,-0.672,-0.305,-0.523,0.859,0.84,7.008,-1.435,0.177,-0.414,0.767,-2.336,0.947,0.023,start
1780985173.318479,-0.843,-0.176,0.527,-1.008,0.977,-1.756,-0.675,-0.34,0.594,-7.305,0.618,-0.977,-0.328,-0.428,0.865,-0.496,0.069,0.008,-0.3,-0.53,0.85,1.687,7.046,0.115,0.187,-0.421,0.768,-0.061,4.267,-0.115,start
1780985173.426464,-0.847,-0.177,0.528,-0.656,1.038,-0.718,-0.681,-0.336,0.589,-6.748,0.351,-0.855,-0.328,-0.427,0.861,-0.672,-0.298,-0.656,-0.303,-0.525,0.854,1.382,6.664,-1.176,0.191,-0.423,0.767,-1.573,1.313,-0.13,start
1780985173.5185392,-0.842,-0.175,0.533,-0.802,1.977,0.466,-0.682,-0.337,0.598,-6.824,0.939,0.046,-0.326,-0.419,0.867,0.313,-0.061,0.588,-0.3,-0.526,0.859,2.031,6.893,0.832,0.155,-0.415,0.804,-3.595,0.626,-2.397,start
1780985173.625723,-0.843,-0.179,0.531,-0.916,1.664,-1.481,-0.678,-0.34,0.593,-7.176,-0.023,-1.252,-0.329,-0.426,0.868,-1.115,-0.374,-0.328,-0.306,-0.524,0.856,1.076,6.298,-1.489,0.188,-0.428,0.768,-1.603,1.153,-0.145,start
1780985173.7259297,-0.843,-0.178,0.529,-0.863,2.206,-0.107,-0.68,-0.339,0.588,-6.962,0.588,0.076,-0.336,-0.421,0.858,-0.298,0.916,0.313,-0.304,-0.522,0.857,1.908,6.374,-1.099,0.188,-0.423,0.77,-1.374,0.863,-0.092,start
1780985173.8260877,-0.844,-0.178,0.527,-0.45,1.534,-0.557,-0.677,-0.338,0.595,-6.412,0.496,0.099,-0.328,-0.427,0.864,0.13,-0.076,0.74,-0.306,-0.522,0.847,2.321,6.008,-0.061,0.191,-0.422,0.766,0.29,3.817,-0.618,start
1780985176.6069033,-0.844,-0.174,0.524,-0.267,1.611,-0.13,-0.68,-0.337,0.593,-6.588,0.725,0.58,-0.33,-0.427,0.867,0.214,0.351,-0.023,-0.301,-0.523,0.852,2.137,6.687,0.366,0.193,-0.421,0.763,-0.252,3.008,-0.466,start
1780985176.7100239,-0.844,-0.174,0.527,-1.366,0.908,-2.366,-0.677,-0.34,0.584,-6.885,-0.008,-1.473,-0.329,-0.425,0.865,-1.221,-0.679,-0.618,-0.308,-0.527,0.848,1.244,7.321,-1.496,0.201,-0.43,0.762,-1.076,2.038,0.321,start
1780985176.8258765,-0.844,-0.175,0.524,-0.397,1.061,-0.542,-0.679,-0.335,0.592,-6.924,0.267,-0.595,-0.327,-0.426,0.862,-0.496,-0.183,0.237,-0.305,-0.523,0.853,1.26,6.756,-1.321,0.193,-0.43,0.766,-1.26,0.634,0.145,start
1780985176.9160655,-0.845,-0.177,0.529,-0.847,1.885,-0.008,-0.679,-0.341,0.595,-6.641,0.618,0.046,-0.329,-0.426,0.856,0.305,0.824,1.023,-0.306,-0.52,0.854,2.42,6.519,1.115,0.192,-0.422,0.767,1.107,5.153,-0.618,start
1780985177.0191743,-0.847,-0.173,0.527,-1.137,1.244,-1.809,-0.682,-0.341,0.602,-7.168,0.244,-1.099,-0.328,-0.423,0.866,-0.748,-0.298,-0.763,-0.305,-0.525,0.858,0.977,7.695,-0.832,0.194,-0.428,0.77,-1.992,-0.069,0.481,start
1780985177.127754,-0.846,-0.177,0.523,-0.817,1.916,-0.16,-0.68,-0.338,0.58,-7.069,0.191,-0.046,-0.328,-0.424,0.863,-0.061,0.412,0.038,-0.307,-0.524,0.851,2.13,6.603,-0.855,0.197,-0.421,0.765,-0.733,1.214,-0.26,start
1780985177.227401,-0.839,-0.181,0.534,-1.221,-0.153,-0.122,-0.67,-0.336,0.615,-8.817,2.443,1.305,-0.321,-0.423,0.857,0.145,8.115,3.954,-0.316,-0.529,0.856,-0.29,16.771,3.924,0.186,-0.335,0.407,250.13,-41.206,67.557,start
1780985177.3311641,-0.852,-0.169,0.511,-6.366,20.985,7.099,-0.717,-0.332,0.556,-13.595,12.908,4.496,-0.438,-0.492,0.637,-29.58,9.985,3.992,-0.341,-0.523,0.763,1.939,12.16,5.29,0.258,0.072,0.695,90.427,0.405,1.282,start
1780985177.443029,-0.862,-0.173,0.493,-3.29,7.58,0.198,-0.696,-0.336,0.563,-9.489,2.763,0.519,-0.365,-0.417,0.847,-4.16,7.405,3.397,-0.345,-0.527,0.835,-1.725,18.496,2.282,0.232,0.138,0.774,22.916,7.611,-2.183,start
1780985177.5344844,-0.872,-0.169,0.481,0.16,-3.397,-2.038,-0.701,-0.336,0.564,-4.779,-3.008,-1.977,-0.365,-0.426,0.845,0.176,-6.092,-1.794,-0.339,-0.524,0.84,2.275,4.786,-2.878,0.239,0.127,0.77,-27.58,2.687,-2.908,start
1780985177.6455872,-0.87,-0.17,0.493,7.351,-25.832,-5.947,-0.686,-0.393,0.547,0.282,-14.458,-8.13,-0.364,-0.408,0.884,3.748,-18.733,-10.855,-0.342,-0.522,0.813,4.282,-22.847,-12.061,0.309,-0.419,0.758,-250.137,44.412,-40.863,start
1780985177.7503335,-0.85,-0.174,0.524,-1.282,1.099,-3.863,-0.696,-0.339,0.581,-7.076,3.176,-1.229,-0.335,-0.422,0.855,-0.092,1.534,-0.893,-0.311,-0.528,0.85,1.496,7.954,-1.908,0.203,-0.427,0.791,-8.702,3.725,-0.588,start
1780985177.8512912,-0.848,-0.17,0.518,-0.382,1.641,-0.817,-0.681,-0.337,0.591,-6.641,0.069,-0.176,-0.334,-0.421,0.861,-0.053,0.313,-0.023,-0.304,-0.528,0.847,1.153,6.756,-1.061,0.179,-0.413,0.774,-2.069,-0.924,0.137,start
1780985177.9478028,-0.85,-0.179,0.525,-0.618,1.618,-0.45,-0.679,-0.339,0.588,-6.878,0.191,0.275,-0.331,-0.427,0.858,-0.122,1.031,0.687,-0.306,-0.531,0.85,2.16,6.817,0.557,0.182,-0.418,0.765,-0.206,3.565,-1.107,start
1780985178.0510688,-0.844,-0.17,0.529,-1.298,1.221,-1.191,-0.682,-0.335,0.586,-6.885,0.588,-0.809,-0.332,-0.426,0.861,-0.87,-0.069,-0.214,-0.308,-0.524,0.857,1.198,7.664,-1.985,0.187,-0.419,0.763,-2.595,1.115,-0.298,start
1780985178.1597168,-0.846,-0.173,0.524,-0.275,1.557,-0.313,-0.679,-0.342,0.583,-6.985,0.473,-0.29,-0.33,-0.428,0.863,-0.351,0.771,0.756,-0.307,-0.531,0.841,2.244,6.817,-0.405,0.181,-0.41,0.771,-0.832,2.74,-0.489,start
1780985178.255285,-0.845,-0.176,0.523,-1.405,0.885,-0.679,-0.681,-0.343,0.579,-6.656,0.16,-0.321,-0.331,-0.43,0.862,0.336,0.534,0.29,-0.306,-0.529,0.85,2.038,6.214,0.351,0.186,-0.419,0.771,0.008,3.443,-0.809,start
1780985178.3581166,-0.846,-0.172,0.529,-0.359,1.145,0.321,-0.682,-0.337,0.592,-6.878,0.252,-0.16,-0.333,-0.426,0.867,-0.115,0.16,0.168,-0.31,-0.53,0.851,1.71,7.237,-0.74,0.183,-0.421,0.779,-1.664,1.046,0.282,start
1780985178.4746804,-0.845,-0.176,0.522,-1.0,2.046,-0.756,-0.68,-0.339,0.589,-7.298,0.817,-0.137,-0.331,-0.429,0.859,-0.458,1.015,-0.153,-0.303,-0.531,0.846,1.565,7.771,0.076,0.177,-0.417,0.765,-0.008,3.771,-0.267,start
1780985181.2529624,-0.844,-0.175,0.526,-0.802,1.458,-0.802,-0.682,-0.343,0.592,-6.802,0.198,-0.618,-0.33,-0.425,0.857,-0.427,-0.298,-0.153,-0.3,-0.527,0.848,1.595,6.947,-1.023,0.188,-0.426,0.768,-1.168,0.557,0.031,start
1780985181.3556545,-0.849,-0.171,0.523,-0.733,1.595,0.13,-0.68,-0.344,0.59,-6.733,0.84,0.099,-0.333,-0.428,0.855,-0.046,0.435,0.962,-0.306,-0.529,0.843,2.366,6.389,-0.16,0.187,-0.425,0.76,0.458,3.962,-0.557,start
1780985181.4508965,-0.846,-0.174,0.527,-1.366,1.198,-1.924,-0.683,-0.338,0.59,-7.023,0.412,-0.939,-0.333,-0.429,0.865,-1.053,-0.252,-0.244,-0.303,-0.532,0.846,1.214,7.084,-1.244,0.189,-0.427,0.77,-1.702,0.305,0.725,start
1780985181.5559115,-0.85,-0.175,0.528,-0.511,1.542,-0.397,-0.681,-0.337,0.586,-6.748,0.061,-0.137,-0.329,-0.426,0.864,-0.015,-0.695,0.084,-0.305,-0.53,0.85,1.916,6.656,-0.466,0.188,-0.426,0.768,-1.183,0.817,0.13,start
1780985181.6637545,-0.847,-0.174,0.523,-0.527,1.458,-0.519,-0.679,-0.342,0.583,-6.481,0.664,-0.267,-0.333,-0.429,0.858,-0.137,0.626,0.069,-0.304,-0.531,0.849,2.275,6.504,-0.13,0.194,-0.432,0.767,0.534,4.145,-0.427,start
1780985181.7650995,-0.839,-0.169,0.517,-0.718,-0.893,-1.489,-0.676,-0.34,0.597,-7.298,0.618,-0.221,-0.33,-0.429,0.868,-0.863,2.58,1.015,-0.298,-0.526,0.861,1.55,10.969,0.237,-0.012,-0.427,1.006,161.221,-22.176,47.603,start
1780985181.8599956,-0.837,-0.18,0.532,-2.809,10.0,2.115,-0.675,-0.348,0.59,-10.137,4.42,3.221,-0.327,-0.433,0.857,0.344,14.992,7.649,-0.31,-0.527,0.832,3.603,17.382,10.084,0.299,-0.089,0.7,134.595,-20.13,16.153,start
1780985181.963014,-0.863,-0.167,0.5,-4.046,8.099,1.069,-0.714,-0.339,0.555,-9.687,0.389,0.725,-0.356,-0.427,0.844,-0.641,5.534,3.29,-0.336,-0.538,0.866,5.962,-3.901,5.58,0.257,0.071,0.807,52.733,-0.992,-3.618,start
1780985182.066113,-0.86,-0.165,0.499,-3.313,9.695,2.771,-0.707,-0.334,0.553,-11.076,15.015,2.695,-0.376,-0.415,0.846,-3.504,8.427,4.473,-0.353,-0.53,0.804,-4.076,15.664,2.275,0.207,0.17,0.794,23.107,7.359,4.435,start
1780985182.169353,-0.872,-0.169,0.482,-0.42,0.336,-1.321,-0.697,-0.34,0.564,-6.473,-0.992,-1.679,-0.379,-0.428,0.838,0.489,-0.924,-1.557,-0.348,-0.538,0.825,1.053,6.191,-2.74,0.238,0.145,0.804,-11.382,2.053,0.55,start
1780985182.2730637,-0.88,-0.172,0.483,4.908,-13.519,-3.893,-0.705,-0.339,0.556,1.344,-7.794,-4.679,-0.386,-0.419,0.814,6.847,-31.679,-13.443,-0.368,-0.522,0.839,20.397,-19.435,-11.405,0.302,-0.062,0.539,-222.336,39.267,-6.015,start
1780985182.3906708,-0.853,-0.172,0.513,0.336,-0.565,-0.939,-0.684,-0.34,0.586,-5.573,-4.221,-0.473,-0.326,-0.424,0.866,0.435,-5.588,-1.481,-0.314,-0.52,0.866,4.641,0.779,-0.244,0.542,-0.42,0.456,32.718,118.733,1.519,start
1780985182.4807746,-0.828,-0.172,0.534,-0.824,4.687,-0.863,-0.675,-0.337,0.594,-7.527,0.374,-1.527,-0.328,-0.429,0.858,-2.076,0.305,-0.588,-0.319,-0.52,0.861,-1.466,8.145,-1.756,0.167,-0.408,0.785,-4.718,1.695,0.664,start
1780985182.5979838,-0.848,-0.167,0.528,-0.695,0.466,-0.718,-0.683,-0.339,0.586,-6.603,0.229,-0.496,-0.333,-0.429,0.858,-0.061,-0.504,0.359,-0.314,-0.521,0.853,1.244,6.733,-1.618,0.193,-0.399,0.77,-1.885,0.069,-3.618,start
1780985182.691026,-0.847,-0.174,0.526,-0.26,0.893,0.031,-0.68,-0.339,0.589,-6.496,0.015,-0.282,-0.332,-0.426,0.868,0.137,-0.107,1.382,-0.306,-0.528,0.854,2.076,6.244,-0.16,0.196,-0.405,0.764,-5.275,3.053,-8.687,start
1780985182.798339,-0.848,-0.171,0.522,-1.542,1.443,-1.748,-0.683,-0.339,0.59,-7.29,0.214,-0.924,-0.325,-0.423,0.867,-0.573,-0.374,-0.565,-0.304,-0.522,0.852,0.893,7.282,-1.122,0.18,-0.401,0.78,-2.618,1.855,-0.275,start
1780985182.8914192,-0.844,-0.179,0.526,-0.756,2.58,-0.832,-0.681,-0.342,0.593,-6.962,0.298,0.13,-0.327,-0.433,0.864,0.374,0.412,0.733,-0.311,-0.521,0.854,2.427,6.458,0.229,0.179,-0.399,0.776,-1.702,2.076,-2.382,start
1780985182.9934251,-0.845,-0.179,0.53,-0.84,1.221,-1.695,-0.681,-0.343,0.592,-7.015,0.298,-1.031,-0.328,-0.431,0.855,-0.328,-0.145,-0.221,-0.308,-0.53,0.848,2.13,6.817,0.305,0.179,-0.406,0.782,-0.244,2.931,-1.313,start
1780985183.0998428,-0.843,-0.171,0.529,-0.718,1.908,-0.626,-0.683,-0.342,0.58,-6.947,0.58,0.252,-0.329,-0.425,0.86,-0.046,-0.328,0.206,-0.308,-0.525,0.854,1.74,6.481,-0.168,0.173,-0.406,0.778,-1.656,2.069,-0.794,start
1780985185.8876953,-0.849,-0.176,0.527,-0.603,1.87,-1.626,-0.679,-0.343,0.591,-7.466,0.137,-1.015,-0.33,-0.428,0.866,-1.191,0.176,-0.26,-0.311,-0.531,0.851,1.305,7.313,-1.695,0.179,-0.418,0.771,-1.176,1.031,0.412,start
1780985185.9809048,-0.845,-0.172,0.527,-0.817,1.42,-0.603,-0.681,-0.339,0.589,-6.847,0.183,-0.84,-0.332,-0.426,0.862,-0.42,-0.046,0.611,-0.311,-0.524,0.854,1.611,7.824,-1.076,0.175,-0.414,0.777,-1.565,-0.29,0.115,start
1780985186.095911,-0.849,-0.175,0.525,-0.977,1.313,0.382,-0.681,-0.34,0.581,-6.763,0.771,-0.008,-0.331,-0.43,0.863,0.191,0.603,0.511,-0.307,-0.528,0.851,2.176,6.473,0.046,0.175,-0.412,0.78,0.221,3.855,-0.389,start
1780985186.1863585,-0.848,-0.175,0.526,-0.878,1.893,-1.031,-0.68,-0.342,0.591,-6.908,0.443,-0.588,-0.333,-0.429,0.86,-0.664,0.603,-0.809,-0.308,-0.529,0.846,1.351,6.626,-0.893,0.173,-0.42,0.772,-1.191,0.595,0.389,start
1780985186.2993608,-0.845,-0.174,0.526,-1.382,2.115,-0.214,-0.679,-0.34,0.59,-6.824,0.618,0.214,-0.331,-0.424,0.868,-0.176,-0.397,-0.351,-0.305,-0.525,0.854,1.573,6.603,-0.588,0.18,-0.413,0.769,-0.748,1.855,0.046,start
1780985186.398419,-0.844,-0.171,0.527,-0.702,1.733,0.168,-0.683,-0.339,0.585,-7.023,0.664,-0.214,-0.332,-0.425,0.866,0.137,0.305,0.168,-0.306,-0.524,0.854,1.794,6.214,-0.351,0.177,-0.418,0.771,0.267,3.351,-0.359,start
1780985186.5068727,-0.847,-0.177,0.526,-0.901,1.008,-0.336,-0.683,-0.34,0.59,-7.038,0.183,-0.779,-0.329,-0.427,0.868,-0.527,0.275,0.145,-0.309,-0.525,0.852,1.099,7.29,-0.817,0.179,-0.413,0.781,-1.443,1.641,0.427,start
1780985186.60823,-0.841,-0.174,0.529,-1.015,1.809,-1.122,-0.682,-0.342,0.587,-7.252,0.504,-0.244,-0.329,-0.43,0.86,0.26,0.275,0.733,-0.304,-0.526,0.858,1.931,7.26,0.191,0.173,-0.415,0.778,-0.061,3.26,-0.321,start
1780985186.708726,-0.843,-0.174,0.519,-1.359,1.588,-0.748,-0.678,-0.344,0.582,-7.145,0.183,-0.527,-0.335,-0.424,0.861,-0.351,-1.115,-0.603,-0.278,-0.526,0.866,2.221,2.992,0.168,0.198,-0.571,1.136,88.557,-27.855,1.55,start
1780985186.8084235,-0.836,-0.173,0.535,-2.29,6.893,1.496,-0.679,-0.334,0.593,-9.038,2.084,1.473,-0.329,-0.423,0.862,-0.702,8.672,4.153,-0.322,-0.521,0.847,2.145,15.427,5.023,0.236,-0.104,0.731,129.511,-25.366,8.718,start
1780985186.9141328,-0.856,-0.173,0.505,-4.863,10.802,0.237,-0.693,-0.332,0.578,-8.382,15.336,1.405,-0.35,-0.428,0.85,-1.344,6.908,3.824,-0.191,-0.664,0.719,-9.137,11.458,-1.763,0.249,0.023,0.832,59.328,-2.58,-5.16,start
1780985187.010563,-0.86,-0.174,0.497,-2.779,5.069,-0.542,-0.7,-0.336,0.56,-9.076,6.771,0.206,-0.366,-0.42,0.847,-1.573,3.298,0.947,-0.35,-0.517,0.82,0.908,5.748,0.023,0.233,0.139,0.757,7.725,2.71,-1.618,start
1780985187.124028,-0.861,-0.172,0.496,0.153,-1.55,-0.023,-0.692,-0.342,0.568,-5.206,-0.305,-0.405,-0.366,-0.428,0.844,0.634,-4.511,-1.412,-0.342,-0.515,0.832,2.618,4.176,-2.908,0.218,0.159,0.67,-46.252,3.359,-3.313,start
1780985187.2166493,-0.84,-0.173,0.527,3.267,-11.855,-5.542,-0.684,-0.336,0.583,-4.237,-2.824,-4.214,-0.331,-0.427,0.858,-0.626,-6.382,-4.779,-0.258,-0.424,0.82,14.069,3.756,-0.252,0.116,-0.058,0.468,-192.725,55.962,-7.496,start
1780985187.3268692,-0.841,-0.175,0.528,-0.099,0.702,-0.786,-0.677,-0.343,0.584,-6.656,0.115,-0.427,-0.33,-0.434,0.856,-0.008,-2.221,-0.275,-0.286,-0.503,0.881,6.336,2.939,2.122,-0.021,-0.342,0.777,10.237,-39.122,2.458,start
1780985187.4239826,-0.852,-0.173,0.524,-1.023,2.618,0.595,-0.68,-0.344,0.586,-7.023,1.947,0.366,-0.331,-0.425,0.86,0.076,0.038,0.695,-0.314,-0.51,0.854,1.344,6.71,0.053,0.183,-0.405,0.774,-1.809,2.412,-1.298,start
1780985187.525386,-0.845,-0.17,0.523,-0.626,1.756,-0.626,-0.682,-0.339,0.586,-7.031,0.427,-0.809,-0.326,-0.426,0.867,-0.908,0.511,-0.366,-0.311,-0.513,0.865,1.061,7.756,-1.008,0.182,-0.406,0.785,-1.305,1.763,0.954,start
1780985187.641796,-0.849,-0.176,0.521,-1.466,1.229,-1.313,-0.679,-0.339,0.586,-7.244,0.344,-0.58,-0.329,-0.429,0.861,-0.489,0.26,0.198,-0.308,-0.518,0.858,1.794,6.603,0.099,0.176,-0.405,0.776,0.084,5.191,-1.321,start
1780985187.7313943,-0.85,-0.174,0.525,-0.809,1.405,-1.008,-0.681,-0.338,0.591,-7.366,-0.565,-1.244,-0.326,-0.426,0.859,-1.191,0.351,-0.053,-0.311,-0.516,0.852,0.221,6.382,-1.947,0.183,-0.405,0.775,-1.282,1.794,-0.985,start
1780985190.4336607,-0.848,-0.18,0.522,-0.55,1.252,0.328,-0.68,-0.343,0.593,-7.046,0.756,0.16,-0.322,-0.43,0.871,-0.008,0.634,0.443,-0.303,-0.516,0.863,1.656,6.809,-0.191,0.193,-0.411,0.769,-0.802,1.672,-0.099,start
1780985190.5220327,-0.845,-0.185,0.528,-0.863,1.702,-0.634,-0.683,-0.346,0.587,-6.969,0.29,0.053,-0.323,-0.432,0.868,0.305,0.42,0.527,-0.302,-0.517,0.856,1.824,5.962,0.198,0.194,-0.421,0.77,0.573,4.305,-0.664,start
1780985190.615915,-0.845,-0.181,0.526,-1.115,2.473,-1.237,-0.681,-0.339,0.587,-6.924,0.588,-0.733,-0.326,-0.425,0.863,-0.504,-0.573,-0.443,-0.312,-0.517,0.861,1.382,6.557,-1.504,0.194,-0.416,0.766,-1.947,-0.603,0.603,start
1780985190.7185838,-0.837,-0.182,0.523,-1.046,1.45,-1.427,-0.677,-0.344,0.598,-7.13,1.023,-0.496,-0.326,-0.432,0.87,-0.443,1.198,0.351,-0.305,-0.515,0.85,2.115,7.336,1.038,0.197,-0.413,0.763,0.046,3.947,-0.29,start
1780985190.8215945,-0.842,-0.178,0.525,-1.107,0.389,-2.099,-0.679,-0.345,0.594,-6.901,-0.168,-0.237,-0.318,-0.427,0.865,-0.344,-0.649,-0.42,-0.304,-0.52,0.861,2.16,6.794,-0.168,0.187,-0.42,0.765,0.107,3.176,-0.328,start
1780985190.9245813,-0.844,-0.177,0.523,-0.206,2.466,0.359,-0.682,-0.345,0.59,-6.611,0.893,0.687,-0.324,-0.424,0.869,0.122,0.153,0.076,-0.305,-0.516,0.857,1.832,6.931,-0.382,0.198,-0.414,0.763,-0.229,2.58,-0.374,start
1780985191.041458,-0.841,-0.184,0.525,-1.084,0.977,-2.282,-0.682,-0.344,0.593,-7.29,0.076,-1.031,-0.32,-0.434,0.865,-1.237,0.244,0.061,-0.304,-0.519,0.852,1.389,7.664,-0.557,0.193,-0.42,0.77,-0.427,3.298,0.473,start
1780985191.1313891,-0.839,-0.179,0.529,-1.115,1.206,-0.176,-0.675,-0.336,0.6,-7.351,0.641,0.588,-0.327,-0.425,0.862,0.244,6.031,2.824,-0.321,-0.513,0.849,0.718,16.427,0.496,0.191,-0.305,0.675,136.985,-46.443,39.702,start
1780985191.2346542,-0.832,-0.184,0.532,-1.58,6.321,2.061,-0.68,-0.344,0.592,-8.267,2.611,1.969,-0.328,-0.426,0.855,0.229,8.763,4.244,-0.317,-0.522,0.855,1.878,15.847,5.985,0.263,-0.093,0.784,114.763,-7.824,3.947,start
1780985191.337828,-0.851,-0.174,0.511,-4.351,8.588,0.405,-0.681,-0.338,0.582,-11.099,3.481,0.809,-0.346,-0.424,0.853,-2.603,7.092,2.901,-0.329,-0.519,0.849,-0.458,16.847,2.977,0.245,0.062,0.791,44.267,-1.656,-1.802,start
1780985191.4476173,-0.859,-0.177,0.494,-2.328,5.977,2.42,-0.697,-0.345,0.572,-8.015,2.893,1.252,-0.363,-0.425,0.848,-1.069,2.45,0.931,-0.341,-0.511,0.844,1.0,5.901,-0.473,0.235,0.151,0.732,0.374,0.855,-2.183,start
1780985191.5495617,-0.854,-0.178,0.498,0.855,-1.824,-0.58,-0.689,-0.34,0.579,-5.313,-0.588,-0.817,-0.357,-0.429,0.849,0.489,-4.305,-2.038,-0.339,-0.517,0.839,2.618,4.153,-4.359,0.187,0.194,0.515,-74.809,8.878,-3.183,start
1780985191.6459196,-0.83,-0.175,0.53,2.611,-9.832,-5.26,-0.668,-0.338,0.599,-4.0,-1.824,-2.397,-0.309,-0.428,0.884,-0.282,-10.191,-3.992,-0.305,-0.534,0.86,4.626,7.092,-3.542,0.233,-0.573,1.117,-250.137,52.603,-45.87,start
1780985191.7495122,-0.869,-0.175,0.512,0.023,1.145,-2.023,-0.672,-0.34,0.605,-7.42,2.969,-0.74,-0.319,-0.432,0.867,-1.84,-0.901,0.298,-0.301,-0.521,0.856,1.504,4.45,0.137,0.184,-0.41,0.753,4.511,5.794,0.053,start
1780985191.8560388,-0.846,-0.175,0.531,-1.023,0.763,-1.542,-0.68,-0.343,0.586,-7.298,0.244,-0.771,-0.327,-0.432,0.862,-0.198,-0.878,0.237,-0.301,-0.526,0.854,1.015,5.618,-1.366,0.189,-0.415,0.778,0.183,2.817,-0.099,start
1780985191.9558358,-0.841,-0.177,0.527,-0.252,1.748,-0.565,-0.677,-0.34,0.59,-6.84,0.42,0.092,-0.327,-0.429,0.864,0.389,0.374,0.481,-0.307,-0.522,0.858,1.794,7.267,-0.061,0.178,-0.406,0.768,-1.58,2.328,-1.061,start
1780985192.065897,-0.841,-0.177,0.526,-1.389,0.588,-2.359,-0.677,-0.347,0.591,-7.359,-0.084,-1.542,-0.322,-0.428,0.868,-1.405,0.588,-0.458,-0.301,-0.523,0.851,0.435,7.679,-1.16,0.186,-0.416,0.771,-1.473,2.099,-0.145,start
1780985192.174132,-0.847,-0.178,0.527,-0.832,0.702,-0.924,-0.68,-0.344,0.597,-6.87,0.198,-0.519,-0.324,-0.428,0.866,-0.137,-0.481,-0.328,-0.302,-0.52,0.849,1.412,7.366,-1.214,0.196,-0.42,0.769,-1.725,1.015,-0.832,start
1780985192.2637813,-0.843,-0.18,0.53,-0.229,1.733,0.031,-0.681,-0.34,0.599,-6.649,0.763,0.809,-0.323,-0.427,0.862,0.595,0.74,1.115,-0.305,-0.524,0.855,2.634,6.786,0.794,0.167,-0.415,0.779,-1.649,4.0,-2.901,start
1780985192.373393,-0.844,-0.176,0.527,-1.053,1.282,-1.779,-0.676,-0.34,0.586,-7.45,-0.038,-1.13,-0.323,-0.427,0.867,-1.198,-0.046,-0.725,-0.305,-0.524,0.855,0.832,7.527,-1.878,0.198,-0.412,0.775,-2.763,0.282,0.427,start
1780985195.1513247,-0.842,-0.175,0.532,-0.794,1.359,-0.908,-0.68,-0.342,0.587,-7.214,0.618,-0.954,-0.325,-0.431,0.866,-0.58,0.573,0.718,-0.304,-0.526,0.851,1.863,7.244,-0.069,0.194,-0.415,0.771,-0.198,3.901,-0.107,start
1780985195.2639813,-0.842,-0.182,0.527,-0.641,0.863,-0.916,-0.681,-0.348,0.591,-6.809,-0.076,-0.198,-0.329,-0.429,0.861,-0.511,0.16,0.366,-0.3,-0.531,0.851,2.069,6.687,-0.611,0.19,-0.421,0.775,-0.069,3.252,-0.29,start
1780985195.3563113,-0.847,-0.174,0.523,-0.809,2.053,-0.168,-0.684,-0.34,0.579,-6.618,0.473,0.122,-0.329,-0.427,0.868,-0.008,0.153,0.061,-0.302,-0.519,0.856,1.969,7.023,-0.023,0.193,-0.415,0.765,-0.351,2.527,0.061,start
1780985195.4571445,-0.843,-0.181,0.53,-0.664,1.29,-1.489,-0.681,-0.341,0.591,-7.099,0.435,-0.771,-0.323,-0.43,0.866,-0.725,-0.298,-0.183,-0.302,-0.526,0.856,1.229,7.229,-1.0,0.196,-0.424,0.766,-1.092,2.023,0.267,start
1780985195.5608163,-0.845,-0.172,0.522,-1.115,1.282,-1.015,-0.678,-0.341,0.586,-7.115,-0.084,-1.0,-0.325,-0.432,0.867,-0.87,-0.069,-0.229,-0.304,-0.526,0.849,1.687,6.504,-1.496,0.195,-0.424,0.77,-0.71,1.061,0.122,start
1780985195.671654,-0.843,-0.177,0.524,-0.534,1.695,-0.008,-0.675,-0.344,0.594,-6.87,0.718,0.107,-0.325,-0.427,0.871,0.145,0.115,0.672,-0.304,-0.523,0.85,2.031,7.26,0.176,0.189,-0.417,0.767,0.344,4.221,-0.443,start
1780985195.7720454,-0.844,-0.181,0.528,-1.084,0.954,-1.771,-0.68,-0.341,0.591,-7.015,0.282,-0.885,-0.326,-0.428,0.867,-0.702,0.16,0.008,-0.302,-0.522,0.854,1.344,7.71,-0.557,0.189,-0.424,0.77,-1.611,0.267,0.656,start
1780985195.8696532,-0.843,-0.176,0.525,-1.214,1.588,-0.641,-0.677,-0.34,0.591,-6.702,0.458,-0.473,-0.327,-0.427,0.859,-0.321,0.282,0.687,-0.305,-0.524,0.847,1.84,7.183,-1.16,0.202,-0.414,0.762,-1.084,1.0,-0.069,start
1780985195.9805949,-0.837,-0.18,0.526,-0.504,2.71,-0.649,-0.683,-0.34,0.59,-7.168,0.656,0.16,-0.315,-0.429,0.849,0.435,-0.756,0.473,-0.288,-0.531,0.831,2.221,3.336,-0.443,0.285,-0.552,1.054,92.336,-15.794,10.389,start
1780985196.0750494,-0.84,-0.178,0.526,-1.427,4.122,-0.145,-0.672,-0.334,0.61,-8.252,3.55,0.924,-0.327,-0.436,0.874,-1.214,6.916,2.634,-0.308,-0.523,0.845,-2.023,14.878,3.992,0.222,-0.154,0.669,178.863,-22.618,14.969,start
1780985196.1896527,-0.855,-0.185,0.502,-3.786,9.466,2.053,-0.675,-0.339,0.6,-11.351,6.015,2.542,-0.349,-0.422,0.854,-1.893,12.611,5.336,-0.316,-0.531,0.903,-5.74,29.229,2.053,0.231,0.044,0.82,66.611,-0.84,-7.137,start
1780985196.2894645,-0.856,-0.177,0.499,-2.084,6.786,-0.008,-0.694,-0.344,0.58,-7.878,7.725,0.107,-0.356,-0.435,0.849,-2.908,4.504,1.969,-0.338,-0.535,0.815,-1.305,9.55,1.527,0.261,0.094,0.84,23.26,2.489,-2.42,start
1780985196.3898551,-0.871,-0.168,0.491,-1.878,1.626,0.031,-0.687,-0.331,0.595,-9.565,1.832,-0.16,-0.371,-0.423,0.846,-1.359,2.855,0.908,-0.34,-0.526,0.824,-0.282,10.16,-1.298,0.242,0.141,0.771,-3.099,3.695,0.595,start
1780985196.4901047,-0.861,-0.174,0.491,0.863,-4.229,-2.771,-0.694,-0.349,0.564,-4.519,-3.0,-2.634,-0.366,-0.428,0.848,1.198,-9.58,-3.901,-0.329,-0.518,0.836,3.214,3.298,-8.763,0.15,0.225,0.291,-151.962,23.061,6.771,start
1780985196.6021001,-0.835,-0.168,0.537,1.282,-5.557,-3.702,-0.662,-0.341,0.611,-5.321,0.252,-1.786,-0.321,-0.428,0.857,1.519,-3.847,-0.115,-0.293,-0.521,0.854,9.069,-0.427,0.374,0.223,-0.71,1.482,-199.137,31.473,-51.366,start
1780985196.7063086,-0.841,-0.185,0.526,-0.656,2.13,0.038,-0.682,-0.345,0.584,-6.763,-1.023,0.099,-0.329,-0.432,0.864,-0.099,1.779,0.046,-0.306,-0.522,0.854,2.382,11.328,1.298,0.193,-0.406,0.793,-2.244,-1.771,-1.824,start
1780985196.7997563,-0.841,-0.178,0.525,-0.687,0.908,-1.298,-0.68,-0.344,0.586,-7.214,-0.336,-1.359,-0.326,-0.431,0.861,-1.412,0.107,-0.588,-0.307,-0.519,0.854,0.115,7.87,-1.885,0.188,-0.409,0.772,-1.748,0.656,1.588,start
1780985196.9089677,-0.842,-0.179,0.521,-0.519,1.802,-0.58,-0.683,-0.343,0.587,-6.718,0.481,-0.115,-0.329,-0.427,0.863,0.183,0.153,-0.29,-0.306,-0.525,0.85,1.748,5.802,-1.229,0.187,-0.409,0.775,-1.557,1.069,-1.061,start
1780985197.001667,-0.844,-0.177,0.522,-0.435,1.588,-0.687,-0.682,-0.345,0.584,-6.489,0.359,0.084,-0.326,-0.432,0.856,0.344,-0.229,0.954,-0.304,-0.524,0.851,1.969,6.405,0.443,0.188,-0.417,0.768,-2.298,2.977,-5.573,start
