timestamp,pulgar_ax,pulgar_ay,pulgar_az,pulgar_gx,pulgar_gy,pulgar_gz,indice_ax,indice_ay,indice_az,indice_gx,indice_gy,indice_gz,medio_ax,medio_ay,medio_az,medio_gx,medio_gy,medio_gz,anular_ax,anular_ay,anular_az,anular_gx,anular_gy,anular_gz,menique_ax,menique_ay,menique_az,menique_gx,menique_gy,menique_gz,gesto
1780981169.2051084,-0.786,-0.135,0.64,-0.496,1.244,-0.71,-0.643,-0.266,0.675,-6.252,0.664,-0.481,-0.269,-0.306,0.934,-0.374,-0.588,0.366,-0.239,-0.329,0.978,1.863,6.809,-0.237,0.092,-0.328,0.809,0.122,3.153,-0.244,btn_D
1780981169.3078425,-0.785,-0.13,0.638,-0.992,1.328,-0.672,-0.643,-0.27,0.674,-6.389,0.481,-0.626,-0.264,-0.312,0.935,-0.71,0.298,0.588,-0.24,-0.329,0.977,1.58,8.046,0.481,0.082,-0.324,0.811,0.252,2.122,0.397,btn_D
1780981169.420442,-0.791,-0.136,0.636,-1.458,2.313,-0.878,-0.646,-0.269,0.664,-6.763,1.015,-0.053,-0.27,-0.307,0.94,-0.405,0.214,0.145,-0.235,-0.324,0.981,1.076,6.183,-0.664,0.096,-0.325,0.816,-0.962,0.641,0.115,btn_D
1780981169.5214207,-0.783,-0.141,0.637,-0.664,1.008,-0.824,-0.645,-0.265,0.663,-6.756,0.496,-0.214,-0.263,-0.313,0.937,-0.191,-0.275,0.298,-0.238,-0.327,0.973,1.863,7.008,-0.565,0.088,-0.319,0.812,-0.328,2.565,-0.145,btn_D
1780981169.616434,-0.782,-0.132,0.638,-0.832,0.893,-0.656,-0.644,-0.268,0.665,-6.389,0.611,-0.153,-0.264,-0.312,0.946,-0.214,0.023,0.031,-0.238,-0.33,0.98,2.0,6.305,-1.122,0.093,-0.323,0.812,-0.634,2.008,-0.237,btn_D
1780981169.71966,-0.99,-0.142,0.893,-45.992,-3.069,-1.313,-0.887,-0.146,0.795,-12.099,-15.092,-9.954,-0.286,-0.322,0.937,3.947,5.061,-1.611,-0.294,-0.344,0.95,1.626,-14.122,-7.183,0.099,-0.33,0.806,-30.809,-23.779,-9.802,btn_D
1780981169.8345592,-0.526,0.121,0.539,23.008,-13.038,19.634,-0.579,-0.287,0.705,-11.84,0.473,-6.672,-0.232,-0.315,0.931,-1.267,5.458,-0.557,-0.192,-0.332,0.984,2.008,11.267,0.87,0.133,-0.335,0.801,-3.74,5.153,-0.443,btn_D
1780981169.9383924,-0.666,0.08,0.707,8.198,-4.977,9.924,-0.555,-0.271,0.65,-4.344,4.031,-1.206,-0.203,-0.316,0.943,0.221,-4.015,0.206,-0.174,-0.331,0.994,1.282,7.458,0.42,0.137,-0.341,0.797,6.481,5.748,1.603,btn_D
1780981170.0341532,-0.621,0.079,0.664,3.924,-3.718,3.366,-0.569,-0.283,0.691,-6.008,-0.725,0.092,-0.232,-0.321,0.944,-1.389,1.763,0.878,-0.2,-0.324,0.984,2.198,8.947,0.0,0.129,-0.349,0.806,2.282,11.267,-0.076,btn_D
1780981170.1320386,-0.682,0.075,0.678,2.656,-2.55,-0.863,-0.579,-0.289,0.695,-6.58,-0.229,-1.008,-0.226,-0.32,0.947,-1.672,1.366,0.244,-0.201,-0.329,0.986,1.198,9.527,0.244,0.128,-0.347,0.804,0.992,8.0,-0.023,btn_D
1780981170.2342885,-0.66,0.105,0.619,4.336,-3.534,-3.176,-0.573,-0.282,0.692,-5.458,0.824,-1.779,-0.228,-0.318,0.938,-1.786,0.389,0.282,-0.194,-0.326,0.991,1.885,8.405,0.656,0.137,-0.353,0.8,2.634,9.473,0.031,btn_D
1780981170.3506925,-0.598,0.054,0.698,2.573,4.0,-17.344,-0.579,-0.278,0.681,-13.229,4.908,0.153,-0.226,-0.313,0.936,-2.985,1.046,1.076,-0.195,-0.328,0.987,2.84,14.237,0.244,0.124,-0.353,0.81,8.29,13.878,1.397,btn_D
1780981170.4408367,-1.746,-1.769,2.0,22.0,8.374,94.74,-0.671,-0.295,0.603,-2.679,-4.786,1.962,-0.233,-0.332,0.932,-3.229,-3.473,-4.595,-0.192,-0.321,1.0,1.443,-5.351,-3.229,0.107,-0.363,0.87,7.031,-15.069,2.435,btn_D
1780981170.5438993,-0.762,-0.114,0.663,-2.656,-3.733,-3.435,-0.647,-0.287,0.662,-5.298,0.901,0.473,-0.242,-0.326,0.936,-0.29,1.45,1.634,-0.216,-0.331,0.976,2.183,10.275,1.038,0.105,-0.322,0.807,-4.641,14.069,-0.672,btn_D
1780981170.6469636,-0.756,-0.131,0.672,-0.893,2.595,-1.267,-0.643,-0.283,0.661,-6.496,0.802,0.168,-0.253,-0.322,0.947,0.389,2.382,1.496,-0.225,-0.323,0.988,2.046,7.863,0.527,0.104,-0.32,0.798,-1.794,1.42,0.221,btn_D
1780981170.7490427,-0.758,-0.121,0.676,-1.008,0.794,-1.45,-0.643,-0.277,0.665,-6.359,0.863,0.351,-0.25,-0.322,0.937,0.282,0.542,1.137,-0.225,-0.326,0.979,1.947,7.969,0.099,0.104,-0.317,0.811,1.405,3.489,0.137,btn_D
1780981170.852314,-0.759,-0.124,0.678,-2.924,1.321,-0.679,-0.647,-0.284,0.655,-6.168,0.328,0.176,-0.257,-0.326,0.941,0.244,-0.74,0.031,-0.236,-0.322,0.983,2.733,5.771,-0.405,0.101,-0.32,0.819,-0.626,2.267,-0.137,btn_D
1780981170.9664028,-0.759,-0.131,0.683,-0.42,1.458,-0.908,-0.644,-0.282,0.665,-6.145,1.061,0.168,-0.242,-0.323,0.945,-0.672,-0.794,0.084,-0.22,-0.324,0.987,1.718,6.206,-0.527,0.104,-0.33,0.817,0.389,1.527,0.45,btn_D
1780981171.0685108,-0.751,-0.134,0.682,-0.313,1.412,-0.099,-0.641,-0.286,0.67,-6.115,0.748,0.137,-0.245,-0.323,0.937,0.237,0.29,0.573,-0.222,-0.327,0.984,2.244,8.031,0.55,0.098,-0.327,0.819,0.221,3.756,-0.046,btn_D
1780981173.8414469,-0.765,-0.13,0.667,1.389,1.435,0.405,-0.642,-0.269,0.661,-6.16,1.718,0.061,-0.253,-0.306,0.938,0.0,-0.481,0.252,-0.232,-0.321,0.981,0.618,7.13,-0.809,0.098,-0.336,0.823,-1.672,3.893,-0.298,btn_D
1780981173.9422984,-0.743,-0.136,0.674,-1.489,2.603,0.229,-0.643,-0.279,0.661,-7.023,2.344,0.664,-0.264,-0.309,0.929,0.069,3.481,0.847,-0.241,-0.311,0.981,1.466,8.16,-0.595,0.091,-0.311,0.808,-1.168,0.74,0.466,btn_D
1780981174.0497854,-0.761,-0.134,0.665,-2.115,2.542,-1.0,-0.648,-0.281,0.663,-6.336,0.542,-1.038,-0.253,-0.321,0.938,-1.458,-0.969,-0.542,-0.24,-0.329,0.975,0.908,6.076,-0.863,0.093,-0.332,0.81,-1.29,1.863,-0.076,btn_D
1780981174.1486423,-0.761,-0.134,0.672,-0.504,1.527,-0.901,-0.644,-0.279,0.666,-6.374,1.137,-1.046,-0.257,-0.314,0.943,-0.595,1.466,0.779,-0.233,-0.312,0.985,0.908,8.656,-0.16,0.087,-0.322,0.807,-2.511,-0.275,1.237,btn_D
1780981174.2516255,-0.764,-0.139,0.673,-1.588,2.588,-0.611,-0.644,-0.285,0.664,-6.344,0.763,-0.214,-0.257,-0.319,0.94,-0.153,1.221,0.168,-0.235,-0.328,0.978,1.878,7.405,-0.053,0.094,-0.331,0.807,1.107,1.046,0.145,btn_D
1780981174.3651578,-0.763,-0.135,0.674,-0.344,1.542,-0.069,-0.638,-0.283,0.664,-6.672,0.832,-0.931,-0.258,-0.314,0.937,-0.534,0.908,0.008,-0.235,-0.321,0.982,1.42,7.122,-0.763,0.104,-0.319,0.821,-1.817,-0.008,0.328,btn_D
1780981174.4697623,-0.762,-0.138,0.679,-2.191,3.16,-0.725,-0.64,-0.281,0.662,-6.733,0.916,-0.344,-0.256,-0.321,0.935,-0.74,-0.061,0.611,-0.237,-0.324,0.97,1.603,7.107,-0.924,0.094,-0.327,0.806,0.038,1.84,0.115,btn_D
1780981174.5654933,-1.507,-0.397,1.163,55.954,-57.046,55.191,-0.825,-0.31,0.641,-12.435,-18.435,-15.015,-0.267,-0.311,0.926,1.947,-13.947,-7.145,-0.157,-0.323,1.03,-3.29,-13.366,-6.824,0.112,-0.339,0.824,-13.328,-27.534,-3.985,btn_D
1780981174.664303,-0.695,0.01,0.735,25.046,-21.962,32.023,-0.599,-0.292,0.702,-5.847,-11.145,-3.336,-0.229,-0.319,0.945,1.962,-3.282,-1.588,-0.211,-0.297,0.962,1.313,-3.237,-1.427,0.125,-0.345,0.811,-6.664,-2.794,-0.939,btn_D
1780981174.7689543,-0.759,0.059,0.75,4.878,-3.924,6.954,-0.61,-0.303,0.708,-4.626,-1.641,-0.519,-0.238,-0.319,0.942,1.511,-0.061,-0.053,-0.188,-0.323,0.997,0.626,6.176,-0.847,0.136,-0.355,0.811,-2.595,1.29,0.061,btn_D
1780981174.869262,-0.716,0.067,0.728,16.023,-8.244,12.893,-0.575,-0.283,0.694,-3.313,0.847,0.061,-0.231,-0.315,0.945,-0.084,-0.878,-0.29,-0.2,-0.33,0.98,1.863,5.58,-0.473,0.14,-0.358,0.818,-2.015,3.71,0.061,btn_D
1780981174.981693,-0.586,0.094,0.705,4.466,-8.328,5.481,-0.552,-0.276,0.7,-6.229,0.992,-0.29,-0.223,-0.316,0.937,-1.573,0.305,0.351,-0.198,-0.327,0.984,2.16,9.099,0.076,0.132,-0.354,0.801,0.099,10.87,-0.634,btn_D
1780981175.0752566,-0.589,0.151,0.62,4.405,-2.351,0.58,-0.577,-0.282,0.687,-6.588,-0.962,-0.557,-0.224,-0.321,0.951,-3.397,0.412,0.298,-0.199,-0.33,0.984,1.771,7.099,0.168,0.137,-0.353,0.804,-1.344,10.534,-0.565,btn_D
1780981175.1911535,-0.587,0.147,0.642,9.389,-12.244,5.107,-0.557,-0.274,0.673,-4.656,0.046,-0.656,-0.22,-0.318,0.948,-2.16,-3.16,0.038,-0.196,-0.327,0.984,1.794,8.939,1.351,0.119,-0.363,0.769,0.634,11.519,-0.137,btn_D
1780981175.2821324,-0.629,0.108,0.702,-5.565,7.725,-8.153,-0.588,-0.285,0.696,-10.496,3.496,0.939,-0.233,-0.315,0.946,-3.412,0.527,-0.282,-0.196,-0.326,0.996,2.664,11.977,0.634,0.14,-0.355,0.809,6.137,13.313,0.863,btn_D
1780981175.3943393,-2.0,-2.0,2.0,-141.153,66.405,-32.809,-0.668,-0.322,0.623,-6.084,1.229,6.313,-0.236,-0.312,0.948,-6.733,2.069,-5.26,-0.212,-0.34,1.025,4.496,-8.504,-3.473,0.097,-0.363,0.818,4.115,-22.779,2.931,btn_D
1780981175.493286,-0.77,-0.121,0.655,3.748,-0.954,-0.992,-0.625,-0.291,0.677,-4.847,1.786,0.786,-0.232,-0.322,0.945,0.832,0.878,1.557,-0.217,-0.323,0.989,3.328,9.74,2.0,0.114,-0.324,0.806,-3.542,20.344,-1.42,btn_D
1780981175.591818,-0.764,-0.136,0.672,-1.695,6.038,-0.687,-0.638,-0.293,0.66,-6.794,-0.267,-0.305,-0.246,-0.326,0.938,-1.076,0.977,-0.679,-0.214,-0.328,0.984,1.115,5.87,-0.328,0.103,-0.33,0.804,-0.473,0.389,0.069,btn_D
1780981175.7009614,-0.764,-0.132,0.672,-1.649,0.725,-1.542,-0.637,-0.285,0.67,-6.427,0.832,-0.924,-0.248,-0.325,0.939,-0.519,-1.008,0.015,-0.216,-0.33,0.978,1.107,7.58,0.015,0.111,-0.339,0.817,-1.176,4.244,-0.389,btn_D
1780981178.484175,-0.768,-0.134,0.67,0.443,1.542,-0.802,-0.636,-0.286,0.671,-6.13,0.473,-0.931,-0.251,-0.316,0.939,0.344,-2.221,0.015,-0.222,-0.321,0.99,1.382,6.542,-0.672,0.098,-0.329,0.804,0.397,3.855,-0.015,btn_D
1780981178.5838938,-0.764,-0.138,0.67,-1.611,2.336,-0.718,-0.634,-0.292,0.666,-6.481,0.664,-0.634,-0.257,-0.319,0.945,-0.443,1.466,-0.229,-0.229,-0.321,0.98,1.939,7.664,-0.252,0.103,-0.329,0.808,-1.267,2.214,-0.29,btn_D
1780981178.7026815,-0.763,-0.132,0.667,-0.794,0.313,-0.672,-0.638,-0.286,0.666,-6.084,0.344,-1.076,-0.25,-0.316,0.944,-0.107,-1.229,-0.198,-0.221,-0.321,0.984,2.031,6.84,-0.084,0.102,-0.327,0.817,0.656,4.046,0.038,btn_D
1780981178.7985084,-0.77,-0.145,0.655,-1.099,3.878,-0.489,-0.645,-0.296,0.666,-6.26,0.198,-0.267,-0.257,-0.324,0.94,-0.359,-0.618,-0.542,-0.222,-0.321,0.983,1.046,4.985,-1.069,0.105,-0.332,0.802,-1.794,-1.634,0.176,btn_D
1780981178.8872874,-0.763,-0.135,0.669,-0.229,0.046,-0.664,-0.631,-0.28,0.676,-5.962,0.687,-0.397,-0.242,-0.312,0.944,-0.55,0.145,-0.542,-0.22,-0.322,0.982,1.779,8.206,-0.382,0.094,-0.329,0.811,0.282,3.504,0.573,btn_D
1780981179.0007992,-0.765,-0.138,0.679,-0.939,3.298,-0.42,-0.637,-0.292,0.671,-6.939,1.214,0.557,-0.26,-0.318,0.941,-0.137,0.29,0.069,-0.236,-0.321,0.979,1.389,7.733,-0.527,0.104,-0.32,0.821,0.84,-0.313,0.565,btn_D
1780981179.0980706,-0.84,-0.142,0.685,81.847,-45.756,73.901,-0.648,-0.215,0.588,-5.435,-53.519,-17.389,-0.26,-0.317,0.994,-3.076,-18.076,-7.069,-0.176,-0.329,1.0,0.481,-9.427,-4.29,0.138,-0.344,0.814,-22.481,-11.679,-4.985,btn_D
1780981179.1959558,-0.714,0.046,0.73,-4.214,-0.718,10.756,-0.606,-0.298,0.711,-5.359,-0.244,-1.023,-0.248,-0.321,0.95,-0.183,0.626,-0.595,-0.204,-0.316,1.001,3.534,3.565,-1.252,0.134,-0.346,0.792,-4.107,-4.595,0.031,btn_D
1780981179.2989714,-0.767,0.03,0.792,5.817,-2.321,4.573,-0.604,-0.295,0.711,-5.511,-1.924,-1.198,-0.24,-0.316,0.95,0.359,-1.344,-0.618,-0.201,-0.329,0.991,0.824,4.511,-1.603,0.126,-0.357,0.805,-1.122,-0.351,0.336,btn_D
1780981179.402293,-0.725,0.018,0.829,5.718,-4.076,8.427,-0.624,-0.299,0.69,-4.489,-1.015,-0.641,-0.243,-0.311,0.939,1.885,0.206,-0.115,-0.206,-0.322,0.99,0.893,4.626,-1.092,0.137,-0.357,0.791,-4.794,-1.336,-0.359,btn_D
1780981179.5050163,-0.681,0.084,0.729,13.412,-9.023,1.771,-0.593,-0.292,0.691,-6.252,-0.145,-2.321,-0.235,-0.32,0.954,-0.649,-2.344,-0.916,-0.209,-0.332,0.986,1.74,7.496,-0.511,0.134,-0.37,0.804,0.924,3.702,0.382,btn_D
1780981179.6080723,-0.632,0.088,0.699,14.794,-7.145,3.191,-0.594,-0.288,0.685,-6.359,0.351,0.008,-0.24,-0.303,0.942,1.137,0.71,1.206,-0.203,-0.312,0.995,2.153,7.412,1.191,0.132,-0.345,0.792,-1.298,9.55,0.45,btn_D
1780981179.717923,-0.522,0.094,0.696,-4.664,18.061,-21.802,-0.586,-0.279,0.678,-15.824,6.183,2.282,-0.251,-0.314,0.942,-5.061,1.794,0.481,-0.187,-0.333,1.004,2.122,16.519,0.13,0.125,-0.351,0.82,16.55,19.473,2.992,btn_D
1780981179.8174205,-0.697,-0.264,0.852,19.71,14.519,-2.847,-0.673,-0.297,0.656,-7.137,12.053,-3.053,-0.241,-0.335,0.942,0.412,-26.359,-3.924,-0.167,-0.34,0.997,1.13,2.351,-1.779,0.171,-0.317,0.845,5.389,-3.542,1.046,btn_D
1780981179.9169629,-0.77,-0.127,0.671,-10.229,-17.198,-5.374,-0.627,-0.291,0.674,-5.29,-1.344,0.282,-0.232,-0.329,0.941,1.267,3.832,0.962,-0.21,-0.327,0.992,4.786,11.389,1.221,0.1,-0.334,0.822,6.588,6.191,0.809,btn_D
1780981180.0195694,-0.768,-0.134,0.666,-2.168,3.069,-0.168,-0.641,-0.292,0.671,-6.71,0.443,-0.282,-0.24,-0.326,0.941,-0.275,0.947,-0.305,-0.213,-0.325,0.984,1.389,6.534,-0.924,0.108,-0.339,0.823,-4.0,4.344,0.023,btn_D
1780981180.122897,-0.754,-0.133,0.671,-2.71,0.458,-1.244,-0.64,-0.288,0.663,-6.832,1.29,-0.229,-0.24,-0.321,0.937,-0.748,1.924,0.725,-0.213,-0.327,0.977,2.046,9.779,1.061,0.103,-0.335,0.812,1.84,5.344,0.214,btn_D
1780981180.2343414,-0.747,-0.145,0.678,-2.137,2.45,0.061,-0.64,-0.295,0.66,-7.244,1.206,-0.336,-0.248,-0.325,0.933,-1.015,-0.29,-0.122,-0.219,-0.321,0.98,2.122,7.191,-0.435,0.095,-0.327,0.818,-0.305,1.29,0.076,btn_D
1780981180.3293123,-0.76,-0.141,0.673,-0.756,1.397,-0.366,-0.64,-0.291,0.665,-6.534,0.824,0.092,-0.249,-0.321,0.937,-0.412,0.863,0.328,-0.224,-0.321,0.982,1.267,8.542,-0.145,0.104,-0.328,0.809,-1.481,3.328,0.29,btn_D
1780981183.1163824,-0.762,-0.137,0.663,-1.183,1.557,-0.748,-0.636,-0.289,0.676,-6.542,0.878,-0.122,-0.25,-0.322,0.939,-0.366,0.244,0.511,-0.23,-0.323,0.987,1.298,7.573,-0.443,0.096,-0.332,0.809,-0.405,1.374,0.069,btn_D
1780981183.219988,-0.765,-0.138,0.665,-0.901,1.679,-0.969,-0.638,-0.29,0.665,-6.771,0.504,-0.473,-0.252,-0.323,0.932,-0.618,0.282,-0.221,-0.233,-0.327,0.977,1.595,7.344,-0.229,0.102,-0.328,0.815,-1.206,1.634,0.145,btn_D
1780981183.318335,-0.764,-0.137,0.66,-0.802,1.443,-0.412,-0.639,-0.283,0.67,-6.527,0.565,-0.053,-0.252,-0.321,0.943,-0.122,-0.282,-0.053,-0.229,-0.325,0.981,1.542,7.046,-0.626,0.103,-0.332,0.811,-0.832,2.786,0.237,btn_D
1780981183.4304254,-0.759,-0.135,0.661,-0.664,1.847,-1.099,-0.635,-0.287,0.674,-6.397,0.908,0.214,-0.25,-0.318,0.937,-0.206,0.153,0.053,-0.226,-0.326,0.987,1.595,7.191,-0.298,0.106,-0.336,0.813,-0.298,1.344,0.115,btn_D
1780981183.5228674,-0.767,-0.137,0.665,-1.435,1.412,-1.061,-0.639,-0.287,0.672,-6.267,0.427,-0.733,-0.255,-0.318,0.944,-0.802,0.237,-0.191,-0.229,-0.321,0.979,1.313,7.168,-0.527,0.098,-0.335,0.807,-0.74,2.939,-0.115,btn_D
1780981183.6338887,-1.457,0.076,-0.413,248.466,-127.962,202.511,-1.042,-0.448,0.877,17.252,-58.107,-27.206,-0.215,-0.34,0.896,7.878,-23.267,-9.618,-0.261,-0.306,0.969,6.771,-27.137,-7.771,0.139,-0.38,0.828,-5.397,-38.87,-6.611,btn_D
1780981183.728006,-0.808,0.008,0.826,10.603,-3.71,5.038,-0.65,-0.316,0.696,-4.908,-1.366,-2.511,-0.241,-0.323,0.953,0.29,6.053,-0.008,-0.196,-0.324,0.988,1.527,4.863,-0.992,0.135,-0.37,0.821,-3.748,-7.634,0.061,btn_D
1780981183.831072,-0.837,-0.02,0.927,-1.382,3.573,-2.557,-0.655,-0.339,0.73,-5.115,-3.359,-0.954,-0.251,-0.315,0.939,2.573,3.443,-0.786,-0.178,-0.316,0.991,1.618,3.008,-1.176,0.124,-0.36,0.802,-6.092,-0.145,-0.092,btn_D
1780981183.944105,-0.695,0.072,0.788,5.901,-6.244,3.702,-0.595,-0.302,0.718,-5.42,-0.313,-0.412,-0.237,-0.316,0.94,0.733,-0.863,-0.336,-0.186,-0.333,0.988,1.58,10.412,0.496,0.135,-0.366,0.808,-1.931,6.542,0.038,btn_D
1780981184.0372927,-0.632,0.093,0.76,6.87,-2.947,2.634,-0.566,-0.285,0.704,-6.649,2.298,0.008,-0.237,-0.319,0.95,-0.802,0.198,0.511,-0.21,-0.334,0.987,1.802,8.221,-0.229,0.138,-0.367,0.817,4.023,11.695,-0.611,btn_D
1780981184.1402087,-0.789,-0.218,0.349,-157.618,146.679,-198.626,-0.55,-0.304,0.762,-0.954,64.389,33.763,-0.246,-0.312,0.93,-1.863,4.366,1.641,-0.251,-0.332,0.981,-0.763,14.29,1.069,0.091,-0.293,0.757,3.534,8.427,0.351,btn_D
1780981184.2471936,-0.795,-0.158,0.675,3.771,12.397,0.29,-0.646,-0.304,0.666,-5.458,2.397,1.611,-0.235,-0.327,0.941,3.221,1.565,1.519,-0.211,-0.327,0.981,2.649,6.977,1.267,0.116,-0.336,0.812,9.023,-4.183,1.153,btn_D
1780981184.3460426,-0.771,-0.136,0.66,-2.534,-0.977,-1.954,-0.6,-0.305,0.67,-6.878,3.603,0.221,-0.244,-0.328,0.942,0.29,0.656,0.527,-0.211,-0.332,0.989,1.45,8.489,0.183,0.108,-0.338,0.805,2.435,2.16,0.443,btn_D
1780981184.4495583,-0.765,-0.134,0.66,-1.519,2.351,-1.053,-0.634,-0.294,0.663,-6.573,1.221,-0.16,-0.248,-0.32,0.942,-0.321,0.977,0.137,-0.217,-0.32,0.984,1.863,6.802,-0.511,0.096,-0.347,0.803,-1.924,1.84,0.092,btn_D
1780981184.5578263,-0.764,-0.158,0.661,-3.84,0.214,-2.603,-0.629,-0.312,0.666,-6.42,-0.397,-0.855,-0.25,-0.335,0.945,0.687,-0.603,-0.458,-0.218,-0.318,0.985,3.176,7.336,-0.046,0.11,-0.335,0.812,2.084,2.351,-0.382,btn_D
1780981184.6550808,-0.777,-0.136,0.654,-1.344,2.802,-0.527,-0.634,-0.295,0.662,-6.435,-0.107,-1.328,-0.246,-0.323,0.946,-1.252,-0.115,-0.466,-0.215,-0.331,0.978,0.656,5.916,-0.214,0.099,-0.345,0.814,-2.122,1.275,0.198,btn_D
1780981184.7669785,-0.766,-0.14,0.664,-1.885,1.443,-0.802,-0.639,-0.289,0.664,-6.221,0.763,-0.397,-0.242,-0.324,0.937,0.084,1.145,0.183,-0.221,-0.324,0.98,1.634,7.695,-0.519,0.101,-0.336,0.808,-0.87,1.458,0.641,btn_D
1780981184.867949,-0.771,-0.134,0.652,-1.015,1.229,-1.13,-0.632,-0.298,0.668,-6.435,0.45,-0.237,-0.248,-0.327,0.94,0.176,-1.008,-0.122,-0.22,-0.328,0.982,1.45,7.076,-0.305,0.111,-0.343,0.809,-0.069,3.969,0.0,btn_D
1780981184.963993,-0.793,-0.155,0.661,0.473,2.435,0.336,-0.634,-0.299,0.661,-5.802,-0.603,-0.389,-0.244,-0.327,0.937,0.473,-0.527,0.099,-0.223,-0.329,0.975,3.237,4.595,-0.221,0.114,-0.333,0.825,1.084,6.748,-0.328,btn_D
1780981187.7513423,-0.768,-0.141,0.652,-1.145,2.206,-0.275,-0.64,-0.288,0.667,-6.107,1.099,-0.305,-0.245,-0.317,0.938,-0.26,0.527,0.137,-0.23,-0.318,0.987,1.725,7.397,-0.359,0.101,-0.339,0.805,-0.863,1.427,0.076,btn_D
1780981187.8539348,-0.771,-0.136,0.66,-0.405,1.794,-0.718,-0.633,-0.29,0.667,-6.42,0.634,-0.496,-0.251,-0.318,0.939,-0.55,-0.229,-0.458,-0.222,-0.326,0.989,1.443,6.695,-1.069,0.107,-0.338,0.811,-1.29,1.076,-0.122,btn_D
1780981187.9514492,-0.765,-0.138,0.656,-1.511,1.351,-1.206,-0.637,-0.286,0.66,-6.863,0.511,-0.496,-0.247,-0.318,0.936,-0.29,-0.221,0.16,-0.225,-0.324,0.978,1.137,6.878,-0.145,0.102,-0.341,0.799,-1.137,1.015,0.198,btn_D
1780981188.0672028,-0.787,-0.147,0.663,-0.229,1.275,-0.733,-0.628,-0.29,0.674,-6.489,0.756,-0.748,-0.243,-0.325,0.936,-0.298,-0.916,-0.206,-0.223,-0.329,0.978,1.71,6.244,-0.885,0.107,-0.34,0.809,-0.29,3.427,-0.481,btn_D
1780981188.1701357,-0.831,-0.205,0.895,-24.794,2.275,3.122,-0.63,-0.29,0.651,-8.786,0.885,-0.679,-0.232,-0.316,0.946,-0.153,2.023,0.969,-0.29,-0.314,0.98,-1.412,6.458,-2.489,0.086,-0.311,0.792,-17.969,-6.115,-5.206,btn_D
1780981188.2606053,-0.497,0.004,0.723,67.878,-47.0,68.885,-0.249,-0.512,0.065,-38.313,20.176,-18.046,-0.229,-0.313,0.904,6.618,-10.015,-4.725,-0.139,-0.308,0.997,4.649,-5.42,-1.885,0.168,-0.367,0.802,-12.214,-3.695,-4.092,btn_D
1780981188.3633146,-0.623,0.062,0.85,5.214,-1.565,5.603,-0.566,-0.302,0.726,-6.58,0.061,0.099,-0.223,-0.317,0.95,-0.763,-1.618,0.481,-0.18,-0.329,0.987,1.16,9.305,-0.084,0.143,-0.366,0.808,-0.099,2.771,0.466,btn_D
1780981188.4662457,-0.58,0.076,0.783,10.458,-7.71,4.832,-0.547,-0.289,0.695,-5.977,0.198,0.74,-0.224,-0.315,0.94,-1.527,-3.473,-0.099,-0.191,-0.333,0.989,2.053,6.221,-0.267,0.147,-0.373,0.8,-2.168,11.076,-0.786,btn_D
1780981188.5840404,-0.575,0.148,0.688,2.275,-5.618,5.244,-0.556,-0.293,0.705,-6.863,0.282,-1.145,-0.233,-0.321,0.946,-1.908,-0.145,-0.214,-0.188,-0.324,0.991,2.45,10.55,0.71,0.138,-0.346,0.789,0.824,9.771,-0.069,btn_D
1780981188.6720903,-0.608,0.159,0.661,-12.695,7.084,-2.786,-0.578,-0.307,0.708,-6.878,1.427,-0.969,-0.233,-0.319,0.944,-2.061,1.16,0.122,-0.186,-0.326,0.989,2.069,9.45,0.656,0.146,-0.365,0.794,-0.015,5.962,0.16,btn_D
1780981188.7750864,-0.604,0.16,0.67,-1.176,0.985,-0.489,-0.564,-0.299,0.705,-6.832,1.588,-1.527,-0.229,-0.321,0.945,-1.58,2.206,0.061,-0.188,-0.329,0.994,1.55,8.962,0.313,0.14,-0.339,0.793,1.817,8.061,0.725,btn_D
1780981188.8786588,-0.371,0.072,0.636,-10.733,29.634,-31.779,-0.519,-0.286,0.694,-19.42,17.519,6.42,-0.243,-0.304,0.933,-8.618,-4.901,-1.244,-0.183,-0.342,1.008,0.878,15.817,-0.947,0.139,-0.357,0.811,14.489,25.252,3.496,btn_D
1780981188.9816086,-0.636,-0.135,0.611,58.389,71.374,9.092,-0.635,-0.299,0.657,-7.107,3.885,-1.206,-0.191,-0.336,0.956,2.244,-0.328,-0.74,-0.205,-0.334,0.987,2.641,10.069,0.008,0.123,-0.348,0.818,1.473,14.71,0.916,btn_D
1780981189.0840456,-0.745,-0.141,0.684,-5.901,-6.42,-1.901,-0.627,-0.294,0.663,-5.756,1.282,1.038,-0.235,-0.33,0.942,1.725,4.962,1.695,-0.215,-0.33,0.98,3.305,11.191,1.038,0.11,-0.336,0.801,7.023,-2.573,1.328,btn_D
1780981189.1876895,-0.756,-0.139,0.674,-1.924,2.344,-0.962,-0.636,-0.298,0.663,-6.473,0.985,-0.099,-0.235,-0.332,0.943,-0.252,-0.611,-0.389,-0.207,-0.332,0.981,2.053,7.252,-0.748,0.117,-0.344,0.807,-0.015,1.321,0.733,btn_D
1780981189.294719,-0.755,-0.135,0.672,-0.45,0.908,-0.878,-0.633,-0.299,0.665,-6.053,0.244,0.153,-0.237,-0.324,0.942,-0.595,-0.718,-0.023,-0.213,-0.324,0.986,1.679,6.908,-0.458,0.108,-0.338,0.804,-1.046,2.038,0.244,btn_D
1780981189.4001944,-0.755,-0.134,0.677,-0.832,1.756,-0.901,-0.635,-0.293,0.669,-5.916,0.954,0.389,-0.238,-0.326,0.943,-0.634,-0.145,-0.023,-0.209,-0.325,0.99,1.382,7.237,-0.71,0.114,-0.344,0.806,-1.534,2.695,-0.122,btn_D
1780981189.4969795,-0.754,-0.138,0.678,-1.58,2.153,-1.153,-0.63,-0.302,0.661,-6.618,0.863,-0.26,-0.239,-0.329,0.945,-0.26,0.595,-0.061,-0.207,-0.33,0.987,1.756,7.229,-0.374,0.114,-0.341,0.819,-0.321,3.679,-0.198,btn_D
1780981189.5999386,-0.753,-0.144,0.672,-1.885,0.656,-0.847,-0.636,-0.294,0.669,-6.71,1.122,-0.282,-0.238,-0.327,0.938,-0.336,0.122,0.153,-0.208,-0.327,0.987,1.618,6.962,-0.427,0.111,-0.34,0.812,-0.397,2.252,0.069,btn_D
1780981192.3805184,-0.765,-0.143,0.67,-1.885,1.916,-0.779,-0.632,-0.296,0.665,-6.427,0.824,-0.573,-0.254,-0.323,0.94,-0.87,-0.237,0.107,-0.228,-0.329,0.981,1.733,6.893,-0.519,0.109,-0.341,0.813,-1.061,1.969,0.031,btn_D
1780981192.4833772,-0.766,-0.145,0.672,-0.45,1.038,-1.328,-0.636,-0.293,0.668,-6.672,0.344,-0.527,-0.25,-0.327,0.937,-0.405,0.107,-0.176,-0.226,-0.328,0.982,1.962,7.321,0.023,0.1,-0.343,0.805,-0.924,3.015,-0.252,btn_D
1780981192.5866103,-0.769,-0.136,0.668,-1.099,0.985,-0.947,-0.639,-0.296,0.666,-6.42,0.298,-0.664,-0.25,-0.326,0.939,-0.481,0.382,-0.359,-0.231,-0.327,0.98,1.58,6.969,-0.687,0.104,-0.341,0.809,-0.641,2.206,-0.13,btn_D
1780981192.696787,-0.776,-0.15,0.684,-2.87,4.885,0.183,-0.641,-0.295,0.657,-6.282,0.672,-0.214,-0.248,-0.325,0.934,-0.183,1.053,0.26,-0.236,-0.326,0.978,1.878,7.298,-0.71,0.103,-0.342,0.809,-1.656,2.74,-0.069,btn_D
1780981192.7924316,-0.76,-0.138,0.662,0.809,2.527,-0.779,-0.637,-0.294,0.663,-6.298,1.267,-0.16,-0.252,-0.317,0.932,-0.321,0.855,-0.191,-0.227,-0.326,0.98,2.084,6.756,-0.511,0.097,-0.34,0.805,-1.053,2.321,0.145,btn_D
1780981192.895369,-0.766,-0.141,0.667,-0.137,2.725,-0.74,-0.639,-0.293,0.665,-6.275,1.023,-0.473,-0.256,-0.325,0.934,-0.855,-0.641,-0.298,-0.226,-0.327,0.98,1.519,5.931,-1.031,0.107,-0.342,0.811,-1.038,1.885,-0.435,btn_D
1780981192.9983218,-0.767,-0.138,0.663,-0.863,0.916,-0.809,-0.638,-0.291,0.662,-6.626,-0.008,-0.504,-0.252,-0.317,0.939,-0.427,-0.901,-0.221,-0.222,-0.331,0.972,1.244,6.397,-0.641,0.103,-0.341,0.819,-1.176,2.16,-0.191,btn_D
1780981193.1016421,-0.767,-0.144,0.668,-0.931,1.305,-0.076,-0.641,-0.296,0.662,-6.496,0.527,-0.061,-0.257,-0.324,0.933,-0.45,0.595,-0.206,-0.228,-0.33,0.989,1.588,6.45,-0.305,0.102,-0.346,0.805,-0.58,1.565,-0.214,btn_D
1780981193.2151139,-0.767,-0.141,0.665,-1.0,1.153,-1.168,-0.637,-0.293,0.664,-6.534,0.84,-0.313,-0.252,-0.323,0.937,-0.55,-0.496,-0.641,-0.221,-0.327,0.985,1.084,6.954,-0.42,0.099,-0.34,0.809,-0.443,0.962,0.023,btn_D
1780981193.3080475,-0.643,-0.402,1.099,5.443,-31.603,-27.13,-0.521,-0.313,0.727,-13.695,5.916,9.153,-0.186,-0.329,0.94,2.695,8.87,5.954,-0.301,-0.347,0.93,2.542,1.908,-1.939,0.08,-0.317,0.773,-7.55,-1.779,-3.122,btn_D
1780981193.4152792,-0.511,0.09,0.656,36.481,-41.695,69.382,-0.605,-0.312,0.746,-3.214,-16.206,-5.0,-0.216,-0.316,0.934,3.229,6.863,-0.366,-0.214,-0.326,0.979,-0.26,-3.718,-0.794,0.137,-0.36,0.798,-3.763,-8.672,-1.344,btn_D
1780981193.5136707,-0.723,0.073,0.879,5.397,-5.511,0.916,-0.58,-0.306,0.704,-3.618,-0.015,-0.71,-0.22,-0.318,0.947,1.496,-2.58,-1.305,-0.183,-0.329,0.992,1.229,6.725,0.603,0.138,-0.368,0.788,-0.863,-2.412,-0.031,btn_D
1780981193.6168265,-0.651,0.106,0.843,3.366,-3.282,2.046,-0.58,-0.3,0.705,-5.336,1.489,-0.511,-0.228,-0.315,0.941,0.672,-0.962,0.206,-0.186,-0.328,0.994,0.939,7.573,-0.374,0.148,-0.373,0.787,0.275,5.473,0.466,btn_D
1780981193.7307568,-0.628,0.127,0.786,2.099,3.0,-3.275,-0.58,-0.301,0.715,-7.435,0.198,-0.603,-0.229,-0.321,0.949,-0.595,1.542,0.412,-0.189,-0.327,0.989,1.603,7.573,-0.069,0.137,-0.365,0.797,-3.183,2.046,-0.176,btn_D
1780981193.8293054,-0.636,0.104,0.831,4.42,1.664,-11.405,-0.594,-0.302,0.697,-9.71,-0.13,-0.046,-0.246,-0.315,0.938,-2.099,0.672,-0.42,-0.195,-0.335,0.98,0.397,6.802,-0.855,0.149,-0.378,0.796,-3.336,4.679,-0.053,btn_D
1780981193.9258962,0.368,0.031,0.066,-116.137,113.542,-218.878,-0.57,-0.348,0.682,-8.771,55.802,27.611,-0.233,-0.341,0.965,-2.908,11.817,0.87,-0.19,-0.339,0.985,-1.366,24.771,-2.076,0.128,-0.393,0.85,17.718,30.298,3.29,btn_D
1780981194.028826,-0.747,-0.136,0.658,-11.641,-24.969,-5.664,-0.633,-0.302,0.664,-6.565,-4.557,0.29,-0.236,-0.343,0.929,1.153,9.0,2.481,-0.217,-0.335,0.986,6.267,16.664,2.565,0.104,-0.335,0.791,6.504,-1.198,0.809,btn_D
1780981194.1319082,-0.76,-0.142,0.677,-1.565,0.397,-1.031,-0.644,-0.296,0.654,-5.351,0.489,0.565,-0.238,-0.328,0.933,0.466,-1.664,0.053,-0.207,-0.329,0.994,2.191,4.534,0.405,0.107,-0.343,0.801,-3.298,4.893,-0.695,btn_D
1780981194.2458084,-0.745,-0.136,0.682,0.458,0.878,-0.389,-0.664,-0.313,0.641,-6.969,3.435,0.145,-0.239,-0.332,0.941,0.687,0.855,0.26,-0.209,-0.329,0.983,1.969,8.321,-0.206,0.102,-0.345,0.802,-2.183,0.718,0.359,btn_D
1780981196.9142513,-0.748,-0.143,0.68,-1.679,2.053,-1.015,-0.645,-0.296,0.661,-6.427,1.015,-0.26,-0.246,-0.325,0.935,-0.435,-0.664,-0.137,-0.225,-0.326,0.982,1.809,6.55,-0.779,0.108,-0.346,0.801,-1.847,3.344,-0.649,btn_D
1780981197.015663,-0.745,-0.141,0.689,-1.588,-0.13,-1.511,-0.643,-0.293,0.66,-5.901,-0.015,-0.473,-0.242,-0.323,0.946,-0.435,-0.076,0.496,-0.222,-0.322,0.979,1.229,7.595,-0.107,0.116,-0.344,0.8,-0.885,1.298,0.267,btn_D
1780981197.133086,-0.745,-0.142,0.695,-1.504,0.786,-0.473,-0.641,-0.295,0.655,-6.153,0.565,-0.954,-0.248,-0.321,0.946,-0.779,0.046,-0.267,-0.217,-0.326,0.983,1.672,7.084,-0.427,0.115,-0.348,0.815,0.092,2.84,0.031,btn_D
1780981197.2310119,-0.744,-0.146,0.687,-1.321,1.458,-1.153,-0.641,-0.296,0.663,-6.519,0.809,-0.298,-0.247,-0.321,0.935,-0.672,0.145,0.076,-0.214,-0.325,0.983,1.939,6.695,0.092,0.11,-0.347,0.812,-0.374,1.969,-0.031,btn_D
1780981197.3316598,-0.75,-0.14,0.687,-1.206,1.679,-0.664,-0.637,-0.295,0.661,-6.863,0.672,-0.427,-0.246,-0.323,0.944,0.053,0.336,0.405,-0.219,-0.321,0.984,1.542,7.771,0.298,0.112,-0.343,0.809,-0.496,2.015,-0.092,btn_D
1780981197.4277563,-1.439,-0.495,1.665,4.053,-45.878,20.137,-0.762,-0.298,0.627,-14.29,-7.756,-9.763,-0.341,-0.327,0.964,2.366,0.649,-1.756,-0.23,-0.318,0.984,-3.74,-4.031,-3.931,0.095,-0.354,0.806,-20.725,-21.855,-4.58,btn_D
1780981197.5308003,-0.561,0.102,0.679,25.099,-23.321,43.26,-0.606,-0.313,0.692,-3.962,-14.809,-5.374,-0.249,-0.311,0.933,-3.611,-6.466,-2.26,-0.195,-0.324,0.986,2.809,0.122,-1.489,0.158,-0.376,0.793,-2.794,2.382,-1.122,btn_D
1780981197.6342154,-0.544,0.122,0.7,-2.863,-0.13,3.901,-0.573,-0.288,0.705,-6.664,-1.611,0.916,-0.228,-0.32,0.943,-2.092,1.702,0.359,-0.199,-0.342,0.988,3.389,5.237,0.71,0.142,-0.345,0.786,2.565,7.603,0.427,btn_D
1780981197.744637,-0.65,0.13,0.706,-0.908,-2.145,0.42,-0.593,-0.296,0.693,-6.328,0.42,-0.985,-0.235,-0.325,0.939,-1.191,-0.84,0.191,-0.19,-0.322,0.99,1.626,7.305,0.061,0.138,-0.354,0.792,2.0,6.664,0.328,btn_D
1780981197.8398142,-0.67,0.085,0.785,-4.237,5.702,-4.786,-0.604,-0.307,0.708,-7.008,2.641,-0.435,-0.24,-0.319,0.941,-1.176,1.534,-0.015,-0.195,-0.322,0.992,6.267,2.786,-0.84,0.149,-0.354,0.795,0.969,1.489,-0.298,btn_D
1780981197.9494188,-0.641,0.105,0.745,-5.374,2.672,-0.359,-0.597,-0.302,0.685,-6.947,-1.473,-0.183,-0.237,-0.324,0.953,-0.275,-0.076,0.618,-0.191,-0.313,0.996,3.511,5.473,-0.542,0.14,-0.364,0.792,-0.351,-2.076,0.634,btn_D
1780981198.045635,-0.596,0.145,0.643,-22.183,24.45,-10.847,-0.574,-0.286,0.715,-12.29,3.137,5.053,-0.212,-0.316,0.951,-5.115,3.473,0.557,-0.187,-0.309,0.999,2.733,11.405,0.0,0.138,-0.375,0.806,15.382,24.282,2.42,btn_D
1780981198.164455,-1.488,-0.049,0.784,13.183,0.313,10.305,-0.607,-0.287,0.732,-9.565,3.153,-1.847,-0.258,-0.323,0.915,-0.794,-6.809,-5.359,-0.19,-0.332,0.99,2.313,-4.588,-6.389,0.101,-0.351,0.795,-3.901,-24.656,-0.58,btn_D
1780981198.2681756,-0.777,-0.129,0.653,-4.481,-0.893,-5.061,-0.628,-0.298,0.661,-5.13,-0.511,-1.298,-0.237,-0.331,0.941,0.397,-1.779,1.313,-0.198,-0.328,0.988,1.58,9.137,1.374,0.111,-0.359,0.804,0.489,7.527,-0.244,btn_D
1780981198.363679,-0.764,-0.141,0.656,-2.817,1.504,-1.878,-0.637,-0.303,0.659,-7.023,1.473,-1.565,-0.236,-0.341,0.936,-0.344,0.573,0.71,-0.199,-0.327,0.984,1.695,9.282,0.718,0.119,-0.346,0.806,-1.618,6.542,-0.076,btn_D
1780981198.458074,-0.773,-0.147,0.652,-2.55,0.382,-1.176,-0.637,-0.305,0.663,-5.71,-0.26,-0.313,-0.234,-0.335,0.933,0.458,1.427,0.947,-0.201,-0.324,0.995,1.832,7.351,0.389,0.12,-0.347,0.799,0.397,3.443,0.206,btn_D
1780981198.5616565,-0.761,-0.15,0.657,-2.023,1.603,-1.458,-0.639,-0.294,0.66,-7.031,0.504,-1.153,-0.224,-0.337,0.941,-0.573,-1.13,1.015,-0.205,-0.318,0.979,1.885,7.16,0.382,0.11,-0.342,0.798,-0.824,2.855,0.229,btn_D
1780981198.6637666,-0.763,-0.144,0.656,-0.443,0.809,-1.023,-0.633,-0.302,0.664,-7.382,1.221,-1.733,-0.236,-0.335,0.928,-1.992,-1.145,-0.153,-0.203,-0.321,0.993,0.809,6.481,-0.748,0.108,-0.354,0.804,-1.786,0.412,0.191,btn_D
1780981198.766839,-0.764,-0.143,0.661,-1.557,2.061,-0.634,-0.637,-0.305,0.664,-6.45,0.573,-0.664,-0.24,-0.336,0.931,-0.473,0.076,0.366,-0.199,-0.32,0.988,1.214,6.58,-0.893,0.107,-0.344,0.797,-2.924,0.832,0.031,btn_D
1780981198.8792703,-0.77,-0.147,0.66,-0.893,1.718,-0.832,-0.64,-0.301,0.659,-5.855,0.763,0.351,-0.244,-0.332,0.937,0.046,-0.206,0.748,-0.205,-0.321,0.99,1.634,7.053,-0.282,0.121,-0.345,0.804,-0.511,2.427,-0.214,btn_D
1780981201.651059,-0.767,-0.143,0.659,-1.206,1.0,-0.672,-0.636,-0.299,0.665,-6.481,0.916,-0.435,-0.242,-0.336,0.934,-0.557,-0.977,0.191,-0.207,-0.323,0.99,1.618,7.061,-0.351,0.108,-0.348,0.807,1.008,3.405,0.206,btn_D
1780981201.765653,-0.77,-0.144,0.663,-1.229,1.412,-1.031,-0.636,-0.298,0.663,-6.252,0.473,-0.481,-0.252,-0.332,0.933,-0.145,0.641,0.366,-0.207,-0.321,0.983,2.0,7.198,-0.374,0.113,-0.353,0.808,-0.099,3.076,-0.107,btn_D
1780981201.8644047,-0.769,-0.152,0.659,-1.191,0.87,-0.45,-0.639,-0.301,0.66,-6.092,0.351,-0.725,-0.247,-0.333,0.934,-0.542,0.489,0.145,-0.214,-0.322,0.986,1.939,7.282,-0.947,0.108,-0.348,0.805,-0.321,2.45,0.031,btn_D
1780981201.9699142,-0.764,-0.147,0.659,0.733,1.13,-0.443,-0.639,-0.298,0.659,-6.061,0.397,-0.519,-0.242,-0.339,0.945,-0.069,-0.832,0.038,-0.208,-0.324,0.991,1.771,6.481,-0.733,0.115,-0.358,0.805,-0.153,2.374,-0.237,btn_D
1780981202.0631626,-0.765,-0.145,0.665,-2.344,1.672,-1.336,-0.641,-0.299,0.66,-6.183,0.519,-0.603,-0.251,-0.341,0.935,-0.656,0.008,0.237,-0.207,-0.325,0.989,1.748,7.115,-0.206,0.114,-0.351,0.799,0.16,3.931,-0.13,btn_D
1780981202.1663682,-0.802,-0.138,0.659,-1.145,4.443,0.374,-0.646,-0.29,0.67,-6.702,0.16,0.481,-0.247,-0.334,0.93,0.092,1.374,0.748,-0.202,-0.32,0.985,2.275,8.611,-0.405,0.109,-0.349,0.803,1.214,1.405,0.947,btn_D
1780981202.2693043,-0.63,0.059,0.35,129.527,-69.122,102.275,-0.67,-0.295,0.651,2.458,-57.672,-18.374,-0.236,-0.309,0.922,-2.511,-20.015,-7.282,-0.18,-0.315,1.017,-0.374,-19.076,-4.542,0.162,-0.401,0.814,-26.038,-3.489,-4.321,btn_D
1780981202.372166,-0.63,0.136,0.735,19.344,-18.962,25.176,-0.573,-0.291,0.677,-4.435,-7.634,-2.267,-0.22,-0.329,0.943,0.061,-2.656,-0.458,-0.158,-0.321,1.014,4.824,3.519,0.977,0.154,-0.388,0.795,-2.702,4.115,-0.908,btn_D
1780981202.4747994,-0.602,0.155,0.745,-0.977,-0.672,-1.122,-0.592,-0.311,0.716,-5.542,1.855,-0.26,-0.233,-0.335,0.95,-1.115,3.405,0.237,-0.178,-0.323,0.997,1.511,6.519,-0.122,0.134,-0.38,0.784,-1.542,1.176,-0.969,btn_D
1780981202.5811126,-0.626,0.115,0.821,-3.527,5.229,-2.824,-0.601,-0.315,0.712,-7.656,-0.16,-0.267,-0.244,-0.333,0.943,0.137,0.916,0.038,-0.183,-0.314,0.996,0.885,5.176,-0.802,0.134,-0.379,0.784,-2.878,1.008,-0.511,btn_D
1780981202.6821249,-0.642,0.151,0.792,1.588,1.802,-2.061,-0.602,-0.315,0.713,-6.107,-0.947,-0.13,-0.23,-0.334,0.951,1.786,0.901,0.908,-0.173,-0.318,0.998,2.382,8.115,0.069,0.146,-0.389,0.799,-0.351,0.611,0.405,btn_D
1780981202.7942648,-0.613,0.152,0.783,-0.779,0.641,-0.504,-0.583,-0.308,0.702,-6.427,1.244,0.16,-0.24,-0.333,0.933,0.634,0.023,0.42,-0.176,-0.323,0.991,1.84,7.618,0.244,0.148,-0.389,0.795,0.107,9.053,-0.901,btn_D
1780981202.8994315,0.025,0.015,0.186,-165.099,150.382,-170.809,-0.916,-0.442,0.863,-7.534,41.458,32.824,-0.259,-0.353,0.907,-1.45,7.985,2.45,-0.209,-0.338,0.961,4.038,21.519,-0.046,0.113,-0.37,0.821,16.985,16.733,3.092,btn_D
1780981202.9952004,-0.736,-0.146,0.678,-9.802,-15.756,-5.214,-0.618,-0.3,0.69,-6.282,-7.344,-0.13,-0.235,-0.345,0.94,-1.183,5.603,1.634,-0.212,-0.32,0.981,3.328,12.985,1.397,0.103,-0.361,0.798,3.198,-1.168,-0.328,btn_D
1780981203.0940022,-0.759,-0.146,0.663,-0.817,2.069,-0.275,-0.639,-0.298,0.673,-6.061,1.008,0.115,-0.245,-0.331,0.931,0.252,-0.305,0.45,-0.205,-0.318,0.99,1.802,6.504,-0.435,0.118,-0.347,0.792,-5.656,6.305,0.069,btn_D
1780981203.1966157,-0.773,-0.145,0.658,-0.977,0.565,-0.031,-0.626,-0.293,0.661,-6.168,0.687,-0.618,-0.241,-0.331,0.932,0.26,1.504,0.534,-0.208,-0.32,0.987,2.015,8.626,0.023,0.105,-0.342,0.797,-0.634,4.069,0.183,btn_D
1780981203.2990005,-0.772,-0.147,0.657,-1.847,1.527,-1.435,-0.633,-0.294,0.665,-6.176,1.053,-0.321,-0.248,-0.336,0.929,0.71,1.458,0.664,-0.21,-0.319,0.994,2.137,8.031,0.0,0.105,-0.349,0.796,0.695,3.038,0.206,btn_D
1780981203.4119027,-0.774,-0.146,0.665,-0.748,1.588,0.076,-0.63,-0.297,0.668,-5.496,0.84,0.344,-0.249,-0.335,0.936,0.58,1.656,0.534,-0.208,-0.322,0.99,2.42,7.962,0.695,0.103,-0.354,0.809,0.954,4.16,0.29,btn_D
1780981203.5163393,-0.769,-0.145,0.655,-2.0,2.168,-0.458,-0.633,-0.302,0.665,-5.641,0.565,0.969,-0.255,-0.332,0.937,0.611,2.58,1.214,-0.212,-0.315,0.997,2.366,9.0,0.26,0.106,-0.351,0.806,0.878,3.573,0.382,btn_D
1780981206.1947432,-0.767,-0.143,0.659,-1.092,-0.221,-1.611,-0.637,-0.287,0.67,-5.969,-0.252,-0.664,-0.249,-0.328,0.935,-1.397,-0.756,-0.183,-0.205,-0.313,0.991,0.618,7.847,-0.725,0.104,-0.348,0.814,-2.0,1.519,0.817,btn_D
1780981206.286506,-0.763,-0.147,0.665,-0.122,2.107,0.282,-0.628,-0.286,0.654,-6.794,0.672,-0.153,-0.267,-0.328,0.929,1.359,2.534,1.13,-0.221,-0.32,0.984,0.069,8.733,-0.618,0.096,-0.345,0.811,-0.405,2.252,-0.397,btn_D
1780981206.3895142,-0.765,-0.143,0.662,-1.595,-0.565,-2.061,-0.631,-0.29,0.67,-5.733,0.687,-0.824,-0.261,-0.331,0.937,0.718,0.092,0.603,-0.217,-0.321,0.988,2.046,7.695,-0.076,0.111,-0.341,0.812,1.29,4.13,-0.351,btn_D
1780981206.4924183,-0.764,-0.145,0.669,-1.328,1.374,-0.511,-0.634,-0.29,0.663,-6.893,0.939,-0.191,-0.257,-0.325,0.931,-0.344,0.679,0.588,-0.224,-0.319,0.993,2.008,7.183,-0.382,0.099,-0.336,0.812,-0.504,1.527,0.527,btn_D
1780981206.603661,-0.769,-0.142,0.659,-0.664,0.718,-1.267,-0.638,-0.289,0.672,-6.58,0.046,-0.481,-0.261,-0.323,0.937,-0.13,-0.443,0.115,-0.219,-0.314,0.984,1.176,6.611,-0.939,0.102,-0.338,0.812,-1.763,1.053,0.542,btn_D
1780981206.6983202,-0.771,-0.157,0.663,-2.954,3.366,-1.26,-0.643,-0.29,0.657,-6.489,1.466,-0.718,-0.272,-0.327,0.941,0.344,-0.649,-0.229,-0.236,-0.324,0.969,1.435,4.893,-1.595,0.104,-0.341,0.813,0.473,2.206,-1.115,btn_D
1780981206.8014112,-0.777,-0.155,0.66,0.42,0.328,-0.008,-0.635,-0.291,0.673,-6.092,0.153,-0.382,-0.26,-0.326,0.936,-0.122,0.038,-0.252,-0.225,-0.323,0.986,2.55,5.573,-0.977,0.104,-0.34,0.808,0.015,1.496,0.244,btn_D
1780981206.904407,-0.774,-0.145,0.68,-1.969,4.351,0.023,-0.638,-0.287,0.671,-7.206,0.863,-0.527,-0.261,-0.323,0.939,-0.519,-0.557,0.115,-0.223,-0.326,0.982,3.29,4.702,-0.794,0.094,-0.333,0.798,-3.87,1.802,-0.893,btn_D
1780981207.0073571,-0.278,0.156,0.439,66.611,-83.824,52.206,-0.479,-0.33,0.782,-5.603,-18.748,-17.649,-0.18,-0.346,0.94,-6.244,7.412,-3.542,-0.164,-0.306,0.974,5.275,1.924,-0.214,0.129,-0.374,0.804,0.282,12.634,-1.412,btn_D
1780981207.1105561,-0.64,0.102,0.802,-4.573,4.542,-6.611,-0.62,-0.34,0.753,-7.939,-1.779,2.206,-0.244,-0.34,0.942,0.863,4.168,2.237,-0.175,-0.325,1.0,3.71,9.107,1.183,0.14,-0.371,0.794,-10.595,8.855,-0.458,btn_D
1780981207.2130678,-0.654,0.113,0.795,-4.939,4.656,1.374,-0.59,-0.304,0.698,-6.26,0.855,0.458,-0.226,-0.327,0.948,-0.863,1.275,0.893,-0.156,-0.321,1.008,2.267,9.832,0.489,0.14,-0.361,0.794,-2.725,3.0,0.298,btn_D
1780981207.3163023,-0.709,0.118,0.769,2.718,0.366,7.824,-0.617,-0.314,0.693,-5.87,-2.718,-1.267,-0.229,-0.331,0.943,0.275,-0.924,0.969,-0.177,-0.324,0.996,1.519,8.13,0.374,0.136,-0.364,0.793,-0.649,2.58,0.588,btn_D
1780981207.4324038,-0.692,0.13,0.733,-5.275,6.794,-1.092,-0.575,-0.326,0.73,-8.137,2.282,0.366,-0.235,-0.332,0.934,0.305,-0.595,1.397,-0.177,-0.322,0.998,1.916,8.099,0.0,0.137,-0.373,0.807,-1.061,7.137,-0.809,btn_D
1780981207.530389,-0.634,0.027,0.657,-94.176,97.176,-75.069,-0.558,-0.296,0.687,-10.969,39.595,10.885,-0.226,-0.341,0.929,-5.748,5.718,1.336,-0.194,-0.321,0.993,-2.672,22.595,-0.397,0.115,-0.336,0.796,8.87,9.137,2.71,btn_D
1780981207.6298833,-0.958,0.035,0.408,15.481,39.435,-42.58,-0.644,-0.315,0.658,-8.313,13.947,3.008,-0.24,-0.343,0.938,-0.924,0.557,0.366,-0.211,-0.318,0.992,1.748,7.565,-0.931,0.105,-0.341,0.809,2.756,2.573,0.489,btn_D
1780981207.7289016,-0.768,-0.136,0.675,-1.885,-1.107,-3.267,-0.639,-0.312,0.664,-5.702,0.824,-0.183,-0.235,-0.333,0.938,1.542,0.252,1.046,-0.195,-0.322,0.996,3.382,9.344,-0.015,0.113,-0.339,0.804,3.634,0.435,0.557,btn_D
1780981207.831421,-0.763,-0.126,0.66,-1.771,-0.534,-1.153,-0.637,-0.307,0.666,-5.42,-0.313,-0.947,-0.239,-0.338,0.942,-0.733,-0.42,0.84,-0.19,-0.318,0.98,0.939,7.557,-0.878,0.12,-0.336,0.813,-0.298,1.603,1.137,btn_D
1780981207.9451954,-0.761,-0.128,0.66,1.397,1.985,0.26,-0.645,-0.303,0.67,-4.634,-0.855,-0.076,-0.268,-0.321,0.932,0.076,-1.817,-1.588,-0.213,-0.302,0.973,1.038,1.344,-6.656,0.1,-0.331,0.807,-19.412,-9.672,-2.855,btn_D
1780981208.0372977,-0.823,-0.146,0.634,-5.229,11.084,1.443,-0.68,-0.304,0.646,-4.015,3.802,-2.084,-0.263,-0.331,0.927,-5.115,-13.168,-4.847,-0.216,-0.321,1.005,-4.626,-12.649,-9.336,0.107,-0.384,0.823,-44.893,-18.649,-0.328,btn_D
1780981208.1492097,-0.772,-0.131,0.681,-0.687,6.023,1.733,-0.641,-0.283,0.66,-6.511,5.824,3.046,-0.256,-0.316,0.935,3.588,2.573,3.916,-0.216,-0.301,0.994,4.466,12.504,1.87,0.105,-0.312,0.789,2.618,7.511,0.519,btn_D
1780981210.8310492,-0.77,-0.134,0.659,-1.87,0.863,-1.473,-0.638,-0.29,0.66,-6.366,0.221,-0.58,-0.257,-0.337,0.932,-0.366,-0.275,-0.16,-0.216,-0.321,0.981,1.634,6.832,-0.588,0.098,-0.343,0.81,0.885,2.664,-0.145,btn_D
1780981210.9318595,-0.762,-0.133,0.664,-2.992,1.695,-1.863,-0.637,-0.292,0.662,-7.115,-0.229,-1.473,-0.264,-0.334,0.933,-1.435,0.718,-0.282,-0.223,-0.325,0.981,1.641,7.496,-0.015,0.095,-0.342,0.806,-2.313,1.634,-0.504,btn_D
1780981211.0245564,-0.764,-0.133,0.666,-1.641,2.954,0.076,-0.65,-0.29,0.663,-6.718,0.481,-0.901,-0.267,-0.328,0.934,-1.244,-2.092,-0.885,-0.22,-0.315,0.986,0.397,4.687,-1.183,0.096,-0.347,0.82,-3.031,2.382,-0.626,btn_D
1780981211.1275706,-0.769,-0.135,0.665,-0.611,1.565,-0.74,-0.636,-0.293,0.662,-6.214,0.137,-1.153,-0.254,-0.333,0.929,-1.168,-1.061,-0.565,-0.222,-0.32,1.0,-0.008,6.427,-1.206,0.089,-0.34,0.804,-4.87,1.992,0.176,btn_D
1780981211.230669,-0.771,-0.14,0.658,0.038,2.496,-0.802,-0.636,-0.302,0.665,-6.42,0.931,-0.359,-0.256,-0.333,0.929,0.229,0.916,-0.183,-0.222,-0.321,0.995,1.809,7.618,0.168,0.096,-0.343,0.82,0.191,1.855,0.366,btn_D
1780981211.34176,-0.765,-0.136,0.66,-0.71,3.237,0.198,-0.639,-0.295,0.668,-6.427,1.137,0.443,-0.262,-0.335,0.928,0.282,1.366,0.473,-0.216,-0.32,0.982,2.863,7.847,-0.298,0.102,-0.334,0.806,-1.328,2.168,-0.42,btn_D
1780981211.4461458,-0.77,-0.13,0.67,-0.878,0.664,-1.336,-0.636,-0.295,0.662,-6.573,0.382,-1.046,-0.257,-0.333,0.933,-0.099,-1.901,-0.687,-0.206,-0.321,0.986,2.115,5.939,-0.443,0.104,-0.347,0.81,0.237,1.748,-0.137,btn_D
1780981211.5439143,-0.979,-0.075,0.204,150.809,-104.015,163.198,-0.652,-0.362,0.73,6.313,-37.756,-25.244,-0.357,-0.32,0.919,5.672,-46.573,-14.679,-0.272,-0.326,0.927,6.328,-48.527,-4.031,0.185,-0.389,0.811,-4.817,-27.489,-3.015,btn_D
1780981211.6426973,-0.681,0.113,0.708,14.489,-16.969,16.992,-0.596,-0.313,0.675,-3.573,-6.344,-1.985,-0.234,-0.338,0.947,2.0,1.008,1.221,-0.16,-0.322,1.003,1.168,9.763,0.076,0.124,-0.369,0.797,3.336,-2.557,0.748,btn_D
1780981211.7459204,-0.635,0.101,0.763,1.359,1.038,0.321,-0.607,-0.31,0.695,-6.321,2.176,-0.42,-0.229,-0.339,0.95,1.298,0.031,1.588,-0.184,-0.318,0.994,1.679,8.145,-0.031,0.141,-0.361,0.805,-4.618,1.534,-0.611,btn_D
1780981211.8615327,-0.716,0.022,0.951,5.481,-7.55,8.649,-0.585,-0.305,0.7,-4.183,2.366,0.893,-0.243,-0.333,0.934,0.206,-1.71,0.863,-0.198,-0.304,0.994,0.344,7.901,-1.076,0.128,-0.375,0.794,-3.176,-1.229,-0.557,btn_D
1780981211.952386,-0.601,0.121,0.732,-8.985,3.511,-2.496,-0.587,-0.302,0.699,-8.824,3.168,0.641,-0.248,-0.329,0.941,-0.733,-0.267,0.412,-0.181,-0.32,0.995,1.397,10.779,0.076,0.129,-0.377,0.795,5.305,11.718,0.756,btn_D
1780981212.0546424,-1.263,-0.289,1.157,-226.87,111.679,-196.664,-1.025,-0.185,0.541,-17.664,9.916,-22.702,-0.252,-0.337,0.916,-10.87,-4.206,-1.29,-0.227,-0.303,1.006,-7.977,8.809,-6.137,0.108,-0.367,0.86,-32.985,-7.878,-5.412,btn_D
1780981212.1605647,-0.8,-0.145,0.633,2.565,10.008,1.305,-0.643,-0.302,0.661,-6.107,1.748,0.908,-0.265,-0.341,0.93,2.076,2.847,1.847,-0.206,-0.322,0.984,2.099,6.168,1.237,0.114,-0.347,0.809,-3.763,4.328,-0.168,btn_D
1780981212.2608397,-0.764,-0.137,0.648,-1.275,-1.122,-1.481,-0.637,-0.291,0.661,-6.908,1.863,-0.611,-0.243,-0.336,0.927,-0.336,0.275,0.489,-0.205,-0.323,0.993,1.87,10.206,0.611,0.094,-0.344,0.816,4.496,1.71,0.901,btn_D
1780981212.3638794,-0.772,-0.142,0.645,-1.55,4.282,-0.374,-0.638,-0.299,0.663,-7.382,1.382,-0.527,-0.254,-0.339,0.926,-0.542,0.771,0.435,-0.208,-0.322,0.983,1.008,7.038,-0.435,0.108,-0.353,0.813,-0.901,0.427,0.221,btn_D
1780981212.4792092,-0.764,-0.135,0.65,-1.573,1.076,-1.084,-0.646,-0.297,0.66,-6.382,1.176,-0.389,-0.263,-0.335,0.922,-0.382,2.267,0.84,-0.219,-0.322,0.985,1.359,8.16,-0.023,0.099,-0.346,0.811,-1.878,3.191,-0.084,btn_D
1780981212.5804496,-0.774,-0.135,0.649,-1.45,2.137,-0.489,-0.64,-0.297,0.65,-6.435,0.359,-0.038,-0.253,-0.337,0.93,-0.26,0.695,0.397,-0.212,-0.319,0.991,1.817,7.557,0.519,0.095,-0.337,0.809,0.382,2.893,0.168,btn_D
1780981212.672846,-0.778,-0.137,0.642,-1.595,-1.489,-1.885,-0.636,-0.298,0.665,-5.489,-0.672,-1.137,-0.249,-0.345,0.933,0.595,-1.527,0.099,-0.201,-0.332,0.984,2.87,6.947,0.298,0.099,-0.357,0.812,2.221,4.183,-0.771,btn_D
1780981212.7759228,-0.776,-0.146,0.649,-3.656,0.71,-2.29,-0.64,-0.301,0.658,-6.855,0.779,-0.237,-0.262,-0.337,0.932,-1.252,1.504,0.618,-0.213,-0.318,0.984,1.115,8.206,0.565,0.094,-0.337,0.807,0.901,2.198,0.779,btn_D
1780981215.4635236,-0.78,-0.138,0.644,-0.901,2.053,-0.809,-0.637,-0.297,0.662,-6.45,0.985,-0.542,-0.267,-0.336,0.927,-0.122,-0.252,0.443,-0.226,-0.324,0.985,1.458,7.771,-0.008,0.095,-0.343,0.809,-0.779,1.817,0.008,btn_D
1780981215.5567534,-0.774,-0.141,0.652,-1.336,1.733,-0.87,-0.639,-0.299,0.663,-6.565,1.107,-0.573,-0.272,-0.333,0.929,-0.313,1.084,0.511,-0.224,-0.318,0.985,1.275,7.084,-0.282,0.094,-0.352,0.802,-0.634,1.786,0.42,btn_D
1780981215.6597824,-0.781,-0.144,0.647,-1.031,1.786,-0.794,-0.644,-0.297,0.656,-6.374,0.038,-1.29,-0.271,-0.337,0.923,-1.153,0.672,0.489,-0.225,-0.325,0.988,0.779,6.908,-0.481,0.093,-0.346,0.801,-2.374,1.519,0.183,btn_D
1780981215.7629094,-0.782,-0.137,0.647,-2.198,1.649,-1.664,-0.644,-0.295,0.656,-6.206,0.038,-0.863,-0.269,-0.341,0.929,-0.855,-0.786,0.061,-0.226,-0.327,0.979,1.298,6.252,-0.45,0.094,-0.352,0.804,-1.183,1.618,-0.015,btn_D
1780981215.8661098,-0.782,-0.139,0.646,-1.046,2.023,-0.298,-0.64,-0.297,0.658,-6.519,1.008,-0.733,-0.268,-0.34,0.922,-0.489,0.664,0.542,-0.223,-0.327,0.986,1.58,7.45,-0.565,0.096,-0.347,0.81,-0.557,1.71,0.382,btn_D
1780981215.981073,-0.78,-0.14,0.643,0.023,2.137,-0.16,-0.643,-0.296,0.655,-6.336,0.817,-0.176,-0.273,-0.339,0.922,-0.282,1.55,0.687,-0.227,-0.322,0.982,1.893,7.832,-0.221,0.095,-0.344,0.807,-1.611,1.962,0.794,btn_D
1780981216.0769813,-0.776,-0.142,0.651,-2.0,1.061,-1.481,-0.636,-0.299,0.661,-6.969,0.863,-0.489,-0.272,-0.339,0.927,-0.756,0.168,0.351,-0.214,-0.32,0.989,1.153,8.824,0.336,0.08,-0.344,0.806,-3.504,6.267,-0.611,btn_D
1780981216.174853,-0.459,0.185,0.288,59.992,-82.893,59.046,-0.557,-0.309,0.705,0.71,-38.298,-11.504,-0.232,-0.339,0.947,-1.794,-0.809,-3.374,-0.183,-0.338,0.978,-2.099,4.58,-2.313,0.125,-0.403,0.812,-8.282,12.221,-1.527,btn_D
1780981216.2778723,-0.579,0.115,0.686,7.565,-8.305,13.779,-0.576,-0.294,0.691,-3.573,-0.725,-0.55,-0.234,-0.339,0.95,-1.084,4.359,1.069,-0.188,-0.329,0.985,2.183,9.908,0.878,0.134,-0.365,0.79,-0.412,7.137,0.023,btn_D
1780981216.38089,-0.739,0.049,0.827,0.122,3.718,3.855,-0.615,-0.302,0.677,-4.42,2.053,-0.489,-0.246,-0.33,0.937,-0.061,-2.885,-0.588,-0.179,-0.323,0.993,1.382,4.649,-0.618,0.142,-0.363,0.792,-0.153,2.924,0.298,btn_D
1780981216.4943485,-0.657,0.098,0.753,-9.168,7.802,1.298,-0.592,-0.299,0.709,-7.779,1.641,-0.16,-0.249,-0.328,0.939,-1.748,1.679,0.672,-0.186,-0.32,0.997,0.618,9.74,-0.145,0.123,-0.365,0.786,-0.29,2.053,0.824,btn_D
1780981216.5943568,-0.69,0.091,0.756,-8.466,8.542,-3.176,-0.608,-0.303,0.707,-7.443,0.939,-0.076,-0.246,-0.334,0.931,-1.015,0.924,0.611,-0.196,-0.326,0.99,1.061,8.672,-0.542,0.132,-0.372,0.79,-3.015,-2.031,0.55,btn_D
1780981216.6899443,-0.667,0.06,0.825,-1.214,0.817,1.382,-0.616,-0.311,0.7,-6.939,1.244,1.084,-0.25,-0.333,0.937,0.389,0.802,0.74,-0.189,-0.328,0.989,1.878,7.664,-1.008,0.126,-0.369,0.795,-3.076,-0.908,0.351,btn_D
1780981216.793199,-0.725,0.076,0.782,-0.389,2.366,-3.443,-0.602,-0.311,0.7,-6.29,0.573,-0.076,-0.25,-0.331,0.932,0.534,-1.458,0.298,-0.188,-0.321,0.989,2.092,7.206,-0.511,0.132,-0.373,0.793,-1.412,4.168,-0.206,btn_D
1780981216.896406,-0.614,0.103,0.707,-12.481,13.55,-15.595,-0.577,-0.304,0.695,-10.802,3.931,1.115,-0.246,-0.335,0.933,-2.565,2.519,0.42,-0.187,-0.322,0.992,2.74,13.137,-0.191,0.124,-0.385,0.804,17.076,14.863,2.183,btn_D
1780981217.0122004,-1.081,0.125,0.254,53.954,-121.412,-26.809,-0.619,-0.296,0.641,-1.969,-3.656,-6.344,-0.257,-0.335,0.969,10.695,-11.901,-0.481,-0.196,-0.331,1.006,1.916,-4.725,-1.901,0.115,-0.344,0.79,1.977,-12.069,0.595,btn_D
1780981217.1146653,-0.75,-0.137,0.679,-7.015,-4.847,-2.725,-0.638,-0.28,0.661,-6.069,-0.466,-1.649,-0.239,-0.337,0.936,-0.275,2.634,1.771,-0.22,-0.318,0.994,2.634,11.405,1.389,0.096,-0.334,0.803,-3.183,9.458,0.496,btn_D
1780981217.2117386,-0.761,-0.146,0.667,-0.893,2.824,0.466,-0.643,-0.298,0.658,-6.42,0.328,-0.534,-0.254,-0.335,0.924,-0.366,1.962,0.244,-0.218,-0.323,0.985,1.817,6.565,-0.221,0.1,-0.35,0.806,-3.046,2.779,-0.344,btn_D
1780981217.3080752,-0.756,-0.137,0.677,-0.313,-0.504,-1.153,-0.639,-0.294,0.664,-5.656,0.779,0.458,-0.258,-0.333,0.929,0.885,0.481,-0.023,-0.217,-0.324,0.985,2.145,7.466,-0.084,0.099,-0.345,0.807,0.229,2.947,0.206,btn_D
1780981217.4114232,-0.76,-0.139,0.668,-0.969,2.053,-0.137,-0.644,-0.295,0.661,-6.351,1.099,0.16,-0.261,-0.333,0.928,-0.015,0.885,0.244,-0.217,-0.319,0.989,1.595,7.244,-0.099,0.102,-0.345,0.812,0.0,1.511,0.534,btn_D
1780981220.089187,-0.766,-0.14,0.659,-0.573,1.611,-0.366,-0.644,-0.297,0.665,-6.344,0.824,-0.092,-0.273,-0.329,0.936,-0.237,-0.458,0.466,-0.222,-0.316,0.981,2.076,7.214,-0.802,0.097,-0.345,0.803,0.076,3.42,0.084,btn_D
1780981220.195846,-0.761,-0.142,0.66,-0.885,1.824,-0.855,-0.647,-0.296,0.662,-6.481,1.008,-0.534,-0.273,-0.337,0.937,-0.542,0.504,0.718,-0.219,-0.323,0.984,1.443,7.267,-0.008,0.101,-0.338,0.802,-0.275,2.672,-0.084,btn_D
1780981220.2949822,-0.77,-0.142,0.658,-1.038,1.863,-0.771,-0.642,-0.298,0.665,-6.634,0.55,-0.527,-0.265,-0.335,0.937,-0.656,0.137,0.496,-0.224,-0.321,0.981,1.702,7.206,-0.275,0.094,-0.346,0.804,-0.634,1.351,0.038,btn_D
1780981220.3980603,-0.766,-0.143,0.663,-0.71,0.992,0.176,-0.647,-0.295,0.666,-6.55,0.305,-0.565,-0.269,-0.337,0.929,-0.344,-0.092,0.26,-0.218,-0.326,0.985,1.519,6.756,-0.748,0.097,-0.347,0.804,-0.519,2.588,0.153,btn_D
1780981220.5109208,-0.769,-0.141,0.661,-1.275,1.458,-1.321,-0.641,-0.292,0.657,-6.26,0.58,-0.504,-0.269,-0.339,0.93,-0.466,-0.244,0.603,-0.221,-0.322,0.981,1.641,7.0,-0.634,0.1,-0.341,0.807,-0.947,1.931,-0.092,btn_D
1780981220.607557,-0.771,-0.14,0.669,-3.084,4.771,0.206,-0.642,-0.293,0.656,-7.511,1.626,-0.702,-0.266,-0.337,0.926,-0.321,1.061,0.634,-0.227,-0.331,0.992,2.565,9.733,-0.389,0.09,-0.347,0.806,-3.305,0.649,-0.885,btn_D
1780981220.7110355,-0.725,-0.089,0.782,74.794,-48.405,70.0,-0.522,-0.308,0.747,0.954,-20.496,-9.282,-0.262,-0.328,0.937,3.985,-15.443,-4.443,-0.201,-0.326,0.984,6.176,-13.466,-3.916,0.128,-0.371,0.8,-5.221,-21.748,-4.641,btn_D
1780981220.810865,-0.661,0.078,0.794,18.427,-18.374,30.855,-0.57,-0.315,0.698,-0.725,1.0,-1.305,-0.246,-0.327,0.946,0.115,-5.145,-0.344,-0.176,-0.324,1.0,1.244,4.725,-0.237,0.134,-0.373,0.795,-4.557,2.985,-0.328,btn_D
1780981220.91316,-0.655,0.073,0.852,-3.26,3.58,2.824,-0.605,-0.312,0.708,-6.695,0.458,-0.916,-0.259,-0.337,0.937,-1.267,1.878,0.053,-0.184,-0.327,0.996,1.595,8.557,0.519,0.129,-0.381,0.8,-0.336,3.221,0.008,btn_D
1780981221.0281656,-0.631,0.118,0.752,-7.71,6.412,-4.626,-0.591,-0.31,0.704,-8.076,2.931,0.069,-0.244,-0.337,0.939,-0.817,2.679,1.198,-0.193,-0.319,0.988,1.954,7.29,-0.168,0.13,-0.368,0.791,-0.473,0.534,-0.267,btn_D
1780981221.1313267,-0.64,0.122,0.738,-14.901,10.603,-6.244,-0.607,-0.316,0.715,-9.046,2.489,0.397,-0.251,-0.332,0.938,-0.565,0.664,0.855,-0.181,-0.321,1.005,1.015,8.58,0.214,0.116,-0.379,0.784,-1.389,1.443,0.527,btn_D
1780981221.2279634,-0.702,0.064,0.832,-2.733,3.725,-1.313,-0.596,-0.315,0.701,-6.489,0.466,0.122,-0.248,-0.332,0.93,-0.29,-0.427,0.664,-0.194,-0.321,0.987,1.557,6.985,0.0,0.134,-0.376,0.798,-2.214,1.229,0.198,btn_D
1780981221.3255844,-0.702,0.054,0.856,-3.878,4.878,-4.893,-0.594,-0.317,0.704,-7.229,2.244,0.321,-0.251,-0.332,0.94,-0.374,0.389,0.29,-0.186,-0.324,0.994,1.55,7.008,-0.382,0.136,-0.372,0.8,1.901,1.55,0.817,btn_D
1780981221.4283414,-0.653,0.112,0.732,-7.023,8.557,-1.397,-0.594,-0.314,0.694,-6.977,1.802,-0.542,-0.251,-0.337,0.939,-0.71,3.145,0.74,-0.193,-0.318,0.993,1.664,7.282,-0.031,0.138,-0.371,0.793,4.069,2.893,0.542,btn_D
1780981221.5315113,-0.663,0.108,0.74,-5.359,5.336,-2.321,-0.595,-0.313,0.698,-6.092,0.84,-1.626,-0.245,-0.337,0.939,-0.55,3.443,0.55,-0.195,-0.326,0.994,2.069,6.939,0.252,0.126,-0.356,0.785,0.221,1.084,-0.229,btn_D
1780981221.6438906,-0.629,0.155,0.675,-13.489,10.42,-4.931,-0.598,-0.306,0.689,-7.618,1.153,-1.954,-0.241,-0.333,0.938,-2.282,2.336,-0.527,-0.186,-0.326,0.997,1.534,8.641,-0.885,0.132,-0.382,0.806,9.427,9.122,0.901,btn_D
1780981221.7432005,-1.892,0.041,1.161,-208.603,136.42,-152.908,-0.786,-0.383,0.495,-18.786,13.55,-18.458,-0.266,-0.338,0.898,-6.718,-3.13,-2.466,-0.168,-0.331,0.954,-7.053,-11.534,-4.389,0.148,-0.421,0.903,-27.931,-10.443,-4.389,btn_D
1780981221.8404038,-0.795,-0.131,0.661,1.45,6.031,0.282,-0.595,-0.303,0.709,-8.0,5.244,-0.565,-0.229,-0.341,0.931,1.244,0.779,0.924,-0.202,-0.324,0.991,1.542,7.0,0.824,0.119,-0.349,0.806,-3.725,6.885,0.511,btn_D
1780981221.9432602,-0.751,-0.151,0.678,-4.305,0.603,0.832,-0.643,-0.298,0.661,-5.87,1.153,1.015,-0.264,-0.342,0.932,-0.481,3.687,1.168,-0.221,-0.326,0.987,2.053,9.443,0.573,0.11,-0.345,0.802,1.473,0.405,0.893,btn_D
1780981222.0569744,-0.757,-0.149,0.676,-5.626,1.053,2.504,-0.636,-0.3,0.662,-6.176,1.084,0.458,-0.258,-0.339,0.929,-0.198,0.74,1.038,-0.215,-0.321,0.992,1.252,7.771,-0.305,0.101,-0.348,0.805,0.366,1.695,0.557,btn_D
1780981224.7303748,-0.773,-0.136,0.659,-0.84,1.244,-0.443,-0.647,-0.3,0.656,-6.687,0.695,-0.466,-0.272,-0.334,0.93,-1.038,0.557,-0.069,-0.222,-0.323,0.985,1.74,7.687,-0.374,0.096,-0.349,0.805,-0.779,1.511,0.122,btn_D
1780981224.8271756,-0.767,-0.145,0.656,-0.832,1.786,-0.305,-0.643,-0.299,0.659,-6.55,0.267,-0.168,-0.267,-0.337,0.92,-0.168,0.679,0.252,-0.219,-0.33,0.98,1.58,7.099,-0.313,0.097,-0.354,0.807,-0.29,2.198,-0.008,btn_D
1780981224.930647,-0.773,-0.146,0.656,-0.672,1.908,-0.687,-0.643,-0.296,0.655,-6.305,0.389,-0.718,-0.27,-0.335,0.929,0.153,0.015,0.55,-0.218,-0.326,0.985,2.275,6.916,-0.069,0.103,-0.351,0.805,-0.534,2.412,0.038,btn_D
1780981225.033214,-0.773,-0.141,0.657,-1.42,1.267,-1.023,-0.646,-0.302,0.657,-6.198,0.557,-0.672,-0.269,-0.34,0.933,-0.786,0.237,0.45,-0.217,-0.325,0.983,1.519,7.496,0.16,0.101,-0.344,0.809,-0.458,2.29,0.191,btn_D
1780981225.1362252,-0.776,-0.143,0.657,-1.176,1.145,-1.298,-0.641,-0.301,0.659,-6.557,0.519,-0.435,-0.26,-0.34,0.928,-0.069,0.252,0.305,-0.221,-0.326,0.989,1.771,7.145,-0.298,0.096,-0.348,0.809,-0.359,3.473,0.008,btn_D
1780981225.2423413,-0.767,-0.139,0.655,-0.656,1.069,-0.336,-0.646,-0.294,0.667,-6.748,0.595,-0.298,-0.265,-0.335,0.931,-0.145,0.344,0.931,-0.219,-0.321,0.99,2.0,7.542,0.229,0.097,-0.348,0.807,0.282,2.702,-0.092,btn_D
1780981225.3425386,-0.768,-0.14,0.667,-1.733,2.519,-0.603,-0.641,-0.294,0.655,-6.84,1.038,-0.26,-0.267,-0.339,0.926,-0.603,0.779,0.489,-0.218,-0.326,0.977,1.405,8.229,0.221,0.105,-0.345,0.802,-1.481,1.901,0.351,btn_D
1780981225.4456434,-0.393,0.027,0.376,109.26,-65.809,54.168,-0.592,-0.287,0.627,-1.107,-37.863,-10.656,-0.263,-0.333,0.937,-6.015,-13.115,-4.603,-0.155,-0.336,0.979,4.206,-1.863,-1.282,0.139,-0.392,0.809,-17.947,14.336,-4.641,btn_D
1780981225.5483892,-0.646,0.06,0.744,31.931,-20.519,43.939,-0.502,-0.237,0.652,-6.122,-15.611,-5.756,-0.229,-0.333,0.916,2.405,-7.305,-0.206,-0.163,-0.317,1.019,2.924,2.015,0.053,0.156,-0.371,0.805,-2.076,6.115,-0.466,btn_D
1780981225.6609755,-0.647,0.118,0.72,9.687,-4.214,6.863,-0.571,-0.29,0.678,-5.198,1.756,0.031,-0.242,-0.323,0.935,-1.244,-0.359,0.321,-0.193,-0.319,0.999,1.489,7.748,0.725,0.132,-0.378,0.798,3.817,7.061,0.634,btn_D
1780981225.7599924,-0.639,0.112,0.708,-2.023,3.55,-4.313,-0.55,-0.279,0.671,-9.099,5.282,-2.443,-0.227,-0.341,0.939,-3.015,-0.588,0.13,-0.203,-0.323,0.993,0.802,7.527,0.092,0.125,-0.355,0.784,-1.901,1.397,-0.061,btn_D
1780981225.86208,-0.667,0.095,0.746,-1.206,0.885,-2.206,-0.598,-0.307,0.684,-6.58,1.038,-0.725,-0.253,-0.332,0.935,-0.924,-1.099,0.214,-0.195,-0.322,0.988,1.611,7.527,-0.183,0.121,-0.384,0.804,-2.481,2.626,-0.023,btn_D
1780981225.9603524,-0.734,0.025,0.875,5.45,-1.252,0.046,-0.617,-0.317,0.691,-5.992,-0.664,-1.031,-0.252,-0.325,0.926,0.038,-1.366,-0.466,-0.192,-0.323,0.992,0.878,6.252,-0.061,0.137,-0.381,0.808,-0.511,3.168,0.092,btn_D
1780981226.0633225,-0.731,0.001,0.915,3.42,-1.603,-1.382,-0.63,-0.326,0.703,-6.656,-1.252,-0.634,-0.259,-0.33,0.927,1.969,1.221,0.107,-0.199,-0.32,1.0,0.962,6.038,-0.771,0.135,-0.385,0.796,-1.557,-0.008,-0.275,btn_D
1780981226.1788726,-0.673,0.014,0.898,-13.901,9.244,-7.977,-0.635,-0.333,0.725,-9.786,2.412,0.939,-0.284,-0.335,0.94,1.366,3.015,0.756,-0.202,-0.316,0.988,2.145,5.641,-1.351,0.131,-0.382,0.796,-2.893,-5.168,0.084,btn_D
1780981226.2753208,-0.706,0.004,0.897,-3.496,1.985,-0.977,-0.621,-0.33,0.715,-7.527,0.321,-0.557,-0.267,-0.328,0.923,0.87,1.733,-0.023,-0.205,-0.324,0.994,2.275,5.0,-1.29,0.133,-0.385,0.799,-2.389,-3.221,0.191,btn_D
1780981226.3761606,-0.302,0.202,0.47,-47.45,33.458,-41.832,-0.544,-0.299,0.696,-20.252,15.855,5.244,-0.233,-0.348,0.932,-7.45,-0.458,-1.534,-0.193,-0.321,0.984,2.519,19.916,-0.634,0.117,-0.375,0.8,16.588,34.176,3.061,btn_D
1780981226.4757254,-0.595,-0.162,0.696,44.427,63.015,12.947,-0.622,-0.302,0.688,-7.901,0.26,-0.656,-0.226,-0.346,0.963,0.641,-4.626,-0.229,-0.191,-0.319,0.997,0.305,16.573,-0.389,0.111,-0.349,0.798,0.229,9.023,0.878,btn_D
1780981226.5787947,-0.768,-0.139,0.661,-3.588,-3.389,-3.084,-0.643,-0.305,0.656,-5.992,0.061,0.427,-0.257,-0.34,0.924,0.908,2.45,1.649,-0.213,-0.325,0.981,2.084,8.496,1.229,0.098,-0.338,0.803,3.748,-1.588,0.519,btn_D
1780981226.6947844,-0.765,-0.138,0.665,-1.244,1.481,-1.145,-0.64,-0.309,0.65,-6.794,0.87,-0.099,-0.259,-0.34,0.929,-0.45,0.443,0.0,-0.209,-0.322,0.985,1.374,7.763,0.137,0.106,-0.356,0.81,1.26,1.725,0.076,btn_D
1780981229.3658674,-0.782,-0.147,0.657,-1.687,1.489,-1.183,-0.639,-0.303,0.655,-6.74,0.382,-0.71,-0.266,-0.344,0.931,0.069,-2.038,0.099,-0.208,-0.328,0.984,1.74,5.817,-0.573,0.108,-0.355,0.806,-0.015,3.58,-0.137,btn_D
1780981229.462923,-0.766,-0.138,0.661,-1.137,1.473,-0.641,-0.645,-0.301,0.654,-6.733,1.023,-0.191,-0.277,-0.34,0.922,-0.489,1.985,0.901,-0.238,-0.321,0.98,1.74,8.26,-0.748,0.09,-0.344,0.798,-0.992,2.679,-0.382,btn_D
1780981229.5769458,-0.78,-0.146,0.652,-0.534,2.145,-0.504,-0.647,-0.306,0.646,-6.221,0.649,-0.359,-0.268,-0.331,0.921,-0.237,-1.374,-0.046,-0.215,-0.33,0.987,0.71,5.214,-1.015,0.109,-0.36,0.807,-0.634,1.046,0.107,btn_D
1780981229.6687527,-0.767,-0.139,0.662,-0.702,0.87,-0.466,-0.646,-0.299,0.663,-6.626,0.847,-0.328,-0.269,-0.341,0.921,-0.885,0.328,0.389,-0.226,-0.328,0.979,1.969,7.656,-0.718,0.096,-0.348,0.81,-0.214,3.473,-0.053,btn_D
1780981229.7720456,-0.78,-0.142,0.648,-0.321,1.809,-1.267,-0.646,-0.308,0.656,-5.893,0.183,-0.908,-0.267,-0.34,0.927,-0.282,-2.45,-0.107,-0.21,-0.33,0.986,1.557,5.16,-0.908,0.107,-0.362,0.811,-0.176,3.031,-0.359,btn_D
1780981229.8749716,-0.799,-0.245,1.013,-34.794,6.832,4.359,-0.583,-0.293,0.677,-8.664,6.695,3.824,-0.269,-0.334,0.957,0.176,2.267,1.702,-0.292,-0.339,0.958,1.015,6.244,-2.206,0.09,-0.339,0.768,-33.137,-16.779,-11.45,btn_D
1780981229.9778693,-0.469,0.186,0.499,28.992,-8.489,42.412,-0.554,-0.291,0.654,-0.328,0.489,-2.992,-0.248,-0.329,0.938,-0.924,-10.237,-0.664,-0.185,-0.338,0.997,7.382,-2.031,-0.389,0.156,-0.349,0.806,-1.099,6.252,-1.496,btn_D
1780981230.0902286,-0.639,0.077,0.778,-14.153,12.084,1.496,-0.606,-0.309,0.69,-8.015,4.214,0.649,-0.253,-0.344,0.932,-1.481,3.359,1.817,-0.23,-0.327,0.986,2.802,8.519,-0.229,0.129,-0.357,0.795,-0.084,-8.328,-0.351,btn_D
1780981230.194442,-0.633,0.125,0.698,-13.206,6.824,4.183,-0.6,-0.314,0.708,-7.435,-0.382,-1.13,-0.251,-0.341,0.942,-0.336,2.557,0.481,-0.191,-0.318,0.991,1.542,7.405,-0.824,0.136,-0.382,0.797,-1.351,-0.092,0.779,btn_D
1780981230.295591,-0.691,0.086,0.76,-6.519,7.763,5.031,-0.61,-0.311,0.685,-6.206,0.702,-1.809,-0.262,-0.333,0.928,-0.649,-0.855,-0.145,-0.195,-0.322,1.001,-0.45,6.634,-0.771,0.143,-0.354,0.803,-4.069,-2.672,0.901,btn_D
1780981230.3936212,-0.618,0.152,0.701,-13.137,10.489,-6.038,-0.596,-0.314,0.696,-8.084,1.427,-0.405,-0.252,-0.332,0.933,-1.305,2.832,0.458,-0.2,-0.326,0.989,1.313,9.092,-0.42,0.139,-0.375,0.804,5.756,5.412,1.382,btn_D
1780981230.4931328,-0.461,0.225,0.531,-29.885,29.26,-30.969,-0.568,-0.294,0.684,-15.519,12.817,4.061,-0.257,-0.331,0.92,-7.031,-0.603,-1.275,-0.172,-0.331,1.024,-0.076,18.092,-0.794,0.132,-0.367,0.796,20.489,20.489,3.924,btn_D
1780981230.5960507,-0.493,-0.235,0.806,35.771,35.802,-3.611,-0.649,-0.298,0.641,-7.321,8.031,-1.534,-0.258,-0.345,0.925,-3.939,-19.053,-3.061,-0.175,-0.34,0.993,1.244,7.092,-1.42,0.12,-0.366,0.806,4.771,9.145,0.55,btn_D
1780981230.7112792,-0.781,-0.143,0.649,-8.649,-10.16,-5.046,-0.643,-0.309,0.655,-5.344,-1.023,1.115,-0.257,-0.341,0.92,0.672,2.527,1.389,-0.215,-0.323,0.987,2.817,8.939,0.229,0.106,-0.349,0.799,5.588,-3.137,0.618,btn_D
1780981230.8080935,-0.785,-0.146,0.641,-1.908,2.863,-1.023,-0.646,-0.309,0.652,-6.252,1.008,0.336,-0.258,-0.347,0.93,-0.87,-0.779,-0.145,-0.213,-0.332,0.982,1.55,6.885,-0.794,0.106,-0.355,0.811,-0.962,0.847,0.58,btn_D
1780981230.9092343,-0.775,-0.144,0.652,-1.122,0.573,-0.687,-0.642,-0.31,0.66,-5.71,0.817,0.099,-0.249,-0.345,0.932,0.672,0.443,0.229,-0.201,-0.323,0.981,2.405,7.84,0.084,0.106,-0.352,0.801,0.565,4.824,0.305,btn_D
1780981231.0073104,-0.768,-0.141,0.654,-1.481,1.466,-1.092,-0.646,-0.305,0.654,-6.832,0.122,-0.168,-0.26,-0.343,0.921,-0.45,1.641,0.389,-0.211,-0.329,0.979,1.84,7.924,-0.427,0.104,-0.355,0.8,-0.023,3.42,0.031,btn_D
1780981231.1106157,-0.773,-0.14,0.651,-1.527,1.878,-0.511,-0.647,-0.305,0.653,-6.244,1.229,-0.565,-0.255,-0.342,0.927,-0.969,1.603,-0.13,-0.217,-0.328,0.991,1.122,8.672,-0.649,0.1,-0.346,0.79,-1.931,2.183,0.382,btn_D
1780981231.2277665,-0.776,-0.139,0.652,-1.725,1.863,-1.069,-0.645,-0.305,0.655,-6.13,0.58,-0.489,-0.255,-0.339,0.933,-0.031,-0.45,-0.137,-0.208,-0.326,0.992,1.817,6.725,-0.397,0.111,-0.357,0.803,-0.672,1.947,0.115,btn_D
1780981231.3241148,-0.781,-0.147,0.642,-0.855,2.405,-0.382,-0.645,-0.308,0.645,-6.122,-0.053,-0.466,-0.257,-0.349,0.93,0.084,-1.015,-0.282,-0.207,-0.329,0.984,1.489,6.244,-0.84,0.111,-0.358,0.807,-1.061,1.618,-0.092,btn_D
1780981233.9981709,-0.774,-0.143,0.65,-0.817,1.466,-0.267,-0.638,-0.298,0.652,-6.672,0.702,-0.267,-0.262,-0.339,0.92,-0.13,0.015,-0.237,-0.222,-0.328,0.983,1.595,6.809,-0.794,0.1,-0.35,0.805,-0.557,2.206,-0.031,btn_D
1780981234.0977144,-0.775,-0.141,0.643,-1.237,1.992,-0.786,-0.646,-0.304,0.651,-6.229,0.84,-0.198,-0.266,-0.343,0.93,-0.435,-0.847,-0.725,-0.218,-0.328,0.982,1.939,7.13,-0.527,0.104,-0.352,0.812,-0.649,2.519,-0.092,btn_D
1780981234.2009032,-0.777,-0.145,0.645,-1.473,0.893,-1.435,-0.639,-0.305,0.65,-6.092,0.573,0.092,-0.263,-0.343,0.932,-0.679,0.489,-0.122,-0.22,-0.333,0.985,1.595,7.473,-0.458,0.101,-0.351,0.808,-0.664,2.321,0.0,btn_D
1780981234.3092968,-0.775,-0.143,0.655,-0.031,0.55,-0.855,-0.642,-0.305,0.66,-6.565,0.84,0.038,-0.267,-0.344,0.929,-0.473,0.817,-0.053,-0.212,-0.329,0.984,1.634,7.038,-0.672,0.1,-0.348,0.81,-0.252,2.992,0.26,btn_D
1780981234.4069803,-0.777,-0.141,0.655,-1.473,2.153,-0.565,-0.64,-0.303,0.65,-6.786,0.924,-0.237,-0.262,-0.341,0.927,-0.183,0.168,0.0,-0.217,-0.327,0.986,1.618,7.618,-0.527,0.092,-0.348,0.794,-1.763,1.198,0.099,btn_D
1780981234.5100749,-0.375,0.104,0.242,93.908,-60.687,90.824,-0.536,-0.28,0.594,2.511,-47.252,-12.16,-0.109,-0.31,0.902,-0.298,-16.817,-2.313,-0.176,-0.346,1.0,3.656,-7.427,-3.046,0.134,-0.375,0.793,-13.191,5.237,-4.031,btn_D
1780981234.6128657,-0.784,-0.061,0.961,14.878,-7.145,14.26,-0.638,-0.326,0.671,-4.427,-1.26,-0.924,-0.197,-0.323,0.935,-0.069,-1.427,-0.29,-0.099,-0.331,1.007,2.893,5.267,-0.191,0.126,-0.392,0.803,-5.595,-0.809,-1.015,btn_D
1780981234.7276642,-0.673,0.078,0.748,2.947,0.496,-6.221,-0.618,-0.313,0.687,-7.328,0.786,-0.153,-0.254,-0.335,0.93,0.321,2.0,0.221,-0.195,-0.328,0.985,2.427,7.931,-0.099,0.121,-0.375,0.787,1.519,2.527,0.695,btn_D
1780981234.818593,-0.709,0.06,0.772,3.847,0.809,-3.832,-0.605,-0.314,0.689,-7.168,1.313,-0.137,-0.266,-0.332,0.929,0.695,-0.115,0.031,-0.202,-0.327,0.993,1.656,6.122,-1.237,0.132,-0.373,0.801,-0.725,1.863,-0.038,btn_D
1780981234.9223292,-0.661,0.087,0.718,0.649,0.084,0.153,-0.608,-0.306,0.686,-6.145,0.382,0.107,-0.254,-0.335,0.929,-0.985,1.458,-0.481,-0.192,-0.324,0.987,1.748,7.656,-0.763,0.125,-0.368,0.793,1.252,3.573,0.229,btn_D
1780981235.0251658,-0.696,0.062,0.778,-12.55,9.511,-2.725,-0.625,-0.321,0.689,-7.252,0.214,0.779,-0.27,-0.337,0.924,0.573,2.214,-0.573,-0.199,-0.319,0.993,1.176,6.405,-1.122,0.126,-0.371,0.793,-1.489,-1.786,-0.344,btn_D
1780981235.1278546,-0.767,0.001,0.879,0.473,1.214,-4.168,-0.61,-0.312,0.685,-5.809,1.885,-0.244,-0.252,-0.328,0.931,-0.45,-1.725,-1.191,-0.2,-0.319,1.003,1.557,5.863,-1.649,0.123,-0.379,0.801,-0.351,-0.664,-0.16,btn_D
1780981235.2447433,-0.74,0.099,0.687,4.313,0.275,-2.084,-0.604,-0.308,0.684,-5.809,0.405,-0.802,-0.255,-0.341,0.925,-0.298,0.924,0.061,-0.198,-0.322,0.993,1.84,7.45,-0.221,0.128,-0.374,0.804,2.008,5.893,0.405,btn_D
1780981235.3418288,-0.656,0.054,0.665,-26.954,23.45,-33.504,-0.601,-0.302,0.652,-9.473,6.885,2.901,-0.253,-0.335,0.935,-2.084,-1.412,-0.656,-0.206,-0.327,0.987,1.786,10.511,-1.26,0.122,-0.358,0.805,10.695,12.282,1.763,btn_D
1780981235.4370117,-1.013,-0.282,0.888,24.992,12.29,8.809,-0.67,-0.284,0.615,-6.008,4.84,-2.756,-0.258,-0.349,0.945,-1.672,-24.015,-2.038,-0.194,-0.336,0.992,1.84,-0.298,-1.237,0.123,-0.362,0.81,6.046,-3.099,0.847,btn_D
1780981235.5409873,-0.762,-0.131,0.673,-6.397,-9.908,-4.557,-0.644,-0.297,0.65,-5.198,-1.84,0.427,-0.263,-0.338,0.93,0.763,5.153,2.198,-0.212,-0.327,0.99,3.053,12.45,1.092,0.094,-0.349,0.802,4.786,1.878,1.214,btn_D
1780981235.643088,-0.764,-0.139,0.671,-0.641,2.756,-0.275,-0.645,-0.302,0.652,-6.328,0.351,0.115,-0.267,-0.342,0.922,0.511,0.565,0.718,-0.21,-0.323,0.983,2.237,6.641,-0.466,0.101,-0.352,0.809,-1.695,3.374,-0.359,btn_D
1780981235.7620664,-0.763,-0.134,0.663,-3.198,0.649,-1.748,-0.646,-0.299,0.654,-6.511,0.626,-0.137,-0.258,-0.342,0.928,-0.687,0.42,0.42,-0.214,-0.326,0.989,1.244,7.557,-0.702,0.1,-0.348,0.807,-0.901,2.573,0.145,btn_D
1780981235.8613396,-0.758,-0.135,0.674,-1.496,1.412,-0.611,-0.648,-0.299,0.65,-6.397,0.473,-0.489,-0.262,-0.341,0.925,-0.374,-0.176,0.214,-0.211,-0.328,0.981,1.969,6.588,-0.931,0.108,-0.36,0.808,-0.817,2.885,0.053,btn_D
1780981238.6301572,-0.771,-0.139,0.661,-1.061,1.344,-1.244,-0.644,-0.304,0.656,-6.267,0.748,-0.084,-0.27,-0.342,0.923,-0.206,-0.344,0.092,-0.219,-0.328,0.99,1.618,6.931,0.252,0.096,-0.359,0.808,-0.244,2.275,0.053,btn_D
1780981238.7437422,-0.771,-0.136,0.656,-0.603,1.076,-0.55,-0.643,-0.295,0.654,-6.573,0.87,-0.252,-0.264,-0.341,0.921,-0.863,0.015,-0.511,-0.218,-0.333,0.987,1.176,7.115,-0.359,0.094,-0.353,0.811,0.061,3.237,-0.092,btn_D
1780981238.8426971,-0.763,-0.143,0.663,-0.954,1.542,-0.115,-0.646,-0.299,0.653,-6.374,0.412,-0.748,-0.27,-0.339,0.926,-0.397,0.405,-0.023,-0.223,-0.327,0.983,1.382,7.176,-0.305,0.099,-0.35,0.81,-0.542,3.015,-0.275,btn_D
1780981238.9414957,-0.766,-0.142,0.658,-1.237,1.687,-1.191,-0.645,-0.295,0.645,-6.389,0.702,-1.26,-0.268,-0.344,0.927,-0.252,0.015,0.084,-0.219,-0.328,0.98,1.962,7.298,-0.046,0.091,-0.353,0.81,-0.198,3.702,-0.344,btn_D
1780981239.0422432,-0.767,-0.139,0.659,-0.908,1.282,-0.924,-0.645,-0.3,0.656,-6.122,0.282,-1.069,-0.27,-0.342,0.929,-0.473,-0.008,-0.214,-0.223,-0.327,0.981,1.565,6.58,-0.42,0.094,-0.351,0.805,-0.305,2.664,-0.046,btn_D
1780981239.1573002,-0.771,-0.14,0.66,-0.634,1.229,-0.885,-0.647,-0.297,0.652,-6.168,0.412,-0.153,-0.264,-0.336,0.923,-0.099,0.336,-0.282,-0.223,-0.328,0.986,1.832,6.344,-0.351,0.1,-0.346,0.805,-0.947,2.588,-0.015,btn_D
1780981239.2573996,-0.77,-0.141,0.66,-0.534,1.481,-0.053,-0.648,-0.296,0.655,-6.13,0.611,0.321,-0.264,-0.34,0.929,0.275,0.611,0.206,-0.223,-0.324,0.977,1.947,7.443,0.053,0.102,-0.35,0.803,-0.817,0.832,0.435,btn_D
1780981239.3572702,-1.277,-0.27,1.095,38.13,-49.664,17.817,-0.782,-0.275,0.574,-10.115,-5.718,-11.84,-0.218,-0.337,0.892,2.771,-9.718,-2.557,-0.233,-0.321,0.989,-2.893,-2.977,-4.076,0.109,-0.351,0.8,-17.916,-23.496,-4.282,btn_D
1780981239.4543624,-0.499,0.042,0.663,-2.031,1.809,10.702,-0.636,-0.325,0.68,-7.115,-0.672,0.466,-0.272,-0.337,0.932,-1.191,1.023,0.069,-0.202,-0.324,0.983,1.924,7.992,0.137,0.117,-0.365,0.787,-7.718,5.282,-0.74,btn_D
1780981239.5571997,-0.759,-0.028,0.84,-7.885,9.916,-5.206,-0.64,-0.328,0.685,-7.588,0.481,0.031,-0.266,-0.334,0.93,-0.176,-0.237,0.534,-0.202,-0.322,0.981,1.756,3.916,-0.115,0.124,-0.365,0.805,-4.511,-1.794,0.023,btn_D
1780981239.6750808,-0.661,0.043,0.733,-0.427,1.87,-0.397,-0.62,-0.319,0.689,-7.496,0.931,-0.504,-0.263,-0.341,0.933,-0.13,2.061,-0.031,-0.207,-0.323,0.984,1.824,6.168,-1.0,0.118,-0.372,0.802,-2.954,0.992,-0.13,btn_D
1780981239.7747474,-0.666,0.058,0.717,-5.656,4.107,0.718,-0.605,-0.312,0.683,-7.076,1.359,-0.557,-0.255,-0.337,0.936,-1.023,1.519,0.824,-0.219,-0.324,0.989,1.893,8.573,-0.099,0.114,-0.359,0.794,-2.382,0.687,-0.519,btn_D
1780981239.8745053,-0.705,0.061,0.706,-5.282,5.443,-1.42,-0.603,-0.306,0.675,-7.313,0.939,-0.26,-0.251,-0.333,0.925,-1.611,-1.916,0.473,-0.207,-0.324,0.992,1.023,9.046,0.748,0.12,-0.364,0.801,-0.13,4.634,0.71,btn_D
1780981239.9728425,-0.722,0.031,0.752,-5.901,8.885,-1.015,-0.619,-0.317,0.675,-7.298,1.427,0.267,-0.265,-0.34,0.927,-0.252,0.702,0.71,-0.219,-0.325,0.988,1.328,6.718,-0.29,0.12,-0.366,0.798,-2.153,-1.351,0.115,btn_D
1780981240.072662,-0.563,0.139,0.447,-33.542,32.496,-26.13,-0.583,-0.309,0.658,-9.565,5.382,4.275,-0.245,-0.338,0.927,-3.107,3.031,0.702,-0.195,-0.324,0.99,1.908,16.321,0.847,0.115,-0.354,0.805,12.954,16.336,2.275,btn_D
1780981240.1802838,-0.906,-0.133,0.651,33.763,44.809,7.336,-0.649,-0.305,0.644,-6.366,-2.405,-1.084,-0.245,-0.343,0.939,0.771,7.908,0.282,-0.207,-0.322,0.981,0.718,9.763,0.282,0.112,-0.356,0.814,-2.16,12.389,0.015,btn_D
1780981240.2791479,-0.763,-0.142,0.67,-1.206,0.221,-1.206,-0.647,-0.305,0.658,-6.695,0.328,0.328,-0.261,-0.341,0.925,0.656,2.29,1.328,-0.222,-0.329,0.981,1.641,7.55,0.359,0.104,-0.344,0.8,0.168,1.534,0.008,btn_D
1780981240.393652,-0.776,-0.139,0.665,-1.511,0.527,-1.328,-0.648,-0.308,0.645,-5.939,0.908,-0.16,-0.252,-0.338,0.928,0.053,0.496,0.763,-0.211,-0.323,0.982,1.916,7.328,0.282,0.102,-0.348,0.796,1.099,1.656,0.267,btn_D
1780981240.4964936,-0.767,-0.138,0.658,-1.214,1.634,-0.779,-0.639,-0.306,0.648,-6.328,0.779,-0.221,-0.263,-0.343,0.925,-0.137,0.153,0.824,-0.215,-0.328,0.976,1.74,7.718,-0.061,0.102,-0.353,0.806,-0.015,2.489,-0.107,btn_D
1780981243.2654865,-0.774,-0.139,0.653,-0.527,1.977,-0.702,-0.647,-0.303,0.654,-6.229,0.191,-0.412,-0.262,-0.337,0.927,-0.344,-0.771,-0.26,-0.218,-0.328,0.985,1.42,7.13,-0.496,0.102,-0.354,0.803,-0.427,1.305,0.374,btn_D
1780981243.3685374,-0.774,-0.143,0.652,-1.038,1.473,-0.824,-0.643,-0.299,0.647,-6.351,0.595,-1.076,-0.266,-0.334,0.929,-0.26,-0.427,-0.206,-0.219,-0.326,0.981,0.939,6.939,-0.382,0.104,-0.355,0.803,-0.832,1.878,0.221,btn_D
1780981243.476085,-0.773,-0.144,0.655,-0.733,1.237,-1.053,-0.646,-0.304,0.65,-6.275,-0.046,-1.229,-0.266,-0.34,0.923,-0.481,0.832,-0.244,-0.218,-0.331,0.985,1.695,7.626,-0.374,0.106,-0.352,0.804,-0.603,2.443,-0.29,btn_D
1780981243.5756068,-0.773,-0.141,0.656,-0.473,1.137,-0.053,-0.649,-0.303,0.659,-6.26,0.511,-0.412,-0.267,-0.34,0.922,-0.206,-0.359,-0.153,-0.219,-0.326,0.986,1.664,6.985,-0.504,0.103,-0.354,0.812,-0.275,3.344,0.0,btn_D
1780981243.677318,-0.774,-0.143,0.656,-3.702,2.405,-0.626,-0.646,-0.303,0.654,-6.076,0.718,0.008,-0.262,-0.337,0.926,-0.122,0.45,0.061,-0.223,-0.325,0.98,1.947,7.595,-0.695,0.099,-0.343,0.798,-0.71,3.473,0.183,btn_D
1780981243.7933285,-0.615,0.014,0.585,40.534,-30.954,30.099,-0.61,-0.293,0.638,-5.878,-15.244,-7.725,-0.218,-0.354,0.954,-2.718,4.374,-1.145,-0.227,-0.331,0.975,1.687,2.405,-2.282,0.116,-0.372,0.796,-9.466,1.443,-2.641,btn_D
1780981243.8910325,-0.735,0.007,0.8,-2.771,2.87,0.809,-0.63,-0.322,0.666,-5.908,1.511,0.13,-0.25,-0.333,0.923,-0.969,0.756,-0.725,-0.205,-0.327,0.981,1.832,5.076,-1.061,0.128,-0.365,0.798,-3.267,4.427,-0.351,btn_D
1780981243.9892306,-0.76,0.018,0.764,-8.962,8.557,0.107,-0.624,-0.314,0.678,-5.756,1.13,0.145,-0.262,-0.338,0.934,0.885,0.595,0.511,-0.2,-0.328,0.982,2.046,5.023,-0.725,0.13,-0.365,0.799,0.595,0.427,0.237,btn_D
1780981244.0895002,-0.717,0.055,0.681,-13.137,7.71,4.702,-0.62,-0.317,0.694,-6.893,1.0,-0.313,-0.27,-0.345,0.934,0.237,3.305,0.099,-0.2,-0.326,0.99,1.603,6.527,-0.168,0.119,-0.366,0.797,-0.366,-1.924,-0.244,btn_D
1780981244.195841,-0.684,0.076,0.7,-12.832,6.214,-1.481,-0.61,-0.314,0.688,-6.458,0.931,-0.069,-0.253,-0.34,0.935,-0.954,2.137,0.687,-0.204,-0.333,0.987,1.229,8.618,0.733,0.115,-0.36,0.791,-0.664,-2.198,0.153,btn_D
1780981244.306407,-0.72,0.054,0.746,-2.534,2.824,0.214,-0.615,-0.312,0.682,-6.282,0.885,-0.656,-0.245,-0.337,0.944,-0.565,-0.817,0.595,-0.203,-0.33,0.983,1.931,7.634,0.191,0.128,-0.376,0.802,-0.557,3.756,0.244,btn_D
1780981244.409358,-0.699,0.033,0.78,-4.901,3.702,-2.26,-0.622,-0.32,0.689,-7.969,0.458,-0.779,-0.262,-0.336,0.929,0.58,1.29,0.634,-0.212,-0.326,0.984,1.481,7.954,0.137,0.12,-0.375,0.797,-1.725,-1.099,0.038,btn_D
1780981244.5067914,-0.762,0.052,0.754,2.611,-1.214,1.977,-0.62,-0.314,0.684,-5.084,-1.351,-0.802,-0.255,-0.336,0.928,0.55,0.015,0.55,-0.202,-0.328,0.984,2.038,6.74,-0.198,0.125,-0.375,0.786,0.038,1.137,0.252,btn_D
1780981244.6045563,-0.501,0.183,0.446,-52.366,40.031,-17.893,-0.586,-0.321,0.701,-11.321,13.275,5.855,-0.254,-0.337,0.921,-4.115,2.969,1.481,-0.195,-0.32,1.001,3.511,18.84,1.641,0.106,-0.36,0.808,13.061,21.092,1.908,btn_D
1780981244.7077832,-0.542,-0.248,0.737,6.855,27.115,4.473,-0.655,-0.304,0.642,-6.328,7.702,0.053,-0.279,-0.329,0.909,-2.351,-12.832,-1.176,-0.194,-0.326,0.992,2.649,3.16,0.038,0.113,-0.371,0.822,1.817,2.305,0.458,btn_D
1780981244.8276453,-0.783,-0.138,0.64,-4.107,-5.779,-2.076,-0.639,-0.3,0.653,-5.893,-0.221,-0.076,-0.258,-0.342,0.931,0.756,1.756,1.771,-0.218,-0.321,0.988,2.336,9.359,0.725,0.099,-0.353,0.81,3.176,-0.618,0.412,btn_D
1780981244.9272962,-0.793,-0.137,0.63,-1.328,2.84,-1.046,-0.639,-0.305,0.657,-6.221,0.603,-0.206,-0.264,-0.338,0.927,-0.275,-0.573,0.282,-0.216,-0.322,0.981,1.656,6.443,-0.008,0.1,-0.357,0.805,-0.214,2.786,-0.015,btn_D
1780981245.0269318,-0.782,-0.137,0.63,-1.863,1.511,-1.42,-0.637,-0.301,0.656,-6.626,0.817,0.084,-0.265,-0.338,0.924,-0.534,0.969,0.802,-0.216,-0.324,0.99,1.634,8.115,-0.336,0.104,-0.353,0.806,-0.672,2.443,0.618,btn_D
1780981245.1190705,-0.785,-0.142,0.634,-1.321,1.656,-0.496,-0.645,-0.304,0.657,-6.45,0.496,0.023,-0.265,-0.341,0.929,0.069,1.107,1.015,-0.223,-0.324,0.986,1.26,7.55,-0.359,0.108,-0.351,0.801,-0.74,1.489,0.206,btn_D
1780981245.2226954,-0.783,-0.139,0.635,-1.427,0.916,-0.947,-0.638,-0.302,0.656,-6.435,0.45,-0.298,-0.261,-0.341,0.925,-0.947,-1.206,0.473,-0.216,-0.324,0.988,0.962,7.076,-0.374,0.097,-0.354,0.81,-0.817,2.053,0.214,btn_D
1780981247.9073668,-0.788,-0.139,0.633,-0.565,1.573,-0.107,-0.643,-0.303,0.655,-6.382,0.344,-0.756,-0.267,-0.333,0.931,-0.221,0.084,-0.458,-0.224,-0.32,0.978,1.595,6.504,0.0,0.101,-0.351,0.806,-0.634,2.092,-0.198,btn_D
1780981248.003489,-0.787,-0.142,0.635,-1.618,1.237,-1.214,-0.643,-0.302,0.656,-6.359,0.183,-0.763,-0.265,-0.337,0.935,-0.031,-0.191,-0.374,-0.217,-0.323,0.988,1.427,7.405,0.26,0.094,-0.352,0.802,-0.733,2.885,-0.038,btn_D
1780981248.1075258,-0.787,-0.141,0.633,-1.053,1.412,-0.198,-0.641,-0.302,0.656,-6.359,0.191,-0.84,-0.266,-0.342,0.923,0.206,-0.832,-0.137,-0.219,-0.323,0.985,1.344,6.786,-0.504,0.105,-0.355,0.799,-0.511,2.405,-0.214,btn_D
1780981248.209354,-0.789,-0.143,0.635,-0.664,2.084,-1.466,-0.64,-0.304,0.653,-6.046,0.55,-0.153,-0.263,-0.337,0.928,-0.534,0.45,-0.45,-0.22,-0.321,0.986,1.382,6.511,-0.198,0.1,-0.353,0.794,-0.893,2.008,-0.061,btn_D
1780981248.3229997,-0.782,-0.141,0.631,-1.519,0.496,-1.183,-0.636,-0.304,0.663,-5.977,0.779,-0.137,-0.266,-0.339,0.922,-0.412,-0.366,-0.55,-0.223,-0.325,0.991,1.252,7.069,-0.382,0.104,-0.352,0.813,-0.282,2.313,0.015,btn_D
1780981248.4228306,-0.785,-0.142,0.629,-1.122,1.489,-1.031,-0.64,-0.304,0.656,-6.397,0.58,0.244,-0.268,-0.338,0.924,-0.405,0.023,-0.076,-0.219,-0.325,0.981,1.412,7.069,-0.725,0.099,-0.35,0.804,-0.641,1.511,0.076,btn_D
1780981248.5187597,-0.787,-0.143,0.64,-1.382,2.046,-0.023,-0.639,-0.299,0.657,-6.924,0.87,0.412,-0.264,-0.34,0.927,-0.542,1.45,0.031,-0.226,-0.323,0.982,1.802,8.534,-0.145,0.097,-0.348,0.801,-3.855,0.305,0.405,btn_D
1780981248.6216164,-0.709,0.114,0.44,25.275,-52.13,40.496,-0.624,-0.333,0.746,-1.282,-12.71,-9.427,-0.254,-0.336,0.917,0.053,0.313,-2.779,-0.196,-0.326,0.995,2.084,4.008,-2.275,0.104,-0.379,0.787,0.626,-7.015,-0.954,btn_D
1780981248.7246025,-0.622,0.098,0.641,9.817,-8.305,14.313,-0.599,-0.312,0.704,-4.344,-3.511,-1.076,-0.252,-0.336,0.935,-0.641,0.252,0.908,-0.187,-0.321,0.999,1.84,9.504,-0.015,0.12,-0.366,0.791,-3.542,13.198,-0.519,btn_D
1780981248.84086,-0.724,0.032,0.762,5.519,-0.763,2.611,-0.611,-0.312,0.679,-5.84,-0.13,-0.733,-0.261,-0.332,0.936,-0.183,-0.046,-0.183,-0.208,-0.324,0.987,1.824,5.695,-0.802,0.132,-0.371,0.802,-0.611,6.374,-0.252,btn_D
1780981248.9410145,-0.736,0.024,0.776,5.168,-0.557,-1.481,-0.619,-0.313,0.685,-6.588,0.435,-1.206,-0.257,-0.333,0.931,-0.137,-0.206,-0.244,-0.204,-0.323,0.982,1.496,6.542,-0.634,0.125,-0.382,0.8,-1.267,2.336,-0.443,btn_D
1780981249.0392287,-0.72,0.042,0.761,5.42,-3.489,1.321,-0.61,-0.312,0.682,-6.221,-0.176,-0.893,-0.26,-0.333,0.928,0.206,-0.733,0.115,-0.206,-0.327,0.994,1.412,6.115,-0.718,0.119,-0.373,0.803,0.359,3.954,-0.389,btn_D
1780981249.1368356,-0.667,0.084,0.699,3.908,-3.542,0.908,-0.612,-0.312,0.678,-5.985,0.221,-0.573,-0.258,-0.334,0.934,-1.366,0.031,-0.412,-0.197,-0.325,0.99,1.481,7.687,-0.321,0.117,-0.375,0.796,0.641,7.473,-0.237,btn_D
1780981249.2401302,-0.71,0.078,0.691,3.779,-0.076,-1.031,-0.622,-0.309,0.666,-5.191,0.519,-0.405,-0.258,-0.336,0.925,-0.634,-0.191,-0.473,-0.201,-0.321,0.985,1.641,6.237,-1.29,0.137,-0.343,0.809,0.916,6.031,0.046,btn_D
1780981249.3426569,-0.142,-0.075,0.201,-72.298,121.511,-206.122,-0.624,-0.339,0.628,-3.664,48.504,25.756,-0.248,-0.358,0.932,-2.405,3.649,3.649,-0.222,-0.323,0.976,-0.13,23.603,0.931,0.036,-0.307,0.795,11.084,19.435,0.55,btn_D
1780981249.4559977,-0.766,-0.127,0.648,-1.634,6.71,-2.069,-0.656,-0.295,0.646,-7.076,-0.359,-0.26,-0.272,-0.338,0.916,2.176,-2.153,1.458,-0.227,-0.325,0.981,2.634,5.015,0.557,0.102,-0.357,0.806,5.191,-11.267,1.107,btn_D
1780981249.560925,-0.764,-0.135,0.666,-1.359,-0.748,-0.847,-0.645,-0.295,0.657,-6.26,0.573,-0.473,-0.259,-0.335,0.929,-0.641,-0.45,-0.168,-0.214,-0.323,0.992,1.687,8.046,-0.489,0.097,-0.359,0.805,1.504,1.626,0.573,btn_D
1780981249.6574905,-0.77,-0.132,0.665,-1.534,2.344,-1.275,-0.646,-0.302,0.648,-6.351,1.115,-0.015,-0.268,-0.34,0.923,-0.328,0.023,0.885,-0.227,-0.329,0.987,1.237,7.504,-0.321,0.095,-0.35,0.804,-1.802,2.366,0.137,btn_D
1780981249.7547116,-0.773,-0.137,0.658,-1.664,1.13,-0.588,-0.645,-0.294,0.656,-6.153,0.366,-0.107,-0.266,-0.338,0.933,-0.412,1.267,0.71,-0.22,-0.328,0.984,1.55,8.046,0.275,0.096,-0.351,0.807,-0.908,3.13,0.573,btn_D
1780981252.5358515,-0.776,-0.138,0.652,-0.786,1.328,-1.366,-0.64,-0.3,0.655,-6.344,0.626,-1.053,-0.27,-0.34,0.931,-0.527,-0.275,0.26,-0.221,-0.321,0.986,1.511,7.389,-0.282,0.098,-0.346,0.809,0.328,2.382,-0.008,btn_D
1780981252.64257,-0.778,-0.138,0.647,0.115,1.824,-0.496,-0.648,-0.298,0.649,-6.206,0.435,-0.901,-0.265,-0.341,0.927,-0.244,0.29,-0.206,-0.221,-0.328,0.99,1.557,6.489,-0.29,0.096,-0.354,0.801,-1.145,0.794,0.336,btn_D
1780981252.7414336,-0.776,-0.141,0.648,-1.244,1.198,-1.168,-0.643,-0.299,0.66,-6.092,0.916,-0.969,-0.266,-0.337,0.924,-0.252,-0.275,-0.664,-0.221,-0.324,0.985,1.29,7.221,0.244,0.09,-0.358,0.805,-0.931,1.763,0.397,btn_D
1780981252.845057,-0.773,-0.141,0.648,-1.221,0.634,-0.687,-0.643,-0.296,0.66,-6.374,0.321,-0.641,-0.273,-0.342,0.924,-0.672,-1.305,-0.55,-0.218,-0.323,0.983,1.351,6.359,-0.748,0.103,-0.353,0.811,-1.115,1.26,-0.061,btn_D
1780981252.9578896,-0.776,-0.14,0.646,-1.603,1.74,-0.664,-0.648,-0.299,0.646,-6.282,0.443,-0.122,-0.271,-0.344,0.927,-0.786,0.344,-0.26,-0.224,-0.325,0.974,1.466,6.42,-0.282,0.104,-0.356,0.809,-0.977,2.229,-0.198,btn_D
1780981253.0555725,-0.814,-0.173,0.729,-10.374,5.061,2.656,-0.646,-0.299,0.658,-6.977,1.565,-0.427,-0.261,-0.343,0.935,-0.725,-0.359,-0.496,-0.236,-0.327,0.992,1.542,7.885,-1.458,0.087,-0.332,0.79,-6.321,-0.16,-1.756,btn_D
1780981253.153795,-0.619,0.077,0.561,38.794,-28.206,33.176,-0.642,-0.285,0.677,-9.382,0.298,-10.237,-0.226,-0.35,0.907,-0.542,-0.55,-2.779,-0.208,-0.328,0.991,2.534,3.947,-2.229,0.118,-0.363,0.799,1.153,-0.397,-1.634,btn_D
1780981253.25695,-0.646,0.068,0.667,-3.489,-0.008,6.023,-0.617,-0.316,0.679,-6.031,-1.13,-0.71,-0.25,-0.345,0.934,-1.214,2.328,0.038,-0.201,-0.326,0.986,2.458,7.557,0.214,0.118,-0.372,0.798,-1.092,2.817,-0.496,btn_D
1780981253.3754714,-0.601,0.074,0.683,-3.74,1.221,0.626,-0.616,-0.316,0.692,-7.969,-1.076,-0.053,-0.259,-0.341,0.928,0.0,2.626,0.084,-0.201,-0.324,0.991,1.13,7.84,-0.473,0.118,-0.374,0.805,-4.031,3.595,-0.321,btn_D
1780981253.4740214,-0.651,0.079,0.684,-1.023,-0.672,3.198,-0.613,-0.314,0.682,-6.847,-0.618,-0.901,-0.261,-0.345,0.932,-0.504,0.504,0.084,-0.201,-0.325,0.992,2.504,6.977,-1.191,0.123,-0.375,0.8,-3.481,5.099,-0.466,btn_D
1780981253.5746975,-0.281,0.162,0.381,-55.725,56.969,-45.969,-0.609,-0.306,0.704,-18.023,17.511,6.466,-0.199,-0.344,0.924,-11.13,8.305,-0.519,-0.198,-0.352,0.984,-5.084,25.504,-1.802,0.095,-0.351,0.786,7.481,21.664,2.771,btn_D
1780981253.6730275,-0.939,-0.02,0.5,-19.573,-9.061,-11.137,-0.64,-0.336,0.659,-7.473,5.069,-1.214,-0.237,-0.354,0.923,-3.038,1.359,-1.008,-0.188,-0.341,0.991,3.634,8.183,1.038,0.099,-0.357,0.796,-3.099,19.618,-0.702,btn_D
1780981253.7720373,-0.777,-0.148,0.65,1.802,8.679,1.435,-0.646,-0.311,0.637,-6.389,0.863,-0.16,-0.259,-0.352,0.927,0.939,-0.672,-0.282,-0.21,-0.337,0.989,2.107,3.924,-1.649,0.106,-0.361,0.801,-4.084,2.214,-0.427,btn_D
1780981253.875044,-0.781,-0.143,0.647,-1.412,-0.252,-1.282,-0.647,-0.313,0.656,-5.58,0.038,0.489,-0.257,-0.35,0.926,0.443,0.336,-0.29,-0.21,-0.333,0.983,2.412,7.496,-0.244,0.1,-0.346,0.806,0.802,2.481,0.328,btn_D
1780981253.9922886,-0.784,-0.142,0.646,-0.649,1.137,-0.153,-0.648,-0.313,0.644,-5.901,-0.176,0.183,-0.254,-0.354,0.929,0.672,0.496,0.458,-0.212,-0.33,0.986,2.115,7.496,0.328,0.105,-0.355,0.801,0.137,1.931,0.42,btn_D
1780981254.0895112,-0.771,-0.144,0.646,-1.191,0.725,-0.618,-0.644,-0.308,0.657,-6.298,1.221,0.344,-0.257,-0.348,0.925,-0.252,0.771,0.458,-0.215,-0.328,0.981,1.634,7.992,-0.458,0.108,-0.356,0.806,-0.145,1.977,0.191,btn_D
1780981254.184111,-0.774,-0.142,0.639,-1.015,1.855,-0.511,-0.644,-0.305,0.647,-6.214,0.145,-0.015,-0.259,-0.346,0.925,-0.328,1.29,0.084,-0.208,-0.331,0.984,1.382,7.275,-0.374,0.107,-0.355,0.808,-0.855,1.626,0.191,btn_D
1780981254.2868233,-0.781,-0.148,0.648,-1.031,1.374,-0.611,-0.648,-0.31,0.653,-6.412,0.588,0.557,-0.252,-0.347,0.93,0.115,0.16,0.084,-0.215,-0.329,0.981,1.679,7.427,-0.504,0.105,-0.354,0.799,-0.618,1.977,-0.031,btn_D
1780981254.3897023,-0.779,-0.145,0.645,-1.733,0.786,-1.618,-0.642,-0.306,0.647,-6.527,0.824,-0.061,-0.264,-0.348,0.927,-0.374,0.031,0.412,-0.217,-0.326,0.984,1.244,7.718,-0.702,0.097,-0.355,0.808,-1.008,1.649,0.359,btn_D
1780981257.1706238,-0.785,-0.142,0.647,-2.466,1.267,-1.58,-0.645,-0.305,0.652,-6.58,0.412,-1.084,-0.271,-0.344,0.927,-1.069,0.336,-0.275,-0.224,-0.323,0.975,1.023,7.26,-0.634,0.097,-0.355,0.809,-0.763,2.29,0.237,btn_D
1780981257.2757463,-0.773,-0.146,0.645,-0.092,1.695,0.649,-0.647,-0.301,0.651,-6.008,0.87,-0.779,-0.271,-0.341,0.926,-0.015,1.282,0.145,-0.225,-0.331,0.976,1.855,7.817,-0.427,0.097,-0.349,0.804,-0.344,3.397,-0.344,btn_D
1780981257.376808,-0.782,-0.146,0.644,-1.611,1.237,-1.344,-0.647,-0.305,0.65,-6.42,0.443,-1.084,-0.276,-0.346,0.916,-0.779,0.565,0.153,-0.226,-0.334,0.979,1.282,6.924,-0.527,0.1,-0.357,0.804,-1.267,2.214,-0.26,btn_D
1780981257.4876857,-0.782,-0.143,0.648,-0.191,2.618,0.13,-0.648,-0.305,0.644,-6.099,1.588,-0.008,-0.271,-0.344,0.92,0.664,0.931,0.275,-0.224,-0.327,0.974,2.16,8.107,-0.076,0.095,-0.353,0.8,0.305,2.824,0.107,btn_D
1780981257.589138,-0.781,-0.142,0.641,-1.466,2.611,-0.71,-0.644,-0.307,0.649,-6.718,1.229,0.191,-0.276,-0.343,0.92,0.076,1.611,0.107,-0.223,-0.334,0.983,0.595,7.466,-0.191,0.102,-0.362,0.812,1.924,5.511,-0.13,btn_D
1780981257.686109,-0.787,-0.146,0.645,-1.687,0.74,-1.924,-0.65,-0.304,0.639,-6.427,0.412,-0.641,-0.291,-0.35,0.925,-1.107,-1.0,-0.939,-0.228,-0.333,0.971,1.504,6.015,-1.053,0.097,-0.364,0.807,-0.137,2.588,-0.397,btn_D
1780981257.78908,-0.774,-0.143,0.646,-0.252,0.168,-0.389,-0.648,-0.303,0.653,-6.137,0.58,0.023,-0.27,-0.339,0.93,0.603,-0.504,0.008,-0.225,-0.328,0.979,2.565,7.641,0.244,0.081,-0.354,0.803,1.214,3.443,-0.252,btn_D
1780981257.892434,-0.783,-0.149,0.641,-0.794,0.382,-1.595,-0.647,-0.304,0.646,-5.763,-0.13,-0.313,-0.268,-0.341,0.927,0.565,-1.275,-0.122,-0.224,-0.327,0.983,2.504,6.137,-0.466,0.081,-0.34,0.787,0.702,5.16,-2.267,btn_D
1780981257.9951568,-0.126,0.243,0.183,86.725,-84.626,67.641,-0.463,-0.262,0.646,-3.496,-43.771,-12.695,-0.192,-0.341,0.958,-6.359,-13.878,-6.924,-0.188,-0.351,0.977,1.947,6.878,-3.206,0.132,-0.394,0.797,-11.649,33.397,-4.954,btn_D
1780981258.098381,-0.648,0.086,0.713,4.366,-0.023,9.977,-0.619,-0.311,0.668,-6.122,-1.901,-0.519,-0.258,-0.34,0.939,0.046,0.725,0.481,-0.197,-0.328,0.99,1.847,6.061,-0.267,0.136,-0.374,0.804,-4.252,5.794,-0.389,btn_D
1780981258.2044847,-0.77,0.039,0.71,-40.924,35.107,-17.832,-0.619,-0.31,0.69,-8.458,8.267,4.641,-0.254,-0.337,0.932,-1.252,-0.908,0.282,-0.194,-0.315,0.996,0.366,7.687,-0.71,0.122,-0.369,0.811,9.489,7.824,2.374,btn_D
1780981258.3051732,-0.181,-0.078,0.592,-5.779,1.527,-0.427,-0.649,-0.309,0.71,-7.328,10.534,-1.244,-0.27,-0.328,0.895,-1.481,-15.74,-3.481,-0.184,-0.33,1.003,2.466,-0.13,-2.939,0.115,-0.392,0.84,4.061,-6.328,0.321,btn_D
1780981258.4071617,-0.773,-0.14,0.658,-4.122,-7.534,-4.672,-0.666,-0.295,0.627,-6.214,1.115,-1.038,-0.238,-0.342,0.934,0.817,2.603,0.817,-0.217,-0.324,0.986,2.313,9.824,0.282,0.104,-0.353,0.804,4.122,3.939,1.023,btn_D
1780981258.5237176,-0.764,-0.139,0.661,-1.87,1.939,-1.198,-0.647,-0.305,0.651,-6.802,1.282,-0.267,-0.252,-0.343,0.932,-0.168,0.069,0.099,-0.201,-0.325,0.994,1.87,6.87,-0.466,0.106,-0.359,0.801,-2.168,3.107,-0.29,btn_D
1780981258.623065,-0.772,-0.142,0.659,-0.565,0.496,-1.29,-0.64,-0.307,0.654,-6.328,0.84,-0.458,-0.251,-0.341,0.927,0.191,2.305,0.626,-0.201,-0.327,0.989,1.122,9.412,1.107,0.114,-0.362,0.818,0.611,4.252,1.687,btn_D
1780981258.7219388,-0.772,-0.138,0.656,-0.229,2.336,-0.427,-0.645,-0.304,0.656,-6.053,0.214,-0.427,-0.258,-0.334,0.927,-0.244,-1.489,-0.29,-0.213,-0.321,0.989,1.786,6.588,-0.603,0.105,-0.352,0.806,-0.641,2.702,-0.115,btn_D
1780981258.8192866,-0.776,-0.145,0.664,-1.634,-0.008,-1.053,-0.646,-0.302,0.652,-6.443,0.718,-0.504,-0.27,-0.338,0.934,-0.557,-1.412,-0.16,-0.221,-0.323,0.99,1.344,6.382,-1.191,0.101,-0.355,0.809,-1.573,4.489,-1.069,btn_D
1780981258.922083,-0.766,-0.147,0.658,-0.634,1.023,0.267,-0.645,-0.305,0.659,-5.695,0.504,0.679,-0.255,-0.346,0.926,-0.435,2.595,0.672,-0.217,-0.328,0.986,1.748,7.779,-0.092,0.1,-0.356,0.803,-0.382,4.74,-0.779,btn_D
1780981259.0252848,-0.77,-0.14,0.65,-0.809,0.244,-0.916,-0.638,-0.305,0.651,-5.847,-0.206,0.901,-0.279,-0.356,0.96,1.282,2.405,0.641,-0.21,-0.328,0.983,2.954,7.168,-0.687,0.113,-0.359,0.814,-0.221,-0.038,-0.046,btn_D
1780981259.1398668,-0.768,-0.138,0.654,-2.191,1.481,-1.321,-0.647,-0.3,0.644,-6.527,0.878,0.107,-0.263,-0.331,0.93,0.298,-0.275,0.107,-0.22,-0.326,0.99,1.58,6.435,-0.687,0.104,-0.354,0.806,-1.473,3.206,-0.71,btn_D
1780981261.806117,-0.775,-0.143,0.652,-0.763,1.191,-0.038,-0.643,-0.303,0.654,-6.344,0.191,-0.458,-0.267,-0.336,0.932,-0.191,-0.435,0.397,-0.219,-0.327,0.979,1.748,6.84,-0.359,0.111,-0.352,0.807,-0.664,3.061,-0.198,btn_D
1780981261.9221842,-0.769,-0.142,0.653,-1.168,1.794,-1.122,-0.646,-0.297,0.656,-6.45,0.405,-0.893,-0.26,-0.338,0.934,-0.649,0.29,0.221,-0.221,-0.324,0.988,1.458,7.603,0.084,0.101,-0.354,0.809,-0.473,2.237,-0.145,btn_D
1780981262.021451,-0.778,-0.144,0.651,-0.733,1.611,-0.611,-0.646,-0.303,0.653,-6.092,0.29,-0.893,-0.262,-0.339,0.93,0.321,0.252,0.382,-0.218,-0.317,0.986,1.779,6.725,-0.344,0.105,-0.355,0.807,-0.29,2.298,0.183,btn_D
1780981262.1241965,-0.773,-0.143,0.65,-0.794,2.053,-0.908,-0.643,-0.299,0.658,-6.389,0.412,-0.672,-0.268,-0.342,0.926,-0.252,0.336,0.053,-0.219,-0.323,0.986,1.962,6.664,-0.359,0.1,-0.345,0.796,-0.336,2.908,-0.313,btn_D
1780981262.2195485,-0.776,-0.143,0.654,-0.481,1.198,-0.298,-0.643,-0.3,0.656,-6.13,0.359,-0.427,-0.258,-0.335,0.927,-0.061,0.237,0.191,-0.212,-0.322,0.983,2.038,7.168,-0.427,0.102,-0.344,0.811,-0.45,2.908,0.046,btn_D
1780981262.321343,-0.604,-0.077,0.261,102.527,-75.115,126.695,-1.028,-0.63,0.794,6.763,-38.252,-13.069,-0.284,-0.332,0.898,7.023,-15.771,-4.565,-0.277,-0.313,0.958,1.679,-24.863,-4.061,0.144,-0.366,0.811,-4.779,-9.321,-2.183,btn_D
1780981262.4392326,-0.626,0.019,0.788,-4.771,-2.74,10.809,-0.589,-0.301,0.675,-5.031,2.427,-0.511,-0.234,-0.337,0.945,-2.214,2.282,0.771,-0.205,-0.325,0.989,2.733,10.153,0.618,0.121,-0.366,0.795,3.55,-6.015,1.756,btn_D
1780981262.539916,-0.578,0.084,0.645,-19.26,16.061,-8.031,-0.588,-0.305,0.674,-11.725,7.718,2.969,-0.25,-0.331,0.925,-3.573,2.298,1.282,-0.198,-0.323,0.985,1.252,13.328,0.687,0.136,-0.343,0.817,7.489,16.496,2.145,btn_D
1780981262.6368492,-2.0,-1.203,2.0,-146.42,45.519,-70.71,-0.637,-0.342,0.61,-8.595,-6.557,0.458,-0.264,-0.342,0.92,-1.725,2.603,-3.206,-0.205,-0.333,0.987,4.275,-7.046,-1.863,0.095,-0.375,0.815,5.237,-5.756,1.397,btn_D
1780981262.739092,-0.776,-0.14,0.637,1.931,4.55,-0.084,-0.646,-0.303,0.653,-5.29,0.267,-0.069,-0.245,-0.344,0.933,-0.588,1.947,0.695,-0.207,-0.322,0.989,2.076,8.641,0.389,0.102,-0.352,0.806,-3.191,8.687,0.13,btn_D
1780981262.8365467,-0.777,-0.14,0.649,-0.534,3.534,-1.397,-0.643,-0.301,0.655,-6.336,0.893,-0.313,-0.262,-0.34,0.924,-0.649,0.87,0.237,-0.214,-0.321,0.989,1.473,7.885,-0.618,0.105,-0.353,0.805,-2.183,2.336,0.176,btn_D
1780981262.939476,-0.776,-0.142,0.65,-0.55,1.298,-0.382,-0.645,-0.3,0.655,-6.069,0.847,-0.374,-0.254,-0.341,0.927,0.198,-0.267,0.16,-0.208,-0.325,0.984,1.145,6.931,-0.389,0.101,-0.35,0.808,-0.13,2.466,0.038,btn_D
1780981263.0547633,-0.773,-0.137,0.655,-1.115,2.031,-1.252,-0.644,-0.306,0.649,-6.321,0.626,-0.748,-0.259,-0.341,0.932,-0.397,0.962,0.275,-0.211,-0.325,0.992,1.74,7.534,-0.397,0.109,-0.353,0.802,-0.534,1.489,0.244,btn_D
1780981263.1573777,-0.771,-0.141,0.646,-1.863,1.863,-1.015,-0.648,-0.299,0.66,-6.733,0.878,-0.519,-0.266,-0.341,0.924,-0.076,-0.58,-0.321,-0.215,-0.326,0.991,1.397,7.397,-0.382,0.11,-0.35,0.802,-0.649,2.366,0.122,btn_D
1780981263.248695,-0.781,-0.141,0.646,-1.427,1.542,-0.626,-0.645,-0.299,0.649,-6.519,0.824,-0.282,-0.259,-0.343,0.927,0.229,0.214,0.244,-0.212,-0.322,0.99,1.885,7.351,-0.328,0.11,-0.351,0.805,-0.534,2.366,-0.038,btn_D
1780981263.3515186,-0.776,-0.137,0.643,-0.702,1.031,-0.557,-0.645,-0.298,0.648,-6.481,0.374,-0.267,-0.262,-0.34,0.929,-0.527,0.344,-0.229,-0.211,-0.323,0.979,1.42,8.107,0.229,0.109,-0.356,0.806,-0.397,2.122,0.305,btn_D
1780981263.4542043,-0.78,-0.14,0.647,-1.076,1.603,-0.29,-0.646,-0.303,0.654,-6.496,0.13,-0.183,-0.26,-0.337,0.932,-0.366,0.176,-0.214,-0.217,-0.324,0.988,1.58,7.076,-0.061,0.106,-0.357,0.801,-0.534,1.977,-0.092,btn_D
1780981263.5575821,-0.779,-0.137,0.647,-0.939,1.771,-0.916,-0.643,-0.295,0.654,-6.321,0.969,-0.183,-0.262,-0.338,0.934,-0.58,0.382,-0.267,-0.219,-0.331,0.993,2.084,7.58,-0.244,0.109,-0.351,0.805,-0.832,2.153,0.191,btn_D
1780981263.6770723,-0.776,-0.144,0.644,-2.122,1.924,-1.015,-0.642,-0.3,0.657,-6.313,1.282,-0.092,-0.267,-0.34,0.929,-0.359,0.908,-0.298,-0.22,-0.327,0.987,1.954,8.198,0.412,0.109,-0.353,0.801,-0.405,2.702,-0.122,btn_D
1780981263.763453,-0.771,-0.14,0.645,-1.489,1.427,-1.191,-0.643,-0.296,0.66,-6.626,0.832,-0.015,-0.265,-0.339,0.93,-0.962,-0.427,0.137,-0.217,-0.321,0.983,1.053,6.863,-0.58,0.105,-0.352,0.804,-1.26,2.099,0.069,btn_D
1780981266.4421246,-0.78,-0.144,0.648,-1.244,1.466,-1.107,-0.643,-0.299,0.659,-6.45,0.885,-0.16,-0.263,-0.34,0.932,-0.656,0.29,0.443,-0.214,-0.323,0.988,1.527,7.145,-0.611,0.102,-0.352,0.8,-0.313,2.687,-0.115,btn_D
1780981266.5541422,-0.775,-0.145,0.647,-1.084,0.855,-0.786,-0.642,-0.294,0.656,-6.725,0.87,-0.092,-0.261,-0.341,0.93,-0.267,0.695,0.55,-0.221,-0.33,0.99,2.069,6.985,-0.298,0.102,-0.355,0.811,-0.26,3.344,-0.336,btn_D
1780981266.6572957,-0.776,-0.143,0.647,-1.267,1.519,-0.763,-0.641,-0.302,0.656,-6.992,0.595,0.115,-0.266,-0.34,0.935,-0.076,-0.115,0.389,-0.218,-0.324,0.98,1.863,6.725,-0.687,0.106,-0.358,0.807,-0.511,3.412,-0.183,btn_D
1780981266.755908,-0.776,-0.14,0.647,-1.313,1.214,-0.374,-0.644,-0.3,0.652,-6.588,0.618,-0.74,-0.259,-0.338,0.926,-0.267,0.458,0.557,-0.218,-0.323,0.982,1.748,7.153,-0.298,0.111,-0.346,0.804,-0.198,2.015,0.183,btn_D
1780981266.8536537,-0.776,-0.144,0.646,-0.29,2.038,-0.534,-0.644,-0.299,0.656,-6.26,0.55,-0.809,-0.265,-0.337,0.923,-0.336,0.214,0.603,-0.217,-0.326,0.986,1.55,6.832,-0.351,0.109,-0.354,0.799,-0.924,1.053,0.275,btn_D
1780981266.9567432,-1.332,-0.585,1.673,59.328,-70.229,-5.908,-0.748,-0.288,0.545,-11.527,-0.321,-6.168,-0.276,-0.336,0.94,0.84,-0.885,-1.221,-0.252,-0.302,0.998,-1.74,-1.611,-3.481,0.091,-0.348,0.788,-15.473,-20.153,-3.695,btn_D
1780981267.0688925,-0.639,0.106,0.601,30.137,-14.557,27.336,-0.609,-0.306,0.67,-3.321,-5.153,-4.153,-0.227,-0.336,0.926,-1.344,0.206,0.359,-0.198,-0.327,0.992,2.206,2.954,-0.313,0.134,-0.377,0.796,-8.656,3.962,-1.176,btn_D
1780981267.1728044,-0.723,-0.018,0.903,12.687,-7.389,11.649,-0.582,-0.305,0.669,-5.557,-3.443,-0.84,-0.248,-0.336,0.931,0.336,0.511,0.13,-0.194,-0.324,0.984,2.038,4.794,-0.664,0.139,-0.39,0.803,-1.496,2.802,-0.656,btn_D
1780981267.2699594,-0.711,0.118,0.667,11.71,-7.641,8.794,-0.582,-0.299,0.69,-3.466,-1.489,-1.42,-0.243,-0.329,0.928,1.084,-2.321,0.427,-0.185,-0.325,0.987,1.244,6.191,0.397,0.132,-0.388,0.798,1.863,7.084,0.397,btn_D
1780981267.3687956,-0.372,0.161,0.437,-76.87,61.969,-43.74,-0.539,-0.312,0.706,-17.763,17.863,12.344,-0.261,-0.34,0.928,-6.855,5.702,1.588,-0.203,-0.33,1.027,-1.931,19.786,0.55,0.104,-0.354,0.797,15.947,24.618,3.191,btn_D
1780981267.4717684,-0.732,-0.111,0.577,45.977,46.153,1.031,-0.639,-0.321,0.669,-7.771,0.695,-0.824,-0.25,-0.347,0.935,-0.382,4.397,0.008,-0.211,-0.325,0.986,0.58,7.802,-0.328,0.106,-0.364,0.805,-4.023,11.786,0.397,btn_D
1780981267.5881307,-0.766,-0.152,0.654,-0.87,4.779,-0.389,-0.642,-0.303,0.656,-5.656,0.985,1.473,-0.272,-0.341,0.921,1.885,3.206,2.069,-0.224,-0.323,0.987,1.885,9.031,0.634,0.113,-0.355,0.812,0.015,0.939,0.198,btn_D
1780981267.6878545,-0.781,-0.143,0.641,-1.382,0.794,0.328,-0.638,-0.3,0.657,-6.168,1.069,0.29,-0.261,-0.337,0.927,-0.244,1.397,0.901,-0.219,-0.326,0.993,0.901,9.29,0.084,0.101,-0.358,0.799,2.206,1.435,1.084,btn_D
1780981267.7804067,-0.781,-0.144,0.641,-2.496,3.282,-0.794,-0.639,-0.299,0.656,-6.466,1.336,0.183,-0.27,-0.336,0.92,-0.924,1.824,0.779,-0.228,-0.327,0.979,1.595,7.954,-0.588,0.102,-0.354,0.804,-2.214,0.542,-0.046,btn_D
1780981267.8835425,-0.786,-0.143,0.64,-2.031,1.847,-0.099,-0.643,-0.302,0.656,-6.557,0.847,-0.336,-0.261,-0.337,0.93,-0.618,-1.145,0.336,-0.208,-0.326,0.987,1.344,7.153,-0.55,0.107,-0.347,0.796,-0.458,2.511,0.748,btn_D
1780981267.9865124,-0.783,-0.148,0.641,-1.466,3.267,-0.45,-0.648,-0.3,0.654,-6.504,0.168,-0.924,-0.276,-0.343,0.931,-1.229,-0.374,0.046,-0.215,-0.326,0.983,1.092,4.916,-0.771,0.093,-0.365,0.799,-2.153,2.389,-0.511,btn_D
1780981268.0895443,-0.79,-0.145,0.626,-0.107,0.053,-0.924,-0.642,-0.295,0.661,-6.13,0.84,-0.443,-0.26,-0.339,0.939,-0.221,0.42,0.137,-0.225,-0.316,0.99,1.038,7.756,-1.008,0.094,-0.358,0.813,-1.031,2.603,0.588,btn_D
1780981268.2039576,-0.785,-0.148,0.629,-1.0,1.176,-1.137,-0.642,-0.303,0.658,-7.046,0.794,-0.863,-0.271,-0.345,0.915,-0.985,0.115,0.008,-0.233,-0.327,0.986,1.458,6.878,-1.122,0.092,-0.357,0.803,-0.481,3.344,-0.061,btn_D
1780981268.3063767,-0.777,-0.137,0.627,0.298,0.496,-0.626,-0.643,-0.302,0.654,-6.458,0.878,-0.511,-0.267,-0.339,0.927,-0.962,-1.137,-0.176,-0.227,-0.33,0.986,1.718,7.397,-0.626,0.091,-0.357,0.806,0.374,3.237,-0.099,btn_D
1780981268.403566,-0.783,-0.149,0.629,-1.397,1.328,-0.878,-0.644,-0.303,0.656,-6.466,0.611,-0.557,-0.27,-0.344,0.923,-0.443,0.779,0.176,-0.224,-0.33,0.982,1.947,6.756,-0.626,0.096,-0.35,0.803,1.084,2.198,-0.038,btn_D
1780981271.0765822,-0.791,-0.148,0.638,-0.412,2.092,-0.122,-0.645,-0.298,0.655,-6.824,0.275,-0.748,-0.267,-0.345,0.927,0.183,-0.313,0.145,-0.216,-0.332,0.987,1.824,7.29,-0.649,0.105,-0.358,0.804,-0.634,2.115,0.153,btn_D
1780981271.1796205,-0.778,-0.147,0.644,-1.305,1.985,-1.275,-0.644,-0.303,0.665,-6.733,0.382,-0.504,-0.268,-0.343,0.93,-0.992,0.588,0.099,-0.22,-0.329,0.973,1.435,7.305,-0.855,0.096,-0.353,0.805,-1.015,2.176,0.061,btn_D
1780981271.289119,-0.786,-0.146,0.636,-0.542,1.092,-0.794,-0.646,-0.302,0.649,-6.321,0.397,-0.344,-0.267,-0.343,0.924,-0.534,-0.328,0.053,-0.22,-0.327,0.989,1.061,6.763,-0.733,0.108,-0.359,0.799,-1.618,2.046,0.061,btn_D
1780981271.389122,-0.785,-0.146,0.639,-1.076,1.702,-0.908,-0.643,-0.302,0.657,-6.275,0.725,-0.313,-0.264,-0.345,0.924,-0.115,0.038,0.061,-0.221,-0.326,0.983,0.939,6.954,-0.847,0.105,-0.356,0.798,-0.443,1.206,0.046,btn_D
1780981271.4890943,-1.951,-0.273,0.343,208.947,-101.237,116.863,-0.721,-0.344,0.652,-10.214,-32.695,-24.221,-0.266,-0.354,0.941,2.389,-13.786,-6.0,-0.267,-0.377,0.984,14.13,-34.473,-3.55,0.155,-0.409,0.846,-9.031,-31.74,-2.901,btn_D
1780981271.601953,-0.566,0.111,0.648,27.053,-32.565,29.992,-0.55,-0.281,0.674,-3.496,-9.214,-4.252,-0.257,-0.337,0.922,0.26,-1.878,-1.695,-0.176,-0.33,0.978,2.695,7.534,-0.244,0.132,-0.392,0.803,3.74,13.618,-0.473,btn_D
1780981271.708559,-0.655,0.094,0.729,-12.771,7.061,0.641,-0.632,-0.327,0.727,-8.015,0.328,0.496,-0.253,-0.349,0.935,0.733,3.603,0.924,-0.202,-0.32,0.984,1.565,7.969,-0.656,0.123,-0.374,0.792,1.511,2.679,0.191,btn_D
1780981271.8059497,-0.694,0.1,0.719,-2.496,2.122,0.015,-0.597,-0.311,0.699,-6.489,1.557,-0.641,-0.244,-0.339,0.932,-0.206,-0.153,0.412,-0.196,-0.328,0.984,1.779,8.45,0.397,0.128,-0.375,0.796,0.366,1.214,-0.16,btn_D
1780981271.90083,-0.648,0.104,0.71,-4.42,3.58,0.748,-0.594,-0.312,0.681,-6.344,0.573,-0.786,-0.259,-0.338,0.936,-1.183,1.0,0.366,-0.196,-0.327,0.992,1.359,9.275,0.626,0.126,-0.382,0.8,1.603,6.863,0.481,btn_D
1780981272.003864,-0.272,0.034,0.394,-90.931,75.618,-118.969,-0.835,-0.481,0.7,-8.885,32.725,17.656,-0.265,-0.352,0.925,-1.382,-0.603,0.023,-0.198,-0.348,0.969,0.176,15.756,-0.16,0.115,-0.369,0.8,8.962,13.344,1.244,btn_D
1780981272.1223722,-0.825,-0.202,0.688,-8.13,-21.595,-5.496,-0.635,-0.314,0.645,-7.641,1.305,-1.458,-0.241,-0.36,0.927,-2.26,4.947,0.962,-0.203,-0.331,0.991,1.855,13.557,1.802,0.094,-0.364,0.81,0.893,8.313,0.038,btn_D
1780981272.210041,-0.784,-0.145,0.646,2.198,5.863,0.611,-0.647,-0.303,0.653,-5.962,0.931,-0.191,-0.264,-0.346,0.927,-0.359,-0.137,0.435,-0.211,-0.333,0.983,1.198,5.504,-0.626,0.105,-0.366,0.801,-3.832,5.191,0.031,btn_D
1780981272.3224814,-0.778,-0.142,0.65,-1.893,0.855,-0.023,-0.647,-0.305,0.655,-6.137,0.656,-0.015,-0.261,-0.341,0.929,0.244,0.076,0.71,-0.216,-0.327,0.986,1.725,7.611,-0.336,0.101,-0.358,0.789,-1.565,2.771,0.031,btn_D
1780981272.4216816,-0.782,-0.144,0.648,-1.466,1.962,-0.901,-0.647,-0.304,0.653,-6.107,0.687,0.336,-0.26,-0.342,0.927,-0.008,0.542,0.031,-0.207,-0.327,0.982,2.092,7.748,0.153,0.11,-0.361,0.808,0.405,2.931,0.313,btn_D
1780981272.5190732,-0.752,-0.126,0.652,-2.931,-1.55,-1.107,-0.639,-0.309,0.649,-6.573,1.321,0.244,-0.268,-0.343,0.926,0.565,1.168,0.947,-0.223,-0.333,0.982,2.313,9.473,-0.55,0.098,-0.352,0.799,0.893,5.405,-0.198,btn_D
1780981272.6218843,-0.77,-0.133,0.643,-0.954,1.786,-0.626,-0.641,-0.301,0.66,-6.565,1.237,0.656,-0.263,-0.343,0.923,0.282,-1.58,0.664,-0.216,-0.327,0.978,1.435,6.71,-0.595,0.099,-0.353,0.804,0.053,2.466,-0.191,btn_D
1780981272.7363756,-0.771,-0.142,0.648,-1.183,1.893,-0.374,-0.651,-0.302,0.647,-6.16,0.504,-0.275,-0.266,-0.346,0.927,-0.908,0.13,0.031,-0.212,-0.325,0.99,1.153,7.443,-0.412,0.102,-0.354,0.804,-1.145,0.634,0.237,btn_D
1780981272.8367279,-0.776,-0.141,0.648,-0.275,0.389,-0.527,-0.642,-0.298,0.645,-6.13,1.504,0.366,-0.258,-0.339,0.914,0.198,0.534,0.229,-0.22,-0.329,0.996,1.84,7.29,-0.893,0.092,-0.344,0.793,-1.992,0.954,0.328,btn_D
1780981272.940233,-0.784,-0.152,0.663,0.786,1.885,0.405,-0.641,-0.309,0.65,-5.84,0.496,-0.832,-0.259,-0.34,0.925,0.626,0.649,0.595,-0.215,-0.323,0.987,2.298,6.611,-0.099,0.105,-0.361,0.811,0.412,3.977,-0.031,btn_D
1780981273.0339613,-0.78,-0.137,0.64,-1.771,2.313,-1.282,-0.645,-0.295,0.643,-6.519,0.908,-0.779,-0.261,-0.336,0.924,-0.824,0.481,0.55,-0.223,-0.328,0.982,1.588,6.794,-0.794,0.101,-0.353,0.802,-0.977,1.817,0.321,btn_D
1780981275.7232919,-0.782,-0.138,0.642,-0.824,1.679,-0.412,-0.648,-0.307,0.656,-6.092,0.45,-0.901,-0.273,-0.344,0.921,-0.214,0.336,-0.282,-0.224,-0.331,0.982,1.458,6.489,-0.656,0.099,-0.353,0.804,-0.855,2.748,0.015,btn_D
1780981275.8217509,-0.777,-0.141,0.64,-0.481,1.427,-0.916,-0.645,-0.301,0.653,-6.542,0.282,-0.832,-0.271,-0.344,0.928,-0.176,0.092,0.191,-0.221,-0.333,0.984,1.542,6.725,-0.496,0.084,-0.352,0.802,0.191,3.557,-0.176,btn_D
1780981275.9180803,-0.777,-0.139,0.639,-1.198,1.16,-0.87,-0.649,-0.299,0.652,-6.779,0.519,-0.603,-0.276,-0.345,0.921,-0.45,0.137,-0.031,-0.221,-0.331,0.977,1.153,6.641,-0.802,0.099,-0.352,0.809,-1.092,1.511,0.145,btn_D
1780981276.0213234,-0.783,-0.144,0.643,-0.817,0.969,-0.725,-0.648,-0.304,0.655,-6.649,0.641,-0.603,-0.271,-0.339,0.921,-0.237,-0.145,0.122,-0.226,-0.33,0.988,1.214,7.214,-0.336,0.098,-0.354,0.807,-0.282,3.061,0.008,btn_D
1780981276.135964,-0.781,-0.142,0.639,-0.603,1.405,-0.374,-0.65,-0.3,0.641,-6.45,1.382,-0.542,-0.277,-0.345,0.924,-0.534,-0.45,-0.183,-0.223,-0.324,0.979,1.328,7.076,-0.412,0.099,-0.352,0.801,-0.786,1.725,0.198,btn_D
1780981276.234227,-0.796,-0.151,0.661,-1.931,3.977,0.229,-0.647,-0.298,0.651,-7.168,0.237,-0.168,-0.276,-0.347,0.906,1.206,-1.359,-0.817,-0.26,-0.324,0.995,2.939,5.565,-1.664,0.103,-0.357,0.805,-4.427,-0.267,-1.573,btn_D
1780981276.339274,-0.473,0.051,0.647,50.947,-26.977,43.985,-0.519,-0.292,0.663,-2.687,-7.008,-6.878,-0.239,-0.337,0.901,3.557,-11.366,-2.878,-0.171,-0.326,0.993,2.87,4.366,0.305,0.113,-0.364,0.801,14.679,-20.046,0.496,btn_D
1780981276.4338672,-0.794,0.035,0.767,5.954,-3.13,9.198,-0.634,-0.316,0.671,-3.527,-1.573,-1.458,-0.256,-0.342,0.93,0.824,1.176,-0.023,-0.192,-0.328,0.992,2.45,5.588,0.344,0.118,-0.377,0.8,5.137,-4.733,1.099,btn_D
1780981276.5360613,-0.693,0.085,0.688,-0.214,0.008,0.435,-0.618,-0.323,0.693,-6.214,0.16,0.183,-0.261,-0.337,0.926,0.053,3.809,0.878,-0.199,-0.327,0.984,1.802,7.588,-0.191,0.118,-0.374,0.798,-2.779,2.702,-0.763,btn_D
1780981276.6511078,-0.722,0.085,0.699,13.656,-6.374,5.366,-0.599,-0.317,0.68,-4.84,-0.969,-0.924,-0.262,-0.338,0.928,0.718,-1.74,-0.687,-0.189,-0.328,0.978,1.229,4.519,-0.71,0.131,-0.38,0.797,-1.924,6.214,-0.206,btn_D
1780981276.749918,-0.849,0.052,0.746,-8.176,9.763,-2.557,-0.635,-0.322,0.676,-6.282,3.076,0.344,-0.261,-0.344,0.936,0.183,0.328,0.489,-0.201,-0.327,0.997,1.145,7.71,-0.237,0.124,-0.371,0.794,5.603,6.145,1.275,btn_D
1780981276.8519142,-1.347,-0.321,0.969,-161.252,68.863,-171.74,-1.031,-0.252,0.454,-10.908,16.977,-9.405,-0.267,-0.34,0.924,-4.954,-1.496,-2.649,-0.194,-0.323,0.988,-6.015,1.794,-5.366,0.127,-0.399,0.887,-17.023,-8.901,-2.031,btn_D
1780981276.948063,-0.781,-0.128,0.645,4.626,6.931,0.366,-0.651,-0.309,0.646,-5.649,1.74,0.336,-0.258,-0.347,0.933,0.275,2.244,0.519,-0.214,-0.335,0.978,2.16,8.153,0.504,0.101,-0.348,0.792,-3.733,10.031,-0.069,btn_D
1780981277.0511608,-0.775,-0.138,0.654,-0.756,2.053,-1.267,-0.648,-0.307,0.649,-6.344,0.74,-1.55,-0.257,-0.349,0.931,-0.229,-1.053,-0.336,-0.206,-0.336,0.987,1.443,6.786,-0.885,0.113,-0.361,0.81,0.557,1.397,0.321,btn_D
1780981277.1540887,-0.769,-0.138,0.649,-0.527,-0.321,-1.038,-0.648,-0.302,0.647,-6.031,0.397,-0.557,-0.263,-0.349,0.921,-0.58,1.817,0.069,-0.214,-0.331,0.986,1.695,8.061,-0.748,0.104,-0.353,0.804,0.13,2.481,0.107,btn_D
1780981277.2573984,-0.77,-0.142,0.654,-1.45,1.061,-0.84,-0.652,-0.304,0.644,-6.176,0.664,-0.511,-0.258,-0.343,0.927,-0.023,-1.046,-0.137,-0.21,-0.333,0.985,1.924,6.26,-0.405,0.111,-0.36,0.793,-0.053,2.267,0.191,btn_D
1780981277.369764,-0.775,-0.144,0.651,-1.137,1.809,-0.321,-0.648,-0.308,0.646,-6.053,0.702,0.221,-0.255,-0.351,0.926,0.099,0.26,0.511,-0.212,-0.333,0.985,1.794,7.832,-0.198,0.104,-0.354,0.806,-0.214,3.519,-0.008,btn_D
1780981277.469479,-0.776,-0.142,0.648,-2.847,1.519,-0.008,-0.645,-0.304,0.646,-6.282,0.969,0.221,-0.258,-0.344,0.921,-0.969,1.382,0.221,-0.214,-0.337,0.985,0.893,8.519,0.58,0.101,-0.353,0.801,1.046,4.351,0.588,btn_D
1780981277.5662866,-0.775,-0.145,0.658,-2.534,2.023,-0.282,-0.653,-0.311,0.644,-6.427,0.718,0.16,-0.262,-0.346,0.925,0.023,1.534,0.42,-0.224,-0.33,0.984,2.061,8.481,0.756,0.104,-0.359,0.798,0.336,3.565,0.069,btn_D
1780981277.6700296,-0.772,-0.143,0.653,-1.557,0.855,-0.321,-0.653,-0.304,0.647,-6.298,0.695,-0.046,-0.27,-0.349,0.922,0.504,-2.076,-0.824,-0.224,-0.34,0.97,2.573,4.802,-1.229,0.09,-0.351,0.794,0.603,3.008,-1.626,btn_D
1780981280.353134,-0.781,-0.142,0.651,-0.771,1.55,-0.969,-0.652,-0.304,0.648,-5.962,0.603,-0.115,-0.27,-0.346,0.922,-0.221,0.366,0.649,-0.222,-0.336,0.979,1.321,6.702,0.038,0.102,-0.359,0.809,-0.634,2.87,-0.168,btn_D
1780981280.4537945,-0.778,-0.145,0.653,-1.0,1.542,-0.42,-0.648,-0.304,0.634,-6.534,0.71,-0.275,-0.268,-0.343,0.919,-0.099,-0.42,0.321,-0.22,-0.331,0.987,1.542,7.107,-0.16,0.099,-0.356,0.802,-0.42,2.412,0.031,btn_D
1780981280.5531638,-0.778,-0.145,0.64,-0.527,1.557,-0.733,-0.649,-0.309,0.642,-6.359,0.687,-0.634,-0.267,-0.346,0.926,-0.328,0.313,0.427,-0.219,-0.333,0.982,1.687,7.13,-0.557,0.101,-0.35,0.8,-0.725,2.015,-0.137,btn_D
1780981280.656178,-0.776,-0.147,0.642,-1.191,1.092,-0.763,-0.653,-0.307,0.643,-6.687,0.802,-0.733,-0.27,-0.354,0.925,-0.45,0.443,0.58,-0.218,-0.335,0.988,1.489,6.878,-0.321,0.097,-0.352,0.805,-0.527,2.42,0.031,btn_D
1780981280.7593222,-0.782,-0.147,0.647,-1.137,2.183,-0.412,-0.65,-0.305,0.647,-6.481,0.504,-0.397,-0.27,-0.346,0.927,-0.26,0.473,0.221,-0.22,-0.335,0.981,1.672,7.115,-0.359,0.101,-0.353,0.81,-0.634,2.153,-0.137,btn_D
1780981280.8629134,-0.78,-0.147,0.644,-0.641,1.481,-0.71,-0.651,-0.309,0.649,-6.641,0.351,-0.58,-0.268,-0.347,0.924,-0.26,-0.13,0.649,-0.218,-0.336,0.977,1.443,7.015,-0.718,0.1,-0.353,0.807,-0.962,2.595,-0.237,btn_D
1780981280.965217,-1.817,-0.495,0.868,140.115,-124.718,99.298,-0.741,-0.34,0.64,-15.695,-30.878,-21.229,-0.299,-0.343,0.905,4.992,-13.679,-6.618,-0.304,-0.314,0.86,8.183,-38.267,-7.908,0.112,-0.397,0.846,-10.618,-30.504,-8.053,btn_D
1780981281.067904,-0.665,0.027,0.798,-7.008,-1.626,8.779,-0.633,-0.354,0.696,-4.763,-5.214,0.244,-0.285,-0.329,0.907,0.641,0.481,0.084,-0.221,-0.326,1.0,3.45,6.87,-0.061,0.11,-0.371,0.792,-5.748,2.748,-0.382,btn_D
1780981281.171128,-0.651,0.066,0.771,-6.473,5.893,3.015,-0.614,-0.314,0.678,-7.298,2.611,-0.137,-0.256,-0.343,0.924,0.145,1.962,0.626,-0.203,-0.329,0.988,2.206,8.779,-0.595,0.12,-0.369,0.785,-3.214,4.565,0.237,btn_D
1780981281.2871737,-0.607,0.129,0.514,-29.611,27.885,-9.359,-0.553,-0.303,0.688,-9.115,13.237,3.824,-0.26,-0.334,0.926,-4.496,2.855,0.649,-0.185,-0.328,0.996,1.267,16.985,1.344,0.117,-0.369,0.801,13.626,18.969,3.427,btn_D
1780981281.384327,-2.0,-0.725,1.423,16.275,79.328,9.435,-0.657,-0.306,0.637,-6.496,2.588,-1.046,-0.249,-0.355,0.921,-0.695,0.885,-3.435,-0.214,-0.334,0.987,3.458,0.878,-3.397,0.107,-0.36,0.796,6.099,-3.206,0.702,btn_D
1780981281.4806006,-0.792,-0.133,0.618,-0.901,1.0,-2.565,-0.65,-0.306,0.648,-5.641,-0.55,0.458,-0.256,-0.346,0.925,0.0,0.794,1.282,-0.204,-0.336,0.984,1.771,9.023,0.893,0.102,-0.36,0.805,0.763,4.794,0.527,btn_D
1780981281.5835664,-0.786,-0.144,0.629,-1.061,2.656,-1.252,-0.642,-0.306,0.653,-7.084,1.168,-0.183,-0.261,-0.351,0.926,-0.733,2.328,0.336,-0.215,-0.338,0.979,1.252,8.473,0.206,0.099,-0.356,0.803,-1.542,3.626,-0.038,btn_D
1780981281.6863258,-0.795,-0.14,0.637,-1.244,2.313,-0.527,-0.649,-0.307,0.642,-6.756,0.992,-0.221,-0.257,-0.349,0.915,-0.305,-0.771,-0.008,-0.215,-0.338,0.992,0.908,5.931,-0.45,0.106,-0.364,0.806,-1.176,1.985,0.206,btn_D
1780981281.802238,-0.786,-0.143,0.632,-0.71,0.931,-1.053,-0.652,-0.31,0.653,-5.824,0.344,0.389,-0.268,-0.349,0.934,0.099,0.626,0.702,-0.213,-0.326,0.972,1.84,8.389,0.145,0.104,-0.353,0.801,0.557,4.061,-0.023,btn_D
1780981281.9020026,-0.789,-0.144,0.63,-0.947,1.954,-0.557,-0.652,-0.307,0.651,-6.29,0.45,-0.092,-0.262,-0.351,0.925,0.008,1.053,0.427,-0.213,-0.334,0.99,1.824,8.321,0.489,0.108,-0.358,0.802,0.252,3.382,0.176,btn_D
1780981282.0005796,-0.789,-0.145,0.63,-1.405,2.435,-1.221,-0.648,-0.303,0.646,-6.382,0.473,-0.679,-0.265,-0.346,0.918,-0.382,0.405,0.321,-0.22,-0.335,0.977,2.176,7.809,-0.481,0.106,-0.366,0.808,-0.87,2.87,0.252,btn_D
1780981282.104157,-0.792,-0.146,0.629,-1.412,1.557,-0.634,-0.649,-0.304,0.643,-6.214,0.679,-0.992,-0.267,-0.347,0.919,-0.13,0.382,0.145,-0.219,-0.333,0.984,1.702,7.198,-0.611,0.103,-0.36,0.802,-0.771,2.481,0.221,btn_D
1780981282.2010822,-0.791,-0.143,0.632,-1.084,1.244,-1.061,-0.646,-0.302,0.646,-6.374,0.321,-0.695,-0.27,-0.344,0.917,-0.489,0.733,-0.145,-0.219,-0.335,0.975,1.534,7.305,-0.588,0.103,-0.357,0.794,-0.771,2.336,-0.229,btn_D
1780981284.98302,-0.79,-0.143,0.63,-1.008,0.87,-0.954,-0.649,-0.3,0.651,-6.405,0.466,-0.061,-0.272,-0.343,0.924,-0.489,-0.038,0.298,-0.219,-0.333,0.977,1.305,6.992,-0.374,0.102,-0.361,0.811,-0.626,2.595,-0.076,btn_D
1780981285.0854895,-0.79,-0.145,0.633,-1.145,1.733,-0.695,-0.647,-0.305,0.649,-6.282,1.176,0.71,-0.273,-0.344,0.917,-0.359,0.603,0.023,-0.227,-0.333,0.977,1.74,6.679,-0.603,0.106,-0.362,0.807,-0.962,2.267,-0.137,btn_D
1780981285.188548,-0.786,-0.145,0.628,-0.435,0.809,-0.969,-0.649,-0.303,0.642,-6.13,1.107,0.008,-0.271,-0.346,0.923,0.023,-0.504,0.405,-0.219,-0.332,0.98,1.931,7.053,-0.298,0.096,-0.358,0.801,-0.351,2.748,-0.176,btn_D
1780981285.2916348,-0.792,-0.147,0.637,-1.023,2.099,-0.58,-0.651,-0.299,0.639,-6.328,0.756,0.16,-0.272,-0.342,0.924,-0.672,0.832,-0.084,-0.225,-0.334,0.976,1.29,7.031,0.282,0.095,-0.351,0.807,-0.748,2.252,-0.038,btn_D
1780981285.4023447,-0.792,-0.147,0.629,-0.756,1.679,-0.687,-0.652,-0.306,0.642,-6.389,0.29,-0.489,-0.27,-0.348,0.924,-0.176,-0.84,-0.16,-0.222,-0.337,0.978,2.435,5.718,-0.733,0.087,-0.349,0.792,-1.107,6.878,-3.305,btn_D
1780981285.497223,-0.289,0.442,0.003,29.366,-84.588,42.939,-0.45,-0.244,0.712,-1.504,-30.191,-15.74,-0.222,-0.346,1.003,-2.573,7.656,-2.328,-0.169,-0.339,1.003,3.366,7.527,-1.702,0.129,-0.387,0.775,-6.947,30.87,-4.145,btn_D
1780981285.6007106,-0.631,0.104,0.734,1.763,1.603,-2.649,-0.581,-0.301,0.662,-7.366,4.084,-1.115,-0.245,-0.341,0.935,-3.382,-2.443,0.427,-0.178,-0.329,0.993,1.374,9.351,0.496,0.131,-0.358,0.773,-8.023,13.038,-0.595,btn_D
1780981285.7034893,-0.606,0.14,0.637,-22.84,22.344,-8.107,-0.612,-0.316,0.71,-11.679,3.939,0.55,-0.259,-0.351,0.949,-1.748,4.435,2.496,-0.202,-0.325,0.988,1.687,7.809,-0.893,0.127,-0.368,0.795,-4.244,0.473,0.359,btn_D
1780981285.8070028,-0.451,0.08,0.608,-97.221,78.992,-55.931,-0.677,-0.377,0.719,-13.229,25.374,11.13,-0.265,-0.342,0.931,-4.939,11.557,3.206,-0.242,-0.363,0.936,-3.076,21.58,0.45,0.11,-0.34,0.777,3.603,13.656,1.481,btn_D
1780981285.91906,-0.603,-0.114,0.686,4.099,26.168,1.038,-0.642,-0.309,0.663,-7.252,8.359,-1.115,-0.267,-0.345,0.906,-2.076,-11.298,-0.634,-0.204,-0.334,0.987,0.641,1.183,-2.183,0.127,-0.371,0.825,0.275,-2.405,0.832,btn_D
1780981286.0206773,-0.787,-0.132,0.653,-5.519,-8.855,-4.389,-0.643,-0.305,0.649,-5.137,-0.305,0.58,-0.256,-0.348,0.923,1.611,4.71,2.489,-0.205,-0.337,0.99,3.977,13.366,1.435,0.094,-0.34,0.796,7.153,6.42,1.634,btn_D
1780981286.1157641,-0.778,-0.135,0.654,-2.046,2.0,-1.176,-0.646,-0.306,0.641,-6.855,0.565,-0.687,-0.258,-0.352,0.926,-0.443,0.229,0.725,-0.207,-0.337,0.984,1.595,7.855,0.061,0.104,-0.356,0.803,-0.389,2.756,0.115,btn_D
1780981286.2218468,-0.778,-0.139,0.651,-1.786,1.992,-0.908,-0.646,-0.307,0.649,-6.87,0.382,-0.679,-0.261,-0.349,0.924,-0.634,0.107,0.527,-0.21,-0.333,0.984,1.046,7.305,-0.298,0.112,-0.36,0.802,-0.962,2.893,-0.107,btn_D
1780981286.331933,-0.777,-0.137,0.652,-1.26,1.122,-1.031,-0.65,-0.306,0.645,-5.931,0.679,-0.321,-0.258,-0.346,0.928,0.13,0.634,0.832,-0.211,-0.334,0.978,1.74,7.87,0.374,0.105,-0.361,0.805,0.58,3.313,0.183,btn_D
1780981286.4398944,-0.773,-0.136,0.653,-1.252,1.374,-0.458,-0.651,-0.306,0.645,-6.183,0.908,0.0,-0.26,-0.347,0.921,-0.137,0.802,0.87,-0.213,-0.335,0.985,1.466,8.099,0.198,0.102,-0.352,0.807,0.13,2.58,0.58,btn_D
1780981286.5351038,-0.783,-0.134,0.644,-0.87,2.229,-0.618,-0.652,-0.303,0.634,-5.809,0.794,-0.031,-0.268,-0.343,0.927,-0.351,0.924,0.588,-0.212,-0.337,0.979,1.969,6.977,-0.183,0.112,-0.367,0.812,-0.099,4.053,0.229,btn_D
1780981286.6304667,-0.775,-0.135,0.652,-1.885,1.443,-1.412,-0.649,-0.309,0.653,-6.649,0.802,0.038,-0.266,-0.351,0.923,-0.634,0.443,0.511,-0.216,-0.337,0.977,1.458,7.099,-0.382,0.109,-0.36,0.794,-0.847,2.405,-0.092,btn_D
1780981286.733968,-0.776,-0.141,0.648,-0.908,1.13,-1.008,-0.653,-0.307,0.649,-6.557,0.847,0.191,-0.26,-0.347,0.923,-0.061,-0.634,0.099,-0.205,-0.333,0.982,1.748,7.351,-0.168,0.106,-0.363,0.791,-0.099,2.466,0.115,btn_D
1780981286.8377714,-0.771,-0.138,0.652,-0.534,1.443,0.0,-0.647,-0.306,0.648,-6.634,0.733,0.237,-0.279,-0.345,0.928,-0.786,0.122,0.015,-0.177,-0.341,0.952,1.321,7.534,-1.038,0.097,-0.352,0.81,-0.611,2.328,-0.26,btn_D
1780981289.618366,-0.785,-0.141,0.641,-1.328,1.947,-0.985,-0.649,-0.306,0.643,-6.832,0.42,-1.145,-0.273,-0.352,0.923,-0.16,0.008,-0.221,-0.216,-0.337,0.984,1.298,6.267,-0.412,0.105,-0.367,0.802,-0.481,2.031,-0.214,btn_D
1780981289.7209823,-0.775,-0.138,0.645,-0.702,0.931,-0.595,-0.645,-0.304,0.645,-6.351,0.504,-0.969,-0.27,-0.349,0.921,-0.542,0.779,-0.237,-0.215,-0.336,0.981,1.55,7.473,-0.473,0.097,-0.354,0.792,-0.298,2.42,0.16,btn_D
1780981289.8237128,-0.781,-0.139,0.644,-1.466,1.84,-1.168,-0.652,-0.309,0.647,-6.519,0.313,-0.901,-0.267,-0.35,0.923,-0.382,-0.824,-0.115,-0.216,-0.341,0.976,1.145,7.244,0.137,0.103,-0.358,0.811,-0.885,1.756,0.122,btn_D
1780981289.9267714,-0.777,-0.138,0.642,-0.695,1.779,-0.565,-0.651,-0.304,0.643,-6.214,0.328,-0.542,-0.268,-0.352,0.922,-0.137,-0.435,-0.42,-0.219,-0.34,0.978,1.359,6.992,-0.29,0.106,-0.352,0.808,-0.626,2.191,0.031,btn_D
1780981290.0296662,-0.769,-0.137,0.65,-0.237,1.145,-0.824,-0.648,-0.306,0.642,-6.046,1.031,-0.008,-0.267,-0.349,0.919,-0.244,0.55,-0.374,-0.221,-0.334,0.98,1.687,7.252,-0.115,0.11,-0.359,0.804,0.023,3.237,-0.13,btn_D
1780981290.1328013,-0.78,-0.141,0.649,-0.786,1.817,-0.55,-0.654,-0.303,0.643,-6.71,0.954,-0.023,-0.271,-0.345,0.925,-0.084,-0.588,-0.221,-0.221,-0.334,0.982,1.58,6.374,0.13,0.102,-0.361,0.798,-0.939,1.611,-0.084,btn_D
1780981290.2358382,-0.78,-0.215,0.777,-12.618,9.046,5.084,-0.679,-0.299,0.634,-7.878,0.824,-0.435,-0.295,-0.354,0.929,1.756,-2.061,-0.015,-0.213,-0.341,0.992,3.359,12.153,-0.13,0.106,-0.358,0.784,-6.702,0.672,-2.824,btn_D
1780981290.3498447,-0.437,0.072,0.562,38.573,-17.725,38.344,-0.585,-0.3,0.659,-3.412,-8.076,-2.664,-0.244,-0.345,0.933,3.115,-4.618,-0.595,-0.195,-0.34,0.988,4.053,1.321,-0.023,0.116,-0.352,0.779,2.45,-3.603,-1.916,btn_D
1780981290.4512947,-0.681,-0.001,0.86,11.618,-0.344,14.702,-0.63,-0.313,0.675,-6.206,1.962,-0.519,-0.258,-0.342,0.927,-0.412,-1.511,-0.718,-0.191,-0.333,1.006,2.756,3.779,-1.481,0.126,-0.391,0.809,-0.168,-0.832,-0.405,btn_D
1780981290.5848205,-0.701,0.101,0.704,6.824,-2.26,4.55,-0.595,-0.307,0.675,-5.511,0.359,-0.817,-0.196,-0.325,0.915,-0.42,-3.74,-0.214,-0.187,-0.333,0.994,2.16,7.687,-0.183,0.124,-0.383,0.788,1.664,10.466,-0.481,btn_D
1780981290.65297,-0.658,0.074,0.769,-0.863,-3.038,-0.87,-0.598,-0.313,0.677,-7.053,1.58,-0.55,-0.248,-0.337,0.927,-0.969,0.122,-0.397,-0.196,-0.331,0.983,1.702,8.191,-0.298,0.121,-0.37,0.789,0.252,4.389,-0.313,btn_D
1780981290.7524679,-0.674,0.103,0.721,-4.756,5.565,1.023,-0.6,-0.314,0.687,-5.916,1.053,-0.702,-0.251,-0.341,0.932,-0.885,-0.985,-0.176,-0.192,-0.329,1.002,1.939,7.992,0.282,0.129,-0.378,0.805,1.58,6.382,0.069,btn_D
1780981290.8696878,-0.793,-0.237,0.366,-138.176,150.328,-203.008,-0.593,-0.321,0.677,0.443,58.71,32.565,-0.261,-0.34,0.919,-1.74,6.313,1.511,-0.269,-0.324,1.012,-5.74,18.611,-0.817,0.073,-0.322,0.759,-0.336,5.672,-0.481,btn_D
1780981290.9570274,-0.777,-0.166,0.677,4.702,12.511,-0.176,-0.643,-0.304,0.646,-6.252,1.817,0.817,-0.269,-0.341,0.933,2.344,-0.206,0.466,-0.195,-0.332,0.997,1.718,6.763,0.466,0.106,-0.354,0.807,2.809,-2.58,0.863,btn_D
1780981291.0672626,-0.773,-0.142,0.652,-1.504,1.191,-0.855,-0.641,-0.309,0.65,-6.504,0.336,-0.069,-0.254,-0.347,0.935,-0.527,0.573,0.481,-0.205,-0.336,0.99,2.046,8.718,0.351,0.101,-0.365,0.803,2.885,0.74,0.611,btn_D
1780981291.167833,-0.777,-0.143,0.653,-1.137,1.855,-0.832,-0.645,-0.307,0.642,-6.832,0.817,-0.153,-0.263,-0.353,0.921,-0.45,-0.244,0.237,-0.213,-0.338,0.981,1.756,7.45,-0.321,0.103,-0.362,0.797,-0.061,1.794,0.214,btn_D
1780981291.2660177,-0.778,-0.142,0.643,-1.336,1.115,-1.702,-0.642,-0.31,0.653,-6.382,0.611,-0.435,-0.255,-0.348,0.924,-0.649,0.191,0.26,-0.205,-0.337,0.985,1.42,7.649,-0.137,0.108,-0.359,0.807,-0.679,2.489,0.29,btn_D
1780981291.3729622,-0.779,-0.146,0.64,-0.565,1.656,-0.344,-0.65,-0.31,0.641,-6.481,0.611,-0.115,-0.258,-0.35,0.928,-0.099,-0.076,0.122,-0.209,-0.332,0.978,1.756,6.634,-0.695,0.109,-0.358,0.801,-0.282,2.412,-0.252,btn_D
1780981291.4718816,-0.775,-0.143,0.644,-1.45,1.42,-1.74,-0.645,-0.305,0.646,-6.519,1.023,-0.344,-0.256,-0.352,0.926,-0.321,0.237,0.099,-0.206,-0.331,0.98,1.679,7.275,-0.527,0.105,-0.362,0.8,-0.511,2.748,0.008,btn_D
1780981294.2542813,-0.781,-0.143,0.646,-0.611,0.489,-0.565,-0.642,-0.306,0.656,-6.412,0.573,-0.374,-0.258,-0.346,0.928,-0.321,-0.794,0.099,-0.211,-0.33,0.982,1.366,6.878,-0.351,0.093,-0.356,0.8,-0.481,3.206,-0.023,btn_D
1780981294.3558018,-0.778,-0.146,0.642,-0.939,1.527,-0.947,-0.647,-0.306,0.654,-6.29,0.71,0.046,-0.263,-0.348,0.921,-0.412,0.504,0.931,-0.215,-0.332,0.978,1.618,6.87,-0.046,0.113,-0.362,0.806,-0.29,3.244,-0.168,btn_D
1780981294.4699867,-0.779,-0.142,0.645,-0.427,1.221,0.084,-0.648,-0.309,0.645,-6.656,0.84,0.313,-0.264,-0.346,0.927,0.13,1.366,0.55,-0.219,-0.333,0.98,1.573,7.786,-0.832,0.102,-0.36,0.802,-0.321,3.504,-0.046,btn_D
1780981294.5673673,-0.779,-0.14,0.639,-1.382,2.13,-1.13,-0.646,-0.307,0.648,-6.557,0.466,-0.069,-0.268,-0.346,0.926,-0.443,-0.504,0.214,-0.215,-0.33,0.985,1.527,6.641,-0.58,0.106,-0.359,0.8,-0.45,1.962,0.015,btn_D
1780981294.6651936,-0.777,-0.138,0.644,-1.511,1.26,-0.687,-0.649,-0.304,0.651,-6.74,0.87,-0.099,-0.27,-0.346,0.924,-0.748,0.573,0.489,-0.214,-0.335,0.98,1.137,7.397,-1.061,0.109,-0.379,0.804,-2.359,0.45,0.168,btn_D
1780981294.7685776,-0.81,-0.183,0.83,-23.939,10.718,2.794,-0.694,-0.296,0.627,-8.603,-0.336,-2.008,-0.244,-0.344,0.96,0.168,3.29,2.916,-0.225,-0.327,0.975,-0.13,12.481,0.847,0.083,-0.333,0.764,-18.389,-0.573,-6.855,btn_D
1780981294.8712797,-0.459,0.212,0.567,41.71,-24.885,43.748,-0.543,-0.295,0.691,-3.076,1.198,-6.901,-0.216,-0.336,0.913,-3.0,-17.557,-5.183,-0.258,-0.298,1.001,15.832,-1.733,-1.786,0.136,-0.357,0.799,4.847,3.237,-0.679,btn_D
1780981294.9825099,-0.653,0.156,0.697,-2.015,1.695,1.756,-0.58,-0.292,0.637,0.282,0.069,0.481,-0.219,-0.333,0.943,-0.496,-2.282,0.023,-0.149,-0.323,1.016,1.962,8.26,1.069,0.135,-0.368,0.794,2.656,1.901,0.26,btn_D
1780981295.0857522,-0.685,0.133,0.777,-4.344,3.969,-0.947,-0.603,-0.32,0.691,-6.626,0.313,-1.122,-0.242,-0.347,0.932,-0.26,1.351,0.611,-0.184,-0.323,0.997,1.206,6.641,-0.191,0.135,-0.371,0.796,-0.679,-0.183,-0.221,btn_D
1780981295.180608,-0.701,0.123,0.762,0.466,1.489,0.389,-0.6,-0.326,0.703,-6.649,-1.092,-0.496,-0.239,-0.355,0.94,0.382,1.214,0.702,-0.175,-0.318,0.992,2.229,3.901,-0.847,0.144,-0.393,0.809,-4.191,-3.122,0.099,btn_D
1780981295.284051,-0.417,0.232,0.49,-79.908,70.695,-13.916,-0.562,-0.313,0.69,-17.183,8.977,6.344,-0.235,-0.35,0.934,-6.511,9.237,2.053,-0.168,-0.306,1.011,-1.366,24.153,1.366,0.113,-0.353,0.79,4.634,16.412,2.71,btn_D
1780981295.3993418,-1.264,-0.145,0.613,-46.542,115.771,-160.282,-0.994,-0.235,0.524,-13.672,14.748,-11.038,-0.283,-0.343,0.917,-6.908,2.229,-1.901,-0.2,-0.32,0.996,-8.031,15.26,-4.473,0.122,-0.392,0.835,-19.87,-7.046,-3.282,btn_D
1780981295.5001602,-0.789,-0.143,0.645,1.351,3.099,-1.206,-0.648,-0.308,0.658,-5.504,1.107,0.985,-0.256,-0.344,0.932,0.969,-1.359,0.588,-0.201,-0.325,0.982,0.565,2.718,-0.466,0.115,-0.359,0.802,-4.42,1.412,-0.275,btn_D
1780981295.6014147,-0.775,-0.141,0.664,-0.893,1.55,-1.099,-0.641,-0.302,0.655,-6.015,1.099,0.466,-0.255,-0.343,0.924,-0.489,1.847,0.779,-0.196,-0.334,0.992,0.565,9.87,-0.634,0.109,-0.361,0.799,1.336,2.58,0.847,btn_D
1780981295.6952553,-0.776,-0.139,0.651,-1.847,4.809,-0.725,-0.645,-0.308,0.657,-6.779,1.809,0.641,-0.251,-0.348,0.931,-1.13,3.733,1.26,-0.21,-0.324,1.017,1.534,9.382,1.015,0.109,-0.357,0.794,1.519,3.359,1.427,btn_D
1780981295.798392,-0.772,-0.142,0.654,-1.252,2.336,0.122,-0.649,-0.305,0.65,-6.557,1.16,0.634,-0.26,-0.35,0.924,0.702,3.603,1.565,-0.214,-0.324,0.99,1.702,9.55,0.618,0.099,-0.349,0.797,0.374,3.908,0.023,btn_D
1780981295.9009964,-0.777,-0.14,0.649,-0.84,1.901,-0.679,-0.649,-0.305,0.647,-6.702,1.053,-0.542,-0.259,-0.348,0.923,0.13,-0.641,0.191,-0.204,-0.325,0.987,1.351,6.748,-0.313,0.11,-0.362,0.811,-0.221,2.954,-0.099,btn_D
1780981296.0133512,-0.778,-0.142,0.656,-1.763,1.687,-0.595,-0.648,-0.307,0.646,-6.244,0.603,-0.786,-0.267,-0.35,0.924,-0.771,1.412,-0.29,-0.213,-0.329,0.983,0.931,7.969,-0.336,0.105,-0.36,0.793,-0.855,1.13,-0.168,btn_D
1780981296.1162112,-0.781,-0.139,0.641,-1.206,1.664,-1.389,-0.648,-0.305,0.65,-6.145,0.42,-0.13,-0.262,-0.347,0.931,-0.053,-1.29,-0.252,-0.205,-0.326,0.987,1.405,6.145,-0.687,0.105,-0.363,0.809,-0.618,2.0,0.313,btn_D
1780981298.8881555,-0.79,-0.14,0.64,-0.053,0.206,0.374,-0.649,-0.304,0.642,-6.221,0.519,-0.389,-0.281,-0.345,0.918,0.328,-1.115,0.137,-0.227,-0.334,0.982,1.229,6.206,-0.351,0.097,-0.364,0.809,-0.351,1.87,-0.191,btn_D
1780981298.9911916,-0.789,-0.141,0.628,-1.16,1.489,-1.58,-0.657,-0.303,0.638,-6.458,0.847,-0.573,-0.28,-0.343,0.922,-0.504,-0.115,0.656,-0.228,-0.327,0.974,1.214,7.473,-0.145,0.091,-0.354,0.804,-1.313,1.84,0.069,btn_D
1780981299.0998867,-0.784,-0.141,0.635,-0.794,1.351,-0.336,-0.654,-0.306,0.645,-6.504,0.244,-0.481,-0.278,-0.349,0.918,-0.527,-0.023,0.351,-0.225,-0.332,0.977,1.237,7.336,-0.366,0.091,-0.357,0.812,-0.733,1.985,0.069,btn_D
1780981299.19723,-0.78,-0.136,0.638,-1.023,1.489,-1.412,-0.653,-0.305,0.648,-6.626,0.634,-0.519,-0.282,-0.346,0.921,-0.687,0.176,0.71,-0.232,-0.337,0.979,1.809,7.069,-0.779,0.089,-0.348,0.806,-0.748,2.107,-0.13,btn_D
1780981299.3003042,-0.789,-0.141,0.634,-1.45,1.855,-0.725,-0.65,-0.302,0.639,-6.733,0.557,-1.031,-0.28,-0.345,0.916,-0.145,0.328,0.443,-0.222,-0.333,0.98,1.565,7.321,-0.389,0.087,-0.357,0.807,-0.626,3.015,0.099,btn_D
1780981299.4154677,-0.785,-0.138,0.638,-0.672,0.641,-0.733,-0.655,-0.31,0.641,-5.847,1.084,-0.443,-0.281,-0.345,0.909,0.275,1.397,0.229,-0.226,-0.332,0.98,2.244,6.489,-0.557,0.086,-0.35,0.802,-1.015,2.649,0.145,btn_D
1780981299.518428,0.158,0.158,-0.33,139.321,-120.496,182.885,-0.335,-0.275,0.656,14.298,-44.664,-16.496,-0.212,-0.32,0.926,3.863,-47.802,-9.168,-0.123,-0.323,1.027,-0.931,-39.031,-6.519,0.175,-0.379,0.798,-10.763,-2.611,-4.42,btn_D
1780981299.6169426,-0.687,0.031,0.903,12.504,-18.053,23.45,-0.578,-0.307,0.667,-2.229,-2.924,-2.221,-0.243,-0.345,0.94,2.397,-1.779,-1.099,-0.194,-0.332,0.988,3.603,2.397,-0.87,0.139,-0.393,0.792,9.191,-11.473,0.863,btn_D
1780981299.7123976,-0.767,0.056,0.866,7.084,-3.947,8.519,-0.632,-0.326,0.676,-4.641,-0.58,-0.588,-0.267,-0.338,0.908,0.557,-0.695,-0.061,-0.188,-0.329,0.979,1.397,3.718,-1.542,0.138,-0.396,0.803,1.863,-2.038,0.084,btn_D
1780981299.8173013,-0.688,0.133,0.759,3.183,-0.901,2.718,-0.588,-0.315,0.698,-5.122,0.229,-0.382,-0.242,-0.347,0.923,-0.076,-0.649,0.519,-0.17,-0.333,0.993,1.237,7.298,-0.046,0.123,-0.385,0.797,-0.977,3.626,0.015,btn_D
1780981299.9309754,-0.658,0.132,0.756,-4.099,4.832,-2.641,-0.599,-0.315,0.676,-6.878,1.412,-0.42,-0.249,-0.346,0.924,-1.298,0.145,0.794,-0.187,-0.33,0.994,1.0,9.115,0.366,0.128,-0.382,0.79,-0.55,2.901,0.878,btn_D
1780981300.032972,-0.499,0.154,0.642,-36.191,30.832,-8.0,-0.557,-0.302,0.701,-14.183,11.992,3.45,-0.246,-0.344,0.928,-6.84,-0.053,-0.313,-0.206,-0.316,0.991,-4.42,11.611,-2.519,0.126,-0.385,0.798,6.252,18.519,1.626,btn_D
1780981300.1353116,-0.192,-0.188,0.728,-3.015,18.115,2.832,-0.642,-0.318,0.682,-10.412,9.71,-2.359,-0.272,-0.339,0.888,-3.145,-16.267,-1.511,-0.185,-0.352,0.98,2.969,-3.908,-0.87,0.129,-0.387,0.828,-1.885,-3.832,0.13,btn_D
1780981300.2337258,-0.766,-0.155,0.649,-8.412,-9.359,-3.924,-0.643,-0.322,0.65,-5.634,-0.313,-0.031,-0.25,-0.355,0.925,0.992,1.389,2.275,-0.224,-0.329,1.023,1.473,11.244,0.519,0.114,-0.372,0.804,6.427,2.901,1.145,btn_D
1780981300.3306699,-0.771,-0.142,0.645,-1.641,2.794,-1.313,-0.649,-0.319,0.638,-6.595,0.954,-0.351,-0.259,-0.357,0.921,-0.71,0.443,0.206,-0.202,-0.341,0.98,1.0,6.275,-1.252,0.102,-0.369,0.802,-1.191,1.664,-0.397,btn_D
1780981300.4334064,-0.773,-0.148,0.643,-1.328,2.832,-0.305,-0.648,-0.313,0.642,-6.435,0.832,-0.45,-0.256,-0.36,0.927,-0.748,-1.389,-0.137,-0.199,-0.341,0.985,1.13,6.87,-0.534,0.111,-0.368,0.797,-1.718,1.939,0.458,btn_D
1780981300.536282,-0.779,-0.156,0.647,-1.237,1.496,-0.626,-0.652,-0.317,0.646,-6.023,0.855,0.641,-0.261,-0.358,0.92,0.115,1.565,0.748,-0.211,-0.338,0.984,1.511,7.634,-0.282,0.103,-0.363,0.802,-0.427,2.0,0.718,btn_D
1780981300.6485074,-0.781,-0.148,0.648,-1.656,0.794,0.977,-0.646,-0.316,0.641,-6.328,0.679,1.092,-0.265,-0.349,0.928,0.336,1.595,0.985,-0.212,-0.338,0.981,1.748,8.26,0.061,0.103,-0.367,0.807,-0.29,2.588,0.55,btn_D
1780981300.7421935,-0.777,-0.144,0.648,-0.725,1.145,-0.74,-0.65,-0.317,0.645,-5.954,0.458,0.336,-0.261,-0.348,0.924,-0.244,0.26,0.282,-0.207,-0.329,0.983,1.336,7.55,-0.145,0.108,-0.364,0.8,-1.511,2.466,0.466,btn_D
1780981303.5369475,-0.779,-0.143,0.638,-0.763,0.924,-0.885,-0.653,-0.308,0.648,-6.061,0.58,-0.389,-0.271,-0.348,0.925,-0.412,0.198,0.122,-0.216,-0.332,0.982,1.763,7.466,-0.244,0.101,-0.361,0.802,-0.382,2.527,0.267,btn_D
1780981303.6351042,-0.777,-0.141,0.647,-0.634,1.0,-0.328,-0.651,-0.309,0.636,-6.695,0.534,-0.672,-0.264,-0.351,0.924,-0.092,-0.427,-0.084,-0.224,-0.335,0.984,1.45,6.87,-0.481,0.101,-0.357,0.81,-0.519,2.557,-0.137,btn_D
1780981303.7333686,-0.779,-0.145,0.636,-0.779,1.969,-0.817,-0.652,-0.314,0.638,-6.595,0.466,-0.511,-0.269,-0.354,0.929,-0.573,-0.817,0.053,-0.215,-0.336,0.986,1.321,6.221,-0.611,0.109,-0.363,0.808,-0.786,3.031,-0.305,btn_D
1780981303.8384535,-0.781,-0.144,0.643,-0.718,1.664,-0.786,-0.65,-0.304,0.637,-6.344,0.435,-0.519,-0.27,-0.351,0.927,-0.916,0.466,0.328,-0.225,-0.333,0.98,1.71,7.305,-0.603,0.102,-0.361,0.796,-0.725,2.435,-0.076,btn_D
1780981303.9355886,-0.78,-0.149,0.643,-1.0,1.748,-1.366,-0.651,-0.313,0.643,-6.603,0.779,-0.191,-0.269,-0.353,0.922,-0.427,-0.305,0.504,-0.223,-0.333,0.977,1.473,6.802,-0.733,0.101,-0.363,0.804,-1.282,2.115,0.061,btn_D
1780981304.0386019,-0.785,-0.146,0.644,-1.282,1.321,-1.336,-0.65,-0.313,0.64,-6.351,0.473,-0.565,-0.266,-0.356,0.921,-0.351,-0.542,0.595,-0.222,-0.333,0.981,1.908,6.588,-0.679,0.106,-0.361,0.814,-0.992,1.534,0.137,btn_D
1780981304.150155,-0.911,-0.218,0.917,-28.832,0.351,-1.305,-0.679,-0.293,0.646,-10.916,-4.794,-4.366,-0.281,-0.355,0.904,1.832,1.863,1.679,-0.23,-0.338,0.949,2.611,3.695,-1.183,0.074,-0.352,0.785,-12.817,-1.992,-4.969,btn_D
1780981304.2528403,-0.503,0.122,0.621,43.954,-17.542,36.405,-0.586,-0.318,0.678,-3.511,-15.046,-4.053,-0.268,-0.339,0.923,2.038,-5.313,-0.718,-0.231,-0.332,1.008,0.954,-0.092,-1.725,0.122,-0.37,0.801,-3.702,2.374,-2.275,btn_D
1780981304.350261,-0.63,0.138,0.708,14.137,-9.282,8.481,-0.59,-0.304,0.669,-3.443,1.626,-1.153,-0.233,-0.342,0.923,-0.664,-3.489,0.191,-0.195,-0.333,0.999,2.45,6.771,0.214,0.137,-0.371,0.785,1.641,2.473,-0.412,btn_D
1780981304.4509144,-0.674,0.086,0.791,-10.305,9.519,-4.588,-0.629,-0.335,0.699,-8.435,0.71,-0.076,-0.256,-0.35,0.926,0.466,2.084,0.481,-0.193,-0.333,0.993,1.84,6.527,-0.985,0.13,-0.385,0.788,-2.084,-2.718,-0.344,btn_D
1780981304.5643744,-0.7,0.079,0.795,4.031,-1.26,-2.229,-0.607,-0.312,0.669,-6.153,0.756,-0.473,-0.24,-0.342,0.927,-0.046,-0.511,0.313,-0.192,-0.325,0.995,1.397,5.947,-0.466,0.13,-0.394,0.788,0.382,1.504,0.473,btn_D
1780981304.6680737,-0.575,0.159,0.678,-49.985,37.817,-7.092,-0.613,-0.321,0.706,-13.076,3.809,3.008,-0.263,-0.351,0.929,-2.244,7.466,2.42,-0.211,-0.337,0.972,0.763,13.031,1.046,0.115,-0.37,0.787,0.687,5.282,0.389,btn_D
1780981304.7650626,-0.398,-0.174,0.454,-135.321,84.26,-145.702,-0.657,-0.325,0.625,-6.038,36.244,18.695,-0.268,-0.342,0.913,-5.031,0.634,0.298,-0.179,-0.328,1.007,-0.55,11.351,-1.527,0.13,-0.378,0.801,6.466,16.053,1.611,btn_D
1780981304.8628612,-0.769,-0.151,0.674,-6.687,-6.023,-4.099,-0.635,-0.31,0.665,-7.817,0.962,-0.427,-0.262,-0.357,0.926,1.656,1.687,1.115,-0.208,-0.336,0.976,2.267,9.565,0.168,0.108,-0.361,0.812,4.725,-3.183,0.366,btn_D
1780981304.9652777,-0.787,-0.139,0.639,-2.573,0.748,-0.298,-0.648,-0.312,0.646,-5.557,-0.71,0.656,-0.256,-0.345,0.918,0.389,0.351,1.305,-0.212,-0.325,0.994,1.366,7.962,-0.344,0.098,-0.363,0.807,-0.053,0.046,0.313,btn_D
1780981305.0685086,-0.784,-0.136,0.643,-0.992,2.786,-1.16,-0.651,-0.309,0.648,-6.565,0.664,-0.55,-0.262,-0.353,0.924,-0.053,1.733,0.855,-0.216,-0.334,0.983,1.71,8.435,-0.214,0.11,-0.358,0.793,-1.267,2.115,0.527,btn_D
1780981305.1717744,-0.784,-0.14,0.635,-1.504,2.489,-0.718,-0.646,-0.309,0.64,-6.084,0.351,-0.992,-0.261,-0.349,0.921,0.527,1.412,0.901,-0.212,-0.332,0.99,2.191,7.84,0.58,0.107,-0.366,0.805,-0.511,1.466,0.336,btn_D
1780981305.2831166,-0.779,-0.139,0.642,-0.679,1.679,-0.481,-0.645,-0.312,0.644,-6.336,0.802,-0.573,-0.257,-0.353,0.919,0.0,0.634,0.55,-0.207,-0.332,0.983,1.626,7.267,0.0,0.106,-0.362,0.802,-0.595,1.313,0.29,btn_D
1780981305.3830814,-0.784,-0.14,0.634,-1.282,0.855,-1.084,-0.643,-0.31,0.655,-6.206,0.496,-0.45,-0.256,-0.348,0.925,-0.145,-0.115,0.313,-0.21,-0.33,0.975,1.298,7.069,-0.076,0.107,-0.366,0.794,-0.634,1.275,0.252,btn_D
1780981308.0676632,-0.788,-0.143,0.641,-1.405,1.237,-1.16,-0.651,-0.31,0.642,-6.45,0.374,-0.198,-0.266,-0.348,0.922,-0.542,-0.679,0.008,-0.219,-0.334,0.982,1.695,6.885,-0.351,0.105,-0.364,0.805,-0.405,3.336,-0.053,btn_D
1780981308.1683671,-0.79,-0.139,0.635,-0.824,1.84,-1.0,-0.649,-0.307,0.643,-6.038,0.527,-0.092,-0.267,-0.35,0.92,0.153,-0.45,0.145,-0.219,-0.329,0.983,1.008,6.282,-0.13,0.106,-0.365,0.798,-1.298,1.137,0.122,btn_D
1780981308.2619743,-0.78,-0.143,0.64,-0.344,0.137,-0.427,-0.649,-0.305,0.639,-6.229,0.626,-0.069,-0.274,-0.337,0.929,-0.611,-0.145,0.084,-0.209,-0.33,0.982,1.374,7.061,-0.473,0.101,-0.367,0.808,-1.832,2.489,-0.229,btn_D
1780981308.3664744,-0.785,-0.139,0.64,-1.015,1.435,0.015,-0.649,-0.31,0.649,-5.893,0.649,-0.183,-0.268,-0.347,0.921,0.336,0.771,0.855,-0.217,-0.333,0.977,2.649,6.603,-0.542,0.102,-0.359,0.802,0.359,3.534,-0.641,btn_D
1780981308.47199,-0.78,-0.141,0.636,-0.802,0.137,-1.084,-0.65,-0.313,0.649,-5.924,0.519,-0.87,-0.271,-0.349,0.931,-0.275,-1.427,0.122,-0.222,-0.33,0.99,1.412,7.122,-0.771,0.101,-0.358,0.804,0.038,2.42,0.252,btn_D
1780981308.5814013,-0.783,-0.139,0.638,-0.122,1.221,0.069,-0.651,-0.303,0.652,-6.046,0.382,-0.198,-0.264,-0.347,0.928,-0.061,0.427,0.534,-0.209,-0.328,0.978,2.084,7.435,-0.55,0.104,-0.354,0.799,0.115,3.099,0.023,btn_D
1780981308.6816914,-0.782,-0.14,0.641,-2.275,1.328,-1.893,-0.65,-0.312,0.646,-6.832,0.015,-0.947,-0.272,-0.35,0.923,-1.252,-0.511,0.359,-0.224,-0.334,0.98,0.954,6.466,-0.71,0.105,-0.362,0.801,-0.794,1.55,0.145,btn_D
1780981308.781109,-0.781,-0.138,0.637,-0.939,1.725,-0.947,-0.656,-0.308,0.648,-6.557,0.519,0.084,-0.272,-0.348,0.922,0.046,0.618,0.702,-0.214,-0.327,0.982,1.74,7.405,-0.122,0.102,-0.353,0.8,-0.328,3.229,-0.29,btn_D
1780981308.879652,-0.781,-0.143,0.641,-2.0,1.023,-1.206,-0.648,-0.31,0.645,-6.672,0.183,-0.794,-0.27,-0.352,0.925,-0.809,-0.45,0.115,-0.216,-0.329,0.983,1.435,6.321,-0.534,0.102,-0.364,0.795,-0.313,2.679,-0.015,btn_D
1780981308.9829757,-0.782,-0.132,0.634,-1.328,1.305,-0.794,-0.649,-0.307,0.645,-6.595,0.756,-0.718,-0.264,-0.349,0.924,-0.878,-0.061,0.58,-0.216,-0.331,0.983,1.26,7.214,0.084,0.1,-0.352,0.797,-2.565,2.603,0.221,btn_D
1780981309.0855894,-0.657,0.273,0.222,59.809,-78.45,55.061,-0.531,-0.292,0.662,-0.748,-26.038,-11.992,-0.241,-0.336,0.927,-1.588,-1.313,-3.153,-0.187,-0.326,1.0,2.16,0.863,-1.695,0.115,-0.398,0.795,-6.557,8.458,-3.191,btn_D
1780981309.197088,-0.698,0.034,0.841,11.351,-5.489,9.168,-0.633,-0.334,0.677,-5.122,-2.58,-0.198,-0.263,-0.348,0.934,0.947,4.29,1.107,-0.17,-0.327,0.959,3.137,2.985,-0.878,0.124,-0.381,0.794,-9.366,1.206,-1.16,btn_D
1780981309.291529,-0.664,0.106,0.749,-6.466,4.252,2.71,-0.613,-0.317,0.701,-7.634,-0.702,-0.687,-0.254,-0.343,0.932,-0.626,3.069,0.496,-0.191,-0.325,0.999,1.496,7.221,-1.45,0.13,-0.391,0.795,-3.817,1.252,-0.298,btn_D
1780981309.3944893,-0.673,0.1,0.762,2.611,-0.206,-1.595,-0.611,-0.312,0.68,-6.809,0.168,-0.168,-0.252,-0.343,0.93,-0.855,1.527,0.275,-0.193,-0.332,0.99,1.977,7.382,-0.71,0.127,-0.382,0.791,-1.809,3.969,0.008,btn_D
1780981309.4983976,-0.636,0.133,0.698,-0.328,1.015,-2.504,-0.602,-0.31,0.677,-7.214,1.847,-0.244,-0.254,-0.344,0.937,-2.771,-1.397,0.061,-0.182,-0.333,0.989,0.359,8.603,-0.885,0.135,-0.383,0.788,1.802,9.008,-0.527,btn_D
1780981309.601283,-0.183,-0.034,0.254,-156.908,126.794,-151.336,-0.604,-0.306,0.716,-4.779,59.183,20.664,-0.263,-0.35,0.901,-4.496,5.916,0.756,-0.14,-0.343,0.958,2.427,11.458,0.321,0.121,-0.388,0.815,8.924,12.924,1.908,btn_D
1780981309.7040734,-0.744,-0.145,0.679,-11.458,-11.221,-6.542,-0.634,-0.307,0.67,-9.069,-2.191,-2.534,-0.253,-0.367,0.931,0.031,0.992,0.214,-0.216,-0.332,0.98,2.153,11.366,0.229,0.093,-0.365,0.799,3.924,-5.611,0.443,btn_D
1780981309.814425,-0.792,-0.137,0.634,-1.092,2.649,-1.855,-0.65,-0.312,0.641,-6.038,-0.45,-0.679,-0.275,-0.345,0.918,0.534,-0.595,0.382,-0.208,-0.333,0.986,1.122,6.687,0.015,0.102,-0.358,0.807,-1.855,0.015,0.389,btn_D
1780981309.9097495,-0.782,-0.139,0.645,-0.534,2.466,-0.069,-0.644,-0.312,0.649,-5.847,0.107,-0.832,-0.26,-0.352,0.922,0.435,2.0,0.824,-0.207,-0.333,0.985,2.473,9.359,0.74,0.097,-0.348,0.792,-1.023,2.26,0.863,btn_D
1780981310.0181732,-0.78,-0.139,0.64,-1.389,2.366,-1.031,-0.649,-0.308,0.645,-6.496,0.718,-0.733,-0.262,-0.351,0.927,-0.725,0.832,0.565,-0.205,-0.331,0.987,0.679,8.496,0.412,0.093,-0.366,0.802,-1.557,1.145,1.023,btn_D
1780981312.6906075,-0.785,-0.141,0.638,-0.695,1.527,-0.481,-0.651,-0.304,0.65,-5.885,0.748,0.176,-0.271,-0.351,0.921,-0.252,0.267,0.298,-0.222,-0.335,0.986,1.366,7.282,-0.16,0.096,-0.36,0.805,-0.443,2.901,-0.031,btn_D
1780981312.798423,-0.785,-0.143,0.643,-0.573,2.092,-0.527,-0.651,-0.309,0.644,-6.55,0.794,0.092,-0.275,-0.353,0.916,-0.015,0.145,0.275,-0.225,-0.338,0.979,1.427,7.023,-0.321,0.094,-0.359,0.81,-0.557,2.756,-0.092,btn_D
1780981312.8985636,-0.785,-0.141,0.636,-1.092,1.916,-0.687,-0.655,-0.308,0.637,-6.282,0.679,-0.069,-0.273,-0.349,0.915,-0.214,-0.145,0.435,-0.226,-0.33,0.977,1.565,7.13,-0.786,0.092,-0.358,0.805,-0.359,2.55,0.084,btn_D
1780981313.000314,-0.784,-0.142,0.635,-0.733,1.824,-0.878,-0.651,-0.31,0.638,-6.366,0.542,0.13,-0.277,-0.35,0.919,-0.511,0.069,0.42,-0.225,-0.335,0.98,1.901,7.221,-0.763,0.098,-0.363,0.791,-0.878,1.664,-0.031,btn_D
1780981313.1073687,-0.785,-0.138,0.638,-0.588,1.237,0.336,-0.658,-0.308,0.642,-6.389,0.809,-0.603,-0.274,-0.345,0.919,-0.267,0.122,0.328,-0.225,-0.334,0.977,1.672,6.855,-0.611,0.09,-0.36,0.804,-0.786,1.695,-0.008,btn_D
1780981313.2155163,-0.782,-0.138,0.635,-1.405,1.252,-1.374,-0.652,-0.314,0.631,-6.366,0.534,-0.725,-0.272,-0.354,0.921,-0.214,-0.473,0.015,-0.225,-0.333,0.982,1.893,6.573,-0.061,0.093,-0.361,0.808,-0.053,2.641,-0.313,btn_D
1780981313.3089066,-0.938,-0.202,0.9,-29.634,2.366,0.916,-0.745,-0.269,0.708,-9.435,0.992,-2.786,-0.244,-0.351,0.927,1.053,1.794,3.244,-0.259,-0.338,0.949,-1.275,4.191,-0.198,0.071,-0.349,0.798,-20.466,-1.389,-5.992,btn_D
1780981313.4119039,-0.517,0.157,0.542,26.87,-5.107,37.947,-0.607,-0.311,0.651,-2.901,-0.672,-3.794,-0.273,-0.347,0.919,2.511,-3.74,-0.023,-0.205,-0.337,0.986,4.29,-3.374,-0.817,0.124,-0.351,0.791,-8.588,7.191,-3.427,btn_D
1780981313.5313902,-0.716,0.062,0.771,-0.985,3.863,-3.137,-0.614,-0.329,0.703,-6.168,1.237,-0.947,-0.255,-0.354,0.933,0.206,-1.878,0.847,-0.204,-0.331,0.985,2.214,4.542,0.038,0.127,-0.372,0.783,0.023,-8.122,0.695,btn_D
1780981313.6178885,-0.715,0.079,0.784,1.321,-2.611,3.687,-0.62,-0.323,0.666,-5.473,1.618,-0.924,-0.257,-0.343,0.924,-0.664,-3.55,-0.046,-0.189,-0.331,0.984,0.344,7.924,-0.527,0.134,-0.373,0.788,-1.389,0.84,0.115,btn_D
1780981313.735701,-0.668,0.113,0.759,3.275,-6.55,7.046,-0.616,-0.319,0.678,-5.229,-3.603,-1.443,-0.256,-0.341,0.925,0.748,-1.038,0.221,-0.197,-0.326,0.996,2.473,2.13,-0.42,0.129,-0.372,0.788,-1.466,2.771,-0.397,btn_D
1780981313.832128,-0.693,0.138,0.725,1.313,0.504,1.191,-0.596,-0.325,0.684,-5.565,-0.45,-0.588,-0.26,-0.346,0.925,0.092,-0.779,0.023,-0.188,-0.329,0.999,2.061,6.466,-0.214,0.132,-0.383,0.787,-0.099,1.656,0.084,btn_D
1780981313.9319632,-0.517,0.204,0.49,-79.611,62.267,-11.847,-0.587,-0.335,0.698,-13.183,11.939,5.931,-0.258,-0.366,0.925,-5.076,8.023,2.328,-0.214,-0.341,0.969,1.916,21.87,0.634,0.111,-0.361,0.801,13.733,18.847,2.962,btn_D
1780981314.0318367,-0.823,-0.121,0.564,17.702,91.679,-98.504,-0.651,-0.307,0.66,-5.573,26.092,13.565,-0.265,-0.343,0.924,-2.221,1.794,0.489,-0.219,-0.334,0.991,-2.969,16.42,-0.718,0.09,-0.328,0.771,0.298,9.832,0.466,btn_D
1780981314.132974,-0.803,-0.132,0.64,-1.481,4.473,-2.046,-0.655,-0.311,0.644,-6.573,1.573,-0.16,-0.261,-0.357,0.921,0.786,-1.588,0.466,-0.216,-0.333,0.987,1.557,5.244,-0.634,0.108,-0.36,0.804,0.092,0.473,-0.008,btn_D
1780981314.2473748,-0.793,-0.137,0.646,-1.687,1.168,-1.786,-0.636,-0.309,0.657,-6.618,0.351,0.115,-0.265,-0.354,0.929,0.458,0.412,0.786,-0.212,-0.332,0.984,1.702,9.359,0.817,0.104,-0.365,0.8,1.466,3.0,0.656,btn_D
1780981314.3390965,-0.788,-0.133,0.633,-1.168,1.496,-0.763,-0.649,-0.306,0.646,-6.542,0.389,-0.031,-0.266,-0.349,0.921,-0.16,1.198,0.359,-0.217,-0.333,0.979,1.718,8.809,0.481,0.099,-0.37,0.794,0.008,3.305,0.542,btn_D
1780981314.4474673,-0.791,-0.132,0.633,-1.679,1.618,-0.634,-0.648,-0.307,0.649,-6.137,0.489,0.336,-0.271,-0.349,0.92,0.16,0.687,0.221,-0.22,-0.332,0.982,1.603,7.412,-0.229,0.095,-0.368,0.795,-0.473,2.847,0.267,btn_D
1780981314.5450861,-0.791,-0.135,0.634,-1.374,1.969,-0.519,-0.649,-0.31,0.64,-6.702,0.74,0.267,-0.273,-0.349,0.926,-0.137,0.412,0.275,-0.218,-0.33,0.982,1.496,6.557,-0.359,0.102,-0.36,0.813,-1.206,1.595,0.214,btn_D
1780981314.647943,-0.793,-0.139,0.629,-1.198,1.802,-0.611,-0.653,-0.306,0.642,-6.191,0.412,-0.573,-0.271,-0.349,0.926,-0.145,0.664,-0.748,-0.219,-0.328,0.984,1.511,7.427,-0.206,0.101,-0.365,0.8,-0.573,2.977,0.229,btn_D
1780981317.3263474,-0.792,-0.143,0.63,-1.282,1.977,-0.595,-0.65,-0.307,0.643,-6.534,0.16,-0.847,-0.275,-0.35,0.915,-0.511,-0.031,0.496,-0.224,-0.336,0.974,1.588,6.977,-0.458,0.094,-0.358,0.81,-0.481,2.267,0.153,btn_D
1780981317.434659,-0.789,-0.144,0.632,-0.542,1.519,-0.916,-0.648,-0.309,0.642,-6.13,0.168,-0.679,-0.276,-0.357,0.918,-0.45,-0.061,0.405,-0.222,-0.333,0.979,1.305,6.962,-0.397,0.101,-0.366,0.804,-0.443,2.519,-0.038,btn_D
1780981317.5321422,-0.787,-0.14,0.627,-0.618,1.389,-0.756,-0.65,-0.305,0.642,-6.374,0.87,-0.336,-0.275,-0.35,0.925,-0.214,0.046,0.305,-0.223,-0.333,0.978,1.336,6.244,-0.198,0.096,-0.363,0.804,-0.16,2.855,-0.336,btn_D
1780981317.6351528,-0.786,-0.143,0.633,-0.863,1.748,-0.931,-0.653,-0.307,0.646,-6.649,1.183,0.183,-0.271,-0.354,0.917,-0.137,-0.534,0.534,-0.226,-0.334,0.984,1.374,7.595,-0.244,0.101,-0.36,0.806,-0.809,2.55,-0.099,btn_D
1780981317.747295,-0.787,-0.146,0.627,-0.779,1.328,-0.84,-0.654,-0.307,0.645,-6.542,1.481,0.366,-0.271,-0.353,0.908,-0.443,0.389,0.282,-0.223,-0.339,0.977,1.641,6.992,-0.58,0.105,-0.359,0.801,-1.794,0.145,0.244,btn_D
1780981317.8442106,-0.269,0.07,0.104,106.038,-59.061,109.58,-0.581,-0.353,0.708,-5.626,-30.649,-12.87,-0.221,-0.341,0.975,5.115,-20.947,-3.0,-0.148,-0.319,1.029,0.198,-14.389,-3.359,0.125,-0.377,0.797,-11.015,0.443,-5.71,btn_D
1780981317.9440806,-0.662,0.053,0.759,24.153,-23.626,31.656,-0.624,-0.32,0.708,-1.145,-11.397,-3.481,-0.249,-0.349,0.923,4.305,-4.542,-0.443,-0.221,-0.324,1.016,4.847,-2.611,-1.679,0.129,-0.372,0.779,2.771,-10.511,-0.244,btn_D
1780981318.047059,-0.705,0.067,0.816,6.55,-4.916,4.893,-0.601,-0.322,0.678,-5.321,0.969,-1.389,-0.251,-0.345,0.919,-0.237,-2.542,-0.519,-0.179,-0.327,0.991,0.748,5.809,-0.489,0.126,-0.388,0.797,0.473,0.863,0.817,btn_D
1780981318.1505547,-0.642,0.075,0.829,3.916,-3.084,0.863,-0.597,-0.311,0.689,-7.618,1.13,-0.191,-0.251,-0.343,0.928,-1.427,-1.191,0.191,-0.192,-0.324,0.975,0.573,10.023,0.031,0.124,-0.388,0.804,0.916,6.427,0.305,btn_D
1780981318.266022,-0.546,0.172,0.569,-49.847,37.664,-6.206,-0.544,-0.296,0.675,-13.427,11.389,3.656,-0.264,-0.336,0.918,-6.0,3.191,1.504,-0.205,-0.323,0.994,0.74,17.344,-0.206,0.118,-0.349,0.792,15.176,19.969,3.802,btn_D
1780981318.3563843,-0.74,0.062,0.372,82.885,-55.611,-12.336,-0.652,-0.293,0.652,-7.947,3.802,-3.489,-0.258,-0.363,0.945,3.733,-6.252,-2.198,-0.192,-0.331,0.965,-0.802,-1.481,-1.382,0.105,-0.351,0.792,0.992,-6.656,0.595,btn_D
1780981318.4646795,-0.791,-0.13,0.62,-6.718,-2.267,-3.076,-0.648,-0.31,0.654,-6.305,0.137,0.015,-0.266,-0.36,0.932,0.511,4.046,1.695,-0.206,-0.337,0.981,2.534,12.496,1.817,0.093,-0.363,0.799,3.344,4.45,1.176,btn_D
1780981318.5623934,-0.784,-0.141,0.634,-2.328,3.519,1.45,-0.649,-0.303,0.649,-6.847,1.298,0.71,-0.279,-0.347,0.921,-0.779,3.145,1.351,-0.219,-0.331,0.973,0.427,9.702,0.26,0.092,-0.354,0.794,-2.809,4.046,1.473,btn_D
1780981318.6652572,-0.796,-0.144,0.635,-0.275,3.901,0.435,-0.653,-0.309,0.634,-6.084,0.0,0.16,-0.267,-0.346,0.914,0.229,0.092,0.55,-0.231,-0.328,0.981,1.031,6.221,-0.611,0.096,-0.358,0.807,-1.084,0.649,0.511,btn_D
1780981318.7687476,-0.795,-0.14,0.625,0.534,0.565,-0.786,-0.646,-0.307,0.651,-6.695,0.771,-0.443,-0.267,-0.351,0.918,-0.366,-0.198,-0.122,-0.22,-0.334,0.98,1.115,7.977,-0.542,0.09,-0.354,0.807,-0.649,2.435,0.427,btn_D
1780981318.8796072,-0.79,-0.145,0.625,-1.489,2.0,-1.0,-0.654,-0.311,0.646,-6.947,1.412,-0.389,-0.276,-0.353,0.91,-0.511,1.069,0.603,-0.222,-0.336,0.983,1.29,8.305,-0.053,0.09,-0.362,0.814,-0.855,2.588,0.489,btn_D
1780981318.9742136,-0.79,-0.141,0.628,-1.634,2.656,-0.672,-0.649,-0.31,0.643,-6.718,0.496,-0.763,-0.276,-0.352,0.924,-0.947,0.519,0.321,-0.223,-0.334,0.979,1.16,6.969,-0.099,0.084,-0.361,0.812,-0.786,1.969,0.427,btn_D
1780981319.080051,-0.792,-0.143,0.622,-1.374,1.977,-0.58,-0.654,-0.307,0.652,-6.511,1.198,0.0,-0.276,-0.355,0.92,-0.137,0.794,0.0,-0.217,-0.334,0.983,1.603,6.626,-0.282,0.096,-0.357,0.801,-0.748,2.466,0.176,btn_D
1780981319.1945171,-0.79,-0.138,0.622,-1.076,1.244,-1.061,-0.667,-0.303,0.629,-7.046,1.45,0.015,-0.284,-0.352,0.924,-0.061,-0.504,0.137,-0.222,-0.331,0.975,1.321,5.588,0.115,0.091,-0.36,0.809,-1.695,1.565,0.122,btn_D
1780981319.2944064,-0.792,-0.137,0.625,-0.626,1.198,-0.221,-0.656,-0.305,0.646,-6.229,1.015,-0.084,-0.276,-0.355,0.918,-0.191,-0.267,0.023,-0.225,-0.334,0.979,1.229,7.55,0.351,0.09,-0.358,0.797,-0.298,3.168,-0.046,btn_D
1780981321.9647858,-0.788,-0.147,0.629,-0.802,1.229,-1.252,-0.654,-0.309,0.643,-6.687,0.504,-0.031,-0.276,-0.358,0.917,-0.412,0.321,0.313,-0.226,-0.334,0.98,1.771,7.397,-0.504,0.086,-0.358,0.799,-0.496,2.137,0.046,btn_D
1780981322.0643942,-0.798,-0.151,0.627,-0.618,1.076,0.038,-0.654,-0.31,0.645,-6.45,0.244,-0.71,-0.276,-0.354,0.915,-0.214,-0.206,0.046,-0.222,-0.333,0.982,1.443,7.023,-0.16,0.088,-0.359,0.8,-0.58,1.611,0.305,btn_D
1780981322.1673899,-0.791,-0.144,0.63,-1.42,1.29,-1.382,-0.652,-0.305,0.641,-6.481,0.481,-0.969,-0.278,-0.356,0.911,-0.55,0.382,0.275,-0.228,-0.335,0.974,1.405,6.679,-0.649,0.091,-0.357,0.797,-0.511,1.969,0.16,btn_D
1780981322.270634,-0.792,-0.141,0.622,-0.84,1.489,-0.519,-0.651,-0.311,0.64,-6.565,-0.038,-1.328,-0.278,-0.352,0.912,-0.443,-0.916,0.489,-0.224,-0.33,0.985,1.557,7.046,-0.252,0.095,-0.356,0.801,-0.626,2.16,0.053,btn_D
1780981322.3734627,-0.909,-0.169,0.805,-29.534,0.221,-0.427,-0.661,-0.3,0.653,-9.252,-1.641,-2.031,-0.31,-0.371,0.948,0.939,-0.122,1.427,-0.264,-0.345,0.935,-3.908,6.519,-0.534,0.072,-0.326,0.771,-13.214,-5.954,-3.962,btn_D
1780981322.4803488,-0.625,0.061,0.672,66.947,-28.672,34.977,-0.61,-0.326,0.66,-1.588,-7.427,-5.412,-0.268,-0.35,0.927,2.053,-6.542,-2.618,-0.219,-0.333,0.976,2.87,-5.221,-3.168,0.126,-0.379,0.798,-9.168,4.015,-3.664,btn_D
1780981322.579024,-0.685,0.086,0.741,-0.626,-2.382,2.832,-0.608,-0.322,0.682,-6.275,-0.13,0.084,-0.262,-0.353,0.934,-0.679,-0.183,0.206,-0.198,-0.334,0.984,1.504,9.153,-0.466,0.115,-0.379,0.8,1.115,3.611,-0.328,btn_D
1780981322.6827328,-0.698,0.104,0.71,-1.0,0.809,2.137,-0.607,-0.319,0.675,-5.481,1.237,0.29,-0.266,-0.343,0.917,-0.214,-0.71,0.634,-0.2,-0.329,0.981,1.26,8.672,-0.29,0.109,-0.378,0.79,1.939,3.427,0.756,btn_D
1780981322.7982388,-0.722,0.094,0.718,-0.527,-1.244,-1.328,-0.618,-0.327,0.686,-7.092,-1.405,-0.374,-0.266,-0.346,0.917,0.977,2.183,0.664,-0.195,-0.332,0.984,0.71,9.191,-0.176,0.116,-0.383,0.795,0.496,3.305,0.473,btn_D
1780981322.8976123,-0.658,0.091,0.639,-24.855,21.802,-13.412,-0.565,-0.316,0.671,-11.198,9.069,3.802,-0.265,-0.351,0.922,-4.0,-0.863,-0.13,-0.218,-0.333,0.982,1.092,12.679,-0.695,0.108,-0.379,0.797,9.031,15.565,1.641,btn_D
1780981322.9917717,-1.367,-0.023,0.51,56.313,-79.221,-4.13,-0.614,-0.302,0.671,-4.473,-1.092,-3.244,-0.286,-0.376,0.966,3.641,-3.725,-2.092,-0.199,-0.338,0.971,1.107,-2.313,-1.061,0.092,-0.357,0.789,-0.802,-8.954,-0.206,btn_D
1780981323.097255,-0.788,-0.135,0.634,-7.42,-5.718,-4.031,-0.661,-0.299,0.64,-7.038,-0.344,-1.183,-0.25,-0.363,0.926,0.397,3.794,1.87,-0.218,-0.333,0.99,3.496,11.427,1.573,0.091,-0.354,0.788,2.931,5.443,0.313,btn_D
1780981323.1973636,-0.782,-0.138,0.646,-0.718,2.397,-0.397,-0.65,-0.308,0.638,-6.634,0.351,-0.504,-0.27,-0.361,0.917,-0.443,0.45,1.16,-0.219,-0.333,0.978,1.084,7.237,-0.023,0.089,-0.363,0.796,-0.939,1.092,0.344,btn_D
1780981323.3113458,-0.776,-0.13,0.639,-1.45,0.855,-0.847,-0.653,-0.315,0.633,-6.908,0.565,-0.695,-0.269,-0.361,0.917,-0.145,-0.115,0.466,-0.216,-0.339,0.979,2.115,7.756,-0.504,0.098,-0.365,0.807,-0.695,2.718,0.42,btn_D
1780981323.4114587,-0.776,-0.135,0.645,-2.565,1.802,-0.679,-0.658,-0.31,0.632,-6.733,0.611,-0.412,-0.258,-0.352,0.918,-0.053,1.878,1.092,-0.228,-0.341,0.981,1.725,8.687,-0.031,0.095,-0.37,0.816,-0.237,2.847,0.534,btn_D
1780981323.516817,-0.778,-0.137,0.644,-1.893,2.702,-0.145,-0.657,-0.306,0.636,-6.099,0.802,-0.183,-0.266,-0.349,0.914,-0.695,0.824,0.71,-0.221,-0.34,0.979,1.29,7.84,-0.45,0.088,-0.355,0.804,-0.763,3.626,0.29,btn_D
1780981323.609775,-0.782,-0.138,0.64,-1.733,3.244,-0.71,-0.658,-0.309,0.638,-6.855,0.748,-0.55,-0.282,-0.363,0.916,-1.16,0.55,0.603,-0.227,-0.335,0.978,0.893,7.794,-0.176,0.096,-0.358,0.806,-1.771,1.168,0.206,btn_D
1780981323.712715,-0.79,-0.144,0.64,-1.313,2.557,-0.84,-0.654,-0.309,0.643,-6.443,0.71,-0.206,-0.268,-0.358,0.912,-0.634,-0.069,0.328,-0.224,-0.342,0.977,1.069,6.679,-0.397,0.091,-0.363,0.809,-1.053,2.344,-0.107,btn_D
1780981323.8309941,-0.784,-0.146,0.638,-0.237,0.924,0.092,-0.654,-0.312,0.642,-6.321,0.916,-0.511,-0.268,-0.359,0.917,-0.519,0.702,0.084,-0.223,-0.339,0.979,1.298,7.084,-0.687,0.099,-0.365,0.8,-1.061,1.481,0.183,btn_D
1780981323.932067,-0.786,-0.141,0.637,-1.061,1.244,-1.412,-0.652,-0.315,0.634,-6.702,1.26,-0.053,-0.275,-0.359,0.92,-0.046,0.076,0.374,-0.225,-0.341,0.979,1.863,7.786,-0.267,0.094,-0.364,0.803,-0.885,2.344,-0.275,btn_D
1780981326.5967627,-0.782,-0.143,0.638,-0.702,1.969,-1.183,-0.657,-0.308,0.636,-6.756,0.962,-0.305,-0.278,-0.359,0.917,-0.145,0.313,0.061,-0.227,-0.335,0.976,1.58,6.718,-0.053,0.095,-0.369,0.81,-0.122,2.053,-0.084,btn_D
1780981326.6994722,-0.787,-0.138,0.639,-1.565,1.519,-0.954,-0.654,-0.308,0.638,-6.336,0.634,0.237,-0.276,-0.355,0.918,-0.489,0.328,-0.031,-0.231,-0.339,0.975,1.405,7.313,-0.435,0.09,-0.37,0.806,-0.534,2.87,-0.053,btn_D
1780981326.8028092,-0.784,-0.14,0.633,-1.344,1.435,-1.137,-0.656,-0.313,0.639,-6.45,0.313,-0.321,-0.275,-0.36,0.917,-0.153,-0.427,0.351,-0.224,-0.337,0.976,1.321,6.748,-0.069,0.088,-0.37,0.804,-0.092,2.863,0.076,btn_D
1780981326.9129267,-0.784,-0.138,0.636,-0.634,1.145,-0.252,-0.657,-0.311,0.64,-6.191,0.641,-0.191,-0.276,-0.356,0.916,-0.038,0.374,0.458,-0.227,-0.341,0.977,1.771,7.504,0.023,0.092,-0.366,0.802,-0.145,2.664,-0.076,btn_D
1780981327.0164971,-0.784,-0.143,0.637,-1.115,1.145,-1.237,-0.653,-0.307,0.638,-6.221,0.603,-0.649,-0.274,-0.354,0.917,-0.084,0.168,0.183,-0.228,-0.336,0.975,1.183,6.718,-0.55,0.084,-0.36,0.799,-0.626,2.26,0.275,btn_D
1780981327.1123583,-1.422,-0.666,1.934,11.435,-66.87,-13.16,-0.637,-0.292,0.705,-9.794,-0.824,0.0,-0.295,-0.36,0.935,0.809,-6.069,-1.519,-0.26,-0.343,0.954,-0.878,-7.977,-4.305,0.079,-0.347,0.777,-19.427,-23.229,-5.885,btn_D
1780981327.2146266,-0.712,0.088,0.658,53.092,-35.374,48.87,-0.608,-0.33,0.672,2.618,-12.786,-7.542,-0.26,-0.346,0.936,1.664,-11.641,-4.756,-0.191,-0.344,0.99,2.649,-13.466,-2.885,0.143,-0.389,0.799,-8.328,2.115,-2.069,btn_D
1780981327.317803,-0.599,0.197,0.617,8.74,-10.695,13.84,-0.556,-0.297,0.659,-4.603,-3.954,-3.198,-0.229,-0.352,0.933,-0.756,-0.069,1.015,-0.181,-0.333,1.007,0.359,9.573,0.275,0.125,-0.374,0.775,-1.191,6.733,-0.374,btn_D
1780981327.4332898,-0.705,0.095,0.793,-6.328,5.504,-2.672,-0.622,-0.332,0.694,-7.718,0.977,-0.244,-0.266,-0.35,0.923,0.046,-0.023,0.359,-0.196,-0.334,0.991,0.977,8.061,-0.298,0.121,-0.386,0.798,-1.244,0.916,-0.084,btn_D
1780981327.5315745,-0.634,0.163,0.677,-6.023,3.122,-2.771,-0.602,-0.317,0.677,-7.099,1.137,0.031,-0.254,-0.353,0.923,-1.756,0.603,0.359,-0.2,-0.335,0.977,1.374,8.489,-0.351,0.116,-0.387,0.782,0.206,4.588,-0.458,btn_D
1780981327.6294231,-0.616,0.156,0.682,-5.557,2.176,-0.183,-0.6,-0.325,0.677,-6.336,1.427,-0.183,-0.258,-0.357,0.923,-1.924,-0.244,0.29,-0.181,-0.34,0.979,0.412,8.366,0.221,0.105,-0.378,0.784,-0.252,4.344,-0.931,btn_D
1780981327.7304645,-0.711,0.079,0.844,-8.13,7.924,-4.183,-0.62,-0.331,0.67,-6.321,3.275,-0.031,-0.254,-0.353,0.924,-1.053,-1.885,-0.13,-0.186,-0.335,0.992,1.382,7.244,0.198,0.107,-0.376,0.794,-2.542,-1.893,-0.168,btn_D
1780981327.8454702,-0.482,0.24,0.489,-36.328,31.954,-18.924,-0.552,-0.3,0.662,-15.45,9.542,3.473,-0.289,-0.357,0.936,-9.725,-2.061,-1.519,-0.182,-0.335,1.001,-0.779,16.107,-2.115,0.118,-0.384,0.809,19.939,22.992,3.809,btn_D
1780981327.9447196,-0.943,-0.244,0.853,23.985,24.0,9.786,-0.67,-0.31,0.655,-4.71,4.107,-1.557,-0.257,-0.367,0.947,-2.626,-22.397,-2.969,-0.157,-0.345,1.01,1.366,10.924,-1.687,0.107,-0.358,0.781,6.092,2.115,1.084,btn_D
1780981328.045753,-0.784,-0.13,0.655,-7.45,-9.649,-5.084,-0.648,-0.31,0.64,-5.481,-0.611,-0.366,-0.242,-0.362,0.921,0.733,4.389,2.809,-0.215,-0.343,0.981,3.191,12.832,2.176,0.086,-0.357,0.795,6.618,2.466,1.595,btn_D
1780981328.1419764,-0.767,-0.136,0.653,-3.099,1.977,-1.931,-0.655,-0.31,0.638,-6.779,0.809,-0.656,-0.261,-0.365,0.924,-0.534,-0.229,0.664,-0.208,-0.347,0.977,1.626,7.45,0.069,0.1,-0.367,0.803,0.092,2.84,0.29,btn_D
1780981328.244819,-0.769,-0.136,0.659,-0.916,1.954,-1.58,-0.658,-0.312,0.634,-6.847,1.473,-0.931,-0.25,-0.363,0.911,-0.84,0.794,0.305,-0.216,-0.347,0.984,1.481,9.031,0.511,0.097,-0.36,0.8,-0.42,3.672,0.351,btn_D
1780981328.347839,-0.768,-0.146,0.658,-2.351,2.473,-0.985,-0.66,-0.313,0.637,-7.107,1.191,-0.145,-0.263,-0.365,0.924,-0.191,1.702,0.656,-0.217,-0.344,0.973,1.13,7.885,-0.389,0.095,-0.36,0.807,-1.145,1.878,-0.008,btn_D
1780981328.465461,-0.766,-0.145,0.659,-2.374,1.58,-1.58,-0.657,-0.314,0.633,-7.038,0.863,-0.748,-0.263,-0.363,0.923,-0.893,-0.481,-0.107,-0.217,-0.346,0.984,1.122,7.122,-0.664,0.096,-0.361,0.809,-0.397,2.931,0.122,btn_D
1780981328.5620623,-0.777,-0.141,0.656,-0.603,1.084,-0.634,-0.659,-0.312,0.628,-5.786,-0.366,-0.725,-0.264,-0.363,0.924,0.962,-2.573,-0.763,-0.206,-0.341,0.98,2.756,4.183,-0.603,0.088,-0.363,0.808,0.405,3.725,-0.092,btn_D
1780981331.2323492,-0.779,-0.145,0.647,-1.527,1.321,-1.336,-0.664,-0.312,0.635,-6.481,0.511,-0.153,-0.27,-0.364,0.917,-0.344,-0.122,0.29,-0.219,-0.342,0.971,1.511,6.794,-0.718,0.094,-0.361,0.798,-0.878,2.107,0.198,btn_D
1780981331.3420653,-0.773,-0.133,0.657,-0.863,1.389,0.252,-0.658,-0.31,0.635,-6.053,0.756,-0.305,-0.267,-0.363,0.917,-0.603,-0.092,0.275,-0.224,-0.342,0.974,1.015,7.237,-0.588,0.097,-0.36,0.808,-0.45,2.595,0.153,btn_D
1780981331.449845,-0.775,-0.144,0.645,-0.969,1.779,-0.832,-0.654,-0.306,0.637,-6.275,0.58,-0.336,-0.267,-0.366,0.918,-0.42,-0.55,0.344,-0.22,-0.344,0.977,1.237,6.832,-0.244,0.099,-0.366,0.802,-0.954,2.168,0.099,btn_D
1780981331.5503607,-0.771,-0.14,0.65,-1.26,1.893,-0.046,-0.658,-0.305,0.644,-6.389,0.565,-0.084,-0.268,-0.365,0.909,-0.313,0.603,0.336,-0.218,-0.337,0.972,1.443,7.176,-0.267,0.094,-0.359,0.804,-0.87,2.481,0.244,btn_D
1780981331.6439843,-0.777,-0.15,0.642,-1.733,2.26,-0.443,-0.657,-0.309,0.635,-6.672,0.969,0.092,-0.272,-0.364,0.916,-0.435,0.763,0.702,-0.224,-0.335,0.974,1.962,6.947,-0.168,0.084,-0.354,0.798,-0.183,2.489,-0.053,btn_D
1780981331.747398,-0.786,-0.148,0.642,-0.321,1.885,0.0,-0.659,-0.31,0.633,-6.321,0.153,-0.74,-0.263,-0.364,0.914,-0.229,-1.527,0.366,-0.214,-0.344,0.979,1.542,6.198,-0.489,0.101,-0.36,0.793,-0.969,1.969,-0.168,btn_D
1780981331.8500588,0.226,-0.043,0.604,147.313,-55.046,120.443,-0.523,-0.238,0.478,-3.527,-53.634,-10.252,-0.263,-0.296,0.938,0.0,-44.679,-7.298,-0.209,-0.359,0.98,-0.435,-17.718,-6.664,0.121,-0.389,0.802,-9.458,10.183,-4.924,btn_D
1780981331.9526277,-0.661,0.084,0.743,20.366,-11.74,31.679,-0.579,-0.311,0.7,-4.954,-9.863,-3.42,-0.252,-0.357,0.938,-0.756,0.198,1.008,-0.19,-0.337,0.984,-0.099,10.595,-0.298,0.118,-0.392,0.788,0.053,4.916,0.725,btn_D
1780981332.0559087,-0.705,0.099,0.75,2.305,1.176,4.366,-0.606,-0.33,0.665,-6.13,1.061,-0.511,-0.249,-0.354,0.923,-1.206,1.015,1.282,-0.193,-0.339,0.982,0.634,8.901,0.351,0.12,-0.386,0.792,-0.252,3.916,0.351,btn_D
1780981332.1626515,-0.661,0.106,0.747,2.099,-0.061,2.031,-0.602,-0.328,0.68,-6.252,2.137,-0.16,-0.256,-0.353,0.918,-0.29,-0.489,0.588,-0.188,-0.339,0.989,0.802,8.588,0.076,0.117,-0.38,0.79,0.115,5.0,0.885,btn_D
1780981332.2624218,-0.646,0.124,0.714,6.275,-2.053,1.939,-0.594,-0.323,0.673,-6.26,1.221,-0.351,-0.249,-0.349,0.915,-1.313,-0.16,0.275,-0.172,-0.347,0.98,1.351,10.26,0.824,0.116,-0.388,0.798,2.618,6.824,0.534,btn_D
1780981332.364978,-0.635,0.122,0.714,2.649,-0.771,0.84,-0.607,-0.322,0.666,-7.061,-0.885,-0.061,-0.262,-0.36,0.919,-1.244,3.0,0.336,-0.197,-0.344,0.98,1.618,7.588,-0.229,0.117,-0.389,0.797,1.015,4.756,-0.015,btn_D
1780981332.4809675,-0.7,0.103,0.744,2.084,-0.641,0.183,-0.603,-0.324,0.665,-6.527,1.954,-0.137,-0.042,-0.342,0.889,-2.733,-12.374,0.756,-0.188,-0.348,0.979,1.168,9.634,-0.206,0.118,-0.387,0.786,-0.061,4.122,0.076,btn_D
1780981332.579159,-0.413,0.317,0.454,-104.282,100.908,-38.328,-0.62,-0.331,0.662,-9.092,13.244,9.214,-0.269,-0.347,0.913,-4.382,0.809,-0.244,-0.212,-0.36,0.988,-3.344,21.565,-0.954,0.112,-0.372,0.793,7.313,5.901,1.405,btn_D
1780981332.678501,-0.65,-0.18,0.673,16.733,31.779,1.145,-0.652,-0.331,0.622,-7.122,3.733,-2.214,-0.262,-0.364,0.918,-2.687,-8.656,-1.588,-0.196,-0.35,0.987,0.069,3.603,-1.595,0.113,-0.386,0.808,-2.595,3.443,0.321,btn_D
1780981332.7770562,-0.785,-0.155,0.645,-4.176,-0.969,-3.397,-0.647,-0.322,0.638,-6.344,0.359,-0.908,-0.257,-0.361,0.917,0.038,2.725,1.13,-0.21,-0.341,0.979,1.695,10.122,0.557,0.1,-0.375,0.788,1.244,4.061,0.618,btn_D
1780981332.88007,-0.797,-0.154,0.614,-3.0,2.656,-0.962,-0.651,-0.331,0.634,-7.023,0.908,-0.214,-0.26,-0.36,0.923,-0.412,0.656,0.733,-0.209,-0.346,0.979,1.702,7.435,-0.618,0.103,-0.38,0.802,-1.206,0.099,0.008,btn_D
1780981332.9956741,-0.79,-0.153,0.629,-2.527,1.664,0.29,-0.647,-0.321,0.629,-6.458,0.802,0.275,-0.26,-0.361,0.919,-0.031,2.366,0.244,-0.212,-0.337,0.987,1.527,8.74,0.298,0.095,-0.37,0.798,0.435,3.893,0.504,btn_D
1780981333.0862172,-0.791,-0.151,0.622,-1.664,2.107,-1.115,-0.647,-0.328,0.632,-6.466,0.29,0.084,-0.26,-0.365,0.923,0.16,0.634,0.214,-0.217,-0.344,0.975,1.519,7.595,0.252,0.092,-0.377,0.81,-0.84,1.206,0.061,btn_D
1780981333.1935322,-0.797,-0.15,0.618,-0.931,1.221,-0.489,-0.655,-0.32,0.639,-6.496,1.733,0.031,-0.26,-0.363,0.918,0.191,0.374,0.16,-0.218,-0.345,0.977,1.771,7.954,-0.878,0.1,-0.377,0.796,-0.916,2.771,-0.122,btn_D
1780981335.8673327,-0.792,-0.155,0.62,-1.198,1.878,-1.038,-0.656,-0.325,0.631,-6.649,0.443,-0.557,-0.267,-0.366,0.917,-0.557,-0.015,0.565,-0.215,-0.342,0.972,1.298,6.916,-0.626,0.097,-0.373,0.797,-0.603,2.092,0.038,btn_D
1780981335.9702263,-0.792,-0.158,0.614,-0.863,1.107,-1.115,-0.652,-0.323,0.631,-6.74,0.603,-0.198,-0.266,-0.367,0.917,-0.481,-0.794,0.595,-0.214,-0.347,0.974,1.29,6.84,-0.748,0.099,-0.367,0.801,-0.359,2.595,0.115,btn_D
1780981336.0779088,-0.793,-0.153,0.623,-0.687,1.137,-0.55,-0.652,-0.323,0.633,-6.534,0.71,0.053,-0.267,-0.364,0.913,-0.481,0.649,0.55,-0.217,-0.348,0.98,1.458,7.435,-0.679,0.102,-0.37,0.802,-0.374,1.527,0.16,btn_D
1780981336.179692,-0.796,-0.155,0.613,-1.122,1.649,-1.115,-0.655,-0.324,0.634,-6.29,0.435,-0.351,-0.266,-0.366,0.92,-0.359,0.29,0.405,-0.217,-0.346,0.973,1.008,6.611,-0.71,0.097,-0.376,0.802,-0.656,1.756,0.031,btn_D
1780981336.2842827,-0.8,-0.156,0.616,-1.031,2.794,0.145,-0.653,-0.327,0.633,-6.244,0.832,0.099,-0.265,-0.363,0.913,0.023,-0.824,0.557,-0.219,-0.346,0.981,1.298,7.26,-0.16,0.099,-0.371,0.802,-0.87,1.878,0.084,btn_D
1780981336.3963125,-0.856,-0.175,0.7,-13.214,3.412,-0.466,-0.648,-0.319,0.634,-6.916,-1.031,-0.573,-0.226,-0.366,0.904,0.282,0.466,2.939,-0.25,-0.337,0.981,1.618,9.885,-0.382,0.108,-0.365,0.794,-4.748,0.969,-2.031,btn_D
1780981336.4851632,-0.706,-0.059,0.737,90.893,-48.557,58.145,-0.636,-0.328,0.631,0.656,-17.359,-6.527,-0.265,-0.358,0.909,6.389,-8.107,-2.092,-0.211,-0.362,0.969,7.756,-9.603,-2.74,0.131,-0.394,0.798,-2.489,-11.977,-3.557,btn_D
1780981336.588266,-0.646,0.122,0.705,0.779,-7.672,6.901,-0.61,-0.336,0.676,-6.115,-9.382,-2.573,-0.246,-0.355,0.927,-1.473,2.427,-0.458,-0.18,-0.339,1.0,0.702,10.763,-0.176,0.123,-0.399,0.791,3.542,2.939,0.198,btn_D
1780981336.6912742,-0.653,0.093,0.776,1.206,-0.962,-0.496,-0.613,-0.327,0.656,-6.511,0.527,-1.092,-0.259,-0.354,0.927,-1.031,2.351,0.092,-0.195,-0.344,0.983,1.557,7.573,-0.58,0.114,-0.396,0.778,2.015,3.527,0.282,btn_D
1780981336.7942123,-0.671,0.097,0.753,-4.84,3.908,-1.992,-0.616,-0.334,0.681,-6.435,1.206,-0.473,-0.252,-0.358,0.923,-0.847,0.733,-0.237,-0.184,-0.344,0.988,1.71,7.489,-0.405,0.12,-0.386,0.788,0.298,1.359,0.473,btn_D
1780981336.8973582,-0.716,0.023,0.788,0.13,-1.252,-0.695,-0.618,-0.333,0.679,-6.382,0.634,-0.198,-0.302,-0.359,0.925,0.779,-1.351,-1.366,-0.181,-0.344,0.978,1.229,5.863,-0.878,0.126,-0.404,0.799,0.947,1.718,0.29,btn_D
1780981337.010977,-0.642,0.133,0.691,-0.817,1.901,-2.573,-0.612,-0.328,0.652,-7.679,1.481,-1.107,-0.246,-0.357,0.928,-0.443,0.748,0.015,-0.188,-0.338,0.987,0.802,8.55,-0.45,0.122,-0.392,0.784,1.26,5.588,-0.366,btn_D
1780981337.1122503,-0.114,0.148,0.212,-97.954,97.832,-123.221,-0.633,-0.375,0.715,-9.229,36.687,15.87,-0.234,-0.356,0.921,-4.748,6.053,-0.42,-0.217,-0.353,0.934,1.061,19.008,0.26,0.099,-0.385,0.799,12.038,14.939,2.519,btn_D
1780981337.2064002,-0.851,-0.179,0.651,-16.695,-29.13,-8.603,-0.655,-0.323,0.627,-5.176,3.443,0.29,-0.241,-0.37,0.929,-5.023,3.603,-0.519,-0.201,-0.356,0.98,1.992,9.702,-0.214,0.097,-0.379,0.79,-2.519,11.206,-0.046,btn_D
1780981337.3094945,-0.741,-0.167,0.67,-9.695,6.618,9.145,-0.65,-0.326,0.624,-6.153,0.489,-0.466,-0.274,-0.363,0.919,-0.473,1.092,0.076,-0.219,-0.343,0.976,0.237,7.122,-1.16,0.102,-0.366,0.795,-5.084,2.679,-0.198,btn_D
1780981337.412586,-0.782,-0.15,0.641,-0.847,0.718,-0.366,-0.648,-0.326,0.644,-5.748,0.885,-0.008,-0.257,-0.363,0.917,0.405,1.344,0.237,-0.211,-0.342,0.973,2.046,7.427,-0.252,0.102,-0.37,0.798,0.198,4.183,-0.069,btn_D
1780981337.527069,-0.781,-0.146,0.638,-1.672,2.855,-0.183,-0.652,-0.321,0.63,-6.641,0.771,0.046,-0.266,-0.368,0.917,-0.046,1.511,0.695,-0.218,-0.344,0.972,1.328,7.817,-0.229,0.096,-0.371,0.792,0.58,2.893,0.122,btn_D
1780981337.626984,-0.781,-0.142,0.639,-0.939,0.489,-1.26,-0.653,-0.323,0.628,-6.466,0.595,-1.244,-0.264,-0.364,0.924,-0.115,-0.26,0.061,-0.216,-0.346,0.975,1.763,7.832,0.511,0.104,-0.375,0.803,0.695,3.725,0.252,btn_D
1780981337.7263258,-0.783,-0.146,0.641,-2.58,1.031,-0.679,-0.655,-0.326,0.628,-6.45,-0.015,-1.084,-0.263,-0.368,0.921,-0.87,0.038,-0.611,-0.217,-0.346,0.976,1.16,6.29,-0.802,0.095,-0.37,0.796,-0.076,2.099,-0.122,btn_D
1780981337.82473,-0.782,-0.15,0.635,-1.092,0.916,-0.824,-0.654,-0.324,0.626,-6.55,0.389,-0.969,-0.265,-0.367,0.917,-1.008,-0.206,-0.824,-0.22,-0.346,0.98,1.061,7.328,-0.779,0.105,-0.376,0.789,-1.863,1.13,0.16,btn_D
1780981340.502597,-0.777,-0.151,0.624,-1.649,0.496,-0.931,-0.655,-0.318,0.621,-6.122,0.374,-0.366,-0.27,-0.362,0.914,0.359,-0.015,-0.061,-0.225,-0.342,0.971,1.954,6.55,-0.176,0.087,-0.36,0.79,0.198,3.046,0.267,btn_D
1780981340.617914,-0.781,-0.153,0.626,-1.58,1.42,-0.992,-0.653,-0.323,0.63,-6.595,0.595,-0.618,-0.269,-0.365,0.918,-0.924,0.45,0.015,-0.225,-0.345,0.975,1.573,8.008,-0.573,0.091,-0.371,0.802,0.168,3.397,0.427,btn_D
1780981340.7121058,-0.786,-0.161,0.629,-0.458,2.214,0.122,-0.654,-0.322,0.637,-6.153,1.153,0.443,-0.271,-0.365,0.915,0.427,0.725,0.076,-0.227,-0.341,0.972,2.0,7.191,-0.344,0.091,-0.369,0.799,-0.153,2.069,0.206,btn_D
1780981340.8115747,-0.788,-0.154,0.626,-0.282,1.695,-0.496,-0.654,-0.323,0.634,-5.969,1.053,0.496,-0.274,-0.367,0.916,0.427,-0.038,0.115,-0.232,-0.34,0.979,2.145,6.786,-0.13,0.093,-0.374,0.802,-0.023,2.153,-0.137,btn_D
1780981340.914989,-0.791,-0.151,0.629,-2.542,1.275,-1.573,-0.66,-0.327,0.633,-6.87,0.244,-0.336,-0.272,-0.363,0.908,-1.168,-0.206,-1.0,-0.222,-0.344,0.979,0.939,6.183,-0.962,0.089,-0.373,0.797,-1.542,1.664,0.122,btn_D
1780981341.0296378,-0.788,-0.152,0.632,-1.153,1.702,-0.687,-0.654,-0.323,0.628,-6.366,0.725,0.053,-0.272,-0.368,0.917,-0.443,-0.046,-0.214,-0.23,-0.348,0.976,1.588,6.71,-0.496,0.094,-0.371,0.797,-1.435,2.298,0.076,btn_D
1780981341.1209621,-0.788,-0.151,0.627,-0.672,1.267,-0.725,-0.654,-0.322,0.63,-6.015,0.328,-0.053,-0.27,-0.366,0.91,-0.229,-0.282,0.16,-0.229,-0.344,0.971,1.702,7.786,0.038,0.093,-0.375,0.792,-0.672,2.122,0.229,btn_D
1780981341.2236347,-2.0,-1.617,2.0,150.359,-203.504,-64.298,-0.955,-0.269,0.604,-30.275,-30.771,-22.947,-0.407,-0.38,0.886,7.237,-16.504,-11.466,-0.383,-0.372,0.776,3.405,-41.664,-16.206,0.141,-0.386,0.756,-36.977,-61.244,-15.611,btn_D
1780981341.3263488,-0.733,0.079,0.762,-5.71,-7.641,17.29,-0.658,-0.343,0.663,-2.855,-6.779,-3.206,-0.224,-0.367,0.932,0.137,-1.519,-1.313,-0.174,-0.301,1.033,1.588,2.679,-0.321,0.133,-0.391,0.781,-13.405,12.244,-1.679,btn_D
1780981341.429579,-0.615,0.181,0.823,2.588,1.649,-2.29,-0.603,-0.34,0.697,-7.641,-2.649,-2.153,-0.241,-0.359,0.933,-0.542,0.519,0.603,-0.196,-0.336,0.985,1.298,7.901,-0.641,0.13,-0.393,0.788,-4.489,1.55,-0.45,btn_D
1780981341.5469625,-0.692,0.098,0.783,5.427,-3.466,3.366,-0.602,-0.33,0.679,-5.71,0.916,-0.954,-0.24,-0.356,0.937,-0.725,-0.756,-0.618,-0.178,-0.337,0.996,0.763,7.603,0.099,0.126,-0.391,0.785,-0.366,3.252,0.115,btn_D
1780981341.647008,-0.705,0.097,0.796,6.244,-3.527,1.542,-0.61,-0.331,0.675,-5.237,0.405,-0.374,-0.245,-0.352,0.922,0.458,0.122,-0.397,-0.184,-0.339,0.984,1.229,7.427,0.191,0.127,-0.389,0.791,-0.305,3.405,-0.038,btn_D
1780981341.7433016,-0.627,0.138,0.717,-4.252,4.099,-1.214,-0.603,-0.33,0.674,-7.107,1.855,0.214,-0.247,-0.354,0.931,-0.71,0.458,0.74,-0.183,-0.337,0.991,0.916,7.985,-0.595,0.121,-0.391,0.789,-0.824,2.473,0.008,btn_D
1780981341.8419576,-0.67,0.111,0.744,-5.786,6.198,-1.542,-0.604,-0.335,0.675,-7.267,1.573,0.336,-0.246,-0.359,0.92,-1.046,2.328,0.427,-0.186,-0.335,0.99,1.275,7.183,-0.565,0.12,-0.386,0.789,-0.061,2.405,0.366,btn_D
1780981341.9444988,-0.808,-0.01,0.945,-11.16,15.916,-14.511,-0.644,-0.349,0.669,-9.328,3.252,0.969,-0.266,-0.351,0.918,0.023,-0.679,-0.504,-0.186,-0.338,0.988,1.855,4.008,-1.405,0.127,-0.393,0.791,0.244,0.771,-0.023,btn_D
1780981342.0477486,-0.79,0.079,0.756,2.122,5.786,-7.832,-0.613,-0.337,0.673,-6.763,2.695,-0.328,-0.244,-0.355,0.919,-0.328,-1.137,0.214,-0.202,-0.336,0.988,1.237,5.481,-1.084,0.119,-0.398,0.789,-0.107,-0.137,-0.076,btn_D
1780981342.1676507,-0.708,0.12,0.743,-32.237,37.718,-31.053,-0.602,-0.336,0.697,-8.511,11.71,3.229,-0.255,-0.364,0.931,0.13,5.328,2.168,-0.197,-0.346,0.976,1.061,9.832,-0.168,0.111,-0.374,0.781,-6.031,-4.412,-1.038,btn_D
1780981342.264507,-0.377,0.055,0.598,-20.038,36.84,-52.427,-0.606,-0.356,0.702,-8.542,16.718,4.382,-0.256,-0.356,0.928,-4.748,-0.359,-0.626,-0.204,-0.348,0.99,-1.885,16.702,-1.313,0.119,-0.391,0.802,9.168,15.038,2.84,btn_D
1780981342.3568347,-0.814,-0.24,0.799,53.786,60.382,12.611,-0.66,-0.317,0.653,-9.718,2.817,-3.008,-0.23,-0.37,0.928,-0.863,-9.534,-0.435,-0.186,-0.344,0.981,1.969,10.214,-0.397,0.111,-0.359,0.79,1.115,8.924,0.412,btn_D
1780981342.4595344,-0.731,-0.164,0.687,-19.87,-8.412,-0.137,-0.649,-0.327,0.635,-7.542,1.794,0.924,-0.26,-0.365,0.924,-0.863,2.885,1.0,-0.223,-0.34,0.981,1.969,8.863,-0.588,0.094,-0.361,0.799,1.359,-4.305,0.092,btn_D
1780981345.1379347,-0.773,-0.139,0.649,-2.214,0.84,-1.901,-0.643,-0.317,0.646,-7.55,1.435,-1.0,-0.277,-0.36,0.916,-1.924,-0.229,-0.618,-0.225,-0.337,0.98,0.313,7.634,-0.588,0.081,-0.37,0.786,-1.595,4.359,0.802,btn_D
1780981345.2410703,-0.79,-0.142,0.649,-0.443,3.069,0.366,-0.648,-0.312,0.636,-7.145,-0.191,-0.672,-0.273,-0.356,0.92,-1.42,0.237,0.565,-0.228,-0.344,0.973,1.145,7.412,-0.038,0.087,-0.374,0.798,-0.084,2.214,0.405,btn_D
1780981345.345863,-0.787,-0.138,0.643,-0.885,-0.718,-1.466,-0.648,-0.307,0.645,-6.221,0.229,-0.626,-0.266,-0.357,0.923,-0.702,-0.893,-0.702,-0.216,-0.338,0.978,1.229,7.115,0.244,0.097,-0.376,0.805,0.038,4.244,0.122,btn_D
1780981345.4464972,-0.775,-0.136,0.644,-0.13,0.42,-0.626,-0.65,-0.304,0.631,-6.275,0.664,-0.298,-0.274,-0.352,0.923,-0.649,0.573,0.389,-0.227,-0.339,0.977,1.534,7.443,-0.634,0.091,-0.378,0.795,2.557,3.321,0.191,btn_D
1780981345.549888,-0.787,-0.145,0.643,-1.45,0.58,-1.847,-0.651,-0.308,0.641,-6.74,-0.206,-0.656,-0.285,-0.355,0.924,-1.038,-2.183,-0.42,-0.23,-0.345,0.976,0.84,6.695,-0.687,0.096,-0.368,0.805,0.397,3.038,0.496,btn_D
1780981345.660081,-0.775,-0.144,0.644,-2.122,2.84,-1.023,-0.656,-0.311,0.637,-6.947,0.84,-0.496,-0.277,-0.364,0.914,-0.924,0.649,-0.366,-0.236,-0.337,0.973,1.672,6.053,-1.55,0.086,-0.378,0.797,-1.969,1.763,-0.42,btn_D
1780981345.7559454,-0.788,-0.16,0.673,-1.145,6.122,1.153,-0.654,-0.308,0.646,-7.74,1.573,0.771,-0.275,-0.349,0.911,1.122,3.427,0.649,-0.246,-0.334,0.927,2.099,4.962,-3.565,0.099,-0.406,0.827,-5.71,0.427,-7.542,btn_D
1780981345.8588507,-0.49,0.16,0.561,40.87,-22.954,47.237,-0.585,-0.313,0.688,-2.687,-6.344,-5.71,-0.244,-0.353,0.927,1.863,-6.328,-2.611,-0.195,-0.33,0.983,3.214,-0.802,-1.198,0.112,-0.378,0.781,11.397,-18.992,-0.046,btn_D
1780981345.9734156,-0.672,0.122,0.732,-4.71,0.282,7.611,-0.61,-0.334,0.693,-5.763,-0.794,-1.87,-0.264,-0.348,0.928,-0.244,1.099,-0.595,-0.17,-0.334,0.992,0.504,6.298,-0.992,0.14,-0.394,0.792,1.756,1.702,0.153,btn_D
1780981346.0670035,-0.657,0.149,0.695,0.763,0.244,1.954,-0.6,-0.316,0.682,-5.511,0.137,-1.305,-0.242,-0.349,0.926,-0.817,0.718,0.939,-0.187,-0.332,0.986,0.756,8.878,0.649,0.126,-0.381,0.79,1.168,5.626,0.534,btn_D
1780981346.1730227,-0.586,0.12,0.768,-14.947,14.534,-5.046,-0.583,-0.311,0.689,-11.244,5.962,0.359,-0.249,-0.34,0.922,-4.939,0.771,0.191,-0.18,-0.333,0.977,1.16,12.641,-1.038,0.129,-0.405,0.799,14.649,17.137,2.382,btn_D
1780981346.2792115,0.207,0.078,-0.739,154.977,-63.061,48.038,-0.734,-0.303,0.61,-2.122,8.58,-6.802,-0.25,-0.376,0.89,1.672,-12.282,-5.794,-0.164,-0.316,1.005,6.176,-8.336,-3.031,0.103,-0.385,0.788,11.626,-14.336,2.534,btn_D
1780981346.379195,-0.8,-0.13,0.616,1.389,4.351,-2.985,-0.646,-0.31,0.638,-6.908,0.015,-1.809,-0.242,-0.365,0.927,0.336,-1.382,1.672,-0.204,-0.349,0.991,1.405,8.504,0.947,0.1,-0.367,0.804,-6.076,12.374,-0.649,btn_D
1780981346.4767392,-0.78,-0.153,0.641,-0.908,2.031,0.756,-0.648,-0.317,0.635,-5.664,0.802,0.992,-0.25,-0.365,0.922,-0.664,4.45,2.397,-0.215,-0.347,0.976,1.542,10.458,0.702,0.098,-0.366,0.785,-1.557,4.504,0.878,btn_D
1780981346.594459,-0.789,-0.146,0.637,1.023,0.832,0.153,-0.651,-0.317,0.645,-5.305,0.87,1.031,-0.25,-0.36,0.924,0.832,-0.115,1.031,-0.199,-0.337,0.984,2.328,6.45,0.664,0.101,-0.374,0.79,0.366,3.771,0.198,btn_D
1780981346.695299,-0.773,-0.148,0.646,-0.573,0.168,-0.809,-0.651,-0.314,0.643,-6.458,0.771,0.489,-0.258,-0.364,0.923,0.061,1.038,0.924,-0.212,-0.344,0.982,2.305,8.786,-0.115,0.099,-0.378,0.793,0.649,5.099,-0.107,btn_D
1780981346.7930293,-0.779,-0.152,0.645,0.771,1.023,-1.206,-0.651,-0.322,0.641,-6.542,0.641,-0.908,-0.256,-0.362,0.922,-0.427,-0.908,0.176,-0.205,-0.342,0.983,2.176,6.389,-0.939,0.1,-0.374,0.797,1.985,2.137,-0.183,btn_D
1780981346.8890142,-0.785,-0.151,0.638,-2.237,1.015,-1.527,-0.647,-0.32,0.641,-6.466,0.817,-0.702,-0.255,-0.366,0.918,-0.527,1.29,0.817,-0.207,-0.345,0.978,1.985,8.435,0.382,0.094,-0.378,0.794,0.519,5.901,-0.076,btn_D
1780981346.9918363,-0.79,-0.151,0.636,-7.076,3.183,-0.634,-0.656,-0.322,0.635,-7.336,1.534,0.038,-0.26,-0.367,0.92,-0.985,3.71,1.664,-0.215,-0.348,0.989,1.053,11.756,0.832,0.1,-0.363,0.794,2.908,3.603,1.374,btn_D
1780981347.0950122,-0.785,-0.159,0.64,-1.847,2.153,2.908,-0.651,-0.318,0.645,-5.695,2.695,1.031,-0.267,-0.357,0.92,1.672,2.16,1.366,-0.218,-0.34,0.981,2.901,8.26,0.908,0.099,-0.366,0.805,2.099,3.58,-0.015,btn_D
1780981349.7769125,-0.789,-0.147,0.628,-0.023,1.931,0.153,-0.655,-0.313,0.633,-5.939,0.71,-0.092,-0.286,-0.36,0.921,-0.061,0.718,0.702,-0.223,-0.336,0.981,1.748,6.473,-0.092,0.083,-0.36,0.801,-0.878,3.076,-0.267,btn_D
1780981349.8756769,-0.781,-0.144,0.639,-1.053,1.305,-1.237,-0.655,-0.314,0.627,-6.573,1.099,0.099,-0.262,-0.364,0.918,-0.588,0.183,0.794,-0.223,-0.344,0.971,2.092,7.824,-0.397,0.081,-0.369,0.799,0.969,2.206,-0.008,btn_D
1780981349.9789283,-0.791,-0.149,0.629,-1.573,1.931,-1.389,-0.658,-0.311,0.636,-7.046,0.023,-0.756,-0.269,-0.362,0.917,-0.855,-1.298,0.214,-0.219,-0.344,0.98,0.992,7.008,-0.275,0.083,-0.365,0.793,-0.29,3.031,0.473,btn_D
1780981350.0929432,-0.782,-0.146,0.63,-0.298,1.16,-0.511,-0.654,-0.315,0.636,-6.374,0.847,-0.496,-0.273,-0.356,0.916,-0.656,0.618,0.221,-0.22,-0.343,0.968,1.267,7.435,-0.122,0.084,-0.363,0.797,-0.954,1.878,-0.053,btn_D
1780981350.1848192,-0.785,-0.152,0.628,-1.374,1.008,-0.924,-0.653,-0.319,0.641,-6.275,0.527,-0.725,-0.275,-0.366,0.919,-0.328,-1.031,0.29,-0.224,-0.344,0.978,1.664,6.489,-0.901,0.086,-0.371,0.806,-0.977,1.244,-0.13,btn_D
1780981350.2955372,-0.784,-0.145,0.637,-0.55,0.939,-0.656,-0.659,-0.308,0.642,-6.191,0.824,-0.275,-0.273,-0.36,0.916,-0.55,-0.664,-0.206,-0.223,-0.346,0.981,1.366,6.397,-0.763,0.091,-0.37,0.8,-2.252,2.328,-0.702,btn_D
1780981350.3908505,-0.795,-0.151,0.648,-3.695,3.16,-1.13,-0.641,-0.314,0.646,-6.71,0.176,0.282,-0.281,-0.368,0.911,0.183,0.038,0.374,-0.215,-0.346,0.969,2.191,6.153,-0.786,0.087,-0.361,0.791,-1.053,3.053,-0.733,btn_D
1780981350.496368,-0.79,0.123,0.304,112.275,-82.305,80.58,-0.568,-0.303,0.602,1.336,-40.634,-14.053,-0.25,-0.359,0.952,5.618,-5.183,-5.374,-0.2,-0.329,0.983,5.603,-8.221,-3.802,0.123,-0.402,0.807,0.618,-1.985,-4.496,btn_D
1780981350.6276112,-0.788,-0.035,0.989,10.13,-0.504,6.405,-0.631,-0.36,0.694,-6.374,0.58,-0.252,-0.23,-0.362,0.976,0.069,0.847,0.45,-0.188,-0.347,0.981,2.061,4.397,-1.038,0.134,-0.406,0.783,-8.588,-7.611,-1.901,btn_D
1780981350.7003894,-0.69,0.048,0.871,6.74,-7.87,2.015,-0.612,-0.342,0.686,-5.802,-0.145,0.351,-0.245,-0.35,0.925,1.397,3.107,-0.069,-0.177,-0.344,0.989,1.748,6.664,-1.061,0.139,-0.412,0.793,0.573,0.679,0.107,btn_D
1780981350.803232,-0.65,0.099,0.746,-7.878,6.55,-1.679,-0.609,-0.337,0.684,-7.908,1.947,0.053,-0.222,-0.361,0.932,0.519,4.076,2.145,-0.199,-0.338,0.987,1.847,8.275,-0.45,0.122,-0.373,0.786,-5.115,-4.534,-0.58,btn_D
1780981350.9088943,-0.521,0.136,0.641,-49.527,41.611,-10.328,-0.585,-0.328,0.68,-14.924,10.069,2.496,-0.245,-0.346,0.919,-7.206,3.412,1.229,-0.179,-0.333,0.987,0.229,17.702,-0.298,0.122,-0.369,0.775,8.183,18.046,3.847,btn_D
1780981351.0090606,-0.629,-0.228,0.225,-107.603,109.626,-230.16,-0.619,-0.249,0.67,-0.511,83.763,42.924,-0.356,-0.417,0.953,-6.29,7.496,0.595,-0.245,-0.335,0.925,-8.16,22.702,-4.45,0.057,-0.258,0.683,-30.099,-17.664,-4.992,btn_D
1780981351.1120899,-0.786,-0.141,0.641,3.099,9.893,-0.473,-0.656,-0.322,0.616,-5.198,-0.756,0.954,-0.245,-0.365,0.907,3.313,2.061,2.038,-0.199,-0.339,0.996,3.443,4.023,2.542,0.109,-0.379,0.803,-1.641,1.244,-0.588,btn_D
1780981351.2258258,-0.771,-0.144,0.663,0.969,-1.855,-0.672,-0.651,-0.306,0.627,-5.237,0.084,-0.565,-0.255,-0.362,0.924,-1.061,-0.397,-1.015,-0.192,-0.355,0.97,0.84,7.176,-1.649,0.106,-0.386,0.806,-3.603,-0.137,-0.695,btn_D
1780981351.325178,-0.785,-0.136,0.662,-8.985,2.076,-4.893,-0.636,-0.323,0.66,-10.191,0.832,-3.076,-0.237,-0.38,0.913,-2.183,-2.687,-0.29,-0.183,-0.362,0.972,2.122,6.427,1.29,0.1,-0.375,0.835,4.206,5.595,0.763,btn_D
1780981351.4272895,-0.776,-0.141,0.656,0.359,5.473,2.511,-0.677,-0.3,0.621,-5.405,0.473,0.023,-0.273,-0.34,0.922,-4.191,0.405,-1.847,-0.221,-0.337,0.979,-4.099,3.87,-4.977,0.109,-0.387,0.801,-19.176,-4.092,0.443,btn_D
1780981351.5239232,-0.785,-0.148,0.643,0.282,3.534,2.031,-0.662,-0.312,0.64,-5.504,1.992,2.313,-0.253,-0.347,0.923,2.504,0.42,2.122,-0.211,-0.331,0.992,2.168,7.748,0.71,0.091,-0.344,0.776,3.275,0.595,0.725,btn_D
1780981351.6268454,-0.694,-0.176,0.679,-6.656,-3.863,3.954,-0.653,-0.328,0.642,-5.939,-0.099,-0.244,-0.269,-0.364,0.92,0.557,1.122,0.0,-0.216,-0.344,0.974,3.405,7.985,0.046,0.09,-0.362,0.8,0.191,1.275,-0.924,btn_D
1780981351.7418823,-0.796,-0.129,0.647,-3.435,2.695,3.321,-0.654,-0.315,0.625,-6.252,0.099,-0.947,-0.275,-0.363,0.916,-1.893,0.985,-0.107,-0.222,-0.345,0.97,0.687,7.771,-0.771,0.095,-0.37,0.797,-0.855,1.466,0.397,btn_D
1780981354.412838,-0.775,-0.143,0.646,-0.855,1.725,-0.71,-0.663,-0.31,0.629,-6.733,0.603,-0.565,-0.275,-0.362,0.915,-0.611,-0.756,0.412,-0.221,-0.343,0.977,1.534,6.779,-0.985,0.095,-0.373,0.808,-0.382,2.618,-0.198,btn_D
1780981354.5112846,-0.778,-0.146,0.652,-0.992,1.145,-0.802,-0.659,-0.312,0.638,-6.069,0.519,-0.42,-0.273,-0.361,0.917,-0.534,0.473,0.275,-0.216,-0.344,0.973,1.74,7.191,-0.053,0.092,-0.379,0.79,-0.137,3.237,-0.084,btn_D
1780981354.614262,-0.778,-0.143,0.642,-1.366,1.137,-0.489,-0.66,-0.313,0.633,-6.389,0.466,-0.443,-0.274,-0.364,0.909,-0.527,0.527,0.038,-0.222,-0.346,0.978,1.366,6.847,-0.183,0.097,-0.368,0.801,0.084,2.779,-0.061,btn_D
1780981354.7173705,-0.779,-0.143,0.647,-1.015,1.496,-0.458,-0.657,-0.305,0.628,-6.748,0.58,-0.679,-0.268,-0.362,0.918,-0.45,0.0,0.252,-0.227,-0.342,0.976,1.344,6.802,-0.542,0.099,-0.364,0.802,-0.55,2.412,0.099,btn_D
1780981354.8215134,-0.778,-0.143,0.647,-0.725,1.099,-0.542,-0.657,-0.31,0.629,-5.908,0.748,-0.122,-0.272,-0.365,0.925,0.015,0.382,0.824,-0.223,-0.342,0.971,1.656,7.145,-0.13,0.093,-0.364,0.804,-0.351,2.206,0.076,btn_D
1780981354.9235296,-0.778,-0.14,0.647,-0.359,1.641,-0.122,-0.656,-0.312,0.626,-6.527,0.641,-0.099,-0.27,-0.36,0.921,-0.679,0.794,0.061,-0.225,-0.345,0.965,1.16,7.16,-1.038,0.096,-0.365,0.799,-1.069,2.176,-0.198,btn_D
1780981355.026533,-0.778,-0.142,0.649,-0.489,1.305,-0.634,-0.656,-0.313,0.633,-6.412,0.473,-0.176,-0.271,-0.359,0.916,-0.687,-0.542,0.321,-0.227,-0.347,0.971,1.382,6.916,-0.092,0.09,-0.366,0.792,-1.038,2.038,-0.351,btn_D
1780981355.1295583,-2.0,-0.582,1.541,155.985,-130.405,-5.611,-0.823,-0.315,0.553,-17.924,-27.183,-21.366,-0.321,-0.36,0.898,2.641,-21.313,-11.42,-0.214,-0.362,0.952,5.832,-32.115,-11.389,0.128,-0.379,0.808,-25.878,-38.511,-8.405,btn_D
1780981355.2409518,-0.603,0.11,0.623,7.656,-13.802,18.191,-0.615,-0.33,0.671,-3.954,-3.519,-2.916,-0.218,-0.366,0.937,-1.885,2.183,-1.466,-0.169,-0.344,0.987,2.641,5.267,-0.618,0.129,-0.39,0.792,-1.122,5.046,-1.252,btn_D
1780981355.3430367,-0.712,0.048,0.797,2.527,-0.718,12.374,-0.628,-0.336,0.658,-4.42,-0.649,-1.26,-0.239,-0.36,0.922,1.221,-0.962,-0.397,-0.18,-0.341,0.986,2.481,3.832,-0.519,0.123,-0.385,0.778,-1.603,-1.092,0.252,btn_D
1780981355.4381394,-0.677,0.097,0.75,-0.603,1.641,2.641,-0.613,-0.327,0.67,-5.588,1.511,-1.252,-0.234,-0.362,0.928,-0.29,0.687,0.344,-0.182,-0.344,0.993,0.71,7.74,-0.695,0.128,-0.39,0.796,-0.153,3.107,0.42,btn_D
1780981355.541158,-0.669,0.108,0.73,-0.076,-0.473,3.115,-0.604,-0.326,0.663,-6.389,0.176,-1.389,-0.237,-0.361,0.919,-2.382,1.13,-0.168,-0.18,-0.344,0.99,0.855,8.573,-0.084,0.121,-0.38,0.784,-1.305,3.122,0.275,btn_D
1780981355.6443534,-0.739,0.093,0.763,4.916,0.389,-0.252,-0.614,-0.328,0.666,-5.115,-0.305,-1.107,-0.235,-0.354,0.927,-0.206,-2.427,-0.725,-0.171,-0.342,0.984,1.023,4.725,-0.435,0.13,-0.394,0.786,-1.267,2.527,0.244,btn_D
1780981355.7582853,-0.702,0.108,0.741,-2.008,1.13,-1.092,-0.613,-0.328,0.674,-5.061,1.237,-0.168,-0.227,-0.354,0.907,0.496,-1.817,-0.084,-0.169,-0.342,0.992,0.756,9.695,0.947,0.126,-0.389,0.779,-0.695,4.809,0.863,btn_D
1780981355.8570683,-0.513,0.123,0.659,-19.13,26.13,-17.137,-0.59,-0.297,0.656,-13.626,7.389,2.42,-0.242,-0.351,0.913,-6.496,1.29,-0.794,-0.187,-0.346,0.985,1.168,17.901,0.321,0.12,-0.394,0.793,14.748,21.748,3.779,btn_D
1780981355.9580126,0.311,0.341,-0.352,107.29,-18.321,19.435,-0.655,-0.309,0.645,-3.855,6.298,-3.0,-0.258,-0.369,0.891,5.84,-11.176,-4.099,-0.17,-0.339,0.981,0.13,0.527,-3.908,0.118,-0.386,0.802,4.603,-11.695,1.336,btn_D
1780981356.05643,-0.792,-0.125,0.628,-5.481,-1.023,-5.71,-0.657,-0.321,0.634,-5.626,-1.008,0.107,-0.257,-0.374,0.925,-0.176,0.901,0.603,-0.181,-0.349,0.979,1.053,12.389,0.809,0.099,-0.385,0.805,0.183,7.031,0.847,btn_D
1780981356.1594067,-0.772,-0.142,0.654,-1.595,2.786,-0.794,-0.653,-0.319,0.634,-6.176,1.779,-0.015,-0.253,-0.367,0.91,0.053,1.947,-0.084,-0.208,-0.343,0.983,1.977,7.252,-0.618,0.104,-0.377,0.802,-1.366,5.191,-0.573,btn_D
1780981356.2624106,-0.77,-0.146,0.656,-3.687,3.366,-1.107,-0.656,-0.314,0.633,-6.748,1.672,0.176,-0.26,-0.366,0.919,-1.252,1.55,0.046,-0.213,-0.344,0.971,0.076,7.267,-0.71,0.108,-0.373,0.798,-3.511,0.527,0.382,btn_D
1780981356.3749983,-0.78,-0.135,0.64,-1.115,0.305,-0.359,-0.653,-0.316,0.643,-6.328,0.656,-0.153,-0.261,-0.365,0.926,0.252,0.802,0.687,-0.214,-0.35,0.976,2.229,8.992,0.855,0.096,-0.376,0.787,-1.153,3.321,-0.282,btn_D
1780981359.043658,-0.78,-0.146,0.641,-0.802,1.382,-0.824,-0.662,-0.314,0.635,-6.542,0.786,-0.084,-0.265,-0.366,0.92,-0.534,0.748,-0.282,-0.22,-0.346,0.978,1.26,7.008,-0.26,0.105,-0.371,0.802,-1.786,1.557,-0.244,btn_D
1780981359.158483,-0.781,-0.145,0.643,-0.374,0.824,0.176,-0.662,-0.314,0.636,-6.443,0.733,-0.344,-0.267,-0.365,0.912,0.191,0.168,0.191,-0.219,-0.35,0.977,1.534,6.603,-0.229,0.096,-0.367,0.797,-0.863,2.412,-0.069,btn_D
1780981359.260192,-0.78,-0.147,0.642,-1.115,1.145,-0.985,-0.652,-0.316,0.632,-6.321,0.626,-0.389,-0.265,-0.367,0.921,-0.145,-0.26,0.435,-0.217,-0.347,0.97,1.435,7.023,-0.191,0.101,-0.373,0.8,-0.679,2.305,0.214,btn_D
1780981359.3529844,-0.778,-0.146,0.631,-0.992,1.611,0.061,-0.653,-0.312,0.626,-6.137,1.107,0.031,-0.264,-0.364,0.916,0.092,0.74,0.168,-0.216,-0.346,0.979,1.863,7.221,-0.588,0.1,-0.373,0.799,-0.924,1.954,0.084,btn_D
1780981359.4606962,-0.782,-0.144,0.638,-0.305,1.885,-0.718,-0.656,-0.311,0.633,-6.534,0.863,-0.237,-0.272,-0.363,0.912,-0.771,0.229,0.069,-0.217,-0.348,0.972,1.542,7.061,-0.603,0.1,-0.373,0.796,-1.832,2.092,0.0,btn_D
1780981359.5586948,-0.776,-0.143,0.633,-1.26,2.107,-0.656,-0.66,-0.315,0.629,-6.359,0.771,-0.008,-0.268,-0.37,0.916,0.053,-0.382,0.473,-0.222,-0.353,0.978,1.603,6.58,-0.489,0.1,-0.372,0.798,-0.763,2.504,-0.023,btn_D
1780981359.6619458,-0.786,-0.146,0.636,-1.023,1.42,-0.847,-0.663,-0.318,0.627,-6.389,0.366,-0.244,-0.268,-0.368,0.916,-0.42,-0.122,0.183,-0.218,-0.35,0.975,1.58,6.015,-0.244,0.1,-0.376,0.805,-0.29,2.198,-0.16,btn_D
1780981359.776856,-0.782,-0.144,0.639,-0.962,0.748,-0.565,-0.658,-0.315,0.631,-6.542,0.656,-0.87,-0.271,-0.366,0.919,-0.275,-0.023,0.29,-0.22,-0.35,0.978,1.695,7.16,-0.015,0.102,-0.375,0.804,-0.603,2.366,0.046,btn_D
1780981359.8744533,-0.787,-0.15,0.644,-0.511,0.977,-0.359,-0.655,-0.312,0.63,-6.26,0.366,-0.748,-0.265,-0.367,0.917,0.099,0.031,0.382,-0.219,-0.348,0.976,1.74,6.84,-0.687,0.095,-0.375,0.788,-0.58,2.626,-0.069,btn_D
1780981359.9734051,-0.909,-0.241,0.923,-25.595,6.473,-0.443,-0.675,-0.307,0.649,-10.0,-3.092,-0.458,-0.289,-0.375,0.916,2.901,2.634,1.901,-0.253,-0.346,0.959,0.298,-1.183,-1.672,0.073,-0.343,0.781,-12.344,-1.168,-5.359,btn_D
1780981360.0744107,-0.601,0.114,0.533,38.252,-10.626,38.763,-0.604,-0.325,0.66,-0.351,-5.137,-3.359,-0.257,-0.361,0.926,4.565,-11.389,0.13,-0.217,-0.344,0.973,3.931,-4.756,-0.786,0.12,-0.377,0.784,-2.931,3.145,-2.702,btn_D
1780981360.177637,-0.68,0.062,0.739,8.557,-10.458,20.389,-0.631,-0.333,0.69,-3.458,-3.511,-1.84,-0.251,-0.365,0.927,2.26,-0.244,0.901,-0.196,-0.345,0.99,1.916,1.786,-0.427,0.114,-0.379,0.784,-2.771,-3.336,-0.786,btn_D
1780981360.2893314,-0.723,0.108,0.686,5.641,1.527,0.321,-0.632,-0.332,0.66,-6.13,-1.473,0.107,-0.254,-0.363,0.922,1.412,-1.137,0.565,-0.193,-0.34,0.988,1.725,4.611,-0.435,0.121,-0.395,0.787,-3.176,-1.031,-0.458,btn_D
1780981360.3914664,-0.691,0.092,0.738,0.893,-0.87,1.183,-0.617,-0.328,0.677,-6.634,-0.252,-0.382,-0.248,-0.362,0.932,-0.046,2.076,1.153,-0.186,-0.341,0.979,1.252,8.718,-0.756,0.106,-0.394,0.793,-1.779,2.16,-0.099,btn_D
1780981360.4918916,-0.673,0.107,0.718,-1.046,2.466,-2.366,-0.623,-0.326,0.667,-7.183,1.718,0.168,-0.249,-0.361,0.923,-1.008,1.29,0.985,-0.192,-0.344,0.985,1.397,8.038,-0.504,0.12,-0.395,0.785,-0.618,2.053,-0.061,btn_D
1780981360.588696,-0.822,0.003,0.896,3.992,-1.473,-0.74,-0.636,-0.337,0.671,-5.206,0.313,-0.466,-0.259,-0.357,0.921,2.183,-2.321,0.26,-0.19,-0.344,0.981,0.977,5.58,-1.878,0.124,-0.395,0.796,-2.817,-0.015,0.038,btn_D
1780981360.6912425,-0.661,0.084,0.729,-12.336,10.809,-3.55,-0.598,-0.315,0.671,-8.458,4.702,0.557,-0.246,-0.358,0.923,-2.389,0.412,0.084,-0.199,-0.35,0.967,0.863,10.565,0.198,0.118,-0.381,0.794,5.328,9.649,1.252,btn_D
1780981360.8095546,-0.694,0.076,0.711,-4.672,6.55,-0.046,-0.606,-0.324,0.661,-6.817,2.794,0.107,-0.259,-0.36,0.926,-0.969,-0.244,0.153,-0.187,-0.34,0.985,1.26,9.29,0.298,0.114,-0.376,0.789,4.015,3.344,1.031,btn_D
1780981360.9072971,-0.419,-0.053,0.39,-69.893,77.489,-150.687,-0.612,-0.334,0.633,-4.389,37.382,18.794,-0.232,-0.356,0.946,-3.137,1.359,0.71,-0.2,-0.354,0.987,-0.565,17.55,-0.672,0.115,-0.4,0.797,10.351,16.595,2.244,btn_D
1780981361.006413,-0.752,-0.14,0.67,-9.573,-3.817,-6.481,-0.64,-0.311,0.65,-7.206,0.168,0.282,-0.269,-0.372,0.909,3.122,4.443,2.893,-0.212,-0.347,0.969,2.916,11.962,1.763,0.089,-0.371,0.802,4.145,-3.122,0.679,btn_D
1780981363.6790848,-0.784,-0.143,0.645,-0.756,0.824,-0.672,-0.658,-0.307,0.632,-6.496,0.916,-0.221,-0.265,-0.364,0.917,0.061,-0.473,0.023,-0.22,-0.351,0.975,1.534,7.16,-0.435,0.094,-0.373,0.798,-0.275,2.351,0.092,btn_D
1780981363.7925954,-0.782,-0.137,0.632,-1.305,1.183,-1.817,-0.661,-0.315,0.635,-6.595,0.656,-0.397,-0.271,-0.369,0.913,-0.389,0.076,-0.198,-0.222,-0.351,0.975,1.366,6.771,-1.183,0.098,-0.373,0.809,-0.55,2.374,0.015,btn_D
1780981363.8968883,-0.782,-0.144,0.642,-0.977,1.748,-0.099,-0.66,-0.313,0.638,-6.679,0.802,-0.183,-0.269,-0.362,0.906,-0.328,0.359,0.221,-0.223,-0.35,0.968,1.885,6.679,0.023,0.093,-0.376,0.799,-0.626,2.282,0.053,btn_D
1780981363.9929106,-0.783,-0.14,0.641,-0.504,1.504,-0.924,-0.659,-0.313,0.627,-6.229,0.634,-0.328,-0.265,-0.368,0.917,0.038,-0.42,-0.305,-0.218,-0.346,0.973,1.542,6.977,-0.534,0.09,-0.376,0.801,-1.122,2.061,0.237,btn_D
1780981364.090716,-0.783,-0.143,0.644,-0.649,1.305,-1.122,-0.664,-0.312,0.627,-6.397,0.588,-0.618,-0.27,-0.364,0.916,0.0,-0.45,-0.214,-0.218,-0.349,0.979,1.298,6.954,-0.412,0.096,-0.379,0.8,-1.076,2.061,0.061,btn_D
1780981364.2025235,-0.782,-0.143,0.646,-1.137,1.0,-1.275,-0.662,-0.312,0.633,-6.137,0.244,-1.252,-0.267,-0.364,0.921,-0.366,0.344,-0.443,-0.224,-0.35,0.974,1.878,7.191,-0.573,0.094,-0.37,0.79,-0.679,2.168,0.076,btn_D
1780981364.3067658,-0.784,-0.146,0.639,-0.473,0.855,-0.153,-0.655,-0.316,0.627,-6.275,0.611,-0.885,-0.273,-0.364,0.914,-0.214,0.168,-0.305,-0.224,-0.347,0.977,1.45,6.588,-0.71,0.107,-0.374,0.799,-0.206,2.733,-0.229,btn_D
1780981364.4070363,-2.0,-0.512,0.995,231.267,-138.58,64.45,-0.77,-0.355,0.546,-17.443,-50.954,-27.336,-0.281,-0.374,0.906,6.763,-17.435,-8.618,-0.293,-0.367,0.762,18.893,-39.618,-5.008,0.104,-0.421,0.826,-19.901,-37.809,-9.863,btn_D
1780981364.5025866,-0.755,0.083,0.693,9.489,-4.115,22.336,-0.611,-0.331,0.67,-3.962,-3.55,-3.687,-0.255,-0.359,0.912,-0.023,-2.763,-2.252,-0.181,-0.339,0.989,1.382,1.916,-1.481,0.126,-0.395,0.794,-3.565,-0.382,-1.237,btn_D
1780981364.6100836,-0.721,0.079,0.75,-1.962,1.527,4.214,-0.622,-0.324,0.667,-4.924,3.214,-1.626,-0.239,-0.353,0.919,-0.557,-0.344,-0.466,-0.197,-0.346,0.997,4.321,7.672,0.565,0.125,-0.384,0.791,-1.397,0.725,0.252,btn_D
1780981364.7087457,-0.652,0.116,0.706,-3.092,2.603,1.412,-0.611,-0.326,0.676,-5.855,1.015,0.198,-0.249,-0.355,0.924,-1.191,0.221,0.534,-0.181,-0.342,0.987,1.832,9.198,0.427,0.119,-0.389,0.788,0.511,5.237,0.466,btn_D
1780981364.8235285,-0.622,0.13,0.681,-1.634,0.71,-0.229,-0.596,-0.32,0.666,-7.046,0.992,-0.214,-0.245,-0.36,0.923,-2.267,4.237,0.031,-0.189,-0.351,0.983,1.817,8.573,-0.069,0.114,-0.389,0.798,1.87,8.863,0.573,btn_D
1780981364.9275815,-0.434,-0.259,0.409,-124.977,106.061,-208.16,-0.591,-0.341,0.71,-2.588,52.221,28.542,-0.262,-0.367,0.934,-2.137,5.427,2.252,-0.192,-0.327,0.978,1.176,18.366,1.206,0.068,-0.359,0.817,14.084,23.939,2.443,btn_D
1780981365.0230966,-0.791,-0.18,0.698,2.519,10.374,-0.298,-0.644,-0.319,0.64,-6.649,5.145,-0.206,-0.259,-0.368,0.913,2.977,0.901,2.092,-0.223,-0.346,0.988,2.061,7.687,0.519,0.096,-0.378,0.796,2.298,-6.74,0.489,btn_D
1780981365.120679,-0.773,-0.146,0.645,-2.496,-1.122,-1.221,-0.658,-0.319,0.639,-5.672,0.26,-0.466,-0.261,-0.364,0.923,-0.145,0.58,0.74,-0.202,-0.346,0.975,1.656,8.557,0.481,0.1,-0.37,0.793,1.802,0.931,0.603,btn_D
1780981365.2241163,-0.772,-0.145,0.652,-0.611,2.084,-0.618,-0.664,-0.323,0.63,-6.229,0.664,-0.008,-0.261,-0.365,0.919,-0.427,1.473,1.267,-0.218,-0.342,0.976,1.878,9.115,0.878,0.096,-0.374,0.793,0.359,2.573,0.443,btn_D
1780981365.3423913,-0.771,-0.147,0.651,-3.191,3.969,-0.137,-0.665,-0.317,0.633,-5.977,0.298,-0.565,-0.27,-0.365,0.928,-0.573,-0.832,0.221,-0.207,-0.346,0.972,1.191,6.359,-0.496,0.103,-0.376,0.798,-0.206,1.908,0.305,btn_D
1780981365.4422455,-0.775,-0.147,0.648,-1.656,1.206,-0.481,-0.661,-0.321,0.629,-6.275,0.977,0.038,-0.268,-0.362,0.92,-0.382,1.336,0.977,-0.216,-0.352,0.972,1.55,7.603,-0.641,0.101,-0.366,0.795,-0.641,2.565,-0.115,btn_D
1780981365.540611,-0.787,-0.146,0.648,-2.107,1.847,0.069,-0.665,-0.319,0.632,-6.153,0.763,-0.405,-0.267,-0.363,0.919,-0.649,-0.229,0.534,-0.215,-0.347,0.98,1.42,6.679,-1.031,0.105,-0.373,0.8,-1.038,1.656,0.0,btn_D
1780981365.6359444,-0.781,-0.143,0.644,-1.863,0.702,0.206,-0.656,-0.311,0.634,-6.305,0.992,-0.115,-0.265,-0.363,0.913,-0.321,0.336,0.771,-0.217,-0.347,0.985,1.359,7.198,-0.45,0.102,-0.379,0.794,-0.702,2.58,-0.107,btn_D
1780981368.3148258,-0.782,-0.147,0.635,-1.069,0.725,-1.504,-0.658,-0.314,0.63,-6.595,0.328,-0.893,-0.265,-0.365,0.919,-0.427,-0.534,-0.084,-0.217,-0.348,0.975,1.374,6.817,-0.672,0.104,-0.373,0.795,-0.466,2.023,-0.031,btn_D
1780981368.416771,-0.781,-0.153,0.648,-1.008,1.656,0.183,-0.656,-0.313,0.639,-6.565,0.687,-0.542,-0.268,-0.362,0.917,-0.214,1.206,0.099,-0.214,-0.349,0.969,1.053,6.931,-0.16,0.098,-0.376,0.802,-2.145,1.786,0.061,btn_D
1780981368.525193,-0.605,-0.085,0.51,37.962,-35.29,30.931,-0.655,-0.313,0.641,-8.87,-9.458,-5.832,-0.268,-0.366,0.914,1.153,-6.069,-0.405,-0.225,-0.348,0.971,-0.168,4.275,-1.069,0.102,-0.376,0.802,-4.672,2.664,-1.58,btn_D
1780981368.6256037,-0.472,0.043,0.601,25.0,-26.916,33.0,-0.59,-0.302,0.644,-5.618,-11.038,-2.534,-0.242,-0.355,0.913,0.924,-1.0,0.366,-0.209,-0.341,0.984,2.122,11.565,0.351,0.096,-0.373,0.786,-1.305,0.053,-0.611,btn_D
1780981368.7262306,-0.591,0.134,0.621,17.588,-13.832,23.076,-0.583,-0.309,0.661,-4.366,-4.527,-2.405,-0.241,-0.354,0.924,-0.107,-1.115,-0.405,-0.19,-0.336,0.984,0.351,7.031,0.099,0.113,-0.385,0.781,0.015,1.29,-0.198,btn_D
1780981368.8291047,-0.617,0.164,0.66,25.122,-18.267,24.107,-0.82,-0.331,0.598,-3.046,-7.771,-5.397,-0.252,-0.341,0.925,0.168,-2.985,-0.863,-0.157,-0.333,0.995,0.656,7.748,-0.031,0.132,-0.393,0.797,4.359,9.802,1.137,btn_D
1780981368.9323363,-0.6,0.138,0.714,7.863,-8.626,4.16,-0.573,-0.31,0.665,-4.756,1.679,0.756,-0.235,-0.349,0.918,0.237,1.389,0.55,-0.181,-0.343,0.987,2.137,8.557,0.542,0.126,-0.389,0.786,4.191,6.282,-0.031,btn_D
1780981369.0437195,-0.676,0.112,0.771,-1.45,2.443,-2.336,-0.615,-0.325,0.676,-6.435,1.656,-0.107,-0.253,-0.352,0.926,-0.542,1.267,-0.366,-0.19,-0.341,0.998,1.725,5.931,-0.038,0.135,-0.395,0.785,2.817,0.809,0.565,btn_D
1780981369.1412377,-0.637,0.14,0.723,-8.756,4.656,-0.977,-0.598,-0.321,0.676,-7.344,3.45,-1.603,-0.251,-0.353,0.93,-2.13,1.366,-0.443,-0.193,-0.339,0.989,1.382,10.13,0.092,0.132,-0.384,0.805,6.412,6.321,1.641,btn_D
1780981369.2436879,-0.792,-0.248,0.934,-58.733,68.664,-99.267,-0.634,-0.337,0.635,-9.588,23.725,8.336,-0.27,-0.355,0.899,-2.519,2.13,-0.504,-0.194,-0.354,0.976,0.939,8.183,-1.74,0.116,-0.388,0.808,0.931,5.382,1.191,btn_D
1780981369.3552966,-0.527,-0.199,0.716,-2.786,13.107,-1.939,-0.679,-0.32,0.617,-5.885,7.137,-0.031,-0.276,-0.354,0.905,0.42,-11.527,-0.534,-0.203,-0.343,0.974,2.084,2.275,-0.397,0.122,-0.384,0.807,4.809,3.344,1.069,btn_D
1780981369.4485888,-0.74,-0.173,0.675,-21.42,-2.588,6.26,-0.655,-0.314,0.647,-6.313,-0.824,-1.084,-0.254,-0.366,0.929,-0.771,2.198,0.244,-0.214,-0.348,0.986,2.595,8.168,0.076,0.097,-0.378,0.798,4.542,2.191,0.282,btn_D
1780981369.55028,-0.786,-0.139,0.648,-0.267,3.382,1.214,-0.658,-0.317,0.633,-5.473,0.42,1.092,-0.27,-0.364,0.927,1.534,0.298,1.137,-0.213,-0.341,0.982,2.511,6.885,0.397,0.098,-0.371,0.791,0.435,1.824,-0.191,btn_D
1780981369.6557238,-0.783,-0.136,0.649,-3.962,2.076,-2.588,-0.653,-0.303,0.63,-7.275,0.817,-2.13,-0.26,-0.354,0.918,-3.702,-0.809,-1.076,-0.213,-0.346,0.973,-1.756,8.023,-1.038,0.092,-0.371,0.793,-5.115,2.0,1.534,btn_D
1780981369.7559981,-0.779,-0.152,0.642,-0.771,1.412,0.985,-0.657,-0.321,0.629,-5.893,1.229,0.473,-0.265,-0.367,0.917,1.053,1.214,0.924,-0.214,-0.347,0.972,2.771,6.702,-0.542,0.093,-0.372,0.795,-1.237,1.748,-0.809,btn_D
1780981369.859072,-0.779,-0.135,0.64,-4.137,2.588,-1.794,-0.654,-0.302,0.631,-7.023,0.0,-2.42,-0.264,-0.352,0.917,-3.092,-2.229,-0.58,-0.214,-0.347,0.983,-1.977,6.321,-1.511,0.09,-0.383,0.803,-3.992,1.786,1.725,btn_D
1780981369.9621499,-0.779,-0.137,0.635,-0.305,-0.038,1.458,-0.653,-0.309,0.639,-5.26,1.328,1.55,-0.261,-0.357,0.92,1.618,2.015,1.687,-0.219,-0.342,0.982,2.908,9.611,0.573,0.095,-0.369,0.787,3.511,3.954,0.351,btn_D
1780981370.0867372,-0.787,-0.149,0.642,-3.168,1.267,-3.924,-0.65,-0.323,0.637,-7.336,-0.244,-2.71,-0.264,-0.372,0.922,-2.931,-2.069,-0.58,-0.22,-0.355,0.973,-0.939,6.015,-1.031,0.103,-0.378,0.801,0.534,2.137,0.634,btn_D
1780981370.1751046,-0.779,-0.139,0.641,0.321,0.931,1.733,-0.657,-0.312,0.629,-6.031,0.878,1.336,-0.269,-0.36,0.909,1.176,2.122,1.038,-0.224,-0.346,0.972,2.924,7.916,0.374,0.083,-0.365,0.802,0.29,3.328,-0.122,btn_D
1780981370.2714972,-0.786,-0.152,0.639,-3.023,0.924,-2.618,-0.657,-0.318,0.631,-6.366,-0.107,-0.985,-0.269,-0.361,0.922,-0.748,-1.542,-0.359,-0.215,-0.346,0.98,1.16,4.924,-1.359,0.099,-0.375,0.803,-1.565,1.359,-0.435,btn_D
1780981372.9489665,-0.788,-0.142,0.635,-1.137,1.847,-0.908,-0.659,-0.312,0.64,-6.153,1.023,0.466,-0.273,-0.363,0.915,-1.015,0.214,-0.542,-0.221,-0.35,0.975,0.878,6.298,-0.206,0.095,-0.368,0.796,-1.565,1.374,-0.046,btn_D
1780981373.052257,-0.785,-0.148,0.635,-0.42,1.336,-0.344,-0.658,-0.309,0.635,-6.229,0.679,0.42,-0.271,-0.366,0.915,-0.099,0.191,-0.084,-0.219,-0.347,0.976,1.992,7.534,-0.344,0.095,-0.372,0.794,0.092,2.924,0.015,btn_D
1780981373.1614423,-0.785,-0.149,0.639,-0.908,2.008,-1.008,-0.659,-0.314,0.635,-6.779,0.809,-0.099,-0.276,-0.365,0.914,-0.252,-0.534,-0.107,-0.225,-0.349,0.974,1.328,6.565,-0.992,0.097,-0.367,0.802,-1.321,1.847,-0.084,btn_D
1780981373.2578998,-0.786,-0.151,0.637,-1.298,1.328,-0.908,-0.66,-0.314,0.637,-6.389,0.649,-0.718,-0.27,-0.365,0.917,-0.481,0.076,-0.305,-0.222,-0.346,0.979,1.74,6.427,-0.565,0.095,-0.371,0.806,-0.038,2.229,0.145,btn_D
1780981373.3627517,-0.783,-0.146,0.635,-0.298,1.038,-0.397,-0.659,-0.311,0.625,-6.275,0.824,-0.443,-0.275,-0.363,0.914,-0.229,0.405,-0.26,-0.229,-0.344,0.973,1.725,6.954,-0.542,0.098,-0.371,0.807,-1.374,2.046,0.061,btn_D
1780981373.4641633,-0.785,-0.145,0.639,-1.588,1.031,-0.634,-0.661,-0.31,0.631,-6.634,0.473,-0.771,-0.271,-0.365,0.917,-0.427,-0.817,0.366,-0.219,-0.346,0.972,1.473,7.198,-0.443,0.102,-0.373,0.806,-0.183,2.489,0.137,btn_D
1780981373.5674875,-0.783,-0.148,0.63,-0.878,1.328,-1.473,-0.657,-0.316,0.632,-6.153,0.626,-0.252,-0.275,-0.364,0.919,-0.16,0.389,0.221,-0.226,-0.345,0.975,2.023,7.298,-0.282,0.085,-0.37,0.798,-0.092,2.588,-0.252,btn_D
1780981373.6710994,-0.981,0.155,-0.529,221.656,-95.443,203.847,-0.672,-0.374,0.626,-3.618,-34.244,-23.87,-0.253,-0.353,0.914,14.435,-20.519,-6.412,-0.161,-0.304,0.921,7.466,-26.924,-5.634,0.136,-0.396,0.816,-0.779,-21.985,-3.573,btn_D
1780981373.7729566,-0.59,0.11,0.692,12.397,-19.298,23.924,-0.573,-0.326,0.702,-4.763,-5.565,-3.649,-0.237,-0.36,0.927,1.298,-5.244,-0.382,-0.167,-0.349,0.978,4.649,7.275,-1.0,0.114,-0.387,0.782,5.802,-2.855,0.489,btn_D
1780981373.876153,-0.522,0.164,0.682,4.794,-6.58,11.198,-0.579,-0.307,0.656,-6.664,1.511,-1.076,-0.247,-0.356,0.929,-2.221,0.702,0.756,-0.193,-0.345,0.982,1.481,8.382,0.321,0.121,-0.387,0.782,-1.939,7.977,-0.931,btn_D
1780981373.9870281,-0.62,0.166,0.688,4.13,-4.115,3.435,-0.575,-0.311,0.651,-6.305,2.0,-2.031,-0.244,-0.35,0.939,-2.542,-2.046,0.038,-0.186,-0.347,0.986,0.931,7.427,0.168,0.127,-0.389,0.787,-0.748,9.328,-0.076,btn_D
1780981374.0892596,-0.647,0.141,0.704,-4.366,3.969,0.733,-0.606,-0.326,0.667,-6.634,2.053,-0.435,-0.251,-0.354,0.92,-1.244,-0.527,0.427,-0.189,-0.343,0.98,0.901,8.473,0.023,0.125,-0.389,0.783,0.573,5.924,0.366,btn_D
1780981374.1908915,-0.615,0.182,0.68,-4.443,7.656,-6.55,-0.565,-0.316,0.668,-8.916,3.84,1.061,-0.235,-0.354,0.934,-4.374,5.206,1.435,-0.168,-0.342,1.016,-1.947,18.664,0.031,0.128,-0.397,0.807,10.794,13.824,6.305,btn_D
1780981374.2885501,-1.901,-0.277,1.936,-112.214,36.763,-125.405,-0.608,-0.339,0.701,-13.229,-5.595,-6.229,-0.256,-0.362,0.893,-4.298,-1.832,-2.878,-0.2,-0.365,0.925,-1.023,3.802,-5.031,0.113,-0.393,0.837,-6.061,-7.664,-0.931,btn_D
1780981374.3911633,-0.81,-0.129,0.619,-0.046,5.84,-1.053,-0.665,-0.314,0.617,-5.992,0.969,0.115,-0.264,-0.367,0.914,0.16,-1.046,0.664,-0.212,-0.353,0.983,1.13,7.924,0.107,0.106,-0.372,0.793,-1.374,9.55,0.267,btn_D
1780981374.5063004,-0.767,-0.14,0.643,-2.328,-0.473,0.053,-0.663,-0.308,0.63,-6.008,-0.145,-0.038,-0.272,-0.367,0.919,-0.504,-1.489,-0.206,-0.215,-0.348,0.968,3.794,6.336,-0.084,0.092,-0.367,0.796,0.099,4.779,0.069,btn_D
1780981374.6038957,-0.795,-0.143,0.637,-2.527,4.405,-1.397,-0.66,-0.311,0.628,-7.359,1.008,-0.176,-0.268,-0.363,0.913,-0.733,2.595,1.282,-0.22,-0.342,0.978,0.664,10.076,1.008,0.087,-0.369,0.798,-0.573,0.626,1.198,btn_D
1780981374.7062113,-0.785,-0.145,0.626,-2.305,2.588,0.191,-0.665,-0.315,0.622,-6.511,0.878,0.092,-0.281,-0.365,0.91,-0.008,1.595,0.802,-0.224,-0.35,0.974,1.695,7.763,-0.489,0.089,-0.353,0.79,-1.198,1.679,-0.122,btn_D
1780981374.803447,-0.785,-0.144,0.629,-1.26,-3.435,-0.916,-0.657,-0.311,0.644,-3.962,-3.901,0.718,-0.269,-0.362,0.925,4.015,-5.214,-1.0,-0.235,-0.348,1.001,2.687,3.115,-0.977,0.091,-0.372,0.808,2.061,2.573,-0.374,btn_D
1780981374.906425,-0.78,-0.146,0.633,-1.023,2.443,-0.153,-0.661,-0.312,0.631,-6.473,0.206,0.656,-0.273,-0.366,0.915,0.565,0.313,0.359,-0.223,-0.342,0.976,2.351,6.656,-0.534,0.093,-0.362,0.801,0.458,1.389,0.084,btn_D
1780981377.5849988,-0.789,-0.15,0.628,-0.42,2.023,-0.16,-0.661,-0.312,0.628,-6.237,0.244,-0.336,-0.27,-0.365,0.918,-0.076,-0.084,0.275,-0.221,-0.349,0.974,1.641,6.374,-0.794,0.096,-0.371,0.802,-0.023,2.718,-0.229,btn_D
1780981377.6922147,-0.788,-0.142,0.635,-0.695,0.885,-1.053,-0.665,-0.306,0.633,-5.985,0.817,-0.374,-0.271,-0.362,0.917,-0.344,-1.122,0.206,-0.219,-0.348,0.974,1.359,6.718,-0.107,0.096,-0.375,0.797,-0.328,2.878,-0.504,btn_D
1780981377.7902522,-0.784,-0.144,0.631,-1.947,2.351,-0.977,-0.664,-0.312,0.632,-6.809,0.435,-0.26,-0.274,-0.365,0.91,-0.565,0.221,0.435,-0.221,-0.345,0.973,1.313,6.092,-0.366,0.097,-0.368,0.801,-0.534,1.786,-0.26,btn_D
1780981377.8934784,-0.79,-0.144,0.636,-0.519,1.145,-0.985,-0.662,-0.313,0.625,-6.015,0.756,-0.191,-0.268,-0.363,0.916,-0.16,0.046,0.084,-0.221,-0.349,0.974,1.511,6.527,-0.855,0.1,-0.369,0.804,-0.504,1.878,0.015,btn_D
1780981377.9966817,-0.789,-0.142,0.634,-0.443,1.099,-0.565,-0.662,-0.309,0.622,-6.504,0.557,-0.26,-0.269,-0.362,0.915,-0.282,-0.672,0.176,-0.219,-0.343,0.98,1.328,6.557,-0.84,0.103,-0.375,0.8,-1.031,3.282,-0.382,btn_D
1780981378.099995,-0.784,-0.146,0.632,-0.672,1.069,-0.359,-0.66,-0.309,0.627,-6.634,1.0,-0.122,-0.267,-0.362,0.915,0.076,0.824,0.496,-0.219,-0.343,0.975,1.351,7.473,-0.389,0.099,-0.37,0.798,-0.718,3.115,-0.481,btn_D
1780981378.2027748,-1.097,-0.062,-0.144,221.473,-105.221,166.489,-1.272,-0.678,0.68,-4.489,-56.618,-15.672,-0.264,-0.39,0.89,16.55,-13.893,-7.26,-0.134,-0.328,1.013,14.656,-43.0,-6.084,0.144,-0.418,0.81,-9.427,-38.366,-9.916,btn_D
1780981378.3052576,-0.716,0.145,0.655,-3.786,-1.916,12.824,-0.608,-0.341,0.675,-3.962,-3.221,-3.237,-0.25,-0.366,0.967,0.634,-5.588,-0.679,-0.176,-0.336,0.989,2.779,1.321,-1.29,0.14,-0.402,0.79,1.679,-8.58,0.656,btn_D
1780981378.4088826,-0.744,0.107,0.737,0.634,3.069,1.359,-0.617,-0.343,0.686,-6.305,-0.519,-0.863,-0.246,-0.359,0.93,0.74,2.122,1.092,-0.185,-0.344,0.982,1.038,6.557,-0.511,0.125,-0.395,0.793,-2.885,-1.031,0.87,btn_D
1780981378.522382,-0.694,0.085,0.789,2.344,-2.405,2.527,-0.608,-0.335,0.682,-6.092,-0.069,-0.817,-0.247,-0.352,0.922,0.092,0.962,-0.145,-0.176,-0.342,1.002,0.916,9.496,-0.305,0.132,-0.4,0.788,0.443,4.29,0.573,btn_D
1780981378.6232755,-0.682,0.09,0.787,-2.534,2.725,-1.992,-0.607,-0.335,0.67,-7.359,1.176,-0.466,-0.24,-0.357,0.924,0.145,2.473,1.038,-0.184,-0.346,0.978,1.58,8.84,-0.359,0.124,-0.387,0.79,-0.206,0.87,0.198,btn_D
1780981378.7219484,-0.679,0.084,0.761,-13.733,12.626,-9.221,-0.592,-0.341,0.672,-8.794,3.863,-0.076,-0.248,-0.357,0.917,-2.603,1.466,-0.046,-0.183,-0.342,0.979,1.282,10.611,0.359,0.132,-0.393,0.805,5.534,8.595,1.275,btn_D
1780981378.8206358,-1.217,-0.289,0.666,-128.176,109.618,-162.351,-0.659,-0.332,0.637,-1.634,48.344,29.008,-0.263,-0.354,0.915,0.328,13.244,2.901,-0.263,-0.338,1.014,-2.603,26.153,-2.137,0.072,-0.322,0.711,-10.221,-6.519,-1.145,btn_D
1780981378.923985,-0.782,-0.144,0.665,2.412,12.176,0.771,-0.664,-0.327,0.639,-5.679,2.351,1.504,-0.256,-0.364,0.928,1.656,-0.702,0.618,-0.198,-0.351,0.977,2.382,3.939,-0.038,0.112,-0.369,0.794,-1.664,0.786,0.374,btn_D
1780981379.037246,-0.758,-0.148,0.658,-2.824,-0.626,-0.901,-0.658,-0.321,0.632,-6.076,1.221,0.519,-0.254,-0.362,0.92,0.13,1.16,1.26,-0.205,-0.346,0.986,1.542,9.344,-0.328,0.102,-0.375,0.794,1.496,2.069,0.718,btn_D
1780981379.140026,-0.767,-0.15,0.66,-3.153,2.046,1.092,-0.657,-0.32,0.634,-6.198,1.023,0.015,-0.261,-0.364,0.909,-0.29,1.511,0.985,-0.206,-0.346,0.98,1.443,8.198,0.267,0.103,-0.376,0.802,1.267,2.855,0.748,btn_D
1780981379.2376256,-0.779,-0.15,0.647,-2.252,2.962,1.45,-0.652,-0.32,0.635,-5.718,0.954,0.061,-0.264,-0.36,0.92,0.153,1.122,0.962,-0.208,-0.346,0.977,2.176,8.275,0.252,0.106,-0.374,0.796,-0.397,1.656,0.305,btn_D
1780981379.3355632,-0.776,-0.151,0.65,-3.008,1.733,0.496,-0.653,-0.316,0.628,-6.015,1.015,-0.779,-0.257,-0.364,0.919,-0.542,0.733,1.176,-0.213,-0.347,0.975,0.809,8.183,0.183,0.099,-0.378,0.797,-0.397,2.55,0.366,btn_D
1780981379.4385087,-0.779,-0.146,0.646,-1.817,1.382,-0.427,-0.658,-0.321,0.631,-6.145,0.885,0.053,-0.264,-0.36,0.921,-0.366,0.595,0.565,-0.216,-0.345,0.969,1.084,7.084,-0.557,0.104,-0.371,0.796,-1.153,1.603,0.481,btn_D
1780981379.5416598,-0.775,-0.153,0.64,-3.397,2.504,1.985,-0.661,-0.32,0.635,-6.092,0.588,-0.282,-0.263,-0.364,0.912,-0.45,1.038,0.954,-0.214,-0.346,0.979,1.336,7.901,-0.832,0.104,-0.374,0.804,-0.679,1.504,0.519,btn_D
1780981382.2237344,-0.79,-0.151,0.635,-1.023,1.565,-0.802,-0.655,-0.322,0.621,-6.405,0.947,-0.336,-0.269,-0.37,0.91,-0.458,-0.198,-0.221,-0.221,-0.357,0.969,1.679,6.916,-0.511,0.103,-0.38,0.798,-0.13,2.427,0.099,btn_D
1780981382.323294,-0.785,-0.149,0.631,-0.55,1.817,-1.282,-0.662,-0.323,0.623,-5.992,0.847,0.176,-0.272,-0.369,0.915,-0.328,0.061,0.031,-0.225,-0.356,0.973,1.534,7.344,-0.099,0.098,-0.376,0.804,-0.473,2.496,-0.191,btn_D
1780981382.4255657,-0.784,-0.147,0.632,-0.802,2.13,-0.534,-0.665,-0.324,0.625,-6.366,0.45,-0.504,-0.278,-0.368,0.912,-0.527,0.137,-0.588,-0.223,-0.352,0.972,1.527,6.733,-0.672,0.097,-0.378,0.8,-0.977,2.0,0.137,btn_D
1780981382.5388062,-0.788,-0.152,0.629,-0.435,0.832,-0.977,-0.662,-0.315,0.621,-6.557,0.023,-0.977,-0.274,-0.37,0.913,-0.542,0.099,-0.328,-0.22,-0.357,0.973,1.756,6.565,-0.885,0.096,-0.376,0.802,-0.473,2.328,-0.076,btn_D
1780981382.6407752,-0.785,-0.154,0.631,-0.779,1.282,-0.374,-0.66,-0.319,0.625,-6.55,0.489,-0.718,-0.273,-0.368,0.911,-0.305,-0.145,-0.115,-0.22,-0.353,0.965,1.786,7.252,-0.679,0.104,-0.376,0.792,-0.137,2.969,0.267,btn_D
1780981382.7345545,-0.789,-0.151,0.637,-1.206,1.237,-1.031,-0.662,-0.318,0.625,-6.504,0.55,-0.908,-0.274,-0.369,0.92,-0.237,0.71,-0.351,-0.224,-0.357,0.976,1.634,7.191,-0.771,0.094,-0.374,0.795,-0.534,2.099,-0.061,btn_D
1780981382.8379276,-0.793,-0.163,0.646,-7.366,5.725,1.664,-0.662,-0.317,0.633,-7.084,0.786,-0.046,-0.299,-0.368,0.94,-0.725,0.496,0.916,-0.232,-0.353,0.957,2.458,11.275,-0.008,0.09,-0.365,0.782,-4.626,0.023,-2.809,btn_D
1780981382.9405038,-0.346,0.099,0.548,68.908,-41.168,62.817,-0.578,-0.308,0.621,-4.389,-26.435,-6.649,-0.236,-0.369,0.927,2.076,-16.992,-1.321,-0.224,-0.339,0.96,1.275,-0.122,-0.756,0.121,-0.394,0.797,6.443,-8.679,-2.206,btn_D
1780981383.0437958,-0.64,0.104,0.744,2.901,-0.969,0.824,-0.613,-0.328,0.655,-6.023,1.466,-0.405,-0.248,-0.361,0.924,-1.321,-1.962,-0.237,-0.192,-0.349,0.982,0.908,4.649,-0.618,0.127,-0.398,0.797,2.878,0.267,0.824,btn_D
1780981383.1551886,-0.726,0.115,0.729,-1.191,4.305,0.366,-0.613,-0.336,0.661,-6.061,1.58,-0.405,-0.256,-0.362,0.918,-0.725,-0.71,0.221,-0.186,-0.352,0.989,0.756,7.198,0.099,0.121,-0.389,0.782,0.466,1.427,0.565,btn_D
1780981383.254408,-0.673,0.122,0.721,-5.786,4.519,-0.16,-0.606,-0.335,0.672,-6.168,0.954,-0.641,-0.245,-0.365,0.927,-1.947,0.061,0.855,-0.198,-0.353,0.978,2.412,6.924,-0.176,0.12,-0.394,0.781,-2.695,-0.374,-0.336,btn_D
1780981383.3536434,-0.704,0.13,0.707,-3.321,2.947,1.603,-0.618,-0.34,0.676,-6.053,-0.107,-0.802,-0.258,-0.367,0.925,-0.748,1.023,0.908,-0.189,-0.353,0.983,1.328,7.824,0.122,0.132,-0.399,0.787,-2.252,2.84,0.321,btn_D
1780981383.455973,-0.651,0.176,0.642,4.573,-7.298,11.733,-0.605,-0.319,0.655,-2.45,-2.466,-1.985,-0.238,-0.35,0.927,-0.855,0.061,-0.382,-0.176,-0.352,0.997,2.71,8.672,0.527,0.124,-0.39,0.786,3.779,6.611,1.237,btn_D
1780981383.5591393,-0.621,0.156,0.673,-16.29,15.947,-9.664,-0.594,-0.314,0.653,-10.611,7.42,0.374,-0.269,-0.356,0.915,-4.107,2.069,0.435,-0.171,-0.353,0.999,0.412,13.87,-0.16,0.132,-0.411,0.805,14.527,17.427,3.664,btn_D
1780981383.6724043,-2.0,-2.0,2.0,-52.206,135.786,69.71,-0.721,-0.325,0.524,-2.878,2.489,-3.359,-0.271,-0.38,0.89,-9.374,11.695,-6.878,-0.211,-0.366,0.963,6.649,-6.198,-4.672,0.107,-0.405,0.812,7.183,-9.29,1.046,btn_D
1780981383.769877,-0.798,-0.136,0.629,-2.573,-0.42,-3.237,-0.666,-0.319,0.624,-5.611,-0.336,-1.023,-0.259,-0.371,0.921,-0.534,-2.618,-0.015,-0.2,-0.357,0.984,0.565,7.466,0.45,0.115,-0.389,0.809,-4.015,8.588,0.084,btn_D
1780981383.8813465,-0.786,-0.146,0.636,-0.71,2.008,-1.794,-0.661,-0.32,0.627,-7.718,1.748,-1.74,-0.252,-0.374,0.91,-0.511,-1.779,-1.031,-0.204,-0.357,0.98,1.863,6.237,-0.824,0.111,-0.379,0.793,-1.015,4.527,-0.496,btn_D
1780981383.9784694,-0.781,-0.135,0.646,-1.802,2.687,-2.557,-0.662,-0.318,0.617,-6.519,1.534,-1.389,-0.263,-0.375,0.921,0.16,-0.397,-0.275,-0.204,-0.357,0.973,1.191,7.611,-0.496,0.104,-0.381,0.791,-0.092,2.328,0.168,btn_D
1780981384.0783603,-0.786,-0.138,0.645,-1.588,0.832,-1.534,-0.66,-0.317,0.63,-6.71,0.962,-0.053,-0.257,-0.371,0.912,-0.58,2.275,0.855,-0.208,-0.358,0.972,1.359,10.076,0.275,0.091,-0.383,0.792,2.328,5.687,1.191,btn_D
1780981384.17671,-0.779,-0.148,0.64,-2.214,0.206,1.115,-0.669,-0.316,0.618,-6.351,0.985,0.023,-0.272,-0.372,0.918,-0.443,-0.458,-0.099,-0.218,-0.354,0.969,0.985,7.504,-0.832,0.097,-0.379,0.794,-2.527,0.573,0.038,btn_D
1780981386.8546703,-0.798,-0.146,0.622,-1.214,2.053,-0.901,-0.666,-0.316,0.62,-6.412,0.191,-1.008,-0.282,-0.363,0.91,-0.435,-0.496,0.069,-0.231,-0.349,0.969,1.664,7.153,-0.176,0.088,-0.372,0.801,0.092,2.176,0.038,btn_D
1780981386.9577324,-0.795,-0.145,0.625,-0.672,1.649,-0.763,-0.663,-0.31,0.617,-6.069,0.504,-0.435,-0.283,-0.365,0.913,-0.695,0.542,0.366,-0.233,-0.355,0.976,1.649,8.26,0.084,0.08,-0.36,0.797,-1.13,2.779,0.565,btn_D
1780981387.072972,-0.793,-0.141,0.629,-2.122,2.641,-1.198,-0.666,-0.308,0.625,-6.672,0.573,-0.45,-0.285,-0.365,0.906,-0.802,0.931,0.13,-0.234,-0.354,0.968,1.061,7.008,-0.809,0.081,-0.368,0.8,-2.282,2.282,0.176,btn_D
1780981387.1640537,-0.791,-0.142,0.623,-0.687,1.664,-0.389,-0.668,-0.313,0.617,-6.42,0.992,0.527,-0.286,-0.362,0.909,-0.603,-0.527,0.443,-0.234,-0.355,0.969,1.603,7.084,-0.55,0.077,-0.368,0.8,-0.649,2.282,-0.038,btn_D
1780981387.270953,-0.791,-0.141,0.624,-1.55,1.412,-1.153,-0.671,-0.312,0.621,-6.771,0.855,0.137,-0.287,-0.372,0.904,-0.656,0.389,0.221,-0.235,-0.354,0.969,1.641,6.962,-0.565,0.084,-0.365,0.805,-0.893,2.099,-0.031,btn_D
1780981387.3742032,-0.792,-0.147,0.622,-1.443,1.229,-1.382,-0.668,-0.311,0.627,-6.321,0.916,-0.122,-0.285,-0.362,0.911,-1.015,-0.145,0.038,-0.232,-0.349,0.975,1.008,7.58,-0.13,0.088,-0.368,0.801,-1.565,3.176,0.489,btn_D
1780981387.4739041,-0.793,-0.145,0.627,-0.565,1.962,-0.267,-0.67,-0.314,0.619,-6.198,0.664,-0.359,-0.285,-0.366,0.912,-0.405,-0.397,0.71,-0.239,-0.351,0.969,1.382,7.076,-0.214,0.084,-0.372,0.806,-0.786,2.137,0.023,btn_D
1780981387.5763073,-0.787,-0.144,0.628,-0.992,2.16,-1.618,-0.668,-0.315,0.619,-6.519,0.649,-0.649,-0.286,-0.37,0.912,-0.435,0.527,0.405,-0.234,-0.353,0.969,1.656,6.969,-0.985,0.078,-0.37,0.799,-0.221,2.756,-0.198,btn_D
1780981387.6793463,-2.0,-1.945,2.0,71.168,-201.962,-112.397,-0.793,-0.291,0.498,-41.924,-39.435,-26.366,-0.416,-0.337,0.882,5.382,-23.298,-12.511,-0.344,-0.378,0.923,10.992,-39.313,-13.748,0.136,-0.409,0.808,-44.328,-59.046,-17.244,btn_D
1780981387.7881703,-0.744,0.038,0.821,0.481,-11.328,17.023,-0.669,-0.359,0.678,-2.908,-5.336,-3.084,-0.247,-0.366,0.946,0.405,0.351,-0.779,-0.17,-0.336,1.013,7.153,3.229,-2.076,0.124,-0.403,0.799,-20.16,5.115,-2.427,btn_D
1780981387.8852708,-0.704,0.062,0.864,3.26,-3.511,4.771,-0.614,-0.332,0.672,-5.962,0.656,-0.618,-0.235,-0.358,0.93,0.092,3.008,1.069,-0.189,-0.341,0.984,0.733,6.763,-0.191,0.123,-0.399,0.788,-5.267,4.115,-0.206,btn_D
1780981387.988309,-0.438,0.184,0.49,-82.198,74.252,-22.008,-0.576,-0.356,0.696,-15.656,16.275,7.16,-0.262,-0.369,0.945,-6.947,14.267,1.588,-0.229,-0.32,0.99,-6.779,22.557,-0.603,0.101,-0.367,0.784,8.519,12.168,3.008,btn_D
1780981388.1053612,-0.547,-0.172,0.69,18.954,40.008,5.466,-0.652,-0.325,0.614,-7.344,7.977,-0.527,-0.271,-0.367,0.908,-2.015,-17.55,-0.74,-0.199,-0.347,0.979,2.611,0.656,-0.565,0.12,-0.389,0.81,-1.519,-3.336,0.603,btn_D
1780981388.2057986,-0.783,-0.161,0.645,-5.122,-3.763,-2.687,-0.656,-0.317,0.632,-5.947,0.344,-0.198,-0.26,-0.367,0.91,-0.55,4.053,1.221,-0.219,-0.344,0.98,1.794,10.664,0.382,0.092,-0.363,0.79,2.267,1.748,0.435,btn_D
1780981388.3050287,-0.792,-0.15,0.624,-2.237,2.053,-0.962,-0.661,-0.32,0.626,-6.481,1.107,-0.137,-0.264,-0.368,0.917,-0.573,0.58,-0.29,-0.217,-0.35,0.973,1.511,6.397,-0.634,0.099,-0.375,0.799,-0.809,1.092,0.069,btn_D
1780981388.3998759,-0.791,-0.146,0.626,0.031,1.725,-0.672,-0.662,-0.318,0.627,-6.153,1.115,0.397,-0.259,-0.37,0.917,0.061,0.664,0.191,-0.216,-0.348,0.978,1.641,8.115,0.168,0.093,-0.38,0.815,-0.13,3.145,-0.183,btn_D
1780981388.5029223,-0.787,-0.147,0.628,-2.55,0.664,-1.336,-0.661,-0.321,0.635,-6.802,0.061,-0.206,-0.27,-0.371,0.917,-1.031,-0.954,-0.481,-0.219,-0.349,0.976,0.855,7.26,-0.634,0.087,-0.373,0.795,-1.107,1.649,0.244,btn_D
1780981388.6058862,-0.794,-0.154,0.628,-1.847,1.107,-1.069,-0.658,-0.324,0.625,-6.244,0.481,-0.084,-0.263,-0.37,0.911,-0.527,1.137,0.023,-0.216,-0.347,0.974,1.374,7.542,-0.298,0.091,-0.379,0.794,0.122,3.214,0.321,btn_D
1780981388.7208548,-0.785,-0.151,0.632,-1.16,0.916,-1.16,-0.659,-0.319,0.623,-6.504,0.405,-0.542,-0.264,-0.357,0.914,0.229,-1.328,-0.588,-0.219,-0.349,0.972,1.405,6.992,-0.603,0.097,-0.377,0.796,-1.221,1.527,-0.198,btn_D
1780981388.8220894,-0.791,-0.152,0.635,-0.809,1.977,-0.771,-0.661,-0.32,0.625,-6.405,0.496,-0.351,-0.268,-0.373,0.921,0.214,0.366,0.504,-0.221,-0.351,0.976,1.763,7.336,-0.405,0.093,-0.369,0.8,0.092,2.84,-0.191,btn_D
1780981391.5032055,-0.792,-0.153,0.614,-0.718,1.641,-0.847,-0.666,-0.316,0.622,-6.237,1.191,0.328,-0.281,-0.367,0.909,-0.145,-0.153,0.252,-0.236,-0.355,0.969,1.489,6.267,-0.496,0.088,-0.368,0.807,-0.168,2.206,-0.053,btn_D
1780981391.5929751,-0.792,-0.154,0.622,-0.924,1.672,-0.695,-0.665,-0.313,0.625,-6.229,1.42,0.244,-0.281,-0.373,0.908,-0.076,0.504,0.954,-0.237,-0.351,0.974,1.748,7.313,-0.557,0.085,-0.371,0.792,0.015,2.84,-0.374,btn_D
1780981391.7029748,-0.795,-0.153,0.613,0.389,1.718,-0.183,-0.667,-0.313,0.623,-5.878,0.038,-0.076,-0.296,-0.37,0.908,0.588,0.435,0.718,-0.234,-0.343,0.981,2.008,6.954,-0.672,0.082,-0.356,0.792,-3.366,1.489,0.038,btn_D
1780981391.804342,-0.787,-0.147,0.623,1.092,1.504,1.939,-0.669,-0.306,0.629,-5.802,0.641,0.947,-0.279,-0.358,0.915,1.252,3.351,2.137,-0.23,-0.341,0.98,2.282,9.489,2.275,0.085,-0.362,0.799,3.076,6.427,0.397,btn_D
1780981391.9066572,-0.797,-0.158,0.618,1.198,1.481,0.962,-0.663,-0.319,0.616,-5.511,1.481,1.137,-0.282,-0.374,0.914,2.702,1.565,1.695,-0.232,-0.349,0.971,3.817,7.298,0.336,0.081,-0.37,0.796,5.504,2.305,-0.809,btn_D
1780981392.0054102,-0.792,-0.144,0.626,-1.519,0.282,-2.374,-0.665,-0.316,0.627,-6.672,-0.168,-1.489,-0.279,-0.375,0.902,-1.061,-1.16,-0.55,-0.232,-0.357,0.974,1.748,6.344,-0.679,0.083,-0.384,0.811,1.305,3.13,-0.344,btn_D
1780981392.1230824,-0.795,-0.152,0.621,-0.084,1.473,-0.321,-0.668,-0.31,0.625,-6.611,0.679,-0.122,-0.279,-0.364,0.914,0.008,0.58,0.511,-0.235,-0.349,0.967,1.366,7.26,-0.55,0.085,-0.379,0.797,-0.618,2.916,0.076,btn_D
1780981392.2204192,-0.79,-0.157,0.654,-4.115,3.527,-0.511,-0.668,-0.314,0.62,-6.893,0.115,-1.038,-0.282,-0.368,0.922,0.023,0.321,-0.252,-0.227,-0.347,0.964,2.282,8.573,-1.672,0.068,-0.37,0.78,-1.084,5.504,-2.588,btn_D
1780981392.323608,-0.49,0.11,0.55,61.55,-76.313,64.321,-0.508,-0.308,0.74,1.405,-17.733,-11.26,-0.222,-0.349,0.911,5.557,-6.885,-3.168,-0.177,-0.341,0.989,4.427,7.084,-0.763,0.126,-0.389,0.796,13.916,0.397,0.519,btn_D
1780981392.4173899,-0.51,0.207,0.567,3.023,-6.794,11.298,-0.583,-0.314,0.662,-6.405,1.168,-2.031,-0.241,-0.36,0.932,-2.168,5.107,1.542,-0.187,-0.351,0.984,2.336,11.26,1.115,0.122,-0.378,0.784,-0.252,9.198,1.679,btn_D
1780981392.5204957,-0.689,0.079,0.794,-11.702,11.473,-6.794,-0.617,-0.337,0.673,-9.389,4.557,0.237,-0.259,-0.361,0.917,-2.198,2.328,0.519,-0.191,-0.339,0.982,0.489,9.458,0.038,0.112,-0.384,0.793,1.275,5.527,1.435,btn_D
1780981392.6342452,-0.422,0.175,0.419,-73.107,65.641,-32.176,-0.602,-0.324,0.705,-8.275,27.42,11.542,-0.254,-0.362,0.895,-5.473,5.153,1.221,-0.2,-0.337,0.956,-2.947,32.267,0.122,0.096,-0.37,0.791,13.214,15.008,3.87,btn_D
1780981392.7351422,-0.847,-0.02,0.56,12.977,44.679,1.672,-0.644,-0.335,0.64,-7.847,1.237,-1.695,-0.247,-0.356,0.881,0.702,9.092,0.015,-0.228,-0.356,0.936,1.908,8.626,-0.931,0.09,-0.369,0.797,-1.145,14.908,0.305,btn_D
1780981392.829401,-0.753,-0.152,0.661,-2.641,7.405,-0.786,-0.665,-0.319,0.622,-6.916,2.321,0.458,-0.275,-0.372,0.914,-1.076,1.779,-0.214,-0.221,-0.351,0.973,1.443,5.122,-0.511,0.092,-0.371,0.798,-0.947,-1.794,0.145,btn_D
1780981392.937226,-0.776,-0.144,0.639,-2.13,1.611,-0.885,-0.663,-0.322,0.616,-6.672,1.412,-0.588,-0.269,-0.37,0.913,-0.397,0.267,-0.221,-0.218,-0.354,0.971,1.565,7.313,-0.924,0.095,-0.369,0.804,0.656,2.298,0.481,btn_D
1780981393.03509,-0.782,-0.144,0.643,-1.618,0.916,-1.847,-0.663,-0.317,0.623,-6.389,0.763,-0.71,-0.269,-0.372,0.917,-0.427,0.42,0.443,-0.214,-0.352,0.975,1.191,8.137,-0.206,0.091,-0.372,0.801,0.473,2.702,0.802,btn_D
1780981393.1383111,-0.767,-0.147,0.634,-2.29,1.618,0.466,-0.67,-0.32,0.63,-6.481,1.779,0.588,-0.278,-0.373,0.913,-0.382,3.374,1.511,-0.222,-0.35,0.965,1.55,9.313,0.779,0.084,-0.362,0.79,0.481,2.061,0.542,btn_D
1780981393.256018,-0.781,-0.146,0.636,-2.092,2.145,-1.145,-0.671,-0.318,0.631,-6.489,0.855,-0.252,-0.275,-0.372,0.91,-0.55,0.794,0.542,-0.211,-0.357,0.978,1.58,8.344,0.046,0.092,-0.371,0.799,-2.023,1.679,0.229,btn_D
1780981393.3535798,-0.783,-0.147,0.638,-0.565,1.626,-0.069,-0.668,-0.317,0.62,-6.206,0.473,0.74,-0.27,-0.374,0.912,0.565,0.565,0.901,-0.222,-0.351,0.976,2.092,7.802,0.053,0.092,-0.374,0.797,0.137,2.29,0.084,btn_D
1780981393.452675,-0.784,-0.15,0.635,-1.702,0.977,-1.298,-0.667,-0.318,0.614,-6.107,0.847,0.221,-0.272,-0.374,0.907,-0.595,0.145,0.023,-0.222,-0.358,0.97,1.466,7.107,-0.733,0.096,-0.374,0.804,0.779,3.145,0.275,btn_D
1780981396.1253107,-0.789,-0.146,0.634,-0.168,2.267,-0.397,-0.664,-0.315,0.629,-6.832,0.405,-0.153,-0.274,-0.365,0.908,-0.71,1.13,0.695,-0.226,-0.352,0.971,1.359,7.901,0.015,0.092,-0.367,0.795,-1.496,2.458,0.305,btn_D
1780981396.2282548,-0.787,-0.143,0.631,-1.947,2.382,-1.725,-0.666,-0.315,0.625,-6.626,1.29,-0.443,-0.279,-0.371,0.908,-0.855,-0.527,-0.198,-0.227,-0.355,0.97,0.931,6.405,-0.756,0.087,-0.37,0.804,-0.87,2.275,-0.084,btn_D
1780981396.3317497,-0.786,-0.147,0.638,-1.817,1.427,-1.687,-0.668,-0.312,0.622,-6.634,1.061,-0.565,-0.277,-0.372,0.906,-0.855,0.244,0.252,-0.228,-0.357,0.973,1.427,7.443,-0.237,0.094,-0.363,0.799,1.534,3.481,0.397,btn_D
1780981396.4377449,-0.789,-0.149,0.633,-1.13,1.565,-0.58,-0.668,-0.315,0.619,-6.16,0.962,-0.443,-0.277,-0.369,0.904,-0.58,0.458,-0.176,-0.231,-0.354,0.964,1.634,6.74,-0.634,0.083,-0.362,0.802,0.244,2.603,0.084,btn_D
1780981396.5377314,-0.793,-0.147,0.628,-0.985,0.87,-0.595,-0.666,-0.313,0.619,-6.55,0.336,-0.55,-0.275,-0.369,0.917,-0.015,0.084,0.0,-0.23,-0.357,0.968,1.504,7.237,-0.55,0.082,-0.361,0.799,-0.206,2.573,-0.168,btn_D
1780981396.6408246,-0.791,-0.148,0.62,-0.687,1.626,-1.031,-0.663,-0.317,0.622,-6.145,1.076,0.191,-0.279,-0.369,0.91,-0.115,0.282,-0.145,-0.228,-0.354,0.974,1.42,7.26,0.298,0.089,-0.369,0.797,-0.847,2.145,0.099,btn_D
1780981396.7537405,-0.79,-0.144,0.628,-0.496,1.55,-0.588,-0.668,-0.314,0.622,-6.336,0.55,-0.153,-0.279,-0.37,0.91,-0.588,0.427,-0.298,-0.225,-0.355,0.973,1.221,6.977,-0.519,0.087,-0.369,0.807,-1.359,2.702,0.649,btn_D
1780981396.8528373,-0.974,0.132,-0.57,249.076,-110.282,213.511,-1.538,-1.006,0.872,5.267,-69.748,-8.985,-0.312,-0.387,0.857,20.626,-29.603,-9.695,-0.27,-0.363,0.859,5.664,-79.305,-6.603,0.144,-0.428,0.854,2.313,-33.359,-2.878,btn_D
1780981396.9566853,-0.707,0.047,0.772,2.565,-6.641,13.794,-0.612,-0.339,0.675,-3.794,0.389,-1.863,-0.243,-0.356,0.922,2.901,-1.023,-0.977,-0.176,-0.346,0.994,1.672,6.198,-0.137,0.107,-0.376,0.805,2.0,-2.427,1.786,btn_D
1780981397.053127,-0.701,0.102,0.708,-4.725,5.328,2.023,-0.618,-0.336,0.651,-6.397,2.244,-0.481,-0.265,-0.372,0.92,-1.13,1.573,0.626,-0.204,-0.353,0.976,1.573,8.588,-0.137,0.114,-0.381,0.791,-0.099,2.015,1.298,btn_D
1780981397.1682756,-0.696,0.088,0.709,-3.573,3.038,0.397,-0.611,-0.336,0.66,-6.229,0.748,-0.84,-0.256,-0.365,0.915,-0.023,0.252,-0.031,-0.197,-0.356,0.986,0.947,9.985,1.534,0.101,-0.378,0.793,0.038,3.519,0.817,btn_D
1780981397.269171,-0.68,0.108,0.673,-10.733,8.305,0.282,-0.615,-0.338,0.649,-6.534,2.42,-1.015,-0.269,-0.368,0.917,-2.092,1.656,0.649,-0.202,-0.356,0.984,1.084,10.237,0.198,0.101,-0.382,0.785,-0.756,3.382,0.107,btn_D
1780981397.3693697,-0.438,0.191,0.435,-39.664,38.359,-23.802,-0.606,-0.343,0.657,-8.847,14.771,8.29,-0.252,-0.361,0.927,-3.779,2.687,0.611,-0.233,-0.347,0.955,-6.092,16.969,0.618,0.083,-0.376,0.796,10.588,17.519,3.42,btn_D
1780981397.4645603,-0.879,-0.245,0.782,36.527,40.427,10.725,-0.675,-0.311,0.628,-7.084,-2.954,-2.977,-0.24,-0.375,0.925,-2.267,-8.679,-1.305,-0.211,-0.364,0.986,-1.847,15.924,-0.664,0.098,-0.374,0.792,-0.588,9.023,0.702,btn_D
1780981397.5672705,-0.777,-0.146,0.643,-7.13,-1.168,-2.084,-0.663,-0.316,0.627,-6.427,-0.13,1.351,-0.278,-0.371,0.906,0.298,4.817,2.603,-0.23,-0.357,0.963,2.13,10.023,0.885,0.076,-0.362,0.801,3.656,-1.282,0.962,btn_D
1780981397.6703353,-0.785,-0.149,0.625,-3.275,2.496,-1.252,-0.669,-0.322,0.615,-6.229,1.328,0.802,-0.28,-0.374,0.907,-0.374,0.573,0.611,-0.223,-0.361,0.965,1.481,7.74,0.427,0.089,-0.374,0.813,-0.565,3.015,-0.198,btn_D
1780981397.7867072,-0.796,-0.148,0.637,-2.504,1.84,0.328,-0.662,-0.323,0.624,-6.107,-0.038,-0.214,-0.275,-0.371,0.9,0.252,-0.42,0.45,-0.225,-0.361,0.966,1.336,7.351,-0.267,0.083,-0.376,0.803,1.008,2.885,0.427,btn_D
1780981397.886422,-0.784,-0.147,0.625,-4.206,2.328,1.305,-0.666,-0.321,0.624,-6.588,0.366,-0.611,-0.279,-0.375,0.908,-0.443,-0.107,0.481,-0.226,-0.36,0.973,1.26,6.878,-0.618,0.09,-0.368,0.801,-0.183,2.321,0.519,btn_D
1780981397.9855187,-0.79,-0.149,0.633,-3.206,2.267,0.336,-0.665,-0.316,0.618,-6.092,0.275,-0.626,-0.279,-0.37,0.907,-0.496,0.221,0.565,-0.232,-0.354,0.968,1.137,7.344,-0.496,0.073,-0.361,0.793,0.313,2.71,0.45,btn_D
1780981398.0827165,-0.786,-0.148,0.618,-1.817,2.359,-0.344,-0.667,-0.322,0.62,-6.611,0.29,-0.672,-0.282,-0.365,0.918,-0.435,0.282,0.466,-0.236,-0.357,0.956,1.427,6.878,-0.496,0.083,-0.367,0.799,-0.664,2.298,0.198,btn_D
1780981400.7716787,-0.795,-0.148,0.62,-0.336,1.542,-1.481,-0.666,-0.319,0.613,-5.947,0.916,-0.771,-0.285,-0.372,0.907,-0.26,-0.901,-0.412,-0.232,-0.365,0.964,1.58,6.962,-0.779,0.081,-0.365,0.801,-1.115,1.611,-0.076,btn_D
1780981400.8702872,-0.793,-0.15,0.616,-0.802,1.504,-0.702,-0.665,-0.317,0.623,-6.473,0.603,-0.26,-0.284,-0.373,0.913,-0.29,-0.565,-0.099,-0.232,-0.364,0.965,1.748,6.794,-0.794,0.086,-0.368,0.8,-0.931,2.0,0.153,btn_D
1780981400.9700775,-0.792,-0.15,0.626,-1.351,1.336,-1.366,-0.67,-0.318,0.61,-6.687,0.595,-0.359,-0.281,-0.371,0.905,-0.779,0.427,-0.534,-0.232,-0.368,0.959,1.695,7.053,0.168,0.085,-0.36,0.801,-0.466,2.435,-0.099,btn_D
1780981401.0707092,-0.79,-0.15,0.624,-1.26,1.183,-0.733,-0.666,-0.317,0.621,-6.382,0.687,-0.092,-0.281,-0.375,0.905,-0.275,-0.634,-0.282,-0.226,-0.363,0.965,1.191,7.122,-0.084,0.086,-0.367,0.807,0.221,2.954,0.252,btn_D
1780981401.1857183,-0.793,-0.148,0.629,-0.924,0.885,-0.855,-0.667,-0.318,0.623,-6.45,0.466,0.412,-0.288,-0.374,0.911,0.023,0.282,0.229,-0.229,-0.363,0.968,1.206,7.244,-0.221,0.069,-0.36,0.798,-0.359,2.534,-0.046,btn_D
1780981401.285679,-0.794,-0.151,0.63,-0.748,1.55,-0.527,-0.665,-0.316,0.617,-6.405,0.802,-0.626,-0.283,-0.372,0.905,-0.26,0.16,-0.26,-0.234,-0.364,0.967,1.412,7.29,-0.748,0.085,-0.36,0.798,-0.687,2.29,0.214,btn_D
1780981401.3864338,-1.939,-0.637,0.867,161.038,-122.611,133.466,-0.682,-0.354,0.641,-13.412,-39.26,-20.046,-0.282,-0.375,0.935,6.481,-15.435,-10.053,-0.237,-0.405,0.952,22.015,-32.305,-7.229,0.09,-0.44,0.879,-3.84,-16.122,-5.756,btn_D
1780981401.486478,-0.662,0.1,0.632,18.458,-22.779,31.878,-0.61,-0.324,0.68,-3.382,-5.573,-6.473,-0.263,-0.364,0.909,0.168,4.038,0.038,-0.21,-0.363,0.971,-0.374,11.565,1.733,0.09,-0.38,0.788,-1.221,10.076,-1.275,btn_D
1780981401.5854003,-0.697,0.09,0.714,-7.069,5.389,2.908,-0.619,-0.334,0.662,-7.084,0.924,-0.74,-0.276,-0.368,0.91,-2.443,2.481,1.069,-0.224,-0.364,0.974,1.74,9.382,0.023,0.095,-0.379,0.791,-3.695,2.458,-0.298,btn_D
1780981401.6877902,-0.716,0.091,0.715,-0.382,1.756,-6.099,-0.633,-0.347,0.66,-6.786,1.099,-0.344,-0.268,-0.363,0.912,-0.26,-0.527,-0.13,-0.204,-0.363,0.98,1.603,6.13,-0.725,0.106,-0.38,0.79,-1.489,2.313,-0.229,btn_D
1780981401.8011856,-0.701,0.106,0.698,-6.908,6.382,0.0,-0.621,-0.333,0.642,-7.076,2.214,-0.191,-0.284,-0.367,0.909,-1.908,-2.344,-0.023,-0.191,-0.364,0.976,1.458,10.29,-0.313,0.107,-0.383,0.784,3.557,5.366,0.405,btn_D
1780981401.9013069,-0.381,0.204,0.5,-43.443,37.305,-42.74,-0.632,-0.352,0.658,-8.733,14.74,7.962,-0.273,-0.365,0.908,-4.977,2.954,-0.092,-0.196,-0.347,0.983,1.084,24.252,-0.076,0.089,-0.379,0.792,12.786,13.908,3.496,btn_D
1780981402.0036638,-0.859,-0.224,0.705,19.389,21.679,2.611,-0.689,-0.315,0.578,-4.763,1.061,-1.389,-0.27,-0.367,0.925,-3.389,-12.489,-0.435,-0.196,-0.366,0.989,1.458,14.641,0.084,0.099,-0.37,0.802,5.55,4.626,1.489,btn_D
1780981402.0996346,-0.773,-0.077,0.53,-26.74,7.893,20.313,-0.648,-0.324,0.633,-6.374,-1.641,-1.183,-0.282,-0.375,0.901,0.313,3.092,1.603,-0.237,-0.364,0.962,1.634,8.305,0.046,0.101,-0.363,0.797,4.71,-3.153,-1.221,btn_D
1780981402.2025821,-0.792,-0.153,0.627,-3.992,3.153,0.687,-0.67,-0.33,0.611,-5.718,1.641,-0.176,-0.284,-0.373,0.911,-0.649,0.679,0.473,-0.23,-0.36,0.963,1.382,6.962,-0.237,0.092,-0.361,0.806,-1.817,4.496,-0.733,btn_D
1780981402.3194332,-0.791,-0.148,0.617,-2.977,0.908,-0.504,-0.666,-0.322,0.613,-6.42,1.183,-0.328,-0.279,-0.373,0.907,-0.137,0.374,0.779,-0.233,-0.367,0.968,1.634,7.092,-0.511,0.081,-0.364,0.802,-0.336,2.603,-0.519,btn_D
1780981402.408619,-0.798,-0.149,0.619,-1.618,1.16,0.0,-0.666,-0.323,0.614,-6.061,0.603,-0.305,-0.281,-0.375,0.906,-0.26,-0.237,0.366,-0.23,-0.372,0.962,1.344,6.84,-0.061,0.088,-0.365,0.807,-0.496,1.878,-0.176,btn_D
1780981402.519025,-0.794,-0.147,0.626,-1.74,0.794,-1.084,-0.666,-0.326,0.614,-6.412,0.626,-0.573,-0.281,-0.373,0.902,-0.725,0.206,0.359,-0.234,-0.369,0.964,1.573,7.962,-0.229,0.09,-0.36,0.802,-0.443,2.046,-0.053,btn_D
1780981402.6188633,-0.797,-0.156,0.621,-1.412,1.947,-0.176,-0.662,-0.32,0.613,-6.053,1.198,0.282,-0.284,-0.371,0.908,-0.153,0.107,0.015,-0.229,-0.366,0.971,1.702,6.473,-0.725,0.087,-0.364,0.801,-0.656,2.26,-0.26,btn_D
1780981402.7179055,-0.793,-0.146,0.626,-1.046,1.504,-1.099,-0.666,-0.325,0.617,-6.466,0.55,-0.183,-0.279,-0.371,0.906,-0.198,-0.359,-0.038,-0.233,-0.366,0.967,1.427,7.229,-0.779,0.091,-0.365,0.801,-0.756,2.092,-0.305,btn_D
1780981405.3960555,-0.798,-0.151,0.63,-1.061,1.099,-1.282,-0.667,-0.321,0.613,-6.458,0.771,-0.115,-0.283,-0.375,0.907,-0.542,-0.26,-0.298,-0.23,-0.368,0.958,1.214,7.244,-0.725,0.091,-0.365,0.807,-0.557,2.244,-0.053,btn_D
1780981405.5026734,-0.798,-0.153,0.619,-1.008,1.16,-0.901,-0.667,-0.322,0.619,-6.229,0.382,-0.802,-0.284,-0.37,0.911,-0.588,-0.168,-0.328,-0.231,-0.367,0.961,1.809,6.947,-0.74,0.089,-0.362,0.81,-0.427,2.137,0.038,btn_D
1780981405.6031597,-0.793,-0.15,0.617,-0.42,1.298,-1.031,-0.666,-0.324,0.623,-6.244,0.389,-1.084,-0.283,-0.372,0.908,0.038,0.282,-0.45,-0.225,-0.364,0.962,2.031,6.618,-0.336,0.097,-0.366,0.8,0.092,2.679,-0.183,btn_D
1780981405.7047539,-0.796,-0.15,0.621,-0.473,0.908,-0.076,-0.668,-0.322,0.619,-5.962,0.397,-0.878,-0.281,-0.371,0.908,0.298,-0.328,0.229,-0.228,-0.362,0.972,1.397,6.931,-0.176,0.087,-0.357,0.805,-0.672,2.656,0.031,btn_D
1780981405.8192024,-0.789,-0.148,0.615,-0.58,0.878,-0.908,-0.667,-0.324,0.618,-5.954,0.504,-0.191,-0.279,-0.375,0.91,-0.58,0.427,-0.069,-0.229,-0.363,0.965,1.55,7.374,0.115,0.09,-0.359,0.801,-0.809,2.298,0.221,btn_D
1780981405.9108791,-0.794,-0.147,0.621,-0.679,1.489,-0.473,-0.666,-0.323,0.618,-6.008,0.74,0.13,-0.283,-0.37,0.911,-0.397,-0.061,0.473,-0.228,-0.364,0.958,1.382,7.008,-1.153,0.088,-0.365,0.807,-1.763,2.015,-0.176,btn_D
1780981406.0180106,-0.804,-0.161,0.664,-2.603,4.916,0.695,-0.664,-0.317,0.629,-7.916,1.695,1.634,-0.294,-0.37,0.908,1.008,4.748,2.641,-0.201,-0.371,0.955,1.504,11.237,0.351,0.118,-0.382,0.782,-14.344,0.359,-2.153,btn_D
1780981406.116757,-0.458,0.185,0.429,44.351,-6.282,33.359,-0.571,-0.296,0.681,-2.336,1.107,-3.679,-0.278,-0.365,0.912,0.794,-8.046,-0.656,-0.205,-0.36,0.996,-0.046,-0.42,-0.817,0.117,-0.372,0.795,16.427,-8.473,1.427,btn_D
1780981406.2202573,-0.676,0.104,0.669,-4.344,1.244,2.344,-0.642,-0.343,0.653,-6.145,-0.74,-1.16,-0.275,-0.369,0.921,0.412,1.977,0.107,-0.197,-0.365,0.963,2.099,5.771,0.191,0.112,-0.389,0.802,1.809,0.87,0.443,btn_D
1780981406.3351984,-0.642,0.109,0.652,-20.031,19.641,-15.031,-0.61,-0.328,0.641,-11.603,8.939,1.649,-0.273,-0.365,0.919,-3.924,1.214,0.389,-0.198,-0.366,0.968,2.733,15.84,0.481,0.113,-0.387,0.794,10.115,15.366,2.252,btn_D
1780981406.4341254,-2.0,0.169,2.0,-134.656,45.389,-144.366,-0.422,-0.343,0.715,-15.885,-2.779,-7.26,-0.218,-0.334,0.842,-12.802,-0.74,-6.366,-0.226,-0.397,0.927,7.687,-14.802,-6.099,0.108,-0.421,0.886,-8.053,-11.435,-1.611,btn_D
1780981406.5351806,-0.799,-0.148,0.622,-1.748,0.878,-2.115,-0.676,-0.321,0.609,-5.16,-0.756,-0.031,-0.269,-0.376,0.908,1.351,0.0,1.481,-0.212,-0.37,0.969,2.092,9.252,0.763,0.101,-0.369,0.787,-3.802,9.664,-0.496,btn_D
1780981406.635036,-0.787,-0.142,0.631,-0.626,2.115,-0.45,-0.666,-0.324,0.616,-6.824,1.046,-0.092,-0.28,-0.376,0.909,-0.275,0.183,0.679,-0.222,-0.369,0.966,1.328,7.664,-0.099,0.092,-0.361,0.803,0.26,1.55,0.397,btn_D
1780981406.7352183,-0.794,-0.145,0.628,-0.466,1.908,-1.45,-0.672,-0.325,0.606,-6.389,0.496,-0.588,-0.282,-0.374,0.909,-0.618,0.153,0.046,-0.221,-0.368,0.972,1.504,6.656,-0.504,0.099,-0.382,0.803,0.221,1.847,0.008,btn_D
1780981406.8380408,-0.794,-0.143,0.629,-1.763,1.908,-1.015,-0.67,-0.32,0.617,-6.84,0.763,-0.351,-0.278,-0.376,0.907,-0.977,0.344,0.023,-0.22,-0.368,0.969,1.107,7.084,-0.443,0.091,-0.371,0.799,-0.695,2.122,-0.053,btn_D
1780981406.9530647,-0.796,-0.148,0.622,-1.275,1.748,-0.817,-0.672,-0.325,0.609,-6.282,0.817,0.046,-0.277,-0.372,0.906,0.092,0.45,0.16,-0.224,-0.364,0.961,1.244,6.985,-0.855,0.094,-0.368,0.802,-0.26,1.626,0.504,btn_D
1780981407.0436876,-0.792,-0.148,0.631,-1.267,1.427,-0.389,-0.671,-0.323,0.617,-6.809,0.779,-0.481,-0.281,-0.373,0.901,-0.008,0.809,0.519,-0.227,-0.369,0.963,1.748,7.351,0.0,0.098,-0.366,0.804,-0.962,2.298,-0.076,btn_D
1780981407.1465871,-0.798,-0.149,0.625,-0.565,1.015,-0.794,-0.672,-0.318,0.614,-6.42,0.55,-0.099,-0.279,-0.371,0.913,-0.053,0.206,-0.191,-0.227,-0.361,0.967,1.702,6.313,-0.565,0.088,-0.367,0.804,-1.099,2.443,-0.366,btn_D
1780981407.2495852,-0.789,-0.146,0.627,-2.321,0.832,-0.794,-0.668,-0.324,0.609,-6.466,0.672,-0.13,-0.28,-0.375,0.904,-0.275,0.611,0.137,-0.225,-0.367,0.964,1.42,6.916,-0.305,0.092,-0.37,0.795,-0.366,2.137,-0.214,btn_D
1780981407.3659978,-0.792,-0.148,0.624,-0.313,1.489,-0.618,-0.667,-0.324,0.614,-6.313,0.618,-0.076,-0.279,-0.372,0.906,0.191,-0.634,-0.168,-0.222,-0.368,0.962,1.542,7.313,-0.481,0.1,-0.367,0.794,-0.618,2.069,-0.198,btn_D
1780981410.0310729,-0.794,-0.153,0.624,-0.58,1.458,-0.038,-0.672,-0.32,0.612,-6.16,0.603,-0.252,-0.285,-0.375,0.91,-0.45,0.061,-0.221,-0.231,-0.365,0.962,1.786,6.824,-0.305,0.093,-0.365,0.8,-0.534,2.015,-0.076,btn_D
1780981410.1398282,-0.788,-0.148,0.623,-0.824,1.511,-1.16,-0.667,-0.326,0.611,-6.244,0.191,0.053,-0.283,-0.374,0.907,-0.221,-0.061,0.069,-0.23,-0.37,0.958,1.565,7.198,-0.397,0.09,-0.365,0.802,-0.26,2.252,0.038,btn_D
1780981410.2373464,-0.79,-0.145,0.626,-1.26,1.504,-0.87,-0.671,-0.319,0.616,-6.321,0.786,0.076,-0.284,-0.375,0.903,-0.084,-0.198,0.634,-0.231,-0.37,0.963,1.42,6.557,-0.824,0.092,-0.367,0.792,-0.29,2.336,-0.176,btn_D
1780981410.33998,-0.792,-0.149,0.63,-0.725,1.412,-1.008,-0.671,-0.323,0.619,-6.176,0.786,0.031,-0.285,-0.376,0.908,-0.153,0.656,0.679,-0.229,-0.365,0.964,1.649,7.26,-0.183,0.087,-0.367,0.804,0.053,2.481,0.069,btn_D
1780981410.4432447,-0.794,-0.151,0.622,-0.824,1.061,-0.351,-0.668,-0.326,0.604,-6.45,0.244,-0.481,-0.287,-0.377,0.903,-0.153,-0.198,0.45,-0.227,-0.368,0.964,1.626,6.542,-0.176,0.093,-0.362,0.8,0.298,2.321,-0.015,btn_D
1780981410.546549,-0.793,-0.148,0.632,-1.13,1.328,-1.405,-0.672,-0.321,0.614,-6.489,0.435,-0.527,-0.287,-0.371,0.911,-0.489,-0.252,-0.099,-0.227,-0.365,0.972,1.496,6.076,-0.389,0.092,-0.359,0.803,-0.824,2.542,-0.099,btn_D
1780981410.6563582,-2.0,-0.744,1.452,215.382,-144.969,23.809,-0.757,-0.368,0.499,-21.244,-51.443,-25.534,-0.325,-0.406,0.917,6.214,-16.58,-6.733,-0.098,-0.442,1.109,23.389,-19.176,-8.672,0.104,-0.406,0.834,-30.053,-45.382,-11.282,btn_D
1780981410.7520783,-0.686,0.009,0.883,-9.611,-8.901,15.481,-0.657,-0.358,0.668,-5.45,0.817,-3.359,-0.267,-0.377,0.923,-0.305,4.779,-0.74,-0.187,-0.362,0.981,1.015,4.008,-2.359,0.121,-0.395,0.803,-5.771,2.26,-1.527,btn_D
1780981410.8552465,-0.749,0.099,0.717,5.275,0.328,3.718,-0.615,-0.345,0.654,-5.031,-1.092,-0.969,-0.255,-0.372,0.919,0.901,1.557,0.794,-0.192,-0.372,0.984,0.939,5.137,0.397,0.117,-0.377,0.789,-3.046,2.29,0.13,btn_D
1780981410.9675603,-0.722,0.104,0.714,-3.634,3.412,3.046,-0.632,-0.356,0.668,-6.779,-1.252,-0.344,-0.26,-0.372,0.921,1.809,1.046,1.137,-0.192,-0.364,0.972,0.916,8.679,0.115,0.122,-0.392,0.788,-2.74,1.87,0.427,btn_D
1780981411.0665672,-0.465,0.254,0.375,-62.031,54.55,-18.832,-0.601,-0.369,0.645,-6.969,13.191,6.229,-0.256,-0.374,0.927,-5.084,11.099,1.763,-0.206,-0.362,0.995,-3.26,23.092,1.153,0.093,-0.368,0.777,13.321,15.168,4.435,btn_D
1780981411.1707559,-0.16,-0.122,0.576,5.015,18.756,0.359,-0.674,-0.333,0.593,-6.786,6.0,-1.931,-0.289,-0.35,0.868,-3.687,-19.847,-2.305,-0.179,-0.388,1.008,4.427,3.092,-1.351,0.114,-0.398,0.82,0.55,-2.863,-0.076,btn_D
1780981411.267032,-0.785,-0.159,0.63,-3.695,-4.015,-3.458,-0.662,-0.323,0.629,-6.374,1.229,-0.328,-0.271,-0.376,0.912,-1.198,2.817,0.511,-0.218,-0.365,0.973,1.504,8.504,-0.221,0.09,-0.363,0.794,1.84,-0.221,0.656,btn_D
1780981411.370129,-0.793,-0.144,0.626,-1.626,1.679,-1.137,-0.66,-0.329,0.613,-6.443,0.687,-0.252,-0.277,-0.375,0.912,-0.374,0.534,-0.183,-0.216,-0.367,0.97,1.45,7.534,0.26,0.096,-0.375,0.799,-0.595,2.397,-0.008,btn_D
1780981411.4732199,-0.792,-0.149,0.627,-1.244,1.595,-1.336,-0.662,-0.328,0.614,-6.718,0.855,0.046,-0.269,-0.373,0.905,-0.061,-0.45,0.099,-0.213,-0.369,0.966,1.435,7.817,-0.221,0.103,-0.37,0.795,0.099,3.275,0.122,btn_D
1780981411.5839276,-0.793,-0.15,0.623,-1.313,1.649,-0.87,-0.663,-0.329,0.618,-6.542,0.74,0.267,-0.275,-0.378,0.903,-0.496,-0.099,-0.099,-0.221,-0.369,0.968,1.313,7.382,-0.557,0.088,-0.373,0.797,-0.504,2.244,-0.015,btn_D
1780981411.6789145,-0.792,-0.149,0.617,-1.489,1.023,-1.458,-0.663,-0.325,0.614,-6.725,0.336,-0.45,-0.271,-0.373,0.906,-0.611,0.206,-0.427,-0.218,-0.372,0.976,1.443,7.496,-0.206,0.096,-0.373,0.792,-0.13,2.26,0.214,btn_D
1780981411.7822971,-0.796,-0.151,0.615,-1.87,1.702,-0.611,-0.665,-0.324,0.615,-6.595,0.58,-0.855,-0.277,-0.374,0.908,-0.336,-0.427,-0.282,-0.219,-0.365,0.971,1.573,6.046,-0.656,0.095,-0.37,0.802,-0.191,2.053,0.069,btn_D
1780981411.885076,-0.79,-0.153,0.615,-1.298,0.466,-1.412,-0.665,-0.329,0.62,-6.168,0.679,-0.924,-0.275,-0.377,0.91,0.115,-0.16,0.0,-0.219,-0.368,0.97,1.817,7.779,0.313,0.097,-0.373,0.802,0.511,2.87,0.122,btn_D
1780981411.988273,-0.792,-0.152,0.618,-1.458,1.145,-0.702,-0.668,-0.322,0.613,-6.389,1.191,-0.374,-0.275,-0.372,0.911,-0.748,0.718,-0.244,-0.217,-0.365,0.965,1.427,7.397,-0.878,0.1,-0.367,0.796,-0.366,2.313,0.122,btn_D
1780981414.6658049,-0.804,-0.154,0.624,0.26,-0.832,-0.939,-0.668,-0.318,0.624,-5.115,0.534,-0.061,-0.281,-0.365,0.908,1.473,0.183,0.557,-0.222,-0.358,0.971,2.26,7.618,1.061,0.087,-0.347,0.81,1.985,3.099,1.344,btn_D
1780981414.769176,-0.797,-0.148,0.617,3.725,0.679,1.832,-0.675,-0.314,0.61,-5.076,0.496,0.527,-0.278,-0.361,0.911,2.26,-0.504,0.931,-0.231,-0.361,0.973,2.618,5.901,-0.252,0.09,-0.353,0.809,0.542,2.374,-0.313,btn_D
1780981414.8722658,-0.804,-0.139,0.617,-3.511,3.412,-2.817,-0.669,-0.321,0.616,-6.962,-0.458,-1.931,-0.29,-0.374,0.903,-1.969,0.626,0.092,-0.237,-0.368,0.961,0.634,6.023,-1.198,0.081,-0.352,0.808,-2.053,1.55,0.198,btn_D
1780981415.031841,-0.802,-0.148,0.617,1.107,-1.832,-0.611,-0.665,-0.318,0.611,-5.305,0.321,0.061,-0.287,-0.366,0.916,1.779,-0.427,0.145,-0.224,-0.362,0.972,2.374,5.916,-1.244,0.093,-0.361,0.795,-2.962,2.672,-0.328,btn_D
1780981415.0786936,-0.794,-0.141,0.62,-2.511,3.137,-1.71,-0.674,-0.315,0.612,-7.176,0.527,-0.458,-0.29,-0.369,0.912,-0.702,-1.038,0.435,-0.236,-0.36,0.977,1.977,7.244,-0.336,0.062,-0.32,0.782,-1.809,3.878,-3.229,btn_D
1780981415.1810112,-0.521,0.146,0.355,68.122,-113.962,86.489,-0.696,-0.335,0.689,-4.58,-54.74,-19.977,-0.171,-0.343,0.929,2.687,-12.397,-4.802,-0.148,-0.35,1.011,6.13,-0.015,-1.473,0.141,-0.406,0.802,-0.756,14.237,-0.527,btn_D
1780981415.2840164,-0.646,0.126,0.684,-5.824,1.359,1.405,-0.622,-0.353,0.668,-12.168,-2.099,-3.756,-0.295,-0.375,0.903,-3.115,7.656,1.099,-0.192,-0.371,0.973,-0.015,10.588,0.351,0.108,-0.366,0.797,-8.038,5.519,0.168,btn_D
1780981415.3874285,-0.675,0.091,0.787,2.137,-0.985,0.542,-0.61,-0.334,0.656,-7.405,-3.008,-1.748,-0.256,-0.365,0.924,-1.588,-3.794,-0.611,-0.187,-0.365,0.979,1.588,7.58,-0.817,0.131,-0.387,0.802,-2.58,2.382,-0.053,btn_D
1780981415.501061,-0.694,0.133,0.701,9.344,0.031,7.802,-0.597,-0.339,0.672,-5.008,1.985,-0.702,-0.26,-0.36,0.91,-1.557,0.107,-0.198,-0.181,-0.367,0.981,0.885,4.015,-0.092,0.13,-0.37,0.794,4.084,6.046,1.145,btn_D
1780981415.5997686,-0.682,0.13,0.686,-3.069,4.107,-0.588,-0.612,-0.341,0.645,-6.786,1.603,0.214,-0.265,-0.367,0.93,-1.496,0.702,0.0,-0.183,-0.367,0.978,2.885,8.351,-0.336,0.124,-0.382,0.802,8.786,7.832,1.336,btn_D
1780981415.6966805,-1.887,-0.258,1.217,-202.954,82.473,-161.763,-0.902,-0.359,0.368,-7.069,15.771,-18.076,-0.272,-0.349,0.868,-5.26,1.252,-2.824,-0.218,-0.366,0.929,-2.931,-3.267,-3.168,0.144,-0.417,0.903,-12.481,-5.939,-2.282,btn_D
1780981415.7992282,-0.797,-0.145,0.632,3.374,6.153,0.733,-0.662,-0.322,0.619,-5.855,1.366,0.74,-0.262,-0.366,0.908,0.473,1.786,1.916,-0.208,-0.368,0.967,1.282,7.702,0.916,0.105,-0.363,0.81,-3.603,12.122,0.42,btn_D
1780981415.9178228,-0.77,-0.145,0.652,-3.901,0.534,-1.0,-0.661,-0.322,0.62,-6.618,1.489,-0.115,-0.272,-0.37,0.917,-0.756,4.145,1.214,-0.219,-0.367,0.963,1.573,12.45,1.718,0.095,-0.358,0.792,6.519,4.519,1.954,btn_D
1780981416.0177593,-0.783,-0.147,0.648,-3.969,1.794,-1.435,-0.666,-0.327,0.617,-6.748,0.863,-1.359,-0.278,-0.371,0.908,-1.863,-0.015,0.099,-0.22,-0.373,0.96,0.71,8.0,-0.244,0.093,-0.365,0.812,-2.13,0.481,0.679,btn_D
1780981416.117766,-0.778,-0.14,0.651,-1.847,0.809,0.023,-0.666,-0.321,0.613,-6.076,1.489,-0.244,-0.278,-0.367,0.913,-0.115,0.008,0.336,-0.22,-0.37,0.968,1.473,7.664,0.336,0.1,-0.359,0.803,0.359,3.679,0.374,btn_D
1780981416.2115328,-0.775,-0.143,0.64,-1.435,1.55,-1.504,-0.664,-0.318,0.628,-6.565,0.802,-0.42,-0.28,-0.372,0.918,-1.847,1.252,0.076,-0.226,-0.367,0.961,0.58,9.076,-0.496,0.089,-0.363,0.804,-1.565,2.908,0.618,btn_D
1780981416.3151784,-0.784,-0.144,0.633,-2.298,4.809,3.282,-0.67,-0.323,0.611,-6.534,1.573,0.679,-0.279,-0.372,0.897,-0.672,0.382,0.84,-0.238,-0.367,0.964,2.099,9.595,0.481,0.09,-0.365,0.82,1.756,3.443,1.115,btn_D
1780981416.4175181,-0.791,-0.146,0.625,-5.382,4.115,1.588,-0.665,-0.324,0.615,-5.519,0.794,0.779,-0.285,-0.373,0.907,-0.534,0.374,0.412,-0.224,-0.37,0.971,1.26,7.992,-0.527,0.083,-0.355,0.806,1.0,2.466,0.008,btn_D
1780981416.5343297,-0.795,-0.146,0.631,-0.855,2.84,0.046,-0.674,-0.33,0.621,-6.405,0.802,-0.282,-0.286,-0.373,0.91,-0.618,-0.649,-1.038,-0.227,-0.369,0.964,1.489,5.038,-0.885,0.095,-0.37,0.804,-1.885,1.26,-0.351,btn_D
1780981416.6363163,-0.789,-0.147,0.631,-0.725,0.115,-1.435,-0.667,-0.323,0.616,-6.366,0.901,-0.198,-0.286,-0.373,0.909,0.313,-0.046,0.137,-0.227,-0.366,0.965,1.84,6.962,-0.695,0.088,-0.353,0.804,0.382,2.71,-0.351,btn_D
1780981419.3012412,-0.785,-0.146,0.63,-2.351,3.824,0.061,-0.672,-0.325,0.605,-7.122,1.191,0.015,-0.312,-0.369,0.899,0.137,0.656,-0.45,-0.242,-0.363,0.964,0.374,5.908,-2.641,0.095,-0.367,0.824,-7.779,-1.519,-0.29,btn_D
1780981419.4043653,-0.784,-0.138,0.624,-1.504,-0.954,-1.824,-0.666,-0.312,0.617,-6.214,-0.107,-0.725,-0.278,-0.367,0.908,-0.779,-1.214,-0.198,-0.219,-0.362,0.96,1.405,7.252,-0.718,0.1,-0.364,0.81,0.962,5.351,0.481,btn_D
1780981419.507531,-0.788,-0.149,0.627,0.351,3.435,1.954,-0.667,-0.323,0.611,-6.176,1.718,1.405,-0.286,-0.37,0.905,1.939,2.878,1.954,-0.241,-0.367,0.966,3.58,7.931,-0.053,0.077,-0.341,0.799,-0.053,0.565,-1.939,btn_D
1780981419.614767,-0.802,-0.153,0.677,-3.321,8.542,0.389,-0.672,-0.322,0.623,-7.076,-0.939,-2.069,-0.283,-0.372,0.91,-1.069,-1.916,-0.458,-0.235,-0.365,0.964,0.885,5.267,-1.618,0.072,-0.372,0.792,-6.0,1.847,-2.328,btn_D
1780981419.7137442,-0.429,0.227,0.26,59.756,-79.802,85.466,-0.71,-0.381,0.719,3.061,-55.031,-14.45,-0.233,-0.345,0.909,4.206,-6.809,-3.771,-0.145,-0.36,1.012,6.305,5.16,-1.328,0.154,-0.401,0.812,11.366,6.824,1.282,btn_D
1780981419.8167112,-0.512,0.141,0.714,-14.191,-1.42,0.038,-0.607,-0.335,0.699,-8.878,9.519,-1.656,-0.245,-0.362,0.915,-1.061,12.916,3.061,-0.172,-0.363,0.985,1.344,14.389,2.84,0.109,-0.338,0.763,0.26,-1.145,1.824,btn_D
1780981419.933888,-0.743,0.1,0.751,-1.771,8.504,-0.13,-0.628,-0.35,0.69,-7.145,0.977,0.565,-0.267,-0.365,0.929,1.053,-0.084,1.656,-0.181,-0.352,0.975,2.198,4.504,-0.023,0.144,-0.385,0.809,-2.229,1.58,0.458,btn_D
1780981420.0320957,-0.669,0.134,0.726,0.412,-0.824,1.344,-0.596,-0.324,0.684,-5.573,0.985,-0.191,-0.242,-0.357,0.924,-0.58,-0.565,0.435,-0.159,-0.356,0.982,0.725,8.695,0.313,0.129,-0.37,0.795,0.489,6.374,0.977,btn_D
1780981420.1337543,-0.466,0.198,0.619,-22.519,15.008,-11.252,-0.58,-0.318,0.663,-13.687,9.527,0.863,-0.252,-0.353,0.924,-5.573,3.321,1.221,-0.188,-0.367,0.968,3.153,16.267,0.985,0.133,-0.384,0.804,18.992,23.55,3.687,btn_D
1780981420.2340462,0.637,0.324,-0.654,142.901,-64.107,32.366,-0.696,-0.354,0.633,1.534,11.84,-3.252,-0.292,-0.43,0.919,0.45,-18.351,-2.168,-0.227,-0.35,0.956,5.046,-3.725,-1.344,0.112,-0.36,0.817,18.962,-3.038,3.115,btn_D
1780981420.3316123,-0.79,-0.133,0.622,-4.206,11.168,-1.061,-0.669,-0.333,0.602,-6.405,0.786,-0.489,-0.26,-0.371,0.907,-1.069,-0.092,1.107,-0.19,-0.366,0.982,0.939,6.244,-0.908,0.128,-0.381,0.81,-10.359,8.145,-1.687,btn_D
1780981420.4346552,-0.752,-0.132,0.664,-2.947,-0.649,-1.565,-0.656,-0.315,0.622,-6.725,1.374,-0.595,-0.27,-0.369,0.922,-0.763,2.183,1.496,-0.218,-0.364,0.97,0.573,13.71,1.382,0.09,-0.349,0.801,0.656,11.557,2.58,btn_D
1780981420.547553,-0.796,-0.157,0.629,-1.702,6.275,0.466,-0.674,-0.323,0.606,-5.733,0.771,1.389,-0.286,-0.359,0.903,1.183,1.191,0.076,-0.209,-0.356,0.979,1.023,3.435,-0.863,0.112,-0.369,0.834,-3.496,-8.527,0.565,btn_D
1780981420.649746,-0.765,-0.148,0.656,-0.603,-2.313,-0.435,-0.658,-0.316,0.624,-5.733,1.45,0.702,-0.263,-0.367,0.919,0.634,1.229,1.183,-0.217,-0.365,0.968,2.336,12.351,0.779,0.098,-0.345,0.798,1.504,9.885,0.015,btn_D
1780981420.7489216,-0.773,-0.149,0.638,-2.0,2.107,-1.214,-0.667,-0.318,0.622,-6.74,1.427,0.641,-0.275,-0.368,0.911,-0.023,1.137,0.16,-0.213,-0.36,0.973,1.588,6.893,-0.641,0.1,-0.357,0.796,0.221,-0.733,0.588,btn_D
1780981420.8564045,-0.771,-0.14,0.651,-0.863,2.672,0.802,-0.665,-0.316,0.613,-6.267,1.756,0.634,-0.28,-0.365,0.914,0.038,1.198,0.328,-0.228,-0.367,0.956,1.832,8.328,-0.305,0.094,-0.356,0.809,-1.878,3.023,-0.107,btn_D
1780981420.9493275,-0.778,-0.149,0.639,-0.954,1.443,-1.069,-0.663,-0.318,0.62,-6.26,1.779,-0.115,-0.281,-0.364,0.906,0.008,-1.008,-0.298,-0.219,-0.366,0.966,1.069,6.031,-0.374,0.104,-0.367,0.805,-2.244,1.298,-0.252,btn_D
1780981421.0558543,-0.783,-0.149,0.646,-1.137,1.328,0.176,-0.665,-0.317,0.624,-5.977,0.458,0.008,-0.273,-0.362,0.911,0.397,0.695,-0.267,-0.216,-0.362,0.963,1.809,7.313,-0.359,0.099,-0.35,0.811,1.099,2.924,0.305,btn_D
1780981421.1665,-0.783,-0.131,0.631,-7.305,3.427,4.107,-0.662,-0.315,0.624,-7.405,1.069,-1.611,-0.284,-0.361,0.908,-2.359,0.725,-0.366,-0.225,-0.365,0.958,0.16,7.84,-1.092,0.09,-0.361,0.804,-3.71,2.573,-0.267,btn_D
1780981421.2637916,-0.776,-0.146,0.643,-1.725,1.878,-0.832,-0.669,-0.319,0.614,-6.229,1.053,-0.29,-0.278,-0.364,0.915,0.237,0.45,0.305,-0.219,-0.366,0.964,1.809,7.076,0.275,0.09,-0.354,0.803,1.405,3.206,0.061,btn_D
1780981423.9392552,-0.782,-0.148,0.636,-2.122,1.145,-1.649,-0.669,-0.319,0.62,-6.924,0.672,-0.748,-0.288,-0.368,0.905,-0.985,0.198,-0.176,-0.231,-0.369,0.964,1.443,8.031,0.26,0.088,-0.353,0.804,-0.221,2.802,-0.015,btn_D
1780981424.0399148,-0.78,-0.154,0.638,-3.359,2.115,2.214,-0.666,-0.319,0.613,-7.397,0.74,-0.176,-0.288,-0.367,0.912,-0.473,0.511,-0.145,-0.237,-0.369,0.966,1.244,6.641,-0.58,0.094,-0.357,0.808,-1.252,1.344,-0.122,btn_D
1780981424.14283,-0.791,-0.149,0.64,-1.015,0.962,-0.74,-0.667,-0.318,0.613,-6.084,1.038,0.107,-0.291,-0.366,0.909,-0.13,-0.58,-0.023,-0.229,-0.37,0.963,1.519,7.031,-0.534,0.09,-0.349,0.809,-1.115,2.176,-0.092,btn_D
1780981424.2541916,-0.782,-0.147,0.635,-1.198,1.634,-0.435,-0.672,-0.319,0.608,-6.405,0.939,0.023,-0.288,-0.365,0.908,-0.74,0.695,0.061,-0.229,-0.366,0.962,1.397,7.076,-0.855,0.081,-0.354,0.804,-1.252,2.374,-0.214,btn_D
1780981424.3542564,-0.786,-0.148,0.629,-1.031,1.977,-0.611,-0.675,-0.319,0.614,-6.382,0.344,-0.519,-0.284,-0.367,0.908,-0.687,-0.221,-0.321,-0.232,-0.365,0.972,1.405,6.374,-0.313,0.092,-0.36,0.822,-0.954,2.13,0.061,btn_D
1780981424.4520879,-0.787,-0.143,0.635,-2.176,1.275,-4.061,-0.665,-0.318,0.62,-7.687,0.588,-2.58,-0.282,-0.369,0.906,-1.046,-0.611,-0.046,-0.224,-0.369,0.964,2.076,9.275,-0.42,0.067,-0.349,0.773,-1.107,8.939,-3.618,btn_D
1780981424.5548987,-0.474,0.22,0.288,79.267,-94.176,74.992,-0.528,-0.325,0.68,-2.611,-38.458,-20.603,-0.195,-0.372,0.94,-0.359,-1.176,-3.115,-0.182,-0.375,0.953,4.298,12.397,-0.504,0.122,-0.385,0.791,-7.092,17.382,-2.847,btn_D
1780981424.6662745,-0.638,0.068,0.85,3.435,-2.084,5.527,-0.613,-0.343,0.664,-7.359,-2.656,-0.046,-0.261,-0.367,0.923,1.366,-0.443,0.481,-0.194,-0.364,0.975,2.13,9.061,-0.718,0.124,-0.377,0.799,-2.687,3.794,-0.427,btn_D
1780981424.7610397,-0.675,0.107,0.78,-7.901,6.45,1.328,-0.627,-0.35,0.682,-7.565,0.26,0.412,-0.256,-0.366,0.926,2.023,5.313,1.817,-0.176,-0.365,0.972,0.855,6.771,-0.672,0.121,-0.372,0.792,-5.282,-5.107,-0.626,btn_D
1780981424.867141,-0.697,0.131,0.741,1.908,0.817,-2.687,-0.62,-0.341,0.666,-5.687,2.733,0.756,-0.254,-0.365,0.917,0.351,-1.191,0.389,-0.18,-0.364,0.974,1.427,7.015,-0.412,0.129,-0.384,0.789,-2.443,2.489,0.626,btn_D
1780981424.966595,-0.8,0.023,0.896,-2.336,11.511,-15.221,-0.63,-0.343,0.66,-8.802,3.389,0.878,-0.245,-0.357,0.915,0.511,-1.496,-0.191,-0.181,-0.364,0.977,-0.031,7.71,-1.824,0.126,-0.38,0.802,-0.275,-1.313,0.901,btn_D
1780981425.0821993,-0.733,0.085,0.727,5.382,3.267,-3.389,-0.622,-0.343,0.649,-7.084,0.359,0.061,-0.259,-0.36,0.916,-0.733,-1.588,0.244,-0.186,-0.369,0.976,1.107,7.595,-0.534,0.128,-0.376,0.794,1.603,4.679,0.313,btn_D
1780981425.1865003,-0.704,0.01,0.81,4.84,9.427,-24.038,-0.585,-0.346,0.662,-11.26,9.45,1.824,-0.244,-0.366,0.889,-2.427,-0.145,1.069,-0.194,-0.381,0.996,1.748,9.969,0.534,0.111,-0.379,0.805,6.84,13.031,0.504,btn_D
1780981425.2922266,-0.8,0.004,0.712,-12.618,19.992,-51.137,-0.644,-0.339,0.639,-3.0,8.008,5.092,-0.267,-0.371,0.921,0.969,-2.053,-1.366,-0.194,-0.358,0.979,1.542,3.519,-3.672,0.11,-0.356,0.798,2.511,1.191,1.206,btn_D
1780981425.379306,-0.488,-0.13,0.497,35.916,-26.74,7.099,-0.668,-0.308,0.654,4.863,5.802,0.878,-0.249,-0.375,0.932,2.985,-10.443,-1.42,-0.198,-0.365,0.982,-0.267,-0.908,-2.855,0.101,-0.344,0.795,1.473,-3.565,0.748,btn_D
1780981425.481793,-0.748,-0.116,0.686,-7.573,-5.847,-4.992,-0.671,-0.315,0.618,-5.504,0.702,-0.977,-0.246,-0.366,0.923,-2.061,1.557,0.779,-0.19,-0.37,0.982,0.237,11.412,-0.008,0.099,-0.355,0.819,1.412,5.55,1.374,btn_D
1780981425.5993624,-0.759,-0.111,0.673,-4.275,3.519,-2.26,-0.664,-0.309,0.628,-6.481,4.817,0.74,-0.246,-0.36,0.902,-2.397,0.053,1.298,-0.196,-0.37,0.976,-1.328,10.29,1.229,0.104,-0.346,0.802,1.42,9.084,2.824,btn_D
1780981425.6992486,-0.751,-0.127,0.681,-0.435,3.527,-1.237,-0.671,-0.316,0.621,-7.656,2.153,-0.618,-0.259,-0.372,0.915,-1.695,1.725,0.427,-0.213,-0.368,0.958,1.58,9.397,1.084,0.09,-0.34,0.812,1.969,10.45,0.954,btn_D
1780981425.7978086,-0.743,-0.14,0.681,-0.626,5.084,-1.42,-0.675,-0.309,0.61,-7.702,1.702,-1.229,-0.277,-0.377,0.919,-3.191,-0.534,-0.099,-0.211,-0.374,0.965,0.031,7.45,-1.534,0.082,-0.335,0.81,-3.557,-0.534,0.107,btn_D
1780981425.894263,-0.85,-0.089,0.607,-6.534,9.115,9.878,-0.68,-0.312,0.625,-6.061,0.122,-0.573,-0.255,-0.379,0.924,-0.916,-0.122,-0.145,-0.208,-0.367,0.974,1.191,6.626,-1.16,0.09,-0.329,0.83,-1.061,1.168,-0.198,btn_D
1780981428.5720654,-0.798,-0.141,0.625,-1.45,0.969,-1.076,-0.668,-0.296,0.626,-6.565,0.55,-0.458,-0.28,-0.35,0.923,-0.13,-0.229,0.191,-0.228,-0.356,0.967,1.542,6.191,-0.328,0.077,-0.333,0.811,0.313,1.817,-0.344,btn_D
1780981428.6814556,-0.791,-0.133,0.628,-0.84,0.679,-1.321,-0.672,-0.298,0.628,-6.489,0.366,-0.267,-0.289,-0.355,0.917,0.229,-0.336,0.191,-0.232,-0.353,0.969,1.626,7.122,0.038,0.073,-0.334,0.815,-0.298,1.382,0.076,btn_D
1780981428.783844,-0.794,-0.134,0.628,-0.198,0.527,-0.42,-0.674,-0.297,0.626,-6.053,0.55,-0.939,-0.282,-0.358,0.917,0.084,-0.374,0.092,-0.231,-0.359,0.975,1.954,6.817,-0.412,0.075,-0.327,0.823,0.29,2.145,-0.679,btn_D
1780981428.883702,-0.793,-0.134,0.624,-1.534,1.137,-1.221,-0.675,-0.298,0.622,-6.649,0.504,-1.26,-0.287,-0.351,0.917,-0.458,-0.389,-0.221,-0.23,-0.354,0.972,1.351,6.824,-0.634,0.077,-0.325,0.812,-0.092,1.679,0.519,btn_D
1780981428.99844,-0.79,-0.134,0.623,-0.618,0.931,-0.901,-0.676,-0.298,0.625,-5.954,0.634,-0.763,-0.281,-0.355,0.92,-0.107,-0.275,0.053,-0.23,-0.353,0.967,1.634,7.053,-0.427,0.079,-0.333,0.815,0.107,2.115,-0.237,btn_D
1780981429.0871885,-0.792,-0.135,0.628,-1.069,2.275,-0.832,-0.673,-0.297,0.625,-6.718,0.748,-0.817,-0.288,-0.35,0.917,-1.092,1.076,-0.298,-0.225,-0.357,0.968,1.053,6.954,-0.389,0.075,-0.328,0.817,-1.191,2.573,-0.359,btn_D
1780981429.2017004,-0.794,-0.135,0.622,-0.878,1.878,-1.115,-0.675,-0.297,0.622,-6.305,0.588,-0.328,-0.287,-0.355,0.914,0.038,-0.069,-0.275,-0.228,-0.355,0.968,1.71,6.229,-0.183,0.077,-0.325,0.812,-0.588,2.321,-0.366,btn_D
1780981429.2991102,-0.803,-0.138,0.619,-0.573,3.458,0.084,-0.674,-0.296,0.629,-6.527,0.412,0.504,-0.268,-0.348,0.909,0.496,-0.565,-0.076,-0.232,-0.358,0.962,2.229,7.229,-1.267,0.054,-0.316,0.789,-1.206,6.573,-1.847,btn_D
1780981429.3962414,-0.492,0.126,0.517,51.786,-86.504,59.962,-0.557,-0.29,0.703,-0.87,-25.725,-18.595,-0.232,-0.323,0.911,-4.794,-12.252,-3.313,-0.148,-0.372,0.985,5.519,7.244,0.191,0.083,-0.362,0.833,1.351,14.198,-3.198,btn_D
1780981429.4990268,-0.708,0.102,0.754,15.809,-6.977,15.29,-0.628,-0.327,0.671,-4.229,-1.214,-1.954,-0.259,-0.354,0.925,1.931,0.298,0.031,-0.198,-0.359,0.972,1.031,3.061,-0.855,0.117,-0.358,0.798,-4.84,3.802,-0.985,btn_D
1780981429.6145668,-0.638,0.145,0.716,0.366,-3.107,2.244,-0.609,-0.315,0.662,-5.29,-0.183,-0.962,-0.239,-0.345,0.938,-1.183,0.878,0.687,-0.188,-0.361,0.973,2.252,8.832,0.557,0.111,-0.338,0.803,1.076,2.382,0.023,btn_D
1780981429.715103,-0.698,0.094,0.813,-0.099,2.55,-4.023,-0.631,-0.322,0.656,-7.389,-1.969,-0.878,-0.25,-0.347,0.922,-1.672,-2.985,-0.718,-0.187,-0.358,0.976,1.359,5.489,-0.786,0.105,-0.347,0.817,-1.702,3.229,-0.344,btn_D
1780981429.8138444,-0.374,0.178,0.549,-59.702,50.786,-37.58,-0.591,-0.322,0.679,-19.344,15.794,5.267,-0.245,-0.354,0.937,-10.046,7.183,0.397,-0.208,-0.35,0.959,0.168,20.534,0.29,0.091,-0.336,0.808,11.328,21.802,2.939,btn_D
1780981429.911707,-0.526,-0.19,0.835,56.534,64.542,15.611,-0.639,-0.311,0.618,-8.122,-4.328,-2.092,-0.217,-0.377,0.927,2.366,-15.084,-1.092,-0.193,-0.365,0.974,-0.321,16.0,-1.16,0.107,-0.326,0.778,-0.718,7.374,0.061,btn_D
1780981430.0161715,-0.768,-0.146,0.666,-3.901,-1.595,-2.55,-0.667,-0.302,0.624,-6.382,1.336,-0.603,-0.257,-0.361,0.92,-0.947,2.382,0.511,-0.208,-0.36,0.972,1.374,8.427,-0.382,0.073,-0.334,0.819,1.328,-1.855,0.229,btn_D
1780981430.1177423,-0.767,-0.144,0.659,-2.275,1.221,-1.046,-0.661,-0.314,0.624,-6.382,0.885,0.198,-0.265,-0.355,0.917,0.107,-0.458,-0.099,-0.2,-0.356,0.976,1.702,6.29,-0.84,0.09,-0.329,0.822,-1.725,2.252,0.0,btn_D
1780981430.2326322,-0.771,-0.139,0.657,-2.26,1.664,-1.153,-0.667,-0.305,0.62,-6.573,0.71,-0.198,-0.263,-0.357,0.924,0.206,0.802,0.695,-0.206,-0.355,0.977,2.061,8.153,0.336,0.089,-0.323,0.817,0.313,3.099,0.076,btn_D
1780981430.3228428,-0.773,-0.141,0.653,-1.649,2.099,-0.74,-0.67,-0.307,0.622,-6.527,0.725,-0.252,-0.266,-0.36,0.923,-0.595,0.687,0.176,-0.211,-0.36,0.971,1.718,6.702,-0.137,0.086,-0.329,0.815,-0.603,1.748,0.29,btn_D
1780981430.4268618,-0.768,-0.143,0.659,0.779,1.237,0.321,-0.663,-0.308,0.625,-6.191,1.13,0.305,-0.26,-0.357,0.924,0.069,0.939,0.588,-0.204,-0.356,0.972,1.802,7.733,-0.015,0.09,-0.333,0.809,-1.275,1.756,0.443,btn_D
1780981430.5296855,-0.768,-0.131,0.666,-0.008,1.87,-0.313,-0.662,-0.301,0.633,-6.42,0.71,-0.107,-0.26,-0.353,0.918,0.176,0.702,0.855,-0.214,-0.361,0.969,1.779,8.939,-0.137,0.074,-0.323,0.816,0.786,3.855,-0.237,btn_D
1780981433.2074444,-0.766,-0.135,0.655,-0.901,1.702,-0.534,-0.663,-0.305,0.622,-6.443,0.481,-0.656,-0.275,-0.354,0.921,-0.916,0.855,0.206,-0.215,-0.354,0.973,0.962,7.786,-0.374,0.089,-0.329,0.815,-0.763,2.55,0.282,btn_D
1780981433.3105297,-0.773,-0.139,0.648,-2.328,2.473,0.115,-0.666,-0.304,0.627,-6.206,0.55,-0.817,-0.268,-0.353,0.918,-0.794,0.74,0.206,-0.215,-0.36,0.967,0.725,7.87,0.16,0.083,-0.332,0.806,-0.817,2.656,0.542,btn_D
1780981433.4147348,-0.771,-0.139,0.65,-0.802,2.092,-0.29,-0.67,-0.301,0.624,-6.107,0.962,-0.191,-0.271,-0.357,0.916,-0.389,-0.336,0.26,-0.218,-0.36,0.974,1.321,7.13,-0.359,0.083,-0.33,0.812,-0.847,2.405,-0.176,btn_D
1780981433.516928,-0.77,-0.141,0.656,-1.038,1.237,-0.618,-0.672,-0.306,0.625,-6.71,0.489,0.031,-0.266,-0.352,0.918,-0.115,0.26,0.481,-0.215,-0.357,0.98,1.588,6.649,-1.069,0.089,-0.336,0.823,-0.481,2.168,-0.328,btn_D
1780981433.6328485,-0.773,-0.14,0.649,-0.855,0.832,-0.695,-0.663,-0.297,0.621,-6.618,0.771,0.031,-0.266,-0.359,0.92,-0.832,-0.244,0.626,-0.216,-0.358,0.976,1.695,7.069,-0.198,0.088,-0.334,0.813,-0.511,2.641,-0.412,btn_D
1780981433.722259,-1.363,-0.101,-0.302,211.115,-107.733,250.13,-1.243,-0.538,0.799,2.298,-95.229,-23.71,-0.22,-0.406,1.077,21.786,-29.725,-9.901,-0.224,-0.352,0.934,23.069,-75.244,-8.55,0.11,-0.395,0.91,-16.595,-59.252,-15.748,btn_D
1780981433.824996,-0.651,0.191,0.676,-7.244,4.802,6.947,-0.479,-0.267,0.713,-39.374,6.244,-20.092,-0.227,-0.37,0.937,-5.71,0.878,0.328,-0.146,-0.361,1.008,-3.908,14.252,0.763,0.128,-0.351,0.803,-4.015,12.038,2.252,btn_D
1780981433.9281523,-0.615,0.061,0.832,0.534,0.351,2.969,-0.639,-0.35,0.718,-7.855,9.015,0.802,-0.238,-0.355,0.934,-0.71,5.275,1.779,-0.194,-0.354,0.978,1.863,7.168,-0.916,0.123,-0.356,0.811,-5.344,3.924,0.595,btn_D
1780981434.03171,-0.662,0.137,0.756,-3.084,0.84,-1.183,-0.577,-0.324,0.683,-5.893,1.832,-1.282,-0.226,-0.357,0.936,-1.863,-2.534,0.405,-0.173,-0.362,0.987,0.985,9.328,-0.305,0.114,-0.35,0.801,2.55,6.366,0.977,btn_D
1780981434.1415856,-0.681,0.127,0.743,2.832,4.725,-7.939,-0.614,-0.343,0.696,-10.969,1.695,-1.634,-0.239,-0.366,0.918,-1.573,4.115,0.763,-0.185,-0.359,0.984,1.13,9.42,0.55,0.114,-0.35,0.816,2.076,5.061,1.214,btn_D
1780981434.2374668,-0.788,-0.209,0.247,-112.557,137.237,-227.313,-0.647,-0.316,0.677,-2.656,76.26,35.229,-0.26,-0.375,0.933,-2.969,23.649,6.504,-0.157,-0.361,0.951,-0.74,37.618,1.298,0.051,-0.305,0.816,10.298,19.023,2.87,btn_D
1780981434.3488207,-0.76,-0.147,0.683,-3.344,5.282,-1.649,-0.658,-0.325,0.634,-5.542,1.489,0.489,-0.259,-0.371,0.918,2.87,0.405,1.992,-0.229,-0.365,0.969,4.145,6.206,0.29,0.082,-0.331,0.82,8.58,-12.939,0.847,btn_D
1780981434.453976,-0.787,-0.122,0.652,-4.832,0.534,1.344,-0.658,-0.318,0.633,-5.908,0.267,-0.542,-0.243,-0.37,0.927,-0.634,1.664,1.229,-0.212,-0.362,0.971,3.076,9.244,0.237,0.084,-0.332,0.826,-1.176,6.656,-0.565,btn_D
1780981434.5464497,-0.793,-0.124,0.651,-4.115,1.649,2.382,-0.653,-0.325,0.634,-6.237,0.389,-0.702,-0.251,-0.37,0.922,-0.344,0.275,0.412,-0.214,-0.36,0.973,2.328,7.382,-0.214,0.082,-0.329,0.817,0.221,1.634,-0.031,btn_D
1780981434.6546245,-0.763,-0.141,0.662,-1.099,1.0,0.183,-0.654,-0.316,0.628,-5.733,0.947,-0.244,-0.25,-0.367,0.921,0.046,0.275,-0.244,-0.205,-0.356,0.97,1.122,7.595,-0.023,0.093,-0.331,0.815,-0.489,1.481,0.687,btn_D
1780981434.753685,-0.767,-0.139,0.663,-1.931,1.252,-0.695,-0.654,-0.318,0.635,-6.321,0.672,0.122,-0.253,-0.369,0.912,-0.023,0.45,0.0,-0.213,-0.359,0.971,1.603,7.29,-0.916,0.089,-0.332,0.819,-0.939,1.725,0.084,btn_D
1780981434.864184,-0.768,-0.135,0.658,-1.397,1.137,-0.977,-0.651,-0.317,0.635,-6.084,1.191,0.374,-0.248,-0.366,0.915,0.168,0.473,-0.137,-0.213,-0.36,0.971,1.962,7.206,-0.481,0.091,-0.337,0.822,-0.198,2.473,-0.153,btn_D
1780981434.9583893,-0.769,-0.133,0.661,-3.008,2.519,1.809,-0.655,-0.317,0.63,-6.046,0.42,-0.282,-0.254,-0.365,0.915,-0.382,-0.267,-0.16,-0.211,-0.359,0.968,1.473,7.031,-0.511,0.09,-0.328,0.804,-0.603,2.13,0.092,btn_D
1780981435.0616448,-0.77,-0.138,0.666,-1.26,1.069,-1.573,-0.656,-0.315,0.635,-6.702,0.649,-0.168,-0.255,-0.371,0.922,-0.321,-0.069,-0.031,-0.214,-0.363,0.969,1.611,7.137,-0.229,0.085,-0.336,0.808,-0.26,1.458,-0.107,btn_D
1780981435.1665199,-0.766,-0.139,0.659,-1.145,1.412,-0.611,-0.658,-0.318,0.63,-6.412,0.305,-0.153,-0.25,-0.368,0.923,-0.366,0.382,-0.527,-0.213,-0.362,0.971,1.641,7.305,-0.405,0.094,-0.331,0.816,-0.74,2.115,0.275,btn_D
1780981437.8427622,-0.771,-0.135,0.654,-2.84,1.87,-2.061,-0.654,-0.319,0.627,-6.847,1.13,0.13,-0.253,-0.366,0.923,-0.878,0.595,-0.351,-0.22,-0.362,0.974,1.107,7.359,-0.45,0.094,-0.335,0.817,-1.076,2.366,-0.13,btn_D
1780981437.9455197,-0.776,-0.143,0.65,-0.473,1.855,-0.443,-0.653,-0.316,0.633,-6.168,1.183,0.527,-0.254,-0.366,0.92,-0.031,-0.748,-0.321,-0.217,-0.364,0.969,1.198,6.443,-0.611,0.092,-0.331,0.813,0.038,2.618,0.198,btn_D
1780981438.0493915,-0.775,-0.134,0.653,-0.214,2.771,-0.198,-0.662,-0.314,0.626,-6.42,0.733,0.122,-0.26,-0.365,0.917,-1.038,0.817,0.344,-0.221,-0.361,0.97,0.557,8.519,-0.244,0.09,-0.328,0.816,-3.221,2.504,0.634,btn_D
1780981438.164491,-0.373,-0.136,0.174,142.634,-128.992,195.252,-0.348,-0.34,0.674,10.702,-58.58,-22.305,-0.251,-0.359,0.893,9.687,-28.389,-6.504,-0.156,-0.37,0.971,4.405,-38.733,-3.099,0.133,-0.351,0.81,0.55,-7.252,-1.26,btn_D
1780981438.263839,-0.507,0.193,0.636,13.908,-21.061,26.053,-0.567,-0.324,0.708,-2.405,1.0,-2.74,-0.224,-0.366,0.93,0.466,1.977,0.496,-0.182,-0.361,0.99,2.443,12.412,1.061,0.108,-0.35,0.805,1.985,-0.786,1.176,btn_D
1780981438.357832,-0.703,0.092,0.852,-8.718,4.496,1.969,-0.636,-0.353,0.701,-5.802,-0.137,-0.786,-0.25,-0.365,0.934,1.412,0.511,-0.29,-0.195,-0.353,0.98,0.122,7.122,0.298,0.104,-0.344,0.811,-3.542,1.046,0.557,btn_D
1780981438.4603136,-0.76,0.071,0.878,2.55,-0.931,-1.519,-0.615,-0.33,0.684,-6.053,0.252,-1.412,-0.227,-0.367,0.932,0.206,-3.321,-0.687,-0.187,-0.355,0.979,1.015,3.924,-1.824,0.132,-0.355,0.802,-2.679,-0.863,0.405,btn_D
1780981438.5637934,-0.658,0.121,0.81,4.168,-5.473,0.275,-0.594,-0.323,0.677,-6.947,0.771,-0.496,-0.234,-0.361,0.927,0.328,3.275,1.176,-0.187,-0.357,0.982,2.252,8.45,0.122,0.108,-0.349,0.794,0.473,3.55,0.198,btn_D
1780981438.6670132,-0.381,0.212,0.477,-70.191,67.687,-23.771,-0.56,-0.327,0.7,-18.954,14.908,7.779,-0.232,-0.359,0.924,-5.87,8.191,1.664,-0.157,-0.317,1.019,-4.458,30.763,-0.084,0.106,-0.329,0.807,17.389,20.397,3.45,btn_D
1780981438.7828684,-0.741,-0.154,0.724,68.45,80.321,17.641,-0.631,-0.309,0.653,-8.931,-2.069,-2.947,-0.224,-0.375,0.952,0.344,-2.366,0.076,-0.203,-0.36,0.972,0.366,14.443,-0.702,0.094,-0.329,0.813,-3.229,9.626,0.893,btn_D
1780981438.88137,-0.763,-0.152,0.664,-2.008,0.145,-0.954,-0.649,-0.313,0.65,-6.885,1.58,-0.237,-0.254,-0.365,0.926,-0.527,2.817,1.489,-0.216,-0.355,0.973,1.298,8.939,0.397,0.091,-0.334,0.815,2.748,-4.55,0.664,btn_D
1780981438.9799306,-0.774,-0.148,0.645,-0.023,0.031,-0.954,-0.651,-0.315,0.643,-6.282,1.031,0.496,-0.248,-0.367,0.92,0.473,0.565,0.496,-0.209,-0.353,0.978,1.87,6.687,-0.634,0.098,-0.332,0.81,-0.244,1.145,0.275,btn_D
1780981439.0819435,-0.779,-0.144,0.654,-1.519,1.275,-0.412,-0.648,-0.318,0.635,-6.313,0.878,-0.595,-0.25,-0.366,0.918,-0.427,1.916,0.58,-0.209,-0.354,0.973,1.969,8.092,0.145,0.091,-0.324,0.814,-1.168,2.565,0.122,btn_D
1780981439.181843,-0.769,-0.139,0.638,-1.794,2.595,-0.214,-0.656,-0.31,0.642,-7.0,1.382,-0.061,-0.26,-0.357,0.923,-1.733,0.076,0.496,-0.211,-0.354,0.974,0.084,6.603,-1.183,0.099,-0.333,0.807,-2.626,1.443,0.985,btn_D
1780981439.2960563,-0.779,-0.145,0.646,-0.863,0.412,-0.618,-0.653,-0.315,0.639,-6.099,0.924,0.45,-0.244,-0.367,0.923,0.55,1.237,1.038,-0.208,-0.355,0.97,1.832,7.962,0.389,0.096,-0.331,0.81,0.427,2.878,-0.221,btn_D
1780981439.397497,-0.782,-0.146,0.642,-0.374,3.74,0.122,-0.651,-0.318,0.645,-6.504,1.45,0.809,-0.26,-0.367,0.921,-0.45,0.771,0.389,-0.211,-0.354,0.973,1.244,6.481,-0.832,0.1,-0.326,0.81,-0.832,1.092,0.504,btn_D
1780981439.5001805,-0.783,-0.154,0.643,-1.664,1.687,-1.069,-0.651,-0.317,0.645,-6.557,0.718,-0.26,-0.257,-0.369,0.926,0.084,-0.076,0.435,-0.209,-0.359,0.969,2.099,6.779,-0.26,0.096,-0.33,0.81,-0.947,2.847,-0.321,btn_D
1780981439.5937252,-0.781,-0.143,0.646,-1.183,1.565,-0.473,-0.654,-0.315,0.641,-6.168,0.71,-0.45,-0.253,-0.364,0.922,0.023,0.672,0.573,-0.218,-0.351,0.976,1.695,6.893,-0.321,0.09,-0.331,0.802,-0.786,1.191,0.748,btn_D
1780981439.6965837,-0.783,-0.145,0.645,-2.099,0.656,-1.443,-0.646,-0.319,0.631,-6.389,1.038,-1.046,-0.252,-0.369,0.92,-0.053,0.351,0.565,-0.213,-0.361,0.969,1.733,7.023,-0.191,0.096,-0.339,0.812,-0.427,2.366,-0.557,btn_D
1780981439.7999902,-0.781,-0.148,0.639,-0.481,1.756,0.695,-0.649,-0.315,0.635,-6.405,0.779,-0.634,-0.257,-0.36,0.917,-0.321,0.008,0.542,-0.215,-0.354,0.972,1.542,7.183,-0.267,0.095,-0.327,0.805,-0.305,1.321,0.443,btn_D
1780981442.4823232,-0.784,-0.141,0.634,-2.397,3.031,0.008,-0.654,-0.316,0.634,-6.626,1.74,-0.038,-0.269,-0.375,0.915,-1.389,2.16,0.977,-0.199,-0.381,0.99,1.901,10.107,-0.45,0.096,-0.331,0.812,-0.29,3.038,-0.321,btn_D
1780981442.5820448,-0.785,-0.147,0.63,-1.221,2.29,0.244,-0.659,-0.317,0.628,-5.931,1.069,-0.061,-0.266,-0.367,0.912,0.069,0.366,0.351,-0.228,-0.357,0.966,1.794,6.832,-0.206,0.083,-0.333,0.814,-0.389,1.282,-0.351,btn_D
1780981442.6846483,-0.795,-0.143,0.633,-1.26,1.305,-0.588,-0.661,-0.319,0.635,-6.435,0.672,-0.573,-0.261,-0.366,0.915,-0.511,0.16,0.519,-0.231,-0.358,0.962,1.603,7.313,-0.733,0.09,-0.336,0.799,-0.809,2.015,-0.069,btn_D
1780981442.7870097,-0.793,-0.144,0.631,-0.916,1.901,-0.542,-0.664,-0.316,0.626,-6.519,0.748,-0.534,-0.269,-0.366,0.916,-0.908,0.534,0.16,-0.224,-0.363,0.96,1.13,7.458,-0.427,0.096,-0.336,0.817,-1.069,2.695,0.191,btn_D
1780981442.9008522,-0.786,-0.143,0.627,0.0,2.031,-0.053,-0.656,-0.312,0.63,-6.275,1.115,0.115,-0.266,-0.365,0.914,-0.176,0.122,0.321,-0.226,-0.361,0.969,1.313,6.221,-0.496,0.1,-0.335,0.813,-0.534,1.565,0.366,btn_D
1780981442.9929137,-0.788,-0.149,0.642,-0.282,1.405,-1.053,-0.656,-0.314,0.631,-6.305,-0.328,-0.328,-0.253,-0.368,0.92,0.756,-1.252,0.695,-0.238,-0.358,0.975,1.924,8.779,-0.244,0.048,-0.317,0.825,-0.58,9.275,-2.954,btn_D
1780981443.0989788,-0.278,0.035,0.694,58.954,-90.336,50.282,-0.493,-0.306,0.656,-8.427,0.023,-9.122,-0.227,-0.367,0.903,-8.168,18.817,-1.45,-0.145,-0.374,0.997,2.168,16.71,0.626,0.092,-0.373,0.825,-2.023,8.527,-4.023,btn_D
1780981443.2327056,-0.598,0.11,0.784,-0.092,-4.947,8.397,-0.578,-0.337,0.67,-8.191,1.053,-1.435,-0.232,-0.378,0.933,-0.992,6.473,1.336,-0.199,-0.372,0.974,2.076,6.733,0.344,0.114,-0.353,0.803,-3.924,4.366,-2.573,btn_D
1780981443.3017204,-0.684,0.143,0.747,-3.412,7.786,-0.42,-0.638,-0.363,0.699,-7.206,0.496,-0.298,-0.232,-0.368,0.933,1.29,2.794,1.397,-0.192,-0.365,0.967,2.412,5.901,-1.771,0.123,-0.355,0.813,-2.779,-2.046,0.679,btn_D
1780981443.4115245,-0.726,0.124,0.778,7.496,-3.145,-0.58,-0.605,-0.338,0.66,-4.863,-0.351,-0.282,-0.239,-0.365,0.931,-0.023,-1.641,-0.573,-0.164,-0.368,0.98,0.58,5.351,-0.511,0.129,-0.366,0.803,-0.977,4.42,1.107,btn_D
1780981443.5181458,-0.681,0.117,0.827,3.557,-2.496,-1.221,-0.601,-0.333,0.676,-7.099,-0.924,-0.313,-0.234,-0.365,0.922,-0.656,0.405,-0.443,-0.184,-0.366,0.972,0.344,7.382,-0.374,0.119,-0.355,0.813,-3.573,1.42,3.16,btn_D
1780981443.6117468,-0.744,0.145,0.87,22.985,-12.229,-7.275,-0.61,-0.325,0.619,-8.122,-1.748,-3.908,-0.251,-0.359,0.9,-2.466,-6.115,-4.336,-0.171,-0.37,0.961,-2.504,-1.26,-2.725,0.125,-0.371,0.797,-2.908,4.817,-1.061,btn_D
1780981443.7162478,-0.384,0.239,0.468,-76.45,68.389,-25.611,-0.563,-0.359,0.706,-8.725,12.931,8.458,-0.282,-0.364,0.912,-5.489,16.656,1.076,-0.17,-0.379,0.986,-1.237,18.931,-1.344,0.099,-0.336,0.783,6.015,12.328,1.374,btn_D
1780981443.830522,-1.263,-0.212,0.939,10.344,1.305,6.45,-0.643,-0.326,0.635,-9.473,4.931,-1.573,-0.263,-0.362,0.923,0.672,-10.855,-3.771,-0.197,-0.377,0.98,-1.267,-1.244,-3.305,0.112,-0.339,0.8,-3.679,-12.267,-0.053,btn_D
1780981443.9304612,-0.793,-0.152,0.632,-4.313,-4.649,-2.458,-0.653,-0.321,0.635,-6.031,-0.626,0.183,-0.25,-0.368,0.914,0.947,3.031,1.443,-0.204,-0.37,0.974,1.672,11.718,0.931,0.101,-0.331,0.807,-0.191,4.565,0.977,btn_D
1780981444.028715,-0.791,-0.153,0.624,-3.176,2.649,-0.771,-0.659,-0.33,0.625,-6.687,1.252,-0.427,-0.254,-0.374,0.918,-0.405,2.008,1.061,-0.209,-0.373,0.969,2.275,8.382,-0.45,0.107,-0.338,0.812,-0.069,1.092,0.305,btn_D
1780981444.1350825,-0.796,-0.15,0.621,-1.832,2.832,-1.0,-0.668,-0.322,0.634,-7.664,4.931,-0.649,-0.26,-0.373,0.91,-2.038,2.176,0.542,-0.222,-0.378,0.96,0.924,7.672,-1.473,0.106,-0.335,0.806,-1.389,2.252,0.534,btn_D
1780981444.2321477,-0.794,-0.152,0.624,-1.0,0.214,-0.389,-0.66,-0.323,0.627,-5.931,0.221,-0.282,-0.26,-0.377,0.917,0.244,-0.26,0.176,-0.208,-0.372,0.96,2.0,8.779,-0.153,0.099,-0.335,0.808,-1.595,2.214,-1.534,btn_D
1780981444.347694,-0.79,-0.146,0.624,-1.336,1.0,-1.672,-0.662,-0.326,0.627,-6.969,0.611,-0.977,-0.26,-0.375,0.912,-1.015,-0.939,0.153,-0.218,-0.374,0.958,1.0,7.977,-0.496,0.103,-0.343,0.813,-1.053,2.588,-0.038,btn_D
1780981444.444124,-0.79,-0.152,0.623,-1.55,2.008,-0.504,-0.663,-0.331,0.613,-6.588,1.206,0.427,-0.261,-0.375,0.918,-0.13,0.336,-0.16,-0.214,-0.376,0.971,1.595,6.504,-0.893,0.101,-0.345,0.817,-0.542,2.29,-0.672,btn_D
1780981447.1135058,-0.792,-0.153,0.622,-0.878,2.481,-0.916,-0.664,-0.325,0.621,-6.756,0.802,-0.458,-0.262,-0.376,0.92,-0.344,0.229,0.069,-0.219,-0.369,0.963,1.122,7.122,-0.412,0.103,-0.344,0.807,-0.74,2.718,-0.16,btn_D
1780981447.2300506,-0.792,-0.16,0.623,-1.244,2.351,-0.13,-0.668,-0.327,0.614,-6.336,0.061,-0.237,-0.259,-0.375,0.906,-0.046,-0.908,0.13,-0.216,-0.379,0.966,1.496,5.893,-0.847,0.106,-0.343,0.809,-0.565,1.962,-0.26,btn_D
1780981447.3304338,-0.794,-0.153,0.621,-0.656,1.344,-1.084,-0.668,-0.323,0.616,-6.74,0.725,0.015,-0.259,-0.376,0.907,-0.252,0.336,0.527,-0.217,-0.373,0.97,1.733,7.046,-0.534,0.1,-0.342,0.812,-0.725,2.702,-0.115,btn_D
1780981447.4305837,-0.791,-0.154,0.624,-0.832,1.305,-0.176,-0.663,-0.327,0.62,-6.382,0.55,-0.16,-0.258,-0.374,0.906,-0.328,0.145,0.664,-0.222,-0.372,0.967,1.351,7.084,-0.55,0.104,-0.334,0.81,-0.962,2.298,-0.061,btn_D
1780981447.5329003,-0.792,-0.16,0.62,-1.626,1.962,-0.702,-0.662,-0.328,0.615,-6.847,0.985,-0.16,-0.26,-0.377,0.907,-0.603,-0.046,0.847,-0.222,-0.382,0.958,1.13,7.626,0.183,0.1,-0.343,0.805,-0.817,1.679,-0.191,btn_D
1780981447.628586,-0.794,-0.157,0.62,-0.786,0.992,-1.023,-0.669,-0.329,0.623,-6.382,0.137,-0.641,-0.265,-0.379,0.912,-0.382,-0.718,-0.038,-0.214,-0.376,0.969,1.756,6.023,-1.443,0.107,-0.346,0.813,-0.076,1.779,-0.275,btn_D
1780981447.7319138,-0.791,-0.154,0.622,-0.824,1.153,-0.252,-0.664,-0.324,0.622,-6.435,0.931,-0.092,-0.26,-0.375,0.908,-0.061,1.153,0.71,-0.221,-0.377,0.96,1.679,7.847,-0.687,0.104,-0.342,0.81,-1.053,3.992,-0.382,btn_D
1780981447.847004,-0.031,-0.199,0.511,135.053,-133.275,132.382,-0.739,-0.376,0.687,-10.061,-89.802,-13.725,-0.29,-0.378,0.899,2.947,-44.42,-7.84,-0.146,-0.387,0.994,7.473,-11.985,-5.183,0.144,-0.347,0.791,-18.649,-4.534,-7.076,btn_D
1780981447.9451292,-0.695,0.091,0.764,-2.947,-4.275,11.656,-0.627,-0.354,0.702,-4.863,-2.679,-2.748,-0.236,-0.368,0.934,-0.275,-1.756,0.282,-0.189,-0.376,0.965,0.45,7.908,0.321,0.114,-0.346,0.809,2.542,-0.053,1.412,btn_D
1780981448.0477362,-0.625,0.108,0.73,-0.191,-3.099,6.069,-0.609,-0.335,0.652,-6.71,-1.573,0.305,-0.235,-0.374,0.923,-0.366,2.817,0.954,-0.182,-0.373,0.969,0.824,9.046,0.145,0.121,-0.352,0.809,-1.74,3.992,0.84,btn_D
1780981448.1433814,-0.575,0.14,0.697,-6.275,4.267,3.26,-0.604,-0.328,0.643,-8.16,-0.733,0.321,-0.234,-0.372,0.921,-1.168,5.947,1.427,-0.189,-0.371,0.973,1.13,13.618,1.275,0.108,-0.342,0.804,-0.374,4.0,-0.29,btn_D
1780981448.246303,-0.652,0.121,0.733,-4.168,0.389,1.992,-0.605,-0.345,0.676,-6.489,0.786,-1.244,-0.243,-0.37,0.923,0.405,2.748,1.84,-0.198,-0.372,0.965,2.435,7.405,-0.168,0.124,-0.354,0.799,-2.191,1.008,-0.137,btn_D
1780981448.3498573,-0.622,0.133,0.736,-5.718,5.55,2.282,-0.602,-0.339,0.67,-6.954,1.58,-1.244,-0.24,-0.37,0.924,-1.595,2.519,0.076,-0.192,-0.374,0.971,2.015,7.282,-0.183,0.124,-0.351,0.805,0.122,3.481,-0.305,btn_D
1780981448.4637597,-0.391,0.131,0.339,-160.023,119.321,-56.015,-0.604,-0.362,0.714,-0.748,51.985,21.618,-0.241,-0.372,0.926,-0.718,7.977,1.672,-0.208,-0.374,0.977,-3.702,18.42,-1.443,0.111,-0.334,0.812,9.908,11.198,2.863,btn_D
1780981448.5643227,-0.996,-0.062,0.484,-22.282,-9.374,-14.458,-0.638,-0.334,0.64,-3.969,5.031,-1.206,-0.252,-0.375,0.915,-2.687,-0.275,-2.206,-0.177,-0.377,0.978,2.359,7.282,-0.534,0.117,-0.334,0.818,-5.374,17.145,-0.527,btn_D
1780981448.663407,-0.781,-0.143,0.622,-1.008,5.115,-1.023,-0.673,-0.322,0.616,-6.542,1.031,0.603,-0.255,-0.377,0.908,-0.733,1.153,-0.351,-0.206,-0.373,0.967,1.58,7.084,-0.466,0.108,-0.336,0.806,1.046,-2.733,0.458,btn_D
1780981448.7614179,-0.787,-0.148,0.63,-0.832,-0.664,-1.435,-0.666,-0.321,0.623,-5.611,1.527,1.198,-0.248,-0.371,0.927,0.336,0.076,0.389,-0.203,-0.372,0.965,1.969,8.061,0.153,0.105,-0.337,0.808,0.374,2.176,0.145,btn_D
1780981448.8643909,-0.791,-0.147,0.63,-0.969,2.725,-0.374,-0.664,-0.315,0.619,-6.061,0.534,-0.061,-0.253,-0.377,0.913,0.389,-0.282,-0.053,-0.207,-0.373,0.977,1.786,6.481,-0.893,0.104,-0.339,0.81,-0.466,1.664,0.374,btn_D
1780981448.9795613,-0.79,-0.146,0.636,-1.359,0.84,-1.542,-0.663,-0.318,0.628,-6.382,1.26,-0.153,-0.253,-0.373,0.918,-0.489,0.626,-0.45,-0.207,-0.371,0.974,1.191,7.771,-0.656,0.108,-0.332,0.808,-0.771,3.16,0.405,btn_D
1780981449.081136,-0.774,-0.147,0.643,-1.107,1.603,0.099,-0.667,-0.316,0.62,-6.733,1.336,-0.542,-0.257,-0.375,0.915,-0.817,-0.13,-0.473,-0.208,-0.374,0.969,1.26,5.992,-0.595,0.101,-0.338,0.817,-1.191,2.466,0.122,btn_D
1780981451.7486708,-0.795,-0.152,0.622,-1.198,1.267,-1.29,-0.669,-0.32,0.615,-6.412,0.481,-0.534,-0.261,-0.38,0.916,-0.099,-0.45,0.282,-0.217,-0.377,0.967,2.13,6.076,-0.763,0.107,-0.346,0.813,-0.435,1.893,-0.382,btn_D
1780981451.8643472,-0.792,-0.153,0.624,-0.634,0.641,-1.0,-0.669,-0.323,0.62,-6.099,0.603,-0.557,-0.259,-0.38,0.916,-0.366,-0.13,0.107,-0.217,-0.378,0.965,1.649,6.42,-0.214,0.107,-0.341,0.806,-0.16,1.878,-0.168,btn_D
1780981451.9545228,-0.797,-0.153,0.623,-0.725,1.695,-0.458,-0.667,-0.321,0.613,-6.565,0.244,-0.588,-0.261,-0.379,0.915,-0.084,0.473,0.435,-0.222,-0.378,0.965,1.687,7.817,-0.221,0.106,-0.339,0.808,-0.328,2.29,0.076,btn_D
1780981452.0577781,-0.794,-0.152,0.621,0.214,1.282,-0.977,-0.665,-0.317,0.617,-6.321,0.649,0.015,-0.26,-0.378,0.916,-0.244,-0.168,0.55,-0.223,-0.375,0.96,1.366,7.275,-0.603,0.105,-0.342,0.807,-1.313,2.45,0.229,btn_D
1780981452.1690376,-0.794,-0.151,0.626,-0.893,1.29,-0.924,-0.672,-0.318,0.61,-6.573,0.84,-0.061,-0.264,-0.375,0.911,-0.344,0.511,0.328,-0.208,-0.378,0.968,1.115,7.389,0.023,0.105,-0.346,0.811,-0.985,2.718,0.183,btn_D
1780981452.2800589,-0.795,-0.151,0.623,-0.908,1.374,-1.252,-0.672,-0.321,0.617,-6.115,1.023,-0.023,-0.261,-0.378,0.913,-0.718,0.038,0.16,-0.224,-0.379,0.966,1.405,7.137,-0.908,0.101,-0.345,0.803,-0.786,2.328,-0.038,btn_D
1780981452.367154,-0.79,-0.146,0.621,-0.267,1.214,0.336,-0.668,-0.32,0.613,-6.382,0.382,-0.275,-0.26,-0.377,0.915,-0.893,-0.656,0.092,-0.222,-0.379,0.96,1.427,6.924,-0.702,0.099,-0.348,0.804,-0.16,2.321,0.015,btn_D
1780981452.470082,-2.0,-0.921,1.273,250.13,-213.206,44.084,-0.885,-0.322,0.422,-24.893,-59.305,-33.298,-0.31,-0.365,0.861,3.901,-10.252,-7.55,0.045,-0.564,1.066,42.878,0.458,-7.847,0.134,-0.369,0.836,-16.626,-31.847,-7.939,btn_D
1780981452.572672,-0.759,0.034,0.797,18.84,-14.26,26.099,-0.656,-0.347,0.657,-2.305,-2.191,-3.031,-0.251,-0.363,0.91,1.351,-1.321,-1.702,-0.222,-0.356,0.946,-2.74,-5.763,-1.397,0.127,-0.359,0.8,-5.489,6.504,-1.16,btn_D
1780981452.682493,-0.672,0.108,0.752,0.191,2.298,1.031,-0.622,-0.342,0.667,-6.099,0.817,-0.679,-0.254,-0.367,0.912,-0.023,2.29,1.321,-0.197,-0.369,0.966,2.038,7.527,0.0,0.117,-0.346,0.802,0.511,2.267,0.023,btn_D
1780981452.778627,-0.71,0.071,0.833,2.244,0.947,-2.466,-0.623,-0.341,0.66,-6.298,1.855,-0.244,-0.248,-0.364,0.922,-0.015,-0.45,0.053,-0.194,-0.373,0.974,0.046,4.664,-0.718,0.118,-0.358,0.807,0.725,0.282,0.489,btn_D
1780981452.8933527,-0.667,0.136,0.719,-7.092,4.939,0.351,-0.604,-0.328,0.659,-7.221,1.351,-0.542,-0.242,-0.372,0.925,-1.313,2.58,0.847,-0.194,-0.375,0.969,2.038,11.237,0.656,0.12,-0.36,0.802,2.115,6.977,0.748,btn_D
1780981452.9985952,-0.438,-0.223,0.522,-130.275,102.588,-178.863,-0.654,-0.327,0.628,-1.634,44.725,21.489,-0.24,-0.389,0.92,-5.359,-0.878,0.382,-0.19,-0.376,0.971,-0.634,14.947,0.992,0.115,-0.362,0.813,7.618,15.794,3.435,btn_D
1780981453.0944555,-0.764,-0.167,0.677,-5.015,6.511,-3.229,-0.657,-0.329,0.628,-7.496,0.313,-0.282,-0.256,-0.378,0.908,0.328,1.718,0.832,-0.219,-0.379,0.959,1.962,9.908,0.359,0.093,-0.35,0.822,3.489,-5.527,0.443,btn_D
1780981453.1914744,-0.79,-0.142,0.632,-2.427,-0.489,-2.176,-0.667,-0.319,0.613,-6.076,0.649,-0.58,-0.252,-0.376,0.914,-0.168,-1.015,-0.366,-0.21,-0.381,0.961,1.534,6.595,-0.908,0.111,-0.347,0.812,-2.603,4.427,0.046,btn_D
1780981453.2935674,-0.783,-0.138,0.633,-1.145,1.443,-0.504,-0.667,-0.324,0.628,-6.817,0.74,-0.908,-0.259,-0.379,0.91,-0.885,0.481,-0.16,-0.218,-0.377,0.967,1.565,7.282,-0.519,0.102,-0.339,0.809,-1.137,2.344,-0.023,btn_D
1780981453.3968515,-0.789,-0.147,0.622,-1.153,2.153,-1.099,-0.664,-0.325,0.619,-5.969,0.947,-0.954,-0.258,-0.382,0.917,0.267,-0.298,0.015,-0.208,-0.375,0.962,1.794,6.817,0.405,0.1,-0.347,0.809,-0.847,2.046,0.214,btn_D
1780981453.5136092,-0.788,-0.148,0.628,-0.802,1.84,-1.031,-0.667,-0.322,0.621,-6.344,0.427,-0.603,-0.257,-0.379,0.913,-0.374,0.611,-0.061,-0.215,-0.376,0.974,1.595,7.183,-0.687,0.104,-0.343,0.812,-1.237,2.313,-0.046,btn_D
1780981453.6025152,-0.785,-0.143,0.63,-0.939,0.954,-0.84,-0.672,-0.322,0.618,-6.595,0.802,0.069,-0.257,-0.383,0.919,-0.038,-0.046,-0.206,-0.214,-0.376,0.972,1.931,7.282,-0.191,0.106,-0.347,0.809,-0.725,2.649,0.015,btn_D
1780981453.7057352,-0.791,-0.146,0.63,-1.29,1.511,-1.153,-0.667,-0.323,0.614,-6.611,0.809,-0.183,-0.257,-0.377,0.915,-0.084,-0.183,0.038,-0.212,-0.377,0.965,1.74,6.969,-0.153,0.106,-0.35,0.805,-0.053,1.939,0.061,btn_D
1780981456.3837743,-0.793,-0.145,0.63,-1.634,1.733,-1.061,-0.672,-0.325,0.614,-6.473,0.366,-0.26,-0.266,-0.374,0.918,-0.695,-0.473,-0.427,-0.214,-0.375,0.959,1.176,5.931,-0.725,0.114,-0.346,0.806,-0.458,1.58,0.008,btn_D
1780981456.4974754,-0.792,-0.148,0.629,-0.55,1.061,-0.725,-0.671,-0.322,0.617,-6.504,0.565,-0.153,-0.26,-0.377,0.916,-0.183,-0.397,-0.214,-0.22,-0.375,0.962,1.519,6.618,-0.298,0.108,-0.343,0.806,-0.443,2.55,-0.061,btn_D
1780981456.5895886,-0.797,-0.149,0.629,-0.466,1.855,0.13,-0.672,-0.325,0.613,-6.26,-0.008,-0.366,-0.264,-0.377,0.908,0.221,-0.351,0.214,-0.216,-0.375,0.965,1.893,6.901,-0.542,0.105,-0.347,0.81,-0.321,1.847,-0.298,btn_D
1780981456.6941812,-0.782,-0.152,0.633,-0.176,1.214,-0.046,-0.669,-0.322,0.609,-6.443,0.87,-0.824,-0.261,-0.38,0.905,-0.496,-0.038,-0.053,-0.217,-0.376,0.962,1.626,6.382,-0.496,0.109,-0.344,0.811,-0.58,2.55,0.176,btn_D
1780981456.7953992,-2.0,-0.475,1.187,250.13,-192.336,-26.282,-0.751,-0.336,0.489,-25.443,-41.832,-18.237,-0.295,-0.377,0.886,-0.611,-9.626,-5.855,-0.239,-0.402,0.938,5.107,-22.435,-6.832,0.075,-0.368,0.846,-10.878,-35.626,-9.565,btn_D
1780981456.9068427,-0.597,0.094,0.753,9.863,1.534,16.115,-0.633,-0.373,0.704,-1.145,8.924,-1.847,-0.26,-0.361,0.921,1.275,-5.565,-1.527,-0.18,-0.372,0.987,0.786,2.725,-2.634,0.135,-0.35,0.806,-6.466,3.122,-0.061,btn_D
1780981457.013365,-0.607,0.129,0.737,-9.267,6.588,1.076,-0.626,-0.345,0.674,-7.817,-0.458,-0.076,-0.24,-0.375,0.926,1.198,2.931,0.809,-0.198,-0.375,0.966,2.313,8.878,-0.313,0.111,-0.351,0.81,3.893,-0.328,1.206,btn_D
1780981457.11328,-0.663,0.122,0.728,-13.847,14.031,-3.802,-0.613,-0.35,0.666,-7.443,1.969,-0.038,-0.251,-0.372,0.918,-0.45,-0.84,0.634,-0.183,-0.376,0.976,2.42,7.687,-0.344,0.122,-0.344,0.807,4.076,3.847,1.336,btn_D
1780981457.211272,-0.66,0.121,0.703,-1.168,3.473,-0.557,-0.604,-0.338,0.665,-6.298,0.359,0.153,-0.251,-0.372,0.921,-0.305,-0.893,0.656,-0.185,-0.378,0.979,2.634,8.389,0.542,0.122,-0.352,0.821,4.534,3.702,0.649,btn_D
1780981457.3124914,-0.377,-0.221,0.147,-122.511,126.489,-215.824,-0.554,-0.384,0.664,-0.786,58.794,36.481,-0.232,-0.385,0.92,-1.985,13.664,5.427,-0.148,-0.375,0.948,0.679,35.908,4.282,0.043,-0.309,0.834,19.198,24.153,3.641,btn_D
1780981457.4138765,-0.735,-0.158,0.706,0.397,12.71,-0.603,-0.657,-0.324,0.635,-6.16,3.084,0.817,-0.265,-0.376,0.908,1.756,1.405,2.588,-0.234,-0.369,0.946,2.382,7.519,0.282,0.092,-0.339,0.813,7.466,-11.237,1.29,btn_D
1780981457.5167923,-0.777,-0.147,0.649,-2.687,-1.321,-1.763,-0.659,-0.325,0.626,-5.542,0.763,-0.458,-0.248,-0.378,0.917,-0.038,0.153,0.557,-0.204,-0.376,0.969,1.901,8.466,0.794,0.102,-0.343,0.821,-2.084,4.771,0.221,btn_D
1780981457.620092,-0.77,-0.144,0.653,-2.511,1.206,-0.328,-0.662,-0.33,0.63,-6.573,1.344,-0.908,-0.257,-0.382,0.918,-1.115,1.145,0.664,-0.212,-0.377,0.967,1.061,8.046,-0.588,0.102,-0.349,0.811,-0.634,2.588,0.115,btn_D
1780981457.7298107,-0.768,-0.15,0.654,-0.649,3.496,-0.053,-0.659,-0.325,0.618,-6.832,2.206,-0.443,-0.256,-0.376,0.913,-1.145,-0.45,-0.45,-0.213,-0.375,0.968,0.786,6.015,-1.092,0.109,-0.346,0.813,-1.656,1.916,0.115,btn_D
1780981457.8258507,-0.778,-0.149,0.652,-1.756,1.405,-1.679,-0.664,-0.323,0.628,-6.328,0.496,-0.313,-0.26,-0.375,0.915,-0.084,0.038,0.344,-0.212,-0.376,0.959,1.374,7.26,-0.427,0.099,-0.343,0.806,-1.313,2.206,0.214,btn_D
1780981457.9292383,-0.775,-0.149,0.653,-1.763,1.061,-1.084,-0.663,-0.326,0.626,-6.198,1.0,0.046,-0.259,-0.379,0.91,0.092,0.718,0.458,-0.211,-0.38,0.963,1.382,7.405,-0.015,0.104,-0.337,0.809,-1.031,2.42,0.13,btn_D
1780981458.0440547,-0.767,-0.147,0.654,-3.534,1.878,3.771,-0.663,-0.321,0.62,-6.962,0.878,-0.183,-0.257,-0.378,0.917,-0.748,2.702,1.084,-0.22,-0.376,0.962,2.008,10.206,0.252,0.098,-0.339,0.81,-0.427,2.542,0.13,btn_D
1780981458.1463957,-0.773,-0.141,0.655,-2.214,1.382,-1.145,-0.667,-0.331,0.625,-6.519,0.977,-0.359,-0.255,-0.377,0.917,-0.55,0.267,0.221,-0.218,-0.374,0.963,1.275,7.603,-0.511,0.104,-0.34,0.799,-0.58,2.947,-0.023,btn_D
1780981458.2458036,-0.776,-0.15,0.646,-1.649,1.87,-0.031,-0.664,-0.325,0.618,-6.336,0.565,-0.344,-0.26,-0.379,0.914,-0.298,-0.084,-0.13,-0.219,-0.373,0.961,1.427,7.573,0.221,0.099,-0.346,0.805,-0.076,1.893,-0.008,btn_D
1780981458.3410215,-0.781,-0.145,0.646,-0.725,2.366,0.366,-0.663,-0.327,0.62,-6.221,0.626,-0.023,-0.26,-0.378,0.919,-0.122,0.534,-0.336,-0.216,-0.379,0.971,1.45,6.969,-0.611,0.099,-0.344,0.813,-0.634,2.71,-0.099,btn_D
1780981461.0187156,-0.787,-0.143,0.643,-1.298,1.847,-1.069,-0.668,-0.324,0.623,-6.763,0.481,-0.954,-0.263,-0.372,0.912,-0.351,0.061,-0.359,-0.217,-0.372,0.967,1.534,7.069,-0.939,0.096,-0.341,0.804,-0.901,2.656,0.282,btn_D
1780981461.1295948,-0.785,-0.144,0.639,-1.008,1.542,-0.229,-0.649,-0.303,0.614,-6.786,0.634,-1.0,-0.262,-0.376,0.914,-0.214,-0.374,-0.176,-0.217,-0.375,0.952,1.389,6.992,-0.649,0.102,-0.342,0.797,-0.679,2.26,0.115,btn_D
1780981461.2294385,-0.793,-0.146,0.632,-0.71,1.84,-0.771,-0.662,-0.318,0.615,-6.366,0.069,0.092,-0.266,-0.377,0.909,-0.244,0.198,-0.511,-0.219,-0.376,0.968,1.366,6.282,-0.229,0.097,-0.342,0.812,-0.183,2.153,0.16,btn_D
1780981461.3283699,-0.782,-0.146,0.636,-1.473,1.267,-1.038,-0.661,-0.326,0.621,-6.336,0.595,0.061,-0.255,-0.378,0.909,-0.031,-0.221,-0.29,-0.22,-0.377,0.963,1.489,6.565,-0.397,0.102,-0.342,0.808,-0.26,2.298,-0.496,btn_D
1780981461.430642,-1.511,-0.541,1.651,59.573,-66.458,27.359,-0.834,-0.3,0.598,-13.084,-13.794,-7.901,-0.279,-0.378,0.917,1.519,-4.252,-1.153,-0.22,-0.383,0.964,-1.924,-4.176,-3.389,0.095,-0.341,0.806,-14.695,-15.656,-3.382,btn_D
1780981461.5444326,-0.402,0.205,0.477,51.656,-79.183,64.901,-0.486,-0.283,0.695,5.023,-30.244,-11.817,-0.172,-0.363,0.955,2.931,-12.84,-4.153,-0.121,-0.374,1.007,1.038,7.504,1.229,0.143,-0.354,0.784,-3.313,19.725,-1.954,btn_D
1780981461.636946,-0.542,0.164,0.739,-12.344,8.557,-1.42,-0.627,-0.362,0.698,-11.908,-4.046,-0.374,-0.262,-0.375,0.932,0.206,5.313,1.534,-0.196,-0.374,0.959,4.389,9.496,-0.496,0.12,-0.354,0.801,3.366,-3.092,-0.824,btn_D
1780981461.7452364,-0.659,0.161,0.719,-2.916,4.969,-0.817,-0.603,-0.337,0.673,-7.008,0.939,-1.198,-0.243,-0.368,0.928,-1.519,0.153,0.237,-0.169,-0.377,0.979,1.046,7.26,-1.412,0.137,-0.362,0.808,-2.069,3.542,0.458,btn_D
1780981461.8434224,-0.661,0.167,0.715,-5.427,3.87,2.992,-0.593,-0.343,0.677,-7.168,0.534,-1.718,-0.236,-0.374,0.925,-2.145,0.885,0.603,-0.181,-0.371,0.974,1.802,12.214,1.275,0.123,-0.359,0.808,6.29,6.252,0.336,btn_D
1780981461.9459238,-0.244,-0.257,0.235,-160.137,122.809,-218.672,-0.548,-0.362,0.661,0.038,60.084,32.137,-0.279,-0.372,0.916,-1.29,8.099,2.344,-0.169,-0.371,0.986,4.885,12.687,1.649,0.134,-0.354,0.795,12.435,17.473,2.443,btn_D
1780981462.0612948,-0.757,-0.168,0.716,-3.817,5.183,-4.16,-0.643,-0.33,0.639,-7.45,1.985,-2.145,-0.245,-0.38,0.917,-0.527,1.305,1.87,-0.217,-0.383,0.954,1.924,11.603,1.649,0.091,-0.344,0.814,7.893,-9.061,1.023,btn_D
1780981462.161905,-0.777,-0.161,0.641,-4.092,1.382,-1.786,-0.657,-0.323,0.628,-6.824,0.618,-0.756,-0.251,-0.375,0.92,-0.336,0.84,0.382,-0.199,-0.374,0.967,1.405,6.656,-0.74,0.105,-0.344,0.81,-5.496,6.038,-0.26,btn_D
1780981462.263293,-0.777,-0.14,0.635,1.183,0.458,0.511,-0.655,-0.317,0.629,-5.779,0.763,-0.183,-0.25,-0.367,0.916,-0.527,1.16,0.985,-0.21,-0.368,0.967,1.328,8.603,-0.076,0.104,-0.333,0.803,-1.534,2.824,0.595,btn_D
1780981462.3580613,-0.793,-0.151,0.634,-2.115,2.145,-1.176,-0.659,-0.32,0.622,-6.656,0.267,-0.382,-0.255,-0.37,0.911,-1.0,-0.863,0.191,-0.207,-0.366,0.968,0.725,7.893,0.214,0.114,-0.338,0.806,-0.832,1.885,1.023,btn_D
1780981462.4612648,-0.783,-0.153,0.641,1.611,2.626,1.473,-0.654,-0.325,0.618,-5.672,1.252,1.122,-0.262,-0.371,0.917,1.443,2.076,0.992,-0.217,-0.365,0.967,2.26,7.336,-0.847,0.112,-0.333,0.797,-2.664,3.29,0.176,btn_D
1780981462.564174,-0.786,-0.15,0.643,-0.939,1.252,-1.008,-0.656,-0.323,0.625,-6.374,0.695,-0.107,-0.252,-0.378,0.918,0.771,0.229,0.328,-0.208,-0.37,0.97,2.26,6.359,-0.267,0.11,-0.349,0.811,1.466,1.672,-0.359,btn_D
1780981462.6771302,-0.779,-0.158,0.644,0.435,1.687,0.443,-0.66,-0.329,0.624,-5.718,0.809,0.794,-0.256,-0.372,0.915,0.969,1.107,1.099,-0.215,-0.371,0.972,3.122,7.443,0.16,0.103,-0.342,0.81,0.695,3.015,-0.756,btn_D
1780981462.7788272,-0.788,-0.148,0.635,-2.069,0.214,-1.443,-0.655,-0.32,0.622,-6.366,0.458,-0.45,-0.258,-0.375,0.913,-0.969,-1.29,-0.305,-0.208,-0.372,0.974,0.969,6.176,-0.58,0.108,-0.349,0.806,-0.588,1.58,0.443,btn_D
1780981462.8728578,-0.784,-0.149,0.639,-1.763,-0.435,-1.084,-0.658,-0.323,0.621,-6.557,0.298,-0.252,-0.256,-0.38,0.914,0.389,1.305,0.321,-0.213,-0.382,0.958,2.885,7.221,0.565,0.103,-0.349,0.821,3.076,1.786,-1.298,btn_D
1780981462.9758356,-0.772,-0.152,0.635,-1.328,0.794,-0.107,-0.661,-0.326,0.621,-6.427,0.183,-0.656,-0.257,-0.37,0.916,0.023,-1.115,0.183,-0.209,-0.37,0.972,1.29,6.313,-0.58,0.106,-0.335,0.809,-0.344,0.939,0.42,btn_D
1780981465.6540473,-0.783,-0.147,0.633,-1.191,1.069,-1.252,-0.658,-0.32,0.63,-6.183,0.878,-0.137,-0.258,-0.367,0.919,-1.382,0.481,0.45,-0.217,-0.373,0.963,0.947,8.015,0.031,0.104,-0.343,0.805,-1.084,2.863,0.29,btn_D
1780981465.7570434,-0.781,-0.146,0.635,-1.237,1.015,0.008,-0.66,-0.324,0.63,-6.435,0.687,-0.084,-0.262,-0.374,0.916,-0.756,0.748,0.29,-0.215,-0.37,0.964,1.565,7.26,-0.282,0.106,-0.338,0.813,-0.099,2.061,0.198,btn_D
1780981465.8598056,-0.79,-0.147,0.635,-0.275,0.87,0.221,-0.66,-0.325,0.623,-6.473,0.618,-0.076,-0.262,-0.371,0.915,0.237,-0.603,0.282,-0.215,-0.37,0.97,1.611,6.672,-0.527,0.104,-0.345,0.825,-0.74,2.542,-0.29,btn_D
1780981465.9629812,-0.785,-0.148,0.634,-0.771,1.321,-1.237,-0.657,-0.321,0.625,-6.137,0.679,-0.496,-0.266,-0.371,0.915,0.26,-0.13,0.038,-0.215,-0.375,0.964,1.855,6.771,-0.244,0.104,-0.344,0.804,-0.405,1.786,-0.389,btn_D
1780981466.0666711,-0.782,-0.142,0.64,-0.71,0.679,-0.557,-0.657,-0.327,0.625,-6.122,0.954,-0.71,-0.258,-0.375,0.916,-0.519,-0.16,-0.206,-0.215,-0.373,0.962,1.244,7.191,-0.756,0.117,-0.348,0.81,-0.626,2.656,0.252,btn_D
1780981466.1693332,-1.64,-0.559,0.724,162.275,-127.809,144.779,-0.778,-0.336,0.647,-12.366,-41.13,-28.282,-0.302,-0.365,0.903,5.038,-23.603,-8.824,-0.269,-0.359,0.907,10.099,-39.489,-11.29,0.13,-0.368,0.852,-6.229,-31.397,-4.779,btn_D
1780981466.2722564,-0.667,0.12,0.661,0.221,-10.992,15.626,-0.655,-0.356,0.62,-4.137,-9.878,-4.756,-0.236,-0.365,0.919,-0.374,-6.145,-2.076,-0.162,-0.376,0.982,3.206,8.542,-0.519,0.114,-0.359,0.804,-5.382,15.076,-1.107,btn_D
1780981466.3752892,-0.693,0.109,0.68,2.076,-2.015,-1.214,-0.612,-0.341,0.657,-5.863,0.282,-0.107,-0.24,-0.373,0.922,-0.527,2.626,0.527,-0.189,-0.376,0.974,1.427,9.817,0.504,0.122,-0.351,0.798,2.13,2.702,0.748,btn_D
1780981466.478094,-0.67,0.085,0.713,-5.481,7.702,-3.718,-0.615,-0.343,0.659,-7.244,1.885,0.511,-0.239,-0.376,0.917,-0.725,-0.122,0.237,-0.183,-0.376,0.975,1.397,8.588,1.061,0.111,-0.348,0.804,0.802,0.855,0.076,btn_D
1780981466.5944207,-0.657,0.099,0.705,-3.557,1.191,-1.878,-0.584,-0.331,0.642,-7.901,2.557,-1.252,-0.25,-0.371,0.931,0.351,0.626,0.901,-0.18,-0.372,0.973,1.893,11.305,0.366,0.123,-0.357,0.806,2.794,6.405,0.855,btn_D
1780981466.6954947,-0.732,-0.209,0.241,-140.115,131.824,-161.84,-0.604,-0.359,0.633,0.244,53.214,27.137,-0.248,-0.373,0.92,-6.634,6.351,1.42,-0.205,-0.376,0.967,-1.855,23.29,1.802,0.091,-0.326,0.8,8.298,16.282,2.267,btn_D
1780981466.7964847,-0.767,-0.19,0.692,-0.664,7.29,-1.008,-0.656,-0.332,0.628,-6.214,2.565,-0.176,-0.25,-0.377,0.925,2.603,0.748,1.267,-0.214,-0.376,0.96,2.824,7.863,0.626,0.104,-0.34,0.803,7.496,-10.023,1.427,btn_D
1780981466.8902574,-0.787,-0.146,0.63,-2.878,-2.71,-2.198,-0.662,-0.325,0.629,-6.0,-0.153,-0.45,-0.249,-0.376,0.918,-0.168,-0.405,-0.053,-0.198,-0.377,0.967,1.588,7.924,-0.313,0.108,-0.351,0.82,-1.183,4.397,0.069,btn_D
1780981466.9933963,-0.792,-0.162,0.625,-5.664,1.244,0.496,-0.658,-0.328,0.627,-6.672,-0.031,0.198,-0.258,-0.373,0.913,-0.786,0.176,-0.42,-0.202,-0.376,0.962,0.336,6.015,-0.824,0.11,-0.342,0.811,-2.618,3.824,0.16,btn_D
1780981467.1119158,-0.784,-0.155,0.632,-2.282,0.534,-0.641,-0.659,-0.329,0.618,-6.298,0.511,0.061,-0.26,-0.371,0.917,-0.504,0.588,0.099,-0.219,-0.374,0.962,2.0,7.58,-0.58,0.1,-0.327,0.811,-2.26,2.962,0.198,btn_D
1780981467.211627,-0.786,-0.157,0.627,-1.405,1.069,1.29,-0.661,-0.328,0.619,-5.908,0.046,-0.069,-0.26,-0.372,0.916,0.595,-1.527,-0.008,-0.208,-0.376,0.962,2.489,5.969,-0.634,0.117,-0.345,0.799,0.298,1.947,0.267,btn_D
1780981467.3169503,-0.782,-0.152,0.64,-2.962,1.45,-0.344,-0.658,-0.327,0.623,-6.74,0.588,-0.237,-0.264,-0.371,0.9,0.443,0.45,0.557,-0.22,-0.37,0.968,1.496,7.359,-0.878,0.103,-0.341,0.808,-0.29,2.153,0.328,btn_D
1780981467.4055521,-0.785,-0.156,0.632,-1.87,2.145,0.389,-0.659,-0.332,0.621,-6.374,0.58,-0.748,-0.262,-0.375,0.919,-0.42,0.046,0.374,-0.214,-0.37,0.97,0.84,7.191,0.191,0.106,-0.335,0.802,-1.473,2.015,0.145,btn_D
1780981467.508583,-0.787,-0.152,0.632,-0.924,2.519,0.038,-0.658,-0.323,0.621,-5.992,0.489,0.023,-0.263,-0.368,0.92,-0.16,0.008,0.359,-0.214,-0.37,0.973,0.947,6.931,-0.87,0.109,-0.348,0.813,-2.466,2.351,0.397,btn_D
1780981467.6115792,-0.783,-0.152,0.634,-1.588,1.427,-0.962,-0.661,-0.323,0.635,-6.053,0.626,-0.046,-0.255,-0.369,0.917,-0.565,0.107,0.45,-0.213,-0.368,0.965,1.122,7.405,-0.58,0.099,-0.342,0.813,-0.588,2.618,0.191,btn_D
1780981470.2897604,-0.798,-0.154,0.624,-1.664,1.924,-1.153,-0.661,-0.325,0.632,-6.595,0.55,-0.435,-0.269,-0.379,0.917,-0.519,-0.328,0.351,-0.227,-0.378,0.957,1.557,7.733,0.176,0.103,-0.35,0.813,-0.267,2.55,-0.191,btn_D
1780981470.3924472,-0.795,-0.152,0.611,-0.718,1.992,-0.885,-0.663,-0.325,0.622,-6.252,0.55,0.0,-0.271,-0.377,0.911,-0.466,0.29,0.023,-0.225,-0.376,0.963,1.145,7.55,-0.229,0.095,-0.349,0.808,-0.412,2.298,0.0,btn_D
1780981470.495782,-0.797,-0.15,0.621,-1.725,1.763,-0.969,-0.66,-0.328,0.615,-6.809,0.687,-0.496,-0.275,-0.38,0.912,-0.42,0.969,0.527,-0.226,-0.377,0.968,1.069,7.931,-0.137,0.097,-0.345,0.809,0.115,2.702,0.115,btn_D
1780981470.6117911,-0.795,-0.147,0.622,-1.573,1.702,-1.344,-0.662,-0.323,0.62,-6.718,0.679,-0.954,-0.27,-0.376,0.903,-0.763,0.595,0.595,-0.229,-0.378,0.96,1.519,6.901,-0.71,0.095,-0.342,0.814,-1.137,2.74,0.176,btn_D
1780981470.7018414,-0.794,-0.153,0.615,-1.031,1.519,-0.458,-0.664,-0.327,0.619,-6.786,0.687,-0.275,-0.273,-0.376,0.915,-0.611,-0.153,0.58,-0.227,-0.377,0.961,1.16,7.168,-0.031,0.097,-0.348,0.809,-0.733,2.74,0.412,btn_D
1780981470.8046372,-0.793,-0.151,0.613,-0.954,1.076,-0.527,-0.666,-0.328,0.624,-6.473,0.916,-0.42,-0.273,-0.38,0.905,-0.756,0.321,0.466,-0.231,-0.379,0.959,1.511,6.931,-0.573,0.099,-0.344,0.809,-0.977,2.145,-1.046,btn_D
1780981470.9086158,-0.801,-0.152,0.618,-1.313,1.87,-1.496,-0.665,-0.325,0.617,-6.466,0.817,-0.939,-0.273,-0.378,0.911,-0.611,0.061,-0.023,-0.229,-0.378,0.961,1.534,6.687,-0.527,0.096,-0.347,0.809,-0.794,2.366,-0.527,btn_D
1780981471.0103984,-2.0,-0.897,1.989,177.618,-158.351,13.015,-0.792,-0.317,0.577,-16.817,-41.786,-22.42,-0.308,-0.386,0.894,2.718,-11.351,-5.84,-0.196,-0.323,0.936,-9.351,-2.855,-10.221,0.068,-0.368,0.844,-16.107,-31.84,-10.74,btn_D
1780981471.1136255,-0.707,0.037,0.812,7.962,-4.13,18.931,-0.631,-0.351,0.665,-3.244,-0.214,-1.718,-0.27,-0.374,0.896,-0.031,1.71,-1.687,-0.188,-0.364,0.977,5.321,0.092,-1.863,0.118,-0.341,0.816,-8.069,8.107,-2.038,btn_D
1780981471.2270906,-0.731,0.114,0.729,6.031,-2.802,6.458,-0.611,-0.337,0.656,-4.351,0.664,-0.656,-0.259,-0.367,0.92,-0.519,-0.969,-0.84,-0.184,-0.377,0.977,1.214,5.916,-0.229,0.111,-0.344,0.803,1.069,2.748,0.359,btn_D
1780981471.320021,-0.701,0.12,0.729,-4.298,3.214,-1.382,-0.613,-0.337,0.67,-6.298,0.237,0.023,-0.246,-0.373,0.921,-0.962,0.053,0.916,-0.191,-0.375,0.974,0.985,7.985,0.496,0.109,-0.354,0.804,-1.336,1.26,0.237,btn_D
1780981471.4282537,-0.457,0.246,0.524,-39.58,35.344,-10.573,-0.557,-0.315,0.647,-15.458,8.489,3.427,-0.24,-0.38,0.926,-5.565,4.672,2.153,-0.21,-0.378,0.965,5.924,20.473,2.985,0.107,-0.353,0.813,7.885,20.122,1.542,btn_D
1780981471.5259824,-1.004,0.131,0.275,73.779,-65.191,-5.702,-0.655,-0.302,0.646,-4.641,6.29,-3.84,-0.251,-0.358,0.925,4.908,-7.344,-2.595,-0.193,-0.38,0.985,0.649,-1.481,-2.137,0.095,-0.336,0.793,-0.55,-13.282,0.809,btn_D
1780981471.642404,-0.764,-0.147,0.641,-8.603,-3.649,-5.344,-0.65,-0.317,0.635,-8.092,2.053,-1.267,-0.258,-0.37,0.914,-0.969,-1.466,-0.634,-0.222,-0.373,0.972,1.008,9.519,-0.71,0.102,-0.338,0.812,-4.962,8.237,-0.397,btn_D
1780981471.7440004,-0.793,-0.139,0.635,-1.305,4.168,-0.565,-0.654,-0.321,0.636,-6.824,0.939,0.351,-0.266,-0.375,0.912,0.221,2.023,1.13,-0.224,-0.378,0.972,2.076,8.565,0.794,0.092,-0.337,0.814,-0.542,1.099,0.458,btn_D
1780981471.8429773,-0.791,-0.138,0.625,-0.573,2.794,-0.809,-0.659,-0.32,0.628,-6.672,1.588,-0.107,-0.263,-0.371,0.912,-0.458,1.473,0.443,-0.216,-0.378,0.964,1.023,8.794,0.023,0.105,-0.346,0.809,-0.107,2.702,0.344,btn_D
1780981471.9376507,-0.787,-0.145,0.638,-1.214,1.527,-0.656,-0.655,-0.321,0.627,-6.321,1.527,0.244,-0.267,-0.379,0.917,-0.252,0.168,0.023,-0.219,-0.376,0.968,1.908,7.336,-0.122,0.107,-0.344,0.804,0.168,2.214,-0.076,btn_D
1780981472.040536,-0.791,-0.145,0.632,-1.573,0.969,-1.656,-0.658,-0.326,0.622,-6.412,0.847,-0.099,-0.263,-0.379,0.907,-0.443,-0.71,-0.282,-0.219,-0.38,0.961,1.389,6.641,-0.595,0.101,-0.345,0.81,-0.282,1.824,-0.053,btn_D
1780981472.1518788,-0.791,-0.147,0.634,-1.649,1.206,-1.382,-0.658,-0.323,0.627,-6.84,0.733,-0.618,-0.268,-0.379,0.914,-1.015,-0.298,-0.573,-0.222,-0.377,0.965,1.359,6.847,-0.412,0.1,-0.337,0.813,-0.511,2.099,-0.046,btn_D
1780981472.2611206,-0.795,-0.145,0.627,-2.023,1.282,-1.328,-0.658,-0.319,0.621,-6.573,1.115,-0.023,-0.26,-0.38,0.906,-0.267,0.328,-0.053,-0.218,-0.377,0.964,1.58,7.443,0.13,0.102,-0.344,0.815,-0.13,2.786,0.29,btn_D
1780981474.9442358,-0.79,-0.145,0.624,-0.771,0.733,-0.206,-0.664,-0.324,0.619,-6.412,0.733,-0.511,-0.267,-0.38,0.917,-0.298,-0.374,-0.046,-0.222,-0.381,0.957,1.16,7.313,-0.763,0.1,-0.35,0.81,-0.679,2.008,-0.053,btn_D
1780981475.0271862,-0.794,-0.147,0.624,-0.542,0.534,-0.763,-0.667,-0.324,0.616,-6.427,0.565,-0.702,-0.267,-0.376,0.908,-0.412,-0.244,-0.679,-0.225,-0.381,0.962,2.084,6.695,-0.656,0.103,-0.344,0.802,0.076,1.786,-0.427,btn_D
1780981475.1307096,-0.789,-0.148,0.631,-0.74,1.16,-0.534,-0.665,-0.324,0.624,-6.412,0.588,-0.557,-0.27,-0.376,0.911,-0.107,0.053,-0.427,-0.226,-0.377,0.963,2.237,6.557,-0.237,0.106,-0.346,0.804,0.405,2.206,-0.366,btn_D
1780981475.233869,-0.794,-0.145,0.623,-0.443,1.26,-0.122,-0.666,-0.32,0.621,-6.359,1.16,-0.321,-0.271,-0.379,0.909,-0.023,-0.527,-0.099,-0.229,-0.382,0.964,1.427,6.718,-0.397,0.105,-0.343,0.808,-1.008,2.076,-0.107,btn_D
1780981475.342227,-0.789,-0.145,0.625,-0.466,1.183,-0.565,-0.664,-0.32,0.616,-6.336,0.977,-0.061,-0.269,-0.383,0.911,-0.443,0.786,-0.137,-0.223,-0.377,0.965,1.847,6.977,-0.321,0.102,-0.346,0.803,-0.504,2.099,-0.191,btn_D
1780981475.4442663,-0.791,-0.148,0.628,-1.344,1.252,-0.954,-0.665,-0.325,0.62,-6.16,1.023,-0.031,-0.267,-0.377,0.906,-0.298,-0.527,-0.427,-0.221,-0.376,0.963,1.504,6.87,-0.237,0.099,-0.343,0.81,-0.382,2.641,0.206,btn_D
1780981475.5425048,-0.893,-0.088,-0.023,155.458,-96.397,131.183,-0.601,-0.365,0.631,-9.725,-24.076,-15.931,-0.246,-0.393,0.912,7.878,-11.351,-4.695,-0.264,-0.33,0.901,-0.962,-12.473,-2.397,0.11,-0.352,0.802,6.855,-6.015,0.832,btn_D
1780981475.6583889,-0.671,0.035,0.81,14.015,-7.198,16.733,-0.639,-0.344,0.663,-7.397,-3.863,-1.939,-0.269,-0.373,0.903,0.519,1.527,-0.13,-0.226,-0.375,0.956,1.748,0.672,-1.405,0.106,-0.353,0.806,-0.55,-3.176,-0.634,btn_D
1780981475.75914,-0.73,0.085,0.767,0.45,0.641,1.824,-0.626,-0.344,0.65,-6.527,-0.618,-0.939,-0.252,-0.375,0.906,0.901,-0.221,-0.092,-0.197,-0.377,0.975,0.771,4.931,-1.023,0.118,-0.351,0.801,-3.992,2.008,-0.252,btn_D
1780981475.851814,-0.697,0.1,0.763,3.107,-4.206,3.405,-0.618,-0.333,0.657,-5.45,-2.718,-1.557,-0.254,-0.375,0.917,0.168,-1.748,0.122,-0.192,-0.369,0.97,1.832,9.763,-0.359,0.114,-0.353,0.81,-0.672,3.878,0.176,btn_D
1780981475.9559379,-0.686,0.138,0.706,0.198,1.069,-2.244,-0.61,-0.336,0.656,-6.153,0.366,-0.878,-0.248,-0.373,0.922,-0.626,-0.641,0.298,-0.189,-0.378,0.971,1.344,8.389,0.473,0.111,-0.353,0.808,-0.55,2.695,0.115,btn_D
1780981476.0643651,-0.4,0.236,0.411,-60.092,50.611,-27.061,-0.558,-0.327,0.651,-17.092,15.794,6.863,-0.246,-0.375,0.921,-6.0,7.443,1.466,-0.179,-0.392,0.978,-0.618,20.069,-0.275,0.107,-0.346,0.806,6.824,13.992,0.817,btn_D
1780981476.1625798,-0.737,-0.258,0.861,72.328,84.969,20.977,-0.659,-0.325,0.627,-9.061,-3.603,-4.458,-0.217,-0.407,0.94,2.244,-8.061,-1.107,-0.21,-0.392,0.959,1.206,14.336,-1.084,0.125,-0.334,0.774,1.069,6.458,0.305,btn_D
1780981476.274371,-0.763,-0.155,0.646,-3.908,-1.534,-1.29,-0.663,-0.322,0.632,-6.817,1.786,0.824,-0.256,-0.375,0.915,-1.885,2.412,0.427,-0.214,-0.379,0.969,1.519,7.962,0.145,0.102,-0.348,0.815,3.145,-3.198,0.832,btn_D
1780981476.3668673,-0.79,-0.147,0.631,-3.008,0.191,-0.435,-0.658,-0.327,0.619,-6.26,0.733,0.542,-0.258,-0.376,0.914,-0.076,0.481,0.924,-0.21,-0.381,0.958,1.916,7.489,-0.763,0.106,-0.336,0.804,-2.382,3.0,0.053,btn_D
1780981476.4697988,-0.796,-0.147,0.629,-2.412,1.916,-1.359,-0.659,-0.327,0.612,-5.641,0.679,0.229,-0.257,-0.382,0.908,0.145,1.092,1.0,-0.215,-0.377,0.965,2.015,8.13,-0.382,0.104,-0.339,0.809,-0.092,1.924,0.069,btn_D
1780981476.572784,-0.791,-0.147,0.629,-1.084,1.427,-0.702,-0.662,-0.325,0.624,-6.252,0.802,-0.252,-0.256,-0.38,0.909,-0.595,0.244,0.275,-0.219,-0.382,0.966,1.611,6.679,-0.42,0.104,-0.345,0.811,-0.023,1.061,-0.267,btn_D
1780981476.6759195,-0.793,-0.144,0.619,-1.542,1.29,-1.748,-0.66,-0.321,0.613,-6.153,0.45,-1.084,-0.257,-0.383,0.913,-0.382,0.137,0.191,-0.21,-0.38,0.963,1.237,7.359,-0.168,0.104,-0.35,0.811,-0.679,2.206,0.565,btn_D
1780981476.795171,-0.788,-0.146,0.628,-0.878,2.809,-0.099,-0.663,-0.319,0.616,-6.443,0.718,-0.458,-0.265,-0.377,0.914,-0.122,0.26,0.511,-0.213,-0.376,0.967,1.198,7.977,-0.519,0.104,-0.347,0.813,-0.962,2.779,0.344,btn_D
1780981476.8915477,-0.793,-0.147,0.627,-1.046,1.664,-0.885,-0.657,-0.317,0.614,-6.252,1.382,-0.588,-0.262,-0.379,0.908,-0.695,0.565,0.695,-0.217,-0.381,0.976,0.824,7.16,-0.931,0.105,-0.351,0.801,-1.221,2.107,0.084,btn_D
1780981479.5596423,-0.794,-0.153,0.623,-0.931,1.664,-1.13,-0.672,-0.32,0.617,-7.061,0.931,-0.359,-0.265,-0.377,0.913,-0.382,0.328,0.634,-0.224,-0.38,0.965,1.481,6.847,-0.733,0.103,-0.346,0.815,-1.038,2.191,-0.26,btn_D
1780981479.6628466,-0.792,-0.148,0.63,-1.779,1.634,-0.802,-0.667,-0.328,0.619,-6.626,0.939,-0.374,-0.265,-0.382,0.906,-0.542,-0.511,0.237,-0.22,-0.382,0.959,1.511,6.985,-0.824,0.1,-0.349,0.81,-0.802,2.374,0.031,btn_D
1780981479.77563,-0.792,-0.151,0.628,-0.901,1.74,-1.099,-0.667,-0.325,0.624,-6.344,0.87,0.069,-0.266,-0.384,0.908,-0.191,0.351,0.336,-0.218,-0.382,0.957,1.412,6.779,-0.26,0.096,-0.346,0.805,-0.557,2.237,-0.008,btn_D
1780981479.8746946,-0.796,-0.151,0.621,-1.878,2.756,0.122,-0.668,-0.324,0.611,-6.328,0.321,-0.099,-0.263,-0.384,0.905,-0.664,0.183,0.45,-0.223,-0.383,0.962,1.397,7.977,-0.565,0.105,-0.345,0.808,-0.176,2.29,0.092,btn_D
1780981479.9727576,-0.782,-0.144,0.611,-0.687,2.145,-0.962,-0.667,-0.326,0.621,-6.382,0.939,-0.389,-0.264,-0.38,0.911,-0.595,0.053,0.046,-0.226,-0.383,0.963,1.687,7.695,-0.618,0.104,-0.35,0.806,-0.038,2.176,-0.107,btn_D
1780981480.0750349,-0.798,-0.152,0.625,2.145,1.389,-0.748,-0.667,-0.322,0.611,-6.023,0.695,-1.229,-0.265,-0.383,0.911,-0.397,-0.496,-0.061,-0.225,-0.381,0.959,1.618,6.435,-0.389,0.103,-0.339,0.807,-0.328,2.069,-0.015,btn_D
1780981480.1780028,-0.787,-0.151,0.64,-1.595,3.13,0.374,-0.671,-0.324,0.607,-7.069,1.336,-0.076,-0.252,-0.385,0.915,-0.45,4.389,2.344,-0.224,-0.376,0.962,1.389,13.634,0.198,0.116,-0.33,0.779,-1.153,8.824,1.595,btn_D
1780981480.2911158,-0.467,0.074,0.609,73.702,-63.863,77.176,-0.475,-0.322,0.672,-2.176,-6.023,-9.924,-0.227,-0.373,0.901,4.71,20.649,1.649,-0.196,-0.37,0.98,2.489,2.947,0.58,0.109,-0.369,0.804,-2.45,2.481,-2.137,btn_D
1780981480.3897192,-0.635,0.157,0.736,16.137,-10.824,13.74,-0.588,-0.32,0.65,-3.107,-5.489,-1.985,-0.249,-0.365,0.926,1.031,-3.122,-0.427,-0.174,-0.375,0.98,0.779,5.817,0.137,0.13,-0.361,0.793,-3.176,5.924,0.344,btn_D
1780981480.4913208,-0.662,0.14,0.779,0.145,1.649,-1.847,-0.6,-0.339,0.671,-6.084,3.855,-0.298,-0.239,-0.365,0.928,-0.489,1.099,-0.168,-0.172,-0.371,0.979,0.71,7.809,0.511,0.13,-0.355,0.794,1.359,1.305,2.115,btn_D
1780981480.5904384,-0.643,0.166,0.73,-10.267,9.603,-3.565,-0.61,-0.348,0.687,-6.321,7.374,0.588,-0.265,-0.367,0.919,-2.58,0.679,-0.092,-0.187,-0.377,0.979,2.061,8.038,-0.42,0.126,-0.364,0.807,4.229,4.87,0.802,btn_D
1780981480.693437,-0.24,-0.303,0.47,-167.0,75.939,-190.519,-0.647,-0.321,0.65,-1.939,47.855,26.779,-0.236,-0.378,0.928,-4.595,3.0,-0.527,-0.187,-0.375,0.974,1.321,14.405,-0.084,0.126,-0.361,0.813,9.435,22.214,2.74,btn_D
1780981480.805729,-0.76,-0.177,0.687,-1.183,12.679,-1.076,-0.642,-0.327,0.633,-7.168,1.542,-0.573,-0.273,-0.38,0.901,0.649,4.733,1.031,-0.223,-0.369,0.96,1.901,10.237,0.702,0.095,-0.349,0.811,2.656,-8.687,1.122,btn_D
1780981480.9054725,-0.799,-0.144,0.631,-2.328,-1.267,-1.634,-0.661,-0.328,0.622,-6.038,0.763,-1.0,-0.259,-0.377,0.921,-0.031,-1.435,-0.321,-0.208,-0.38,0.963,1.702,6.573,-0.664,0.107,-0.344,0.804,-2.031,4.031,0.244,btn_D
1780981481.0090373,-0.785,-0.138,0.631,-1.221,2.802,-1.183,-0.66,-0.321,0.615,-6.458,1.206,-0.45,-0.261,-0.379,0.906,-0.366,1.198,0.618,-0.22,-0.378,0.96,1.153,8.191,0.153,0.099,-0.344,0.809,-1.015,2.191,0.305,btn_D
1780981481.1049774,-0.791,-0.145,0.633,-1.046,2.496,-0.611,-0.665,-0.328,0.618,-6.29,0.794,-0.481,-0.263,-0.38,0.902,-0.397,0.565,0.115,-0.214,-0.376,0.965,1.695,6.534,-0.13,0.105,-0.349,0.812,-0.603,1.916,0.153,btn_D
1780981481.2079968,-0.789,-0.142,0.633,-0.588,0.893,-0.672,-0.664,-0.328,0.62,-6.412,0.634,-0.496,-0.264,-0.379,0.914,0.031,0.267,0.267,-0.214,-0.379,0.961,1.916,7.802,-0.061,0.102,-0.34,0.81,-0.573,2.13,0.115,btn_D
1780981481.3232338,-0.783,-0.14,0.629,-1.954,0.679,-0.725,-0.66,-0.323,0.616,-6.824,0.809,-0.954,-0.257,-0.376,0.908,-0.496,0.412,0.046,-0.216,-0.379,0.968,0.947,7.832,-0.656,0.105,-0.346,0.817,-1.458,2.244,0.183,btn_D
1780981481.426517,-0.788,-0.144,0.632,-1.427,1.824,-1.229,-0.664,-0.327,0.62,-6.809,0.779,-0.634,-0.259,-0.379,0.917,-0.496,-0.198,-0.351,-0.215,-0.38,0.952,1.313,6.893,-0.802,0.111,-0.345,0.811,-0.733,1.634,-0.16,btn_D
1780981481.5257246,-0.787,-0.15,0.638,-1.687,0.786,-1.069,-0.663,-0.325,0.615,-6.107,1.008,-0.618,-0.262,-0.378,0.917,-0.458,0.183,0.038,-0.215,-0.377,0.969,1.321,7.099,-0.038,0.104,-0.34,0.809,-0.809,2.061,0.015,btn_D
1780981484.1947155,-0.786,-0.153,0.629,-1.802,0.863,-1.176,-0.666,-0.329,0.615,-6.878,0.977,-0.427,-0.265,-0.381,0.904,-0.656,-0.214,0.229,-0.221,-0.374,0.959,1.557,6.366,-0.58,0.1,-0.347,0.809,-0.718,2.122,0.153,btn_D
1780981484.2977352,-0.792,-0.15,0.632,-0.672,1.427,-0.397,-0.665,-0.323,0.62,-6.053,0.786,-1.313,-0.262,-0.377,0.912,-0.847,0.458,-0.198,-0.22,-0.376,0.959,1.26,7.344,-0.435,0.101,-0.35,0.805,-0.443,2.58,0.382,btn_D
1780981484.407847,-0.789,-0.149,0.624,-0.71,2.145,-0.206,-0.666,-0.326,0.618,-6.466,0.55,-0.931,-0.266,-0.381,0.908,-0.351,0.038,-0.053,-0.223,-0.377,0.956,1.725,6.672,-1.214,0.101,-0.35,0.809,-0.641,2.046,0.168,btn_D
1780981484.504709,-0.787,-0.151,0.627,-0.924,1.267,-0.802,-0.668,-0.326,0.612,-6.595,0.771,-0.71,-0.26,-0.378,0.907,-0.046,-0.374,0.427,-0.22,-0.381,0.962,1.58,6.817,-0.153,0.102,-0.344,0.811,-0.756,2.725,-0.176,btn_D
1780981484.608272,-0.788,-0.151,0.63,-1.489,1.168,-1.389,-0.667,-0.323,0.623,-6.779,0.519,-0.412,-0.264,-0.381,0.912,-0.534,-0.008,-0.053,-0.223,-0.379,0.955,1.725,7.023,-0.695,0.099,-0.348,0.81,-0.336,1.916,-0.13,btn_D
1780981484.714562,-0.79,-0.149,0.631,-0.802,0.962,-0.725,-0.668,-0.324,0.622,-6.084,0.855,0.145,-0.264,-0.381,0.915,-0.023,0.061,0.389,-0.221,-0.376,0.957,1.679,6.641,-0.756,0.111,-0.349,0.813,-0.069,2.298,-0.153,btn_D
1780981484.824256,-0.785,-0.148,0.628,-0.901,1.489,-0.435,-0.667,-0.325,0.614,-6.313,0.847,0.504,-0.263,-0.379,0.91,-0.519,-0.374,0.687,-0.22,-0.375,0.962,1.504,7.092,-0.45,0.103,-0.341,0.812,-0.565,2.145,-0.267,btn_D
1780981484.9240909,-1.075,-0.304,1.033,-43.939,4.168,2.427,-0.733,-0.32,0.608,-12.985,-7.282,-6.374,-0.273,-0.388,0.922,1.13,3.977,1.977,-0.258,-0.384,0.958,-2.473,-1.588,-1.481,0.064,-0.32,0.747,-15.573,-2.214,-7.321,btn_D
1780981485.019036,-0.636,0.226,0.451,29.893,-37.099,41.069,-0.596,-0.323,0.637,1.267,-11.779,-7.008,-0.224,-0.375,0.929,0.252,-13.702,-1.527,-0.171,-0.385,0.983,3.802,5.145,-0.855,0.138,-0.34,0.78,-0.947,9.489,-1.313,btn_D
1780981485.125817,-0.624,0.115,0.715,-7.466,4.198,4.046,-0.61,-0.339,0.677,-6.366,0.679,-0.931,-0.246,-0.376,0.924,-1.191,0.672,1.008,-0.192,-0.376,0.964,2.29,11.282,0.466,0.113,-0.349,0.807,3.603,-0.71,1.328,btn_D
1780981485.2254496,-0.696,0.129,0.698,-6.817,7.779,-2.321,-0.62,-0.342,0.653,-6.611,0.107,-0.756,-0.243,-0.377,0.924,-1.74,-1.076,0.878,-0.196,-0.377,0.973,0.992,8.084,0.321,0.116,-0.349,0.809,-3.153,2.344,-0.405,btn_D
1780981485.3406491,-0.661,0.131,0.706,-14.504,12.847,-1.763,-0.604,-0.333,0.657,-7.427,3.725,0.092,-0.236,-0.375,0.916,-1.969,1.71,0.824,-0.197,-0.377,0.969,2.267,11.748,1.168,0.119,-0.352,0.798,2.176,5.015,0.809,btn_D
1780981485.4429517,-0.44,-0.102,0.413,-110.985,78.198,-169.107,-0.629,-0.341,0.633,-1.435,30.58,19.252,-0.254,-0.367,0.907,-4.107,2.672,1.939,-0.191,-0.382,0.972,2.298,15.435,1.779,0.112,-0.359,0.813,8.359,15.145,2.267,btn_D
1780981485.54141,-0.721,-0.136,0.64,-10.023,-0.977,-5.931,-0.66,-0.327,0.627,-7.282,-2.702,-1.053,-0.262,-0.387,0.913,0.359,1.954,1.481,-0.218,-0.375,0.958,2.153,10.779,1.107,0.094,-0.344,0.823,0.603,-2.45,0.015,btn_D
1780981485.6371505,-0.788,-0.144,0.64,-3.45,-0.351,-2.031,-0.67,-0.32,0.62,-6.557,0.55,-0.771,-0.254,-0.377,0.921,-0.359,-0.466,0.115,-0.213,-0.377,0.968,1.16,7.435,-0.74,0.106,-0.341,0.807,-3.611,4.527,-0.198,btn_D
1780981485.740162,-0.783,-0.139,0.641,-0.611,1.374,0.092,-0.666,-0.321,0.613,-6.649,0.519,-0.336,-0.255,-0.376,0.917,-0.176,0.099,0.443,-0.213,-0.375,0.964,1.237,7.412,-0.298,0.105,-0.343,0.808,-0.534,1.802,0.336,btn_D
1780981485.8432581,-0.781,-0.143,0.639,-1.191,2.198,-1.084,-0.667,-0.323,0.619,-6.557,0.557,-0.443,-0.256,-0.379,0.912,-0.305,0.321,0.336,-0.217,-0.378,0.97,1.427,6.618,-0.565,0.106,-0.339,0.811,-0.359,1.427,-0.046,btn_D
1780981485.9574478,-0.778,-0.14,0.642,-1.298,1.58,-1.382,-0.664,-0.323,0.618,-6.634,1.084,-0.26,-0.257,-0.377,0.916,-0.305,0.496,0.046,-0.219,-0.378,0.964,1.031,6.794,-0.504,0.108,-0.341,0.802,-1.267,2.145,0.176,btn_D
1780981486.0563793,-0.781,-0.139,0.64,-0.641,1.42,-0.802,-0.664,-0.323,0.62,-6.366,0.573,0.008,-0.259,-0.372,0.912,0.069,-0.069,-0.153,-0.214,-0.376,0.958,1.435,7.649,-0.489,0.096,-0.342,0.804,-0.802,2.229,0.244,btn_D
1780981486.158893,-0.782,-0.14,0.642,-1.977,0.977,-0.817,-0.664,-0.321,0.622,-6.55,1.145,-0.305,-0.257,-0.382,0.911,-0.969,0.634,0.374,-0.217,-0.38,0.955,1.702,7.71,-0.466,0.1,-0.345,0.813,-0.565,2.573,0.061,btn_D
1780981488.8302855,-0.783,-0.143,0.643,-1.008,1.74,-0.504,-0.666,-0.323,0.616,-6.344,0.55,0.023,-0.261,-0.372,0.912,-0.382,0.573,0.053,-0.219,-0.376,0.971,1.55,7.817,-0.382,0.107,-0.339,0.809,-1.137,3.099,0.168,btn_D
1780981488.933187,-0.782,-0.143,0.637,-1.137,1.634,-1.176,-0.671,-0.322,0.62,-6.595,0.565,-0.221,-0.268,-0.376,0.913,-0.26,-0.084,-0.008,-0.22,-0.378,0.958,1.229,6.542,-0.489,0.107,-0.344,0.812,-0.481,1.748,0.053,btn_D
1780981489.0417652,-0.783,-0.144,0.644,-0.71,0.901,0.252,-0.667,-0.325,0.623,-6.389,0.878,0.42,-0.261,-0.381,0.908,-0.023,0.153,0.298,-0.22,-0.378,0.969,1.519,7.13,-0.038,0.104,-0.342,0.806,-0.458,2.611,0.076,btn_D
1780981489.1419897,-0.78,-0.145,0.643,-1.679,1.771,-1.153,-0.67,-0.323,0.617,-6.87,0.824,-0.115,-0.266,-0.378,0.91,-0.771,0.863,0.191,-0.219,-0.375,0.957,1.198,7.71,-0.58,0.103,-0.348,0.804,-0.71,2.679,0.107,btn_D
1780981489.2426147,-0.783,-0.143,0.64,-1.198,1.595,-0.695,-0.669,-0.324,0.619,-6.87,0.84,-0.412,-0.265,-0.377,0.906,-0.008,-0.176,-0.313,-0.214,-0.376,0.962,1.542,6.977,-0.183,0.105,-0.343,0.807,-0.427,2.565,0.389,btn_D
1780981489.354202,-0.976,0.02,-0.203,200.351,-84.198,207.962,-0.678,-0.381,0.569,-1.046,-40.405,-25.305,-0.217,-0.389,0.925,13.046,-24.29,-5.763,-0.186,-0.374,0.965,1.664,-60.107,-3.786,0.13,-0.354,0.817,3.748,-17.87,-2.038,btn_D
1780981489.4481041,-0.716,0.089,0.747,18.038,-7.481,33.687,-0.609,-0.327,0.635,-2.359,-3.473,-3.969,-0.252,-0.359,0.908,-1.733,-4.649,-1.786,-0.192,-0.362,0.97,2.099,2.519,-1.099,0.118,-0.363,0.805,1.656,-2.153,-0.382,btn_D
1780981489.5579987,-0.646,0.144,0.688,-10.244,9.298,3.344,-0.631,-0.354,0.702,-6.756,2.389,-1.046,-0.261,-0.378,0.926,0.084,1.718,1.023,-0.203,-0.375,0.97,1.939,7.847,-0.412,0.122,-0.344,0.799,-2.786,0.489,-0.344,btn_D
1780981489.6591306,-0.703,0.091,0.801,-4.183,1.878,2.267,-0.612,-0.342,0.663,-6.153,-0.061,-1.405,-0.248,-0.373,0.924,-0.641,-0.153,0.481,-0.189,-0.376,0.973,0.893,8.931,-0.435,0.119,-0.357,0.81,-3.191,2.992,0.084,btn_D
1780981489.7575867,-0.701,0.097,0.797,0.137,3.58,-1.939,-0.619,-0.343,0.66,-6.87,2.809,-0.496,-0.244,-0.372,0.922,-1.015,0.863,-0.55,-0.198,-0.373,0.977,0.29,4.702,-0.29,0.115,-0.354,0.802,-0.527,1.038,0.282,btn_D
1780981489.860871,-0.508,0.221,0.542,-32.641,34.0,-28.618,-0.564,-0.323,0.657,-14.015,12.046,3.855,-0.246,-0.378,0.925,-4.901,1.26,-0.87,-0.185,-0.368,0.961,3.443,17.489,0.748,0.116,-0.345,0.799,9.786,17.924,1.351,btn_D
1780981489.9634209,-1.424,-0.054,0.562,35.183,-60.588,-3.611,-0.67,-0.312,0.605,-4.84,0.58,-3.382,-0.234,-0.372,0.937,4.649,-6.71,-2.168,-0.21,-0.381,0.962,0.298,0.351,-1.214,0.1,-0.33,0.79,0.115,-8.733,0.351,btn_D
1780981490.0734057,-0.775,-0.145,0.641,-8.061,-5.603,-3.649,-0.665,-0.326,0.625,-6.374,0.038,-0.137,-0.256,-0.375,0.914,-0.87,3.427,1.023,-0.214,-0.374,0.961,1.504,11.267,0.802,0.104,-0.341,0.813,-4.473,5.656,0.008,btn_D
1780981490.1692953,-0.786,-0.142,0.635,-2.16,1.626,-1.397,-0.663,-0.325,0.615,-6.443,1.443,0.0,-0.258,-0.378,0.909,-0.252,-0.366,0.214,-0.215,-0.381,0.962,1.328,7.076,-0.55,0.106,-0.342,0.805,-1.588,2.733,-0.038,btn_D
1780981490.272342,-0.789,-0.15,0.636,-1.824,1.443,-1.031,-0.662,-0.327,0.615,-6.489,0.565,-0.191,-0.259,-0.376,0.909,0.13,-0.298,0.748,-0.211,-0.379,0.967,1.763,7.252,0.229,0.108,-0.345,0.813,-0.412,1.786,0.221,btn_D
1780981490.3756206,-0.784,-0.145,0.635,-1.29,1.351,-0.794,-0.661,-0.328,0.622,-6.519,0.45,0.206,-0.262,-0.375,0.914,-0.397,1.42,0.008,-0.216,-0.377,0.963,1.794,7.458,-0.435,0.104,-0.341,0.811,-1.115,2.626,0.099,btn_D
1780981490.4889421,-0.783,-0.147,0.637,-1.611,1.313,-0.458,-0.663,-0.327,0.621,-6.718,0.458,0.008,-0.262,-0.375,0.914,-0.55,0.046,-0.344,-0.218,-0.38,0.966,1.588,7.229,-0.473,0.104,-0.348,0.81,-0.695,2.237,0.244,btn_D
1780981490.5879653,-0.784,-0.146,0.635,-0.855,1.145,-0.977,-0.666,-0.325,0.621,-6.275,0.351,-0.58,-0.262,-0.376,0.909,-0.458,-0.809,0.336,-0.216,-0.377,0.969,1.122,6.87,-0.229,0.108,-0.341,0.811,-0.618,2.206,0.382,btn_D
1780981490.6899934,-0.785,-0.15,0.638,-1.13,1.763,0.328,-0.66,-0.327,0.613,-6.214,0.351,-0.763,-0.26,-0.379,0.914,0.206,0.786,0.695,-0.215,-0.376,0.966,2.221,7.176,0.351,0.102,-0.34,0.806,-0.008,2.244,-0.481,btn_D
1780981490.7878895,-0.788,-0.148,0.634,-2.015,1.122,-0.145,-0.666,-0.325,0.62,-6.466,-0.061,-1.237,-0.266,-0.376,0.913,-0.496,-0.542,0.435,-0.217,-0.375,0.964,0.931,7.618,-0.313,0.101,-0.345,0.815,-0.198,2.344,0.344,btn_D
1780981493.4658687,-0.795,-0.146,0.625,-1.336,1.237,-1.244,-0.667,-0.327,0.613,-6.443,0.893,-0.183,-0.276,-0.379,0.907,-0.412,-0.198,0.397,-0.227,-0.38,0.963,1.046,7.168,-0.947,0.103,-0.352,0.807,-0.664,2.275,-0.061,btn_D
1780981493.5685773,-0.794,-0.147,0.628,-0.863,1.511,-0.573,-0.667,-0.325,0.613,-6.328,0.504,-0.878,-0.271,-0.38,0.911,-0.328,-0.366,-0.031,-0.226,-0.382,0.963,1.26,6.466,-0.687,0.097,-0.345,0.804,-1.099,1.718,-0.122,btn_D
1780981493.6719007,-0.794,-0.147,0.625,-0.168,0.809,-1.527,-0.669,-0.328,0.615,-6.344,0.328,-0.924,-0.272,-0.376,0.907,-0.336,-0.008,0.275,-0.228,-0.382,0.963,1.695,6.687,-0.542,0.105,-0.338,0.803,-0.588,2.183,0.168,btn_D
1780981493.7745435,-0.788,-0.147,0.633,-0.748,1.26,-0.832,-0.664,-0.324,0.619,-6.084,0.267,-0.511,-0.277,-0.377,0.908,-0.16,-0.313,0.771,-0.227,-0.382,0.958,1.481,7.092,-0.534,0.108,-0.342,0.812,-0.985,2.412,-0.015,btn_D
1780981493.8775115,-0.794,-0.142,0.629,-1.13,1.748,-0.954,-0.667,-0.321,0.607,-6.985,0.84,-0.618,-0.269,-0.379,0.909,-0.565,0.695,-0.031,-0.227,-0.381,0.966,1.649,7.069,-0.481,0.099,-0.347,0.811,-0.42,3.374,-0.29,btn_D
1780981493.9910583,-0.79,-0.151,0.626,-1.076,1.405,-0.412,-0.664,-0.327,0.618,-6.656,0.603,-0.55,-0.278,-0.371,0.91,-0.458,0.023,0.534,-0.229,-0.382,0.959,1.191,6.725,-0.557,0.1,-0.343,0.806,-0.679,2.305,-0.198,btn_D
1780981494.0840955,-0.791,-0.145,0.63,-0.71,1.107,-0.855,-0.667,-0.329,0.616,-6.351,0.603,-0.053,-0.269,-0.375,0.913,-0.305,-0.153,0.298,-0.225,-0.383,0.966,1.351,7.542,0.221,0.096,-0.342,0.806,0.031,3.282,-0.031,btn_D
1780981494.1890364,0.481,-0.154,0.529,140.695,-37.611,111.496,-0.59,-0.365,0.601,-13.611,-73.244,-8.511,-0.265,-0.354,0.896,-6.817,-29.046,-5.038,-0.263,-0.367,0.949,-1.496,9.046,-2.901,0.131,-0.349,0.804,-11.137,11.336,-5.0,btn_D
1780981494.2893696,-0.637,0.077,0.795,-9.824,2.305,8.969,-0.638,-0.35,0.683,-6.13,-1.038,-1.328,-0.262,-0.372,0.921,-0.191,-1.084,-0.038,-0.186,-0.383,0.971,3.626,5.718,-1.389,0.119,-0.349,0.803,-0.015,-4.29,0.565,btn_D
1780981494.3924265,-0.73,0.051,0.852,7.389,-0.298,2.656,-0.626,-0.346,0.657,-5.191,1.824,-0.183,-0.259,-0.371,0.915,0.969,-5.244,-0.092,-0.183,-0.382,0.976,0.267,4.374,-0.733,0.132,-0.363,0.792,-2.809,2.519,0.84,btn_D
1780981494.496125,-0.719,0.116,0.77,11.0,-5.992,6.511,-0.617,-0.34,0.655,-4.405,-0.855,-0.893,-0.248,-0.366,0.931,-0.42,-2.649,0.382,-0.182,-0.385,0.976,0.878,6.344,0.122,0.113,-0.361,0.808,-0.534,3.336,0.588,btn_D
1780981494.6082816,-0.629,0.125,0.72,-12.015,13.519,-5.947,-0.609,-0.335,0.648,-8.954,3.221,0.542,-0.257,-0.371,0.921,-2.878,-0.466,0.008,-0.195,-0.375,0.963,0.748,11.687,-0.145,0.115,-0.364,0.807,5.099,7.565,0.916,btn_D
1780981494.7018855,-2.0,0.59,1.789,-214.573,128.099,-175.618,-0.3,-0.423,0.541,-13.916,5.565,-13.626,-0.229,-0.354,0.853,-14.221,0.336,-5.58,-0.255,-0.412,0.901,-1.786,-7.809,-5.221,0.108,-0.394,0.992,-7.931,3.947,-1.435,btn_D
1780981494.8105676,-0.803,-0.148,0.642,1.076,-0.679,-1.0,-0.67,-0.324,0.606,-6.0,0.817,-0.641,-0.257,-0.377,0.91,1.168,-2.672,0.023,-0.203,-0.381,0.97,1.878,5.87,0.267,0.125,-0.338,0.795,-1.779,2.679,0.069,btn_D
1780981494.9079342,-0.774,-0.14,0.649,-1.931,1.916,-1.244,-0.663,-0.325,0.621,-6.366,0.626,-0.611,-0.251,-0.38,0.914,-0.481,2.527,0.832,-0.212,-0.383,0.965,1.939,9.504,0.137,0.096,-0.342,0.813,2.183,0.863,0.458,btn_D
1780981495.0104342,-0.779,-0.144,0.646,-1.473,1.977,-0.962,-0.667,-0.32,0.618,-6.359,1.046,-0.176,-0.263,-0.38,0.909,-0.282,-0.107,0.053,-0.212,-0.383,0.96,1.557,6.977,-0.458,0.108,-0.347,0.806,-1.176,1.061,0.809,btn_D
1780981495.123066,-0.777,-0.137,0.648,-0.954,1.969,-1.26,-0.673,-0.32,0.622,-6.618,1.275,-0.176,-0.265,-0.375,0.915,-0.786,0.947,0.237,-0.215,-0.384,0.963,1.031,8.252,-0.336,0.101,-0.35,0.811,-1.565,3.359,0.26,btn_D
1780981495.2231157,-0.78,-0.141,0.639,-2.603,2.618,-0.901,-0.668,-0.318,0.607,-6.962,1.023,-0.092,-0.267,-0.383,0.906,-1.458,0.573,-0.382,-0.215,-0.381,0.972,1.076,6.748,-1.206,0.101,-0.34,0.812,-1.26,0.916,0.344,btn_D
1780981495.3216217,-0.785,-0.146,0.641,-1.336,1.336,-0.748,-0.667,-0.327,0.611,-6.137,1.397,0.458,-0.266,-0.379,0.913,-0.656,0.031,-0.008,-0.218,-0.385,0.962,1.137,7.969,-0.702,0.098,-0.343,0.805,-1.282,2.695,0.336,btn_D
1780981495.4227042,-0.777,-0.146,0.646,-1.573,1.649,0.145,-0.671,-0.324,0.607,-6.351,1.237,0.153,-0.266,-0.376,0.911,-0.397,0.145,-0.321,-0.215,-0.38,0.961,1.389,7.099,-0.198,0.101,-0.349,0.804,-0.992,2.115,0.321,btn_D
1780981498.100676,-0.781,-0.143,0.633,-0.573,1.725,-0.916,-0.669,-0.321,0.613,-6.183,0.511,-0.099,-0.277,-0.377,0.913,-0.397,-0.023,-0.176,-0.227,-0.382,0.956,1.702,7.053,0.275,0.099,-0.342,0.809,-0.511,1.557,-0.321,btn_D
1780981498.2051318,-0.787,-0.147,0.639,0.137,1.489,0.389,-0.668,-0.321,0.618,-6.145,0.405,-0.008,-0.269,-0.379,0.912,-0.527,1.069,0.389,-0.219,-0.38,0.969,0.962,8.076,-0.321,0.104,-0.353,0.804,-1.298,2.916,-0.763,btn_D
1780981498.3064938,-0.783,-0.145,0.637,-0.504,1.466,-0.053,-0.67,-0.326,0.611,-6.55,0.496,-0.397,-0.271,-0.381,0.907,0.122,-0.412,-0.046,-0.229,-0.382,0.958,1.969,6.969,-0.649,0.105,-0.349,0.816,0.137,1.756,-0.733,btn_D
1780981498.4096677,-0.781,-0.146,0.63,-0.962,0.985,-0.863,-0.675,-0.321,0.619,-6.504,0.176,-0.321,-0.273,-0.379,0.913,-0.427,0.16,-0.458,-0.222,-0.385,0.962,1.359,7.0,-0.397,0.099,-0.352,0.81,-1.046,2.916,-0.053,btn_D
1780981498.5225463,-0.779,-0.143,0.634,-0.26,2.069,0.229,-0.67,-0.32,0.607,-6.13,0.847,-0.122,-0.274,-0.377,0.911,-0.26,-0.221,-0.305,-0.227,-0.38,0.959,1.298,7.313,-0.763,0.108,-0.345,0.805,-0.985,2.168,0.069,btn_D
1780981498.6157477,-0.784,-0.156,0.661,-4.87,4.618,0.107,-0.668,-0.323,0.613,-7.702,1.321,-0.015,-0.265,-0.385,0.908,-0.16,2.328,1.168,-0.248,-0.377,0.954,1.221,10.221,-0.198,0.117,-0.348,0.793,0.939,8.405,-0.511,btn_D
1780981498.7187955,-0.572,0.051,0.548,75.023,-55.076,68.397,-0.621,-0.329,0.635,0.824,-9.145,-6.947,-0.251,-0.382,0.919,1.389,-4.588,-3.763,-0.216,-0.38,0.954,4.191,-9.885,-2.794,0.108,-0.369,0.804,3.489,-9.168,-3.947,btn_D
1780981498.8218021,-0.546,0.186,0.661,3.382,-6.71,10.618,-0.61,-0.343,0.655,-4.992,-3.763,-0.901,-0.252,-0.373,0.918,-0.702,2.748,-0.351,-0.182,-0.374,0.966,3.191,11.809,0.45,0.12,-0.369,0.798,-2.099,5.649,-1.16,btn_D
1780981498.926147,-0.579,0.185,0.685,-3.198,-1.382,3.733,-0.602,-0.335,0.671,-5.87,-2.534,-1.656,-0.24,-0.372,0.916,-0.443,2.282,0.641,-0.169,-0.381,0.979,2.267,13.13,0.275,0.122,-0.364,0.799,-1.985,6.756,-0.374,btn_D
1780981499.0386672,-0.64,0.176,0.683,-0.099,-2.13,-0.061,-0.617,-0.334,0.648,-5.443,0.443,-1.298,-0.238,-0.372,0.931,-0.71,-0.817,-0.282,-0.18,-0.381,0.97,1.595,7.099,-0.221,0.126,-0.363,0.795,1.031,6.053,-0.221,btn_D
1780981499.139456,-0.298,0.226,0.395,-90.771,98.183,-53.267,-0.548,-0.364,0.68,-8.267,41.115,16.473,-0.27,-0.362,0.892,-6.618,5.649,1.0,-0.22,-0.396,0.945,0.527,22.527,-1.015,0.102,-0.344,0.804,8.618,6.771,1.985,btn_D
1780981499.239418,-0.816,-0.042,0.459,28.687,44.656,4.695,-0.662,-0.327,0.633,-6.344,2.298,-2.588,-0.239,-0.384,0.911,3.008,2.847,0.351,-0.212,-0.383,0.944,1.305,5.305,-1.061,0.111,-0.345,0.821,-5.595,11.511,-0.832,btn_D
1780981499.3371491,-0.764,-0.143,0.669,-1.679,8.023,-0.634,-0.667,-0.318,0.62,-7.252,2.015,-0.466,-0.265,-0.379,0.908,-0.679,4.237,1.786,-0.22,-0.38,0.96,1.26,9.031,-0.786,0.102,-0.345,0.811,1.702,-3.076,0.832,btn_D
1780981499.4399674,-0.785,-0.151,0.642,-2.275,0.412,-1.534,-0.663,-0.321,0.612,-6.458,0.809,0.038,-0.259,-0.377,0.916,0.031,0.137,0.809,-0.209,-0.374,0.969,1.389,7.924,-0.405,0.108,-0.344,0.808,-0.855,1.672,0.565,btn_D
1780981499.555269,-0.782,-0.146,0.642,-0.87,1.916,-1.069,-0.669,-0.324,0.614,-6.473,1.344,0.26,-0.266,-0.38,0.911,-0.298,0.817,1.0,-0.219,-0.383,0.959,1.863,8.351,0.397,0.101,-0.342,0.805,-0.237,2.397,0.565,btn_D
1780981499.6532996,-0.788,-0.152,0.631,-0.702,1.031,-0.718,-0.666,-0.322,0.61,-6.748,0.702,-0.397,-0.264,-0.38,0.914,-0.687,0.023,0.176,-0.213,-0.382,0.963,1.191,5.863,-0.87,0.107,-0.348,0.815,-0.489,1.908,0.053,btn_D
1780981499.7547529,-0.783,-0.142,0.64,-0.84,-0.802,-2.084,-0.67,-0.321,0.622,-5.725,-0.947,-0.641,-0.264,-0.376,0.915,0.168,-1.389,0.122,-0.218,-0.381,0.958,2.137,6.74,-0.076,0.104,-0.34,0.804,-0.389,2.206,-0.16,btn_D
1780981499.8517992,-0.785,-0.151,0.639,-2.58,1.29,-1.206,-0.665,-0.319,0.617,-6.962,0.786,-0.924,-0.264,-0.38,0.915,-0.664,-0.565,0.366,-0.212,-0.38,0.967,0.748,7.344,-0.527,0.11,-0.348,0.815,-0.634,1.84,0.382,btn_D
1780981499.9550722,-0.784,-0.146,0.639,0.634,1.603,-0.42,-0.668,-0.32,0.609,-6.198,0.534,0.008,-0.269,-0.375,0.919,-0.321,0.573,0.901,-0.214,-0.38,0.965,1.687,7.664,-0.359,0.101,-0.344,0.81,0.405,2.824,0.168,btn_D
1780981500.0737078,-0.782,-0.15,0.641,-1.603,1.573,-1.221,-0.669,-0.325,0.618,-6.74,0.389,-0.977,-0.268,-0.378,0.915,-1.0,-0.115,-0.214,-0.213,-0.376,0.969,0.893,7.756,-0.702,0.103,-0.345,0.812,-0.229,2.252,0.557,btn_D
1780981502.7404513,-0.782,-0.145,0.638,-1.947,1.366,-1.069,-0.67,-0.325,0.613,-6.725,0.863,-0.42,-0.272,-0.378,0.911,-0.374,0.305,0.824,-0.222,-0.379,0.96,1.023,8.641,-0.015,0.107,-0.348,0.807,-0.305,3.229,0.405,btn_D
1780981502.8393347,-0.779,-0.144,0.636,-0.748,1.786,-0.962,-0.665,-0.325,0.614,-7.275,1.038,-0.168,-0.268,-0.376,0.906,-0.832,0.771,1.137,-0.221,-0.378,0.955,1.305,8.214,-0.13,0.104,-0.342,0.799,-0.382,3.191,0.366,btn_D
1780981503.0190911,-0.783,-0.148,0.634,-1.321,1.588,-0.977,-0.67,-0.323,0.614,-6.244,1.137,-0.099,-0.272,-0.377,0.913,-0.542,0.176,0.336,-0.221,-0.38,0.964,1.427,7.382,-0.527,0.104,-0.343,0.811,-0.282,2.466,0.069,btn_D
1780981503.0499709,-0.777,-0.145,0.634,-1.16,1.771,-1.183,-0.671,-0.317,0.612,-6.824,0.618,0.0,-0.266,-0.376,0.914,-0.344,-0.13,-0.046,-0.224,-0.386,0.949,1.817,6.649,-0.618,0.098,-0.347,0.807,-0.901,2.435,-0.351,btn_D
1780981503.1716218,-0.79,-0.148,0.63,-0.557,1.527,-0.786,-0.665,-0.322,0.604,-6.397,0.55,-0.153,-0.267,-0.375,0.905,-0.107,-0.595,0.031,-0.216,-0.38,0.969,1.008,5.832,-0.74,0.099,-0.351,0.809,-1.176,2.267,0.137,btn_D
1780981503.2515907,-0.784,-0.149,0.639,0.412,-0.031,-0.641,-0.666,-0.321,0.615,-5.794,0.084,-0.641,-0.269,-0.374,0.915,-0.267,-0.275,0.084,-0.222,-0.382,0.96,1.992,6.519,0.0,0.099,-0.347,0.801,1.015,6.389,-1.282,btn_D
1780981503.3588688,0.242,0.124,0.273,123.656,-103.489,54.893,-0.656,-0.355,0.758,-13.748,-62.985,-18.252,-0.057,-0.367,0.936,-4.679,-40.947,-6.061,-0.208,-0.401,0.969,5.42,23.611,-1.092,0.134,-0.347,0.813,-10.099,30.771,-4.511,btn_D
1780981503.45709,-0.656,0.104,0.793,-0.756,-0.313,1.634,-0.615,-0.349,0.668,-6.191,1.511,-0.061,-0.24,-0.373,0.933,1.252,-3.153,0.931,-0.186,-0.381,0.964,1.962,8.588,-0.771,0.121,-0.356,0.798,4.0,-4.656,0.534,btn_D
1780981503.5601797,-0.677,0.111,0.746,-4.481,7.137,1.779,-0.629,-0.356,0.655,-6.267,-0.443,-0.153,-0.249,-0.373,0.918,0.389,-0.603,0.351,-0.18,-0.378,0.971,1.649,7.145,-0.336,0.127,-0.353,0.799,-2.191,1.031,0.412,btn_D
1780981503.6710353,-0.682,0.108,0.772,3.45,-2.763,2.611,-0.635,-0.356,0.676,-4.336,2.58,-0.168,-0.255,-0.373,0.917,0.237,1.382,0.603,-0.167,-0.379,0.988,0.366,6.061,-0.412,0.12,-0.352,0.793,-4.725,2.992,0.229,btn_D
1780981503.7706969,-0.615,0.174,0.663,-29.122,23.046,1.748,-0.612,-0.35,0.667,-8.252,1.298,1.13,-0.24,-0.379,0.928,-2.649,3.298,1.656,-0.201,-0.379,0.969,1.74,11.534,0.015,0.122,-0.349,0.792,-2.939,3.29,-0.153,btn_D
1780981503.87281,0.149,0.072,0.094,-128.863,111.16,-172.603,-0.588,-0.362,0.66,-3.817,44.412,22.473,-0.25,-0.381,0.917,-4.87,7.962,1.885,-0.205,-0.365,0.964,1.427,10.901,0.344,0.119,-0.348,0.824,12.885,21.107,3.511,btn_D
1780981503.9730587,-0.742,-0.115,0.666,-18.702,-19.511,-10.275,-0.662,-0.333,0.629,-6.656,-4.962,-1.992,-0.23,-0.396,0.919,0.328,8.947,2.206,-0.201,-0.376,0.958,4.847,14.985,2.794,0.091,-0.347,0.825,-2.229,4.344,-1.214,btn_D
1780981504.0895357,-0.785,-0.147,0.641,-3.87,1.992,-1.878,-0.666,-0.333,0.613,-6.031,-0.023,-0.71,-0.253,-0.386,0.907,0.206,-1.794,-0.168,-0.198,-0.384,0.97,1.771,6.153,-0.473,0.121,-0.352,0.804,-4.29,4.908,-0.168,btn_D
1780981504.1779952,-0.764,-0.151,0.66,-1.443,0.672,-0.595,-0.656,-0.331,0.619,-6.084,1.542,-0.466,-0.244,-0.38,0.911,-0.489,1.947,0.137,-0.196,-0.384,0.97,1.473,9.29,0.87,0.111,-0.344,0.817,-0.168,3.237,0.656,btn_D
1780981504.2881043,-0.777,-0.153,0.646,-3.824,1.481,-0.794,-0.665,-0.33,0.609,-6.931,0.725,-0.473,-0.25,-0.38,0.907,-1.031,1.137,0.466,-0.206,-0.382,0.963,1.275,8.046,-0.305,0.105,-0.349,0.801,-0.679,1.229,0.382,btn_D
1780981504.3841233,-0.77,-0.164,0.644,-0.802,1.786,1.015,-0.665,-0.33,0.621,-6.412,0.397,0.015,-0.251,-0.38,0.912,0.153,-0.214,-0.076,-0.205,-0.379,0.965,1.473,7.031,-0.527,0.106,-0.341,0.801,-0.832,2.275,0.374,btn_D
1780981504.4868205,-0.776,-0.152,0.648,-1.435,1.389,-0.763,-0.672,-0.331,0.615,-6.618,1.427,0.053,-0.26,-0.375,0.917,-0.489,2.084,0.573,-0.2,-0.384,0.971,0.908,10.679,0.466,0.107,-0.345,0.809,-0.313,3.366,0.87,btn_D
1780981504.6048818,-0.774,-0.154,0.648,-0.969,1.527,0.45,-0.666,-0.33,0.618,-6.359,1.015,0.206,-0.255,-0.379,0.917,-0.313,0.191,-0.153,-0.21,-0.382,0.961,1.359,7.16,-0.458,0.109,-0.348,0.806,-1.282,1.901,-0.092,btn_D
1780981504.7071838,-0.774,-0.154,0.641,-1.84,1.252,-0.687,-0.668,-0.332,0.612,-6.786,0.573,-0.496,-0.258,-0.379,0.912,-0.29,-0.153,0.282,-0.209,-0.384,0.96,1.489,6.802,-0.519,0.115,-0.351,0.808,-0.695,1.924,-0.275,btn_D
1780981507.3735406,-0.78,-0.149,0.635,-1.405,0.985,-1.115,-0.664,-0.332,0.616,-6.321,0.389,-1.16,-0.261,-0.381,0.91,-0.641,-0.206,-0.351,-0.217,-0.386,0.956,1.168,6.847,-1.0,0.1,-0.354,0.805,-0.771,2.206,-0.198,btn_D
1780981507.474453,-0.785,-0.143,0.634,-1.702,1.267,-0.237,-0.664,-0.333,0.609,-6.389,0.58,-0.977,-0.264,-0.381,0.917,-0.473,-0.145,-0.305,-0.216,-0.382,0.966,1.534,6.435,-0.046,0.106,-0.35,0.808,-0.496,2.237,-0.069,btn_D
1780981507.577256,-0.781,-0.153,0.643,-1.435,1.137,-1.053,-0.668,-0.331,0.613,-6.099,0.802,-0.802,-0.262,-0.383,0.906,0.153,-0.618,0.298,-0.214,-0.383,0.968,1.847,6.702,-0.626,0.104,-0.347,0.815,-0.397,2.153,-0.237,btn_D
1780981507.6808891,-0.784,-0.146,0.641,-0.855,1.252,0.122,-0.665,-0.333,0.614,-6.137,0.771,-0.168,-0.255,-0.377,0.911,-0.153,0.084,0.183,-0.215,-0.38,0.962,2.168,6.366,-0.809,0.109,-0.349,0.802,-0.656,2.634,-0.076,btn_D
1780981507.783491,-0.779,-0.149,0.642,-0.405,1.954,-0.595,-0.668,-0.333,0.613,-6.008,0.214,-0.221,-0.26,-0.383,0.909,0.092,0.092,0.359,-0.219,-0.383,0.967,1.771,7.748,-0.191,0.106,-0.346,0.806,-0.87,2.13,-0.214,btn_D
1780981507.8862793,-0.784,-0.152,0.639,-1.389,1.153,-1.099,-0.666,-0.331,0.611,-6.466,0.595,0.305,-0.251,-0.378,0.917,0.298,0.794,1.0,-0.208,-0.381,0.971,1.168,8.405,-0.099,0.1,-0.342,0.813,-2.076,3.618,0.901,btn_D
1780981507.9898207,-0.005,-0.024,0.396,76.13,-34.107,68.275,-0.528,-0.333,0.745,-8.015,-39.382,-6.672,-0.236,-0.382,0.926,0.534,-3.992,1.55,-0.155,-0.393,0.965,1.924,12.229,-0.977,0.112,-0.338,0.796,-13.221,12.427,-4.252,btn_D
1780981508.102337,-0.697,0.093,0.756,22.885,-16.489,20.626,-0.627,-0.347,0.644,-1.855,-0.29,-2.542,-0.242,-0.374,0.926,0.092,-3.985,-0.359,-0.187,-0.38,0.979,2.214,-0.122,-1.145,0.118,-0.355,0.801,1.351,-3.229,-0.237,btn_D
1780981508.202697,-0.73,0.101,0.786,9.206,-5.084,1.756,-0.62,-0.34,0.649,-4.794,0.71,-1.618,-0.235,-0.378,0.919,-0.092,-3.0,0.16,-0.189,-0.368,0.972,0.122,6.573,-0.336,0.123,-0.36,0.8,-0.718,1.45,-0.153,btn_D
1780981508.3037899,-0.627,0.084,0.851,-3.748,1.901,3.595,-0.605,-0.348,0.666,-6.672,1.511,-1.008,-0.251,-0.375,0.909,-0.626,3.634,0.702,-0.201,-0.38,0.953,1.405,6.939,-0.168,0.126,-0.36,0.801,-1.13,1.84,-0.74,btn_D
1780981508.4014235,-0.67,0.134,0.754,-4.763,4.893,0.137,-0.619,-0.344,0.663,-6.13,2.252,-1.191,-0.244,-0.38,0.921,-1.153,3.084,1.053,-0.201,-0.384,0.969,1.443,6.695,-0.794,0.126,-0.359,0.802,-0.756,2.16,-0.435,btn_D
1780981508.504265,-0.693,0.046,0.91,-18.13,16.153,-3.649,-0.651,-0.347,0.674,-10.611,-1.313,-0.565,-0.271,-0.376,0.905,0.916,4.748,1.061,-0.198,-0.377,0.962,1.244,7.267,0.023,0.119,-0.362,0.804,-4.45,1.214,0.26,btn_D
1780981508.621824,-0.709,0.122,0.76,2.695,-1.076,-3.099,-0.628,-0.357,0.669,-7.382,-1.13,-1.26,-0.252,-0.377,0.921,0.092,2.435,0.519,-0.191,-0.385,0.964,1.237,6.374,-1.595,0.123,-0.366,0.798,-1.443,1.794,-0.58,btn_D
1780981508.719257,-0.186,0.221,0.255,-82.863,77.649,-54.565,-0.568,-0.359,0.776,-7.176,44.901,16.092,-0.247,-0.375,0.933,-8.626,4.351,-1.542,-0.21,-0.377,0.942,-4.359,36.893,-0.252,0.101,-0.349,0.833,11.511,15.29,3.137,btn_D
1780981508.8213816,-0.774,0.01,0.491,21.977,55.122,3.275,-0.666,-0.338,0.613,-9.076,-4.939,-4.031,-0.244,-0.381,0.908,1.176,2.229,-0.26,-0.212,-0.382,0.961,0.71,6.496,-1.191,0.111,-0.354,0.832,-7.649,13.053,-0.557,btn_D
1780981508.9164865,-0.766,-0.154,0.65,0.565,6.527,-0.344,-0.678,-0.329,0.638,-9.244,0.985,-1.992,-0.253,-0.389,0.912,-0.832,1.55,0.229,-0.209,-0.388,0.957,1.153,6.496,-0.71,0.104,-0.342,0.806,2.756,-4.557,0.824,btn_D
1780981509.019344,-0.786,-0.147,0.633,-1.55,0.702,-0.954,-0.668,-0.334,0.615,-6.328,1.267,0.191,-0.255,-0.376,0.911,0.061,0.45,0.305,-0.203,-0.383,0.967,1.702,7.42,-0.656,0.111,-0.344,0.812,0.069,1.267,0.489,btn_D
1780981509.1227708,-0.799,-0.145,0.632,-1.046,1.962,-0.313,-0.66,-0.329,0.615,-6.603,1.282,-0.069,-0.258,-0.387,0.914,-0.16,0.038,0.084,-0.206,-0.383,0.954,1.427,7.221,-0.008,0.11,-0.346,0.807,-0.611,1.756,0.328,btn_D
1780981509.2254288,-0.788,-0.149,0.628,-1.55,1.687,-1.252,-0.662,-0.335,0.621,-6.771,0.557,-0.023,-0.255,-0.386,0.91,-0.099,0.084,0.13,-0.205,-0.384,0.965,1.824,7.145,-0.176,0.106,-0.348,0.804,-0.504,1.893,0.023,btn_D
1780981509.335435,-0.789,-0.149,0.631,-1.595,1.565,-0.466,-0.665,-0.329,0.615,-6.344,0.702,0.237,-0.257,-0.385,0.908,-0.412,0.649,-0.145,-0.206,-0.385,0.962,1.779,7.137,-0.58,0.105,-0.346,0.802,-0.71,2.168,0.191,btn_D
1780981512.0062373,-0.791,-0.15,0.631,-1.076,1.924,-0.573,-0.66,-0.334,0.625,-6.412,0.496,-0.122,-0.262,-0.382,0.916,-0.321,-0.061,-0.313,-0.213,-0.381,0.964,1.656,6.954,-0.389,0.112,-0.343,0.812,-0.573,2.145,-0.099,btn_D
1780981512.1094263,-0.793,-0.146,0.629,-1.504,1.458,-1.076,-0.666,-0.33,0.621,-6.198,0.771,0.023,-0.259,-0.385,0.914,-0.626,-0.664,-0.29,-0.207,-0.383,0.967,1.16,6.496,-0.573,0.106,-0.348,0.802,-0.618,2.374,0.069,btn_D
1780981512.2203069,-0.792,-0.152,0.628,-1.214,1.542,-0.855,-0.666,-0.336,0.617,-6.176,0.763,0.16,-0.261,-0.382,0.915,-0.405,0.359,-0.099,-0.207,-0.389,0.966,1.626,6.885,-0.679,0.106,-0.348,0.802,-0.527,2.038,-0.115,btn_D
1780981512.315466,-0.788,-0.15,0.633,-1.0,0.733,-0.771,-0.665,-0.332,0.611,-6.099,0.588,-0.29,-0.26,-0.381,0.916,-0.26,-0.374,-0.481,-0.214,-0.383,0.963,1.344,6.954,-0.542,0.112,-0.342,0.805,-0.542,2.573,0.069,btn_D
1780981512.418914,-0.791,-0.152,0.626,-0.847,1.16,-0.107,-0.661,-0.333,0.618,-6.244,0.802,-0.076,-0.256,-0.379,0.907,0.252,-0.443,-0.053,-0.211,-0.384,0.964,1.351,6.573,-0.389,0.106,-0.348,0.799,-0.466,2.099,0.038,btn_D
1780981512.539197,-0.793,-0.151,0.633,-1.496,1.168,-0.908,-0.659,-0.328,0.61,-6.229,0.786,-0.802,-0.257,-0.384,0.914,-0.298,-0.275,-0.351,-0.213,-0.381,0.962,1.855,6.885,-0.588,0.11,-0.347,0.808,-0.802,2.405,0.031,btn_D
1780981512.6401432,-0.854,0.046,-0.356,236.786,-133.298,229.87,-0.599,-0.349,0.711,-2.389,-49.008,-21.542,-0.281,-0.364,0.843,11.527,-17.153,-3.374,-0.198,-0.375,0.924,1.412,-43.695,-1.359,0.13,-0.372,0.823,13.702,-10.809,1.351,btn_D
1780981512.737415,-0.657,0.046,0.844,10.26,-7.534,12.466,-0.63,-0.356,0.666,-4.977,-0.389,-2.221,-0.251,-0.375,0.912,1.008,4.031,-0.282,-0.187,-0.38,0.967,1.45,0.168,-0.252,0.115,-0.353,0.817,-2.87,-3.863,-0.313,btn_D
1780981512.8370686,-0.724,0.09,0.82,0.947,-1.824,6.687,-0.625,-0.352,0.669,-4.313,-0.527,-0.931,-0.251,-0.376,0.914,0.786,-0.504,-0.55,-0.189,-0.38,0.969,1.046,3.908,-1.275,0.126,-0.358,0.803,-3.74,0.786,0.206,btn_D
1780981512.9335501,-0.7,0.121,0.772,0.008,-0.71,2.336,-0.625,-0.358,0.679,-5.473,-1.115,-0.771,-0.258,-0.373,0.937,0.115,1.702,0.42,-0.167,-0.386,0.975,1.267,8.244,-0.29,0.123,-0.36,0.805,-1.595,1.641,0.557,btn_D
1780981513.036526,-0.685,0.119,0.761,3.389,-1.969,2.771,-0.611,-0.345,0.662,-6.16,0.695,-0.931,-0.247,-0.377,0.917,-1.084,0.771,0.26,-0.184,-0.381,0.973,0.809,7.878,0.275,0.121,-0.356,0.81,-2.13,2.962,0.16,btn_D
1780981513.1398926,-0.687,0.136,0.757,0.176,-1.084,-0.237,-0.609,-0.339,0.654,-6.328,-1.107,-1.176,-0.247,-0.374,0.915,-1.779,-2.725,-0.115,-0.178,-0.382,0.974,0.908,9.45,0.206,0.12,-0.35,0.797,-2.053,4.45,0.0,btn_D
1780981513.2519925,-0.663,0.135,0.756,-4.336,3.153,0.672,-0.605,-0.341,0.666,-6.779,1.084,-0.985,-0.244,-0.378,0.921,-0.198,1.313,0.901,-0.195,-0.385,0.965,1.435,7.397,-0.603,0.124,-0.358,0.798,-1.412,0.702,0.183,btn_D
1780981513.3527784,-0.671,0.138,0.747,-5.305,4.473,-0.366,-0.607,-0.343,0.668,-6.458,1.786,-0.443,-0.25,-0.374,0.92,-0.679,1.122,0.374,-0.188,-0.381,0.966,2.023,6.557,-0.611,0.125,-0.359,0.812,0.954,3.885,-0.466,btn_D
1780981513.4487967,-0.52,0.018,0.361,-130.176,84.023,-39.16,-0.64,-0.368,0.658,-3.527,45.13,17.985,-0.261,-0.347,0.914,-5.878,2.924,0.267,-0.187,-0.387,0.972,-1.305,13.71,-0.008,0.111,-0.343,0.794,2.687,7.824,1.023,btn_D
1780981513.551788,-0.721,-0.146,0.635,7.809,12.618,-2.115,-0.668,-0.33,0.605,-7.328,0.557,-1.412,-0.247,-0.382,0.918,-1.687,-10.855,-1.214,-0.176,-0.382,0.981,0.779,9.382,-1.336,0.116,-0.346,0.796,0.786,4.908,0.305,btn_D
1780981513.654994,-0.768,-0.137,0.66,-0.565,6.687,-2.534,-0.66,-0.32,0.624,-7.618,0.733,-0.962,-0.259,-0.38,0.914,-0.573,0.55,1.237,-0.207,-0.383,0.961,2.076,8.786,0.55,0.1,-0.35,0.804,1.481,-1.061,0.687,btn_D
1780981513.7719018,-0.784,-0.142,0.632,-1.435,3.344,-0.664,-0.661,-0.325,0.614,-6.557,1.244,-0.763,-0.257,-0.38,0.912,-0.58,-0.168,-0.069,-0.2,-0.381,0.975,0.466,6.489,-0.489,0.113,-0.348,0.806,-0.305,1.45,0.511,btn_D
1780981513.8733923,-0.784,-0.139,0.639,-1.153,1.458,-1.13,-0.665,-0.331,0.615,-6.618,0.824,-1.405,-0.257,-0.382,0.918,-0.58,1.389,0.557,-0.207,-0.388,0.968,1.198,7.725,-0.122,0.102,-0.342,0.808,-0.947,2.664,0.527,btn_D
1780981516.641954,-0.798,-0.143,0.625,-0.901,1.374,-0.351,-0.662,-0.324,0.622,-6.313,0.679,-0.168,-0.26,-0.382,0.916,-0.282,-0.053,0.466,-0.205,-0.381,0.967,1.13,7.122,-0.794,0.114,-0.342,0.807,-0.916,1.931,-0.053,btn_D
1780981516.7554042,-0.799,-0.147,0.624,-0.931,1.061,-1.046,-0.661,-0.334,0.623,-5.954,0.618,-0.664,-0.259,-0.378,0.914,-0.061,0.618,-0.16,-0.206,-0.381,0.963,1.832,7.466,0.137,0.108,-0.35,0.808,-0.275,2.466,0.038,btn_D
1780981516.8478453,-0.794,-0.142,0.63,-0.511,1.954,0.053,-0.669,-0.331,0.617,-6.565,0.74,-0.389,-0.258,-0.381,0.911,-0.015,-0.634,0.275,-0.21,-0.383,0.963,1.076,6.618,-0.916,0.108,-0.341,0.807,-0.893,2.046,-0.092,btn_D
1780981516.9575837,-0.795,-0.148,0.623,-1.389,2.206,-1.053,-0.664,-0.33,0.618,-6.641,0.779,-0.542,-0.256,-0.386,0.909,-0.443,-0.076,0.0,-0.212,-0.385,0.968,1.687,6.275,-0.458,0.112,-0.348,0.807,-0.359,2.122,-0.344,btn_D
1780981517.053829,-0.794,-0.148,0.621,-1.626,1.634,-0.931,-0.664,-0.328,0.618,-6.321,0.565,-0.695,-0.256,-0.379,0.912,-0.443,0.565,0.069,-0.21,-0.382,0.967,1.58,6.038,-0.267,0.113,-0.355,0.806,-0.763,2.511,-0.084,btn_D
1780981517.1717947,-0.793,-0.148,0.623,-0.832,0.702,-0.611,-0.663,-0.329,0.614,-6.412,0.282,-0.481,-0.253,-0.381,0.917,-0.321,-0.015,0.015,-0.208,-0.382,0.963,1.481,7.076,-0.305,0.107,-0.344,0.809,-0.405,2.359,0.321,btn_D
1780981517.2723231,-1.976,-0.582,1.659,121.794,-116.947,57.466,-0.734,-0.336,0.591,-14.985,-44.832,-27.191,-0.278,-0.385,0.916,3.504,-9.863,-3.534,-0.169,-0.251,0.965,-3.496,-1.336,-7.718,0.095,-0.349,0.793,-20.275,-26.924,-6.061,btn_D
1780981517.3700278,-0.514,0.193,0.533,15.489,-29.359,21.344,-0.593,-0.328,0.643,1.672,-14.099,-4.84,-0.234,-0.37,0.928,-0.87,-5.985,-3.237,-0.155,-0.387,0.99,3.992,4.901,-0.595,0.139,-0.356,0.796,-3.779,15.679,-1.45,btn_D
1780981517.4656544,-0.742,0.121,0.713,4.954,1.473,-0.046,-0.617,-0.34,0.659,-5.595,2.305,-0.374,-0.25,-0.375,0.917,-1.137,0.145,0.061,-0.178,-0.384,0.974,1.237,8.275,0.427,0.124,-0.356,0.796,2.809,1.282,0.641,btn_D
1780981517.5691395,-0.649,0.1,0.785,-4.847,5.069,-0.725,-0.616,-0.355,0.687,-7.618,0.847,0.153,-0.254,-0.373,0.915,-0.008,-0.489,-0.511,-0.182,-0.383,0.972,1.397,6.389,-0.992,0.125,-0.365,0.806,-0.168,-0.16,0.069,btn_D
1780981517.6717806,-0.632,0.119,0.768,-2.924,1.534,-0.252,-0.607,-0.343,0.664,-7.595,-0.649,-0.374,-0.248,-0.378,0.921,-0.779,1.473,0.053,-0.18,-0.384,0.969,2.0,8.87,0.076,0.125,-0.356,0.804,-1.397,2.74,-0.115,btn_D
1780981517.7852228,-0.645,0.149,0.696,1.115,2.435,0.099,-0.611,-0.338,0.663,-5.84,1.71,0.45,-0.246,-0.37,0.918,-0.565,0.267,-0.244,-0.174,-0.382,0.973,2.275,6.527,-0.313,0.131,-0.355,0.803,1.176,3.71,-0.191,btn_D
1780981517.8880532,-0.283,0.229,0.25,-145.641,86.115,-37.206,-0.605,-0.333,0.647,-7.939,47.221,20.061,-0.258,-0.393,0.917,-2.855,-2.733,-1.344,-0.189,-0.389,0.969,-1.634,8.137,-3.374,0.121,-0.355,0.796,5.885,-4.481,0.55,btn_D
1780981517.980899,-0.858,-0.018,0.455,13.481,32.84,-12.779,-0.659,-0.339,0.606,-6.656,-7.267,-3.71,-0.228,-0.394,0.917,1.298,-7.45,-1.061,-0.165,-0.405,0.962,4.092,-4.282,-0.221,0.129,-0.368,0.833,-2.511,8.389,-0.443,btn_D
1780981518.083949,-0.767,-0.156,0.646,-2.473,2.679,-1.672,-0.667,-0.325,0.615,-7.237,0.053,-2.122,-0.241,-0.386,0.928,-0.031,-0.061,0.748,-0.192,-0.386,0.978,2.366,8.618,0.779,0.118,-0.35,0.801,0.29,4.214,0.771,btn_D
1780981518.1866353,-0.775,-0.157,0.65,-4.336,2.603,-0.115,-0.665,-0.324,0.605,-6.626,-0.481,-0.718,-0.252,-0.384,0.907,-0.756,1.053,1.298,-0.201,-0.385,0.967,1.45,8.519,0.145,0.104,-0.344,0.805,1.168,-0.237,1.351,btn_D
1780981518.303997,-0.77,-0.156,0.639,-2.29,2.13,1.206,-0.663,-0.324,0.622,-6.824,1.42,0.168,-0.255,-0.376,0.911,-1.061,1.931,1.191,-0.199,-0.382,0.961,1.115,7.71,-0.611,0.112,-0.344,0.808,-1.969,2.779,0.374,btn_D
1780981518.4040303,-0.788,-0.159,0.639,-1.29,1.389,-1.42,-0.661,-0.322,0.617,-6.137,0.359,0.366,-0.252,-0.379,0.918,0.359,0.687,0.916,-0.198,-0.384,0.963,1.977,8.527,0.885,0.115,-0.355,0.805,-0.786,3.015,0.053,btn_D
1780981518.5042374,-0.783,-0.151,0.641,-1.336,1.573,-0.496,-0.66,-0.324,0.617,-6.191,0.756,-0.015,-0.253,-0.379,0.912,-0.069,-0.656,0.42,-0.197,-0.384,0.965,1.435,7.374,-0.29,0.11,-0.35,0.808,-0.153,1.977,-0.328,btn_D
1780981521.2876513,-0.791,-0.151,0.624,-1.084,1.924,-0.985,-0.663,-0.327,0.615,-6.595,1.038,-0.359,-0.26,-0.379,0.91,-0.336,0.832,0.634,-0.212,-0.383,0.955,1.458,6.611,-0.397,0.114,-0.348,0.808,-1.038,2.366,-0.221,btn_D
1780981521.3802245,-0.792,-0.15,0.624,-1.084,1.618,-1.16,-0.667,-0.329,0.616,-6.557,0.427,-0.267,-0.264,-0.378,0.912,-0.183,-0.687,0.473,-0.214,-0.381,0.965,1.771,7.023,-0.702,0.115,-0.35,0.805,-0.733,2.183,0.183,btn_D
1780981521.4864268,-0.795,-0.151,0.623,-1.328,1.145,-0.595,-0.664,-0.326,0.62,-6.321,0.573,-0.389,-0.264,-0.382,0.906,-0.206,0.13,0.198,-0.211,-0.383,0.964,1.664,6.893,-0.74,0.112,-0.349,0.799,-0.618,2.168,-0.061,btn_D
1780981521.5862517,-0.794,-0.152,0.623,-0.641,1.504,-0.626,-0.665,-0.326,0.615,-6.481,0.794,-0.344,-0.266,-0.381,0.912,-0.443,0.099,0.053,-0.21,-0.38,0.965,1.336,6.916,-0.176,0.108,-0.345,0.804,-0.809,2.389,0.0,btn_D
1780981521.7006345,-0.795,-0.153,0.617,-0.374,1.023,0.603,-0.663,-0.327,0.618,-6.718,0.679,-0.405,-0.257,-0.382,0.912,0.008,0.053,0.626,-0.198,-0.379,0.977,1.656,8.565,0.809,0.098,-0.335,0.806,-1.504,3.985,0.954,btn_D
1780981521.8022587,-0.868,0.135,0.441,82.908,-93.122,45.321,-0.579,-0.354,0.74,4.489,-15.046,-12.863,-0.276,-0.367,0.927,2.672,-2.344,-2.664,-0.204,-0.379,0.979,5.649,-15.221,-3.137,0.119,-0.36,0.82,-15.824,10.832,-3.183,btn_D
1780981521.9001532,-0.734,0.041,0.868,8.038,-8.855,7.336,-0.621,-0.354,0.685,-5.031,-1.29,-0.504,-0.251,-0.379,0.917,1.351,-2.023,-0.618,-0.183,-0.381,0.974,1.885,3.298,-1.115,0.133,-0.356,0.8,-4.038,-3.885,0.435,btn_D
1780981522.001743,-0.697,0.132,0.719,7.542,-2.695,-1.084,-0.618,-0.343,0.666,-4.344,4.565,-0.374,-0.226,-0.373,0.932,0.427,-1.29,0.237,-0.16,-0.38,0.98,-0.183,4.534,-0.015,0.143,-0.359,0.806,-2.511,1.344,1.168,btn_D
1780981522.1009686,-0.666,0.14,0.743,7.145,-2.183,-3.031,-0.603,-0.331,0.657,-7.137,0.328,-0.618,-0.249,-0.371,0.925,-1.718,-1.977,0.366,-0.173,-0.382,0.975,0.901,8.0,-0.115,0.123,-0.354,0.806,-2.176,5.061,0.458,btn_D
1780981522.204686,-0.704,0.127,0.772,4.847,-3.137,2.069,-0.601,-0.328,0.659,-5.557,-0.954,-1.206,-0.235,-0.369,0.925,-0.901,-2.863,-0.176,-0.161,-0.382,0.975,0.962,10.847,0.664,0.128,-0.365,0.803,2.29,5.771,1.069,btn_D
1780981522.319617,0.321,0.178,0.016,-134.962,127.588,-181.695,-0.594,-0.354,0.619,-8.29,51.634,26.092,-0.241,-0.389,0.933,-3.328,8.053,0.198,-0.182,-0.387,0.982,1.015,5.901,-1.244,0.118,-0.411,0.802,10.275,10.939,1.115,btn_D
1780981522.4195764,-0.77,-0.15,0.688,-14.198,-14.458,-7.313,-0.657,-0.333,0.628,-6.702,-4.947,-1.359,-0.234,-0.394,0.917,1.603,14.137,2.847,-0.194,-0.382,0.979,3.824,17.046,2.634,0.083,-0.335,0.813,-1.649,3.206,-1.29,btn_D
1780981522.5252934,-0.787,-0.141,0.641,-2.985,-2.191,-3.656,-0.665,-0.332,0.617,-5.947,0.466,-0.374,-0.24,-0.377,0.917,0.855,-1.237,-0.168,-0.192,-0.384,0.965,2.099,6.87,0.229,0.117,-0.345,0.798,-3.115,4.229,-0.023,btn_D
1780981522.6164284,-0.769,-0.142,0.665,-1.13,-0.237,-1.374,-0.663,-0.333,0.612,-6.275,0.802,0.511,-0.241,-0.386,0.917,0.092,0.74,0.435,-0.195,-0.385,0.968,2.313,9.412,1.29,0.112,-0.346,0.81,0.458,2.687,0.053,btn_D
1780981522.7189233,-0.767,-0.146,0.658,-2.595,-0.725,-2.092,-0.662,-0.332,0.622,-6.351,1.0,-0.176,-0.247,-0.384,0.915,0.0,-0.26,0.382,-0.193,-0.383,0.969,1.489,8.527,-0.16,0.12,-0.347,0.799,-0.847,3.031,1.046,btn_D
1780981522.8227265,-0.771,-0.152,0.654,-2.473,1.397,-0.092,-0.669,-0.324,0.612,-6.366,1.305,-0.366,-0.256,-0.379,0.92,-1.015,0.664,-0.557,-0.2,-0.379,0.961,1.267,7.313,-0.16,0.112,-0.348,0.816,-0.71,2.015,0.634,btn_D
1780981522.934291,-0.775,-0.149,0.664,-1.328,1.931,-0.099,-0.666,-0.326,0.613,-6.305,0.634,-0.305,-0.253,-0.38,0.915,0.435,0.611,0.046,-0.199,-0.376,0.966,1.389,6.855,-0.298,0.113,-0.352,0.81,-0.893,1.977,0.618,btn_D
1780981523.035598,-0.773,-0.141,0.66,-4.244,2.229,3.366,-0.666,-0.324,0.616,-6.641,1.336,-0.053,-0.256,-0.378,0.912,-1.015,2.382,1.328,-0.208,-0.379,0.971,1.0,9.145,0.023,0.106,-0.35,0.799,-0.702,4.046,0.496,btn_D
1780981523.1349323,-0.776,-0.147,0.648,-2.351,2.015,2.55,-0.667,-0.324,0.611,-6.107,0.855,-0.168,-0.256,-0.38,0.913,-0.076,1.786,1.061,-0.207,-0.379,0.965,0.817,9.191,0.305,0.119,-0.356,0.811,-0.267,2.076,0.641,btn_D
1780981525.9120626,-0.793,-0.151,0.629,-1.198,1.611,-0.573,-0.661,-0.325,0.61,-6.443,1.061,-0.359,-0.269,-0.382,0.906,0.16,-0.786,0.382,-0.22,-0.385,0.966,1.351,7.053,-0.031,0.102,-0.339,0.813,-0.641,1.389,-0.115,btn_D
1780981526.02048,-0.788,-0.141,0.631,-0.733,0.901,0.244,-0.665,-0.319,0.614,-6.565,0.763,0.191,-0.267,-0.383,0.911,0.061,0.374,-0.084,-0.217,-0.377,0.959,1.748,6.794,-0.595,0.105,-0.339,0.819,-0.527,2.58,0.031,btn_D
1780981526.12048,-0.787,-0.14,0.633,-0.977,1.053,-0.603,-0.662,-0.326,0.615,-6.389,0.305,0.191,-0.269,-0.377,0.908,-0.053,0.412,0.046,-0.226,-0.382,0.965,1.542,7.443,0.0,0.104,-0.339,0.807,-1.504,2.84,0.076,btn_D
1780981526.224823,-0.784,-0.141,0.631,-0.557,0.267,-0.427,-0.667,-0.326,0.615,-6.374,0.588,-0.183,-0.264,-0.38,0.922,0.206,-1.275,0.511,-0.216,-0.386,0.964,2.221,6.817,-0.122,0.111,-0.353,0.812,3.313,4.115,-0.511,btn_D
1780981526.3339071,-0.788,-0.14,0.628,-0.031,1.099,-0.366,-0.666,-0.329,0.622,-6.069,0.45,-0.794,-0.28,-0.375,0.918,-0.008,-0.527,-0.29,-0.219,-0.38,0.962,2.0,3.855,-1.405,0.109,-0.335,0.802,-0.87,-1.107,-0.397,btn_D
1780981526.4278235,-0.79,-0.142,0.627,-1.26,-0.496,-1.618,-0.667,-0.324,0.611,-6.305,-0.221,-1.733,-0.265,-0.381,0.911,-0.954,-1.58,0.031,-0.213,-0.383,0.958,1.42,7.191,-0.282,0.101,-0.34,0.809,-0.771,3.443,0.847,btn_D
1780981526.5342255,-0.292,0.051,0.333,137.336,-75.473,81.168,-0.496,-0.278,0.656,1.885,-39.023,-13.763,-0.184,-0.36,0.879,7.122,-18.679,-3.695,-0.218,-0.388,0.942,7.588,-11.458,-6.656,0.122,-0.333,0.788,-15.771,-10.534,-12.351,btn_D
1780981526.6334147,-0.681,-0.015,1.037,-9.725,-13.305,-1.13,-0.641,-0.365,0.708,-4.809,-2.885,-0.985,-0.246,-0.369,0.919,2.809,-3.137,-2.435,-0.16,-0.381,0.98,6.473,1.672,-1.618,0.146,-0.354,0.802,-0.015,-7.313,-0.061,btn_D
1780981526.736066,-0.737,0.095,0.835,2.374,-2.298,-0.046,-0.626,-0.345,0.668,-5.573,2.137,-0.74,-0.222,-0.371,0.928,0.458,-1.313,-0.55,-0.152,-0.376,0.97,-0.42,2.908,-1.344,0.151,-0.367,0.801,-1.687,2.099,1.328,btn_D
1780981526.8520806,-0.673,0.13,0.789,3.87,-7.351,1.473,-0.611,-0.336,0.679,-3.985,0.588,0.176,-0.214,-0.37,0.924,1.344,-0.176,0.687,-0.155,-0.381,0.976,1.74,8.092,1.0,0.151,-0.359,0.801,0.076,2.206,0.71,btn_D
1780981526.9538639,-0.67,0.12,0.783,0.931,-1.802,-0.641,-0.609,-0.333,0.66,-7.733,-1.038,-0.046,-0.225,-0.365,0.93,-0.901,2.145,1.412,-0.162,-0.38,0.974,1.511,9.336,-0.107,0.14,-0.362,0.79,-0.397,3.214,-0.038,btn_D
1780981527.0458848,-0.644,0.159,0.712,-8.481,11.176,-2.29,-0.598,-0.321,0.666,-7.931,3.008,0.74,-0.226,-0.37,0.93,-2.305,2.58,0.702,-0.164,-0.379,0.971,2.397,13.16,1.015,0.139,-0.362,0.805,11.229,14.55,1.641,btn_D
1780981527.1487534,-2.0,-1.373,2.0,-250.137,100.229,-250.137,-0.778,-0.341,0.794,-23.069,-13.962,11.763,-0.229,-0.328,0.928,-21.863,17.916,-11.145,-0.139,-0.429,0.969,5.855,-11.015,-8.969,0.125,-0.345,0.773,-4.221,-1.084,2.137,btn_D
1780981527.2517724,-0.781,-0.143,0.654,-3.282,0.183,-2.321,-0.668,-0.326,0.618,-5.588,0.962,0.389,-0.239,-0.383,0.921,3.061,1.496,2.733,-0.188,-0.371,0.981,2.389,5.031,0.679,0.127,-0.331,0.798,-3.0,2.985,0.969,btn_D
1780981527.3652997,-0.759,-0.14,0.658,-3.832,1.427,-3.924,-0.663,-0.323,0.621,-6.466,0.435,-1.168,-0.242,-0.379,0.924,1.366,4.305,2.237,-0.196,-0.378,0.973,3.588,10.198,1.466,0.104,-0.331,0.798,3.985,1.962,0.565,btn_D
1780981527.4575157,-0.771,-0.148,0.664,-2.29,2.229,-0.916,-0.669,-0.322,0.621,-6.183,0.947,1.023,-0.263,-0.381,0.913,2.87,4.573,2.832,-0.185,-0.381,0.974,3.779,11.267,3.092,0.112,-0.348,0.81,2.45,-0.13,1.122,btn_D
1780981527.5671716,-0.747,-0.151,0.664,-2.244,0.542,1.74,-0.663,-0.326,0.626,-7.023,1.176,-0.244,-0.248,-0.383,0.916,0.908,3.374,1.649,-0.193,-0.386,0.96,3.244,9.809,1.641,0.105,-0.34,0.811,0.031,3.489,0.267,btn_D
1780981527.6633317,-0.775,-0.143,0.652,2.939,1.267,1.45,-0.673,-0.319,0.611,-6.427,1.145,-0.405,-0.257,-0.373,0.913,-0.107,-2.687,-1.221,-0.194,-0.378,0.963,2.244,5.466,-1.481,0.109,-0.351,0.813,-1.26,0.168,0.374,btn_D
1780981527.7663286,-0.763,-0.148,0.665,-1.847,1.0,-1.252,-0.669,-0.319,0.618,-6.061,0.954,-0.359,-0.256,-0.375,0.921,0.015,0.458,0.092,-0.203,-0.378,0.967,1.855,8.878,0.534,0.106,-0.34,0.806,-1.137,3.473,0.321,btn_D
1780981527.8696046,-0.78,-0.144,0.649,-3.992,1.099,0.153,-0.674,-0.323,0.601,-6.954,0.458,-2.641,-0.256,-0.379,0.908,-2.641,-3.015,-1.626,-0.195,-0.386,0.964,-0.527,4.634,-1.817,0.112,-0.35,0.807,-1.183,1.382,0.595,btn_D
1780981530.5477157,-0.787,-0.14,0.636,-0.908,1.832,0.267,-0.667,-0.323,0.62,-6.389,1.115,-1.0,-0.277,-0.376,0.905,-0.496,0.893,0.061,-0.227,-0.379,0.963,1.29,7.947,-0.496,0.102,-0.339,0.809,-0.901,1.855,0.252,btn_D
1780981530.650453,-0.787,-0.141,0.628,-0.313,1.542,-0.275,-0.667,-0.324,0.627,-6.137,2.336,-1.046,-0.272,-0.379,0.908,-0.733,0.267,-0.122,-0.231,-0.382,0.959,0.687,7.672,-0.374,0.099,-0.349,0.808,-1.496,2.427,0.206,btn_D
1780981530.753799,-0.795,-0.139,0.628,-0.702,1.634,-0.366,-0.672,-0.323,0.612,-5.908,0.58,-0.504,-0.28,-0.378,0.912,0.084,-1.16,-0.153,-0.23,-0.385,0.962,1.313,6.427,-0.122,0.095,-0.337,0.809,-0.198,1.924,-0.008,btn_D
1780981530.872139,-0.79,-0.143,0.623,-1.099,0.718,-0.977,-0.672,-0.321,0.615,-5.809,0.725,0.046,-0.275,-0.376,0.906,-0.26,0.328,-0.176,-0.23,-0.382,0.959,1.924,6.557,-0.267,0.103,-0.34,0.803,-0.046,2.275,-0.305,btn_D
1780981530.9731798,-0.795,-0.144,0.63,-0.611,1.824,-0.58,-0.674,-0.326,0.612,-6.618,0.435,0.008,-0.275,-0.376,0.909,0.206,-0.641,-0.321,-0.229,-0.38,0.957,1.84,5.794,-0.924,0.099,-0.343,0.809,0.0,1.664,-0.275,btn_D
1780981531.0624673,-2.0,-0.787,1.889,72.519,-107.893,60.473,-0.727,-0.321,0.609,-12.229,-42.916,-26.42,-0.272,-0.383,0.886,4.328,-14.817,-7.466,-0.276,-0.349,0.995,-2.076,-13.183,-7.824,0.105,-0.347,0.825,-21.702,-35.977,-12.405,btn_D
1780981531.165711,-0.716,0.006,0.855,24.618,-19.321,17.069,-0.642,-0.343,0.665,-0.29,-2.221,-1.031,-0.259,-0.375,0.917,0.962,-2.282,-2.878,-0.206,-0.381,0.967,2.397,-6.244,-4.092,0.126,-0.353,0.811,-10.351,5.924,-3.389,btn_D
1780981531.268287,-0.715,0.098,0.756,12.038,-9.42,8.962,-0.624,-0.337,0.702,-3.061,-3.298,-0.947,-0.251,-0.367,0.909,0.26,-2.038,-1.496,-0.185,-0.378,0.966,1.756,3.145,-0.603,0.125,-0.356,0.789,3.137,0.947,0.435,btn_D
1780981531.3844223,-0.705,0.096,0.802,6.16,-3.802,3.603,-0.602,-0.323,0.666,-5.656,-0.687,-1.221,-0.252,-0.366,0.915,-1.107,-0.344,0.42,-0.187,-0.383,0.969,1.099,7.992,-0.305,0.129,-0.355,0.799,-0.229,3.863,0.427,btn_D
1780981531.4831574,-0.664,0.139,0.735,0.405,-0.87,1.328,-0.604,-0.322,0.662,-5.817,-0.435,-1.046,-0.239,-0.367,0.919,-1.351,-0.885,0.237,-0.186,-0.378,0.979,1.634,12.076,0.382,0.13,-0.362,0.798,0.0,5.71,1.153,btn_D
1780981531.5837705,-0.247,0.11,0.405,-156.763,95.863,-125.115,-0.604,-0.35,0.61,-4.595,45.038,24.023,-0.264,-0.377,0.92,-4.969,3.42,-0.855,-0.209,-0.384,0.967,-0.244,6.84,-3.023,0.113,-0.351,0.808,4.481,9.565,2.092,btn_D
1780981531.681056,-0.802,-0.146,0.679,-0.45,-30.42,-2.244,-0.67,-0.307,0.613,-6.145,-2.924,-3.053,-0.248,-0.377,0.926,-5.405,2.298,-1.405,-0.193,-0.386,0.972,-1.84,13.824,-1.244,0.098,-0.351,0.805,-12.947,15.725,1.214,btn_D
1780981531.78404,-0.797,-0.131,0.634,-3.267,5.382,-1.519,-0.67,-0.318,0.626,-9.153,2.069,-2.031,-0.266,-0.375,0.912,-2.45,-2.267,-1.443,-0.201,-0.383,0.973,0.0,6.038,-1.168,0.115,-0.344,0.805,-2.038,1.527,0.954,btn_D
1780981531.8987548,-0.79,-0.136,0.627,1.748,2.649,0.71,-0.668,-0.319,0.623,-5.809,1.015,-0.107,-0.269,-0.376,0.921,-0.756,0.008,-0.344,-0.202,-0.393,0.963,0.618,6.802,-1.931,0.105,-0.365,0.805,-3.122,2.45,-0.29,btn_D
1780981532.0026467,-0.783,-0.145,0.641,-4.901,0.336,-2.641,-0.667,-0.325,0.633,-9.084,1.198,-2.55,-0.258,-0.385,0.91,-1.244,-0.405,0.092,-0.214,-0.386,0.961,1.344,8.443,0.061,0.107,-0.342,0.799,1.885,1.58,0.458,btn_D
1780981532.1018233,-0.795,-0.14,0.622,-0.603,4.359,3.527,-0.663,-0.319,0.619,-5.397,0.802,2.695,-0.271,-0.379,0.91,2.076,4.053,2.565,-0.215,-0.378,0.965,3.008,8.443,-0.481,0.099,-0.34,0.809,-0.595,1.305,-0.55,btn_D
1780981532.2017949,-0.79,-0.147,0.632,-5.008,0.672,-2.771,-0.665,-0.325,0.612,-7.046,0.916,-0.771,-0.266,-0.38,0.906,-0.26,0.992,1.031,-0.222,-0.39,0.964,2.71,8.496,-0.031,0.105,-0.345,0.816,1.42,3.824,-0.435,btn_D
1780981532.2987812,-0.791,-0.139,0.629,-1.863,2.924,0.145,-0.665,-0.317,0.617,-6.656,0.634,0.901,-0.274,-0.374,0.92,0.817,0.252,1.405,-0.219,-0.372,0.964,1.29,7.42,0.092,0.104,-0.337,0.803,1.924,2.038,0.534,btn_D
1780981532.4013138,-0.788,-0.146,0.627,-2.145,1.053,-0.519,-0.667,-0.318,0.619,-6.435,0.366,0.664,-0.27,-0.368,0.885,0.275,2.641,1.74,-0.229,-0.374,0.965,1.802,8.145,0.687,0.104,-0.337,0.8,-0.092,2.626,0.779,btn_D
1780981535.1843379,-0.797,-0.146,0.617,-1.153,1.282,-0.939,-0.668,-0.32,0.619,-6.473,1.015,0.344,-0.277,-0.375,0.905,-0.29,-0.122,0.42,-0.226,-0.385,0.96,1.321,7.298,-0.702,0.099,-0.349,0.806,-1.084,2.13,0.092,btn_D
1780981535.2856398,-0.797,-0.151,0.614,-3.382,4.412,-1.267,-0.667,-0.324,0.62,-7.267,1.137,-0.275,-0.293,-0.382,0.909,-0.985,1.427,0.573,-0.232,-0.387,0.957,1.45,7.794,-0.015,0.101,-0.347,0.804,-2.733,1.504,0.351,btn_D
1780981535.3888571,-0.8,-0.144,0.618,-0.504,-0.359,-0.733,-0.673,-0.313,0.618,-6.351,0.824,-0.847,-0.278,-0.373,0.905,-0.84,-0.992,-0.397,-0.228,-0.388,0.962,0.023,9.412,-0.832,0.099,-0.347,0.813,-0.45,3.962,0.405,btn_D
1780981535.491601,-0.794,-0.144,0.632,-0.779,1.947,-0.534,-0.67,-0.32,0.613,-6.565,0.42,-0.573,-0.285,-0.37,0.905,-0.351,0.374,0.115,-0.235,-0.385,0.966,1.153,7.16,-0.695,0.102,-0.344,0.813,-0.504,2.229,0.198,btn_D
1780981535.598239,-0.795,-0.146,0.621,-0.55,1.779,-0.267,-0.673,-0.323,0.622,-6.748,0.229,-0.611,-0.288,-0.376,0.906,-0.695,-0.298,0.191,-0.231,-0.386,0.949,1.282,7.015,-0.435,0.098,-0.338,0.805,-0.504,2.313,-0.053,btn_D
1780981535.6979506,-0.801,-0.15,0.626,-0.725,2.779,-0.527,-0.671,-0.324,0.609,-6.405,0.985,-0.069,-0.277,-0.377,0.906,-0.473,1.023,0.153,-0.229,-0.383,0.957,2.137,8.344,0.336,0.092,-0.334,0.804,-0.038,3.992,0.282,btn_D
1780981535.8153605,0.468,0.588,-1.083,180.397,-116.389,173.649,-0.46,-0.27,0.611,-4.443,-37.893,-22.71,-0.235,-0.389,0.878,4.168,-40.71,-7.511,-0.124,-0.395,1.045,-3.191,-19.45,-3.687,0.151,-0.327,0.754,6.695,-5.595,-1.099,btn_D
1780981535.9040196,-0.601,0.065,0.827,22.855,-21.885,15.672,-0.621,-0.339,0.669,-4.221,-2.763,-2.252,-0.283,-0.38,0.961,1.313,-2.45,-1.519,-0.235,-0.362,0.965,4.145,0.58,-2.916,0.103,-0.36,0.808,2.458,-11.015,-0.344,btn_D
1780981536.0145507,-0.698,0.118,0.744,2.962,-2.008,-1.183,-0.634,-0.353,0.664,-3.13,-3.427,0.0,-0.255,-0.39,0.916,3.847,-5.466,-0.328,-0.197,-0.383,0.967,4.168,-1.282,-1.885,0.118,-0.354,0.799,-7.153,-4.611,-3.71,btn_D
1780981536.1155155,-0.638,0.15,0.765,5.763,-7.595,3.237,-0.584,-0.32,0.685,-3.595,-4.771,-1.748,-0.223,-0.369,0.926,-0.046,-4.511,-1.061,-0.167,-0.379,0.977,0.771,4.679,-0.786,0.131,-0.358,0.788,-1.748,2.771,0.321,btn_D
1780981536.2143412,-0.666,0.178,0.709,5.122,-3.672,2.13,-0.605,-0.322,0.662,-5.878,1.244,-1.076,-0.229,-0.375,0.927,-1.496,-1.244,-0.107,-0.158,-0.376,0.98,1.687,8.87,-0.13,0.135,-0.349,0.799,0.221,3.527,0.649,btn_D
1780981536.3161314,-0.701,0.142,0.801,10.878,-4.137,7.282,-0.625,-0.336,0.65,-6.198,1.443,0.389,-0.242,-0.363,0.91,-0.382,-3.13,-0.885,-0.162,-0.378,0.979,1.214,1.87,-0.649,0.129,-0.361,0.813,0.893,1.214,-3.214,btn_D
1780981536.4348536,-0.65,0.177,0.758,1.969,2.931,-0.634,-0.6,-0.324,0.685,-7.031,0.992,0.153,-0.246,-0.366,0.921,-2.55,-1.649,0.275,-0.166,-0.373,0.968,1.389,6.153,-0.405,0.137,-0.362,0.802,-0.695,3.527,-1.405,btn_D
1780981536.521806,-0.44,0.256,0.513,-52.412,51.809,-11.489,-0.558,-0.313,0.655,-16.031,3.794,-0.191,-0.208,-0.377,0.926,-7.74,10.634,2.137,-0.169,-0.353,0.973,2.511,29.679,1.603,0.128,-0.338,0.792,19.573,36.901,3.046,btn_D
1780981536.631043,-0.7,-0.415,1.13,62.573,73.137,-4.618,-0.664,-0.305,0.654,-3.42,-1.939,-6.519,-0.201,-0.383,0.945,1.534,-25.046,-6.573,-0.152,-0.376,0.956,10.634,6.71,0.977,0.129,-0.367,0.788,7.908,-2.084,-0.084,btn_D
1780981536.72789,-0.744,-0.139,0.685,-15.977,-15.565,-6.29,-0.66,-0.316,0.62,-7.763,-1.16,-1.794,-0.233,-0.372,0.929,-0.985,2.198,0.817,-0.181,-0.371,0.972,2.733,11.42,0.71,0.105,-0.344,0.811,1.29,3.137,0.771,btn_D
1780981536.8308794,-0.774,-0.128,0.665,-3.832,3.542,-1.511,-0.656,-0.317,0.632,-7.069,0.893,-0.557,-0.273,-0.377,0.891,0.695,5.115,2.496,-0.187,-0.38,0.975,1.458,7.557,0.763,0.117,-0.34,0.815,-2.725,2.779,1.328,btn_D
1780981536.940459,-0.762,-0.133,0.667,-2.237,1.771,-0.534,-0.656,-0.323,0.632,-6.534,1.588,0.435,-0.241,-0.379,0.924,-0.557,4.038,1.634,-0.188,-0.382,0.981,1.748,10.137,0.916,0.113,-0.34,0.809,-1.725,4.763,1.573,btn_D
1780981537.051949,-0.762,-0.138,0.67,-6.412,3.802,3.939,-0.663,-0.32,0.626,-6.847,2.313,0.275,-0.248,-0.375,0.917,-0.504,2.153,1.405,-0.196,-0.377,0.967,1.366,7.931,-0.046,0.107,-0.338,0.802,0.359,0.702,0.389,btn_D
1780981539.8177254,-0.794,-0.134,0.624,-2.527,3.107,-1.588,-0.677,-0.323,0.604,-7.198,0.931,-0.947,-0.286,-0.379,0.901,-1.351,0.916,0.145,-0.226,-0.395,0.955,1.206,7.366,-0.466,0.095,-0.337,0.814,-0.992,1.985,0.344,btn_D
1780981539.9209368,-0.792,-0.134,0.622,-0.809,1.733,0.084,-0.674,-0.32,0.61,-6.405,0.603,-0.382,-0.28,-0.37,0.906,-0.153,0.695,0.664,-0.227,-0.395,0.949,1.298,7.954,0.366,0.091,-0.337,0.81,-0.389,3.519,0.504,btn_D
1780981540.0238647,-0.789,-0.132,0.625,-2.74,5.473,0.901,-0.68,-0.323,0.603,-6.985,1.282,1.954,-0.295,-0.367,0.897,2.046,4.931,3.237,-0.237,-0.38,0.947,0.939,12.229,-0.038,0.094,-0.318,0.813,8.466,5.122,0.878,btn_D
1780981540.1336832,-0.805,-0.14,0.617,-0.603,-1.595,-0.359,-0.675,-0.328,0.604,-5.206,0.595,-0.527,-0.284,-0.378,0.909,0.359,-1.069,0.053,-0.221,-0.394,0.961,2.366,5.565,-0.16,0.111,-0.34,0.804,0.573,3.908,-1.863,btn_D
1780981540.2302861,-0.792,-0.133,0.625,0.191,1.13,-1.084,-0.676,-0.32,0.605,-5.969,0.702,-0.351,-0.29,-0.372,0.897,0.122,0.374,-0.397,-0.236,-0.389,0.953,2.763,5.527,-0.588,0.084,-0.339,0.821,-2.527,2.374,-2.229,btn_D
1780981540.3330739,0.67,0.553,-1.588,208.107,-185.893,250.13,-0.492,-0.463,0.918,14.664,-92.168,-19.809,-0.33,-0.383,0.807,15.916,-76.405,-16.26,-0.007,-0.392,1.114,-4.511,-63.344,-14.496,0.162,-0.336,0.765,9.275,-38.863,-5.817,btn_D
1780981540.4499333,-0.686,0.066,0.848,13.397,-14.313,2.977,-0.592,-0.342,0.682,-1.42,1.031,0.603,-0.236,-0.36,0.914,7.985,-6.55,-2.992,-0.155,-0.366,0.992,3.244,-4.267,-2.168,0.13,-0.356,0.817,-1.542,-2.55,-1.435,btn_D
1780981540.5507257,-0.649,0.131,0.771,3.534,-6.092,4.504,-0.62,-0.353,0.655,-5.397,0.473,1.252,-0.254,-0.381,0.914,2.489,5.542,2.008,-0.181,-0.396,0.962,3.252,6.58,0.763,0.124,-0.352,0.802,-1.023,1.763,-0.664,btn_D
1780981540.6559074,-0.658,0.195,0.692,2.84,-1.13,5.588,-0.596,-0.321,0.667,-7.496,-1.527,-3.206,-0.248,-0.366,0.924,-0.748,-3.351,-0.931,-0.166,-0.39,0.97,-0.702,8.031,-0.809,0.134,-0.369,0.789,-0.664,3.824,0.458,btn_D
1780981540.7454684,-0.427,0.228,0.495,-59.565,58.076,-15.931,-0.568,-0.33,0.651,-18.145,7.519,2.832,-0.241,-0.386,0.923,-7.832,8.145,1.176,-0.155,-0.423,0.98,-1.595,28.214,1.542,0.122,-0.342,0.809,13.16,26.542,3.298,btn_D
1780981540.8505695,-1.453,-0.164,1.065,-2.969,-14.641,11.107,-0.655,-0.324,0.623,-9.405,1.733,-5.023,-0.285,-0.358,0.887,-3.626,-10.313,-5.336,-0.173,-0.412,0.98,1.748,-2.458,-3.878,0.103,-0.349,0.801,-3.847,-17.412,0.779,btn_D
1780981540.9510057,-0.791,-0.137,0.624,-7.351,-5.832,-3.763,-0.664,-0.313,0.623,-6.58,-0.595,-0.252,-0.249,-0.375,0.916,-0.115,-0.107,0.473,-0.202,-0.391,0.965,2.496,9.962,1.008,0.097,-0.338,0.821,-2.954,6.802,0.626,btn_D
1780981541.0640712,-0.774,-0.132,0.633,-2.382,2.641,0.115,-0.672,-0.327,0.614,-7.359,1.954,0.382,-0.265,-0.372,0.899,-1.015,1.702,0.443,-0.213,-0.395,0.95,1.023,8.702,-0.458,0.102,-0.336,0.806,-2.397,2.481,0.687,btn_D
1780981541.165113,-0.786,-0.138,0.636,-1.832,1.168,-1.45,-0.663,-0.313,0.61,-6.038,1.137,0.618,-0.268,-0.379,0.91,-0.336,0.198,-0.069,-0.21,-0.394,0.962,1.802,7.13,-0.053,0.106,-0.338,0.811,0.382,1.183,0.336,btn_D
1780981541.2602715,-0.785,-0.143,0.633,-0.092,1.809,0.366,-0.668,-0.33,0.611,-6.336,1.099,0.359,-0.269,-0.381,0.912,0.679,0.893,0.305,-0.214,-0.391,0.96,2.244,7.359,-0.366,0.111,-0.343,0.804,-0.55,1.626,-0.023,btn_D
1780981541.3630302,-0.785,-0.136,0.637,-0.733,1.695,-0.412,-0.67,-0.328,0.622,-6.313,2.008,0.519,-0.272,-0.374,0.913,0.084,0.031,0.412,-0.205,-0.389,0.96,2.046,6.267,-0.481,0.107,-0.341,0.806,-0.527,1.794,0.053,btn_D
1780981541.466743,-0.785,-0.141,0.634,-0.832,1.435,-0.344,-0.671,-0.326,0.621,-6.412,0.977,0.282,-0.271,-0.376,0.912,0.0,1.481,0.618,-0.209,-0.389,0.956,1.786,8.076,0.176,0.106,-0.332,0.804,0.443,3.023,0.328,btn_D
1780981541.5687773,-0.791,-0.136,0.634,1.695,-4.267,-1.573,-0.666,-0.331,0.617,-6.16,-0.824,-3.313,-0.261,-0.384,0.95,-3.115,-3.107,-1.832,-0.194,-0.399,0.943,3.618,7.771,0.351,0.102,-0.346,0.805,6.359,-2.405,-1.542,btn_D
1780981541.6861956,-0.776,-0.151,0.635,-3.191,6.107,1.695,-0.666,-0.34,0.602,-8.031,1.504,-0.733,-0.269,-0.39,0.906,-0.786,2.748,1.672,-0.208,-0.401,0.948,2.389,8.16,1.351,0.096,-0.354,0.807,0.817,4.267,0.038,btn_D
1780981544.4533184,-0.798,-0.137,0.625,-0.527,1.16,-0.595,-0.669,-0.326,0.609,-6.282,0.458,0.214,-0.28,-0.376,0.909,0.305,0.046,0.595,-0.221,-0.395,0.953,2.13,7.634,-0.137,0.099,-0.349,0.807,-0.366,2.183,0.298,btn_D
1780981544.565496,-0.798,-0.138,0.62,-2.038,1.366,-1.313,-0.678,-0.329,0.609,-6.664,0.344,-0.328,-0.281,-0.379,0.906,-0.771,-0.351,0.206,-0.224,-0.393,0.96,1.328,6.534,-0.71,0.105,-0.35,0.807,-0.969,2.412,-0.198,btn_D
1780981544.6594174,-0.805,-0.138,0.612,-0.855,3.0,-0.481,-0.674,-0.326,0.604,-7.023,1.16,-1.344,-0.282,-0.381,0.904,-1.084,-0.435,-0.099,-0.219,-0.399,0.957,1.16,6.603,-0.679,0.106,-0.355,0.811,-0.763,2.359,0.183,btn_D
1780981544.7649739,-0.798,-0.139,0.613,-1.061,1.679,-1.649,-0.672,-0.325,0.606,-6.359,0.725,-1.282,-0.277,-0.382,0.9,-0.382,-0.71,0.443,-0.225,-0.393,0.953,1.786,8.252,-0.382,0.097,-0.353,0.809,-0.71,2.786,-0.137,btn_D
1780981544.8657146,-0.805,-0.137,0.612,-1.206,1.176,-1.137,-0.666,-0.331,0.599,-6.145,-0.023,-0.878,-0.279,-0.372,0.9,0.191,-1.008,-0.038,-0.216,-0.397,0.948,1.718,5.588,-0.969,0.103,-0.355,0.812,-0.244,3.282,-0.351,btn_D
1780981544.982033,-0.252,-0.019,-0.46,219.282,-118.031,250.13,-0.555,-0.338,0.609,-3.443,-56.42,-24.244,-0.263,-0.411,0.911,15.962,-32.366,-6.206,-0.139,-0.347,0.996,-0.519,-55.206,-8.229,0.147,-0.361,0.773,3.405,-22.069,-5.374,btn_D
1780981545.071159,-0.766,0.062,0.873,21.84,-23.672,16.45,-0.649,-0.36,0.659,-1.015,-13.893,-3.412,-0.241,-0.359,0.908,5.84,-12.351,-4.115,-0.169,-0.387,0.963,4.908,-7.328,-3.985,0.125,-0.382,0.824,-3.29,-9.702,-2.71,btn_D
1780981545.185188,-0.554,0.17,0.744,8.824,-8.611,10.588,-0.582,-0.338,0.694,-5.931,-6.901,0.13,-0.238,-0.373,0.917,0.046,-0.863,0.763,-0.185,-0.391,0.967,1.084,6.931,0.664,0.122,-0.368,0.8,-3.534,4.954,-0.13,btn_D
1780981545.279117,-0.652,0.136,0.831,9.74,-11.672,4.718,-0.584,-0.316,0.635,-3.397,0.626,1.931,-0.259,-0.36,0.906,1.252,0.206,-0.427,-0.164,-0.389,0.97,1.244,9.244,-0.641,0.142,-0.367,0.798,1.542,3.328,0.229,btn_D
1780981545.3822546,-0.326,0.276,0.34,-121.26,114.351,-18.771,-0.479,-0.35,0.633,-7.092,46.0,13.969,-0.266,-0.379,0.925,-6.29,15.511,1.618,-0.193,-0.398,0.956,-4.748,38.115,-0.214,0.103,-0.348,0.813,5.885,6.962,1.718,btn_D
1780981545.491709,-0.892,-0.239,0.806,44.542,53.992,4.466,-0.709,-0.309,0.596,-11.137,-2.328,-10.092,-0.236,-0.392,0.932,-1.397,-21.527,-3.962,-0.181,-0.399,0.97,-1.55,7.634,-2.015,0.131,-0.339,0.778,2.038,1.863,1.573,btn_D
1780981545.5976243,-0.786,-0.154,0.641,-1.069,1.863,-2.573,-0.661,-0.33,0.61,-7.382,0.466,-1.45,-0.257,-0.385,0.911,-0.656,3.137,1.611,-0.2,-0.397,0.96,1.672,11.389,0.664,0.097,-0.348,0.806,2.519,2.046,1.847,btn_D
1780981545.689827,-0.793,-0.146,0.623,-0.916,3.687,-0.481,-0.667,-0.336,0.61,-7.145,1.84,-0.267,-0.264,-0.384,0.904,-0.344,0.771,0.344,-0.196,-0.4,0.962,1.55,7.954,0.244,0.108,-0.348,0.81,0.55,0.649,1.473,btn_D
1780981545.7926555,-0.793,-0.145,0.623,-1.87,4.359,-1.397,-0.673,-0.334,0.589,-6.84,1.458,0.221,-0.276,-0.383,0.901,-0.328,2.092,1.046,-0.222,-0.395,0.956,1.504,8.42,-0.481,0.094,-0.341,0.809,-1.473,2.977,0.496,btn_D
1780981545.8994672,-0.798,-0.141,0.618,-1.321,2.359,-0.947,-0.67,-0.328,0.614,-6.641,1.122,0.183,-0.271,-0.387,0.911,-0.145,0.168,0.115,-0.204,-0.398,0.958,0.985,8.763,-0.351,0.11,-0.352,0.805,0.359,2.153,0.802,btn_D
1780981545.9985168,-0.797,-0.15,0.615,-1.603,2.779,-0.29,-0.675,-0.333,0.606,-6.924,0.679,-0.153,-0.271,-0.386,0.903,-0.55,0.885,0.023,-0.213,-0.398,0.951,1.298,7.573,-0.229,0.109,-0.35,0.802,-0.863,1.389,0.069,btn_D
1780981546.1128771,-0.799,-0.144,0.617,-0.824,0.389,-0.794,-0.667,-0.333,0.611,-6.374,0.664,-0.374,-0.264,-0.387,0.902,0.168,-0.26,-0.092,-0.211,-0.398,0.956,1.45,7.977,-0.427,0.103,-0.346,0.808,-1.71,2.427,0.382,btn_D
1780981546.2146738,-0.799,-0.138,0.614,-0.053,1.397,-1.053,-0.669,-0.332,0.608,-6.511,1.145,0.099,-0.268,-0.386,0.903,-0.015,-0.191,0.672,-0.207,-0.396,0.953,1.229,7.42,-0.725,0.11,-0.347,0.803,-0.29,2.13,-0.084,btn_D
1780981546.3075054,-0.8,-0.149,0.614,-0.725,2.412,-0.092,-0.674,-0.334,0.606,-6.588,0.611,-0.015,-0.273,-0.388,0.905,-0.237,0.389,0.145,-0.211,-0.4,0.957,2.061,6.901,0.481,0.1,-0.352,0.806,-0.328,2.046,-0.542,btn_D
1780981548.985224,-0.803,-0.156,0.61,-0.74,1.145,-0.42,-0.676,-0.335,0.599,-6.519,0.504,0.076,-0.275,-0.383,0.904,-0.176,-0.298,0.229,-0.221,-0.396,0.954,1.534,7.214,-0.504,0.102,-0.351,0.809,-0.29,2.084,-0.053,btn_D
1780981549.100814,-0.8,-0.149,0.603,-1.321,1.031,-1.191,-0.678,-0.333,0.604,-6.611,0.511,-0.313,-0.277,-0.385,0.905,-0.618,-0.405,0.427,-0.222,-0.398,0.945,1.13,7.076,-0.603,0.106,-0.35,0.804,-0.527,2.412,-0.168,btn_D
1780981549.1984293,-0.802,-0.155,0.604,-0.649,2.176,-0.282,-0.679,-0.337,0.598,-6.481,1.038,0.412,-0.277,-0.387,0.904,-0.038,0.702,1.038,-0.222,-0.395,0.956,1.977,6.603,-0.229,0.1,-0.35,0.806,-0.115,2.275,-0.206,btn_D
1780981549.2985356,-0.807,-0.16,0.605,-1.611,3.267,-0.588,-0.679,-0.332,0.591,-6.954,1.351,0.13,-0.281,-0.383,0.901,-0.763,2.214,1.542,-0.204,-0.409,0.986,0.641,9.58,0.748,0.112,-0.358,0.805,1.359,3.58,0.908,btn_D
1780981549.3976266,-0.808,-0.153,0.606,0.076,0.359,-0.137,-0.673,-0.334,0.609,-5.924,1.183,-0.321,-0.275,-0.386,0.899,0.092,-0.534,0.573,-0.228,-0.398,0.953,1.489,8.618,-0.313,0.107,-0.354,0.802,-0.092,3.45,-0.641,btn_D
1780981549.5125866,-0.809,-0.15,0.609,-0.527,1.557,-1.504,-0.676,-0.334,0.592,-6.435,-0.16,-1.466,-0.286,-0.387,0.899,-0.305,-1.076,-0.565,-0.23,-0.399,0.958,1.412,4.954,-1.328,0.102,-0.357,0.812,-0.496,0.779,-0.534,btn_D
1780981549.6039872,-0.812,-0.152,0.594,1.977,-4.802,1.313,-0.682,-0.331,0.595,-4.847,0.702,1.282,-0.274,-0.373,0.902,1.366,-1.847,-0.412,-0.216,-0.39,0.957,2.137,5.817,-0.649,0.105,-0.354,0.807,-0.427,2.374,-0.359,btn_D
1780981549.7064161,-1.133,-0.257,1.088,-38.618,25.13,13.405,-0.809,-0.288,0.582,-10.137,-17.458,-11.221,-0.305,-0.384,0.931,-1.443,9.458,3.824,-0.312,-0.378,0.981,-12.672,15.939,0.863,0.069,-0.347,0.766,-16.672,3.427,-11.206,btn_D
1780981549.8159828,-0.558,0.243,0.573,19.878,-26.969,12.313,-0.611,-0.338,0.572,2.718,13.435,-4.397,-0.262,-0.372,0.91,6.58,-6.656,-3.427,-0.194,-0.38,0.933,3.916,-1.611,-3.16,0.137,-0.351,0.786,7.985,-12.053,-2.519,btn_D
1780981549.9123983,-0.758,0.149,0.8,3.351,1.137,-1.611,-0.615,-0.363,0.681,-6.542,0.359,0.328,-0.247,-0.385,0.917,1.427,-2.985,-0.008,-0.19,-0.396,0.958,3.969,1.832,-1.229,0.134,-0.363,0.804,1.176,-4.084,-0.84,btn_D
1780981550.015865,-0.692,0.118,0.849,3.16,-0.855,-0.458,-0.597,-0.348,0.671,-8.13,0.649,1.053,-0.272,-0.372,0.911,1.107,5.847,2.397,-0.196,-0.39,0.956,1.015,10.115,-0.031,0.134,-0.381,0.8,-2.603,3.573,1.191,btn_D
1780981550.118898,-0.595,0.211,0.644,-26.489,27.405,-6.939,-0.576,-0.334,0.661,-11.496,6.74,-1.023,-0.25,-0.379,0.915,-3.649,4.962,0.397,-0.191,-0.39,0.97,2.191,15.565,-1.015,0.118,-0.363,0.786,13.092,15.885,2.885,btn_D
1780981550.2305598,-0.184,1.07,-0.965,170.084,-240.122,-91.702,-0.716,-0.289,0.622,-2.611,27.16,-8.153,-0.199,-0.407,0.942,16.702,-3.145,-11.0,-0.217,-0.388,0.935,8.534,-12.13,-6.855,0.122,-0.336,0.734,3.71,-20.397,1.176,btn_D
1780981550.3310127,-0.77,-0.143,0.657,-7.718,7.099,-1.481,-0.674,-0.326,0.612,-6.565,1.26,-0.145,-0.26,-0.379,0.907,0.611,-4.397,0.458,-0.195,-0.389,0.972,0.847,8.649,-0.092,0.126,-0.341,0.808,-8.023,10.672,-0.084,btn_D
1780981550.4306304,-0.76,-0.146,0.645,-4.664,2.634,-0.473,-0.671,-0.34,0.612,-6.817,-0.328,1.389,-0.267,-0.385,0.905,-0.55,2.786,1.405,-0.205,-0.391,0.962,1.504,8.611,0.496,0.117,-0.355,0.806,0.008,3.908,0.618,btn_D
1780981550.5306795,-0.782,-0.139,0.652,-2.069,2.0,-0.466,-0.675,-0.331,0.611,-6.511,0.634,0.817,-0.278,-0.383,0.901,0.756,2.221,2.42,-0.205,-0.398,0.966,3.26,9.885,2.45,0.108,-0.35,0.819,2.962,1.359,1.534,btn_D
1780981550.6488087,-0.784,-0.135,0.641,-2.748,3.71,2.168,-0.677,-0.333,0.604,-6.916,0.55,-0.618,-0.269,-0.385,0.91,-0.573,1.496,0.847,-0.209,-0.394,0.962,1.389,8.145,0.206,0.101,-0.356,0.811,-1.359,2.58,0.397,btn_D
1780981550.7505395,-0.783,-0.143,0.652,-0.656,2.0,-0.588,-0.673,-0.33,0.606,-6.595,0.55,-0.336,-0.267,-0.387,0.908,0.16,1.679,1.26,-0.212,-0.394,0.965,1.763,8.122,0.046,0.113,-0.352,0.812,-1.023,2.641,0.519,btn_D
1780981550.8465521,-0.782,-0.145,0.642,-0.87,2.275,-0.718,-0.668,-0.333,0.606,-5.939,0.191,-0.076,-0.266,-0.382,0.912,0.214,1.214,0.481,-0.209,-0.387,0.96,2.374,8.008,0.099,0.116,-0.356,0.806,-0.519,1.908,0.16,btn_D
1780981550.9432015,-0.774,-0.141,0.643,-4.374,2.573,-1.42,-0.674,-0.33,0.604,-7.321,1.42,-0.985,-0.274,-0.386,0.911,-1.321,1.275,0.817,-0.212,-0.39,0.96,1.008,8.053,-0.412,0.11,-0.358,0.804,-1.626,3.641,0.58,btn_D
1780981553.620778,-0.785,-0.14,0.648,-2.71,1.481,0.893,-0.666,-0.331,0.613,-6.267,1.221,0.397,-0.257,-0.383,0.908,-0.145,0.649,1.069,-0.195,-0.39,0.962,1.031,7.771,-0.611,0.119,-0.349,0.801,-0.603,1.473,0.473,btn_D
1780981553.7319956,-0.772,-0.14,0.646,-2.351,0.863,-0.74,-0.673,-0.334,0.61,-6.267,0.954,-0.221,-0.26,-0.388,0.906,-0.344,0.87,0.443,-0.196,-0.393,0.955,1.641,7.511,0.13,0.114,-0.351,0.81,-0.55,1.748,-0.221,btn_D
1780981553.8309183,-0.777,-0.14,0.651,-0.931,1.031,-0.74,-0.665,-0.332,0.61,-6.16,1.0,-0.405,-0.257,-0.384,0.913,-0.351,0.298,-0.26,-0.196,-0.39,0.968,1.985,7.481,0.084,0.12,-0.35,0.8,-0.267,2.168,0.137,btn_D
1780981553.9292874,-0.781,-0.148,0.645,-0.542,2.328,0.26,-0.667,-0.333,0.606,-6.206,0.55,-0.611,-0.26,-0.385,0.909,-0.42,-1.191,-0.397,-0.198,-0.394,0.967,1.611,6.939,-0.924,0.112,-0.35,0.804,-0.145,1.527,0.13,btn_D
1780981554.0382643,-0.78,-0.142,0.653,-1.282,1.649,-0.618,-0.669,-0.331,0.613,-6.893,1.13,-0.321,-0.251,-0.383,0.914,-0.534,-0.527,-0.435,-0.197,-0.396,0.961,1.405,7.076,-0.229,0.118,-0.341,0.812,-0.962,2.809,-0.16,btn_D
1780981554.13594,-0.777,-0.133,0.644,0.153,2.267,0.183,-0.67,-0.332,0.605,-6.382,0.733,0.237,-0.259,-0.382,0.909,0.023,0.542,-0.366,-0.199,-0.395,0.961,1.473,6.573,-0.748,0.118,-0.353,0.808,-0.763,2.031,-0.076,btn_D
1780981554.2391207,-1.3,-0.933,2.0,-11.321,-98.779,-41.901,-0.874,-0.3,0.525,-19.099,-27.649,-24.992,-0.307,-0.375,0.901,0.267,5.672,0.718,-0.242,-0.405,0.961,-2.389,-6.122,-1.924,0.06,-0.336,0.768,-16.924,-12.702,-10.756,btn_D
1780981554.3415446,-0.691,0.137,0.792,24.137,-20.672,37.733,-0.612,-0.375,0.667,1.534,-3.374,-1.55,-0.26,-0.382,0.917,3.573,-7.985,-1.702,-0.203,-0.393,0.965,3.336,-9.046,-3.534,0.155,-0.362,0.791,-1.198,-8.359,-6.031,btn_D
1780981554.4454484,-0.715,0.133,0.863,7.962,-4.351,1.275,-0.614,-0.347,0.667,-4.977,-0.168,-1.092,-0.253,-0.367,0.904,0.473,-1.13,-1.756,-0.151,-0.371,0.982,2.649,2.527,-1.397,0.145,-0.375,0.806,1.092,0.153,-0.076,btn_D
1780981554.5573783,-0.605,0.181,0.76,0.641,0.191,3.076,-0.597,-0.354,0.666,-7.733,-0.45,-1.817,-0.224,-0.381,0.927,-1.16,3.176,1.069,-0.176,-0.396,0.968,0.405,10.809,0.481,0.138,-0.377,0.805,-2.763,3.107,-0.351,btn_D
1780981554.6506383,-0.602,0.195,0.768,-1.74,3.504,-1.046,-0.6,-0.354,0.685,-6.962,2.489,-0.313,-0.229,-0.384,0.927,0.244,5.015,2.58,-0.175,-0.393,0.956,1.573,7.534,-0.847,0.144,-0.37,0.785,-2.237,0.656,-0.588,btn_D
1780981554.7644155,-0.658,0.18,0.791,3.137,-0.649,-0.42,-0.602,-0.358,0.669,-5.924,0.519,0.26,-0.249,-0.372,0.912,0.267,2.435,0.573,-0.163,-0.391,0.965,1.13,6.725,-0.405,0.149,-0.376,0.799,-0.901,3.405,0.893,btn_D
1780981554.866666,-0.368,0.303,0.434,-96.42,110.939,-8.687,-0.493,-0.356,0.762,-1.481,37.504,12.229,-0.264,-0.368,0.892,-5.267,12.817,1.382,-0.182,-0.375,0.973,-4.618,32.061,-0.748,0.104,-0.348,0.784,3.267,10.603,1.779,btn_D
1780981554.9638941,0.021,0.054,0.375,0.0,-1.084,1.893,-0.668,-0.326,0.625,-8.137,4.038,-2.725,-0.289,-0.371,0.89,-6.641,-19.893,-4.626,-0.165,-0.393,0.963,2.015,-1.985,-2.924,0.134,-0.36,0.84,5.092,-16.595,1.504,btn_D
1780981555.0626223,-0.769,-0.137,0.673,-7.985,-1.221,-3.901,-0.672,-0.314,0.621,-7.863,0.664,-0.489,-0.227,-0.388,0.923,0.885,3.16,3.565,-0.199,-0.397,0.959,2.519,11.473,2.031,0.107,-0.35,0.815,-0.595,8.061,1.473,btn_D
1780981555.166531,-0.769,-0.166,0.666,-2.473,10.069,0.053,-0.668,-0.337,0.603,-8.252,1.237,-0.649,-0.262,-0.393,0.907,-1.527,0.939,-0.191,-0.194,-0.399,0.963,1.137,6.328,-1.405,0.11,-0.351,0.799,-2.718,2.176,-0.046,btn_D
1780981555.280954,-0.775,-0.134,0.647,-1.885,2.817,-0.763,-0.663,-0.331,0.615,-6.992,1.076,0.092,-0.254,-0.388,0.917,0.053,2.053,1.489,-0.195,-0.395,0.96,1.313,10.069,0.45,0.116,-0.356,0.802,-2.191,3.71,1.42,btn_D
1780981555.3808482,-0.773,-0.145,0.642,-3.718,2.779,-0.534,-0.667,-0.336,0.611,-7.29,2.16,-0.473,-0.26,-0.384,0.909,-1.687,2.412,0.969,-0.199,-0.402,0.956,0.969,8.153,0.008,0.118,-0.356,0.805,-0.824,1.466,0.252,btn_D
1780981555.4926898,-0.776,-0.14,0.636,-1.542,0.847,-1.313,-0.669,-0.336,0.61,-6.885,1.122,-0.45,-0.257,-0.384,0.909,-0.344,0.214,0.168,-0.199,-0.4,0.953,1.305,6.939,-0.954,0.119,-0.352,0.801,-1.076,2.351,0.13,btn_D
1780981555.5783894,-0.79,-0.146,0.641,-1.45,2.42,-1.031,-0.67,-0.335,0.601,-6.275,0.573,-0.725,-0.259,-0.389,0.908,0.069,0.122,0.16,-0.197,-0.398,0.952,1.84,6.672,-0.374,0.115,-0.352,0.809,-0.313,1.046,0.046,btn_D
1780981558.2560036,-0.788,-0.144,0.637,-1.321,1.023,-1.481,-0.67,-0.334,0.603,-6.786,0.435,-1.107,-0.261,-0.385,0.91,-0.267,-0.542,-0.313,-0.208,-0.396,0.957,1.878,7.443,-0.046,0.114,-0.354,0.799,-0.527,2.42,-0.137,btn_D
1780981558.3590033,-0.784,-0.147,0.638,-1.893,1.634,-1.427,-0.673,-0.34,0.601,-6.679,0.466,-0.733,-0.268,-0.387,0.906,-0.412,0.855,0.023,-0.209,-0.397,0.963,2.008,6.725,-0.237,0.111,-0.357,0.805,-0.328,1.992,-0.389,btn_D
1780981558.4764354,-0.786,-0.148,0.639,-1.176,1.611,-0.977,-0.67,-0.336,0.609,-6.115,0.725,-0.298,-0.261,-0.393,0.909,-0.427,-0.206,-0.405,-0.205,-0.397,0.959,1.847,6.779,-0.725,0.116,-0.353,0.802,-0.229,2.252,-0.191,btn_D
1780981558.5648186,-0.778,-0.154,0.635,-1.481,1.916,-1.366,-0.672,-0.335,0.603,-6.229,1.443,0.534,-0.262,-0.39,0.907,-0.573,-0.351,0.29,-0.205,-0.399,0.957,2.0,6.664,-0.489,0.109,-0.358,0.797,-0.115,2.565,-0.321,btn_D
1780981558.6683164,-0.788,-0.148,0.633,-1.45,1.71,-0.977,-0.67,-0.336,0.604,-6.664,0.763,0.214,-0.263,-0.39,0.907,-0.679,0.527,0.053,-0.205,-0.395,0.955,1.16,7.092,-0.595,0.119,-0.353,0.814,-0.74,2.145,-0.145,btn_D
1780981558.7713835,-0.79,-0.149,0.635,-0.641,1.473,-0.573,-0.67,-0.333,0.605,-5.969,0.565,-0.313,-0.263,-0.391,0.906,-0.779,-0.137,0.168,-0.205,-0.394,0.957,1.641,7.656,-0.847,0.12,-0.358,0.804,-0.664,2.336,0.076,btn_D
1780981558.8738987,-2.0,-0.514,0.674,217.901,-144.847,140.084,-0.876,-0.352,0.56,-17.0,-67.519,-38.802,-0.313,-0.4,0.877,13.985,-22.26,-3.191,-0.416,-0.378,0.919,26.435,-66.855,-6.267,0.115,-0.377,0.837,-14.695,-50.534,-14.282,btn_D
1780981558.9769752,-0.592,0.145,0.769,22.626,-30.588,27.076,-0.606,-0.375,0.699,-1.534,-6.359,-8.824,-0.216,-0.377,0.921,-0.099,-9.359,-4.626,-0.139,-0.387,0.977,3.099,-8.244,-1.985,0.153,-0.377,0.797,-7.443,7.374,-3.573,btn_D
1780981559.079986,-0.674,0.09,0.972,4.198,-4.336,-3.908,-0.602,-0.374,0.669,-6.641,1.511,-0.679,-0.235,-0.381,0.916,0.985,1.015,0.481,-0.171,-0.393,0.96,1.656,3.809,-0.893,0.152,-0.373,0.804,0.878,-0.489,0.168,btn_D
1780981559.1868703,-0.619,0.19,0.736,-1.183,3.443,-1.985,-0.595,-0.36,0.66,-6.992,-0.573,-1.168,-0.219,-0.383,0.933,-1.817,-1.382,0.847,-0.154,-0.395,0.97,1.031,9.053,0.076,0.154,-0.371,0.793,-1.229,0.855,-0.252,btn_D
1780981559.2991903,-0.62,0.184,0.768,-3.534,2.878,0.321,-0.592,-0.355,0.662,-6.466,-0.626,-1.038,-0.234,-0.382,0.92,-1.511,2.13,0.733,-0.166,-0.401,0.968,1.466,9.672,0.557,0.141,-0.369,0.784,-1.809,4.443,0.336,btn_D
1780981559.389686,-0.504,0.297,0.522,-35.443,33.977,-3.298,-0.563,-0.344,0.647,-9.435,6.511,-0.496,-0.217,-0.377,0.92,-4.42,5.26,-0.145,-0.173,-0.401,0.956,7.779,23.527,1.313,0.143,-0.367,0.8,19.618,23.504,3.74,btn_D
1780981559.4991033,-1.089,-0.507,1.235,-127.473,64.802,-142.916,-0.735,-0.317,0.582,-7.275,43.504,24.649,-0.29,-0.393,0.888,-3.45,12.328,2.702,-0.235,-0.405,0.958,-1.221,23.443,-1.244,0.082,-0.333,0.798,5.687,11.412,2.031,btn_D
1780981559.5950174,-0.802,-0.125,0.628,3.122,18.924,0.267,-0.676,-0.339,0.599,-6.542,1.687,-0.511,-0.249,-0.391,0.905,1.397,2.053,2.176,-0.206,-0.398,0.953,2.878,6.71,1.183,0.114,-0.353,0.802,0.168,-3.84,1.374,btn_D
1780981559.6996443,-0.782,-0.14,0.635,0.275,0.664,-1.145,-0.67,-0.333,0.605,-6.351,2.031,-0.015,-0.245,-0.386,0.912,-0.084,0.695,-0.374,-0.187,-0.401,0.963,1.656,7.71,0.115,0.11,-0.353,0.802,1.176,0.588,0.641,btn_D
1780981559.814801,-0.776,-0.136,0.629,-2.305,3.763,-1.695,-0.674,-0.338,0.606,-7.0,0.008,-0.878,-0.261,-0.393,0.906,-1.092,0.237,0.382,-0.2,-0.398,0.962,0.931,7.855,-0.679,0.114,-0.351,0.802,-1.252,2.069,0.237,btn_D
1780981559.9140322,-0.79,-0.14,0.629,-3.145,4.496,-1.802,-0.671,-0.336,0.604,-7.0,0.489,-0.107,-0.254,-0.387,0.913,-0.382,0.099,0.237,-0.191,-0.396,0.957,1.29,7.618,0.008,0.126,-0.355,0.8,-1.412,2.26,0.29,btn_D
1780981560.0131648,-0.795,-0.144,0.635,-0.466,2.885,0.473,-0.67,-0.332,0.602,-6.519,1.267,0.008,-0.258,-0.383,0.904,-0.618,0.13,-0.084,-0.203,-0.389,0.96,1.305,7.221,-0.397,0.114,-0.347,0.804,-1.198,2.382,0.42,btn_D
1780981560.1103396,-0.791,-0.142,0.625,-1.595,1.664,-0.779,-0.673,-0.335,0.603,-6.145,0.794,-0.802,-0.257,-0.388,0.907,-0.305,-0.176,-0.015,-0.197,-0.397,0.956,1.542,7.015,-1.008,0.114,-0.353,0.809,-1.13,2.092,0.221,btn_D
1780981560.2131357,-0.785,-0.14,0.626,-1.748,1.779,-1.168,-0.676,-0.335,0.601,-6.366,0.176,-0.977,-0.262,-0.39,0.911,-0.366,-0.275,-0.16,-0.203,-0.395,0.96,1.328,6.771,-0.466,0.112,-0.355,0.802,-0.985,2.252,-0.053,btn_D
1780981562.891423,-0.796,-0.15,0.624,-0.504,1.962,-0.244,-0.663,-0.333,0.611,-6.229,0.908,-0.107,-0.265,-0.383,0.914,0.359,0.374,0.779,-0.209,-0.383,0.96,1.618,7.26,-0.267,0.117,-0.344,0.793,-0.122,2.076,0.107,btn_D
1780981562.9947917,-0.792,-0.148,0.618,-0.832,1.137,-1.076,-0.668,-0.33,0.613,-6.679,0.481,-0.649,-0.266,-0.379,0.905,-0.053,0.053,0.473,-0.21,-0.388,0.957,1.969,7.115,-0.008,0.121,-0.35,0.809,-0.168,2.229,-0.015,btn_D
1780981563.130338,-0.797,-0.147,0.619,-1.664,1.305,-1.176,-0.672,-0.328,0.617,-6.565,0.672,-0.328,-0.264,-0.38,0.905,-0.321,-0.153,0.206,-0.208,-0.388,0.962,1.389,7.069,-0.496,0.117,-0.343,0.804,-0.168,2.58,0.053,btn_D
1780981563.214881,-0.794,-0.152,0.619,-1.641,2.344,-0.626,-0.667,-0.337,0.602,-6.183,1.336,-0.229,-0.266,-0.385,0.906,-0.878,0.863,0.466,-0.206,-0.388,0.964,1.588,7.336,0.092,0.118,-0.348,0.81,-0.832,2.374,0.397,btn_D
1780981563.302949,-0.805,-0.143,0.617,-0.832,0.969,-1.183,-0.67,-0.333,0.613,-6.702,1.176,-0.733,-0.259,-0.381,0.909,-0.351,0.336,0.351,-0.207,-0.387,0.966,0.969,8.008,0.061,0.118,-0.347,0.801,0.458,2.611,0.603,btn_D
1780981563.4068894,-0.793,-0.151,0.62,-0.137,1.237,0.137,-0.668,-0.334,0.605,-6.504,1.0,0.0,-0.27,-0.383,0.907,-0.29,0.084,0.511,-0.208,-0.39,0.958,1.573,6.87,-0.504,0.114,-0.347,0.808,-1.046,2.481,-0.053,btn_D
1780981563.5093114,-2.0,-1.716,2.0,250.13,-250.137,-87.435,-0.839,-0.311,0.614,-33.519,-55.092,-33.183,-0.374,-0.364,0.909,-1.397,-22.031,-7.328,-0.132,-0.329,0.984,-26.053,-7.977,-21.328,0.082,-0.387,0.837,-20.954,-72.573,-19.328,btn_D
1780981563.613166,-0.738,0.063,0.902,17.84,-14.595,24.42,-0.658,-0.364,0.673,-1.153,-4.779,-3.313,-0.218,-0.379,0.908,4.336,-3.672,-2.351,-0.162,-0.39,0.98,0.565,-10.595,-2.046,0.174,-0.365,0.78,-15.725,8.809,-2.046,btn_D
1780981563.728391,-0.637,0.113,0.955,4.641,-8.244,-0.359,-0.592,-0.359,0.667,-7.374,1.183,0.29,-0.227,-0.377,0.926,0.573,4.832,0.87,-0.166,-0.391,0.956,-0.107,6.122,0.405,0.155,-0.367,0.797,-0.191,-0.641,1.061,btn_D
1780981563.8290224,-0.661,0.183,0.777,-1.214,5.137,0.931,-0.608,-0.362,0.674,-6.55,-1.893,-1.336,-0.237,-0.381,0.93,0.252,-2.832,0.74,-0.161,-0.394,0.969,1.42,8.122,-0.473,0.149,-0.377,0.797,-2.557,2.046,0.122,btn_D
1780981563.9326634,-0.695,0.083,0.883,-27.664,36.947,-25.611,-0.602,-0.389,0.649,-12.115,29.786,2.542,-0.237,-0.379,0.917,-5.382,11.267,0.763,-0.178,-0.397,0.976,0.87,17.16,0.74,0.136,-0.355,0.8,3.351,7.824,4.824,btn_D
1780981564.0316777,-0.103,-0.19,0.132,-111.992,104.13,-193.901,-0.541,-0.373,0.667,-0.336,66.145,35.763,-0.232,-0.387,0.908,-8.908,13.137,2.878,-0.171,-0.41,0.975,-2.702,30.725,1.504,0.138,-0.384,0.824,12.542,33.656,5.282,btn_D
1780981564.1286862,-0.729,-0.197,0.673,-8.733,-0.183,-5.969,-0.663,-0.337,0.619,-7.786,-3.771,-1.435,-0.251,-0.394,0.903,-0.069,5.374,3.519,-0.21,-0.396,0.958,1.092,22.771,2.718,0.087,-0.364,0.805,0.321,1.198,0.359,btn_D
1780981564.230364,-0.779,-0.143,0.646,-5.664,-0.412,-2.725,-0.672,-0.345,0.592,-6.107,0.137,-0.481,-0.255,-0.393,0.908,-0.008,-1.031,-0.649,-0.2,-0.401,0.953,2.504,5.405,-0.45,0.119,-0.35,0.809,-1.832,2.664,-0.221,btn_D
1780981564.346629,-0.777,-0.137,0.646,-1.26,1.595,-0.534,-0.673,-0.338,0.598,-6.282,0.282,-0.015,-0.256,-0.391,0.906,0.076,0.252,0.183,-0.204,-0.398,0.96,1.412,7.802,-0.015,0.112,-0.354,0.809,-1.26,1.756,0.198,btn_D
1780981564.4446673,-0.775,-0.141,0.647,-3.382,1.267,-0.618,-0.677,-0.333,0.598,-6.557,1.16,-1.183,-0.264,-0.392,0.905,-1.573,-1.069,-0.656,-0.203,-0.395,0.958,0.595,5.885,-2.145,0.116,-0.353,0.802,-1.649,2.069,0.214,btn_D
1780981564.5457478,-0.771,-0.137,0.648,-2.595,0.71,-1.847,-0.673,-0.334,0.601,-6.565,0.794,-1.466,-0.261,-0.393,0.913,-0.84,0.298,0.336,-0.202,-0.394,0.955,1.137,7.015,-0.229,0.111,-0.352,0.793,-1.321,3.107,0.099,btn_D
1780981564.646959,-0.777,-0.147,0.642,-1.542,2.191,0.588,-0.677,-0.342,0.601,-6.443,-0.191,-0.008,-0.258,-0.394,0.903,0.702,0.489,0.885,-0.205,-0.397,0.955,2.534,6.863,0.908,0.113,-0.35,0.801,1.084,1.527,-0.191,btn_D
1780981564.74516,-0.774,-0.141,0.653,-2.214,0.527,-1.458,-0.675,-0.338,0.594,-5.908,0.427,-0.321,-0.258,-0.392,0.903,0.221,-0.672,0.542,-0.2,-0.394,0.956,1.916,6.931,-0.634,0.113,-0.347,0.808,-0.573,2.656,-0.031,btn_D
1780981564.8482468,-0.775,-0.146,0.65,-1.244,2.076,0.985,-0.679,-0.338,0.607,-7.0,0.802,-0.443,-0.259,-0.392,0.91,-0.496,0.656,0.542,-0.205,-0.395,0.963,1.359,7.031,-0.603,0.104,-0.352,0.798,-1.351,2.336,0.649,btn_D
1780981567.526688,-0.773,-0.138,0.656,-0.573,1.481,0.695,-0.67,-0.331,0.607,-6.733,0.954,-1.229,-0.258,-0.389,0.909,-1.061,0.214,-0.206,-0.206,-0.394,0.963,1.176,7.099,-0.908,0.11,-0.356,0.811,-0.626,2.023,0.092,btn_D
1780981567.6291978,-0.775,-0.14,0.651,-0.878,1.313,-0.649,-0.674,-0.331,0.609,-6.29,0.618,-0.55,-0.26,-0.381,0.915,-0.298,0.397,0.313,-0.202,-0.392,0.956,1.618,6.504,0.061,0.113,-0.358,0.799,-0.733,2.405,-0.282,btn_D
1780981567.734928,-0.773,-0.135,0.653,-0.855,0.885,-0.718,-0.67,-0.332,0.604,-6.71,0.695,-0.55,-0.257,-0.386,0.91,-0.061,-0.252,0.634,-0.202,-0.395,0.958,1.962,6.931,-0.481,0.109,-0.352,0.799,-0.046,1.817,-0.176,btn_D
1780981567.836153,-0.779,-0.141,0.649,-0.435,1.954,-0.038,-0.67,-0.333,0.609,-6.557,1.031,0.344,-0.262,-0.384,0.916,-0.412,0.26,0.244,-0.206,-0.392,0.966,1.435,6.985,-0.458,0.12,-0.357,0.799,-0.626,2.458,-0.252,btn_D
1780981567.9385755,-0.776,-0.143,0.648,-1.55,1.107,-1.099,-0.668,-0.329,0.606,-6.137,0.557,-0.061,-0.26,-0.388,0.906,-0.145,-0.038,0.328,-0.206,-0.398,0.953,2.366,6.985,-0.137,0.119,-0.358,0.801,0.099,2.137,-0.397,btn_D
1780981568.0416024,-0.776,-0.148,0.649,-2.695,-1.076,-2.885,-0.674,-0.334,0.606,-5.641,-0.496,-1.84,-0.251,-0.392,0.913,-1.0,-2.794,-0.74,-0.186,-0.4,0.965,0.695,5.802,-1.634,0.117,-0.361,0.795,0.405,1.573,0.26,btn_D
1780981568.145646,-0.77,-0.148,0.659,-0.573,4.153,-0.031,-0.67,-0.334,0.601,-6.931,1.679,0.328,-0.26,-0.387,0.91,0.389,2.344,1.786,-0.206,-0.384,0.955,2.221,7.366,0.557,0.108,-0.357,0.802,-1.305,2.534,-0.237,btn_D
1780981568.2478752,-1.036,-0.547,1.399,-66.901,-10.992,-28.443,-0.799,-0.289,0.553,-12.237,-22.145,-18.115,-0.324,-0.373,0.858,2.664,8.58,-0.046,-0.257,-0.406,0.953,-7.237,-2.183,-3.656,0.064,-0.34,0.742,-27.435,-11.092,-11.901,btn_D
1780981568.3506632,-0.564,0.265,0.546,20.878,-17.954,29.947,-0.587,-0.372,0.666,-10.061,0.015,-10.511,-0.21,-0.415,0.924,2.0,-13.183,-1.954,-0.17,-0.396,0.958,1.672,-2.779,-2.107,0.14,-0.353,0.776,-5.359,-7.626,-1.664,btn_D
1780981568.4619305,-0.688,0.195,0.751,12.023,-6.557,1.595,-0.599,-0.356,0.648,-4.26,1.427,-0.038,-0.214,-0.378,0.92,1.817,-4.687,0.145,-0.141,-0.389,0.973,-0.45,3.344,0.573,0.144,-0.375,0.782,-1.481,0.023,-0.435,btn_D
1780981568.5612428,-0.556,0.246,0.65,-21.947,26.092,-5.847,-0.568,-0.349,0.645,-9.672,7.092,-0.885,-0.229,-0.383,0.921,-5.672,6.611,1.237,-0.151,-0.395,0.972,4.481,14.756,1.061,0.144,-0.376,0.795,14.122,14.733,2.023,btn_D
1780981568.6625724,-1.312,-0.574,0.891,-151.092,138.924,-217.298,-0.75,-0.304,0.623,-10.626,70.55,43.748,-0.332,-0.416,0.941,-0.282,11.908,5.107,-0.223,-0.355,0.971,-8.565,28.458,-2.42,0.116,-0.277,0.591,-28.588,-11.252,-4.359,btn_D
1780981568.7631824,-0.798,-0.119,0.618,-0.534,11.634,-0.13,-0.669,-0.344,0.601,-7.115,2.611,0.931,-0.254,-0.389,0.915,1.031,2.206,2.198,-0.188,-0.392,0.968,1.656,5.046,0.511,0.127,-0.347,0.783,2.969,-8.275,0.992,btn_D
1780981568.879508,-0.777,-0.143,0.64,-0.595,1.534,-0.656,-0.666,-0.335,0.612,-6.611,1.733,-0.107,-0.248,-0.384,0.916,-1.649,1.511,0.298,-0.191,-0.385,0.969,0.252,10.824,0.534,0.114,-0.354,0.806,-0.954,3.763,1.916,btn_D
1780981568.9805744,-0.778,-0.146,0.633,-1.901,0.718,-0.74,-0.665,-0.345,0.609,-7.115,0.71,-0.908,-0.243,-0.391,0.91,-1.076,-0.534,-0.031,-0.188,-0.399,0.963,1.038,8.244,0.198,0.118,-0.359,0.794,1.298,1.435,0.702,btn_D
1780981569.080556,-0.784,-0.155,0.633,1.42,1.565,1.588,-0.666,-0.342,0.618,-6.237,0.557,2.321,-0.257,-0.386,0.916,2.359,2.046,1.992,-0.198,-0.388,0.968,3.237,8.466,0.389,0.12,-0.342,0.809,-0.489,2.389,0.053,btn_D
1780981569.174508,-0.792,-0.148,0.623,-1.473,0.733,-0.924,-0.667,-0.34,0.606,-6.267,0.092,-0.649,-0.251,-0.386,0.915,-0.237,-0.351,-0.466,-0.195,-0.39,0.959,1.725,6.832,-0.534,0.117,-0.348,0.804,-0.267,1.107,0.267,btn_D
1780981569.2788167,-0.784,-0.15,0.635,-2.008,0.588,-1.656,-0.673,-0.337,0.598,-6.817,0.954,-1.244,-0.252,-0.386,0.917,-0.557,0.595,-0.008,-0.194,-0.399,0.965,1.679,7.046,-0.466,0.111,-0.353,0.806,-0.427,2.176,-0.031,btn_D
1780981569.3917956,-0.786,-0.144,0.641,-0.641,2.092,-0.916,-0.667,-0.333,0.604,-6.321,0.763,-0.519,-0.258,-0.387,0.914,-0.473,-0.679,0.282,-0.194,-0.39,0.961,0.924,7.092,-0.634,0.117,-0.354,0.805,-1.137,2.153,-0.137,btn_D
1780981569.4838653,-0.786,-0.151,0.635,-1.237,1.939,-0.71,-0.668,-0.345,0.604,-6.26,0.435,0.565,-0.254,-0.383,0.913,-0.26,0.412,0.298,-0.195,-0.387,0.968,1.855,6.969,-0.298,0.122,-0.353,0.811,0.198,2.679,-0.58,btn_D
1780981572.1632745,-0.783,-0.156,0.632,-0.931,1.313,-0.71,-0.663,-0.336,0.597,-6.679,0.527,-0.473,-0.259,-0.391,0.906,-0.542,0.145,-0.153,-0.202,-0.396,0.96,1.634,7.321,0.221,0.117,-0.35,0.805,-0.489,2.031,0.053,btn_D
1780981572.266005,-0.785,-0.148,0.633,-0.885,1.115,-1.099,-0.668,-0.34,0.609,-6.527,0.489,-0.366,-0.256,-0.389,0.909,-0.168,0.374,0.107,-0.199,-0.392,0.954,1.527,7.122,-0.603,0.113,-0.354,0.806,-0.359,2.45,-0.115,btn_D
1780981572.3792834,-0.783,-0.155,0.628,-1.374,2.282,-0.939,-0.673,-0.337,0.613,-6.366,0.786,-0.16,-0.261,-0.386,0.908,-0.29,-0.656,-0.061,-0.199,-0.389,0.965,1.542,6.496,-0.359,0.117,-0.354,0.797,-0.672,2.321,-0.069,btn_D
1780981572.4795072,-0.783,-0.15,0.636,-1.031,1.443,-0.763,-0.665,-0.336,0.61,-6.389,1.214,0.084,-0.254,-0.383,0.914,-0.649,0.244,-0.412,-0.196,-0.395,0.962,1.359,6.878,-0.344,0.119,-0.355,0.811,-0.672,2.679,-0.183,btn_D
1780981572.5805182,-0.786,-0.153,0.633,-1.359,1.611,-0.634,-0.669,-0.339,0.609,-6.252,0.427,0.206,-0.258,-0.388,0.904,-0.031,-0.107,-0.328,-0.201,-0.394,0.959,1.466,6.053,-0.55,0.116,-0.354,0.803,-0.74,1.771,0.0,btn_D
1780981572.6770341,-0.787,-0.155,0.632,-0.87,1.527,-0.153,-0.671,-0.337,0.606,-6.267,0.725,0.282,-0.254,-0.386,0.909,-0.542,-0.412,0.099,-0.199,-0.392,0.957,1.695,6.931,-0.779,0.114,-0.349,0.814,-0.824,2.344,0.107,btn_D
1780981572.779801,-1.511,-0.285,1.583,-89.748,2.573,-1.763,-0.745,-0.329,0.55,-16.618,-24.664,-20.718,-0.263,-0.389,0.924,-3.137,-2.275,-0.122,-0.227,-0.4,0.905,-1.397,-11.87,-1.595,0.047,-0.293,0.755,-26.817,-9.664,-13.046,btn_D
1780981572.8979402,-0.665,0.162,0.661,2.176,-20.641,21.977,-0.612,-0.357,0.64,0.221,-4.198,-4.061,-0.212,-0.386,0.943,3.855,-10.504,-1.137,-0.178,-0.39,0.974,1.656,-5.183,-0.901,0.166,-0.349,0.767,-4.893,6.244,-1.863,btn_D
1780981572.9968529,-0.578,0.193,0.708,-7.473,6.763,0.817,-0.612,-0.354,0.652,-8.412,-5.313,-1.107,-0.243,-0.377,0.926,-4.389,2.504,0.847,-0.182,-0.395,0.96,1.412,6.855,0.076,0.14,-0.354,0.793,1.229,-0.275,0.672,btn_D
1780981573.0946407,-0.662,0.137,0.798,-13.473,15.885,0.16,-0.627,-0.375,0.676,-8.489,1.534,-0.168,-0.25,-0.385,0.911,0.122,4.321,2.008,-0.185,-0.388,0.962,0.863,7.26,-1.214,0.146,-0.369,0.783,-6.023,-1.977,-0.542,btn_D
1780981573.1917996,-0.714,0.087,0.918,1.664,-1.496,-0.679,-0.614,-0.36,0.676,-7.282,-0.603,0.183,-0.243,-0.373,0.913,1.26,0.824,0.26,-0.169,-0.388,0.973,0.87,4.519,-0.992,0.136,-0.369,0.801,-1.771,1.992,0.221,btn_D
1780981573.2954195,-0.684,0.18,0.747,-8.374,10.954,-2.458,-0.609,-0.354,0.66,-6.458,2.29,-0.145,-0.24,-0.376,0.914,-1.107,-2.053,0.344,-0.165,-0.388,0.976,2.565,8.061,-0.374,0.139,-0.37,0.795,2.206,3.489,0.29,btn_D
1780981573.4104176,-0.02,0.111,0.094,-178.565,123.969,-147.542,-0.597,-0.389,0.666,-5.115,61.634,36.557,-0.24,-0.384,0.922,-3.992,5.198,1.908,-0.204,-0.386,0.949,1.275,8.763,-0.466,0.132,-0.361,0.817,9.466,11.672,3.069,btn_D
1780981573.5106933,-0.775,-0.113,0.651,-12.748,-34.603,-9.115,-0.669,-0.331,0.605,-10.13,-4.985,-6.496,-0.23,-0.392,0.916,-4.809,3.115,-0.931,-0.177,-0.407,0.96,3.153,15.893,1.374,0.102,-0.359,0.817,-6.595,15.305,-0.847,btn_D
1780981573.6103787,-0.793,-0.146,0.626,-1.832,8.267,0.435,-0.667,-0.345,0.61,-6.748,1.153,-1.237,-0.249,-0.39,0.906,-0.924,-0.13,-0.206,-0.18,-0.396,0.965,1.16,7.076,-0.527,0.125,-0.354,0.802,-2.863,2.87,0.626,btn_D
1780981573.711185,-0.778,-0.157,0.643,-0.107,2.985,1.282,-0.666,-0.338,0.612,-6.878,1.519,0.832,-0.254,-0.385,0.906,-0.267,1.42,1.237,-0.195,-0.394,0.959,1.443,8.382,-0.122,0.119,-0.351,0.804,-1.321,3.489,0.504,btn_D
1780981573.809799,-0.793,-0.149,0.632,-1.649,2.115,-0.786,-0.668,-0.339,0.604,-6.595,0.809,0.031,-0.254,-0.387,0.915,-0.046,1.565,0.397,-0.194,-0.395,0.967,1.733,8.672,0.26,0.113,-0.352,0.8,0.794,1.076,0.427,btn_D
1780981573.913127,-0.788,-0.151,0.63,-1.977,1.389,-2.634,-0.669,-0.336,0.613,-7.489,0.481,-2.137,-0.254,-0.387,0.906,-1.229,-0.847,-0.45,-0.199,-0.395,0.958,0.458,6.076,-0.618,0.122,-0.358,0.8,-1.069,1.275,0.427,btn_D
1780981574.028739,-0.794,-0.152,0.631,-2.267,1.733,-2.794,-0.668,-0.343,0.609,-7.527,0.702,-1.458,-0.251,-0.387,0.912,-1.069,-0.817,-0.336,-0.194,-0.397,0.957,1.0,7.389,-0.29,0.118,-0.354,0.805,-1.282,2.695,0.145,btn_D
1780981574.1295846,-0.788,-0.156,0.63,-1.191,1.603,0.061,-0.663,-0.342,0.609,-6.374,0.542,-0.359,-0.255,-0.391,0.911,-0.534,0.405,-0.481,-0.198,-0.395,0.958,1.603,6.122,-0.679,0.121,-0.363,0.8,-0.817,1.771,-0.252,btn_D
1780981576.812317,-0.789,-0.15,0.627,-0.908,1.595,0.229,-0.668,-0.339,0.609,-6.076,1.053,0.443,-0.261,-0.384,0.915,-0.168,1.168,1.145,-0.206,-0.388,0.961,1.855,7.679,-0.069,0.111,-0.354,0.806,-0.229,2.908,-0.099,btn_D
1780981576.914329,-0.795,-0.151,0.621,-1.176,2.145,-0.534,-0.666,-0.335,0.604,-6.0,1.122,0.802,-0.26,-0.384,0.911,0.252,-0.191,0.885,-0.206,-0.383,0.962,1.832,6.863,-0.473,0.113,-0.341,0.798,-0.924,1.924,0.458,btn_D
1780981577.0027642,-0.764,-0.153,0.629,-3.84,0.824,5.145,-0.641,-0.346,0.633,-6.405,2.405,2.931,-0.238,-0.393,0.914,4.137,7.214,6.42,-0.2,-0.387,0.969,6.13,14.893,5.931,0.11,-0.332,0.799,10.382,3.412,0.359,btn_D
1780981577.1112838,-0.784,-0.165,0.625,0.527,4.198,0.42,-0.662,-0.354,0.599,-5.733,2.13,2.389,-0.262,-0.389,0.904,2.832,5.122,2.71,-0.21,-0.394,0.954,6.076,6.824,2.412,0.109,-0.361,0.795,4.611,-1.229,-2.786,btn_D
1780981577.208981,-0.788,-0.138,0.619,-0.679,-1.679,-2.679,-0.669,-0.331,0.617,-6.466,0.267,-2.656,-0.256,-0.387,0.915,-2.298,-2.679,-1.176,-0.191,-0.397,0.959,0.229,6.962,-1.374,0.113,-0.357,0.802,-0.42,4.122,0.656,btn_D
1780981577.3136508,-0.794,-0.143,0.634,6.191,-12.298,-6.374,-0.658,-0.34,0.618,-2.901,-4.267,-7.038,-0.175,-0.421,0.926,-1.015,-9.214,-0.893,-0.145,-0.432,0.937,7.046,7.641,7.679,0.125,-0.388,0.843,24.221,-1.031,-0.947,btn_D
1780981577.4146833,-0.795,-0.129,0.618,-2.214,-7.053,-7.679,-0.63,-0.283,0.661,7.328,11.427,2.603,-0.204,-0.408,0.914,-6.481,-3.733,-2.313,-0.197,-0.431,0.962,3.298,13.733,1.908,0.114,-0.371,0.796,6.992,1.679,-2.443,btn_D
1780981577.5180857,-0.807,-0.141,0.612,0.855,1.55,1.588,-0.673,-0.325,0.617,-4.382,0.366,-0.107,-0.264,-0.378,0.92,-1.771,-6.679,-3.168,-0.202,-0.386,0.958,-1.527,2.031,-4.359,0.115,-0.357,0.805,-2.511,0.145,1.038,btn_D
1780981577.6208813,0.146,0.192,-0.489,243.527,-150.641,181.954,-0.563,-0.353,0.672,10.542,-51.115,-19.191,-0.25,-0.369,0.907,11.221,-33.519,-7.763,-0.105,-0.364,1.009,-10.687,-32.641,-7.87,0.163,-0.349,0.774,-4.901,-20.527,-6.198,btn_D
1780981577.7252035,-0.818,0.02,0.952,18.534,-15.702,2.053,-0.644,-0.357,0.651,-0.939,-3.061,-5.015,-0.264,-0.372,0.914,1.893,-12.115,-8.779,-0.21,-0.395,0.951,0.191,-21.473,-11.328,0.142,-0.417,0.819,-12.885,-13.916,-7.794,btn_D
1780981577.8274665,-0.655,0.323,0.525,9.298,-2.298,0.366,-0.554,-0.255,0.624,-11.954,4.656,-10.321,-0.238,-0.346,0.921,-22.076,-12.397,-7.802,-0.147,-0.395,0.995,-24.168,11.008,-9.229,0.127,-0.408,0.794,-40.168,33.954,3.076,btn_D
1780981577.9299462,-0.271,0.24,0.393,-85.58,77.908,-13.649,-0.535,-0.354,0.719,-8.656,33.908,20.74,-0.242,-0.378,0.926,-3.237,19.26,8.855,-0.144,-0.395,1.01,1.45,51.481,7.069,0.104,-0.322,0.776,25.122,14.412,7.588,btn_D
1780981578.0422199,-0.853,0.069,0.383,48.397,76.802,1.344,-0.707,-0.336,0.593,-9.008,-5.588,-3.985,-0.236,-0.389,0.927,6.802,2.45,-1.58,-0.198,-0.389,0.947,2.412,4.023,-2.893,0.134,-0.347,0.8,-5.305,14.832,-0.443,btn_D
1780981578.145061,-0.762,-0.133,0.659,-5.252,-4.443,-2.748,-0.67,-0.325,0.613,-5.511,-0.145,0.794,-0.257,-0.379,0.924,0.229,4.573,2.855,-0.199,-0.387,0.963,1.809,12.954,1.015,0.103,-0.339,0.796,7.573,-4.634,2.588,btn_D
1780981578.2444203,-0.796,-0.147,0.638,-7.191,7.031,-2.992,-0.673,-0.344,0.601,-7.748,0.931,-1.855,-0.273,-0.385,0.898,-0.481,0.664,0.473,-0.202,-0.39,0.96,2.069,6.328,0.008,0.114,-0.351,0.815,-1.046,1.183,-0.26,btn_D
1780981578.3423324,-0.793,-0.144,0.636,0.473,2.55,-0.16,-0.672,-0.335,0.599,-5.74,-0.183,-0.939,-0.258,-0.381,0.921,0.412,-1.344,-0.214,-0.199,-0.381,0.966,1.634,6.191,-0.634,0.115,-0.343,0.805,-0.931,2.725,-0.328,btn_D
1780981578.445178,-0.785,-0.138,0.636,-1.542,0.382,-0.542,-0.663,-0.332,0.61,-5.71,-0.71,-0.267,-0.249,-0.387,0.917,0.435,1.542,1.656,-0.194,-0.391,0.963,2.824,9.26,1.275,0.123,-0.347,0.807,3.496,3.794,1.015,btn_D
1780981578.5578384,-0.778,-0.133,0.637,-5.824,2.603,1.397,-0.665,-0.329,0.609,-6.504,-0.71,1.481,-0.256,-0.383,0.898,0.748,1.656,3.58,-0.212,-0.393,0.956,3.076,9.985,2.122,0.105,-0.35,0.809,-1.84,5.412,1.115,btn_D
1780981578.6587648,-0.788,-0.153,0.632,-6.351,3.802,-0.565,-0.669,-0.336,0.6,-7.153,-0.313,1.282,-0.272,-0.383,0.911,-0.313,2.015,1.359,-0.215,-0.385,0.962,2.565,8.443,0.45,0.109,-0.339,0.816,-2.206,1.427,-0.573,btn_D
1780981578.7597942,-0.798,-0.151,0.632,0.412,1.817,0.542,-0.668,-0.338,0.611,-5.076,0.847,1.244,-0.266,-0.377,0.911,0.878,-0.664,0.664,-0.204,-0.38,0.965,1.954,5.832,-0.656,0.125,-0.339,0.81,1.023,-0.366,-0.397,btn_D
1780981581.4322846,-0.79,-0.143,0.622,-1.962,2.695,-0.435,-0.68,-0.324,0.595,-7.076,1.076,-0.244,-0.279,-0.385,0.902,-1.053,0.542,-0.084,-0.216,-0.391,0.953,0.443,8.412,-0.092,0.107,-0.359,0.809,-0.42,2.489,1.55,btn_D
1780981581.5354338,-0.792,-0.14,0.621,-0.656,2.198,-0.565,-0.679,-0.327,0.599,-6.504,0.87,0.267,-0.279,-0.382,0.903,-0.298,0.656,0.565,-0.223,-0.395,0.959,1.038,8.221,0.344,0.099,-0.356,0.802,-0.702,3.198,0.221,btn_D
1780981581.638262,-0.802,-0.147,0.616,-0.802,3.771,-0.015,-0.68,-0.327,0.592,-6.557,0.504,0.397,-0.28,-0.389,0.901,-0.382,1.29,0.16,-0.224,-0.396,0.956,1.206,7.779,-0.435,0.101,-0.358,0.819,-1.183,2.809,0.038,btn_D
1780981581.7473886,-0.804,-0.145,0.618,-3.588,5.992,-1.076,-0.684,-0.332,0.595,-7.534,1.145,0.29,-0.285,-0.394,0.892,-1.229,2.336,0.771,-0.232,-0.402,0.945,1.534,8.595,0.252,0.096,-0.359,0.803,0.397,2.519,-0.076,btn_D
1780981581.844433,-0.801,-0.148,0.609,-1.527,1.931,-0.191,-0.694,-0.326,0.572,-6.267,-1.145,-0.847,-0.284,-0.387,0.899,-0.206,-1.0,-0.099,-0.231,-0.392,0.953,1.756,4.977,-0.84,0.105,-0.356,0.804,-1.321,2.092,-0.015,btn_D
1780981581.947317,-0.804,-0.145,0.611,-1.26,1.046,-1.061,-0.677,-0.331,0.605,-6.382,1.046,-0.687,-0.282,-0.386,0.901,-0.557,0.679,0.115,-0.229,-0.388,0.948,1.611,7.45,-0.42,0.101,-0.352,0.802,-0.763,2.733,-0.061,btn_D
1780981582.0501912,-0.808,-0.15,0.61,-0.076,3.183,-0.015,-0.681,-0.331,0.586,-6.573,1.305,-2.198,-0.288,-0.39,0.896,-1.916,-2.435,-1.221,-0.231,-0.4,0.953,0.626,4.214,-1.84,0.106,-0.354,0.808,-1.221,1.076,-0.084,btn_D
1780981582.1602194,-0.795,-0.159,0.629,-0.679,3.069,0.588,-0.676,-0.333,0.601,-7.344,2.214,0.954,-0.271,-0.392,0.896,0.824,2.29,1.29,-0.221,-0.392,0.96,2.931,11.382,-0.023,0.101,-0.34,0.796,-0.099,11.588,-1.916,btn_D
1780981582.2563689,-0.382,0.12,0.569,86.351,-81.489,80.603,-0.477,-0.281,0.614,1.809,-22.748,-13.328,-0.235,-0.366,0.901,6.405,13.939,0.901,-0.166,-0.396,0.984,4.122,-5.718,-0.634,0.137,-0.363,0.81,4.496,-7.176,0.809,btn_D
1780981582.3594258,-0.597,0.1,0.851,8.519,-9.069,8.565,-0.605,-0.354,0.674,-5.305,6.901,-0.267,-0.26,-0.379,0.9,1.656,1.26,-0.321,-0.18,-0.392,0.959,0.435,8.168,-0.443,0.132,-0.361,0.793,-5.115,3.664,0.26,btn_D
1780981582.4625568,-0.599,0.207,0.7,-0.374,-0.901,3.351,-0.592,-0.333,0.645,-8.58,-2.672,-2.038,-0.239,-0.376,0.936,-2.053,1.74,2.023,-0.192,-0.397,0.958,0.802,15.168,0.618,0.129,-0.371,0.796,-3.893,5.137,0.435,btn_D
1780981582.565547,-0.616,0.194,0.707,-8.74,5.382,-4.183,-0.607,-0.358,0.659,-7.58,-0.122,-0.366,-0.247,-0.387,0.932,-0.511,5.916,3.099,-0.19,-0.391,0.965,2.443,12.824,0.42,0.147,-0.375,0.791,-1.26,1.511,0.947,btn_D
1780981582.6770718,-0.532,0.223,0.599,-51.435,43.962,-12.534,-0.581,-0.319,0.612,-12.366,7.092,-1.985,-0.259,-0.38,0.915,-8.137,7.42,1.71,-0.195,-0.392,0.967,4.366,20.55,3.252,0.126,-0.364,0.796,14.771,22.16,4.74,btn_D
1780981582.7713594,0.4,0.891,-2.0,125.359,-96.099,-19.0,-0.769,-0.331,0.601,-3.023,28.931,-7.076,-0.291,-0.387,0.84,5.595,-9.45,-0.954,-0.217,-0.358,0.988,4.42,-10.305,-1.977,0.11,-0.356,0.811,0.557,-19.954,3.687,btn_D
1780981582.875084,-0.805,-0.135,0.609,-4.405,2.817,-0.87,-0.672,-0.334,0.599,-6.023,0.901,1.061,-0.273,-0.383,0.91,-0.427,0.634,2.656,-0.21,-0.394,0.963,2.107,12.725,1.344,0.102,-0.354,0.8,-6.817,14.893,0.733,btn_D
1780981582.9774103,-0.779,-0.143,0.624,-1.817,4.13,-0.443,-0.679,-0.334,0.597,-7.573,1.137,-0.107,-0.28,-0.388,0.901,-1.908,3.779,1.099,-0.221,-0.401,0.949,0.992,11.779,-0.038,0.098,-0.359,0.797,-2.221,3.252,0.214,btn_D
1780981583.095892,-0.795,-0.142,0.61,-0.779,2.038,0.16,-0.678,-0.336,0.597,-6.405,1.275,0.557,-0.283,-0.385,0.904,0.0,0.282,0.588,-0.221,-0.392,0.956,1.626,7.221,-0.16,0.109,-0.353,0.803,0.412,1.87,0.298,btn_D
1780981583.193186,-0.792,-0.149,0.618,-1.313,2.527,-1.298,-0.677,-0.338,0.594,-6.443,0.832,-0.786,-0.278,-0.389,0.903,-0.336,-1.389,-0.42,-0.226,-0.393,0.957,1.725,5.71,-0.45,0.102,-0.365,0.795,-0.916,1.412,-0.282,btn_D
1780981583.3144376,-0.792,-0.149,0.617,-1.45,1.412,-0.305,-0.674,-0.336,0.6,-6.916,1.237,-0.26,-0.28,-0.385,0.902,-0.618,-0.244,-0.374,-0.222,-0.392,0.954,1.611,6.45,-0.947,0.104,-0.351,0.811,-1.214,3.076,-0.015,btn_D
1780981583.3894193,-0.793,-0.148,0.614,-1.122,1.191,-1.191,-0.679,-0.34,0.604,-6.557,0.947,0.321,-0.282,-0.388,0.901,-0.008,0.527,0.336,-0.225,-0.395,0.944,1.718,7.809,0.038,0.105,-0.354,0.802,-0.29,2.145,-0.061,btn_D
1780981586.0783594,-0.798,-0.15,0.613,-1.351,1.412,-1.656,-0.679,-0.337,0.596,-6.252,0.939,-0.244,-0.287,-0.385,0.898,-0.496,-0.702,0.031,-0.231,-0.4,0.945,0.718,6.947,-0.832,0.099,-0.353,0.804,-1.137,2.817,0.252,btn_D
1780981586.176471,-0.798,-0.151,0.612,-0.756,0.71,-0.458,-0.682,-0.333,0.596,-6.092,0.863,-0.427,-0.289,-0.389,0.895,-0.344,0.115,-0.176,-0.234,-0.398,0.95,1.855,6.916,-1.16,0.099,-0.355,0.802,-0.527,1.969,-0.542,btn_D
1780981586.2796166,-0.796,-0.144,0.618,-1.336,1.015,-0.885,-0.677,-0.331,0.601,-6.511,0.695,-0.824,-0.291,-0.385,0.9,-0.634,0.427,0.031,-0.231,-0.398,0.947,1.695,7.061,-1.0,0.094,-0.352,0.802,-1.038,2.618,-0.099,btn_D
1780981586.3766263,-0.804,-0.146,0.61,-0.672,0.672,-0.733,-0.681,-0.335,0.593,-6.435,0.321,-1.351,-0.288,-0.387,0.901,-0.511,-0.908,-0.405,-0.229,-0.4,0.951,1.084,6.679,-1.061,0.108,-0.361,0.81,-1.176,1.534,0.168,btn_D
1780981586.4796894,-0.802,-0.148,0.615,-1.26,1.183,0.031,-0.681,-0.328,0.598,-6.435,0.489,-0.145,-0.284,-0.385,0.9,-0.779,1.137,0.649,-0.23,-0.405,0.954,1.855,8.397,0.145,0.1,-0.354,0.8,-0.183,3.405,0.046,btn_D
1780981586.5827157,-0.797,-0.143,0.612,-1.046,1.908,-0.832,-0.681,-0.326,0.594,-6.511,0.206,-0.939,-0.293,-0.383,0.903,-1.489,-0.382,0.015,-0.221,-0.391,0.957,0.153,6.618,-0.969,0.101,-0.359,0.806,-1.504,3.023,1.015,btn_D
1780981586.6861172,-0.801,-0.147,0.612,-1.389,0.824,-0.588,-0.679,-0.337,0.599,-6.076,0.519,-0.779,-0.281,-0.392,0.9,-0.443,-0.397,0.565,-0.223,-0.401,0.945,2.252,7.779,0.916,0.103,-0.358,0.807,2.053,2.588,-0.313,btn_D
1780981586.7977817,-0.8,-0.152,0.611,0.076,0.817,0.122,-0.68,-0.331,0.597,-5.687,0.206,-0.42,-0.289,-0.385,0.892,0.443,-0.573,0.008,-0.225,-0.39,0.951,1.504,5.374,-1.473,0.099,-0.356,0.804,-2.031,2.885,0.092,btn_D
1780981586.8986793,-0.934,-0.228,1.051,-48.595,12.893,-4.527,-0.705,-0.297,0.594,-14.412,-10.481,-6.878,-0.307,-0.39,0.906,0.527,5.641,1.786,-0.292,-0.387,0.901,-0.824,-3.351,-4.046,0.069,-0.322,0.778,-27.527,-7.634,-15.122,btn_D
1780981586.9945745,-0.646,0.191,0.612,34.863,-30.076,29.16,-0.628,-0.341,0.606,-0.206,-5.573,-5.656,-0.244,-0.379,0.915,3.267,-17.893,-3.183,-0.173,-0.4,0.967,3.298,-12.115,-2.443,0.131,-0.349,0.797,2.802,-12.42,-3.443,btn_D
1780981587.1076436,-0.638,0.199,0.676,5.008,-1.137,8.107,-0.621,-0.353,0.658,-4.29,-1.107,-0.824,-0.24,-0.381,0.916,-0.267,-3.397,0.107,-0.153,-0.399,0.976,3.328,9.229,-0.534,0.144,-0.37,0.796,-0.321,0.412,0.496,btn_D
1780981587.2009706,-0.622,0.191,0.717,-13.87,12.71,-1.267,-0.599,-0.349,0.65,-8.458,3.878,-1.229,-0.25,-0.378,0.915,-3.748,4.427,0.466,-0.176,-0.397,0.961,1.015,11.198,-0.427,0.149,-0.389,0.806,11.359,9.29,1.824,btn_D
1780981587.308955,-0.315,-0.417,0.632,-200.382,91.84,-211.344,-0.583,-0.343,0.689,7.893,78.084,50.061,-0.245,-0.381,0.926,-6.069,2.168,1.26,-0.214,-0.425,0.969,-1.534,27.954,0.557,0.076,-0.35,0.893,20.969,34.885,4.718,btn_D
1780981587.406838,-0.804,-0.157,0.653,7.939,27.763,0.557,-0.682,-0.336,0.588,-8.344,4.71,-0.924,-0.275,-0.395,0.912,0.893,6.176,2.931,-0.198,-0.398,0.961,1.718,11.16,1.565,0.114,-0.364,0.803,5.008,-10.191,3.061,btn_D
1780981587.5095627,-0.788,-0.143,0.643,-3.023,-0.229,-2.748,-0.686,-0.326,0.609,-7.939,1.214,-1.878,-0.251,-0.388,0.902,-0.985,1.359,0.656,-0.207,-0.402,0.955,0.84,9.473,0.198,0.113,-0.356,0.8,-1.672,5.863,1.198,btn_D
1780981587.6246755,-0.792,-0.141,0.625,-0.58,1.435,-0.427,-0.676,-0.339,0.601,-6.511,0.641,-0.313,-0.258,-0.391,0.904,-0.618,-0.023,-0.282,-0.204,-0.401,0.959,1.061,8.344,0.198,0.114,-0.363,0.807,-0.099,0.649,0.695,btn_D
1780981587.725156,-0.787,-0.146,0.625,-2.55,2.748,-1.687,-0.677,-0.333,0.598,-6.893,1.466,0.412,-0.265,-0.391,0.903,-0.122,1.26,0.443,-0.206,-0.398,0.951,1.481,8.0,-0.145,0.113,-0.361,0.797,-0.992,3.206,0.473,btn_D
1780981587.8242416,-0.791,-0.149,0.627,-1.809,1.611,-0.527,-0.677,-0.337,0.594,-6.481,0.771,0.71,-0.266,-0.389,0.906,-0.55,0.29,-0.122,-0.201,-0.405,0.961,0.84,7.191,-0.519,0.111,-0.357,0.803,-0.802,2.603,0.519,btn_D
1780981587.9215996,-0.799,-0.149,0.625,-0.595,2.214,0.122,-0.682,-0.344,0.594,-6.649,0.649,-0.183,-0.268,-0.392,0.902,-0.267,-0.71,-0.344,-0.207,-0.402,0.967,1.206,6.573,-0.275,0.119,-0.358,0.806,-0.58,2.214,0.031,btn_D
1780981588.025022,-0.792,-0.151,0.619,-1.611,1.252,-1.435,-0.68,-0.336,0.594,-5.786,3.611,-0.252,-0.261,-0.394,0.908,0.099,0.634,0.824,-0.206,-0.404,0.955,1.687,6.969,-0.321,0.114,-0.361,0.797,-1.084,2.771,0.076,btn_D
1780981590.7103183,-0.802,-0.157,0.613,-0.496,0.824,-0.664,-0.683,-0.336,0.585,-6.389,0.763,-0.046,-0.273,-0.393,0.897,-0.092,-0.191,-0.092,-0.22,-0.403,0.949,1.611,6.702,-0.443,0.11,-0.364,0.804,-0.794,2.695,-0.282,btn_D
1780981590.8094063,-0.795,-0.149,0.619,-2.084,2.13,-0.847,-0.687,-0.341,0.593,-6.626,0.924,-0.244,-0.28,-0.397,0.899,-0.931,0.725,-0.061,-0.225,-0.396,0.953,0.809,7.542,0.069,0.112,-0.351,0.797,-1.099,2.405,0.214,btn_D
1780981590.9091496,-0.799,-0.155,0.606,-1.092,3.702,-0.282,-0.69,-0.339,0.589,-7.076,1.237,0.176,-0.28,-0.39,0.898,0.076,1.565,1.076,-0.23,-0.402,0.955,1.374,8.214,-0.664,0.116,-0.357,0.794,-3.359,2.893,-1.58,btn_D
1780981591.0118842,-0.799,-0.15,0.608,-0.588,1.252,-0.206,-0.693,-0.335,0.581,-5.992,0.618,-0.954,-0.284,-0.392,0.896,-0.496,-0.389,-0.099,-0.219,-0.402,0.957,0.733,7.29,-0.466,0.11,-0.361,0.801,-0.336,2.366,0.695,btn_D
1780981591.1263974,-0.797,-0.157,0.618,-1.389,3.084,-0.908,-0.685,-0.345,0.589,-6.634,1.55,0.29,-0.28,-0.396,0.895,0.061,2.344,0.595,-0.226,-0.397,0.947,2.183,8.191,0.687,0.119,-0.359,0.797,-1.13,2.382,-1.046,btn_D
1780981591.2247446,-0.799,-0.157,0.606,-0.389,0.969,-0.267,-0.686,-0.338,0.583,-5.656,0.191,0.336,-0.277,-0.389,0.896,-0.046,-1.29,-0.527,-0.22,-0.4,0.949,1.702,6.122,-1.366,0.113,-0.357,0.802,-0.824,2.435,0.16,btn_D
1780981591.3253338,-0.161,0.305,-0.91,250.13,-144.931,232.076,-0.608,-0.33,0.553,-6.313,-77.901,-26.511,-0.246,-0.453,0.901,21.427,-38.313,-6.122,-0.033,-0.391,1.103,-2.962,-51.748,-6.878,0.147,-0.371,0.796,4.489,-26.145,-4.122,btn_D
1780981591.4238527,-0.641,0.109,0.843,10.595,-16.298,17.969,-0.644,-0.362,0.654,-4.389,-4.267,-2.336,-0.27,-0.384,0.894,3.87,-0.092,-1.244,-0.194,-0.406,0.961,3.802,3.076,-2.313,0.135,-0.382,0.806,-4.412,-6.924,-1.328,btn_D
1780981591.526819,-0.647,0.177,0.728,0.496,0.046,-1.389,-0.624,-0.36,0.658,-7.046,1.763,-0.443,-0.251,-0.389,0.914,0.008,1.916,0.947,-0.194,-0.401,0.959,1.214,7.145,-0.481,0.141,-0.383,0.802,-4.847,1.0,-0.771,btn_D
1780981591.629973,-0.659,0.152,0.808,1.878,1.084,-1.214,-0.62,-0.36,0.66,-6.244,2.046,-0.962,-0.246,-0.378,0.914,-0.252,0.061,0.542,-0.175,-0.401,0.964,0.573,8.252,-0.107,0.138,-0.381,0.792,-2.473,2.771,0.817,btn_D
1780981591.7414038,-0.476,0.278,0.534,-41.504,35.771,-6.664,-0.563,-0.335,0.631,-13.092,8.847,-0.893,-0.24,-0.381,0.916,-8.328,5.649,-0.412,-0.203,-0.406,0.948,4.595,24.672,1.87,0.127,-0.372,0.793,14.45,21.794,2.534,btn_D
1780981591.8415759,-2.0,-2.0,2.0,-195.015,146.527,-84.481,-0.612,-0.373,0.62,-21.107,-9.176,-0.427,-0.318,-0.388,0.907,-20.489,20.359,-6.038,-0.224,-0.38,0.928,9.817,-12.092,-3.122,0.106,-0.361,0.762,9.771,-9.046,2.718,btn_D
1780981591.9388332,-0.802,-0.136,0.617,-7.092,2.71,-3.893,-0.683,-0.339,0.611,-8.817,1.176,-1.611,-0.267,-0.39,0.909,0.786,-0.359,2.26,-0.202,-0.409,0.956,1.107,11.26,1.374,0.123,-0.357,0.796,-3.779,9.847,1.031,btn_D
1780981592.0418012,-0.787,-0.14,0.631,-0.725,5.473,-0.71,-0.676,-0.338,0.593,-7.527,1.344,-0.366,-0.265,-0.394,0.906,-1.649,2.939,1.397,-0.209,-0.404,0.955,0.916,9.534,1.076,0.109,-0.362,0.8,-0.977,3.107,1.168,btn_D
1780981592.1448598,-0.792,-0.148,0.623,-1.603,2.221,-0.992,-0.681,-0.344,0.594,-6.939,1.832,-0.198,-0.272,-0.394,0.896,-0.237,1.305,0.924,-0.213,-0.404,0.954,1.206,7.84,-0.183,0.111,-0.369,0.803,-0.771,2.634,0.748,btn_D
1780981592.2569969,-0.792,-0.143,0.622,-1.328,1.076,-0.481,-0.678,-0.337,0.595,-6.275,1.313,0.115,-0.27,-0.397,0.9,-0.687,0.863,1.038,-0.212,-0.402,0.946,1.351,9.176,0.229,0.114,-0.366,0.8,-0.687,3.229,0.435,btn_D
1780981592.356997,-0.798,-0.144,0.62,-0.809,2.328,-1.046,-0.679,-0.341,0.585,-6.321,0.939,-0.183,-0.271,-0.394,0.899,-0.435,-0.198,0.191,-0.211,-0.404,0.953,1.115,7.183,-0.26,0.121,-0.369,0.799,-0.412,1.817,0.527,btn_D
1780981592.453772,-0.796,-0.147,0.625,-1.443,2.565,-0.29,-0.681,-0.338,0.577,-6.809,1.359,0.427,-0.277,-0.389,0.903,-0.695,1.366,0.817,-0.221,-0.409,0.951,1.641,7.084,-0.382,0.111,-0.361,0.797,-0.687,2.45,0.321,btn_D
1780981592.556917,-0.796,-0.145,0.619,-0.718,1.198,-0.855,-0.686,-0.343,0.591,-6.771,0.756,-0.588,-0.272,-0.397,0.898,-0.725,-0.84,0.321,-0.215,-0.403,0.951,0.733,7.863,-0.733,0.114,-0.364,0.8,-0.832,2.496,0.13,btn_D
1780981592.6596391,-0.794,-0.149,0.619,-1.45,2.107,-0.603,-0.682,-0.341,0.587,-6.618,0.58,-0.557,-0.278,-0.392,0.899,-0.374,0.702,0.534,-0.222,-0.406,0.951,1.557,6.893,0.038,0.106,-0.358,0.8,0.076,1.779,-0.015,btn_D
1780981595.3381643,-0.802,-0.151,0.611,-1.031,1.458,-0.71,-0.683,-0.343,0.583,-7.008,0.313,-0.55,-0.272,-0.398,0.899,-0.466,0.214,0.298,-0.223,-0.411,0.952,1.718,6.939,-1.099,0.115,-0.367,0.802,0.076,1.656,0.0,btn_D
1780981595.4409077,-0.794,-0.15,0.606,-0.672,2.145,-0.985,-0.686,-0.346,0.59,-6.74,0.656,-0.191,-0.279,-0.399,0.902,-0.221,0.58,0.87,-0.224,-0.408,0.955,1.374,7.519,0.099,0.114,-0.362,0.803,-0.756,2.473,0.099,btn_D
1780981595.5440357,-0.797,-0.153,0.611,-1.237,1.45,-0.977,-0.688,-0.343,0.583,-6.45,0.611,-0.397,-0.269,-0.393,0.898,-0.511,-1.374,0.412,-0.217,-0.407,0.95,1.595,6.748,-0.664,0.119,-0.371,0.811,-0.649,2.153,0.046,btn_D
1780981595.660764,-0.799,-0.148,0.612,-0.885,2.458,-0.718,-0.682,-0.338,0.586,-6.939,0.817,-0.16,-0.276,-0.4,0.905,-0.55,0.29,0.626,-0.224,-0.408,0.94,1.214,7.466,-1.008,0.12,-0.362,0.804,-1.0,2.603,-0.275,btn_D
1780981595.75034,-0.799,-0.149,0.606,-0.679,0.794,-0.908,-0.681,-0.341,0.584,-6.489,0.664,-0.015,-0.27,-0.395,0.906,-0.573,-0.069,0.351,-0.22,-0.405,0.954,1.13,7.763,0.122,0.116,-0.369,0.801,-0.427,2.504,0.076,btn_D
1780981595.8600035,-0.803,-0.152,0.615,-0.802,1.427,0.458,-0.681,-0.339,0.586,-6.122,0.771,0.29,-0.275,-0.397,0.901,-0.366,-0.489,0.305,-0.226,-0.408,0.942,1.053,6.649,-0.588,0.11,-0.364,0.797,-0.634,2.328,-0.061,btn_D
1780981595.9565823,-0.799,-0.156,0.61,-0.725,1.046,-1.176,-0.684,-0.34,0.587,-5.954,0.489,0.252,-0.275,-0.395,0.9,-0.313,-0.313,0.084,-0.218,-0.407,0.951,1.389,6.489,-0.656,0.113,-0.369,0.806,-0.908,2.13,-0.214,btn_D
1780981596.0590186,1.311,0.304,0.128,162.252,-33.977,148.023,-0.422,-0.395,1.207,32.534,-155.481,-2.87,-0.077,-0.356,0.791,10.191,-54.183,-2.916,-0.146,-0.391,1.003,8.206,23.122,0.534,0.186,-0.356,0.78,-9.58,6.229,-5.947,btn_D
1780981596.1778028,-0.627,0.195,0.622,1.321,-12.061,21.595,-0.497,-0.305,0.586,-24.725,-8.153,-13.366,-0.272,-0.397,0.934,-4.924,-10.863,-0.137,-0.187,-0.402,0.963,-0.061,13.366,0.305,0.137,-0.366,0.795,1.046,-1.519,0.885,btn_D
1780981596.2732337,-0.813,0.131,0.802,8.718,-2.298,7.55,-0.645,-0.37,0.631,-2.794,0.908,-2.916,-0.249,-0.388,0.914,0.115,-7.42,-2.595,-0.153,-0.409,0.979,2.885,1.557,-0.962,0.15,-0.375,0.785,-3.305,1.252,0.55,btn_D
1780981596.3742533,-0.718,0.134,0.816,-3.076,2.511,-0.885,-0.626,-0.375,0.653,-5.924,-0.038,-0.328,-0.26,-0.388,0.901,0.481,0.16,-0.153,-0.188,-0.407,0.957,0.611,7.832,-0.267,0.144,-0.373,0.793,-1.496,2.847,0.511,btn_D
1780981596.4719257,-0.619,0.159,0.626,-29.534,28.496,-2.977,-0.633,-0.376,0.625,-5.382,3.725,0.779,-0.251,-0.394,0.908,-2.084,2.168,-0.496,-0.177,-0.424,0.955,9.389,10.534,1.107,0.143,-0.369,0.793,7.221,8.641,0.87,btn_D
1780981596.5742626,-0.914,-0.397,0.725,-86.58,116.191,-202.168,-0.645,-0.35,0.621,-3.504,44.298,29.611,-0.259,-0.401,0.904,-3.947,13.939,3.679,-0.197,-0.407,0.933,-0.779,29.046,2.908,0.052,-0.334,0.809,10.053,21.878,2.031,btn_D
1780981596.6771638,-0.821,-0.141,0.578,1.573,10.336,-2.252,-0.684,-0.343,0.581,-6.87,4.069,0.344,-0.27,-0.398,0.893,-0.595,0.366,0.053,-0.219,-0.413,0.947,2.183,5.55,0.496,0.124,-0.357,0.783,3.725,-6.87,1.122,btn_D
1780981596.7916524,-0.791,-0.156,0.619,-0.847,2.55,-0.863,-0.683,-0.349,0.586,-6.237,0.817,-0.084,-0.261,-0.395,0.904,-0.076,-0.267,-0.176,-0.199,-0.407,0.957,1.405,8.061,-0.305,0.128,-0.368,0.802,-1.16,3.687,0.557,btn_D
1780981596.8909473,-0.789,-0.15,0.619,-2.344,3.305,-1.229,-0.682,-0.351,0.585,-6.679,1.076,-0.076,-0.264,-0.397,0.893,-0.779,0.985,0.763,-0.209,-0.411,0.957,1.542,7.595,-0.137,0.124,-0.37,0.798,-0.55,2.191,0.275,btn_D
1780981596.986306,-0.796,-0.148,0.622,-2.198,2.412,-1.695,-0.677,-0.346,0.583,-7.328,1.656,-0.641,-0.263,-0.399,0.897,-0.725,1.405,0.962,-0.207,-0.413,0.952,1.42,8.924,0.611,0.118,-0.357,0.79,-0.87,2.885,0.153,btn_D
1780981597.0887585,-0.794,-0.152,0.61,-1.137,1.038,-1.008,-0.686,-0.349,0.58,-6.687,1.328,-0.099,-0.269,-0.398,0.9,-0.168,0.45,0.168,-0.208,-0.408,0.949,1.489,7.481,-0.565,0.121,-0.36,0.8,-0.435,2.374,0.229,btn_D
1780981597.1922584,-0.795,-0.153,0.616,-1.191,1.023,-0.763,-0.687,-0.352,0.583,-6.87,0.786,-0.527,-0.266,-0.405,0.898,-0.313,-0.008,1.053,-0.212,-0.412,0.951,1.305,7.534,-1.0,0.127,-0.367,0.799,-0.458,2.847,0.145,btn_D
1780981597.3083186,-0.798,-0.154,0.618,-1.42,1.382,-0.244,-0.686,-0.341,0.582,-6.58,0.916,-0.565,-0.266,-0.399,0.899,-0.344,0.679,0.565,-0.213,-0.41,0.956,1.221,7.634,0.137,0.127,-0.362,0.797,-0.916,2.962,0.244,btn_D
1780981599.9730532,-0.802,-0.151,0.601,-1.359,0.076,-1.527,-0.69,-0.341,0.581,-6.374,0.641,-0.702,-0.279,-0.406,0.895,-1.038,-0.252,-0.366,-0.219,-0.417,0.942,1.427,7.305,-0.87,0.114,-0.371,0.8,-0.382,2.908,-0.061,btn_D
1780981600.077547,-0.803,-0.155,0.607,-0.328,1.26,-0.954,-0.693,-0.345,0.573,-5.931,0.733,0.542,-0.275,-0.404,0.897,0.099,-0.16,-0.168,-0.221,-0.414,0.94,1.794,6.359,-0.298,0.111,-0.366,0.79,0.038,1.427,-0.214,btn_D
1780981600.1792197,-0.805,-0.153,0.605,-0.748,1.099,-0.229,-0.688,-0.344,0.575,-6.29,0.855,-0.206,-0.276,-0.402,0.901,-0.145,-0.221,0.351,-0.221,-0.415,0.942,1.565,7.191,-0.534,0.117,-0.372,0.799,-0.573,2.504,0.061,btn_D
1780981600.2923152,-0.8,-0.153,0.605,-1.481,1.282,-1.214,-0.691,-0.343,0.577,-6.656,0.427,-0.511,-0.269,-0.401,0.906,-0.489,0.061,0.061,-0.213,-0.414,0.946,1.374,6.847,-0.588,0.115,-0.371,0.797,-0.45,2.435,-0.023,btn_D
1780981600.393955,-0.8,-0.151,0.61,-1.542,3.046,-0.878,-0.691,-0.342,0.563,-6.916,0.985,-0.557,-0.285,-0.404,0.894,-1.023,1.496,0.443,-0.226,-0.417,0.944,1.397,7.489,-0.351,0.11,-0.375,0.802,-1.817,2.71,-0.366,btn_D
1780981600.4887545,-0.802,-0.157,0.613,-0.939,0.221,-1.099,-0.689,-0.343,0.58,-6.008,0.954,-0.45,-0.271,-0.4,0.894,0.344,-0.214,0.573,-0.219,-0.415,0.946,1.748,7.275,-0.351,0.116,-0.364,0.798,-0.275,3.206,0.092,btn_D
1780981600.596496,-0.807,-0.156,0.597,-0.916,3.55,-0.214,-0.691,-0.343,0.561,-6.664,1.588,0.603,-0.276,-0.402,0.896,-0.366,1.71,1.084,-0.208,-0.416,0.947,2.115,6.794,-0.931,0.112,-0.38,0.782,0.58,3.145,-0.977,btn_D
1780981600.7074165,0.004,0.148,0.083,127.473,-77.458,55.664,-0.649,-0.343,0.594,-3.542,-55.939,-10.763,-0.25,-0.406,0.916,9.908,-20.374,-1.626,-0.179,-0.426,0.957,11.962,-5.336,-3.519,0.156,-0.364,0.798,-9.069,3.588,-8.107,btn_D
1780981600.8063016,-0.489,0.24,0.529,5.229,-14.931,11.588,-0.597,-0.349,0.638,-2.053,-2.733,-4.412,-0.216,-0.405,0.922,-1.664,2.954,0.939,-0.179,-0.409,0.971,1.695,10.29,1.611,0.142,-0.363,0.791,-0.374,-0.183,-0.26,btn_D
1780981600.9060278,-0.662,0.146,0.775,-10.427,9.168,-4.237,-0.628,-0.381,0.656,-7.832,3.817,-0.672,-0.254,-0.395,0.912,-1.42,2.748,0.977,-0.179,-0.408,0.97,1.336,8.443,-0.931,0.146,-0.367,0.792,-2.802,2.153,-1.008,btn_D
1780981601.0187085,-0.712,0.067,0.886,6.244,-3.534,1.137,-0.627,-0.37,0.633,-5.733,2.466,0.076,-0.251,-0.391,0.906,1.282,0.053,-0.198,-0.172,-0.406,0.963,1.427,5.115,-0.489,0.153,-0.37,0.791,0.794,2.42,1.145,btn_D
1780981601.10666,-0.648,0.147,0.74,-8.58,7.061,-0.115,-0.615,-0.364,0.639,-7.305,1.038,0.221,-0.26,-0.389,0.907,-0.565,3.84,1.611,-0.198,-0.404,0.944,2.588,10.71,1.473,0.136,-0.369,0.796,5.305,2.802,0.55,btn_D
1780981601.2095635,-0.427,-0.23,0.562,-194.321,97.13,-139.802,-0.638,-0.369,0.612,0.168,65.046,38.878,-0.255,-0.411,0.891,0.092,1.847,-0.015,-0.202,-0.402,0.965,-0.198,12.534,-1.603,0.156,-0.366,0.791,3.947,16.733,2.038,btn_D
1780981601.3124082,-0.729,-0.136,0.654,-7.298,-5.893,-6.137,-0.684,-0.345,0.586,-8.168,-4.71,-3.305,-0.256,-0.407,0.904,-3.847,5.099,0.71,-0.209,-0.408,0.942,0.16,15.763,1.687,0.108,-0.366,0.822,-3.511,3.695,1.061,btn_D
1780981601.4251661,-0.804,-0.15,0.619,-3.305,2.611,-2.031,-0.684,-0.34,0.585,-6.954,0.611,-1.695,-0.256,-0.404,0.908,-0.58,-1.092,-0.405,-0.19,-0.414,0.96,1.069,6.351,-0.924,0.131,-0.363,0.798,-1.931,1.817,1.038,btn_D
1780981601.518532,-0.79,-0.141,0.622,-2.053,2.992,-1.832,-0.685,-0.346,0.566,-7.29,2.901,-0.779,-0.264,-0.405,0.897,-0.611,1.916,1.221,-0.208,-0.412,0.948,0.504,9.756,0.473,0.123,-0.362,0.809,-2.595,3.763,0.786,btn_D
1780981601.6221383,-0.801,-0.149,0.606,-2.008,1.893,-0.626,-0.684,-0.345,0.582,-6.679,2.008,0.328,-0.264,-0.402,0.904,-0.298,2.718,0.733,-0.202,-0.415,0.947,1.504,9.046,0.702,0.13,-0.361,0.802,-0.924,2.076,0.763,btn_D
1780981601.7243378,-0.799,-0.145,0.615,-2.412,1.656,-1.756,-0.687,-0.346,0.574,-7.084,1.565,-0.038,-0.27,-0.402,0.896,-0.71,1.305,-0.107,-0.214,-0.417,0.95,1.015,7.061,-0.427,0.123,-0.361,0.796,-1.16,2.947,0.0,btn_D
1780981601.8404021,-0.808,-0.152,0.605,-1.756,1.031,-0.588,-0.686,-0.344,0.577,-6.435,1.046,0.092,-0.268,-0.401,0.899,0.015,-0.275,0.397,-0.201,-0.415,0.951,1.405,7.382,-0.725,0.127,-0.37,0.802,-0.389,1.634,0.794,btn_D
1780981601.9402716,-0.799,-0.151,0.614,-1.122,3.053,-0.55,-0.684,-0.348,0.582,-6.29,2.947,0.0,-0.268,-0.4,0.896,-0.603,1.321,0.802,-0.219,-0.414,0.945,1.252,8.221,0.282,0.12,-0.364,0.798,-0.527,2.397,0.328,btn_D
1780981604.6081522,-0.804,-0.152,0.601,-0.725,1.145,0.023,-0.689,-0.346,0.578,-6.237,0.405,-0.153,-0.274,-0.402,0.894,-0.122,0.366,-0.527,-0.219,-0.416,0.948,1.672,7.061,-0.321,0.118,-0.366,0.799,-0.298,2.244,0.046,btn_D
1780981604.711318,-0.805,-0.153,0.609,-0.931,1.679,-0.756,-0.696,-0.342,0.58,-6.244,0.443,-1.099,-0.277,-0.405,0.896,0.031,-0.229,-0.099,-0.219,-0.417,0.94,1.351,7.16,-0.145,0.115,-0.366,0.804,-0.702,2.382,-0.13,btn_D
1780981604.8207285,-0.807,-0.151,0.6,-1.115,1.794,-0.13,-0.692,-0.341,0.571,-5.908,0.389,-0.863,-0.278,-0.4,0.896,0.145,-0.519,-0.237,-0.217,-0.412,0.944,2.153,7.076,-0.16,0.118,-0.365,0.798,-0.656,2.626,-0.519,btn_D
1780981604.928267,-0.806,-0.152,0.603,-0.893,2.252,-0.901,-0.692,-0.343,0.573,-6.344,0.885,0.275,-0.275,-0.404,0.895,-0.122,1.74,0.099,-0.224,-0.418,0.946,1.863,7.29,-0.458,0.12,-0.368,0.802,0.16,2.176,-0.107,btn_D
1780981605.02043,-1.65,-0.84,2.0,82.275,-114.122,-7.878,-0.764,-0.326,0.543,-11.855,-35.046,-14.344,-0.341,-0.395,0.888,6.756,-2.74,-2.099,-0.255,-0.409,0.924,-2.359,-16.153,-5.038,0.09,-0.365,0.798,-5.695,-22.916,-10.305,btn_D
1780981605.1250885,-0.822,0.067,0.69,50.595,-39.885,37.634,-0.668,-0.312,0.602,-1.397,-13.336,-6.672,-0.234,-0.389,0.897,4.748,-20.603,-6.908,-0.195,-0.385,0.937,4.924,-20.496,-5.344,0.158,-0.357,0.784,-7.145,-8.908,-3.863,btn_D
1780981605.2276175,-0.672,0.116,0.831,-0.344,-0.328,2.466,-0.632,-0.361,0.654,-5.702,-1.443,-0.198,-0.23,-0.387,0.922,1.305,2.214,2.221,-0.184,-0.397,0.964,0.573,7.985,-0.496,0.148,-0.379,0.787,-4.756,-2.519,0.252,btn_D
1780981605.342036,-0.706,0.188,0.688,4.229,0.229,1.649,-0.625,-0.349,0.639,-5.466,0.725,-0.756,-0.239,-0.385,0.927,-0.794,-1.939,0.168,-0.156,-0.403,0.98,0.534,7.053,-0.046,0.162,-0.381,0.781,-0.763,5.84,0.901,btn_D
1780981605.440874,-0.644,0.187,0.769,-6.786,15.496,-5.679,-0.622,-0.359,0.637,-6.939,1.969,-1.13,-0.25,-0.388,0.92,-2.534,-2.481,-0.718,-0.178,-0.405,0.964,1.16,7.237,-0.435,0.138,-0.369,0.785,1.687,3.817,0.458,btn_D
1780981605.5419633,-0.599,0.194,0.675,-14.137,13.061,0.244,-0.628,-0.355,0.627,-9.382,2.496,-1.916,-0.229,-0.393,0.911,-2.244,4.435,1.634,-0.176,-0.405,0.965,1.626,11.176,0.336,0.148,-0.375,0.792,3.221,6.809,0.366,btn_D
1780981605.638856,-0.632,-0.211,0.752,-193.382,75.718,-106.985,-0.684,-0.359,0.603,-8.595,42.527,30.107,-0.235,-0.402,0.921,-1.092,4.031,1.916,-0.173,-0.402,0.949,-1.313,17.878,0.702,0.143,-0.358,0.797,5.458,13.992,1.305,btn_D
1780981605.7423115,-0.852,-0.126,0.627,-19.351,-1.756,-10.901,-0.667,-0.35,0.596,-6.489,2.313,-1.763,-0.247,-0.396,0.905,-1.947,5.069,0.962,-0.188,-0.406,0.959,1.366,10.878,1.313,0.123,-0.363,0.802,-2.618,9.359,1.382,btn_D
1780981605.8567514,-0.784,-0.143,0.625,-6.313,7.725,-0.534,-0.689,-0.341,0.585,-7.504,1.786,-1.267,-0.268,-0.397,0.895,-3.153,-0.603,-0.153,-0.201,-0.405,0.955,-0.13,4.015,-1.389,0.12,-0.362,0.805,-2.176,0.992,0.565,btn_D
1780981605.9613836,-0.804,-0.144,0.615,-1.145,2.527,-0.298,-0.679,-0.341,0.584,-6.969,1.687,0.634,-0.259,-0.398,0.903,-0.435,3.489,1.313,-0.201,-0.407,0.959,1.557,10.802,1.084,0.129,-0.36,0.799,-1.626,4.374,0.168,btn_D
1780981606.0568748,-0.8,-0.131,0.614,-4.489,3.191,-2.122,-0.689,-0.345,0.577,-8.183,0.885,-1.45,-0.27,-0.4,0.897,-1.412,0.595,0.046,-0.213,-0.412,0.954,0.931,7.725,-0.817,0.124,-0.367,0.796,-0.275,2.573,-0.038,btn_D
1780981606.1534674,-0.808,-0.148,0.609,-2.076,2.015,-1.405,-0.687,-0.344,0.578,-6.527,0.328,-0.573,-0.273,-0.396,0.899,-0.504,-1.13,-0.168,-0.21,-0.411,0.946,2.115,6.015,-0.527,0.118,-0.366,0.8,0.336,1.168,-0.176,btn_D
1780981606.2568204,-0.799,-0.14,0.606,0.573,1.107,-0.656,-0.669,-0.344,0.592,-7.382,0.496,-2.427,-0.264,-0.396,0.9,-2.893,-0.489,-1.191,-0.208,-0.412,0.953,0.0,8.344,-0.519,0.12,-0.366,0.79,-1.603,3.809,0.275,btn_D
1780981606.3596504,-0.8,-0.14,0.614,-0.985,3.046,-0.779,-0.691,-0.347,0.581,-7.008,0.863,-1.046,-0.277,-0.402,0.9,-1.275,0.137,-0.198,-0.212,-0.409,0.949,1.031,7.771,-0.84,0.118,-0.366,0.797,-0.649,2.221,0.313,btn_D
1780981606.474094,-0.807,-0.145,0.602,-1.618,1.725,-0.649,-0.691,-0.351,0.584,-6.748,0.443,-1.389,-0.275,-0.402,0.906,-0.763,-0.847,-0.191,-0.208,-0.403,0.949,0.809,6.832,-1.237,0.117,-0.364,0.803,-1.13,2.702,0.55,btn_D
1780981606.5742962,-0.797,-0.142,0.606,-2.908,4.069,-0.45,-0.691,-0.352,0.569,-6.939,1.153,0.008,-0.282,-0.404,0.9,-1.29,1.053,0.107,-0.216,-0.406,0.944,-0.244,8.969,-0.42,0.122,-0.362,0.8,-1.321,3.427,0.527,btn_D
1780981609.2439625,-0.808,-0.147,0.601,-0.756,1.893,-0.977,-0.688,-0.349,0.574,-6.649,0.809,-0.84,-0.276,-0.401,0.9,-0.794,0.282,-0.405,-0.225,-0.421,0.946,1.298,6.679,-0.611,0.113,-0.365,0.799,-1.092,1.916,-0.321,btn_D
1780981609.3466942,-0.807,-0.145,0.599,-1.038,1.626,-0.038,-0.686,-0.349,0.573,-6.298,1.038,0.473,-0.275,-0.402,0.893,-0.015,0.282,0.336,-0.218,-0.413,0.952,1.443,7.87,0.611,0.115,-0.371,0.803,-0.099,3.092,0.038,btn_D
1780981609.4582098,-0.809,-0.148,0.599,-1.748,2.55,-1.122,-0.693,-0.351,0.573,-6.618,0.634,-0.298,-0.283,-0.403,0.893,-0.244,0.16,0.198,-0.224,-0.417,0.945,1.641,6.771,-0.878,0.117,-0.371,0.8,-0.344,1.595,-0.191,btn_D
1780981609.5588858,-0.81,-0.147,0.592,-0.977,1.29,-1.427,-0.688,-0.349,0.565,-6.397,0.298,-0.16,-0.272,-0.402,0.898,-0.183,0.496,-0.351,-0.218,-0.413,0.948,1.496,7.084,-0.305,0.115,-0.371,0.797,-0.496,2.847,0.084,btn_D
1780981609.6554995,-0.805,-0.15,0.601,-1.542,2.191,-0.504,-0.691,-0.345,0.572,-7.015,1.275,-0.282,-0.279,-0.407,0.895,-0.786,0.962,0.382,-0.224,-0.416,0.936,1.557,8.275,0.282,0.11,-0.364,0.801,-1.16,2.885,0.107,btn_D
1780981609.759693,-0.812,-0.15,0.591,0.206,0.275,-0.763,-0.67,-0.34,0.602,-5.229,7.16,-0.435,-0.274,-0.402,0.911,0.725,-1.863,-0.16,-0.224,-0.41,0.938,1.405,3.137,-1.313,0.114,-0.367,0.796,0.13,1.641,-0.397,btn_D
1780981609.8714323,-0.818,-0.156,0.622,-1.458,2.298,-0.183,-0.678,-0.347,0.588,-7.695,-1.427,-0.802,-0.239,-0.404,0.895,1.389,3.244,1.626,-0.207,-0.388,0.927,2.031,10.038,0.015,0.155,-0.395,0.778,-2.008,11.595,-2.924,btn_D
1780981609.9644094,-0.461,0.221,0.49,83.603,-21.206,44.122,-0.599,-0.327,0.61,-3.229,0.038,-2.763,-0.263,-0.406,0.902,4.076,1.115,0.008,-0.189,-0.411,0.975,4.435,-3.412,-1.977,0.135,-0.371,0.807,14.504,-17.863,1.939,btn_D
1780981610.073104,-0.534,0.209,0.605,1.321,-2.115,1.42,-0.635,-0.353,0.625,-7.824,-6.008,-0.649,-0.247,-0.387,0.914,-1.626,-0.794,0.29,-0.189,-0.41,0.953,1.527,9.16,0.221,0.148,-0.372,0.796,2.588,10.504,0.229,btn_D
1780981610.174725,-0.083,-0.389,0.051,-183.664,121.641,-250.137,-0.503,-0.389,0.663,6.916,67.382,51.595,-0.232,-0.428,0.886,-3.206,9.786,6.015,-0.333,-0.464,1.026,6.214,35.924,1.687,0.063,-0.308,0.892,11.481,40.573,4.252,btn_D
1780981610.2911093,-0.752,-0.141,0.636,3.939,26.374,-2.603,-0.691,-0.341,0.576,-9.008,2.466,-1.275,-0.268,-0.395,0.901,0.885,4.687,2.527,-0.216,-0.415,0.947,4.229,7.214,1.252,0.113,-0.356,0.795,9.557,-14.893,2.443,btn_D
1780981610.3889005,-0.785,-0.142,0.631,-1.916,1.122,-1.214,-0.687,-0.34,0.589,-6.847,1.832,-0.992,-0.259,-0.403,0.909,-0.45,-0.473,1.092,-0.205,-0.412,0.946,1.779,9.42,0.71,0.112,-0.363,0.806,-2.397,5.519,0.466,btn_D
1780981610.4888687,-0.788,-0.137,0.622,-1.771,2.557,-1.191,-0.681,-0.344,0.582,-6.855,0.893,-0.634,-0.272,-0.402,0.903,-0.74,1.672,1.031,-0.205,-0.412,0.951,1.099,8.374,0.015,0.125,-0.361,0.802,-1.954,2.427,0.718,btn_D
1780981610.5829258,-0.794,-0.142,0.626,-1.183,0.855,-1.115,-0.686,-0.342,0.573,-6.466,0.71,-1.046,-0.268,-0.402,0.896,-0.824,0.206,0.221,-0.208,-0.415,0.95,1.008,8.267,0.237,0.123,-0.363,0.796,-1.511,2.71,0.221,btn_D
1780981610.686853,-0.795,-0.146,0.63,-0.649,1.58,-0.74,-0.693,-0.34,0.581,-7.107,-0.153,-0.595,-0.268,-0.398,0.893,-0.588,-0.122,0.611,-0.207,-0.413,0.949,1.115,6.924,-0.901,0.122,-0.368,0.802,-1.611,2.031,0.374,btn_D
1780981610.7887871,-0.803,-0.139,0.616,-2.137,2.817,-1.977,-0.693,-0.344,0.571,-7.412,1.321,-1.145,-0.271,-0.398,0.893,-0.756,-0.115,0.534,-0.211,-0.41,0.945,0.397,9.84,-0.282,0.117,-0.359,0.801,-0.565,1.847,0.588,btn_D
1780981610.891688,-0.797,-0.145,0.621,-1.702,2.061,-0.733,-0.687,-0.334,0.573,-6.908,0.443,-1.053,-0.271,-0.397,0.896,-0.527,-0.351,-0.16,-0.213,-0.416,0.943,1.282,6.435,-0.679,0.117,-0.372,0.801,-1.153,2.595,-0.031,btn_D
1780981611.0056484,-0.795,-0.14,0.622,-0.237,1.58,-0.405,-0.682,-0.335,0.575,-6.389,0.603,-0.275,-0.272,-0.403,0.899,-0.069,0.176,0.061,-0.212,-0.414,0.95,1.328,7.634,-0.328,0.117,-0.364,0.793,-0.702,2.649,0.305,btn_D
1780981611.1056998,-0.791,-0.142,0.621,-1.351,1.466,-0.771,-0.692,-0.34,0.578,-6.519,1.023,-0.214,-0.275,-0.404,0.901,-0.733,0.496,0.29,-0.214,-0.414,0.947,1.344,8.13,-0.137,0.112,-0.367,0.8,-0.649,2.58,0.305,btn_D
1780981611.201019,-0.795,-0.137,0.624,-1.29,1.603,-0.603,-0.692,-0.339,0.575,-6.771,1.008,0.053,-0.276,-0.397,0.899,-0.924,0.214,-0.771,-0.213,-0.411,0.951,0.626,7.214,-0.282,0.123,-0.359,0.799,-0.947,2.809,0.611,btn_D
1780981613.8917103,-0.799,-0.147,0.603,-0.977,1.305,-1.015,-0.693,-0.345,0.566,-6.321,0.786,-0.794,-0.278,-0.406,0.898,0.16,-0.107,0.42,-0.226,-0.415,0.949,1.565,6.885,-0.557,0.112,-0.369,0.804,-0.733,2.55,-0.168,btn_D
1780981613.9894035,-0.807,-0.146,0.601,-1.031,1.237,-1.305,-0.692,-0.347,0.572,-6.29,1.069,-0.885,-0.28,-0.402,0.897,-0.328,-0.168,0.099,-0.219,-0.415,0.94,1.542,6.664,-0.679,0.106,-0.369,0.8,-1.084,2.519,0.0,btn_D
1780981614.091651,-0.806,-0.151,0.603,-1.122,1.076,-0.466,-0.69,-0.348,0.566,-6.366,0.298,-0.267,-0.283,-0.406,0.895,-0.466,0.359,0.435,-0.225,-0.417,0.942,1.779,6.824,-0.817,0.112,-0.37,0.792,-0.725,2.252,0.229,btn_D
1780981614.1917102,-0.804,-0.148,0.603,-1.206,1.336,-1.0,-0.691,-0.341,0.579,-6.351,0.344,-0.443,-0.276,-0.403,0.894,-0.435,0.092,0.45,-0.22,-0.413,0.94,1.405,6.985,-0.603,0.107,-0.363,0.802,-0.847,2.656,0.382,btn_D
1780981614.29138,-0.799,-0.145,0.605,-0.565,1.656,0.038,-0.695,-0.342,0.574,-6.45,0.985,-0.282,-0.285,-0.4,0.894,-0.687,0.313,0.382,-0.225,-0.413,0.947,1.26,8.374,-0.351,0.111,-0.363,0.799,-1.389,2.893,0.702,btn_D
1780981614.4055383,1.271,0.118,0.047,196.786,-76.061,174.405,-0.328,-0.351,0.824,-3.084,-93.282,-10.008,-0.236,-0.397,0.91,5.0,-40.718,-8.183,-0.161,-0.458,1.018,6.351,-2.611,-3.55,0.182,-0.375,0.78,-9.107,0.947,-4.748,btn_D
1780981614.5051496,-0.692,0.142,0.771,16.595,-26.916,18.053,-0.619,-0.354,0.629,-5.74,-5.756,-6.122,-0.264,-0.369,0.855,-0.16,-4.344,-0.496,-0.203,-0.404,0.961,3.359,-3.443,-0.214,0.139,-0.381,0.797,3.237,-5.588,0.664,btn_D
1780981614.6008062,-0.483,0.25,0.513,-56.359,51.267,-14.168,-0.614,-0.375,0.634,-8.382,10.939,4.954,-0.253,-0.405,0.91,-5.221,10.824,1.435,-0.194,-0.398,0.961,-4.237,24.863,-1.198,0.134,-0.372,0.795,7.061,17.198,1.58,btn_D
1780981614.7033646,-1.501,0.37,-0.292,83.756,-89.412,-25.092,-0.732,-0.338,0.527,2.718,17.13,-4.809,-0.269,-0.411,0.875,10.42,-13.191,-2.504,-0.221,-0.394,0.934,1.397,-14.435,-2.344,0.125,-0.36,0.794,2.206,-23.061,0.786,btn_D
1780981614.8062792,-0.817,-0.158,0.609,-6.466,1.229,-2.481,-0.685,-0.358,0.556,-5.977,0.649,-0.595,-0.262,-0.411,0.906,-0.008,-1.962,-1.573,-0.195,-0.412,0.961,1.076,6.183,-0.962,0.131,-0.367,0.801,-8.053,9.863,-0.313,btn_D
1780981614.923587,-0.791,-0.144,0.619,-2.74,2.412,-1.939,-0.685,-0.353,0.577,-6.74,1.076,-0.45,-0.27,-0.41,0.895,-0.733,1.405,0.115,-0.216,-0.412,0.944,1.038,6.954,-0.733,0.11,-0.356,0.803,-2.412,3.527,0.107,btn_D
1780981615.0246248,-0.796,-0.148,0.613,-2.191,3.893,-0.55,-0.693,-0.357,0.567,-6.282,0.824,-0.435,-0.272,-0.407,0.891,-0.076,0.595,0.305,-0.208,-0.41,0.951,1.656,7.534,-0.832,0.126,-0.378,0.797,-0.718,1.321,0.26,btn_D
1780981615.1211467,-0.803,-0.146,0.618,-1.45,1.092,-0.855,-0.689,-0.353,0.572,-6.046,0.649,-0.298,-0.268,-0.405,0.901,-0.489,-0.305,-0.053,-0.21,-0.417,0.949,1.542,7.557,-0.183,0.114,-0.363,0.796,-0.435,3.313,0.427,btn_D
1780981615.2181308,-0.803,-0.153,0.613,-1.557,3.947,-0.603,-0.687,-0.353,0.569,-6.229,0.733,0.008,-0.274,-0.404,0.893,-0.527,-0.198,-0.023,-0.211,-0.414,0.945,1.252,6.649,-1.16,0.12,-0.368,0.802,-0.244,0.863,0.473,btn_D
1780981615.3211281,-0.794,-0.141,0.618,-2.55,1.55,-1.351,-0.687,-0.354,0.579,-6.481,2.214,0.412,-0.272,-0.403,0.9,-1.13,0.847,0.405,-0.217,-0.421,0.946,0.351,8.603,-1.13,0.111,-0.367,0.796,-2.298,3.321,0.382,btn_D
1780981615.4243422,-0.801,-0.143,0.609,-2.061,2.313,-1.076,-0.689,-0.354,0.567,-6.183,1.664,0.405,-0.275,-0.406,0.898,-0.55,1.183,0.107,-0.219,-0.417,0.94,1.237,6.954,-1.0,0.119,-0.371,0.796,-1.046,1.557,-0.206,btn_D
1780981615.5390859,-0.801,-0.154,0.607,-0.641,1.809,0.595,-0.687,-0.356,0.565,-6.229,1.397,0.244,-0.266,-0.408,0.895,0.137,1.786,1.015,-0.222,-0.421,0.945,1.359,8.664,-1.42,0.119,-0.366,0.8,-0.427,3.069,0.672,btn_D
1780981615.6385777,-0.802,-0.155,0.608,-1.756,1.237,-0.672,-0.686,-0.358,0.567,-6.656,0.374,-0.366,-0.275,-0.407,0.889,-0.473,-0.061,0.702,-0.221,-0.42,0.939,1.389,8.023,-0.443,0.113,-0.372,0.802,-1.183,2.534,-0.053,btn_D
1780981615.7421098,-0.8,-0.155,0.613,-0.84,1.481,0.389,-0.691,-0.36,0.568,-6.313,0.328,0.061,-0.268,-0.406,0.892,-0.061,0.168,0.573,-0.21,-0.418,0.946,1.847,6.847,-0.13,0.118,-0.371,0.796,-0.122,1.817,-0.015,btn_D
1780981615.840469,-0.801,-0.149,0.613,-0.611,1.611,-0.405,-0.69,-0.353,0.572,-6.573,0.519,-0.71,-0.273,-0.406,0.891,-0.504,0.641,0.496,-0.219,-0.418,0.941,1.107,7.573,-1.0,0.118,-0.372,0.8,-1.206,2.573,0.008,btn_D
1780981618.5240247,-0.799,-0.15,0.602,-1.092,1.313,0.008,-0.693,-0.354,0.561,-6.092,0.382,-1.26,-0.278,-0.406,0.898,-0.618,0.069,-0.153,-0.221,-0.419,0.942,0.985,6.916,-0.649,0.116,-0.369,0.798,-1.092,2.42,-0.008,btn_D
1780981618.6240253,-0.801,-0.147,0.613,-1.534,0.992,-1.229,-0.691,-0.354,0.565,-6.511,0.595,-0.42,-0.273,-0.408,0.894,-0.29,-0.115,-0.214,-0.224,-0.42,0.936,1.153,7.206,-0.794,0.119,-0.372,0.801,-0.809,2.252,0.038,btn_D
1780981618.7225168,-0.801,-0.151,0.607,-1.321,1.939,-0.328,-0.688,-0.35,0.566,-6.534,0.481,-0.061,-0.272,-0.405,0.896,-0.718,0.198,-0.321,-0.219,-0.423,0.945,0.969,7.244,-0.985,0.116,-0.371,0.795,-0.931,2.397,-0.053,btn_D
1780981618.8232317,-0.798,-0.148,0.605,-0.931,1.649,-0.756,-0.692,-0.354,0.567,-6.389,0.855,0.573,-0.276,-0.408,0.894,-0.267,-0.191,-0.305,-0.219,-0.42,0.941,1.603,6.344,-0.382,0.119,-0.376,0.797,-0.573,2.015,-0.198,btn_D
1780981618.9385412,-1.396,0.084,1.079,-13.748,11.786,30.198,-0.765,-0.322,0.544,-8.427,-6.519,-8.641,-0.268,-0.415,0.913,-0.939,3.137,2.344,-0.249,-0.418,0.896,-1.527,3.42,-0.634,0.096,-0.363,0.773,-9.191,0.786,-6.931,btn_D
1780981619.0389585,-0.656,0.245,0.63,37.595,-45.366,27.115,-0.54,-0.372,0.491,-8.053,0.13,-13.672,-0.286,-0.374,0.955,-3.046,-10.061,-4.023,-0.225,-0.409,0.905,2.573,-10.679,-2.191,0.151,-0.357,0.764,3.702,-7.328,-3.87,btn_D
1780981619.1404052,-0.636,0.164,0.747,-5.336,6.0,4.206,-0.624,-0.368,0.622,-5.71,0.756,-0.947,-0.262,-0.404,0.904,-0.771,2.092,0.015,-0.193,-0.417,0.946,1.053,6.198,-0.053,0.129,-0.378,0.805,1.634,-0.214,0.649,btn_D
1780981619.235771,-0.705,0.166,0.727,5.649,-0.412,-0.992,-0.645,-0.377,0.61,-5.275,5.183,-0.634,-0.271,-0.402,0.906,1.076,-0.611,0.023,-0.188,-0.417,0.959,1.534,2.504,-1.573,0.147,-0.383,0.791,1.588,-0.237,0.725,btn_D
1780981619.3398209,-0.636,0.157,0.558,-96.313,78.321,-12.679,-0.606,-0.38,0.635,-4.214,27.168,9.008,-0.266,-0.401,0.917,-0.893,4.244,-0.74,-0.207,-0.431,0.958,-1.229,3.405,-1.885,0.124,-0.37,0.798,4.702,-4.092,1.145,btn_D
1780981619.4416106,0.483,0.241,-0.31,88.13,20.137,2.374,-0.7,-0.363,0.507,-3.641,10.092,-7.412,-0.272,-0.424,0.865,12.191,-8.26,-3.42,-0.193,-0.397,0.936,1.664,-7.55,-1.824,0.123,-0.378,0.796,-4.092,-16.87,1.206,btn_D
1780981619.5555532,-0.815,-0.156,0.61,-3.725,-0.443,-3.985,-0.688,-0.354,0.568,-6.641,1.153,-0.626,-0.261,-0.412,0.898,0.519,-1.489,-0.099,-0.202,-0.423,0.948,2.046,8.16,-0.412,0.124,-0.371,0.8,-2.756,7.794,-0.115,btn_D
1780981619.6550517,-0.802,-0.145,0.604,-1.687,2.832,-0.595,-0.692,-0.351,0.57,-6.718,1.481,0.336,-0.27,-0.41,0.898,-1.252,2.466,1.443,-0.212,-0.422,0.937,1.321,9.344,0.115,0.118,-0.374,0.802,-1.718,3.214,0.756,btn_D
1780981619.7507389,-0.805,-0.145,0.604,-2.321,1.939,-0.656,-0.696,-0.352,0.56,-6.137,1.214,0.267,-0.267,-0.417,0.896,0.099,0.809,1.443,-0.215,-0.424,0.94,2.092,8.275,0.252,0.123,-0.371,0.8,-0.229,2.618,0.641,btn_D
1780981619.8532963,-0.81,-0.144,0.599,-1.397,0.969,-0.527,-0.697,-0.344,0.562,-6.26,1.084,-0.252,-0.274,-0.408,0.891,-0.153,0.573,0.229,-0.209,-0.425,0.946,1.885,7.595,-0.779,0.124,-0.377,0.8,-0.527,2.481,0.275,btn_D
1780981619.959376,-0.801,-0.149,0.61,-1.481,0.534,0.198,-0.698,-0.354,0.568,-6.137,0.687,0.481,-0.275,-0.41,0.895,-0.015,0.962,0.74,-0.21,-0.426,0.949,2.13,7.893,-0.023,0.12,-0.377,0.788,-0.557,2.679,0.366,btn_D
1780981620.07075,-0.807,-0.148,0.606,-2.389,1.137,-0.45,-0.698,-0.357,0.558,-6.328,0.611,-0.153,-0.27,-0.413,0.896,-0.71,0.29,0.206,-0.208,-0.419,0.952,1.374,7.878,-0.267,0.123,-0.372,0.795,-0.351,1.855,0.313,btn_D
1780981620.179046,-0.807,-0.147,0.6,-1.718,2.74,0.053,-0.698,-0.351,0.56,-6.573,0.947,-0.802,-0.273,-0.411,0.892,-0.191,0.985,0.679,-0.215,-0.425,0.939,0.908,8.053,-0.656,0.12,-0.374,0.796,-0.695,2.198,-1.397,btn_D
1780981620.274486,-0.807,-0.141,0.597,-1.183,2.756,-0.939,-0.7,-0.352,0.555,-6.504,0.687,-0.992,-0.274,-0.411,0.887,-0.565,0.198,-0.183,-0.223,-0.421,0.941,1.267,7.038,-0.321,0.119,-0.375,0.807,-1.267,2.206,-0.565,btn_D
1780981620.3681118,-0.809,-0.147,0.603,-1.679,1.802,-1.023,-0.698,-0.355,0.558,-6.29,0.618,-0.901,-0.275,-0.412,0.897,-0.962,-0.328,-0.504,-0.219,-0.425,0.94,0.618,7.237,-0.687,0.119,-0.38,0.801,-0.809,2.412,-0.221,btn_D
1780981623.154572,-0.813,-0.149,0.594,-0.824,1.664,-0.794,-0.7,-0.346,0.554,-6.916,0.855,-0.107,-0.28,-0.418,0.887,-0.412,-0.481,0.046,-0.219,-0.426,0.942,1.496,6.366,-0.702,0.126,-0.381,0.798,-0.786,2.305,0.023,btn_D
1780981623.2534459,-0.815,-0.147,0.601,-0.672,1.214,-1.0,-0.699,-0.349,0.56,-6.321,0.252,-0.336,-0.278,-0.415,0.89,-0.313,-0.107,0.328,-0.22,-0.424,0.939,1.534,6.458,-0.931,0.119,-0.364,0.79,-0.511,2.084,-0.244,btn_D
1780981623.3553424,-0.812,-0.148,0.594,-0.939,1.313,-0.718,-0.698,-0.348,0.554,-6.153,0.389,-0.214,-0.28,-0.41,0.894,-0.046,0.046,0.679,-0.224,-0.425,0.941,1.71,6.969,-0.634,0.122,-0.381,0.8,-0.611,2.305,-0.214,btn_D
1780981623.4753256,-0.807,-0.147,0.595,-0.527,1.183,-0.84,-0.704,-0.349,0.565,-6.16,0.824,0.16,-0.278,-0.412,0.892,-0.115,-0.359,0.611,-0.22,-0.423,0.935,1.611,7.206,-0.519,0.121,-0.375,0.798,-0.382,2.427,-0.107,btn_D
1780981623.572819,-0.814,-0.148,0.592,-1.183,1.42,-0.855,-0.703,-0.352,0.553,-6.687,0.374,0.076,-0.28,-0.411,0.89,-0.519,0.145,0.244,-0.219,-0.43,0.947,1.069,6.847,-0.863,0.125,-0.376,0.8,-1.099,2.29,-0.061,btn_D
1780981623.6711977,-0.837,-0.188,0.76,-18.931,15.916,-0.55,-0.736,-0.335,0.554,-7.115,-0.504,-1.779,-0.286,-0.415,0.89,2.084,3.733,1.611,-0.218,-0.41,0.931,-0.008,9.817,-1.389,0.113,-0.372,0.798,-3.466,5.557,-4.595,btn_D
1780981623.7703807,-0.409,0.221,0.536,44.099,-17.573,36.313,-0.709,-0.389,0.649,-6.137,-10.351,-4.023,-0.291,-0.402,0.884,5.595,-3.977,1.618,-0.218,-0.415,0.952,3.481,0.427,-0.496,0.145,-0.366,0.791,12.832,-14.42,0.641,btn_D
1780981623.8705847,-0.621,0.17,0.667,-12.038,11.908,2.053,-0.65,-0.379,0.647,-8.649,3.794,-1.733,-0.255,-0.406,0.91,-1.626,4.45,1.87,-0.199,-0.419,0.94,0.924,7.176,-0.763,0.14,-0.384,0.795,-2.405,-1.031,-1.153,btn_D
1780981623.973775,-0.616,0.146,0.706,-9.924,8.092,2.282,-0.617,-0.385,0.604,-6.099,4.435,0.366,-0.272,-0.403,0.9,-2.725,4.412,0.649,-0.19,-0.418,0.95,2.275,12.321,0.008,0.144,-0.379,0.788,-0.702,10.481,0.527,btn_D
1780981624.0763083,-0.571,-0.166,0.554,-192.954,88.359,-89.29,-0.652,-0.379,0.59,-0.504,59.55,29.405,-0.273,-0.405,0.875,-2.992,1.511,0.084,-0.202,-0.415,0.939,4.099,13.0,-0.092,0.138,-0.369,0.784,2.634,11.802,1.664,btn_D
1780981624.188025,-0.835,-0.196,0.643,-5.725,-27.603,-5.603,-0.7,-0.346,0.555,-5.473,1.725,-1.099,-0.257,-0.41,0.903,-4.771,4.496,0.344,-0.19,-0.424,0.957,0.71,14.45,0.931,0.13,-0.364,0.789,-6.641,12.809,0.885,btn_D
1780981624.2825449,-0.818,-0.142,0.597,-5.878,-0.55,-1.115,-0.702,-0.343,0.56,-7.634,1.069,-0.313,-0.268,-0.408,0.9,-1.504,-1.74,-0.504,-0.216,-0.423,0.933,0.664,6.481,-1.053,0.129,-0.376,0.797,-1.237,1.374,0.122,btn_D
1780981624.3863597,-0.81,-0.142,0.595,-1.611,2.458,-1.382,-0.696,-0.347,0.562,-6.198,1.069,-0.496,-0.273,-0.412,0.889,-0.679,0.733,0.084,-0.211,-0.421,0.941,1.092,9.008,0.214,0.121,-0.371,0.803,-1.321,3.595,0.641,btn_D
1780981624.4886262,-0.818,-0.146,0.604,-4.763,3.832,0.137,-0.7,-0.347,0.566,-7.13,0.832,-1.13,-0.276,-0.412,0.896,-1.13,0.16,0.237,-0.218,-0.42,0.937,1.031,7.679,-0.855,0.117,-0.371,0.794,-1.626,2.939,0.58,btn_D
1780981624.603938,-0.809,-0.145,0.592,-0.901,1.977,-0.748,-0.703,-0.354,0.563,-6.557,0.756,-0.832,-0.277,-0.411,0.897,-0.901,0.481,-0.29,-0.222,-0.424,0.941,1.0,6.229,-1.061,0.13,-0.374,0.797,-1.076,2.267,0.015,btn_D
1780981624.7088308,-0.81,-0.147,0.59,-1.122,1.389,-0.939,-0.695,-0.351,0.567,-6.29,0.786,-0.42,-0.278,-0.414,0.897,-0.603,0.282,0.13,-0.22,-0.428,0.936,1.038,8.008,0.221,0.124,-0.371,0.789,-0.389,2.389,0.298,btn_D
1780981624.8110826,-0.814,-0.145,0.592,-1.344,1.802,-1.206,-0.696,-0.352,0.566,-6.573,1.046,-0.412,-0.28,-0.413,0.894,-0.435,-0.328,0.42,-0.215,-0.424,0.937,1.504,6.611,-0.847,0.12,-0.378,0.797,-0.427,2.023,0.076,btn_D
1780981624.908015,-0.808,-0.145,0.592,-0.466,0.863,-1.221,-0.696,-0.352,0.554,-6.771,0.878,-0.206,-0.279,-0.412,0.887,-0.351,0.466,0.267,-0.219,-0.428,0.931,1.824,7.427,-0.489,0.126,-0.368,0.799,-0.74,2.756,-0.076,btn_D
1780981625.003447,-0.807,-0.153,0.591,-0.962,0.756,-0.29,-0.698,-0.349,0.561,-6.405,1.115,-0.481,-0.276,-0.409,0.891,-0.29,0.275,0.664,-0.222,-0.424,0.943,1.511,6.305,-0.206,0.121,-0.377,0.799,-0.023,1.809,-0.13,btn_D
1780981627.7894313,-0.812,-0.146,0.597,-1.328,1.664,-0.763,-0.704,-0.347,0.554,-6.542,0.595,-0.168,-0.281,-0.412,0.889,-0.191,0.573,0.588,-0.225,-0.428,0.938,1.519,7.58,-0.206,0.122,-0.378,0.796,-0.588,2.176,-0.084,btn_D
1780981627.892872,-0.813,-0.143,0.6,-0.954,1.718,-1.031,-0.702,-0.349,0.552,-6.695,0.435,-0.679,-0.281,-0.409,0.896,-0.664,-0.115,-0.382,-0.215,-0.423,0.943,1.756,6.702,0.038,0.114,-0.375,0.799,-0.405,2.672,-0.298,btn_D
1780981627.9906843,-0.807,-0.145,0.601,-1.481,1.275,-1.321,-0.698,-0.351,0.554,-6.84,0.519,-0.466,-0.279,-0.413,0.888,-0.412,0.466,0.069,-0.22,-0.427,0.942,1.221,7.618,-0.481,0.123,-0.377,0.796,-0.893,2.313,0.496,btn_D
1780981628.0936935,-0.806,-0.146,0.598,-1.183,2.168,-0.397,-0.703,-0.347,0.561,-6.374,0.206,-0.985,-0.279,-0.41,0.892,-0.145,0.511,0.511,-0.221,-0.427,0.939,1.809,7.931,0.229,0.121,-0.373,0.796,0.031,2.656,0.076,btn_D
1780981628.203888,-0.808,-0.143,0.597,-1.672,2.275,-1.267,-0.71,-0.35,0.554,-6.534,0.038,-0.763,-0.286,-0.414,0.897,-0.511,-0.519,-0.206,-0.218,-0.423,0.937,1.763,4.137,0.389,0.118,-0.375,0.79,-0.443,2.74,0.053,btn_D
1780981628.2996914,-1.107,-0.256,1.365,-85.573,0.954,6.359,-0.719,-0.364,0.488,5.214,-19.672,0.947,-0.275,-0.391,0.88,14.718,-4.069,5.527,-0.354,-0.401,0.896,14.763,-6.557,-2.351,0.107,-0.355,0.783,-17.397,-13.183,-22.298,btn_D
1780981628.4026268,-0.641,0.137,0.696,28.611,-11.321,30.0,-0.68,-0.379,0.636,-4.26,-0.626,-4.229,-0.27,-0.387,0.895,-0.183,2.137,-0.496,-0.171,-0.4,0.963,4.45,-2.084,-2.534,0.163,-0.372,0.781,1.679,-9.885,-1.237,btn_D
1780981628.506309,-0.759,0.162,0.737,15.023,-8.847,1.71,-0.605,-0.343,0.639,-5.641,4.939,-1.718,-0.209,-0.382,0.911,-1.924,2.191,-0.794,-0.156,-0.401,0.96,-1.786,11.214,-0.931,0.166,-0.379,0.783,-1.702,6.542,1.679,btn_D
1780981628.6200316,-0.472,0.244,0.46,-70.55,63.092,-19.55,-0.826,-0.542,0.752,-11.733,3.786,7.58,-0.24,-0.397,0.911,-10.282,12.756,1.374,-0.156,-0.396,0.966,-1.015,29.878,1.344,0.135,-0.365,0.812,6.725,22.916,8.58,btn_D
1780981628.7193136,-1.153,-0.273,1.093,6.305,-57.771,24.504,-0.668,-0.346,0.589,-7.87,-4.458,-4.473,-0.264,-0.402,0.884,3.092,-10.656,-2.557,-0.164,-0.426,0.975,0.748,-2.13,-1.725,0.136,-0.371,0.801,4.0,-19.267,1.901,btn_D
1780981628.8234696,-0.797,-0.148,0.63,-5.351,0.084,-3.382,-0.69,-0.34,0.589,-8.336,3.282,-0.504,-0.244,-0.399,0.909,-2.588,4.733,1.519,-0.198,-0.407,0.946,0.061,11.298,1.16,0.12,-0.361,0.802,-5.908,10.137,0.626,btn_D
1780981628.917739,-0.803,-0.136,0.615,-3.092,4.351,-1.794,-0.691,-0.349,0.577,-7.656,2.366,0.321,-0.26,-0.411,0.889,-1.305,4.397,2.16,-0.217,-0.406,0.939,-1.679,7.885,0.336,0.131,-0.374,0.782,-1.954,1.847,1.328,btn_D
1780981629.020534,-0.798,-0.139,0.616,-2.275,4.573,-2.061,-0.69,-0.352,0.568,-6.931,2.847,0.13,-0.266,-0.41,0.89,-0.565,2.397,2.153,-0.21,-0.417,0.953,1.672,12.29,0.916,0.123,-0.375,0.795,-0.489,2.588,1.695,btn_D
1780981629.1397433,-0.799,-0.145,0.612,-1.092,2.641,-1.061,-0.687,-0.349,0.57,-6.542,2.74,-1.038,-0.267,-0.415,0.899,-0.695,1.534,1.26,-0.21,-0.415,0.945,1.076,8.26,-0.046,0.13,-0.38,0.793,-0.29,1.687,0.969,btn_D
1780981629.2373884,-0.801,-0.141,0.608,-1.405,1.496,-0.672,-0.69,-0.35,0.569,-6.252,0.748,-1.122,-0.269,-0.409,0.896,-0.382,0.305,0.45,-0.21,-0.419,0.947,1.542,7.702,-0.718,0.129,-0.374,0.803,-0.031,2.031,0.939,btn_D
1780981629.342717,-0.806,-0.147,0.613,-0.84,1.924,-0.664,-0.689,-0.346,0.565,-6.565,0.786,-0.389,-0.269,-0.407,0.894,-0.588,1.168,0.718,-0.207,-0.418,0.95,0.832,9.275,0.115,0.113,-0.38,0.795,-0.389,2.863,0.351,btn_D
1780981629.4325964,-0.803,-0.146,0.61,-1.29,1.13,-0.962,-0.691,-0.348,0.563,-6.359,0.992,0.015,-0.271,-0.411,0.892,-0.672,0.84,0.458,-0.21,-0.417,0.946,0.924,8.023,-0.45,0.126,-0.375,0.798,-1.397,2.824,0.771,btn_D
1780981629.5358505,-0.799,-0.148,0.605,-0.45,1.725,-0.252,-0.697,-0.346,0.561,-6.351,1.153,0.42,-0.271,-0.411,0.885,-0.664,1.0,0.42,-0.21,-0.418,0.946,1.221,8.076,-0.649,0.126,-0.377,0.784,-0.901,2.71,0.313,btn_D
1780981629.639417,-0.797,-0.144,0.61,-0.382,1.45,-0.267,-0.698,-0.35,0.562,-6.504,1.511,0.107,-0.273,-0.415,0.895,-0.29,0.435,-0.023,-0.213,-0.419,0.946,1.504,6.939,-0.504,0.119,-0.374,0.788,-0.74,2.176,-0.122,btn_D
