timestamp,pulgar_ax,pulgar_ay,pulgar_az,pulgar_gx,pulgar_gy,pulgar_gz,indice_ax,indice_ay,indice_az,indice_gx,indice_gy,indice_gz,medio_ax,medio_ay,medio_az,medio_gx,medio_gy,medio_gz,anular_ax,anular_ay,anular_az,anular_gx,anular_gy,anular_gz,menique_ax,menique_ay,menique_az,menique_gx,menique_gy,menique_gz,gesto
1780979913.6823075,-0.795,-0.168,0.612,-0.649,1.847,-0.427,-0.644,-0.297,0.661,-6.198,1.038,0.618,-0.268,-0.346,0.918,-0.092,0.634,0.229,-0.229,-0.318,0.984,1.832,5.931,-0.794,0.088,-0.307,0.82,-0.481,2.099,0.092,btn_A
1780979913.7781746,-0.801,-0.167,0.605,-1.13,1.557,-0.733,-0.643,-0.296,0.662,-6.29,0.603,0.145,-0.263,-0.35,0.92,-0.412,-0.779,0.397,-0.224,-0.319,0.988,1.534,6.206,-0.931,0.089,-0.306,0.819,-0.595,2.443,0.26,btn_A
1780979913.8772166,-0.797,-0.164,0.61,-0.634,0.908,-1.015,-0.638,-0.3,0.662,-6.42,0.771,-0.076,-0.262,-0.348,0.92,-0.298,0.794,0.298,-0.222,-0.32,0.987,1.511,7.58,-0.588,0.084,-0.306,0.815,-0.695,2.214,-0.092,btn_A
1780979913.9797406,-0.799,-0.168,0.606,-1.031,1.038,-1.344,-0.642,-0.299,0.66,-6.267,0.45,-0.29,-0.262,-0.344,0.923,-0.573,-0.725,-0.153,-0.223,-0.314,0.991,1.718,7.305,-0.244,0.087,-0.307,0.822,-0.649,2.771,0.038,btn_A
1780979914.0828516,-0.798,-0.165,0.607,-0.664,2.008,-0.473,-0.637,-0.292,0.66,-6.336,1.099,0.557,-0.264,-0.346,0.927,-0.229,-0.382,0.214,-0.229,-0.318,0.995,0.931,4.718,-0.489,0.08,-0.306,0.813,-0.229,4.107,0.634,btn_A
1780979914.1968465,-0.782,-0.178,0.622,1.489,12.046,2.84,-0.658,-0.298,0.641,-7.588,6.641,1.076,-0.319,-0.333,0.901,1.397,10.389,3.092,-0.401,-0.281,1.413,54.733,19.252,9.435,0.087,-0.294,0.831,-6.893,9.031,-1.794,btn_A
1780979914.296108,-0.805,-0.162,0.604,-1.374,5.229,0.817,-0.678,-0.277,0.642,-4.031,23.168,1.084,-0.321,-0.351,0.897,2.313,14.748,3.748,-0.184,0.014,0.973,78.916,-17.527,-0.504,0.065,-0.29,0.822,7.87,2.458,2.244,btn_A
1780979914.392473,-0.818,-0.143,0.583,-1.229,5.511,1.847,-0.677,-0.306,0.625,-5.496,12.626,3.679,-0.354,-0.334,0.884,-0.542,9.672,4.382,-0.205,0.123,0.979,49.458,1.305,-1.275,0.066,-0.283,0.829,-2.74,2.786,0.58,btn_A
1780979914.4951534,-0.811,-0.159,0.592,-0.573,0.084,-1.176,-0.695,-0.287,0.603,-6.115,2.153,-0.038,-0.354,-0.331,0.881,-0.16,1.496,0.084,-0.183,0.164,1.081,5.107,8.252,-0.26,0.05,-0.274,0.823,0.015,2.176,0.023,btn_A
1780979914.6145852,-0.81,-0.153,0.596,-1.252,1.649,-0.878,-0.704,-0.281,0.582,-6.618,-0.954,-0.267,-0.375,-0.338,0.878,-2.038,-2.58,-0.84,-0.205,0.173,1.031,-1.26,7.023,2.672,0.053,-0.291,0.833,-2.122,2.519,-0.191,btn_A
1780979914.7075405,-0.809,-0.161,0.595,-0.611,1.74,0.26,-0.708,-0.289,0.581,-7.198,2.435,0.206,-0.365,-0.332,0.876,-0.832,-0.595,-0.099,-0.214,0.193,0.999,-3.183,6.924,1.0,0.051,-0.278,0.831,-0.924,1.176,0.0,btn_A
1780979914.8103936,-0.811,-0.155,0.596,-0.924,1.931,-0.229,-0.699,-0.291,0.587,-6.176,2.466,0.389,-0.359,-0.34,0.897,-0.695,3.748,1.458,-0.206,0.185,0.979,5.359,8.87,-4.084,0.062,-0.282,0.825,-0.588,1.763,0.061,btn_A
1780979914.907393,-0.814,-0.156,0.583,-0.878,2.511,-0.359,-0.697,-0.289,0.601,-6.511,-0.878,-0.649,-0.365,-0.349,0.899,-0.511,-1.916,0.153,-0.185,0.176,1.038,5.229,5.198,-0.641,0.057,-0.293,0.844,-0.099,0.756,0.16,btn_A
1780979915.0101578,-0.811,-0.154,0.599,-0.908,0.084,-1.641,-0.692,-0.29,0.603,-5.885,5.214,0.282,-0.365,-0.339,0.876,0.679,4.565,1.74,-0.218,0.189,1.035,4.405,10.771,0.282,0.057,-0.281,0.82,0.595,3.115,0.87,btn_A
1780979915.122867,-0.808,-0.153,0.596,-1.336,1.0,-1.046,-0.699,-0.291,0.595,-7.603,5.489,0.359,-0.373,-0.336,0.887,-1.756,3.481,1.153,-0.198,0.175,1.007,0.046,9.496,-3.397,0.055,-0.284,0.819,-2.389,2.634,-1.0,btn_A
1780979915.226052,-0.808,-0.157,0.593,-1.191,0.176,-1.092,-0.699,-0.287,0.599,-7.817,-8.481,-2.221,-0.351,-0.342,0.885,-4.901,-13.977,-3.58,-0.198,0.142,0.863,-38.031,0.313,2.275,0.06,-0.3,0.834,-0.405,-2.847,-0.137,btn_A
1780979915.326524,-0.808,-0.156,0.595,-1.405,-0.176,-2.595,-0.665,-0.312,0.644,-5.565,-6.29,-0.305,-0.342,-0.282,0.879,1.122,-19.947,-0.817,-0.144,0.054,0.636,-120.168,34.16,-15.74,0.044,-0.291,0.827,-9.061,-5.137,-3.641,btn_A
1780979915.4224856,-0.797,-0.167,0.607,-0.359,0.939,-1.053,-0.639,-0.299,0.655,-5.962,3.924,0.527,-0.286,-0.352,0.903,0.84,5.908,1.756,-0.208,-0.082,0.891,-18.588,13.947,-10.092,0.077,-0.295,0.814,-0.878,0.16,-1.313,btn_A
1780979915.5249074,-0.794,-0.17,0.618,-2.053,-1.656,-1.573,-0.649,-0.294,0.646,-6.183,-7.496,-1.802,-0.278,-0.351,0.916,-0.481,-16.511,-3.092,-0.348,-0.396,1.483,-49.229,4.733,-13.412,0.087,-0.314,0.842,-4.122,2.397,-0.412,btn_A
1780979915.6423151,-0.802,-0.172,0.601,-0.282,3.061,-0.336,-0.644,-0.3,0.661,-6.427,1.954,0.084,-0.261,-0.352,0.923,3.313,2.695,0.405,-0.219,-0.286,1.0,0.107,8.473,-0.099,0.09,-0.303,0.813,0.71,-0.298,-0.534,btn_A
1780979915.742285,-0.8,-0.167,0.601,-0.992,1.748,-1.015,-0.646,-0.298,0.65,-6.122,0.45,0.122,-0.267,-0.352,0.924,0.099,-1.153,-0.389,-0.21,-0.295,0.993,0.573,5.366,-0.168,0.082,-0.312,0.827,-0.885,2.092,-0.534,btn_A
1780979915.8453474,-0.804,-0.17,0.603,-0.695,1.947,-0.595,-0.644,-0.297,0.656,-6.618,0.733,-0.412,-0.265,-0.352,0.924,-0.122,-0.122,-0.252,-0.221,-0.296,1.0,0.71,5.718,-0.794,0.082,-0.309,0.824,0.183,0.458,0.687,btn_A
1780979915.9374526,-0.803,-0.167,0.609,-1.191,1.924,-0.817,-0.644,-0.3,0.654,-6.748,0.901,0.092,-0.258,-0.35,0.927,-0.305,0.275,-0.229,-0.214,-0.298,0.994,0.916,7.237,-0.275,0.075,-0.311,0.834,-0.382,2.603,-0.321,btn_A
1780979916.040361,-0.801,-0.165,0.607,-1.061,1.046,-1.115,-0.644,-0.299,0.659,-6.504,0.855,-0.26,-0.265,-0.352,0.928,0.137,0.053,-0.359,-0.203,-0.301,0.993,0.855,6.267,-0.611,0.076,-0.303,0.825,0.046,1.687,0.0,btn_A
1780979916.1435597,-0.801,-0.16,0.609,-0.771,0.557,-0.489,-0.643,-0.298,0.654,-6.359,0.611,-0.511,-0.265,-0.35,0.921,-0.336,0.206,-0.191,-0.209,-0.299,0.99,1.084,7.733,-0.45,0.082,-0.31,0.818,-1.473,3.267,-0.13,btn_A
1780979916.2576022,-0.798,-0.168,0.606,-0.679,2.298,-0.023,-0.648,-0.302,0.653,-6.885,0.771,-0.527,-0.262,-0.354,0.926,-0.649,0.252,-0.351,-0.213,-0.299,0.991,1.153,6.687,-0.893,0.081,-0.306,0.819,-0.802,2.267,-0.069,btn_A
1780979916.3596234,-0.802,-0.167,0.604,-0.336,1.168,-1.122,-0.64,-0.296,0.655,-6.313,0.893,-0.313,-0.257,-0.347,0.925,-0.573,-0.13,-0.267,-0.208,-0.302,0.999,1.542,7.855,-0.664,0.077,-0.31,0.824,0.084,2.603,-0.489,btn_A
1780979916.4567542,-0.803,-0.166,0.611,-1.13,2.328,-0.962,-0.645,-0.3,0.653,-5.84,0.504,-0.374,-0.257,-0.355,0.927,-0.435,0.031,0.237,-0.209,-0.307,0.993,1.664,6.489,-0.115,0.08,-0.306,0.817,-0.733,2.29,-0.336,btn_A
1780979916.5590255,-0.8,-0.161,0.605,-0.878,1.351,-0.298,-0.642,-0.298,0.658,-6.344,0.985,-0.053,-0.263,-0.352,0.917,-0.481,0.252,0.069,-0.214,-0.302,0.991,1.115,6.878,-0.542,0.079,-0.312,0.819,-0.519,2.45,-0.191,btn_A
1780979916.6587749,-0.799,-0.162,0.602,-0.435,0.74,-0.435,-0.64,-0.303,0.661,-6.641,1.359,-0.015,-0.261,-0.349,0.928,0.397,-0.893,0.725,-0.21,-0.303,1.001,0.947,7.008,-0.183,0.08,-0.305,0.815,-0.832,2.626,0.13,btn_A
1780979919.859258,-0.798,-0.17,0.61,-0.679,1.282,-1.099,-0.642,-0.299,0.653,-6.374,0.641,-0.832,-0.263,-0.352,0.923,-0.282,-0.153,0.0,-0.208,-0.307,0.992,1.435,6.84,-0.779,0.079,-0.315,0.833,-0.038,2.29,0.008,btn_A
1780979919.9543345,-0.799,-0.165,0.609,-1.13,1.626,-0.916,-0.646,-0.3,0.665,-6.229,0.58,-0.786,-0.263,-0.354,0.92,-0.267,-0.092,0.137,-0.211,-0.307,0.991,1.42,7.26,-0.397,0.078,-0.314,0.826,-1.298,2.412,0.45,btn_A
1780979920.0570462,-0.803,-0.163,0.61,-0.45,1.168,0.038,-0.642,-0.297,0.661,-6.168,0.435,-0.802,-0.266,-0.345,0.927,-0.496,0.496,-0.214,-0.212,-0.308,0.99,1.229,6.466,-0.87,0.081,-0.307,0.812,-0.435,1.885,0.237,btn_A
1780979920.1607587,-0.8,-0.168,0.609,-1.153,1.328,-1.237,-0.64,-0.301,0.659,-6.389,0.557,-0.802,-0.27,-0.351,0.916,0.351,-0.153,-0.16,-0.216,-0.307,0.986,1.481,6.847,-0.626,0.075,-0.307,0.825,-0.855,2.0,-0.145,btn_A
1780979920.263425,-0.804,-0.163,0.603,-0.473,1.977,-0.924,-0.649,-0.297,0.657,-6.473,0.855,-0.611,-0.258,-0.35,0.923,-0.405,-0.221,0.313,-0.209,-0.306,1.008,0.626,7.336,0.053,0.086,-0.308,0.816,-0.557,2.595,-0.771,btn_A
1780979920.3664,-0.8,-0.165,0.616,0.435,3.397,-0.511,-0.635,-0.274,0.648,-6.412,9.473,0.847,-0.282,-0.353,0.905,1.542,4.29,1.885,-0.248,-0.203,0.806,46.664,5.305,17.847,0.079,-0.313,0.823,3.718,-1.313,0.214,btn_A
1780979920.4760106,-0.8,-0.164,0.605,0.16,2.351,0.206,-0.63,-0.289,0.655,-5.191,20.115,0.191,-0.272,-0.34,0.937,1.489,19.191,2.771,-0.148,-0.082,0.76,67.458,3.557,13.015,0.072,-0.299,0.823,6.763,3.023,1.313,btn_A
1780979920.5729058,-0.802,-0.164,0.602,-1.496,-0.145,-1.824,-0.659,-0.298,0.645,-5.015,6.221,-0.267,-0.297,-0.349,0.906,-0.374,9.389,1.031,-0.184,-0.141,1.213,66.305,0.122,10.893,0.072,-0.31,0.828,2.359,7.542,0.115,btn_A
1780979920.6756582,-0.798,-0.154,0.598,-0.58,2.588,-0.214,-0.68,-0.292,0.612,-6.328,11.527,0.038,-0.303,-0.337,0.919,-3.099,18.046,1.779,-0.166,0.041,0.932,66.626,-3.511,4.595,0.07,-0.297,0.825,7.13,9.496,1.863,btn_A
1780979920.7783477,-0.809,-0.16,0.605,-0.733,5.695,0.237,-0.688,-0.283,0.59,-7.542,7.603,-0.618,-0.338,-0.356,0.892,-0.664,19.145,4.794,-0.231,0.075,1.058,52.0,4.534,0.16,0.052,-0.288,0.836,4.504,5.489,3.008,btn_A
1780979920.8883026,-0.807,-0.154,0.589,-1.756,5.397,0.061,-0.691,-0.295,0.583,-7.214,12.71,0.931,-0.377,-0.343,0.881,-1.985,7.13,4.344,-0.187,0.141,1.041,22.137,9.206,-0.16,0.048,-0.284,0.828,-1.71,2.244,-0.557,btn_A
1780979920.9903047,-0.811,-0.158,0.596,-1.374,5.122,1.145,-0.713,-0.285,0.581,-6.992,5.489,-0.168,-0.364,-0.346,0.88,-2.0,6.595,0.817,-0.152,0.237,0.936,20.29,6.718,-2.244,0.049,-0.292,0.826,-3.275,5.611,0.718,btn_A
1780979921.0918517,-0.822,-0.16,0.583,-0.718,2.42,0.183,-0.701,-0.307,0.634,-5.931,6.427,0.641,-0.365,-0.347,0.872,-2.336,12.855,-2.603,-0.229,0.239,0.943,17.595,15.145,6.863,0.037,-0.271,0.808,2.191,4.221,1.298,btn_A
1780979921.1900399,-0.827,-0.161,0.551,-1.221,6.191,-1.031,-0.705,-0.285,0.56,-7.031,7.947,0.573,-0.402,-0.358,0.858,-2.954,10.58,-0.58,-0.232,0.263,0.91,7.84,10.466,4.031,0.045,-0.279,0.816,1.336,3.137,1.008,btn_A
1780979921.293724,-0.815,-0.158,0.583,-1.366,2.206,-0.489,-0.719,-0.289,0.566,-6.947,5.412,-0.679,-0.389,-0.354,0.857,0.496,1.534,1.412,-0.231,0.278,0.911,3.313,8.87,-0.519,0.049,-0.292,0.823,0.122,3.855,-0.962,btn_A
1780979921.408211,-0.816,-0.155,0.594,-1.328,1.565,-0.214,-0.719,-0.29,0.571,-6.351,3.061,-0.336,-0.394,-0.347,0.865,-0.237,-0.519,0.069,-0.216,0.265,0.979,-1.527,6.992,4.115,0.048,-0.285,0.829,-1.763,1.305,-0.87,btn_A
1780979921.506661,-0.816,-0.154,0.582,-0.878,0.786,-1.344,-0.708,-0.295,0.577,-6.641,-5.901,-1.573,-0.375,-0.357,0.876,-2.008,-4.939,-1.809,-0.198,0.25,0.929,-13.779,2.679,0.733,0.036,-0.29,0.836,1.328,2.901,0.191,btn_A
1780979921.6026225,-0.811,-0.154,0.591,-0.771,0.939,-1.878,-0.706,-0.293,0.582,-6.321,-5.885,-1.473,-0.37,-0.367,0.877,-0.916,-7.71,-2.687,-0.177,0.207,1.047,-8.863,3.573,3.58,0.048,-0.295,0.839,0.244,-0.053,-0.649,btn_A
1780979921.7057943,-0.81,-0.156,0.592,-1.595,0.626,-1.282,-0.71,-0.295,0.585,-6.863,-7.664,-1.237,-0.363,-0.359,0.881,-2.122,-9.794,-2.71,-0.187,0.208,1.089,-28.389,-0.756,2.458,0.047,-0.286,0.835,-3.74,-1.786,-0.595,btn_A
1780979921.8089204,-0.804,-0.161,0.593,-0.328,-1.87,-1.84,-0.687,-0.312,0.629,-7.534,-13.229,-0.84,-0.341,-0.383,0.868,-4.687,-12.824,-5.0,-0.187,0.11,1.017,-83.603,14.282,-5.802,0.05,-0.299,0.838,-5.634,-3.504,-2.023,btn_A
1780979921.9238784,-0.815,-0.163,0.59,-1.756,-0.489,-2.313,-0.661,-0.301,0.65,-6.588,-4.069,-0.237,-0.331,-0.365,0.873,1.42,-6.71,-2.214,-0.215,-0.033,1.07,-69.237,17.389,-9.282,0.062,-0.299,0.822,-5.084,-0.832,-2.053,btn_A
1780979922.0267103,-0.805,-0.158,0.593,-0.947,2.267,-0.244,-0.682,-0.303,0.605,-6.626,0.725,-0.092,-0.314,-0.372,0.891,0.031,-0.046,0.237,-0.174,-0.042,0.983,-1.58,5.87,-4.206,0.064,-0.301,0.826,0.053,0.863,-0.992,btn_A
1780979922.1314044,-0.805,-0.163,0.597,-1.573,1.435,-1.237,-0.681,-0.312,0.653,-6.42,0.527,-0.45,-0.324,-0.37,0.887,0.137,0.382,-0.641,-0.252,-0.12,1.034,-22.023,13.252,-3.931,0.068,-0.304,0.829,-1.29,2.962,-0.389,btn_A
1780979922.2210217,-0.809,-0.161,0.599,-0.771,0.496,-1.321,-0.667,-0.301,0.635,-6.618,-5.137,-0.847,-0.298,-0.369,0.907,0.733,-6.29,-2.176,-0.146,-0.138,1.086,1.221,0.863,1.611,0.077,-0.305,0.829,0.015,0.504,0.023,btn_A
1780979922.3238804,-0.803,-0.163,0.6,-0.863,0.008,-1.237,-0.659,-0.295,0.625,-6.443,-4.649,-0.939,-0.307,-0.372,0.898,1.305,-7.305,-1.954,-0.24,-0.15,0.882,-64.183,12.878,-15.992,0.065,-0.306,0.83,-4.321,1.618,-1.198,btn_A
1780979922.4269874,-0.796,-0.169,0.598,-2.687,4.099,-3.015,-0.589,-0.292,0.67,-9.168,-2.092,2.527,-0.294,-0.419,0.923,15.534,6.206,0.832,-0.196,-0.305,0.985,6.992,-3.076,1.237,0.078,-0.292,0.793,4.74,0.504,1.076,btn_A
1780979922.544105,-0.809,-0.166,0.598,-1.603,2.733,-0.618,-0.66,-0.301,0.635,-6.687,0.198,-0.412,-0.282,-0.373,0.907,-0.511,-1.145,-0.267,-0.22,-0.293,0.992,1.87,4.542,-0.656,0.063,-0.311,0.821,-2.031,2.656,-0.359,btn_A
1780979922.632911,-0.805,-0.17,0.597,-0.641,-0.595,-1.229,-0.654,-0.299,0.641,-6.16,0.008,-0.649,-0.282,-0.367,0.914,-0.832,-0.145,0.115,-0.21,-0.295,0.993,0.962,5.962,-0.275,0.07,-0.314,0.82,-0.26,3.374,0.466,btn_A
1780979922.7474113,-0.807,-0.167,0.596,-0.321,0.008,-0.191,-0.652,-0.296,0.651,-5.305,-0.298,-0.611,-0.265,-0.364,0.919,0.527,-2.382,-0.313,-0.196,-0.295,1.0,1.466,4.473,-0.534,0.085,-0.319,0.823,0.191,-0.374,-0.45,btn_A
1780979925.928795,-0.811,-0.164,0.586,-0.74,-2.076,-0.366,-0.668,-0.287,0.645,-5.534,-2.366,-0.153,-0.269,-0.365,0.916,-0.542,-0.794,0.321,-0.174,-0.305,0.979,0.603,8.55,-0.565,0.07,-0.308,0.817,-1.069,2.046,0.702,btn_A
1780979926.0314944,-0.796,-0.165,0.615,-1.87,3.718,-0.588,-0.655,-0.298,0.646,-7.405,1.405,-0.405,-0.278,-0.372,0.91,-0.756,2.695,0.427,-0.216,-0.312,0.99,1.863,9.206,-0.534,0.062,-0.309,0.822,-0.137,3.634,-1.817,btn_A
1780979926.1425326,-0.801,-0.171,0.605,-1.718,5.779,0.939,-0.657,-0.299,0.646,-7.511,2.496,0.702,-0.274,-0.364,0.91,-0.359,3.901,0.985,-0.205,-0.303,0.989,1.641,7.168,-0.901,0.08,-0.301,0.815,2.565,-3.702,-0.183,btn_A
1780979926.237605,-0.799,-0.159,0.608,-1.603,4.153,-0.26,-0.658,-0.293,0.642,-8.405,2.878,-0.565,-0.281,-0.368,0.906,-1.947,2.0,0.771,-0.216,-0.3,0.994,0.992,9.634,-0.366,0.072,-0.306,0.814,-2.42,4.42,0.115,btn_A
1780979926.340995,-0.805,-0.163,0.607,-1.618,4.626,-0.672,-0.657,-0.297,0.644,-7.519,1.626,-0.954,-0.297,-0.372,0.916,-0.58,0.595,0.122,-0.204,-0.309,0.991,0.725,5.351,-1.29,0.071,-0.305,0.822,-1.58,0.115,0.534,btn_A
1780979926.443808,-0.806,-0.169,0.605,-0.634,1.229,-0.542,-0.655,-0.296,0.642,-6.74,0.756,-0.939,-0.275,-0.365,0.909,-0.74,-1.023,-0.87,-0.204,-0.306,0.991,0.924,5.137,-1.015,0.081,-0.32,0.819,-0.771,-0.221,-0.191,btn_A
1780979926.5469632,-0.799,-0.169,0.598,-0.664,0.282,-0.893,-0.654,-0.301,0.64,-5.718,0.107,-0.023,-0.272,-0.364,0.922,1.672,-1.328,-0.305,-0.755,-0.497,2.0,141.313,46.878,74.16,0.082,-0.316,0.829,4.321,3.481,-2.221,btn_A
1780979926.664985,-0.807,-0.154,0.592,-2.26,-5.13,-4.16,-0.66,-0.305,0.637,-6.878,-4.901,-1.687,-0.293,-0.365,0.911,0.908,-9.0,-1.901,-0.178,-0.128,1.192,18.298,1.924,7.641,0.074,-0.31,0.84,12.229,-11.931,3.0,btn_A
1780979926.7588286,-0.808,-0.157,0.6,-0.718,-0.573,-0.366,-0.671,-0.296,0.622,-6.046,-0.962,-0.397,-0.298,-0.366,0.907,-0.718,-2.244,-0.611,-0.205,-0.073,1.246,36.557,-0.84,12.458,0.062,-0.303,0.834,-6.389,5.397,-1.053,btn_A
1780979926.8555846,-0.794,-0.163,0.606,-0.511,3.168,0.71,-0.691,-0.287,0.582,-9.069,2.901,-0.084,-0.317,-0.359,0.902,-3.618,-4.611,-2.87,-0.109,0.005,1.293,42.626,-10.092,13.519,0.072,-0.293,0.831,-0.275,-2.206,1.817,btn_A
1780979926.9584448,-0.807,-0.152,0.6,-0.863,2.099,-0.588,-0.697,-0.288,0.616,-6.588,10.351,0.053,-0.338,-0.36,0.901,-2.412,5.527,0.443,-0.209,0.125,1.114,47.145,-3.046,5.244,0.05,-0.291,0.824,1.557,6.748,1.611,btn_A
1780979927.0617104,-0.815,-0.151,0.588,-0.992,4.626,0.489,-0.667,-0.282,0.581,-8.305,9.092,0.504,-0.361,-0.355,0.868,-0.931,10.908,4.023,-0.321,0.189,0.947,18.71,14.58,4.198,0.042,-0.283,0.839,1.763,4.389,0.481,btn_A
1780979927.1756475,-0.827,-0.156,0.576,-0.473,2.947,1.046,-0.705,-0.303,0.598,-6.305,7.305,0.252,-0.374,-0.357,0.867,1.13,5.206,0.244,-0.148,0.274,1.009,22.603,3.496,13.008,0.051,-0.271,0.836,-1.718,-2.382,0.374,btn_A
1780979927.2743058,-0.815,-0.159,0.582,-0.969,1.26,-0.099,-0.717,-0.293,0.573,-6.641,4.473,-0.916,-0.389,-0.356,0.873,0.542,13.763,1.87,-0.207,0.305,0.87,13.954,20.038,12.183,0.05,-0.282,0.831,0.427,4.489,0.779,btn_A
1780979927.3709176,-0.817,-0.151,0.585,-1.298,3.771,-0.267,-0.715,-0.296,0.563,-6.298,2.481,-0.115,-0.391,-0.358,0.867,0.893,5.275,1.74,-0.234,0.276,1.038,2.153,9.328,4.305,0.04,-0.267,0.817,0.374,-0.809,0.298,btn_A
1780979927.4742436,-0.815,-0.151,0.583,-1.145,2.252,-0.817,-0.719,-0.295,0.569,-6.053,3.427,-0.023,-0.384,-0.357,0.873,-0.328,4.031,2.26,-0.233,0.278,0.995,4.42,7.695,-6.16,0.048,-0.284,0.829,-0.443,5.206,-1.42,btn_A
1780979927.590147,-0.818,-0.15,0.582,-0.13,-1.916,-1.519,-0.71,-0.298,0.576,-6.107,-2.679,-1.344,-0.371,-0.365,0.874,0.313,-3.573,-0.466,-0.229,0.288,0.965,-7.26,4.168,-0.74,0.043,-0.283,0.833,3.405,1.687,-0.901,btn_A
1780979927.6921291,-0.815,-0.154,0.595,-0.275,-0.076,-1.168,-0.721,-0.29,0.56,-6.901,6.374,0.328,-0.378,-0.352,0.88,-1.221,0.885,-0.344,-0.179,0.26,1.009,2.061,9.672,0.473,0.06,-0.277,0.83,-4.366,5.115,-1.351,btn_A
1780979927.7920554,-0.817,-0.153,0.58,-1.061,3.809,-0.16,-0.709,-0.299,0.577,-5.779,5.397,0.214,-0.379,-0.352,0.863,0.855,6.954,2.802,-0.232,0.272,0.956,6.275,10.824,-4.031,0.046,-0.27,0.834,3.595,3.992,-0.618,btn_A
1780979927.8858535,-0.812,-0.148,0.589,-1.557,4.214,0.099,-0.723,-0.288,0.568,-7.198,5.611,0.061,-0.387,-0.353,0.868,-0.916,0.229,-0.878,-0.225,0.273,0.938,-5.618,5.221,0.153,0.05,-0.278,0.831,-5.061,2.901,-1.038,btn_A
1780979927.9936445,-0.817,-0.149,0.578,-1.351,2.366,-1.603,-0.764,-0.292,0.59,-9.206,-8.611,-4.962,-0.377,-0.36,0.869,-2.87,-10.26,-3.908,-0.296,0.3,0.642,-51.802,-6.733,-0.55,0.048,-0.281,0.827,-5.107,-1.336,-2.969,btn_A
1780979928.091908,-0.811,-0.151,0.592,-2.282,6.84,1.832,-0.713,-0.295,0.546,-6.977,5.718,1.336,-0.413,-0.355,0.84,0.0,2.0,0.0,-0.201,0.287,0.837,-4.061,1.519,5.237,0.043,-0.273,0.823,-6.664,0.489,-1.794,btn_A
1780979928.208254,-0.812,-0.147,0.581,-0.817,3.282,-1.901,-0.7,-0.296,0.581,-7.595,0.344,-3.008,-0.358,-0.365,0.883,-2.924,-3.0,-3.0,-0.166,0.229,0.951,-11.496,5.076,1.916,0.065,-0.284,0.827,-2.855,0.748,0.153,btn_A
1780979928.3064814,-0.823,-0.162,0.567,0.84,-7.412,-4.725,-0.68,-0.306,0.561,-10.305,-45.076,-5.672,-0.342,-0.378,0.875,-3.16,-48.099,-11.076,-0.272,-0.212,1.81,-140.466,21.817,-21.023,0.077,-0.321,0.859,-21.473,-4.756,-6.046,btn_A
1780979928.4071805,-0.775,-0.164,0.644,-3.45,-9.855,-5.198,-0.672,-0.326,0.623,-6.458,-27.809,-2.565,-0.275,-0.343,1.003,6.565,-50.924,-6.809,0.22,-0.154,-0.514,29.099,57.427,7.252,0.069,-0.37,0.852,-3.29,26.55,-1.458,btn_A
1780979928.5039818,-0.799,-0.165,0.604,0.366,3.16,0.374,-0.651,-0.3,0.649,-6.466,4.664,-0.313,-0.263,-0.376,0.904,-1.634,-0.458,-0.191,-0.22,-0.285,0.998,0.626,7.26,-0.855,0.074,-0.299,0.81,-6.588,6.786,-1.16,btn_A
1780979928.6071362,-0.804,-0.167,0.591,-0.626,0.069,-1.015,-0.662,-0.304,0.633,-5.58,-1.183,-0.611,-0.272,-0.375,0.905,0.748,-2.802,-0.519,-0.218,-0.287,0.988,1.229,3.634,-1.252,0.078,-0.315,0.82,0.229,-0.817,-0.145,btn_A
1780979928.709949,-0.805,-0.167,0.603,-1.221,1.885,-0.947,-0.666,-0.301,0.628,-5.58,-0.176,0.092,-0.277,-0.367,0.913,-0.397,0.244,0.321,-0.211,-0.289,0.993,0.794,7.16,0.0,0.072,-0.314,0.822,-1.565,4.229,-0.756,btn_A
1780979928.8267164,-0.805,-0.167,0.602,-1.115,2.603,-0.473,-0.662,-0.302,0.63,-6.557,1.16,-0.137,-0.277,-0.372,0.913,-0.603,0.198,0.092,-0.208,-0.289,0.994,0.779,6.305,-0.748,0.073,-0.31,0.82,-0.359,1.565,-0.802,btn_A
1780979928.916033,-0.806,-0.162,0.597,-1.053,1.458,-0.244,-0.654,-0.304,0.641,-6.527,0.344,-0.115,-0.276,-0.37,0.914,-0.359,0.153,0.084,-0.206,-0.287,1.0,1.084,5.824,-0.779,0.076,-0.316,0.819,-0.687,2.84,0.145,btn_A
1780979932.1087236,-0.803,-0.168,0.606,-0.771,1.137,-0.42,-0.659,-0.302,0.644,-6.397,0.641,-0.13,-0.275,-0.369,0.918,-0.305,0.351,0.084,-0.202,-0.301,1.0,1.824,6.58,-0.42,0.081,-0.311,0.824,-0.748,2.687,-0.42,btn_A
1780979932.2120361,-0.802,-0.163,0.601,-1.015,1.924,-0.893,-0.652,-0.3,0.645,-6.573,0.939,-0.145,-0.271,-0.371,0.913,-0.321,0.061,-0.313,-0.198,-0.301,1.001,1.382,7.153,0.053,0.075,-0.312,0.821,-0.397,2.382,0.313,btn_A
1780979932.315249,-0.803,-0.168,0.606,-0.878,1.435,-1.214,-0.659,-0.301,0.636,-6.313,0.702,0.206,-0.271,-0.37,0.908,-0.076,0.664,0.359,-0.202,-0.299,0.998,1.359,7.115,-0.382,0.07,-0.309,0.821,-0.435,2.565,0.061,btn_A
1780979932.4241385,-0.806,-0.167,0.608,-0.924,0.855,-0.985,-0.656,-0.303,0.642,-6.382,0.733,-0.328,-0.271,-0.369,0.915,-0.84,-0.206,-0.573,-0.205,-0.301,0.992,1.031,6.641,-0.748,0.082,-0.312,0.817,-0.756,1.771,0.229,btn_A
1780979932.5213187,-0.801,-0.168,0.6,-0.878,1.611,0.092,-0.662,-0.299,0.636,-6.878,0.748,0.092,-0.269,-0.373,0.911,-0.374,-0.031,-0.282,-0.199,-0.301,0.998,1.55,7.313,-0.015,0.072,-0.314,0.82,-0.176,2.519,-0.45,btn_A
1780979932.627402,-0.795,-0.165,0.6,-1.366,1.641,-1.076,-0.654,-0.307,0.636,-6.229,0.557,0.023,-0.269,-0.369,0.911,0.275,-0.924,0.115,-0.202,-0.298,0.989,1.214,5.221,-0.832,0.077,-0.307,0.825,-0.489,2.542,-0.176,btn_A
1780979932.742835,-0.795,-0.155,0.604,-0.466,1.641,-0.672,-0.661,-0.275,0.639,-5.382,-1.481,-0.992,-0.24,-0.368,0.896,-0.802,-5.771,-3.641,0.185,-0.2,0.819,87.153,-24.397,30.191,0.068,-0.315,0.847,2.053,-1.985,1.885,btn_A
1780979932.8435047,-0.799,-0.171,0.602,-0.618,0.405,-1.252,-0.663,-0.309,0.663,-5.046,9.672,0.061,-0.27,-0.368,0.918,-1.702,6.649,0.282,-0.186,-0.15,0.923,57.42,-1.267,16.084,0.089,-0.307,0.824,-0.061,5.084,-0.275,btn_A
1780979932.941241,-0.801,-0.166,0.605,-0.252,2.092,-0.015,-0.666,-0.307,0.633,-4.061,17.076,0.802,-0.281,-0.375,0.914,-0.947,14.58,2.359,-0.168,-0.036,0.867,45.908,1.687,4.916,0.068,-0.302,0.816,1.328,6.565,0.191,btn_A
1780979933.0360794,-0.803,-0.166,0.598,-0.695,3.893,-0.038,-0.678,-0.288,0.625,-6.076,7.824,1.328,-0.31,-0.367,0.902,-0.58,8.611,1.916,-0.186,-0.024,1.0,29.427,6.802,1.267,0.069,-0.301,0.824,0.656,2.298,0.885,btn_A
1780979933.1390715,-0.807,-0.163,0.594,0.176,2.214,0.061,-0.664,-0.281,0.638,-5.008,14.863,0.046,-0.312,-0.38,0.865,2.244,14.374,1.931,-0.146,0.058,0.847,31.595,4.046,3.244,0.07,-0.303,0.823,3.908,3.466,1.099,btn_A
1780979933.241934,-0.8,-0.165,0.605,-0.71,2.679,-0.29,-0.675,-0.283,0.61,-5.748,2.42,-0.137,-0.31,-0.383,0.88,2.168,8.137,2.29,-0.194,0.092,0.934,16.069,3.573,-2.641,0.067,-0.294,0.82,-1.244,0.901,-0.13,btn_A
1780979933.3447292,-0.802,-0.156,0.602,-0.427,1.679,-1.221,-0.675,-0.287,0.621,-5.595,6.26,0.122,-0.323,-0.375,0.877,-8.58,0.641,-0.313,-0.199,0.115,1.138,22.275,-11.313,1.145,0.047,-0.293,0.819,-1.382,1.13,-1.824,btn_A
1780979933.4480593,-0.8,-0.158,0.6,-0.901,0.809,-0.916,-0.718,-0.308,0.61,-10.718,7.076,-4.481,-0.333,-0.373,0.877,-2.206,0.137,-1.382,-0.173,0.149,0.978,4.389,8.443,5.099,0.065,-0.3,0.815,-4.282,3.137,0.099,btn_A
1780979933.5512846,-0.808,-0.163,0.593,-0.878,3.878,0.489,-0.693,-0.291,0.607,-5.947,4.42,0.748,-0.322,-0.362,0.894,0.855,4.313,2.267,-0.21,0.094,1.06,33.298,-0.985,-1.756,0.062,-0.288,0.824,-2.061,4.985,0.649,btn_A
1780979933.657749,-0.806,-0.154,0.603,-0.595,4.908,-0.084,-0.704,-0.297,0.588,-5.695,0.351,-0.137,-0.326,-0.367,0.888,-0.779,0.328,1.977,-0.177,0.173,1.048,21.832,-0.595,-1.985,0.055,-0.289,0.831,-1.328,4.389,0.649,btn_A
1780979933.7572658,-0.809,-0.153,0.59,-1.672,3.809,-0.168,-0.678,-0.291,0.585,-7.321,3.099,1.122,-0.338,-0.377,0.874,0.756,4.328,3.863,-0.153,0.176,1.015,36.855,10.458,-1.122,0.054,-0.296,0.83,0.809,6.153,0.786,btn_A
1780979933.860388,-0.814,-0.153,0.583,-0.107,5.687,1.336,-0.703,-0.301,0.568,-6.786,3.87,0.733,-0.359,-0.355,0.875,0.252,2.939,0.794,-0.222,0.204,1.215,14.832,10.084,5.863,0.04,-0.293,0.841,-2.656,0.015,1.305,btn_A
1780979933.9734492,-0.81,-0.153,0.589,-0.962,1.115,-1.0,-0.69,-0.299,0.605,-7.466,-3.84,0.504,-0.363,-0.356,0.892,1.611,3.786,1.16,-0.193,0.275,1.0,11.656,11.664,-2.092,0.064,-0.29,0.825,1.588,3.71,1.221,btn_A
1780979934.0722032,-0.813,-0.156,0.579,0.84,2.679,0.359,-0.719,-0.283,0.563,-7.115,0.053,-0.168,-0.386,-0.351,0.874,-0.954,0.489,-0.26,-0.134,0.268,1.124,16.305,5.55,-3.206,0.048,-0.287,0.826,-8.008,1.832,0.328,btn_A
1780979934.1695025,-0.815,-0.148,0.594,-0.489,0.901,-1.397,-0.712,-0.296,0.564,-5.489,0.802,-0.534,-0.385,-0.355,0.884,0.221,4.267,1.023,-0.219,0.298,0.988,4.901,9.313,-3.061,0.046,-0.282,0.81,-0.382,2.763,-0.092,btn_A
1780979934.272259,-0.816,-0.153,0.587,-0.702,2.397,-1.405,-0.723,-0.296,0.563,-6.534,-2.137,-1.328,-0.382,-0.358,0.883,-1.458,-3.557,-0.42,-0.188,0.273,1.095,15.046,10.809,2.023,0.043,-0.292,0.849,2.626,0.282,0.0,btn_A
1780979934.3807786,-0.814,-0.156,0.581,-0.321,1.328,-0.443,-0.711,-0.296,0.567,-7.031,4.954,-0.656,-0.378,-0.356,0.873,0.794,6.176,1.534,-0.279,0.289,1.043,8.885,12.489,1.0,0.043,-0.286,0.824,-2.809,3.534,-0.931,btn_A
1780979934.489669,-0.814,-0.156,0.587,-0.275,1.809,-0.519,-0.717,-0.298,0.566,-6.817,2.321,-0.55,-0.38,-0.358,0.879,0.046,4.305,1.092,-0.196,0.313,0.962,8.588,10.74,-1.031,0.054,-0.29,0.825,0.893,1.74,0.397,btn_A
1780979934.594322,-0.812,-0.156,0.583,-1.466,3.893,-0.366,-0.729,-0.294,0.542,-8.496,4.29,-1.084,-0.391,-0.347,0.869,-1.687,0.969,-0.901,-0.241,0.321,0.987,-5.031,4.977,-0.183,0.062,-0.289,0.815,-7.107,2.779,-0.756,btn_A
1780979934.6908984,-0.822,-0.15,0.588,-0.198,2.947,-0.733,-0.717,-0.296,0.562,-7.038,1.107,-1.115,-0.388,-0.354,0.87,-0.595,-0.985,-0.931,-0.234,0.327,0.929,-6.87,4.145,-1.885,0.042,-0.285,0.828,-2.992,2.573,-0.328,btn_A
1780979934.7871487,-0.818,-0.149,0.575,0.206,2.13,0.145,-0.792,-0.271,0.585,-8.763,-4.183,-0.397,-0.387,-0.351,0.868,-2.916,-3.511,-1.885,-0.239,0.303,0.958,-4.763,2.573,0.061,0.04,-0.288,0.838,-1.634,3.992,-1.023,btn_A
1780979934.8899908,-0.813,-0.155,0.588,-0.969,0.763,-1.229,-0.718,-0.294,0.566,-5.847,-2.916,-1.573,-0.379,-0.357,0.872,-1.511,-1.107,-0.809,-0.225,0.27,1.033,-3.489,4.809,1.481,0.048,-0.29,0.821,-2.321,1.939,0.061,btn_A
1780979934.9929636,-0.809,-0.149,0.585,-0.053,0.863,-0.947,-0.71,-0.294,0.567,-6.74,-1.328,-1.137,-0.38,-0.358,0.874,-0.885,-1.443,-0.267,-0.219,0.28,1.029,-1.153,4.473,-4.412,0.05,-0.297,0.824,-1.87,2.344,-0.221,btn_A
1780979938.19746,-0.8,-0.167,0.598,-0.901,1.687,-1.008,-0.664,-0.301,0.632,-6.084,0.55,-0.076,-0.29,-0.371,0.904,-0.115,-0.305,-0.069,-0.194,-0.308,0.993,1.855,6.695,-0.145,0.075,-0.312,0.818,-0.603,2.595,-0.481,btn_A
1780979938.2890148,-0.804,-0.163,0.605,-0.74,1.008,-0.794,-0.663,-0.298,0.634,-6.26,0.809,-0.122,-0.289,-0.368,0.91,-0.557,0.374,0.481,-0.192,-0.305,0.999,1.412,7.473,-0.824,0.073,-0.314,0.817,-0.489,2.863,-0.046,btn_A
1780979938.392557,-0.8,-0.166,0.606,-0.954,1.756,-0.298,-0.666,-0.298,0.634,-6.847,0.817,-0.053,-0.29,-0.373,0.909,-0.237,0.664,0.656,-0.194,-0.308,0.999,1.702,7.496,-0.687,0.077,-0.319,0.815,-0.427,1.771,0.275,btn_A
1780979938.4953809,-0.8,-0.168,0.6,-0.885,1.252,-1.214,-0.662,-0.303,0.639,-6.183,0.74,0.023,-0.287,-0.371,0.904,0.107,-0.534,0.275,-0.195,-0.308,0.992,1.58,6.321,-0.626,0.068,-0.324,0.822,-0.641,2.931,-0.405,btn_A
1780979938.604273,-0.8,-0.165,0.607,-0.412,1.191,-0.565,-0.666,-0.302,0.629,-6.023,0.504,-0.107,-0.29,-0.37,0.907,-0.45,-0.008,0.443,-0.192,-0.304,0.994,1.313,7.092,-0.519,0.065,-0.319,0.822,-0.397,1.969,0.405,btn_A
1780979938.7094815,-0.804,-0.165,0.6,-1.29,1.679,-0.542,-0.665,-0.302,0.632,-6.634,0.588,-0.389,-0.29,-0.367,0.902,-0.298,0.397,0.55,-0.187,-0.308,0.995,1.427,7.237,-0.099,0.069,-0.313,0.821,-1.008,2.55,-0.076,btn_A
1780979938.8059568,-0.804,-0.164,0.606,-1.198,1.374,-0.809,-0.657,-0.299,0.638,-6.267,0.969,-0.229,-0.29,-0.37,0.909,-0.588,-0.137,0.748,-0.195,-0.307,1.004,1.313,6.511,-0.496,0.07,-0.319,0.814,-0.153,2.13,0.084,btn_A
1780979938.9075587,-0.801,-0.164,0.606,-0.947,1.351,-1.328,-0.661,-0.301,0.641,-6.214,1.122,-0.084,-0.291,-0.369,0.903,-0.481,-0.374,0.771,-0.191,-0.305,0.999,1.489,6.71,-0.504,0.078,-0.317,0.811,-1.168,1.779,-0.504,btn_A
1780979939.0219922,-0.803,-0.166,0.604,-1.015,1.832,-0.565,-0.661,-0.299,0.629,-6.672,1.046,0.229,-0.285,-0.373,0.908,-0.489,0.313,0.618,-0.193,-0.305,0.986,0.969,7.313,-0.366,0.067,-0.316,0.819,-0.649,3.092,-0.565,btn_A
1780979939.1306064,-0.805,-0.163,0.606,-0.87,1.733,-0.947,-0.661,-0.299,0.636,-6.382,0.435,-0.137,-0.291,-0.374,0.894,-0.145,-0.466,0.42,-0.19,-0.304,0.994,1.672,6.855,-0.496,0.07,-0.318,0.821,-0.55,1.939,-0.198,btn_A
1780979939.2167192,-0.803,-0.165,0.599,-1.122,2.0,-1.076,-0.659,-0.3,0.643,-6.382,0.924,0.13,-0.288,-0.372,0.903,-0.687,0.511,-0.046,-0.192,-0.305,1.0,1.573,6.389,-0.366,0.068,-0.32,0.816,-0.603,2.221,0.42,btn_A
1780979939.3221521,-0.802,-0.17,0.607,-0.702,1.824,0.099,-0.664,-0.296,0.63,-6.618,0.977,0.191,-0.294,-0.372,0.902,-0.489,0.504,0.534,-0.19,-0.305,0.996,1.275,6.481,-0.519,0.068,-0.314,0.828,-0.847,2.107,0.038,btn_A
1780979939.4226213,-0.802,-0.164,0.609,-0.718,1.237,-0.702,-0.662,-0.3,0.634,-6.58,0.947,0.13,-0.286,-0.371,0.902,-0.237,-0.099,0.679,-0.184,-0.304,0.999,1.084,5.992,0.176,0.078,-0.324,0.823,0.092,2.634,-0.107,btn_A
1780979939.5434186,-0.823,-0.143,0.592,-2.13,8.847,-0.099,-0.615,-0.336,0.465,-8.031,-11.405,6.824,-0.337,-0.367,0.866,0.489,4.733,2.084,-0.334,-0.192,0.894,-8.664,20.885,-5.267,0.063,-0.317,0.833,-3.626,4.962,-1.359,btn_A
1780979939.6285963,-0.799,-0.171,0.607,-0.924,2.008,0.206,-0.624,-0.295,0.716,-4.344,8.511,0.908,-0.297,-0.367,0.912,-2.656,4.763,0.847,-0.31,-0.302,1.327,145.45,6.435,54.649,0.073,-0.321,0.823,10.763,-1.634,0.267,btn_A
1780979939.7422822,-0.801,-0.163,0.601,0.168,2.87,1.489,-0.661,-0.306,0.581,-3.084,30.931,3.641,-0.308,-0.381,0.958,6.603,36.954,7.481,-0.186,0.124,0.645,82.618,-1.74,3.214,0.05,-0.287,0.817,5.107,9.099,0.908,btn_A
1780979939.8396146,-0.802,-0.164,0.601,-1.13,0.244,-0.58,-0.701,-0.277,0.573,-6.878,-0.87,-0.519,-0.334,-0.362,0.911,-11.351,-0.412,0.435,-0.212,0.096,1.252,50.107,-22.053,-1.893,0.051,-0.3,0.812,-1.206,-1.427,0.511,btn_A
1780979939.9374537,-0.805,-0.155,0.604,-0.313,-0.771,-1.214,-0.681,-0.297,0.608,-6.779,4.176,0.443,-0.333,-0.366,0.888,0.84,9.099,2.679,-0.128,0.172,0.958,35.481,0.748,-4.908,0.062,-0.291,0.815,4.015,8.84,1.389,btn_A
1780979940.0405056,-0.806,-0.161,0.602,-1.0,1.153,-0.427,-0.671,-0.299,0.611,-4.969,14.985,2.061,-0.331,-0.369,0.903,5.244,18.107,6.221,-0.188,0.179,0.903,34.748,21.504,-4.931,0.055,-0.296,0.813,5.389,6.695,1.947,btn_A
1780979940.1558185,-0.812,-0.147,0.591,-1.427,6.893,0.298,-0.711,-0.306,0.572,-6.321,20.115,0.702,-0.351,-0.36,0.863,1.244,20.45,7.695,-0.168,0.28,0.903,63.725,8.916,0.313,0.05,-0.288,0.82,1.855,9.023,1.939,btn_A
1780979940.25518,-0.807,-0.156,0.6,-0.893,0.145,-0.969,-0.695,-0.297,0.587,-7.061,6.176,0.496,-0.357,-0.352,0.885,1.252,12.45,2.901,-0.17,0.279,0.965,23.504,21.656,-0.985,0.049,-0.3,0.823,3.519,5.328,1.252,btn_A
1780979940.3559947,-0.808,-0.162,0.595,-0.176,2.511,0.931,-0.691,-0.294,0.587,-7.031,10.756,1.481,-0.384,-0.352,0.867,1.763,12.87,2.916,-0.198,0.294,0.946,29.992,23.183,10.45,0.057,-0.302,0.838,3.542,4.771,1.412,btn_A
1780979940.4524984,-0.811,-0.16,0.594,-0.985,3.374,-0.023,-0.708,-0.288,0.577,-6.053,4.779,1.427,-0.402,-0.349,0.867,1.374,9.74,3.504,-0.257,0.339,0.945,13.947,12.015,-5.244,0.054,-0.293,0.812,1.382,4.695,-0.237,btn_A
1780979940.555764,-0.805,-0.155,0.603,-0.992,3.122,0.382,-0.716,-0.289,0.574,-5.863,8.687,1.603,-0.404,-0.342,0.866,-0.244,9.344,3.069,-0.285,0.347,0.888,4.191,10.45,-3.252,0.045,-0.297,0.833,-0.863,2.359,-0.267,btn_A
1780979940.659388,-0.809,-0.152,0.589,-0.931,-0.405,-1.206,-0.705,-0.297,0.584,-5.87,0.168,-0.344,-0.387,-0.356,0.878,1.542,1.176,0.427,-0.228,0.267,1.141,8.763,9.099,-0.962,0.052,-0.295,0.817,3.504,-0.527,1.344,btn_A
1780979940.774699,-0.807,-0.155,0.602,-1.0,0.542,-2.023,-0.719,-0.297,0.576,-6.45,-4.885,-1.374,-0.366,-0.359,0.887,-1.611,-1.405,0.351,-0.115,0.323,0.921,10.321,9.595,-6.405,0.054,-0.303,0.845,2.267,6.87,0.74,btn_A
1780979940.8757129,-0.815,-0.153,0.586,-0.748,2.053,-0.916,-0.71,-0.295,0.575,-6.145,0.748,-0.115,-0.393,-0.352,0.868,0.656,0.763,0.573,-0.21,0.291,0.974,2.176,7.969,0.107,0.054,-0.299,0.831,0.061,2.008,0.412,btn_A
1780979940.9740236,-0.811,-0.16,0.593,-1.458,0.901,-1.84,-0.706,-0.298,0.586,-7.084,-4.802,-0.756,-0.382,-0.358,0.868,-0.275,-3.802,-1.298,-0.201,0.295,0.924,-9.588,5.45,0.534,0.052,-0.295,0.83,1.931,2.702,-0.198,btn_A
1780979941.0704186,-0.811,-0.152,0.59,-0.748,-6.504,-6.42,-0.675,-0.285,0.589,-8.443,-28.397,-3.198,-0.331,-0.386,0.88,-5.046,-26.237,-7.015,-0.042,0.075,1.491,-2.573,-4.374,6.053,0.085,-0.328,0.833,-0.618,-0.053,0.252,btn_A
1780979944.3741355,-0.802,-0.164,0.599,-0.847,1.397,-0.817,-0.664,-0.306,0.636,-6.519,0.885,-0.695,-0.296,-0.377,0.902,-0.847,0.557,0.16,-0.192,-0.302,0.999,1.58,7.55,0.053,0.075,-0.316,0.816,-0.885,2.221,-0.031,btn_A
1780979944.4740276,-0.796,-0.164,0.603,-0.832,1.588,-0.496,-0.661,-0.307,0.628,-6.634,0.504,-0.74,-0.292,-0.375,0.905,-0.305,-0.099,0.42,-0.19,-0.297,1.002,1.183,6.969,-0.885,0.072,-0.322,0.815,-0.298,2.786,0.527,btn_A
1780979944.5730703,-0.8,-0.168,0.602,-0.817,1.511,-1.145,-0.657,-0.307,0.636,-6.458,0.71,-0.71,-0.297,-0.374,0.901,-0.542,0.344,0.443,-0.19,-0.296,0.997,1.427,6.649,-0.489,0.077,-0.321,0.82,0.038,2.076,-0.015,btn_A
1780979944.6904256,-0.803,-0.167,0.602,-0.939,1.534,-1.092,-0.659,-0.301,0.632,-6.649,0.137,-0.748,-0.291,-0.374,0.899,-0.466,-0.153,0.534,-0.19,-0.3,1.001,1.557,7.344,-0.702,0.074,-0.321,0.824,-1.168,2.992,-0.351,btn_A
1780979944.7894442,-0.805,-0.169,0.602,-0.42,1.366,-0.412,-0.659,-0.303,0.634,-6.664,0.321,-0.42,-0.292,-0.371,0.904,-0.221,-0.55,0.817,-0.19,-0.3,0.998,1.779,6.992,-0.687,0.077,-0.32,0.815,-0.847,2.313,-0.366,btn_A
1780979944.888772,-0.802,-0.163,0.601,-0.328,-0.244,-1.046,-0.583,-0.323,0.669,0.954,24.817,1.595,-0.234,-0.339,0.894,-9.603,15.504,2.702,0.465,-0.097,-0.183,243.725,0.664,100.855,0.069,-0.334,0.849,25.504,-6.809,4.748,btn_A
1780979944.9851594,-0.812,-0.163,0.604,0.664,0.473,-1.122,-0.661,-0.308,0.633,-4.672,10.176,0.221,-0.293,-0.375,0.903,0.763,4.137,1.145,-0.103,-0.088,0.968,42.824,15.985,13.427,0.074,-0.302,0.808,-3.664,14.282,-0.55,btn_A
1780979945.087884,-0.803,-0.166,0.594,-0.779,1.107,-0.725,-0.677,-0.302,0.626,-6.092,4.87,-0.702,-0.304,-0.372,0.895,-0.656,8.756,2.198,-0.231,-0.062,1.144,58.313,4.672,17.542,0.07,-0.312,0.82,4.756,2.855,1.038,btn_A
1780979945.1910193,-0.802,-0.167,0.601,-0.511,1.809,-0.183,-0.684,-0.298,0.592,-5.969,2.427,-1.13,-0.304,-0.377,0.91,1.679,4.748,1.611,-0.201,0.052,1.058,42.802,1.527,8.069,0.083,-0.302,0.829,0.229,5.321,-2.214,btn_A
1780979945.305841,-0.804,-0.164,0.602,-0.725,-1.58,-1.634,-0.689,-0.294,0.588,-3.466,13.611,-0.344,-0.33,-0.364,0.903,0.885,2.496,1.893,-0.222,0.053,1.187,35.863,3.13,1.466,0.07,-0.301,0.811,0.008,2.779,-1.053,btn_A
1780979945.408266,-0.794,-0.161,0.613,-0.786,2.557,-0.641,-0.697,-0.297,0.601,-6.153,2.58,0.328,-0.34,-0.366,0.886,0.435,1.611,1.328,-0.207,0.116,1.071,6.763,6.763,0.244,0.058,-0.306,0.818,-2.076,1.947,-0.71,btn_A
1780979945.5086346,-0.805,-0.164,0.607,-0.863,3.45,-0.16,-0.692,-0.292,0.592,-7.29,-0.374,-0.626,-0.329,-0.373,0.9,1.198,1.924,2.763,-0.24,0.126,0.985,43.557,-12.908,-1.718,0.066,-0.297,0.816,1.985,2.679,0.725,btn_A
1780979945.6031106,-0.804,-0.163,0.605,-0.481,5.122,0.282,-0.687,-0.292,0.605,-5.908,5.305,-0.084,-0.341,-0.361,0.897,0.427,1.687,1.58,-0.19,0.206,0.981,12.718,4.969,-2.71,0.049,-0.295,0.835,-2.695,4.237,-0.679,btn_A
1780979945.7057257,-0.824,-0.163,0.628,-2.252,4.374,-1.802,-0.686,-0.299,0.586,-6.397,-2.634,-1.687,-0.349,-0.368,0.887,-0.511,-2.618,-0.275,-0.164,0.185,1.047,4.183,6.977,0.344,0.069,-0.31,0.834,1.168,1.779,0.473,btn_A
1780979945.8086774,-0.804,-0.159,0.59,-0.076,0.985,-0.702,-0.696,-0.297,0.599,-5.947,1.649,-0.618,-0.348,-0.362,0.889,-0.107,0.344,-0.115,-0.156,0.225,0.993,8.298,6.985,1.473,0.059,-0.294,0.826,0.878,3.427,0.771,btn_A
1780979945.9118295,-0.798,-0.156,0.615,-0.076,3.053,-0.26,-0.72,-0.288,0.547,-7.588,2.153,0.046,-0.353,-0.364,0.885,0.206,4.443,2.664,-0.154,0.236,1.06,21.275,10.962,-2.389,0.06,-0.299,0.815,0.435,3.672,0.878,btn_A
1780979946.0146496,-0.812,-0.156,0.594,-0.588,1.084,-1.023,-0.701,-0.297,0.585,-6.176,-2.084,-1.397,-0.366,-0.356,0.881,-1.389,-2.802,-1.13,-0.101,0.229,1.111,3.527,5.962,1.053,0.071,-0.3,0.822,3.893,1.527,2.771,btn_A
1780979946.1184094,-0.806,-0.156,0.597,-0.55,3.374,0.099,-0.706,-0.294,0.572,-6.305,3.198,-0.534,-0.384,-0.351,0.872,-0.198,0.962,0.053,-0.198,0.258,1.036,4.015,6.962,0.588,0.06,-0.288,0.831,-2.977,1.916,-0.405,btn_A
1780979946.2209687,-0.807,-0.159,0.598,-1.298,1.794,-1.656,-0.71,-0.289,0.58,-6.618,1.527,-0.779,-0.398,-0.347,0.864,-0.275,-0.321,-0.298,-0.205,0.284,1.014,-1.702,5.641,1.153,0.05,-0.285,0.825,-0.321,-0.405,0.336,btn_A
1780979946.3240397,-0.811,-0.157,0.596,-0.534,2.397,0.069,-0.734,-0.341,0.594,-5.55,4.221,1.527,-0.379,-0.36,0.817,-1.534,-2.634,0.336,-0.205,0.311,0.942,-4.725,7.252,0.855,0.061,-0.289,0.817,-3.229,4.58,-0.29,btn_A
1780979946.4377637,-0.813,-0.159,0.585,-1.351,-0.076,-1.153,-0.707,-0.293,0.58,-5.389,-0.595,0.168,-0.395,-0.347,0.872,1.008,0.626,0.45,-0.208,0.287,1.021,8.16,10.328,3.221,0.066,-0.281,0.823,3.473,3.168,-0.298,btn_A
1780979946.5298595,-0.815,-0.155,0.594,-0.924,-1.031,-1.656,-0.698,-0.292,0.594,-6.313,-2.511,-1.145,-0.388,-0.344,0.875,0.191,-0.305,-1.107,-0.177,0.27,1.148,4.0,7.496,2.221,0.053,-0.292,0.831,-0.855,-0.191,0.176,btn_A
1780979946.6384797,-0.81,-0.155,0.594,-1.214,0.679,-1.145,-0.705,-0.292,0.59,-6.908,0.336,-0.695,-0.394,-0.345,0.874,0.008,2.145,-0.038,-0.219,0.297,1.041,1.695,8.397,-0.931,0.055,-0.281,0.831,-0.191,1.031,0.412,btn_A
1780979946.7365017,-0.808,-0.154,0.596,-0.779,0.405,-0.893,-0.703,-0.296,0.584,-6.748,4.275,-0.076,-0.405,-0.345,0.859,0.695,4.13,-0.779,-0.191,0.31,1.003,4.55,9.794,-0.214,0.062,-0.284,0.817,-2.115,0.847,0.0,btn_A
1780979946.839099,-0.811,-0.153,0.594,-0.756,2.069,-0.626,-0.707,-0.295,0.574,-6.74,3.168,0.359,-0.399,-0.348,0.87,0.305,3.664,1.26,-0.23,0.311,0.963,3.824,8.099,-4.496,0.055,-0.287,0.825,0.939,2.473,-0.58,btn_A
1780979946.955866,-0.813,-0.156,0.596,-0.885,0.55,-1.366,-0.705,-0.297,0.578,-6.305,1.229,-0.122,-0.4,-0.345,0.866,0.702,1.756,0.901,-0.217,0.317,0.973,0.389,7.046,-0.947,0.058,-0.292,0.82,0.275,1.015,0.305,btn_A
1780979947.0448565,-0.818,-0.151,0.587,-0.321,0.519,-0.176,-0.71,-0.292,0.574,-6.847,-2.443,-0.969,-0.397,-0.351,0.876,-0.985,-3.084,-1.183,-0.186,0.305,1.021,-0.565,4.489,1.58,0.054,-0.295,0.831,1.443,2.962,0.756,btn_A
1780979947.1537328,-0.811,-0.155,0.592,-0.29,2.977,-0.687,-0.714,-0.294,0.576,-6.924,-2.069,-0.779,-0.403,-0.345,0.871,-0.611,-4.015,-1.58,-0.227,0.308,0.975,-9.198,1.473,3.893,0.055,-0.295,0.83,-3.298,0.87,-0.008,btn_A
1780979947.2507715,-0.812,-0.155,0.598,-1.366,0.595,-1.374,-0.711,-0.293,0.565,-6.389,0.794,-0.641,-0.408,-0.35,0.863,-1.153,-4.466,-1.84,-0.266,0.318,0.966,-7.542,3.168,-1.557,0.042,-0.291,0.839,-2.145,3.244,-0.565,btn_A
1780979950.4550161,-0.796,-0.165,0.591,-0.809,1.557,-0.618,-0.663,-0.302,0.63,-6.603,0.328,-0.076,-0.302,-0.375,0.902,-0.229,0.382,0.008,-0.177,-0.294,1.007,1.519,6.786,-0.733,0.074,-0.319,0.819,-0.405,2.084,0.053,btn_A
1780979950.554883,-0.801,-0.169,0.602,-1.153,1.809,-0.771,-0.663,-0.308,0.639,-6.473,0.305,-0.45,-0.305,-0.374,0.906,-0.473,-0.137,-0.038,-0.177,-0.293,1.006,1.611,7.16,0.191,0.074,-0.312,0.822,-0.45,3.298,-0.84,btn_A
1780979950.6553643,-0.804,-0.17,0.607,-0.947,1.053,-0.748,-0.666,-0.308,0.624,-6.305,0.229,-0.092,-0.3,-0.374,0.9,-0.008,0.672,0.214,-0.174,-0.294,1.004,1.382,6.656,-0.137,0.076,-0.317,0.812,-0.298,0.901,0.702,btn_A
1780979950.7568367,-0.804,-0.162,0.607,-0.55,1.298,-0.802,-0.662,-0.298,0.635,-6.847,0.557,-0.229,-0.294,-0.378,0.903,-0.443,-0.389,0.382,-0.171,-0.295,1.001,1.595,7.16,-0.565,0.072,-0.315,0.817,-0.962,3.656,-0.779,btn_A
1780979950.8562238,-0.804,-0.167,0.602,-1.092,1.931,-0.275,-0.665,-0.302,0.633,-6.496,0.618,-0.252,-0.299,-0.377,0.897,-0.397,0.252,0.153,-0.177,-0.294,1.002,1.458,6.824,-0.725,0.074,-0.32,0.823,-0.863,1.702,-0.107,btn_A
1780979950.9587505,-0.802,-0.169,0.602,0.282,1.687,-1.168,-0.706,-0.346,0.681,-2.649,11.282,2.282,-0.298,-0.437,0.926,9.13,14.901,2.473,0.24,-0.047,0.114,193.321,4.374,80.595,0.063,-0.312,0.833,15.611,-10.366,1.557,btn_A
1780979951.0717893,-0.804,-0.163,0.603,1.282,6.389,1.42,-0.66,-0.31,0.638,1.473,43.496,4.061,-0.319,-0.37,0.891,-0.618,44.29,10.985,-0.252,0.12,0.568,146.977,4.618,20.947,0.07,-0.295,0.817,3.405,25.099,3.435,btn_A
1780979951.1699405,-0.811,-0.159,0.595,-0.061,3.084,1.626,-0.692,-0.303,0.596,-6.16,8.252,1.641,-0.358,-0.361,0.877,3.58,12.069,5.824,-0.198,0.237,0.887,40.122,7.924,4.282,0.058,-0.298,0.829,1.115,3.985,1.145,btn_A
1780979951.2755682,-0.814,-0.161,0.583,-0.908,1.382,-0.985,-0.713,-0.293,0.587,-6.534,3.298,-0.214,-0.357,-0.365,0.878,0.29,6.519,1.893,-0.172,0.245,1.017,7.374,13.504,-1.481,0.059,-0.3,0.832,-0.008,2.893,1.565,btn_A
1780979951.371214,-0.811,-0.16,0.596,-0.252,1.435,-1.145,-0.697,-0.295,0.601,-5.977,3.679,-0.275,-0.368,-0.357,0.877,-0.374,1.405,1.504,-0.128,0.218,1.16,24.435,10.962,2.435,0.063,-0.303,0.823,0.74,1.008,1.16,btn_A
1780979951.4742062,-0.809,-0.155,0.586,-0.901,1.924,-0.939,-0.697,-0.293,0.586,-7.351,-0.115,0.107,-0.367,-0.363,0.874,0.382,2.382,1.252,-0.206,0.264,0.973,2.779,8.137,-2.099,0.055,-0.302,0.829,-0.397,3.053,0.084,btn_A
1780979951.586629,-0.821,-0.17,0.597,-1.198,5.458,-1.641,-0.693,-0.304,0.595,-6.473,1.702,0.015,-0.374,-0.362,0.871,-0.794,-1.794,0.031,-0.244,0.292,0.933,-7.511,1.565,-0.817,0.049,-0.299,0.83,-1.198,0.496,-0.198,btn_A
1780979951.6912594,-0.797,-0.162,0.601,-0.038,-2.992,-6.061,-0.726,-0.295,0.52,-5.969,-27.443,-5.588,-0.298,-0.46,0.909,25.321,-38.405,-8.74,-0.092,-0.049,2.0,-121.107,2.237,-3.702,0.088,-0.333,0.838,-9.901,-9.87,-2.466,btn_A
1780979951.787643,-0.802,-0.164,0.609,-3.893,-5.595,-4.87,-0.645,-0.293,0.62,-10.305,-38.534,-1.947,-0.332,-0.375,0.893,2.756,-51.183,-11.74,-0.141,-0.663,1.672,-250.137,-8.282,-60.191,0.085,-0.317,0.819,-23.74,3.176,-3.519,btn_A
1780979951.8860624,-0.79,-0.175,0.618,-3.595,-2.977,-2.099,-0.646,-0.309,0.64,-5.641,-0.809,-0.168,-0.302,-0.368,0.893,1.16,-4.969,-0.466,-0.194,-0.263,1.012,3.786,12.435,-0.252,0.069,-0.334,0.828,10.107,-8.191,1.496,btn_A
1780979951.9892905,-0.799,-0.166,0.608,-0.771,3.145,-0.397,-0.659,-0.304,0.636,-6.74,1.763,0.298,-0.296,-0.373,0.901,0.489,-0.977,0.557,-0.183,-0.266,1.015,0.847,5.206,-0.695,0.077,-0.323,0.815,-3.153,4.977,-0.649,btn_A
1780979952.1067295,-0.8,-0.172,0.603,-1.206,1.076,-0.244,-0.661,-0.304,0.632,-6.603,-0.008,0.267,-0.313,-0.387,0.881,1.435,1.076,0.802,-0.214,-0.269,1.02,1.214,5.641,-1.252,0.077,-0.322,0.826,1.053,0.595,0.527,btn_A
1780979952.203168,-0.8,-0.172,0.605,-0.649,0.664,-0.771,-0.66,-0.308,0.639,-6.221,0.229,0.267,-0.291,-0.37,0.91,0.076,0.198,0.618,-0.195,-0.267,1.005,1.244,7.634,-0.641,0.072,-0.319,0.826,-0.305,3.198,0.153,btn_A
1780979952.3058348,-0.8,-0.174,0.604,-0.26,2.328,-0.45,-0.659,-0.304,0.641,-6.595,1.0,0.405,-0.29,-0.376,0.904,-0.588,0.389,0.84,-0.186,-0.271,1.013,0.038,7.282,-0.992,0.081,-0.317,0.812,-0.351,2.031,-0.435,btn_A
1780979952.4013405,-0.801,-0.162,0.608,-1.466,1.595,-0.725,-0.659,-0.305,0.629,-6.389,0.634,0.061,-0.283,-0.373,0.905,-0.504,0.534,0.672,-0.184,-0.271,1.003,1.275,7.718,-0.084,0.073,-0.314,0.818,-1.122,2.534,0.481,btn_A
1780979952.5043519,-0.801,-0.168,0.608,-0.672,1.359,-1.038,-0.658,-0.302,0.637,-6.481,0.481,-0.252,-0.292,-0.376,0.909,-0.389,-0.29,-0.145,-0.186,-0.268,1.006,1.183,6.985,-0.519,0.077,-0.32,0.808,-0.55,1.832,0.145,btn_A
1780979952.6070132,-0.798,-0.169,0.61,-1.176,0.763,-1.458,-0.659,-0.301,0.633,-6.55,0.252,-0.023,-0.292,-0.373,0.905,-0.595,-0.824,0.26,-0.189,-0.274,1.011,1.061,6.382,-0.458,0.073,-0.321,0.811,-0.779,3.092,0.122,btn_A
1780979952.721431,-0.799,-0.168,0.609,-0.809,1.45,-0.145,-0.659,-0.301,0.637,-6.58,0.962,-0.076,-0.289,-0.377,0.909,-0.664,0.046,-0.298,-0.201,-0.274,1.009,1.374,7.466,-0.672,0.065,-0.32,0.818,-1.092,2.168,-0.237,btn_A
1780979952.8203852,-0.802,-0.162,0.605,-0.817,0.55,-1.443,-0.666,-0.302,0.621,-6.046,-0.344,-0.344,-0.302,-0.382,0.885,0.542,-3.198,-0.252,-0.184,-0.273,1.012,1.748,5.771,-1.023,0.076,-0.318,0.818,-0.855,2.0,-1.16,btn_A
1780979952.9215796,-0.801,-0.168,0.614,-1.023,1.802,-0.939,-0.661,-0.305,0.628,-5.908,0.115,-0.26,-0.289,-0.371,0.905,-0.298,-1.191,0.023,-0.187,-0.275,1.011,1.191,6.916,-0.962,0.075,-0.322,0.821,-0.672,1.527,-0.435,btn_A
1780979953.0193276,-0.796,-0.169,0.607,-0.824,1.137,-0.435,-0.676,-0.302,0.627,-5.985,-0.13,-0.183,-0.288,-0.372,0.911,0.0,-1.206,-0.42,-0.179,-0.28,1.012,1.305,6.794,-0.817,0.074,-0.324,0.829,-0.26,2.473,-0.397,btn_A
1780979953.122256,-0.783,-0.163,0.616,0.191,-3.832,-1.466,-0.644,-0.3,0.658,-4.641,-2.244,-0.977,-0.272,-0.365,0.909,-0.649,-4.389,-1.779,-0.191,-0.275,1.021,1.26,2.962,-1.221,0.073,-0.322,0.822,-0.206,2.71,-0.496,btn_A
1780979953.236896,-0.802,-0.169,0.615,-0.588,2.969,-0.16,-0.655,-0.305,0.637,-6.137,0.298,0.214,-0.297,-0.368,0.91,0.534,1.107,0.252,-0.181,-0.287,1.013,2.878,2.13,0.412,0.079,-0.327,0.812,-1.695,0.435,-0.504,btn_A
1780979953.3431594,-0.795,-0.167,0.614,-1.473,1.366,-0.511,-0.656,-0.303,0.642,-5.771,-0.641,0.061,-0.258,-0.362,0.941,1.084,-1.634,0.992,-0.179,-0.274,1.012,0.573,7.137,-0.176,0.079,-0.32,0.805,-1.908,4.824,-0.244,btn_A
1780979956.6241143,-0.794,-0.168,0.612,-0.779,1.046,-0.84,-0.654,-0.299,0.644,-6.511,0.344,-0.313,-0.28,-0.368,0.913,-0.656,0.305,-0.061,-0.18,-0.307,1.0,1.229,6.794,-0.244,0.081,-0.319,0.825,-0.649,2.084,-0.046,btn_A
1780979956.7374883,-0.794,-0.17,0.624,-1.046,1.504,-0.466,-0.654,-0.295,0.646,-6.626,1.267,-0.298,-0.281,-0.372,0.906,-0.443,0.282,0.74,-0.182,-0.304,0.999,1.26,8.221,-0.649,0.087,-0.318,0.818,-0.679,2.55,-0.153,btn_A
1780979956.8407962,-0.799,-0.168,0.613,-0.885,2.023,-0.26,-0.651,-0.299,0.638,-6.458,0.992,-0.137,-0.278,-0.378,0.909,-0.069,-0.321,0.42,-0.184,-0.304,0.998,1.351,6.435,-0.969,0.089,-0.334,0.82,-0.687,1.519,0.084,btn_A
1780979956.9330676,-0.794,-0.166,0.611,-1.137,1.55,-1.214,-0.654,-0.3,0.648,-6.038,0.481,-0.389,-0.281,-0.374,0.906,-0.351,0.137,0.13,-0.176,-0.305,0.996,1.58,7.031,-0.206,0.078,-0.316,0.813,-0.382,2.573,-0.183,btn_A
1780979957.036552,-0.796,-0.167,0.613,-0.809,1.466,-1.305,-0.652,-0.3,0.652,-6.557,0.74,-0.092,-0.283,-0.373,0.91,-0.282,0.42,-0.122,-0.177,-0.304,1.007,1.656,6.023,-0.145,0.085,-0.322,0.817,-0.053,2.351,-0.359,btn_A
1780979957.1398237,-0.774,-0.153,0.61,-1.511,2.405,-0.847,-0.647,-0.234,0.582,-6.55,13.008,0.687,-0.254,-0.345,0.925,0.015,8.382,0.42,0.174,-0.35,1.214,250.13,-39.046,82.573,0.096,-0.32,0.821,15.565,-3.137,2.672,btn_A
1780979957.2541854,-0.803,-0.169,0.608,0.206,-1.053,-1.053,-0.682,-0.292,0.616,-1.0,29.573,3.0,-0.347,-0.326,0.863,-7.198,22.771,4.473,-0.228,0.153,0.845,97.008,-8.374,8.962,0.069,-0.291,0.812,4.542,6.954,1.611,btn_A
1780979957.3549147,-0.793,-0.16,0.611,0.198,2.756,-0.626,-0.693,-0.292,0.625,-4.954,9.611,-0.412,-0.342,-0.361,0.892,-0.382,1.756,1.427,-0.179,0.161,1.017,22.176,11.084,0.969,0.065,-0.302,0.83,0.489,3.977,0.893,btn_A
1780979957.4575307,-0.796,-0.155,0.604,-1.405,3.344,-0.023,-0.705,-0.285,0.609,-6.58,3.214,-0.557,-0.342,-0.36,0.892,0.015,1.397,0.786,-0.174,0.205,0.996,3.084,7.489,-1.588,0.071,-0.303,0.818,-1.0,0.504,0.107,btn_A
1780979957.551566,-0.802,-0.162,0.612,-1.405,2.45,-1.145,-0.701,-0.295,0.602,-7.076,4.046,1.221,-0.352,-0.367,0.861,-1.244,-0.519,-0.802,-0.183,0.204,1.035,0.298,5.321,1.16,0.06,-0.297,0.823,-2.008,2.023,-0.45,btn_A
1780979957.6544123,-0.812,-0.157,0.59,-0.748,2.16,-0.244,-0.695,-0.289,0.586,-6.443,2.42,0.321,-0.343,-0.378,0.886,3.55,0.817,0.985,-0.213,0.274,0.949,0.641,2.74,-1.977,0.059,-0.301,0.825,-0.588,1.695,0.351,btn_A
1780979957.7678993,-0.806,-0.164,0.603,-0.427,2.687,-0.573,-0.695,-0.286,0.598,-6.901,1.176,-0.481,-0.356,-0.359,0.885,-0.466,-1.176,-0.26,-0.156,0.227,1.0,1.214,6.679,0.443,0.064,-0.293,0.816,-1.389,2.679,0.069,btn_A
1780979957.8772404,-0.802,-0.16,0.601,-1.053,2.496,-0.809,-0.698,-0.289,0.596,-6.947,1.26,0.023,-0.356,-0.356,0.885,-1.496,-0.046,-0.527,-0.191,0.209,1.022,-6.687,5.031,-0.298,0.057,-0.298,0.834,-1.611,0.656,0.489,btn_A
1780979957.9749317,-0.804,-0.154,0.6,-1.237,1.069,-1.557,-0.702,-0.289,0.593,-6.252,-1.443,-0.076,-0.352,-0.363,0.881,-1.176,-3.344,-1.038,-0.216,0.225,0.954,-13.977,2.046,-3.328,0.059,-0.299,0.824,-0.427,1.817,-0.176,btn_A
1780979958.0665681,-0.809,-0.159,0.601,-0.473,1.74,-0.214,-0.697,-0.294,0.589,-6.489,-0.695,0.221,-0.356,-0.359,0.884,0.046,-2.931,-0.473,-0.178,0.211,1.003,-3.725,3.611,-0.672,0.07,-0.304,0.818,0.099,0.183,-0.29,btn_A
1780979958.1699412,-0.802,-0.159,0.596,-1.198,2.26,-0.626,-0.695,-0.292,0.594,-6.748,1.969,0.046,-0.356,-0.354,0.888,-1.87,-1.969,-1.427,-0.161,0.215,1.004,-4.092,4.916,1.344,0.061,-0.304,0.833,-1.87,2.611,0.237,btn_A
1780979958.272607,-0.802,-0.163,0.602,0.58,3.473,-0.412,-0.697,-0.294,0.601,-6.252,3.29,-0.168,-0.348,-0.358,0.881,0.198,0.374,0.481,-0.21,0.226,0.98,-1.504,8.046,0.885,0.069,-0.3,0.821,-1.618,3.321,-0.427,btn_A
1780979958.389493,-0.794,-0.164,0.615,-1.252,2.305,-0.145,-0.69,-0.292,0.595,-6.183,2.374,0.748,-0.352,-0.363,0.885,0.504,3.282,1.42,-0.193,0.214,0.962,5.0,10.069,-4.031,0.061,-0.307,0.827,0.756,3.26,-0.786,btn_A
1780979958.478639,-0.8,-0.16,0.605,-0.832,1.176,-1.115,-0.689,-0.298,0.601,-6.42,-2.305,-0.603,-0.353,-0.37,0.885,-1.649,-2.893,-1.695,-0.189,0.189,0.972,-17.672,4.832,-2.427,0.063,-0.305,0.832,-2.145,0.557,-0.969,btn_A
1780979958.5883331,-0.799,-0.161,0.62,-3.198,-4.901,-4.26,-0.683,-0.305,0.63,-7.939,-7.962,-2.458,-0.319,-0.402,0.893,1.221,-2.771,-0.389,-0.19,0.119,1.005,-21.275,9.977,-6.244,0.064,-0.303,0.818,0.313,3.473,-0.382,btn_A
1780979958.6896868,-0.799,-0.167,0.608,-1.855,1.076,-1.008,-0.686,-0.306,0.658,-6.405,-22.855,-1.008,-0.32,-0.376,0.906,4.504,-24.427,-3.985,-0.183,-0.284,1.768,-160.137,8.756,-37.534,0.079,-0.311,0.807,-9.458,-6.023,-2.656,btn_A
1780979958.7876177,-0.803,-0.165,0.605,-4.595,-5.962,-4.473,-0.663,-0.294,0.619,-7.252,-13.489,-0.901,-0.301,-0.362,0.912,2.099,-17.313,-5.252,-0.106,-0.288,0.708,-205.756,3.168,-47.71,0.081,-0.327,0.825,-3.634,-5.061,-1.427,btn_A
1780979958.892006,-0.792,-0.164,0.614,-3.237,-9.229,-3.588,-0.677,-0.301,0.635,-6.664,-7.267,-1.244,-0.265,-0.373,0.92,5.687,-3.015,-0.359,-0.184,-0.272,1.011,7.412,12.115,-0.901,0.075,-0.326,0.815,-3.29,6.176,-1.023,btn_A
1780979959.0036218,-0.797,-0.17,0.614,-1.092,1.504,-0.137,-0.658,-0.301,0.634,-6.206,0.504,0.534,-0.274,-0.368,0.918,-0.13,1.26,0.183,-0.188,-0.281,1.005,-1.977,6.298,-1.405,0.082,-0.317,0.814,-1.389,1.84,-0.496,btn_A
1780979959.1036687,-0.796,-0.169,0.614,-1.244,1.153,-0.947,-0.657,-0.301,0.647,-6.313,0.359,0.198,-0.277,-0.372,0.909,0.015,-0.206,-0.237,-0.189,-0.282,1.012,0.16,5.992,0.145,0.085,-0.324,0.828,-0.779,2.107,-0.176,btn_A
1780979959.2116437,-0.792,-0.174,0.618,-0.725,1.809,-0.718,-0.655,-0.299,0.647,-5.847,0.786,0.511,-0.274,-0.368,0.909,-0.618,0.595,-0.099,-0.187,-0.277,0.997,-1.58,7.87,-0.405,0.087,-0.317,0.826,-1.015,2.969,-0.305,btn_A
1780979959.3046834,-0.797,-0.168,0.606,-1.405,1.649,-0.992,-0.653,-0.303,0.646,-5.992,0.389,0.137,-0.276,-0.368,0.907,0.26,-0.748,0.298,-0.188,-0.287,1.001,1.321,6.382,-0.802,0.084,-0.315,0.823,-0.496,2.061,-0.015,btn_A
1780979959.405813,-0.789,-0.167,0.612,-1.031,0.42,-1.023,-0.657,-0.3,0.646,-6.282,0.45,0.198,-0.272,-0.37,0.908,-0.748,0.382,0.145,-0.189,-0.293,1.001,0.87,7.885,-0.947,0.08,-0.319,0.812,-0.366,2.435,0.229,btn_A
1780979959.513901,-0.795,-0.166,0.621,-1.267,1.954,-0.84,-0.658,-0.3,0.64,-6.672,0.939,-0.13,-0.274,-0.371,0.908,-0.931,0.275,0.107,-0.189,-0.291,0.998,0.511,6.931,-0.58,0.085,-0.317,0.809,-0.45,2.076,0.626,btn_A
1780979962.7059937,-0.796,-0.171,0.61,-0.267,1.305,0.229,-0.653,-0.304,0.638,-6.328,0.443,-0.458,-0.279,-0.376,0.904,-0.504,0.618,-0.412,-0.186,-0.298,1.002,1.305,7.13,-0.405,0.082,-0.317,0.813,-0.519,2.382,0.038,btn_A
1780979962.8057106,-0.797,-0.167,0.606,-1.107,1.573,-1.374,-0.654,-0.301,0.636,-6.26,0.557,-0.267,-0.277,-0.38,0.907,-0.183,0.008,-0.008,-0.185,-0.297,0.996,0.794,7.458,0.008,0.082,-0.322,0.825,-0.756,1.939,0.252,btn_A
1780979962.9225087,-0.794,-0.171,0.608,-0.458,1.786,-0.389,-0.658,-0.299,0.634,-6.756,0.542,-0.87,-0.278,-0.374,0.915,-0.29,-0.405,0.038,-0.185,-0.302,0.998,1.206,7.382,-0.198,0.086,-0.319,0.805,-0.557,2.641,-0.122,btn_A
1780979963.0204482,-0.798,-0.171,0.604,-1.344,1.672,-1.168,-0.653,-0.303,0.639,-6.328,0.878,-0.397,-0.282,-0.37,0.905,-0.489,0.71,-0.122,-0.184,-0.303,1.005,1.374,6.878,-0.84,0.076,-0.321,0.816,-0.374,2.16,0.099,btn_A
1780979963.1138084,-0.795,-0.171,0.61,-0.824,1.389,-1.115,-0.656,-0.304,0.639,-6.786,0.466,-0.595,-0.281,-0.373,0.905,-0.542,-0.107,-0.42,-0.184,-0.299,1.002,1.412,6.45,-0.473,0.08,-0.323,0.827,-0.733,2.527,-0.305,btn_A
1780979963.2201967,-0.793,-0.167,0.608,-0.878,1.55,-0.58,-0.656,-0.3,0.639,-6.771,0.618,-0.42,-0.278,-0.372,0.905,-0.13,-0.443,0.443,-0.187,-0.302,1.013,-0.237,6.573,-0.443,0.075,-0.319,0.818,-1.122,3.344,-0.908,btn_A
1780979963.3195922,-0.791,-0.166,0.607,-0.466,5.397,0.298,-0.637,-0.349,0.724,-6.458,14.435,2.122,-0.229,-0.362,0.862,-9.244,8.87,-0.061,0.112,-0.176,0.365,173.191,-19.069,63.145,0.065,-0.33,0.844,14.893,-7.954,2.618,btn_A
1780979963.4226732,-0.8,-0.173,0.604,0.542,3.267,-0.885,-0.673,-0.312,0.635,-4.542,6.542,-0.893,-0.277,-0.379,0.917,0.412,3.573,0.168,-0.2,-0.122,0.964,36.443,1.038,6.55,0.083,-0.305,0.809,-4.221,8.626,-1.489,btn_A
1780979963.5371532,-0.798,-0.167,0.604,-0.977,0.435,-1.389,-0.663,-0.292,0.626,-5.702,5.321,-0.137,-0.303,-0.359,0.885,-2.794,1.794,0.069,-0.198,-0.11,1.075,47.687,-9.099,10.038,0.079,-0.309,0.814,2.0,1.168,-0.168,btn_A
1780979963.637257,-0.795,-0.17,0.611,-0.42,-0.321,-0.527,-0.662,-0.302,0.623,-6.115,3.725,-0.061,-0.291,-0.37,0.912,-1.672,4.481,-0.061,-0.186,-0.075,1.125,31.527,6.695,11.176,0.075,-0.32,0.823,1.275,4.84,0.145,btn_A
1780979963.7319288,-0.796,-0.165,0.607,-1.359,0.466,-1.557,-0.668,-0.288,0.623,-5.374,7.649,0.42,-0.309,-0.376,0.894,-0.74,6.076,-0.198,-0.163,-0.005,1.107,60.198,-0.817,12.763,0.081,-0.31,0.833,4.351,4.809,1.443,btn_A
1780979963.8346996,-0.798,-0.165,0.611,0.557,1.16,-0.038,-0.692,-0.296,0.598,-6.641,1.168,-0.74,-0.307,-0.37,0.895,-1.26,-0.565,-1.015,-0.184,0.066,1.095,26.206,4.725,4.763,0.055,-0.308,0.84,-3.061,4.656,0.344,btn_A
1780979963.9374793,-0.809,-0.16,0.602,-0.344,0.832,-1.282,-0.684,-0.299,0.604,-6.29,2.595,-0.26,-0.314,-0.368,0.891,-1.718,5.603,1.565,-0.159,0.106,1.061,32.427,4.595,-1.42,0.076,-0.3,0.814,1.74,4.061,0.908,btn_A
1780979964.050346,-0.799,-0.162,0.611,-0.809,0.076,-0.702,-0.671,-0.294,0.618,-6.336,5.969,0.542,-0.315,-0.37,0.893,1.58,6.023,1.534,-0.193,0.166,0.949,13.466,4.634,-1.0,0.062,-0.301,0.829,0.74,4.954,0.244,btn_A
1780979964.1554084,-0.806,-0.155,0.608,-1.206,2.191,-0.405,-0.69,-0.292,0.603,-7.099,0.092,-0.832,-0.322,-0.37,0.892,-0.664,-1.122,0.13,-0.122,0.108,1.202,15.435,4.725,-0.695,0.07,-0.309,0.824,-0.015,2.298,0.191,btn_A
1780979964.2525105,-0.804,-0.164,0.607,-1.069,1.954,-0.824,-0.697,-0.296,0.592,-6.489,-1.137,-1.038,-0.333,-0.369,0.889,-0.221,-2.466,-1.084,-0.17,0.169,1.013,-2.763,5.244,-0.992,0.059,-0.302,0.826,-2.58,2.099,-0.817,btn_A
1780979964.3495073,-0.807,-0.155,0.597,-0.504,0.298,-1.45,-0.693,-0.291,0.582,-5.527,-2.603,-0.008,-0.349,-0.365,0.883,-0.939,-2.252,-0.397,-0.184,0.198,0.97,-2.427,2.359,-1.687,0.069,-0.307,0.825,-1.756,2.321,0.053,btn_A
1780979964.4525976,-0.808,-0.153,0.594,0.053,3.489,-0.092,-0.701,-0.29,0.595,-7.015,-2.527,-1.405,-0.341,-0.358,0.895,-2.985,-5.359,-2.595,-0.198,0.156,1.09,-13.107,1.107,3.756,0.057,-0.31,0.833,-4.26,0.13,-0.679,btn_A
1780979964.5687296,-0.807,-0.158,0.596,-0.137,3.992,0.55,-0.694,-0.293,0.602,-6.305,1.672,-0.565,-0.333,-0.367,0.892,-1.481,-1.412,-1.0,-0.191,0.179,0.992,-4.069,4.168,-0.313,0.061,-0.303,0.829,-2.779,2.359,-0.756,btn_A
1780979964.6589909,-0.794,-0.162,0.619,-1.84,-0.244,-2.26,-0.677,-0.296,0.618,-7.595,-5.885,-1.015,-0.327,-0.37,0.886,-1.489,-5.443,-1.679,-0.176,0.141,0.749,-49.397,17.55,-4.466,0.072,-0.31,0.817,-1.336,1.046,-0.756,btn_A
1780979964.771617,-0.791,-0.175,0.614,-1.351,-1.656,-2.244,-0.648,-0.299,0.651,-5.679,11.634,0.267,-0.308,-0.368,0.894,1.328,8.847,1.985,-0.199,0.015,0.962,-3.496,19.183,-1.252,0.082,-0.301,0.81,4.382,2.359,0.298,btn_A
1780979964.8649623,-0.809,-0.163,0.61,-1.618,1.786,-0.847,-0.663,-0.3,0.631,-7.282,-0.344,-0.458,-0.299,-0.373,0.904,0.053,1.336,-0.107,-0.177,-0.058,1.051,-0.649,5.534,-0.702,0.072,-0.317,0.822,0.977,1.603,-0.237,btn_A
1780979964.9683828,-0.798,-0.164,0.612,-0.924,1.214,-1.26,-0.67,-0.309,0.636,-6.015,0.26,-0.611,-0.292,-0.375,0.908,0.099,-4.084,-0.519,-0.158,-0.077,1.079,-4.885,5.603,-2.328,0.08,-0.32,0.823,-2.641,3.733,-0.733,btn_A
1780979965.0710297,-0.802,-0.166,0.609,-1.405,0.756,-1.29,-0.665,-0.308,0.655,-6.908,-2.962,-1.382,-0.306,-0.372,0.89,1.252,-15.672,-3.176,-0.213,-0.206,0.749,-186.458,8.122,-49.817,0.08,-0.312,0.813,-9.832,2.802,-1.794,btn_A
1780979965.183956,-0.812,-0.156,0.597,-3.397,-4.664,-2.695,-0.661,-0.302,0.634,-6.824,-4.794,-0.847,-0.26,-0.391,0.916,-2.076,-9.534,-2.42,-0.175,-0.278,1.03,4.733,3.053,0.13,0.075,-0.33,0.828,0.802,1.916,0.847,btn_A
1780979965.2851682,-0.795,-0.168,0.614,-1.282,1.244,-1.336,-0.656,-0.3,0.644,-6.824,0.687,-0.626,-0.272,-0.375,0.909,-0.611,0.595,-0.137,-0.179,-0.282,1.005,-0.176,5.702,-0.824,0.084,-0.319,0.819,-2.092,3.71,-0.573,btn_A
1780979965.3863063,-0.797,-0.171,0.615,-1.298,1.496,-1.023,-0.659,-0.302,0.643,-6.336,0.656,-0.382,-0.274,-0.372,0.912,-0.328,0.473,0.351,-0.183,-0.28,1.002,-1.634,7.267,-0.534,0.077,-0.322,0.827,0.229,1.008,-0.756,btn_A
1780979965.4825995,-0.798,-0.167,0.615,-0.58,1.573,0.076,-0.657,-0.299,0.643,-6.771,0.901,-0.275,-0.272,-0.372,0.916,-0.435,0.656,-0.053,-0.183,-0.285,1.005,0.42,7.237,-0.634,0.084,-0.321,0.814,0.046,2.344,-0.115,btn_A
1780979965.585633,-0.799,-0.166,0.611,-1.298,1.298,-1.427,-0.655,-0.303,0.645,-6.511,0.718,-0.496,-0.271,-0.374,0.906,-0.389,-0.519,-0.191,-0.18,-0.289,1.004,0.74,6.603,-0.725,0.084,-0.323,0.814,-0.328,2.656,0.198,btn_A
1780979965.6889634,-0.798,-0.168,0.612,-0.702,2.137,-0.321,-0.656,-0.304,0.639,-6.634,0.13,-0.656,-0.271,-0.372,0.907,-0.359,-0.053,0.321,-0.181,-0.29,1.01,1.099,6.595,-0.595,0.084,-0.32,0.813,-0.489,2.076,0.198,btn_A
1780979968.8882756,-0.793,-0.169,0.611,-0.855,1.504,-0.802,-0.658,-0.305,0.638,-6.13,0.878,0.237,-0.274,-0.375,0.909,-0.435,0.198,0.275,-0.186,-0.3,0.999,1.443,7.023,-0.511,0.082,-0.32,0.818,-0.405,2.015,-0.328,btn_A
1780979968.9851127,-0.798,-0.167,0.613,-0.626,1.313,-0.855,-0.656,-0.302,0.644,-6.916,0.71,0.229,-0.278,-0.374,0.908,-0.412,-0.031,0.71,-0.183,-0.299,0.991,1.351,7.458,-0.916,0.085,-0.319,0.813,-0.45,2.412,0.084,btn_A
1780979969.087818,-0.795,-0.169,0.607,-1.328,1.779,-0.527,-0.661,-0.299,0.635,-6.336,0.641,-0.053,-0.274,-0.377,0.912,-0.748,-0.008,0.344,-0.19,-0.299,1.007,1.786,6.344,-0.885,0.078,-0.323,0.818,-0.397,2.267,-0.229,btn_A
1780979969.2006404,-0.796,-0.166,0.616,-1.176,1.321,-0.901,-0.656,-0.302,0.642,-6.244,0.611,0.023,-0.273,-0.376,0.905,-0.405,0.153,0.412,-0.185,-0.3,0.995,1.718,6.626,-0.542,0.085,-0.321,0.807,-0.794,2.611,-0.489,btn_A
1780979969.3011355,-0.798,-0.171,0.615,-0.916,1.008,-0.58,-0.658,-0.3,0.639,-5.832,0.298,-0.076,-0.275,-0.374,0.908,0.58,0.015,0.947,-0.206,-0.302,1.039,-1.221,1.58,-0.031,0.078,-0.323,0.813,-0.046,2.733,-1.107,btn_A
1780979969.3969994,-0.794,-0.163,0.61,-4.214,-6.649,-3.55,-0.656,-0.273,0.676,-9.771,-11.26,0.542,-0.295,-0.385,0.898,3.145,15.977,4.511,-0.384,-0.206,1.161,53.672,32.947,23.206,0.087,-0.316,0.811,0.588,5.954,-0.725,btn_A
1780979969.4999406,-0.793,-0.166,0.617,-0.786,3.344,-0.069,-0.662,-0.291,0.624,-4.71,14.153,1.687,-0.308,-0.368,0.899,-1.0,7.45,1.771,-0.184,-0.02,1.061,57.191,0.351,10.16,0.075,-0.313,0.827,3.901,-0.076,1.0,btn_A
1780979969.6030738,-0.797,-0.171,0.612,-0.58,1.481,-0.496,-0.68,-0.289,0.62,-6.336,9.664,-0.504,-0.329,-0.37,0.852,-1.092,12.298,2.649,-0.165,0.096,0.962,45.237,6.611,3.42,0.069,-0.304,0.819,4.26,7.611,0.992,btn_A
1780979969.7178326,-0.801,-0.158,0.614,-0.115,-0.565,0.031,-0.71,-0.305,0.591,-6.794,0.26,-0.542,-0.335,-0.36,0.884,0.718,8.046,3.183,-0.154,0.116,1.062,29.275,11.649,2.733,0.065,-0.305,0.829,4.359,4.55,1.305,btn_A
1780979969.8198378,-0.8,-0.164,0.602,-0.679,0.885,-1.305,-0.687,-0.296,0.611,-5.458,6.275,0.328,-0.32,-0.378,0.892,4.511,12.275,5.878,-0.261,0.183,0.974,28.244,2.481,-6.137,0.065,-0.303,0.821,3.527,5.855,1.328,btn_A
1780979969.92141,-0.803,-0.161,0.609,-0.466,2.099,0.0,-0.677,-0.287,0.594,-5.794,6.588,0.328,-0.336,-0.379,0.904,5.863,9.336,4.649,-0.224,0.21,0.997,22.13,-0.168,-4.779,0.067,-0.298,0.813,0.771,1.069,0.466,btn_A
1780979970.0153344,-0.805,-0.163,0.595,-1.031,4.977,0.489,-0.705,-0.288,0.583,-7.206,-0.542,-0.763,-0.361,-0.361,0.882,-2.252,-2.13,-0.649,-0.173,0.229,1.009,2.305,3.87,-0.084,0.069,-0.3,0.825,-4.58,1.855,-0.672,btn_A
1780979970.1183436,-0.801,-0.16,0.603,-0.893,1.305,-1.298,-0.697,-0.297,0.583,-6.145,0.58,-1.107,-0.365,-0.352,0.877,-0.649,-1.618,-0.557,-0.231,0.221,1.028,-8.328,4.046,0.733,0.061,-0.296,0.825,-2.374,0.939,-0.763,btn_A
1780979970.221412,-0.807,-0.157,0.597,-1.321,1.634,-0.313,-0.697,-0.291,0.59,-6.718,-1.298,-0.878,-0.358,-0.358,0.881,-0.573,-1.534,-0.489,-0.18,0.24,0.959,-8.664,4.595,0.351,0.064,-0.297,0.827,-0.634,1.16,-0.183,btn_A
1780979970.3242178,-0.801,-0.157,0.6,-0.939,3.824,-0.069,-0.7,-0.293,0.594,-6.954,0.412,-0.916,-0.357,-0.364,0.876,-0.817,0.183,0.069,-0.184,0.221,0.998,-2.695,5.0,-2.573,0.062,-0.299,0.836,-2.511,1.58,-0.412,btn_A
1780979970.4272866,-0.802,-0.168,0.609,-1.641,-0.092,-1.779,-0.69,-0.281,0.568,-8.802,-7.45,-2.191,-0.327,-0.367,0.893,-1.237,-1.481,-0.305,-0.163,0.21,0.961,-14.603,7.344,-0.55,0.066,-0.302,0.825,-0.794,4.321,-0.198,btn_A
1780979970.5399187,-0.802,-0.164,0.599,-2.031,-5.618,-4.977,-0.668,-0.301,0.614,-11.321,-44.649,-4.26,-0.298,-0.394,0.909,9.008,-37.458,-7.313,-0.203,-0.264,1.993,-106.603,9.275,-5.412,0.099,-0.324,0.833,-10.038,-1.756,-2.473,btn_A
1780979970.6388078,-0.796,-0.162,0.613,-2.634,-2.527,-1.916,-0.672,-0.303,0.64,-7.298,-10.206,-1.473,-0.296,-0.367,0.895,-0.786,-11.26,-2.481,-0.136,-0.132,0.833,-134.16,9.336,-34.794,0.086,-0.312,0.815,0.672,-3.802,-0.611,btn_A
1780979970.7443724,-0.803,-0.166,0.601,-1.053,3.313,-1.0,-0.661,-0.303,0.633,-7.092,-3.916,-1.275,-0.291,-0.374,0.898,-1.382,-5.679,-1.718,-0.084,-0.146,0.812,-32.153,-0.725,-1.397,0.072,-0.32,0.821,-6.366,5.863,-0.145,btn_A
1780979970.8499591,-0.808,-0.172,0.595,-0.267,-1.229,-1.489,-0.649,-0.299,0.657,-6.534,8.275,-0.229,-0.295,-0.365,0.904,6.031,0.679,0.16,-0.18,-0.29,1.036,4.107,11.977,-0.435,0.086,-0.312,0.8,-3.198,3.298,-0.29,btn_A
1780979970.9423125,-0.795,-0.167,0.611,-0.832,1.298,-0.618,-0.657,-0.306,0.637,-6.252,0.641,-0.542,-0.278,-0.372,0.909,0.122,-0.969,0.0,-0.198,-0.274,1.008,1.26,7.191,-0.557,0.08,-0.32,0.814,-0.748,1.763,-0.298,btn_A
1780979971.0522642,-0.8,-0.17,0.608,-1.282,1.206,-1.748,-0.659,-0.303,0.624,-6.107,0.336,-0.71,-0.271,-0.377,0.906,-0.328,0.115,0.206,-0.197,-0.276,1.008,-0.573,6.198,-1.023,0.078,-0.318,0.813,-0.565,1.924,-0.359,btn_A
1780979971.1523137,-0.795,-0.164,0.615,-0.901,1.168,-0.244,-0.659,-0.304,0.635,-6.137,0.321,-0.55,-0.273,-0.376,0.913,-0.366,0.779,0.412,-0.199,-0.283,0.998,-0.489,6.42,-0.435,0.074,-0.314,0.816,-0.901,2.687,-0.328,btn_A
1780979971.2510636,-0.799,-0.166,0.613,-1.023,1.466,-0.702,-0.656,-0.304,0.637,-6.832,0.824,-0.702,-0.279,-0.374,0.914,-0.802,0.779,0.733,-0.201,-0.289,1.001,1.076,7.847,-0.412,0.081,-0.322,0.816,-0.504,2.519,0.069,btn_A
1780979971.367744,-0.798,-0.166,0.605,-0.603,1.893,-1.26,-0.662,-0.301,0.646,-6.344,0.687,-0.718,-0.273,-0.375,0.912,-0.74,0.168,0.588,-0.2,-0.29,1.0,0.511,6.71,-1.0,0.079,-0.319,0.815,-0.595,2.435,-0.122,btn_A
1780979971.4687626,-0.802,-0.166,0.609,-1.13,1.718,-1.031,-0.66,-0.307,0.635,-6.504,0.542,-0.595,-0.276,-0.372,0.902,-0.656,-0.137,0.153,-0.211,-0.285,1.007,0.466,7.45,-0.649,0.077,-0.322,0.818,-0.076,2.359,0.496,btn_A
1780979971.5693955,-0.798,-0.169,0.613,-0.504,1.344,-0.435,-0.659,-0.301,0.642,-6.153,0.649,-0.405,-0.278,-0.373,0.91,-0.527,0.672,0.366,-0.195,-0.289,0.998,0.71,7.137,-0.573,0.08,-0.323,0.825,-0.511,1.763,0.13,btn_A
1780979971.663029,-0.797,-0.168,0.609,-1.107,1.107,-1.015,-0.657,-0.305,0.632,-6.198,0.397,-0.244,-0.269,-0.375,0.909,-0.573,0.26,0.504,-0.196,-0.286,0.997,0.122,8.099,-0.237,0.082,-0.32,0.82,-0.634,2.489,-0.214,btn_A
1780979971.7659671,-0.799,-0.165,0.61,-0.809,1.802,-0.42,-0.657,-0.303,0.632,-6.198,0.695,-0.046,-0.277,-0.375,0.91,-0.084,-0.45,0.466,-0.2,-0.29,1.003,1.252,7.267,-0.267,0.081,-0.32,0.815,-0.603,2.427,-0.046,btn_A
1780979974.9688325,-0.795,-0.17,0.612,-1.046,1.229,-0.763,-0.662,-0.301,0.636,-6.519,0.55,-0.496,-0.273,-0.375,0.906,-0.794,0.466,-0.046,-0.199,-0.301,0.994,1.176,6.832,-0.336,0.086,-0.313,0.82,-0.351,1.954,-0.107,btn_A
1780979975.0624752,-0.797,-0.166,0.606,-1.473,2.489,-0.534,-0.663,-0.301,0.635,-6.87,1.214,-0.885,-0.28,-0.376,0.903,-0.687,0.336,0.168,-0.202,-0.3,0.996,0.992,7.176,-0.511,0.077,-0.32,0.818,-0.847,2.817,0.214,btn_A
1780979975.1716561,-0.8,-0.171,0.609,-0.588,2.122,-0.718,-0.659,-0.303,0.635,-6.389,0.45,-0.595,-0.279,-0.379,0.904,-0.252,0.031,0.046,-0.199,-0.302,0.998,1.74,7.275,-0.687,0.076,-0.319,0.821,-0.565,2.038,-0.229,btn_A
1780979975.2723644,-0.801,-0.167,0.609,-1.0,1.198,-0.809,-0.658,-0.303,0.633,-6.519,0.366,-0.885,-0.275,-0.377,0.908,-0.458,0.176,0.504,-0.201,-0.294,1.019,-0.702,5.458,-0.427,0.074,-0.316,0.813,0.145,2.611,0.336,btn_A
1780979975.37175,-0.82,-0.182,0.575,1.008,3.435,1.878,-0.661,-0.308,0.689,-6.244,1.336,-2.511,-0.244,-0.378,0.915,3.947,16.466,2.878,-0.096,-0.182,0.805,97.702,-3.55,15.588,0.087,-0.3,0.793,2.321,1.611,0.489,btn_A
1780979975.4835932,-0.812,-0.156,0.593,-1.061,-0.412,-1.366,-0.679,-0.32,0.603,-5.847,8.466,1.244,-0.303,-0.374,0.894,-0.244,12.382,2.87,-0.249,-0.047,0.896,48.221,6.321,9.122,0.059,-0.308,0.829,-0.718,8.198,-0.626,btn_A
1780979975.5772316,-0.804,-0.162,0.607,-0.069,4.824,1.023,-0.675,-0.307,0.608,-5.229,15.672,0.305,-0.288,-0.352,0.893,2.595,16.069,2.214,-0.148,0.066,0.874,38.885,1.0,1.489,0.074,-0.304,0.806,1.443,3.466,0.534,btn_A
1780979975.68565,-0.806,-0.161,0.604,-0.122,2.321,-0.382,-0.69,-0.297,0.606,-6.893,6.756,-0.282,-0.292,-0.351,0.907,6.985,0.542,1.45,-0.118,0.059,0.967,34.809,8.855,-3.145,0.088,-0.302,0.823,2.885,2.092,-0.198,btn_A
1780979975.7836509,-0.793,-0.166,0.612,-0.198,0.351,-0.878,-0.691,-0.299,0.603,-7.885,2.588,-0.534,-0.333,-0.364,0.883,1.481,8.931,2.611,-0.162,0.104,0.996,20.466,11.382,-2.382,0.068,-0.305,0.831,2.718,4.664,0.412,btn_A
1780979975.8862474,-0.795,-0.163,0.618,-0.794,1.214,0.115,-0.685,-0.296,0.611,-6.275,4.817,-0.153,-0.361,-0.362,0.874,1.534,12.611,3.053,-0.224,0.149,1.025,19.58,13.748,0.473,0.073,-0.298,0.827,3.053,2.481,1.229,btn_A
1780979976.0035136,-0.796,-0.159,0.61,-1.214,3.672,-0.656,-0.677,-0.286,0.608,-7.725,5.427,0.107,-0.314,-0.364,0.886,2.664,9.008,2.702,-0.194,0.129,1.063,18.031,6.87,-1.359,0.072,-0.297,0.822,0.511,4.977,1.038,btn_A
1780979976.0991654,-0.797,-0.161,0.604,-0.099,1.855,-0.595,-0.697,-0.295,0.598,-6.076,4.649,0.038,-0.344,-0.36,0.882,0.908,5.779,2.489,-0.182,0.188,1.005,9.42,7.824,-5.573,0.071,-0.297,0.828,0.145,2.924,0.893,btn_A
1780979976.2009385,-0.804,-0.155,0.605,-1.656,1.481,-1.099,-0.699,-0.293,0.587,-6.137,-0.565,-0.802,-0.346,-0.363,0.883,-0.702,0.893,0.504,-0.199,0.177,1.035,2.863,6.885,-3.695,0.067,-0.292,0.822,-0.053,2.733,0.382,btn_A
1780979976.2984498,-0.802,-0.158,0.608,-0.473,1.374,-1.458,-0.7,-0.294,0.594,-7.397,-5.84,-1.977,-0.336,-0.365,0.891,-2.214,-5.733,-1.733,-0.116,0.187,1.058,6.13,4.55,-1.977,0.069,-0.305,0.833,-0.656,3.229,0.718,btn_A
1780979976.5181623,-0.8,-0.158,0.601,-1.557,0.29,-0.763,-0.698,-0.294,0.589,-6.389,-1.557,-0.962,-0.346,-0.363,0.884,-1.092,-2.748,-0.824,-0.198,0.166,0.965,-12.794,5.809,-2.809,0.064,-0.303,0.823,-1.427,2.916,-0.847,btn_A
1780979976.617305,-0.804,-0.162,0.608,-0.702,3.588,-1.031,-0.689,-0.3,0.604,-7.29,-3.634,-1.282,-0.344,-0.364,0.882,-2.42,-6.42,-1.679,-0.189,0.156,0.841,-38.771,17.084,-1.237,0.06,-0.301,0.835,-1.679,-0.069,-3.412,btn_A
1780979976.719401,-0.796,-0.172,0.614,-3.076,-3.725,-3.664,-0.669,-0.288,0.614,-8.389,-15.305,-1.397,-0.281,-0.369,0.922,-0.634,-11.702,-2.221,-0.188,-0.066,0.965,-87.038,29.244,-14.305,0.073,-0.312,0.827,1.328,-1.344,-1.641,btn_A
1780979976.8218043,-0.783,-0.186,0.591,-2.382,-3.779,-2.832,-0.669,-0.31,0.637,-6.282,-1.618,-0.847,-0.266,-0.375,0.924,-0.679,-0.489,-0.672,-0.202,-0.29,1.231,17.733,3.977,6.893,0.082,-0.316,0.821,1.588,2.802,1.817,btn_A
1780979976.9167423,-0.802,-0.172,0.597,-1.603,0.969,-3.221,-0.66,-0.303,0.629,-6.84,3.931,-0.802,-0.276,-0.379,0.912,0.634,-3.29,-1.26,-0.154,-0.239,0.897,-30.038,8.695,-19.779,0.082,-0.314,0.811,-2.893,5.305,0.206,btn_A
1780979977.0198824,-0.804,-0.164,0.6,-1.382,-0.855,-1.206,-0.659,-0.306,0.635,-6.214,-1.824,-0.542,-0.267,-0.377,0.912,-0.977,-2.809,-0.45,-0.211,-0.285,0.998,-0.863,9.534,-0.733,0.079,-0.316,0.819,-0.023,3.099,1.305,btn_A
1780979977.1229334,-0.797,-0.17,0.608,-1.496,1.053,-1.0,-0.662,-0.306,0.635,-6.618,0.618,-0.527,-0.274,-0.376,0.913,-0.618,0.382,-0.038,-0.214,-0.285,0.999,-0.557,7.893,-0.74,0.084,-0.32,0.815,-2.023,2.153,-0.84,btn_A
1780979977.2334256,-0.799,-0.17,0.608,-1.252,1.412,-1.237,-0.66,-0.301,0.634,-6.55,1.023,-0.16,-0.268,-0.376,0.901,-0.45,0.656,0.137,-0.214,-0.286,0.993,0.641,7.504,-0.412,0.081,-0.313,0.822,-0.992,1.84,-0.145,btn_A
1780979977.3350224,-0.797,-0.17,0.61,-0.84,0.573,-0.84,-0.663,-0.304,0.632,-6.275,0.153,-0.397,-0.266,-0.375,0.912,-0.26,-0.359,0.206,-0.211,-0.289,0.998,0.237,5.992,-1.076,0.08,-0.314,0.822,0.359,2.122,0.702,btn_A
1780979977.4312592,-0.793,-0.173,0.612,-0.962,1.924,-0.496,-0.661,-0.306,0.636,-6.328,0.664,-0.679,-0.277,-0.379,0.907,-0.321,0.847,-0.023,-0.216,-0.292,0.994,1.237,6.748,-1.008,0.082,-0.317,0.826,-0.496,2.389,0.366,btn_A
1780979977.5343227,-0.796,-0.169,0.616,-0.695,1.107,-1.145,-0.66,-0.305,0.635,-6.122,0.779,-0.221,-0.271,-0.376,0.908,-0.122,-0.595,0.198,-0.21,-0.292,0.999,1.336,6.939,-0.191,0.083,-0.316,0.807,-0.504,1.885,0.359,btn_A
1780979977.6502693,-0.798,-0.169,0.607,-1.221,1.466,-1.229,-0.656,-0.306,0.635,-6.496,0.55,-0.779,-0.27,-0.374,0.907,-0.267,0.031,-0.214,-0.214,-0.293,1.004,1.183,6.069,-0.008,0.077,-0.314,0.814,-0.672,2.939,-0.344,btn_A
1780979977.7547348,-0.799,-0.167,0.609,-0.733,1.885,-0.252,-0.662,-0.308,0.637,-6.733,0.771,-0.618,-0.272,-0.376,0.915,-0.901,0.855,-0.153,-0.21,-0.294,0.992,1.313,7.176,-0.008,0.08,-0.31,0.818,-0.595,2.496,0.008,btn_A
1780979977.8507755,-0.801,-0.167,0.604,-1.183,1.924,-0.595,-0.663,-0.308,0.629,-6.382,0.992,-0.031,-0.274,-0.374,0.908,-0.053,0.588,-0.092,-0.214,-0.289,0.995,1.092,6.565,-1.015,0.084,-0.321,0.823,-0.542,1.641,0.282,btn_A
1780979977.9467537,-0.8,-0.168,0.608,-1.137,1.893,-0.366,-0.662,-0.308,0.634,-6.802,0.832,-0.481,-0.273,-0.373,0.907,-0.137,-0.511,0.076,-0.208,-0.293,0.994,0.931,7.282,-0.557,0.081,-0.313,0.815,-0.588,1.679,-0.206,btn_A
1780979981.1394057,-0.797,-0.169,0.604,-0.954,1.0,-0.435,-0.658,-0.303,0.63,-6.557,0.847,-0.023,-0.27,-0.376,0.907,-0.74,0.84,0.29,-0.207,-0.302,0.993,1.458,7.351,-0.733,0.079,-0.318,0.823,-0.481,2.58,0.305,btn_A
1780979981.2511792,-0.793,-0.163,0.613,-1.16,1.947,-0.71,-0.66,-0.303,0.636,-6.603,0.786,-0.458,-0.271,-0.379,0.904,-0.794,-0.191,-0.046,-0.216,-0.304,0.994,1.84,6.756,-0.573,0.078,-0.316,0.82,-0.611,1.939,0.252,btn_A
1780979981.3459327,-0.798,-0.17,0.609,-0.832,1.756,-0.588,-0.664,-0.303,0.637,-6.298,0.641,-0.672,-0.264,-0.381,0.91,-0.443,-0.809,0.29,-0.215,-0.301,0.992,1.702,6.924,-0.359,0.084,-0.318,0.824,-0.511,1.84,0.008,btn_A
1780979981.4486482,-0.797,-0.166,0.612,-1.298,1.511,-1.046,-0.662,-0.303,0.636,-6.267,0.588,-0.29,-0.271,-0.377,0.912,-0.107,0.466,0.069,-0.209,-0.301,0.989,1.359,6.55,-0.542,0.088,-0.321,0.823,-0.397,1.985,0.13,btn_A
1780979981.5514746,-0.796,-0.17,0.614,-0.962,1.053,-0.771,-0.662,-0.301,0.633,-6.603,0.321,-0.481,-0.268,-0.375,0.913,0.023,0.977,0.412,-0.209,-0.307,1.014,-1.252,1.794,-1.122,0.077,-0.319,0.824,-0.55,2.626,-0.817,btn_A
1780979981.668575,-0.804,-0.172,0.606,0.115,7.832,1.893,-0.654,-0.318,0.628,-2.466,28.504,1.069,-0.285,-0.389,0.9,-2.656,6.901,1.878,-0.148,-0.049,1.021,86.412,3.924,13.443,0.077,-0.307,0.823,-2.298,13.107,-0.061,btn_A
1780979981.7701957,-0.799,-0.167,0.611,-0.351,4.496,0.863,-0.68,-0.299,0.604,-7.29,3.061,-0.817,-0.301,-0.381,0.901,1.595,7.824,1.489,-0.198,0.032,0.934,37.328,1.405,6.71,0.073,-0.307,0.815,4.412,-1.26,1.321,btn_A
1780979981.8608546,-0.801,-0.161,0.603,-0.771,3.672,0.099,-0.707,-0.292,0.585,-7.267,3.328,-1.435,-0.336,-0.365,0.863,-1.985,3.252,0.794,-0.217,0.094,0.979,7.252,5.931,-3.122,0.063,-0.299,0.825,-3.496,2.947,-0.481,btn_A
1780979981.967459,-0.804,-0.163,0.605,-1.015,2.847,-0.481,-0.689,-0.285,0.6,-7.0,-1.427,-1.534,-0.317,-0.38,0.9,0.252,-0.397,0.687,-0.173,0.071,1.115,18.229,2.954,-0.794,0.081,-0.31,0.826,1.008,1.687,0.58,btn_A
1780979982.067223,-0.781,-0.17,0.615,-0.443,2.504,0.481,-0.681,-0.305,0.614,-7.038,0.664,-1.725,-0.344,-0.368,0.86,-1.458,2.145,-0.16,-0.155,0.102,1.073,12.221,7.916,-0.069,0.069,-0.304,0.829,0.069,2.779,0.435,btn_A
1780979982.185889,-0.804,-0.156,0.599,-0.992,0.977,-0.847,-0.709,-0.294,0.59,-6.794,-0.382,-1.527,-0.329,-0.372,0.892,1.061,2.305,2.015,-0.157,0.149,1.096,20.015,5.252,-1.305,0.067,-0.298,0.834,2.069,2.122,1.099,btn_A
1780979982.2722933,-0.799,-0.155,0.602,-0.588,1.336,-0.183,-0.706,-0.289,0.583,-7.252,-1.863,-0.863,-0.333,-0.367,0.901,0.634,0.847,1.611,-0.171,0.191,1.05,14.443,4.282,2.115,0.054,-0.295,0.834,1.313,2.313,1.511,btn_A
1780979982.3754663,-0.81,-0.161,0.589,-0.87,2.962,-0.321,-0.724,-0.297,0.563,-6.557,2.366,-1.084,-0.345,-0.366,0.896,-2.893,0.092,-0.206,-0.153,0.221,1.034,12.847,8.069,2.87,0.065,-0.295,0.838,-1.29,2.427,0.885,btn_A
1780979982.4855974,-0.805,-0.147,0.597,-1.023,2.412,0.046,-0.712,-0.297,0.583,-6.198,8.42,-0.878,-0.345,-0.371,0.885,-0.076,7.695,3.947,-0.196,0.257,0.949,13.878,13.885,-5.626,0.049,-0.294,0.829,0.649,4.122,1.183,btn_A
1780979982.586767,-0.804,-0.156,0.603,-0.534,3.206,-0.191,-0.709,-0.292,0.575,-6.382,0.901,-1.191,-0.366,-0.356,0.872,-0.183,-0.252,0.176,-0.227,0.26,0.961,-3.298,4.954,-0.191,0.054,-0.289,0.819,-3.076,1.252,-0.305,btn_A
1780979982.698897,-0.812,-0.153,0.597,-0.374,3.26,-0.328,-0.699,-0.296,0.577,-6.366,-1.015,-1.29,-0.36,-0.36,0.879,-1.763,-1.901,-1.0,-0.221,0.241,0.942,-13.153,3.611,-0.046,0.059,-0.297,0.832,-4.466,1.382,-1.0,btn_A
1780979982.7974658,-0.795,-0.159,0.62,-1.435,0.489,-2.191,-0.693,-0.296,0.584,-6.519,0.855,-1.374,-0.328,-0.375,0.886,-0.679,-2.893,-1.733,-0.172,0.154,1.045,-26.137,13.427,-0.183,0.07,-0.297,0.818,-2.565,3.595,-0.71,btn_A
1780979982.901015,-0.8,-0.166,0.604,-2.076,0.672,-2.389,-0.666,-0.256,0.502,-12.282,-32.443,-4.092,-0.315,-0.379,0.907,2.626,-18.74,-4.473,-0.202,-0.117,1.697,-41.939,1.878,2.519,0.084,-0.32,0.828,-6.71,0.733,-1.038,btn_A
1780979983.0058568,-0.805,-0.165,0.606,-2.58,-3.664,-3.42,-0.67,-0.297,0.608,-8.267,-25.763,-1.183,-0.31,-0.375,0.906,2.87,-18.809,-4.099,-0.319,-0.24,1.464,-129.061,14.718,-19.695,0.097,-0.308,0.818,-3.611,-2.817,-1.076,btn_A
1780979983.0967722,-0.81,-0.161,0.6,-2.191,-1.145,-2.511,-0.665,-0.312,0.628,-6.588,-4.267,-1.466,-0.295,-0.376,0.891,1.183,-9.809,-2.656,-0.124,-0.104,0.609,-92.305,18.153,-21.313,0.089,-0.32,0.813,-0.038,-1.893,-0.885,btn_A
1780979983.1999893,-0.786,-0.181,0.616,6.344,9.374,2.13,-0.654,-0.305,0.669,-6.229,7.779,-0.13,-0.294,-0.362,0.899,5.565,2.107,1.145,-0.226,-0.283,0.997,-0.885,1.496,-0.542,0.09,-0.313,0.808,-13.038,10.076,-2.855,btn_A
1780979983.3027797,-0.802,-0.169,0.603,-0.916,1.344,-1.084,-0.666,-0.306,0.635,-5.511,-0.565,-0.176,-0.265,-0.376,0.917,-0.641,-0.244,0.015,-0.197,-0.292,0.999,0.275,6.519,-1.153,0.081,-0.313,0.817,3.229,-1.214,-0.038,btn_A
1780979983.4160156,-0.794,-0.161,0.611,-0.939,2.206,-0.115,-0.668,-0.304,0.627,-6.107,1.015,0.412,-0.256,-0.372,0.919,-0.947,-0.779,0.26,-0.197,-0.297,0.99,0.863,6.473,-0.015,0.084,-0.32,0.82,-1.641,3.817,-0.809,btn_A
1780979983.5145166,-0.803,-0.168,0.605,-0.412,1.336,0.13,-0.663,-0.304,0.634,-6.069,0.511,-0.038,-0.273,-0.377,0.912,-0.183,-0.282,0.153,-0.198,-0.295,0.996,0.908,7.122,-0.603,0.081,-0.313,0.819,0.221,1.107,0.206,btn_A
1780979983.6119523,-0.8,-0.162,0.612,-1.168,1.382,-1.336,-0.664,-0.301,0.628,-6.29,0.473,-0.275,-0.274,-0.372,0.914,-0.595,0.611,0.206,-0.209,-0.297,0.999,0.779,6.794,-0.198,0.088,-0.322,0.812,-0.473,2.328,0.412,btn_A
1780979983.714584,-0.801,-0.165,0.61,-0.794,1.84,-0.519,-0.662,-0.305,0.633,-6.168,0.473,-0.344,-0.271,-0.376,0.916,-0.427,-0.45,-0.359,-0.202,-0.298,0.998,1.298,6.435,-0.565,0.08,-0.322,0.818,-0.031,1.489,0.282,btn_A
1780979983.817847,-0.801,-0.167,0.608,-1.13,2.115,-0.885,-0.665,-0.302,0.63,-6.504,1.107,-0.221,-0.271,-0.38,0.905,-0.992,0.153,0.069,-0.207,-0.302,0.994,0.672,7.13,-0.626,0.081,-0.316,0.824,-0.84,3.115,0.046,btn_A
1780979983.9327953,-0.802,-0.172,0.609,-1.084,1.573,-1.237,-0.663,-0.302,0.63,-6.351,0.557,-0.061,-0.272,-0.375,0.907,-0.305,-0.282,-0.031,-0.205,-0.298,1.0,1.374,6.427,-0.374,0.091,-0.313,0.821,-0.42,1.412,0.534,btn_A
1780979984.0236802,-0.801,-0.167,0.612,-1.008,1.603,-0.74,-0.665,-0.304,0.627,-6.389,0.901,0.29,-0.277,-0.374,0.905,-0.397,0.641,-0.053,-0.2,-0.303,0.991,0.809,6.908,-0.458,0.074,-0.318,0.816,-1.214,2.053,0.145,btn_A
1780979987.2171106,-0.801,-0.171,0.608,-1.336,2.145,-0.573,-0.668,-0.306,0.633,-6.412,0.649,-0.351,-0.278,-0.377,0.911,-0.527,-0.145,0.16,-0.202,-0.309,0.991,1.763,6.603,-0.45,0.085,-0.315,0.818,-1.008,1.939,-0.183,btn_A
1780979987.319875,-0.799,-0.167,0.598,-1.267,1.168,-0.504,-0.666,-0.304,0.629,-6.725,0.748,-0.84,-0.271,-0.378,0.907,-0.412,0.42,0.13,-0.204,-0.305,0.995,1.504,7.565,-0.328,0.082,-0.322,0.813,-0.412,2.153,0.176,btn_A
1780979987.4326804,-0.799,-0.167,0.61,-1.58,1.45,-1.252,-0.664,-0.305,0.626,-6.313,1.29,-0.786,-0.271,-0.376,0.907,-0.435,0.153,0.344,-0.203,-0.307,0.999,1.374,7.008,-0.802,0.089,-0.319,0.823,-0.405,2.229,-0.046,btn_A
1780979987.5330868,-0.802,-0.163,0.61,-0.786,1.763,-0.214,-0.66,-0.304,0.63,-6.389,0.725,-0.55,-0.277,-0.381,0.91,-0.015,-0.366,0.573,-0.203,-0.31,0.993,1.466,6.802,-0.252,0.079,-0.318,0.823,-0.847,2.656,-0.221,btn_A
1780979987.6341093,-0.797,-0.166,0.606,-0.847,1.641,-1.069,-0.664,-0.304,0.634,-6.802,0.489,-0.634,-0.277,-0.379,0.91,-0.145,0.275,0.214,-0.202,-0.3,0.995,1.328,6.718,-0.405,0.076,-0.313,0.818,-0.359,2.656,-0.076,btn_A
1780979987.7325644,-0.798,-0.161,0.603,-0.695,1.031,-0.45,-0.661,-0.308,0.633,-6.099,5.107,0.061,-0.27,-0.381,0.908,-1.305,3.122,1.038,-0.264,-0.33,1.022,45.977,36.832,12.504,0.107,-0.373,0.808,4.305,5.641,0.214,btn_A
1780979987.8349037,-0.81,-0.161,0.601,-0.466,1.313,0.542,-0.686,-0.312,0.635,-4.237,13.557,0.305,-0.305,-0.373,0.883,1.71,10.763,1.916,-0.134,-0.034,0.956,81.954,-2.916,21.863,0.084,-0.306,0.813,10.107,-6.122,2.45,btn_A
1780979987.937661,-0.807,-0.156,0.605,-1.275,0.328,-0.733,-0.68,-0.28,0.619,-6.115,10.275,0.351,-0.325,-0.374,0.909,0.069,5.962,1.031,-0.207,0.094,0.917,27.298,-0.947,9.237,0.071,-0.302,0.824,-2.298,6.809,0.947,btn_A
1780979988.048325,-0.796,-0.168,0.616,-0.359,3.954,0.641,-0.689,-0.311,0.606,-6.626,2.992,0.939,-0.332,-0.385,0.875,3.496,8.252,2.969,-0.2,0.115,0.954,15.656,9.55,-3.267,0.059,-0.3,0.827,1.084,1.336,-0.015,btn_A
1780979988.1444945,-0.802,-0.16,0.611,-0.992,3.611,-0.137,-0.676,-0.292,0.605,-6.534,6.656,0.046,-0.318,-0.366,0.91,1.55,8.595,3.435,-0.17,0.136,0.955,31.443,4.664,-2.664,0.072,-0.304,0.822,0.878,4.58,0.046,btn_A
1780979988.247213,-0.802,-0.163,0.602,-0.527,4.244,-0.046,-0.701,-0.279,0.57,-6.458,11.641,0.771,-0.338,-0.367,0.888,0.55,5.504,3.191,-0.182,0.166,1.028,28.947,1.832,1.053,0.06,-0.301,0.816,-1.397,4.969,0.565,btn_A
1780979988.3503723,-0.804,-0.158,0.606,-0.824,4.076,1.344,-0.728,-0.319,0.597,-7.328,5.802,0.687,-0.39,-0.357,0.871,0.214,-2.214,1.305,-0.097,0.208,0.985,26.679,17.71,15.038,0.06,-0.303,0.844,4.557,4.74,3.244,btn_A
1780979988.4612508,-0.812,-0.162,0.59,-0.725,0.672,-0.626,-0.708,-0.298,0.587,-6.939,-0.794,-0.13,-0.365,-0.371,0.924,1.771,-2.053,0.359,-0.187,0.236,1.035,0.351,6.863,0.985,0.056,-0.287,0.832,0.023,1.817,1.374,btn_A
1780979988.5561583,-0.811,-0.157,0.592,-0.672,1.779,-1.206,-0.706,-0.292,0.578,-6.527,-0.183,-0.565,-0.351,-0.362,0.88,-1.305,-0.267,0.74,-0.164,0.233,1.037,3.84,3.977,-6.947,0.061,-0.297,0.822,-2.901,2.008,-1.13,btn_A
1780979988.6646783,-0.807,-0.156,0.6,-1.794,1.481,-0.832,-0.702,-0.294,0.578,-6.771,-1.321,-1.115,-0.364,-0.362,0.877,-0.687,-1.237,-0.389,-0.205,0.207,1.076,-6.985,3.649,-1.0,0.06,-0.29,0.82,-1.534,0.855,-0.58,btn_A
1780979988.762017,-0.806,-0.157,0.595,-0.87,-0.672,-1.0,-0.71,-0.297,0.581,-6.55,0.252,-0.634,-0.355,-0.364,0.884,-0.626,-0.321,0.534,-0.213,0.227,1.042,-1.969,6.954,-1.351,0.063,-0.294,0.819,-1.328,2.824,-0.168,btn_A
1780979988.8652594,-0.805,-0.155,0.597,-1.191,0.611,-1.237,-0.702,-0.293,0.586,-6.076,1.023,-0.412,-0.361,-0.368,0.883,-0.656,2.252,1.191,-0.202,0.231,0.984,1.015,7.618,-1.344,0.062,-0.295,0.829,-0.618,3.031,-0.344,btn_A
1780979988.9711766,-0.805,-0.159,0.595,-0.618,0.115,-1.504,-0.704,-0.294,0.585,-7.145,-7.466,-1.977,-0.353,-0.365,0.887,-2.916,-9.359,-3.015,-0.18,0.126,1.302,-10.992,-0.687,-0.198,0.063,-0.298,0.831,-3.756,-1.511,-1.008,btn_A
1780979989.085602,-0.807,-0.159,0.592,-1.099,-1.26,-1.771,-0.71,-0.297,0.57,-7.183,-4.908,-1.29,-0.344,-0.363,0.896,-1.55,-4.573,-0.42,-0.206,0.199,0.959,-16.16,6.435,-4.893,0.068,-0.296,0.817,-1.687,3.313,-1.527,btn_A
1780979989.1817548,-0.802,-0.159,0.598,-1.504,2.634,-1.038,-0.701,-0.3,0.589,-6.885,-1.962,-0.847,-0.347,-0.371,0.883,-0.527,-3.649,-1.374,-0.167,0.164,1.039,-11.489,3.198,1.969,0.065,-0.304,0.825,-0.634,-0.405,-0.359,btn_A
1780979989.2830613,-0.809,-0.159,0.597,-0.947,-0.099,-1.382,-0.702,-0.298,0.579,-6.893,-4.221,-1.58,-0.334,-0.367,0.881,-0.901,-4.0,-0.076,-0.16,0.146,1.025,-8.763,4.099,-3.84,0.075,-0.31,0.814,-1.641,1.626,-0.237,btn_A
1780979989.380973,-0.806,-0.157,0.601,-1.58,-1.145,-3.084,-0.685,-0.294,0.582,-9.481,-22.435,-0.626,-0.308,-0.38,0.901,3.779,-17.794,-3.137,-0.189,-0.008,1.235,-33.664,7.008,-1.389,0.077,-0.311,0.828,-5.534,4.336,-1.908,btn_A
1780979989.4831522,-0.798,-0.158,0.603,-1.954,-3.137,-3.008,-0.682,-0.297,0.616,-7.504,-14.855,-0.832,-0.223,-0.374,0.886,-0.313,-16.069,-4.366,-0.231,-0.093,1.398,-48.382,7.015,-7.595,0.086,-0.317,0.823,-3.458,0.611,-1.038,btn_A
1780979989.5980864,-0.804,-0.17,0.605,-1.832,-0.237,-1.748,-0.674,-0.309,0.622,-6.992,-5.084,-1.267,-0.3,-0.375,0.899,-0.397,-6.275,-0.74,-0.204,-0.033,0.843,-66.588,11.756,-20.115,0.086,-0.314,0.812,-0.366,1.046,-0.008,btn_A
1780979989.6980884,-0.778,-0.169,0.636,-1.771,-1.511,-3.191,-0.719,-0.357,0.602,-4.031,2.031,-2.542,-0.24,-0.415,0.831,-16.313,-2.45,0.603,-0.375,-0.246,1.273,2.344,-4.756,-4.328,0.065,-0.319,0.833,21.687,-17.695,3.298,btn_A
1780979989.7978811,-0.798,-0.17,0.606,-1.496,1.817,0.008,-0.665,-0.304,0.623,-6.511,-0.786,-0.733,-0.274,-0.377,0.911,-0.763,-0.053,0.305,-0.184,-0.283,0.999,-1.832,4.282,-1.26,0.085,-0.323,0.822,-4.305,5.099,-0.733,btn_A
1780979989.8951032,-0.796,-0.166,0.616,-1.176,0.298,-0.985,-0.662,-0.304,0.631,-6.42,0.351,-0.817,-0.274,-0.376,0.916,-0.282,0.687,0.641,-0.186,-0.287,1.003,-0.733,7.321,-0.527,0.083,-0.316,0.809,-0.565,1.969,0.176,btn_A
1780979989.9979053,-0.802,-0.16,0.607,-0.214,2.053,-0.496,-0.664,-0.308,0.638,-6.679,1.015,-0.076,-0.273,-0.378,0.906,-0.481,0.015,0.298,-0.183,-0.29,1.004,0.099,6.344,-0.947,0.08,-0.316,0.821,-0.328,2.321,0.29,btn_A
1780979990.1011515,-0.799,-0.167,0.611,-1.313,1.618,-0.771,-0.659,-0.305,0.629,-6.771,1.122,-0.366,-0.276,-0.377,0.903,-0.969,1.29,0.649,-0.193,-0.303,1.0,0.435,7.061,-0.786,0.079,-0.32,0.819,-0.214,2.282,0.382,btn_A
1780979993.4005775,-0.8,-0.164,0.608,-0.885,0.763,-1.069,-0.667,-0.302,0.631,-6.534,0.687,-0.443,-0.279,-0.373,0.907,-0.374,-0.573,0.527,-0.199,-0.285,0.965,-7.786,5.389,-4.794,0.099,-0.317,0.811,-1.802,1.977,-0.305,btn_A
1780979993.5001194,-0.802,-0.165,0.605,-1.214,0.115,-0.908,-0.67,-0.302,0.614,-6.282,-0.863,-0.916,-0.28,-0.374,0.907,-0.458,-2.603,-0.534,-0.182,-0.308,0.988,4.504,6.481,-0.763,0.087,-0.327,0.818,0.55,1.901,0.137,btn_A
1780979993.6032937,-0.797,-0.164,0.607,-0.794,1.137,-0.687,-0.664,-0.306,0.632,-6.42,0.664,-0.649,-0.277,-0.379,0.909,-0.336,-0.359,-0.076,-0.197,-0.313,0.992,1.496,6.916,-0.725,0.084,-0.32,0.815,-0.962,2.45,-0.504,btn_A
1780979993.7161677,-0.798,-0.166,0.603,-1.237,1.824,-0.924,-0.661,-0.304,0.636,-6.779,0.87,-0.359,-0.275,-0.375,0.908,-0.107,-0.183,-0.008,-0.192,-0.312,0.995,1.939,5.328,-0.733,0.085,-0.326,0.817,-0.092,2.092,-0.092,btn_A
1780979993.8091004,-0.798,-0.169,0.608,-0.504,0.756,-0.847,-0.662,-0.302,0.636,-6.328,0.076,-0.588,-0.276,-0.377,0.911,-0.649,-0.16,0.191,-0.187,-0.31,0.995,1.664,6.672,-0.855,0.088,-0.314,0.823,0.099,3.275,0.573,btn_A
1780979993.9123645,-0.803,-0.163,0.668,2.878,7.519,0.718,-0.757,-0.264,0.454,-8.641,9.092,-0.695,-0.286,-0.37,0.915,-4.084,18.969,4.26,-0.152,-0.171,1.093,154.046,-12.374,32.214,0.08,-0.298,0.798,3.145,2.069,1.107,btn_A
1780979994.0151231,-0.803,-0.159,0.605,-1.977,-2.275,-0.649,-0.689,-0.304,0.616,-4.733,7.618,0.328,-0.319,-0.37,0.899,2.756,4.122,1.672,-0.157,-0.001,1.077,39.656,8.282,4.947,0.077,-0.307,0.821,1.992,3.305,0.725,btn_A
1780979994.1315508,-0.806,-0.165,0.605,-0.504,2.656,0.893,-0.707,-0.304,0.592,-6.282,-2.092,-0.008,-0.315,-0.382,0.891,0.389,-0.702,1.71,-0.159,0.028,1.226,31.924,7.382,3.191,0.078,-0.312,0.841,0.153,2.366,0.687,btn_A
1780979994.2310572,-0.807,-0.154,0.605,-2.061,0.802,-0.962,-0.678,-0.296,0.599,-8.359,-0.71,0.527,-0.347,-0.354,0.891,-1.992,6.977,2.038,-0.157,0.134,1.147,25.076,8.847,0.588,0.071,-0.3,0.834,1.573,3.099,1.489,btn_A
1780979994.3372517,-0.811,-0.16,0.601,-1.573,2.092,-0.053,-0.714,-0.288,0.574,-7.458,2.954,-0.427,-0.358,-0.367,0.883,1.603,7.794,3.901,-0.158,0.244,0.975,22.099,15.718,1.137,0.068,-0.294,0.82,1.313,3.924,1.359,btn_A
1780979994.4276226,-0.805,-0.154,0.602,-0.779,2.534,0.389,-0.699,-0.296,0.594,-6.069,5.557,0.687,-0.354,-0.362,0.883,1.374,7.931,4.008,-0.204,0.277,1.022,20.26,10.183,-6.389,0.057,-0.298,0.826,-0.26,5.786,1.053,btn_A
1780979994.53088,-0.809,-0.155,0.597,-0.519,3.458,-0.595,-0.712,-0.292,0.58,-6.542,2.038,0.336,-0.376,-0.356,0.867,-0.863,0.618,0.267,-0.195,0.242,1.038,1.702,5.214,0.542,0.058,-0.3,0.829,-1.947,-0.206,-0.481,btn_A
1780979994.6509948,-0.811,-0.149,0.593,-1.023,2.595,-0.565,-0.714,-0.296,0.566,-7.191,-2.71,0.267,-0.377,-0.357,0.876,-0.687,0.634,0.71,-0.221,0.263,0.992,1.733,5.962,-1.26,0.071,-0.303,0.828,-1.084,2.405,0.0,btn_A
1780979994.736423,-0.808,-0.154,0.595,-0.893,2.969,-0.344,-0.71,-0.292,0.577,-6.366,0.26,0.282,-0.369,-0.356,0.875,0.168,-0.069,0.153,-0.214,0.259,0.991,0.053,5.313,-1.099,0.057,-0.291,0.828,0.13,1.878,-0.412,btn_A
1780979994.8503013,-0.806,-0.159,0.596,-0.649,3.565,-0.305,-0.71,-0.292,0.581,-6.573,0.099,0.176,-0.367,-0.354,0.888,-0.168,0.489,0.656,-0.228,0.265,0.975,1.695,6.038,-1.473,0.069,-0.294,0.813,-1.023,2.107,0.008,btn_A
1780979994.9538944,-0.81,-0.151,0.596,-0.244,3.16,-0.71,-0.707,-0.293,0.585,-6.427,0.252,-0.137,-0.372,-0.356,0.882,-1.229,-2.695,-0.824,-0.227,0.22,1.095,-4.374,2.031,-0.542,0.064,-0.294,0.824,-3.397,0.473,-1.076,btn_A
1780979995.0454068,-0.803,-0.151,0.592,-0.885,-0.527,-1.481,-0.708,-0.288,0.578,-6.977,-7.969,-1.344,-0.376,-0.356,0.875,-2.718,-12.443,-4.718,-0.252,0.25,0.915,-46.321,0.473,2.573,0.053,-0.291,0.823,-6.221,-0.092,-2.649,btn_A
1780979995.1493657,-0.81,-0.154,0.589,-1.481,-0.55,-1.718,-0.699,-0.298,0.59,-6.328,-2.023,-0.534,-0.365,-0.359,0.876,-0.29,-5.71,-1.817,-0.217,0.236,0.901,-17.473,3.511,1.534,0.074,-0.307,0.829,-0.26,-1.534,-0.252,btn_A
1780979995.2952225,-0.799,-0.161,0.604,-0.702,-0.115,-1.191,-0.687,-0.29,0.602,-6.611,1.42,-0.115,-0.343,-0.358,0.886,-3.725,1.008,-0.351,-0.197,0.133,1.05,-10.969,6.939,-2.344,0.07,-0.305,0.825,-0.756,3.412,-0.168,btn_A
1780979995.354099,-0.806,-0.162,0.589,-1.29,-6.634,-5.374,-0.701,-0.309,0.583,-10.542,-44.947,-2.794,-0.279,-0.383,0.906,2.588,-36.511,-7.794,-0.221,-0.246,1.274,-235.55,21.412,-47.84,0.091,-0.32,0.821,-12.313,-3.733,-3.947,btn_A
1780979995.457226,-0.797,-0.168,0.602,-3.115,-3.267,-2.649,-0.666,-0.298,0.626,-6.725,-9.748,-2.176,-0.337,-0.406,0.898,5.931,-35.42,-5.573,0.528,-0.124,-0.276,20.679,28.481,3.55,0.085,-0.361,0.834,-11.588,30.641,-2.481,btn_A
1780979995.560328,-0.8,-0.164,0.613,0.298,4.084,0.359,-0.654,-0.306,0.637,-6.611,5.74,-0.427,-0.27,-0.377,0.914,-1.405,0.931,0.099,-0.204,-0.265,1.01,-1.382,9.107,0.16,0.084,-0.322,0.824,-3.237,4.779,0.786,btn_A
1780979995.663451,-0.8,-0.167,0.609,-1.076,0.313,-1.718,-0.664,-0.302,0.631,-6.191,0.008,-0.076,-0.276,-0.375,0.906,-0.427,-1.321,0.015,-0.198,-0.269,1.007,-0.038,6.145,-0.756,0.084,-0.32,0.821,0.214,0.756,-0.321,btn_A
1780979995.783738,-0.8,-0.163,0.61,-0.756,2.595,-0.664,-0.667,-0.299,0.631,-6.496,1.191,-0.053,-0.278,-0.374,0.91,-0.519,0.321,0.099,-0.198,-0.28,1.003,-0.29,6.183,-1.115,0.085,-0.319,0.816,-1.206,2.756,-0.557,btn_A
1780979995.8762283,-0.799,-0.164,0.609,-1.282,1.969,-0.573,-0.667,-0.302,0.632,-6.489,1.595,-0.679,-0.278,-0.374,0.911,-1.176,0.206,0.069,-0.194,-0.279,1.006,-0.412,6.725,-1.389,0.082,-0.317,0.818,-0.221,1.542,0.023,btn_A
1780979995.9831703,-0.801,-0.167,0.61,-1.084,1.122,-1.115,-0.665,-0.306,0.626,-6.328,0.771,-0.427,-0.273,-0.374,0.906,-0.473,0.031,-0.16,-0.198,-0.282,1.004,0.389,6.137,-0.519,0.084,-0.324,0.818,-1.137,2.26,-0.305,btn_A
1780979996.0831718,-0.795,-0.161,0.603,-1.031,1.153,-0.718,-0.667,-0.305,0.634,-6.71,0.595,-0.618,-0.276,-0.374,0.914,-0.878,0.435,0.053,-0.194,-0.284,1.007,0.435,7.878,-0.473,0.087,-0.321,0.823,-0.725,1.695,0.244,btn_A
1780979996.1787932,-0.803,-0.168,0.602,-1.0,1.672,-0.427,-0.665,-0.303,0.626,-6.198,0.534,-0.183,-0.292,-0.374,0.905,-0.702,0.672,0.183,-0.193,-0.291,1.0,-0.099,5.786,-1.351,0.087,-0.323,0.824,-0.366,2.664,0.519,btn_A
1780979996.2821295,-0.801,-0.164,0.61,-0.87,1.71,-1.13,-0.661,-0.302,0.63,-6.366,0.756,-0.794,-0.283,-0.376,0.911,-0.58,-0.344,0.099,-0.192,-0.288,0.994,1.008,6.397,-1.229,0.085,-0.321,0.811,-0.473,2.893,-0.069,btn_A
1780979999.4812326,-0.813,-0.162,0.588,-0.664,3.947,0.756,-0.711,-0.297,0.581,-6.824,5.443,-0.924,-0.332,-0.366,0.878,-3.046,6.344,2.122,-0.19,0.144,0.923,26.618,6.992,-0.374,0.074,-0.293,0.818,0.534,0.328,1.275,btn_A
1780979999.5779293,-0.813,-0.161,0.594,-1.183,3.832,0.198,-0.692,-0.296,0.6,-5.718,6.176,0.198,-0.344,-0.373,0.887,0.817,4.511,1.931,-0.213,0.164,0.95,22.779,5.664,-0.137,0.071,-0.308,0.825,0.985,4.55,0.916,btn_A
1780979999.6823123,-0.812,-0.157,0.594,-0.412,3.443,-0.313,-0.691,-0.3,0.601,-6.878,4.382,0.053,-0.342,-0.366,0.893,2.183,6.542,2.695,-0.211,0.152,0.976,24.023,7.496,-3.427,0.064,-0.296,0.829,1.466,4.145,0.664,btn_A
1780979999.7834735,-0.807,-0.156,0.594,-1.42,2.092,-0.748,-0.699,-0.293,0.584,-6.198,5.824,0.053,-0.351,-0.362,0.875,0.328,5.435,1.145,-0.191,0.216,0.977,9.137,4.74,-4.099,0.07,-0.294,0.828,1.038,2.305,-0.076,btn_A
1780979999.887628,-0.803,-0.157,0.602,-1.221,2.053,-0.305,-0.698,-0.298,0.581,-7.679,-2.244,-0.557,-0.356,-0.373,0.886,-1.481,-1.267,-0.511,-0.152,0.146,1.104,5.885,7.092,-0.412,0.071,-0.299,0.826,-1.573,3.145,-0.031,btn_A
1780979999.9951274,-0.812,-0.159,0.593,-1.664,0.137,-2.084,-0.707,-0.302,0.588,-7.153,-6.092,-1.252,-0.352,-0.379,0.889,-1.748,-4.977,-1.977,-0.151,0.097,1.298,9.847,6.252,4.687,0.075,-0.3,0.828,-0.618,-0.16,0.282,btn_A
1780980000.0928147,-0.807,-0.156,0.587,-0.359,-0.008,-1.718,-0.705,-0.298,0.581,-8.092,-14.489,-2.145,-0.355,-0.369,0.861,-4.916,-10.977,-4.832,-0.146,0.156,0.506,-85.344,12.168,-9.481,0.065,-0.279,0.804,-11.855,3.031,-3.534,btn_A
1780980000.1999586,-0.805,-0.165,0.598,-1.664,-1.634,-4.13,-0.683,-0.292,0.608,-6.008,-8.023,-3.473,-0.265,-0.385,0.928,0.962,-25.008,-7.748,-0.257,-0.633,1.908,-250.137,33.855,-94.214,0.097,-0.319,0.772,-8.901,9.252,-2.015,btn_A
1780980000.29826,-0.805,-0.165,0.598,0.198,-2.443,-2.031,-0.673,-0.307,0.623,-4.817,2.954,0.275,-0.261,-0.376,0.91,0.527,2.13,-0.031,-0.215,-0.284,1.003,-0.557,7.931,-0.939,0.087,-0.309,0.803,11.244,-4.55,2.786,btn_A
1780980000.4019258,-0.801,-0.165,0.604,0.206,0.603,0.13,-0.667,-0.301,0.625,-6.55,1.0,0.061,-0.278,-0.374,0.906,-0.412,-0.809,-0.374,-0.216,-0.293,0.996,-0.573,7.084,-0.947,0.075,-0.313,0.823,-1.557,4.366,0.168,btn_A
1780980000.5149515,-0.801,-0.169,0.6,-0.916,0.84,-1.534,-0.668,-0.304,0.629,-6.344,0.756,-0.26,-0.276,-0.376,0.91,-0.618,0.076,-0.344,-0.216,-0.292,0.997,0.511,6.183,-1.595,0.06,-0.306,0.838,1.122,4.031,1.435,btn_A
1780980000.6139932,-0.796,-0.184,0.602,6.603,4.466,1.565,-0.66,-0.282,0.662,-6.038,35.076,0.42,-0.268,-0.368,0.896,-4.817,50.176,7.16,0.351,0.041,0.336,235.504,-60.977,4.901,0.079,-0.317,0.844,18.328,4.84,5.176,btn_A
1780980000.723116,-0.782,-0.166,0.619,-1.214,4.496,2.626,-0.705,-0.3,0.483,-8.061,17.0,3.137,-0.354,-0.342,0.914,2.87,37.45,13.618,-0.38,0.243,0.808,65.443,19.313,-9.198,0.063,-0.294,0.833,-2.214,22.656,1.58,btn_A
1780980000.8165405,-0.824,-0.143,0.583,-1.092,5.702,1.344,-0.685,-0.31,0.63,-5.321,2.153,2.756,-0.389,-0.362,0.865,1.145,6.809,3.87,-0.199,0.287,0.906,14.244,9.359,-6.855,0.051,-0.29,0.831,2.282,-0.947,1.206,btn_A
1780980000.9305892,-0.814,-0.151,0.583,-1.267,1.763,-0.527,-0.716,-0.287,0.574,-7.061,0.763,0.092,-0.377,-0.358,0.881,-0.153,1.42,0.893,-0.132,0.256,1.054,13.427,7.824,-5.595,0.057,-0.29,0.829,-1.573,3.374,0.427,btn_A
1780980001.0291793,-0.817,-0.156,0.591,-1.389,1.588,-0.473,-0.711,-0.295,0.576,-7.511,0.328,-0.038,-0.367,-0.357,0.873,-0.458,4.153,0.969,-0.198,0.251,1.047,5.824,9.397,-5.412,0.054,-0.283,0.813,0.031,3.847,0.481,btn_A
1780980001.1311095,-0.817,-0.151,0.586,0.107,3.336,-0.29,-0.718,-0.299,0.567,-6.427,3.977,0.122,-0.373,-0.362,0.89,-0.374,4.435,2.023,-0.182,0.262,0.96,21.664,7.603,-4.015,0.054,-0.297,0.842,-1.832,4.313,-0.313,btn_A
1780980001.2260795,-0.806,-0.154,0.595,-1.847,3.076,-0.817,-0.716,-0.29,0.571,-6.305,2.198,0.42,-0.382,-0.368,0.886,-1.252,4.786,1.58,-0.167,0.284,0.947,8.885,11.008,-2.947,0.063,-0.294,0.841,0.344,5.847,-0.008,btn_A
1780980001.3283112,-0.82,-0.147,0.583,-0.458,1.099,-1.42,-0.713,-0.291,0.566,-6.74,-4.374,-0.71,-0.38,-0.357,0.875,-2.87,-6.336,-3.664,-0.249,0.288,0.871,-26.26,-0.198,1.336,0.064,-0.293,0.818,-4.702,1.046,-0.626,btn_A
1780980001.431299,-0.818,-0.153,0.584,-0.321,3.794,-0.695,-0.702,-0.293,0.587,-6.626,-1.756,-0.611,-0.362,-0.362,0.872,-0.115,-2.29,-1.71,-0.258,0.252,0.903,-15.695,2.214,0.046,0.061,-0.295,0.823,-3.115,-0.939,-1.45,btn_A
1780980001.5450742,-0.82,-0.163,0.588,0.679,9.779,1.756,-0.701,-0.305,0.573,-6.878,3.008,-0.336,-0.355,-0.36,0.878,0.046,0.977,0.076,-0.246,0.21,0.989,-5.496,2.221,-3.328,0.057,-0.295,0.83,-8.244,0.794,-1.45,btn_A
1780980001.6473267,-0.815,-0.153,0.579,-1.023,5.634,0.305,-0.714,-0.288,0.55,-7.023,1.305,-0.45,-0.369,-0.357,0.883,-1.443,0.069,-0.145,-0.213,0.226,0.932,-2.771,2.153,-0.992,0.066,-0.295,0.83,-3.565,1.809,-1.153,btn_A
1780980001.7491863,-0.818,-0.154,0.593,-0.832,-1.244,-2.267,-0.658,-0.315,0.616,-7.863,-10.511,-1.626,-0.363,-0.34,0.883,-8.656,-23.542,-6.366,-0.131,0.172,0.7,-81.137,13.802,-0.282,0.069,-0.293,0.813,-8.718,-3.992,-3.489,btn_A
1780980001.8462276,-0.823,-0.155,0.583,-0.992,-1.794,-2.481,-0.663,-0.303,0.616,-7.565,-26.198,-1.519,-0.337,-0.371,0.888,-0.481,-38.695,-8.611,-0.184,-0.388,0.848,-250.137,12.557,-72.573,0.082,-0.307,0.803,-17.145,2.458,-4.076,btn_A
1780980001.9468362,-0.854,-0.142,0.546,-3.115,-3.053,-2.863,-0.688,-0.299,0.6,-5.282,-5.802,-1.13,-0.281,-0.374,0.905,-6.412,-13.618,-3.092,-0.191,-0.279,1.022,-1.954,-1.847,-1.122,0.07,-0.337,0.838,0.038,3.756,-0.198,btn_A
1780980002.049938,-0.8,-0.17,0.607,-0.939,1.107,-0.595,-0.665,-0.3,0.627,-6.687,0.718,-0.389,-0.28,-0.375,0.903,-0.595,1.42,-0.008,-0.2,-0.282,0.987,-0.771,7.55,-0.885,0.079,-0.308,0.82,-1.954,3.977,-0.771,btn_A
1780980002.1644034,-0.8,-0.166,0.61,-1.198,2.695,-0.725,-0.668,-0.303,0.629,-6.847,0.71,-0.565,-0.273,-0.374,0.91,-0.267,0.534,0.664,-0.205,-0.28,0.993,-0.092,7.626,-0.336,0.089,-0.317,0.817,0.519,1.55,0.74,btn_A
1780980002.2632203,-0.8,-0.162,0.599,-0.771,-0.023,-0.969,-0.666,-0.299,0.633,-6.435,0.427,-1.275,-0.283,-0.37,0.903,-0.214,1.45,0.466,-0.207,-0.286,1.011,0.298,8.366,0.282,0.083,-0.313,0.828,-0.061,3.305,0.511,btn_A
1780980002.3588676,-0.809,-0.165,0.6,-2.053,7.038,2.427,-0.672,-0.306,0.624,-7.023,1.542,0.252,-0.28,-0.392,0.871,1.023,2.656,1.366,-0.228,-0.28,0.995,-0.634,6.084,-0.817,0.078,-0.309,0.813,-3.611,-0.092,-0.466,btn_A
1780980002.4616206,-0.804,-0.163,0.594,-2.427,2.313,-1.137,-0.671,-0.304,0.632,-6.466,-1.076,0.008,-0.258,-0.35,0.925,-0.374,-2.756,0.298,-0.208,-0.292,0.995,-0.023,7.26,-0.771,0.074,-0.308,0.804,1.603,3.321,1.221,btn_A
1780980005.6672478,-0.804,-0.164,0.603,-1.099,1.626,-0.542,-0.667,-0.299,0.625,-6.176,0.328,-0.931,-0.283,-0.371,0.907,-0.794,1.435,0.573,-0.209,-0.302,0.995,-2.168,7.046,-0.695,0.082,-0.311,0.815,-0.076,1.832,-0.771,btn_A
1780980005.7667596,-0.804,-0.166,0.606,-0.603,1.344,-0.748,-0.671,-0.298,0.631,-6.313,0.87,-0.817,-0.284,-0.375,0.901,-0.466,0.252,0.58,-0.212,-0.304,0.992,0.992,7.229,0.031,0.08,-0.308,0.823,-1.107,2.504,-0.351,btn_A
1780980005.861435,-0.8,-0.163,0.599,-0.779,1.061,-0.855,-0.667,-0.299,0.63,-6.092,0.351,-0.588,-0.285,-0.372,0.907,-0.504,1.649,1.076,0.014,-0.423,1.068,-6.74,-2.55,-19.519,0.09,-0.317,0.82,0.427,2.695,0.252,btn_A
1780980005.9730954,-0.802,-0.163,0.605,-0.702,1.443,0.198,-0.671,-0.307,0.631,-4.718,11.16,0.534,-0.278,-0.379,0.9,-0.901,3.794,1.374,-0.488,-0.78,2.0,214.359,19.748,74.481,0.107,-0.295,0.806,1.244,1.748,0.099,btn_A
1780980006.0671458,-0.801,-0.164,0.606,-2.489,-5.26,-2.931,-0.661,-0.285,0.632,-6.26,-2.527,-0.214,-0.304,-0.377,0.904,1.405,-2.573,-0.221,-0.235,-0.17,1.238,5.221,11.626,5.046,0.084,-0.301,0.825,8.786,-5.748,1.634,btn_A
1780980006.1804204,-0.802,-0.159,0.6,-2.122,0.817,-1.122,-0.682,-0.294,0.611,-7.038,-1.481,-0.832,-0.305,-0.374,0.903,-0.374,-2.26,0.0,-0.235,-0.105,1.092,4.443,5.443,3.634,0.071,-0.307,0.824,-0.695,3.076,-0.061,btn_A
1780980006.2794917,-0.805,-0.162,0.594,-0.26,2.611,0.809,-0.687,-0.29,0.596,-5.496,10.817,-0.099,-0.315,-0.371,0.898,0.206,3.626,1.42,-0.287,-0.096,1.225,49.458,-4.565,11.031,0.077,-0.308,0.822,0.214,4.687,0.115,btn_A
1780980006.3759716,-0.809,-0.161,0.6,-0.672,0.145,-1.076,-0.723,-0.285,0.535,-8.817,6.962,-1.42,-0.315,-0.382,0.917,4.756,19.198,5.26,-0.177,0.099,0.999,58.664,-1.046,2.16,0.074,-0.298,0.816,4.649,5.023,2.092,btn_A
1780980006.4798582,-0.802,-0.165,0.595,-1.412,2.527,0.58,-0.688,-0.29,0.621,-6.664,12.069,1.137,-0.361,-0.383,0.88,0.855,6.221,3.145,-0.266,0.149,1.042,47.206,-1.542,0.832,0.071,-0.31,0.827,4.885,5.137,1.824,btn_A
1780980006.583181,-0.805,-0.153,0.583,-1.084,1.252,-0.916,-0.729,-0.331,0.606,-6.038,3.031,0.023,-0.316,-0.331,0.772,-4.55,9.206,0.191,-0.149,0.241,0.971,14.176,10.771,-3.275,0.062,-0.29,0.821,2.931,5.496,2.031,btn_A
1780980006.698102,-0.808,-0.158,0.581,-1.611,2.321,-0.153,-0.718,-0.291,0.576,-7.511,3.29,0.565,-0.354,-0.366,0.895,0.26,5.725,3.382,-0.149,0.221,1.002,22.382,8.191,-3.748,0.053,-0.293,0.835,1.466,4.855,0.794,btn_A
1780980006.7881982,-0.82,-0.153,0.585,0.603,2.939,1.153,-0.726,-0.289,0.567,-6.573,1.328,-0.366,-0.405,-0.398,0.946,-1.84,0.855,4.076,-0.166,0.155,1.164,55.916,-5.924,-3.748,0.069,-0.299,0.829,1.901,4.725,2.29,btn_A
1780980006.8907833,-0.804,-0.158,0.591,-0.855,1.542,-0.137,-0.731,-0.289,0.556,-6.977,-1.046,-0.786,-0.384,-0.34,0.9,-1.618,4.786,3.679,-0.27,0.275,0.953,10.435,9.115,-4.206,0.052,-0.284,0.821,0.099,5.763,0.924,btn_A
1780980006.9937372,-0.82,-0.137,0.579,-0.985,3.191,0.076,-0.734,-0.28,0.555,-6.45,4.328,-0.481,-0.384,-0.356,0.872,0.664,4.733,0.099,-0.238,0.279,1.023,2.099,3.458,1.504,0.051,-0.288,0.828,-6.115,0.565,-0.802,btn_A
1780980007.097005,-0.816,-0.147,0.578,-0.924,1.244,-0.519,-0.733,-0.281,0.548,-6.145,0.443,-0.557,-0.405,-0.346,0.858,-1.71,-4.527,-1.099,-0.205,0.29,1.079,1.534,4.252,1.969,0.058,-0.286,0.836,-5.038,0.519,-0.305,btn_A
1780980007.1999638,-0.822,-0.153,0.583,-0.664,0.214,-1.901,-0.718,-0.292,0.579,-6.115,1.282,-0.237,-0.378,-0.356,0.869,0.901,3.359,1.924,-0.252,0.318,0.958,1.458,7.298,-4.008,0.045,-0.28,0.822,-0.29,1.153,-0.359,btn_A
1780980007.3030818,-0.825,-0.146,0.577,-0.427,2.588,0.206,-0.719,-0.286,0.563,-6.137,0.214,-0.779,-0.384,-0.355,0.867,-0.611,-0.679,0.885,-0.252,0.293,0.962,-2.053,3.687,-2.046,0.049,-0.291,0.824,-1.099,1.427,-0.351,btn_A
1780980007.4149055,-0.822,-0.154,0.577,-0.794,1.962,-1.336,-0.721,-0.291,0.562,-6.45,-0.321,-0.962,-0.379,-0.353,0.861,-0.595,-2.779,0.282,-0.205,0.293,0.968,-4.702,4.084,-2.13,0.062,-0.284,0.832,-1.84,2.618,-0.282,btn_A
1780980007.5148373,-0.817,-0.148,0.574,0.092,2.718,-1.038,-0.717,-0.293,0.567,-7.237,-5.504,-1.511,-0.378,-0.361,0.848,-1.878,-7.405,-2.802,-0.198,0.258,1.011,-13.275,3.229,2.656,0.059,-0.295,0.84,-1.718,0.618,-0.29,btn_A
1780980007.6177819,-0.818,-0.146,0.572,-0.412,1.137,-0.786,-0.713,-0.293,0.578,-5.595,5.435,0.534,-0.389,-0.354,0.869,0.802,3.061,1.863,-0.272,0.267,0.99,-1.214,6.038,1.198,0.059,-0.289,0.831,-2.168,0.939,-1.298,btn_A
1780980007.715153,-0.812,-0.151,0.591,-0.435,2.13,-0.71,-0.699,-0.289,0.575,-6.015,-1.427,-0.634,-0.372,-0.364,0.874,0.107,-3.16,-0.878,-0.238,0.265,0.958,-10.58,4.328,1.473,0.056,-0.29,0.831,-3.679,0.305,-1.275,btn_A
1780980007.8310077,-0.815,-0.157,0.591,-0.107,0.603,-1.939,-0.709,-0.295,0.591,-7.374,-2.13,-1.344,-0.36,-0.369,0.883,-2.092,-6.115,-2.328,-0.181,0.222,0.889,-45.779,14.573,-4.366,0.07,-0.3,0.819,-3.153,-1.611,-1.511,btn_A
1780980007.9335265,-0.816,-0.154,0.584,-0.878,-10.145,-5.214,-0.639,-0.303,0.67,-6.435,-7.634,0.87,-0.306,-0.38,0.889,1.748,-6.924,-1.687,-0.132,-0.034,1.511,11.534,5.763,0.038,0.082,-0.313,0.833,3.702,5.992,0.489,btn_A
1780980008.029804,-0.802,-0.161,0.598,-1.282,1.527,-1.901,-0.69,-0.303,0.598,-7.725,-13.206,-1.565,-0.317,-0.377,0.889,0.695,-11.695,-3.847,-0.063,0.088,0.736,-112.473,28.954,-12.71,0.066,-0.292,0.818,-8.168,1.519,-1.87,btn_A
1780980008.1338804,-0.818,-0.15,0.585,-0.298,2.863,-0.359,-0.687,-0.298,0.601,-6.053,-5.115,-0.618,-0.32,-0.372,0.893,-0.038,-7.084,-1.214,-0.198,0.071,0.544,-51.763,-4.191,-17.702,0.062,-0.314,0.818,-2.863,1.122,-0.672,btn_A
1780980008.2306159,-0.809,-0.163,0.591,-2.405,-4.305,-2.931,-0.642,-0.302,0.677,-5.748,10.832,0.878,-0.28,-0.378,0.903,2.779,4.305,1.573,-0.044,-0.072,0.623,3.527,14.198,-14.412,0.104,-0.314,0.802,7.802,-1.198,1.878,btn_A
1780980008.3456993,-0.803,-0.166,0.596,-2.855,-0.557,-2.198,-0.662,-0.298,0.686,-6.55,8.137,0.26,-0.279,-0.386,0.907,10.748,4.305,2.092,-0.079,-0.269,0.994,-1.847,6.763,0.206,0.085,-0.299,0.786,-4.557,4.137,-1.107,btn_A
1780980008.4468527,-0.803,-0.165,0.596,-0.756,2.573,-0.107,-0.672,-0.302,0.625,-6.786,0.496,-0.13,-0.277,-0.371,0.904,-0.382,-0.382,0.908,-0.187,-0.269,1.012,-0.84,3.786,-0.519,0.075,-0.312,0.823,-1.298,1.237,-0.145,btn_A
1780980008.5487063,-0.802,-0.163,0.599,-0.847,1.13,-1.443,-0.667,-0.299,0.627,-6.557,0.267,-0.008,-0.274,-0.374,0.914,-0.672,0.221,0.214,-0.19,-0.272,1.014,-0.405,5.344,-1.344,0.077,-0.319,0.817,-0.069,2.511,0.634,btn_A
1780980011.7331016,-0.809,-0.164,0.597,-0.74,1.305,-0.42,-0.67,-0.306,0.621,-6.489,0.496,-0.527,-0.278,-0.38,0.908,-0.405,-0.092,0.038,-0.177,-0.299,0.996,1.275,6.649,-0.351,0.075,-0.311,0.819,-0.382,2.542,-0.298,btn_A
1780980011.8491254,-0.808,-0.163,0.601,-1.557,1.046,-1.389,-0.671,-0.3,0.623,-6.458,0.275,-0.595,-0.279,-0.381,0.907,-0.13,-0.794,0.305,-0.175,-0.293,1.0,1.481,7.099,-0.397,0.068,-0.314,0.831,-0.534,2.145,-0.168,btn_A
1780980011.9382575,-0.806,-0.166,0.604,-0.962,1.511,-0.092,-0.674,-0.303,0.629,-6.626,0.885,-0.298,-0.281,-0.378,0.911,-0.832,0.206,0.038,-0.178,-0.289,1.011,1.382,6.389,-0.26,0.073,-0.312,0.828,-0.435,1.664,0.099,btn_A
1780980012.0479152,-0.802,-0.162,0.6,-1.061,2.122,-0.718,-0.672,-0.302,0.623,-6.603,1.023,-0.435,-0.28,-0.375,0.902,-0.351,0.42,0.221,-0.175,-0.293,1.0,1.076,7.023,-0.679,0.069,-0.32,0.818,-0.863,2.977,0.023,btn_A
1780980012.1465845,-0.802,-0.165,0.603,-1.046,0.885,-1.153,-0.67,-0.302,0.631,-6.679,0.427,-0.71,-0.281,-0.381,0.907,-0.145,-0.573,0.473,-0.179,-0.293,1.001,1.496,7.267,-0.962,0.069,-0.313,0.82,-0.061,1.817,0.0,btn_A
1780980012.2578478,-0.803,-0.165,0.596,-0.229,0.45,-0.351,-0.669,-0.302,0.627,-6.29,0.58,-0.656,-0.277,-0.377,0.911,-0.733,1.13,0.473,-0.179,-0.292,1.003,1.565,7.618,-0.55,0.073,-0.308,0.816,-0.641,2.695,0.099,btn_A
1780980012.358348,-0.804,-0.166,0.604,-1.389,1.168,-1.496,-0.66,-0.301,0.628,-6.58,0.733,-0.718,-0.278,-0.381,0.907,-0.511,0.092,0.45,-0.169,-0.293,1.022,1.481,6.046,-0.489,0.073,-0.309,0.812,0.275,2.557,-0.229,btn_A
1780980012.4635973,-0.821,-0.149,0.596,-0.756,8.405,0.252,-0.657,-0.297,0.646,-4.504,-6.802,1.687,-0.299,-0.378,0.911,1.672,4.71,6.275,-0.418,-0.105,0.796,-32.641,44.26,-38.374,0.078,-0.303,0.823,-5.458,3.069,-1.023,btn_A
1780980012.5650806,-0.798,-0.166,0.619,-2.206,-4.435,-1.626,-0.689,-0.275,0.589,-6.687,10.137,-0.137,-0.29,-0.368,0.907,0.397,9.137,2.855,-0.198,-0.193,0.932,66.237,10.794,19.855,0.083,-0.312,0.82,9.939,-5.145,1.443,btn_A
1780980012.6591353,-0.81,-0.16,0.595,-0.313,2.092,-0.366,-0.684,-0.285,0.631,-2.863,23.0,0.26,-0.278,-0.381,0.914,-1.389,21.901,3.122,-0.016,-0.152,1.084,189.305,-26.023,38.198,0.086,-0.321,0.823,6.153,7.74,1.74,btn_A
1780980012.763581,-0.799,-0.16,0.621,0.832,5.405,2.122,-0.701,-0.29,0.552,-6.58,2.748,-0.771,-0.32,-0.373,0.88,-0.542,-1.092,0.519,-0.083,0.127,1.091,43.802,-1.366,9.229,0.08,-0.3,0.831,-1.748,4.328,0.588,btn_A
1780980012.8654435,-0.809,-0.158,0.589,-1.542,1.565,-1.015,-0.705,-0.293,0.582,-6.405,-0.069,-1.252,-0.326,-0.373,0.897,-0.427,-3.145,0.366,-0.188,0.115,1.32,28.466,5.779,8.595,0.063,-0.304,0.846,1.779,1.328,1.511,btn_A
1780980012.9683647,-0.817,-0.154,0.586,-0.107,0.603,-1.168,-0.706,-0.292,0.589,-5.985,-2.977,-0.58,-0.334,-0.347,0.888,0.443,-0.817,1.015,-0.179,0.181,1.247,15.656,5.885,2.374,0.062,-0.296,0.83,2.031,1.634,1.282,btn_A
1780980013.0813062,-0.814,-0.157,0.595,-1.939,2.947,1.351,-0.718,-0.282,0.509,-6.29,18.084,0.237,-0.374,-0.367,0.882,10.817,34.702,17.977,-0.293,0.343,0.495,57.015,37.084,-19.847,0.053,-0.294,0.816,21.214,7.779,6.168,btn_A
1780980013.1742942,-0.81,-0.142,0.592,-0.84,1.321,-0.84,-0.727,-0.291,0.555,-6.435,0.779,-0.58,-0.389,-0.364,0.882,-2.153,1.542,0.542,-0.145,0.312,0.992,9.0,10.405,-1.313,0.039,-0.286,0.851,-2.0,6.443,-0.107,btn_A
1780980013.2779007,-0.817,-0.155,0.586,0.023,3.824,0.87,-0.711,-0.288,0.564,-6.595,-0.244,-0.237,-0.378,-0.361,0.87,0.832,4.496,3.275,-0.248,0.349,0.911,8.221,7.168,-3.511,0.038,-0.283,0.827,1.969,2.244,0.519,btn_A
1780980013.3805742,-0.818,-0.152,0.589,-1.634,0.931,-1.542,-0.709,-0.28,0.581,-7.397,2.458,-0.771,-0.389,-0.356,0.873,-0.664,1.595,0.664,-0.19,0.319,1.029,9.023,10.244,-2.069,0.056,-0.286,0.819,-1.282,2.473,0.13,btn_A
1780980013.496171,-0.814,-0.151,0.591,-0.237,3.145,-0.573,-0.726,-0.285,0.568,-6.55,-1.534,-0.298,-0.395,-0.356,0.867,-1.267,-2.786,-0.061,-0.178,0.309,1.029,3.565,4.496,-1.305,0.059,-0.296,0.839,-1.908,1.771,-0.634,btn_A
1780980013.5947044,-0.815,-0.151,0.587,-0.885,-0.802,-1.779,-0.719,-0.289,0.568,-6.0,-1.634,-0.779,-0.395,-0.353,0.858,-0.466,-2.107,-0.427,-0.201,0.326,0.968,-8.55,3.481,-3.374,0.068,-0.287,0.831,-2.71,2.29,-1.237,btn_A
1780980013.6955173,-0.819,-0.15,0.582,-0.832,0.435,-1.183,-0.718,-0.285,0.571,-6.458,-4.267,-1.13,-0.399,-0.342,0.855,-0.962,-7.16,-3.397,-0.221,0.331,0.945,-20.931,-2.878,2.374,0.053,-0.288,0.826,-1.046,-1.885,-0.534,btn_A
1780980013.7926018,-0.825,-0.148,0.575,-0.092,1.496,-0.115,-0.727,-0.284,0.566,-6.634,-4.779,-1.298,-0.404,-0.351,0.855,-0.893,-6.008,-3.099,-0.215,0.331,0.944,-17.45,-2.038,5.107,0.055,-0.293,0.83,-3.443,-1.115,-0.557,btn_A
1780980013.8953948,-0.807,-0.154,0.6,-1.763,1.855,-0.611,-0.721,-0.288,0.574,-6.656,-1.198,-0.992,-0.394,-0.353,0.871,-1.389,-1.649,-0.901,-0.213,0.315,0.969,-3.618,5.55,-0.351,0.05,-0.291,0.822,-3.0,3.992,-0.435,btn_A
1780980014.0131905,-0.818,-0.154,0.591,-0.427,1.137,-0.962,-0.715,-0.285,0.575,-6.382,-2.679,-1.405,-0.388,-0.35,0.858,-1.863,-6.229,-3.42,-0.256,0.316,0.856,-24.565,-0.992,2.0,0.068,-0.297,0.818,-2.046,0.191,-1.588,btn_A
1780980014.1109211,-0.811,-0.152,0.591,-0.863,0.985,-1.389,-0.709,-0.29,0.575,-6.855,-4.565,-0.962,-0.382,-0.362,0.875,-0.443,-6.55,-2.26,-0.224,0.295,0.902,-21.992,-1.313,1.389,0.06,-0.3,0.823,-2.298,-0.908,-1.771,btn_A
1780980014.2045996,-0.805,-0.159,0.6,-1.389,3.87,-0.214,-0.707,-0.297,0.598,-6.985,-1.267,-0.519,-0.368,-0.368,0.875,-0.817,-1.237,-1.237,-0.184,0.249,0.962,-13.573,4.901,0.046,0.058,-0.304,0.817,-3.321,0.947,-0.756,btn_A
1780980014.3077776,-0.816,-0.151,0.601,-1.191,-3.382,-3.527,-0.708,-0.266,0.569,-11.557,-25.588,-4.748,-0.348,-0.351,0.902,-2.527,-19.382,-6.344,-0.02,0.05,1.308,-4.511,5.443,-3.573,0.071,-0.319,0.827,0.206,5.496,0.191,btn_A
1780980014.411063,-0.807,-0.159,0.591,-0.473,-0.107,-1.321,-0.652,-0.301,0.65,-7.374,-4.649,-1.336,-0.333,-0.381,0.872,1.069,-6.527,-3.015,-0.147,0.072,0.733,-107.588,13.664,-17.679,0.079,-0.304,0.818,-5.634,1.389,-1.534,btn_A
1780980014.5133474,-0.806,-0.167,0.606,-1.374,0.855,-1.481,-0.67,-0.292,0.621,-7.626,-4.069,-0.855,-0.312,-0.375,0.895,0.58,-8.893,-1.924,-0.204,-0.217,0.983,-99.137,4.466,-45.099,0.075,-0.322,0.822,-2.145,3.687,-0.214,btn_A
1780980014.63129,-0.817,-0.165,0.581,-1.855,0.695,-1.458,-0.673,-0.296,0.613,-6.565,-1.588,-0.344,-0.289,-0.386,0.896,-3.863,-7.611,-2.214,-0.16,-0.254,1.025,0.702,1.794,-0.344,0.075,-0.32,0.825,-1.313,3.511,-0.305,btn_A
1780980017.9127722,-0.805,-0.167,0.592,-0.977,0.855,-1.031,-0.668,-0.303,0.627,-6.282,0.786,-0.733,-0.294,-0.383,0.901,0.084,-0.573,0.275,-0.162,-0.29,1.005,1.519,7.29,-0.321,0.073,-0.319,0.818,-0.84,3.145,0.099,btn_A
1780980018.028391,-0.806,-0.166,0.594,-0.221,1.649,-0.679,-0.67,-0.295,0.621,-6.313,1.099,-0.626,-0.286,-0.384,0.896,-0.252,-0.198,-0.351,-0.16,-0.298,1.007,1.282,6.634,-0.756,0.074,-0.315,0.821,-0.794,2.542,-0.107,btn_A
1780980018.1185627,-0.807,-0.163,0.593,-0.962,1.588,-0.687,-0.668,-0.299,0.622,-6.214,0.527,-0.969,-0.291,-0.386,0.901,-0.557,-0.176,-0.313,-0.16,-0.297,1.01,1.359,6.557,-0.427,0.076,-0.318,0.82,-0.573,2.412,-0.008,btn_A
1780980018.2285266,-0.806,-0.167,0.592,-1.466,1.534,-1.244,-0.672,-0.303,0.624,-6.664,0.443,-0.779,-0.292,-0.38,0.903,-0.687,0.023,0.046,-0.159,-0.3,1.008,1.611,6.977,-0.611,0.074,-0.315,0.815,-0.634,2.45,-0.061,btn_A
1780980018.3248403,-0.81,-0.171,0.597,-0.71,1.466,-0.237,-0.671,-0.3,0.626,-6.397,0.641,-0.458,-0.296,-0.38,0.9,-0.458,0.137,-0.427,-0.156,-0.298,1.01,1.153,7.244,-0.405,0.071,-0.317,0.815,-0.893,2.214,-0.664,btn_A
1780980018.4278045,-0.805,-0.166,0.596,-1.267,1.267,-0.649,-0.668,-0.302,0.625,-6.092,0.74,-0.198,-0.287,-0.381,0.909,-0.29,2.58,1.282,0.016,-0.49,1.265,-21.458,-7.282,-8.725,0.062,-0.315,0.825,-0.985,0.634,-2.382,btn_A
1780980018.530556,-0.817,-0.169,0.582,-0.679,-1.275,-1.137,-0.662,-0.285,0.662,-4.992,6.122,-0.985,-0.302,-0.381,0.901,-3.061,7.443,0.908,-0.158,-0.167,0.943,54.282,5.336,18.244,0.071,-0.321,0.828,1.695,2.26,0.351,btn_A
1780980018.6437962,-0.804,-0.16,0.602,-0.557,1.336,-0.878,-0.677,-0.293,0.609,-5.389,3.069,-0.267,-0.302,-0.379,0.902,1.427,2.145,-0.038,-0.196,-0.14,1.187,32.481,8.817,9.985,0.081,-0.313,0.82,-3.244,6.42,-0.328,btn_A
1780980018.7444131,-0.807,-0.159,0.591,-0.893,0.267,-0.992,-0.69,-0.293,0.591,-5.794,3.992,0.267,-0.311,-0.383,0.901,-1.893,-0.122,-0.305,-0.152,-0.028,1.057,34.313,6.42,8.603,0.079,-0.313,0.815,2.832,0.908,-0.069,btn_A
1780980018.8443985,-0.808,-0.161,0.597,-1.076,1.221,-0.053,-0.696,-0.296,0.599,-5.985,-0.038,-0.45,-0.312,-0.369,0.894,0.092,1.992,0.504,-0.205,-0.04,1.193,31.664,5.618,8.863,0.075,-0.306,0.827,-0.496,4.954,0.092,btn_A
1780980018.9429908,-0.806,-0.159,0.597,-0.939,1.038,-0.191,-0.687,-0.3,0.588,-6.847,-0.809,-0.603,-0.322,-0.376,0.902,1.359,4.809,1.779,-0.146,0.047,1.151,45.023,3.931,5.374,0.085,-0.307,0.823,2.878,4.969,1.412,btn_A
1780980019.0458767,-0.83,-0.157,0.571,-1.107,-2.908,-2.267,-0.695,-0.289,0.607,-6.87,-3.305,0.069,-0.312,-0.366,0.906,1.924,4.878,2.198,-0.086,0.099,1.061,35.908,12.489,1.137,0.071,-0.304,0.827,2.641,9.42,1.695,btn_A
1780980019.16387,-0.808,-0.155,0.594,-1.008,-0.328,-0.954,-0.697,-0.29,0.586,-6.046,7.534,-0.198,-0.335,-0.363,0.894,0.656,9.588,4.076,-0.106,0.221,0.993,35.504,13.046,-5.366,0.064,-0.297,0.825,3.374,6.046,2.023,btn_A
1780980019.2640712,-0.813,-0.159,0.588,-0.344,1.42,-0.641,-0.721,-0.284,0.561,-6.626,-0.053,-1.206,-0.367,-0.361,0.866,-1.252,3.87,1.733,-0.162,0.2,1.001,20.962,9.061,-0.969,0.068,-0.302,0.834,2.061,1.855,0.878,btn_A
1780980019.3609476,-0.809,-0.155,0.594,-1.031,-0.176,-0.656,-0.703,-0.295,0.588,-5.824,2.496,0.389,-0.351,-0.36,0.884,0.481,2.336,1.588,-0.152,0.236,1.017,17.824,9.641,-1.374,0.065,-0.297,0.823,1.641,2.855,0.779,btn_A
1780980019.459446,-0.814,-0.158,0.581,-0.588,1.145,-0.344,-0.703,-0.296,0.596,-5.779,6.137,-0.191,-0.35,-0.362,0.884,1.656,9.962,5.458,-0.176,0.262,1.006,27.641,15.817,-8.321,0.057,-0.304,0.828,4.191,4.351,1.763,btn_A
1780980019.5789347,-0.812,-0.153,0.586,-0.046,2.458,-0.664,-0.703,-0.292,0.588,-6.183,4.405,-0.168,-0.375,-0.359,0.884,-0.214,5.427,3.733,-0.125,0.266,1.082,33.015,13.947,-4.779,0.056,-0.303,0.827,0.405,2.115,1.71,btn_A
1780980019.6662645,-0.812,-0.158,0.592,-1.374,-0.366,-1.359,-0.709,-0.288,0.585,-6.191,0.458,-0.519,-0.367,-0.36,0.883,-0.321,3.389,2.015,-0.156,0.308,1.001,20.336,12.382,-3.267,0.069,-0.296,0.828,2.901,6.29,0.351,btn_A
1780980019.766628,-0.814,-0.154,0.595,-1.298,1.061,-0.824,-0.715,-0.285,0.573,-6.45,2.641,-0.221,-0.397,-0.349,0.871,-0.374,3.992,1.947,-0.194,0.316,0.99,12.74,12.779,-1.206,0.064,-0.302,0.83,1.817,0.656,1.015,btn_A
1780980019.8758922,-0.815,-0.149,0.587,-1.305,2.13,-1.107,-0.75,-0.321,0.586,-6.031,3.084,-1.137,-0.412,-0.334,0.817,4.321,15.374,4.58,-0.288,0.362,0.883,11.168,14.565,-2.42,0.052,-0.285,0.824,5.634,0.168,1.313,btn_A
1780980019.9768007,-0.814,-0.154,0.589,-0.771,2.656,-0.153,-0.722,-0.286,0.572,-6.191,3.458,0.557,-0.413,-0.344,0.857,1.855,6.0,2.023,-0.245,0.359,0.902,4.863,9.229,-0.847,0.051,-0.289,0.812,-1.031,2.084,0.137,btn_A
1780980020.075711,-0.813,-0.151,0.587,-0.84,1.015,-0.771,-0.723,-0.285,0.57,-6.282,0.649,-0.084,-0.41,-0.35,0.866,-0.626,-1.527,0.26,-0.208,0.331,0.993,3.198,6.771,1.244,0.064,-0.302,0.83,0.099,2.458,0.29,btn_A
1780980020.1787438,-0.817,-0.155,0.581,-1.298,1.885,-0.817,-0.719,-0.285,0.57,-6.802,1.588,-0.267,-0.411,-0.324,0.897,-0.969,-0.443,-1.374,-0.198,0.332,0.961,-1.321,5.595,1.153,0.058,-0.292,0.835,-1.763,1.13,0.221,btn_A
1780980020.2888525,-0.811,-0.159,0.594,-1.084,0.45,-0.695,-0.718,-0.286,0.563,-6.237,4.58,0.534,-0.416,-0.343,0.858,-0.252,3.305,0.763,-0.228,0.352,0.931,-0.557,8.313,1.588,0.053,-0.283,0.819,-1.153,1.847,0.229,btn_A
1780980020.3962944,-0.812,-0.149,0.585,-0.916,-0.099,-1.748,-0.718,-0.282,0.566,-6.573,-3.069,-1.031,-0.388,-0.355,0.871,-1.55,-3.641,-0.16,-0.185,0.358,0.931,2.649,7.542,-1.107,0.067,-0.296,0.829,2.649,4.695,0.412,btn_A
1780980020.495383,-0.816,-0.15,0.579,-0.679,1.817,-0.374,-0.723,-0.282,0.568,-6.298,-1.076,-0.229,-0.411,-0.345,0.858,-1.168,-4.237,-1.557,-0.246,0.35,0.914,-11.496,0.992,2.542,0.06,-0.292,0.832,-1.725,1.527,-0.435,btn_A
1780980020.5970585,-0.809,-0.164,0.596,-0.42,8.145,0.489,-0.702,-0.288,0.587,-7.603,-1.008,-0.954,-0.396,-0.358,0.86,-1.038,-2.328,-1.802,-0.233,0.304,0.934,-15.695,3.137,-0.397,0.048,-0.283,0.806,-8.931,5.168,-2.13,btn_A
1780980020.6941514,-0.812,-0.16,0.603,-0.878,-3.405,-4.611,-0.683,-0.302,0.609,-8.168,-26.802,-1.878,-0.301,-0.311,0.94,7.84,-19.618,-9.84,-0.025,0.121,0.379,-233.634,37.473,-19.802,0.096,-0.311,0.819,-5.534,-9.565,-2.695,btn_A
1780980020.7966702,-0.778,-0.172,0.624,-0.267,3.542,0.55,-0.675,-0.298,0.603,-7.969,1.481,1.427,-0.315,-0.374,0.891,-0.962,12.763,2.947,-0.206,-0.04,0.6,7.458,16.267,-1.634,0.084,-0.297,0.804,2.489,4.901,-0.008,btn_A
1780980023.989797,-0.804,-0.167,0.591,-1.229,0.916,-1.359,-0.665,-0.299,0.628,-6.496,0.901,-0.511,-0.296,-0.383,0.895,-0.183,0.298,0.198,-0.173,-0.295,1.007,1.328,6.489,-0.687,0.085,-0.318,0.819,-0.237,2.145,-0.031,btn_A
1780980024.0946739,-0.806,-0.163,0.598,-0.809,1.977,-0.847,-0.662,-0.3,0.619,-6.58,0.786,-0.435,-0.298,-0.386,0.902,-0.595,-0.137,-0.061,-0.173,-0.296,1.016,1.16,6.412,-0.588,0.073,-0.31,0.819,0.069,2.542,0.267,btn_A
1780980024.1961653,-0.811,-0.17,0.599,-1.282,1.511,-0.809,-0.673,-0.297,0.619,-6.412,0.099,-0.511,-0.292,-0.378,0.894,-0.191,0.061,-0.122,-0.175,-0.3,1.002,1.588,6.695,-0.664,0.074,-0.317,0.823,-0.908,2.557,-0.412,btn_A
1780980024.2987294,-0.806,-0.166,0.593,-1.267,1.092,-1.305,-0.675,-0.304,0.623,-6.107,0.359,-0.534,-0.294,-0.38,0.903,-0.099,0.221,-0.275,-0.174,-0.294,1.001,1.382,7.008,0.008,0.077,-0.317,0.817,-0.672,2.389,-0.008,btn_A
1780980024.4020512,-0.804,-0.164,0.597,-0.847,1.206,-0.565,-0.666,-0.3,0.625,-6.168,0.626,-0.168,-0.293,-0.379,0.894,-0.397,0.473,-0.42,-0.169,-0.294,0.993,1.695,6.435,-0.527,0.082,-0.318,0.819,-0.435,2.389,-0.359,btn_A
1780980024.511606,-0.806,-0.164,0.599,-1.16,1.176,-1.214,-0.668,-0.3,0.619,-6.802,0.489,-0.267,-0.292,-0.379,0.892,0.038,0.481,0.42,-0.178,-0.293,1.018,-3.298,7.137,-0.771,0.079,-0.317,0.815,-0.656,1.611,-0.855,btn_A
1780980024.6085198,-0.814,-0.173,0.601,2.168,-1.191,-0.443,-0.65,-0.296,0.62,-5.412,-5.626,-2.244,-0.271,-0.383,0.888,-1.366,-0.603,0.137,-0.184,-0.174,0.858,49.565,13.198,6.16,0.087,-0.311,0.812,-2.229,1.489,-0.534,btn_A
1780980024.7112195,-0.806,-0.167,0.598,-1.115,0.099,-0.992,-0.673,-0.288,0.624,-6.084,3.046,-0.389,-0.3,-0.368,0.902,-1.061,3.817,1.359,-0.178,-0.14,0.953,63.275,6.145,13.206,0.074,-0.312,0.833,2.359,2.298,-0.16,btn_A
1780980024.8139968,-0.81,-0.161,0.589,-0.687,0.71,-0.931,-0.685,-0.295,0.601,-6.626,4.214,-1.786,-0.286,-0.388,0.919,0.611,4.626,0.626,-0.15,-0.089,1.093,63.725,1.45,15.809,0.081,-0.314,0.822,0.122,5.641,-0.389,btn_A
1780980024.917353,-0.809,-0.161,0.596,-0.87,0.069,-0.519,-0.673,-0.301,0.63,-5.603,3.473,0.023,-0.3,-0.385,0.892,0.504,2.053,0.565,-0.165,-0.021,1.195,41.824,2.351,10.0,0.079,-0.318,0.82,2.473,3.664,0.229,btn_A
1780980025.0303001,-0.806,-0.163,0.594,-0.84,-0.176,-1.695,-0.685,-0.298,0.615,-6.931,-4.336,-1.046,-0.314,-0.381,0.893,-1.084,-3.389,-1.13,-0.185,-0.004,1.141,1.573,6.008,2.053,0.082,-0.307,0.812,0.458,1.542,0.168,btn_A
1780980025.130167,-0.802,-0.166,0.603,-1.145,0.481,-1.382,-0.685,-0.296,0.61,-6.664,1.74,-0.687,-0.311,-0.378,0.896,0.313,2.672,0.183,-0.2,0.016,1.085,8.71,9.817,1.29,0.067,-0.303,0.819,0.321,2.939,0.313,btn_A
1780980025.226798,-0.812,-0.159,0.595,-1.153,2.374,-0.389,-0.71,-0.292,0.589,-6.702,0.046,-0.878,-0.328,-0.376,0.887,1.069,-0.359,0.977,-0.216,0.062,1.092,17.809,2.985,5.145,0.081,-0.307,0.828,-0.359,1.809,0.29,btn_A
1780980025.3290348,-0.811,-0.156,0.595,-0.557,1.962,-0.237,-0.705,-0.283,0.566,-6.542,3.511,-0.412,-0.338,-0.338,0.902,-10.26,-4.42,-1.603,-0.209,0.105,1.104,23.802,-7.71,4.092,0.065,-0.298,0.827,-3.786,-1.527,-0.527,btn_A
1780980025.4318495,-0.81,-0.164,0.595,-0.374,3.481,0.489,-0.691,-0.306,0.618,-5.573,3.122,-0.565,-0.334,-0.372,0.871,-0.244,-0.87,0.191,-0.18,0.152,1.015,4.947,4.58,1.29,0.072,-0.305,0.832,-3.229,3.122,-0.26,btn_A
1780980025.543302,-0.812,-0.16,0.593,-1.26,2.595,-0.779,-0.705,-0.29,0.578,-6.756,-1.618,0.275,-0.347,-0.369,0.889,-1.046,-1.954,0.145,-0.189,0.148,1.135,8.084,4.26,2.16,0.069,-0.31,0.823,-2.115,0.656,0.183,btn_A
1780980025.6429732,-0.818,-0.157,0.587,-0.267,2.183,-0.595,-0.705,-0.294,0.579,-6.626,-0.511,-0.244,-0.353,-0.365,0.88,-1.275,-1.924,-0.511,-0.199,0.179,1.071,0.374,1.985,0.153,0.066,-0.305,0.831,-1.878,0.344,-0.267,btn_A
1780980025.741226,-0.812,-0.156,0.589,-1.397,1.733,-0.71,-0.709,-0.288,0.582,-7.031,-0.29,-0.252,-0.361,-0.361,0.878,-0.664,-1.649,0.153,-0.182,0.183,1.1,3.687,5.595,1.137,0.062,-0.294,0.817,-3.145,2.015,-0.656,btn_A
1780980025.8440742,-0.817,-0.154,0.589,-1.046,1.527,-0.992,-0.705,-0.289,0.584,-6.313,1.954,-0.481,-0.362,-0.364,0.872,-1.046,-1.565,0.084,-0.184,0.217,1.061,5.977,7.031,1.473,0.067,-0.297,0.828,-1.206,3.252,-0.046,btn_A
1780980025.9594877,-0.814,-0.156,0.593,-0.702,0.939,-0.183,-0.705,-0.291,0.583,-6.26,-1.0,-0.099,-0.356,-0.367,0.882,-1.092,-0.893,0.504,-0.161,0.224,1.085,10.374,7.405,0.191,0.073,-0.301,0.829,-0.435,2.519,0.458,btn_A
1780980026.061648,-0.818,-0.149,0.58,-1.275,0.122,-1.42,-0.714,-0.286,0.572,-6.466,2.626,-0.435,-0.359,-0.367,0.899,-1.244,-0.122,0.809,-0.178,0.226,1.096,12.313,8.634,1.542,0.073,-0.296,0.836,-0.588,2.496,0.252,btn_A
1780980026.1653748,-0.81,-0.161,0.589,-1.382,0.962,-0.893,-0.729,-0.29,0.568,-6.992,3.328,0.55,-0.377,-0.359,0.873,-0.046,2.557,1.511,-0.179,0.252,1.026,9.168,8.687,-1.87,0.061,-0.289,0.82,0.58,3.748,0.183,btn_A
1780980026.256064,-0.815,-0.161,0.592,-1.191,2.664,-0.183,-0.696,-0.288,0.594,-6.26,0.519,-0.511,-0.377,-0.363,0.865,-0.26,0.206,0.794,-0.199,0.278,0.974,2.344,6.802,-2.031,0.065,-0.293,0.828,0.473,2.489,0.16,btn_A
1780980026.3589504,-0.813,-0.155,0.584,-0.641,2.252,-0.771,-0.71,-0.29,0.572,-6.366,1.924,-0.443,-0.384,-0.355,0.866,-0.542,0.336,0.366,-0.224,0.277,0.974,-1.626,6.504,-0.053,0.071,-0.29,0.829,-3.092,2.557,-0.511,btn_A
1780980026.4620092,-0.81,-0.159,0.593,-0.45,4.733,0.71,-0.713,-0.289,0.581,-7.252,0.916,-0.687,-0.382,-0.358,0.863,-0.351,-1.573,0.26,-0.224,0.282,0.966,-3.794,4.069,-1.321,0.062,-0.285,0.818,-5.015,2.504,-0.542,btn_A
1780980026.57723,-0.813,-0.159,0.59,-1.053,1.878,-0.725,-0.706,-0.29,0.587,-6.481,-0.748,-1.42,-0.377,-0.36,0.879,-0.939,-1.763,-1.115,-0.199,0.253,1.03,-4.496,5.603,2.053,0.063,-0.289,0.82,-2.496,1.496,-0.107,btn_A
1780980026.6763148,-0.817,-0.16,0.59,-0.412,-0.206,-1.015,-0.7,-0.292,0.582,-6.214,5.565,-0.733,-0.377,-0.363,0.865,0.214,4.992,0.725,-0.227,0.252,1.017,0.344,10.794,-0.26,0.066,-0.289,0.813,-2.145,2.298,-0.275,btn_A
1780980026.7794592,-0.814,-0.154,0.586,-1.557,0.725,-1.824,-0.708,-0.288,0.577,-8.412,-16.595,-3.466,-0.374,-0.363,0.865,-9.252,-18.725,-7.305,-0.299,0.195,1.075,-72.198,-14.069,2.092,0.066,-0.294,0.806,-12.115,-2.885,-3.282,btn_A
1780980026.8740816,-0.805,-0.167,0.59,-1.107,-1.489,-3.45,-0.669,-0.307,0.636,-8.527,-27.359,-2.832,-0.342,-0.378,0.857,0.748,-33.214,-9.176,-0.208,-0.199,0.649,-250.137,28.779,-49.137,0.083,-0.314,0.822,-14.641,-4.389,-2.382,btn_A
1780980026.9770122,-0.81,-0.159,0.601,-0.542,5.649,0.565,-0.676,-0.298,0.613,-6.771,1.214,-0.809,-0.312,-0.369,0.882,-0.786,-3.664,-1.786,-0.35,-0.277,1.812,23.221,18.198,-4.771,0.097,-0.32,0.814,-9.71,6.542,-1.649,btn_A
1780980030.1769154,-0.806,-0.165,0.593,-0.847,1.496,-0.611,-0.673,-0.301,0.617,-6.443,0.626,-0.496,-0.298,-0.384,0.9,-0.534,0.565,0.29,-0.188,-0.307,0.994,1.244,6.702,-0.855,0.088,-0.318,0.826,-0.336,2.076,-0.023,btn_A
1780980030.2736447,-0.808,-0.164,0.6,-0.649,1.588,-1.046,-0.672,-0.303,0.62,-6.55,0.733,0.084,-0.296,-0.384,0.906,-0.076,0.191,0.344,-0.191,-0.312,0.993,1.389,7.191,-0.405,0.084,-0.316,0.82,-0.603,2.718,0.046,btn_A
1780980030.380073,-0.808,-0.163,0.597,-1.412,1.687,-0.656,-0.673,-0.303,0.618,-6.557,0.832,-0.29,-0.302,-0.381,0.892,-0.466,-0.137,0.069,-0.187,-0.31,0.997,1.076,6.763,0.031,0.076,-0.324,0.818,-0.748,2.573,-0.168,btn_A
1780980030.4798462,-0.806,-0.164,0.597,-1.015,1.107,-0.969,-0.671,-0.301,0.617,-6.588,1.031,-0.031,-0.299,-0.385,0.895,-0.168,0.305,0.031,-0.184,-0.31,0.994,1.71,6.725,-0.527,0.077,-0.322,0.812,-0.412,2.504,-0.336,btn_A
1780980030.5937946,-0.809,-0.168,0.596,-0.992,0.771,-0.74,-0.67,-0.301,0.614,-6.336,0.924,-0.107,-0.299,-0.386,0.903,-0.275,-0.084,0.504,-0.187,-0.315,0.991,1.405,7.137,-0.443,0.087,-0.319,0.824,-0.137,2.298,-0.176,btn_A
1780980030.685354,-0.811,-0.165,0.594,-1.0,1.221,-0.412,-0.67,-0.299,0.615,-6.214,0.794,0.168,-0.303,-0.385,0.906,0.282,-0.618,0.588,-0.191,-0.318,0.979,-2.565,8.618,-1.122,0.079,-0.316,0.812,-1.443,2.985,-0.298,btn_A
1780980030.7884493,-0.811,-0.163,0.599,0.779,0.992,-1.046,-0.631,-0.306,0.67,-4.496,13.916,1.626,-0.319,-0.388,0.832,-2.29,15.527,4.405,-0.149,-0.197,0.609,194.313,6.336,40.466,0.093,-0.318,0.825,13.496,2.679,2.359,btn_A
1780980030.8915126,-0.803,-0.17,0.596,-0.389,2.863,-0.137,-0.676,-0.298,0.619,-5.809,7.099,-0.229,-0.311,-0.387,0.892,0.29,2.634,1.176,-0.22,-0.121,1.151,6.305,6.328,-1.809,0.078,-0.304,0.821,-5.458,5.817,-0.458,btn_A
1780980030.9996598,-0.815,-0.16,0.586,-0.824,1.397,-0.901,-0.687,-0.301,0.612,-6.153,0.855,-0.015,-0.32,-0.387,0.885,-0.076,-1.573,0.191,-0.26,-0.154,1.269,24.122,6.305,9.023,0.087,-0.308,0.815,0.099,1.603,0.321,btn_A
1780980031.1072156,-0.808,-0.172,0.593,-0.443,4.443,1.13,-0.692,-0.293,0.58,-5.275,11.328,1.351,-0.335,-0.377,0.912,3.542,9.565,2.58,-0.233,-0.003,1.113,51.443,0.534,10.954,0.077,-0.31,0.822,1.672,2.366,0.733,btn_A
1780980031.210507,-0.813,-0.159,0.585,-1.214,2.397,0.26,-0.695,-0.301,0.605,-5.985,8.489,1.305,-0.349,-0.375,0.882,1.0,-3.534,1.023,-0.17,0.088,1.028,27.221,5.45,1.176,0.064,-0.303,0.827,-2.695,3.282,-0.374,btn_A
1780980031.3113656,-0.812,-0.151,0.597,0.519,3.664,-0.038,-0.685,-0.289,0.606,-5.885,0.641,0.908,-0.342,-0.369,0.901,1.511,4.603,2.916,-0.214,0.169,0.958,22.0,5.511,-1.573,0.058,-0.29,0.817,0.641,0.656,0.595,btn_A
1780980031.4062815,-0.811,-0.161,0.588,-1.244,2.183,-0.489,-0.705,-0.294,0.587,-6.313,3.321,-0.71,-0.353,-0.374,0.886,-0.305,2.206,0.336,-0.157,0.156,1.047,14.084,8.84,2.763,0.065,-0.301,0.829,-0.656,3.809,0.534,btn_A
1780980031.509356,-0.813,-0.158,0.588,-0.824,1.344,-0.901,-0.702,-0.303,0.606,-6.046,1.008,-1.344,-0.358,-0.369,0.88,0.206,3.634,1.405,-0.224,0.17,1.009,16.649,9.611,1.344,0.071,-0.301,0.83,1.191,4.519,0.328,btn_A
1780980031.6238458,-0.809,-0.152,0.586,-1.023,2.489,0.237,-0.708,-0.286,0.562,-7.031,3.565,-0.748,-0.354,-0.368,0.868,4.824,8.802,4.779,-0.238,0.202,0.945,24.824,4.282,-5.16,0.063,-0.295,0.819,2.786,3.389,0.802,btn_A
1780980031.7151935,-0.821,-0.16,0.584,-0.87,3.038,0.359,-0.719,-0.295,0.579,-6.107,1.0,-0.58,-0.37,-0.369,0.871,0.145,-0.168,0.718,-0.144,0.157,1.195,17.962,4.153,-1.817,0.066,-0.304,0.833,-1.649,0.527,0.321,btn_A
1780980031.818747,-0.814,-0.158,0.58,-0.534,1.847,-0.756,-0.687,-0.294,0.558,-6.763,2.336,0.252,-0.371,-0.37,0.894,0.282,5.603,1.817,-0.207,0.217,1.06,16.0,8.687,-3.221,0.065,-0.285,0.816,-1.183,3.42,-0.168,btn_A
1780980031.921173,-0.817,-0.16,0.584,-0.901,3.214,-0.305,-0.717,-0.299,0.588,-5.298,4.748,-0.687,-0.369,-0.367,0.879,1.618,7.405,3.695,-0.18,0.246,1.052,22.176,9.924,-8.382,0.057,-0.298,0.835,2.992,2.473,1.16,btn_A
1780980032.0244002,-0.814,-0.156,0.58,-1.099,-1.008,-1.664,-0.712,-0.294,0.584,-5.84,0.527,-0.237,-0.382,-0.361,0.875,0.977,3.366,1.641,-0.198,0.261,1.017,8.053,11.542,-3.74,0.054,-0.294,0.828,3.374,4.13,0.786,btn_A
1780980032.1276004,-0.819,-0.156,0.588,-1.137,-0.382,-0.794,-0.718,-0.291,0.566,-6.176,1.611,0.031,-0.391,-0.362,0.873,0.145,3.031,1.473,-0.192,0.271,1.056,10.969,9.695,-3.481,0.062,-0.297,0.832,1.618,3.313,1.008,btn_A
1780980032.2308395,-0.819,-0.154,0.588,-1.214,1.771,-1.053,-0.718,-0.288,0.565,-6.13,-1.053,-0.198,-0.401,-0.356,0.868,-1.328,-1.527,-1.16,-0.199,0.245,1.135,2.405,5.885,0.107,0.06,-0.289,0.839,-1.382,2.84,0.076,btn_A
1780980032.3485043,-0.818,-0.153,0.582,-1.0,-0.931,-1.74,-0.722,-0.288,0.567,-5.962,1.145,-0.191,-0.379,-0.358,0.872,-0.794,1.405,0.099,-0.199,0.3,0.993,3.305,9.511,-1.015,0.064,-0.287,0.828,1.092,2.382,0.252,btn_A
1780980032.4445646,-0.819,-0.152,0.582,-1.069,0.832,-1.511,-0.714,-0.292,0.574,-5.725,2.565,0.908,-0.4,-0.356,0.866,0.786,3.618,0.718,-0.252,0.303,1.003,3.176,9.542,0.214,0.059,-0.287,0.822,0.924,0.924,0.092,btn_A
1780980032.5392482,-0.817,-0.152,0.583,-0.634,0.763,-2.168,-0.725,-0.288,0.556,-7.282,-6.786,-1.382,-0.41,-0.358,0.852,-1.382,-11.374,-5.809,-0.292,0.359,0.731,-45.084,-3.252,6.336,0.055,-0.291,0.818,-5.366,0.023,-1.611,btn_A
1780980032.6423407,-0.81,-0.145,0.594,-3.107,-11.504,-6.71,-0.677,-0.318,0.6,-8.328,-21.832,-4.382,-0.278,-0.394,0.9,-2.817,-11.794,-6.137,-0.054,-0.074,1.697,-15.977,-0.847,2.313,0.086,-0.32,0.83,2.298,7.947,0.695,btn_A
1780980032.7580218,-0.806,-0.163,0.59,-0.802,0.489,-1.786,-0.688,-0.297,0.601,-6.214,2.008,-0.069,-0.332,-0.382,0.884,-0.794,5.45,0.282,-0.211,0.066,1.037,-2.756,11.542,-0.573,0.074,-0.303,0.819,-0.733,5.214,-0.26,btn_A
1780980032.8487723,-0.812,-0.159,0.598,-0.603,2.084,-0.267,-0.689,-0.3,0.594,-5.756,6.504,0.595,-0.331,-0.384,0.887,-0.328,3.366,1.382,-0.19,0.072,0.986,14.313,7.344,-5.237,0.067,-0.307,0.828,2.855,2.183,0.794,btn_A
1780980032.955573,-0.812,-0.162,0.585,-0.969,1.924,-1.244,-0.7,-0.294,0.591,-6.42,-5.282,-1.427,-0.319,-0.383,0.892,-0.229,-0.947,1.252,-0.18,0.02,1.23,26.389,5.084,-12.893,0.081,-0.312,0.837,1.611,4.634,1.298,btn_A
1780980033.0615332,-0.799,-0.165,0.607,-0.282,2.198,-2.618,-0.699,-0.315,0.621,-6.336,-14.084,0.023,-0.341,-0.376,0.881,-2.191,-19.832,-5.092,-0.286,-0.017,0.735,-166.359,22.55,-14.275,0.071,-0.302,0.804,-10.893,2.55,-2.42,btn_A
1780980036.2474458,-0.81,-0.169,0.588,-0.634,1.351,-0.313,-0.678,-0.3,0.608,-6.405,0.802,-0.725,-0.304,-0.391,0.89,-0.359,0.809,0.29,-0.189,-0.312,1.0,1.58,6.969,-0.458,0.078,-0.319,0.822,-0.55,2.405,-0.298,btn_A
1780980036.3504171,-0.808,-0.165,0.592,-1.29,1.366,-1.389,-0.679,-0.302,0.613,-6.13,0.42,-0.847,-0.303,-0.389,0.893,-0.718,0.328,-0.519,-0.184,-0.308,0.998,1.359,6.748,-0.519,0.087,-0.316,0.822,-0.458,2.542,-0.046,btn_A
1780980036.4630601,-0.81,-0.164,0.593,-0.58,1.473,-0.74,-0.678,-0.299,0.617,-6.244,0.244,-1.092,-0.302,-0.387,0.891,-0.344,-0.183,0.237,-0.19,-0.308,0.994,1.626,7.237,-0.519,0.082,-0.315,0.82,-0.748,2.183,-0.206,btn_A
1780980036.566309,-0.81,-0.165,0.588,-0.962,1.779,-0.924,-0.673,-0.304,0.619,-5.763,0.42,-1.015,-0.3,-0.39,0.89,-0.191,-0.58,-0.237,-0.19,-0.31,0.997,1.435,6.664,-0.74,0.079,-0.316,0.824,-0.588,2.237,0.008,btn_A
1780980036.66095,-0.807,-0.167,0.592,-0.901,1.45,-0.962,-0.676,-0.301,0.614,-6.328,0.313,-0.466,-0.302,-0.389,0.888,-0.519,0.26,-0.321,-0.186,-0.308,1.002,1.374,7.069,-0.42,0.082,-0.319,0.816,-0.542,2.603,-0.176,btn_A
1780980036.7764475,-0.812,-0.169,0.596,-0.641,1.267,-0.618,-0.672,-0.304,0.618,-6.473,0.466,-0.656,-0.301,-0.391,0.892,-0.214,-0.168,-0.366,-0.187,-0.309,0.999,1.45,6.908,-0.519,0.079,-0.317,0.816,-0.374,2.168,0.214,btn_A
1780980036.8769844,-0.809,-0.169,0.589,-1.076,1.29,-0.916,-0.678,-0.302,0.618,-6.061,0.779,-0.458,-0.302,-0.39,0.886,0.206,-0.008,-0.313,-0.187,-0.307,0.991,1.221,6.023,-0.405,0.08,-0.316,0.824,-0.794,2.328,-0.168,btn_A
1780980036.9767835,-0.804,-0.166,0.594,-0.336,1.985,-0.023,-0.68,-0.304,0.623,-4.931,8.817,0.267,-0.292,-0.368,0.889,-1.229,4.427,0.664,-0.25,-0.499,1.787,114.634,50.359,47.695,0.101,-0.327,0.809,-1.313,5.786,-1.115,btn_A
1780980037.0761976,-0.809,-0.164,0.601,-1.015,-0.183,-1.092,-0.702,-0.301,0.595,-5.985,3.0,0.069,-0.311,-0.384,0.885,-0.527,0.542,0.145,-0.191,-0.128,0.963,3.962,10.656,1.534,0.079,-0.308,0.813,2.519,1.611,0.008,btn_A
1780980037.1794875,-0.809,-0.167,0.594,-0.824,4.008,-0.252,-0.696,-0.295,0.582,-6.008,6.763,0.771,-0.329,-0.391,0.879,0.985,5.534,1.565,-0.218,-0.06,0.981,40.229,4.618,9.855,0.074,-0.308,0.822,-0.008,2.878,-0.29,btn_A
1780980037.277982,-0.807,-0.162,0.595,-0.824,4.771,1.076,-0.699,-0.297,0.585,-6.458,6.939,1.511,-0.334,-0.385,0.871,2.588,6.916,1.939,-0.196,0.057,0.956,41.107,2.748,10.336,0.064,-0.302,0.824,-0.305,5.931,-0.336,btn_A
1780980037.393738,-0.812,-0.153,0.591,-1.313,2.191,-0.26,-0.697,-0.308,0.591,-6.061,5.695,1.145,-0.366,-0.366,0.873,-0.45,5.847,3.328,-0.156,0.107,0.965,36.756,13.382,4.954,0.073,-0.301,0.83,-0.191,5.183,0.305,btn_A
1780980037.494635,-0.812,-0.155,0.591,-0.687,4.473,1.588,-0.708,-0.293,0.562,-5.137,12.427,2.824,-0.361,-0.36,0.873,0.321,10.527,5.237,-0.23,0.167,0.942,30.763,13.557,-2.679,0.072,-0.29,0.817,-2.389,4.771,-0.092,btn_A
1780980037.5948198,-0.807,-0.156,0.583,-0.71,2.687,-0.107,-0.719,-0.294,0.55,-5.374,9.298,1.443,-0.372,-0.363,0.87,1.794,6.511,3.168,-0.224,0.202,1.002,16.885,6.557,-4.603,0.064,-0.295,0.824,0.0,1.015,0.305,btn_A
1780980037.6900034,-0.813,-0.161,0.583,-1.374,2.847,0.099,-0.721,-0.29,0.563,-6.519,2.702,-0.313,-0.379,-0.36,0.871,0.229,6.992,4.031,-0.269,0.239,0.914,14.29,1.954,-0.359,0.053,-0.292,0.82,0.282,2.649,0.137,btn_A
1780980037.7925844,-0.806,-0.155,0.596,-0.496,5.954,1.305,-0.735,-0.303,0.56,-9.863,-0.038,-1.733,-0.392,-0.362,0.848,0.267,0.962,3.206,-0.219,0.282,0.915,11.718,8.511,-2.481,0.061,-0.296,0.829,-1.382,1.71,-0.366,btn_A
1780980037.9139378,-0.82,-0.158,0.586,-0.565,1.901,-0.023,-0.713,-0.291,0.57,-6.573,-2.756,-0.565,-0.385,-0.359,0.868,-0.885,-3.198,-0.794,-0.173,0.259,1.051,-2.573,4.092,1.588,0.055,-0.294,0.836,-1.786,-0.679,-0.336,btn_A
1780980037.9984179,-0.814,-0.155,0.584,-1.55,-0.16,-0.748,-0.718,-0.289,0.558,-6.359,0.687,-0.992,-0.393,-0.355,0.862,-1.511,-2.855,-1.008,-0.206,0.297,0.948,-8.29,4.931,0.947,0.061,-0.3,0.826,-0.771,1.794,-0.053,btn_A
1780980038.1073394,-0.82,-0.153,0.586,-0.962,1.496,-1.145,-0.714,-0.291,0.582,-6.13,2.534,-0.382,-0.386,-0.361,0.857,0.229,-0.603,0.702,-0.221,0.294,0.955,0.489,5.87,0.221,0.056,-0.297,0.823,1.55,-0.58,0.496,btn_A
1780980038.2045448,-0.817,-0.156,0.579,-1.382,1.573,-0.893,-0.716,-0.289,0.565,-5.0,9.588,0.282,-0.383,-0.338,0.876,2.809,17.008,6.588,-0.276,0.267,0.792,33.229,20.344,-7.038,0.061,-0.281,0.815,7.298,5.557,2.29,btn_A
1780980038.3078282,-0.805,-0.16,0.594,-1.206,1.473,-0.802,-0.708,-0.292,0.569,-6.198,8.191,1.252,-0.401,-0.362,0.868,-0.061,9.603,2.779,-0.218,0.301,0.93,7.527,14.321,-0.733,0.057,-0.29,0.826,1.145,4.84,0.145,btn_A
1780980038.410782,-0.818,-0.156,0.583,-0.786,1.847,-0.969,-0.716,-0.296,0.57,-6.344,-1.802,-1.145,-0.378,-0.367,0.877,-0.542,-1.977,0.153,-0.19,0.301,0.983,4.71,6.71,-1.863,0.055,-0.302,0.837,1.817,2.634,0.176,btn_A
1780980038.527219,-0.814,-0.154,0.581,0.16,2.878,-0.557,-0.718,-0.289,0.575,-7.099,-2.656,-1.55,-0.387,-0.363,0.861,-0.748,-3.733,-1.603,-0.184,0.206,1.226,-2.634,2.206,0.87,0.052,-0.292,0.842,-5.649,0.611,-0.595,btn_A
1780980038.624848,-0.812,-0.159,0.587,-0.336,-0.58,-2.427,-0.723,-0.292,0.567,-6.817,-5.122,-2.13,-0.393,-0.368,0.861,-1.092,-4.58,-3.336,-0.246,0.329,0.777,-30.855,0.611,1.847,0.058,-0.29,0.814,-4.229,1.511,-1.74,btn_A
1780980038.7195332,-0.789,-0.164,0.617,-1.107,5.863,-0.74,-0.68,-0.294,0.608,-9.244,-4.649,-0.511,-0.377,-0.377,0.853,-1.313,-6.183,-4.237,-0.228,0.253,0.576,-123.756,26.511,-21.763,0.059,-0.295,0.813,-7.382,0.947,-3.282,btn_A
1780980038.8232672,-0.8,-0.172,0.605,0.069,9.504,2.611,-0.699,-0.302,0.577,-5.985,18.221,0.069,-0.325,-0.39,0.881,0.145,19.847,3.13,-0.285,0.049,0.873,8.473,10.366,-0.557,0.064,-0.285,0.802,-6.863,4.664,-1.573,btn_A
1780980038.9256678,-0.811,-0.159,0.591,-1.061,0.069,-1.366,-0.674,-0.289,0.63,-6.183,-4.481,-0.275,-0.324,-0.381,0.894,1.031,-8.115,-2.374,-0.165,0.001,0.911,-48.366,9.412,-8.45,0.079,-0.307,0.819,2.122,-2.763,0.359,btn_A
1780980039.0422678,-0.867,-0.097,0.604,-7.527,0.443,-5.282,-0.686,-0.307,0.616,-8.519,-9.695,-3.489,0.003,-0.485,1.085,-25.779,0.427,-2.969,-1.469,-0.472,2.0,21.191,43.626,2.252,-0.007,-0.345,0.911,13.901,15.679,1.969,btn_A
1780980039.1457691,-0.806,-0.165,0.598,-0.42,4.756,0.176,-0.678,-0.308,0.612,-6.519,3.939,-0.267,-0.298,-0.382,0.888,-1.901,1.183,0.458,-0.166,-0.281,1.013,-1.824,7.015,-0.878,0.084,-0.312,0.814,-7.214,10.344,-1.038,btn_A
1780980042.4277568,-0.814,-0.162,0.589,-1.527,1.611,-0.824,-0.681,-0.306,0.609,-6.756,0.695,-0.145,-0.307,-0.391,0.888,-0.382,-0.573,0.389,-0.168,-0.311,0.995,1.542,6.42,-0.756,0.08,-0.32,0.817,-0.198,1.87,0.038,btn_A
1780980042.5308573,-0.807,-0.171,0.588,-0.939,0.908,-1.191,-0.682,-0.309,0.603,-6.595,0.519,-0.893,-0.304,-0.394,0.889,-0.389,0.244,-0.412,-0.163,-0.311,1.0,1.305,7.374,-0.687,0.077,-0.323,0.818,-0.786,2.824,-0.053,btn_A
1780980042.643662,-0.811,-0.166,0.581,-0.893,0.947,-0.42,-0.681,-0.307,0.61,-6.053,0.557,-0.855,-0.305,-0.39,0.891,-0.229,0.16,0.038,-0.168,-0.308,0.999,1.634,6.794,-0.137,0.08,-0.323,0.822,-0.412,1.771,0.107,btn_A
1780980042.7422838,-0.812,-0.168,0.593,-0.756,1.13,-0.29,-0.682,-0.311,0.613,-6.198,0.328,-0.893,-0.306,-0.39,0.9,-0.061,-0.069,0.336,-0.169,-0.308,1.005,1.382,7.626,-0.191,0.078,-0.32,0.821,-0.198,2.26,0.481,btn_A
1780980042.8399858,-0.811,-0.165,0.59,-0.382,2.099,-0.58,-0.682,-0.309,0.612,-6.672,0.611,-0.55,-0.304,-0.389,0.894,-0.45,0.382,-0.137,-0.172,-0.316,1.001,1.565,6.351,-0.878,0.082,-0.323,0.821,-0.641,2.458,-0.412,btn_A
1780980042.945114,-0.818,-0.158,0.585,-1.176,0.412,-0.611,-0.684,-0.311,0.636,-6.718,-1.679,0.45,-0.296,-0.404,0.862,1.672,21.405,3.0,-0.059,-0.16,0.643,126.282,-3.557,30.718,0.069,-0.312,0.824,6.885,-1.924,0.366,btn_A
1780980043.0567336,-0.815,-0.164,0.588,0.069,3.466,0.252,-0.704,-0.307,0.607,-5.359,1.931,-0.038,-0.328,-0.393,0.879,0.099,2.832,0.656,-0.239,-0.018,0.984,47.504,0.061,15.809,0.078,-0.308,0.827,-6.672,10.023,-1.107,btn_A
1780980043.159507,-0.811,-0.166,0.587,-0.237,3.641,0.763,-0.687,-0.299,0.602,-6.061,6.618,0.664,-0.354,-0.39,0.876,0.092,8.656,2.313,-0.224,0.056,0.982,36.374,6.885,4.763,0.063,-0.291,0.803,2.244,5.237,0.519,btn_A
1780980043.2585237,-0.81,-0.165,0.586,-1.214,0.489,-1.061,-0.688,-0.305,0.604,-6.588,0.328,-0.198,-0.348,-0.374,0.883,-0.74,4.595,1.443,-0.206,0.058,1.136,26.565,10.931,1.168,0.071,-0.305,0.827,2.542,4.725,0.817,btn_A
1780980043.3581045,-0.811,-0.16,0.583,-0.458,2.008,-0.656,-0.696,-0.292,0.598,-5.832,4.916,0.198,-0.337,-0.377,0.892,1.679,4.908,2.588,-0.129,0.088,1.166,50.252,5.931,0.176,0.077,-0.308,0.829,5.328,6.496,1.641,btn_A
1780980043.458101,-0.818,-0.159,0.583,-1.046,0.046,-1.481,-0.702,-0.297,0.591,-5.542,3.145,0.076,-0.343,-0.379,0.884,2.053,4.214,2.885,-0.084,0.12,0.964,55.588,16.489,1.664,0.08,-0.316,0.822,5.13,5.069,2.099,btn_A
1780980043.575803,-0.813,-0.166,0.59,-0.893,2.122,-0.992,-0.71,-0.302,0.593,-6.405,3.649,-0.237,-0.375,-0.402,0.855,6.282,7.779,4.58,-0.173,0.248,0.966,32.847,7.511,-4.176,0.056,-0.298,0.828,2.321,3.748,1.351,btn_A
1780980043.6785116,-0.821,-0.159,0.587,-0.634,2.947,1.275,-0.711,-0.296,0.571,-6.557,4.893,0.58,-0.371,-0.366,0.857,1.13,5.115,2.076,-0.192,0.277,0.962,13.221,10.206,-0.366,0.058,-0.292,0.826,-0.221,2.328,-0.153,btn_A
1780980043.7737646,-0.815,-0.152,0.576,-1.649,2.084,0.122,-0.707,-0.281,0.569,-7.321,4.817,0.405,-0.51,-0.423,1.159,-4.977,3.374,3.771,-0.227,0.328,0.863,16.954,11.832,-1.122,0.058,-0.285,0.828,3.061,5.878,0.794,btn_A
1780980043.8758254,-0.826,-0.154,0.58,-1.061,2.885,0.504,-0.72,-0.29,0.554,-6.771,0.382,-0.191,-0.385,-0.36,0.867,-0.603,0.031,0.153,-0.2,0.3,0.984,-2.092,4.786,-0.565,0.058,-0.295,0.823,-1.298,2.176,-0.053,btn_A
1780980043.9732158,-0.818,-0.156,0.581,-0.901,3.809,-0.305,-0.725,-0.291,0.562,-6.832,1.092,-0.641,-0.383,-0.369,0.868,0.023,0.969,1.916,-0.213,0.299,0.979,4.55,6.618,-2.649,0.057,-0.292,0.815,-0.947,2.656,-0.176,btn_A
1780980044.0758934,-0.813,-0.153,0.586,-0.748,0.603,-1.298,-0.712,-0.298,0.561,-5.962,5.542,0.443,-0.393,-0.371,0.863,-0.496,5.099,2.42,-0.202,0.274,1.067,14.481,12.26,-2.794,0.06,-0.292,0.832,-1.542,2.0,0.504,btn_A
1780980044.194839,-0.821,-0.156,0.573,-0.099,1.046,-0.099,-0.709,-0.301,0.582,-5.954,3.267,-0.107,-0.377,-0.37,0.869,1.893,7.427,4.053,-0.231,0.302,0.969,8.71,11.107,-8.0,0.057,-0.291,0.812,2.634,0.939,0.0,btn_A
1780980044.281988,-0.817,-0.149,0.58,-1.511,1.214,-1.588,-0.723,-0.293,0.564,-6.305,-0.061,0.229,-0.385,-0.366,0.872,-0.466,-1.099,0.16,-0.197,0.297,0.967,-3.099,4.893,-2.115,0.054,-0.296,0.828,-0.924,1.695,-0.473,btn_A
1780980044.3846078,-0.816,-0.161,0.578,-0.87,1.069,-0.756,-0.72,-0.295,0.576,-6.298,2.473,0.71,-0.386,-0.367,0.869,0.176,1.183,0.809,-0.221,0.295,0.986,-2.916,6.008,-1.511,0.056,-0.287,0.819,-2.641,1.336,-0.74,btn_A
1780980044.4942484,-0.819,-0.151,0.582,0.008,2.244,-1.183,-0.716,-0.295,0.567,-6.282,2.321,-0.176,-0.383,-0.37,0.872,-0.901,-1.74,-0.359,-0.205,0.275,1.007,-6.962,4.076,-2.061,0.059,-0.3,0.829,-3.565,1.664,-0.466,btn_A
1780980044.5911636,-0.815,-0.16,0.586,-0.702,2.405,-1.832,-0.711,-0.303,0.572,-6.962,-7.924,-1.542,-0.372,-0.372,0.866,-3.092,-11.336,-4.405,-0.213,0.247,0.844,-47.588,-4.496,-4.511,0.06,-0.308,0.824,-4.466,-2.649,-1.802,btn_A
1780980044.6942656,-0.815,-0.156,0.59,-0.092,2.275,-0.466,-0.709,-0.313,0.608,-6.107,-1.473,-0.237,-0.354,-0.389,0.875,-1.794,-7.076,-2.084,-0.114,0.188,0.877,-53.977,1.664,-25.252,0.071,-0.303,0.83,-3.267,-1.26,-0.664,btn_A
1780980044.7972264,-0.815,-0.167,0.589,-1.672,-3.573,-3.496,-0.677,-0.308,0.603,-4.969,4.107,-0.176,-0.328,-0.382,0.881,-0.748,8.473,1.336,-0.141,0.074,0.87,-0.901,17.977,-4.672,0.07,-0.308,0.812,5.229,3.954,0.527,btn_A
1780980044.9077609,-0.813,-0.155,0.591,-2.084,0.771,-1.481,-0.698,-0.316,0.612,-7.397,-14.74,-1.069,-0.34,-0.393,0.854,-0.321,-19.885,-5.962,-0.175,-0.186,1.242,-124.931,1.328,-11.802,0.079,-0.318,0.823,-10.298,2.656,-2.214,btn_A
1780980045.0072894,-0.817,-0.158,0.586,-3.0,-5.924,-5.29,-0.78,-0.378,0.613,-1.176,2.939,-3.076,-0.368,-0.414,0.734,-6.359,-20.313,-2.634,0.226,-0.134,0.619,-5.153,-20.595,-0.496,0.055,-0.322,0.815,23.832,-23.16,3.863,btn_A
1780980045.1061409,-0.808,-0.167,0.592,-1.481,3.137,-0.168,-0.681,-0.303,0.613,-6.908,-0.443,-1.023,-0.3,-0.387,0.899,-1.076,1.565,0.053,-0.142,-0.276,1.016,0.16,5.42,-0.908,0.072,-0.32,0.815,-7.702,8.74,-1.092,btn_A
1780980045.2090778,-0.809,-0.166,0.584,-0.954,1.489,-0.298,-0.679,-0.307,0.606,-6.718,-0.16,-0.786,-0.299,-0.385,0.895,-0.725,3.26,0.298,-0.146,-0.281,1.022,-1.634,6.794,-0.45,0.072,-0.319,0.814,1.122,0.29,0.29,btn_A
1780980045.3122642,-0.812,-0.163,0.591,-1.198,0.458,-0.771,-0.675,-0.304,0.616,-6.504,0.305,-0.947,-0.295,-0.386,0.894,-0.214,0.305,0.137,-0.144,-0.286,1.021,-0.649,7.351,-0.229,0.066,-0.318,0.816,-0.786,3.244,0.008,btn_A
1780980048.5052943,-0.814,-0.167,0.598,-1.023,1.214,-0.702,-0.682,-0.304,0.612,-6.382,0.908,-0.023,-0.303,-0.391,0.896,-0.443,-0.58,-0.244,-0.148,-0.307,1.006,1.252,7.481,-0.618,0.075,-0.317,0.822,-0.626,1.718,0.092,btn_A
1780980048.6078796,-0.81,-0.163,0.583,-0.756,1.725,-0.191,-0.679,-0.307,0.611,-6.55,1.031,-0.076,-0.298,-0.392,0.886,-0.198,-0.351,-0.29,-0.146,-0.306,1.004,1.427,6.611,-0.809,0.076,-0.318,0.812,-0.756,2.374,0.015,btn_A
1780980048.711362,-0.812,-0.161,0.588,-0.885,1.809,-1.344,-0.679,-0.307,0.613,-6.573,0.626,0.153,-0.297,-0.392,0.892,-0.534,0.244,-0.221,-0.149,-0.308,1.008,1.344,7.137,-0.031,0.071,-0.319,0.823,-0.321,2.435,-0.26,btn_A
1780980048.8256679,-0.812,-0.171,0.591,-1.382,1.603,-0.489,-0.686,-0.304,0.608,-6.412,0.794,0.076,-0.303,-0.389,0.894,-0.282,-0.038,-0.183,-0.148,-0.304,1.003,1.275,6.336,-0.565,0.069,-0.316,0.812,-0.382,2.641,-0.573,btn_A
1780980048.917106,-0.809,-0.167,0.592,-0.656,1.466,-0.771,-0.683,-0.305,0.609,-6.87,0.252,-0.313,-0.3,-0.393,0.89,-0.359,-0.214,0.061,-0.144,-0.307,1.008,1.771,6.771,-0.847,0.07,-0.32,0.824,-0.519,2.641,-0.168,btn_A
1780980049.022305,-0.809,-0.165,0.585,-0.817,1.252,-0.641,-0.677,-0.309,0.608,-6.496,0.756,-0.626,-0.299,-0.39,0.892,-0.58,0.534,-0.084,-0.147,-0.299,0.996,1.298,7.214,-0.87,0.069,-0.322,0.82,-0.74,2.672,-0.267,btn_A
1780980049.1233897,-0.814,-0.164,0.591,-0.893,1.656,-0.588,-0.681,-0.306,0.611,-6.206,0.344,-0.977,-0.304,-0.389,0.886,-0.153,-0.122,0.122,-0.15,-0.307,1.005,1.58,6.458,-0.344,0.071,-0.314,0.822,-0.702,2.321,0.061,btn_A
1780980049.2260985,-0.816,-0.172,0.593,-0.595,2.008,-0.511,-0.68,-0.306,0.608,-6.397,0.321,-1.191,-0.302,-0.393,0.893,-0.427,-0.015,0.046,-0.147,-0.305,1.016,1.145,6.725,-0.313,0.072,-0.319,0.817,-0.847,1.595,0.145,btn_A
1780980049.3412278,-0.804,-0.166,0.61,-1.137,2.153,1.191,-0.628,-0.297,0.661,-9.053,-12.496,0.496,-0.303,-0.404,0.867,-2.656,34.069,3.565,0.094,-0.171,0.577,116.168,0.313,27.954,0.076,-0.308,0.811,9.198,-0.969,1.458,btn_A
1780980049.4322789,-0.812,-0.164,0.593,-0.26,0.718,-1.267,-0.683,-0.298,0.599,-6.107,-2.344,-1.328,-0.306,-0.385,0.886,-0.298,0.252,0.084,-0.235,-0.176,1.075,17.237,10.916,9.527,0.066,-0.321,0.824,-4.725,7.267,-1.267,btn_A
1780980049.5471654,-0.809,-0.167,0.578,-0.496,1.847,0.443,-0.693,-0.292,0.592,-6.885,-0.397,-0.878,-0.31,-0.388,0.895,0.282,-0.916,0.504,-0.193,-0.111,1.037,15.756,7.137,7.267,0.085,-0.307,0.82,-2.046,3.611,-0.382,btn_A
1780980049.6488016,-0.815,-0.161,0.595,-1.191,1.252,-1.42,-0.679,-0.313,0.627,-5.137,6.305,1.328,-0.34,-0.396,0.904,-2.588,1.695,0.947,-0.136,-0.05,0.929,35.107,18.107,19.115,0.078,-0.311,0.821,2.122,4.405,0.038,btn_A
1780980049.7468743,-0.822,-0.168,0.595,-0.344,0.519,0.031,-0.684,-0.296,0.602,-4.481,12.908,1.511,-0.325,-0.403,0.888,1.145,12.634,3.397,-0.14,0.029,0.86,66.71,3.237,9.382,0.079,-0.306,0.825,4.687,6.641,1.473,btn_A
1780980049.8560522,-0.812,-0.161,0.593,-0.504,3.351,-0.084,-0.694,-0.288,0.572,-6.481,8.023,1.023,-0.325,-0.374,0.904,0.031,13.038,4.122,-0.18,0.093,0.968,60.84,4.962,5.962,0.063,-0.312,0.829,2.977,7.115,1.374,btn_A
1780980049.9470632,-0.812,-0.162,0.587,-0.962,4.008,-0.511,-0.71,-0.296,0.586,-5.618,3.763,1.496,-0.345,-0.391,0.903,-0.649,5.695,2.756,-0.181,0.137,1.081,31.084,10.519,2.847,0.06,-0.302,0.827,0.885,3.511,0.496,btn_A
1780980050.0674157,-0.816,-0.16,0.59,-0.802,1.252,0.015,-0.711,-0.293,0.584,-6.053,0.214,1.046,-0.337,-0.384,0.893,1.16,4.542,2.71,-0.183,0.145,1.085,39.13,5.863,0.359,0.07,-0.308,0.83,2.336,6.336,1.038,btn_A
1780980050.1534805,-0.813,-0.158,0.591,-1.023,0.603,-1.328,-0.705,-0.298,0.579,-5.962,1.824,0.489,-0.341,-0.381,0.89,0.084,1.038,1.611,-0.15,0.204,1.071,29.13,9.786,0.115,0.062,-0.303,0.827,2.878,5.786,1.244,btn_A
1780980050.2650437,-0.816,-0.159,0.581,-1.053,0.214,-0.58,-0.715,-0.302,0.581,-6.344,1.046,0.313,-0.35,-0.378,0.882,0.038,2.412,1.756,-0.11,0.222,1.071,26.29,10.504,-3.893,0.072,-0.301,0.827,1.962,3.847,1.038,btn_A
1780980050.3593175,-0.815,-0.161,0.588,-0.603,0.336,-1.824,-0.705,-0.301,0.585,-6.336,4.229,0.634,-0.357,-0.375,0.872,1.198,6.901,2.008,-0.19,0.221,1.08,13.611,11.603,-3.641,0.064,-0.292,0.822,0.275,3.397,0.145,btn_A
1780980050.4755578,-0.819,-0.163,0.583,-1.092,0.534,-0.702,-0.718,-0.298,0.571,-6.275,1.13,-0.321,-0.37,-0.369,0.872,-0.046,1.344,0.511,-0.173,0.234,1.069,6.863,8.107,-0.321,0.061,-0.293,0.823,-0.237,1.55,0.382,btn_A
1780980050.5653002,-0.817,-0.158,0.584,-1.031,2.588,-0.282,-0.714,-0.289,0.567,-6.244,3.046,-0.153,-0.369,-0.363,0.884,-0.595,-0.534,-0.008,-0.18,0.254,1.049,5.603,5.084,-0.786,0.061,-0.305,0.823,-3.534,2.115,-0.473,btn_A
1780980050.6742568,-0.82,-0.156,0.586,-1.374,1.641,-1.221,-0.714,-0.295,0.571,-6.489,0.641,-0.603,-0.376,-0.372,0.872,-1.13,0.687,-0.137,-0.19,0.267,1.037,4.092,7.664,-1.176,0.057,-0.297,0.826,-1.229,3.985,0.802,btn_A
1780980050.7714105,-0.816,-0.146,0.585,-1.748,2.359,-0.145,-0.711,-0.286,0.614,-8.008,6.786,-0.916,-0.299,-0.362,1.0,7.924,12.565,2.863,-0.177,0.318,0.845,5.802,9.313,-1.481,0.048,-0.292,0.816,0.435,2.916,0.214,btn_A
1780980050.874118,-0.814,-0.152,0.582,-0.611,4.107,-0.107,-0.728,-0.288,0.536,-6.977,0.473,-0.618,-0.401,-0.36,0.854,-0.45,-2.359,-0.237,-0.223,0.303,0.99,-5.542,2.427,1.947,0.057,-0.297,0.833,-3.305,-0.565,-0.389,btn_A
1780980050.9882107,-0.813,-0.152,0.588,-0.916,3.061,-0.809,-0.725,-0.295,0.559,-6.626,-3.351,-0.603,-0.391,-0.363,0.859,-1.389,-5.588,-1.122,-0.223,0.33,0.913,-9.893,-0.885,-0.344,0.062,-0.297,0.827,-4.588,2.969,-1.542,btn_A
1780980051.0946038,-0.815,-0.157,0.591,-0.511,2.58,-0.267,-0.714,-0.293,0.572,-6.87,-0.901,-0.687,-0.382,-0.368,0.867,0.29,-2.649,-0.412,-0.21,0.309,0.944,-7.55,2.336,-0.901,0.065,-0.296,0.824,-2.763,0.443,-0.595,btn_A
1780980051.1923501,-0.802,-0.163,0.599,-2.107,-1.092,-1.557,-0.706,-0.297,0.574,-7.046,-1.55,-0.641,-0.371,-0.374,0.871,-1.718,0.71,-0.397,-0.193,0.256,0.984,-10.191,9.183,-0.954,0.069,-0.291,0.815,-2.389,6.664,-0.344,btn_A
1780980051.2870152,-0.814,-0.159,0.58,-0.939,1.855,-0.519,-0.715,-0.298,0.567,-7.015,-0.389,-0.58,-0.36,-0.388,0.873,-0.344,-6.275,-2.504,-0.179,0.21,1.007,-19.595,4.382,7.168,0.064,-0.309,0.827,-1.969,-0.725,-0.969,btn_A
1780980051.3896575,-0.81,-0.161,0.585,0.053,-0.924,-2.58,-0.713,-0.294,0.569,-9.511,-24.824,-5.046,-0.382,-0.38,0.837,-6.015,-34.565,-9.0,-0.297,0.037,0.582,-196.313,22.901,-25.168,0.066,-0.307,0.82,-11.336,-9.023,-4.305,btn_A
1780980051.4922817,-0.812,-0.157,0.583,0.26,8.84,0.824,-0.66,-0.293,0.599,-6.786,-1.679,-0.779,-0.339,-0.375,0.869,-2.267,-16.038,-2.573,-0.446,-0.23,0.847,-181.931,-0.122,-66.031,0.063,-0.309,0.815,-18.71,12.076,-2.74,btn_A
1780980054.6906035,-0.805,-0.165,0.599,-1.466,1.878,-0.977,-0.676,-0.304,0.615,-6.695,0.176,-0.947,-0.285,-0.39,0.896,-0.412,0.542,0.015,-0.154,-0.292,1.008,1.588,7.0,0.45,0.078,-0.32,0.817,-0.565,2.26,0.046,btn_A
1780980054.7919078,-0.812,-0.166,0.594,-0.931,2.137,-1.115,-0.675,-0.31,0.616,-6.573,0.725,-0.42,-0.29,-0.394,0.9,-0.305,-0.145,0.046,-0.15,-0.29,1.004,1.382,6.557,-0.824,0.082,-0.32,0.819,-0.405,1.74,0.267,btn_A
1780980054.8916042,-0.806,-0.17,0.593,-0.656,1.542,-0.489,-0.677,-0.302,0.615,-6.282,0.603,-0.626,-0.287,-0.393,0.901,-0.115,0.42,0.176,-0.156,-0.29,1.004,1.611,7.092,-0.191,0.077,-0.321,0.822,-0.878,2.565,-0.366,btn_A
1780980054.9941533,-0.808,-0.167,0.597,-1.16,1.565,-1.435,-0.677,-0.304,0.607,-6.45,0.916,-0.466,-0.29,-0.39,0.895,-0.527,0.641,0.099,-0.156,-0.291,1.007,1.046,7.031,-0.344,0.076,-0.322,0.819,-0.519,2.145,-0.137,btn_A
1780980055.1098065,-0.806,-0.166,0.598,-0.458,0.687,0.115,-0.624,-0.299,0.687,1.008,37.565,1.695,-0.264,-0.411,0.911,-1.733,10.916,2.45,-0.255,-0.394,0.937,190.046,-24.931,75.832,0.077,-0.316,0.806,11.298,-8.374,2.26,btn_A
1780980055.2054703,-0.799,-0.166,0.601,-0.618,1.718,-0.954,-0.696,-0.305,0.599,-5.344,10.084,-0.481,-0.307,-0.394,0.9,3.626,8.878,2.466,-0.167,-0.042,0.943,75.534,3.252,17.748,0.087,-0.304,0.807,1.565,8.832,0.885,btn_A
1780980055.303606,-0.808,-0.166,0.595,-0.756,2.786,0.412,-0.692,-0.29,0.596,-5.588,9.046,0.16,-0.324,-0.394,0.894,1.519,3.687,1.183,-0.119,0.044,1.092,51.634,7.313,12.099,0.076,-0.308,0.825,1.603,0.863,1.603,btn_A
1780980055.406572,-0.809,-0.162,0.593,0.015,5.206,1.053,-0.706,-0.295,0.603,-6.573,-0.168,-0.389,-0.346,-0.369,0.879,-1.046,-1.809,0.244,-0.179,0.13,1.053,12.588,0.023,3.046,0.06,-0.306,0.821,-4.481,4.206,-0.527,btn_A
1780980055.5221841,-0.815,-0.16,0.587,-1.214,0.802,-0.763,-0.704,-0.292,0.591,-6.122,3.588,-0.191,-0.341,-0.378,0.879,0.481,-1.397,1.168,-0.156,0.144,1.116,13.168,3.847,0.725,0.073,-0.301,0.82,0.267,2.84,-0.145,btn_A
1780980055.6255279,-0.815,-0.163,0.589,-1.137,1.824,-0.229,-0.705,-0.296,0.591,-5.519,6.786,0.603,-0.342,-0.361,0.891,-1.099,6.443,4.046,-0.161,0.201,0.947,39.115,5.252,-4.786,0.056,-0.293,0.812,1.962,5.122,0.588,btn_A
1780980055.723295,-0.812,-0.161,0.583,-0.695,-0.046,-0.832,-0.722,-0.29,0.576,-5.336,3.87,0.29,-0.353,-0.372,0.889,1.359,4.863,3.466,-0.161,0.222,1.106,28.397,11.458,-0.267,0.068,-0.299,0.83,3.168,4.42,1.893,btn_A
1780980055.8186574,-0.814,-0.153,0.584,-0.931,2.321,-0.809,-0.71,-0.291,0.571,-6.321,-1.061,-0.374,-0.366,-0.369,0.879,-0.496,-0.74,0.908,-0.133,0.26,1.08,13.275,6.939,-2.061,0.061,-0.301,0.831,0.466,2.237,0.794,btn_A
1780980055.9217436,-0.814,-0.155,0.59,-0.588,1.282,-0.863,-0.705,-0.291,0.57,-6.504,3.046,0.084,-0.377,-0.368,0.87,1.076,6.55,2.664,-0.226,0.321,0.997,12.992,8.519,-2.725,0.06,-0.3,0.821,-0.061,2.282,0.122,btn_A
1780980056.0245962,-0.808,-0.15,0.586,-1.008,1.328,-0.634,-0.718,-0.292,0.571,-6.076,3.298,0.473,-0.379,-0.362,0.868,0.023,3.534,1.321,-0.223,0.314,0.947,0.244,7.954,-3.573,0.062,-0.301,0.821,-1.55,3.26,-0.84,btn_A
1780980056.130503,-0.813,-0.158,0.583,-0.595,2.115,-0.748,-0.714,-0.294,0.569,-6.656,-0.504,-0.351,-0.381,-0.36,0.87,-0.542,-3.069,-1.336,-0.2,0.299,0.993,-5.458,3.809,0.252,0.061,-0.303,0.832,-1.282,0.71,-0.153,btn_A
1780980056.230614,-0.812,-0.152,0.583,-0.908,0.641,-1.237,-0.719,-0.292,0.568,-6.664,-1.931,-0.481,-0.38,-0.361,0.868,-1.145,-6.122,-2.824,-0.214,0.317,0.892,-22.351,0.588,1.305,0.062,-0.29,0.818,-2.863,0.466,-0.893,btn_A
1780980056.3333359,-0.812,-0.153,0.582,-0.939,0.878,-1.45,-0.716,-0.292,0.579,-7.198,-3.221,-0.878,-0.379,-0.364,0.868,-2.053,-3.969,-2.412,-0.213,0.301,0.837,-27.985,-0.931,-2.344,0.065,-0.303,0.821,-0.611,-1.427,-0.344,btn_A
1780980056.4427712,-0.798,-0.166,0.594,-0.885,1.496,-1.863,-0.688,-0.305,0.604,-7.244,-0.763,-1.145,-0.326,-0.38,0.896,-1.458,10.053,-0.282,-0.178,0.187,0.933,-35.702,16.153,-13.634,0.078,-0.301,0.807,-2.183,4.893,-0.275,btn_A
1780980056.5396361,-0.807,-0.16,0.593,-2.588,-2.969,-3.305,-0.681,-0.31,0.611,-8.359,-28.779,-2.641,-0.321,-0.394,0.89,-0.45,-35.328,-9.405,-0.19,-0.299,1.447,-192.053,-5.985,-18.573,0.074,-0.323,0.825,-9.206,0.679,-2.603,btn_A
1780980056.6427681,-0.818,-0.16,0.569,0.168,-9.901,-2.26,-0.591,-0.289,0.644,-2.977,28.237,2.282,-0.329,-0.344,0.859,-9.733,0.214,-1.794,-0.178,-0.283,1.11,-2.031,32.802,-3.046,0.079,-0.332,0.843,5.046,-0.344,1.336,btn_A
1780980056.7561042,-0.808,-0.166,0.59,-1.107,1.244,-0.405,-0.679,-0.305,0.619,-6.061,1.466,-0.969,-0.298,-0.388,0.899,-0.244,-0.137,0.099,-0.168,-0.274,1.005,-0.008,5.771,-1.031,0.077,-0.321,0.823,-1.229,3.237,-0.267,btn_A
1780980056.8487916,-0.812,-0.164,0.598,-1.122,1.756,-1.366,-0.678,-0.304,0.614,-6.122,0.733,-0.573,-0.295,-0.385,0.896,-0.412,0.382,0.435,-0.161,-0.277,1.007,-0.634,5.664,-0.931,0.082,-0.314,0.819,-0.366,2.069,0.321,btn_A
1780980056.95622,-0.81,-0.167,0.591,-1.092,0.962,-1.023,-0.681,-0.3,0.615,-6.038,0.214,-0.496,-0.292,-0.386,0.898,-0.718,0.992,0.031,-0.16,-0.282,1.01,-1.504,7.992,-1.153,0.082,-0.325,0.819,-0.198,2.069,0.221,btn_A
1780980057.0570738,-0.812,-0.166,0.59,-0.687,1.038,-0.55,-0.679,-0.3,0.617,-6.344,0.702,-0.641,-0.284,-0.387,0.899,-0.878,-0.16,0.947,-0.167,-0.29,1.011,0.237,7.176,-0.87,0.079,-0.319,0.816,-0.504,1.611,0.489,btn_A
1780980057.1581995,-0.808,-0.164,0.599,-0.885,1.26,-1.13,-0.68,-0.302,0.615,-6.336,0.786,0.214,-0.299,-0.386,0.893,-0.221,-0.176,0.366,-0.165,-0.288,1.016,0.756,6.817,-0.321,0.077,-0.327,0.82,-0.672,2.443,0.084,btn_A
1780980057.26042,-0.811,-0.166,0.592,-0.847,2.153,-0.122,-0.682,-0.301,0.612,-6.58,1.229,0.328,-0.301,-0.389,0.892,-0.588,1.466,0.527,-0.162,-0.296,1.015,0.153,7.076,-1.038,0.08,-0.323,0.821,-0.389,2.45,-0.298,btn_A
1780980057.3726122,-0.804,-0.168,0.595,-1.069,2.794,-0.771,-0.679,-0.3,0.618,-6.321,1.718,0.748,-0.306,-0.389,0.898,-0.58,0.855,0.473,-0.156,-0.288,1.006,1.0,7.29,-0.015,0.069,-0.32,0.809,-0.153,2.244,0.496,btn_A
1780980057.4749322,-0.81,-0.163,0.595,-1.321,2.069,-0.649,-0.679,-0.301,0.601,-6.702,1.824,0.756,-0.293,-0.382,0.895,-0.656,0.221,1.176,-0.174,-0.292,1.01,-0.382,8.756,-0.313,0.08,-0.319,0.812,0.58,2.595,0.382,btn_A
1780980057.5696905,-0.804,-0.163,0.591,-1.099,1.58,-0.733,-0.679,-0.3,0.609,-6.115,1.244,0.511,-0.299,-0.387,0.89,-0.336,0.443,0.305,-0.17,-0.296,1.004,0.466,6.809,-0.489,0.079,-0.324,0.821,-0.672,1.824,-0.061,btn_A
1780980060.762901,-0.815,-0.165,0.594,-1.374,1.542,-0.802,-0.682,-0.305,0.606,-6.046,0.985,0.969,-0.305,-0.39,0.889,-0.168,0.29,-0.031,-0.161,-0.308,0.998,1.321,6.527,-0.824,0.083,-0.319,0.817,-0.481,2.221,0.191,btn_A
1780980060.865819,-0.814,-0.171,0.594,-1.0,1.076,-1.0,-0.682,-0.305,0.608,-6.176,1.267,0.603,-0.307,-0.391,0.889,-0.107,-0.252,0.092,-0.165,-0.305,0.996,1.16,7.519,-0.649,0.084,-0.313,0.816,-0.656,2.962,-0.244,btn_A
1780980060.9753,-0.812,-0.169,0.592,-0.763,1.519,-0.305,-0.677,-0.308,0.61,-6.511,0.931,0.313,-0.303,-0.395,0.88,-0.565,0.298,-0.069,-0.164,-0.311,0.998,1.366,6.45,-0.267,0.082,-0.312,0.821,-0.229,2.198,-0.069,btn_A
1780980061.0730674,-0.807,-0.166,0.596,-1.053,1.031,-0.725,-0.679,-0.309,0.61,-6.443,0.641,-0.336,-0.306,-0.396,0.893,-0.336,-0.443,-0.191,-0.165,-0.308,0.995,1.122,7.313,-0.115,0.082,-0.317,0.823,-1.038,2.298,-0.053,btn_A
1780980061.175012,-0.81,-0.165,0.582,-0.489,1.489,-1.305,-0.679,-0.303,0.608,-6.351,0.496,-0.511,-0.306,-0.393,0.891,-0.405,-0.786,0.351,-0.165,-0.313,0.994,1.588,6.321,-0.771,0.077,-0.317,0.816,-0.443,2.328,-0.069,btn_A
1780980061.2892237,-0.812,-0.169,0.594,-0.87,1.008,-1.053,-0.686,-0.309,0.611,-6.069,0.634,-0.573,-0.302,-0.397,0.884,-0.359,0.198,0.298,-0.162,-0.308,1.002,1.511,7.412,-0.313,0.085,-0.318,0.818,-0.405,2.221,-0.008,btn_A
1780980061.3915792,-0.812,-0.168,0.587,-1.084,1.29,-1.122,-0.681,-0.309,0.604,-6.191,0.885,-0.985,-0.302,-0.395,0.895,-0.473,0.382,0.756,-0.161,-0.314,1.009,0.878,6.809,-0.511,0.08,-0.321,0.825,-0.26,2.794,-0.412,btn_A
1780980061.4929512,-0.808,-0.171,0.596,-0.847,0.748,0.847,-0.711,-0.343,0.665,-10.496,-15.427,-1.519,-0.292,-0.417,0.916,5.397,22.809,4.962,-0.257,-0.284,0.806,112.122,1.191,41.198,0.079,-0.302,0.817,4.481,-0.985,-0.328,btn_A
1780980061.5915968,-0.816,-0.157,0.59,-1.061,3.015,-0.237,-0.698,-0.297,0.588,-5.519,9.0,0.046,-0.314,-0.403,0.896,0.382,6.412,0.954,-0.198,-0.086,0.929,39.176,11.153,13.328,0.083,-0.307,0.826,-2.053,5.71,-0.481,btn_A
1780980061.689864,-0.812,-0.162,0.587,-0.427,2.336,0.282,-0.698,-0.295,0.574,-5.832,3.275,-0.107,-0.326,-0.389,0.891,0.16,4.847,0.809,-0.221,-0.044,1.039,29.168,4.611,7.366,0.083,-0.311,0.825,2.176,1.672,0.298,btn_A
1780980061.8063478,-0.812,-0.16,0.587,-0.053,2.847,-0.237,-0.694,-0.283,0.585,-6.267,3.137,-0.87,-0.328,-0.382,0.882,2.321,4.542,1.084,-0.154,0.031,1.074,36.634,3.328,6.473,0.085,-0.31,0.822,0.252,2.687,0.786,btn_A
1780980061.9077632,-0.811,-0.158,0.593,-1.023,0.122,-1.344,-0.706,-0.309,0.587,-5.168,4.389,0.58,-0.36,-0.372,0.865,0.298,8.122,3.0,-0.248,0.104,0.911,37.832,5.977,5.962,0.069,-0.306,0.83,4.931,7.847,2.313,btn_A
1780980062.0070868,-0.805,-0.163,0.594,-0.527,3.809,1.099,-0.715,-0.299,0.593,-7.328,-1.267,-1.061,-0.339,-0.388,0.881,3.321,11.87,4.137,-0.192,0.205,0.846,27.313,11.351,-2.321,0.071,-0.307,0.828,1.221,6.099,0.718,btn_A
1780980062.1018484,-0.816,-0.16,0.581,-0.771,2.748,-0.756,-0.692,-0.314,0.604,-6.496,-0.13,-0.511,-0.357,-0.389,0.866,0.832,0.588,0.374,-0.171,0.172,0.989,-0.206,6.817,-2.153,0.063,-0.301,0.819,-1.084,0.794,0.076,btn_A
1780980062.2050946,-0.812,-0.16,0.583,-0.794,0.084,-0.786,-0.71,-0.299,0.576,-6.176,0.344,-0.412,-0.342,-0.382,0.88,-0.076,0.374,0.435,-0.17,0.155,1.063,6.038,8.611,1.695,0.06,-0.303,0.818,0.641,3.687,-0.168,btn_A
1780980062.30805,-0.814,-0.156,0.583,-0.046,3.061,-0.336,-0.708,-0.296,0.578,-6.099,1.191,-0.359,-0.353,-0.384,0.876,0.16,0.198,0.427,-0.171,0.165,1.039,13.947,4.863,1.374,0.073,-0.307,0.825,-0.061,1.382,0.458,btn_A
1780980062.427468,-0.814,-0.158,0.587,-1.427,1.16,-1.313,-0.709,-0.301,0.579,-6.267,-1.214,-0.901,-0.351,-0.38,0.878,-0.504,-1.573,-0.893,-0.184,0.154,1.097,-2.511,5.267,-2.412,0.06,-0.299,0.829,-2.336,1.809,0.107,btn_A
1780980062.5249684,-0.812,-0.155,0.583,-0.924,1.267,-0.855,-0.715,-0.297,0.574,-6.351,-0.466,-0.16,-0.353,-0.384,0.869,-0.229,-0.344,0.649,-0.132,0.158,1.123,17.115,6.504,-2.183,0.07,-0.3,0.824,0.588,3.275,0.229,btn_A
1780980062.6238313,-0.819,-0.156,0.582,-1.122,0.107,-0.649,-0.709,-0.3,0.573,-6.397,0.053,-0.237,-0.358,-0.38,0.877,-0.985,0.038,0.45,-0.139,0.146,1.219,13.534,5.328,-3.031,0.064,-0.298,0.834,-0.992,1.985,0.137,btn_A
1780980062.7201402,-0.814,-0.155,0.582,-1.481,0.053,-1.237,-0.715,-0.296,0.561,-5.878,2.328,0.237,-0.368,-0.374,0.86,-0.214,0.74,1.405,-0.177,0.22,1.088,15.931,4.779,-4.031,0.066,-0.297,0.822,-0.87,2.099,-0.031,btn_A
1780980062.8234186,-0.822,-0.158,0.581,-0.519,0.557,-0.962,-0.718,-0.296,0.567,-6.267,-0.71,-0.382,-0.371,-0.374,0.865,-0.718,-3.229,0.107,-0.211,0.251,1.004,-1.389,4.305,0.313,0.058,-0.3,0.831,-0.122,0.924,-0.557,btn_A
1780980062.9392972,-0.816,-0.158,0.578,-1.71,1.099,-1.206,-0.712,-0.298,0.565,-6.542,0.122,-0.244,-0.377,-0.368,0.866,-0.534,0.389,0.504,-0.193,0.255,1.005,1.626,7.252,-0.443,0.066,-0.297,0.823,-0.672,2.473,0.061,btn_A
1780980063.038481,-0.821,-0.158,0.581,-0.87,0.664,-0.939,-0.714,-0.299,0.565,-6.229,3.122,0.351,-0.383,-0.366,0.868,0.534,3.099,1.878,-0.234,0.287,0.952,4.298,8.962,-0.489,0.06,-0.289,0.814,0.458,2.702,0.84,btn_A
1780980063.1389844,-0.815,-0.149,0.583,-1.504,1.351,0.145,-0.719,-0.292,0.566,-6.084,3.313,0.298,-0.386,-0.375,0.865,0.061,1.405,2.061,-0.207,0.281,0.961,4.878,8.527,-2.397,0.051,-0.296,0.833,0.45,2.824,-0.092,btn_A
1780980063.235212,-0.818,-0.154,0.582,-1.191,-0.214,-1.206,-0.718,-0.294,0.571,-6.252,6.519,0.092,-0.403,-0.363,0.841,2.321,7.809,3.794,-0.237,0.333,0.955,6.084,17.794,-4.641,0.058,-0.291,0.817,2.16,0.725,0.405,btn_A
1780980063.3380976,-0.82,-0.155,0.585,-1.168,1.107,-0.023,-0.719,-0.291,0.56,-5.542,4.145,-0.137,-0.388,-0.358,0.86,-0.153,2.748,1.435,-0.245,0.31,0.935,0.053,7.748,-0.206,0.06,-0.293,0.82,-0.565,0.947,0.275,btn_A
1780980063.44105,-0.819,-0.155,0.585,-0.328,4.71,0.076,-0.715,-0.293,0.56,-6.55,4.198,-0.046,-0.396,-0.356,0.863,-1.015,-0.771,0.282,-0.239,0.297,0.96,-1.931,5.557,1.092,0.053,-0.297,0.831,-4.107,0.565,-0.275,btn_A
1780980063.5577416,-0.821,-0.154,0.577,-1.168,3.847,0.107,-0.726,-0.296,0.537,-7.153,-1.458,-1.115,-0.398,-0.359,0.858,-0.786,-2.481,-1.115,-0.232,0.303,0.961,-6.969,2.344,1.45,0.059,-0.295,0.829,-3.794,0.504,-0.344,btn_A
1780980063.654575,-0.817,-0.155,0.578,-0.977,-0.214,-0.656,-0.721,-0.292,0.565,-5.817,-1.145,-1.084,-0.377,-0.374,0.874,-1.298,-1.725,-0.221,-0.193,0.295,0.984,2.809,8.122,-2.779,0.063,-0.294,0.821,1.458,4.763,0.565,btn_A
1780980066.954584,-0.812,-0.167,0.588,-0.74,1.763,-0.977,-0.681,-0.307,0.604,-6.145,0.313,-1.038,-0.302,-0.392,0.892,-0.489,0.183,-0.26,-0.181,-0.307,1.003,2.099,7.069,-0.634,0.083,-0.315,0.814,-0.183,2.252,0.237,btn_A
1780980067.0461142,-0.81,-0.165,0.595,-0.878,1.405,-0.481,-0.682,-0.304,0.612,-6.176,0.351,-0.443,-0.297,-0.392,0.887,-0.252,0.168,0.053,-0.179,-0.3,1.0,1.687,6.779,-0.55,0.085,-0.32,0.82,-0.603,2.405,-0.115,btn_A
1780980067.1567378,-0.814,-0.165,0.589,-1.244,1.374,-0.672,-0.679,-0.309,0.609,-6.443,0.885,-0.267,-0.297,-0.4,0.89,-0.542,-0.267,0.71,-0.177,-0.302,1.0,1.397,6.977,-0.344,0.081,-0.323,0.817,-0.427,2.244,-0.069,btn_A
1780980067.2592874,-0.813,-0.167,0.594,-0.748,1.954,-0.55,-0.685,-0.306,0.612,-6.092,0.649,-0.321,-0.299,-0.398,0.894,-0.389,0.595,0.374,-0.181,-0.306,0.999,1.962,6.969,-0.756,0.095,-0.312,0.824,-0.191,2.496,-0.504,btn_A
1780980067.3552191,-0.813,-0.165,0.593,-1.015,1.656,-0.939,-0.676,-0.31,0.608,-6.26,0.748,0.061,-0.297,-0.387,0.892,-0.443,0.267,0.527,-0.18,-0.306,1.007,1.534,6.725,-0.527,0.085,-0.318,0.813,-0.557,2.924,-0.672,btn_A
1780980067.457931,-0.81,-0.164,0.592,-1.313,1.763,-0.45,-0.689,-0.307,0.612,-6.489,1.26,0.214,-0.3,-0.391,0.889,0.008,0.939,0.924,-0.235,-0.344,1.23,-8.649,11.878,-1.748,0.074,-0.313,0.823,0.42,3.84,-1.237,btn_A
1780980067.5707777,-0.82,-0.162,0.583,0.458,2.351,1.26,-0.685,-0.296,0.609,-3.45,23.137,1.137,-0.324,-0.383,0.889,-0.496,13.817,3.099,-0.174,-0.099,0.953,143.794,-9.786,42.733,0.081,-0.318,0.83,4.702,6.664,1.053,btn_A
1780980067.6643023,-0.818,-0.158,0.579,-0.061,4.794,1.412,-0.721,-0.298,0.534,-9.275,-15.58,-1.359,-0.357,-0.424,0.887,2.939,0.771,2.351,-0.13,0.131,0.886,31.26,9.237,11.023,0.072,-0.305,0.854,-0.405,1.908,0.908,btn_A
1780980067.7671018,-0.816,-0.16,0.585,-0.908,2.878,0.855,-0.703,-0.297,0.574,-5.74,7.916,0.824,-0.359,-0.372,0.867,1.618,6.672,4.115,-0.251,0.187,0.894,20.885,11.015,0.573,0.073,-0.294,0.821,1.916,4.71,0.718,btn_A
1780980067.8699253,-0.819,-0.152,0.579,-0.893,4.076,-0.321,-0.701,-0.296,0.589,-6.061,4.565,0.427,-0.354,-0.379,0.871,0.229,4.496,2.55,-0.179,0.188,1.015,18.786,4.031,-3.053,0.071,-0.295,0.823,-2.092,4.733,0.374,btn_A
1780980067.9729953,-0.812,-0.16,0.587,-1.282,3.023,0.237,-0.707,-0.292,0.576,-7.435,2.397,0.565,-0.364,-0.382,0.879,-0.863,3.321,0.473,-0.185,0.201,0.96,13.542,5.573,3.466,0.062,-0.292,0.816,-2.802,4.275,0.122,btn_A
1780980068.0878863,-0.821,-0.152,0.574,-1.145,2.435,0.237,-0.718,-0.301,0.576,-6.389,3.824,-0.107,-0.379,-0.364,0.858,0.504,2.115,1.092,-0.215,0.286,0.948,5.374,7.115,-1.069,0.06,-0.293,0.825,-0.214,1.969,0.13,btn_A
1780980068.1909766,-0.822,-0.156,0.583,-1.321,2.389,0.107,-0.714,-0.295,0.551,-6.183,2.221,-0.779,-0.392,-0.37,0.843,-1.107,1.183,2.145,-0.221,0.301,0.943,9.206,10.916,1.916,0.057,-0.291,0.815,0.504,1.435,0.29,btn_A
1780980068.2881792,-0.82,-0.151,0.583,-0.985,2.687,-0.206,-0.715,-0.292,0.562,-6.183,2.84,-0.458,-0.382,-0.365,0.873,0.206,0.756,0.206,-0.245,0.304,0.951,1.863,6.939,-0.817,0.06,-0.294,0.818,-0.557,1.405,0.099,btn_A
1780980068.3853688,-0.82,-0.157,0.572,-0.458,0.962,-0.885,-0.722,-0.297,0.554,-6.557,-1.26,-0.924,-0.39,-0.362,0.868,-1.069,-2.26,-1.275,-0.168,0.243,1.167,2.496,5.534,0.168,0.066,-0.297,0.84,-1.527,0.237,0.359,btn_A
1780980068.4882812,-0.822,-0.158,0.579,-1.183,0.74,-1.115,-0.729,-0.29,0.554,-6.481,-1.389,-0.55,-0.389,-0.364,0.871,-1.618,-3.29,-0.573,-0.147,0.302,1.039,8.115,7.573,-2.275,0.061,-0.29,0.844,-0.924,3.084,0.427,btn_A
1780980068.591333,-0.819,-0.152,0.577,-0.672,0.435,-1.779,-0.726,-0.292,0.559,-6.061,0.809,-1.092,-0.395,-0.364,0.86,-1.061,0.557,-0.153,-0.205,0.319,0.986,-0.084,6.992,1.267,0.059,-0.292,0.823,-1.115,1.725,0.466,btn_A
1780980068.7050002,-0.822,-0.147,0.584,-0.817,-0.466,-0.939,-0.719,-0.293,0.565,-6.42,-0.924,-1.053,-0.372,-0.374,0.874,-0.229,2.244,1.489,-0.199,0.329,0.927,6.893,10.389,-3.977,0.066,-0.302,0.832,3.573,4.443,0.824,btn_A
1780980068.797174,-0.822,-0.156,0.575,-0.626,1.076,-1.656,-0.724,-0.298,0.559,-6.0,4.252,0.076,-0.402,-0.358,0.859,0.954,3.344,2.382,-0.236,0.33,0.947,10.13,8.015,-2.282,0.064,-0.293,0.824,-1.115,2.366,-0.214,btn_A
1780980068.9007914,-0.82,-0.155,0.58,-0.489,1.084,-0.74,-0.717,-0.289,0.568,-6.336,0.924,-0.687,-0.394,-0.37,0.872,0.282,3.031,1.489,-0.203,0.317,1.012,7.496,9.481,-2.183,0.06,-0.297,0.827,1.359,2.748,0.26,btn_A
1780980069.00739,-0.819,-0.153,0.579,-0.802,2.305,-0.443,-0.725,-0.294,0.556,-6.298,2.687,-0.313,-0.397,-0.359,0.853,0.0,1.168,0.603,-0.212,0.318,0.995,-0.252,6.305,0.481,0.06,-0.29,0.822,-2.679,2.26,-0.053,btn_A
1780980069.1063552,-0.818,-0.151,0.578,-1.71,2.893,-0.382,-0.727,-0.29,0.555,-6.794,1.855,0.191,-0.399,-0.362,0.854,-0.847,0.313,0.664,-0.222,0.335,0.942,-1.176,6.397,-0.466,0.056,-0.295,0.819,-2.382,3.412,0.015,btn_A
1780980069.2238922,-0.821,-0.156,0.577,-0.634,-0.557,-1.344,-0.717,-0.294,0.56,-6.252,3.473,0.023,-0.395,-0.365,0.863,0.641,4.58,1.458,-0.219,0.315,0.962,0.74,9.824,-1.603,0.053,-0.287,0.817,1.229,1.282,0.458,btn_A
1780980069.3127108,-0.813,-0.155,0.582,-1.145,-0.954,-2.206,-0.713,-0.294,0.577,-6.252,-1.382,-1.031,-0.385,-0.37,0.875,0.176,1.191,-0.573,-0.211,0.304,0.974,-4.313,7.038,-1.153,0.058,-0.292,0.825,1.321,1.275,0.305,btn_A
1780980069.42435,-0.81,-0.159,0.59,-0.382,0.611,-0.947,-0.71,-0.293,0.574,-7.496,-7.786,-1.748,-0.386,-0.371,0.869,-2.557,-7.672,-3.489,-0.197,0.215,1.233,-12.305,-0.183,2.641,0.06,-0.301,0.83,-4.26,1.725,-1.084,btn_A
1780980069.5227766,-0.816,-0.159,0.582,-0.725,0.145,-1.573,-0.71,-0.298,0.568,-5.901,-0.74,-0.191,-0.366,-0.379,0.88,-0.092,-0.779,-0.427,-0.175,0.251,1.007,1.641,7.45,-2.748,0.067,-0.295,0.821,-0.031,3.901,-0.351,btn_A
1780980069.6214912,-0.815,-0.156,0.584,-1.031,2.427,-0.679,-0.705,-0.298,0.578,-6.267,-1.206,-0.313,-0.367,-0.38,0.869,-0.351,-1.534,-0.519,-0.191,0.243,1.021,1.382,6.878,-2.679,0.07,-0.304,0.831,0.893,4.015,-0.069,btn_A
1780980069.7244174,-0.819,-0.162,0.582,-0.573,1.008,-1.679,-0.707,-0.299,0.59,-7.611,-6.656,-2.221,-0.384,-0.354,0.873,-7.13,-8.191,-4.0,-0.319,0.197,0.792,-74.763,-8.595,-15.809,0.061,-0.295,0.822,-5.649,-0.672,-2.405,btn_A
1780980069.8378208,-0.809,-0.168,0.597,-2.725,2.336,1.046,-0.71,-0.292,0.553,-7.336,19.863,0.344,-0.359,-0.386,0.846,11.939,37.038,11.855,-0.397,0.241,0.535,32.405,29.855,-6.237,0.036,-0.27,0.78,7.779,5.557,0.817,btn_A
1780980073.0202851,-0.805,-0.168,0.589,-1.183,1.931,-0.908,-0.679,-0.302,0.609,-6.634,0.893,-0.641,-0.314,-0.393,0.892,-0.878,-0.176,0.351,-0.176,-0.313,0.995,0.969,6.985,-0.748,0.075,-0.318,0.823,-1.092,1.565,0.183,btn_A
1780980073.123755,-0.812,-0.165,0.591,-1.0,1.405,-0.84,-0.679,-0.302,0.611,-6.748,0.954,-0.954,-0.314,-0.39,0.889,-0.374,-0.42,0.542,-0.182,-0.31,0.994,1.473,6.519,-0.221,0.075,-0.312,0.819,-0.107,1.305,-0.069,btn_A
1780980073.226391,-0.812,-0.165,0.59,-0.855,1.511,-0.176,-0.685,-0.3,0.6,-5.939,0.466,-1.176,-0.311,-0.396,0.895,-0.336,-0.458,0.397,-0.178,-0.309,1.0,1.351,6.435,-0.656,0.083,-0.313,0.813,-0.557,2.176,-0.183,btn_A
1780980073.3400192,-0.812,-0.164,0.588,-0.992,1.756,-0.725,-0.678,-0.303,0.607,-6.321,0.748,-0.794,-0.306,-0.394,0.882,-0.427,1.061,0.557,-0.177,-0.312,0.999,1.435,7.359,-0.847,0.083,-0.308,0.826,-0.389,1.328,0.237,btn_A
1780980073.4324074,-0.813,-0.164,0.59,-0.595,1.649,-0.748,-0.682,-0.301,0.611,-6.634,0.389,-0.779,-0.31,-0.391,0.887,-0.504,-0.221,-0.099,-0.173,-0.312,1.004,1.176,6.824,-0.107,0.09,-0.315,0.819,-0.573,2.603,-0.092,btn_A
1780980073.5354092,-0.809,-0.164,0.587,-1.229,1.298,-0.908,-0.682,-0.302,0.607,-6.153,0.336,-0.45,-0.311,-0.389,0.885,-0.267,-0.16,0.206,-0.175,-0.313,0.995,2.046,6.053,-0.695,0.079,-0.311,0.823,-0.26,3.229,-0.321,btn_A
1780980073.6386588,-0.815,-0.165,0.585,-0.794,1.046,-0.855,-0.678,-0.304,0.604,-5.672,1.252,0.489,-0.305,-0.401,0.891,0.641,1.389,1.435,-0.172,-0.473,1.338,-35.16,14.519,-4.916,0.076,-0.314,0.835,-0.656,2.763,-2.58,btn_A
1780980073.7542431,-0.823,-0.157,0.575,-0.252,2.206,0.122,-0.692,-0.3,0.583,-5.214,4.076,-0.557,-0.323,-0.389,0.894,2.656,-0.458,0.023,-0.317,-0.195,1.333,106.939,-8.908,42.137,0.078,-0.318,0.847,-0.061,1.74,-0.115,btn_A
1780980073.8549206,-0.814,-0.16,0.583,-1.237,0.191,-1.237,-0.704,-0.286,0.578,-6.786,-4.687,0.366,-0.352,-0.378,0.884,0.519,-1.0,-0.038,-0.145,0.051,1.119,35.786,3.55,9.656,0.076,-0.298,0.823,0.939,3.038,0.618,btn_A
1780980073.9527233,-0.819,-0.159,0.588,-1.221,0.298,-0.832,-0.706,-0.296,0.573,-6.84,-2.229,-0.321,-0.356,-0.38,0.868,-1.275,-3.412,-1.099,-0.157,0.079,1.117,4.519,5.458,2.321,0.068,-0.301,0.842,-0.832,1.359,0.069,btn_A
1780980074.0505517,-0.807,-0.16,0.596,-0.718,2.305,-1.26,-0.698,-0.294,0.581,-6.55,-2.687,-1.275,-0.353,-0.38,0.871,-1.267,-8.061,-1.344,-0.162,0.088,1.207,14.962,6.695,3.718,0.071,-0.305,0.829,-3.534,3.603,-0.26,btn_A
1780980074.1605675,-0.816,-0.161,0.58,-1.809,1.527,-0.939,-0.708,-0.298,0.569,-6.435,0.542,-0.29,-0.355,-0.38,0.875,0.267,-0.107,0.542,-0.204,0.12,1.182,13.565,6.618,2.71,0.066,-0.293,0.83,-0.893,3.229,0.122,btn_A
1780980074.256661,-0.815,-0.158,0.578,-0.863,0.855,-0.435,-0.713,-0.3,0.579,-6.519,2.038,-0.641,-0.367,-0.369,0.884,0.168,0.046,0.771,-0.194,0.159,1.115,11.145,6.206,0.061,0.06,-0.298,0.825,-1.237,1.443,0.046,btn_A
1780980074.3710825,-0.826,-0.155,0.57,-0.847,2.74,-0.107,-0.722,-0.293,0.572,-6.137,1.099,-0.458,-0.381,-0.368,0.86,0.023,0.16,1.496,-0.183,0.224,1.003,9.389,5.42,-1.015,0.06,-0.288,0.824,0.183,2.603,0.626,btn_A
1780980074.470133,-0.826,-0.153,0.574,-0.71,2.794,-1.0,-0.71,-0.291,0.567,-6.511,-5.771,-1.733,-0.374,-0.375,0.879,-1.832,-6.221,-1.687,-0.176,0.238,1.016,-7.282,1.0,0.176,0.054,-0.294,0.839,-1.305,3.534,-0.008,btn_A
1780980074.5708182,-0.818,-0.162,0.581,-0.618,-0.221,-1.832,-0.706,-0.298,0.589,-6.176,0.26,-0.313,-0.364,-0.376,0.883,-0.031,4.565,1.84,-0.165,0.2,1.082,9.168,12.618,-3.244,0.06,-0.291,0.832,2.206,5.076,0.855,btn_A
1780980074.668605,-0.814,-0.157,0.582,-0.962,4.756,0.679,-0.722,-0.297,0.558,-6.649,5.863,0.389,-0.394,-0.359,0.842,0.344,8.695,3.45,-0.255,0.266,0.931,9.969,10.794,-3.504,0.051,-0.282,0.821,-1.275,3.351,0.351,btn_A
1780980074.7717695,-0.821,-0.155,0.575,-0.992,-0.122,-2.0,-0.717,-0.292,0.564,-6.122,-2.641,-0.756,-0.37,-0.38,0.885,-0.71,-0.916,0.55,-0.08,0.142,1.331,24.565,11.473,-2.748,0.064,-0.297,0.855,1.519,1.702,1.58,btn_A
1780980074.8898623,-0.82,-0.155,0.575,-0.389,-1.74,-1.565,-0.722,-0.295,0.566,-6.748,-9.527,-2.687,-0.38,-0.374,0.877,-2.267,-12.344,-5.252,-0.132,0.162,1.302,-10.916,1.115,6.603,0.059,-0.305,0.839,-4.13,-0.702,-0.649,btn_A
1780980074.9857397,-0.82,-0.16,0.577,-1.305,-1.099,-2.366,-0.717,-0.294,0.571,-6.305,-0.756,-0.992,-0.372,-0.378,0.876,-0.985,-0.053,-0.061,-0.164,0.256,1.02,8.092,11.076,0.29,0.057,-0.292,0.831,1.221,4.275,0.061,btn_A
1780980075.0880973,-0.819,-0.155,0.583,-0.603,0.427,-1.252,-0.724,-0.298,0.579,-6.481,-6.122,-1.55,-0.34,-0.391,0.91,-1.718,-4.214,0.817,-0.055,0.281,0.96,27.405,12.924,-6.939,0.068,-0.317,0.848,4.374,9.595,1.069,btn_A
1780980075.183412,-0.817,-0.16,0.591,-0.122,0.939,-2.221,-0.706,-0.298,0.569,-7.702,-11.389,-1.863,-0.382,-0.368,0.864,-2.916,-8.664,-4.45,-0.304,0.305,0.484,-78.924,-12.924,-13.855,0.058,-0.274,0.812,-7.641,3.008,-2.649,btn_A
1780980075.2864246,-0.818,-0.169,0.582,0.221,6.969,1.13,-0.692,-0.302,0.625,-6.099,11.061,-0.107,-0.354,-0.381,0.857,1.504,8.115,1.176,-0.198,0.119,0.823,-4.305,11.672,-0.466,0.07,-0.285,0.808,-2.031,1.008,-1.42,btn_A
1780980075.3897293,-0.817,-0.165,0.581,-2.908,-1.511,-2.786,-0.707,-0.306,0.63,-7.046,-16.122,-4.832,-0.302,-0.387,0.922,0.45,-35.13,-12.939,-0.178,-0.552,1.864,-177.672,-7.282,-32.588,0.083,-0.321,0.818,-16.443,-0.382,-4.115,btn_A
1780980075.5067847,-0.806,-0.169,0.592,-1.244,0.076,-1.565,-0.675,-0.303,0.625,-5.618,3.031,-0.336,-0.288,-0.383,0.906,-2.031,-3.748,-0.901,-0.173,-0.274,1.022,-0.656,6.847,-1.527,0.08,-0.32,0.827,9.031,-5.84,1.527,btn_A
1780980075.6041882,-0.81,-0.166,0.597,-0.893,2.794,-0.382,-0.675,-0.303,0.619,-6.832,1.359,0.076,-0.304,-0.383,0.898,-0.351,0.855,0.328,-0.177,-0.282,1.005,-1.153,5.244,-0.756,0.074,-0.312,0.815,-2.595,3.634,-0.29,btn_A
1780980075.6987262,-0.814,-0.169,0.59,-0.855,1.908,-0.55,-0.683,-0.304,0.613,-6.435,1.389,-0.282,-0.303,-0.39,0.894,-0.763,0.542,0.008,-0.17,-0.289,1.008,-0.366,4.557,-0.817,0.081,-0.316,0.813,-0.038,1.672,-0.252,btn_A
1780980075.801853,-0.809,-0.163,0.596,-1.527,3.977,-0.649,-0.679,-0.302,0.607,-6.817,1.763,0.107,-0.302,-0.392,0.898,-0.718,1.588,0.611,-0.177,-0.292,1.0,0.168,7.076,-0.969,0.077,-0.314,0.82,-1.817,2.405,0.046,btn_A
1780980075.9044065,-0.814,-0.166,0.59,-1.0,2.046,-0.878,-0.679,-0.303,0.605,-6.084,0.901,0.099,-0.303,-0.388,0.889,-0.282,0.214,0.473,-0.166,-0.296,1.009,0.672,5.427,-0.962,0.072,-0.312,0.822,0.84,2.153,-0.084,btn_A
1780980076.0076916,-0.812,-0.164,0.595,-0.573,2.901,0.107,-0.685,-0.304,0.618,-6.885,1.595,0.031,-0.303,-0.387,0.898,-0.87,2.298,1.244,-0.175,-0.292,0.997,-0.565,6.954,0.298,0.075,-0.314,0.822,0.969,4.069,0.374,btn_A
1780980079.201044,-0.81,-0.168,0.587,-0.893,1.511,-0.916,-0.686,-0.303,0.603,-6.267,0.595,-1.191,-0.307,-0.392,0.888,0.176,-0.198,0.023,-0.177,-0.302,0.995,1.397,7.221,-0.137,0.083,-0.314,0.823,-0.351,2.29,-0.122,btn_A
1780980079.3036354,-0.816,-0.164,0.583,-1.061,1.282,-0.878,-0.683,-0.302,0.61,-6.252,0.061,-1.137,-0.307,-0.388,0.887,-0.183,0.206,-0.099,-0.179,-0.308,1.005,1.527,7.267,-0.756,0.083,-0.313,0.828,-0.252,1.802,0.046,btn_A
1780980079.4070015,-0.819,-0.164,0.584,-0.557,1.336,-0.305,-0.685,-0.303,0.603,-6.443,0.046,-1.229,-0.308,-0.395,0.886,-0.176,-0.29,0.046,-0.177,-0.31,1.001,1.336,6.489,-0.267,0.085,-0.307,0.823,-0.534,2.275,-0.084,btn_A
1780980079.5217662,-0.813,-0.16,0.588,-0.771,1.321,-0.29,-0.685,-0.303,0.611,-6.053,0.13,-0.458,-0.313,-0.388,0.89,-0.176,-0.878,0.382,-0.177,-0.307,1.0,0.84,7.198,-0.779,0.087,-0.312,0.82,-0.344,2.069,0.359,btn_A
1780980079.6127124,-0.812,-0.166,0.585,-0.565,1.176,0.229,-0.664,-0.332,0.633,-1.29,34.672,3.336,-0.258,-0.391,0.928,-3.672,13.916,5.786,-0.326,-0.511,1.02,250.13,11.191,56.74,0.075,-0.333,0.836,15.786,-2.656,4.069,btn_A
1780980079.722607,-0.81,-0.165,0.591,0.649,2.092,-0.725,-0.683,-0.306,0.597,-5.389,11.931,0.58,-0.329,-0.389,0.889,1.107,6.626,1.534,-0.166,-0.062,1.143,62.885,7.328,18.855,0.078,-0.295,0.812,0.366,7.519,0.336,btn_A
1780980079.8190646,-0.819,-0.157,0.583,-1.466,2.176,-0.969,-0.702,-0.302,0.59,-6.366,-0.481,-0.328,-0.333,-0.392,0.887,0.763,-1.74,0.168,-0.109,0.104,1.34,44.046,-5.45,11.069,0.074,-0.302,0.836,3.481,-0.359,0.908,btn_A
1780980079.9217186,-0.816,-0.158,0.577,-1.16,-0.412,-1.802,-0.702,-0.298,0.59,-6.137,-3.069,-0.29,-0.339,-0.384,0.885,-1.473,-6.046,-1.282,-0.187,0.054,1.128,-4.947,4.908,1.878,0.072,-0.298,0.826,-2.779,1.145,-0.344,btn_A
1780980080.0368462,-0.816,-0.155,0.58,-1.176,0.702,-0.023,-0.713,-0.31,0.572,-6.313,-1.954,-1.389,-0.333,-0.396,0.91,0.504,3.191,1.443,-0.16,0.074,1.158,24.023,10.237,4.588,0.074,-0.302,0.835,1.489,3.29,0.458,btn_A
1780980080.1424816,-0.813,-0.163,0.583,-1.832,-1.13,-1.519,-0.705,-0.292,0.61,-6.198,3.939,0.351,-0.338,-0.385,0.886,3.115,11.656,3.916,-0.123,0.135,1.07,57.183,1.168,-1.649,0.073,-0.299,0.831,5.45,5.527,2.031,btn_A
1780980080.2373996,-0.819,-0.158,0.57,-0.985,2.214,0.282,-0.706,-0.291,0.573,-5.366,8.748,0.794,-0.352,-0.4,0.882,7.603,16.305,7.74,-0.196,0.167,0.965,58.275,2.137,-6.527,0.047,-0.272,0.807,-0.313,7.496,1.504,btn_A
1780980080.3342934,-0.818,-0.155,0.571,-0.321,-2.183,-3.313,-0.707,-0.298,0.586,-5.74,-2.893,-1.221,-0.352,-0.385,0.886,1.344,7.336,2.557,-0.187,0.232,1.0,14.87,13.924,-6.611,0.059,-0.286,0.82,10.893,6.313,2.344,btn_A
1780980080.4388828,-0.819,-0.159,0.579,-1.412,3.122,-0.031,-0.72,-0.296,0.572,-6.305,8.374,0.382,-0.391,-0.365,0.855,0.794,8.55,3.053,-0.238,0.277,0.942,8.702,9.817,-1.496,0.059,-0.275,0.812,-1.809,3.267,0.015,btn_A
1780980080.5399954,-0.825,-0.156,0.577,-0.962,-2.725,-3.168,-0.71,-0.298,0.57,-7.992,-13.435,-2.962,-0.374,-0.375,0.854,-1.672,-14.305,-6.015,-0.199,0.283,0.691,-59.389,-4.786,2.908,0.08,-0.296,0.808,-3.557,0.359,-1.336,btn_A
1780980080.6437163,-0.818,-0.155,0.586,-4.336,-11.763,-6.893,-0.656,-0.314,0.654,-7.206,-23.992,-5.191,-0.274,-0.405,0.906,2.702,-35.443,-13.046,-0.183,-0.656,2.0,-208.779,10.885,-65.588,0.1,-0.331,0.829,-12.58,4.649,-1.687,btn_A
1780980080.746288,-0.812,-0.164,0.59,-0.206,1.458,-2.351,-0.675,-0.306,0.626,-5.611,4.305,-0.237,-0.281,-0.391,0.902,-1.954,2.55,-0.008,-0.196,-0.275,1.011,-1.153,10.435,-0.962,0.074,-0.306,0.81,8.328,-3.664,1.214,btn_A
1780980080.8492892,-0.817,-0.162,0.585,-0.718,2.382,-0.557,-0.683,-0.304,0.61,-6.374,0.679,-0.504,-0.296,-0.387,0.899,0.214,-0.42,0.366,-0.195,-0.281,1.001,-0.466,5.893,-0.458,0.075,-0.313,0.824,-0.908,2.267,-0.405,btn_A
1780980080.9521956,-0.811,-0.165,0.594,-0.992,1.641,-0.847,-0.681,-0.302,0.606,-6.206,0.336,-0.595,-0.294,-0.387,0.897,-0.473,-0.618,0.595,-0.197,-0.289,0.999,-0.252,5.84,-1.099,0.089,-0.313,0.822,-0.145,1.458,0.229,btn_A
1780980081.0547402,-0.808,-0.166,0.589,-0.748,1.511,-1.13,-0.682,-0.305,0.61,-6.664,0.977,-0.466,-0.3,-0.389,0.895,-1.038,1.519,0.298,-0.197,-0.291,0.998,-1.618,9.198,-0.725,0.083,-0.308,0.827,-0.443,2.534,0.214,btn_A
1780980081.1579869,-0.811,-0.163,0.583,-0.595,1.015,-0.145,-0.682,-0.303,0.606,-6.389,0.427,-0.695,-0.296,-0.387,0.899,-0.351,-0.344,-0.336,-0.195,-0.29,1.008,0.351,7.107,-0.817,0.081,-0.312,0.826,-0.45,1.664,0.26,btn_A
1780980081.270751,-0.809,-0.162,0.59,-1.092,1.336,-0.954,-0.68,-0.306,0.61,-6.374,0.977,-0.191,-0.297,-0.387,0.894,-0.321,0.328,0.252,-0.205,-0.297,0.999,0.947,6.687,-0.71,0.081,-0.307,0.819,-0.542,1.786,0.023,btn_A
1780980081.3693252,-0.814,-0.167,0.583,-0.771,1.275,-0.412,-0.68,-0.303,0.611,-5.947,0.466,-0.534,-0.294,-0.39,0.895,-0.603,-0.321,-0.489,-0.203,-0.294,1.003,1.45,5.466,-0.794,0.082,-0.309,0.822,-0.176,1.893,-0.031,btn_A
1780980081.4668128,-0.815,-0.166,0.59,-0.58,1.359,-1.443,-0.678,-0.302,0.614,-6.588,0.573,-0.55,-0.295,-0.39,0.896,-0.809,0.366,-0.298,-0.191,-0.3,0.999,0.351,7.244,0.122,0.08,-0.31,0.819,-0.496,2.855,0.031,btn_A
1780980081.57003,-0.809,-0.166,0.59,-0.985,1.656,-0.786,-0.682,-0.302,0.605,-6.328,1.008,-0.107,-0.298,-0.391,0.895,-0.122,-0.282,-0.046,-0.195,-0.299,0.998,0.779,7.153,-0.84,0.079,-0.315,0.822,-0.794,2.519,-0.198,btn_A
1780980081.6851342,-0.816,-0.167,0.584,-0.718,1.878,-0.878,-0.676,-0.303,0.61,-6.649,0.611,-0.534,-0.295,-0.39,0.895,-0.427,0.443,0.031,-0.198,-0.299,0.995,1.122,6.534,-0.725,0.077,-0.317,0.824,-0.084,2.0,-0.237,btn_A
1780980081.7844439,-0.815,-0.164,0.591,-0.412,1.229,-0.351,-0.679,-0.304,0.613,-6.42,0.969,0.069,-0.295,-0.39,0.894,-0.298,-0.115,0.687,-0.201,-0.296,0.995,1.313,7.435,0.252,0.077,-0.312,0.818,-0.366,2.191,0.344,btn_A
1780980081.8865898,-0.812,-0.164,0.591,-1.13,2.031,-1.092,-0.681,-0.304,0.617,-6.687,1.252,-0.008,-0.297,-0.389,0.895,-0.473,0.626,0.542,-0.198,-0.305,0.997,1.084,6.992,-0.588,0.076,-0.312,0.817,-0.718,2.962,-0.122,btn_A
1780980081.982066,-0.812,-0.167,0.585,-0.618,1.458,-0.298,-0.68,-0.305,0.609,-6.237,0.397,-0.435,-0.297,-0.384,0.896,-0.397,0.611,0.679,-0.196,-0.3,0.997,1.366,7.282,-0.794,0.082,-0.309,0.82,-0.137,2.321,0.015,btn_A
1780980082.0849967,-0.814,-0.161,0.592,-0.901,1.191,-0.924,-0.682,-0.307,0.61,-6.275,0.221,-0.847,-0.296,-0.387,0.896,-0.237,-0.29,0.214,-0.196,-0.3,0.988,1.198,6.901,-0.55,0.077,-0.308,0.818,0.588,3.168,0.382,btn_A
1780980085.2780604,-0.81,-0.165,0.587,-1.168,1.58,0.282,-0.682,-0.303,0.603,-6.26,1.267,0.466,-0.305,-0.391,0.889,-0.466,-0.252,0.221,-0.198,-0.309,0.991,1.489,7.344,-0.267,0.081,-0.308,0.829,-0.298,1.504,-0.176,btn_A
1780980085.3813431,-0.816,-0.162,0.585,-1.321,1.092,-1.412,-0.681,-0.305,0.609,-6.565,0.771,0.084,-0.3,-0.391,0.89,-0.267,0.29,0.435,-0.197,-0.309,0.999,1.466,6.756,-0.664,0.077,-0.32,0.824,-0.344,2.427,0.023,btn_A
1780980085.486913,-0.813,-0.166,0.584,-0.824,2.084,-0.542,-0.685,-0.308,0.61,-6.641,1.046,-0.328,-0.304,-0.393,0.895,-0.863,-0.267,-0.382,-0.201,-0.314,0.999,0.985,6.817,-0.405,0.079,-0.312,0.812,0.061,2.931,-0.374,btn_A
1780980085.5868247,-0.812,-0.162,0.582,-0.794,1.473,-0.756,-0.683,-0.303,0.609,-5.954,1.145,0.313,-0.303,-0.389,0.895,-0.115,0.168,0.038,-0.204,-0.313,0.995,1.099,6.962,-0.313,0.082,-0.309,0.823,-1.679,2.504,-0.099,btn_A
1780980085.692554,-0.815,-0.165,0.584,-1.344,1.634,-1.16,-0.678,-0.31,0.606,-6.328,0.939,-0.504,-0.307,-0.393,0.891,-0.45,-0.229,-0.053,-0.198,-0.312,0.994,1.466,6.863,-0.405,0.082,-0.318,0.825,-0.962,1.26,-0.168,btn_A
1780980085.7930012,-0.815,-0.163,0.586,-1.282,1.397,-0.664,-0.682,-0.31,0.608,-6.183,0.519,-0.595,-0.298,-0.392,0.888,-0.053,-0.069,-0.298,-0.198,-0.312,0.999,1.817,7.038,-0.519,0.085,-0.309,0.822,-0.382,2.435,-0.076,btn_A
1780980085.89625,-0.814,-0.167,0.585,-0.786,2.053,-0.26,-0.678,-0.306,0.612,-6.573,0.733,-1.015,-0.299,-0.392,0.896,-0.557,0.573,-0.221,-0.2,-0.311,0.995,1.115,6.969,-0.595,0.085,-0.309,0.824,-1.107,2.321,-0.229,btn_A
1780980086.0033078,-0.812,-0.163,0.591,-0.794,1.519,-0.618,-0.676,-0.307,0.611,-6.397,0.824,-0.786,-0.301,-0.391,0.893,-0.473,-0.076,0.252,-0.201,-0.313,1.001,0.901,7.13,0.198,0.091,-0.305,0.825,0.191,2.786,0.023,btn_A
1780980086.1066446,-0.813,-0.168,0.579,-0.282,4.076,1.176,-0.629,-0.315,0.629,-11.573,-10.053,0.626,-0.294,-0.37,0.875,-3.229,30.74,5.031,-0.024,-0.237,0.447,241.366,-0.107,78.084,0.092,-0.298,0.784,14.55,12.863,2.618,btn_A
1780980086.217134,-0.813,-0.165,0.587,-0.099,5.863,1.855,-0.715,-0.306,0.565,-6.878,18.015,1.565,-0.349,-0.392,0.856,6.015,25.092,7.0,-0.238,0.132,0.829,77.359,7.611,-0.573,0.069,-0.275,0.828,-0.511,16.618,1.565,btn_A
1780980086.3215694,-0.825,-0.154,0.578,-1.802,5.573,2.16,-0.7,-0.311,0.593,-5.603,19.695,3.595,-0.377,-0.363,0.86,-5.733,9.229,6.664,-0.188,0.239,0.865,45.626,14.641,-6.809,0.054,-0.282,0.822,5.389,3.115,3.023,btn_A
1780980086.4183445,-0.822,-0.155,0.572,-0.901,1.481,-0.237,-0.731,-0.281,0.543,-7.458,0.122,-0.481,-0.379,-0.359,0.898,0.794,8.466,4.046,-0.188,0.277,0.871,15.29,9.344,-2.374,0.051,-0.281,0.827,4.87,5.55,1.298,btn_A
1780980086.519483,-0.82,-0.153,0.571,-0.893,2.26,-1.168,-0.723,-0.298,0.56,-6.664,-3.87,-1.122,-0.381,-0.373,0.865,-1.679,-4.008,-0.985,-0.212,0.271,0.938,-17.229,2.389,-2.473,0.056,-0.281,0.825,-3.878,0.336,-0.313,btn_A
1780980086.617333,-0.827,-0.153,0.569,-1.481,-6.008,-4.87,-0.74,-0.274,0.496,-9.137,-42.031,-2.427,-0.346,-0.377,0.802,2.809,-63.137,-15.115,-0.024,-0.287,0.322,-250.137,57.389,-76.13,0.091,-0.319,0.804,-23.214,-15.557,-8.427,btn_A
1780980086.7200382,-0.84,-0.135,0.584,-2.046,16.74,0.267,-0.718,-0.305,0.525,-4.931,4.71,0.855,-0.329,-0.362,0.887,-15.015,-21.328,-3.435,-0.196,-0.282,1.028,-6.214,-16.412,-1.389,0.065,-0.336,0.854,-23.656,13.534,-4.076,btn_A
1780980086.8332505,-0.814,-0.162,0.588,-1.298,0.924,-0.992,-0.678,-0.302,0.617,-6.618,1.115,-0.313,-0.29,-0.387,0.891,-1.008,1.924,-0.198,-0.2,-0.286,0.996,-0.824,7.45,-0.611,0.078,-0.31,0.823,1.29,-1.099,0.412,btn_A
1780980086.9365008,-0.819,-0.161,0.58,-0.916,1.427,-1.153,-0.679,-0.302,0.612,-7.0,0.389,-0.275,-0.295,-0.391,0.901,-1.435,1.466,0.031,-0.205,-0.29,1.003,-1.634,9.031,-0.786,0.079,-0.307,0.821,-0.855,3.702,0.061,btn_A
1780980087.0351198,-0.817,-0.163,0.585,-0.435,0.611,-0.412,-0.675,-0.307,0.607,-6.504,0.305,-0.092,-0.293,-0.39,0.895,-0.153,-0.443,0.26,-0.198,-0.295,0.998,0.137,6.672,-0.412,0.077,-0.31,0.818,-0.13,2.191,0.038,btn_A
1780980087.1323607,-0.812,-0.163,0.584,-1.336,0.931,-0.954,-0.683,-0.308,0.603,-6.397,1.206,0.053,-0.294,-0.389,0.893,-0.489,0.771,0.176,-0.202,-0.299,0.996,1.191,7.382,0.092,0.074,-0.31,0.82,-0.908,2.183,0.046,btn_A
1780980087.2369337,-0.813,-0.165,0.588,-1.015,0.985,-0.573,-0.676,-0.301,0.608,-6.359,0.084,-0.443,-0.292,-0.392,0.897,-0.267,0.344,0.519,-0.202,-0.301,0.991,0.427,7.061,-0.435,0.076,-0.31,0.826,-0.405,2.489,-0.16,btn_A
1780980087.3526106,-0.816,-0.162,0.582,-0.427,1.13,-1.198,-0.681,-0.306,0.615,-6.298,0.084,-0.947,-0.297,-0.385,0.892,-0.275,-0.092,0.168,-0.199,-0.297,1.0,0.893,6.252,-1.023,0.074,-0.312,0.829,-0.878,2.0,0.176,btn_A
1780980087.4512966,-0.811,-0.162,0.588,-1.214,1.198,-0.634,-0.684,-0.308,0.609,-6.244,0.412,-1.115,-0.293,-0.39,0.9,-0.29,0.153,0.55,-0.206,-0.301,1.001,1.412,6.985,-0.573,0.076,-0.314,0.825,-0.603,1.924,-0.061,btn_A
1780980087.5443547,-0.811,-0.167,0.578,-1.0,1.16,-1.015,-0.68,-0.307,0.612,-5.977,0.489,-0.916,-0.297,-0.392,0.895,-0.046,0.702,0.672,-0.205,-0.301,1.0,0.748,7.817,-0.305,0.08,-0.308,0.819,-0.206,1.473,0.168,btn_A
1780980087.6524532,-0.81,-0.159,0.588,-0.687,0.305,-0.618,-0.68,-0.302,0.608,-5.916,0.015,-0.366,-0.291,-0.392,0.898,-0.435,-1.038,0.13,-0.202,-0.301,1.002,1.13,7.359,-0.664,0.083,-0.308,0.818,-0.969,3.366,-0.206,btn_A
1780980087.7501664,-0.811,-0.163,0.579,-1.046,1.992,-1.313,-0.679,-0.303,0.61,-6.672,0.878,-0.076,-0.293,-0.392,0.893,-0.611,0.305,0.0,-0.209,-0.301,0.998,0.817,6.855,-0.878,0.079,-0.31,0.815,-0.924,2.092,-0.122,btn_A
1780980087.8533785,-0.816,-0.163,0.583,-0.771,1.229,-0.702,-0.677,-0.306,0.604,-6.397,0.504,0.519,-0.293,-0.396,0.893,-0.412,0.855,-0.015,-0.205,-0.303,0.994,1.328,6.992,-0.046,0.077,-0.309,0.822,-0.374,2.656,-0.076,btn_A
1780980087.964944,-0.815,-0.165,0.587,-1.038,2.16,-1.008,-0.678,-0.306,0.612,-6.321,1.206,0.412,-0.297,-0.392,0.89,-0.29,0.29,-0.198,-0.204,-0.301,0.995,1.015,7.061,-0.664,0.081,-0.308,0.823,-0.466,2.366,-0.061,btn_A
1780980088.059396,-0.811,-0.164,0.581,-0.878,1.321,-0.985,-0.677,-0.308,0.613,-6.702,0.542,-0.427,-0.296,-0.389,0.9,0.0,-0.267,0.008,-0.205,-0.302,0.991,1.511,7.55,-0.435,0.078,-0.309,0.814,-0.427,2.74,-0.351,btn_A
1780980088.170916,-0.815,-0.163,0.583,-0.733,0.977,-0.542,-0.679,-0.303,0.614,-6.153,0.733,-0.115,-0.294,-0.393,0.894,-0.573,0.595,0.084,-0.202,-0.299,0.991,1.153,7.282,-0.183,0.076,-0.308,0.812,-0.252,2.489,0.305,btn_A
1780980088.265551,-0.812,-0.164,0.587,-0.969,0.878,-1.137,-0.682,-0.309,0.614,-6.252,0.901,-0.298,-0.298,-0.391,0.895,-0.26,-0.183,0.336,-0.206,-0.302,0.993,1.168,6.908,-0.802,0.077,-0.307,0.826,-0.756,2.359,-0.084,btn_A
1780980091.4584384,-0.81,-0.167,0.593,-0.824,1.863,-1.336,-0.682,-0.305,0.615,-6.305,0.794,-0.198,-0.297,-0.392,0.894,-0.321,-0.42,0.305,-0.201,-0.312,0.986,1.489,7.084,-0.313,0.079,-0.307,0.826,-0.565,2.313,0.092,btn_A
1780980091.5680425,-0.811,-0.166,0.587,-1.16,1.481,-0.763,-0.681,-0.302,0.609,-6.779,0.855,-0.679,-0.293,-0.392,0.894,-0.542,0.542,0.74,-0.206,-0.31,0.992,1.366,7.893,-0.191,0.081,-0.323,0.821,-0.931,2.244,-0.031,btn_A
1780980091.6702554,-0.816,-0.164,0.582,-0.985,1.244,-1.031,-0.681,-0.301,0.606,-6.45,0.565,-0.336,-0.299,-0.392,0.894,-0.557,-0.015,0.672,-0.207,-0.309,0.994,1.45,7.176,-0.863,0.075,-0.312,0.825,-0.687,2.13,0.183,btn_A
1780980091.769082,-0.814,-0.167,0.583,-0.901,1.336,-0.244,-0.684,-0.309,0.602,-6.969,0.733,-0.122,-0.297,-0.391,0.894,-0.328,-0.809,0.466,-0.205,-0.308,0.995,1.405,7.244,0.305,0.068,-0.305,0.825,-0.504,2.58,-0.176,btn_A
1780980091.8844426,-0.821,-0.165,0.582,-1.229,1.855,-0.947,-0.684,-0.307,0.607,-6.519,0.947,-0.198,-0.297,-0.392,0.899,-0.092,-0.542,0.115,-0.202,-0.306,1.0,1.053,5.618,-0.878,0.082,-0.313,0.828,-0.672,2.237,-0.397,btn_A
1780980091.9734197,-0.817,-0.163,0.582,-0.771,2.053,-0.496,-0.687,-0.302,0.607,-6.611,0.435,-0.198,-0.302,-0.393,0.885,0.168,-0.656,-0.176,-0.166,-0.323,1.079,-6.069,2.763,0.214,0.069,-0.31,0.826,-0.466,2.679,-1.107,btn_A
1780980092.085055,-0.828,-0.166,0.576,-0.595,9.672,0.771,-0.706,-0.308,0.604,-2.107,30.0,1.458,-0.31,-0.392,0.885,-3.237,1.962,1.229,-0.224,-0.187,0.969,99.519,2.038,29.145,0.076,-0.304,0.818,-0.618,14.107,0.168,btn_A
1780980092.1842675,-0.812,-0.161,0.585,-1.13,3.656,0.313,-0.703,-0.291,0.604,-4.366,19.947,1.321,-0.333,-0.388,0.886,2.603,19.115,3.786,-0.182,0.018,0.865,77.511,-2.901,11.618,0.071,-0.298,0.823,9.771,0.748,2.168,btn_A
1780980092.2823868,-0.825,-0.159,0.57,-1.26,4.214,0.74,-0.725,-0.282,0.554,-8.084,8.634,0.321,-0.332,-0.389,0.879,-5.611,8.046,2.267,-0.187,0.154,0.991,34.977,5.412,-2.794,0.061,-0.285,0.828,-3.656,1.115,-0.855,btn_A
1780980092.385459,-0.829,-0.158,0.57,-1.183,1.336,0.198,-0.715,-0.295,0.577,-5.817,4.534,-0.183,-0.36,-0.371,0.863,1.244,6.221,1.771,-0.192,0.165,0.954,11.053,8.427,-3.137,0.055,-0.282,0.82,-0.969,2.939,-0.069,btn_A
1780980092.502983,-0.816,-0.158,0.574,-0.962,1.817,-0.229,-0.713,-0.29,0.564,-6.038,3.725,-0.076,-0.367,-0.38,0.874,-0.328,4.13,2.015,-0.265,0.184,1.013,7.382,3.618,-4.198,0.057,-0.287,0.814,-1.29,2.137,-0.046,btn_A
1780980092.6044338,-0.814,-0.155,0.571,-0.672,0.771,-0.71,-0.708,-0.302,0.567,-5.832,-2.206,-1.183,-0.36,-0.376,0.882,-0.931,-1.763,0.115,-0.159,0.18,1.004,3.221,6.893,-0.87,0.065,-0.295,0.836,0.519,2.695,-0.298,btn_A
1780980092.7082572,-0.822,-0.158,0.583,-0.969,1.145,-1.84,-0.727,-0.301,0.555,-7.252,-11.511,-2.046,-0.345,-0.374,0.889,-4.901,-12.847,-3.214,-0.141,0.125,1.066,-30.412,7.038,1.008,0.065,-0.306,0.825,-2.695,-0.496,-0.885,btn_A
1780980092.7972353,-0.821,-0.162,0.578,-1.519,-0.817,-2.053,-0.702,-0.31,0.594,-7.145,-6.046,-1.336,-0.34,-0.385,0.871,-3.443,-7.229,-2.191,-0.181,0.135,0.85,-52.824,11.595,-5.359,0.063,-0.288,0.814,-5.748,-1.198,-1.962,btn_A
1780980092.9005778,-0.816,-0.164,0.582,-0.298,3.13,-0.038,-0.699,-0.318,0.607,-6.221,1.779,0.389,-0.33,-0.386,0.88,-0.893,-3.626,-0.206,-0.197,0.031,0.928,-32.527,11.947,-9.29,0.07,-0.293,0.821,-3.962,0.939,-1.168,btn_A
1780980093.0033543,-0.818,-0.165,0.576,-0.573,2.099,-0.557,-0.689,-0.297,0.586,-5.679,1.679,0.725,-0.329,-0.389,0.887,-0.107,-3.374,-1.13,-0.209,-0.014,0.926,-20.267,7.0,-2.031,0.073,-0.301,0.821,-2.969,1.076,-0.985,btn_A
1780980093.1067824,-0.812,-0.168,0.579,-1.443,-0.779,-1.443,-0.688,-0.305,0.615,-5.672,-3.481,-0.855,-0.297,-0.388,0.901,-0.847,-10.656,-3.641,-0.171,-0.266,1.292,-60.076,8.748,-13.13,0.083,-0.311,0.827,-2.366,0.458,-0.664,btn_A
1780980093.215488,-0.816,-0.166,0.582,-1.695,-1.718,-2.473,-0.678,-0.299,0.597,-7.107,-9.206,-1.588,-0.233,-0.376,0.986,-4.031,-11.718,-1.855,-0.241,-0.266,0.659,1.061,19.458,0.817,0.059,-0.335,0.86,7.656,7.794,0.908,btn_A
1780980093.3126235,-0.813,-0.167,0.584,-1.374,2.176,-0.832,-0.683,-0.303,0.61,-6.29,1.496,-0.458,-0.296,-0.393,0.893,-0.832,0.198,-0.344,-0.2,-0.299,1.002,0.26,6.916,-0.878,0.078,-0.316,0.826,-3.031,5.015,-0.695,btn_A
1780980093.415824,-0.812,-0.164,0.583,-0.962,1.038,-1.527,-0.683,-0.306,0.611,-6.58,0.603,-0.802,-0.296,-0.392,0.893,-0.191,0.489,-0.183,-0.199,-0.297,1.002,0.481,6.947,-0.947,0.085,-0.312,0.828,-0.145,1.824,0.015,btn_A
1780980093.5188015,-0.813,-0.163,0.588,-0.214,1.122,-0.046,-0.681,-0.306,0.617,-6.275,0.458,-0.992,-0.283,-0.388,0.9,-0.229,0.336,0.794,-0.201,-0.3,1.0,0.863,7.099,-0.71,0.086,-0.311,0.817,-0.527,2.725,0.382,btn_A
1780980093.636704,-0.811,-0.162,0.583,-0.916,0.817,-1.275,-0.679,-0.311,0.608,-6.084,0.527,-0.634,-0.293,-0.387,0.894,-0.374,0.305,0.328,-0.194,-0.303,0.997,0.275,8.13,-0.565,0.081,-0.312,0.827,-1.099,1.702,0.214,btn_A
1780980093.736748,-0.817,-0.162,0.58,-0.626,1.565,-0.504,-0.68,-0.306,0.612,-6.603,0.038,-0.893,-0.295,-0.39,0.896,-0.397,-0.076,0.031,-0.197,-0.302,0.989,1.282,5.847,-1.008,0.079,-0.303,0.82,-1.015,1.74,0.107,btn_A
1780980093.8348691,-0.811,-0.166,0.588,-1.099,0.878,-1.046,-0.681,-0.302,0.603,-6.519,0.275,-0.771,-0.288,-0.386,0.896,-0.473,-0.603,0.305,-0.192,-0.308,1.005,0.763,7.496,0.153,0.079,-0.315,0.832,0.053,2.298,-0.214,btn_A
1780980093.935613,-0.815,-0.164,0.588,-1.107,1.496,-0.687,-0.677,-0.307,0.611,-6.519,0.718,-0.267,-0.289,-0.384,0.892,-0.374,0.809,0.573,-0.196,-0.302,0.998,1.076,7.695,-1.099,0.073,-0.307,0.819,-0.16,2.481,-0.076,btn_A
1780980094.0334074,-0.815,-0.165,0.585,-1.0,0.969,-1.145,-0.682,-0.301,0.613,-6.405,0.511,-0.298,-0.289,-0.387,0.9,-0.466,-0.176,-0.237,-0.195,-0.305,0.997,1.496,6.55,-0.275,0.081,-0.31,0.824,-0.473,2.29,0.0,btn_A
1780980094.1364942,-0.813,-0.163,0.592,-0.588,1.122,0.031,-0.681,-0.306,0.609,-6.412,0.527,-0.733,-0.29,-0.392,0.894,-0.389,-0.206,-0.298,-0.195,-0.304,0.999,0.969,6.969,-0.45,0.079,-0.316,0.827,-0.359,2.374,0.221,btn_A
1780980094.250094,-0.816,-0.165,0.583,-1.313,1.275,-1.405,-0.677,-0.305,0.609,-6.206,0.992,-0.496,-0.297,-0.387,0.893,-0.115,-0.26,-0.038,-0.197,-0.302,0.998,1.748,6.168,-0.443,0.081,-0.312,0.822,-0.779,2.534,0.13,btn_A
1780980094.3515687,-0.811,-0.164,0.586,-0.618,1.824,-0.359,-0.679,-0.305,0.605,-6.359,0.634,-0.145,-0.295,-0.387,0.897,-0.489,0.313,-0.397,-0.196,-0.304,0.999,1.336,7.183,-0.519,0.08,-0.312,0.82,-0.458,2.458,0.16,btn_A
1780980097.5356922,-0.816,-0.164,0.586,-1.405,0.985,-1.107,-0.678,-0.307,0.615,-6.328,0.053,-0.435,-0.291,-0.389,0.896,0.031,0.107,0.237,-0.193,-0.306,0.994,1.382,7.191,-0.122,0.079,-0.305,0.823,-0.275,2.519,0.038,btn_A
1780980097.6489108,-0.813,-0.162,0.585,-0.947,0.771,-0.901,-0.684,-0.306,0.612,-6.282,0.656,-0.168,-0.295,-0.39,0.896,-0.092,-0.405,0.58,-0.199,-0.307,0.992,1.611,7.191,-0.809,0.076,-0.311,0.824,-0.389,3.038,0.229,btn_A
1780980097.7492864,-0.815,-0.168,0.582,-0.931,0.969,-0.16,-0.682,-0.304,0.609,-6.107,0.901,0.122,-0.295,-0.389,0.892,-0.733,-0.473,0.305,-0.196,-0.308,0.992,1.084,7.16,-0.397,0.083,-0.313,0.829,-0.55,2.397,0.145,btn_A
1780980097.844906,-0.815,-0.164,0.583,-0.962,1.359,-1.015,-0.682,-0.307,0.605,-6.176,1.13,0.42,-0.295,-0.388,0.899,-0.313,-0.031,0.679,-0.197,-0.311,0.997,1.244,6.855,-0.45,0.077,-0.309,0.829,-1.122,2.649,-0.015,btn_A
1780980097.9562507,-0.813,-0.163,0.581,-0.687,1.847,-0.084,-0.683,-0.307,0.608,-6.779,0.832,0.061,-0.295,-0.391,0.896,-0.55,-0.275,0.084,-0.193,-0.312,0.998,1.305,6.534,-0.779,0.074,-0.312,0.817,-0.557,1.885,-0.015,btn_A
1780980098.0572941,-0.814,-0.168,0.589,-1.0,1.924,-0.771,-0.681,-0.306,0.606,-6.389,0.115,-0.099,-0.293,-0.395,0.897,-0.26,0.588,0.573,-0.181,-0.322,1.017,-2.863,2.947,-0.275,0.079,-0.319,0.812,0.176,1.504,-0.443,btn_A
1780980098.153766,-0.806,-0.166,0.576,-1.229,-2.649,-1.809,-0.692,-0.28,0.644,-5.359,13.084,0.985,-0.291,-0.407,0.904,0.74,28.092,5.847,-0.18,-0.112,0.545,141.542,12.641,26.893,0.096,-0.308,0.829,10.26,8.229,2.603,btn_A
1780980098.256763,-0.814,-0.163,0.586,0.183,4.176,0.74,-0.701,-0.299,0.57,-5.954,8.74,0.229,-0.335,-0.39,0.877,0.122,10.344,2.443,-0.217,-0.004,1.034,58.267,-1.695,11.733,0.06,-0.299,0.836,-0.008,7.13,0.336,btn_A
1780980098.368542,-0.817,-0.158,0.581,-0.855,1.366,0.084,-0.694,-0.285,0.566,-5.74,5.702,0.366,-0.34,-0.383,0.867,1.092,2.573,1.328,-0.189,0.052,1.076,36.076,3.489,3.046,0.065,-0.303,0.834,3.313,2.511,0.901,btn_A
1780980098.4682002,-0.823,-0.153,0.569,-0.557,0.511,-0.954,-0.705,-0.301,0.593,-6.137,3.191,-0.176,-0.347,-0.384,0.88,1.176,1.962,1.466,-0.17,0.062,1.195,31.908,3.931,3.008,0.067,-0.29,0.837,3.611,3.435,1.122,btn_A
1780980098.5657885,-0.82,-0.163,0.589,-1.412,0.817,-0.679,-0.702,-0.293,0.578,-6.626,7.916,-0.023,-0.349,-0.375,0.862,2.748,7.023,3.214,-0.187,0.123,1.206,38.573,1.244,1.977,0.058,-0.277,0.824,2.069,3.824,-0.008,btn_A
1780980098.6686206,-0.813,-0.161,0.571,-1.718,0.282,-0.519,-0.71,-0.299,0.567,-5.794,-0.298,-0.519,-0.371,-0.367,0.865,-0.42,-5.481,-0.221,-0.202,0.217,0.991,-8.855,3.931,-0.863,0.057,-0.292,0.82,-1.718,-0.023,-0.13,btn_A
1780980098.7822065,-0.823,-0.158,0.573,-0.519,0.595,-1.466,-0.716,-0.294,0.565,-6.473,-3.473,-1.466,-0.368,-0.363,0.861,-1.954,-5.412,-1.924,-0.226,0.179,1.056,-21.168,0.038,-1.817,0.064,-0.29,0.827,-3.26,-1.901,-0.595,btn_A
1780980098.8821166,-0.824,-0.155,0.572,-0.641,1.328,-0.168,-0.709,-0.299,0.573,-6.74,-1.641,-0.863,-0.362,-0.369,0.862,-1.496,-3.504,-1.29,-0.182,0.216,0.922,-12.718,3.099,-0.527,0.063,-0.302,0.833,-1.908,0.908,-0.435,btn_A
1780980098.9838934,-0.823,-0.161,0.58,-2.84,-10.031,-6.038,-0.708,-0.278,0.598,-8.405,-40.046,-4.282,-0.284,-0.396,0.932,-0.45,-39.557,-8.092,-0.16,-0.204,1.605,-132.389,13.252,-25.336,0.1,-0.322,0.825,-7.16,3.962,-2.176,btn_A
1780980099.080784,-0.79,-0.167,0.593,-1.229,0.466,-1.985,-0.683,-0.3,0.619,-6.573,-12.718,-1.916,-0.292,-0.384,0.902,2.718,-28.351,-8.649,0.336,-0.416,1.176,70.763,16.206,-2.771,0.129,-0.337,0.824,-3.695,-11.626,2.26,btn_A
1780980099.1840477,-0.809,-0.167,0.584,0.962,3.275,-0.832,-0.673,-0.31,0.625,-6.565,0.137,-0.366,-0.294,-0.383,0.896,-1.16,3.282,-0.366,-0.195,-0.297,1.001,-1.023,7.626,-0.565,0.075,-0.298,0.822,-4.466,4.863,-0.481,btn_A
1780980099.300469,-0.818,-0.163,0.577,-1.366,1.695,-0.534,-0.68,-0.304,0.615,-6.641,0.45,-0.076,-0.298,-0.382,0.893,-1.038,0.115,-0.084,-0.196,-0.296,1.001,-0.901,8.45,-0.725,0.077,-0.317,0.833,1.389,-0.031,0.122,btn_A
1780980099.4007015,-0.816,-0.163,0.587,-0.725,0.908,-1.557,-0.681,-0.304,0.615,-6.351,0.092,0.061,-0.295,-0.384,0.9,-0.336,-0.687,0.351,-0.186,-0.298,0.996,-0.336,6.71,-0.771,0.083,-0.31,0.82,-1.26,4.053,-0.489,btn_A
1780980099.5016692,-0.812,-0.166,0.584,-0.45,1.58,0.321,-0.682,-0.306,0.611,-6.542,0.908,-0.16,-0.297,-0.384,0.895,-0.58,0.702,-0.053,-0.19,-0.301,1.001,-0.145,7.137,-0.847,0.081,-0.312,0.826,-0.237,2.099,-0.519,btn_A
1780980099.6028528,-0.818,-0.165,0.587,-1.321,1.16,-1.298,-0.682,-0.307,0.611,-6.069,0.374,-0.55,-0.296,-0.382,0.905,0.137,-0.809,0.351,-0.187,-0.3,1.0,0.916,5.71,-0.901,0.074,-0.316,0.819,-0.466,2.58,0.198,btn_A
1780980099.70163,-0.812,-0.169,0.589,-1.076,1.351,-0.565,-0.678,-0.307,0.611,-6.626,0.504,-1.527,-0.295,-0.386,0.898,-0.557,-0.153,0.779,-0.189,-0.309,0.998,0.511,7.924,0.099,0.074,-0.31,0.812,-0.275,2.511,0.115,btn_A
1780980099.8019557,-0.814,-0.167,0.581,-0.656,1.466,-1.16,-0.678,-0.304,0.615,-6.046,0.427,-1.115,-0.292,-0.383,0.899,-0.702,0.26,0.298,-0.19,-0.307,0.993,0.374,7.458,-0.649,0.085,-0.316,0.823,-0.473,2.679,0.13,btn_A
1780980099.918836,-0.813,-0.165,0.582,-1.412,1.824,-0.855,-0.68,-0.303,0.617,-6.191,0.42,-0.908,-0.305,-0.386,0.897,-0.435,0.511,0.115,-0.196,-0.309,0.996,1.252,6.885,-0.794,0.079,-0.314,0.826,-0.565,2.718,-0.252,btn_A
1780980100.0201561,-0.82,-0.171,0.582,-0.863,0.176,-1.611,-0.676,-0.305,0.61,-6.0,0.412,-0.603,-0.287,-0.382,0.893,0.015,-0.603,-0.427,-0.196,-0.307,1.001,0.26,6.221,-1.053,0.08,-0.314,0.819,0.137,2.229,-0.038,btn_A
1780980100.1155486,-0.811,-0.161,0.583,-0.977,1.366,-0.527,-0.677,-0.303,0.608,-6.206,1.069,-0.061,-0.298,-0.386,0.896,-0.252,-0.237,0.031,-0.192,-0.31,0.996,1.046,7.244,-0.534,0.083,-0.308,0.824,-0.626,2.618,0.046,btn_A
1780980100.2141778,-0.817,-0.165,0.587,-1.069,0.947,-1.489,-0.679,-0.309,0.614,-6.496,0.504,0.397,-0.295,-0.387,0.896,-0.267,0.573,-0.183,-0.194,-0.31,1.001,1.092,8.046,-0.519,0.082,-0.31,0.815,-0.16,2.794,-0.527,btn_A
1780980100.3170598,-0.81,-0.165,0.585,-0.687,2.267,-0.252,-0.678,-0.304,0.616,-7.053,0.924,0.061,-0.302,-0.381,0.89,-0.099,-0.573,0.221,-0.194,-0.309,0.994,1.0,7.038,-0.176,0.082,-0.313,0.823,-0.893,2.321,-0.023,btn_A
1780980100.4369051,-0.811,-0.164,0.585,-1.031,1.496,-1.336,-0.681,-0.307,0.613,-6.13,0.863,-0.221,-0.295,-0.383,0.903,-0.107,-0.099,0.588,-0.191,-0.308,1.0,1.0,7.427,-0.588,0.085,-0.307,0.833,-0.374,2.649,0.282,btn_A
1780980103.715691,-0.811,-0.161,0.584,-0.763,0.954,-0.42,-0.675,-0.302,0.617,-6.313,0.397,-0.313,-0.289,-0.381,0.904,-0.725,-0.16,-0.26,-0.184,-0.319,0.994,1.702,6.603,-1.031,0.08,-0.31,0.826,0.137,2.74,-0.237,btn_A
1780980103.8199584,-0.812,-0.165,0.594,-0.901,0.733,-1.496,-0.675,-0.302,0.617,-6.824,1.702,-0.458,-0.3,-0.375,0.902,-1.221,1.137,-0.015,-0.184,-0.318,0.995,-0.107,7.656,-0.611,0.079,-0.304,0.824,-0.359,3.763,0.534,btn_A
1780980103.922293,-0.813,-0.164,0.583,-2.252,2.756,-0.794,-0.674,-0.301,0.615,-8.084,2.504,-0.702,-0.313,-0.385,0.876,-1.0,1.038,-0.557,-0.211,-0.324,0.992,1.84,5.504,-1.672,0.076,-0.306,0.821,-3.618,-1.427,-1.099,btn_A
1780980104.0250447,-0.813,-0.165,0.579,-0.771,0.771,-1.206,-0.683,-0.305,0.618,-6.366,0.687,-0.573,-0.292,-0.385,0.895,-0.809,-0.137,-1.137,-0.181,-0.319,1.0,0.496,5.824,-1.16,0.087,-0.316,0.814,-0.176,1.885,-0.061,btn_A
1780980104.1283417,-0.808,-0.17,0.584,-0.641,1.107,-0.771,-0.678,-0.307,0.614,-6.702,0.748,0.374,-0.307,-0.386,0.902,-0.267,-0.74,-0.45,-0.199,-0.319,1.009,1.565,7.603,-0.099,0.078,-0.312,0.826,0.13,2.107,-0.802,btn_A
1780980104.23402,-0.815,-0.167,0.582,-0.748,1.74,-0.817,-0.681,-0.308,0.61,-6.725,0.344,-0.069,-0.298,-0.387,0.895,-0.023,-1.405,-0.176,-0.185,-0.325,0.994,2.168,5.969,-0.366,0.083,-0.312,0.825,-0.107,1.412,-0.588,btn_A
1780980104.3345683,-0.815,-0.162,0.587,-1.206,4.168,-0.656,-0.681,-0.304,0.596,-8.015,3.687,-0.313,-0.296,-0.387,0.889,-0.115,2.115,0.618,-0.188,-0.322,1.002,1.061,6.656,-0.542,0.076,-0.306,0.823,-1.42,2.191,-0.328,btn_A
1780980104.4518635,-0.822,-0.161,0.587,-2.29,6.153,-0.015,-0.712,-0.306,0.52,-5.412,7.458,1.779,-0.322,-0.411,0.868,4.0,7.137,3.405,-0.214,-0.308,1.267,183.046,5.244,54.504,0.072,-0.316,0.836,7.099,0.878,1.924,btn_A
1780980104.5492573,-0.812,-0.167,0.591,-1.298,1.221,0.489,-0.707,-0.293,0.591,-5.038,14.863,0.45,-0.357,-0.363,0.9,9.305,24.237,6.099,-0.232,0.093,0.785,89.366,5.779,27.847,0.02,-0.281,0.83,11.313,11.924,5.031,btn_A
1780980104.648424,-0.819,-0.154,0.58,-0.137,5.542,1.702,-0.721,-0.29,0.562,-5.26,12.115,0.221,-0.352,-0.359,0.884,1.924,11.206,4.008,-0.189,0.204,0.937,18.305,3.122,-2.786,0.057,-0.282,0.813,-5.427,1.756,-0.916,btn_A
1780980104.7463133,-0.819,-0.162,0.584,-1.443,1.947,-0.702,-0.707,-0.296,0.569,-6.397,6.389,1.366,-0.367,-0.365,0.897,0.489,9.069,4.389,-0.161,0.22,0.968,22.015,8.947,-10.237,0.051,-0.293,0.836,2.733,2.954,0.573,btn_A
1780980104.849211,-0.817,-0.158,0.579,-0.916,-0.382,-1.13,-0.71,-0.295,0.582,-6.58,7.359,0.756,-0.363,-0.362,0.857,1.45,7.847,2.527,-0.196,0.209,0.992,8.534,12.389,-3.511,0.052,-0.278,0.817,0.809,3.328,0.649,btn_A
1780980104.9524722,-0.822,-0.152,0.581,-1.084,-2.534,-2.023,-0.707,-0.295,0.626,-5.947,-8.015,-0.229,-0.347,-0.365,0.886,-4.13,-11.939,-3.466,-0.167,0.203,0.91,-75.344,7.443,-5.008,0.056,-0.295,0.833,-5.16,-0.092,-1.595,btn_A
1780980105.0690832,-0.827,-0.164,0.578,-1.58,-2.084,-2.443,-0.709,-0.295,0.612,-7.42,-26.13,-1.344,-0.324,-0.383,0.902,2.305,-25.298,-7.16,-0.135,-0.196,0.509,-249.382,33.565,-53.58,0.081,-0.304,0.817,-10.855,-5.092,-4.13,btn_A
1780980105.1681411,-0.843,-0.162,0.579,10.84,18.053,4.267,-0.643,-0.314,0.682,-7.244,14.153,0.939,-0.315,-0.368,0.884,14.962,10.031,1.779,-0.238,-0.28,0.997,-1.947,-5.55,0.023,0.08,-0.285,0.79,-22.466,13.939,-3.74,btn_A
1780980105.2659454,-0.811,-0.168,0.583,-0.718,1.611,-1.511,-0.675,-0.304,0.618,-5.863,0.366,-0.412,-0.29,-0.379,0.894,0.145,1.069,0.29,-0.195,-0.295,0.996,-0.351,5.992,-0.87,0.08,-0.316,0.819,5.473,-2.779,1.481,btn_A
1780980105.3654447,-0.814,-0.168,0.586,-0.771,0.55,-1.069,-0.672,-0.306,0.62,-5.771,0.198,-0.534,-0.293,-0.383,0.896,-0.656,0.321,0.313,-0.192,-0.297,1.001,-0.489,7.687,-1.183,0.074,-0.308,0.824,-1.527,4.763,-0.229,btn_A
1780980105.4670546,-0.812,-0.164,0.589,-0.969,1.878,-0.55,-0.677,-0.305,0.613,-6.145,0.885,-0.885,-0.295,-0.381,0.902,-0.481,-0.29,0.183,-0.191,-0.305,0.997,0.641,7.008,-0.443,0.087,-0.311,0.817,-0.252,1.985,-0.206,btn_A
1780980105.5873723,-0.816,-0.166,0.585,-0.992,1.168,-0.779,-0.674,-0.304,0.623,-6.58,0.435,-1.099,-0.296,-0.386,0.901,-0.42,0.527,0.221,-0.196,-0.303,1.0,0.794,8.038,-0.458,0.072,-0.309,0.825,-0.779,2.328,0.237,btn_A
1780980105.6827157,-0.811,-0.166,0.584,-0.71,1.435,-0.855,-0.677,-0.302,0.613,-6.626,0.198,-1.115,-0.292,-0.385,0.9,-0.221,0.107,0.214,-0.199,-0.302,1.004,0.863,7.344,-0.504,0.081,-0.308,0.817,-0.527,1.985,0.122,btn_A
1780980105.7882125,-0.81,-0.165,0.589,-0.74,1.641,-0.237,-0.679,-0.3,0.617,-6.321,0.763,-0.527,-0.3,-0.382,0.903,-0.718,0.084,-0.244,-0.191,-0.304,1.001,1.053,7.832,0.122,0.076,-0.311,0.821,-0.412,2.534,0.153,btn_A
1780980105.8791978,-0.813,-0.167,0.585,-1.412,1.374,-0.962,-0.677,-0.304,0.616,-6.191,0.679,-0.137,-0.292,-0.383,0.903,-0.504,-1.0,-0.336,-0.193,-0.302,0.996,0.954,6.87,-0.962,0.076,-0.312,0.825,-0.702,2.954,0.092,btn_A
1780980105.982147,-0.81,-0.166,0.588,-0.893,1.649,-0.916,-0.676,-0.305,0.614,-6.595,0.656,-0.702,-0.293,-0.381,0.899,-0.13,0.252,0.16,-0.197,-0.302,0.997,1.305,7.023,-0.489,0.071,-0.31,0.82,-0.786,2.649,0.015,btn_A
1780980106.0980554,-0.815,-0.162,0.585,-0.977,2.527,0.008,-0.678,-0.302,0.616,-6.962,0.954,-0.893,-0.294,-0.385,0.9,-0.687,0.344,0.015,-0.196,-0.309,0.99,0.603,6.282,-0.87,0.081,-0.31,0.816,-1.626,2.076,0.069,btn_A
1780980106.199172,-0.813,-0.167,0.585,-1.153,1.489,-1.588,-0.675,-0.307,0.619,-6.252,0.885,-0.557,-0.299,-0.385,0.894,-0.008,0.351,0.389,-0.196,-0.305,1.002,0.634,7.29,0.214,0.075,-0.313,0.831,0.321,1.87,-0.046,btn_A
1780980106.2983756,-0.815,-0.165,0.582,-0.947,2.069,-0.038,-0.673,-0.306,0.63,-6.649,1.305,-0.267,-0.296,-0.384,0.897,-0.313,-0.511,0.397,-0.196,-0.312,0.997,1.237,7.0,-0.718,0.075,-0.31,0.818,-1.015,2.992,-0.176,btn_A
1780980106.3995135,-0.816,-0.167,0.588,-1.038,2.443,-0.748,-0.682,-0.303,0.605,-6.58,1.595,0.336,-0.305,-0.385,0.908,-0.389,2.313,0.863,-0.187,-0.302,0.992,0.542,7.45,-0.954,0.085,-0.31,0.813,0.595,2.405,-0.26,btn_A
1780980106.5008826,-0.815,-0.168,0.59,-1.145,1.053,-0.702,-0.676,-0.305,0.621,-6.198,0.053,-0.153,-0.299,-0.382,0.9,-0.481,0.756,0.023,-0.186,-0.306,0.992,1.298,7.214,-0.481,0.074,-0.308,0.828,-0.496,2.924,-0.137,btn_A
1780980106.600367,-0.813,-0.167,0.582,-0.405,0.885,-1.038,-0.677,-0.303,0.614,-6.282,0.489,0.382,-0.302,-0.383,0.907,-0.061,0.244,0.244,-0.202,-0.31,0.999,1.183,7.427,-0.832,0.074,-0.307,0.816,-1.137,3.198,-0.29,btn_A
1780980109.793166,-0.815,-0.164,0.586,-1.626,3.298,-1.427,-0.68,-0.307,0.608,-6.954,0.351,-0.74,-0.294,-0.386,0.893,-1.557,-1.489,0.176,-0.206,-0.33,0.99,1.771,5.931,-1.588,0.077,-0.312,0.827,-0.603,1.763,-0.649,btn_A
1780980109.9032147,-0.807,-0.163,0.589,-0.511,1.466,-0.145,-0.68,-0.302,0.61,-5.634,1.366,0.527,-0.297,-0.379,0.898,-0.267,2.008,0.053,-0.194,-0.32,0.988,0.969,7.023,-0.321,0.085,-0.309,0.818,-1.443,2.87,0.122,btn_A
1780980109.9991322,-0.808,-0.167,0.586,-0.893,1.947,-1.168,-0.682,-0.302,0.621,-6.344,0.847,0.069,-0.298,-0.384,0.897,-0.427,-0.282,0.466,-0.199,-0.325,0.995,1.183,7.168,-0.824,0.077,-0.307,0.822,0.267,1.244,0.336,btn_A
1780980110.102383,-0.811,-0.164,0.596,-1.504,1.924,-0.664,-0.679,-0.303,0.616,-6.55,0.901,-0.672,-0.291,-0.382,0.898,-1.252,-0.267,0.389,-0.193,-0.324,0.988,0.626,8.687,0.092,0.083,-0.308,0.817,0.542,3.817,0.344,btn_A
1780980110.2151418,-0.805,-0.16,0.591,-0.916,-0.137,-1.137,-0.677,-0.302,0.614,-6.229,0.656,-0.511,-0.292,-0.384,0.897,-0.076,0.901,1.031,-0.192,-0.318,0.994,1.847,9.038,0.405,0.073,-0.3,0.823,-0.305,4.0,0.641,btn_A
1780980110.3082275,-0.808,-0.161,0.589,-0.794,1.351,-0.359,-0.678,-0.304,0.613,-6.565,0.557,-0.618,-0.302,-0.381,0.899,-0.641,0.603,-0.053,-0.197,-0.323,0.98,1.687,6.489,-0.748,0.088,-0.31,0.82,-0.901,1.351,-0.13,btn_A
1780980110.4165838,-0.811,-0.167,0.591,-1.092,1.168,-1.29,-0.676,-0.302,0.62,-6.908,1.069,-1.015,-0.291,-0.387,0.907,-1.771,-0.878,-1.176,-0.192,-0.333,0.977,6.962,-3.115,-1.557,0.064,-0.299,0.812,1.557,8.13,-0.115,btn_A
1780980110.5164807,-0.8,-0.164,0.603,1.366,25.885,6.748,-0.645,-0.34,0.603,4.45,70.519,8.954,-0.419,-0.337,0.87,5.061,20.55,14.412,-0.731,-0.032,0.963,86.824,32.916,-10.145,0.08,-0.281,0.869,-1.374,33.71,-0.366,btn_A
1780980110.6331487,-0.826,-0.158,0.572,-0.328,0.87,-0.13,-0.716,-0.303,0.563,-5.443,3.588,0.336,-0.336,-0.36,0.827,1.069,-5.863,-0.328,-0.165,0.085,1.25,14.863,-1.084,4.298,0.066,-0.302,0.847,5.756,-17.595,1.42,btn_A
1780980110.733207,-0.81,-0.157,0.597,-1.031,0.42,0.481,-0.715,-0.289,0.573,-7.206,-2.634,-0.336,-0.342,-0.349,0.858,2.458,3.84,1.863,-0.185,0.21,0.932,2.244,8.855,1.534,0.066,-0.278,0.827,2.168,8.618,1.527,btn_A
1780980110.8236647,-0.826,-0.167,0.562,0.511,6.87,1.626,-0.723,-0.298,0.566,-6.435,5.237,-0.947,-0.383,-0.357,0.851,-2.695,-0.092,-0.756,-0.219,0.227,0.9,-9.763,2.359,2.969,0.054,-0.291,0.816,-8.137,-2.977,-1.527,btn_A
1780980110.9317453,-0.832,-0.158,0.563,-0.786,-6.374,-5.008,-0.714,-0.308,0.607,-5.939,-43.542,-5.176,-0.369,-0.37,0.822,6.137,-69.321,-13.427,0.049,-0.13,0.022,-250.137,45.092,-89.198,0.093,-0.339,0.855,-25.519,-20.634,-8.672,btn_A
1780980111.0292852,-0.877,-0.081,0.575,-6.832,2.969,-1.718,-0.698,-0.288,0.61,-6.939,-5.649,-0.748,-0.294,-0.384,0.905,-18.473,-20.878,-4.053,-0.168,-0.292,1.033,-0.069,-18.718,-0.695,0.083,-0.35,0.858,-16.305,18.656,-3.038,btn_A
1780980111.132563,-0.809,-0.169,0.596,-0.924,0.916,-1.16,-0.668,-0.299,0.639,-6.504,0.702,-0.573,-0.272,-0.371,0.908,-1.695,0.702,-0.267,-0.194,-0.28,1.006,-0.053,7.076,-0.985,0.076,-0.31,0.814,3.168,-1.817,0.26,btn_A
1780980111.2356164,-0.807,-0.171,0.596,-0.939,1.573,-0.962,-0.667,-0.298,0.622,-6.076,0.84,-0.137,-0.283,-0.376,0.904,-0.489,0.191,-0.046,-0.196,-0.293,1.0,-1.397,6.611,-0.626,0.078,-0.317,0.822,-1.969,2.611,-0.389,btn_A
1780980111.3387046,-0.806,-0.165,0.597,-0.809,0.45,-0.969,-0.663,-0.303,0.628,-5.954,0.779,0.145,-0.276,-0.371,0.908,-0.794,0.366,-0.45,-0.193,-0.288,1.008,-0.107,6.252,-1.809,0.077,-0.313,0.821,1.176,3.099,0.489,btn_A
1780980111.4490862,-0.811,-0.169,0.59,-0.489,0.756,-1.069,-0.667,-0.304,0.625,-6.863,0.809,-0.504,-0.251,-0.372,0.905,-0.405,1.458,0.58,-0.192,-0.297,0.997,-0.145,6.863,-0.817,0.077,-0.303,0.817,-1.336,2.634,-0.634,btn_A
1780980111.5494258,-0.809,-0.166,0.586,-0.702,0.458,-0.794,-0.666,-0.3,0.627,-6.13,0.336,-0.511,-0.276,-0.372,0.917,-0.008,-0.58,0.405,-0.191,-0.295,1.006,0.374,6.832,-0.489,0.093,-0.315,0.82,0.985,1.504,0.45,btn_A
1780980111.6474597,-0.81,-0.17,0.594,-1.092,2.008,-1.092,-0.67,-0.301,0.631,-6.794,0.359,-1.191,-0.286,-0.381,0.907,-1.015,0.26,0.298,-0.199,-0.3,0.997,0.481,7.427,-0.916,0.076,-0.312,0.821,-0.947,2.42,-0.137,btn_A
1780980111.750596,-0.807,-0.165,0.598,-0.176,1.351,-1.13,-0.672,-0.301,0.628,-6.176,0.16,-1.305,-0.281,-0.376,0.907,-0.313,-0.214,0.473,-0.196,-0.298,1.004,1.031,7.344,-0.008,0.081,-0.313,0.824,-0.26,1.954,0.008,btn_A
1780980111.8657103,-0.806,-0.16,0.596,-0.985,2.244,-0.412,-0.668,-0.302,0.627,-6.336,0.908,-0.504,-0.28,-0.374,0.905,-0.595,0.206,0.229,-0.202,-0.297,0.997,0.656,7.015,-0.878,0.078,-0.315,0.833,-1.275,1.473,0.092,btn_A
1780980111.9645612,-0.812,-0.173,0.586,-1.084,1.145,-0.901,-0.673,-0.302,0.624,-5.977,0.458,0.107,-0.286,-0.38,0.909,0.695,-0.336,0.008,-0.198,-0.303,0.993,2.0,5.733,0.153,0.088,-0.316,0.834,0.26,1.115,-0.504,btn_A
1780980112.0596821,-0.805,-0.164,0.597,-0.336,1.145,-0.84,-0.666,-0.303,0.628,-6.511,0.679,-0.443,-0.276,-0.377,0.914,-0.939,-1.046,-0.427,-0.196,-0.302,1.004,0.534,7.023,-0.885,0.083,-0.307,0.819,-0.031,3.183,0.366,btn_A
1780980112.1642702,-0.805,-0.167,0.593,-0.809,1.695,-0.573,-0.671,-0.305,0.627,-6.595,1.336,0.237,-0.284,-0.375,0.903,-0.046,1.435,0.221,-0.199,-0.303,1.0,1.13,7.473,-0.046,0.077,-0.307,0.815,-0.473,2.595,-0.87,btn_A
1780980112.2656143,-0.809,-0.167,0.594,-1.481,2.45,-0.069,-0.672,-0.298,0.619,-6.649,1.626,-0.29,-0.283,-0.372,0.912,-0.802,-0.046,0.031,-0.194,-0.304,1.0,0.779,6.954,-0.847,0.081,-0.314,0.818,-0.664,1.588,0.008,btn_A
1780980112.3687592,-0.811,-0.169,0.591,-0.565,2.183,-0.595,-0.667,-0.304,0.629,-6.466,1.214,-0.298,-0.288,-0.376,0.904,-0.824,1.756,0.71,-0.205,-0.302,0.988,0.573,8.221,-0.206,0.077,-0.312,0.825,-0.557,1.855,0.809,btn_A
1780980112.4810433,-0.811,-0.163,0.592,-1.466,2.183,-0.855,-0.671,-0.304,0.625,-6.359,0.947,-0.71,-0.291,-0.377,0.909,-0.237,-0.427,0.87,-0.2,-0.306,0.99,0.962,6.527,-0.382,0.079,-0.314,0.823,-0.664,1.504,0.321,btn_A
1780980112.5814216,-0.81,-0.167,0.589,-0.832,0.901,-1.084,-0.674,-0.302,0.623,-6.496,0.427,-0.985,-0.288,-0.374,0.905,-0.305,-0.366,-0.015,-0.204,-0.304,0.997,1.084,7.206,-0.939,0.081,-0.312,0.826,-0.107,2.374,-0.221,btn_A
1780980112.6776874,-0.809,-0.168,0.591,-0.672,1.908,0.038,-0.667,-0.303,0.629,-6.702,1.092,-0.458,-0.29,-0.377,0.906,-0.901,1.176,0.084,-0.2,-0.309,0.995,1.122,7.198,-0.45,0.082,-0.306,0.828,-0.427,1.992,0.427,btn_A
1780980112.7804494,-0.811,-0.164,0.59,-1.206,1.702,-1.298,-0.67,-0.304,0.626,-6.611,0.771,-0.336,-0.285,-0.379,0.905,-0.779,1.336,0.061,-0.202,-0.308,0.994,1.145,6.489,-0.534,0.078,-0.308,0.819,-0.557,2.794,0.26,btn_A
1780980115.973511,-0.813,-0.166,0.587,-0.221,2.183,-0.458,-0.675,-0.306,0.623,-6.344,0.809,-0.779,-0.294,-0.379,0.904,-0.931,-0.122,-0.107,-0.203,-0.319,0.996,0.702,6.397,-0.298,0.071,-0.312,0.812,-0.893,2.718,0.053,btn_A
1780980116.0839713,-0.81,-0.169,0.584,-1.076,1.863,-0.656,-0.672,-0.31,0.613,-6.473,0.71,-0.542,-0.291,-0.381,0.893,-0.321,0.412,0.13,-0.206,-0.32,0.988,1.87,7.389,-0.695,0.073,-0.305,0.826,-0.763,2.366,-0.015,btn_A
1780980116.1799517,-0.811,-0.167,0.587,-0.916,1.756,-0.931,-0.676,-0.308,0.609,-6.16,0.221,-1.237,-0.289,-0.38,0.9,0.015,-0.344,0.076,-0.207,-0.321,0.995,1.542,6.847,-0.878,0.081,-0.31,0.825,-0.611,1.878,-0.115,btn_A
1780980116.2825944,-0.813,-0.165,0.587,-0.832,1.496,-0.313,-0.674,-0.308,0.616,-6.115,0.771,-0.962,-0.295,-0.383,0.904,-0.641,-0.053,-0.618,-0.202,-0.32,0.991,1.443,6.107,-0.962,0.082,-0.308,0.824,-0.405,1.779,0.13,btn_A
1780980116.3965306,-0.81,-0.164,0.583,-1.153,0.771,-1.282,-0.672,-0.307,0.617,-6.183,0.565,-0.099,-0.293,-0.383,0.903,-0.237,0.244,0.176,-0.199,-0.315,0.987,1.786,7.626,-0.664,0.078,-0.306,0.824,-0.885,2.504,-0.053,btn_A
1780980116.4981992,-0.812,-0.162,0.592,-0.786,1.466,-0.176,-0.675,-0.306,0.614,-6.389,0.641,-0.122,-0.295,-0.385,0.895,0.053,-0.244,0.252,-0.208,-0.319,0.998,0.023,6.924,-0.847,0.078,-0.31,0.821,-1.008,1.893,-0.29,btn_A
1780980116.5942976,-0.812,-0.162,0.573,-1.008,1.198,-0.542,-0.639,-0.317,0.619,-8.221,-6.275,0.427,-0.282,-0.398,0.914,1.046,15.153,2.229,-0.308,-0.407,1.24,80.061,25.588,35.473,0.101,-0.323,0.833,0.046,0.267,1.84,btn_A
1780980116.6948838,-0.831,-0.153,0.556,-0.145,10.687,3.076,-0.717,-0.281,0.52,-5.504,27.458,3.84,-0.382,-0.381,0.848,7.443,39.16,7.908,-0.141,-0.011,1.027,145.374,-19.947,5.252,0.061,-0.271,0.797,6.252,13.527,3.489,btn_A
1780980116.7982125,-0.829,-0.16,0.567,-0.298,3.412,1.718,-0.729,-0.299,0.598,-3.42,14.366,1.985,-0.368,-0.372,0.84,3.092,6.962,7.595,-0.136,0.152,1.183,48.573,6.29,-14.924,0.056,-0.286,0.822,-0.359,-2.855,0.695,btn_A
1780980116.9159982,-0.818,-0.161,0.568,-1.145,-3.588,-1.901,-0.715,-0.298,0.568,-6.397,-1.374,-1.16,-0.384,-0.372,0.871,-1.153,-0.405,-0.962,-0.117,0.151,1.281,15.87,11.771,0.038,0.064,-0.286,0.839,-0.107,1.519,0.374,btn_A
1780980117.0165381,-0.821,-0.155,0.574,-1.351,-2.427,-2.802,-0.727,-0.295,0.564,-6.718,-6.466,-1.496,-0.378,-0.379,0.887,-1.458,-2.298,-1.183,-0.135,0.193,1.131,8.359,10.305,0.16,0.055,-0.292,0.836,2.244,5.366,0.489,btn_A
1780980117.1163087,-0.819,-0.16,0.577,-0.618,1.336,-1.573,-0.717,-0.303,0.557,-8.069,-16.389,-2.748,-0.396,-0.361,0.849,-6.061,-15.26,-7.397,-0.231,0.229,0.769,-66.779,1.191,5.55,0.048,-0.288,0.814,-7.908,-1.168,-3.527,btn_A
1780980117.210127,-0.827,-0.156,0.563,-1.198,4.176,-0.206,-0.715,-0.305,0.57,-6.847,-6.153,-0.985,-0.384,-0.368,0.855,-1.695,-9.458,-1.916,-0.117,0.213,0.558,-101.878,4.031,-22.649,0.054,-0.29,0.817,-5.672,-7.305,-1.931,btn_A
1780980117.3129637,-0.786,-0.178,0.621,-3.855,-25.252,-11.137,-0.665,-0.307,0.605,-7.084,-38.145,-7.023,0.105,-0.364,1.22,-34.275,-7.679,3.603,-0.699,-0.285,0.641,9.641,17.321,4.855,-0.028,-0.348,0.83,57.718,-16.221,9.527,btn_A
1780980117.4159434,-0.816,-0.164,0.591,-0.771,5.511,-0.962,-0.679,-0.304,0.607,-6.817,5.351,-0.099,-0.303,-0.385,0.896,-2.977,4.74,1.038,-0.205,-0.295,0.996,-6.733,10.641,-0.649,0.077,-0.304,0.819,-16.794,19.168,-2.137,btn_A
1780980117.5335917,-0.815,-0.166,0.581,-0.809,0.893,-0.153,-0.674,-0.31,0.611,-6.435,-0.031,-0.435,-0.293,-0.381,0.889,-0.45,-0.656,-0.382,-0.185,-0.302,0.997,-1.672,6.702,-0.756,0.079,-0.317,0.82,4.366,-3.29,1.321,btn_A
1780980117.6353302,-0.814,-0.165,0.578,-1.0,1.038,-1.328,-0.679,-0.308,0.61,-6.244,0.809,-0.389,-0.304,-0.379,0.89,-0.076,1.29,0.206,-0.198,-0.311,0.993,-0.221,6.809,-0.71,0.072,-0.313,0.822,-3.397,4.656,-1.244,btn_A
1780980117.7330227,-0.819,-0.167,0.584,-0.962,1.252,-0.878,-0.682,-0.302,0.603,-6.191,0.565,-0.237,-0.297,-0.383,0.896,-0.603,-0.634,-0.443,-0.193,-0.312,0.993,-0.397,6.534,-0.985,0.074,-0.317,0.827,0.489,0.275,0.374,btn_A
1780980117.8278606,-0.815,-0.168,0.579,-0.756,0.916,-1.229,-0.682,-0.304,0.617,-6.305,0.55,-0.267,-0.301,-0.382,0.899,-0.305,-0.183,-0.366,-0.188,-0.312,0.996,0.435,6.824,-0.763,0.071,-0.305,0.817,-0.328,2.443,-0.084,btn_A
1780980117.931339,-0.817,-0.165,0.582,-1.076,0.962,-0.878,-0.68,-0.31,0.617,-6.55,0.366,0.328,-0.302,-0.381,0.89,-0.053,-0.695,0.298,-0.19,-0.315,0.993,0.954,7.046,-0.786,0.076,-0.314,0.818,0.29,2.26,0.244,btn_A
1780980118.0338526,-0.817,-0.169,0.586,-0.931,1.397,-1.153,-0.678,-0.303,0.615,-6.756,1.038,-0.282,-0.298,-0.384,0.892,-1.29,1.191,0.489,-0.198,-0.318,0.99,-1.038,8.679,-0.282,0.071,-0.315,0.815,-0.359,3.992,-0.206,btn_A
1780980118.1368656,-0.82,-0.165,0.581,-0.573,1.221,-0.221,-0.675,-0.311,0.613,-6.313,0.282,-0.481,-0.297,-0.388,0.899,-0.466,0.405,0.344,-0.198,-0.317,0.99,1.252,6.275,-0.977,0.073,-0.313,0.816,-0.649,1.779,-0.122,btn_A
1780980118.2483675,-0.819,-0.164,0.585,-0.969,0.244,-1.481,-0.68,-0.308,0.612,-6.137,0.351,-0.794,-0.301,-0.377,0.896,-0.115,-0.328,-0.031,-0.192,-0.323,0.993,1.534,7.122,-0.122,0.075,-0.313,0.818,0.061,2.466,-0.16,btn_A
1780980118.3426087,-0.82,-0.168,0.58,-0.756,1.519,-0.366,-0.686,-0.311,0.604,-6.374,0.45,-1.305,-0.299,-0.385,0.891,-0.527,-0.26,-0.084,-0.198,-0.32,0.99,1.344,7.046,-0.893,0.078,-0.307,0.826,-0.908,2.008,0.084,btn_A
1780980118.4482553,-0.812,-0.162,0.582,-0.588,1.802,-1.534,-0.677,-0.309,0.602,-6.595,0.733,-0.901,-0.302,-0.389,0.903,-0.771,0.679,-0.611,-0.197,-0.323,0.992,1.313,6.198,-0.427,0.073,-0.312,0.823,-0.511,2.595,-0.565,btn_A
1780980118.5496762,-0.812,-0.165,0.576,-1.313,1.351,-0.725,-0.682,-0.31,0.603,-6.023,0.359,-0.061,-0.301,-0.39,0.893,-0.046,-0.038,-0.397,-0.194,-0.322,0.989,1.458,6.588,-0.824,0.081,-0.316,0.821,-0.863,0.969,-0.053,btn_A
1780980118.6516898,-0.82,-0.166,0.581,-0.527,1.45,-1.16,-0.683,-0.307,0.614,-6.015,1.145,-0.031,-0.302,-0.389,0.889,-0.534,-1.954,-0.061,-0.19,-0.32,0.994,0.519,6.366,-1.176,0.081,-0.31,0.818,-0.672,2.046,0.267,btn_A
1780980118.7558744,-0.811,-0.169,0.582,-0.733,1.389,0.107,-0.682,-0.312,0.615,-7.0,0.74,0.305,-0.302,-0.385,0.901,-0.496,1.458,1.115,-0.19,-0.318,0.983,1.534,8.16,0.45,0.079,-0.308,0.823,-0.038,2.71,0.534,btn_A
1780980118.8579216,-0.812,-0.165,0.586,-0.992,0.756,-1.015,-0.678,-0.307,0.621,-6.252,1.344,0.626,-0.308,-0.383,0.889,-0.023,2.313,0.985,-0.208,-0.321,0.979,1.939,8.053,-0.878,0.077,-0.306,0.822,1.168,3.74,0.511,btn_A
1780980122.0633104,-0.815,-0.168,0.578,-0.504,1.305,-0.832,-0.686,-0.313,0.607,-6.55,0.947,0.076,-0.296,-0.398,0.881,-0.55,-0.099,-0.473,-0.192,-0.343,0.984,1.389,7.267,-0.771,0.075,-0.31,0.818,-0.305,3.099,-0.137,btn_A
1780980122.1649592,-0.813,-0.167,0.581,-1.252,2.061,-1.122,-0.683,-0.314,0.604,-6.695,0.496,-0.13,-0.302,-0.397,0.891,-0.313,-0.305,-0.282,-0.198,-0.34,0.978,1.053,6.588,-0.29,0.08,-0.312,0.822,-0.55,1.824,0.107,btn_A
1780980122.264446,-0.816,-0.17,0.568,-0.42,0.389,-0.878,-0.686,-0.318,0.594,-5.74,-0.42,-0.031,-0.297,-0.395,0.89,0.969,-2.489,-0.16,-0.192,-0.342,0.983,2.061,5.641,-0.71,0.083,-0.31,0.824,0.321,2.405,-0.366,btn_A
1780980122.3650873,-0.818,-0.17,0.58,-0.687,0.458,-0.603,-0.68,-0.32,0.604,-6.16,0.412,-0.748,-0.298,-0.396,0.897,-0.359,-0.069,0.122,-0.187,-0.339,0.99,1.702,6.603,0.092,0.072,-0.316,0.818,0.634,2.931,-0.321,btn_A
1780980122.463535,-0.814,-0.172,0.575,-0.771,0.954,-1.015,-0.685,-0.317,0.606,-6.366,0.656,-0.878,-0.299,-0.395,0.895,-0.489,0.084,0.275,-0.193,-0.335,0.983,1.412,7.382,-0.771,0.078,-0.312,0.827,-0.511,2.351,0.099,btn_A
1780980122.5660696,-0.813,-0.171,0.58,-1.183,1.802,-0.878,-0.679,-0.316,0.598,-6.511,0.595,-0.504,-0.299,-0.393,0.884,-0.504,-0.374,0.16,-0.197,-0.339,0.984,1.092,7.107,-0.122,0.077,-0.308,0.816,-0.496,2.771,0.008,btn_A
1780980122.6702816,-0.815,-0.166,0.58,-0.489,1.038,-0.061,-0.678,-0.315,0.61,-5.954,1.397,0.13,-0.291,-0.383,0.901,-0.595,0.206,0.267,-0.303,-0.455,1.321,50.336,21.198,57.198,0.097,-0.303,0.803,1.756,3.771,-0.687,btn_A
1780980122.7722716,-0.812,-0.162,0.591,1.473,-2.641,-0.473,-0.688,-0.317,0.596,-0.634,22.038,1.962,-0.299,-0.402,0.882,0.733,9.183,1.679,-0.058,-0.105,0.998,181.405,-25.053,43.947,0.076,-0.289,0.827,12.977,15.679,5.954,btn_A
1780980122.8821979,-0.807,-0.157,0.585,-0.595,-0.977,0.336,-0.718,-0.271,0.53,-6.397,0.061,-0.015,-0.334,-0.365,0.894,2.107,10.237,5.71,-0.128,0.162,1.178,64.191,5.573,1.099,0.04,-0.284,0.823,2.069,2.397,2.634,btn_A
1780980122.9780207,-0.819,-0.16,0.583,-0.679,3.794,0.832,-0.722,-0.295,0.552,-6.099,-5.931,-0.634,-0.387,-0.391,0.907,-4.305,-11.481,-1.191,-0.056,0.194,1.186,21.954,3.084,-2.092,0.059,-0.299,0.848,-6.405,-2.55,-0.466,btn_A
1780980123.0810053,-0.819,-0.159,0.584,-1.443,-0.702,-2.542,-0.714,-0.297,0.555,-10.817,-28.466,-5.252,-0.377,-0.358,0.875,-11.26,-28.87,-13.229,-0.234,0.332,0.467,-161.427,-10.557,3.137,0.039,-0.281,0.813,-20.183,-3.519,-5.832,btn_A
1780980123.1949189,-0.8,-0.113,0.684,-7.939,-4.748,-2.992,-0.677,-0.31,0.623,-6.305,-16.534,-3.031,-0.252,-0.344,0.998,5.107,-24.969,0.115,-0.095,-0.184,0.018,20.443,66.489,-0.565,0.039,-0.369,0.871,18.924,15.031,3.244,btn_A
1780980123.2886574,-0.808,-0.167,0.594,0.344,3.893,-0.252,-0.662,-0.306,0.635,-6.382,3.893,0.473,-0.284,-0.38,0.9,-0.733,-0.374,0.672,-0.206,-0.293,0.992,-1.611,7.916,-0.511,0.067,-0.307,0.813,-11.992,12.489,-1.756,btn_A
1780980123.3977063,-0.811,-0.166,0.596,-1.55,2.481,-0.756,-0.672,-0.308,0.625,-6.809,0.756,-0.702,-0.288,-0.38,0.905,-1.366,0.794,-0.16,-0.203,-0.297,1.005,-1.046,7.893,-1.229,0.072,-0.328,0.812,1.672,-1.336,0.26,btn_A
1780980123.502304,-0.812,-0.169,0.593,-0.962,1.267,-1.534,-0.668,-0.307,0.625,-6.756,0.847,-0.305,-0.284,-0.382,0.9,-1.122,1.359,-0.458,-0.195,-0.299,1.0,-0.374,7.115,-0.664,0.075,-0.316,0.826,-1.466,3.763,-0.298,btn_A
1780980123.596314,-0.808,-0.169,0.594,-0.45,1.473,-0.107,-0.67,-0.31,0.623,-6.817,1.786,-0.527,-0.289,-0.383,0.905,0.16,0.947,0.198,-0.194,-0.306,0.987,-1.489,7.557,-1.084,0.083,-0.321,0.817,0.893,1.756,0.107,btn_A
1780980123.6991432,-0.808,-0.171,0.591,-1.168,2.191,-0.779,-0.668,-0.309,0.624,-7.305,1.71,-0.275,-0.29,-0.378,0.905,-0.992,1.366,0.542,-0.198,-0.307,0.992,-0.45,8.023,-0.832,0.078,-0.317,0.826,-1.16,2.031,0.046,btn_A
1780980123.8133438,-0.813,-0.167,0.589,-1.634,2.977,-0.244,-0.676,-0.307,0.62,-7.832,1.687,-1.137,-0.286,-0.389,0.899,-2.359,1.115,-0.206,-0.201,-0.315,0.992,-0.473,7.0,-1.084,0.074,-0.317,0.815,-0.046,0.954,-0.298,btn_A
1780980123.913804,-0.814,-0.17,0.586,-0.985,1.45,-1.779,-0.67,-0.308,0.615,-6.099,1.13,-0.008,-0.29,-0.38,0.901,-0.313,0.763,0.282,-0.203,-0.314,0.99,0.038,6.947,-1.542,0.079,-0.32,0.811,-0.008,1.55,-0.458,btn_A
1780980124.0126889,-0.815,-0.167,0.587,-1.107,0.878,-1.29,-0.668,-0.313,0.616,-6.031,0.649,-0.374,-0.288,-0.39,0.897,-0.031,-0.412,-0.008,-0.198,-0.316,0.99,1.115,6.702,-1.069,0.077,-0.32,0.814,0.504,2.0,-0.046,btn_A
1780980124.1110556,-0.81,-0.167,0.589,-0.718,0.786,-0.863,-0.67,-0.309,0.62,-6.031,0.916,0.115,-0.292,-0.386,0.902,0.336,0.45,0.176,-0.201,-0.314,0.993,1.672,6.29,-1.015,0.08,-0.314,0.821,-1.008,2.679,-0.664,btn_A
1780980124.214054,-0.813,-0.163,0.593,-0.519,2.107,0.527,-0.677,-0.311,0.618,-5.863,0.595,0.198,-0.293,-0.385,0.899,0.076,0.962,0.16,-0.198,-0.317,0.988,1.366,6.985,-0.74,0.078,-0.323,0.818,-0.214,2.511,-0.076,btn_A
1780980124.328335,-0.81,-0.167,0.592,-1.145,-0.634,-1.412,-0.674,-0.303,0.625,-5.641,-0.702,-0.687,-0.286,-0.375,0.897,0.863,-0.481,-0.626,-0.203,-0.313,0.987,1.679,6.634,-1.061,0.079,-0.317,0.819,-2.084,2.748,-0.183,btn_A
1780980124.4307601,-0.804,-0.167,0.594,-0.107,0.237,-0.13,-0.664,-0.302,0.63,-5.458,-0.282,-0.359,-0.291,-0.378,0.908,0.16,1.206,1.229,-0.198,-0.31,0.989,1.382,9.313,-0.397,0.085,-0.319,0.821,1.046,4.931,0.458,btn_A
1780980124.5312676,-0.812,-0.158,0.6,-0.313,1.023,-1.031,-0.667,-0.306,0.631,-5.954,-0.359,-1.336,-0.286,-0.384,0.913,-1.229,0.649,0.031,-0.204,-0.319,0.991,0.779,7.374,-0.58,0.072,-0.316,0.819,-2.992,4.359,-0.275,btn_A
1780980124.6264524,-0.819,-0.164,0.583,-4.802,16.16,1.756,-0.676,-0.306,0.607,-10.969,3.969,-1.191,-0.307,-0.383,0.898,-4.824,8.725,1.962,-0.224,-0.325,0.975,-1.183,9.634,-0.824,0.06,-0.317,0.806,-3.794,4.008,0.29,btn_A
1780980124.7419536,-0.804,-0.162,0.605,-0.275,-2.496,-0.885,-0.666,-0.299,0.629,-5.519,1.237,1.344,-0.3,-0.373,0.898,0.87,2.076,1.626,-0.246,-0.317,0.987,1.397,14.74,2.672,0.045,-0.301,0.851,9.473,7.328,2.099,btn_A
1780980124.847904,-0.846,-0.215,0.536,2.832,11.481,4.794,-0.662,-0.322,0.622,-5.473,-1.519,-0.427,-0.251,-0.364,0.897,0.221,-15.611,-4.557,-0.122,-0.315,1.004,-0.038,-18.985,-3.878,0.14,-0.369,0.847,-8.008,-9.046,-2.817,btn_A
1780980124.947257,-0.778,-0.144,0.643,-4.611,-17.107,-6.229,-0.659,-0.298,0.633,-6.725,-3.366,0.45,-0.288,-0.376,0.912,-0.55,8.061,3.672,-0.237,-0.323,0.98,3.847,32.763,2.893,0.037,-0.264,0.8,5.634,24.542,3.458,btn_A
1780980125.0447128,-0.832,-0.173,0.575,-0.71,16.634,3.954,-0.674,-0.307,0.609,-7.809,4.29,0.183,-0.32,-0.372,0.891,-0.16,1.321,-0.863,-0.204,-0.315,0.987,-1.313,-4.275,-2.435,0.092,-0.332,0.837,-4.786,-12.183,-1.191,btn_A
1780980128.2314606,-0.815,-0.166,0.58,-0.977,-0.55,-1.221,-0.676,-0.304,0.621,-5.595,-0.168,0.122,-0.302,-0.379,0.91,0.969,3.221,1.412,-0.207,-0.332,0.984,2.832,9.321,0.542,0.075,-0.313,0.8,-2.229,7.191,-1.069,btn_A
1780980128.3345358,-0.82,-0.169,0.585,-0.061,-0.481,-0.908,-0.685,-0.305,0.605,-4.58,-0.786,-1.107,-0.312,-0.375,0.895,0.321,-4.267,-2.153,-0.199,-0.319,0.991,0.336,1.534,-2.687,0.088,-0.327,0.822,0.229,-1.023,1.046,btn_A
1780980128.4374595,-0.816,-0.165,0.588,-0.664,-0.298,-1.389,-0.671,-0.301,0.615,-5.382,-0.817,-0.527,-0.296,-0.382,0.896,1.046,-1.229,-0.435,-0.204,-0.335,0.979,3.771,5.237,0.038,0.075,-0.316,0.814,-1.847,6.511,-2.969,btn_A
1780980128.5406487,-0.818,-0.129,0.513,2.435,4.427,1.588,-0.652,-0.249,0.566,-3.641,0.221,-3.908,-0.25,-0.376,0.904,-2.809,-6.588,-5.099,-0.158,-0.347,1.0,-1.084,-5.489,-4.198,0.112,-0.345,0.811,-4.359,-7.053,0.107,btn_A
1780980128.645959,-0.812,-0.146,0.611,-0.573,-2.954,-3.473,-0.675,-0.284,0.627,-6.053,0.275,-0.733,-0.302,-0.378,0.901,-0.954,4.557,0.908,-0.221,-0.334,0.983,0.252,12.939,-1.313,0.076,-0.3,0.81,0.153,4.84,0.252,btn_A
1780980128.7465177,-0.81,-0.164,0.589,-0.817,6.985,1.733,-0.677,-0.302,0.616,-7.42,2.595,0.626,-0.298,-0.382,0.892,-1.26,-1.55,1.183,-0.202,-0.33,0.984,0.58,6.71,0.511,0.079,-0.322,0.828,1.824,0.115,0.046,btn_A
1780980128.8618765,-0.81,-0.163,0.594,-0.832,1.366,-1.0,-0.678,-0.304,0.607,-6.542,0.824,-0.061,-0.313,-0.384,0.89,-1.359,1.008,0.244,-0.206,-0.337,0.981,0.435,7.695,-1.092,0.078,-0.323,0.82,-2.374,6.855,-1.947,btn_A
1780980128.9617462,-0.81,-0.165,0.586,-1.008,-0.023,-0.695,-0.67,-0.306,0.618,-5.656,0.038,-0.168,-0.288,-0.373,0.893,1.221,-0.687,1.092,-0.198,-0.324,0.988,3.244,6.863,0.206,0.099,-0.319,0.823,1.603,-0.13,1.176,btn_A
1780980129.0601215,-0.814,-0.162,0.58,-0.885,1.221,-1.496,-0.672,-0.308,0.615,-6.344,0.191,-0.893,-0.307,-0.383,0.891,-0.771,-1.748,0.252,-0.208,-0.333,0.982,0.863,7.168,-0.458,0.074,-0.315,0.822,-1.206,3.344,0.015,btn_A
1780980129.1585217,-0.813,-0.162,0.593,-0.405,0.962,0.115,-0.683,-0.305,0.608,-6.664,1.656,-0.275,-0.325,-0.374,0.894,0.458,2.374,0.328,-0.227,-0.329,0.98,1.802,6.359,-1.885,0.085,-0.33,0.805,-2.191,0.42,-1.969,btn_A
1780980129.261613,-0.822,-0.164,0.579,-1.725,2.374,-1.366,-0.671,-0.314,0.612,-6.649,-0.099,-1.137,-0.3,-0.389,0.905,-1.702,-4.519,-1.573,-0.193,-0.334,0.982,1.229,3.947,-1.153,0.099,-0.323,0.823,0.397,1.733,-1.038,btn_A
1780980129.3645358,-0.802,-0.165,0.605,-0.962,-0.595,-1.046,-0.671,-0.305,0.616,-6.092,0.55,-0.824,-0.298,-0.379,0.894,-0.893,0.84,-0.466,-0.206,-0.333,0.984,1.221,8.13,-0.817,0.083,-0.315,0.815,-3.115,6.504,-0.45,btn_A
1780980129.4799497,-0.817,-0.171,0.586,-0.878,3.405,-0.763,-0.678,-0.309,0.616,-6.58,0.87,-0.55,-0.309,-0.383,0.898,0.58,-1.336,0.405,-0.207,-0.333,0.983,1.74,5.282,-0.229,0.083,-0.323,0.824,2.183,-2.122,-0.382,btn_A
1780980129.5796642,-0.811,-0.164,0.59,-1.099,0.992,-1.099,-0.677,-0.303,0.617,-6.0,0.466,-0.397,-0.297,-0.381,0.898,-0.328,-0.252,0.809,-0.205,-0.333,0.989,1.679,6.855,-0.901,0.09,-0.313,0.815,-2.092,5.489,-0.656,btn_A
1780980129.6823628,-0.811,-0.165,0.59,-0.573,0.359,-1.191,-0.677,-0.31,0.615,-6.115,0.557,0.084,-0.307,-0.383,0.896,0.489,-0.473,0.214,-0.2,-0.331,1.025,-3.924,7.496,-1.015,0.108,-0.334,0.818,0.29,0.336,-0.122,btn_A
1780980129.7763505,-0.817,-0.164,0.583,-0.458,0.969,1.053,-0.672,-0.317,0.606,1.664,54.55,4.061,-0.374,-0.384,0.865,1.153,26.328,5.733,0.064,-0.097,0.545,240.076,-28.328,50.336,0.098,-0.295,0.831,17.786,13.244,6.076,btn_A
1780980129.879386,-0.844,-0.14,0.554,-0.595,3.901,0.351,-0.719,-0.32,0.596,-4.634,7.183,2.031,-0.366,-0.354,0.876,5.046,2.695,11.122,-0.255,0.259,0.806,28.198,15.244,-0.336,0.072,-0.311,0.837,0.305,5.588,1.489,btn_A
1780980129.9853902,-0.814,-0.16,0.588,-0.267,2.435,0.321,-0.694,-0.268,0.552,-7.519,20.672,1.74,-0.362,-0.357,0.847,8.985,20.374,8.817,-0.19,0.213,0.97,29.893,20.695,-14.74,0.07,-0.302,0.807,4.679,3.542,0.779,btn_A
1780980130.0855403,-0.819,-0.156,0.576,-0.504,1.74,-1.405,-0.712,-0.287,0.583,-6.137,3.672,0.252,-0.395,-0.372,0.896,2.985,7.443,3.122,-0.16,0.24,0.989,13.954,9.641,-6.664,0.059,-0.289,0.819,0.664,4.13,0.763,btn_A
1780980130.194602,-0.817,-0.158,0.578,-0.847,-3.779,-3.153,-0.7,-0.279,0.555,-7.725,-19.763,-4.252,-0.385,-0.36,0.863,-5.534,-19.443,-8.969,-0.235,0.239,0.66,-75.282,0.977,9.191,0.067,-0.303,0.821,-4.725,-2.023,-2.473,btn_A
1780980130.2915735,-0.77,-0.227,0.533,2.366,-13.489,-8.947,-0.684,-0.291,0.656,-3.42,-19.252,-5.672,-0.291,-0.403,0.946,7.702,-45.977,-3.916,-0.105,-0.075,-0.347,50.214,79.366,3.031,-0.008,-0.416,1.042,-13.626,57.076,-2.878,btn_A
1780980130.396687,-0.784,-0.174,0.619,1.595,3.031,-0.092,-0.646,-0.301,0.662,-6.466,5.336,0.382,-0.28,-0.372,0.907,-2.16,7.702,1.344,-0.206,-0.286,1.01,-3.656,13.87,-0.008,0.094,-0.299,0.805,-2.924,1.099,-0.145,btn_A
1780980130.5150452,-0.807,-0.165,0.603,-0.626,2.015,-1.099,-0.674,-0.3,0.629,-6.16,0.87,-0.168,-0.291,-0.377,0.907,-0.71,0.076,-0.55,-0.204,-0.296,0.993,-2.427,4.687,-1.588,0.084,-0.322,0.831,-1.557,1.863,-0.359,btn_A
1780980130.612846,-0.807,-0.169,0.598,-0.687,1.435,-0.634,-0.667,-0.299,0.631,-6.26,1.206,0.267,-0.277,-0.378,0.906,-0.435,1.351,0.145,-0.205,-0.301,1.002,-1.145,8.527,-0.534,0.087,-0.317,0.823,0.412,1.481,0.191,btn_A
1780980130.7135866,-0.799,-0.163,0.601,-0.985,1.611,-1.183,-0.671,-0.299,0.622,-6.481,1.176,0.198,-0.284,-0.379,0.906,-0.847,0.626,-0.42,-0.208,-0.302,0.994,-0.16,6.496,-1.221,0.082,-0.315,0.817,-0.855,2.519,-0.382,btn_A
1780980130.8148925,-0.805,-0.164,0.597,-1.557,2.939,-0.336,-0.667,-0.3,0.625,-7.046,2.053,0.16,-0.288,-0.378,0.904,-0.878,1.718,0.618,-0.209,-0.306,1.001,-0.443,8.092,-0.649,0.078,-0.316,0.812,0.313,2.015,-0.389,btn_A
1780980130.9094777,-0.803,-0.164,0.6,-0.939,1.221,-1.336,-0.67,-0.301,0.626,-7.031,1.16,-0.992,-0.303,-0.38,0.908,-0.458,-0.221,0.634,-0.203,-0.311,0.991,0.16,6.573,-1.229,0.087,-0.318,0.817,-0.443,2.763,0.389,btn_A
1780980131.0124254,-0.804,-0.171,0.588,-0.756,1.214,-0.122,-0.665,-0.302,0.626,-6.405,0.901,-0.817,-0.291,-0.378,0.905,-0.221,0.405,0.267,-0.207,-0.314,0.992,0.878,5.725,-1.107,0.088,-0.319,0.817,-0.397,1.405,-0.496,btn_A
1780980131.1154296,-0.807,-0.166,0.597,-1.336,1.481,-1.115,-0.674,-0.302,0.624,-6.71,0.267,-1.206,-0.288,-0.38,0.903,-0.84,0.412,0.061,-0.207,-0.318,0.989,1.183,6.534,-0.45,0.083,-0.316,0.821,-0.229,2.412,-0.145,btn_A
1780980134.3088825,-0.806,-0.164,0.59,-0.824,1.115,-0.672,-0.669,-0.303,0.619,-6.58,0.336,-0.344,-0.301,-0.38,0.898,-0.397,0.153,-0.214,-0.211,-0.33,0.987,1.313,7.115,-1.038,0.088,-0.314,0.822,-0.397,2.481,-0.023,btn_A
1780980134.4119694,-0.805,-0.168,0.591,-0.618,1.664,-0.878,-0.677,-0.303,0.617,-6.176,1.237,0.649,-0.298,-0.382,0.896,-0.443,0.359,0.595,-0.216,-0.325,0.979,1.397,7.038,-0.382,0.079,-0.305,0.818,-0.756,2.038,0.275,btn_A
1780980134.5146282,-0.81,-0.167,0.591,-1.374,1.221,-1.061,-0.673,-0.304,0.62,-6.137,0.771,0.328,-0.306,-0.381,0.89,-0.191,-0.718,-0.115,-0.214,-0.326,0.984,1.84,6.435,-0.939,0.084,-0.309,0.827,-0.397,1.756,0.237,btn_A
1780980134.6176198,-0.81,-0.166,0.591,-0.656,1.023,-1.046,-0.67,-0.308,0.618,-6.008,0.099,-0.588,-0.298,-0.383,0.896,-0.397,-0.573,0.076,-0.216,-0.329,0.986,1.473,6.374,-0.511,0.08,-0.312,0.814,-0.504,2.435,0.122,btn_A
1780980134.7281728,-0.807,-0.168,0.585,-0.695,1.527,-0.336,-0.673,-0.303,0.616,-6.305,0.733,-0.527,-0.299,-0.383,0.893,-0.58,0.237,-0.031,-0.219,-0.327,0.987,1.626,5.725,-0.885,0.087,-0.32,0.824,-0.656,2.756,0.115,btn_A
1780980134.8235037,-0.836,-0.14,0.6,-0.137,55.626,11.565,-0.714,-0.326,0.46,-14.779,76.344,9.389,-0.127,-0.195,0.406,47.656,38.885,41.718,-0.84,0.134,0.761,150.092,47.389,-10.351,0.043,-0.242,0.789,-7.336,18.992,0.687,btn_A
1780980134.9338539,-0.835,-0.158,0.565,-0.84,6.069,0.672,-0.728,-0.298,0.555,-7.214,-19.519,-1.962,-0.453,-0.351,0.871,-6.679,-11.267,-9.634,-0.213,0.201,1.043,-22.786,-6.588,10.206,0.047,-0.296,0.831,-7.145,-9.519,-0.298,btn_A
1780980135.0400162,-0.827,-0.152,0.569,-1.374,-0.527,-0.847,-0.726,-0.291,0.56,-5.618,-6.397,-0.496,-0.362,-0.36,0.873,-3.031,-5.29,-1.71,-0.19,0.224,0.996,-6.863,2.405,-4.74,0.064,-0.285,0.831,-1.939,1.954,0.206,btn_A
1780980135.132453,-0.816,-0.154,0.579,-1.282,0.893,-1.084,-0.719,-0.294,0.568,-6.359,0.931,-0.397,-0.381,-0.346,0.838,-0.122,1.115,-1.137,-0.195,0.221,1.0,-3.733,6.13,-1.542,0.057,-0.29,0.831,-0.809,1.176,0.298,btn_A
1780980135.2447557,-0.83,-0.149,0.569,-1.084,0.924,-1.282,-0.719,-0.292,0.555,-6.901,-11.176,-2.229,-0.49,-0.398,0.973,-4.069,-12.244,-7.053,-0.269,0.305,0.706,-39.092,-3.802,15.206,0.062,-0.303,0.828,-4.183,0.962,0.588,btn_A
1780980135.346327,-0.808,-0.159,0.591,-4.511,-19.542,-9.939,-0.684,-0.329,0.693,-4.305,-33.481,-6.649,-0.243,-0.391,0.946,1.023,-60.458,-22.115,0.207,0.002,2.0,84.076,30.679,-6.519,0.058,-0.351,0.914,-19.489,-13.656,0.397,btn_A
1780980135.4455945,-0.797,-0.173,0.606,0.115,-4.916,-2.634,-0.664,-0.307,0.628,-6.145,-5.031,-1.191,-0.281,-0.374,0.909,0.176,7.992,-0.176,-0.185,-0.286,1.005,-1.015,12.046,-1.046,0.081,-0.301,0.782,10.137,-5.84,1.588,btn_A
1780980135.5451071,-0.812,-0.165,0.594,-0.58,3.427,-0.29,-0.671,-0.304,0.626,-6.198,0.947,0.137,-0.292,-0.374,0.903,-0.977,-0.046,-0.252,-0.191,-0.294,1.0,-3.458,6.924,-0.328,0.069,-0.324,0.825,-3.053,5.031,-0.443,btn_A
1780980135.647956,-0.81,-0.167,0.593,-0.389,1.405,-0.878,-0.666,-0.299,0.62,-6.221,0.374,-0.198,-0.289,-0.376,0.906,-0.015,-0.763,-0.191,-0.186,-0.295,0.998,0.176,6.107,-1.053,0.078,-0.318,0.819,0.71,1.198,0.145,btn_A
1780980135.7609894,-0.806,-0.163,0.591,-1.115,1.435,-1.427,-0.67,-0.303,0.629,-6.45,1.023,-0.168,-0.293,-0.378,0.9,-0.458,1.191,0.206,-0.196,-0.302,0.997,-0.076,8.069,-0.198,0.086,-0.322,0.825,-1.046,1.756,-0.344,btn_A
1780980135.861655,-0.811,-0.163,0.586,-0.855,1.672,-1.092,-0.67,-0.3,0.623,-6.244,1.145,-0.634,-0.295,-0.382,0.903,-0.267,0.802,0.626,-0.192,-0.302,0.999,-0.702,6.679,-0.832,0.079,-0.32,0.821,0.038,0.855,-0.069,btn_A
1780980135.9611893,-0.808,-0.166,0.589,-1.198,2.328,-0.603,-0.671,-0.303,0.621,-6.565,1.519,-1.527,-0.294,-0.382,0.896,-0.779,1.565,0.374,-0.204,-0.31,0.994,0.214,8.0,0.122,0.078,-0.318,0.824,-0.641,2.427,-0.069,btn_A
1780980136.0597608,-0.811,-0.166,0.588,-1.16,1.641,-0.924,-0.67,-0.305,0.63,-6.336,0.573,-0.908,-0.294,-0.379,0.898,-0.221,-0.382,0.153,-0.191,-0.312,0.994,0.756,6.573,-0.779,0.08,-0.321,0.829,-0.183,2.031,-0.573,btn_A
1780980136.1629546,-0.81,-0.167,0.592,-0.87,1.023,-0.634,-0.669,-0.303,0.623,-6.0,0.733,-0.122,-0.292,-0.375,0.894,-0.588,0.031,-0.687,-0.193,-0.305,0.997,1.16,6.504,-0.389,0.078,-0.319,0.814,-0.496,3.519,-0.298,btn_A
1780980136.280491,-0.811,-0.167,0.591,-0.344,1.664,-0.74,-0.674,-0.305,0.625,-6.473,1.405,0.916,-0.297,-0.377,0.898,-0.435,0.527,-0.031,-0.199,-0.312,1.003,0.908,7.244,-0.534,0.078,-0.316,0.823,-0.893,2.473,-0.145,btn_A
1780980136.380981,-0.815,-0.16,0.595,-1.107,1.969,-0.542,-0.67,-0.301,0.627,-5.779,0.885,0.298,-0.297,-0.38,0.895,-0.298,-0.305,0.374,-0.192,-0.315,0.992,0.802,6.71,-0.985,0.078,-0.318,0.824,-0.504,1.42,0.275,btn_A
1780980136.4787164,-0.818,-0.167,0.584,-0.908,1.496,-1.198,-0.672,-0.306,0.623,-6.038,0.84,-0.374,-0.298,-0.383,0.898,-0.359,-0.145,0.275,-0.203,-0.312,0.996,1.573,6.733,-0.74,0.076,-0.32,0.815,-0.206,2.267,-0.038,btn_A
1780980136.5750191,-0.812,-0.162,0.589,-0.626,1.328,0.198,-0.671,-0.301,0.624,-6.466,0.473,-0.695,-0.3,-0.379,0.906,-0.328,0.237,0.321,-0.197,-0.314,0.988,0.992,6.992,-0.771,0.084,-0.315,0.817,-0.504,2.443,0.099,btn_A
1780980136.6778586,-0.814,-0.167,0.589,-1.099,1.168,-0.809,-0.671,-0.304,0.629,-6.366,0.618,-0.763,-0.299,-0.382,0.899,-0.145,-0.702,0.069,-0.198,-0.315,0.99,1.313,7.099,-0.321,0.077,-0.319,0.826,-0.282,1.878,0.282,btn_A
1780980136.780939,-0.814,-0.168,0.587,-1.206,1.534,-0.489,-0.671,-0.308,0.62,-6.511,0.496,-0.328,-0.299,-0.375,0.9,-0.015,-0.389,0.206,-0.197,-0.307,0.994,1.55,7.328,-0.695,0.081,-0.32,0.82,-0.42,2.473,0.191,btn_A
1780980136.8933537,-0.813,-0.16,0.589,-0.405,1.611,-0.702,-0.668,-0.306,0.623,-6.336,0.45,-0.527,-0.303,-0.381,0.887,-0.58,0.656,-0.275,-0.207,-0.312,0.997,1.267,7.649,-0.298,0.082,-0.322,0.821,-0.443,3.038,-0.29,btn_A
1780980136.9938657,-0.814,-0.162,0.591,-1.214,2.0,-0.718,-0.676,-0.307,0.622,-6.412,0.573,-0.634,-0.3,-0.379,0.904,-0.115,-0.947,0.198,-0.2,-0.31,0.991,0.809,6.55,-0.489,0.083,-0.314,0.818,-0.473,2.466,0.267,btn_A
1780980137.0966609,-0.812,-0.165,0.585,-0.618,0.176,-1.328,-0.669,-0.303,0.621,-6.519,-0.061,-0.733,-0.293,-0.385,0.898,-0.023,0.191,0.786,-0.195,-0.313,0.987,1.313,7.954,-0.641,0.082,-0.319,0.815,-0.802,2.824,-0.298,btn_A
1780980137.1930656,-0.806,-0.161,0.59,-0.809,1.26,-0.221,-0.672,-0.3,0.625,-6.206,0.168,-0.763,-0.297,-0.378,0.894,-0.771,-0.427,0.198,-0.196,-0.313,0.991,1.023,6.718,-0.443,0.084,-0.321,0.824,-0.061,1.26,0.908,btn_A
1780980137.2959337,-0.812,-0.162,0.59,-1.069,1.015,-1.076,-0.67,-0.301,0.62,-6.42,0.969,-0.466,-0.293,-0.381,0.897,-0.473,0.618,0.389,-0.194,-0.318,0.994,0.702,8.198,-0.267,0.08,-0.315,0.819,-0.198,2.794,0.229,btn_A
1780980140.49393,-0.811,-0.164,0.587,-1.267,1.374,-1.038,-0.673,-0.305,0.617,-6.076,0.71,-0.282,-0.3,-0.38,0.896,-0.611,0.107,0.298,-0.199,-0.317,0.992,1.382,7.504,-0.305,0.08,-0.315,0.819,-0.718,2.26,-0.16,btn_A
1780980140.5960858,-0.815,-0.164,0.588,-0.878,2.0,-0.458,-0.669,-0.307,0.619,-6.611,0.351,-0.321,-0.3,-0.377,0.901,-0.298,0.237,0.092,-0.204,-0.315,0.988,1.351,6.305,-0.611,0.083,-0.322,0.821,-0.702,2.389,-0.267,btn_A
1780980140.6950626,-0.81,-0.161,0.583,-0.893,1.718,-1.191,-0.674,-0.304,0.614,-6.58,0.573,-0.511,-0.3,-0.381,0.893,-0.229,-0.252,-0.412,-0.2,-0.317,0.995,1.466,7.298,0.099,0.079,-0.311,0.807,-0.389,2.26,0.099,btn_A
1780980140.811338,-0.813,-0.167,0.592,-1.389,1.351,-0.725,-0.677,-0.303,0.626,-6.649,0.282,-0.557,-0.301,-0.378,0.902,-0.122,-0.504,-0.153,-0.202,-0.323,0.991,1.595,6.718,-0.794,0.083,-0.317,0.823,-0.511,2.16,0.214,btn_A
1780980140.9110708,-0.81,-0.165,0.591,-0.527,1.061,-0.733,-0.674,-0.304,0.627,-6.206,0.84,0.122,-0.298,-0.377,0.896,-0.565,0.229,-0.145,-0.202,-0.319,1.007,-0.992,8.229,-0.061,0.08,-0.321,0.82,0.16,3.924,0.519,btn_A
1780980141.004214,-0.836,-0.176,0.554,3.969,46.649,15.557,-0.76,-0.3,0.501,-3.244,68.519,15.87,-0.358,-0.238,0.561,10.802,24.282,7.756,-0.56,0.093,0.883,137.489,4.023,-5.931,0.048,-0.252,0.815,-23.115,23.71,-1.496,btn_A
1780980141.1072476,-0.839,-0.156,0.56,-2.023,-0.107,-1.947,-0.719,-0.304,0.58,-5.489,-11.443,-1.71,-0.415,-0.399,0.939,-2.664,-7.969,-0.863,-0.127,0.129,1.216,13.298,-1.328,3.557,0.054,-0.317,0.837,6.366,-11.359,1.282,btn_A
1780980141.2101874,-0.822,-0.165,0.568,-0.687,-1.885,-1.641,-0.695,-0.304,0.618,-5.55,1.901,-0.099,-0.352,-0.362,0.864,3.031,8.893,1.84,-0.223,0.209,0.995,1.863,12.031,0.412,0.061,-0.276,0.816,3.389,7.916,0.824,btn_A
1780980141.3132296,-0.827,-0.159,0.574,-1.015,3.061,-0.924,-0.719,-0.291,0.569,-7.519,0.389,-0.794,-0.382,-0.366,0.873,-1.519,-0.221,-0.672,-0.184,0.198,1.02,-3.901,6.359,1.008,0.043,-0.293,0.82,-0.137,-0.031,0.702,btn_A
1780980141.4274433,-0.826,-0.155,0.566,-1.305,0.45,-1.817,-0.718,-0.296,0.566,-6.42,-5.595,-2.015,-0.384,-0.363,0.872,-1.84,-5.611,-2.031,-0.187,0.183,1.037,-13.939,1.481,-3.687,0.052,-0.299,0.816,-2.176,0.924,-0.725,btn_A
1780980141.5269008,-0.818,-0.149,0.573,-1.985,2.71,-0.29,-0.712,-0.285,0.559,-6.382,3.214,-0.328,-0.383,-0.363,0.859,0.519,-1.115,0.374,-0.209,0.21,0.959,-0.855,6.328,0.855,0.048,-0.298,0.821,0.053,-0.069,0.092,btn_A
1780980141.6266217,-0.824,-0.157,0.58,-0.466,-0.511,-1.046,-0.718,-0.284,0.55,-9.092,-24.725,-3.71,-0.453,-0.418,0.887,-10.191,-31.534,-8.863,-0.168,0.246,-0.078,-174.809,27.863,-15.405,0.066,-0.293,0.795,-20.008,-1.168,-4.908,btn_A
1780980141.725149,-0.811,-0.153,0.63,-3.0,-31.237,-3.611,-0.662,-0.303,0.536,-7.908,38.282,10.901,-0.384,-0.287,0.902,-20.618,-0.588,-1.412,-0.183,-0.279,1.192,-7.458,101.053,-6.74,0.078,-0.347,0.854,11.321,-6.969,1.595,btn_A
1780980141.829218,-0.82,-0.169,0.586,-1.26,2.336,0.206,-0.673,-0.306,0.623,-6.191,1.603,0.282,-0.298,-0.378,0.9,1.221,-4.183,0.076,-0.195,-0.288,1.004,-1.275,0.916,-1.023,0.072,-0.335,0.833,-7.962,6.305,-1.099,btn_A
1780980141.9442577,-0.812,-0.162,0.586,-0.595,0.542,-1.725,-0.673,-0.303,0.629,-5.885,0.389,-0.763,-0.293,-0.376,0.907,-0.023,-0.389,0.237,-0.197,-0.292,0.999,-0.137,7.145,-0.504,0.076,-0.316,0.815,1.962,0.145,0.328,btn_A
1780980142.0453446,-0.814,-0.164,0.585,-1.29,1.687,-0.756,-0.67,-0.3,0.621,-6.382,0.969,-0.74,-0.295,-0.376,0.899,-0.901,1.427,0.053,-0.199,-0.299,0.994,-0.252,7.496,-0.84,0.075,-0.326,0.817,-0.687,3.031,-0.55,btn_A
1780980142.1469936,-0.814,-0.165,0.588,-0.855,1.557,-0.74,-0.675,-0.298,0.624,-6.214,0.641,-0.443,-0.287,-0.375,0.907,-0.527,0.863,-0.298,-0.193,-0.302,0.994,0.237,6.794,-0.176,0.078,-0.316,0.816,0.718,1.977,0.298,btn_A
1780980142.2402668,-0.814,-0.16,0.584,-0.305,1.061,-0.122,-0.672,-0.306,0.62,-6.672,0.344,-0.748,-0.296,-0.377,0.903,-0.206,0.115,0.198,-0.202,-0.302,0.993,0.191,6.87,-0.351,0.068,-0.32,0.827,-0.496,2.809,-0.053,btn_A
1780980142.3429372,-0.813,-0.165,0.589,-1.061,0.382,-1.656,-0.677,-0.301,0.614,-6.595,0.313,-0.824,-0.297,-0.38,0.899,-0.229,0.107,-0.038,-0.199,-0.301,0.998,1.061,5.985,-0.641,0.08,-0.322,0.825,-0.435,1.313,-0.58,btn_A
1780980142.445986,-0.812,-0.163,0.584,-0.672,1.412,-0.496,-0.673,-0.302,0.616,-6.282,0.588,-0.74,-0.297,-0.376,0.898,0.214,0.092,0.305,-0.193,-0.302,0.999,1.191,5.985,-0.718,0.076,-0.319,0.818,-0.183,2.466,-0.023,btn_A
1780980142.5494442,-0.812,-0.163,0.584,-0.611,2.069,-0.656,-0.674,-0.301,0.617,-6.397,0.626,-0.405,-0.294,-0.378,0.899,-0.115,-0.618,0.511,-0.196,-0.299,1.002,1.191,6.397,-0.252,0.08,-0.32,0.822,-0.458,2.634,-0.046,btn_A
1780980142.6607924,-0.814,-0.167,0.587,-1.153,1.588,-0.985,-0.67,-0.301,0.62,-6.656,0.885,0.015,-0.296,-0.375,0.899,-0.237,-0.092,0.221,-0.192,-0.305,1.0,1.618,7.183,-0.954,0.078,-0.324,0.814,-0.298,2.313,-0.015,btn_A
1780980142.758432,-0.815,-0.168,0.582,-0.985,1.221,-1.023,-0.673,-0.304,0.624,-6.443,0.748,-0.466,-0.296,-0.382,0.905,-0.672,0.725,-0.099,-0.195,-0.304,0.993,1.008,7.069,-0.389,0.062,-0.311,0.813,-0.321,2.84,-0.107,btn_A
1780980142.8618834,-0.816,-0.166,0.577,-0.489,0.748,-0.733,-0.675,-0.305,0.62,-6.595,0.489,-0.137,-0.292,-0.374,0.905,-0.099,-0.29,-0.313,-0.197,-0.305,1.004,1.565,6.763,-0.588,0.082,-0.317,0.807,-0.664,1.763,-0.031,btn_A
1780980142.9613302,-0.815,-0.162,0.583,-0.84,1.427,-0.771,-0.671,-0.3,0.625,-6.374,0.832,-0.16,-0.295,-0.381,0.9,-0.076,-0.336,0.397,-0.198,-0.303,1.001,1.137,6.55,-0.802,0.075,-0.315,0.809,-0.809,2.198,-0.336,btn_A
1780980143.0646963,-0.818,-0.166,0.581,-1.046,2.015,-0.298,-0.669,-0.302,0.62,-6.481,0.275,-0.985,-0.296,-0.375,0.889,-0.252,-0.183,0.351,-0.194,-0.306,1.0,1.29,6.74,-0.191,0.085,-0.324,0.807,-0.115,2.55,-0.198,btn_A
1780980143.1793797,-0.811,-0.165,0.583,-0.611,1.71,-0.603,-0.674,-0.3,0.626,-6.496,0.588,-0.771,-0.294,-0.38,0.9,-0.191,0.977,0.443,-0.206,-0.307,1.001,1.656,7.275,-0.366,0.078,-0.316,0.816,-0.29,2.473,-0.122,btn_A
1780980143.2763762,-0.82,-0.166,0.586,-1.206,2.015,-0.702,-0.672,-0.301,0.615,-6.534,0.191,-0.885,-0.294,-0.375,0.905,-0.511,-0.13,-0.42,-0.199,-0.308,0.99,1.382,6.305,-0.298,0.076,-0.32,0.825,-0.42,2.344,-0.015,btn_A
1780980143.3800175,-0.815,-0.165,0.582,-1.183,1.504,-0.924,-0.676,-0.302,0.617,-6.16,0.71,-0.076,-0.292,-0.375,0.896,-0.16,-0.229,-0.076,-0.198,-0.301,0.999,1.427,6.87,-0.656,0.077,-0.323,0.813,-0.122,2.328,-0.16,btn_A
1780980146.5662582,-0.813,-0.159,0.587,-0.611,1.16,-1.252,-0.674,-0.303,0.623,-6.229,0.45,-0.725,-0.294,-0.379,0.904,-0.321,-0.221,0.122,-0.199,-0.31,0.999,1.305,6.771,-0.702,0.074,-0.326,0.818,-0.634,2.008,0.092,btn_A
1780980146.669392,-0.81,-0.167,0.59,-0.13,1.183,0.168,-0.667,-0.301,0.624,-6.267,0.664,-0.893,-0.295,-0.378,0.898,-0.046,0.107,-0.038,-0.192,-0.31,0.986,1.153,7.656,0.527,0.084,-0.319,0.812,-0.45,1.733,0.221,btn_A
1780980146.7726514,-0.813,-0.166,0.586,-1.305,1.71,-1.214,-0.673,-0.3,0.621,-6.069,0.817,-0.611,-0.294,-0.379,0.902,-0.702,0.595,0.115,-0.198,-0.313,0.987,1.061,7.214,-0.947,0.074,-0.319,0.816,-0.519,2.336,-0.092,btn_A
1780980146.8802042,-0.812,-0.169,0.585,-0.931,1.977,-0.435,-0.669,-0.299,0.625,-6.214,0.557,-0.275,-0.296,-0.376,0.906,-0.221,-0.275,0.305,-0.193,-0.31,1.003,1.336,7.145,0.107,0.083,-0.321,0.82,-0.542,3.107,-0.305,btn_A
1780980146.9813988,-0.811,-0.166,0.582,-0.847,1.901,-1.26,-0.672,-0.301,0.625,-6.076,1.542,1.122,-0.291,-0.381,0.904,-0.427,1.206,0.733,-0.198,-0.323,0.994,-6.55,10.237,-1.435,0.077,-0.314,0.816,-0.069,3.321,-0.733,btn_A
1780980147.081441,-0.814,-0.168,0.585,2.168,22.817,6.58,-0.714,-0.291,0.525,-0.26,61.282,7.29,-0.385,-0.336,0.854,10.733,32.45,11.473,-0.457,-0.029,0.892,138.046,10.382,26.206,0.067,-0.272,0.806,-3.893,25.252,1.328,btn_A
1780980147.191869,-0.819,-0.16,0.571,-1.13,4.046,1.26,-0.718,-0.34,0.57,-4.565,7.382,2.122,-0.405,-0.325,0.83,-3.031,2.366,1.573,-0.237,0.22,0.9,16.74,10.435,6.885,0.046,-0.295,0.833,5.687,-8.893,1.282,btn_A
1780980147.2942195,-0.822,-0.149,0.573,-0.557,5.58,2.313,-0.732,-0.306,0.572,-6.84,2.916,0.366,-0.386,-0.322,0.818,1.183,11.611,3.84,-0.287,0.295,0.765,-1.382,8.611,0.534,0.043,-0.279,0.813,-3.588,5.099,-0.252,btn_A
1780980147.3960292,-0.824,-0.143,0.565,-1.924,2.382,0.282,-0.726,-0.283,0.54,-6.229,8.626,0.656,-0.406,-0.313,0.776,0.076,1.107,-0.198,-0.257,0.264,0.906,-10.214,2.191,-1.939,0.05,-0.274,0.82,-3.702,-2.863,-0.748,btn_A
1780980147.4939697,-0.821,-0.151,0.563,-1.046,2.695,0.038,-0.719,-0.289,0.56,-6.466,2.008,-0.038,-0.395,-0.354,0.861,-1.107,0.107,0.496,-0.204,0.245,1.0,1.58,5.733,-2.038,0.046,-0.292,0.829,-2.977,1.58,-0.511,btn_A
1780980147.597696,-0.82,-0.153,0.571,-0.809,3.954,0.221,-0.722,-0.281,0.548,-6.412,7.26,0.939,-0.403,-0.342,0.836,-2.015,1.229,0.153,-0.248,0.261,0.922,-3.061,7.466,-0.855,0.049,-0.289,0.829,-1.924,0.336,-0.176,btn_A
1780980147.7105649,-0.819,-0.156,0.579,-0.763,-3.954,-5.214,-0.715,-0.273,0.494,-6.351,-35.26,-4.847,-0.41,-0.391,0.927,4.069,-59.672,-13.954,-0.062,0.114,-0.12,-250.137,35.237,-31.664,0.01,-0.291,0.812,-25.122,-21.939,-9.168,btn_A
1780980147.815097,-0.804,-0.229,0.587,25.885,43.519,12.962,-0.649,-0.357,0.714,-7.504,18.962,-1.359,-0.295,-0.386,0.886,33.595,34.603,5.13,-0.289,-0.257,0.976,-6.763,0.084,0.771,0.114,-0.245,0.685,-21.061,11.786,-4.031,btn_A
1780980147.9055834,-0.816,-0.166,0.578,0.206,1.863,-0.656,-0.668,-0.298,0.625,-5.901,-0.366,-0.55,-0.281,-0.37,0.903,-0.542,-2.779,-0.824,-0.187,-0.282,1.014,-1.702,5.107,-1.145,0.074,-0.328,0.812,8.588,-5.664,1.489,btn_A
1780980148.0083387,-0.807,-0.161,0.594,-0.718,1.641,-0.832,-0.664,-0.298,0.633,-6.603,1.389,0.16,-0.286,-0.373,0.901,-0.458,0.221,-0.214,-0.203,-0.287,1.002,-0.534,6.863,-0.824,0.075,-0.314,0.823,-2.496,4.588,-0.069,btn_A
1780980148.1116633,-0.818,-0.164,0.589,-1.122,1.947,-0.756,-0.671,-0.301,0.634,-7.046,0.748,-0.145,-0.289,-0.37,0.909,-0.321,-0.137,0.198,-0.194,-0.288,1.008,0.489,6.351,-0.702,0.081,-0.323,0.816,0.718,0.015,0.191,btn_A
1780980148.2292259,-0.812,-0.169,0.596,-0.397,2.092,-0.679,-0.665,-0.292,0.63,-6.565,1.244,0.015,-0.287,-0.373,0.902,-0.519,1.29,0.443,-0.197,-0.289,1.003,0.137,7.824,-0.557,0.072,-0.317,0.818,-1.0,2.893,0.038,btn_A
1780980148.32995,-0.812,-0.165,0.598,-0.908,2.336,-0.702,-0.664,-0.302,0.628,-6.55,1.122,-0.71,-0.288,-0.372,0.907,-0.794,1.534,0.977,-0.198,-0.294,1.002,0.405,7.267,-0.198,0.079,-0.327,0.819,0.122,1.092,-0.076,btn_A
1780980148.4203875,-0.814,-0.166,0.59,-1.321,1.672,-0.87,-0.672,-0.299,0.63,-6.435,0.397,-1.244,-0.292,-0.379,0.914,-0.84,0.328,0.435,-0.192,-0.292,1.002,0.832,7.328,-0.763,0.076,-0.323,0.814,-0.542,1.924,0.038,btn_A
1780980148.5235274,-0.815,-0.162,0.594,-0.817,1.519,-0.252,-0.667,-0.301,0.626,-6.397,0.771,-0.137,-0.289,-0.373,0.9,-0.366,0.443,0.107,-0.197,-0.295,0.997,0.55,7.611,-0.26,0.075,-0.329,0.812,-0.076,1.924,0.427,btn_A
1780980148.62668,-0.81,-0.164,0.597,-0.618,1.122,-0.359,-0.668,-0.296,0.631,-5.916,1.023,0.0,-0.294,-0.377,0.907,-0.527,0.511,-0.344,-0.197,-0.295,1.0,1.046,7.145,-0.977,0.083,-0.324,0.812,-0.557,2.779,-0.038,btn_A
1780980148.730073,-0.817,-0.162,0.595,-1.191,1.038,-0.565,-0.669,-0.301,0.634,-5.969,1.038,0.183,-0.292,-0.374,0.908,-0.45,0.076,-0.374,-0.193,-0.298,1.003,1.076,6.229,-0.366,0.079,-0.325,0.815,-0.336,2.321,0.351,btn_A
1780980148.8420386,-0.811,-0.166,0.591,-0.435,1.779,-0.42,-0.669,-0.298,0.629,-6.282,0.344,0.061,-0.289,-0.377,0.903,-0.374,-0.321,0.336,-0.197,-0.293,0.998,1.145,7.466,-0.603,0.077,-0.316,0.812,-0.511,2.519,0.183,btn_A
1780980148.9465876,-0.816,-0.166,0.593,-1.023,1.542,-1.092,-0.671,-0.301,0.629,-6.481,0.481,-0.412,-0.287,-0.374,0.909,-0.038,0.092,0.176,-0.194,-0.299,1.004,1.183,6.74,-0.359,0.074,-0.321,0.812,-0.84,2.206,-0.313,btn_A
1780980149.0424755,-0.809,-0.162,0.585,-1.252,1.092,-1.099,-0.667,-0.296,0.623,-6.298,0.695,-0.687,-0.291,-0.377,0.906,-0.557,0.137,0.122,-0.191,-0.296,0.992,1.076,7.221,-0.634,0.08,-0.326,0.821,-0.412,2.489,-0.298,btn_A
1780980149.1416945,-0.811,-0.159,0.592,-0.863,1.344,-0.87,-0.671,-0.299,0.629,-6.496,1.015,-0.496,-0.293,-0.376,0.907,-0.237,0.565,0.069,-0.191,-0.295,0.998,0.962,7.374,-0.611,0.075,-0.321,0.82,-0.924,2.069,-0.183,btn_A
1780980149.244782,-0.811,-0.165,0.589,-0.969,1.221,-0.412,-0.669,-0.3,0.616,-7.176,0.649,0.115,-0.257,-0.371,0.884,0.0,0.168,0.802,-0.191,-0.303,0.981,0.725,8.053,-0.168,0.081,-0.327,0.815,-0.008,2.16,0.321,btn_A
1780980149.3591316,-0.811,-0.166,0.588,-0.847,1.908,-1.183,-0.667,-0.296,0.626,-6.473,0.702,-0.443,-0.298,-0.376,0.904,-0.214,0.374,0.137,-0.195,-0.297,0.999,1.221,6.679,-0.321,0.073,-0.318,0.814,-0.84,2.679,-0.076,btn_A
1780980149.4616823,-0.81,-0.164,0.58,-0.672,1.458,-0.443,-0.671,-0.303,0.629,-6.611,0.679,-0.405,-0.295,-0.377,0.896,-0.466,-0.275,-0.214,-0.193,-0.3,0.994,1.534,6.405,-0.344,0.075,-0.316,0.822,-0.252,2.305,0.015,btn_A
1780980152.7612996,-0.812,-0.165,0.594,-1.031,1.504,-1.0,-0.67,-0.303,0.63,-6.55,0.87,-0.473,-0.294,-0.375,0.904,-0.107,0.389,0.313,-0.192,-0.301,0.995,1.321,6.878,-0.863,0.084,-0.323,0.82,-0.58,2.374,-0.031,btn_A
1780980152.8591204,-0.808,-0.165,0.585,-1.366,1.542,-1.046,-0.675,-0.304,0.625,-6.351,0.885,-0.481,-0.296,-0.376,0.905,-0.275,-0.534,0.145,-0.199,-0.297,0.997,1.298,7.824,0.115,0.079,-0.318,0.822,-0.359,2.031,-0.015,btn_A
1780980152.9582021,-0.814,-0.171,0.591,-0.962,1.176,-0.771,-0.668,-0.299,0.625,-7.0,0.817,-0.504,-0.292,-0.373,0.901,-0.313,-0.015,-0.031,-0.187,-0.302,0.996,1.137,7.282,-0.817,0.075,-0.316,0.828,-0.321,2.237,-0.29,btn_A
1780980153.0553172,-0.816,-0.162,0.589,-1.038,1.359,-0.336,-0.666,-0.301,0.624,-6.359,0.679,0.183,-0.289,-0.373,0.898,-0.344,0.786,0.237,-0.195,-0.302,0.997,1.779,7.038,-0.389,0.078,-0.313,0.815,-0.809,2.145,-0.015,btn_A
1780980153.1588857,-0.812,-0.165,0.588,-0.924,1.206,-1.092,-0.67,-0.3,0.625,-6.725,0.344,-0.115,-0.29,-0.375,0.908,-0.267,0.122,0.565,-0.193,-0.303,1.003,0.863,6.29,-0.718,0.077,-0.32,0.809,-0.29,2.435,-0.229,btn_A
1780980153.2753243,-0.807,-0.171,0.595,2.901,5.298,-0.496,-0.652,-0.291,0.703,-0.244,32.267,2.931,-0.313,-0.366,0.862,-0.779,25.221,5.252,-0.146,-0.086,0.726,136.87,-8.985,34.046,0.065,-0.313,0.815,9.634,-0.588,1.595,btn_A
1780980153.3810887,-0.818,-0.155,0.585,1.092,11.405,4.16,-0.737,-0.317,0.589,-4.74,15.672,2.359,-0.367,-0.318,0.882,-6.046,9.206,4.962,-0.295,0.088,0.813,107.244,-21.481,8.244,0.052,-0.304,0.838,-7.954,10.695,-0.26,btn_A
1780980153.477081,-0.827,-0.156,0.573,-1.847,0.321,0.015,-0.706,-0.299,0.632,-4.321,9.893,2.397,-0.357,-0.337,0.839,-0.565,8.718,4.519,-0.256,0.222,0.98,25.344,10.069,1.435,0.053,-0.291,0.825,2.557,0.298,1.435,btn_A
1780980153.5784712,-0.821,-0.148,0.58,0.092,3.71,0.382,-0.702,-0.287,0.574,-5.786,9.855,2.198,-0.408,-0.391,0.964,0.076,6.328,4.84,-0.318,0.286,0.857,7.153,10.672,-3.336,0.044,-0.29,0.814,-4.298,6.244,0.031,btn_A
1780980153.6753297,-0.828,-0.151,0.573,-0.107,2.412,1.267,-0.716,-0.285,0.574,-5.237,5.275,1.16,-0.399,-0.341,0.856,-0.176,4.099,1.733,-0.264,0.265,0.949,-5.885,6.626,0.244,0.045,-0.281,0.815,-0.122,-0.855,0.649,btn_A
1780980153.7884877,-0.829,-0.15,0.571,-1.542,1.038,-0.603,-0.724,-0.277,0.558,-6.282,-0.366,-0.084,-0.396,-0.345,0.861,-2.038,-3.534,-0.809,-0.201,0.269,0.975,-8.153,2.458,-1.634,0.038,-0.298,0.834,-3.252,2.191,-0.443,btn_A
1780980153.8940144,-0.826,-0.156,0.577,-0.672,0.634,-0.71,-0.719,-0.287,0.571,-6.748,-4.947,-1.206,-0.395,-0.343,0.859,-2.656,-6.885,-3.832,-0.265,0.301,0.823,-27.389,0.389,4.26,0.042,-0.298,0.823,-1.076,-1.443,0.122,btn_A
1780980153.989685,-0.811,-0.156,0.589,-2.015,-13.252,-7.618,-0.658,-0.304,0.638,-10.405,-60.26,-4.893,-0.283,-0.378,0.949,5.481,-65.641,-14.489,-0.181,-0.376,1.195,-250.137,36.038,-47.046,0.068,-0.318,0.816,-21.45,-1.481,-7.366,btn_A
1780980154.092462,-0.809,-0.179,0.605,6.534,13.374,2.176,-0.658,-0.301,0.643,-5.534,12.977,0.153,-0.306,-0.351,0.908,7.504,1.466,-0.031,-0.223,-0.262,1.015,-3.87,0.634,-1.275,0.073,-0.319,0.822,-10.176,3.809,-2.191,btn_A
1780980154.1888514,-0.812,-0.165,0.595,-0.786,0.573,-1.42,-0.664,-0.298,0.637,-6.443,0.374,-0.687,-0.289,-0.365,0.912,-0.328,0.595,-0.076,-0.213,-0.275,0.999,-0.87,6.824,-0.863,0.076,-0.323,0.815,1.519,1.069,0.221,btn_A
1780980154.294585,-0.813,-0.163,0.588,0.023,1.389,0.305,-0.665,-0.296,0.634,-5.748,0.748,-0.397,-0.28,-0.37,0.907,-0.435,-0.076,0.42,-0.211,-0.279,1.01,-0.374,5.878,-0.824,0.074,-0.32,0.821,-1.069,3.191,-0.42,btn_A
1780980154.394722,-0.806,-0.163,0.598,-1.137,1.038,-1.282,-0.665,-0.295,0.635,-6.473,1.344,-0.183,-0.281,-0.379,0.915,-0.756,-0.275,0.924,-0.209,-0.282,1.007,-1.137,8.069,-0.672,0.073,-0.318,0.814,0.412,2.229,0.313,btn_A
1780980154.4974144,-0.811,-0.164,0.592,-0.893,1.962,-0.725,-0.666,-0.297,0.631,-6.504,1.504,-0.725,-0.287,-0.371,0.908,-0.901,1.168,0.489,-0.207,-0.287,1.0,-1.321,7.443,-0.817,0.075,-0.319,0.81,-0.336,1.985,-0.42,btn_A
1780980154.6094477,-0.81,-0.161,0.592,-0.191,0.412,-1.031,-0.667,-0.299,0.638,-5.771,-0.023,-0.45,-0.286,-0.368,0.911,-0.046,-1.344,-0.847,-0.209,-0.288,1.003,0.58,5.641,-0.626,0.077,-0.326,0.809,-0.58,2.038,-0.466,btn_A
1780980154.7041764,-0.807,-0.166,0.601,-0.824,1.298,-0.977,-0.664,-0.297,0.63,-6.183,1.061,0.191,-0.285,-0.366,0.905,0.336,0.053,-0.298,-0.201,-0.285,0.994,0.656,6.832,-0.168,0.074,-0.327,0.815,-0.427,2.237,-0.031,btn_A
1780980154.807005,-0.807,-0.162,0.592,-1.153,1.069,-1.42,-0.665,-0.293,0.626,-6.504,1.008,0.153,-0.286,-0.368,0.908,-0.405,-0.481,0.412,-0.206,-0.291,1.001,0.977,7.031,-0.725,0.074,-0.322,0.816,-0.427,2.756,0.244,btn_A
1780980154.9099252,-0.81,-0.161,0.585,-0.87,1.511,-0.443,-0.665,-0.299,0.632,-6.458,0.496,-0.725,-0.28,-0.372,0.904,-0.237,0.244,0.527,-0.209,-0.288,0.999,0.336,6.389,-0.542,0.053,-0.314,0.817,-0.511,2.916,-0.557,btn_A
1780980155.0124757,-0.807,-0.166,0.598,-1.267,1.282,-1.702,-0.674,-0.299,0.625,-6.313,0.382,-0.863,-0.294,-0.366,0.911,-0.412,-0.015,0.656,-0.207,-0.288,0.996,0.756,6.824,-0.641,0.076,-0.327,0.817,-0.344,1.985,-0.16,btn_A
1780980155.1259346,-0.813,-0.172,0.597,-1.176,1.618,-0.489,-0.671,-0.294,0.628,-5.962,0.427,-0.702,-0.292,-0.372,0.907,0.061,0.0,0.16,-0.204,-0.291,0.997,1.13,6.282,-0.481,0.079,-0.319,0.822,-0.443,1.649,-0.13,btn_A
1780980155.2289467,-0.81,-0.167,0.598,-0.595,1.313,-1.046,-0.666,-0.299,0.633,-6.756,0.405,-0.435,-0.293,-0.375,0.911,-0.176,0.031,0.092,-0.211,-0.294,1.001,1.29,7.42,-0.595,0.073,-0.322,0.814,-0.198,2.191,0.214,btn_A
1780980155.32215,-0.81,-0.163,0.596,-1.183,1.756,-0.748,-0.668,-0.298,0.628,-6.397,1.099,0.382,-0.289,-0.375,0.901,-0.71,0.641,-0.038,-0.213,-0.292,0.991,0.794,6.779,-0.397,0.07,-0.322,0.813,-0.336,2.008,-0.076,btn_A
1780980155.4250994,-0.813,-0.166,0.594,-0.969,1.496,-1.122,-0.667,-0.299,0.634,-6.573,0.832,-0.252,-0.294,-0.374,0.91,-0.55,0.756,0.221,-0.206,-0.294,0.992,0.74,7.29,-0.641,0.074,-0.32,0.814,-0.26,1.969,0.084,btn_A
1780980155.5280223,-0.805,-0.167,0.594,-0.565,1.313,-0.748,-0.666,-0.299,0.63,-6.252,0.702,-0.42,-0.287,-0.37,0.901,-0.573,-0.038,0.565,-0.209,-0.296,0.988,0.786,6.847,-0.527,0.077,-0.326,0.819,-0.58,2.527,-0.534,btn_A
1780980155.6431754,-0.813,-0.163,0.59,-0.809,1.45,-0.29,-0.671,-0.299,0.623,-6.756,1.214,-0.687,-0.298,-0.372,0.908,-0.534,0.87,0.412,-0.212,-0.297,0.998,0.557,7.046,-0.42,0.081,-0.321,0.813,-0.267,2.069,0.13,btn_A
1780980158.823436,-0.812,-0.167,0.587,-0.771,1.198,-0.092,-0.668,-0.3,0.626,-6.237,0.687,-0.29,-0.292,-0.374,0.901,-0.206,-0.565,0.214,-0.209,-0.307,0.992,1.542,7.015,-0.71,0.085,-0.325,0.823,-0.336,2.305,0.008,btn_A
1780980158.9268258,-0.808,-0.167,0.594,-1.221,1.29,-1.16,-0.672,-0.299,0.622,-6.084,0.771,-1.084,-0.294,-0.372,0.9,-0.153,-0.649,0.641,-0.211,-0.309,0.993,1.45,6.366,-0.252,0.085,-0.319,0.82,-0.504,2.366,-0.328,btn_A
1780980159.0297556,-0.809,-0.164,0.599,-0.611,1.405,-0.282,-0.671,-0.296,0.63,-6.496,0.389,-0.366,-0.294,-0.376,0.902,-0.588,0.351,0.359,-0.207,-0.308,0.996,1.519,7.046,-0.756,0.089,-0.319,0.815,-0.405,2.252,-0.023,btn_A
1780980159.142902,-0.809,-0.164,0.59,-0.718,1.641,-1.137,-0.672,-0.299,0.628,-6.145,0.595,-0.351,-0.294,-0.377,0.906,-0.611,-0.092,-0.16,-0.212,-0.309,0.991,1.511,6.802,-0.458,0.081,-0.322,0.819,-0.481,2.244,0.076,btn_A
1780980159.2437544,-0.812,-0.163,0.599,-1.084,0.985,-0.634,-0.672,-0.301,0.624,-6.13,0.649,-0.26,-0.294,-0.37,0.901,-0.237,-0.191,-0.229,-0.206,-0.308,0.988,1.374,7.084,-0.305,0.082,-0.316,0.822,-0.427,2.756,0.008,btn_A
1780980159.3429592,-0.81,-0.164,0.594,-0.779,1.023,-1.031,-0.669,-0.297,0.625,-6.42,0.603,-0.695,-0.293,-0.376,0.907,-0.359,-0.282,0.061,-0.21,-0.308,0.999,1.504,6.435,-0.977,0.076,-0.318,0.819,-0.45,2.099,-0.023,btn_A
1780980159.4419806,-0.806,-0.169,0.595,-0.573,1.275,-0.237,-0.667,-0.299,0.625,-6.344,0.519,-0.153,-0.291,-0.375,0.904,-0.443,0.931,0.405,-0.206,-0.314,0.991,1.435,7.092,-0.389,0.08,-0.318,0.819,-0.42,2.443,-0.252,btn_A
1780980159.5450819,-0.812,-0.162,0.599,-1.008,1.237,-1.305,-0.665,-0.3,0.627,-6.656,0.916,0.015,-0.295,-0.38,0.91,-0.427,0.534,0.588,-0.205,-0.309,1.021,-4.366,7.969,-1.786,0.114,-0.326,0.801,0.847,2.687,3.0,btn_A
1780980159.6613135,-0.808,-0.174,0.6,-1.656,10.656,2.55,-0.657,-0.337,0.664,-0.412,53.603,3.145,-0.345,-0.372,0.865,0.107,34.588,6.725,-0.084,0.031,0.471,150.069,8.901,25.962,0.071,-0.29,0.806,12.878,21.565,1.878,btn_A
1780980159.7510262,-0.835,-0.143,0.556,2.015,7.756,2.58,-0.73,-0.302,0.627,-0.756,26.092,2.366,-0.329,-0.363,0.867,3.298,12.252,7.84,-0.294,0.18,0.952,60.023,-0.198,-8.58,0.033,-0.281,0.793,-4.901,4.786,1.053,btn_A
1780980159.8570046,-0.827,-0.156,0.565,-0.214,4.321,0.397,-0.712,-0.271,0.552,-5.351,-1.084,-0.74,-0.375,-0.367,0.899,-4.435,-1.664,1.145,-0.166,0.21,0.981,10.519,0.527,-5.748,0.057,-0.302,0.835,-2.405,2.321,0.527,btn_A
1780980159.9568496,-0.824,-0.154,0.575,-0.557,0.015,-1.756,-0.719,-0.282,0.554,-6.145,-5.817,-1.695,-0.381,-0.357,0.874,-2.13,-8.824,-2.542,-0.134,0.227,1.013,-4.901,-0.069,-3.511,0.043,-0.304,0.841,-5.008,-0.756,-1.046,btn_A
1780980160.0601473,-0.819,-0.158,0.577,-0.076,-4.878,-3.153,-0.737,-0.295,0.521,-5.145,-16.069,-2.71,-0.367,-0.352,0.877,-8.672,-34.16,-10.16,-0.178,0.188,0.714,-117.595,12.824,1.252,0.058,-0.29,0.817,-8.229,-9.13,-2.16,btn_A
1780980160.1628535,-0.798,-0.146,0.643,-3.626,-7.42,-5.893,-0.655,-0.302,0.589,-5.275,-14.015,-2.672,-0.365,-0.477,0.872,1.634,-28.282,-10.359,0.805,-0.421,-0.532,4.275,58.977,-9.481,0.145,-0.339,0.845,-20.237,39.71,-5.557,btn_A
1780980160.2661827,-0.802,-0.172,0.6,1.985,2.267,-0.55,-0.649,-0.3,0.653,-5.885,3.313,0.328,-0.281,-0.375,0.911,-1.107,2.74,-0.252,-0.207,-0.282,0.996,-1.588,9.71,-0.061,0.086,-0.302,0.8,-4.893,2.405,-0.702,btn_A
1780980160.3687465,-0.809,-0.167,0.59,-0.748,1.641,-0.557,-0.664,-0.294,0.632,-6.038,-0.046,-0.618,-0.282,-0.374,0.906,-0.405,-0.282,-0.374,-0.203,-0.289,1.004,-1.733,7.313,-0.664,0.07,-0.323,0.817,0.145,1.092,-0.061,btn_A
1780980160.4722965,-0.808,-0.167,0.597,-0.878,1.733,-1.183,-0.661,-0.295,0.631,-6.634,0.878,-1.061,-0.287,-0.375,0.907,-0.473,-0.252,0.29,-0.205,-0.288,1.002,0.389,7.092,-0.443,0.077,-0.317,0.82,-1.008,2.038,0.023,btn_A
1780980160.5748856,-0.807,-0.171,0.601,-0.885,1.435,-1.275,-0.663,-0.297,0.634,-6.611,0.817,-0.626,-0.286,-0.372,0.907,-0.71,0.511,0.305,-0.204,-0.291,0.994,0.198,7.023,-1.328,0.08,-0.317,0.811,-0.359,2.076,0.267,btn_A
1780980160.6947858,-0.805,-0.164,0.597,-0.824,0.588,-0.931,-0.668,-0.301,0.634,-6.427,0.275,-0.573,-0.282,-0.377,0.907,-0.435,0.275,0.466,-0.202,-0.293,0.997,0.985,6.832,-0.206,0.077,-0.319,0.819,-0.42,2.534,0.229,btn_A
1780980160.7919917,-0.807,-0.169,0.603,-0.824,1.397,-0.473,-0.667,-0.299,0.636,-6.603,0.786,-0.412,-0.285,-0.374,0.912,-0.237,0.115,0.084,-0.208,-0.297,0.997,0.885,6.824,-0.71,0.082,-0.325,0.812,-0.748,2.496,0.099,btn_A
1780980160.8938582,-0.809,-0.168,0.598,-1.053,1.015,-1.137,-0.669,-0.3,0.637,-6.702,0.115,-0.473,-0.284,-0.373,0.908,-0.244,-0.397,-0.16,-0.208,-0.297,0.996,1.229,6.962,-0.603,0.078,-0.325,0.827,-0.382,2.191,-0.153,btn_A
1780980160.987128,-0.807,-0.168,0.598,-0.618,1.863,-0.031,-0.664,-0.298,0.633,-6.542,1.382,0.092,-0.285,-0.372,0.91,-0.405,0.634,-0.351,-0.207,-0.297,0.996,1.351,6.649,-0.855,0.076,-0.322,0.817,-0.092,2.038,0.168,btn_A
1780980161.0901253,-0.81,-0.169,0.595,-0.924,1.504,-1.092,-0.663,-0.298,0.627,-6.458,0.939,0.084,-0.283,-0.375,0.901,-0.351,0.153,0.588,-0.205,-0.296,0.999,1.351,7.267,-0.038,0.077,-0.319,0.812,-0.496,3.069,-0.015,btn_A
1780980161.193083,-0.808,-0.167,0.597,-1.351,1.405,-0.893,-0.664,-0.299,0.633,-6.519,0.718,0.092,-0.287,-0.375,0.91,-0.359,-0.802,0.336,-0.202,-0.296,1.005,1.023,6.939,-0.336,0.084,-0.319,0.822,-0.321,2.099,-0.183,btn_A
1780980161.3073344,-0.807,-0.165,0.599,-1.0,1.672,-0.679,-0.667,-0.297,0.632,-6.641,0.771,-0.542,-0.282,-0.373,0.902,-0.359,0.389,0.489,-0.202,-0.297,0.991,0.939,7.695,-0.42,0.083,-0.32,0.821,-0.672,2.092,-0.038,btn_A
1780980161.4075317,-0.808,-0.166,0.595,-0.595,1.053,-0.351,-0.668,-0.301,0.633,-6.58,0.435,-0.977,-0.296,-0.374,0.898,-0.473,0.58,-0.137,-0.203,-0.295,0.993,0.687,6.672,-0.443,0.077,-0.327,0.817,-0.931,1.221,-0.076,btn_A
1780980161.5094037,-0.807,-0.165,0.594,-1.198,1.351,-1.252,-0.667,-0.298,0.627,-6.366,0.305,-0.496,-0.289,-0.376,0.905,-0.412,0.061,-0.038,-0.205,-0.303,0.994,1.061,6.405,-0.763,0.091,-0.318,0.811,-0.603,2.603,-0.099,btn_A
1780980161.6052203,-0.809,-0.162,0.599,-1.008,1.847,-0.42,-0.668,-0.301,0.626,-6.305,0.985,-0.023,-0.289,-0.374,0.908,-0.618,-0.145,0.191,-0.204,-0.299,0.998,1.282,6.687,-0.527,0.076,-0.32,0.819,-0.817,2.069,0.16,btn_A
1780980161.7085783,-0.809,-0.164,0.591,-0.901,2.015,-1.305,-0.668,-0.297,0.631,-6.252,0.817,0.191,-0.287,-0.371,0.903,-0.573,-0.107,0.473,-0.204,-0.298,0.996,1.817,6.313,-0.786,0.07,-0.317,0.815,-0.748,2.489,-0.496,btn_A
1780980161.811378,-0.805,-0.168,0.593,-1.42,1.809,-0.786,-0.664,-0.298,0.633,-6.26,1.145,-0.031,-0.287,-0.378,0.906,-0.176,0.206,0.359,-0.205,-0.301,0.996,1.412,6.313,-0.725,0.08,-0.32,0.817,-0.435,2.13,-0.176,btn_A
1780980165.0117948,-0.808,-0.165,0.597,-0.733,1.534,-1.061,-0.669,-0.302,0.63,-6.374,0.489,-0.573,-0.288,-0.377,0.911,-0.336,0.008,0.458,-0.206,-0.304,0.995,1.397,6.962,-0.481,0.088,-0.318,0.816,-0.55,1.939,0.321,btn_A
1780980165.1109939,-0.813,-0.167,0.592,-1.244,1.794,-0.962,-0.667,-0.3,0.626,-6.74,0.603,-0.954,-0.285,-0.379,0.903,-0.42,0.198,0.244,-0.208,-0.304,0.995,1.305,6.893,0.046,0.083,-0.319,0.813,-0.099,2.87,0.038,btn_A
1780980165.2102478,-0.81,-0.17,0.584,-0.977,1.458,-0.901,-0.666,-0.298,0.627,-6.55,0.847,-0.443,-0.287,-0.373,0.905,-0.519,0.397,-0.053,-0.205,-0.303,0.987,1.58,6.885,-0.931,0.08,-0.315,0.814,-0.58,2.244,-0.267,btn_A
1780980165.3251681,-0.81,-0.168,0.595,-0.565,1.122,-0.145,-0.667,-0.301,0.629,-6.504,0.275,-0.733,-0.287,-0.377,0.896,-0.374,0.344,-0.183,-0.206,-0.302,0.994,1.641,6.847,-0.473,0.086,-0.322,0.819,-0.359,2.069,0.122,btn_A
1780980165.424319,-0.81,-0.164,0.593,-1.176,1.237,-1.382,-0.67,-0.297,0.626,-6.565,0.176,-0.466,-0.286,-0.377,0.906,-0.008,-0.71,0.397,-0.207,-0.302,0.989,1.557,6.443,-0.618,0.084,-0.319,0.823,-0.847,2.695,-0.031,btn_A
1780980165.522679,-0.806,-0.167,0.591,-0.885,2.489,0.092,-0.668,-0.297,0.63,-6.649,1.687,-0.282,-0.284,-0.377,0.901,0.008,0.695,1.137,-0.2,-0.31,1.145,-13.435,14.168,-1.275,0.076,-0.322,0.815,-0.366,4.473,-1.237,btn_A
1780980165.622692,-0.826,-0.16,0.565,3.573,17.748,6.107,-0.729,-0.27,0.532,-7.115,26.031,0.221,-0.345,-0.361,0.886,-10.145,40.786,5.023,0.007,0.182,0.613,167.824,-38.328,11.885,0.064,-0.301,0.81,-16.496,24.26,0.26,btn_A
1780980165.725884,-0.819,-0.162,0.579,0.939,-0.527,-0.71,-0.721,-0.281,0.566,-4.374,-0.496,-0.405,-0.326,-0.355,0.899,-3.466,-0.672,8.481,-0.158,0.267,0.98,34.252,3.405,-4.977,0.06,-0.302,0.836,7.374,-4.092,2.405,btn_A
1780980165.8438663,-0.813,-0.16,0.586,-0.962,-0.099,-2.374,-0.704,-0.292,0.588,-6.733,-0.611,-0.397,-0.385,-0.365,0.888,-0.962,-1.031,-0.924,-0.154,0.204,1.062,-3.893,6.168,-1.71,0.055,-0.295,0.816,-2.977,3.664,0.221,btn_A
1780980165.9441853,-0.824,-0.155,0.58,-0.313,1.389,-0.008,-0.715,-0.29,0.58,-6.695,-0.74,-1.191,-0.389,-0.361,0.864,-1.542,-0.794,0.84,-0.163,0.189,1.104,4.29,4.076,-7.374,0.054,-0.297,0.829,-0.969,-0.534,0.817,btn_A
1780980166.041174,-0.826,-0.155,0.578,-1.198,2.275,-1.412,-0.716,-0.286,0.575,-6.649,-4.779,-2.191,-0.386,-0.367,0.882,-2.084,-5.954,-0.802,-0.134,0.167,1.158,3.321,3.176,-2.336,0.049,-0.305,0.832,-2.252,1.244,-0.473,btn_A
1780980166.1375775,-0.823,-0.154,0.573,-0.557,-1.359,-1.74,-0.71,-0.291,0.586,-6.443,-5.046,-1.176,-0.381,-0.367,0.893,-0.725,0.466,-1.748,-0.148,0.197,1.057,-0.588,6.275,1.863,0.052,-0.297,0.819,0.351,3.092,0.489,btn_A
1780980166.2405038,-0.82,-0.165,0.57,-0.046,-2.458,-3.099,-0.706,-0.325,0.593,-5.031,-19.519,0.099,-0.346,-0.394,0.851,3.916,-56.733,-14.084,0.05,0.476,-0.096,-250.137,47.878,-19.687,0.04,-0.282,0.82,-22.679,-20.649,-8.45,btn_A
1780980166.3431966,-0.714,-0.24,0.62,5.527,21.817,6.58,-0.653,-0.301,0.705,-9.115,0.382,-3.786,-0.26,-0.448,0.912,13.153,27.321,3.244,-0.239,-0.251,1.021,-6.595,14.191,-0.679,0.108,-0.273,0.757,0.267,0.198,-1.725,btn_A
1780980166.4568295,-0.809,-0.168,0.59,-0.26,1.115,-1.542,-0.669,-0.297,0.627,-5.786,-0.725,-0.687,-0.283,-0.37,0.911,-0.733,-2.183,-0.351,-0.193,-0.282,1.005,-2.87,4.405,-1.443,0.075,-0.323,0.818,8.244,-3.702,1.29,btn_A
1780980166.5492635,-0.804,-0.167,0.602,-0.74,1.771,-0.046,-0.663,-0.298,0.633,-6.588,1.427,-0.45,-0.286,-0.374,0.907,-0.351,0.618,0.672,-0.206,-0.288,0.996,-0.115,7.336,-0.687,0.083,-0.322,0.814,-2.351,4.496,-0.16,btn_A
1780980166.6524904,-0.808,-0.164,0.593,-1.008,1.374,-0.725,-0.662,-0.296,0.626,-6.351,0.397,-0.656,-0.29,-0.37,0.91,-0.573,-0.282,-0.115,-0.2,-0.291,0.999,-0.031,6.16,-1.244,0.082,-0.317,0.813,0.672,0.252,0.221,btn_A
1780980166.7558422,-0.805,-0.167,0.604,-0.901,1.069,-0.863,-0.665,-0.297,0.63,-6.611,0.504,-0.435,-0.282,-0.373,0.901,-0.55,0.153,-0.359,-0.203,-0.296,0.998,0.893,6.405,-0.511,0.083,-0.326,0.814,-1.069,3.198,-0.198,btn_A
1780980166.858771,-0.809,-0.167,0.594,-0.489,0.74,-0.542,-0.665,-0.298,0.638,-6.153,0.977,-0.42,-0.287,-0.375,0.902,-0.305,-0.282,-0.275,-0.203,-0.293,0.984,1.092,6.527,-1.053,0.085,-0.325,0.817,-0.405,1.313,0.16,btn_A
1780980166.9610312,-0.804,-0.167,0.6,-0.855,1.992,-1.008,-0.664,-0.298,0.633,-6.603,1.351,-0.679,-0.285,-0.376,0.905,-0.733,0.916,0.542,-0.208,-0.298,1.0,0.687,7.756,-0.053,0.078,-0.318,0.821,-0.534,2.748,0.092,btn_A
1780980167.0758545,-0.804,-0.167,0.596,-1.053,1.824,-0.954,-0.664,-0.299,0.628,-6.786,0.756,-0.359,-0.282,-0.375,0.907,-0.389,0.115,0.099,-0.206,-0.3,1.003,0.908,6.977,-0.305,0.084,-0.316,0.815,-0.832,2.718,-0.229,btn_A
1780980167.1762855,-0.81,-0.163,0.594,-1.55,1.832,-0.565,-0.663,-0.299,0.627,-6.45,1.29,0.084,-0.286,-0.371,0.897,-0.382,0.458,-0.122,-0.202,-0.297,0.993,1.489,6.061,-0.45,0.081,-0.319,0.818,-0.641,2.802,-0.267,btn_A
1780980167.274746,-0.808,-0.166,0.596,-0.748,1.58,-0.16,-0.666,-0.301,0.635,-6.466,1.351,0.069,-0.289,-0.378,0.905,-0.466,-0.076,-0.298,-0.199,-0.297,0.995,1.107,7.206,-0.473,0.081,-0.318,0.817,-0.305,1.786,0.252,btn_A
1780980167.3735783,-0.806,-0.165,0.593,-1.26,2.282,-1.275,-0.667,-0.301,0.632,-6.344,1.183,0.061,-0.289,-0.374,0.906,-0.473,-0.046,0.153,-0.204,-0.297,0.99,1.198,6.588,-0.672,0.077,-0.319,0.819,-0.542,1.427,0.542,btn_A
1780980167.4765928,-0.81,-0.169,0.594,-0.687,1.336,-0.405,-0.67,-0.298,0.629,-6.427,0.588,-0.893,-0.285,-0.377,0.908,-0.405,0.435,0.29,-0.2,-0.295,1.0,1.176,7.191,-0.344,0.082,-0.323,0.821,-0.382,1.954,0.305,btn_A
1780980167.5919743,-0.806,-0.168,0.594,-0.794,1.519,-0.832,-0.667,-0.295,0.626,-5.748,0.595,-1.061,-0.29,-0.374,0.903,-0.504,0.389,0.626,-0.204,-0.297,0.997,1.061,6.802,-0.863,0.081,-0.317,0.822,-0.718,2.244,0.076,btn_A
1780980167.6905437,-0.811,-0.165,0.597,-0.954,1.534,-0.626,-0.673,-0.299,0.634,-6.221,0.71,-0.29,-0.291,-0.374,0.914,-0.351,0.069,-0.191,-0.202,-0.302,0.99,1.656,6.779,-0.664,0.081,-0.32,0.817,-0.565,2.603,-0.153,btn_A
1780980167.7907538,-0.807,-0.168,0.597,-1.26,1.336,-0.992,-0.669,-0.296,0.627,-6.275,0.55,0.527,-0.288,-0.378,0.904,0.0,-0.397,0.168,-0.204,-0.299,1.001,1.168,6.534,-0.802,0.083,-0.323,0.818,-0.458,1.924,0.26,btn_A
1780980167.8886247,-0.808,-0.164,0.591,-0.718,1.214,-0.527,-0.668,-0.299,0.636,-5.908,1.061,0.069,-0.292,-0.377,0.909,-0.328,0.458,-0.153,-0.201,-0.301,0.993,1.695,6.847,-0.305,0.077,-0.323,0.814,-0.687,2.641,0.053,btn_A
1780980171.0902963,-0.8,-0.174,0.603,-0.374,1.947,-0.603,-0.663,-0.298,0.627,-6.489,0.794,-0.542,-0.279,-0.377,0.9,-0.359,0.13,0.076,-0.201,-0.305,0.992,1.725,6.237,-1.473,0.075,-0.326,0.812,-2.435,1.496,-0.412,btn_A
1780980171.1867259,-0.808,-0.162,0.59,-1.0,-0.031,-0.771,-0.667,-0.297,0.625,-6.046,0.405,-0.969,-0.282,-0.375,0.902,0.046,-1.618,-0.611,-0.186,-0.306,1.001,0.908,6.176,-0.313,0.093,-0.319,0.813,0.443,2.977,-0.344,btn_A
1780980171.2892365,-0.806,-0.168,0.594,-0.824,-0.382,-1.74,-0.665,-0.299,0.633,-5.992,-0.145,-0.641,-0.278,-0.38,0.907,0.244,-0.244,-0.336,-0.198,-0.304,0.995,1.435,6.336,-0.985,0.084,-0.322,0.82,-1.573,3.053,-0.87,btn_A
1780980171.3908865,-0.81,-0.165,0.599,-1.214,2.023,0.076,-0.663,-0.299,0.627,-6.824,0.84,-0.076,-0.283,-0.376,0.908,-1.008,0.809,0.58,-0.201,-0.309,0.993,0.863,8.504,0.031,0.083,-0.323,0.816,-1.023,2.496,0.412,btn_A
1780980171.5006387,-0.812,-0.161,0.595,-0.282,0.977,-1.618,-0.667,-0.299,0.628,-6.206,0.557,-0.809,-0.284,-0.367,0.902,-0.817,-0.458,-0.053,-0.201,-0.294,0.983,1.405,8.099,-0.748,0.084,-0.31,0.812,0.053,4.145,0.221,btn_A
1780980171.6101532,-0.81,-0.162,0.594,-1.16,2.718,0.069,-0.67,-0.297,0.624,-6.466,0.969,-0.031,-0.292,-0.371,0.907,-0.336,-0.237,0.366,-0.213,-0.302,0.992,0.901,5.015,-0.985,0.08,-0.322,0.82,-2.565,2.191,-0.069,btn_A
1780980171.7102869,-0.808,-0.169,0.598,-0.58,-1.244,-1.473,-0.668,-0.298,0.628,-6.107,0.122,0.168,-0.271,-0.369,0.913,0.015,-0.359,0.809,-0.2,-0.299,1.006,1.863,9.542,-0.351,0.089,-0.315,0.817,1.061,2.878,1.496,btn_A
1780980171.8029585,-0.796,-0.164,0.604,-1.168,2.832,0.687,-0.663,-0.294,0.634,-7.336,2.168,0.71,-0.276,-0.377,0.916,-1.298,3.023,1.817,-0.167,-0.299,1.163,-12.977,16.26,1.099,0.065,-0.303,0.803,-0.244,10.214,-0.076,btn_A
1780980171.92484,-0.843,-0.136,0.552,0.847,29.221,11.244,-0.756,-0.23,0.417,-2.985,52.359,1.725,-0.547,-0.3,0.707,-1.519,75.122,17.061,-0.507,0.386,0.443,92.427,0.206,5.954,0.0,-0.259,0.789,-29.985,19.405,-6.855,btn_A
1780980172.009539,-0.829,-0.151,0.57,-0.786,-2.603,-2.366,-0.691,-0.293,0.597,-5.45,4.084,-0.229,-0.351,-0.376,0.884,4.992,7.252,3.527,-0.109,0.237,0.975,22.756,14.847,-5.282,0.062,-0.288,0.814,19.962,-10.74,1.748,btn_A
1780980172.1120124,-0.799,-0.155,0.602,-1.321,3.916,0.008,-0.713,-0.286,0.576,-5.58,12.191,1.168,-0.385,-0.355,0.883,0.71,13.504,5.084,-0.286,0.241,0.919,8.45,17.374,-5.924,0.04,-0.298,0.808,-7.481,14.046,-2.786,btn_A
1780980172.2244072,-0.806,-0.157,0.583,-0.763,-0.321,-2.481,-0.673,-0.253,0.527,-9.618,-25.817,0.084,-0.346,-0.359,0.916,-2.053,-51.153,-13.015,0.085,0.262,-0.332,-250.137,53.458,-42.176,0.061,-0.295,0.834,-9.229,-23.183,-1.58,btn_A
1780980172.3218808,-0.867,-0.086,0.586,13.206,38.359,5.267,-0.655,-0.282,0.659,-3.588,27.893,2.679,-0.321,-0.305,0.935,6.71,7.847,3.122,-0.309,-0.262,0.959,-10.397,-17.427,-0.168,0.08,-0.298,0.812,-40.756,26.924,-7.099,btn_A
1780980172.420561,-0.796,-0.167,0.606,1.847,-2.496,-1.74,-0.657,-0.293,0.647,-5.053,-0.237,-0.45,-0.264,-0.354,0.917,-0.557,-1.328,-0.305,-0.197,-0.271,1.022,-6.206,8.802,-1.176,0.075,-0.331,0.818,7.527,-3.878,1.298,btn_A
1780980172.523686,-0.796,-0.164,0.611,-1.061,3.107,0.427,-0.656,-0.298,0.651,-7.038,3.092,-0.122,-0.28,-0.36,0.914,-1.786,3.779,1.389,-0.198,-0.276,1.015,-4.336,10.603,-0.298,0.076,-0.322,0.813,-2.511,4.275,1.008,btn_A
1780980172.6406255,-0.808,-0.169,0.602,-0.58,1.115,-1.115,-0.655,-0.302,0.642,-5.817,1.42,-0.061,-0.279,-0.362,0.912,0.878,-0.145,-0.29,-0.177,-0.273,1.009,-0.595,4.305,-0.718,0.094,-0.342,0.817,1.595,-1.16,-0.908,btn_A
1780980172.7429197,-0.8,-0.164,0.602,-0.115,0.374,-0.412,-0.659,-0.291,0.649,-6.817,-0.641,-0.534,-0.271,-0.358,0.919,-1.031,-1.092,0.618,-0.18,-0.283,1.008,0.847,8.061,0.0,0.08,-0.328,0.816,-3.153,7.588,0.756,btn_A
1780980172.8400564,-0.806,-0.167,0.603,-1.328,1.74,-1.542,-0.658,-0.303,0.646,-6.496,0.153,-1.183,-0.28,-0.364,0.914,-0.534,0.305,-0.084,-0.191,-0.282,1.003,1.954,6.305,-0.679,0.071,-0.329,0.819,0.214,1.672,-0.481,btn_A
1780980172.936306,-0.809,-0.169,0.583,-1.863,3.481,-0.069,-0.66,-0.299,0.638,-6.649,0.802,-0.618,-0.28,-0.361,0.908,-0.985,0.29,0.214,-0.183,-0.28,1.013,0.695,7.13,0.076,0.077,-0.332,0.808,-0.206,2.183,1.275,btn_A
1780980173.0385737,-0.808,-0.167,0.601,0.397,-5.931,-3.55,-0.652,-0.299,0.647,-2.992,-5.076,-1.496,-0.272,-0.348,0.936,4.137,-6.183,-0.832,-0.176,-0.282,1.009,3.664,5.947,-0.847,0.081,-0.325,0.818,-2.328,3.893,-1.313,btn_A
1780980173.141787,-0.804,-0.166,0.605,-1.206,3.908,0.855,-0.656,-0.298,0.65,-7.496,1.954,0.382,-0.274,-0.359,0.922,-0.87,1.924,1.366,-0.19,-0.285,1.004,0.359,8.649,0.466,0.069,-0.328,0.815,-0.321,1.603,0.351,btn_A
1780980173.2555912,-0.81,-0.167,0.593,-1.656,3.519,-0.962,-0.655,-0.299,0.639,-6.427,1.336,0.13,-0.279,-0.355,0.912,-0.656,0.962,0.618,-0.198,-0.278,1.003,0.893,6.817,-1.038,0.077,-0.321,0.809,0.046,-0.847,1.473,btn_A
1780980173.356834,-0.797,-0.171,0.607,-1.351,0.649,-0.954,-0.649,-0.297,0.646,-6.527,0.55,-0.748,-0.276,-0.356,0.914,0.107,-0.221,-0.786,-0.184,-0.282,1.006,2.145,7.603,-0.618,0.082,-0.322,0.817,-0.145,3.137,-0.038,btn_A
1780980173.4576368,-0.801,-0.163,0.609,-0.855,2.679,-0.756,-0.657,-0.298,0.637,-6.183,1.275,-1.16,-0.271,-0.358,0.925,-0.817,0.603,0.122,-0.187,-0.28,1.005,1.107,7.374,-0.122,0.08,-0.324,0.81,-0.985,1.046,-0.489,btn_A
1780980173.5539298,-0.806,-0.164,0.601,-1.191,1.389,-1.481,-0.656,-0.295,0.651,-5.389,-0.328,-1.229,-0.277,-0.361,0.92,-0.183,-0.855,-0.42,-0.184,-0.287,1.006,0.847,5.305,-0.618,0.08,-0.331,0.813,-1.466,1.473,-0.878,btn_A
1780980173.656642,-0.804,-0.171,0.596,-1.42,3.42,-0.588,-0.658,-0.306,0.634,-6.603,1.061,0.069,-0.284,-0.367,0.913,-0.71,0.756,0.695,-0.192,-0.289,1.001,1.328,6.122,-0.168,0.081,-0.326,0.819,-0.29,1.099,-0.725,btn_A
1780980173.7601223,-0.809,-0.168,0.593,-0.366,1.931,0.061,-0.655,-0.3,0.64,-6.099,0.893,0.336,-0.269,-0.357,0.917,-0.023,-0.344,0.328,-0.177,-0.276,1.014,2.137,6.489,0.473,0.076,-0.32,0.812,1.038,3.115,0.336,btn_A
1780980173.8763084,-0.805,-0.163,0.612,-1.282,2.756,-0.015,-0.653,-0.295,0.651,-6.466,2.527,0.588,-0.288,-0.358,0.914,-0.061,2.046,0.595,-0.188,-0.28,1.011,0.695,6.954,-0.443,0.08,-0.327,0.812,-0.565,2.214,-0.466,btn_A
1780980173.9661434,-0.8,-0.168,0.606,-1.267,0.809,-1.023,-0.655,-0.298,0.646,-6.405,1.069,-0.649,-0.266,-0.358,0.916,-0.771,0.282,0.794,-0.181,-0.283,1.0,0.824,8.611,0.298,0.081,-0.321,0.82,1.389,2.611,0.13,btn_A
1780980174.0691504,-0.806,-0.165,0.604,-0.527,2.893,-0.443,-0.656,-0.299,0.645,-6.405,1.214,-0.527,-0.282,-0.36,0.909,0.038,0.893,0.031,-0.2,-0.285,1.001,1.092,5.519,-1.382,0.079,-0.324,0.817,-2.412,2.153,-0.626,btn_A
1780980177.2635822,-0.803,-0.171,0.603,-0.534,1.893,-0.305,-0.657,-0.295,0.642,-6.58,1.191,-0.443,-0.291,-0.362,0.908,-0.771,1.351,0.26,-0.197,-0.298,1.007,1.023,7.366,-0.511,0.085,-0.315,0.809,-0.405,2.969,0.031,btn_A
1780980177.3741727,-0.807,-0.165,0.599,-0.366,1.641,-0.649,-0.661,-0.295,0.635,-6.435,0.634,-0.771,-0.286,-0.362,0.911,-0.252,-0.237,-0.305,-0.2,-0.294,1.001,1.458,7.87,0.153,0.084,-0.324,0.825,-0.74,2.427,-0.076,btn_A
1780980177.4743245,-0.807,-0.163,0.601,-1.092,1.336,-0.832,-0.659,-0.295,0.643,-6.58,0.87,-0.534,-0.29,-0.356,0.91,-0.42,-0.466,0.298,-0.19,-0.301,1.0,1.267,7.305,-0.947,0.082,-0.325,0.819,-0.634,2.527,0.0,btn_A
1780980177.5744267,-0.806,-0.163,0.6,-0.969,1.847,-0.893,-0.659,-0.296,0.636,-6.214,1.42,0.26,-0.292,-0.358,0.913,-0.359,0.588,0.725,-0.199,-0.301,0.996,1.603,7.397,-0.267,0.081,-0.318,0.815,-0.664,2.397,-0.221,btn_A
1780980177.6742053,-0.807,-0.169,0.598,-0.687,1.221,-0.282,-0.66,-0.294,0.637,-6.397,0.588,0.115,-0.293,-0.359,0.912,-0.168,-0.237,0.214,-0.192,-0.302,0.998,1.481,6.344,-0.687,0.09,-0.324,0.828,-0.42,1.939,-0.183,btn_A
1780980177.7901793,-0.805,-0.169,0.598,-1.389,1.534,-1.229,-0.66,-0.293,0.639,-6.595,0.565,-0.58,-0.288,-0.364,0.914,-0.26,0.473,0.275,-0.17,-0.297,1.088,-3.489,8.298,0.565,0.078,-0.324,0.817,0.26,4.313,-0.115,btn_A
1780980177.889972,-0.833,-0.152,0.54,4.74,37.359,18.328,-0.665,-0.206,0.539,-8.244,75.374,6.13,-0.36,-0.251,0.716,23.466,87.267,44.656,-0.816,0.292,0.399,128.458,40.069,-4.42,-0.083,-0.201,0.787,7.863,31.519,4.962,btn_A
1780980177.9892247,-0.814,-0.161,0.595,-2.061,-3.351,-1.969,-0.716,-0.283,0.559,-7.16,-0.443,0.191,-0.428,-0.365,0.864,-0.687,0.015,0.924,-0.188,0.227,1.001,8.939,12.87,5.328,0.06,-0.296,0.842,7.84,-9.679,1.588,btn_A
1780980178.0861993,-0.811,-0.151,0.594,-1.374,0.435,-1.718,-0.709,-0.288,0.581,-6.58,-6.718,-1.183,-0.37,-0.362,0.89,-0.969,-3.84,-0.328,-0.204,0.203,0.994,-7.313,5.046,-2.206,0.054,-0.298,0.831,-2.313,3.718,-0.931,btn_A
1780980178.189303,-0.812,-0.157,0.585,-1.069,0.489,-2.229,-0.722,-0.3,0.566,-7.565,-9.214,-1.809,-0.352,-0.352,0.903,-4.275,-7.328,-1.489,-0.13,0.146,1.198,3.366,2.565,-4.206,0.053,-0.309,0.842,-2.282,0.664,-0.527,btn_A
1780980178.2922082,-0.812,-0.157,0.59,-1.389,2.542,0.924,-0.7,-0.285,0.59,-5.557,12.481,1.366,-0.378,-0.359,0.867,1.779,13.015,5.679,-0.2,0.175,1.081,23.977,14.527,-7.534,0.057,-0.29,0.821,-1.321,4.824,-0.015,btn_A
1780980178.4050715,-0.812,-0.156,0.578,-0.954,-3.458,-3.282,-0.708,-0.285,0.592,-7.244,-13.443,-2.511,-0.381,-0.351,0.86,-4.817,-13.817,-9.344,-0.195,0.261,0.498,-88.573,5.092,5.802,0.053,-0.302,0.814,0.298,-2.397,0.916,btn_A
1780980178.5065107,-0.83,-0.153,0.489,-5.328,-63.053,-13.282,-0.429,-0.398,0.965,4.534,20.107,-1.366,-0.341,-0.286,1.004,27.557,26.13,1.954,-0.274,-0.207,1.374,-14.191,85.695,-3.092,0.057,-0.297,0.78,14.916,-10.107,1.405,btn_A
1780980178.6015346,-0.797,-0.168,0.609,-2.206,3.58,-0.893,-0.664,-0.296,0.641,-7.099,-1.038,-0.473,-0.293,-0.373,0.904,0.084,6.282,1.626,-0.207,-0.284,0.989,-1.107,8.321,-0.863,0.066,-0.32,0.805,-21.023,19.206,-3.733,btn_A
1780980178.7039278,-0.807,-0.163,0.59,-1.863,0.58,-1.069,-0.662,-0.3,0.633,-6.595,-0.053,-0.344,-0.281,-0.373,0.907,-0.618,-0.26,0.389,-0.178,-0.286,1.013,-0.046,6.809,-0.053,0.09,-0.327,0.819,5.916,-3.588,0.733,btn_A
1780980178.807253,-0.803,-0.164,0.597,-1.221,1.053,-1.351,-0.666,-0.299,0.644,-6.496,0.74,-0.557,-0.286,-0.368,0.908,-0.931,2.313,0.046,-0.185,-0.288,1.003,-0.237,8.87,-0.389,0.074,-0.327,0.818,-2.748,5.916,-0.374,btn_A
1780980178.9236298,-0.809,-0.165,0.592,-0.687,1.359,-0.244,-0.662,-0.299,0.64,-6.603,0.794,-0.13,-0.286,-0.369,0.911,-0.45,0.038,0.046,-0.184,-0.291,1.003,0.191,6.847,-0.611,0.079,-0.322,0.808,1.382,1.855,-0.13,btn_A
1780980179.0250847,-0.806,-0.161,0.587,-1.214,1.641,-0.611,-0.662,-0.297,0.637,-6.618,1.229,0.298,-0.292,-0.37,0.907,-0.557,0.534,0.687,-0.19,-0.29,1.004,0.55,7.573,-0.656,0.076,-0.32,0.822,-1.405,3.206,-0.069,btn_A
1780980179.1159806,-0.811,-0.169,0.591,-0.771,2.534,-0.626,-0.661,-0.295,0.634,-6.542,1.481,0.55,-0.289,-0.373,0.906,0.031,-0.023,0.45,-0.181,-0.296,0.991,1.023,5.832,-0.718,0.078,-0.327,0.819,0.076,1.145,-0.145,btn_A
1780980179.2261012,-0.807,-0.162,0.6,-0.481,1.122,-0.435,-0.666,-0.3,0.638,-6.122,0.374,-0.458,-0.283,-0.368,0.907,-0.252,0.16,-0.145,-0.187,-0.294,0.997,0.71,7.183,-0.267,0.081,-0.326,0.816,-0.511,2.076,-0.183,btn_A
1780980179.3230567,-0.803,-0.162,0.596,-1.16,1.649,-1.237,-0.667,-0.295,0.638,-6.412,0.863,-1.038,-0.293,-0.371,0.914,-0.443,-0.053,-0.015,-0.187,-0.294,0.998,0.656,7.458,-0.405,0.069,-0.32,0.812,-0.336,3.061,-0.015,btn_A
1780980179.4328148,-0.804,-0.165,0.6,-0.992,2.252,-0.939,-0.659,-0.293,0.63,-6.611,1.092,-0.237,-0.292,-0.371,0.897,-0.267,0.542,-0.153,-0.189,-0.301,0.994,0.992,7.0,-0.603,0.081,-0.324,0.817,-0.214,3.115,0.084,btn_A
1780980179.5282903,-0.811,-0.162,0.591,-0.557,1.55,-0.672,-0.668,-0.301,0.632,-6.244,0.74,0.237,-0.295,-0.371,0.91,-0.298,-0.084,0.427,-0.19,-0.297,1.006,1.008,6.046,-0.702,0.08,-0.319,0.824,-0.557,1.328,-0.092,btn_A
1780980179.6362207,-0.815,-0.167,0.603,-1.084,0.817,-0.687,-0.669,-0.298,0.634,-6.16,0.366,0.176,-0.294,-0.371,0.908,0.061,0.542,0.557,-0.189,-0.298,0.999,1.069,6.924,-0.267,0.071,-0.315,0.821,-0.534,1.489,-0.069,btn_A
1780980179.746123,-0.811,-0.167,0.594,-1.198,1.267,-1.031,-0.669,-0.299,0.63,-6.328,0.809,-0.344,-0.291,-0.367,0.897,0.031,-0.038,-0.183,-0.187,-0.301,1.001,1.122,7.321,-0.519,0.083,-0.321,0.829,-0.252,2.275,0.321,btn_A
1780980179.8368244,-0.811,-0.164,0.602,-0.565,1.802,-0.282,-0.66,-0.296,0.629,-6.489,0.939,-0.153,-0.289,-0.368,0.906,-0.687,0.427,0.023,-0.187,-0.302,1.001,0.962,6.756,-0.29,0.076,-0.319,0.82,-1.359,2.443,0.267,btn_A
1780980179.9422681,-0.81,-0.163,0.59,-0.863,2.29,-1.015,-0.666,-0.299,0.635,-6.542,0.618,-0.687,-0.294,-0.372,0.911,-0.198,0.374,0.092,-0.193,-0.3,1.003,1.214,6.496,-1.351,0.085,-0.319,0.818,-0.275,2.031,-0.405,btn_A
1780980180.0553381,-0.808,-0.162,0.593,-1.183,1.176,-1.008,-0.669,-0.3,0.627,-6.198,0.389,-0.26,-0.292,-0.37,0.909,-0.145,-0.153,0.046,-0.187,-0.301,1.001,1.687,6.313,-0.344,0.081,-0.325,0.821,-0.695,2.74,-0.191,btn_A
1780980180.158284,-0.808,-0.163,0.595,-1.061,1.336,-0.939,-0.667,-0.297,0.635,-6.786,0.519,-0.634,-0.292,-0.372,0.906,-0.466,-0.237,0.687,-0.187,-0.295,0.993,1.267,7.366,-0.718,0.077,-0.327,0.823,-0.504,3.046,-0.099,btn_A
1780980183.33973,-0.81,-0.163,0.595,-1.137,1.954,-1.427,-0.663,-0.293,0.633,-6.588,1.191,-0.084,-0.294,-0.373,0.904,-0.366,-0.008,0.702,-0.192,-0.304,0.997,1.084,7.061,-0.267,0.083,-0.321,0.815,-0.763,2.42,-0.244,btn_A
1780980183.4424236,-0.813,-0.165,0.594,-0.771,1.229,0.076,-0.666,-0.299,0.628,-6.763,0.473,0.107,-0.29,-0.375,0.902,-0.344,-0.382,0.336,-0.186,-0.304,1.0,1.893,5.977,-0.87,0.085,-0.323,0.818,-0.427,1.702,-0.107,btn_A
1780980183.5587952,-0.811,-0.166,0.594,-1.168,1.015,-1.076,-0.666,-0.296,0.636,-6.176,0.374,-0.435,-0.292,-0.37,0.899,0.0,0.0,0.237,-0.18,-0.303,1.003,1.695,6.115,-0.473,0.081,-0.319,0.818,-0.122,2.206,-0.107,btn_A
1780980183.6577728,-0.807,-0.169,0.595,-0.87,1.664,-0.267,-0.665,-0.299,0.624,-5.84,0.099,-1.229,-0.288,-0.368,0.897,-0.13,-0.42,-0.557,-0.181,-0.301,0.999,1.588,6.153,-0.664,0.081,-0.321,0.815,-0.748,2.183,0.0,btn_A
1780980183.7512977,-0.811,-0.166,0.59,-0.603,1.756,-0.672,-0.665,-0.298,0.636,-6.29,0.366,-0.519,-0.292,-0.371,0.915,-0.26,-0.344,-0.092,-0.19,-0.304,1.005,1.366,6.641,-0.504,0.087,-0.318,0.818,-0.443,1.863,0.137,btn_A
1780980183.8602724,-0.808,-0.162,0.592,-1.366,1.771,-0.641,-0.667,-0.298,0.633,-6.427,0.756,0.115,-0.292,-0.37,0.908,-0.351,0.031,-0.221,-0.187,-0.301,0.999,1.344,6.779,-0.832,0.082,-0.325,0.825,-0.519,2.412,0.031,btn_A
1780980183.9571302,-0.81,-0.164,0.594,-0.802,1.214,-0.916,-0.667,-0.301,0.632,-6.0,0.87,0.0,-0.296,-0.376,0.91,-0.336,0.076,0.137,-0.192,-0.302,0.999,1.321,6.634,-0.45,0.078,-0.324,0.818,-0.481,2.534,-0.084,btn_A
1780980184.0603392,-0.805,-0.167,0.599,-0.786,1.855,-0.061,-0.664,-0.297,0.636,-6.366,0.908,0.099,-0.289,-0.372,0.906,-0.214,-0.313,0.313,-0.191,-0.299,0.998,1.389,6.687,-1.13,0.082,-0.319,0.811,-0.397,2.374,0.229,btn_A
1780980184.1714013,-0.814,-0.156,0.591,1.763,-4.0,0.786,-0.663,-0.356,0.759,3.153,52.885,1.947,-0.144,-0.435,1.152,21.527,100.779,26.336,-0.14,-0.627,-1.199,250.13,-117.198,200.053,0.049,-0.379,0.952,71.962,46.069,11.237,btn_A
1780980184.2746234,-0.802,-0.176,0.599,3.779,-4.748,-3.679,-0.727,-0.276,0.538,-3.656,-19.504,-2.901,-0.397,-0.344,0.886,-13.489,-26.031,-12.038,-0.063,0.22,1.16,-34.458,-2.221,4.71,0.071,-0.267,0.852,-12.87,7.115,-0.267,btn_A
1780980184.369108,-0.808,-0.163,0.59,0.687,4.008,-0.374,-0.695,-0.294,0.594,-6.298,-2.779,-1.206,-0.348,-0.366,0.891,0.481,2.168,0.977,-0.194,0.211,0.916,-5.145,6.557,-4.496,0.043,-0.312,0.83,-5.214,9.901,-4.107,btn_A
1780980184.4723241,-0.808,-0.159,0.582,-0.893,1.267,-1.076,-0.695,-0.283,0.597,-6.344,-1.954,-0.893,-0.358,-0.35,0.89,-0.519,-4.443,-0.885,-0.183,0.217,0.986,-8.832,2.038,1.092,0.065,-0.296,0.832,0.893,-5.397,1.427,btn_A
1780980184.588356,-0.813,-0.152,0.594,-0.962,3.641,-0.198,-0.69,-0.292,0.594,-7.13,-1.405,-0.878,-0.363,-0.355,0.877,-1.313,-2.58,-0.481,-0.201,0.242,0.828,-25.176,8.725,-4.336,0.038,-0.302,0.832,-2.847,2.695,-0.901,btn_A
1780980184.6867652,-0.804,-0.171,0.596,-4.496,-9.153,-6.87,-0.662,-0.295,0.628,-8.015,-25.748,-7.84,-0.126,-0.303,0.907,-2.74,-49.756,-19.969,1.474,0.159,-1.215,59.618,68.099,-6.053,0.175,-0.283,0.772,-37.076,39.45,-5.351,btn_A
1780980184.78882,-0.785,-0.177,0.625,3.229,2.595,-0.282,-0.652,-0.297,0.651,-5.817,0.382,-0.229,-0.278,-0.37,0.912,0.519,3.618,0.244,-0.168,-0.273,1.011,-3.237,9.626,-1.496,0.087,-0.31,0.813,2.366,-3.305,-0.298,btn_A
1780980184.8909724,-0.81,-0.161,0.598,-0.878,2.855,-0.847,-0.658,-0.296,0.635,-6.626,0.42,-0.275,-0.282,-0.367,0.913,-1.397,2.221,0.916,-0.183,-0.281,1.01,-4.206,7.015,-0.962,0.077,-0.334,0.812,-1.122,2.466,-0.45,btn_A
1780980184.9872077,-0.81,-0.165,0.59,-0.832,1.397,-0.366,-0.657,-0.297,0.642,-6.595,1.206,-0.916,-0.29,-0.365,0.903,-1.153,1.695,-0.031,-0.172,-0.286,1.005,-0.725,5.076,-1.115,0.087,-0.32,0.819,0.313,2.221,0.389,btn_A
1780980185.0903134,-0.811,-0.165,0.595,-0.672,2.008,-1.015,-0.656,-0.294,0.638,-6.176,0.519,-1.084,-0.291,-0.37,0.902,-0.344,0.58,-0.061,-0.175,-0.287,1.01,0.336,7.725,-0.176,0.082,-0.32,0.811,-0.427,1.298,0.0,btn_A
1780980185.193486,-0.809,-0.162,0.585,-1.336,1.702,-1.244,-0.657,-0.294,0.639,-5.885,0.382,-0.565,-0.287,-0.366,0.908,-0.366,-0.809,-0.321,-0.179,-0.287,1.0,0.511,6.954,-0.71,0.089,-0.314,0.823,0.366,0.87,0.282,btn_A
1780980185.3054817,-0.812,-0.166,0.597,-1.031,0.947,-1.511,-0.657,-0.297,0.639,-6.13,0.893,0.267,-0.289,-0.369,0.903,0.053,-0.351,0.252,-0.179,-0.285,1.007,0.802,6.603,-0.16,0.079,-0.321,0.817,-0.382,1.756,-0.053,btn_A
1780980185.4055703,-0.807,-0.166,0.598,-0.45,0.855,-0.092,-0.657,-0.298,0.637,-6.389,0.695,0.206,-0.288,-0.37,0.907,-0.565,0.55,0.435,-0.179,-0.286,1.011,1.092,7.374,-0.794,0.082,-0.321,0.824,-0.573,2.145,0.328,btn_A
1780980185.5028956,-0.809,-0.164,0.593,-1.031,1.931,-1.031,-0.66,-0.299,0.638,-6.527,0.901,-0.534,-0.291,-0.368,0.913,-0.649,0.168,-0.069,-0.173,-0.291,0.998,1.069,6.702,0.092,0.08,-0.324,0.813,-0.809,2.84,-0.366,btn_A
1780980185.6056392,-0.813,-0.166,0.593,-1.0,1.626,-0.344,-0.662,-0.3,0.636,-6.344,0.817,-0.702,-0.289,-0.367,0.91,-0.061,-0.58,0.206,-0.18,-0.292,0.998,1.351,7.466,-0.794,0.077,-0.318,0.812,-0.382,2.275,-0.122,btn_A
1780980185.7085683,-0.808,-0.165,0.597,-1.069,1.832,-0.931,-0.657,-0.301,0.638,-6.588,1.191,-0.092,-0.291,-0.367,0.911,-0.511,0.206,0.092,-0.183,-0.292,0.998,1.176,7.344,-0.267,0.082,-0.326,0.814,-0.443,2.038,0.0,btn_A
1780980185.8238058,-0.808,-0.166,0.591,-0.893,1.817,-1.023,-0.66,-0.296,0.639,-6.702,0.71,-0.504,-0.292,-0.37,0.906,-0.756,0.557,0.382,-0.175,-0.291,1.007,0.977,6.885,-0.695,0.079,-0.319,0.816,-0.519,2.344,-0.015,btn_A
1780980185.923343,-0.805,-0.166,0.594,-1.405,2.0,-0.588,-0.654,-0.298,0.64,-6.908,1.183,-0.45,-0.291,-0.365,0.9,-0.756,0.84,0.466,-0.181,-0.291,0.999,1.023,6.817,-0.076,0.082,-0.319,0.812,-0.328,1.603,0.351,btn_A
1780980186.0259473,-0.81,-0.165,0.588,-0.794,1.626,-0.595,-0.66,-0.297,0.636,-6.779,1.069,-0.275,-0.29,-0.37,0.907,-0.443,-0.145,0.008,-0.177,-0.294,1.006,1.015,7.16,-0.336,0.079,-0.316,0.824,-0.458,2.252,-0.176,btn_A
1780980186.120555,-0.809,-0.17,0.596,-1.145,1.473,-1.008,-0.661,-0.303,0.635,-6.458,0.427,-0.328,-0.294,-0.371,0.908,-0.176,0.015,-0.008,-0.18,-0.296,0.99,1.099,7.092,-0.122,0.083,-0.329,0.81,-0.107,2.405,-0.229,btn_A
1780980186.2232363,-0.813,-0.165,0.597,-0.779,1.298,-1.069,-0.662,-0.295,0.645,-6.779,0.679,-0.298,-0.294,-0.37,0.9,-0.473,0.466,0.031,-0.179,-0.296,1.003,1.153,7.084,-0.435,0.082,-0.325,0.817,-1.641,2.282,-0.023,btn_A
1780980189.519504,-0.811,-0.162,0.586,-0.557,2.183,-0.26,-0.664,-0.291,0.631,-6.397,0.893,0.015,-0.299,-0.366,0.898,-0.427,-0.588,-0.534,-0.186,-0.301,1.002,1.206,5.855,-0.336,0.083,-0.333,0.818,-1.176,0.771,-0.298,btn_A
1780980189.6233299,-0.809,-0.167,0.588,-0.87,0.885,-0.771,-0.658,-0.3,0.644,-6.588,0.45,0.275,-0.295,-0.371,0.902,-0.069,-0.29,0.626,-0.179,-0.299,0.999,1.511,7.924,-0.542,0.087,-0.313,0.82,-0.489,2.977,-0.214,btn_A
1780980189.738414,-0.81,-0.163,0.59,-1.008,2.313,-1.145,-0.669,-0.301,0.63,-6.58,0.443,-0.305,-0.296,-0.369,0.907,-0.382,-0.191,0.267,-0.182,-0.3,1.002,1.397,5.985,-0.809,0.086,-0.323,0.817,-0.565,1.718,-0.511,btn_A
1780980189.8286195,-0.813,-0.166,0.591,-0.885,1.496,-0.496,-0.663,-0.296,0.633,-6.389,0.374,-0.618,-0.293,-0.372,0.903,0.145,-0.321,-0.221,-0.175,-0.302,1.01,1.588,6.183,-0.282,0.083,-0.321,0.816,-0.534,2.405,-0.626,btn_A
1780980189.9395773,-0.805,-0.164,0.601,-1.244,1.534,-1.069,-0.659,-0.299,0.636,-6.672,0.29,-0.786,-0.294,-0.365,0.909,-1.328,0.183,-0.092,-0.184,-0.303,0.993,0.626,8.244,-0.366,0.081,-0.316,0.818,-0.046,2.817,0.824,btn_A
1780980190.0388682,-0.818,-0.167,0.579,0.115,1.504,0.176,-0.668,-0.298,0.627,-5.748,0.183,-0.656,-0.3,-0.367,0.905,0.809,-2.45,-1.008,-0.158,-0.298,1.001,1.71,0.519,-1.344,0.108,-0.34,0.818,-2.008,-1.58,-0.389,btn_A
1780980190.1376538,-0.805,-0.167,0.605,-0.84,0.0,-0.023,-0.612,-0.278,0.693,-0.779,64.29,-0.061,-0.235,-0.276,0.951,-9.71,3.0,-5.099,-0.515,-1.555,2.0,250.13,-1.939,250.13,-0.073,-0.288,0.869,39.214,31.229,12.069,btn_A
1780980190.2405853,-0.816,-0.16,0.589,-0.16,-9.992,-2.313,-0.722,-0.289,0.578,0.435,9.748,1.023,-0.42,-0.344,0.867,5.053,6.931,1.809,-0.149,0.369,0.431,23.198,-3.863,12.229,0.076,-0.256,0.817,13.901,-9.748,-0.366,btn_A
1780980190.3573396,-0.796,-0.157,0.604,-2.779,1.122,-1.023,-0.714,-0.276,0.574,-6.382,1.756,0.489,-0.363,-0.318,0.86,-3.595,-1.046,-0.168,-0.221,0.261,0.84,-11.015,11.115,-1.855,0.047,-0.304,0.833,-5.298,12.244,-0.771,btn_A
1780980190.454165,-0.812,-0.154,0.589,-5.725,-17.802,-11.282,-0.666,-0.319,0.817,-12.321,-76.496,-9.015,-0.343,-0.354,0.873,1.298,-83.641,-29.176,-2.0,-2.0,2.0,194.221,-250.137,43.405,0.002,-0.34,1.005,-57.282,-0.023,-12.794,btn_A
1780980190.5496862,-0.799,-0.168,0.604,-2.87,-11.198,-4.992,-0.658,-0.304,0.636,-5.977,-7.435,-1.359,-0.281,-0.361,0.926,2.595,-1.183,0.084,-0.182,-0.27,1.017,0.695,6.115,-0.595,0.073,-0.312,0.807,30.603,-19.351,3.969,btn_A
1780980190.6527724,-0.8,-0.164,0.599,-0.71,2.847,0.344,-0.657,-0.299,0.639,-6.733,2.015,-0.748,-0.293,-0.358,0.902,-0.985,1.565,0.786,-0.192,-0.28,1.006,-2.473,6.71,-0.42,0.078,-0.325,0.825,-7.458,7.679,-0.847,btn_A
1780980190.755628,-0.805,-0.166,0.592,-0.947,0.557,-1.641,-0.656,-0.297,0.648,-6.473,-0.237,-0.992,-0.286,-0.362,0.913,0.198,-2.069,0.069,-0.182,-0.283,1.009,0.519,5.809,-0.557,0.084,-0.324,0.812,3.763,-2.008,0.855,btn_A
1780980190.8725562,-0.809,-0.163,0.602,-0.863,2.176,-0.519,-0.66,-0.294,0.638,-6.183,1.16,0.137,-0.291,-0.366,0.909,-0.275,0.137,0.038,-0.189,-0.288,1.005,0.924,6.977,-0.26,0.077,-0.315,0.82,-2.313,4.962,-0.885,btn_A
1780980190.9615796,-0.808,-0.161,0.6,-0.511,1.282,-0.794,-0.653,-0.294,0.644,-6.015,1.191,1.099,-0.289,-0.359,0.915,-0.618,0.496,-0.405,-0.182,-0.288,1.001,0.061,6.763,-0.809,0.074,-0.32,0.81,0.122,1.939,-0.206,btn_A
1780980191.0731454,-0.803,-0.165,0.595,-1.557,2.771,-0.542,-0.658,-0.296,0.637,-6.702,1.496,0.168,-0.283,-0.362,0.907,-1.008,1.931,1.046,-0.187,-0.287,1.007,0.382,8.55,0.099,0.076,-0.312,0.821,-0.176,2.092,0.443,btn_A
1780980191.1678493,-0.81,-0.163,0.592,-1.092,1.115,-1.137,-0.659,-0.296,0.635,-6.313,1.16,-0.244,-0.288,-0.365,0.909,0.275,-0.588,0.527,-0.179,-0.292,1.01,-0.038,6.115,-0.443,0.085,-0.323,0.83,0.191,4.237,-0.847,btn_A
1780980191.270775,-0.811,-0.162,0.603,-1.145,1.45,-0.466,-0.665,-0.297,0.635,-6.198,0.863,-0.573,-0.29,-0.361,0.91,-0.634,-0.145,-0.153,-0.188,-0.293,1.004,0.679,7.305,-0.038,0.071,-0.322,0.816,-1.076,4.191,-0.588,btn_A
1780980191.3742986,-0.81,-0.165,0.594,-1.084,0.397,-0.595,-0.656,-0.291,0.633,-6.275,0.328,-0.565,-0.289,-0.363,0.902,-0.511,-0.13,-0.496,-0.186,-0.29,1.008,1.313,6.458,-0.664,0.084,-0.32,0.819,-0.099,2.863,-0.221,btn_A
1780980191.4767435,-0.809,-0.163,0.587,-1.008,1.611,-0.962,-0.661,-0.299,0.639,-6.58,0.565,-0.481,-0.289,-0.366,0.904,-0.198,-0.214,-0.053,-0.184,-0.296,1.004,0.611,6.87,-0.466,0.078,-0.321,0.815,-0.252,2.031,-0.023,btn_A
1780980191.5891016,-0.81,-0.165,0.588,-0.206,1.573,-0.382,-0.667,-0.297,0.642,-6.458,0.756,-0.267,-0.283,-0.361,0.906,-0.496,0.664,0.74,-0.187,-0.292,1.005,1.053,7.168,-0.206,0.084,-0.324,0.812,-0.641,2.015,0.176,btn_A
1780980191.6824896,-0.81,-0.161,0.596,-1.031,1.366,-1.183,-0.659,-0.294,0.635,-6.649,0.779,-0.664,-0.292,-0.358,0.908,-0.45,1.0,0.405,-0.189,-0.288,1.001,0.763,7.473,-0.496,0.083,-0.318,0.814,-0.13,1.061,0.473,btn_A
1780980191.785957,-0.809,-0.167,0.59,-1.191,1.71,-0.977,-0.66,-0.299,0.642,-6.366,0.87,-0.137,-0.294,-0.368,0.911,-0.794,0.679,-0.221,-0.185,-0.292,1.0,0.756,7.076,-0.702,0.081,-0.322,0.818,-0.282,2.237,0.038,btn_A
1780980191.8942218,-0.808,-0.163,0.586,-0.832,0.916,-1.023,-0.666,-0.297,0.63,-6.053,0.908,0.16,-0.288,-0.361,0.908,-0.229,0.076,-0.237,-0.186,-0.298,0.999,1.237,7.412,-0.382,0.083,-0.313,0.821,-0.305,2.534,0.084,btn_A
1780980191.9926007,-0.808,-0.165,0.591,-1.244,1.534,-0.275,-0.658,-0.296,0.636,-6.542,1.679,-0.267,-0.295,-0.36,0.909,-0.42,0.931,0.878,-0.187,-0.293,0.996,0.695,8.061,-0.069,0.076,-0.314,0.821,-0.122,2.42,0.267,btn_A
1780980192.1051815,-0.808,-0.163,0.587,-1.466,1.191,-1.321,-0.661,-0.296,0.639,-6.389,0.252,-1.397,-0.296,-0.365,0.906,-0.046,0.237,0.679,-0.182,-0.296,0.998,1.802,6.832,-0.916,0.072,-0.322,0.82,-0.947,3.672,-0.489,btn_A
1780980192.2097723,-0.811,-0.163,0.59,-0.832,1.802,-0.595,-0.661,-0.294,0.632,-6.252,0.58,-0.702,-0.297,-0.365,0.908,-0.122,-0.206,-0.427,-0.188,-0.295,1.006,1.786,6.145,-0.74,0.082,-0.318,0.824,-0.763,1.656,0.038,btn_A
1780980192.3010845,-0.811,-0.164,0.595,-0.542,1.565,-1.634,-0.662,-0.299,0.637,-5.817,0.595,-0.244,-0.292,-0.364,0.908,-0.382,-0.496,-0.74,-0.191,-0.297,0.994,1.427,6.328,-1.145,0.085,-0.322,0.815,-0.435,1.847,0.092,btn_A
1780980192.4036772,-0.807,-0.164,0.592,-0.924,-0.008,-1.389,-0.662,-0.295,0.631,-5.802,0.107,-0.374,-0.289,-0.366,0.905,-0.137,-0.779,-0.183,-0.183,-0.299,1.0,1.947,6.443,-0.809,0.085,-0.329,0.819,-0.748,4.038,-1.084,btn_A
1780980195.5970247,-0.808,-0.166,0.594,-0.947,0.992,-0.947,-0.663,-0.295,0.624,-6.298,0.191,-0.206,-0.303,-0.365,0.903,-0.061,-0.374,-0.198,-0.188,-0.312,0.999,1.58,6.588,-0.229,0.084,-0.313,0.826,-1.008,1.985,-0.145,btn_A
1780980195.7000568,-0.81,-0.168,0.592,-1.069,0.725,-1.137,-0.663,-0.297,0.636,-6.252,0.756,-0.366,-0.301,-0.369,0.906,-0.397,-0.42,-0.305,-0.189,-0.314,1.004,1.679,6.473,-0.634,0.083,-0.315,0.819,-0.611,2.748,-0.504,btn_A
1780980195.8046324,-0.808,-0.165,0.587,-0.641,1.595,-0.969,-0.669,-0.299,0.633,-6.534,0.74,-0.344,-0.303,-0.37,0.905,-0.412,0.519,0.237,-0.189,-0.311,1.0,1.382,7.305,-0.008,0.081,-0.313,0.828,-1.122,2.321,-0.359,btn_A
1780980195.9057844,-0.811,-0.167,0.592,-1.26,1.351,-0.763,-0.666,-0.3,0.631,-6.656,0.977,-0.542,-0.299,-0.367,0.908,0.076,0.115,1.122,-0.189,-0.311,0.998,0.947,7.679,-0.489,0.081,-0.318,0.817,-0.008,3.321,-0.183,btn_A
1780980196.0229611,-0.81,-0.167,0.587,-1.168,0.626,-1.763,-0.667,-0.295,0.63,-6.267,0.626,0.015,-0.302,-0.367,0.906,-0.107,-0.206,0.511,-0.187,-0.314,0.994,1.603,7.115,-0.244,0.083,-0.328,0.816,0.092,2.176,-0.046,btn_A
1780980196.1116526,-0.808,-0.166,0.583,-1.015,0.916,-0.466,-0.668,-0.299,0.627,-6.496,0.901,0.443,-0.303,-0.367,0.908,-0.244,0.122,-0.405,-0.19,-0.313,0.992,1.611,6.466,-0.718,0.081,-0.316,0.818,-0.229,1.901,0.16,btn_A
1780980196.2206438,-0.815,-0.164,0.59,-0.366,1.374,-0.87,-0.668,-0.299,0.631,-6.069,0.634,-0.153,-0.301,-0.365,0.899,-0.099,-0.71,-0.092,-0.191,-0.311,0.996,1.939,6.588,-0.374,0.082,-0.319,0.825,-0.58,1.924,0.26,btn_A
1780980196.3215399,-0.798,-0.193,0.587,-0.328,13.924,5.115,-0.719,-0.311,0.583,-6.145,77.824,6.42,-0.481,-0.475,0.925,13.282,95.481,7.786,1.089,0.382,-0.52,250.13,-54.115,65.611,0.06,-0.271,0.75,40.595,16.252,12.947,btn_A
1780980196.4208858,-0.818,-0.144,0.562,0.626,5.824,-0.725,-0.717,-0.3,0.631,-5.924,-1.878,-1.046,-0.44,-0.372,0.888,5.115,-2.275,4.359,-0.245,0.249,0.838,28.221,2.237,-2.305,0.041,-0.266,0.818,-13.26,22.389,-0.908,btn_A
1780980196.5240428,-0.825,-0.153,0.577,-0.634,-1.618,-0.718,-0.712,-0.286,0.587,-5.55,5.176,0.366,-0.385,-0.36,0.871,2.237,8.756,4.641,-0.211,0.277,0.899,14.931,13.634,-9.565,0.073,-0.283,0.816,12.191,-1.649,2.534,btn_A
1780980196.637457,-0.823,-0.155,0.58,-1.962,3.466,-0.466,-0.724,-0.288,0.574,-6.214,-0.015,0.359,-0.4,-0.351,0.864,-0.328,1.855,2.336,-0.2,0.265,0.927,1.87,6.107,-8.046,0.056,-0.287,0.828,-2.878,6.198,-1.328,btn_A
1780980196.7362726,-0.819,-0.155,0.571,-0.931,0.099,-1.008,-0.709,-0.287,0.585,-5.992,5.954,0.557,-0.393,-0.35,0.862,2.092,6.481,2.031,-0.213,0.251,0.984,1.183,10.13,-1.702,0.046,-0.28,0.811,1.55,0.328,-0.038,btn_A
1780980196.8370795,-0.823,-0.156,0.571,-0.802,-8.656,-7.55,-0.651,-0.254,0.605,-14.16,-71.954,-1.969,-0.392,-0.4,0.877,10.84,-78.687,-20.74,-0.167,-0.586,0.542,-250.137,64.664,-74.046,0.11,-0.366,0.881,-28.649,-28.458,-9.008,btn_A
1780980196.9360225,-0.816,-0.116,0.597,-8.786,-6.458,-2.802,-0.688,-0.284,0.605,-6.519,-3.672,-2.588,-0.253,-0.399,0.92,7.58,-7.931,-1.015,-0.165,-0.272,1.031,-2.595,-5.176,-1.962,0.067,-0.337,0.813,-14.382,12.382,-2.496,btn_A
1780980197.0389974,-0.805,-0.163,0.599,-1.298,-0.84,-1.763,-0.658,-0.296,0.64,-6.557,0.786,-0.366,-0.283,-0.375,0.908,-0.527,2.527,0.504,-0.186,-0.289,1.009,-1.481,12.351,0.099,0.081,-0.311,0.82,3.412,1.046,0.893,btn_A
1780980197.1548774,-0.808,-0.166,0.588,-1.023,2.779,0.221,-0.663,-0.299,0.629,-6.702,1.397,-0.229,-0.297,-0.369,0.901,-0.489,0.702,-0.092,-0.192,-0.287,1.006,-1.191,6.84,-0.962,0.081,-0.321,0.823,-2.076,2.511,-0.252,btn_A
1780980197.2522554,-0.809,-0.162,0.588,-0.695,0.046,-0.809,-0.662,-0.297,0.635,-6.435,0.901,-0.214,-0.286,-0.373,0.906,-0.42,1.099,0.206,-0.196,-0.293,1.0,0.649,8.176,-0.198,0.08,-0.316,0.817,0.351,2.076,0.389,btn_A
1780980197.3479257,-0.809,-0.166,0.594,-0.756,1.496,-0.618,-0.663,-0.298,0.631,-6.481,0.626,-0.206,-0.289,-0.369,0.902,-0.298,-0.084,0.489,-0.192,-0.297,0.994,0.443,6.939,-0.901,0.089,-0.316,0.823,-0.168,2.115,0.298,btn_A
1780980197.4510193,-0.811,-0.16,0.591,-0.603,1.802,-0.366,-0.665,-0.294,0.635,-6.679,1.076,0.092,-0.29,-0.369,0.902,-0.557,0.885,0.878,-0.194,-0.296,1.003,0.389,7.969,0.084,0.077,-0.316,0.817,-0.26,2.634,0.221,btn_A
1780980197.5541387,-0.806,-0.163,0.589,-1.42,2.969,-0.695,-0.665,-0.299,0.639,-7.053,1.771,0.176,-0.296,-0.367,0.903,-0.595,1.473,0.725,-0.2,-0.297,0.999,0.389,7.519,-0.939,0.077,-0.316,0.815,-0.374,2.344,0.321,btn_A
1780980197.6574223,-0.813,-0.163,0.59,-1.061,1.412,-1.13,-0.667,-0.3,0.629,-6.427,1.046,-0.382,-0.296,-0.373,0.908,-0.252,0.252,-0.099,-0.195,-0.298,0.994,1.168,6.511,-0.321,0.081,-0.311,0.821,-0.313,1.802,-0.176,btn_A
1780980197.7707715,-0.81,-0.159,0.58,-1.0,1.893,-0.763,-0.662,-0.295,0.631,-6.458,0.573,-1.489,-0.294,-0.37,0.906,-0.595,0.336,0.046,-0.197,-0.305,0.999,1.275,6.16,-0.954,0.079,-0.312,0.822,-0.351,2.74,-0.481,btn_A
1780980197.8720498,-0.81,-0.158,0.585,-0.931,1.496,-0.809,-0.669,-0.298,0.631,-6.573,0.84,-0.046,-0.299,-0.371,0.902,-0.534,0.221,0.985,-0.191,-0.298,1.003,1.099,7.359,0.061,0.082,-0.317,0.815,-0.275,2.412,0.206,btn_A
1780980197.9670067,-0.817,-0.164,0.59,-0.824,1.046,-1.176,-0.666,-0.299,0.636,-6.588,0.679,0.107,-0.296,-0.372,0.908,-0.496,0.168,0.405,-0.195,-0.301,0.988,1.122,6.344,-0.733,0.08,-0.315,0.821,-0.374,2.641,-0.496,btn_A
1780980198.069557,-0.812,-0.163,0.591,-0.87,1.542,-0.305,-0.669,-0.297,0.628,-6.748,0.901,0.298,-0.296,-0.373,0.904,-0.695,0.687,-0.107,-0.196,-0.299,0.996,1.053,7.786,-0.366,0.079,-0.313,0.815,-0.473,3.206,0.13,btn_A
1780980198.1733718,-0.812,-0.164,0.587,-0.595,1.573,-1.122,-0.666,-0.297,0.627,-6.344,0.328,-0.55,-0.296,-0.373,0.907,-0.382,0.107,-0.038,-0.195,-0.301,0.997,0.809,6.824,-0.389,0.078,-0.318,0.81,-0.321,2.061,0.718,btn_A
1780980198.2877202,-0.813,-0.164,0.59,-1.069,1.779,-0.435,-0.667,-0.298,0.634,-6.595,0.489,-0.573,-0.291,-0.371,0.899,-0.198,0.069,0.779,-0.192,-0.3,0.991,1.145,7.771,-0.168,0.077,-0.316,0.824,-0.511,2.366,0.359,btn_A
1780980198.385553,-0.811,-0.167,0.592,-0.908,0.679,-1.229,-0.673,-0.297,0.632,-6.145,0.008,-0.504,-0.297,-0.371,0.908,-0.214,-0.534,0.275,-0.192,-0.306,0.999,0.878,6.718,-0.809,0.096,-0.323,0.822,-2.573,0.344,0.115,btn_A
1780980198.4857748,-0.81,-0.163,0.59,-0.901,1.229,-0.542,-0.667,-0.299,0.636,-6.634,0.786,-0.26,-0.297,-0.373,0.904,-0.405,0.74,-0.084,-0.195,-0.301,0.991,1.198,7.237,-0.198,0.074,-0.312,0.82,-0.725,2.511,0.053,btn_A
1780980198.584438,-0.813,-0.165,0.59,-1.153,1.542,-1.366,-0.663,-0.299,0.626,-6.611,0.511,-0.435,-0.296,-0.373,0.907,-0.221,-0.489,-0.489,-0.196,-0.304,0.995,1.168,6.405,-0.649,0.084,-0.311,0.825,0.153,1.802,0.214,btn_A
1780980201.777044,-0.813,-0.16,0.592,-0.885,1.405,-0.45,-0.668,-0.298,0.624,-6.435,0.878,-0.099,-0.301,-0.373,0.899,0.0,-0.29,0.489,-0.2,-0.316,0.99,1.435,6.725,-0.847,0.081,-0.313,0.819,-0.924,2.412,-0.252,btn_A
1780980201.8907278,-0.811,-0.162,0.586,-0.771,1.176,-1.496,-0.67,-0.298,0.625,-6.321,0.786,-0.687,-0.303,-0.373,0.903,-0.595,-0.061,0.252,-0.201,-0.308,0.991,1.137,6.718,-0.481,0.082,-0.313,0.82,-0.702,2.748,0.214,btn_A
1780980201.9912884,-0.81,-0.165,0.583,-0.779,1.863,-0.351,-0.667,-0.296,0.631,-6.153,0.542,-1.13,-0.3,-0.372,0.894,-0.58,0.542,-0.55,-0.198,-0.313,0.992,1.267,7.336,-0.595,0.079,-0.307,0.82,-0.618,2.855,0.069,btn_A
1780980202.086507,-0.813,-0.165,0.583,-0.565,1.702,-1.252,-0.67,-0.298,0.624,-6.0,0.435,-0.695,-0.304,-0.371,0.899,-0.206,-0.916,-0.313,-0.201,-0.315,0.985,1.267,6.511,-0.611,0.073,-0.315,0.818,-0.473,2.321,-0.107,btn_A
1780980202.2015202,-0.814,-0.166,0.589,-1.42,1.565,-0.817,-0.669,-0.299,0.637,-6.046,0.542,-0.031,-0.307,-0.377,0.899,-0.511,-0.626,0.198,-0.197,-0.317,0.992,1.466,6.603,-0.618,0.086,-0.313,0.818,-0.557,2.924,-0.336,btn_A
1780980202.303332,-0.812,-0.169,0.586,-1.176,1.092,-0.832,-0.676,-0.296,0.627,-6.069,0.794,0.649,-0.308,-0.362,0.898,1.458,4.252,2.252,0.013,-0.787,2.0,94.023,-14.168,-9.832,0.08,-0.339,0.879,2.366,6.588,1.611,btn_A
1780980202.401718,-0.832,-0.143,0.562,-2.519,-4.397,-0.756,-0.697,-0.265,0.569,-5.13,8.321,0.061,-0.392,-0.348,0.897,-3.969,11.099,2.908,-0.009,0.193,0.616,144.015,-38.023,20.023,0.046,-0.324,0.846,14.626,-3.786,5.359,btn_A
1780980202.4986746,-0.823,-0.154,0.582,-0.878,-1.183,-1.977,-0.711,-0.287,0.584,-5.756,-3.656,-0.969,-0.368,-0.362,0.89,-0.702,2.626,3.588,-0.171,0.167,1.011,32.458,16.885,-6.153,0.056,-0.295,0.839,-1.626,9.252,0.237,btn_A
1780980202.6015205,-0.824,-0.157,0.566,-0.305,2.336,-0.29,-0.715,-0.288,0.579,-6.107,-0.061,-0.71,-0.391,-0.369,0.878,0.023,2.229,3.641,-0.143,0.219,0.997,18.153,6.718,-12.221,0.051,-0.297,0.829,0.443,1.191,0.519,btn_A
1780980202.7045739,-0.812,-0.16,0.584,-0.718,-0.344,-1.397,-0.715,-0.285,0.574,-5.336,1.069,-0.206,-0.403,-0.347,0.862,0.687,1.427,1.901,-0.243,0.206,1.046,-4.26,6.137,-3.794,0.042,-0.282,0.822,-2.084,1.992,-1.099,btn_A
1780980202.8212771,-0.815,-0.156,0.579,-0.748,-3.214,-3.695,-0.69,-0.316,0.58,-5.672,-21.794,-3.023,-0.396,-0.355,0.847,-8.0,-54.198,-16.191,-0.162,0.218,0.346,-228.74,16.122,-2.229,0.039,-0.288,0.835,-16.794,-18.954,-5.924,btn_A
1780980202.911418,-0.759,-0.123,0.667,-5.244,-17.931,-4.107,-0.628,-0.284,0.522,-10.275,12.641,6.809,-0.354,-0.312,0.889,-21.45,-8.305,-2.733,-0.311,-0.336,1.051,-5.481,54.267,-2.45,0.095,-0.337,0.844,2.962,4.13,0.26,btn_A
1780980203.0202112,-0.81,-0.163,0.591,-1.069,2.427,0.099,-0.668,-0.299,0.635,-6.313,3.412,-0.168,-0.303,-0.369,0.9,0.763,-2.588,-0.031,-0.201,-0.284,0.997,-1.748,2.389,-0.626,0.073,-0.331,0.829,-4.282,2.389,-0.145,btn_A
1780980203.1170516,-0.807,-0.164,0.592,-0.847,1.275,-0.885,-0.671,-0.298,0.629,-6.267,1.084,-0.084,-0.298,-0.372,0.909,-0.099,0.794,0.221,-0.195,-0.298,0.998,-1.015,7.924,-1.16,0.079,-0.308,0.827,0.229,1.427,-0.137,btn_A
1780980203.2191749,-0.815,-0.165,0.59,-1.244,2.473,-0.412,-0.666,-0.291,0.635,-6.954,1.252,-0.336,-0.297,-0.371,0.904,-0.58,0.863,0.802,-0.203,-0.295,0.996,0.191,7.298,-0.534,0.083,-0.311,0.826,-0.046,3.321,0.588,btn_A
1780980203.3335323,-0.812,-0.165,0.585,-0.756,2.771,-0.092,-0.668,-0.299,0.628,-6.252,0.924,-1.076,-0.3,-0.369,0.897,-0.573,0.305,0.267,-0.196,-0.295,0.998,0.252,6.962,-0.588,0.075,-0.313,0.823,-0.405,1.603,0.42,btn_A
1780980203.4272704,-0.813,-0.157,0.591,-0.84,2.237,-0.878,-0.662,-0.299,0.63,-6.298,1.084,-0.649,-0.301,-0.373,0.906,-0.58,1.176,0.198,-0.196,-0.303,0.994,0.374,7.733,-0.198,0.072,-0.32,0.823,-0.603,3.374,-0.038,btn_A
1780980203.5292008,-0.819,-0.165,0.58,-1.435,2.267,-0.458,-0.666,-0.293,0.634,-6.573,1.389,-0.16,-0.304,-0.372,0.892,-0.519,1.893,0.321,-0.199,-0.302,0.999,0.87,6.794,-0.84,0.077,-0.319,0.819,-1.687,1.229,-0.153,btn_A
1780980203.6314385,-0.813,-0.161,0.589,-0.763,1.031,-1.305,-0.667,-0.295,0.629,-6.26,0.122,0.069,-0.304,-0.373,0.896,0.031,-0.092,0.038,-0.198,-0.301,1.002,1.221,6.099,-0.305,0.072,-0.31,0.817,-0.374,2.519,-0.137,btn_A
1780980203.735353,-0.813,-0.16,0.59,-0.198,-1.733,-1.466,-0.668,-0.299,0.635,-5.802,-0.954,-0.458,-0.299,-0.369,0.906,0.748,-1.672,0.267,-0.191,-0.301,1.003,0.908,6.786,-1.069,0.072,-0.312,0.816,-0.153,1.237,0.053,btn_A
1780980203.8375309,-0.811,-0.166,0.586,-1.176,1.076,-1.481,-0.667,-0.295,0.636,-6.58,0.542,-0.748,-0.306,-0.367,0.912,-0.214,0.298,0.504,-0.197,-0.307,0.992,0.977,7.29,-0.046,0.079,-0.314,0.829,-0.466,1.985,0.107,btn_A
1780980203.940057,-0.811,-0.167,0.582,-1.069,2.55,-0.092,-0.663,-0.294,0.633,-6.924,0.779,-0.855,-0.302,-0.366,0.9,-0.908,0.511,-0.076,-0.195,-0.308,0.995,0.847,7.374,-0.748,0.079,-0.314,0.817,0.221,2.237,-0.015,btn_A
1780980204.0520358,-0.811,-0.16,0.586,-0.878,1.939,-1.321,-0.666,-0.298,0.637,-6.611,0.733,-0.992,-0.303,-0.371,0.902,-0.557,0.656,0.244,-0.195,-0.308,0.992,0.534,6.176,-0.107,0.081,-0.31,0.827,-0.656,1.969,-0.053,btn_A
1780980204.14627,-0.812,-0.166,0.591,-1.069,1.489,-0.855,-0.67,-0.297,0.632,-6.519,0.618,-0.374,-0.299,-0.373,0.901,-0.16,0.466,0.382,-0.193,-0.308,0.989,1.359,6.763,-0.901,0.079,-0.314,0.821,-0.595,2.282,-0.229,btn_A
1780980204.252947,-0.812,-0.165,0.583,-0.817,0.87,-1.183,-0.664,-0.299,0.629,-6.458,0.756,-0.511,-0.303,-0.371,0.898,-0.756,0.58,0.29,-0.194,-0.305,0.996,1.076,7.725,-0.198,0.076,-0.309,0.818,-0.344,2.176,0.122,btn_A
1780980204.3524723,-0.811,-0.16,0.583,-0.557,1.031,-0.626,-0.665,-0.299,0.629,-6.298,0.977,-0.198,-0.302,-0.375,0.902,-0.473,0.656,-0.435,-0.192,-0.305,0.994,0.901,6.847,-1.038,0.085,-0.31,0.82,-0.458,2.282,0.176,btn_A
1780980204.4731817,-0.818,-0.165,0.588,-1.099,1.298,-0.84,-0.667,-0.299,0.624,-6.397,0.733,-0.191,-0.305,-0.373,0.901,-0.328,0.168,0.008,-0.197,-0.309,0.987,1.267,6.145,-0.802,0.08,-0.316,0.828,-0.466,1.42,0.198,btn_A
1780980204.570802,-0.814,-0.166,0.583,-1.092,1.145,-0.718,-0.668,-0.3,0.625,-6.198,1.053,0.115,-0.312,-0.373,0.898,-0.176,0.679,-0.008,-0.196,-0.309,0.997,0.687,7.023,-0.885,0.079,-0.314,0.82,-0.153,1.641,0.145,btn_A
1780980204.6611545,-0.811,-0.165,0.592,-0.855,1.137,-0.557,-0.668,-0.296,0.626,-6.328,0.267,-0.931,-0.304,-0.371,0.904,-0.282,-0.023,0.359,-0.192,-0.309,0.994,1.298,6.718,-0.366,0.083,-0.313,0.816,0.008,1.557,0.427,btn_A
1780980207.8687732,-0.815,-0.162,0.58,-1.229,1.656,-1.137,-0.678,-0.302,0.619,-6.74,1.282,-0.641,-0.303,-0.376,0.883,-1.069,1.817,-0.26,-0.199,-0.325,0.991,1.481,7.305,-0.695,0.074,-0.312,0.825,-0.489,2.427,0.176,btn_A
1780980207.9574096,-0.813,-0.165,0.577,-0.695,1.137,-0.672,-0.673,-0.306,0.622,-6.687,0.542,-0.985,-0.308,-0.375,0.892,-0.511,0.252,0.397,-0.198,-0.319,0.988,1.115,7.13,-0.351,0.076,-0.319,0.816,-0.122,2.718,0.038,btn_A
1780980208.069682,-0.816,-0.163,0.576,-0.672,1.267,-1.153,-0.674,-0.305,0.617,-6.244,0.198,-0.977,-0.311,-0.375,0.889,-0.313,-0.069,0.328,-0.194,-0.323,0.99,1.58,6.809,-0.733,0.083,-0.313,0.83,-0.359,2.191,-0.069,btn_A
1780980208.1683514,-0.814,-0.167,0.572,-0.87,1.443,-0.962,-0.674,-0.301,0.618,-6.458,0.527,-0.786,-0.314,-0.379,0.895,-0.176,-0.198,0.466,-0.195,-0.325,0.99,1.344,6.656,-0.496,0.078,-0.307,0.822,-0.321,2.244,-0.046,btn_A
1780980208.266549,-0.818,-0.161,0.577,-0.931,1.756,-0.969,-0.678,-0.305,0.613,-6.595,0.679,-0.542,-0.315,-0.382,0.895,-0.634,0.076,-0.305,-0.197,-0.323,0.983,1.313,6.695,-0.595,0.083,-0.31,0.822,-0.519,1.695,0.053,btn_A
1780980208.3699977,-0.817,-0.162,0.584,-0.947,0.885,-0.542,-0.673,-0.303,0.62,-6.168,0.649,-0.634,-0.312,-0.376,0.894,-0.344,-0.344,-0.168,-0.197,-0.32,0.987,1.695,6.473,-0.748,0.081,-0.304,0.823,-0.679,3.237,-0.389,btn_A
1780980208.4727094,-0.815,-0.165,0.586,-0.702,0.786,-0.282,-0.678,-0.305,0.618,-5.656,-0.641,0.229,-0.315,-0.377,0.89,1.366,-3.153,0.26,-0.18,-0.324,1.037,-3.779,10.534,-1.427,0.078,-0.319,0.827,-1.405,4.672,-0.153,btn_A
1780980208.584378,-0.81,-0.175,0.59,2.855,14.214,5.824,-0.711,-0.293,0.523,-6.916,36.107,3.336,-0.375,-0.359,0.835,5.382,47.053,12.87,-0.318,-0.004,0.999,130.099,-7.061,-10.359,0.023,-0.251,0.789,-12.786,33.908,0.84,btn_A
1780980208.6858225,-0.82,-0.165,0.583,-0.13,2.664,0.328,-0.699,-0.282,0.567,-4.527,-4.168,1.42,-0.402,-0.331,0.853,-1.55,-13.397,-1.023,-0.139,0.166,1.134,9.038,-1.542,-1.588,0.052,-0.304,0.839,-0.229,-14.13,0.557,btn_A
1780980208.790774,-0.827,-0.16,0.569,-0.557,-0.603,-1.809,-0.721,-0.279,0.57,-6.328,-5.527,-1.435,-0.396,-0.35,0.872,-1.924,-9.069,-1.962,-0.12,0.179,1.156,7.298,5.321,-0.153,0.051,-0.303,0.844,-4.16,2.863,-0.244,btn_A
1780980208.8843765,-0.828,-0.156,0.565,-0.924,1.557,-1.168,-0.717,-0.285,0.568,-6.511,-6.206,-1.779,-0.408,-0.349,0.865,-1.328,-7.817,-1.588,-0.213,0.223,1.021,-7.626,0.015,0.008,0.039,-0.292,0.841,-1.985,-1.214,-1.038,btn_A
1780980208.9874644,-0.823,-0.155,0.576,-0.885,0.16,-1.939,-0.708,-0.29,0.587,-5.939,0.901,-0.313,-0.401,-0.352,0.868,1.305,4.031,1.679,-0.24,0.227,1.014,-1.198,7.405,-1.733,0.037,-0.275,0.822,0.84,0.809,0.443,btn_A
1780980209.1009777,-0.828,-0.156,0.571,-1.084,-0.664,-1.122,-0.715,-0.289,0.577,-6.435,-4.725,-0.908,-0.409,-0.341,0.856,-2.695,-10.748,-5.481,-0.273,0.271,0.766,-37.466,1.099,8.427,0.052,-0.292,0.822,-0.481,-3.573,-0.107,btn_A
1780980209.200761,-0.823,-0.157,0.592,-2.947,-12.664,-7.672,-0.683,-0.299,0.618,-8.076,-38.519,-4.855,-0.347,-0.371,0.91,-4.756,-69.214,-24.176,-0.121,-0.873,2.0,-250.137,-2.687,-44.13,0.146,-0.249,0.802,-21.718,10.405,-4.878,btn_A
1780980209.3019984,-0.814,-0.162,0.579,-0.069,-2.168,-1.702,-0.663,-0.295,0.626,-5.885,2.237,-0.847,-0.277,-0.381,0.913,-1.0,2.641,0.435,-0.186,-0.291,1.012,-1.656,11.29,-0.519,0.079,-0.311,0.824,22.74,-10.878,3.649,btn_A
1780980209.3997371,-0.809,-0.161,0.582,-0.313,3.679,-0.221,-0.675,-0.301,0.623,-7.176,2.046,-0.473,-0.304,-0.372,0.902,-0.824,-0.053,0.664,-0.195,-0.298,0.993,-1.885,5.634,-0.458,0.078,-0.323,0.821,-3.672,4.641,-0.496,btn_A
1780980209.5028088,-0.815,-0.161,0.587,-0.84,1.397,-0.885,-0.669,-0.297,0.619,-6.221,0.527,-0.366,-0.298,-0.371,0.903,-0.206,-0.351,0.473,-0.189,-0.301,1.0,0.282,6.672,-0.13,0.084,-0.314,0.822,-0.145,1.931,-0.282,btn_A
1780980209.6189091,-0.815,-0.16,0.592,-0.786,1.58,-0.908,-0.677,-0.294,0.63,-6.344,0.656,-0.382,-0.303,-0.374,0.896,-0.26,-0.252,-0.015,-0.188,-0.302,0.995,0.687,6.252,-0.458,0.073,-0.314,0.822,-0.611,2.282,0.0,btn_A
1780980209.7200549,-0.815,-0.164,0.583,-0.656,1.328,-0.534,-0.671,-0.297,0.624,-6.443,1.053,-0.71,-0.304,-0.374,0.893,-0.42,0.389,-0.008,-0.195,-0.308,0.998,0.405,7.939,-0.252,0.076,-0.316,0.817,-0.122,2.153,0.145,btn_A
1780980209.8116887,-0.817,-0.16,0.585,-0.718,1.16,-0.656,-0.67,-0.301,0.622,-6.313,0.672,-0.252,-0.307,-0.371,0.896,-0.321,-0.115,0.214,-0.191,-0.309,0.995,0.847,6.351,-0.504,0.075,-0.314,0.823,-0.382,1.725,0.183,btn_A
1780980209.9146237,-0.819,-0.167,0.586,-1.015,1.565,-0.901,-0.67,-0.3,0.621,-6.084,0.412,0.145,-0.3,-0.371,0.904,-0.206,-0.924,0.489,-0.191,-0.307,0.997,0.794,6.29,-0.557,0.077,-0.312,0.825,-0.664,2.527,-0.351,btn_A
1780980210.01781,-0.812,-0.161,0.587,-0.824,1.45,-0.29,-0.673,-0.299,0.618,-6.366,0.527,-0.107,-0.307,-0.376,0.899,-0.137,-0.122,0.267,-0.189,-0.309,0.998,1.305,7.0,-0.26,0.078,-0.309,0.821,-0.603,2.855,-0.275,btn_A
1780980210.1206338,-0.817,-0.159,0.583,-1.183,1.519,-1.023,-0.672,-0.296,0.619,-6.466,0.206,-1.008,-0.303,-0.372,0.899,-0.137,-0.099,0.031,-0.191,-0.314,1.0,1.084,7.756,-0.42,0.074,-0.318,0.817,-0.198,1.496,0.282,btn_A
1780980210.2350824,-0.814,-0.163,0.584,-1.26,1.588,-0.87,-0.67,-0.302,0.622,-5.962,0.176,-0.672,-0.308,-0.376,0.898,-0.382,-0.214,-0.351,-0.193,-0.311,1.002,1.122,6.351,-0.611,0.08,-0.316,0.829,-0.672,1.542,0.176,btn_A
1780980210.3352935,-0.815,-0.162,0.585,-0.863,1.122,-1.534,-0.673,-0.297,0.621,-6.252,0.405,-0.71,-0.31,-0.374,0.895,-0.45,0.206,0.061,-0.194,-0.313,0.996,1.458,7.359,-0.168,0.073,-0.314,0.823,-0.374,1.756,0.038,btn_A
1780980210.4353304,-0.815,-0.163,0.583,-0.55,1.351,-0.313,-0.677,-0.301,0.622,-6.229,1.489,0.313,-0.304,-0.375,0.9,-0.748,0.267,0.328,-0.198,-0.312,1.001,1.359,7.275,-0.328,0.083,-0.309,0.812,-0.45,2.977,-0.16,btn_A
1780980210.5327494,-0.812,-0.163,0.583,-1.29,1.389,-1.29,-0.672,-0.297,0.622,-6.099,1.13,0.053,-0.308,-0.369,0.896,-0.702,0.473,0.366,-0.197,-0.312,0.989,0.87,8.0,-0.214,0.078,-0.309,0.824,-0.374,2.603,0.176,btn_A
1780980210.635795,-0.816,-0.162,0.586,-0.802,1.466,-0.099,-0.674,-0.299,0.621,-6.137,0.42,-0.573,-0.308,-0.371,0.896,-0.466,0.489,-0.16,-0.195,-0.31,0.998,1.275,6.809,-0.275,0.08,-0.316,0.818,-0.595,2.275,0.061,btn_A
1780980210.7503114,-0.815,-0.163,0.589,-0.626,1.916,-0.718,-0.675,-0.301,0.613,-6.29,1.046,-0.45,-0.31,-0.372,0.899,-0.45,0.389,-0.061,-0.195,-0.313,0.996,1.313,7.763,-0.115,0.082,-0.314,0.814,-0.366,1.817,0.374,btn_A
1780980214.034723,-0.812,-0.164,0.583,-0.878,2.137,0.145,-0.679,-0.301,0.622,-6.687,0.809,-0.45,-0.311,-0.375,0.898,-0.206,-0.237,0.206,-0.198,-0.32,0.985,1.565,6.992,-0.87,0.075,-0.315,0.817,-0.634,1.305,0.084,btn_A
1780980214.1376615,-0.817,-0.164,0.577,-0.634,1.374,-1.328,-0.674,-0.299,0.621,-6.237,-0.008,-1.389,-0.308,-0.377,0.894,-0.344,-0.427,0.214,-0.193,-0.319,0.997,1.313,6.611,-0.466,0.077,-0.315,0.815,-0.603,0.969,0.115,btn_A
1780980214.2527034,-0.815,-0.16,0.583,-1.206,1.351,-1.023,-0.669,-0.301,0.627,-6.084,0.069,-0.74,-0.305,-0.374,0.904,-0.397,-0.023,0.481,-0.189,-0.319,0.995,1.924,7.183,-0.809,0.08,-0.31,0.821,0.504,2.664,0.031,btn_A
1780980214.3438017,-0.812,-0.162,0.58,-1.008,1.351,-1.031,-0.675,-0.299,0.619,-6.084,0.71,0.015,-0.31,-0.373,0.896,-0.382,-0.748,-0.351,-0.197,-0.316,0.992,1.534,6.634,-0.389,0.081,-0.316,0.822,-0.557,2.313,-0.16,btn_A
1780980214.4469495,-0.812,-0.165,0.586,-0.664,1.244,-0.504,-0.672,-0.299,0.624,-6.305,1.015,0.374,-0.312,-0.372,0.903,-0.176,-0.252,0.099,-0.197,-0.319,0.994,1.557,7.206,-0.969,0.081,-0.314,0.822,-0.901,2.29,-0.115,btn_A
1780980214.5496747,-0.815,-0.166,0.578,-0.794,0.992,-0.939,-0.672,-0.303,0.632,-6.351,0.863,-0.221,-0.308,-0.378,0.897,-0.573,0.145,0.244,-0.191,-0.321,1.0,1.733,6.267,-0.267,0.076,-0.314,0.819,-0.313,3.557,-0.908,btn_A
1780980214.6525335,-0.823,-0.174,0.581,0.328,7.481,2.573,-0.7,-0.288,0.57,-5.183,19.221,1.649,-0.294,-0.392,0.931,0.153,36.649,7.168,-0.039,-0.268,0.744,250.13,-12.573,90.817,0.072,-0.294,0.843,24.122,23.458,5.366,btn_A
1780980214.7558665,-0.84,-0.146,0.551,1.176,0.824,2.802,-0.736,-0.275,0.525,-4.145,1.962,-2.504,-0.386,-0.328,0.867,-3.229,9.718,9.71,-0.189,0.285,0.736,43.0,17.053,-20.435,0.041,-0.279,0.823,-6.649,13.099,0.45,btn_A
1780980214.8662481,-0.826,-0.155,0.572,-1.206,2.489,-1.298,-0.717,-0.288,0.574,-6.626,1.695,-0.282,-0.397,-0.356,0.865,0.305,4.389,2.16,-0.212,0.236,0.95,-1.992,7.374,-8.137,0.034,-0.294,0.834,1.427,1.008,-0.901,btn_A
1780980214.9649305,-0.817,-0.161,0.575,-1.74,0.565,-1.74,-0.719,-0.29,0.573,-6.634,-4.519,-1.008,-0.397,-0.355,0.872,-1.992,-4.13,-0.771,-0.219,0.246,0.894,-21.229,3.008,-1.656,0.05,-0.295,0.832,-3.145,0.527,-1.183,btn_A
1780980215.0647576,-0.802,-0.158,0.587,-3.435,-8.679,-5.718,-0.683,-0.276,0.503,-19.038,-87.305,-4.985,-0.337,-0.348,0.917,-3.359,-68.084,-17.763,-0.275,-0.821,1.372,-250.137,26.008,-88.092,0.09,-0.323,0.838,-28.084,-4.359,-5.29,btn_A
1780980215.1675212,-0.821,-0.177,0.582,-4.069,-8.084,-1.847,-0.666,-0.308,0.651,-5.565,-3.962,-0.198,-0.305,-0.359,0.894,3.985,-7.672,-0.237,-0.189,-0.286,1.016,-1.786,12.458,-1.366,0.061,-0.332,0.824,11.519,-10.542,1.244,btn_A
1780980215.2810364,-0.81,-0.162,0.588,-1.389,1.153,-0.985,-0.668,-0.296,0.624,-6.244,0.847,0.053,-0.299,-0.377,0.899,0.176,1.26,0.038,-0.198,-0.292,1.001,-0.496,8.069,-1.412,0.076,-0.317,0.826,-5.168,5.992,-0.183,btn_A
1780980215.373735,-0.812,-0.16,0.583,-0.74,1.504,-0.527,-0.669,-0.298,0.628,-6.511,0.74,-0.527,-0.31,-0.377,0.89,-0.237,1.588,-0.435,-0.188,-0.302,1.005,-1.947,8.656,-0.435,0.071,-0.314,0.815,2.191,-0.145,0.603,btn_A
1780980215.4841707,-0.812,-0.16,0.587,-0.443,2.0,-1.153,-0.666,-0.297,0.628,-6.382,0.931,-1.183,-0.303,-0.374,0.9,-0.282,0.458,0.527,-0.196,-0.307,0.998,-0.107,7.29,-0.824,0.083,-0.314,0.82,-1.214,2.206,-0.069,btn_A
1780980215.5864525,-0.812,-0.165,0.585,-1.176,1.771,-0.916,-0.669,-0.3,0.624,-6.252,0.794,-0.527,-0.302,-0.375,0.903,-0.489,0.053,0.115,-0.185,-0.309,0.996,0.435,7.023,0.038,0.077,-0.317,0.812,0.618,1.321,0.458,btn_A
1780980215.6832163,-0.815,-0.165,0.587,-0.336,1.198,-1.26,-0.669,-0.3,0.62,-6.557,0.748,-0.244,-0.302,-0.372,0.9,-0.099,0.008,0.229,-0.195,-0.305,0.993,1.351,7.023,-0.901,0.074,-0.315,0.829,-0.298,1.916,0.359,btn_A
1780980215.7859566,-0.815,-0.168,0.587,-0.763,1.916,-0.344,-0.673,-0.299,0.626,-6.603,1.435,-0.344,-0.304,-0.376,0.9,-0.679,0.916,-0.42,-0.193,-0.309,0.991,0.916,6.389,-0.366,0.075,-0.314,0.814,-0.618,1.603,0.092,btn_A
1780980215.8890333,-0.816,-0.167,0.582,-0.954,1.336,-0.55,-0.672,-0.302,0.627,-6.359,0.763,-0.496,-0.303,-0.376,0.897,-0.573,0.206,0.382,-0.193,-0.313,0.995,1.267,6.985,-0.901,0.075,-0.313,0.823,-0.305,2.069,-0.191,btn_A
1780980216.0073724,-0.814,-0.164,0.592,-1.206,1.603,-1.275,-0.668,-0.301,0.622,-6.71,0.985,-0.588,-0.304,-0.374,0.894,-0.344,-0.855,0.557,-0.189,-0.31,0.997,1.435,5.672,-0.313,0.079,-0.316,0.828,-0.649,2.305,-0.176,btn_A
1780980216.1045058,-0.813,-0.163,0.587,-0.527,1.42,-0.481,-0.672,-0.3,0.623,-6.481,0.687,-0.458,-0.307,-0.377,0.897,-0.389,0.313,0.603,-0.195,-0.311,0.984,0.84,7.885,-0.641,0.077,-0.31,0.833,-0.031,2.504,0.382,btn_A
1780980216.19812,-0.809,-0.162,0.589,-0.794,1.656,-0.916,-0.667,-0.302,0.625,-6.038,1.275,-0.145,-0.302,-0.374,0.893,-0.763,0.435,-0.496,-0.189,-0.309,0.992,0.878,6.695,-0.214,0.078,-0.313,0.825,-0.527,2.366,0.244,btn_A
1780980216.3012445,-0.814,-0.163,0.588,-1.267,1.267,-0.931,-0.669,-0.3,0.626,-6.443,0.84,-0.412,-0.306,-0.371,0.903,-0.084,-0.412,0.076,-0.197,-0.31,0.998,1.275,7.595,-0.84,0.076,-0.312,0.825,-0.725,3.237,-0.183,btn_A
1780980216.421767,-0.816,-0.163,0.585,-0.954,1.206,-1.084,-0.672,-0.301,0.627,-6.374,1.191,-0.244,-0.304,-0.378,0.905,-0.55,-0.153,0.809,-0.194,-0.315,0.982,1.046,7.29,-0.351,0.073,-0.314,0.817,-0.237,2.107,0.099,btn_A
1780980216.507133,-0.814,-0.161,0.581,-0.504,1.206,-0.145,-0.669,-0.302,0.616,-6.527,0.733,-0.275,-0.305,-0.376,0.896,-0.695,0.466,0.153,-0.193,-0.315,0.994,1.137,6.977,-0.924,0.069,-0.312,0.816,-0.42,1.16,0.29,btn_A
1780980216.6191053,-0.814,-0.167,0.592,-1.565,1.267,-1.565,-0.671,-0.299,0.63,-6.87,0.733,0.061,-0.303,-0.38,0.901,-0.733,0.374,-0.321,-0.194,-0.316,0.996,1.122,7.305,-0.084,0.079,-0.313,0.823,-0.267,1.58,0.198,btn_A
1780980216.713333,-0.815,-0.163,0.583,-0.977,2.382,-0.344,-0.67,-0.301,0.624,-6.45,0.763,-0.733,-0.304,-0.377,0.896,-0.458,-0.26,-0.084,-0.194,-0.314,0.988,1.191,7.55,-0.779,0.081,-0.307,0.812,-0.473,2.099,0.0,btn_A
1780980216.8161871,-0.819,-0.161,0.581,-0.229,0.84,-1.069,-0.671,-0.298,0.623,-6.275,0.023,-0.962,-0.301,-0.376,0.9,0.015,-1.183,0.336,-0.195,-0.314,1.002,1.626,6.443,-0.298,0.079,-0.315,0.814,-0.481,2.206,-0.092,btn_A
1780980216.9192057,-0.814,-0.163,0.583,-1.275,2.565,-0.809,-0.669,-0.301,0.634,-6.748,1.069,-0.298,-0.303,-0.376,0.903,-0.847,0.885,0.634,-0.198,-0.317,0.996,0.847,7.733,-1.038,0.068,-0.313,0.818,-0.374,1.611,0.214,btn_A
1780980220.1122549,-0.82,-0.163,0.588,-0.855,1.374,-0.55,-0.672,-0.298,0.622,-6.924,0.855,-0.534,-0.303,-0.379,0.894,-0.389,0.412,0.344,-0.19,-0.319,1.0,1.733,6.794,-0.649,0.078,-0.315,0.828,-0.702,3.191,-0.099,btn_A
1780980220.2167938,-0.818,-0.162,0.584,-0.794,1.847,-0.725,-0.67,-0.297,0.619,-6.565,0.618,-0.359,-0.31,-0.376,0.895,-0.107,-0.069,-0.214,-0.194,-0.325,0.992,1.176,6.473,-0.237,0.084,-0.318,0.818,-0.885,2.924,-0.275,btn_A
1780980220.319202,-0.811,-0.164,0.592,-0.893,1.489,-1.145,-0.673,-0.298,0.617,-6.718,0.71,-0.344,-0.306,-0.379,0.896,-0.031,-0.611,-0.252,-0.191,-0.324,0.99,1.634,7.122,-0.595,0.078,-0.311,0.821,-0.901,3.137,-0.374,btn_A
1780980220.4212246,-0.813,-0.167,0.575,-1.183,1.115,-0.695,-0.673,-0.3,0.623,-6.076,0.725,-0.092,-0.307,-0.381,0.9,-0.198,-0.626,0.145,-0.194,-0.318,0.996,1.374,6.626,-0.427,0.077,-0.312,0.821,-0.718,3.26,0.107,btn_A
1780980220.5324721,-0.817,-0.165,0.585,-0.893,1.328,-0.863,-0.672,-0.299,0.621,-6.45,1.023,-0.015,-0.311,-0.378,0.889,-0.504,0.26,0.267,-0.195,-0.322,0.987,1.511,6.756,-0.893,0.083,-0.312,0.829,-1.16,2.847,-0.084,btn_A
1780980220.6270354,-0.815,-0.166,0.579,-0.702,1.206,-0.298,-0.67,-0.305,0.619,-6.099,0.267,-0.954,-0.309,-0.379,0.897,-0.298,0.473,0.061,-0.2,-0.322,0.99,1.824,6.427,-0.527,0.084,-0.32,0.815,-1.191,3.397,-0.695,btn_A
1780980220.7303524,-0.802,-0.149,0.606,-0.176,8.168,1.374,-0.663,-0.283,0.606,-5.939,44.695,1.702,-0.342,-0.401,0.935,0.992,64.649,10.0,0.215,-0.03,0.274,250.13,-29.176,55.771,0.074,-0.286,0.844,32.008,32.595,7.374,btn_A
1780980220.8331535,-0.825,-0.156,0.575,1.122,-2.145,-0.29,-0.703,-0.282,0.609,-3.573,-5.26,1.45,-0.392,-0.333,0.846,-0.55,4.321,3.45,-0.292,0.269,0.803,0.046,12.031,-6.435,0.02,-0.272,0.814,-8.206,17.595,-0.863,btn_A
1780980220.9361331,-0.822,-0.157,0.575,-0.435,5.977,0.71,-0.715,-0.287,0.566,-5.527,5.817,1.947,-0.379,-0.348,0.848,1.885,9.939,5.779,-0.194,0.236,0.91,12.977,11.962,-11.122,0.037,-0.284,0.834,5.328,-3.939,1.275,btn_A
1780980221.0396235,-0.816,-0.159,0.579,-1.687,2.427,-0.344,-0.718,-0.301,0.574,-6.16,8.802,0.786,-0.403,-0.338,0.832,1.702,7.198,2.489,-0.226,0.262,0.945,1.351,10.168,-1.802,0.049,-0.275,0.815,-2.985,2.008,-0.191,btn_A
1780980221.1532726,-0.827,-0.156,0.565,-0.84,-0.916,-2.718,-0.711,-0.286,0.568,-8.687,-19.901,-3.29,-0.4,-0.37,0.886,-5.221,-19.023,-8.29,-0.247,0.236,0.796,-66.87,-1.221,6.634,0.058,-0.309,0.836,-2.611,-5.824,-1.55,btn_A
1780980221.2452595,-0.758,-0.091,0.792,-2.794,-0.939,-2.893,-0.631,-0.266,0.618,-7.695,-15.969,-7.809,0.279,-0.183,1.428,-57.71,-2.107,-11.351,-1.468,-0.265,1.649,49.176,-17.725,18.427,-0.03,-0.423,0.818,49.565,14.534,4.374,btn_A
1780980221.3493235,-0.806,-0.166,0.592,0.672,6.55,-0.359,-0.665,-0.297,0.633,-6.099,8.244,0.718,-0.302,-0.373,0.9,-2.672,6.45,0.947,-0.197,-0.29,1.02,-2.221,9.084,-0.931,0.094,-0.297,0.824,-10.176,7.191,-1.427,btn_A
1780980221.4512548,-0.814,-0.163,0.587,-0.672,1.824,-0.557,-0.668,-0.296,0.626,-6.626,0.214,-0.603,-0.299,-0.371,0.902,-0.679,-0.824,0.244,-0.186,-0.298,0.999,-0.771,4.229,-1.145,0.072,-0.324,0.824,0.389,0.763,0.237,btn_A
1780980221.5647893,-0.812,-0.164,0.588,-0.237,1.672,-0.565,-0.674,-0.293,0.623,-6.489,1.046,-0.382,-0.299,-0.376,0.903,-0.718,0.672,0.076,-0.195,-0.304,1.001,0.198,7.611,-0.252,0.078,-0.305,0.824,-1.336,2.626,0.298,btn_A
1780980221.6571102,-0.814,-0.167,0.583,-0.786,1.84,-0.916,-0.668,-0.298,0.629,-6.611,0.695,-0.298,-0.3,-0.376,0.898,-0.634,0.122,0.16,-0.196,-0.303,0.994,0.634,6.527,-0.885,0.082,-0.314,0.818,-0.656,1.496,-0.008,btn_A
1780980221.7664998,-0.815,-0.162,0.597,-1.038,1.313,-0.718,-0.669,-0.297,0.626,-6.664,0.84,-0.252,-0.3,-0.376,0.894,-0.756,0.679,-0.023,-0.192,-0.311,1.002,0.45,7.427,-0.321,0.074,-0.313,0.819,-0.29,2.321,0.344,btn_A
1780980221.8804324,-0.815,-0.162,0.587,-0.832,1.351,-1.153,-0.67,-0.3,0.63,-6.527,0.557,-0.611,-0.303,-0.378,0.897,-0.252,-0.382,0.527,-0.193,-0.31,1.0,0.695,7.183,-0.847,0.081,-0.32,0.828,-1.275,3.344,-0.405,btn_A
1780980221.9680579,-0.812,-0.166,0.583,-0.664,1.382,-0.374,-0.669,-0.296,0.629,-6.0,0.336,-1.122,-0.299,-0.374,0.9,-0.16,-0.427,0.229,-0.195,-0.312,0.997,0.969,7.137,-0.176,0.076,-0.313,0.827,0.076,2.519,0.237,btn_A
1780980222.083627,-0.812,-0.168,0.583,-1.252,1.511,-1.359,-0.671,-0.294,0.623,-6.137,0.878,-0.695,-0.304,-0.381,0.904,-0.084,-0.458,-0.023,-0.199,-0.311,0.996,1.145,6.733,-0.672,0.078,-0.314,0.822,-0.282,1.947,0.198,btn_A
1780980222.172528,-0.817,-0.16,0.588,-0.832,1.344,-0.557,-0.666,-0.296,0.626,-6.008,0.794,0.061,-0.298,-0.375,0.904,-0.664,0.397,0.038,-0.197,-0.316,0.993,1.275,7.092,-0.282,0.079,-0.318,0.818,-0.282,1.359,0.13,btn_A
1780980222.2834918,-0.812,-0.165,0.59,-0.763,1.595,-1.382,-0.667,-0.3,0.63,-6.267,1.031,0.366,-0.301,-0.373,0.899,-0.328,-0.092,0.328,-0.193,-0.316,0.993,0.954,6.695,-0.931,0.075,-0.315,0.822,-0.122,1.473,0.42,btn_A
1780980222.37824,-0.811,-0.164,0.581,-1.084,2.366,-0.298,-0.672,-0.297,0.627,-6.565,0.863,-0.588,-0.302,-0.377,0.902,-0.58,0.046,-0.084,-0.198,-0.314,1.001,1.031,6.84,-0.466,0.083,-0.317,0.814,-0.87,1.779,0.305,btn_A
1780980222.4815354,-0.815,-0.162,0.59,-0.939,0.702,-1.344,-0.67,-0.301,0.627,-6.115,0.443,-1.031,-0.302,-0.374,0.895,-0.763,-0.229,-0.13,-0.19,-0.315,0.992,1.038,7.443,-0.351,0.082,-0.312,0.817,0.153,2.374,0.496,btn_A
1780980222.5842676,-0.812,-0.165,0.584,-0.84,1.542,-0.863,-0.669,-0.302,0.632,-6.511,0.695,-0.595,-0.299,-0.379,0.893,-0.687,0.809,-0.076,-0.195,-0.313,0.991,0.87,7.328,-0.29,0.075,-0.316,0.825,-0.611,1.725,0.023,btn_A
1780980222.6991043,-0.813,-0.165,0.588,-1.176,1.427,-0.84,-0.673,-0.299,0.625,-6.901,0.733,-0.527,-0.3,-0.375,0.9,-0.328,0.802,0.489,-0.196,-0.317,0.991,0.939,7.084,-0.779,0.078,-0.309,0.829,-0.557,2.58,-0.282,btn_A
1780980222.8000824,-0.806,-0.162,0.59,-1.0,1.458,-0.718,-0.671,-0.299,0.625,-6.618,1.023,-0.618,-0.302,-0.374,0.898,-0.405,0.099,0.511,-0.2,-0.32,0.994,1.29,7.336,-0.008,0.075,-0.31,0.817,-0.206,2.023,0.099,btn_A
1780980222.900377,-0.816,-0.162,0.584,-0.595,1.427,-0.496,-0.67,-0.299,0.634,-6.519,0.847,-0.183,-0.306,-0.379,0.899,-0.168,-0.176,0.122,-0.196,-0.317,0.988,1.374,6.237,-0.84,0.081,-0.317,0.823,-0.031,1.687,0.061,btn_A
1780980222.9966822,-0.812,-0.166,0.585,-1.069,2.351,-0.885,-0.671,-0.302,0.627,-6.702,1.519,0.031,-0.305,-0.376,0.894,-0.573,1.084,-0.023,-0.195,-0.317,0.985,1.076,6.916,0.206,0.069,-0.282,0.834,-2.008,5.679,-2.008,btn_A
1780980223.0996487,-0.811,-0.16,0.583,-1.13,1.939,-0.519,-0.671,-0.295,0.625,-6.748,1.45,0.061,-0.301,-0.379,0.895,-0.382,0.489,-0.092,-0.2,-0.32,0.998,0.924,7.0,-0.527,0.075,-0.314,0.817,-0.137,2.435,-0.191,btn_A
1780980226.2925074,-0.814,-0.164,0.581,-0.679,1.511,-0.473,-0.676,-0.3,0.62,-6.221,0.466,-0.336,-0.307,-0.379,0.898,-0.435,0.42,0.573,-0.195,-0.323,0.985,1.55,6.878,-0.748,0.08,-0.314,0.827,-0.763,2.351,-0.084,btn_A
1780980226.3957276,-0.817,-0.163,0.587,-1.198,1.771,-0.863,-0.675,-0.298,0.622,-6.565,0.344,-0.802,-0.307,-0.38,0.9,-0.542,0.176,0.458,-0.197,-0.324,0.986,1.565,6.664,-0.481,0.081,-0.306,0.819,-0.74,2.443,-0.206,btn_A
1780980226.5023217,-0.818,-0.166,0.588,-1.282,1.298,-1.0,-0.674,-0.301,0.628,-6.176,0.595,-0.496,-0.306,-0.379,0.893,-0.061,-0.344,-0.008,-0.192,-0.322,0.989,1.397,6.626,-0.588,0.08,-0.308,0.818,-0.656,2.84,-0.298,btn_A
1780980226.604632,-0.816,-0.167,0.583,-1.023,1.214,-1.229,-0.672,-0.301,0.618,-6.542,0.595,-0.435,-0.309,-0.379,0.899,-0.305,-0.183,-0.366,-0.193,-0.323,0.987,1.504,6.229,-0.198,0.083,-0.311,0.822,-0.542,2.672,-0.466,btn_A
1780980226.7154944,-0.811,-0.165,0.582,-1.069,1.198,-0.366,-0.676,-0.301,0.618,-6.313,1.939,0.115,-0.3,-0.381,0.9,0.0,1.71,1.221,-0.29,-0.455,2.0,1.008,1.962,12.069,0.071,-0.32,0.86,0.023,-0.534,0.992,btn_A
1780980226.816958,-0.818,-0.155,0.578,-1.824,-4.641,-0.954,-0.693,-0.297,0.603,-2.924,4.519,-0.695,-0.349,-0.383,0.879,5.687,20.443,3.763,0.075,0.166,0.768,121.382,-20.069,5.565,0.064,-0.312,0.825,9.733,6.527,3.565,btn_A
1780980226.9143941,-0.82,-0.16,0.579,0.008,-3.191,-2.252,-0.691,-0.298,0.6,-4.908,3.756,0.328,-0.357,-0.366,0.882,2.153,7.939,1.756,-0.186,0.16,0.948,12.634,12.885,4.099,0.055,-0.274,0.823,4.588,12.0,0.725,btn_A
1780980227.0135465,-0.82,-0.16,0.584,-1.092,3.511,-0.87,-0.706,-0.288,0.573,-6.298,3.237,0.351,-0.366,-0.367,0.89,-1.924,5.008,3.0,-0.254,0.156,0.994,9.626,11.695,-9.779,0.047,-0.3,0.865,-3.313,3.076,-0.542,btn_A
1780980227.1167703,-0.822,-0.162,0.583,-1.878,3.527,0.229,-0.709,-0.288,0.589,-6.191,3.672,-0.023,-0.378,-0.376,0.865,2.374,9.779,5.145,-0.233,0.14,0.994,37.374,11.42,-9.489,0.072,-0.294,0.84,2.237,4.328,0.855,btn_A
1780980227.2318273,-0.819,-0.163,0.583,-0.534,-1.412,-2.412,-0.705,-0.29,0.571,-8.382,-18.626,-3.443,-0.41,-0.379,0.886,-7.16,-19.153,-7.588,-0.183,0.213,0.68,-81.344,8.687,5.924,0.062,-0.281,0.812,-10.038,-2.489,-2.336,btn_A
1780980227.3363135,-0.854,-0.184,0.592,-3.42,-21.802,-7.252,-0.795,-0.337,1.008,7.038,46.863,-1.855,-0.231,-0.49,0.655,5.977,36.656,11.176,-0.086,-0.24,1.099,14.87,-70.603,-3.985,0.089,-0.305,0.826,75.595,-52.534,13.519,btn_A
1780980227.4296277,-0.81,-0.164,0.588,-2.29,5.496,-0.237,-0.678,-0.294,0.611,-6.992,2.656,-0.031,-0.299,-0.38,0.901,-1.893,5.405,0.198,-0.195,-0.299,0.978,-2.71,10.443,-0.977,0.081,-0.328,0.809,-17.198,14.244,-2.244,btn_A
1780980227.5293982,-0.814,-0.168,0.587,-1.206,-0.137,-1.076,-0.673,-0.3,0.633,-6.26,-0.809,-0.313,-0.293,-0.376,0.904,-0.252,-0.771,-0.542,-0.188,-0.309,0.997,0.038,6.496,-0.496,0.084,-0.317,0.828,4.885,-2.534,1.046,btn_A
1780980227.6319406,-0.812,-0.164,0.587,-0.748,1.603,-0.473,-0.672,-0.301,0.63,-6.344,0.992,-0.626,-0.3,-0.375,0.896,-0.214,-0.092,0.313,-0.195,-0.307,0.997,-0.191,6.847,-0.748,0.088,-0.316,0.823,-2.885,3.748,-0.282,btn_A
1780980227.7347014,-0.816,-0.167,0.587,-0.809,1.595,-0.84,-0.67,-0.296,0.615,-6.214,0.58,-0.908,-0.298,-0.379,0.9,-0.481,0.695,0.611,-0.194,-0.311,0.993,0.458,6.977,-0.389,0.085,-0.313,0.827,0.229,1.382,0.053,btn_A
1780980227.8502774,-0.816,-0.164,0.579,-1.198,1.672,-1.221,-0.667,-0.299,0.618,-6.481,1.061,-0.519,-0.3,-0.374,0.898,-0.458,0.519,-0.115,-0.197,-0.31,0.994,0.649,7.107,-0.786,0.087,-0.314,0.826,-0.557,2.71,0.183,btn_A
1780980227.9405606,-0.815,-0.168,0.583,-0.893,1.817,-0.435,-0.667,-0.3,0.62,-6.58,1.389,-0.214,-0.304,-0.379,0.891,-0.351,-0.092,0.183,-0.197,-0.316,0.99,0.595,6.489,-0.466,0.077,-0.316,0.815,-0.344,1.931,0.137,btn_A
1780980228.043519,-0.811,-0.167,0.58,-0.954,1.366,-0.046,-0.671,-0.299,0.623,-6.611,0.779,-0.45,-0.303,-0.382,0.894,-0.252,0.573,0.672,-0.197,-0.318,0.994,1.099,6.878,-0.695,0.088,-0.311,0.812,-0.87,2.45,-0.351,btn_A
1780980228.1538193,-0.816,-0.164,0.582,-1.198,1.26,-1.282,-0.673,-0.296,0.629,-6.29,0.977,-0.023,-0.305,-0.38,0.899,0.061,0.321,0.527,-0.2,-0.318,0.994,1.061,6.618,-0.481,0.086,-0.309,0.817,-0.458,1.687,0.015,btn_A
1780980228.2497578,-0.811,-0.163,0.588,-0.794,1.962,-0.878,-0.677,-0.3,0.621,-6.191,0.725,-0.069,-0.303,-0.381,0.902,-0.412,0.153,0.153,-0.198,-0.319,0.997,1.115,6.664,-0.382,0.086,-0.315,0.817,-0.504,2.863,-0.038,btn_A
1780980228.357973,-0.817,-0.165,0.582,-1.038,2.115,-0.618,-0.672,-0.304,0.625,-6.519,0.901,0.015,-0.309,-0.378,0.896,-0.176,0.435,-0.137,-0.196,-0.314,1.001,1.382,6.695,-0.603,0.081,-0.308,0.823,-0.794,2.122,0.031,btn_A
1780980228.4561563,-0.814,-0.16,0.582,-1.305,1.931,-0.786,-0.671,-0.303,0.621,-6.733,0.534,-0.763,-0.303,-0.38,0.898,-0.244,-0.053,0.489,-0.199,-0.315,0.986,1.053,7.313,-0.527,0.088,-0.312,0.818,-0.366,2.237,-0.069,btn_A
1780980228.5651622,-0.814,-0.158,0.584,-0.84,0.977,-1.206,-0.674,-0.299,0.625,-6.443,0.473,-0.939,-0.305,-0.379,0.901,-0.473,0.473,0.351,-0.197,-0.319,0.991,1.206,7.137,-0.252,0.085,-0.317,0.819,-0.168,1.466,0.313,btn_A
1780980228.661821,-0.813,-0.167,0.586,-0.679,1.527,-0.374,-0.669,-0.301,0.621,-6.344,1.115,0.053,-0.305,-0.371,0.899,-0.71,0.504,0.443,-0.199,-0.319,0.996,1.229,6.885,-0.42,0.087,-0.308,0.821,-0.931,2.305,0.092,btn_A
1780980228.7649493,-0.815,-0.167,0.587,-0.947,1.183,-1.008,-0.669,-0.297,0.62,-6.191,1.252,-0.031,-0.306,-0.381,0.898,-0.183,0.107,-0.031,-0.198,-0.317,0.982,0.969,6.626,-0.565,0.086,-0.318,0.82,-0.557,1.87,0.168,btn_A
1780980228.8677337,-0.815,-0.165,0.586,-1.26,1.473,-0.313,-0.675,-0.303,0.621,-6.107,0.443,-0.252,-0.307,-0.381,0.898,0.015,-0.061,-0.061,-0.198,-0.321,0.99,1.313,7.191,-0.214,0.086,-0.312,0.82,-0.305,1.382,0.107,btn_A
1780980228.9799664,-0.812,-0.167,0.586,-0.557,1.702,-0.817,-0.674,-0.304,0.619,-6.107,0.649,-0.496,-0.309,-0.375,0.894,-0.58,0.366,0.298,-0.2,-0.319,0.993,1.427,6.786,-0.603,0.085,-0.314,0.822,-0.519,2.466,-0.115,btn_A
1780980229.0822635,-0.816,-0.165,0.581,-1.168,1.527,-1.13,-0.676,-0.3,0.625,-6.023,0.206,-1.092,-0.309,-0.381,0.898,-0.489,-0.176,0.412,-0.198,-0.318,0.99,1.763,6.702,-0.061,0.083,-0.312,0.823,-0.427,2.015,-0.099,btn_A
1780980229.176594,-0.818,-0.169,0.585,-0.969,1.382,-0.634,-0.673,-0.303,0.619,-6.527,0.664,-0.489,-0.305,-0.376,0.892,-0.473,-0.221,-0.008,-0.201,-0.323,0.989,1.115,6.656,-0.855,0.09,-0.314,0.816,-1.008,2.351,-0.069,btn_A
1780980232.386136,-0.818,-0.162,0.586,-0.641,2.008,-1.145,-0.675,-0.298,0.617,-6.435,0.695,-0.733,-0.306,-0.38,0.897,-0.008,-0.313,-0.26,-0.202,-0.324,0.988,1.443,7.282,-0.809,0.088,-0.314,0.812,-0.473,2.504,0.053,btn_A
1780980232.4823983,-0.815,-0.164,0.579,-1.359,1.939,-0.786,-0.674,-0.3,0.619,-6.206,0.237,-0.664,-0.308,-0.378,0.891,0.015,-0.412,0.45,-0.199,-0.326,0.989,1.58,6.55,0.069,0.088,-0.313,0.827,-0.466,2.145,-0.145,btn_A
1780980232.5841398,-0.812,-0.161,0.587,-0.618,1.16,-1.145,-0.677,-0.302,0.616,-6.145,0.702,-0.489,-0.307,-0.381,0.897,-0.565,0.198,0.084,-0.2,-0.32,0.989,1.382,7.046,-0.84,0.093,-0.312,0.826,-1.229,2.168,-0.038,btn_A
1780980232.6850107,-0.818,-0.163,0.582,-0.855,1.115,-0.191,-0.679,-0.306,0.63,-6.076,0.351,-0.145,-0.309,-0.378,0.896,-0.298,-0.183,0.244,-0.196,-0.323,0.987,1.481,6.626,-0.542,0.086,-0.313,0.817,-0.626,2.0,-0.115,btn_A
1780980232.781881,-0.814,-0.162,0.579,-1.206,1.046,-0.84,-0.672,-0.3,0.619,-6.328,0.519,-0.389,-0.308,-0.381,0.895,-0.015,-0.405,-0.107,-0.198,-0.325,0.993,1.45,7.366,-0.794,0.092,-0.308,0.817,-0.374,2.099,-0.115,btn_A
1780980232.8849082,-0.812,-0.166,0.582,-1.107,2.061,-0.679,-0.678,-0.301,0.624,-6.405,0.359,-1.069,-0.307,-0.382,0.888,-0.053,-0.718,0.397,-0.198,-0.325,0.992,1.198,7.137,-0.099,0.085,-0.309,0.816,-0.634,2.802,-0.008,btn_A
1780980232.9874766,-0.81,-0.166,0.594,-0.489,1.389,-0.427,-0.66,-0.313,0.654,-5.351,12.015,0.779,-0.317,-0.381,0.897,-0.336,2.939,1.412,-0.305,-0.652,1.765,110.878,54.695,26.405,0.11,-0.29,0.812,4.511,18.458,1.511,btn_A
1780980233.0983517,-0.824,-0.154,0.574,0.947,6.305,2.069,-0.727,-0.326,0.635,-1.473,16.641,2.275,-0.376,-0.357,0.915,6.168,28.244,9.71,-0.25,0.101,0.714,168.496,-22.977,9.893,0.054,-0.286,0.819,6.847,11.473,2.0,btn_A
1780980233.1941447,-0.823,-0.156,0.573,0.16,2.305,0.298,-0.697,-0.296,0.607,-5.573,-5.412,-0.458,-0.374,-0.362,0.894,2.145,3.137,4.046,-0.104,0.145,1.144,43.267,7.695,-8.565,0.064,-0.294,0.829,2.244,-1.435,0.84,btn_A
1780980233.2990026,-0.811,-0.162,0.586,-2.458,-0.221,-1.214,-0.714,-0.286,0.583,-7.511,1.45,0.511,-0.376,-0.364,0.875,-0.977,1.885,2.29,-0.109,0.21,1.029,20.115,13.069,-7.58,0.052,-0.29,0.838,-0.542,7.153,0.099,btn_A
1780980233.4182162,-0.82,-0.156,0.581,0.137,-2.771,-3.137,-0.723,-0.295,0.542,-10.74,-36.481,-4.679,-0.378,-0.406,0.876,-3.809,-48.244,-15.359,-0.168,0.203,-0.211,-250.137,39.023,1.809,-0.005,-0.267,0.815,-16.557,-17.679,-4.13,btn_A
1780980233.5146396,-0.583,-0.278,0.743,-4.008,9.504,3.969,-0.712,-0.305,0.672,-12.702,-18.496,-5.237,-0.281,-0.445,0.914,15.847,34.824,5.107,-0.257,-0.263,1.001,-7.359,42.435,-1.458,0.088,-0.242,0.779,29.504,-14.55,3.542,btn_A
1780980233.606078,-0.812,-0.161,0.582,-0.71,2.412,-0.214,-0.671,-0.3,0.618,-6.0,1.496,-0.901,-0.297,-0.374,0.905,0.137,-6.786,-0.954,-0.182,-0.285,1.007,-1.786,1.038,-1.084,0.081,-0.333,0.826,2.038,-2.221,0.397,btn_A
1780980233.7137377,-0.81,-0.166,0.597,-1.023,1.786,-1.244,-0.667,-0.297,0.638,-6.328,1.443,-0.809,-0.293,-0.375,0.903,-0.55,1.168,0.092,-0.192,-0.3,0.999,-0.756,7.649,-0.802,0.087,-0.311,0.815,-0.26,2.947,0.145,btn_A
1780980233.8122377,-0.81,-0.163,0.592,-1.298,1.366,-0.71,-0.666,-0.298,0.629,-6.511,0.977,-0.069,-0.293,-0.376,0.903,-0.962,1.374,0.397,-0.195,-0.301,0.991,-1.13,8.115,-0.405,0.08,-0.314,0.818,0.397,1.519,0.061,btn_A
1780980233.9148486,-0.812,-0.164,0.589,-0.733,1.267,-1.389,-0.669,-0.295,0.633,-5.962,1.122,0.29,-0.292,-0.374,0.906,-0.634,0.29,0.595,-0.192,-0.302,0.998,-0.435,7.405,-0.863,0.088,-0.316,0.817,-0.931,2.389,0.191,btn_A
1780980234.030137,-0.816,-0.168,0.583,-0.84,1.595,-0.061,-0.667,-0.296,0.632,-6.244,0.931,-0.534,-0.299,-0.37,0.911,-0.382,0.42,0.038,-0.195,-0.306,1.003,-0.107,7.695,-0.305,0.086,-0.312,0.813,-0.71,2.115,-0.084,btn_A
1780980234.1294804,-0.812,-0.164,0.587,-0.511,0.725,-0.542,-0.67,-0.298,0.617,-6.076,0.298,-0.962,-0.295,-0.374,0.898,-0.13,-0.954,-0.244,-0.191,-0.305,1.003,1.13,6.649,-0.977,0.084,-0.314,0.831,-0.344,1.458,0.267,btn_A
1780980234.2241397,-0.814,-0.169,0.584,-0.908,1.618,-1.038,-0.668,-0.3,0.627,-6.427,0.588,-0.687,-0.299,-0.375,0.896,-0.595,0.924,0.244,-0.197,-0.306,0.996,0.901,6.771,-0.573,0.091,-0.312,0.829,-1.145,3.275,-0.565,btn_A
1780980234.332118,-0.812,-0.165,0.587,-0.84,1.832,-0.817,-0.669,-0.296,0.632,-6.756,1.015,-0.168,-0.291,-0.375,0.901,-0.71,0.55,0.771,-0.194,-0.31,1.0,0.878,7.511,-0.412,0.089,-0.319,0.818,-0.412,2.863,0.023,btn_A
1780980234.429957,-0.809,-0.166,0.585,-0.992,1.786,-0.908,-0.67,-0.297,0.624,-6.756,0.763,-0.55,-0.299,-0.376,0.903,-0.214,0.359,0.099,-0.194,-0.303,0.994,0.924,6.901,-0.542,0.083,-0.316,0.83,-0.42,2.084,0.076,btn_A
1780980234.5328994,-0.813,-0.169,0.583,-1.527,1.954,-0.656,-0.673,-0.295,0.63,-6.466,0.603,-0.55,-0.3,-0.378,0.903,-0.267,0.389,-0.023,-0.198,-0.311,0.988,1.366,7.145,-0.664,0.084,-0.313,0.821,-0.695,2.389,-0.229,btn_A
1780980234.650607,-0.817,-0.161,0.586,-0.947,1.015,-1.176,-0.664,-0.296,0.628,-6.458,0.557,-0.328,-0.297,-0.371,0.9,-0.679,0.45,0.084,-0.192,-0.311,0.998,0.748,7.313,-0.74,0.084,-0.309,0.823,-0.038,1.641,0.55,btn_A
1780980234.745077,-0.815,-0.167,0.591,-0.901,2.183,0.084,-0.667,-0.292,0.634,-7.672,2.0,-0.107,-0.293,-0.374,0.907,-1.519,2.74,1.344,-0.203,-0.311,1.005,-0.656,8.557,0.053,0.075,-0.317,0.811,0.115,4.092,0.206,btn_A
1780980234.8485687,-0.813,-0.169,0.586,-0.885,1.084,-1.183,-0.67,-0.302,0.632,-6.153,0.298,-0.328,-0.301,-0.379,0.897,-0.206,0.359,0.687,-0.198,-0.312,0.993,1.206,7.061,-0.779,0.087,-0.316,0.822,-1.038,3.206,-0.588,btn_A
1780980234.9452028,-0.814,-0.16,0.585,-0.901,1.565,-0.672,-0.671,-0.298,0.628,-7.038,0.328,-1.198,-0.3,-0.375,0.896,-0.84,0.069,0.145,-0.197,-0.314,0.992,0.603,7.908,0.008,0.085,-0.314,0.826,-0.412,3.153,-0.069,btn_A
1780980235.0482826,-0.816,-0.166,0.585,-1.076,1.84,-1.038,-0.667,-0.298,0.624,-6.191,1.092,-0.618,-0.304,-0.376,0.901,-0.84,1.26,0.107,-0.195,-0.315,0.994,0.939,7.313,-0.718,0.084,-0.322,0.826,-0.794,4.183,-0.298,btn_A
1780980235.1517463,-0.817,-0.165,0.583,-1.092,0.244,-1.542,-0.666,-0.298,0.623,-6.084,0.679,0.076,-0.302,-0.375,0.902,-0.366,0.229,0.45,-0.2,-0.31,0.988,1.656,7.954,-0.176,0.086,-0.309,0.818,-0.443,2.542,0.183,btn_A
1780980235.2643325,-0.817,-0.164,0.584,-0.878,0.977,-1.29,-0.671,-0.302,0.626,-6.221,0.626,-0.198,-0.301,-0.374,0.9,0.153,-0.947,0.351,-0.197,-0.317,0.995,1.237,6.626,-0.702,0.085,-0.314,0.818,-0.252,1.122,0.26,btn_A
1780980235.3637645,-0.817,-0.162,0.586,-0.527,0.985,-0.695,-0.675,-0.299,0.623,-6.473,0.26,-0.679,-0.304,-0.377,0.894,-0.023,-0.763,-0.008,-0.194,-0.313,0.993,1.298,6.542,-0.053,0.087,-0.316,0.824,-0.664,2.076,0.115,btn_A
1780980238.5544393,-0.813,-0.167,0.583,-1.176,1.336,-0.466,-0.675,-0.299,0.626,-6.313,0.458,-0.099,-0.307,-0.377,0.903,-0.244,-0.137,0.542,-0.198,-0.316,0.989,1.26,6.809,-0.458,0.084,-0.309,0.828,-1.092,3.947,-0.29,btn_A
1780980238.6641803,-0.817,-0.167,0.582,-0.977,1.458,-1.115,-0.673,-0.302,0.619,-6.267,0.55,-0.916,-0.306,-0.38,0.896,0.038,0.481,0.473,-0.198,-0.323,0.992,1.656,6.389,-0.519,0.081,-0.306,0.82,-0.908,2.679,-0.489,btn_A
1780980238.765057,-0.812,-0.164,0.59,-0.412,1.321,0.366,-0.671,-0.296,0.625,-6.405,0.336,-1.0,-0.305,-0.377,0.896,-0.252,0.321,0.069,-0.195,-0.318,0.994,1.405,7.718,-0.42,0.082,-0.314,0.821,-0.954,3.397,0.214,btn_A
1780980238.8671243,-0.817,-0.163,0.585,-1.053,1.191,-1.061,-0.673,-0.303,0.623,-6.321,0.863,-0.153,-0.304,-0.373,0.902,-0.206,-0.71,0.031,-0.199,-0.32,0.985,1.618,6.817,-0.557,0.092,-0.313,0.822,-0.176,2.038,0.099,btn_A
1780980238.9621773,-0.817,-0.167,0.575,-0.962,1.748,-0.542,-0.671,-0.302,0.625,-6.122,0.336,-0.115,-0.304,-0.376,0.906,-0.076,-0.893,0.237,-0.198,-0.319,0.992,1.496,6.336,-0.466,0.086,-0.312,0.824,-0.092,2.275,-0.053,btn_A
1780980239.0653508,-0.815,-0.17,0.578,-0.893,2.916,-0.412,-0.674,-0.298,0.62,-6.504,0.878,-0.397,-0.311,-0.378,0.902,-0.458,0.328,0.656,-0.192,-0.323,1.019,-3.374,9.71,-0.198,0.087,-0.317,0.815,-0.542,2.214,-0.977,btn_A
1780980239.1806948,-0.823,-0.166,0.577,0.832,1.214,-0.641,-0.669,-0.299,0.621,-4.527,16.015,0.542,-0.296,-0.369,0.921,-0.687,5.939,-0.275,-0.107,-0.28,1.12,188.481,-17.16,63.29,0.062,-0.322,0.864,9.824,16.718,1.626,btn_A
1780980239.2815819,-0.815,-0.163,0.584,-0.641,4.534,1.374,-0.705,-0.289,0.593,-4.74,11.55,1.443,-0.362,-0.347,0.913,-7.656,5.809,3.771,-0.178,0.16,1.023,74.832,-4.198,-0.321,0.042,-0.287,0.849,1.588,1.916,0.634,btn_A
1780980239.379467,-0.814,-0.158,0.571,-1.0,4.344,0.389,-0.712,-0.288,0.586,-6.733,0.519,-0.359,-0.372,-0.358,0.878,-0.336,3.542,2.87,-0.173,0.116,1.14,27.313,2.42,-4.718,0.058,-0.293,0.826,-2.878,0.847,-0.42,btn_A
1780980239.477721,-0.824,-0.157,0.569,-0.656,0.29,-0.298,-0.716,-0.286,0.569,-6.496,-5.099,-1.191,-0.361,-0.367,0.887,-1.718,-2.656,-0.55,-0.156,0.171,1.044,2.649,4.053,-0.893,0.046,-0.281,0.845,-0.038,1.679,1.099,btn_A
1780980239.5804255,-0.828,-0.154,0.58,-1.557,2.511,-0.832,-0.69,-0.312,0.646,-6.023,9.618,1.214,-0.376,-0.354,0.884,-3.076,5.985,0.473,-0.212,0.188,1.04,4.115,8.206,1.198,0.049,-0.283,0.822,-1.206,2.611,0.687,btn_A
1780980239.6969733,-0.829,-0.161,0.571,-0.87,3.916,0.634,-0.715,-0.284,0.566,-6.29,1.634,-0.305,-0.376,-0.358,0.876,0.137,1.038,-0.008,-0.22,0.214,0.988,-2.282,5.733,3.023,0.021,-0.286,0.823,-2.519,2.45,0.573,btn_A
1780980239.7973707,-0.824,-0.153,0.57,-0.962,3.031,-0.672,-0.716,-0.29,0.573,-6.336,1.046,0.092,-0.379,-0.361,0.876,-0.664,-0.588,0.534,-0.196,0.222,1.016,4.893,7.901,-2.771,0.036,-0.283,0.846,-1.626,3.84,0.183,btn_A
1780980239.8990953,-0.824,-0.148,0.565,-0.55,2.55,-0.405,-0.705,-0.289,0.578,-6.817,1.863,-1.221,-0.379,-0.361,0.88,0.45,0.794,0.954,-0.218,0.239,1.013,4.756,5.183,0.061,0.024,-0.278,0.833,0.069,3.84,0.29,btn_A
1780980239.9984808,-0.821,-0.156,0.573,-1.092,1.466,-1.115,-0.716,-0.285,0.573,-6.695,1.443,-0.565,-0.396,-0.355,0.86,-1.099,0.328,-0.061,-0.192,0.253,0.978,0.977,8.649,0.458,0.045,-0.284,0.838,-0.611,1.015,0.519,btn_A
1780980240.0953546,-0.828,-0.157,0.563,-0.137,-2.573,-2.595,-0.701,-0.29,0.59,-6.679,-18.038,-2.763,-0.37,-0.374,0.875,-1.427,-16.122,-5.496,-0.138,0.241,0.954,-46.038,-1.191,1.038,0.048,-0.297,0.833,1.305,-1.26,-0.55,btn_A
1780980240.1981611,-0.809,-0.158,0.583,-0.603,-5.603,-4.0,-0.694,-0.288,0.617,-8.214,-22.359,-3.771,-0.291,-0.384,0.916,0.328,-14.267,-4.046,-0.112,-0.027,1.396,11.763,-5.916,1.29,0.064,-0.304,0.83,3.557,3.076,-0.405,btn_A
1780980240.3020535,-0.82,-0.16,0.579,0.443,2.771,-0.275,-0.699,-0.296,0.593,-5.634,-7.053,-0.511,-0.36,-0.366,0.862,-0.473,-7.71,-2.359,-0.17,0.136,0.823,-24.931,2.924,-3.366,0.056,-0.302,0.826,-7.221,-5.405,-2.13,btn_A
1780980240.404638,-0.814,-0.162,0.585,-3.351,-4.137,-3.557,-0.637,-0.297,0.649,-6.962,-12.71,-4.076,-0.294,-0.39,0.893,6.595,-38.756,-17.107,-0.563,1.012,2.0,93.229,-164.458,14.687,0.077,-0.341,0.861,-12.473,-12.802,0.878,btn_A
1780980240.5071805,-0.801,-0.171,0.6,-0.107,-0.603,-2.031,-0.668,-0.291,0.634,-6.687,-3.87,-0.924,-0.291,-0.365,0.918,-1.168,3.374,0.29,-0.204,-0.286,0.996,-0.366,10.198,-0.023,0.087,-0.303,0.816,8.695,-1.565,0.954,btn_A
1780980240.6104128,-0.811,-0.162,0.598,-1.061,2.26,-0.702,-0.663,-0.298,0.631,-6.435,0.397,-0.687,-0.29,-0.368,0.906,-0.427,-0.977,-0.008,-0.195,-0.286,1.004,-0.321,5.13,-0.656,0.086,-0.323,0.817,-2.534,5.244,-0.26,btn_A
1780980240.7135222,-0.808,-0.159,0.589,-0.718,0.939,-0.557,-0.663,-0.296,0.636,-6.481,0.557,-0.763,-0.293,-0.369,0.905,-0.519,0.634,0.298,-0.197,-0.29,1.0,-0.145,6.794,-0.916,0.079,-0.317,0.82,-0.794,2.542,-0.634,btn_A
1780980240.8168898,-0.808,-0.163,0.592,-1.115,1.053,-0.603,-0.662,-0.296,0.635,-6.443,0.985,-0.366,-0.295,-0.375,0.906,-0.618,0.71,0.565,-0.195,-0.293,1.0,0.527,7.473,-0.252,0.077,-0.318,0.823,-0.802,3.153,-0.122,btn_A
1780980240.9319355,-0.811,-0.163,0.59,-1.031,1.466,-1.328,-0.667,-0.295,0.633,-6.649,0.947,-0.13,-0.297,-0.367,0.909,-0.802,0.405,-0.344,-0.194,-0.294,1.0,0.145,7.298,-0.809,0.066,-0.32,0.824,-0.672,2.527,0.397,btn_A
1780980241.0335054,-0.809,-0.165,0.59,-0.702,1.267,-0.771,-0.663,-0.297,0.63,-6.42,0.435,-0.099,-0.294,-0.372,0.907,-0.382,0.427,0.183,-0.192,-0.294,1.003,-0.534,7.336,-0.695,0.081,-0.314,0.816,-0.779,2.145,-0.031,btn_A
1780980241.1332505,-0.811,-0.169,0.595,-0.916,1.122,-1.298,-0.669,-0.294,0.629,-6.481,0.504,-0.924,-0.299,-0.372,0.902,-0.214,0.725,0.687,-0.195,-0.301,1.002,0.809,6.87,-0.718,0.079,-0.318,0.82,-0.893,3.061,-0.588,btn_A
1780980241.22856,-0.813,-0.161,0.587,-0.962,1.901,-0.145,-0.665,-0.29,0.635,-6.275,0.611,-0.725,-0.297,-0.369,0.898,-0.542,0.26,0.053,-0.192,-0.296,0.999,0.809,6.656,-0.099,0.085,-0.313,0.826,-0.443,1.16,0.336,btn_A
1780980241.33143,-0.813,-0.164,0.588,-0.939,1.603,-1.107,-0.66,-0.295,0.631,-6.084,0.779,-0.061,-0.298,-0.372,0.901,-0.313,0.374,-0.244,-0.195,-0.298,0.996,0.786,6.924,-0.794,0.083,-0.313,0.818,0.328,1.534,0.374,btn_A
1780980241.446177,-0.813,-0.165,0.593,-0.763,1.443,-0.206,-0.668,-0.296,0.631,-6.069,0.786,0.252,-0.302,-0.372,0.914,-0.725,0.244,0.298,-0.199,-0.303,0.991,1.099,7.061,0.061,0.086,-0.318,0.818,-1.42,3.061,-0.053,btn_A
1780980244.6275558,-0.813,-0.162,0.58,-1.069,1.42,-0.756,-0.67,-0.297,0.633,-6.504,0.863,-0.26,-0.307,-0.376,0.901,-0.412,0.046,0.397,-0.201,-0.312,0.991,1.458,6.855,-0.588,0.082,-0.32,0.823,-0.366,1.672,0.023,btn_A
1780980244.7314606,-0.816,-0.165,0.592,-0.824,0.962,-1.221,-0.669,-0.303,0.634,-6.511,0.573,-0.412,-0.307,-0.375,0.9,-0.031,0.176,-0.092,-0.198,-0.313,0.987,1.115,7.0,-0.771,0.085,-0.312,0.823,-0.191,1.969,0.321,btn_A
1780980244.8330312,-0.815,-0.161,0.589,-0.573,1.344,-0.046,-0.67,-0.299,0.63,-6.145,-0.076,-1.489,-0.309,-0.376,0.901,-0.557,0.015,-0.275,-0.2,-0.315,0.993,1.359,6.924,-0.733,0.082,-0.312,0.821,-0.366,1.198,0.45,btn_A
1780980244.9364119,-0.814,-0.168,0.589,-0.977,0.672,-1.443,-0.67,-0.295,0.63,-6.229,0.176,-1.084,-0.303,-0.38,0.897,-0.221,-0.466,0.458,-0.198,-0.318,0.989,1.122,7.237,-0.618,0.08,-0.32,0.821,-0.29,2.214,-0.076,btn_A
1780980245.0394244,-0.815,-0.163,0.584,-0.863,1.885,-0.221,-0.668,-0.301,0.629,-6.282,0.145,-0.237,-0.302,-0.377,0.898,0.092,-1.153,0.237,-0.198,-0.312,0.987,1.664,6.473,-0.511,0.074,-0.31,0.821,-1.328,3.0,-0.328,btn_A
1780980245.1425602,-0.815,-0.164,0.586,-0.947,1.847,-0.901,-0.67,-0.297,0.631,-6.237,1.122,0.191,-0.305,-0.379,0.897,-0.115,-0.198,-0.206,-0.198,-0.315,0.997,1.443,6.687,-0.489,0.069,-0.311,0.813,-0.725,3.313,-0.481,btn_A
1780980245.2454007,-0.827,-0.165,0.56,-1.061,0.031,-0.321,-0.62,-0.336,0.73,-9.496,-7.351,-1.42,-0.23,-0.467,0.957,17.031,37.954,9.878,-0.16,-0.563,0.895,250.13,-41.771,130.282,0.098,-0.304,0.809,15.053,17.107,1.366,btn_A
1780980245.348681,-0.828,-0.169,0.576,-0.206,2.092,0.496,-0.692,-0.26,0.591,-7.145,15.443,1.427,-0.377,-0.36,0.841,5.603,47.84,15.168,-0.202,0.222,0.687,112.168,11.061,-15.053,0.067,-0.294,0.826,16.26,18.45,5.153,btn_A
1780980245.464011,-0.835,-0.161,0.567,-0.015,0.046,-0.71,-0.718,-0.317,0.613,-3.939,1.038,-1.153,-0.424,-0.344,0.833,-1.29,-0.55,2.947,-0.288,0.291,0.853,-0.206,7.786,-7.237,0.041,-0.288,0.832,-5.153,5.206,-0.802,btn_A
1780980245.5643868,-0.825,-0.165,0.572,-0.534,-3.321,-4.168,-0.686,-0.273,0.578,-9.84,-40.855,-5.183,-0.328,-0.369,0.925,-4.641,-37.29,-12.115,-0.135,0.103,0.909,-121.939,3.26,2.466,0.051,-0.305,0.844,-8.374,-13.389,-2.901,btn_A
1780980245.6647403,-0.857,-0.126,0.541,-9.176,-11.084,-6.176,-0.668,-0.282,0.632,-7.244,-23.206,-2.344,-0.124,-0.321,1.071,-11.382,-14.466,-1.985,-0.174,-0.208,0.024,20.191,62.405,-2.519,0.024,-0.402,0.874,31.443,6.069,2.595,btn_A
1780980245.766645,-0.81,-0.169,0.592,-0.87,6.137,0.595,-0.659,-0.295,0.635,-7.053,4.687,0.221,-0.293,-0.366,0.902,-1.115,2.351,0.328,-0.207,-0.279,1.0,0.405,7.206,-1.16,0.085,-0.313,0.819,-11.198,9.504,-1.321,btn_A
1780980245.8641472,-0.814,-0.165,0.589,-0.802,0.756,-1.641,-0.66,-0.292,0.645,-6.26,0.008,0.13,-0.286,-0.373,0.911,-0.366,-0.985,-0.321,-0.205,-0.279,1.012,1.298,5.794,-1.008,0.126,-0.354,0.831,-2.328,-3.603,0.229,btn_A
1780980245.9664502,-0.807,-0.166,0.594,-1.099,1.718,-0.435,-0.659,-0.293,0.641,-6.458,0.359,-0.603,-0.284,-0.363,0.906,-0.29,-0.008,0.092,-0.211,-0.281,0.997,0.649,7.122,-0.489,0.078,-0.319,0.823,-0.947,2.282,-0.481,btn_A
1780980246.0694246,-0.805,-0.166,0.592,-0.664,1.008,-1.412,-0.657,-0.296,0.645,-6.214,0.534,-0.832,-0.281,-0.368,0.914,-0.534,1.557,0.802,-0.19,-0.282,0.999,-2.71,10.275,0.145,0.083,-0.323,0.82,0.008,1.099,0.046,btn_A
1780980246.1827214,-0.811,-0.165,0.594,-0.519,1.588,-0.221,-0.655,-0.295,0.638,-5.794,0.473,-0.504,-0.289,-0.367,0.906,0.069,-0.718,0.275,-0.195,-0.287,1.002,1.321,5.176,-0.344,0.083,-0.329,0.816,-0.374,0.977,0.145,btn_A
1780980246.2798185,-0.808,-0.164,0.594,-0.947,1.45,-0.779,-0.657,-0.293,0.644,-6.336,1.443,0.313,-0.29,-0.365,0.912,-0.191,0.344,0.122,-0.194,-0.289,1.002,0.84,7.061,-1.008,0.088,-0.314,0.818,-0.779,2.969,0.053,btn_A
1780980246.3788285,-0.81,-0.169,0.591,-1.191,1.214,-0.939,-0.66,-0.295,0.646,-6.328,0.977,-0.282,-0.289,-0.369,0.907,-0.191,-0.412,-0.076,-0.193,-0.288,0.997,1.069,6.985,-0.206,0.079,-0.322,0.814,-0.214,2.977,0.046,btn_A
1780980246.4815307,-0.808,-0.16,0.597,-1.092,2.145,-0.374,-0.659,-0.291,0.645,-6.771,1.336,-0.29,-0.289,-0.372,0.906,-0.664,1.023,0.305,-0.202,-0.287,1.002,1.176,6.878,-0.473,0.09,-0.294,0.84,-0.137,5.351,-2.298,btn_A
1780980246.5970962,-0.811,-0.167,0.592,-1.13,1.603,-1.038,-0.665,-0.294,0.646,-6.435,0.924,-0.42,-0.294,-0.367,0.91,-0.389,0.832,0.565,-0.203,-0.288,0.994,0.817,7.58,-0.687,0.087,-0.321,0.823,-0.863,2.115,-0.023,btn_A
1780980246.6966965,-0.801,-0.162,0.589,-1.122,1.786,-1.137,-0.666,-0.298,0.644,-6.924,1.038,-0.099,-0.292,-0.375,0.914,-0.305,-0.282,0.313,-0.205,-0.286,1.006,1.206,7.366,-0.496,0.08,-0.317,0.813,-0.832,1.588,-0.427,btn_A
1780980246.7987268,-0.81,-0.168,0.591,-1.015,1.634,-0.611,-0.661,-0.296,0.639,-6.305,0.267,-0.328,-0.289,-0.37,0.907,-0.405,-0.397,-0.107,-0.198,-0.291,1.005,1.168,7.115,-0.641,0.083,-0.321,0.82,-0.656,3.0,0.069,btn_A
1780980246.893705,-0.804,-0.164,0.596,-0.885,1.26,-0.962,-0.665,-0.295,0.638,-6.565,1.069,-0.29,-0.289,-0.371,0.907,-0.573,0.298,0.282,-0.204,-0.291,0.999,1.305,7.153,-0.099,0.076,-0.32,0.817,0.573,1.16,0.359,btn_A
1780980246.9969647,-0.808,-0.167,0.593,-1.198,1.412,-1.313,-0.664,-0.297,0.631,-6.519,1.191,-0.099,-0.292,-0.368,0.907,-0.679,0.718,0.527,-0.199,-0.288,1.004,0.847,7.252,-1.023,0.081,-0.318,0.818,-0.748,1.916,-0.107,btn_A
1780980247.0994458,-0.811,-0.164,0.591,-0.794,1.176,-0.229,-0.666,-0.293,0.638,-6.153,1.046,-0.122,-0.294,-0.368,0.908,-0.137,-0.267,0.366,-0.203,-0.294,1.0,1.168,6.916,-0.13,0.082,-0.316,0.819,-0.198,3.519,-0.275,btn_A
1780980247.2127073,-0.808,-0.169,0.595,-0.725,1.763,-0.756,-0.665,-0.296,0.635,-6.092,1.092,-0.496,-0.293,-0.371,0.908,-0.305,-0.527,0.069,-0.199,-0.292,1.003,1.198,7.389,-0.679,0.082,-0.315,0.812,-0.603,2.542,0.328,btn_A
1780980247.3135355,-0.811,-0.166,0.596,-1.275,1.939,-0.573,-0.66,-0.297,0.634,-6.527,0.687,-1.313,-0.29,-0.37,0.906,-0.985,0.267,-0.031,-0.201,-0.288,0.997,1.641,6.634,0.023,0.073,-0.32,0.82,-0.565,1.702,-0.008,btn_A
1780980247.4088726,-0.811,-0.167,0.593,-0.718,0.977,-1.198,-0.661,-0.295,0.628,-6.336,0.802,-0.321,-0.293,-0.37,0.905,-0.344,-0.229,0.969,-0.199,-0.291,0.995,1.176,7.252,-0.802,0.084,-0.317,0.816,-0.756,2.634,0.504,btn_A
1780980247.5118198,-0.816,-0.168,0.595,-0.237,1.061,-0.076,-0.663,-0.297,0.639,-5.985,0.802,0.565,-0.292,-0.372,0.909,-0.389,-0.519,-0.145,-0.205,-0.292,1.001,1.29,6.573,-0.023,0.081,-0.321,0.818,-1.076,2.618,-0.214,btn_A
1780980247.614648,-0.812,-0.167,0.594,-0.802,1.573,-0.656,-0.657,-0.293,0.635,-6.679,0.992,-0.26,-0.288,-0.372,0.903,-0.145,0.229,-0.145,-0.198,-0.292,1.005,0.847,5.878,-0.718,0.073,-0.321,0.814,0.282,1.618,0.542,btn_A
1780980250.8148844,-0.812,-0.161,0.593,-1.115,1.153,-1.244,-0.659,-0.298,0.628,-6.542,0.924,-0.687,-0.301,-0.37,0.903,-0.206,-0.069,-0.13,-0.205,-0.3,0.993,1.206,7.359,-1.076,0.076,-0.315,0.82,-0.664,2.687,-0.122,btn_A
1780980250.914437,-0.816,-0.168,0.59,-0.817,1.519,-0.053,-0.668,-0.305,0.632,-6.122,0.366,-0.71,-0.302,-0.374,0.903,-0.275,-0.809,0.29,-0.206,-0.299,1.006,1.443,6.534,-0.496,0.088,-0.317,0.823,-0.305,2.412,0.16,btn_A
1780980251.0136497,-0.813,-0.163,0.59,-1.359,1.344,-1.45,-0.666,-0.3,0.633,-6.122,0.748,-0.092,-0.295,-0.37,0.897,-0.382,0.656,0.771,-0.2,-0.303,0.991,1.496,6.771,-0.641,0.074,-0.313,0.815,-0.71,2.389,-0.305,btn_A
1780980251.1166203,-0.812,-0.165,0.585,-1.473,1.824,-0.519,-0.671,-0.297,0.631,-6.473,1.206,0.397,-0.3,-0.375,0.904,-0.122,0.649,0.275,-0.2,-0.299,0.995,1.374,7.038,-0.458,0.083,-0.317,0.814,-0.84,1.863,0.069,btn_A
1780980251.230159,-0.806,-0.16,0.591,-1.359,2.244,-0.321,-0.674,-0.294,0.631,-6.496,1.16,0.328,-0.297,-0.373,0.905,-0.519,-0.725,0.092,-0.203,-0.292,1.016,1.435,5.939,-0.534,0.075,-0.312,0.821,-0.809,1.832,0.389,btn_A
1780980251.3311925,-0.816,-0.165,0.594,-1.107,1.366,-0.763,-0.661,-0.295,0.642,-5.473,2.786,-0.565,-0.3,-0.371,0.884,1.916,-1.443,-0.092,-0.199,-0.307,0.925,22.908,25.595,1.748,0.076,-0.312,0.823,2.45,6.969,-0.771,btn_A
1780980251.4261458,-0.806,-0.166,0.597,-0.962,1.313,-0.588,-0.656,-0.299,0.633,-4.748,13.733,1.55,-0.322,-0.375,0.875,1.977,15.031,3.366,-0.055,-0.031,0.654,87.748,-1.595,31.84,0.07,-0.309,0.822,7.145,-1.313,-0.695,btn_A
1780980251.5291147,-0.81,-0.164,0.593,-1.382,1.206,-0.618,-0.68,-0.307,0.621,-5.908,10.267,0.198,-0.303,-0.372,0.898,0.443,18.893,4.26,-0.112,0.004,0.838,59.969,4.534,6.573,0.065,-0.306,0.827,3.237,9.481,0.916,btn_A
1780980251.6320362,-0.811,-0.162,0.588,-1.267,0.634,-0.076,-0.671,-0.298,0.621,-4.237,17.756,1.252,-0.315,-0.344,0.894,-7.237,17.786,3.901,-0.18,0.037,1.135,84.542,-15.496,3.74,0.049,-0.299,0.829,5.122,12.359,1.504,btn_A
1780980251.7489083,-0.815,-0.171,0.582,-0.641,2.901,-0.74,-0.691,-0.282,0.629,-5.0,6.511,0.305,-0.342,-0.354,0.907,-0.87,5.298,1.954,-0.225,0.131,0.884,23.756,6.137,1.008,0.045,-0.293,0.82,2.053,8.145,0.84,btn_A
1780980251.844807,-0.816,-0.158,0.59,-0.076,6.244,1.458,-0.708,-0.289,0.586,-6.313,6.626,1.061,-0.369,-0.357,0.889,0.626,11.061,3.023,-0.205,0.128,1.01,40.321,8.405,4.779,0.053,-0.293,0.829,0.641,4.389,0.878,btn_A
1780980251.9412017,-0.823,-0.156,0.575,-0.702,2.542,-0.466,-0.703,-0.286,0.586,-5.901,4.969,0.092,-0.364,-0.359,0.87,0.443,1.878,2.656,-0.239,0.197,1.045,23.863,-1.74,-0.26,0.044,-0.295,0.821,0.282,4.298,0.664,btn_A
1780980252.046527,-0.821,-0.154,0.577,-1.809,2.771,-0.511,-0.718,-0.273,0.544,-7.168,0.931,-1.611,-0.379,-0.344,0.869,-0.565,5.771,1.176,-0.221,0.187,1.091,13.695,8.725,1.328,0.032,-0.29,0.828,1.168,0.481,1.16,btn_A
1780980252.1468463,-0.822,-0.144,0.567,-0.924,2.527,-1.031,-0.715,-0.284,0.58,-5.786,3.29,-0.58,-0.371,-0.371,0.901,1.466,8.366,3.679,-0.215,0.234,0.919,16.84,18.191,-4.916,0.036,-0.292,0.821,3.427,9.206,1.313,btn_A
1780980252.2596667,-0.832,-0.15,0.565,-0.328,2.084,0.557,-0.707,-0.281,0.594,-5.779,4.802,0.557,-0.396,-0.342,0.877,1.328,7.672,2.351,-0.219,0.29,0.968,12.885,11.328,-4.084,0.036,-0.293,0.839,-1.427,3.74,0.718,btn_A
1780980252.361423,-0.822,-0.152,0.579,-1.046,4.008,0.809,-0.72,-0.28,0.556,-5.863,10.107,0.832,-0.446,-0.356,0.862,-4.382,11.191,-0.092,-0.248,0.318,0.889,5.359,10.954,-2.74,0.011,-0.256,0.815,-2.16,4.985,-0.626,btn_A
1780980252.45997,-0.825,-0.147,0.568,-1.008,0.55,-1.252,-0.718,-0.293,0.578,-7.26,-0.221,-1.214,-0.42,-0.361,0.856,0.145,2.618,-0.763,-0.241,0.289,1.108,11.855,13.817,7.779,0.032,-0.286,0.829,3.344,-0.786,0.71,btn_A
1780980252.559386,-0.83,-0.154,0.573,-0.557,-1.046,-2.336,-0.721,-0.289,0.572,-6.496,-4.397,-1.817,-0.406,-0.356,0.867,-0.496,-4.397,-0.969,-0.173,0.286,1.114,9.786,6.069,-1.168,0.051,-0.288,0.838,-0.687,1.038,0.107,btn_A
1780980252.6621118,-0.83,-0.15,0.563,-0.267,-0.122,-2.931,-0.714,-0.284,0.549,-8.397,-27.504,-4.863,-0.396,-0.363,0.857,-6.229,-32.618,-13.382,-0.222,0.28,0.855,-82.603,-19.45,6.458,0.044,-0.301,0.844,-15.939,-5.55,-4.947,btn_A
1780980252.781948,-0.822,-0.151,0.593,-1.901,-2.366,-3.702,-0.699,-0.256,0.529,-9.611,-42.344,-0.511,-0.41,-0.375,0.837,6.282,-48.786,-12.893,-0.219,-0.328,0.135,-250.137,33.595,-93.137,0.121,-0.342,0.839,-28.405,-32.985,-7.145,btn_A
1780980252.8821228,-0.858,-0.155,0.51,-1.466,12.275,-0.023,-0.684,-0.282,0.591,-7.42,1.817,-0.458,-0.324,-0.374,0.895,-16.855,-14.122,-2.924,-0.19,-0.282,1.001,0.489,-19.901,-0.412,0.085,-0.365,0.854,-29.687,19.336,-4.664,btn_A
1780980252.9764614,-0.812,-0.161,0.582,-0.878,-0.947,-0.802,-0.667,-0.296,0.634,-6.084,-0.046,-0.053,-0.3,-0.369,0.901,-0.641,0.053,0.183,-0.182,-0.272,1.009,-1.588,7.511,-0.679,0.071,-0.32,0.815,7.504,-3.817,1.779,btn_A
1780980253.0812001,-0.809,-0.161,0.594,-1.023,1.992,-1.084,-0.671,-0.291,0.63,-6.42,0.687,-0.237,-0.301,-0.375,0.9,-0.26,-0.053,0.695,-0.19,-0.281,1.011,-1.244,5.74,-0.725,0.057,-0.327,0.814,-4.076,4.183,-0.718,btn_A
1780980253.177009,-0.817,-0.165,0.589,-0.641,1.389,-0.687,-0.67,-0.299,0.632,-6.489,0.618,-0.504,-0.304,-0.376,0.899,-0.588,-0.069,0.076,-0.19,-0.281,1.0,0.008,6.252,-1.069,0.074,-0.315,0.822,0.603,-0.817,0.206,btn_A
1780980253.2801397,-0.816,-0.162,0.591,-0.756,1.977,-1.183,-0.668,-0.295,0.637,-6.305,0.954,-0.901,-0.304,-0.377,0.897,-0.344,-0.397,-0.153,-0.185,-0.286,1.007,0.458,6.527,-0.382,0.076,-0.314,0.812,0.672,0.664,0.74,btn_A
1780980253.394444,-0.816,-0.163,0.589,-1.191,1.672,-0.718,-0.672,-0.296,0.628,-6.221,0.939,0.13,-0.307,-0.378,0.897,-0.511,-0.321,0.267,-0.187,-0.287,1.001,0.901,6.809,-0.023,0.073,-0.318,0.82,-0.817,3.435,-0.176,btn_A
1780980253.4952855,-0.814,-0.167,0.583,-0.595,1.71,-1.244,-0.673,-0.291,0.626,-6.366,0.618,0.344,-0.305,-0.378,0.893,-0.802,0.565,0.115,-0.184,-0.291,1.004,-0.023,6.122,-0.794,0.072,-0.313,0.825,-0.153,2.313,-0.481,btn_A
1780980253.5961273,-0.812,-0.159,0.588,-0.275,0.656,-0.176,-0.668,-0.295,0.62,-6.038,0.656,-0.321,-0.306,-0.377,0.894,-0.374,0.191,0.565,-0.183,-0.289,1.007,1.038,7.481,-0.206,0.078,-0.316,0.826,-0.359,2.557,-0.008,btn_A
1780980253.6967692,-0.816,-0.166,0.582,-1.076,1.481,-0.908,-0.672,-0.295,0.63,-6.595,0.893,-0.679,-0.304,-0.38,0.892,-0.221,-0.908,-0.153,-0.186,-0.289,1.007,1.176,6.656,-0.802,0.074,-0.319,0.819,-0.573,2.061,-0.023,btn_A
1780980256.8946779,-0.813,-0.166,0.583,-0.977,1.557,-1.427,-0.668,-0.302,0.623,-6.458,0.458,-0.489,-0.307,-0.383,0.896,0.145,-0.382,0.618,-0.192,-0.291,1.002,1.336,6.573,-0.908,0.066,-0.311,0.816,-0.389,2.092,0.031,btn_A
1780980256.9881158,-0.811,-0.167,0.583,-0.817,1.092,-0.153,-0.674,-0.296,0.625,-6.282,0.702,-0.26,-0.309,-0.378,0.896,-0.183,-0.206,0.603,-0.195,-0.297,1.003,1.496,7.779,0.092,0.069,-0.313,0.819,-0.26,1.847,0.206,btn_A
1780980257.1010127,-0.816,-0.162,0.58,-1.275,1.16,-1.382,-0.671,-0.293,0.626,-6.26,0.634,-0.176,-0.306,-0.383,0.896,0.107,-0.55,-0.046,-0.192,-0.292,1.003,1.496,7.267,-0.504,0.068,-0.315,0.823,0.053,1.763,0.137,btn_A
1780980257.1987624,-0.814,-0.163,0.586,-0.435,1.359,-0.511,-0.676,-0.291,0.626,-6.298,0.924,-0.542,-0.311,-0.382,0.89,-0.389,0.649,0.0,-0.192,-0.293,1.003,1.023,6.58,0.053,0.071,-0.314,0.829,-0.115,1.382,0.481,btn_A
1780980257.2972462,-0.81,-0.166,0.583,-0.176,2.031,-0.405,-0.673,-0.299,0.624,-6.275,0.55,-0.664,-0.312,-0.383,0.893,-0.061,0.244,0.542,-0.192,-0.294,1.012,1.557,6.908,-0.817,0.072,-0.317,0.82,-0.664,2.237,0.061,btn_A
1780980257.4102147,-0.817,-0.165,0.586,-1.092,1.733,-1.397,-0.673,-0.302,0.631,-6.656,0.84,-0.397,-0.305,-0.384,0.896,-0.328,0.145,0.252,-0.192,-0.293,0.995,1.252,7.618,-0.107,0.073,-0.315,0.824,-0.244,1.847,-0.122,btn_A
1780980257.510391,-0.817,-0.16,0.588,-0.817,0.87,-0.771,-0.679,-0.301,0.633,-5.84,0.214,0.29,-0.307,-0.382,0.906,0.939,-1.115,0.061,-0.229,-0.292,1.004,-7.305,-2.916,-0.542,0.088,-0.319,0.839,-1.603,5.137,-1.595,btn_A
1780980257.6116939,-0.822,-0.162,0.57,0.931,2.954,0.229,-0.674,-0.298,0.619,-1.267,35.641,1.16,-0.321,-0.378,0.896,-3.504,20.641,4.519,-0.114,-0.086,0.99,142.924,-8.511,45.336,0.057,-0.308,0.805,3.916,19.565,1.534,btn_A
1780980257.7096386,-0.804,-0.162,0.594,0.359,6.924,1.794,-0.72,-0.277,0.574,-6.061,2.847,0.015,-0.339,-0.375,0.899,0.29,3.519,2.756,-0.216,0.062,1.125,50.229,-4.244,-1.618,0.054,-0.296,0.827,2.061,-1.031,1.061,btn_A
1780980257.8123672,-0.82,-0.159,0.573,-1.069,3.504,-0.046,-0.692,-0.284,0.595,-6.038,3.863,1.176,-0.355,-0.371,0.883,-0.611,3.74,2.458,-0.207,0.192,0.997,11.206,2.397,-7.786,0.03,-0.294,0.829,-2.458,4.672,-0.45,btn_A
1780980257.9292064,-0.812,-0.165,0.585,0.069,5.206,1.847,-0.708,-0.285,0.578,-5.962,4.405,-0.565,-0.359,-0.367,0.879,1.481,10.298,2.863,-0.138,0.2,1.068,28.687,4.412,-2.45,0.055,-0.304,0.826,0.733,5.802,0.71,btn_A
1780980258.0292327,-0.825,-0.158,0.577,-0.855,2.763,-0.954,-0.715,-0.286,0.573,-6.756,4.397,-0.038,-0.374,-0.362,0.862,-0.374,5.649,2.779,-0.161,0.23,1.128,21.244,5.397,-3.275,0.038,-0.294,0.843,1.344,5.13,1.664,btn_A
1780980258.1305857,-0.817,-0.159,0.581,-1.458,2.237,-0.29,-0.713,-0.285,0.578,-5.786,9.969,1.031,-0.385,-0.36,0.869,0.198,12.038,4.237,-0.247,0.247,1.081,29.023,5.58,-3.511,0.036,-0.275,0.841,1.305,4.802,1.282,btn_A
1780980258.2289734,-0.82,-0.16,0.58,-1.099,1.649,-0.87,-0.717,-0.284,0.573,-6.0,3.695,0.771,-0.396,-0.358,0.865,0.802,7.16,3.756,-0.202,0.297,0.959,16.305,16.267,-4.496,0.036,-0.283,0.829,6.275,3.527,2.0,btn_A
1780980258.3271978,-0.823,-0.156,0.576,-0.443,4.305,1.191,-0.718,-0.288,0.583,-5.893,10.649,0.061,-0.41,-0.345,0.858,-0.389,13.832,5.237,-0.272,0.325,0.866,14.954,15.656,-6.191,0.041,-0.293,0.828,1.748,7.351,0.168,btn_A
1780980258.4300997,-0.823,-0.155,0.579,-1.0,7.13,0.786,-0.736,-0.302,0.583,-8.023,5.885,-0.634,-0.419,-0.351,0.86,0.962,5.405,2.015,-0.252,0.318,0.911,5.878,9.443,-0.916,0.035,-0.281,0.822,-0.313,2.725,-0.031,btn_A
1780980258.5445848,-0.823,-0.154,0.573,-1.046,4.786,0.679,-0.723,-0.272,0.559,-7.015,1.786,-0.74,-0.425,-0.349,0.841,-0.046,2.412,1.305,-0.331,0.34,0.885,-6.229,4.557,-0.71,0.032,-0.28,0.824,-3.969,3.626,-1.275,btn_A
1780980258.6443663,-0.814,-0.15,0.573,-0.015,-1.107,-2.0,-0.713,-0.288,0.564,-7.87,-9.412,-1.985,-0.414,-0.352,0.852,-4.618,-15.939,-6.374,-0.214,0.219,1.187,-34.023,-2.244,7.305,0.048,-0.289,0.817,-5.443,-3.366,-1.588,btn_A
1780980258.744391,-0.821,-0.148,0.582,-2.191,2.137,-0.718,-0.719,-0.284,0.565,-6.939,-2.427,-0.687,-0.379,-0.371,0.873,-2.672,-4.626,-1.374,-0.171,0.249,0.982,-3.427,6.656,0.618,0.048,-0.296,0.833,-1.687,0.71,-0.076,btn_A
1780980258.8427448,-0.822,-0.157,0.572,-1.382,1.542,-1.473,-0.695,-0.286,0.612,-5.405,-1.282,-0.42,-0.379,-0.366,0.856,-1.328,-6.634,-2.656,-0.201,0.263,0.779,-30.053,-6.992,-4.969,0.049,-0.295,0.83,-2.008,1.275,-0.046,btn_A
1780980258.9452567,-0.82,-0.16,0.586,-3.328,-8.023,-6.122,-0.673,-0.33,0.636,-8.168,-40.763,-0.718,-0.352,-0.35,0.872,-5.443,-48.565,-15.305,0.048,-0.459,1.321,-250.137,0.481,-62.832,0.085,-0.336,0.817,-22.389,-1.55,-2.969,btn_A
1780980259.0481513,-0.81,-0.161,0.589,-3.42,-7.527,-2.26,-0.668,-0.299,0.648,-6.351,-6.939,-1.481,-0.3,-0.372,0.901,4.481,-4.0,-0.26,-0.182,-0.261,1.016,3.893,8.855,-0.687,0.076,-0.331,0.82,1.183,2.412,-0.153,btn_A
1780980259.1630912,-0.816,-0.162,0.582,-1.168,2.099,-1.115,-0.67,-0.295,0.624,-6.473,0.809,-1.298,-0.303,-0.38,0.894,-0.008,-0.191,0.0,-0.198,-0.252,1.011,0.832,6.748,-0.473,0.06,-0.305,0.82,-1.985,3.573,-0.244,btn_A
1780980259.2665424,-0.813,-0.164,0.589,-1.053,1.885,-0.176,-0.675,-0.293,0.62,-6.275,0.634,-0.611,-0.302,-0.381,0.898,-0.542,0.977,-0.023,-0.188,-0.263,1.011,0.023,6.908,-0.74,0.084,-0.324,0.829,-0.626,-0.962,0.321,btn_A
1780980259.3660395,-0.815,-0.161,0.578,-0.351,2.076,-0.718,-0.676,-0.296,0.629,-6.519,0.718,0.351,-0.304,-0.376,0.903,-0.58,1.153,0.71,-0.19,-0.261,1.013,-0.336,6.641,-0.206,0.07,-0.311,0.809,0.145,0.733,0.832,btn_A
1780980259.4655771,-0.818,-0.162,0.586,-1.435,2.687,-0.702,-0.678,-0.296,0.618,-6.55,1.405,-0.092,-0.306,-0.376,0.897,-0.557,0.466,0.252,-0.189,-0.266,0.996,0.015,6.588,-0.771,0.069,-0.314,0.819,-0.794,1.977,-0.496,btn_A
1780980259.56405,-0.815,-0.161,0.587,-0.931,1.382,-0.885,-0.677,-0.295,0.622,-6.435,0.595,-0.718,-0.302,-0.381,0.889,-0.244,0.344,0.061,-0.183,-0.269,1.003,0.397,6.74,-0.275,0.06,-0.313,0.82,0.191,3.527,-0.176,btn_A
1780980259.6664033,-0.819,-0.162,0.58,-0.183,1.015,-0.481,-0.675,-0.294,0.619,-6.557,0.366,-0.412,-0.302,-0.378,0.897,-0.573,0.618,0.061,-0.194,-0.271,1.01,1.046,7.099,-0.397,0.058,-0.314,0.822,0.786,0.954,0.382,btn_A
1780980259.7693737,-0.82,-0.161,0.585,-0.74,1.145,-1.16,-0.674,-0.296,0.616,-6.496,0.672,-0.191,-0.309,-0.375,0.893,-0.458,0.557,0.664,-0.19,-0.273,1.005,0.534,7.13,0.008,0.102,-0.332,0.825,-2.282,0.679,-0.13,btn_A
1780980263.0654142,-0.816,-0.163,0.585,-0.664,1.336,-0.214,-0.679,-0.298,0.625,-6.374,0.931,0.008,-0.311,-0.385,0.892,-0.16,-0.427,0.038,-0.192,-0.283,1.013,1.42,6.496,-0.466,0.069,-0.319,0.821,-1.137,3.282,-0.099,btn_A
1780980263.1820366,-0.817,-0.158,0.576,-1.092,1.092,-1.641,-0.672,-0.295,0.61,-6.466,0.55,-0.847,-0.311,-0.386,0.893,-0.076,-0.679,0.229,-0.192,-0.28,1.01,1.397,6.687,-0.099,0.069,-0.315,0.812,-0.924,0.931,-0.298,btn_A
1780980263.2777183,-0.823,-0.163,0.576,-0.718,0.771,-0.069,-0.677,-0.298,0.608,-6.298,0.489,-0.397,-0.302,-0.382,0.888,0.16,0.328,0.099,-0.19,-0.287,1.004,1.427,6.809,-0.702,0.064,-0.31,0.817,-0.015,1.275,0.351,btn_A
1780980263.3784037,-0.818,-0.16,0.58,-1.015,1.351,-1.206,-0.679,-0.301,0.619,-6.336,0.412,-0.611,-0.31,-0.384,0.888,-0.252,0.336,-0.588,-0.192,-0.287,1.0,1.031,6.74,0.053,0.066,-0.317,0.818,-0.015,2.298,-0.031,btn_A
1780980263.4775414,-0.822,-0.16,0.574,-1.298,2.534,-0.634,-0.679,-0.304,0.614,-6.443,1.359,-0.206,-0.309,-0.386,0.89,-0.298,0.298,-0.145,-0.194,-0.284,1.007,1.0,6.618,-0.84,0.065,-0.312,0.825,-0.679,2.87,-0.443,btn_A
1780980263.5939534,-0.818,-0.138,0.586,-2.931,10.656,2.779,-0.677,-0.252,0.505,-9.855,86.466,4.405,-0.262,-0.495,0.698,9.328,80.71,10.221,0.971,0.103,-0.498,250.13,-41.756,-45.115,-0.008,-0.237,0.717,46.099,28.015,14.282,btn_A
1780980263.6965716,-0.812,-0.168,0.601,-0.748,4.878,0.237,-0.688,-0.293,0.604,-6.237,0.435,-0.13,-0.359,-0.377,0.883,-1.573,6.618,1.092,-0.193,0.181,1.198,19.328,15.87,3.947,0.035,-0.292,0.812,-18.573,26.695,-2.809,btn_A
1780980263.7948177,-0.832,-0.16,0.569,-0.756,2.45,-0.328,-0.712,-0.29,0.567,-5.122,5.733,-0.298,-0.362,-0.368,0.896,-0.366,8.061,4.168,-0.229,0.351,0.981,38.534,12.298,0.504,0.05,-0.301,0.833,13.13,-2.985,3.397,btn_A
1780980263.896807,-0.824,-0.155,0.578,-0.87,3.641,0.206,-0.72,-0.278,0.549,-7.687,5.344,-0.466,-0.393,-0.367,0.844,6.389,17.824,8.137,-0.174,0.33,1.051,35.191,18.771,-4.115,0.043,-0.282,0.81,2.405,6.55,3.153,btn_A
1780980263.9922793,-0.819,-0.155,0.575,-1.023,2.695,-0.16,-0.725,-0.284,0.561,-7.221,6.863,0.527,-0.403,-0.365,0.877,0.244,9.221,2.71,-0.169,0.34,0.972,9.092,13.397,-0.687,0.027,-0.273,0.839,-0.244,2.763,1.397,btn_A
1780980264.0953872,-0.83,-0.155,0.57,-1.0,4.351,-0.153,-0.735,-0.286,0.553,-6.611,2.763,0.282,-0.422,-0.353,0.847,-0.718,-0.954,-1.0,-0.208,0.355,0.961,-8.397,1.0,0.588,0.034,-0.281,0.84,-6.802,0.588,-1.046,btn_A
1780980264.2066233,-0.83,-0.147,0.558,-0.771,1.878,-1.084,-0.727,-0.29,0.54,-6.229,-0.321,-1.046,-0.425,-0.362,0.848,-1.664,0.282,-0.954,-0.186,0.31,1.106,2.435,5.061,-0.542,0.049,-0.278,0.833,-3.679,1.802,-0.244,btn_A
1780980264.3015935,-0.829,-0.149,0.561,-0.977,1.702,-0.901,-0.729,-0.288,0.552,-6.206,2.382,-0.679,-0.423,-0.357,0.86,-0.786,2.412,0.443,-0.183,0.358,0.958,3.0,7.664,-3.634,0.029,-0.283,0.832,-0.359,0.954,0.641,btn_A
1780980264.4045854,-0.827,-0.152,0.562,-0.847,0.443,-0.305,-0.734,-0.286,0.551,-6.679,-1.924,-0.733,-0.43,-0.35,0.842,-0.13,-2.015,-0.641,-0.198,0.33,1.048,-6.71,4.023,-1.603,0.032,-0.278,0.838,-1.214,0.573,0.366,btn_A
1780980264.5074596,-0.83,-0.147,0.558,-0.924,-0.168,-2.443,-0.722,-0.294,0.563,-6.702,1.0,-0.061,-0.42,-0.362,0.85,1.267,3.908,0.916,-0.205,0.337,1.027,3.977,9.954,0.45,0.026,-0.268,0.824,2.817,-1.473,1.0,btn_A
1780980264.6122146,-0.83,-0.149,0.564,-1.557,3.359,-0.443,-0.736,-0.286,0.544,-7.855,-1.473,-0.595,-0.422,-0.36,0.857,-2.969,-5.351,-2.038,-0.221,0.349,0.958,-4.168,4.565,0.275,0.039,-0.291,0.843,-0.847,0.885,0.26,btn_A
1780980264.7290092,-0.829,-0.156,0.566,-1.282,1.725,-1.672,-0.726,-0.286,0.551,-6.595,-4.916,-1.313,-0.41,-0.366,0.852,0.206,-3.473,-2.13,-0.292,0.339,0.896,-17.366,3.107,0.687,0.022,-0.27,0.825,0.565,3.473,-1.626,btn_A
1780980264.8269227,-0.834,-0.154,0.576,-1.389,-2.313,-2.626,-0.707,-0.293,0.563,-6.45,0.046,0.626,-0.393,-0.372,0.86,-1.374,-4.038,-1.107,-0.222,0.311,0.974,-32.29,-1.733,-6.908,0.029,-0.272,0.828,-4.885,3.267,-1.832,btn_A
1780980264.9299932,-0.821,-0.159,0.571,-0.55,4.817,0.771,-0.712,-0.289,0.569,-6.702,-3.321,-0.038,-0.386,-0.37,0.865,1.809,-2.198,0.397,-0.14,0.27,0.882,-6.458,-1.641,-6.679,0.046,-0.285,0.821,-4.092,-1.527,1.275,btn_A
1780980265.0255814,-0.831,-0.172,0.546,-0.153,-7.55,-4.672,-0.7,-0.274,0.565,-9.855,-54.153,-4.481,-0.366,-0.382,0.868,3.962,-52.687,-14.275,0.054,-0.251,0.481,-250.137,6.344,-85.725,0.058,-0.312,0.826,-24.214,-9.885,-6.115,btn_A
1780980265.1258433,-0.845,-0.145,0.54,-1.794,4.634,-0.58,-0.683,-0.293,0.597,-7.389,1.641,0.076,-0.308,-0.401,0.883,-11.885,-14.023,-3.725,-0.147,-0.251,1.023,0.298,-8.664,-1.023,0.07,-0.341,0.836,-18.176,15.824,-3.595,btn_A
1780980265.2287638,-0.818,-0.164,0.58,-1.115,-0.611,-1.435,-0.677,-0.299,0.621,-5.977,-0.069,0.282,-0.302,-0.377,0.897,-0.527,0.344,0.45,-0.159,-0.239,1.018,0.214,6.87,-0.435,0.06,-0.313,0.824,5.252,-2.282,0.916,btn_A
1780980265.3452384,-0.817,-0.166,0.582,-0.275,1.893,-0.046,-0.679,-0.295,0.616,-6.031,0.336,-0.137,-0.31,-0.38,0.897,-0.458,1.168,0.603,-0.159,-0.254,1.018,-1.107,6.084,-1.031,0.069,-0.323,0.817,-3.405,2.656,-0.939,btn_A
1780980265.4423475,-0.819,-0.167,0.575,-0.916,1.87,-1.229,-0.673,-0.297,0.618,-6.824,0.794,-0.656,-0.31,-0.381,0.889,-0.534,0.153,-0.351,-0.158,-0.26,1.021,0.656,6.305,-0.16,0.068,-0.318,0.825,-0.107,-1.336,0.45,btn_A
1780980265.5414665,-0.82,-0.168,0.58,-1.221,1.832,-0.885,-0.681,-0.298,0.619,-6.374,0.924,-0.611,-0.309,-0.378,0.895,-0.756,0.305,-0.168,-0.162,-0.256,1.011,0.221,6.786,0.107,0.056,-0.314,0.825,-0.046,3.183,0.099,btn_A
1780980265.6410635,-0.823,-0.166,0.575,-0.71,1.26,-1.015,-0.673,-0.295,0.624,-5.443,-2.679,0.122,-0.308,-0.383,0.891,-1.153,-1.84,0.687,-0.166,-0.265,1.017,1.29,6.351,-0.405,0.065,-0.31,0.824,0.908,2.061,0.252,btn_A
1780980265.7439337,-0.819,-0.166,0.579,-0.603,1.412,-0.282,-0.676,-0.298,0.612,-6.099,0.366,-0.763,-0.315,-0.383,0.894,-0.275,-0.779,0.534,-0.164,-0.267,1.016,1.137,6.229,-0.458,0.049,-0.284,0.815,-1.519,3.656,-0.588,btn_A
1780980265.861687,-0.822,-0.164,0.571,-1.275,1.313,-1.412,-0.678,-0.299,0.612,-6.168,0.359,-0.71,-0.312,-0.381,0.895,-0.595,-0.145,0.137,-0.162,-0.266,1.019,0.771,6.534,-0.55,0.032,-0.283,0.806,1.0,4.046,0.008,btn_A
1780980265.9633288,-0.821,-0.158,0.574,-0.962,2.779,0.031,-0.678,-0.299,0.613,-6.695,1.267,-0.244,-0.31,-0.385,0.893,-0.427,0.191,0.702,-0.169,-0.268,1.022,0.023,7.443,-0.198,0.065,-0.318,0.817,-0.573,2.244,0.237,btn_A
1780980269.1425843,-0.822,-0.164,0.565,-1.405,0.718,-1.229,-0.68,-0.298,0.608,-6.344,0.641,-0.733,-0.318,-0.387,0.892,-0.313,-0.053,0.573,-0.175,-0.279,1.013,1.115,6.603,-0.405,0.063,-0.321,0.829,-0.672,2.847,-0.145,btn_A
1780980269.2460122,-0.817,-0.16,0.578,-0.794,1.42,-0.489,-0.686,-0.302,0.616,-6.496,1.008,-0.641,-0.319,-0.384,0.89,-0.58,-0.038,0.405,-0.168,-0.281,1.011,1.237,7.275,-0.573,0.056,-0.316,0.82,-0.435,2.794,-0.145,btn_A
1780980269.3599207,-0.821,-0.161,0.572,-0.718,1.763,-0.756,-0.683,-0.295,0.613,-6.718,0.893,-0.641,-0.32,-0.382,0.892,-0.29,-0.198,0.206,-0.173,-0.277,1.007,1.664,6.687,-0.664,0.062,-0.305,0.823,-0.809,2.817,0.0,btn_A
1780980269.4586277,-0.826,-0.163,0.568,-1.008,1.504,-0.771,-0.684,-0.304,0.611,-6.649,0.947,-0.443,-0.315,-0.386,0.887,-0.29,0.176,0.176,-0.166,-0.275,1.008,1.435,7.069,-0.321,0.061,-0.313,0.826,-0.748,2.542,0.107,btn_A
1780980269.5550382,-0.819,-0.166,0.569,-1.275,0.771,-1.496,-0.683,-0.298,0.606,-6.221,0.26,-0.069,-0.316,-0.384,0.893,-0.053,-0.282,0.496,-0.169,-0.282,1.015,1.786,6.046,-0.985,0.062,-0.317,0.824,-1.359,2.45,-0.489,btn_A
1780980269.6578684,-0.828,-0.162,0.573,-0.42,-0.015,-0.519,-0.68,-0.302,0.61,-5.71,-0.489,-0.267,-0.317,-0.382,0.89,0.603,-0.931,0.305,-0.168,-0.28,1.005,-0.122,7.656,-0.374,0.061,-0.309,0.82,-1.389,1.198,-0.634,btn_A
1780980269.7807744,-0.823,-0.157,0.57,0.405,-1.611,0.733,-0.716,-0.317,0.681,-5.855,-1.038,-0.145,-0.218,-0.445,0.961,5.878,25.13,1.275,0.087,-0.379,0.678,250.13,-6.366,138.58,0.079,-0.313,0.811,17.45,-8.008,-0.84,btn_A
1780980269.879311,-0.841,-0.156,0.562,2.084,7.282,0.939,-0.709,-0.254,0.59,-5.573,7.328,-0.534,-0.362,-0.373,0.863,2.817,11.725,5.466,-0.149,0.165,0.964,80.328,-12.115,-5.198,0.083,-0.309,0.835,0.641,3.176,1.855,btn_A
1780980269.9762983,-0.825,-0.16,0.58,-0.504,1.473,0.191,-0.708,-0.294,0.603,-5.679,8.924,1.321,-0.392,-0.372,0.858,3.069,10.626,5.466,-0.214,0.267,0.908,23.305,15.458,-5.985,0.038,-0.285,0.828,3.305,6.382,0.962,btn_A
1780980270.0736911,-0.82,-0.156,0.577,-1.885,3.748,0.351,-0.656,-0.291,0.604,-6.618,22.55,6.74,-0.411,-0.338,0.839,-0.122,14.687,8.908,-0.25,0.332,0.895,26.435,18.313,-9.046,0.033,-0.273,0.803,4.672,0.855,2.718,btn_A
1780980270.1730165,-0.835,-0.149,0.557,-0.687,3.962,-0.084,-0.719,-0.287,0.562,-5.84,-0.573,-1.031,-0.409,-0.356,0.853,-0.794,-3.557,-0.656,-0.192,0.277,1.053,-3.916,1.702,0.008,0.038,-0.284,0.827,-4.374,0.802,-0.672,btn_A
1780980270.2760837,-0.824,-0.155,0.576,-2.0,0.519,-1.427,-0.727,-0.287,0.546,-6.649,0.412,-0.855,-0.412,-0.356,0.859,-2.985,-2.183,-1.344,-0.187,0.285,0.944,-6.748,6.939,0.336,0.048,-0.299,0.827,-0.947,3.168,0.076,btn_A
1780980270.3791132,-0.823,-0.159,0.566,-1.74,2.969,0.511,-0.717,-0.284,0.565,-7.71,-0.565,-0.145,-0.393,-0.365,0.864,-1.412,2.214,0.16,-0.182,0.28,0.941,-2.374,7.076,-2.397,0.037,-0.295,0.84,0.076,1.939,-0.191,btn_A
1780980270.4919713,-0.828,-0.151,0.562,-1.763,5.031,-0.573,-0.72,-0.292,0.566,-7.137,0.725,-0.42,-0.404,-0.364,0.858,0.496,-1.137,-0.321,-0.19,0.273,0.979,-4.298,3.0,-0.893,0.042,-0.288,0.825,-4.282,1.817,-1.344,btn_A
1780980270.592431,-0.851,-0.152,0.556,-0.42,-7.305,-6.244,-0.694,-0.313,0.637,-4.115,-29.779,-3.611,-0.346,-0.339,0.903,0.275,-47.489,-12.939,0.039,-0.076,0.429,-250.137,32.214,-31.672,0.063,-0.305,0.826,-17.511,-19.084,-6.412,btn_A
1780980270.6943789,-0.807,-0.131,0.676,8.45,26.366,8.748,-0.601,-0.305,0.743,-5.092,25.733,1.779,-0.292,-0.364,0.921,17.718,18.855,3.779,-0.216,-0.256,0.929,-6.145,3.267,-0.252,0.073,-0.26,0.798,-26.046,17.344,-4.229,btn_A
1780980270.7911046,-0.821,-0.165,0.574,-0.656,1.931,-0.893,-0.678,-0.298,0.617,-6.443,-0.542,-0.763,-0.306,-0.379,0.897,0.191,-1.061,-0.115,-0.167,-0.266,1.017,-0.145,6.511,-1.214,0.066,-0.32,0.82,6.87,-2.557,1.053,btn_A
1780980270.8938713,-0.818,-0.164,0.588,-0.985,2.809,-0.504,-0.678,-0.298,0.616,-6.924,1.916,-0.26,-0.311,-0.378,0.887,-0.748,1.916,1.008,-0.179,-0.266,1.008,0.389,7.878,-0.099,0.07,-0.312,0.817,-3.046,5.618,-0.534,btn_A
1780980271.006505,-0.815,-0.158,0.584,-1.107,1.695,-0.191,-0.677,-0.299,0.619,-7.229,1.237,-1.008,-0.307,-0.377,0.89,-1.351,1.786,0.618,-0.172,-0.272,1.012,-0.534,8.824,-0.695,0.062,-0.315,0.816,2.412,2.305,0.924,btn_A
1780980271.1110475,-0.825,-0.157,0.572,-0.718,2.496,-0.305,-0.679,-0.301,0.624,-6.298,1.214,-0.176,-0.313,-0.378,0.893,-1.183,2.198,0.443,-0.175,-0.274,1.006,-1.962,10.221,0.198,0.093,-0.332,0.828,-1.183,1.198,0.679,btn_A
1780980271.2114396,-0.827,-0.163,0.57,-1.168,1.947,-1.0,-0.681,-0.3,0.615,-6.26,1.13,0.45,-0.313,-0.383,0.887,-0.55,0.282,-0.084,-0.176,-0.274,1.01,0.71,6.214,-0.901,0.048,-0.317,0.84,1.046,1.855,0.435,btn_A
1780980271.3063421,-0.816,-0.161,0.581,-0.588,1.519,-0.382,-0.679,-0.303,0.611,-6.511,1.702,-0.13,-0.317,-0.379,0.891,-0.595,0.145,0.672,-0.177,-0.276,1.0,0.221,7.802,0.137,0.073,-0.32,0.808,-0.565,3.176,0.061,btn_A
1780980271.4089942,-0.822,-0.164,0.568,-0.779,1.992,-0.802,-0.68,-0.297,0.615,-6.695,1.298,-0.832,-0.316,-0.383,0.89,-0.351,0.748,0.542,-0.172,-0.278,1.008,1.038,7.733,-0.26,0.074,-0.316,0.816,-0.924,2.26,-1.275,btn_A
1780980271.5123649,-0.825,-0.163,0.572,-1.221,1.496,-0.573,-0.679,-0.301,0.616,-6.076,0.756,-0.527,-0.314,-0.378,0.894,-0.183,0.351,-0.496,-0.187,-0.278,1.011,1.168,7.137,-0.183,0.061,-0.311,0.82,0.397,0.519,1.038,btn_A
1780980271.6150453,-0.824,-0.163,0.569,-0.863,1.198,-1.168,-0.681,-0.299,0.612,-6.687,0.176,-0.382,-0.32,-0.387,0.891,-0.351,-0.229,-0.122,-0.179,-0.279,1.007,0.786,6.252,-0.794,0.067,-0.317,0.817,0.527,0.969,0.557,btn_A
1780980271.7179422,-0.83,-0.161,0.572,-0.786,1.374,-0.771,-0.677,-0.299,0.612,-6.626,0.656,-0.412,-0.317,-0.387,0.892,-0.267,-0.458,0.618,-0.187,-0.283,1.008,0.901,7.603,0.168,0.068,-0.317,0.821,-0.252,1.924,0.489,btn_A
1780980271.8244667,-0.822,-0.162,0.573,-1.153,1.031,-1.344,-0.681,-0.297,0.607,-6.649,0.786,-0.031,-0.313,-0.385,0.879,-0.214,0.496,0.336,-0.181,-0.282,1.006,1.076,6.794,-1.069,0.065,-0.33,0.826,-1.13,0.832,0.45,btn_A
1780980271.9285278,-0.824,-0.163,0.573,-0.87,2.397,-0.153,-0.688,-0.302,0.612,-6.802,1.237,-0.481,-0.32,-0.384,0.897,-0.924,0.748,-0.221,-0.186,-0.279,1.014,1.351,7.305,-0.053,0.063,-0.312,0.823,-0.504,2.74,0.023,btn_A
1780980272.0272691,-0.822,-0.164,0.574,-0.206,2.229,-0.702,-0.683,-0.301,0.617,-6.611,0.947,0.13,-0.318,-0.384,0.889,-0.649,0.092,0.16,-0.181,-0.283,1.0,0.908,6.847,-0.786,0.063,-0.312,0.822,-0.863,2.481,0.115,btn_A
1780980275.3270926,-0.825,-0.163,0.565,-0.489,1.198,-0.855,-0.686,-0.302,0.616,-6.496,0.458,-0.954,-0.323,-0.388,0.887,-0.305,-0.122,0.16,-0.181,-0.288,1.008,1.221,7.458,-0.115,0.06,-0.313,0.818,-0.351,2.878,-0.244,btn_A
1780980275.4265277,-0.827,-0.161,0.575,-1.038,1.115,-1.511,-0.683,-0.303,0.613,-6.534,0.802,-0.092,-0.318,-0.383,0.892,-0.023,-0.061,0.298,-0.187,-0.291,1.004,1.16,6.756,-0.435,0.063,-0.313,0.825,-0.733,3.099,0.015,btn_A
1780980275.5290759,-0.824,-0.163,0.571,-0.969,0.947,-1.198,-0.683,-0.301,0.604,-6.519,0.298,-0.435,-0.318,-0.385,0.883,-0.275,0.366,0.099,-0.184,-0.29,1.011,1.382,6.733,-0.733,0.061,-0.31,0.826,-0.71,2.267,0.092,btn_A
1780980275.6400483,-0.825,-0.163,0.563,-0.611,1.405,-0.832,-0.682,-0.298,0.614,-6.374,0.763,-0.374,-0.322,-0.386,0.889,-0.298,0.069,-0.084,-0.177,-0.286,1.001,1.305,6.802,-0.336,0.062,-0.316,0.818,-0.55,3.115,-0.092,btn_A
1780980275.744026,-0.826,-0.167,0.572,-0.649,1.046,-0.603,-0.683,-0.3,0.61,-6.565,0.198,-0.916,-0.322,-0.391,0.89,0.115,-0.412,-0.237,-0.183,-0.289,1.003,1.466,6.611,-0.641,0.062,-0.322,0.812,-0.542,2.122,-0.115,btn_A
1780980275.838172,-0.825,-0.162,0.568,-0.962,1.458,-0.802,-0.687,-0.302,0.608,-5.656,0.183,-0.618,-0.322,-0.388,0.887,0.481,-0.145,0.458,-0.185,-0.3,0.997,0.832,3.977,-0.321,0.073,-0.314,0.816,-3.924,1.489,-1.611,btn_A
1780980275.9412935,-0.816,-0.163,0.582,0.656,8.107,2.71,-0.689,-0.34,0.656,3.031,71.435,5.542,-0.377,-0.45,0.816,17.458,51.137,11.313,-0.099,0.04,0.585,138.122,14.344,22.084,0.048,-0.283,0.79,10.55,25.893,4.382,btn_A
1780980276.0443275,-0.828,-0.151,0.559,0.191,-0.076,-0.359,-0.719,-0.298,0.58,-4.122,16.496,1.176,-0.375,-0.376,0.884,6.924,10.916,7.137,-0.2,0.239,0.93,38.534,15.656,-5.679,0.035,-0.296,0.82,3.931,1.214,2.282,btn_A
1780980276.1584728,-0.832,-0.157,0.565,-1.031,6.832,2.023,-0.701,-0.284,0.56,-8.863,12.13,0.061,-0.311,-0.383,0.839,-1.015,31.374,-4.038,-0.193,0.288,0.862,22.313,12.069,-6.321,0.023,-0.263,0.804,-0.397,3.962,0.191,btn_A
1780980276.2499743,-0.836,-0.15,0.559,-0.794,0.924,-1.634,-0.734,-0.29,0.563,-5.618,-3.748,-1.305,-0.417,-0.357,0.852,0.397,-2.679,-1.29,-0.256,0.332,0.911,-16.29,-0.084,3.282,0.031,-0.282,0.822,1.679,0.099,0.679,btn_A
1780980276.3613286,-0.835,-0.154,0.562,-0.076,3.748,1.084,-0.722,-0.279,0.551,-6.298,-0.809,-0.992,-0.409,-0.362,0.856,-1.45,-3.916,-0.695,-0.15,0.273,1.082,5.634,3.237,-2.618,0.038,-0.287,0.836,-7.313,2.962,-1.534,btn_A
1780980276.4610224,-0.826,-0.155,0.57,-0.145,2.267,-0.924,-0.725,-0.288,0.557,-6.504,-3.153,-1.076,-0.414,-0.358,0.865,-1.809,-5.099,-1.618,-0.202,0.29,0.989,-13.908,-0.053,0.824,0.051,-0.289,0.83,-4.916,0.84,-1.275,btn_A
1780980276.5593162,-0.823,-0.151,0.575,-0.542,-2.824,-3.908,-0.717,-0.248,0.588,-8.664,-38.092,-5.71,-0.363,-0.369,0.857,-6.626,-41.344,-14.29,-0.045,0.349,0.005,-250.137,16.534,-26.038,0.029,-0.263,0.811,-23.679,-24.214,-7.511,btn_A
1780980276.6623106,-0.767,-0.162,0.688,-2.863,14.45,2.137,-0.735,-0.287,0.517,-6.649,-14.687,-0.763,-0.254,-0.385,0.924,-25.275,2.893,-0.527,-0.242,-0.278,0.819,5.924,23.282,-0.939,0.054,-0.319,0.824,13.733,-2.344,2.313,btn_A
1780980276.7651367,-0.823,-0.165,0.575,-0.924,1.756,-1.076,-0.678,-0.301,0.619,-6.115,2.603,0.008,-0.307,-0.375,0.896,-1.0,-2.382,-0.13,-0.183,-0.268,1.011,-0.679,4.137,-1.061,0.063,-0.333,0.816,4.023,0.481,0.916,btn_A
1780980276.874225,-0.816,-0.159,0.58,-0.962,2.794,-0.695,-0.684,-0.299,0.617,-6.817,1.786,-0.382,-0.309,-0.377,0.894,-0.481,0.527,0.71,-0.191,-0.273,1.016,-1.305,6.252,-0.397,0.071,-0.322,0.815,-1.168,2.206,-0.214,btn_A
1780980276.971439,-0.818,-0.16,0.579,-0.863,1.832,-0.489,-0.678,-0.3,0.616,-6.817,0.611,-0.885,-0.305,-0.379,0.89,-0.893,0.649,0.153,-0.193,-0.278,1.002,-1.947,7.382,-0.443,0.073,-0.318,0.815,1.229,0.84,0.519,btn_A
1780980277.0743566,-0.82,-0.164,0.575,-1.565,3.71,0.42,-0.677,-0.3,0.616,-7.16,1.695,-0.183,-0.315,-0.382,0.898,-0.58,1.42,0.565,-0.195,-0.281,1.003,0.16,6.908,-0.679,0.056,-0.315,0.817,-1.573,2.42,-0.282,btn_A
1780980277.177033,-0.821,-0.166,0.571,-1.611,1.985,-1.099,-0.678,-0.296,0.607,-6.756,1.046,0.221,-0.317,-0.379,0.889,-0.725,1.015,0.0,-0.186,-0.276,1.002,0.939,6.863,-0.015,0.06,-0.317,0.817,-0.458,3.145,0.092,btn_A
1780980277.280651,-0.823,-0.159,0.571,-1.214,3.183,0.214,-0.684,-0.297,0.609,-6.87,1.71,-0.031,-0.319,-0.376,0.886,-0.565,1.183,0.626,-0.184,-0.282,0.989,-0.504,8.374,-0.023,0.069,-0.309,0.823,0.191,2.13,0.313,btn_A
1780980277.393253,-0.829,-0.162,0.57,-1.565,3.718,-0.191,-0.681,-0.298,0.606,-6.29,1.015,-0.565,-0.317,-0.38,0.894,-0.672,-0.328,0.221,-0.193,-0.287,1.003,1.107,6.939,-0.031,0.066,-0.319,0.831,-1.305,1.626,0.076,btn_A
1780980277.4972413,-0.823,-0.162,0.567,-1.809,1.931,-0.679,-0.68,-0.301,0.612,-6.511,1.527,-0.298,-0.322,-0.382,0.882,-0.023,-0.153,-0.13,-0.188,-0.287,0.998,0.748,7.237,-0.313,0.057,-0.311,0.82,0.702,5.427,0.252,btn_A
1780980277.5895505,-0.825,-0.162,0.568,-0.748,1.634,-1.092,-0.684,-0.298,0.611,-6.977,1.13,-0.557,-0.322,-0.375,0.895,-0.824,0.748,-0.176,-0.192,-0.292,0.992,0.26,7.397,-0.672,0.071,-0.313,0.828,-0.756,2.069,-0.206,btn_A
1780980277.6923563,-0.819,-0.162,0.57,-0.282,1.008,0.328,-0.682,-0.301,0.609,-6.519,0.962,-0.855,-0.316,-0.378,0.889,-0.191,-0.58,0.443,-0.197,-0.29,1.001,0.931,7.679,-0.504,0.062,-0.313,0.825,-1.008,2.641,0.198,btn_A
1780980277.795525,-0.826,-0.161,0.568,-1.008,1.511,-1.16,-0.68,-0.303,0.613,-6.656,1.466,-0.382,-0.32,-0.38,0.889,-0.321,0.16,0.275,-0.197,-0.285,1.0,0.878,7.0,-0.366,0.063,-0.315,0.82,-0.389,0.649,-0.046,btn_A
1780980277.9071255,-0.823,-0.159,0.57,-1.076,2.069,-1.237,-0.683,-0.302,0.603,-7.16,2.489,-0.053,-0.325,-0.385,0.893,-1.221,2.206,0.176,-0.2,-0.291,0.998,0.435,8.534,-0.389,0.058,-0.317,0.816,0.359,4.092,0.229,btn_A
1780980278.007901,-0.83,-0.16,0.563,-0.519,1.649,-0.786,-0.689,-0.303,0.619,-6.061,0.122,-0.229,-0.319,-0.382,0.889,-0.237,-0.282,-0.443,-0.202,-0.289,0.993,1.382,6.802,-0.443,0.054,-0.308,0.821,0.672,2.779,0.252,btn_A
1780980278.1043983,-0.825,-0.163,0.559,-1.13,1.534,-0.817,-0.688,-0.303,0.607,-6.229,0.527,-1.0,-0.323,-0.381,0.889,-0.229,-0.458,-0.053,-0.205,-0.291,0.999,0.931,5.992,-0.992,0.066,-0.309,0.821,-0.427,2.427,0.069,btn_A
1780980278.207456,-0.824,-0.157,0.558,-0.588,1.168,-0.809,-0.688,-0.301,0.606,-6.321,0.618,-0.496,-0.322,-0.382,0.885,-0.427,-0.053,0.374,-0.196,-0.293,0.999,1.13,7.206,-0.237,0.056,-0.313,0.821,-0.198,2.687,-0.076,btn_A
1780980281.4100332,-0.827,-0.162,0.567,-0.473,1.229,-0.939,-0.685,-0.303,0.604,-6.725,0.763,-0.168,-0.324,-0.387,0.884,-0.656,0.069,-0.084,-0.194,-0.302,0.995,1.008,7.336,-0.244,0.064,-0.307,0.828,-0.55,2.634,0.176,btn_A
1780980281.5106936,-0.827,-0.159,0.559,-1.069,1.023,-1.053,-0.683,-0.304,0.603,-6.382,0.435,-0.321,-0.326,-0.385,0.882,0.13,-0.786,-0.038,-0.191,-0.301,0.999,1.412,6.664,-0.74,0.062,-0.311,0.822,-0.611,2.13,-0.023,btn_A
1780980281.6065087,-0.828,-0.162,0.561,-1.137,1.015,-1.183,-0.689,-0.304,0.604,-6.481,0.641,-0.458,-0.324,-0.384,0.886,-0.237,0.031,0.359,-0.195,-0.303,1.0,1.313,6.489,-0.527,0.068,-0.307,0.824,-0.794,1.947,0.076,btn_A
1780980281.7091994,-0.825,-0.162,0.565,-0.687,1.13,-0.214,-0.68,-0.299,0.597,-6.321,0.244,-1.237,-0.32,-0.38,0.889,-0.168,0.511,0.351,-0.194,-0.302,0.993,1.534,7.153,-0.389,0.062,-0.306,0.825,-0.359,2.359,-0.008,btn_A
1780980281.8242922,-0.825,-0.161,0.553,-0.969,1.656,-1.153,-0.683,-0.304,0.605,-6.031,0.351,-0.954,-0.326,-0.385,0.876,-0.244,-0.84,-0.214,-0.196,-0.302,0.995,1.397,6.038,-0.557,0.062,-0.313,0.813,0.053,1.374,-0.084,btn_A
1780980281.9293919,-0.83,-0.162,0.564,-1.107,2.359,0.153,-0.687,-0.304,0.606,-6.443,1.115,0.344,-0.329,-0.383,0.88,-0.015,-0.466,-0.176,-0.194,-0.301,1.0,1.473,6.298,-0.58,0.067,-0.307,0.827,-1.015,2.641,-0.321,btn_A
1780980282.025013,-0.828,-0.157,0.561,-0.649,1.351,-1.252,-0.687,-0.307,0.606,-6.107,0.527,0.16,-0.323,-0.383,0.883,0.076,0.107,0.214,-0.198,-0.303,1.0,1.588,5.84,-0.534,0.053,-0.303,0.823,-0.771,2.412,0.008,btn_A
1780980282.1213453,-0.827,-0.153,0.561,-0.931,-3.443,-1.55,-0.654,-0.317,0.647,8.908,35.252,2.779,-0.406,-0.38,0.987,12.779,-10.382,-4.053,-0.144,-0.829,1.594,250.13,20.58,185.962,0.075,-0.344,0.856,19.13,8.969,1.443,btn_A
1780980282.2250285,-0.839,-0.156,0.557,1.885,2.756,0.802,-0.716,-0.295,0.565,-3.763,15.947,4.565,-0.348,-0.354,0.881,3.763,18.542,10.008,-0.093,0.235,0.976,103.802,4.557,-17.756,0.048,-0.298,0.865,8.366,-9.099,4.244,btn_A
1780980282.3409717,-0.827,-0.153,0.567,0.458,0.794,-0.672,-0.736,-0.293,0.563,-4.878,-2.542,-0.985,-0.363,-0.371,0.89,0.641,3.985,3.221,-0.135,0.243,1.095,26.0,11.321,-10.252,0.039,-0.292,0.83,2.595,5.809,1.748,btn_A
1780980282.4397404,-0.829,-0.147,0.565,-0.656,1.305,-1.58,-0.72,-0.285,0.571,-6.29,-0.985,-0.824,-0.402,-0.364,0.868,-1.29,1.42,1.13,-0.195,0.265,1.009,3.824,8.634,-7.328,0.037,-0.284,0.822,1.191,1.908,0.809,btn_A
1780980282.5405898,-0.826,-0.152,0.566,-1.16,1.382,-0.786,-0.727,-0.288,0.554,-6.779,-2.221,-1.053,-0.402,-0.361,0.868,-1.405,-0.244,1.076,-0.186,0.282,0.958,0.031,6.702,-3.229,0.05,-0.287,0.834,2.878,3.885,0.771,btn_A
1780980282.6364143,-0.831,-0.156,0.566,-0.168,4.176,-0.084,-0.721,-0.29,0.573,-7.634,1.786,-0.214,-0.41,-0.356,0.855,-0.351,2.71,1.008,-0.219,0.268,0.994,-0.107,6.389,-2.313,0.037,-0.281,0.83,-0.573,2.198,0.435,btn_A
1780980282.7413468,-0.828,-0.159,0.565,-0.916,0.427,-2.786,-0.722,-0.288,0.556,-9.229,-22.069,-3.473,-0.395,-0.349,0.843,-6.55,-29.198,-11.351,-0.05,0.221,0.332,-149.023,17.229,-0.824,0.034,-0.265,0.779,-13.511,-4.031,-6.031,btn_A
1780980282.8426292,-0.777,-0.18,0.609,-3.595,-14.16,-5.275,-0.658,-0.278,0.598,-9.389,-31.557,-5.603,-0.085,-0.343,1.102,-34.031,-1.237,1.473,-0.718,-0.543,1.073,7.046,-13.489,7.855,0.004,-0.352,0.754,56.565,-18.145,7.977,btn_A
1780980282.9596117,-0.822,-0.165,0.581,-1.664,5.336,-0.176,-0.684,-0.294,0.608,-7.145,4.763,-0.878,-0.317,-0.382,0.887,-1.817,3.863,0.771,-0.195,-0.277,1.01,-0.718,8.382,-0.855,0.073,-0.312,0.827,-14.679,12.756,-1.466,btn_A
1780980283.059443,-0.824,-0.157,0.575,-0.977,0.427,-0.939,-0.678,-0.3,0.611,-6.0,0.229,-0.435,-0.313,-0.381,0.891,-0.641,0.107,0.321,-0.186,-0.281,1.007,-0.344,6.656,-0.718,0.065,-0.314,0.823,4.328,-2.542,1.122,btn_A
1780980283.1614573,-0.824,-0.156,0.568,-1.031,2.031,-0.992,-0.679,-0.297,0.612,-6.527,1.191,0.664,-0.312,-0.379,0.894,-1.13,1.237,0.359,-0.186,-0.283,1.003,-0.389,6.504,-0.824,0.07,-0.303,0.831,-1.466,4.634,-0.061,btn_A
1780980283.2543354,-0.827,-0.165,0.564,-0.908,2.046,-0.489,-0.677,-0.302,0.614,-6.664,1.282,-0.336,-0.323,-0.38,0.887,-0.389,0.962,-0.626,-0.194,-0.282,0.996,0.45,6.504,-0.626,0.065,-0.317,0.823,0.099,2.061,0.305,btn_A
1780980283.3576486,-0.822,-0.163,0.57,-0.855,1.45,-0.954,-0.679,-0.295,0.612,-6.626,1.817,-0.878,-0.312,-0.377,0.895,-0.664,0.237,0.802,-0.191,-0.289,1.009,-0.191,7.542,-0.664,0.067,-0.311,0.813,-0.313,2.336,0.153,btn_A
1780980283.4718068,-0.821,-0.163,0.572,-1.198,1.542,-0.55,-0.68,-0.299,0.613,-7.015,1.008,-0.542,-0.318,-0.379,0.896,-0.641,-0.137,0.405,-0.187,-0.288,1.002,1.008,6.847,-0.534,0.062,-0.312,0.822,-0.817,2.977,-0.13,btn_A
1780980283.5722475,-0.824,-0.162,0.566,-1.061,1.221,-1.29,-0.685,-0.3,0.613,-6.298,0.511,-0.511,-0.313,-0.382,0.896,-0.443,0.191,-0.046,-0.189,-0.29,1.005,0.84,6.542,-1.061,0.094,-0.291,0.842,-0.252,2.092,-0.771,btn_A
1780980283.676644,-0.824,-0.16,0.57,-0.496,1.405,-0.023,-0.679,-0.296,0.61,-6.832,0.832,-0.687,-0.31,-0.381,0.884,-0.511,0.382,-0.275,-0.188,-0.293,1.007,0.611,7.015,-0.397,0.07,-0.316,0.82,-0.649,2.58,-0.145,btn_A
1780980283.7693114,-0.824,-0.161,0.569,-1.092,2.13,-1.053,-0.684,-0.304,0.611,-6.618,0.977,-0.725,-0.32,-0.383,0.893,-0.74,0.374,0.069,-0.191,-0.29,1.0,1.092,7.145,-0.687,0.068,-0.317,0.813,-0.473,2.473,-0.29,btn_A
1780980283.8727932,-0.825,-0.165,0.572,-1.023,1.649,-0.336,-0.684,-0.303,0.615,-6.634,1.313,0.023,-0.312,-0.385,0.893,-0.519,0.076,0.618,-0.188,-0.296,0.999,1.038,7.336,-0.206,0.062,-0.312,0.822,-0.305,2.748,-0.237,btn_A
1780980283.9753714,-0.826,-0.164,0.57,-0.397,1.45,-0.992,-0.683,-0.303,0.606,-6.351,0.962,0.298,-0.317,-0.382,0.893,-0.435,0.191,0.122,-0.186,-0.297,1.007,1.29,7.053,-0.626,0.065,-0.31,0.823,-0.176,1.977,0.13,btn_A
1780980284.0927074,-0.822,-0.163,0.565,-1.305,2.145,-0.847,-0.681,-0.305,0.608,-6.458,0.939,-0.908,-0.314,-0.383,0.889,-0.74,0.565,-0.229,-0.187,-0.293,1.002,1.084,6.603,0.008,0.066,-0.308,0.817,0.168,2.74,0.466,btn_A
1780980284.1901493,-0.825,-0.16,0.565,-1.153,2.183,-0.534,-0.685,-0.304,0.612,-6.611,0.985,-0.649,-0.321,-0.382,0.887,-0.069,0.466,0.015,-0.194,-0.294,0.996,1.198,6.969,-0.763,0.064,-0.313,0.819,-1.458,2.763,-0.252,btn_A
1780980284.2994454,-0.826,-0.161,0.56,-0.519,0.542,-0.473,-0.684,-0.302,0.604,-5.824,0.71,-0.275,-0.314,-0.386,0.89,0.275,-0.275,0.366,-0.19,-0.297,0.999,1.328,7.336,-0.061,0.068,-0.306,0.823,-0.939,2.87,-0.252,btn_A
1780980287.4889982,-0.826,-0.16,0.568,-0.855,1.45,-1.237,-0.687,-0.304,0.605,-6.481,0.641,-0.061,-0.318,-0.385,0.887,-0.405,-0.214,0.389,-0.198,-0.298,1.0,1.183,6.687,-0.221,0.066,-0.311,0.828,-0.344,2.443,-0.107,btn_A
1780980287.5908244,-0.827,-0.167,0.565,-0.74,1.221,-0.183,-0.687,-0.303,0.601,-6.779,0.641,-0.115,-0.321,-0.385,0.892,0.0,-0.427,0.328,-0.192,-0.296,0.998,1.359,7.092,-0.687,0.064,-0.307,0.826,-0.275,2.153,0.015,btn_A
1780980287.6917002,-0.822,-0.163,0.56,-0.977,1.603,-0.435,-0.683,-0.302,0.603,-6.435,0.656,-0.321,-0.317,-0.382,0.89,-0.489,0.504,-0.008,-0.19,-0.295,0.995,1.267,7.015,0.069,0.068,-0.31,0.825,-0.427,2.336,-0.168,btn_A
1780980287.79087,-0.829,-0.162,0.576,-0.809,1.756,-0.527,-0.685,-0.309,0.602,-6.427,0.542,-1.13,-0.319,-0.384,0.889,-0.267,0.412,-0.046,-0.197,-0.297,1.0,1.45,6.672,-0.924,0.064,-0.313,0.821,-0.71,1.565,0.076,btn_A
1780980287.8910248,-0.828,-0.161,0.565,-0.779,1.878,-0.679,-0.682,-0.302,0.604,-6.435,0.557,-0.542,-0.32,-0.388,0.888,-0.588,0.282,0.382,-0.193,-0.297,1.001,1.107,7.198,-0.008,0.061,-0.311,0.817,-0.733,2.344,0.023,btn_A
1780980287.9927535,-0.825,-0.164,0.566,-0.924,1.412,-1.046,-0.685,-0.303,0.604,-6.344,0.115,0.168,-0.316,-0.384,0.89,-0.237,-0.031,0.504,-0.188,-0.297,1.0,1.145,6.229,-0.466,0.068,-0.31,0.823,-1.763,3.664,-1.137,btn_A
1780980288.0953612,-0.836,-0.167,0.559,-0.397,-1.099,-0.672,-0.787,-0.333,0.355,-8.374,-11.229,3.344,-0.244,-0.377,0.963,-7.618,9.374,-0.405,0.19,-0.501,0.604,250.13,-74.252,169.504,0.072,-0.318,0.816,29.466,9.366,4.786,btn_A
1780980288.1990507,-0.837,-0.149,0.556,0.252,5.924,2.13,-0.722,-0.288,0.543,-2.153,21.756,3.443,-0.388,-0.387,0.874,9.359,17.962,11.542,-0.135,0.319,0.709,78.427,11.71,-17.214,0.057,-0.287,0.834,5.74,2.038,3.099,btn_A
1780980288.3016305,-0.817,-0.158,0.571,-1.084,1.695,-0.046,-0.723,-0.29,0.56,-5.672,9.931,1.0,-0.391,-0.352,0.844,1.656,11.679,5.771,-0.191,0.262,0.967,20.061,18.725,-10.107,0.06,-0.294,0.819,3.611,0.748,2.237,btn_A
1780980288.409125,-0.827,-0.156,0.564,-1.252,3.649,-0.374,-0.73,-0.282,0.532,-7.053,2.328,0.092,-0.423,-0.35,0.854,-2.229,3.069,1.046,-0.243,0.283,0.948,-2.695,5.351,-1.038,0.038,-0.282,0.829,-4.176,0.626,-0.29,btn_A
1780980288.5105305,-0.834,-0.161,0.559,-0.885,3.977,0.656,-0.731,-0.288,0.54,-7.206,-1.214,-1.55,-0.429,-0.353,0.845,-0.595,-9.115,-1.809,-0.215,0.298,0.928,-13.183,-1.069,-0.824,0.044,-0.285,0.828,-2.214,0.023,0.0,btn_A
1780980288.610749,-0.831,-0.154,0.551,0.168,-6.641,-4.939,-0.707,-0.288,0.539,-10.878,-61.099,-7.595,-0.387,-0.363,0.83,-3.527,-58.534,-16.924,-0.026,0.158,-0.115,-250.137,48.847,-37.214,0.011,-0.276,0.821,-28.611,-29.771,-8.153,btn_A
1780980288.7254448,-0.852,-0.103,0.712,19.985,47.725,13.443,-0.615,-0.33,0.739,-3.885,37.084,2.084,-0.301,-0.344,0.919,15.122,14.55,3.626,-0.246,-0.274,0.933,-7.038,-14.076,0.191,0.074,-0.26,0.777,-44.817,20.626,-6.557,btn_A
1780980288.825088,-0.82,-0.163,0.563,-0.412,1.359,-1.405,-0.674,-0.299,0.623,-6.84,-0.679,0.221,-0.302,-0.375,0.903,-1.557,0.679,0.382,-0.17,-0.274,1.007,-0.931,6.29,-0.359,0.064,-0.319,0.819,9.855,-4.008,1.496,btn_A
1780980288.920613,-0.824,-0.159,0.58,-0.282,2.58,0.084,-0.675,-0.299,0.617,-6.756,1.443,-0.412,-0.311,-0.378,0.892,-1.069,2.191,0.267,-0.186,-0.275,1.004,-0.718,6.649,-0.87,0.066,-0.312,0.817,-3.313,6.092,-0.244,btn_A
1780980289.022799,-0.819,-0.162,0.575,-1.076,2.611,-0.557,-0.675,-0.299,0.624,-6.687,1.412,-1.16,-0.308,-0.384,0.903,-0.916,1.229,0.237,-0.191,-0.281,1.008,-0.023,7.473,-0.641,0.063,-0.315,0.822,0.863,0.824,0.374,btn_A
1780980289.1256163,-0.824,-0.167,0.576,-1.008,3.145,-0.282,-0.68,-0.299,0.624,-6.916,1.458,0.13,-0.309,-0.375,0.891,-0.618,-0.191,0.046,-0.189,-0.284,1.012,0.26,6.137,-0.901,0.073,-0.327,0.818,-0.641,2.389,0.13,btn_A
1780980289.238123,-0.823,-0.163,0.572,-0.931,2.634,-0.496,-0.678,-0.3,0.618,-7.183,2.351,0.13,-0.312,-0.382,0.892,-0.779,1.954,0.962,-0.187,-0.28,1.005,0.45,7.809,-0.221,0.063,-0.313,0.808,-1.046,3.885,-0.229,btn_A
1780980289.3399453,-0.821,-0.161,0.575,-1.366,2.076,-0.809,-0.678,-0.3,0.613,-6.641,1.611,0.313,-0.309,-0.377,0.893,-0.595,1.252,1.176,-0.191,-0.284,1.007,0.672,7.573,-0.176,0.069,-0.316,0.823,0.397,2.527,0.641,btn_A
1780980289.4402163,-0.823,-0.162,0.574,-0.901,1.931,-0.939,-0.684,-0.3,0.612,-6.405,1.015,-0.542,-0.312,-0.38,0.89,-0.55,-0.542,-0.076,-0.185,-0.29,1.0,0.588,6.565,-0.641,0.071,-0.308,0.815,-0.595,0.954,0.0,btn_A
1780980289.5382283,-0.824,-0.16,0.571,-0.855,2.557,-0.366,-0.687,-0.3,0.607,-6.893,1.511,-0.786,-0.315,-0.383,0.897,-0.435,0.229,-0.038,-0.189,-0.287,1.002,1.389,6.298,-0.893,0.071,-0.321,0.822,-1.099,2.176,-0.031,btn_A
1780980289.6412816,-0.826,-0.161,0.565,-0.954,1.053,-0.237,-0.684,-0.301,0.617,-6.786,0.824,-0.214,-0.32,-0.382,0.891,-0.321,0.008,-0.229,-0.189,-0.285,1.008,1.122,6.725,-0.298,0.066,-0.316,0.814,0.313,1.87,0.557,btn_A
1780980289.7590873,-0.826,-0.165,0.569,-1.145,2.26,-1.168,-0.68,-0.302,0.615,-6.733,0.328,-0.756,-0.317,-0.381,0.893,-0.664,0.176,0.748,-0.189,-0.286,1.004,1.099,6.557,-0.656,0.057,-0.322,0.836,-3.13,0.29,0.29,btn_A
1780980289.8572454,-0.829,-0.164,0.568,-0.771,2.29,-0.153,-0.684,-0.303,0.613,-6.817,0.84,-0.672,-0.316,-0.381,0.889,-0.389,-0.45,0.244,-0.194,-0.292,0.998,0.786,7.061,-0.481,0.07,-0.306,0.823,0.168,2.137,0.13,btn_A
1780980289.9593215,-0.83,-0.16,0.564,-0.87,1.779,-1.176,-0.683,-0.298,0.606,-6.359,0.771,-0.397,-0.317,-0.383,0.889,-0.275,-1.046,-0.206,-0.194,-0.287,1.0,1.588,6.557,-0.237,0.065,-0.317,0.816,-0.634,3.29,-0.42,btn_A
1780980290.0530941,-0.83,-0.158,0.568,-1.115,1.122,-1.641,-0.685,-0.304,0.599,-6.748,1.687,-0.183,-0.311,-0.381,0.894,-0.489,-0.191,-0.573,-0.184,-0.292,1.001,0.053,5.924,-0.328,0.063,-0.311,0.824,-0.771,3.168,-0.351,btn_A
1780980290.156233,-0.828,-0.162,0.563,-0.87,1.412,-0.992,-0.684,-0.305,0.61,-6.534,0.588,-0.824,-0.315,-0.385,0.892,-0.504,-0.069,0.115,-0.19,-0.292,0.998,0.542,6.939,-0.656,0.064,-0.316,0.822,-0.618,2.473,-0.031,btn_A
1780980290.259003,-0.83,-0.166,0.559,-0.786,1.015,-0.107,-0.678,-0.3,0.602,-6.298,0.427,-0.695,-0.317,-0.388,0.899,-0.053,-0.366,0.168,-0.193,-0.29,1.008,1.107,6.725,-0.58,0.072,-0.313,0.821,-0.74,1.985,-0.191,btn_A
1780980290.3735962,-0.827,-0.162,0.563,-1.321,1.595,-1.435,-0.687,-0.304,0.603,-6.695,0.58,-0.542,-0.313,-0.383,0.885,-0.084,-0.321,0.015,-0.19,-0.296,0.999,1.282,6.031,-0.321,0.072,-0.315,0.821,-0.733,1.198,-0.061,btn_A
1780980290.4733353,-0.826,-0.158,0.568,-0.771,1.252,-0.733,-0.681,-0.3,0.612,-5.947,0.542,0.26,-0.312,-0.385,0.889,-0.305,0.221,-0.42,-0.187,-0.295,1.007,1.0,7.176,-0.901,0.072,-0.305,0.816,0.107,1.588,-0.107,btn_A
1780980293.6578307,-0.832,-0.167,0.563,-1.229,1.42,-1.122,-0.687,-0.311,0.597,-6.626,1.023,0.092,-0.318,-0.385,0.886,-0.649,0.26,-0.504,-0.188,-0.303,1.005,1.534,7.076,-0.29,0.075,-0.304,0.818,-0.13,2.0,-0.092,btn_A
1780980293.7614896,-0.83,-0.162,0.562,-0.931,2.206,-0.473,-0.689,-0.31,0.604,-6.481,1.221,0.176,-0.322,-0.388,0.892,-0.336,0.282,-0.191,-0.188,-0.3,1.005,1.092,6.74,-0.244,0.08,-0.308,0.82,-0.267,2.679,-0.267,btn_A
1780980293.874154,-0.83,-0.161,0.56,-1.0,1.794,-1.214,-0.686,-0.306,0.597,-6.618,0.748,-0.611,-0.319,-0.391,0.882,-0.244,-0.031,0.679,-0.189,-0.305,1.004,1.718,7.076,-0.198,0.082,-0.302,0.821,-0.504,3.191,-0.55,btn_A
1780980293.9673693,-0.828,-0.163,0.559,-0.985,1.794,-1.023,-0.687,-0.308,0.602,-6.42,0.595,-1.13,-0.322,-0.386,0.887,-0.351,0.107,0.359,-0.19,-0.309,0.997,1.16,6.908,-0.527,0.075,-0.309,0.826,-0.542,2.0,-0.267,btn_A
1780980294.0705194,-0.83,-0.16,0.564,-1.053,0.794,-0.733,-0.687,-0.307,0.597,-5.939,1.214,0.359,-0.323,-0.385,0.894,-0.282,0.42,-0.168,-0.187,-0.303,0.996,1.389,7.015,-0.176,0.079,-0.316,0.822,-1.031,2.168,-0.26,btn_A
1780980294.1729403,-0.826,-0.164,0.556,-0.687,1.489,-0.618,-0.687,-0.308,0.604,-6.015,0.893,0.733,-0.322,-0.386,0.885,-0.458,-0.176,-0.351,-0.186,-0.303,1.001,1.511,6.557,-0.206,0.08,-0.301,0.831,-0.626,2.519,0.313,btn_A
1780980294.2918108,-0.826,-0.163,0.562,-1.13,1.908,-0.664,-0.688,-0.303,0.595,-6.351,0.656,-0.214,-0.322,-0.387,0.883,-0.29,-0.45,0.29,-0.193,-0.306,0.995,1.611,6.511,-0.137,0.082,-0.311,0.822,-0.496,1.702,0.092,btn_A
1780980294.3906903,-0.825,-0.159,0.561,-1.565,0.893,-0.58,-0.689,-0.308,0.587,-4.588,-1.885,0.145,-0.286,-0.393,0.92,2.092,-5.137,1.084,-0.324,-0.374,1.962,-18.061,48.153,-9.656,0.076,-0.308,0.826,-1.366,3.679,-2.0,btn_A
1780980294.4925005,-0.834,-0.157,0.55,-0.405,6.916,2.053,-0.724,-0.285,0.536,-5.626,3.809,0.802,-0.354,-0.375,0.87,2.534,31.802,9.893,-0.255,0.066,0.844,169.275,-27.076,-6.153,0.027,-0.297,0.881,-0.069,9.519,3.046,btn_A
1780980294.5856762,-0.833,-0.153,0.558,-0.275,2.718,-0.061,-0.708,-0.292,0.55,-5.275,5.405,0.427,-0.385,-0.379,0.873,4.198,15.382,8.87,-0.168,0.249,0.849,46.107,11.344,-16.344,0.034,-0.274,0.835,8.588,0.878,3.74,btn_A
1780980294.6886902,-0.826,-0.159,0.56,-1.397,-0.939,-1.313,-0.731,-0.289,0.55,-5.931,2.458,0.351,-0.396,-0.379,0.866,0.336,6.779,3.458,-0.152,0.237,1.038,30.924,15.122,-7.641,0.044,-0.277,0.853,1.679,6.588,2.168,btn_A
1780980294.7914295,-0.829,-0.158,0.555,-1.58,0.786,-1.45,-0.729,-0.292,0.557,-6.397,4.588,0.198,-0.417,-0.355,0.852,-1.092,3.939,1.466,-0.175,0.255,1.107,14.023,12.046,-2.588,0.052,-0.291,0.842,-1.206,0.679,1.504,btn_A
1780980294.906812,-0.825,-0.157,0.56,-1.16,1.573,0.328,-0.731,-0.29,0.532,-6.076,8.58,1.313,-0.437,-0.353,0.849,0.038,7.649,2.603,-0.257,0.309,0.94,1.924,9.763,-2.122,0.041,-0.27,0.823,-4.13,0.634,-0.595,btn_A
1780980295.0046842,-0.834,-0.154,0.558,-1.672,2.992,-0.916,-0.731,-0.291,0.553,-6.45,3.137,0.29,-0.416,-0.362,0.857,-0.947,4.641,2.313,-0.25,0.298,0.944,4.153,10.008,-4.176,0.039,-0.273,0.831,3.687,3.397,0.527,btn_A
1780980295.1070278,-0.831,-0.156,0.558,-1.42,3.214,-0.351,-0.729,-0.294,0.543,-7.229,1.672,-0.786,-0.432,-0.356,0.844,-0.481,1.031,0.076,-0.243,0.292,0.98,-3.832,5.58,-1.153,0.034,-0.271,0.825,-1.695,2.16,0.282,btn_A
1780980295.2031555,-0.837,-0.152,0.551,-0.534,1.092,-1.084,-0.74,-0.29,0.542,-6.382,-2.992,-1.641,-0.431,-0.362,0.844,-0.87,-3.779,-1.382,-0.201,0.278,1.003,-5.473,2.496,-0.55,0.049,-0.282,0.835,-0.992,-0.076,-0.359,btn_A
1780980295.306749,-0.828,-0.159,0.561,-0.427,-2.282,-2.985,-0.727,-0.297,0.549,-7.901,-22.58,-3.924,-0.419,-0.356,0.853,-7.206,-25.435,-11.496,-0.222,0.348,0.729,-116.214,-10.153,13.137,0.038,-0.278,0.83,-11.359,-2.947,-4.855,btn_A
1780980295.4092908,-0.834,-0.155,0.576,-6.595,-16.336,-8.649,-0.666,-0.329,0.674,-4.809,-25.992,-5.115,-0.097,-0.286,0.866,3.809,-70.695,-23.588,1.71,-0.815,-1.691,102.13,163.603,-4.55,0.223,-0.302,0.812,-48.626,21.298,-6.885,btn_A
1780980295.5226483,-0.818,-0.165,0.584,1.137,-3.061,-0.763,-0.663,-0.304,0.629,-6.611,-1.145,-0.756,-0.314,-0.377,0.894,-1.985,6.992,0.763,-0.189,-0.28,1.01,-1.511,8.863,-1.13,0.077,-0.295,0.804,4.931,-4.55,1.168,btn_A
1780980295.6153417,-0.825,-0.164,0.57,-0.45,0.481,-0.962,-0.678,-0.302,0.612,-5.504,-0.122,-0.832,-0.32,-0.385,0.895,-0.748,-1.496,-0.802,-0.162,-0.279,1.006,-2.0,4.168,-1.489,0.082,-0.331,0.819,-1.511,-1.534,-0.885,btn_A
1780980295.71826,-0.819,-0.167,0.577,-0.702,-0.878,-1.344,-0.676,-0.297,0.624,-5.427,-0.481,-0.954,-0.311,-0.383,0.885,0.168,-1.458,-0.275,-0.173,-0.283,1.01,0.458,5.779,-1.191,0.078,-0.302,0.825,-0.901,4.725,-0.145,btn_A
1780980295.83231,-0.82,-0.162,0.575,0.008,0.282,-0.489,-0.67,-0.297,0.62,-6.298,1.031,-0.26,-0.313,-0.382,0.89,-0.664,-0.542,0.534,-0.171,-0.28,1.005,-0.076,7.557,-0.115,0.086,-0.321,0.824,0.954,3.115,0.824,btn_A
1780980295.9257782,-0.827,-0.166,0.569,-2.0,9.092,1.206,-0.687,-0.3,0.603,-9.015,5.664,-0.458,-0.328,-0.384,0.89,-2.847,5.031,-0.023,-0.186,-0.29,1.0,-0.733,6.817,-1.588,0.071,-0.321,0.819,-0.969,-1.84,-0.527,btn_A
1780980296.040737,-0.823,-0.158,0.562,-0.893,1.305,-0.687,-0.684,-0.302,0.616,-5.908,0.015,-0.435,-0.317,-0.383,0.888,-0.351,-1.702,-0.84,-0.174,-0.289,1.001,1.71,5.16,-1.763,0.076,-0.32,0.821,-0.817,-0.328,-0.702,btn_A
1780980296.1402588,-0.827,-0.165,0.568,-0.252,-1.13,-0.916,-0.688,-0.299,0.613,-4.458,-1.443,0.244,-0.314,-0.386,0.884,2.885,-3.641,0.115,-0.167,-0.29,1.009,1.084,3.939,-1.397,0.072,-0.315,0.83,-2.962,3.916,-2.099,btn_A
1780980296.2404044,-0.821,-0.165,0.574,-1.298,2.756,0.687,-0.678,-0.297,0.621,-7.16,1.084,0.252,-0.313,-0.381,0.892,-1.733,2.427,1.885,-0.17,-0.292,1.006,-0.603,10.145,0.588,0.068,-0.314,0.813,1.473,0.405,2.672,btn_A
1780980296.336385,-0.825,-0.162,0.57,-1.42,5.275,-0.305,-0.682,-0.302,0.613,-7.351,1.985,-0.435,-0.318,-0.383,0.884,-1.084,1.42,1.092,-0.181,-0.294,1.011,0.527,6.458,-0.519,0.076,-0.318,0.82,-0.435,1.26,-0.198,btn_A
1780980296.439536,-0.816,-0.161,0.581,-1.069,1.855,-0.954,-0.68,-0.3,0.623,-7.679,2.771,-1.466,-0.32,-0.385,0.894,-2.832,2.45,0.588,-0.179,-0.295,0.999,-2.046,11.008,0.779,0.062,-0.307,0.811,1.458,5.45,0.435,btn_A
1780980296.555892,-0.808,-0.158,0.589,-0.344,1.229,-1.595,-0.674,-0.297,0.621,-8.008,2.496,-0.687,-0.308,-0.384,0.89,-3.618,2.313,1.473,-0.175,-0.293,1.007,-2.679,13.26,0.221,0.075,-0.31,0.829,0.298,6.26,4.328,btn_A
1780980299.741657,-0.829,-0.163,0.568,-0.901,2.16,-0.221,-0.688,-0.305,0.597,-6.71,1.74,0.412,-0.33,-0.392,0.878,-0.481,-0.595,-0.076,-0.187,-0.31,0.998,1.145,6.626,-0.901,0.071,-0.305,0.815,-1.0,1.557,-0.076,btn_A
1780980299.8385625,-0.829,-0.166,0.562,-1.023,2.489,-0.939,-0.686,-0.302,0.596,-6.344,0.977,-0.084,-0.335,-0.393,0.88,-0.038,-0.71,0.328,-0.18,-0.308,0.989,0.885,6.008,-0.137,0.071,-0.311,0.822,-0.626,1.565,0.069,btn_A
1780980299.9416435,-0.828,-0.161,0.559,-1.237,1.382,-0.641,-0.685,-0.3,0.601,-6.298,0.748,-0.611,-0.331,-0.389,0.875,-0.267,0.351,0.74,-0.177,-0.31,0.993,1.443,6.45,-1.16,0.069,-0.315,0.823,-0.916,1.802,-0.023,btn_A
1780980300.0452197,-0.828,-0.163,0.56,-0.824,0.771,-1.107,-0.688,-0.305,0.601,-5.885,0.221,-0.931,-0.331,-0.388,0.883,-0.504,0.656,0.374,-0.18,-0.309,1.006,1.115,7.603,-0.511,0.076,-0.309,0.824,-0.229,2.412,0.267,btn_A
1780980300.1474721,-0.828,-0.164,0.563,-0.565,1.282,-0.649,-0.691,-0.303,0.598,-6.122,0.893,-0.069,-0.331,-0.391,0.877,-0.038,-1.092,-0.351,-0.181,-0.308,1.0,1.473,6.168,-0.84,0.068,-0.311,0.825,-0.252,1.298,-0.046,btn_A
1780980300.2505374,-0.824,-0.162,0.568,-0.992,0.557,-0.824,-0.687,-0.302,0.598,-6.313,0.832,0.351,-0.33,-0.39,0.876,1.305,0.351,1.031,-0.151,-0.32,0.997,-2.374,6.832,-0.328,0.058,-0.31,0.814,-0.908,4.313,-2.107,btn_A
1780980300.353924,-0.83,-0.161,0.563,0.817,9.298,3.015,-0.732,-0.266,0.513,-2.183,36.885,5.015,-0.34,-0.422,0.846,14.336,35.58,10.71,-0.223,-0.15,1.236,219.183,-11.916,19.198,0.09,-0.292,0.834,-3.435,25.427,2.733,btn_A
1780980300.4568892,-0.848,-0.147,0.539,-0.443,1.099,0.802,-0.731,-0.284,0.538,-7.107,5.16,-0.008,-0.413,-0.365,0.861,5.55,16.534,8.962,-0.203,0.279,0.843,40.588,15.038,-3.221,0.059,-0.295,0.846,11.435,-3.015,3.275,btn_A
1780980300.574144,-0.837,-0.15,0.553,-0.389,5.183,0.626,-0.732,-0.286,0.556,-6.015,6.947,0.916,-0.429,-0.368,0.843,2.863,11.321,3.634,-0.267,0.308,0.862,14.008,8.466,-6.397,0.034,-0.275,0.811,-1.0,3.435,0.122,btn_A
1780980300.6734734,-0.835,-0.149,0.554,-1.443,0.588,-1.344,-0.737,-0.291,0.541,-6.511,-2.0,-0.824,-0.427,-0.36,0.838,-1.489,-5.137,-2.496,-0.168,0.276,1.034,-9.053,1.29,-0.13,0.047,-0.287,0.833,-2.641,-1.718,-0.237,btn_A
1780980300.773239,-0.833,-0.16,0.554,-1.053,-0.267,-2.198,-0.734,-0.287,0.546,-7.908,-16.427,-2.748,-0.421,-0.363,0.841,-4.901,-18.221,-8.901,-0.256,0.318,0.586,-92.924,-6.237,3.328,0.042,-0.289,0.88,-5.481,-2.405,-3.191,btn_A
1780980300.8685167,-0.836,-0.145,0.569,-4.221,-11.298,-7.153,-0.674,-0.297,0.628,-4.763,-22.511,-4.985,-0.088,-0.351,0.921,0.679,-55.893,-17.58,1.496,-0.562,-1.139,154.053,93.038,-15.901,0.22,-0.319,0.795,-29.244,11.763,-2.969,btn_A
1780980300.9717557,-0.818,-0.163,0.573,0.649,-2.695,-2.298,-0.67,-0.303,0.633,-7.0,-1.481,-0.595,-0.303,-0.378,0.899,-1.687,7.901,1.573,-0.192,-0.281,1.008,-1.84,12.702,-0.573,0.079,-0.285,0.799,5.863,-1.832,1.313,btn_A
1780980301.0749073,-0.824,-0.157,0.571,-0.649,3.168,0.206,-0.683,-0.299,0.614,-6.924,1.595,0.061,-0.315,-0.384,0.887,-0.84,-0.359,0.183,-0.187,-0.286,1.007,-0.809,4.374,-0.137,0.065,-0.316,0.819,-1.0,2.74,-0.069,btn_A
1780980301.1777017,-0.824,-0.161,0.57,-0.947,1.847,-0.977,-0.678,-0.298,0.609,-6.656,1.137,-0.939,-0.312,-0.385,0.888,-1.618,2.71,0.336,-0.188,-0.288,1.001,0.252,8.008,-0.252,0.082,-0.305,0.818,-0.374,2.359,0.382,btn_A
1780980301.2905402,-0.825,-0.159,0.571,-1.389,2.588,-0.519,-0.683,-0.299,0.614,-7.0,1.496,-0.763,-0.315,-0.384,0.897,-1.351,1.489,0.595,-0.183,-0.29,0.995,0.313,7.802,-0.229,0.072,-0.313,0.821,0.45,2.863,0.664,btn_A
1780980301.3898995,-0.824,-0.161,0.562,-0.695,1.023,-1.435,-0.687,-0.3,0.606,-6.557,0.969,-0.252,-0.314,-0.384,0.891,-0.664,0.137,0.405,-0.191,-0.292,1.002,0.924,6.527,-0.275,0.11,-0.315,0.812,-1.809,3.725,-1.374,btn_A
1780980301.4869602,-0.824,-0.162,0.563,-0.763,1.29,-0.191,-0.683,-0.302,0.608,-6.183,1.718,0.748,-0.322,-0.383,0.887,-0.397,0.824,-0.153,-0.186,-0.289,1.0,0.649,6.794,-0.603,0.077,-0.317,0.823,-0.237,1.893,0.344,btn_A
1780980301.5898404,-0.831,-0.163,0.572,-1.298,2.405,-0.313,-0.684,-0.304,0.604,-7.115,2.328,0.053,-0.32,-0.381,0.895,-1.282,1.725,0.366,-0.2,-0.296,0.998,0.863,9.885,-0.031,0.082,-0.307,0.824,-1.008,3.557,0.794,btn_A
1780980301.7087896,-0.823,-0.16,0.574,-1.198,0.626,-0.679,-0.687,-0.301,0.603,-6.702,1.557,-0.87,-0.324,-0.387,0.888,-0.389,1.588,0.466,-0.203,-0.294,1.006,0.656,8.137,-0.611,0.069,-0.314,0.822,-0.168,3.252,-0.038,btn_A
1780980301.8076515,-0.828,-0.158,0.566,-1.046,1.786,-0.672,-0.687,-0.301,0.606,-6.107,0.901,-0.878,-0.323,-0.388,0.888,-0.756,0.115,0.855,-0.198,-0.294,1.0,0.374,8.382,-0.206,0.063,-0.313,0.827,0.176,4.313,0.267,btn_A
1780980301.907544,-0.83,-0.157,0.562,-1.13,2.863,-0.733,-0.684,-0.302,0.599,-6.672,1.115,-0.649,-0.328,-0.391,0.878,-0.802,0.71,0.382,-0.192,-0.297,1.0,0.664,6.519,-0.29,0.068,-0.314,0.821,-0.573,2.374,-0.374,btn_A
1780980302.0019882,-0.833,-0.161,0.558,-1.176,1.42,-1.015,-0.69,-0.303,0.602,-6.519,1.115,-0.321,-0.327,-0.388,0.881,-0.313,0.565,-0.305,-0.193,-0.297,0.996,0.992,5.878,-0.366,0.062,-0.307,0.826,-0.511,1.985,-0.031,btn_A
1780980302.1047666,-0.827,-0.161,0.559,-1.145,1.603,-1.046,-0.694,-0.302,0.599,-6.55,1.282,-0.336,-0.329,-0.389,0.882,-1.084,0.931,0.061,-0.194,-0.297,1.0,1.038,7.84,-0.45,0.069,-0.312,0.816,0.313,2.763,0.893,btn_A
1780980302.2079115,-0.834,-0.162,0.562,-1.038,1.107,-0.023,-0.689,-0.298,0.599,-6.656,1.649,-0.145,-0.33,-0.386,0.883,-0.573,0.603,0.13,-0.198,-0.303,0.995,0.405,7.191,-0.16,0.068,-0.314,0.824,0.611,3.328,-0.053,btn_A
1780980302.3232248,-0.83,-0.162,0.564,-1.42,2.435,-1.466,-0.694,-0.304,0.594,-7.053,1.725,-0.244,-0.329,-0.389,0.883,-0.901,1.733,0.611,-0.203,-0.304,0.997,0.817,7.992,-0.389,0.062,-0.309,0.816,-0.053,2.672,-0.191,btn_A
1780980302.4240394,-0.833,-0.16,0.556,-1.229,2.076,-0.336,-0.694,-0.302,0.601,-6.878,1.183,-0.84,-0.331,-0.389,0.883,-0.756,1.214,-0.153,-0.195,-0.298,0.991,1.336,7.374,-0.252,0.067,-0.306,0.82,-0.321,2.405,-0.053,btn_A
1780980302.52314,-0.831,-0.158,0.563,-1.779,5.489,-0.237,-0.701,-0.311,0.587,-7.916,4.542,-0.16,-0.337,-0.391,0.871,-1.061,3.924,0.649,-0.204,-0.305,0.981,1.115,9.893,-0.069,0.058,-0.308,0.827,1.489,5.099,0.763,btn_A
1780980302.6197915,-0.841,-0.162,0.55,-2.015,3.26,-0.321,-0.696,-0.309,0.588,-6.626,1.267,-0.092,-0.335,-0.393,0.878,-0.275,0.458,0.061,-0.198,-0.308,0.997,1.588,6.511,-0.176,0.061,-0.302,0.821,-0.832,1.359,-0.557,btn_A
1780980302.722963,-0.835,-0.162,0.549,-0.809,1.321,-0.443,-0.694,-0.306,0.591,-6.198,0.511,0.107,-0.337,-0.391,0.878,0.214,-0.145,0.069,-0.203,-0.305,0.994,0.985,6.069,-0.611,0.059,-0.3,0.83,-0.191,2.672,0.053,btn_A
1780980305.9260874,-0.824,-0.161,0.573,-2.443,5.206,0.031,-0.69,-0.303,0.6,-6.046,1.214,0.489,-0.342,-0.388,0.878,1.473,0.802,-1.473,-0.21,-0.315,0.985,3.893,2.481,-0.611,0.074,-0.316,0.813,-5.084,-0.252,-3.084,btn_A
1780980306.018803,-0.811,-0.162,0.588,-2.611,4.802,1.092,-0.677,-0.299,0.617,-6.824,1.366,0.763,-0.325,-0.383,0.896,0.809,4.672,0.359,-0.19,-0.312,0.999,2.71,8.611,0.832,0.089,-0.302,0.813,4.588,2.168,0.527,btn_A
1780980306.1223505,-0.82,-0.159,0.567,-1.962,6.427,-0.756,-0.682,-0.291,0.619,-7.115,-0.58,-2.702,-0.329,-0.383,0.889,-3.321,-0.962,-0.099,-0.193,-0.325,0.986,-2.0,2.359,-1.053,0.079,-0.325,0.818,-2.183,-0.191,0.16,btn_A
1780980306.2246394,-0.806,-0.151,0.591,-2.061,-0.565,0.168,-0.666,-0.298,0.626,-7.908,1.519,1.282,-0.333,-0.402,0.879,1.534,7.473,5.45,-0.183,-0.322,0.94,1.618,17.122,0.275,0.063,-0.267,0.776,7.748,8.702,-0.008,btn_A
1780980306.3372555,-0.825,-0.157,0.569,-1.267,8.145,-0.916,-0.686,-0.301,0.603,-7.16,2.191,-0.931,-0.34,-0.387,0.87,-1.794,-2.672,-0.947,-0.2,-0.329,0.99,0.763,2.42,-0.107,0.075,-0.308,0.831,0.313,0.183,-0.939,btn_A
1780980306.4380991,-0.83,-0.159,0.564,-1.435,5.122,0.641,-0.682,-0.297,0.611,-7.71,0.977,0.458,-0.33,-0.382,0.885,-2.13,1.229,0.412,-0.195,-0.317,0.993,2.992,7.229,-1.573,0.065,-0.308,0.835,-2.565,2.305,1.145,btn_A
1780980306.5337636,-0.828,-0.161,0.571,-0.748,4.015,-0.87,-0.688,-0.298,0.597,-7.702,1.74,-1.779,-0.342,-0.383,0.881,-1.634,-3.275,-3.473,-0.171,-0.327,0.972,8.916,-3.183,-0.656,0.078,-0.308,0.804,-0.489,2.092,-1.015,btn_A
1780980306.637007,-0.777,-0.202,0.596,3.611,19.206,4.405,-0.744,-0.288,0.339,-9.618,36.847,-1.26,-0.261,-0.415,0.917,9.092,82.481,24.13,0.077,0.506,-0.576,250.13,-27.931,-79.366,0.048,-0.283,0.94,33.015,-3.908,17.16,btn_A
1780980306.7401996,-0.828,-0.151,0.559,-1.275,1.412,-0.756,-0.746,-0.282,0.508,-8.557,-8.107,-1.824,-0.421,-0.358,0.858,-2.954,7.229,0.962,-0.169,0.288,1.031,36.779,11.954,-7.29,0.022,-0.274,0.842,-16.336,23.756,-0.557,btn_A
1780980306.8429952,-0.839,-0.156,0.542,-0.725,1.313,-0.863,-0.73,-0.295,0.54,-5.412,4.115,-2.168,-0.451,-0.366,0.826,-1.55,3.771,0.511,-0.165,0.323,1.084,30.076,14.481,-4.718,0.056,-0.281,0.823,3.397,-10.229,0.29,btn_A
1780980306.9544432,-0.841,-0.152,0.547,-0.557,0.511,-1.588,-0.723,-0.299,0.567,-6.252,1.092,-0.282,-0.45,-0.367,0.823,1.855,11.931,5.0,-0.27,0.378,0.872,15.405,12.046,-10.763,0.05,-0.285,0.834,-0.313,1.603,0.076,btn_A
1780980307.0578334,-0.847,-0.155,0.543,-0.252,4.87,-0.695,-0.731,-0.301,0.536,-7.55,-0.42,-0.511,-0.427,-0.353,0.857,0.817,-3.557,-2.214,-0.26,0.38,0.879,-12.313,-1.328,5.473,0.071,-0.286,0.81,-8.0,-1.389,-2.031,btn_A
1780980307.1521544,-0.833,-0.152,0.554,1.076,-14.389,-9.053,-0.659,-0.284,0.58,-6.893,-78.641,-0.664,-0.441,-0.247,0.795,13.725,-85.931,-19.679,0.123,-1.287,-0.252,-250.137,90.405,-89.26,0.227,-0.192,0.946,-30.0,-40.725,-15.718,btn_A
1780980307.2546139,-0.849,-0.164,0.53,-4.466,-8.939,-3.183,-0.667,-0.306,0.636,-5.748,-26.565,-1.939,-0.328,-0.37,0.887,3.924,-13.855,-1.824,-0.163,-0.26,1.036,-4.13,-0.053,-3.221,0.063,-0.376,0.839,-27.137,12.992,-5.832,btn_A
1780980307.3594325,-0.817,-0.169,0.575,-0.802,-0.298,-2.664,-0.689,-0.295,0.609,-6.458,0.435,-3.885,-0.297,-0.385,0.905,-4.351,7.756,-0.656,-0.195,-0.271,0.995,-4.069,12.267,-1.565,0.095,-0.331,0.781,7.427,-4.672,0.321,btn_A
1780980307.4605694,-0.82,-0.172,0.573,-0.855,4.237,-1.076,-0.673,-0.302,0.607,-5.473,0.725,-0.924,-0.293,-0.381,0.897,-1.412,-1.015,-0.053,-0.172,-0.263,1.012,-2.359,5.183,0.053,0.069,-0.321,0.82,-1.45,3.038,0.771,btn_A
1780980307.5639825,-0.814,-0.171,0.585,-1.26,3.908,0.542,-0.668,-0.307,0.625,-7.695,2.817,1.115,-0.307,-0.383,0.896,-1.084,5.748,2.176,-0.185,-0.27,1.013,-1.664,9.725,0.382,0.079,-0.328,0.824,-1.122,0.908,0.336,btn_A
1780980307.6722724,-0.82,-0.167,0.578,-2.046,4.473,-0.298,-0.672,-0.307,0.623,-10.176,5.931,0.153,-0.317,-0.389,0.89,-5.176,7.702,1.412,-0.192,-0.29,1.004,-3.962,8.473,-0.863,0.101,-0.323,0.815,-6.611,2.962,-9.13,btn_A
1780980307.7733145,-0.827,-0.176,0.575,-2.901,2.313,-0.519,-0.683,-0.313,0.607,-7.87,0.802,0.267,-0.33,-0.409,0.875,5.947,-1.237,3.069,-0.217,-0.292,1.003,0.649,8.748,0.023,0.086,-0.331,0.797,-0.42,1.16,-2.595,btn_A
1780980307.8728342,-0.815,-0.189,0.592,4.473,4.115,-5.107,-0.701,-0.442,0.52,-6.282,9.282,-4.748,-0.317,-0.387,0.887,2.427,4.672,-10.695,-0.245,-0.293,0.976,6.107,15.221,-13.443,0.026,-0.352,0.82,-4.824,3.481,-11.206,btn_A
1780980307.9860718,-0.834,-0.148,0.563,-1.641,5.359,0.092,-0.681,-0.308,0.601,-6.756,-0.008,0.084,-0.317,-0.384,0.885,-0.511,-3.45,-0.267,-0.186,-0.297,1.002,0.45,2.29,-0.55,0.08,-0.333,0.823,-2.626,3.924,-1.481,btn_A
1780980308.087702,-0.819,-0.171,0.57,-1.542,7.855,0.611,-0.681,-0.307,0.599,-8.687,1.397,-1.145,-0.318,-0.395,0.883,-2.137,0.069,0.595,-0.184,-0.3,0.999,1.374,8.153,0.069,0.08,-0.326,0.812,1.84,2.718,-0.107,btn_A
1780980308.1894636,-0.833,-0.181,0.554,-0.473,-0.824,-2.137,-0.682,-0.321,0.602,-5.573,-0.267,-1.427,-0.31,-0.395,0.894,-0.321,-3.168,-1.229,-0.172,-0.302,0.996,1.122,4.458,0.115,0.079,-0.333,0.817,2.176,-0.328,0.153,btn_A
1780980308.2849813,-0.829,-0.176,0.565,-1.443,4.382,-0.55,-0.69,-0.313,0.598,-7.481,2.427,-1.229,-0.316,-0.393,0.885,-2.061,0.527,-1.527,-0.169,-0.301,1.005,-0.664,6.641,-0.786,0.095,-0.329,0.814,-1.656,4.145,0.45,btn_A
1780980308.3878615,-0.823,-0.18,0.557,-0.725,0.168,-1.305,-0.679,-0.32,0.606,-7.779,4.321,0.267,-0.302,-0.401,0.89,-2.473,3.313,2.115,-0.18,-0.304,0.999,1.611,15.244,1.26,0.077,-0.327,0.813,3.855,2.206,1.389,btn_A
1780980308.4907923,-0.832,-0.172,0.549,-0.046,4.435,-0.328,-0.689,-0.32,0.583,-6.519,1.359,-1.099,-0.317,-0.4,0.878,-0.794,-1.137,-0.71,-0.19,-0.301,0.996,0.588,4.458,-0.458,0.074,-0.337,0.814,-3.847,4.45,-0.931,btn_A
1780980308.6049378,-0.83,-0.174,0.555,-1.183,4.084,-2.725,-0.692,-0.323,0.581,-7.954,4.015,-3.023,-0.332,-0.405,0.878,-3.328,2.435,-1.092,-0.192,-0.307,1.0,-0.954,11.0,-0.695,0.073,-0.334,0.814,0.107,0.595,-0.42,btn_A
1780980308.7038167,-0.822,-0.179,0.553,-0.42,0.244,-1.145,-0.694,-0.326,0.582,-6.214,0.664,-1.336,-0.324,-0.41,0.878,-3.939,-1.481,-1.824,-0.179,-0.305,0.997,0.679,2.45,-1.092,0.087,-0.335,0.812,-0.947,3.603,0.565,btn_A
1780980308.7995732,-0.836,-0.177,0.544,0.221,-3.397,-1.336,-0.687,-0.327,0.581,-3.58,-0.023,1.038,-0.32,-0.411,0.875,2.527,-0.405,0.687,-0.201,-0.309,0.99,3.122,5.786,-0.046,0.087,-0.323,0.81,1.786,1.275,-1.275,btn_A
1780980312.0232852,-0.842,-0.182,0.536,-0.992,1.557,-1.038,-0.698,-0.33,0.565,-5.939,0.099,-0.473,-0.326,-0.413,0.874,0.061,-0.878,-0.321,-0.197,-0.33,0.986,1.351,6.206,-0.336,0.084,-0.336,0.81,-0.176,1.947,0.0,btn_A
1780980312.1078157,-0.844,-0.176,0.538,-0.916,0.359,-1.382,-0.697,-0.333,0.576,-6.252,0.252,-1.0,-0.327,-0.417,0.871,0.107,0.168,0.359,-0.196,-0.327,0.988,1.809,7.122,-0.664,0.083,-0.334,0.808,-0.198,1.863,0.084,btn_A
1780980312.1990204,-0.84,-0.179,0.539,-0.397,0.305,-0.832,-0.694,-0.331,0.578,-5.71,0.366,-0.374,-0.328,-0.416,0.872,-0.603,-0.305,0.145,-0.192,-0.327,0.988,0.977,7.466,0.115,0.089,-0.337,0.815,-0.031,2.221,0.26,btn_A
1780980312.3067272,-0.837,-0.178,0.537,-0.702,0.466,-0.321,-0.694,-0.332,0.574,-5.969,1.198,0.389,-0.328,-0.417,0.87,-0.496,0.656,-0.26,-0.196,-0.324,0.991,1.519,7.588,-0.733,0.081,-0.335,0.812,-0.916,3.412,-0.313,btn_A
1780980312.4053612,-0.837,-0.175,0.532,-1.0,0.588,-1.168,-0.696,-0.331,0.572,-6.183,0.641,0.008,-0.331,-0.419,0.877,0.176,-0.336,-0.076,-0.194,-0.329,0.994,1.443,6.779,-0.458,0.091,-0.327,0.814,-0.565,2.336,-0.252,btn_A
1780980312.508255,-0.843,-0.182,0.534,-0.519,1.359,-0.45,-0.692,-0.326,0.573,-6.321,0.504,-0.893,-0.328,-0.417,0.873,0.0,-0.863,0.244,-0.189,-0.328,0.984,1.298,7.084,-0.58,0.087,-0.335,0.816,-0.153,1.939,0.275,btn_A
1780980312.610931,-0.84,-0.179,0.529,-0.42,-0.542,-1.0,-0.688,-0.344,0.555,-3.992,-3.198,0.221,-0.347,-0.421,0.856,4.641,2.137,2.527,-0.624,-0.908,2.0,-27.481,35.511,22.198,0.077,-0.335,0.843,-2.565,5.237,5.29,btn_A
1780980312.7237465,-0.843,-0.167,0.539,-2.656,-0.473,2.084,-0.723,-0.332,0.551,-2.718,7.733,4.321,-0.409,-0.369,0.857,14.855,-1.969,9.542,-0.076,0.234,0.811,94.931,-10.954,2.298,0.054,-0.308,0.813,15.214,-15.298,5.824,btn_A
1780980312.8247313,-0.843,-0.169,0.543,0.023,-1.008,-0.504,-0.695,-0.324,0.618,-1.763,8.168,4.42,-0.435,-0.369,0.872,4.275,7.947,5.214,-0.241,0.266,0.94,23.771,14.221,-2.046,0.068,-0.301,0.83,-2.405,7.527,-0.328,btn_A
1780980312.9203098,-0.839,-0.164,0.543,0.244,3.489,1.16,-0.714,-0.31,0.547,-5.947,3.313,-0.282,-0.415,-0.363,0.847,0.573,0.382,0.069,-0.183,0.267,1.002,1.45,3.511,-3.252,0.06,-0.302,0.822,-1.901,-1.992,-0.496,btn_A
1780980313.0232809,-0.839,-0.166,0.54,-0.672,0.099,-1.664,-0.733,-0.306,0.53,-6.351,0.107,-0.389,-0.424,-0.36,0.846,-0.992,-3.71,-1.977,-0.201,0.326,0.909,-18.809,-0.679,-0.847,0.064,-0.3,0.823,-2.099,1.092,-0.069,btn_A
1780980313.1390336,-0.842,-0.16,0.544,-1.26,2.13,-1.42,-0.731,-0.309,0.545,-7.733,-4.496,-1.527,-0.423,-0.364,0.848,-1.908,-9.412,-4.58,-0.24,0.31,0.802,-41.389,-4.588,1.916,0.065,-0.312,0.818,-2.855,-1.351,-1.351,btn_A
1780980313.2366915,-0.844,-0.17,0.539,-0.649,-0.092,-1.443,-0.729,-0.305,0.541,-6.573,-8.099,-2.489,-0.416,-0.369,0.846,-3.863,-13.031,-5.87,-0.201,0.354,0.599,-72.015,-8.336,-1.824,0.065,-0.296,0.807,-5.969,-0.725,-3.053,btn_A
1780980313.3369548,-0.829,-0.179,0.558,-4.802,-10.366,-8.344,-0.691,-0.343,0.613,-6.427,-19.779,-3.496,-0.292,-0.389,0.913,4.893,-41.168,-16.229,-0.113,0.019,2.0,39.374,26.198,16.328,0.011,-0.366,0.93,-12.786,-10.176,-2.832,btn_A
1780980313.4360268,-0.825,-0.178,0.555,-0.137,1.13,-0.229,-0.692,-0.32,0.595,-6.71,0.107,-0.473,-0.318,-0.389,0.885,-0.809,3.962,0.786,-0.179,-0.285,1.008,-2.412,3.794,-0.893,0.081,-0.323,0.79,6.504,-9.244,1.298,btn_A
1780980313.538268,-0.829,-0.179,0.553,-0.74,1.557,-0.687,-0.687,-0.322,0.592,-6.412,2.527,0.374,-0.313,-0.396,0.889,-1.099,1.145,0.985,-0.164,-0.292,1.012,-1.809,6.275,-1.511,0.083,-0.344,0.819,0.489,0.183,-0.389,btn_A
1780980313.6410623,-0.832,-0.175,0.549,-1.237,3.229,-0.656,-0.691,-0.328,0.589,-7.122,3.405,-0.061,-0.323,-0.401,0.881,-1.137,2.603,0.328,-0.16,-0.298,1.01,-1.214,7.634,-1.107,0.083,-0.332,0.814,-0.763,1.947,-0.229,btn_A
1780980313.754721,-0.834,-0.179,0.54,-1.214,1.58,-1.641,-0.693,-0.323,0.585,-6.618,2.015,-0.756,-0.317,-0.404,0.88,-1.038,0.198,-0.214,-0.166,-0.302,1.002,0.137,6.214,-1.527,0.086,-0.333,0.817,-1.0,2.229,-0.038,btn_A
1780980313.8534913,-0.841,-0.176,0.535,-0.809,1.954,-0.534,-0.69,-0.329,0.586,-6.992,0.45,-0.603,-0.327,-0.401,0.876,-0.42,-1.634,-0.519,-0.161,-0.306,0.996,1.427,5.298,-0.542,0.077,-0.344,0.804,-1.473,1.824,-1.176,btn_A
1780980313.9502733,-0.824,-0.18,0.556,-0.092,1.084,-0.542,-0.687,-0.321,0.597,-5.756,-1.626,0.397,-0.321,-0.397,0.883,-0.794,0.618,1.244,-0.154,-0.305,1.008,0.275,6.687,-0.74,0.087,-0.34,0.814,-2.374,4.267,0.389,btn_A
1780980314.0533235,-0.828,-0.177,0.56,-1.26,4.26,0.16,-0.685,-0.32,0.59,-7.565,2.275,0.153,-0.322,-0.398,0.879,-0.763,0.695,1.374,-0.155,-0.307,1.006,0.191,7.977,0.382,0.085,-0.328,0.817,-0.618,1.771,0.71,btn_A
1780980314.156023,-0.827,-0.175,0.554,-0.939,2.076,-0.992,-0.689,-0.323,0.593,-7.069,2.725,0.015,-0.321,-0.403,0.878,-0.718,1.679,0.863,-0.158,-0.308,1.0,0.221,10.45,0.13,0.079,-0.332,0.82,1.351,3.664,-0.13,btn_A
1780980314.2718625,-0.833,-0.177,0.547,-0.71,1.985,0.153,-0.694,-0.323,0.585,-7.053,2.374,0.107,-0.326,-0.398,0.88,-1.473,2.817,0.153,-0.167,-0.312,1.005,0.664,8.611,-0.366,0.083,-0.327,0.815,-0.191,1.779,-0.107,btn_A
1780980314.371709,-0.835,-0.176,0.549,-0.885,2.298,-0.954,-0.697,-0.323,0.575,-7.115,0.397,-0.71,-0.329,-0.398,0.883,-1.45,-0.031,-0.031,-0.165,-0.312,1.0,0.145,6.481,-0.87,0.084,-0.337,0.817,-0.427,1.779,0.244,btn_A
1780980314.4718196,-0.84,-0.177,0.544,-0.786,1.87,-0.267,-0.691,-0.328,0.584,-6.779,1.244,-1.122,-0.332,-0.401,0.88,-0.802,1.374,0.015,-0.163,-0.311,1.002,0.344,7.847,-0.595,0.087,-0.328,0.82,-1.122,2.237,0.412,btn_A
1780980314.5682476,-0.836,-0.173,0.544,-0.824,2.298,-1.122,-0.691,-0.328,0.58,-6.695,1.695,-0.466,-0.331,-0.4,0.877,-1.046,0.954,0.137,-0.168,-0.315,1.0,0.504,7.893,-1.176,0.083,-0.331,0.821,-0.573,2.626,-0.145,btn_A
1780980314.6710806,-0.835,-0.178,0.544,-0.954,2.779,-0.603,-0.694,-0.327,0.579,-6.733,2.321,0.45,-0.335,-0.4,0.877,-0.992,1.252,-0.366,-0.167,-0.312,1.003,0.802,7.679,-0.214,0.08,-0.329,0.808,-0.924,3.244,0.45,btn_A
1780980314.7740428,-0.834,-0.181,0.546,-0.969,2.107,-0.687,-0.695,-0.326,0.573,-5.817,1.336,0.489,-0.327,-0.406,0.874,-0.42,-0.649,0.099,-0.166,-0.316,1.0,1.099,6.527,-1.015,0.087,-0.333,0.815,0.008,1.511,0.779,btn_A
1780980314.8884835,-0.834,-0.173,0.532,-1.038,1.267,-0.908,-0.695,-0.327,0.576,-6.595,0.863,-0.672,-0.328,-0.408,0.883,-0.603,0.282,0.458,-0.169,-0.318,0.997,1.427,7.458,-0.427,0.083,-0.336,0.807,-1.191,3.015,0.023,btn_A
1780980314.9857206,-0.838,-0.174,0.538,-0.824,1.679,-0.542,-0.694,-0.331,0.579,-6.198,0.58,-0.885,-0.333,-0.406,0.875,-0.344,-0.71,-0.023,-0.169,-0.316,1.0,1.206,5.985,-0.855,0.085,-0.335,0.816,-1.031,1.809,-0.046,btn_A
1780980318.1734133,-0.842,-0.176,0.528,-1.16,2.069,-0.679,-0.699,-0.331,0.57,-6.687,0.832,0.122,-0.339,-0.41,0.864,-0.267,-0.267,0.069,-0.174,-0.331,0.992,1.649,6.29,-0.702,0.086,-0.33,0.817,-0.542,2.038,0.275,btn_A
1780980318.2896996,-0.844,-0.173,0.531,-0.863,1.183,-0.656,-0.698,-0.334,0.575,-6.504,0.611,0.122,-0.341,-0.413,0.865,-0.237,0.389,-0.183,-0.179,-0.334,0.996,1.443,7.069,-0.748,0.088,-0.33,0.813,-0.435,1.939,-0.29,btn_A
1780980318.379679,-0.841,-0.178,0.535,-1.221,0.847,-0.74,-0.703,-0.329,0.567,-6.206,0.321,-0.977,-0.34,-0.41,0.869,-0.198,-0.511,-0.305,-0.179,-0.329,0.983,1.55,6.29,-1.0,0.086,-0.332,0.815,-0.282,2.328,-0.756,btn_A
1780980318.4889112,-0.839,-0.178,0.533,-0.847,0.031,-1.366,-0.698,-0.331,0.566,-6.282,0.191,-0.71,-0.338,-0.411,0.867,-0.458,0.023,0.641,-0.179,-0.33,0.985,1.046,7.359,-0.756,0.087,-0.329,0.814,-0.099,2.649,-0.229,btn_A
1780980318.5852768,-0.847,-0.173,0.533,-0.611,0.718,-0.099,-0.704,-0.332,0.568,-5.832,0.26,-0.443,-0.345,-0.41,0.861,0.389,-0.931,-0.237,-0.168,-0.334,1.011,1.366,3.702,-0.855,0.089,-0.335,0.812,0.473,1.74,-0.519,btn_A
1780980318.6884794,-0.823,-0.186,0.544,-0.221,-0.031,0.29,-0.742,-0.326,0.454,-4.466,13.344,3.672,-0.392,-0.435,0.823,16.511,42.641,7.321,-0.027,-0.075,0.312,244.137,-44.076,50.977,0.085,-0.313,0.8,21.588,11.588,6.328,btn_A
1780980318.8027477,-0.849,-0.167,0.521,-1.504,-1.443,1.817,-0.691,-0.328,0.581,-2.611,2.046,2.916,-0.361,-0.395,0.879,3.069,5.794,5.443,-0.133,0.139,1.05,86.084,-0.069,-4.901,0.067,-0.307,0.832,-4.038,17.267,1.809,btn_A
1780980318.9036922,-0.839,-0.163,0.542,-1.321,0.412,0.237,-0.738,-0.322,0.538,-4.649,6.023,1.802,-0.42,-0.359,0.86,-4.649,4.069,2.397,-0.194,0.266,1.088,44.45,2.534,-3.382,0.062,-0.3,0.82,1.58,0.229,1.519,btn_A
1780980319.0052936,-0.849,-0.167,0.54,-0.443,4.008,1.176,-0.738,-0.302,0.523,-6.702,-3.122,-0.473,-0.421,-0.369,0.845,-1.321,-0.771,0.244,-0.191,0.25,1.068,-0.397,5.275,-1.702,0.058,-0.3,0.834,-2.595,0.237,0.191,btn_A
1780980319.1007004,-0.846,-0.167,0.534,-1.267,1.718,-0.71,-0.739,-0.309,0.532,-6.924,-0.954,-1.687,-0.422,-0.368,0.845,-1.137,-2.504,-2.069,-0.181,0.282,0.999,-13.397,-0.053,-2.42,0.048,-0.286,0.824,-3.053,1.588,-0.527,btn_A
1780980319.2036698,-0.845,-0.166,0.53,-1.13,0.107,-0.84,-0.734,-0.311,0.544,-6.359,-2.855,-1.145,-0.413,-0.374,0.86,-1.557,-4.977,-1.687,-0.163,0.253,1.088,1.443,6.84,1.382,0.058,-0.309,0.833,-0.832,1.832,0.107,btn_A
1780980319.3179314,-0.842,-0.163,0.532,-0.573,3.16,-0.496,-0.741,-0.302,0.524,-7.13,-0.244,-0.351,-0.423,-0.367,0.845,-2.336,-3.229,-1.74,-0.182,0.294,0.949,-14.542,0.763,1.191,0.057,-0.308,0.833,-3.504,1.29,-0.397,btn_A
1780980319.4193022,-0.844,-0.159,0.522,-0.939,1.336,-2.489,-0.735,-0.307,0.535,-7.603,-8.351,-1.885,-0.404,-0.383,0.851,-0.893,-6.221,-2.71,-0.149,0.232,1.099,-12.13,0.588,0.176,0.063,-0.308,0.824,-1.229,-1.397,-0.031,btn_A
1780980319.5125732,-0.845,-0.154,0.535,-1.313,-2.061,-4.763,-0.736,-0.315,0.523,-11.481,-53.221,-7.008,-0.341,-0.415,0.879,-9.153,-57.809,-20.618,0.049,-0.332,-0.037,-250.137,67.168,-54.939,0.034,-0.326,0.884,-26.198,-23.053,-14.237,btn_A
1780980319.6156201,-0.847,-0.166,0.559,4.626,27.397,3.771,-0.685,-0.333,0.547,-2.313,21.221,1.702,-0.391,-0.359,0.832,-8.603,-17.176,-1.855,-0.179,-0.282,1.017,-5.145,-38.244,1.053,0.086,-0.339,0.83,-32.641,32.053,-4.802,btn_A
1780980319.7188222,-0.835,-0.174,0.542,-0.611,1.824,-1.023,-0.692,-0.326,0.577,-6.695,0.84,-1.061,-0.318,-0.401,0.877,-1.443,0.16,-0.122,-0.168,-0.29,1.013,-3.702,6.42,-1.237,0.092,-0.329,0.814,9.893,-10.504,1.214,btn_A
1780980319.821698,-0.84,-0.175,0.533,-1.115,2.87,-2.313,-0.697,-0.328,0.583,-7.603,3.023,-1.26,-0.325,-0.405,0.878,-2.84,3.931,0.466,-0.171,-0.296,1.018,-3.954,8.809,-1.924,0.077,-0.338,0.816,-3.618,3.87,-1.45,btn_A
1780980319.924265,-0.838,-0.173,0.542,-1.0,5.58,-0.634,-0.711,-0.329,0.552,-7.947,4.198,-1.672,-0.329,-0.408,0.865,-1.649,0.542,-0.58,-0.173,-0.3,1.005,-0.527,5.55,-1.908,0.078,-0.341,0.812,-1.252,-0.695,-0.809,btn_A
1780980320.0284715,-0.846,-0.18,0.533,-0.87,1.832,-0.679,-0.696,-0.33,0.572,-6.504,0.321,-0.061,-0.326,-0.405,0.867,0.45,-1.817,-0.053,-0.169,-0.304,1.01,0.885,6.13,-0.191,0.087,-0.33,0.817,-0.023,2.099,0.145,btn_A
1780980320.1306643,-0.834,-0.179,0.54,-1.061,0.603,-1.55,-0.698,-0.328,0.573,-6.298,0.275,0.366,-0.321,-0.409,0.877,-0.336,0.183,0.252,-0.169,-0.305,1.005,0.931,6.687,-0.542,0.078,-0.321,0.81,-0.496,2.473,0.214,btn_A
1780980320.237902,-0.842,-0.177,0.541,-0.87,1.565,-1.221,-0.702,-0.33,0.576,-5.901,0.313,-0.534,-0.331,-0.412,0.879,0.237,-0.74,-0.092,-0.163,-0.306,0.994,1.252,4.863,-0.84,0.079,-0.34,0.814,-1.26,1.214,-0.611,btn_A
1780980320.3361325,-0.842,-0.176,0.533,-0.435,1.847,0.221,-0.701,-0.331,0.58,-6.802,1.58,-1.008,-0.329,-0.407,0.873,-1.244,2.771,0.473,-0.171,-0.313,1.0,-0.282,7.908,-0.916,0.085,-0.329,0.82,-1.298,2.16,-0.061,btn_A
1780980320.4498465,-0.84,-0.177,0.534,-1.16,1.756,-1.435,-0.697,-0.328,0.575,-6.939,1.191,-0.611,-0.331,-0.411,0.872,-1.237,-0.282,-0.168,-0.162,-0.308,0.997,-0.168,7.634,-0.374,0.079,-0.338,0.82,-0.908,1.718,-0.237,btn_A
1780980320.5424414,-0.843,-0.175,0.531,-0.718,2.595,-0.084,-0.697,-0.332,0.568,-6.519,2.115,0.42,-0.332,-0.413,0.87,-0.336,-0.076,-0.092,-0.172,-0.314,0.993,-0.153,5.725,-0.771,0.086,-0.34,0.814,-0.679,2.542,-0.771,btn_A
1780980320.6496382,-0.843,-0.176,0.526,-0.748,2.046,-0.809,-0.701,-0.332,0.575,-6.107,0.786,-0.214,-0.333,-0.411,0.864,-0.511,0.053,-0.244,-0.17,-0.314,0.997,0.939,6.038,-0.557,0.083,-0.329,0.811,-0.618,1.588,-0.008,btn_A
1780980320.7558563,-0.841,-0.175,0.529,-1.214,1.824,-1.115,-0.697,-0.332,0.571,-6.435,1.061,-0.977,-0.328,-0.407,0.866,-0.679,0.489,0.313,-0.179,-0.316,0.996,0.786,7.802,-0.893,0.084,-0.326,0.815,0.305,2.534,0.176,btn_A
1780980320.8518908,-0.84,-0.177,0.532,-0.802,1.977,-0.702,-0.704,-0.329,0.563,-5.748,0.542,-0.443,-0.331,-0.414,0.864,0.939,-1.214,-0.237,-0.17,-0.314,0.992,2.305,4.031,-1.023,0.09,-0.324,0.819,-1.183,1.229,-1.092,btn_A
1780980320.9547343,-0.847,-0.179,0.53,-0.427,-0.382,-0.855,-0.704,-0.334,0.569,-4.641,-1.206,-0.519,-0.329,-0.418,0.865,1.557,-3.137,-1.985,-0.17,-0.316,1.001,3.443,0.496,-2.969,0.102,-0.34,0.817,-1.672,-1.328,-2.695,btn_A
1780980321.069758,-0.836,-0.174,0.55,-0.634,-3.099,-1.069,-0.695,-0.32,0.582,-4.733,-1.489,-0.832,-0.32,-0.407,0.882,-0.466,-3.015,-1.229,-0.152,-0.311,0.997,0.779,3.908,-0.985,0.1,-0.35,0.806,-0.74,4.405,0.557,btn_A
1780980324.2539577,-0.841,-0.169,0.54,-1.298,2.527,-0.817,-0.7,-0.326,0.573,-6.641,1.115,-0.779,-0.328,-0.401,0.875,-0.832,0.534,-0.267,-0.162,-0.318,0.993,0.649,6.29,-1.237,0.086,-0.32,0.82,-0.29,2.511,0.275,btn_A
1780980324.3541024,-0.831,-0.176,0.544,-0.733,-0.328,-0.611,-0.701,-0.324,0.57,-6.481,0.893,-0.214,-0.321,-0.403,0.876,-0.13,0.519,0.763,-0.173,-0.316,0.999,1.313,7.87,-0.573,0.087,-0.316,0.815,0.107,3.481,-0.153,btn_A
1780980324.4567363,-0.839,-0.169,0.535,-1.069,1.153,-0.947,-0.7,-0.323,0.563,-6.672,0.359,-0.718,-0.325,-0.405,0.881,-0.214,-1.153,0.176,-0.168,-0.323,1.0,0.634,7.115,-0.519,0.081,-0.32,0.827,1.137,2.313,0.099,btn_A
1780980324.5706687,-0.839,-0.171,0.541,-0.74,0.58,-1.229,-0.704,-0.322,0.568,-6.221,0.267,-0.947,-0.322,-0.4,0.879,0.29,-0.649,0.16,-0.166,-0.325,0.997,1.542,6.221,0.122,0.073,-0.319,0.823,-1.298,3.634,-0.511,btn_A
1780980324.6682642,-0.837,-0.173,0.542,-0.725,1.115,-0.779,-0.701,-0.321,0.578,-6.336,0.298,-0.443,-0.323,-0.402,0.881,-0.618,-0.282,-0.473,-0.163,-0.322,0.996,1.084,6.58,-0.595,0.075,-0.323,0.828,0.031,2.397,-0.168,btn_A
1780980324.7717981,-0.842,-0.172,0.54,0.061,-1.603,-0.672,-0.693,-0.329,0.582,-2.947,8.656,1.282,-0.409,-0.37,0.89,3.534,-2.672,-3.916,-0.298,-0.813,2.0,250.13,91.626,128.779,0.108,-0.325,0.828,-0.038,5.725,3.183,btn_A
1780980324.869746,-0.829,-0.171,0.555,-0.756,-9.45,0.718,-0.704,-0.312,0.542,2.511,10.221,6.962,-0.376,-0.397,0.896,9.641,15.725,17.718,-0.352,0.243,0.725,121.71,18.237,-15.313,0.084,-0.298,0.842,23.679,-9.695,7.053,btn_A
1780980324.9719963,-0.832,-0.15,0.555,-1.344,-3.076,-1.099,-0.714,-0.297,0.559,-3.718,5.412,0.023,-0.355,-0.385,0.89,2.405,16.183,7.168,-0.162,0.176,0.98,52.763,16.794,-13.275,0.074,-0.286,0.847,-2.183,10.351,1.847,btn_A
1780980325.0851092,-0.831,-0.162,0.557,-0.489,-1.504,-0.962,-0.726,-0.302,0.57,-5.824,-0.763,-0.29,-0.408,-0.367,0.865,0.198,-2.191,-0.252,-0.174,0.265,1.042,2.031,7.29,-2.336,0.064,-0.277,0.833,4.267,-0.481,0.458,btn_A
1780980325.1842637,-0.836,-0.157,0.552,-2.359,1.191,-2.992,-0.729,-0.301,0.54,-7.885,-13.542,-2.191,-0.413,-0.377,0.867,-3.542,-13.282,-5.252,-0.185,0.262,0.942,-36.504,-3.656,2.038,0.05,-0.272,0.829,-4.122,1.321,-1.649,btn_A
1780980325.2863133,-0.844,-0.156,0.541,-0.779,-3.275,-3.122,-0.745,-0.315,0.553,-8.458,-38.069,-1.847,-0.345,-0.413,0.87,-0.198,-51.427,-15.809,-0.002,-0.053,-0.44,-250.137,72.42,-50.802,0.012,-0.261,0.804,-37.656,-33.328,-11.221,btn_A
1780980325.384146,-0.811,-0.221,0.605,10.42,37.687,9.542,-0.719,-0.291,0.527,-3.099,25.931,2.13,-0.378,-0.345,0.868,-14.137,-10.13,-0.977,-0.197,-0.28,0.976,-7.718,-30.672,-1.435,0.086,-0.319,0.845,-56.412,28.031,-10.038,btn_A
1780980325.4867768,-0.828,-0.17,0.568,-0.45,2.557,-1.107,-0.68,-0.306,0.617,-6.901,0.237,-1.504,-0.294,-0.383,0.899,-1.389,-2.87,-1.725,-0.16,-0.278,1.015,-0.824,4.229,-1.878,0.085,-0.325,0.83,12.412,-11.0,2.763,btn_A
1780980325.5898921,-0.821,-0.166,0.565,-1.153,4.397,-0.489,-0.689,-0.309,0.61,-6.58,1.885,-0.916,-0.296,-0.39,0.898,-0.443,-0.939,-0.733,-0.164,-0.276,0.994,-0.115,4.557,-0.649,0.094,-0.317,0.817,-5.191,5.244,-0.405,btn_A
1780980325.7024353,-0.818,-0.171,0.579,-0.756,0.863,-0.725,-0.677,-0.308,0.604,-6.786,1.847,-0.092,-0.292,-0.388,0.899,-0.885,0.893,1.0,-0.173,-0.276,1.013,0.496,9.183,-0.832,0.08,-0.317,0.819,1.87,1.931,0.565,btn_A
1780980325.801283,-0.824,-0.166,0.567,-0.847,2.779,0.153,-0.682,-0.31,0.606,-6.244,2.046,-0.137,-0.298,-0.388,0.896,-0.519,0.031,0.557,-0.166,-0.278,1.007,1.282,6.305,0.084,0.089,-0.318,0.825,-0.382,0.885,0.466,btn_A
1780980325.898614,-0.821,-0.174,0.573,-1.023,2.947,-0.702,-0.684,-0.311,0.609,-7.092,2.229,0.443,-0.298,-0.386,0.894,-0.847,3.504,0.84,-0.163,-0.28,1.021,0.565,9.42,0.206,0.083,-0.311,0.819,0.664,4.023,0.992,btn_A
1780980326.0017974,-0.825,-0.171,0.574,-1.527,3.954,0.237,-0.686,-0.311,0.601,-7.122,2.183,0.389,-0.3,-0.387,0.89,-0.947,2.221,0.55,-0.179,-0.281,1.01,0.977,8.389,-0.252,0.077,-0.308,0.82,-1.901,2.405,-0.687,btn_A
1780980326.1046062,-0.82,-0.166,0.57,-0.809,2.389,-1.336,-0.679,-0.305,0.598,-6.534,0.992,-0.985,-0.296,-0.386,0.896,-1.267,0.389,0.924,-0.171,-0.284,1.017,0.122,7.664,-0.939,0.092,-0.321,0.798,-0.885,2.214,-0.046,btn_A
1780980326.2077124,-0.826,-0.175,0.572,-1.214,2.71,-0.458,-0.681,-0.307,0.601,-7.046,2.153,-0.382,-0.294,-0.387,0.886,-1.466,1.84,0.878,-0.164,-0.285,1.002,0.107,7.962,0.641,0.087,-0.317,0.817,0.573,2.557,0.763,btn_A
1780980326.3191192,-0.819,-0.169,0.57,-1.298,2.252,-0.893,-0.682,-0.309,0.599,-6.74,1.733,-0.275,-0.305,-0.39,0.888,-1.664,1.947,-0.069,-0.174,-0.29,1.007,0.794,7.595,-0.351,0.088,-0.316,0.805,-1.053,2.74,0.244,btn_A
1780980326.4190006,-0.822,-0.173,0.566,-0.794,1.947,-0.122,-0.684,-0.311,0.599,-6.405,1.427,0.557,-0.303,-0.395,0.897,-0.519,0.344,0.061,-0.174,-0.286,1.004,1.053,8.008,0.145,0.09,-0.319,0.81,0.496,2.748,-0.603,btn_A
1780980326.5170689,-0.822,-0.17,0.57,-1.298,2.053,-1.321,-0.68,-0.309,0.602,-6.237,1.145,-0.321,-0.301,-0.389,0.887,-0.137,0.107,0.504,-0.171,-0.292,1.0,0.863,6.527,-1.313,0.096,-0.32,0.817,-0.664,1.618,-0.038,btn_A
1780980326.6195986,-0.827,-0.177,0.567,-0.893,1.557,-0.427,-0.686,-0.313,0.604,-6.443,0.718,-0.672,-0.302,-0.393,0.888,-0.756,1.076,0.817,-0.172,-0.292,1.003,0.664,8.099,0.084,0.086,-0.319,0.817,-0.473,2.397,0.168,btn_A
1780980326.7228415,-0.827,-0.17,0.568,-0.794,1.733,-1.099,-0.684,-0.31,0.607,-6.695,1.389,-0.473,-0.312,-0.392,0.895,-0.847,0.71,0.366,-0.176,-0.29,1.004,0.069,7.817,-0.817,0.081,-0.318,0.83,-0.252,1.916,0.496,btn_A
1780980326.840703,-0.829,-0.168,0.561,-1.252,1.779,-0.695,-0.682,-0.314,0.607,-6.603,1.206,-0.58,-0.308,-0.393,0.895,-0.496,-1.084,-0.305,-0.175,-0.292,1.004,0.26,6.84,-0.069,0.089,-0.317,0.826,0.076,2.466,-0.359,btn_A
1780980326.9401228,-0.826,-0.172,0.564,-0.74,1.351,-1.0,-0.686,-0.313,0.593,-6.008,0.885,-0.435,-0.306,-0.393,0.886,-0.122,0.481,0.275,-0.175,-0.292,1.002,0.519,7.168,-0.878,0.085,-0.326,0.821,-0.954,2.382,0.42,btn_A
1780980327.031994,-0.824,-0.168,0.57,-0.847,1.176,-0.855,-0.691,-0.31,0.603,-6.641,1.542,-0.305,-0.311,-0.393,0.891,-0.641,0.924,0.427,-0.178,-0.3,1.0,0.87,7.672,0.092,0.096,-0.314,0.822,-0.756,2.595,0.282,btn_A
1780980327.1347678,-0.823,-0.167,0.567,-0.641,1.061,-0.595,-0.685,-0.313,0.593,-6.595,0.863,0.107,-0.312,-0.392,0.89,-0.473,1.351,0.634,-0.176,-0.299,0.991,1.008,7.947,-0.511,0.094,-0.323,0.816,-0.763,2.076,0.427,btn_A
1780980327.2379074,-0.827,-0.165,0.562,-1.267,2.137,-1.267,-0.688,-0.314,0.598,-6.786,0.763,-0.802,-0.312,-0.393,0.887,-0.206,-0.069,-0.344,-0.178,-0.298,1.003,1.244,6.74,-0.115,0.082,-0.318,0.818,-0.756,2.527,-0.069,btn_A
1780980330.4360495,-0.829,-0.169,0.552,-0.618,0.611,-0.366,-0.691,-0.316,0.587,-6.374,0.664,-0.641,-0.313,-0.396,0.882,-0.435,-0.42,-0.214,-0.178,-0.305,0.998,1.252,7.145,-0.641,0.094,-0.312,0.824,-0.214,3.053,-0.107,btn_A
1780980330.5391731,-0.83,-0.171,0.556,-1.237,1.588,-0.87,-0.691,-0.319,0.592,-6.237,0.824,0.168,-0.316,-0.4,0.889,-0.321,-0.527,0.389,-0.18,-0.305,1.001,1.664,6.947,-0.443,0.087,-0.312,0.817,-0.435,2.122,-0.351,btn_A
1780980330.6372242,-0.833,-0.174,0.556,-0.573,0.954,-0.718,-0.692,-0.317,0.595,-6.252,0.504,-0.237,-0.312,-0.395,0.888,-0.168,-0.29,0.344,-0.181,-0.301,1.002,1.496,6.466,-0.939,0.088,-0.315,0.812,-0.695,2.817,-0.71,btn_A
1780980330.740277,-0.828,-0.172,0.556,-0.855,1.824,-0.702,-0.691,-0.315,0.595,-6.176,0.336,-1.046,-0.315,-0.395,0.883,-0.061,-0.16,-0.176,-0.181,-0.302,1.005,1.656,6.511,-0.359,0.093,-0.312,0.814,-0.511,1.733,-0.122,btn_A
1780980330.8513558,-0.83,-0.169,0.556,-0.534,1.458,-0.969,-0.692,-0.313,0.594,-5.718,0.29,-0.443,-0.316,-0.394,0.881,0.13,-0.115,-0.656,-0.181,-0.306,1.0,1.573,5.473,-1.046,0.091,-0.311,0.816,-0.878,3.023,-1.13,btn_A
1780980330.9513085,-0.834,-0.174,0.553,0.702,-4.58,-1.183,-0.749,-0.285,0.472,-3.328,-6.885,2.092,-0.301,-0.397,0.926,-5.122,15.771,3.305,0.138,-0.742,0.471,250.13,-64.191,166.122,0.166,-0.36,0.878,38.153,10.313,11.107,btn_A
1780980331.049096,-0.833,-0.16,0.551,2.008,-3.718,1.298,-0.739,-0.299,0.498,-1.107,-18.252,2.42,-0.423,-0.331,0.833,1.573,0.809,5.71,-0.235,0.32,0.697,27.588,-0.511,-8.511,0.086,-0.285,0.831,7.092,-1.527,1.504,btn_A
1780980331.152267,-0.836,-0.16,0.556,-0.244,4.847,1.198,-0.73,-0.288,0.535,-5.893,4.771,-0.061,-0.411,-0.358,0.845,0.611,8.374,1.763,-0.195,0.238,1.074,5.046,4.435,-4.649,0.064,-0.275,0.839,-4.87,3.267,0.763,btn_A
1780980331.2552474,-0.833,-0.156,0.557,-2.008,1.534,-1.267,-0.734,-0.292,0.537,-5.603,0.076,-0.84,-0.431,-0.362,0.86,-1.603,-0.183,1.046,-0.165,0.266,1.144,16.008,8.565,-0.718,0.071,-0.284,0.836,2.336,-0.695,2.191,btn_A
1780980331.3688731,-0.833,-0.154,0.552,-0.237,2.183,-0.26,-0.727,-0.301,0.555,-4.489,6.504,0.29,-0.437,-0.349,0.829,1.863,5.275,2.221,-0.385,0.348,0.871,-11.45,6.985,2.344,0.062,-0.261,0.827,-1.885,5.366,-0.511,btn_A
1780980331.4616337,-0.833,-0.158,0.564,-0.794,5.481,0.779,-0.739,-0.288,0.53,-6.649,5.076,-0.809,-0.427,-0.344,0.822,-2.267,-4.55,-1.565,-0.221,0.329,0.95,-9.733,-0.015,1.282,0.064,-0.272,0.816,-7.198,-1.244,-0.748,btn_A
1780980331.5645306,-0.83,-0.161,0.556,-0.954,-4.817,-4.649,-0.709,-0.286,0.528,-7.496,-37.221,-5.267,-0.386,-0.359,0.866,-17.458,-49.55,-19.221,-0.101,0.211,-0.125,-243.504,-7.42,-14.702,0.047,-0.266,0.815,-19.107,-13.557,-6.878,btn_A
1780980331.6675124,-0.681,-0.086,0.925,-20.931,-8.282,-7.084,-0.79,-0.22,0.437,-2.916,3.641,3.527,-0.305,-0.385,0.918,-40.649,-12.015,-1.412,-0.156,-0.297,0.798,9.137,81.733,-5.473,0.086,-0.393,0.875,47.191,-21.023,6.099,btn_A
1780980331.77003,-0.819,-0.174,0.58,-0.763,2.74,-0.099,-0.674,-0.304,0.614,-6.267,3.237,0.458,-0.301,-0.38,0.901,0.519,-2.809,0.023,-0.171,-0.265,1.018,-0.55,1.237,-0.656,0.051,-0.329,0.832,-13.183,9.015,-2.153,btn_A
1780980331.8776054,-0.817,-0.169,0.579,-1.382,-0.359,-1.328,-0.674,-0.307,0.618,-6.496,1.176,-1.107,-0.295,-0.386,0.903,-0.908,1.611,0.298,-0.17,-0.272,1.012,-0.099,8.817,-0.885,0.081,-0.306,0.83,3.26,0.206,0.634,btn_A
1780980331.9779541,-0.826,-0.172,0.57,-1.069,2.466,-0.336,-0.676,-0.309,0.616,-6.298,1.427,-0.656,-0.297,-0.386,0.905,-0.924,0.771,0.214,-0.172,-0.271,1.012,-0.74,6.908,-0.183,0.089,-0.315,0.821,-0.962,2.626,0.145,btn_A
1780980332.086709,-0.82,-0.165,0.574,-0.595,1.595,-0.496,-0.678,-0.305,0.613,-6.267,1.305,-0.038,-0.299,-0.386,0.9,-0.634,0.885,0.214,-0.168,-0.278,1.012,-0.069,6.931,-0.351,0.095,-0.316,0.817,-0.473,1.519,-0.084,btn_A
1780980332.1973758,-0.821,-0.167,0.577,-0.84,3.237,-0.733,-0.677,-0.305,0.619,-6.626,1.725,0.237,-0.299,-0.388,0.898,-0.588,0.824,0.137,-0.179,-0.279,1.016,0.489,7.298,-0.939,0.087,-0.316,0.812,-0.802,3.031,-0.412,btn_A
1780980332.2852912,-0.818,-0.167,0.568,-1.29,3.382,-0.527,-0.677,-0.306,0.607,-6.908,2.435,-0.29,-0.304,-0.386,0.892,-0.962,1.672,0.496,-0.172,-0.285,1.005,0.443,7.779,-0.588,0.094,-0.315,0.817,-0.42,1.427,0.618,btn_A
1780980332.4018939,-0.823,-0.166,0.576,-0.916,1.26,-1.26,-0.681,-0.308,0.604,-6.649,0.656,-0.725,-0.307,-0.386,0.894,-0.405,0.13,0.313,-0.163,-0.285,1.011,0.382,7.397,-0.237,0.091,-0.303,0.826,-1.099,2.321,0.221,btn_A
1780980332.497466,-0.824,-0.169,0.577,-0.87,1.878,-0.267,-0.678,-0.308,0.606,-6.519,0.947,-0.313,-0.308,-0.389,0.89,-0.344,-0.763,-0.008,-0.17,-0.279,1.015,0.55,6.527,-0.229,0.11,-0.327,0.809,-1.168,2.618,0.008,btn_A
1780980332.600579,-0.818,-0.167,0.568,-1.45,2.061,-1.427,-0.682,-0.306,0.609,-6.557,1.733,-0.557,-0.301,-0.391,0.889,-0.802,1.023,-0.008,-0.168,-0.289,1.003,0.725,7.947,-0.198,0.089,-0.314,0.826,-0.969,2.641,-0.092,btn_A
1780980332.7086682,-0.825,-0.167,0.576,-1.145,2.832,-0.382,-0.685,-0.309,0.608,-7.176,2.023,-0.969,-0.305,-0.389,0.899,-1.275,2.099,0.473,-0.174,-0.291,1.002,0.244,9.092,-0.176,0.095,-0.312,0.813,-0.405,2.489,0.618,btn_A
1780980332.8001614,-0.822,-0.168,0.572,-0.725,2.832,-1.496,-0.68,-0.31,0.602,-6.878,1.366,-0.298,-0.303,-0.396,0.888,-1.061,0.473,0.687,-0.176,-0.291,1.009,0.672,7.359,-0.534,0.088,-0.321,0.814,-0.275,2.679,0.527,btn_A
1780980332.9032173,-0.824,-0.169,0.566,-1.191,1.603,-1.137,-0.683,-0.309,0.605,-6.473,0.26,-0.29,-0.307,-0.391,0.895,-0.313,-0.466,-0.061,-0.173,-0.29,1.001,0.954,7.0,-0.634,0.094,-0.308,0.818,-0.74,1.557,0.069,btn_A
1780980333.005988,-0.828,-0.169,0.568,-0.954,1.794,-1.145,-0.687,-0.311,0.598,-6.817,0.282,-1.0,-0.305,-0.389,0.877,-0.656,-0.084,-0.244,-0.176,-0.294,0.99,1.344,6.664,-0.496,0.087,-0.316,0.826,-0.916,1.969,0.275,btn_A
1780980333.1166253,-0.822,-0.171,0.561,-0.847,1.618,-0.344,-0.683,-0.308,0.606,-6.42,0.763,-0.863,-0.309,-0.397,0.897,-0.939,0.176,-0.473,-0.18,-0.294,1.006,0.954,6.641,-0.489,0.086,-0.313,0.819,-1.214,2.0,0.221,btn_A
1780980333.2174,-0.822,-0.17,0.565,-1.29,1.618,-1.481,-0.685,-0.313,0.601,-6.008,1.191,-0.298,-0.309,-0.395,0.885,-0.603,0.496,0.626,-0.179,-0.294,1.012,1.061,6.885,-0.473,0.086,-0.316,0.811,-0.695,1.847,0.214,btn_A
1780980333.3285706,-0.82,-0.17,0.566,-1.015,1.954,-0.618,-0.685,-0.31,0.604,-6.336,0.756,0.084,-0.311,-0.394,0.889,-0.405,-0.45,0.405,-0.177,-0.291,1.003,1.29,6.863,-0.534,0.094,-0.315,0.817,-0.366,2.229,-0.053,btn_A
1780980336.5195673,-0.826,-0.174,0.568,-0.641,1.519,0.115,-0.685,-0.31,0.596,-6.397,0.55,-0.565,-0.308,-0.394,0.889,-0.267,-0.42,-0.214,-0.173,-0.296,1.01,1.565,6.855,-0.496,0.092,-0.318,0.821,-0.405,2.237,-0.038,btn_A
1780980336.6113696,-0.824,-0.167,0.565,-1.038,0.985,-0.718,-0.687,-0.311,0.604,-6.58,1.122,0.031,-0.312,-0.396,0.885,-0.397,-0.458,-0.336,-0.177,-0.295,1.002,0.992,6.504,-0.351,0.086,-0.322,0.822,-0.466,3.023,0.565,btn_A
1780980336.7193873,-0.826,-0.172,0.574,-1.046,1.679,-0.626,-0.683,-0.309,0.593,-5.916,0.679,0.542,-0.308,-0.39,0.896,-0.573,0.221,0.214,-0.179,-0.296,1.004,1.779,6.565,-0.802,0.089,-0.314,0.824,0.038,2.046,-0.023,btn_A
1780980336.8189049,-0.826,-0.17,0.567,-0.573,1.527,-0.618,-0.689,-0.312,0.603,-6.275,0.092,-0.718,-0.307,-0.396,0.894,-0.221,0.252,0.435,-0.179,-0.3,1.012,1.183,6.893,-0.527,0.094,-0.319,0.819,-0.947,2.611,-0.389,btn_A
1780980336.9205441,-0.825,-0.167,0.562,-1.191,0.794,-1.351,-0.682,-0.314,0.601,-6.137,0.687,-0.878,-0.311,-0.394,0.889,-0.359,0.282,0.221,-0.175,-0.303,1.001,1.351,6.977,-0.748,0.092,-0.323,0.819,-0.45,2.237,-0.069,btn_A
1780980337.0234935,-0.82,-0.169,0.565,-0.924,1.718,-0.885,-0.685,-0.316,0.594,-6.344,0.527,-0.573,-0.311,-0.396,0.885,0.122,-0.053,-0.099,-0.175,-0.298,1.003,1.16,6.397,-0.336,0.085,-0.315,0.821,-0.473,1.458,0.183,btn_A
1780980337.1262734,-0.823,-0.169,0.573,-0.588,0.237,-0.954,-0.687,-0.308,0.602,-5.885,0.87,-0.588,-0.309,-0.393,0.886,-0.473,-0.557,-0.237,-0.176,-0.298,1.001,1.412,7.756,-0.183,0.082,-0.321,0.819,-0.511,2.573,0.053,btn_A
1780980337.2372615,-0.825,-0.171,0.565,-0.908,1.527,-0.267,-0.686,-0.312,0.596,-6.687,1.038,-0.534,-0.312,-0.394,0.891,-0.366,0.702,0.702,-0.171,-0.3,1.009,1.359,7.214,-0.557,0.096,-0.321,0.81,-0.435,2.702,-0.023,btn_A
1780980337.332242,-0.825,-0.171,0.568,-0.679,-0.198,-1.267,-0.68,-0.313,0.604,-4.977,-1.038,0.183,-0.309,-0.4,0.894,1.756,-0.695,2.046,-0.284,-0.537,2.0,-24.672,13.947,-10.565,0.081,-0.297,0.808,1.794,5.618,-3.87,btn_A
1780980337.435157,-0.824,-0.156,0.562,0.626,12.389,6.405,-0.762,-0.325,0.493,-2.221,2.672,1.786,-0.448,-0.378,0.775,6.527,8.214,9.221,-0.046,0.315,0.602,76.534,-9.389,-7.351,0.071,-0.292,0.824,-16.237,-4.824,-3.0,btn_A
1780980337.5384715,-0.839,-0.148,0.556,-0.351,3.664,1.13,-0.726,-0.295,0.585,-4.695,1.046,0.573,-0.372,-0.365,0.848,-4.267,-3.084,-1.191,-0.13,0.262,1.042,18.756,7.489,-0.466,0.086,-0.283,0.824,-2.023,3.122,1.252,btn_A
1780980337.6521175,-0.83,-0.155,0.554,-0.412,-0.542,-1.26,-0.712,-0.29,0.557,-5.893,2.679,-0.031,-0.394,-0.369,0.856,2.015,5.87,2.672,-0.153,0.283,1.083,16.031,11.397,-3.061,0.068,-0.292,0.824,2.122,1.267,1.389,btn_A
1780980337.7537055,-0.831,-0.155,0.562,-2.198,-1.725,-2.168,-0.736,-0.291,0.542,-5.802,2.931,0.481,-0.434,-0.361,0.852,-0.687,3.595,0.519,-0.208,0.282,1.016,6.481,9.405,3.137,0.074,-0.272,0.848,2.458,3.748,-0.252,btn_A
1780980337.8590877,-0.828,-0.161,0.569,-1.74,-0.321,-1.496,-0.732,-0.287,0.54,-6.595,-3.656,-0.221,-0.424,-0.354,0.841,-2.115,-7.664,-3.74,-0.223,0.333,0.871,-21.931,0.298,4.389,0.065,-0.284,0.843,-1.687,2.153,-0.527,btn_A
1780980337.9506896,-0.819,-0.172,0.577,-1.634,-10.076,-6.947,-0.72,-0.266,0.445,-10.832,-70.244,-6.664,-0.38,-0.395,0.827,7.863,-86.443,-21.55,-0.007,-0.464,0.459,-250.137,69.198,-41.855,0.103,-0.332,0.865,-40.672,-24.817,-11.855,btn_A
1780980338.0674653,-0.857,-0.168,0.512,-3.206,-9.344,-2.702,-0.684,-0.296,0.595,-8.504,-9.015,-1.458,-0.28,-0.406,0.89,-7.16,-14.26,-2.626,-0.149,-0.263,1.043,-2.786,-13.649,-0.893,0.132,-0.373,0.849,-18.893,8.542,-2.718,btn_A
1780980338.1667411,-0.815,-0.17,0.585,-1.267,-1.145,-1.282,-0.669,-0.302,0.625,-6.565,0.519,-0.84,-0.288,-0.38,0.904,-1.397,2.282,0.397,-0.177,-0.268,1.008,0.145,9.786,-0.618,0.1,-0.312,0.801,2.656,0.969,-0.015,btn_A
1780980338.266737,-0.816,-0.17,0.583,-0.573,2.534,-0.916,-0.671,-0.303,0.621,-6.962,1.015,-0.374,-0.291,-0.379,0.906,-1.603,0.313,0.076,-0.181,-0.272,1.007,-2.443,7.023,-0.695,0.1,-0.324,0.819,-0.817,2.771,0.466,btn_A
1780980338.367375,-0.817,-0.17,0.581,-1.092,1.664,-1.046,-0.67,-0.304,0.623,-6.321,1.229,-0.565,-0.295,-0.379,0.899,-1.168,0.924,-0.412,-0.178,-0.273,1.006,-1.069,7.076,-1.076,0.09,-0.315,0.824,-1.229,2.237,-0.145,btn_A
1780980338.465562,-0.819,-0.171,0.577,-0.84,1.145,-1.702,-0.666,-0.307,0.617,-6.679,1.244,-0.397,-0.291,-0.382,0.906,-0.985,0.435,0.008,-0.182,-0.277,1.006,-0.786,6.824,-0.496,0.084,-0.318,0.828,0.198,2.855,0.412,btn_A
1780980338.5687137,-0.814,-0.172,0.582,-0.702,1.351,-0.221,-0.672,-0.305,0.621,-6.55,0.641,-0.084,-0.294,-0.384,0.899,-0.565,-0.87,-0.076,-0.177,-0.276,1.012,0.931,6.489,-0.771,0.093,-0.315,0.813,-1.137,1.58,-0.153,btn_A
1780980338.6716602,-0.815,-0.169,0.581,-1.504,1.061,-1.435,-0.677,-0.311,0.616,-6.779,0.618,-1.168,-0.292,-0.382,0.896,-0.641,0.443,0.084,-0.179,-0.281,1.009,1.053,7.145,-0.763,0.097,-0.318,0.812,-0.695,2.344,0.122,btn_A
1780980338.7834039,-0.811,-0.173,0.578,-0.878,1.092,-0.664,-0.672,-0.308,0.626,-6.29,0.443,-0.313,-0.292,-0.381,0.902,-0.649,0.588,-0.069,-0.181,-0.278,1.007,0.969,8.008,-0.473,0.113,-0.315,0.8,-0.634,2.244,0.748,btn_A
1780980338.8838093,-0.818,-0.166,0.577,-0.634,1.802,-0.824,-0.675,-0.309,0.614,-5.855,0.756,0.092,-0.292,-0.388,0.902,-0.13,-0.435,-0.115,-0.179,-0.281,1.006,1.046,6.847,-0.565,0.094,-0.313,0.815,0.29,1.725,-0.16,btn_A
1780980338.9804056,-0.819,-0.17,0.576,-0.969,1.489,-1.015,-0.672,-0.311,0.62,-6.649,1.336,-0.374,-0.299,-0.386,0.898,-0.763,0.947,0.84,-0.179,-0.279,1.007,0.496,8.107,-0.427,0.094,-0.317,0.82,-0.802,2.229,0.023,btn_A
1780980339.083396,-0.822,-0.171,0.58,-1.015,1.13,-1.214,-0.674,-0.311,0.618,-6.763,1.321,-0.786,-0.296,-0.38,0.897,-0.87,0.427,0.008,-0.176,-0.283,1.009,0.412,7.046,-0.588,0.1,-0.324,0.818,-0.076,2.527,0.656,btn_A
1780980339.186462,-0.82,-0.174,0.576,-0.786,1.573,-0.588,-0.677,-0.308,0.611,-6.489,0.908,-0.427,-0.297,-0.383,0.896,-0.405,0.412,-0.382,-0.183,-0.286,1.007,1.695,6.344,-0.282,0.091,-0.324,0.83,-0.305,2.481,-0.252,btn_A
1780980339.3019757,-0.821,-0.175,0.573,-0.939,0.611,-0.87,-0.675,-0.311,0.62,-6.641,0.29,-0.359,-0.295,-0.387,0.896,-0.252,-0.282,-0.061,-0.181,-0.284,1.006,1.244,7.229,-0.573,0.097,-0.319,0.814,-1.076,1.481,0.069,btn_A
1780980339.3997457,-0.816,-0.171,0.576,-1.344,1.107,-1.351,-0.672,-0.31,0.613,-6.313,1.046,-0.336,-0.297,-0.385,0.903,-0.237,-0.015,0.756,-0.181,-0.283,1.01,1.473,7.298,-0.412,0.089,-0.314,0.821,-0.618,1.969,0.015,btn_A
1780980339.4954913,-0.823,-0.17,0.58,-1.137,2.13,-0.679,-0.678,-0.308,0.618,-6.595,1.26,-0.313,-0.298,-0.385,0.897,-0.397,0.405,0.481,-0.187,-0.281,1.005,1.145,7.496,-0.466,0.097,-0.319,0.812,-0.771,1.542,0.397,btn_A
1780980342.6885881,-0.82,-0.169,0.574,-0.481,0.076,-0.595,-0.681,-0.31,0.604,-5.87,0.382,-0.298,-0.311,-0.386,0.893,0.122,-0.832,-0.786,-0.177,-0.287,1.008,1.565,5.672,-0.916,0.1,-0.322,0.818,-0.985,1.489,-0.084,btn_A
1780980342.8014634,-0.816,-0.173,0.569,-1.053,0.718,-1.313,-0.676,-0.312,0.603,-6.267,0.313,-0.763,-0.299,-0.382,0.896,-0.87,0.122,-0.458,-0.185,-0.289,1.01,1.427,6.687,-0.29,0.094,-0.325,0.814,-0.985,3.16,0.13,btn_A
1780980342.9014068,-0.821,-0.171,0.572,-1.328,3.351,-0.137,-0.677,-0.31,0.613,-7.26,1.718,-0.206,-0.298,-0.389,0.889,-0.863,0.924,0.985,-0.188,-0.288,1.002,0.969,8.0,0.344,0.087,-0.326,0.814,-0.817,2.924,0.443,btn_A
1780980342.9974384,-0.824,-0.171,0.567,-1.397,3.763,-0.733,-0.681,-0.316,0.607,-7.504,1.641,-0.443,-0.304,-0.391,0.892,-1.611,1.076,0.069,-0.187,-0.294,0.995,0.313,7.115,-0.656,0.093,-0.321,0.823,-1.42,0.794,0.115,btn_A
1780980343.1003644,-0.823,-0.174,0.584,-1.916,3.542,-1.427,-0.68,-0.31,0.59,-5.496,0.672,-0.099,-0.3,-0.393,0.898,0.565,-0.252,0.053,-0.19,-0.288,1.004,1.55,7.374,-0.427,0.089,-0.32,0.813,0.634,1.366,-0.061,btn_A
1780980343.2147927,-0.825,-0.171,0.571,-0.74,1.16,-1.046,-0.678,-0.314,0.603,-6.015,-0.244,-1.26,-0.302,-0.391,0.894,-0.321,-0.282,-0.229,-0.183,-0.289,1.0,1.252,6.916,-0.458,0.09,-0.318,0.821,-0.267,2.71,0.168,btn_A
1780980343.3206239,-0.822,-0.172,0.573,-0.611,0.71,-0.115,-0.681,-0.308,0.608,-5.794,0.069,-0.359,-0.298,-0.393,0.891,0.275,-0.115,0.092,-0.186,-0.292,1.007,1.611,5.748,-0.725,0.092,-0.318,0.819,-0.977,1.832,-0.427,btn_A
1780980343.415056,-0.824,-0.17,0.57,-0.443,-0.42,-0.924,-0.682,-0.311,0.608,-5.443,-0.557,0.198,-0.299,-0.389,0.898,0.985,-1.046,-0.153,-0.192,-0.31,1.014,-0.634,2.221,-0.985,0.087,-0.32,0.817,-0.763,0.733,-1.855,btn_A
1780980343.51254,-0.809,-0.175,0.592,1.687,7.099,1.229,-0.68,-0.326,0.615,-4.466,9.183,0.45,-0.332,-0.376,0.878,2.153,15.389,3.687,-0.139,-0.179,1.191,134.794,-4.748,24.122,0.095,-0.315,0.843,6.282,8.198,0.733,btn_A
1780980343.6156476,-0.829,-0.166,0.562,-0.053,5.992,2.275,-0.667,-0.323,0.654,-2.733,19.962,2.893,-0.409,-0.358,0.824,6.496,23.702,11.427,-0.104,0.138,0.844,104.595,-1.664,-15.366,0.056,-0.303,0.849,9.595,4.115,4.443,btn_A
1780980343.7187145,-0.836,-0.153,0.551,-0.84,3.802,0.229,-0.726,-0.302,0.575,-1.794,22.031,1.557,-0.403,-0.355,0.86,2.351,13.183,7.511,-0.188,0.309,0.839,30.794,14.336,-12.763,0.081,-0.281,0.826,5.092,5.443,1.397,btn_A
1780980343.8352935,-0.83,-0.163,0.547,-0.809,2.847,0.618,-0.734,-0.299,0.537,-4.87,4.672,1.397,-0.441,-0.342,0.84,0.718,2.023,0.733,-0.215,0.291,1.038,-0.901,5.183,-0.397,0.058,-0.268,0.839,-4.389,0.519,-0.573,btn_A
1780980343.9250255,-0.831,-0.162,0.558,-0.053,2.458,-0.611,-0.727,-0.29,0.547,-6.901,-6.153,-1.817,-0.405,-0.366,0.882,-2.977,-8.351,-1.855,-0.117,0.3,1.03,5.099,4.885,-2.435,0.052,-0.282,0.846,-1.817,2.649,0.099,btn_A
1780980344.028448,-0.833,-0.155,0.557,-0.267,1.771,-0.328,-0.729,-0.294,0.551,-6.779,-2.718,-1.229,-0.421,-0.353,0.855,-1.771,-4.214,-3.962,-0.227,0.298,0.992,-21.885,-1.374,3.832,0.068,-0.274,0.832,-5.031,0.763,-0.603,btn_A
1780980344.1306622,-0.827,-0.16,0.556,-1.069,-1.053,-2.962,-0.718,-0.296,0.558,-8.496,-21.092,-3.496,-0.424,-0.366,0.856,-6.252,-32.405,-15.107,-0.303,0.166,0.939,-110.939,-31.008,22.107,0.042,-0.27,0.817,-16.321,-4.275,-7.351,btn_A
1780980344.2341158,-0.832,-0.162,0.558,-0.389,3.893,-0.214,-0.702,-0.289,0.549,-6.412,-7.679,-0.603,-0.349,-0.367,0.931,-1.504,-17.145,-6.985,-0.222,0.244,-0.329,-250.137,51.916,-33.42,0.082,-0.292,0.824,-16.435,-11.824,-5.802,btn_A
1780980344.3498456,-0.779,-0.247,0.565,24.924,32.214,10.45,-0.661,-0.327,0.73,-10.725,8.489,-1.626,-0.301,-0.397,0.881,24.794,38.954,4.939,-0.238,-0.243,0.993,-10.168,13.687,-1.008,0.109,-0.235,0.681,-15.092,16.183,-2.023,btn_A
1780980344.4395535,-0.829,-0.166,0.569,-0.817,2.244,-0.695,-0.684,-0.304,0.605,-6.313,0.061,-0.275,-0.298,-0.38,0.887,-1.115,-1.221,-0.771,-0.161,-0.271,1.007,-1.405,5.389,-0.893,0.082,-0.321,0.83,10.824,-6.496,1.771,btn_A
1780980344.542538,-0.825,-0.169,0.572,-0.87,3.244,-0.626,-0.676,-0.304,0.607,-7.176,1.74,0.038,-0.303,-0.391,0.896,-0.313,-0.206,-0.534,-0.174,-0.275,1.012,-0.466,4.748,-0.74,0.086,-0.317,0.831,-3.786,3.725,-0.458,btn_A
1780980344.6457112,-0.819,-0.172,0.573,-0.733,0.382,-0.359,-0.684,-0.311,0.611,-6.275,0.924,-0.076,-0.304,-0.384,0.899,-0.58,0.473,0.641,-0.176,-0.273,1.014,-1.046,8.076,-0.382,0.087,-0.318,0.816,0.427,1.038,0.084,btn_A
1780980344.7486534,-0.822,-0.173,0.57,-0.847,1.511,-0.756,-0.679,-0.309,0.613,-6.443,1.443,-1.008,-0.303,-0.387,0.903,-1.321,1.046,0.55,-0.175,-0.279,1.019,-1.878,7.229,-0.374,0.086,-0.317,0.817,-0.595,1.947,0.0,btn_A
1780980344.852014,-0.822,-0.168,0.576,-1.076,2.878,-1.061,-0.678,-0.307,0.606,-7.13,2.031,-0.504,-0.304,-0.385,0.894,-1.252,1.634,0.0,-0.18,-0.285,1.008,-0.092,7.702,-0.71,0.087,-0.318,0.823,-0.481,2.412,0.611,btn_A
1780980344.9543858,-0.821,-0.167,0.58,-0.55,1.855,-0.588,-0.683,-0.317,0.604,-6.351,0.878,-0.573,-0.311,-0.386,0.89,-0.382,0.412,0.107,-0.171,-0.284,1.009,0.618,7.031,-0.366,0.085,-0.319,0.817,-1.733,3.313,-1.443,btn_A
1780980345.0655758,-0.822,-0.169,0.566,-0.71,2.344,-0.672,-0.685,-0.312,0.605,-6.427,1.252,-0.519,-0.308,-0.388,0.893,-0.527,0.641,0.405,-0.175,-0.284,1.009,0.565,6.229,-0.779,0.095,-0.32,0.817,-0.794,1.878,0.153,btn_A
1780980345.1655946,-0.822,-0.171,0.569,-1.267,0.641,-1.16,-0.68,-0.309,0.607,-6.443,0.832,-0.275,-0.306,-0.387,0.894,-0.542,0.069,0.366,-0.166,-0.284,1.004,0.931,7.198,-0.519,0.1,-0.316,0.813,-0.687,2.344,0.191,btn_A
1780980345.2640302,-0.824,-0.172,0.57,-1.031,1.092,-1.092,-0.679,-0.31,0.608,-6.443,0.817,0.031,-0.312,-0.389,0.891,-0.374,0.473,0.038,-0.173,-0.285,1.008,0.672,7.183,-0.557,0.092,-0.321,0.823,-0.145,1.145,0.038,btn_A
1780980345.366689,-0.824,-0.169,0.568,-1.031,1.916,-0.221,-0.684,-0.315,0.6,-6.656,1.008,-0.748,-0.312,-0.386,0.884,-0.573,-0.58,-0.252,-0.172,-0.286,1.006,0.878,6.84,-0.679,0.087,-0.321,0.816,-1.137,1.58,0.023,btn_A
1780980345.469911,-0.82,-0.171,0.576,-1.137,0.908,-1.527,-0.681,-0.311,0.597,-6.397,0.595,-0.466,-0.309,-0.386,0.896,-0.321,-0.122,0.435,-0.173,-0.285,1.001,0.908,7.092,-0.405,0.087,-0.315,0.823,-0.824,2.458,0.183,btn_A
1780980345.5848548,-0.822,-0.173,0.569,-1.061,2.336,-0.328,-0.679,-0.31,0.604,-6.489,1.397,0.13,-0.314,-0.39,0.89,-0.336,0.366,0.412,-0.177,-0.286,1.005,0.969,6.336,-0.481,0.089,-0.324,0.819,-0.611,2.87,0.626,btn_A
1780980348.7782528,-0.823,-0.168,0.56,-0.84,1.145,-0.229,-0.687,-0.313,0.598,-6.023,0.458,-1.084,-0.312,-0.394,0.887,-0.313,-0.519,-0.328,-0.174,-0.29,1.007,1.389,6.71,-0.366,0.094,-0.316,0.822,-0.733,2.718,0.076,btn_A
1780980348.88155,-0.821,-0.168,0.568,-1.183,1.771,-1.298,-0.683,-0.315,0.595,-6.771,0.649,-0.519,-0.314,-0.395,0.885,-0.725,0.55,0.153,-0.173,-0.298,1.009,1.511,6.58,-0.45,0.097,-0.322,0.821,-0.275,2.679,0.0,btn_A
1780980348.9720612,-0.824,-0.166,0.566,-0.672,1.695,-0.519,-0.685,-0.313,0.599,-6.069,1.092,-0.13,-0.309,-0.398,0.889,-0.427,0.45,0.595,-0.174,-0.293,1.003,1.527,6.672,-0.427,0.095,-0.313,0.822,-0.473,2.855,-0.084,btn_A
1780980349.0752418,-0.825,-0.172,0.563,-0.641,1.794,-1.359,-0.68,-0.312,0.6,-6.382,0.458,-0.626,-0.312,-0.395,0.886,-0.229,0.069,0.145,-0.175,-0.303,1.006,1.511,6.878,-0.931,0.09,-0.313,0.816,-0.565,2.45,-0.137,btn_A
1780980349.1853495,-0.829,-0.17,0.568,-0.939,1.008,-1.198,-0.686,-0.31,0.593,-5.763,0.374,-0.878,-0.312,-0.395,0.889,0.313,-0.626,-0.053,-0.171,-0.297,1.012,1.626,5.885,-0.321,0.092,-0.314,0.819,-0.046,2.931,-0.351,btn_A
1780980349.2808878,-0.823,-0.171,0.567,-0.573,-0.237,-1.511,-0.685,-0.309,0.601,-5.771,0.0,-0.374,-0.31,-0.395,0.889,0.26,-0.954,-0.176,-0.171,-0.297,1.009,1.557,6.198,-0.557,0.1,-0.32,0.821,-0.137,2.611,-0.084,btn_A
1780980349.4006445,-0.819,-0.172,0.567,-0.695,1.664,-0.221,-0.688,-0.312,0.599,-6.779,0.863,-0.733,-0.317,-0.394,0.895,-0.359,0.542,0.534,-0.173,-0.296,1.006,1.344,7.237,-0.496,0.099,-0.314,0.821,-1.42,2.931,0.069,btn_A
1780980349.486731,-0.816,-0.169,0.569,-0.725,1.153,-0.595,-0.687,-0.312,0.594,-6.504,1.244,-0.198,-0.316,-0.391,0.882,0.206,0.626,0.107,-0.217,-0.268,1.091,3.878,5.176,0.122,0.096,-0.317,0.815,-1.511,4.664,0.809,btn_A
1780980349.5993605,-0.83,-0.17,0.563,-0.351,0.16,-0.832,-0.679,-0.31,0.591,-5.137,-0.557,0.137,-0.312,-0.393,0.886,2.046,-2.168,-0.397,-0.169,-0.292,1.017,2.649,4.534,-0.29,0.099,-0.322,0.815,-0.015,3.847,-1.008,btn_A
1780980349.7010045,-0.824,-0.18,0.56,0.099,-1.267,0.679,-0.608,-0.289,0.738,-0.992,4.168,-2.748,-0.27,-0.526,0.944,12.046,30.618,9.672,0.354,-0.724,1.413,250.13,-89.687,132.237,0.167,-0.348,0.849,32.618,2.305,7.046,btn_A
1780980349.7962353,-0.839,-0.165,0.538,0.42,-6.336,-1.16,-0.747,-0.3,0.48,-1.382,9.947,1.901,-0.374,-0.339,0.909,-1.763,8.344,11.924,-0.19,0.297,0.887,73.046,20.336,5.672,0.08,-0.27,0.856,24.435,1.847,6.26,btn_A
1780980349.8988943,-0.828,-0.159,0.567,-0.885,3.229,1.076,-0.722,-0.302,0.538,-6.618,-0.328,0.42,-0.419,-0.349,0.856,0.565,8.252,3.359,-0.238,0.357,0.837,4.725,11.74,-7.763,0.044,-0.26,0.829,-6.931,11.802,-0.252,btn_A
1780980350.0100412,-0.835,-0.159,0.558,-0.824,3.26,-0.183,-0.733,-0.293,0.538,-6.389,0.389,0.481,-0.406,-0.374,0.875,-0.611,0.237,2.031,-0.175,0.331,0.975,11.55,9.573,-2.74,0.073,-0.279,0.846,2.298,-0.481,1.069,btn_A
1780980350.1156423,-0.828,-0.164,0.562,-0.595,4.931,1.145,-0.73,-0.294,0.538,-6.573,-2.084,-0.588,-0.419,-0.347,0.841,-2.695,-7.084,-2.405,-0.212,0.351,0.945,-16.962,-2.42,-4.038,0.047,-0.258,0.854,-9.969,6.481,-0.924,btn_A
1780980350.2161455,-0.835,-0.156,0.554,-1.42,-2.351,-3.313,-0.734,-0.293,0.541,-6.641,-9.115,-2.397,-0.452,-0.35,0.835,-3.328,-18.198,-10.588,-0.265,0.303,0.926,-71.695,-19.046,10.275,0.041,-0.251,0.815,-8.466,-5.473,-3.496,btn_A
1780980350.3288624,-0.834,-0.156,0.546,-2.122,4.87,-0.046,-0.721,-0.299,0.549,-6.076,10.0,-0.679,-0.424,-0.355,0.851,0.221,7.137,3.527,-0.215,0.348,0.866,1.748,8.779,-1.237,0.076,-0.277,0.82,2.313,-1.374,0.168,btn_A
1780980350.4148655,-0.83,-0.154,0.553,0.031,-3.649,-3.931,-0.715,-0.302,0.549,-9.168,-24.214,-3.84,-0.41,-0.358,0.857,-8.466,-27.29,-15.855,-0.087,0.603,-0.461,-250.137,19.992,-19.573,0.036,-0.272,0.806,-13.519,-5.435,-5.305,btn_A
1780980350.531905,-0.65,-0.149,0.879,-2.893,-3.962,-2.84,-0.827,-0.279,0.425,-2.649,16.809,4.641,-0.325,-0.374,0.903,-33.84,-4.084,-0.473,-0.088,-0.329,0.837,5.679,96.183,-6.084,0.081,-0.366,0.888,52.359,-17.214,5.916,btn_A
1780980350.6313314,-0.823,-0.168,0.574,-1.45,4.42,0.374,-0.68,-0.309,0.605,-6.595,2.786,0.351,-0.308,-0.382,0.892,0.069,-3.031,0.382,-0.161,-0.26,1.02,-1.695,-1.656,-0.504,0.08,-0.331,0.824,-10.527,5.954,0.0,btn_A
1780980350.7311556,-0.825,-0.171,0.577,-1.321,0.519,-1.214,-0.68,-0.307,0.614,-6.809,1.84,-0.015,-0.293,-0.384,0.894,-0.771,2.038,0.649,-0.155,-0.267,1.012,-1.298,8.557,-1.198,0.091,-0.303,0.819,1.809,0.634,0.221,btn_A
1780980350.8348045,-0.825,-0.17,0.573,-1.244,3.885,0.153,-0.682,-0.311,0.611,-7.55,2.405,-0.29,-0.301,-0.389,0.9,-0.977,0.405,0.092,-0.152,-0.269,1.01,-0.672,6.573,-0.55,0.096,-0.307,0.816,-1.229,1.962,-0.069,btn_A
1780980350.9293723,-0.817,-0.17,0.571,-0.947,1.198,-1.282,-0.683,-0.309,0.608,-6.527,0.855,-0.855,-0.304,-0.388,0.895,-0.824,1.786,0.382,-0.152,-0.272,1.013,-0.565,7.344,-0.618,0.086,-0.313,0.817,-0.198,2.992,0.305,btn_A
1780980351.0324476,-0.812,-0.169,0.578,-1.779,4.191,0.229,-0.688,-0.311,0.606,-7.687,2.603,0.252,-0.311,-0.385,0.9,-1.481,2.878,0.947,-0.168,-0.278,1.007,0.351,9.206,-0.954,0.075,-0.311,0.84,-1.679,0.954,-0.305,btn_A
1780980351.1479511,-0.819,-0.165,0.568,-1.046,0.924,-0.939,-0.689,-0.305,0.603,-5.771,0.168,-0.13,-0.299,-0.387,0.901,-0.58,-2.397,0.046,-0.145,-0.276,1.01,1.183,6.573,-0.389,0.092,-0.307,0.828,0.809,4.198,0.168,btn_A
1780980351.248118,-0.823,-0.169,0.566,-1.137,1.939,-0.771,-0.682,-0.31,0.609,-6.321,0.496,-0.267,-0.302,-0.391,0.894,-0.305,-0.542,0.214,-0.153,-0.279,1.023,0.847,5.817,-0.13,0.098,-0.313,0.824,-0.282,4.099,0.366,btn_A
1780980351.3486638,-0.819,-0.169,0.577,-1.023,0.695,-1.221,-0.683,-0.313,0.606,-6.481,0.779,-0.435,-0.309,-0.39,0.89,-0.321,0.824,0.252,-0.153,-0.277,1.02,1.046,7.809,-0.588,0.094,-0.316,0.823,-1.29,2.847,0.031,btn_A
1780980351.44437,-0.824,-0.169,0.569,-0.71,1.847,-0.023,-0.681,-0.313,0.601,-6.595,1.153,-0.733,-0.307,-0.389,0.884,-0.611,0.237,0.26,-0.154,-0.282,1.013,0.718,6.481,-0.595,0.089,-0.313,0.82,-0.489,0.267,-0.046,btn_A
1780980351.5478282,-0.823,-0.173,0.578,-1.443,1.374,-1.183,-0.685,-0.309,0.598,-6.809,1.252,-0.29,-0.307,-0.391,0.886,-0.878,1.229,0.099,-0.153,-0.279,1.011,0.603,7.931,-0.504,0.09,-0.306,0.82,-0.641,3.168,0.244,btn_A
1780980351.6501465,-0.825,-0.169,0.567,-1.16,2.412,-0.573,-0.68,-0.314,0.599,-7.031,1.489,-0.603,-0.313,-0.392,0.894,-1.573,1.702,0.137,-0.158,-0.283,1.014,-1.115,8.282,0.145,0.088,-0.31,0.82,0.756,2.038,0.802,btn_A
1780980354.9463606,-0.825,-0.166,0.562,-1.244,1.397,-1.26,-0.687,-0.31,0.596,-6.504,0.878,-0.725,-0.308,-0.396,0.891,0.061,-0.176,0.061,-0.156,-0.29,1.011,1.702,6.679,-0.702,0.09,-0.305,0.82,-0.321,1.756,0.099,btn_A
1780980355.0493343,-0.824,-0.17,0.564,-0.74,1.221,-0.206,-0.69,-0.31,0.595,-6.237,0.634,-0.336,-0.307,-0.396,0.887,-0.229,0.107,-0.145,-0.158,-0.295,1.009,1.527,6.855,-0.42,0.091,-0.316,0.82,-0.267,2.313,-0.015,btn_A
1780980355.1663008,-0.824,-0.173,0.568,-0.359,1.931,-0.427,-0.687,-0.31,0.597,-6.565,0.641,-0.069,-0.308,-0.396,0.881,-0.107,0.13,0.29,-0.148,-0.291,1.014,1.26,6.885,-0.519,0.09,-0.322,0.828,-0.489,2.565,0.092,btn_A
1780980355.2655747,-0.823,-0.169,0.567,-1.206,1.847,-1.176,-0.686,-0.313,0.598,-6.504,1.061,-0.023,-0.311,-0.396,0.887,-0.42,0.26,0.679,-0.156,-0.29,1.009,1.397,7.168,-0.282,0.097,-0.309,0.826,-0.687,2.244,-0.069,btn_A
1780980355.3650336,-0.824,-0.166,0.565,-1.107,1.702,-0.962,-0.688,-0.312,0.598,-6.382,1.008,-1.046,-0.309,-0.394,0.887,-0.382,0.13,0.061,-0.155,-0.292,1.006,1.298,6.84,-0.649,0.096,-0.314,0.823,-0.809,2.397,-0.351,btn_A
1780980355.4615357,-0.824,-0.17,0.57,-0.656,0.794,-0.679,-0.686,-0.316,0.594,-5.847,0.397,-0.382,-0.309,-0.399,0.886,0.427,0.122,-0.344,-0.153,-0.292,1.01,1.557,6.305,-0.725,0.094,-0.312,0.821,-1.0,2.374,-0.504,btn_A
1780980355.5642257,-0.825,-0.17,0.563,-1.336,0.084,-0.313,-0.685,-0.308,0.596,-5.023,-1.634,0.84,-0.3,-0.402,0.897,0.061,3.702,2.87,-0.228,-0.453,1.727,-35.382,32.183,-5.649,0.099,-0.32,0.827,-1.763,-0.275,-3.595,btn_A
1780980355.6672082,-0.822,-0.155,0.586,1.992,5.053,2.076,-0.723,-0.295,0.553,-5.382,17.565,3.191,-0.387,-0.397,0.869,6.786,16.626,7.427,-0.022,0.129,0.822,137.191,-16.504,0.733,0.061,-0.297,0.844,0.435,4.435,0.802,btn_A
1780980355.7804067,-0.825,-0.165,0.568,-0.992,6.115,3.0,-0.716,-0.294,0.583,-5.756,9.176,2.336,-0.378,-0.39,0.837,5.84,13.664,5.832,-0.174,0.278,0.888,36.099,17.588,3.351,0.071,-0.282,0.815,3.099,2.206,2.282,btn_A
1780980355.8802729,-0.801,-0.161,0.582,-2.107,3.504,2.496,-0.696,-0.301,0.584,-4.656,15.863,3.733,-0.419,-0.349,0.852,0.527,15.008,3.947,-0.167,0.316,1.011,31.534,18.802,-2.58,0.082,-0.278,0.856,-3.916,0.359,1.046,btn_A
1780980355.97623,-0.831,-0.157,0.56,-1.481,-0.382,-1.115,-0.718,-0.298,0.546,-6.336,-0.855,-0.351,-0.411,-0.358,0.862,-1.221,3.641,2.084,-0.188,0.319,1.002,14.298,11.015,-5.809,0.072,-0.26,0.823,-0.237,2.252,-0.542,btn_A
1780980356.0805748,-0.832,-0.16,0.554,-0.977,3.427,-0.183,-0.733,-0.295,0.548,-6.779,1.374,-0.992,-0.431,-0.343,0.841,-1.504,2.557,0.733,-0.217,0.319,0.99,0.466,5.336,-0.641,0.061,-0.272,0.83,-3.061,1.115,-0.023,btn_A
1780980356.1845012,-0.833,-0.156,0.557,-1.008,0.466,-0.511,-0.73,-0.291,0.546,-7.26,5.0,0.55,-0.447,-0.352,0.836,0.527,5.046,0.229,-0.218,0.331,0.973,-1.13,7.542,-1.527,0.068,-0.267,0.819,-2.061,1.336,-0.351,btn_A
1780980356.3001218,-0.839,-0.162,0.551,-0.863,1.55,-0.924,-0.74,-0.292,0.54,-6.115,-0.458,-0.13,-0.441,-0.354,0.837,-1.137,-5.069,-2.893,-0.201,0.331,0.986,-7.397,1.397,1.802,0.073,-0.279,0.831,-1.832,0.267,-0.328,btn_A
1780980356.4004807,-0.83,-0.155,0.557,-0.069,0.084,-1.198,-0.727,-0.293,0.536,-5.45,3.359,-0.565,-0.437,-0.36,0.851,-1.58,-3.298,-1.16,-0.206,0.332,0.931,-7.664,3.573,0.74,0.066,-0.281,0.842,-4.649,1.351,-0.924,btn_A
1780980356.4988754,-0.827,-0.156,0.559,-1.275,4.855,0.55,-0.729,-0.298,0.557,-5.939,11.664,1.542,-0.433,-0.36,0.84,1.046,16.252,6.618,-0.307,0.362,0.797,8.87,13.611,-4.0,0.055,-0.271,0.823,3.924,3.237,0.55,btn_A
1780980356.5944507,-0.832,-0.159,0.56,-0.855,5.527,0.244,-0.741,-0.295,0.538,-6.885,-1.206,-0.237,-0.421,-0.364,0.844,-1.122,-3.611,-0.847,-0.212,0.317,0.988,-4.985,2.824,0.847,0.065,-0.274,0.833,-2.893,2.702,-0.695,btn_A
1780980356.6978164,-0.832,-0.158,0.559,-0.656,-1.664,-2.191,-0.728,-0.29,0.549,-7.748,-15.252,-2.656,-0.429,-0.365,0.84,-3.58,-16.748,-10.298,-0.216,0.485,0.24,-96.489,-8.565,3.656,0.087,-0.289,0.822,-5.198,9.069,-1.298,btn_A
1780980356.801512,-0.816,-0.186,0.568,-2.908,-17.069,-11.511,-0.673,-0.328,0.612,-4.313,-24.664,-6.298,-0.159,-0.371,0.924,1.038,-57.817,-22.939,1.539,-0.654,-1.562,149.107,98.55,-2.901,0.232,-0.348,0.79,-26.611,7.939,-0.771,btn_A
1780980356.9034016,-0.798,-0.175,0.596,1.107,-1.565,-0.893,-0.673,-0.306,0.617,-7.176,1.519,-0.351,-0.303,-0.389,0.901,-1.992,6.84,1.618,-0.169,-0.246,1.021,-1.74,11.71,-0.053,0.107,-0.295,0.813,5.847,-0.603,1.458,btn_A
1780980357.0060213,-0.822,-0.165,0.58,-1.275,2.962,-0.985,-0.684,-0.301,0.613,-6.412,1.137,-0.435,-0.302,-0.389,0.892,-0.939,-0.244,0.321,-0.168,-0.256,1.017,-1.282,4.87,-1.107,0.097,-0.321,0.814,1.817,0.809,0.229,btn_A
1780980357.1093495,-0.817,-0.173,0.577,-1.244,3.969,0.214,-0.684,-0.306,0.609,-7.237,2.504,-0.298,-0.309,-0.389,0.889,-1.176,1.55,-0.412,-0.165,-0.262,1.022,0.206,6.618,-0.023,0.09,-0.313,0.822,-0.863,1.992,0.511,btn_A
1780980357.2124782,-0.82,-0.169,0.581,-0.733,1.031,-1.053,-0.676,-0.304,0.603,-6.817,0.466,-1.031,-0.302,-0.393,0.897,-0.573,-0.733,-0.099,-0.168,-0.267,1.015,-0.183,7.176,-0.824,0.097,-0.31,0.816,0.084,0.641,-0.359,btn_A
1780980357.3223603,-0.819,-0.168,0.574,-1.069,1.443,-0.863,-0.679,-0.309,0.609,-6.641,1.321,0.015,-0.304,-0.394,0.894,-0.427,1.13,0.672,-0.16,-0.267,1.017,-0.16,6.702,-0.435,0.103,-0.316,0.826,-0.824,0.489,0.298,btn_A
1780980357.4186208,-0.816,-0.17,0.574,-0.611,1.58,-1.107,-0.679,-0.311,0.603,-6.58,0.58,0.084,-0.304,-0.39,0.891,-1.733,2.26,0.977,-0.178,-0.269,1.018,-4.267,8.389,-1.466,0.087,-0.322,0.809,-2.092,0.443,0.366,btn_A
1780980357.5212667,-0.819,-0.167,0.578,-0.374,1.366,-0.298,-0.678,-0.304,0.61,-6.351,0.115,-1.0,-0.306,-0.394,0.893,-0.107,-0.58,-0.504,-0.162,-0.273,1.015,-0.282,5.687,-0.702,0.096,-0.316,0.833,-0.924,3.084,-0.687,btn_A
1780980357.6342423,-0.817,-0.169,0.577,-0.962,2.748,-0.382,-0.678,-0.305,0.61,-6.756,1.527,-0.183,-0.302,-0.392,0.894,-0.824,1.191,0.382,-0.159,-0.276,1.01,-0.031,7.939,-0.58,0.096,-0.316,0.82,0.618,2.489,0.481,btn_A
1780980357.7350595,-0.818,-0.172,0.572,-1.076,2.481,-0.794,-0.679,-0.311,0.604,-6.435,0.84,-0.046,-0.309,-0.396,0.89,-0.359,0.023,0.603,-0.167,-0.275,1.011,1.374,6.153,-0.573,0.09,-0.307,0.825,-0.786,1.962,-0.435,btn_A
1780980357.8305604,-0.817,-0.172,0.571,-0.275,0.626,-0.817,-0.677,-0.305,0.612,-6.069,1.092,0.229,-0.307,-0.395,0.893,-0.656,0.527,0.939,-0.156,-0.274,1.009,0.366,9.511,-0.427,0.094,-0.317,0.826,-0.198,3.115,0.351,btn_A
1780980361.0338118,-0.828,-0.17,0.572,-1.237,0.893,-1.397,-0.684,-0.309,0.598,-6.183,0.74,-0.092,-0.31,-0.404,0.89,-0.359,-0.672,0.038,-0.169,-0.29,1.005,1.42,6.252,-0.466,0.086,-0.311,0.825,-0.542,2.023,-0.198,btn_A
1780980361.1309962,-0.824,-0.175,0.56,-0.687,1.679,0.069,-0.686,-0.31,0.602,-6.099,0.756,-0.099,-0.312,-0.397,0.882,-0.206,-0.55,0.031,-0.167,-0.29,1.01,1.305,6.55,-0.84,0.095,-0.313,0.818,-0.687,2.107,-0.031,btn_A
1780980361.2328107,-0.825,-0.17,0.568,-0.725,2.038,-1.282,-0.683,-0.312,0.606,-6.412,0.275,-0.611,-0.311,-0.399,0.885,-0.16,0.191,-0.168,-0.171,-0.289,1.0,1.511,6.092,-0.733,0.087,-0.318,0.813,-0.939,1.779,-0.153,btn_A
1780980361.3349237,-0.823,-0.17,0.57,-1.282,1.931,-0.924,-0.683,-0.309,0.599,-6.527,0.573,-0.626,-0.307,-0.4,0.882,-0.13,-0.145,-0.137,-0.169,-0.291,1.003,1.71,6.977,-0.634,0.094,-0.319,0.821,-0.405,2.252,0.267,btn_A
1780980361.4355159,-0.821,-0.17,0.568,-1.038,1.496,-0.901,-0.686,-0.31,0.603,-6.359,0.618,-0.664,-0.311,-0.402,0.882,-0.359,-0.053,0.435,-0.172,-0.29,1.007,1.092,6.817,-0.275,0.091,-0.312,0.821,-0.618,2.611,-0.198,btn_A
1780980361.5462272,-0.823,-0.165,0.568,-0.847,1.397,-0.221,-0.684,-0.313,0.597,-6.328,0.748,-0.267,-0.309,-0.398,0.889,-0.069,0.0,0.595,-0.17,-0.291,1.005,1.412,7.374,-0.26,0.093,-0.31,0.831,-0.504,2.748,-0.122,btn_A
1780980361.6531255,-0.823,-0.168,0.573,-0.786,0.985,-1.061,-0.686,-0.308,0.612,-6.344,1.015,-0.046,-0.309,-0.406,0.887,-0.137,0.847,0.481,-0.166,-0.292,1.019,0.626,7.466,-0.412,0.089,-0.309,0.817,0.191,4.802,-0.031,btn_A
1780980361.745833,-0.806,-0.172,0.578,-2.107,4.794,2.221,-0.671,-0.292,0.548,-4.931,54.061,7.344,-0.323,-0.382,0.809,27.542,65.84,14.015,0.444,0.037,0.332,250.13,-43.756,-7.481,0.088,-0.271,0.8,34.817,14.099,10.603,btn_A
1780980361.8480768,-0.82,-0.161,0.57,-0.321,2.916,1.992,-0.764,-0.297,0.533,-7.855,3.931,0.779,-0.363,-0.379,0.908,5.924,20.695,10.305,-0.206,0.318,0.794,38.824,21.901,-5.58,0.038,-0.268,0.814,-3.603,18.191,0.893,btn_A
1780980361.9505837,-0.828,-0.154,0.551,-0.649,6.931,1.412,-0.745,-0.295,0.528,-6.008,6.473,0.458,-0.405,-0.359,0.849,-0.565,6.519,3.985,-0.157,0.347,0.888,15.969,9.145,-7.053,0.066,-0.281,0.829,-0.42,0.702,1.321,btn_A
1780980362.053675,-0.835,-0.156,0.559,-0.947,1.389,-1.183,-0.716,-0.298,0.574,-5.718,1.458,0.153,-0.408,-0.365,0.856,-1.168,0.374,1.115,-0.211,0.35,0.916,6.344,10.137,-2.16,0.062,-0.28,0.819,1.466,1.771,1.611,btn_A
1780980362.1614995,-0.84,-0.157,0.552,-1.244,-0.649,-2.053,-0.728,-0.293,0.547,-5.863,-0.496,-0.031,-0.417,-0.367,0.853,-0.122,-1.809,-0.771,-0.13,0.293,1.125,10.779,9.588,-1.29,0.104,-0.292,0.827,0.786,-0.786,0.298,btn_A
1780980362.259587,-0.831,-0.155,0.563,-1.107,0.977,-0.656,-0.729,-0.292,0.554,-6.229,0.496,-0.641,-0.418,-0.372,0.855,0.214,3.977,1.672,-0.173,0.308,1.074,12.756,12.832,-1.649,0.058,-0.269,0.835,0.656,3.252,-0.046,btn_A
1780980362.3628993,-0.831,-0.159,0.56,-0.824,-0.504,-2.374,-0.73,-0.297,0.549,-5.969,2.443,-1.145,-0.424,-0.36,0.849,0.321,-0.076,-0.389,-0.241,0.353,0.922,-12.794,3.527,0.13,0.067,-0.267,0.827,-2.374,-1.107,-0.511,btn_A
1780980362.4655037,-0.822,-0.161,0.571,-0.74,-10.573,-6.588,-0.677,-0.314,0.626,-8.26,-52.695,-5.107,-0.359,-0.398,0.847,-5.267,-61.725,-20.992,0.041,0.015,-0.361,-250.137,41.802,-35.893,0.055,-0.279,0.824,-27.511,-20.969,-8.397,btn_A
1780980362.5808737,-0.802,-0.219,0.616,7.74,45.214,9.015,-0.653,-0.297,0.588,-4.679,44.985,3.405,-0.412,-0.342,0.804,-12.992,-4.618,0.527,-0.169,-0.296,1.059,-5.282,-27.664,2.0,0.089,-0.3,0.819,-50.847,20.611,-7.565,btn_A
1780980362.6717956,-0.827,-0.164,0.577,-0.092,1.229,-1.244,-0.685,-0.304,0.594,-5.931,-1.084,-0.405,-0.296,-0.391,0.902,-0.221,-0.412,0.855,-0.155,-0.265,1.01,-2.267,7.443,-0.672,0.094,-0.309,0.823,12.718,-7.176,1.878,btn_A
1780980362.7810328,-0.82,-0.163,0.573,-0.847,2.481,-0.771,-0.681,-0.306,0.612,-6.359,1.351,0.031,-0.306,-0.394,0.894,-0.832,0.16,0.733,-0.159,-0.273,1.018,-0.267,6.351,-0.198,0.088,-0.314,0.819,-2.947,4.443,-0.069,btn_A
1780980362.8807237,-0.82,-0.169,0.577,-0.885,2.42,-0.076,-0.685,-0.3,0.602,-6.656,1.718,-0.069,-0.307,-0.391,0.894,-0.58,0.557,0.206,-0.16,-0.273,1.013,0.183,6.26,-0.893,0.088,-0.307,0.81,-0.137,0.786,0.45,btn_A
1780980362.9806387,-0.822,-0.164,0.575,-0.817,1.931,-0.641,-0.683,-0.303,0.609,-6.588,0.969,-0.702,-0.307,-0.392,0.887,-1.229,1.504,0.511,-0.16,-0.278,0.988,-3.328,9.397,0.076,0.094,-0.316,0.824,-0.122,1.748,0.672,btn_A
1780980363.0839314,-0.82,-0.168,0.571,-0.672,2.145,-0.328,-0.69,-0.306,0.604,-5.985,0.977,-0.969,-0.312,-0.393,0.885,-0.45,-0.374,0.084,-0.164,-0.282,1.011,0.336,6.336,-1.038,0.091,-0.314,0.819,-0.412,1.863,-0.26,btn_A
1780980363.1867316,-0.822,-0.168,0.573,-0.969,1.855,-0.649,-0.685,-0.309,0.603,-6.099,1.13,0.038,-0.311,-0.392,0.888,-0.588,0.321,0.214,-0.156,-0.282,1.009,-0.305,6.641,-0.45,0.094,-0.311,0.81,-0.282,2.634,0.313,btn_A
1780980363.289904,-0.821,-0.17,0.575,-1.115,1.695,-1.443,-0.681,-0.31,0.607,-6.695,1.481,-0.008,-0.311,-0.398,0.884,-0.565,0.656,0.137,-0.167,-0.289,1.013,0.565,6.504,-0.634,0.091,-0.308,0.812,-0.176,2.038,0.344,btn_A
1780980363.396991,-0.822,-0.169,0.57,-0.992,1.496,-0.939,-0.686,-0.31,0.603,-6.74,1.328,-0.679,-0.313,-0.399,0.888,-0.748,-0.71,-0.092,-0.154,-0.28,1.018,1.397,7.58,0.405,0.095,-0.312,0.826,0.244,3.557,0.824,btn_A
1780980363.4955945,-0.826,-0.168,0.566,-0.802,0.664,-0.817,-0.68,-0.307,0.601,-6.13,0.466,-0.718,-0.316,-0.395,0.889,-0.374,-0.405,0.13,-0.167,-0.289,1.007,1.26,6.618,-0.794,0.088,-0.318,0.82,-0.679,1.229,-0.191,btn_A
1780980363.6114194,-0.827,-0.17,0.574,-0.924,2.29,-0.412,-0.686,-0.309,0.591,-6.985,0.664,-0.962,-0.311,-0.394,0.891,-0.794,0.115,0.221,-0.161,-0.287,1.014,1.26,7.168,-0.183,0.088,-0.307,0.819,-0.656,2.794,-0.229,btn_A
1780980363.714209,-0.825,-0.167,0.568,-1.191,1.076,-1.565,-0.685,-0.306,0.603,-6.725,0.504,-0.557,-0.312,-0.398,0.89,-0.466,-0.412,-0.031,-0.161,-0.288,1.016,1.237,7.214,-0.679,0.09,-0.31,0.825,-0.573,2.832,-0.015,btn_A
1780980363.8046622,-0.824,-0.167,0.563,-0.84,1.053,-0.313,-0.685,-0.31,0.599,-6.275,0.786,-0.038,-0.31,-0.398,0.885,-0.122,-0.206,-0.115,-0.156,-0.289,1.003,1.107,7.229,-0.382,0.087,-0.317,0.816,-0.351,2.122,-0.244,btn_A
1780980363.916521,-0.822,-0.165,0.569,-0.725,1.718,-0.908,-0.689,-0.309,0.603,-6.298,0.817,-0.374,-0.313,-0.396,0.882,-0.405,-0.092,0.481,-0.157,-0.287,1.014,0.863,6.924,-0.786,0.091,-0.312,0.817,-0.695,2.687,-0.305,btn_A
1780980364.0108957,-0.821,-0.168,0.569,-1.321,1.519,-0.901,-0.689,-0.305,0.597,-6.397,0.763,-0.252,-0.313,-0.397,0.884,-0.092,-0.191,0.191,-0.16,-0.289,1.005,1.588,6.275,-0.015,0.083,-0.315,0.826,-0.42,2.237,-0.58,btn_A
1780980367.2115548,-0.828,-0.169,0.564,-0.298,0.145,-0.664,-0.687,-0.313,0.596,-4.901,-0.679,0.382,-0.311,-0.394,0.887,0.458,-0.771,0.092,-0.161,-0.293,1.014,2.046,6.573,-0.847,0.092,-0.305,0.814,-0.076,1.473,0.244,btn_A
1780980367.3147182,-0.823,-0.172,0.575,-0.771,1.672,-1.176,-0.688,-0.306,0.6,-6.366,0.481,-0.924,-0.313,-0.4,0.894,-0.435,-0.046,0.206,-0.159,-0.292,1.0,1.718,6.901,0.023,0.093,-0.307,0.824,-0.58,2.191,-0.023,btn_A
1780980367.4104407,-0.826,-0.167,0.573,-1.061,1.824,-0.557,-0.686,-0.311,0.597,-6.275,0.511,-0.794,-0.311,-0.403,0.887,-0.229,0.351,0.26,-0.159,-0.297,1.009,1.305,6.443,-0.504,0.1,-0.308,0.812,-0.817,2.145,-0.046,btn_A
1780980367.5130455,-0.824,-0.169,0.568,-0.802,0.611,-1.092,-0.687,-0.309,0.598,-6.336,0.794,0.176,-0.314,-0.398,0.888,0.015,-0.779,-0.084,-0.164,-0.291,1.008,1.321,6.756,-0.229,0.098,-0.305,0.823,-1.145,2.115,0.115,btn_A
1780980367.63322,-0.828,-0.173,0.567,-0.985,1.71,-0.351,-0.692,-0.308,0.597,-6.565,0.878,-0.237,-0.313,-0.401,0.883,-0.229,-0.198,0.084,-0.157,-0.294,1.01,0.786,6.466,-0.748,0.094,-0.311,0.821,-0.351,2.13,0.435,btn_A
1780980367.7314558,-0.825,-0.168,0.569,-0.832,1.099,-1.519,-0.693,-0.311,0.6,-6.137,0.481,-0.664,-0.313,-0.397,0.884,-0.504,-0.336,0.466,-0.163,-0.292,1.006,1.237,6.939,-0.191,0.092,-0.308,0.813,-0.13,2.275,0.13,btn_A
1780980367.830934,-0.825,-0.168,0.567,-0.962,1.84,-0.107,-0.686,-0.311,0.592,-6.168,0.725,-0.519,-0.314,-0.397,0.882,-0.702,0.565,0.229,-0.155,-0.29,1.005,1.29,6.107,-0.863,0.093,-0.304,0.819,-1.0,1.542,-0.305,btn_A
1780980367.9310966,-0.821,-0.169,0.57,-0.588,1.481,-1.229,-0.685,-0.309,0.597,-6.168,0.16,-0.496,-0.315,-0.397,0.887,-0.145,0.015,-0.374,-0.16,-0.296,1.01,1.26,6.847,-0.427,0.091,-0.314,0.816,-1.183,3.511,-0.13,btn_A
1780980368.0287683,-0.825,-0.164,0.563,-0.824,0.473,-1.153,-0.688,-0.309,0.607,-5.679,-0.305,-0.145,-0.306,-0.397,0.895,-0.298,4.214,2.45,-0.647,-0.493,2.0,-8.298,49.45,-0.229,0.1,-0.299,0.816,5.603,5.107,-2.664,btn_A
1780980368.131206,-0.822,-0.163,0.57,-0.832,13.748,4.573,-0.705,-0.299,0.554,-6.267,12.29,2.573,-0.402,-0.374,0.831,-8.45,2.863,7.244,-0.083,0.203,0.78,116.145,-15.626,-13.779,0.064,-0.298,0.839,5.504,-5.687,5.672,btn_A
1780980368.2340145,-0.829,-0.164,0.556,-0.84,4.198,1.206,-0.725,-0.303,0.547,-4.817,13.405,2.511,-0.39,-0.377,0.846,0.008,8.328,4.817,-0.157,0.235,1.03,32.42,11.664,-4.931,0.074,-0.272,0.824,0.16,8.55,2.046,btn_A
1780980368.347952,-0.838,-0.158,0.551,-0.649,5.29,0.809,-0.729,-0.32,0.611,-6.55,9.481,-0.489,-0.432,-0.38,0.813,8.802,30.282,11.855,-0.192,0.291,0.909,31.947,14.809,-13.557,0.075,-0.266,0.83,11.015,3.359,3.84,btn_A
1780980368.4463332,-0.831,-0.159,0.558,-0.359,1.664,-0.824,-0.733,-0.295,0.544,-5.809,1.481,-0.809,-0.417,-0.374,0.857,0.298,4.29,3.16,-0.143,0.294,1.028,21.374,12.015,-9.809,0.048,-0.243,0.831,-2.336,4.046,-0.863,btn_A
1780980368.5436282,-0.838,-0.157,0.559,0.069,2.824,-0.359,-0.727,-0.299,0.549,-6.107,4.519,0.298,-0.437,-0.364,0.83,2.214,7.809,3.107,-0.283,0.343,0.916,4.695,9.282,-0.473,0.055,-0.248,0.808,-0.847,1.168,-0.718,btn_A
1780980368.6462924,-0.833,-0.16,0.559,-1.55,1.71,-0.702,-0.739,-0.293,0.541,-6.702,1.985,0.649,-0.429,-0.367,0.849,-0.771,3.489,2.267,-0.226,0.344,0.906,8.435,11.344,-2.542,0.063,-0.268,0.839,1.794,3.603,-0.817,btn_A
1780980368.766752,-0.835,-0.157,0.551,-1.115,0.466,-1.496,-0.739,-0.297,0.534,-7.252,-6.267,-1.565,-0.441,-0.352,0.827,-1.779,-15.412,-8.87,-0.269,0.359,0.68,-48.473,-11.321,10.802,0.064,-0.268,0.824,-5.557,0.115,-2.634,btn_A
1780980368.8638248,-0.829,-0.163,0.564,-1.458,-9.046,-6.313,-0.704,-0.316,0.614,-9.275,-49.931,-6.038,-0.357,-0.397,0.855,6.603,-55.878,-21.023,-0.084,-0.693,1.039,-250.137,-11.962,-62.802,0.115,-0.324,0.804,-29.275,1.847,-9.496,btn_A
1780980368.9552188,-0.812,-0.171,0.581,-6.176,-9.397,-3.267,-0.681,-0.317,0.618,-5.924,-9.282,-1.45,-0.317,-0.389,0.884,5.832,-6.794,0.29,-0.147,-0.277,1.019,0.275,12.351,-1.496,0.078,-0.325,0.834,9.42,-0.16,0.87,btn_A
1780980369.0581467,-0.823,-0.173,0.57,-1.443,2.626,-0.595,-0.683,-0.308,0.598,-6.504,1.969,-0.26,-0.317,-0.397,0.885,-0.366,2.435,0.397,-0.158,-0.275,1.018,-0.664,4.908,-0.336,0.1,-0.299,0.82,-6.336,5.573,-0.901,btn_A
1780980369.1610997,-0.828,-0.169,0.571,-0.969,1.55,-0.382,-0.683,-0.307,0.604,-6.664,0.931,-0.847,-0.312,-0.397,0.888,-0.809,1.206,0.137,-0.16,-0.276,1.009,-0.244,7.649,-0.992,0.098,-0.302,0.823,1.084,0.649,0.55,btn_A
1780980369.2640846,-0.823,-0.169,0.568,0.038,0.519,-1.069,-0.686,-0.306,0.604,-6.237,0.466,-0.115,-0.318,-0.4,0.887,-0.611,-0.313,0.076,-0.155,-0.281,1.013,-0.664,7.015,-0.595,0.094,-0.309,0.817,-1.359,2.542,-0.473,btn_A
1780980369.3777928,-0.824,-0.171,0.569,-0.916,0.756,-1.496,-0.685,-0.31,0.601,-6.359,0.435,-0.122,-0.323,-0.395,0.884,-0.656,0.45,0.198,-0.152,-0.284,1.011,-1.679,7.618,-0.939,0.09,-0.306,0.813,-1.588,1.618,0.282,btn_A
1780980369.4784763,-0.818,-0.17,0.578,-0.916,-0.275,-1.947,-0.684,-0.31,0.609,-6.13,-0.351,-1.153,-0.317,-0.394,0.886,0.168,-0.794,-0.328,-0.151,-0.284,1.012,0.626,6.847,-0.351,0.092,-0.306,0.822,-0.374,3.015,0.008,btn_A
1780980369.5810149,-0.819,-0.167,0.571,-0.969,1.58,-0.42,-0.687,-0.308,0.6,-6.733,1.107,-0.58,-0.314,-0.397,0.884,-0.366,-0.588,-0.229,-0.157,-0.288,1.008,1.16,7.542,-0.618,0.095,-0.307,0.824,-0.489,2.221,-0.015,btn_A
1780980369.6768517,-0.826,-0.173,0.571,-0.534,0.527,-0.618,-0.687,-0.312,0.602,-6.137,0.504,-0.084,-0.321,-0.398,0.88,-0.053,-1.153,0.176,-0.154,-0.288,1.011,0.771,6.458,-0.405,0.098,-0.309,0.822,-0.176,2.061,0.145,btn_A
1780980369.779118,-0.822,-0.17,0.571,-1.153,1.779,-1.076,-0.687,-0.311,0.594,-6.473,1.26,-0.489,-0.313,-0.399,0.888,-0.542,0.931,0.71,-0.158,-0.286,1.004,1.489,6.321,-0.809,0.093,-0.312,0.816,-1.191,2.702,0.107,btn_A
1780980369.89443,-0.829,-0.168,0.578,-1.244,2.504,-0.641,-0.69,-0.311,0.593,-6.565,1.481,-0.641,-0.316,-0.4,0.884,-1.099,1.26,0.466,-0.161,-0.293,1.0,0.481,7.863,-0.489,0.093,-0.314,0.82,-0.969,3.046,-0.053,btn_A
1780980369.9946983,-0.821,-0.17,0.569,-0.71,2.336,-0.885,-0.691,-0.31,0.59,-6.649,1.985,-0.397,-0.319,-0.399,0.885,-1.107,1.351,-0.366,-0.148,-0.292,1.006,0.42,7.771,-0.519,0.094,-0.308,0.826,0.046,1.725,0.305,btn_A
1780980370.087632,-0.825,-0.169,0.567,-1.237,1.863,-1.069,-0.69,-0.308,0.586,-6.229,0.962,-0.603,-0.318,-0.401,0.881,-0.13,-0.87,-0.313,-0.156,-0.292,1.003,1.206,6.13,-0.473,0.096,-0.313,0.818,-1.191,3.947,-0.595,btn_A
1780980370.191267,-0.821,-0.169,0.574,-1.076,0.954,-1.489,-0.689,-0.308,0.603,-6.534,1.092,-0.473,-0.317,-0.398,0.885,-0.626,0.962,0.71,-0.154,-0.292,1.013,0.58,7.374,-0.405,0.091,-0.31,0.814,-0.359,2.359,-0.031,btn_A
1780980373.3844416,-0.824,-0.165,0.561,-1.16,1.74,-1.0,-0.692,-0.312,0.59,-6.557,0.718,-0.45,-0.322,-0.403,0.879,-0.069,-0.229,-0.046,-0.168,-0.303,1.0,1.229,6.344,-0.595,0.095,-0.307,0.809,0.252,2.641,0.695,btn_A
1780980373.4874108,-0.834,-0.173,0.56,-1.649,3.771,-0.542,-0.699,-0.316,0.579,-6.45,0.969,-0.214,-0.332,-0.403,0.873,-0.084,-0.924,0.0,-0.16,-0.304,1.0,3.397,4.664,-0.305,0.086,-0.297,0.825,-0.313,2.603,-0.405,btn_A
1780980373.5963771,-0.831,-0.169,0.563,-0.359,-0.885,-1.412,-0.694,-0.316,0.587,-5.534,-0.458,-0.313,-0.32,-0.406,0.879,0.366,0.023,0.053,-0.157,-0.3,1.006,1.573,7.84,-0.282,0.097,-0.313,0.82,-0.901,0.901,-0.924,btn_A
1780980373.6972005,-0.829,-0.167,0.554,-0.832,1.58,-0.313,-0.696,-0.317,0.583,-6.366,0.191,-0.237,-0.317,-0.401,0.882,0.153,-0.725,-0.298,-0.155,-0.299,1.017,1.885,5.389,-0.511,0.088,-0.308,0.821,0.153,2.893,-1.435,btn_A
1780980373.796385,-0.811,-0.176,0.576,-0.519,8.031,2.252,-0.702,-0.316,0.497,-5.275,20.374,2.603,-0.304,-0.428,0.875,11.466,43.069,8.595,0.603,0.025,0.479,250.13,-52.511,11.695,0.087,-0.28,0.816,21.519,7.702,7.664,btn_A
1780980373.899442,-0.836,-0.165,0.547,-1.382,0.847,2.221,-0.722,-0.303,0.6,-3.344,14.489,3.412,-0.387,-0.367,0.875,0.855,12.794,10.649,-0.365,0.308,0.814,62.908,1.779,-4.885,0.027,-0.269,0.838,-6.176,25.443,-0.298,btn_A
1780980374.0145588,-0.829,-0.163,0.558,-0.679,2.076,-0.221,-0.721,-0.297,0.556,-6.221,6.992,0.595,-0.408,-0.371,0.853,1.695,12.977,6.305,-0.135,0.32,0.963,24.718,20.237,-10.427,0.061,-0.274,0.814,8.412,-3.328,2.916,btn_A
1780980374.110216,-0.835,-0.154,0.547,-0.649,3.656,-0.557,-0.731,-0.296,0.543,-6.321,5.023,0.527,-0.424,-0.365,0.837,1.206,5.718,1.672,-0.192,0.321,1.005,6.649,8.458,1.061,0.053,-0.26,0.826,-2.924,1.252,-0.267,btn_A
1780980374.208673,-0.835,-0.157,0.551,-0.74,2.931,-0.84,-0.734,-0.301,0.543,-6.313,-3.359,-1.13,-0.423,-0.373,0.848,-0.443,-4.076,-0.824,-0.184,0.303,1.058,0.16,2.656,-3.977,0.073,-0.277,0.831,-1.847,-0.573,-0.382,btn_A
1780980374.3112352,-0.829,-0.157,0.553,-0.382,-0.458,-2.115,-0.728,-0.299,0.556,-7.435,-6.076,-2.198,-0.391,-0.383,0.868,-0.763,-2.855,-0.832,-0.098,0.255,1.133,10.626,7.87,-4.702,0.072,-0.282,0.836,1.412,5.321,-0.618,btn_A
1780980374.4147174,-0.832,-0.156,0.556,0.038,-1.863,-3.305,-0.702,-0.301,0.581,-7.145,-21.626,-4.405,-0.451,-0.361,0.816,-8.71,-34.656,-14.855,-0.232,0.142,0.708,-193.565,-18.855,-7.55,0.04,-0.257,0.808,-19.405,-8.206,-6.74,btn_A
1780980374.5324683,-0.829,-0.167,0.56,-3.069,-2.664,-3.122,-0.682,-0.309,0.494,-13.702,-52.878,-1.664,-0.394,-0.396,0.849,6.954,-52.992,-16.794,-0.153,-0.572,0.857,-250.137,-19.84,-62.924,0.132,-0.303,0.823,-24.076,-16.802,-7.359,btn_A
1780980374.6309588,-0.83,-0.17,0.558,-4.962,-9.069,-3.183,-0.677,-0.315,0.617,-5.55,-9.282,-0.817,-0.319,-0.382,0.879,4.489,-12.321,-0.534,-0.133,-0.253,1.027,0.359,7.611,-1.405,0.073,-0.316,0.825,6.84,-5.901,-0.145,btn_A
1780980374.7317286,-0.818,-0.172,0.572,-0.916,2.824,-0.947,-0.68,-0.31,0.609,-7.008,1.534,-0.336,-0.307,-0.387,0.888,-1.038,4.588,0.542,-0.158,-0.268,1.013,-1.282,6.756,-0.458,0.1,-0.312,0.813,-7.664,8.885,-1.344,btn_A
1780980374.8387663,-0.823,-0.167,0.568,-1.466,1.412,-0.901,-0.684,-0.309,0.602,-6.435,1.015,-0.611,-0.304,-0.389,0.896,-1.115,2.626,0.145,-0.15,-0.269,1.005,-0.618,8.038,-0.985,0.086,-0.307,0.825,1.435,0.588,0.412,btn_A
1780980374.9300804,-0.828,-0.171,0.566,-0.649,1.344,-0.832,-0.683,-0.309,0.6,-5.931,1.168,-0.863,-0.308,-0.388,0.892,-0.656,0.519,-0.351,-0.153,-0.273,1.022,0.008,7.26,-0.176,0.086,-0.307,0.826,0.466,3.252,0.718,btn_A
1780980375.0435638,-0.828,-0.168,0.56,-1.237,3.221,-0.366,-0.687,-0.309,0.603,-7.229,1.985,0.0,-0.316,-0.386,0.886,-1.244,1.466,0.519,-0.152,-0.279,1.015,-0.656,6.977,-0.71,0.092,-0.308,0.818,-1.031,2.473,0.176,btn_A
1780980375.1352518,-0.83,-0.173,0.564,-1.321,1.267,-1.557,-0.691,-0.31,0.604,-6.084,0.824,-0.191,-0.322,-0.389,0.881,-0.382,1.084,0.351,-0.143,-0.276,1.012,-0.145,6.931,-0.26,0.097,-0.316,0.812,-0.389,1.802,-0.229,btn_A
1780980375.2386382,-0.823,-0.166,0.566,-0.824,1.534,-0.511,-0.688,-0.31,0.596,-6.298,1.13,-0.435,-0.313,-0.389,0.885,-0.679,1.504,0.176,-0.158,-0.282,1.014,-0.321,8.282,-1.229,0.096,-0.315,0.821,-0.389,1.954,-0.176,btn_A
1780980375.3413434,-0.828,-0.166,0.558,-0.466,2.053,-1.137,-0.688,-0.314,0.598,-6.695,1.031,-0.885,-0.316,-0.389,0.884,-0.672,0.252,0.084,-0.158,-0.28,1.012,0.786,6.634,-0.618,0.091,-0.308,0.826,-0.45,1.0,0.183,btn_A
1780980375.4449258,-0.83,-0.169,0.566,-1.206,1.786,-0.786,-0.688,-0.312,0.597,-6.351,0.748,-0.458,-0.318,-0.387,0.887,-0.397,0.0,0.122,-0.161,-0.285,1.012,0.992,6.29,-1.214,0.093,-0.309,0.826,-1.267,1.702,-0.038,btn_A
1780980375.5475926,-0.826,-0.166,0.555,-0.71,1.389,-1.221,-0.688,-0.31,0.592,-6.511,1.313,-0.595,-0.321,-0.392,0.888,-0.702,0.595,0.168,-0.154,-0.288,1.009,0.504,7.595,-0.519,0.087,-0.304,0.82,-0.573,3.069,0.031,btn_A
1780980375.6621127,-0.827,-0.168,0.564,-0.511,1.702,-0.107,-0.689,-0.312,0.597,-6.191,0.634,-0.275,-0.317,-0.391,0.888,-0.473,0.229,-0.237,-0.155,-0.286,1.011,1.069,6.855,-1.145,0.087,-0.308,0.82,-0.275,0.817,0.267,btn_A
1780980375.763107,-0.824,-0.168,0.564,-1.099,1.893,-0.893,-0.69,-0.311,0.594,-6.802,1.275,0.137,-0.32,-0.393,0.883,-0.489,0.954,-0.305,-0.159,-0.287,1.014,1.42,6.702,-0.618,0.09,-0.314,0.823,-1.015,2.466,0.16,btn_A
1780980375.8607745,-0.831,-0.169,0.564,-0.794,0.809,-0.45,-0.691,-0.313,0.598,-5.87,0.298,-0.237,-0.319,-0.389,0.886,-0.168,-0.076,0.237,-0.155,-0.288,1.015,0.878,6.695,-0.634,0.092,-0.311,0.828,-1.817,0.603,0.023,btn_A
1780980375.9642262,-0.826,-0.171,0.562,-0.115,0.29,-0.733,-0.686,-0.311,0.604,-5.42,-0.832,-1.015,-0.317,-0.391,0.886,0.008,0.382,1.038,-0.164,-0.292,1.004,0.687,7.618,-0.191,0.087,-0.306,0.814,-0.725,2.504,0.023,btn_A
1780980376.0625384,-0.826,-0.17,0.566,-1.061,2.252,-1.29,-0.69,-0.313,0.599,-6.542,0.641,-0.443,-0.317,-0.392,0.883,-0.695,0.496,-0.267,-0.155,-0.291,1.005,0.901,7.519,-0.321,0.085,-0.312,0.818,0.137,2.702,0.275,btn_A
1780980376.178285,-0.827,-0.171,0.561,-1.389,2.496,-0.641,-0.691,-0.31,0.593,-6.519,1.435,0.55,-0.323,-0.392,0.886,-0.153,0.13,-0.153,-0.16,-0.291,1.011,1.145,6.611,0.0,0.092,-0.313,0.817,-0.458,1.595,-0.229,btn_A
1780980376.2788863,-0.826,-0.17,0.563,-0.947,1.115,-0.855,-0.689,-0.312,0.6,-6.015,1.061,-0.206,-0.321,-0.39,0.886,-0.534,0.053,0.504,-0.161,-0.296,1.005,0.878,8.023,-1.206,0.087,-0.315,0.826,-1.069,2.824,-0.366,btn_A
1780980379.461513,-0.83,-0.169,0.557,-0.977,1.435,-1.107,-0.695,-0.315,0.586,-6.168,0.901,0.252,-0.318,-0.398,0.878,-0.496,0.16,0.023,-0.163,-0.296,1.01,1.565,7.237,-0.076,0.091,-0.308,0.819,-0.267,2.626,0.061,btn_A
1780980379.5798476,-0.83,-0.167,0.558,-0.977,1.527,-0.824,-0.687,-0.312,0.587,-6.244,0.771,-0.198,-0.324,-0.393,0.876,-0.244,0.168,0.214,-0.166,-0.294,1.0,1.397,7.023,-1.015,0.077,-0.309,0.823,-0.977,1.695,0.145,btn_A
1780980379.6676614,-0.833,-0.17,0.556,-0.84,2.023,-0.084,-0.697,-0.313,0.585,-6.45,0.611,-0.893,-0.325,-0.396,0.883,-0.473,0.221,0.702,-0.169,-0.297,1.005,1.267,6.84,-0.45,0.09,-0.306,0.822,-0.962,1.931,-0.13,btn_A
1780980379.771109,-0.827,-0.167,0.563,-0.954,1.687,-0.947,-0.695,-0.317,0.578,-6.58,0.733,-0.267,-0.324,-0.398,0.884,-0.435,0.031,-0.168,-0.159,-0.299,1.006,1.466,6.366,-1.0,0.088,-0.307,0.82,-0.634,2.198,-0.305,btn_A
1780980379.8736882,-0.832,-0.173,0.558,-0.847,1.802,-0.718,-0.693,-0.313,0.587,-6.443,0.733,-0.344,-0.324,-0.397,0.883,-0.214,0.031,-0.061,-0.163,-0.301,1.01,1.45,6.74,-0.122,0.086,-0.313,0.821,-0.802,1.489,-0.107,btn_A
1780980379.976396,-0.827,-0.175,0.562,-0.847,1.702,-0.969,-0.696,-0.312,0.589,-6.511,0.832,-0.298,-0.323,-0.39,0.879,-0.389,-0.267,0.374,-0.16,-0.297,1.003,1.687,6.832,-0.863,0.093,-0.307,0.827,-0.634,2.099,-0.305,btn_A
1780980380.079512,-0.829,-0.173,0.561,-1.74,-3.328,-0.595,-0.758,-0.234,0.548,-3.458,4.794,-1.74,-0.296,-0.418,0.849,-2.496,13.794,4.87,-0.217,-0.518,0.438,250.13,-47.008,164.069,0.089,-0.314,0.816,32.298,12.786,5.809,btn_A
1780980380.182618,-0.826,-0.173,0.563,0.656,5.328,2.466,-0.698,-0.306,0.606,-5.107,20.015,4.351,-0.379,-0.376,0.848,13.504,33.061,15.214,-0.188,0.228,0.797,87.023,16.611,-14.069,0.068,-0.277,0.828,12.748,12.137,4.847,btn_A
1780980380.293121,-0.833,-0.156,0.554,-0.595,4.107,0.71,-0.727,-0.313,0.561,-6.031,5.206,-1.802,-0.375,-0.371,0.882,3.023,14.214,4.878,-0.124,0.3,1.021,29.817,10.29,-7.29,0.06,-0.283,0.838,0.466,2.847,1.649,btn_A
1780980380.3954298,-0.831,-0.16,0.546,-1.336,-0.344,-0.565,-0.734,-0.302,0.531,-5.954,2.237,-0.382,-0.41,-0.357,0.867,-2.038,-1.038,-0.214,-0.167,0.337,0.977,6.725,8.198,-1.466,0.06,-0.276,0.842,-1.809,2.473,-0.053,btn_A
1780980380.4916635,-0.83,-0.156,0.556,-0.87,-1.702,-2.069,-0.732,-0.299,0.54,-6.099,-3.84,-1.382,-0.415,-0.363,0.854,-1.458,-6.107,-2.71,-0.181,0.306,1.04,-15.733,0.863,-0.954,0.055,-0.264,0.836,1.115,-0.557,0.183,btn_A
1780980380.5947676,-0.839,-0.157,0.553,-0.802,0.466,-2.023,-0.729,-0.298,0.538,-6.344,2.412,-0.206,-0.42,-0.358,0.845,0.298,0.267,-0.794,-0.18,0.314,1.024,-6.626,4.664,-0.931,0.075,-0.273,0.833,-2.809,-1.267,-0.664,btn_A
1780980380.7106113,-0.833,-0.16,0.561,-1.076,0.13,-1.473,-0.726,-0.294,0.544,-5.489,0.695,-0.473,-0.411,-0.365,0.858,0.0,0.359,0.168,-0.191,0.324,0.963,-2.595,4.847,-3.511,0.069,-0.273,0.829,-0.481,1.252,-0.305,btn_A
1780980380.8121831,-0.835,-0.163,0.551,-0.244,0.573,-2.107,-0.73,-0.297,0.547,-6.473,-16.267,-3.771,-0.42,-0.359,0.851,-2.947,-17.031,-7.794,-0.223,0.323,0.354,-108.145,-10.687,-23.389,0.064,-0.282,0.82,-13.069,3.031,-4.473,btn_A
1780980380.911534,-0.87,-0.179,0.375,-12.015,-17.58,-11.183,-0.659,-0.305,0.605,-5.176,-22.435,-5.313,-0.218,-0.481,1.019,3.076,-35.298,-3.71,-0.133,0.063,-0.485,-2.267,76.031,-0.718,0.02,-0.36,0.927,11.725,41.359,-0.458,btn_A
1780980381.0116467,-0.81,-0.174,0.592,0.237,5.595,0.42,-0.674,-0.306,0.614,-7.29,6.214,0.313,-0.305,-0.387,0.889,-3.244,7.893,1.298,-0.154,-0.258,1.019,-4.702,13.298,-1.359,0.1,-0.297,0.816,-14.954,14.634,-1.824,btn_A
1780980381.109883,-0.826,-0.165,0.565,-1.305,2.26,-0.725,-0.687,-0.306,0.599,-6.962,-0.122,-0.557,-0.311,-0.389,0.89,-0.702,-0.115,-0.359,-0.15,-0.275,1.014,-0.626,5.336,-0.863,0.094,-0.316,0.817,3.802,-4.855,0.42,btn_A
1780980381.2128513,-0.823,-0.167,0.579,-0.458,0.603,-0.992,-0.682,-0.306,0.611,-6.137,0.458,-0.481,-0.306,-0.388,0.896,0.061,-1.58,-0.397,-0.148,-0.274,1.014,0.618,6.305,-1.252,0.089,-0.313,0.828,-2.176,2.992,0.214,btn_A
1780980381.3288295,-0.82,-0.167,0.573,-0.412,1.183,-1.282,-0.682,-0.311,0.606,-5.908,0.267,-0.489,-0.309,-0.383,0.888,-0.328,-0.26,0.015,-0.145,-0.277,1.017,0.985,5.84,-1.038,0.092,-0.312,0.816,-0.916,1.252,0.168,btn_A
1780980381.4282959,-0.825,-0.167,0.576,-0.557,0.336,-1.328,-0.679,-0.31,0.609,-5.405,0.45,-1.214,-0.304,-0.392,0.887,0.229,-0.878,-0.015,-0.149,-0.275,1.015,1.344,7.779,-1.557,0.093,-0.302,0.813,-0.542,3.13,-0.328,btn_A
1780980381.5218716,-0.822,-0.17,0.571,-1.031,0.84,-0.939,-0.685,-0.302,0.598,-5.832,0.42,0.382,-0.31,-0.385,0.895,0.16,-1.267,-0.282,-0.141,-0.279,1.013,1.275,7.046,-0.489,0.096,-0.316,0.826,-0.71,3.191,-0.29,btn_A
1780980381.6247973,-0.823,-0.165,0.571,-0.275,-0.458,-0.718,-0.683,-0.298,0.617,-5.42,-0.252,0.702,-0.306,-0.388,0.894,0.771,-2.344,0.214,-0.147,-0.274,1.013,1.519,6.13,-1.206,0.087,-0.316,0.823,-0.504,3.084,-0.122,btn_A
1780980381.7278702,-0.824,-0.168,0.574,-1.053,2.328,-0.504,-0.681,-0.303,0.602,-5.573,0.229,0.733,-0.313,-0.382,0.877,1.206,-1.481,0.947,-0.144,-0.273,1.018,2.359,5.389,-0.634,0.095,-0.317,0.82,-0.42,0.313,0.832,btn_A
1780980381.8310766,-0.824,-0.165,0.566,-0.305,0.122,-0.656,-0.675,-0.307,0.615,-5.588,0.107,-0.206,-0.297,-0.38,0.896,1.29,-1.466,0.458,-0.151,-0.267,1.015,2.145,7.573,-0.366,0.095,-0.312,0.811,-0.389,4.038,0.969,btn_A
1780980381.9490821,-0.823,-0.164,0.57,-0.763,1.466,-0.443,-0.677,-0.3,0.615,-6.351,0.626,-0.282,-0.31,-0.383,0.898,-0.282,-0.435,-0.374,-0.148,-0.275,1.02,0.725,7.679,-0.214,0.088,-0.308,0.817,-0.122,4.084,0.252,btn_A
1780980382.044353,-0.821,-0.164,0.569,-1.237,2.634,-0.206,-0.679,-0.304,0.614,-6.359,0.351,0.435,-0.31,-0.384,0.901,0.191,0.611,1.305,-0.155,-0.273,1.021,1.458,8.863,-0.176,0.086,-0.31,0.825,-1.366,3.969,0.626,btn_A
1780980382.140044,-0.828,-0.165,0.57,-1.664,2.916,-0.115,-0.686,-0.303,0.607,-6.145,-0.267,-0.16,-0.312,-0.388,0.895,-1.084,0.885,1.176,-0.154,-0.281,1.009,1.122,7.641,0.107,0.086,-0.309,0.826,-0.137,2.58,-0.099,btn_A
1780980382.2426858,-0.826,-0.164,0.567,-0.863,0.435,-0.26,-0.687,-0.3,0.608,-5.878,0.122,-0.473,-0.306,-0.38,0.893,-0.351,-0.427,-0.176,-0.155,-0.274,1.018,1.603,6.702,-0.137,0.085,-0.304,0.822,-0.336,3.969,0.695,btn_A
1780980382.345602,-0.825,-0.163,0.566,-0.756,-0.153,-1.435,-0.682,-0.3,0.612,-5.962,0.748,-0.229,-0.314,-0.379,0.893,-0.099,0.336,-0.023,-0.156,-0.275,1.013,0.489,6.992,0.099,0.087,-0.302,0.833,2.061,2.656,0.168,btn_A
1780980385.6466887,-0.828,-0.169,0.557,-1.137,-0.084,-1.443,-0.69,-0.311,0.605,-5.893,0.321,0.275,-0.324,-0.387,0.889,0.557,-0.137,0.183,-0.163,-0.301,1.002,2.115,6.618,0.046,0.082,-0.304,0.829,0.031,3.672,-0.588,btn_A
1780980385.744617,-0.832,-0.166,0.554,-0.603,0.015,-0.626,-0.685,-0.31,0.592,-5.55,-0.168,-1.0,-0.324,-0.389,0.883,0.374,-0.412,0.084,-0.17,-0.3,1.0,2.153,6.496,-1.328,0.081,-0.297,0.831,-1.573,0.122,-0.618,btn_A
1780980385.8479915,-0.839,-0.17,0.547,-0.489,3.122,-0.893,-0.693,-0.311,0.594,-6.481,0.527,-0.977,-0.323,-0.391,0.885,-0.679,-0.733,-0.053,-0.163,-0.3,1.009,1.58,5.534,-0.489,0.09,-0.303,0.832,-0.176,1.626,0.137,btn_A
1780980385.9642706,-0.83,-0.164,0.552,-0.725,0.87,-0.939,-0.693,-0.313,0.599,-5.794,0.664,0.244,-0.319,-0.392,0.88,-0.366,0.832,-0.13,-0.168,-0.296,1.011,1.183,7.237,-0.718,0.081,-0.305,0.827,-1.038,2.939,-0.076,btn_A
1780980386.054265,-0.832,-0.166,0.549,-0.74,0.954,-1.061,-0.686,-0.311,0.591,-6.13,0.84,0.397,-0.328,-0.39,0.891,0.046,-0.107,-0.275,-0.166,-0.302,1.005,1.412,6.656,-0.55,0.09,-0.306,0.827,-1.076,0.855,-0.084,btn_A
1780980386.1610472,-0.832,-0.164,0.556,-0.695,-0.466,-1.008,-0.688,-0.315,0.59,-5.885,0.534,-0.763,-0.344,-0.394,0.854,1.969,0.809,1.763,-0.154,-0.312,1.176,-13.107,2.42,2.26,0.09,-0.32,0.821,0.229,8.947,0.046,btn_A
1780980386.260767,-0.821,-0.157,0.564,-3.168,10.794,5.069,-0.715,-0.352,0.594,-5.298,26.313,7.595,-0.408,-0.378,0.888,11.298,61.298,24.779,-0.575,0.238,0.567,124.145,47.183,24.29,0.043,-0.25,0.786,4.992,30.695,0.427,btn_A
1780980386.3638997,-0.848,-0.159,0.529,-0.122,1.977,-0.656,-0.732,-0.309,0.55,-3.863,-0.672,0.427,-0.41,-0.353,0.852,0.618,6.084,3.443,-0.337,0.375,0.951,19.748,0.733,-4.267,0.042,-0.283,0.882,2.176,-9.786,1.214,btn_A
1780980386.4773326,-0.842,-0.159,0.547,-1.0,-0.366,-0.702,-0.734,-0.299,0.543,-5.641,0.748,0.023,-0.424,-0.35,0.845,-0.145,1.107,0.916,-0.198,0.337,0.916,-5.252,4.58,-6.855,0.047,-0.246,0.828,-1.473,4.534,-0.26,btn_A
1780980386.5807986,-0.848,-0.157,0.531,-0.221,4.069,0.031,-0.734,-0.296,0.536,-6.183,-0.618,-0.26,-0.42,-0.354,0.853,-0.771,-4.473,-0.649,-0.196,0.326,0.999,-2.802,1.527,-2.725,0.05,-0.267,0.846,-4.656,-1.496,-0.405,btn_A
1780980386.672171,-0.839,-0.153,0.536,-1.26,0.168,-1.573,-0.736,-0.294,0.55,-6.45,-5.237,-1.557,-0.421,-0.349,0.842,-1.42,-7.832,-3.779,-0.248,0.36,0.825,-27.092,-5.229,1.664,0.057,-0.266,0.819,-2.611,1.153,-0.664,btn_A
1780980386.775249,-0.826,-0.162,0.561,0.115,-12.061,-7.153,-0.691,-0.324,0.602,-8.656,-56.053,-4.015,-0.347,-0.41,0.877,-0.298,-75.42,-25.901,-0.091,-0.756,0.497,-250.137,85.885,-83.847,0.137,-0.326,0.863,-43.748,-18.252,-9.84,btn_A
1780980386.8784616,-0.848,-0.166,0.538,-3.115,-9.107,-0.298,-0.675,-0.313,0.613,-5.71,-15.153,-2.366,-0.31,-0.376,0.894,4.863,-8.435,-0.496,-0.158,-0.263,1.028,-0.389,6.397,-1.328,0.05,-0.329,0.826,-3.29,0.244,-1.466,btn_A
1780980386.9955113,-0.822,-0.168,0.565,-1.557,1.382,-1.336,-0.683,-0.306,0.611,-6.824,1.046,-0.71,-0.303,-0.386,0.894,-0.786,2.107,0.954,-0.166,-0.269,1.01,-0.229,9.099,-0.229,0.082,-0.296,0.822,-4.168,5.664,0.183,btn_A
1780980387.0957751,-0.829,-0.171,0.563,-1.244,2.931,-0.099,-0.683,-0.304,0.599,-6.611,1.542,0.344,-0.305,-0.39,0.887,-0.847,1.092,0.794,-0.167,-0.276,1.012,-0.481,6.603,-0.565,0.087,-0.304,0.819,0.885,-0.344,0.198,btn_A
1780980387.1925025,-0.83,-0.172,0.555,-0.534,2.183,-0.779,-0.685,-0.307,0.608,-6.489,1.42,-0.298,-0.306,-0.386,0.889,-0.878,1.55,-0.153,-0.172,-0.273,1.015,-0.832,7.603,-0.74,0.086,-0.297,0.825,-1.954,3.305,-0.053,btn_A
1780980387.2899702,-0.826,-0.168,0.555,-0.985,2.153,-0.977,-0.684,-0.31,0.604,-6.908,1.58,-0.595,-0.31,-0.389,0.888,-0.55,0.863,-0.031,-0.17,-0.277,1.01,0.336,8.282,-0.344,0.089,-0.306,0.826,-0.74,1.832,0.069,btn_A
1780980387.3932004,-0.829,-0.165,0.557,-1.244,2.779,-1.13,-0.689,-0.308,0.594,-6.74,1.634,-0.641,-0.31,-0.392,0.886,-0.557,0.046,0.504,-0.176,-0.281,1.014,0.672,6.344,-0.817,0.092,-0.303,0.818,-0.748,1.687,-0.076,btn_A
1780980387.5082045,-0.832,-0.168,0.563,-0.756,1.099,-0.763,-0.686,-0.307,0.607,-6.366,1.046,-0.382,-0.31,-0.387,0.892,-0.511,0.702,0.244,-0.171,-0.281,1.015,0.718,7.924,-0.397,0.091,-0.303,0.83,-0.107,2.198,0.321,btn_A
1780980387.6124988,-0.828,-0.167,0.559,-0.756,1.71,-0.618,-0.685,-0.31,0.601,-6.649,1.275,-0.924,-0.312,-0.389,0.891,-0.672,0.389,-0.214,-0.194,-0.276,1.021,0.244,7.847,-0.626,0.101,-0.308,0.818,-1.969,3.405,0.038,btn_A
1780980387.7077458,-0.828,-0.167,0.556,-1.382,1.687,-1.092,-0.685,-0.304,0.602,-6.992,1.611,-0.275,-0.309,-0.39,0.885,-0.847,0.321,0.046,-0.173,-0.283,1.004,0.046,7.321,-0.282,0.076,-0.309,0.826,-1.191,3.489,-0.397,btn_A
1780980387.8053322,-0.832,-0.168,0.557,-1.092,3.229,-0.664,-0.686,-0.31,0.602,-6.847,1.458,-0.229,-0.313,-0.395,0.887,-0.534,0.282,0.244,-0.176,-0.287,1.005,0.359,6.603,-0.626,0.085,-0.31,0.825,-1.084,0.527,-0.084,btn_A
1780980387.9095738,-0.835,-0.163,0.552,-0.443,2.008,-1.42,-0.688,-0.313,0.591,-6.824,0.931,-1.412,-0.311,-0.392,0.893,-1.145,0.282,0.023,-0.173,-0.29,1.012,-0.397,7.427,-0.183,0.092,-0.307,0.819,0.435,0.427,0.702,btn_A
1780980388.011193,-0.837,-0.167,0.55,-0.954,2.351,-1.145,-0.692,-0.309,0.6,-7.786,3.542,-1.282,-0.311,-0.393,0.89,-2.641,4.351,-0.481,-0.172,-0.303,1.005,-3.748,8.55,-0.718,0.094,-0.313,0.83,1.328,3.641,-0.031,btn_A
1780980388.1264892,-0.826,-0.165,0.556,-0.634,1.313,-1.099,-0.691,-0.314,0.592,-6.031,0.359,-0.336,-0.318,-0.396,0.884,-0.183,-0.107,-0.924,-0.167,-0.296,0.998,1.473,5.588,-0.382,0.09,-0.307,0.823,-1.176,3.954,-0.817,btn_A
1780980388.2174811,-0.831,-0.167,0.559,-0.634,0.145,-0.802,-0.69,-0.312,0.594,-6.29,0.321,-0.031,-0.316,-0.394,0.884,-0.076,0.298,0.87,-0.171,-0.299,1.005,1.366,8.0,-0.405,0.088,-0.307,0.828,-0.565,3.252,-0.153,btn_A
1780980388.3201642,-0.83,-0.167,0.555,-0.954,1.13,-1.534,-0.691,-0.31,0.592,-6.031,1.137,-0.649,-0.313,-0.389,0.889,-0.824,0.893,0.725,-0.171,-0.293,1.009,0.565,7.13,-0.031,0.088,-0.307,0.821,-0.282,1.992,0.282,btn_A
1780980388.427214,-0.838,-0.17,0.552,-1.252,2.565,-0.237,-0.693,-0.312,0.604,-7.214,2.893,-1.389,-0.323,-0.4,0.879,-1.137,2.137,-0.122,-0.178,-0.3,0.992,1.618,6.954,-0.748,0.091,-0.301,0.826,1.038,2.435,-0.534,btn_A
1780980388.5261583,-0.829,-0.17,0.549,-0.565,1.702,-1.244,-0.696,-0.313,0.595,-6.282,0.771,-0.282,-0.318,-0.399,0.883,-0.305,0.397,0.214,-0.177,-0.297,0.995,1.336,6.435,-0.466,0.092,-0.304,0.831,-0.771,2.687,-0.42,btn_A
1780980391.8283563,-0.835,-0.167,0.549,-0.702,1.779,-0.534,-0.693,-0.315,0.586,-6.84,0.924,-0.55,-0.32,-0.396,0.879,-0.427,0.473,0.756,-0.179,-0.307,0.999,1.29,7.557,-0.237,0.087,-0.301,0.82,-0.687,3.0,0.053,btn_A
1780980391.9251068,-0.835,-0.165,0.553,-1.145,2.443,-0.847,-0.693,-0.318,0.592,-6.305,0.359,-0.489,-0.326,-0.397,0.876,-0.176,-0.725,0.115,-0.177,-0.308,0.996,1.344,6.198,-0.847,0.089,-0.307,0.829,-0.45,1.672,0.046,btn_A
1780980392.0283296,-0.838,-0.161,0.549,-0.802,0.924,-0.992,-0.692,-0.315,0.589,-6.664,0.626,0.015,-0.326,-0.395,0.882,-0.534,0.618,-0.084,-0.18,-0.305,0.999,1.389,7.527,-0.321,0.087,-0.309,0.818,-1.412,2.206,-0.076,btn_A
1780980392.1313682,-0.832,-0.166,0.551,-0.771,0.626,-0.588,-0.697,-0.312,0.591,-6.366,0.58,-0.008,-0.327,-0.398,0.877,-0.168,-0.145,-0.496,-0.175,-0.307,1.003,1.344,6.252,-0.992,0.097,-0.308,0.821,0.031,1.626,0.313,btn_A
1780980392.2451477,-0.832,-0.167,0.55,-0.573,0.809,-0.435,-0.693,-0.312,0.589,-6.412,0.595,-0.924,-0.323,-0.396,0.879,-0.137,0.672,0.824,-0.177,-0.307,1.001,0.802,7.0,-0.412,0.091,-0.3,0.83,-1.298,3.137,-0.351,btn_A
1780980392.3473802,-0.836,-0.173,0.547,-1.015,3.42,-0.389,-0.764,-0.278,0.525,-1.916,30.664,3.031,-0.364,-0.39,0.872,-5.702,28.344,5.573,-0.285,-0.11,0.658,226.527,-4.809,72.947,0.053,-0.272,0.81,20.519,4.748,2.969,btn_A
1780980392.4401376,-0.842,-0.176,0.56,-0.382,18.817,6.679,-0.737,-0.292,0.588,-5.794,18.198,4.817,-0.444,-0.382,0.776,13.206,23.748,13.267,-0.229,0.166,0.883,117.252,-0.351,-13.908,0.063,-0.277,0.816,3.611,9.618,4.076,btn_A
1780980392.5434265,-0.841,-0.156,0.541,-1.595,3.656,0.458,-0.729,-0.293,0.512,-4.382,10.534,1.466,-0.393,-0.363,0.84,-3.305,6.084,5.038,-0.198,0.279,1.013,24.817,8.664,-11.687,0.053,-0.27,0.849,2.137,0.115,1.504,btn_A
1780980392.6622303,-0.842,-0.151,0.537,-1.229,1.359,-0.634,-0.739,-0.294,0.533,-6.267,-3.29,-0.794,-0.415,-0.362,0.843,-1.427,-1.702,0.053,-0.193,0.319,0.958,-2.374,2.718,-2.786,0.053,-0.263,0.846,-4.962,0.847,-0.656,btn_A
1780980392.7578135,-0.844,-0.152,0.534,-1.031,0.473,-1.153,-0.735,-0.293,0.536,-6.435,-1.763,-0.771,-0.424,-0.366,0.856,-1.626,-4.076,-0.496,-0.139,0.317,1.018,0.489,3.45,-4.641,0.065,-0.273,0.842,-2.603,0.947,-0.16,btn_A
1780980392.8523705,-0.837,-0.158,0.54,-0.374,-0.137,-0.321,-0.736,-0.298,0.534,-6.038,-1.092,-0.885,-0.424,-0.37,0.858,-1.649,-2.023,-0.214,-0.163,0.309,1.012,2.275,5.595,-4.458,0.067,-0.277,0.842,-3.405,1.191,-0.603,btn_A
1780980392.9561756,-0.84,-0.159,0.544,-1.191,1.351,-2.473,-0.743,-0.297,0.532,-7.153,-7.924,-2.496,-0.423,-0.363,0.849,-3.183,-12.611,-7.099,-0.237,0.324,0.816,-44.832,-6.198,5.901,0.061,-0.261,0.826,-8.26,-0.031,-3.26,btn_A
1780980393.0588832,-0.836,-0.157,0.551,0.092,-7.893,-5.42,-0.729,-0.315,0.583,-10.489,-43.168,-6.55,-0.338,-0.381,0.873,4.145,-65.557,-22.969,-0.193,-1.169,0.794,-250.137,16.58,-87.573,0.148,-0.325,0.835,-37.87,-9.656,-10.626,btn_A
1780980393.1769485,-0.844,-0.169,0.548,-3.603,-4.557,-2.611,-0.649,-0.322,0.654,-5.55,-8.206,-0.466,-0.315,-0.387,0.89,4.824,-10.885,-1.275,-0.149,-0.278,1.018,-0.389,11.153,-1.855,0.061,-0.333,0.835,9.855,-10.847,1.557,btn_A
1780980393.2643054,-0.827,-0.167,0.545,-1.55,2.26,-0.756,-0.693,-0.303,0.595,-6.74,0.855,-0.763,-0.311,-0.392,0.886,-0.198,2.519,0.29,-0.169,-0.28,1.017,-0.038,6.466,-0.176,0.093,-0.292,0.816,-4.191,5.153,-0.275,btn_A
1780980393.3673294,-0.833,-0.162,0.555,-1.031,2.13,-0.954,-0.69,-0.306,0.585,-6.687,1.336,-0.817,-0.307,-0.393,0.895,-1.725,2.832,0.374,-0.169,-0.286,1.007,-3.092,9.969,-0.557,0.077,-0.308,0.823,0.809,2.588,0.397,btn_A
1780980393.4763558,-0.83,-0.168,0.555,-0.863,3.229,-0.191,-0.688,-0.311,0.595,-7.237,2.496,-0.084,-0.316,-0.391,0.881,-1.511,3.099,1.221,-0.179,-0.292,1.005,-1.153,9.229,-0.366,0.085,-0.302,0.819,-2.099,2.557,-0.137,btn_A
1780980393.574182,-0.834,-0.163,0.548,-1.084,1.115,-0.656,-0.696,-0.314,0.589,-6.603,1.351,-0.015,-0.316,-0.396,0.889,-0.779,0.305,0.237,-0.177,-0.295,1.0,0.565,8.16,-0.763,0.086,-0.301,0.83,0.031,2.023,0.588,btn_A
1780980393.6763985,-0.834,-0.17,0.548,-1.336,2.527,-0.405,-0.693,-0.313,0.591,-6.916,1.992,-0.641,-0.319,-0.397,0.88,-0.794,1.0,0.092,-0.174,-0.292,1.006,0.137,6.687,-0.443,0.084,-0.304,0.823,-1.656,1.939,0.336,btn_A
1780980393.7959251,-0.835,-0.167,0.55,-0.641,2.023,-0.595,-0.693,-0.315,0.591,-6.718,1.107,-0.702,-0.317,-0.4,0.885,-0.969,1.267,0.29,-0.174,-0.295,0.995,0.351,8.198,-0.947,0.083,-0.305,0.826,-0.58,2.092,0.168,btn_A
1780980393.8940136,-0.838,-0.166,0.549,-1.069,1.939,-1.405,-0.687,-0.309,0.583,-7.206,2.084,-0.397,-0.32,-0.398,0.884,-1.122,2.916,1.298,-0.18,-0.3,0.999,-0.221,9.588,0.015,0.082,-0.304,0.823,-0.74,2.427,0.687,btn_A
1780980393.9932282,-0.836,-0.163,0.554,-1.229,1.298,-0.924,-0.695,-0.312,0.586,-6.336,2.015,-0.489,-0.326,-0.399,0.879,-0.298,0.718,0.092,-0.175,-0.298,1.007,0.832,7.229,-0.771,0.088,-0.307,0.824,-0.878,2.435,-0.031,btn_A
1780980394.092194,-0.834,-0.163,0.548,-0.847,1.588,-0.878,-0.701,-0.314,0.582,-6.58,1.282,-0.145,-0.32,-0.398,0.878,-0.489,0.16,0.221,-0.18,-0.301,1.005,0.985,7.015,-0.504,0.083,-0.311,0.825,-0.359,2.115,-0.069,btn_A
1780980394.1913915,-0.838,-0.168,0.542,-0.931,1.427,-0.687,-0.699,-0.314,0.584,-6.931,1.763,-0.168,-0.326,-0.398,0.876,-0.947,1.366,0.656,-0.183,-0.309,0.998,0.565,7.519,-0.656,0.088,-0.298,0.829,-1.748,3.115,-1.107,btn_A
1780980394.294409,-0.841,-0.168,0.55,-1.366,1.504,-1.481,-0.699,-0.318,0.584,-6.397,0.931,-0.359,-0.324,-0.398,0.879,-0.664,0.198,0.298,-0.187,-0.301,1.003,1.031,7.076,-0.641,0.091,-0.304,0.818,-0.641,1.908,0.099,btn_A
1780980394.3974786,-0.834,-0.166,0.552,-1.031,1.26,-0.351,-0.698,-0.312,0.579,-6.489,0.534,-1.344,-0.326,-0.4,0.877,-0.458,-0.45,-0.137,-0.183,-0.303,0.995,0.824,7.649,-0.794,0.092,-0.307,0.823,-0.977,2.809,0.107,btn_A
1780980394.5001557,-0.837,-0.165,0.547,-0.58,1.603,-1.115,-0.702,-0.313,0.583,-6.496,0.809,-0.053,-0.328,-0.399,0.88,-0.374,-0.611,0.008,-0.179,-0.307,1.005,0.878,6.687,-0.412,0.09,-0.31,0.825,-0.603,2.435,0.191,btn_A
1780980394.6035008,-0.833,-0.167,0.547,-1.122,1.656,-0.611,-0.698,-0.313,0.578,-6.405,1.046,0.115,-0.326,-0.398,0.875,-0.397,0.618,0.527,-0.183,-0.309,0.999,1.359,7.084,-0.641,0.091,-0.313,0.81,-0.733,2.084,-0.031,btn_A
1780980394.706693,-0.84,-0.164,0.544,-1.069,1.214,-0.977,-0.705,-0.313,0.581,-6.542,0.756,-0.74,-0.328,-0.398,0.875,-0.176,0.221,0.053,-0.184,-0.309,1.007,1.328,6.489,-0.626,0.084,-0.303,0.819,-0.603,2.45,0.076,btn_A
1780980397.8993008,-0.831,-0.166,0.54,-1.595,0.977,-1.305,-0.7,-0.32,0.572,-7.015,1.489,-0.061,-0.334,-0.403,0.874,-0.641,3.42,0.534,-0.196,-0.312,0.982,0.977,7.802,-0.443,0.093,-0.302,0.815,-3.702,4.229,-0.641,btn_A
1780980398.0064027,-0.841,-0.164,0.544,-1.145,0.954,-0.901,-0.701,-0.317,0.575,-6.26,0.817,-0.832,-0.333,-0.403,0.877,-0.832,0.496,0.641,-0.187,-0.31,0.993,1.351,8.191,-0.74,0.086,-0.303,0.812,0.008,1.565,-0.122,btn_A
1780980398.1056826,-0.838,-0.165,0.53,-0.908,1.168,-0.489,-0.702,-0.316,0.577,-6.008,0.527,-0.382,-0.337,-0.4,0.869,-0.038,-1.45,-0.176,-0.188,-0.309,0.992,1.275,7.046,-0.649,0.082,-0.301,0.821,-0.26,2.687,-0.008,btn_A
1780980398.2108655,-0.839,-0.162,0.537,-1.351,1.908,-0.885,-0.698,-0.313,0.582,-6.679,0.649,-0.206,-0.329,-0.403,0.877,-0.405,-0.198,0.237,-0.188,-0.313,0.996,1.328,7.351,-0.618,0.083,-0.301,0.82,-1.069,2.397,-0.115,btn_A
1780980398.3238046,-0.841,-0.164,0.536,-1.137,1.176,-1.023,-0.7,-0.319,0.573,-6.458,0.931,-0.573,-0.334,-0.398,0.881,-0.344,0.282,0.16,-0.185,-0.312,1.0,1.244,7.084,-0.855,0.085,-0.31,0.826,-0.328,1.817,0.076,btn_A
1780980398.429434,-0.842,-0.167,0.536,-0.282,1.618,-0.618,-0.704,-0.316,0.577,-6.16,0.718,-0.374,-0.33,-0.403,0.877,-0.191,-0.221,0.221,-0.185,-0.308,0.994,1.725,6.145,-0.824,0.088,-0.312,0.817,-0.008,2.145,0.107,btn_A
1780980398.5243738,-0.844,-0.164,0.54,-0.817,1.649,-1.282,-0.7,-0.314,0.579,-6.038,0.374,0.092,-0.332,-0.4,0.879,-0.069,-0.389,-0.275,-0.187,-0.31,0.998,1.534,6.42,-0.511,0.083,-0.309,0.824,-0.168,2.87,-0.198,btn_A
1780980398.6234872,-0.852,-0.17,0.527,0.74,-3.832,-1.504,-0.721,-0.274,0.415,-4.336,5.557,1.511,-0.318,-0.408,0.858,-4.947,14.702,7.0,-0.648,-0.561,0.659,250.13,-20.55,165.649,0.084,-0.294,0.824,28.534,18.237,5.466,btn_A
1780980398.7234256,-0.83,-0.163,0.546,1.992,3.847,2.031,-0.715,-0.283,0.531,-2.939,1.794,3.802,-0.392,-0.372,0.861,5.817,13.985,14.344,-0.395,0.164,0.975,92.573,8.855,-11.634,0.084,-0.279,0.847,7.786,4.26,3.794,btn_A
1780980398.8269827,-0.838,-0.164,0.54,-0.557,0.786,0.489,-0.757,-0.303,0.507,-5.55,0.481,1.244,-0.388,-0.352,0.91,2.901,10.855,6.092,-0.204,0.297,0.98,20.573,11.557,-10.038,0.053,-0.275,0.823,0.359,5.0,1.229,btn_A
1780980398.9442687,-0.847,-0.151,0.527,-1.29,0.962,-1.466,-0.732,-0.303,0.533,-5.679,-2.473,-0.519,-0.417,-0.373,0.855,-0.107,-0.756,0.42,-0.13,0.26,1.198,20.679,6.42,-4.84,0.078,-0.282,0.843,-3.809,-3.397,-0.634,btn_A
1780980399.043941,-0.841,-0.162,0.535,-0.985,0.214,-0.809,-0.738,-0.302,0.541,-5.412,2.481,-0.084,-0.42,-0.366,0.852,-0.374,4.672,3.275,-0.186,0.329,0.957,13.435,12.053,-10.0,0.055,-0.271,0.84,2.87,2.115,-0.115,btn_A
1780980399.142682,-0.843,-0.159,0.536,-0.908,2.817,-1.344,-0.74,-0.302,0.536,-7.191,-6.534,-1.649,-0.419,-0.37,0.849,-2.931,-7.847,-3.771,-0.173,0.281,1.1,-7.183,0.55,1.809,0.057,-0.283,0.843,-7.038,1.313,-1.168,btn_A
1780980399.2391372,-0.845,-0.156,0.535,-1.008,2.695,-0.42,-0.728,-0.303,0.545,-6.603,-1.565,-0.924,-0.405,-0.365,0.853,-1.473,-1.519,-0.573,-0.194,0.312,0.942,-6.221,4.053,-0.748,0.061,-0.275,0.834,-1.29,1.511,-0.695,btn_A
1780980399.341709,-0.844,-0.157,0.53,-0.595,1.115,-2.771,-0.728,-0.303,0.56,-7.832,-12.71,-3.107,-0.417,-0.367,0.835,-6.168,-22.069,-10.183,-0.263,0.493,0.564,-141.924,-7.626,0.206,0.036,-0.281,0.839,-12.137,-0.931,-6.115,btn_A
1780980399.4447331,-0.808,-0.111,0.675,-5.031,-1.45,-3.802,-0.722,-0.315,0.577,-5.328,-17.565,-3.496,-0.44,-0.524,0.925,4.977,-43.321,-12.618,0.601,0.333,-0.349,1.359,76.107,-0.046,0.118,-0.404,0.914,-10.885,44.237,-3.076,btn_A
1780980399.5569973,-0.832,-0.166,0.55,0.351,1.954,-0.756,-0.686,-0.319,0.604,-6.947,4.756,0.336,-0.325,-0.388,0.879,-2.84,3.687,0.992,-0.172,-0.272,1.011,-2.534,8.069,-0.71,0.084,-0.284,0.81,-8.672,8.443,-1.351,btn_A
1780980399.6582146,-0.836,-0.163,0.544,-0.901,1.336,-0.679,-0.693,-0.313,0.588,-6.275,0.405,-0.664,-0.317,-0.39,0.885,-0.824,0.069,0.527,-0.161,-0.272,1.009,-0.847,7.061,-0.656,0.083,-0.306,0.825,2.763,0.145,0.336,btn_A
1780980399.753839,-0.834,-0.17,0.544,-0.42,2.397,-0.29,-0.7,-0.314,0.586,-6.939,1.565,-0.832,-0.32,-0.396,0.886,-0.931,1.679,0.832,-0.169,-0.281,1.008,-1.397,8.794,-0.473,0.087,-0.307,0.809,-1.267,5.679,0.015,btn_A
1780980399.8567452,-0.836,-0.167,0.541,-1.267,3.252,-1.16,-0.691,-0.313,0.583,-7.328,1.786,-0.137,-0.327,-0.394,0.887,-0.786,0.634,0.115,-0.175,-0.289,1.01,-0.031,7.756,-0.656,0.045,-0.307,0.823,-0.618,4.29,-1.015,btn_A
1780980399.9595845,-0.838,-0.166,0.545,-1.656,3.229,-0.916,-0.692,-0.317,0.592,-7.076,2.595,-0.252,-0.331,-0.391,0.879,-0.794,1.427,0.427,-0.177,-0.293,1.007,-0.885,7.794,-0.786,0.077,-0.313,0.831,-1.55,1.252,0.038,btn_A
1780980400.0747936,-0.841,-0.17,0.539,-0.832,1.115,-0.809,-0.698,-0.314,0.58,-6.305,0.901,-0.458,-0.328,-0.396,0.881,-0.221,0.672,0.405,-0.177,-0.293,1.012,0.664,7.061,-0.702,0.083,-0.309,0.815,0.008,1.618,-0.084,btn_A
1780980400.1783514,-0.839,-0.168,0.547,-1.145,1.29,-0.87,-0.697,-0.31,0.582,-6.229,0.855,-0.397,-0.336,-0.397,0.882,-0.496,0.771,0.198,-0.174,-0.288,1.007,0.427,7.321,-0.366,0.072,-0.31,0.834,-0.466,2.252,0.427,btn_A
1780980400.2762341,-0.84,-0.164,0.542,-1.466,2.229,-0.985,-0.694,-0.314,0.581,-6.611,1.557,-0.557,-0.327,-0.392,0.882,-0.58,0.733,0.031,-0.173,-0.293,1.002,0.511,7.878,-0.351,0.083,-0.305,0.828,0.137,2.687,0.275,btn_A
1780980400.3811193,-0.841,-0.168,0.545,-1.015,3.237,-0.168,-0.697,-0.316,0.581,-6.534,1.466,-0.275,-0.33,-0.4,0.875,-0.748,1.374,0.382,-0.174,-0.3,0.996,0.718,7.137,-0.519,0.084,-0.305,0.819,-1.466,2.595,-0.229,btn_A
1780980400.4750023,-0.843,-0.163,0.537,-0.725,1.275,-1.061,-0.698,-0.314,0.583,-5.962,1.061,-0.237,-0.333,-0.397,0.883,-0.16,1.198,0.771,-0.176,-0.294,1.003,0.847,7.183,-0.313,0.079,-0.313,0.824,-0.153,1.099,0.321,btn_A
1780980400.57883,-0.843,-0.166,0.538,-1.038,2.489,-0.489,-0.707,-0.312,0.576,-6.298,0.679,0.084,-0.334,-0.392,0.876,0.214,-0.786,-0.321,-0.176,-0.295,1.0,1.756,5.046,-0.611,0.093,-0.308,0.821,-1.275,1.374,-0.305,btn_A
1780980400.6917017,-0.839,-0.162,0.551,-0.939,0.42,-1.695,-0.698,-0.313,0.585,-6.702,1.473,-0.206,-0.334,-0.396,0.881,-0.466,0.16,0.053,-0.176,-0.298,1.004,1.038,8.359,-0.405,0.066,-0.308,0.814,-2.076,2.87,-0.672,btn_A
1780980400.79167,-0.84,-0.168,0.541,-0.71,3.618,0.443,-0.703,-0.317,0.583,-6.908,1.511,-0.664,-0.341,-0.398,0.872,-0.855,0.588,-0.053,-0.182,-0.299,1.002,0.794,5.618,-1.038,0.083,-0.31,0.821,-1.519,1.786,-0.649,btn_A
1780980404.0925143,-0.853,-0.164,0.522,-0.672,2.504,-0.076,-0.707,-0.32,0.566,-6.58,0.924,-1.221,-0.351,-0.398,0.868,-0.947,0.023,-0.405,-0.19,-0.319,0.995,1.229,6.557,-0.779,0.073,-0.307,0.834,-1.069,2.611,-0.031,btn_A
1780980404.1916158,-0.845,-0.166,0.531,-0.901,0.099,-0.74,-0.711,-0.319,0.56,-5.977,0.42,-0.198,-0.35,-0.394,0.872,-0.221,0.603,0.496,-0.189,-0.316,0.996,1.71,7.618,-0.412,0.08,-0.305,0.829,-0.405,3.443,-0.16,btn_A
1780980404.2924182,-0.847,-0.165,0.532,-0.443,0.069,-0.55,-0.704,-0.313,0.57,-5.817,0.763,-0.015,-0.348,-0.399,0.867,0.099,-0.641,0.282,-0.19,-0.315,1.001,1.565,6.649,-0.336,0.07,-0.303,0.833,0.511,2.87,-0.107,btn_A
1780980404.391599,-0.846,-0.167,0.533,-0.687,1.031,-0.344,-0.709,-0.316,0.563,-6.229,0.351,-0.153,-0.346,-0.395,0.866,0.344,-0.779,-0.26,-0.188,-0.314,0.999,1.26,6.282,-0.557,0.078,-0.314,0.827,-2.626,1.939,0.359,btn_A
1780980404.4929667,-0.847,-0.162,0.523,-0.969,1.359,-1.0,-0.707,-0.318,0.569,-6.122,-0.16,-1.183,-0.347,-0.399,0.87,-0.504,-0.26,-0.382,-0.188,-0.314,0.997,1.565,6.244,-0.748,0.074,-0.306,0.82,0.55,3.313,0.076,btn_A
1780980404.596125,-0.848,-0.163,0.525,-0.344,-1.626,-1.702,-0.706,-0.318,0.57,-5.618,-0.573,-0.771,-0.34,-0.401,0.879,0.176,-1.878,-0.237,-0.212,-0.328,0.962,5.122,5.412,-0.718,0.061,-0.302,0.821,1.489,6.359,0.748,btn_A
1780980404.6978445,-0.825,-0.187,0.562,-2.527,4.763,1.29,-0.758,-0.306,0.436,0.183,46.611,8.092,-0.494,-0.417,0.748,4.74,38.229,11.412,0.21,-0.085,0.138,250.13,-52.198,58.985,0.028,-0.273,0.825,48.13,4.588,14.985,btn_A
1780980404.801166,-0.841,-0.157,0.545,-1.061,-4.679,-0.359,-0.713,-0.302,0.569,-3.58,4.603,1.916,-0.387,-0.374,0.886,-1.153,9.733,7.603,-0.096,0.252,1.074,60.427,17.084,-13.489,0.035,-0.265,0.822,-8.397,21.969,-0.718,btn_A
1780980404.9037724,-0.841,-0.156,0.533,-1.901,1.672,-0.244,-0.718,-0.298,0.541,-3.87,11.763,1.237,-0.401,-0.358,0.849,0.939,12.634,6.435,-0.212,0.301,1.032,30.443,17.344,-7.878,0.033,-0.277,0.81,6.336,3.16,1.809,btn_A
1780980405.0070367,-0.845,-0.151,0.541,-1.466,2.038,0.992,-0.732,-0.294,0.531,-7.573,2.237,1.344,-0.433,-0.359,0.838,-0.229,6.84,2.092,-0.155,0.323,1.034,21.504,15.046,-4.145,0.042,-0.26,0.828,-2.443,4.023,0.137,btn_A
1780980405.1099968,-0.843,-0.156,0.537,-1.061,1.031,-1.076,-0.742,-0.297,0.527,-6.504,2.206,-0.229,-0.446,-0.354,0.834,-0.985,-0.206,-0.824,-0.214,0.374,0.888,-12.229,2.382,0.282,0.052,-0.261,0.826,-2.977,0.58,0.534,btn_A
1780980405.2245579,-0.845,-0.154,0.536,-1.809,1.198,-1.328,-0.738,-0.296,0.533,-6.092,0.115,-1.015,-0.42,-0.362,0.854,-1.237,1.809,1.008,-0.21,0.334,0.919,-3.031,7.412,-2.794,0.041,-0.271,0.837,4.115,2.45,0.374,btn_A
1780980405.3252985,-0.842,-0.16,0.537,-1.191,2.718,-1.198,-0.729,-0.295,0.547,-5.695,8.786,0.947,-0.445,-0.355,0.833,1.076,7.092,2.389,-0.258,0.338,0.937,4.13,7.863,-1.817,0.057,-0.266,0.81,-3.992,-1.183,-0.847,btn_A
1780980405.4269872,-0.843,-0.157,0.531,-0.786,1.679,-0.962,-0.737,-0.298,0.537,-8.221,-3.282,-1.618,-0.429,-0.369,0.841,-4.031,-6.176,-3.252,-0.169,0.262,1.069,-21.542,-0.412,0.084,0.048,-0.284,0.833,-5.634,-0.786,-2.802,btn_A
1780980405.522207,-0.85,-0.16,0.534,-0.061,0.008,-3.809,-0.735,-0.303,0.539,-11.191,-43.084,-5.878,-0.406,-0.379,0.841,-7.939,-54.824,-19.641,-0.047,-0.02,-0.151,-250.137,28.916,-52.481,0.021,-0.284,0.816,-31.382,-26.45,-10.939,btn_A
1780980405.624938,-0.865,-0.149,0.563,9.015,24.832,4.542,-0.664,-0.336,0.567,-3.244,33.924,-0.267,-0.395,-0.366,0.84,6.939,12.679,2.748,-0.197,-0.258,1.0,-8.031,-19.763,0.153,0.064,-0.27,0.785,-43.687,22.832,-8.603,btn_A
1780980405.7401934,-0.838,-0.165,0.541,-0.328,2.198,-1.244,-0.693,-0.31,0.589,-6.824,0.84,-0.908,-0.321,-0.391,0.89,-1.595,0.557,-0.031,-0.15,-0.268,1.015,-2.756,8.374,-0.45,0.07,-0.312,0.824,11.557,-7.374,1.931,btn_A
1780980405.842418,-0.838,-0.164,0.546,-0.397,2.725,-0.824,-0.695,-0.312,0.589,-6.244,1.573,-0.489,-0.322,-0.388,0.882,-1.679,1.427,1.076,-0.152,-0.268,1.017,-2.527,7.916,0.069,0.076,-0.311,0.824,-3.031,5.374,0.29,btn_A
1780980405.9455106,-0.838,-0.166,0.544,-1.0,3.458,-1.122,-0.689,-0.313,0.593,-7.595,2.863,-0.656,-0.327,-0.395,0.885,-1.427,1.473,0.282,-0.158,-0.274,1.002,-0.176,8.069,-0.809,0.086,-0.311,0.813,0.695,0.496,0.847,btn_A
1780980406.0402884,-0.84,-0.167,0.536,-0.718,0.382,-0.977,-0.699,-0.315,0.588,-6.573,0.481,-0.176,-0.325,-0.396,0.884,-0.115,-0.71,-0.031,-0.155,-0.28,1.017,0.221,7.466,-0.298,0.078,-0.314,0.821,0.122,3.908,0.328,btn_A
1780980406.1400766,-0.839,-0.168,0.539,-0.702,1.145,-0.809,-0.694,-0.313,0.583,-6.252,0.504,-0.641,-0.327,-0.396,0.876,-0.496,-0.198,-0.023,-0.156,-0.284,1.019,0.87,7.183,-0.382,0.115,-0.331,0.8,0.191,2.275,0.198,btn_A
1780980406.2431562,-0.838,-0.166,0.543,-0.779,0.038,-1.878,-0.694,-0.315,0.583,-5.863,0.282,-1.015,-0.328,-0.392,0.881,-0.374,0.076,0.45,-0.165,-0.288,1.011,1.153,8.611,-0.374,0.08,-0.319,0.821,1.458,3.092,0.153,btn_A
1780980406.35803,-0.844,-0.167,0.538,-0.748,0.947,-0.153,-0.697,-0.313,0.585,-5.687,1.176,0.336,-0.326,-0.394,0.884,0.603,1.588,0.916,-0.161,-0.284,1.012,1.015,8.13,-0.534,0.074,-0.31,0.813,-0.084,0.992,-0.695,btn_A
1780980406.4601443,-0.838,-0.168,0.543,-0.481,3.542,-1.16,-0.7,-0.31,0.577,-7.122,1.588,-0.519,-0.33,-0.396,0.875,-1.374,-0.145,-0.084,-0.159,-0.287,0.997,0.458,8.267,-0.076,0.081,-0.315,0.818,0.664,4.008,0.023,btn_A
1780980406.5519578,-0.839,-0.167,0.541,-1.557,3.038,-0.939,-0.696,-0.316,0.581,-7.275,1.71,-0.489,-0.33,-0.4,0.881,-0.893,2.107,0.802,-0.172,-0.287,1.001,1.328,8.603,-0.679,0.075,-0.309,0.82,-1.847,-0.771,-0.214,btn_A
1780980406.6555285,-0.84,-0.166,0.538,-0.779,1.153,-0.977,-0.698,-0.312,0.581,-6.351,0.107,-0.74,-0.335,-0.396,0.879,-0.443,-1.176,0.252,-0.159,-0.287,1.011,1.183,5.931,-0.519,0.075,-0.316,0.829,-0.672,3.061,-0.214,btn_A
1780980406.7579231,-0.844,-0.171,0.533,-0.405,1.328,-0.389,-0.702,-0.32,0.572,-6.298,0.802,-0.481,-0.329,-0.393,0.878,-0.099,0.183,0.168,-0.155,-0.288,1.008,1.321,6.672,-0.221,0.073,-0.314,0.818,0.763,0.695,-0.382,btn_A
1780980406.8611047,-0.843,-0.166,0.535,-1.099,0.008,-0.672,-0.699,-0.311,0.585,-5.802,0.344,-0.336,-0.327,-0.398,0.877,0.359,0.511,0.168,-0.166,-0.286,1.009,1.573,7.389,-0.679,0.078,-0.307,0.828,-1.168,2.756,0.115,btn_A
1780980406.973849,-0.844,-0.168,0.533,-0.817,1.183,-0.344,-0.699,-0.31,0.575,-6.336,-0.137,-0.824,-0.33,-0.394,0.888,-0.069,0.069,0.282,-0.159,-0.282,1.007,1.244,5.908,-0.344,0.083,-0.319,0.828,-1.038,0.595,-0.153,btn_A
1780980410.1576452,-0.849,-0.168,0.528,-1.229,2.718,0.214,-0.706,-0.319,0.569,-7.649,1.565,-0.412,-0.334,-0.4,0.865,-0.092,-2.328,-0.237,-0.156,-0.299,0.997,2.115,6.649,0.099,0.074,-0.316,0.817,0.023,2.969,-0.26,btn_A
1780980410.2601125,-0.842,-0.164,0.53,-1.153,0.947,-1.397,-0.707,-0.313,0.578,-6.13,0.359,-0.145,-0.333,-0.399,0.872,-0.053,-0.427,0.168,-0.166,-0.299,1.008,2.0,6.252,-0.748,0.08,-0.313,0.828,-1.794,2.321,-0.412,btn_A
1780980410.3630164,-0.84,-0.168,0.542,-0.519,0.267,-0.221,-0.703,-0.311,0.579,-5.908,0.489,0.061,-0.337,-0.395,0.886,-0.26,0.466,0.443,-0.164,-0.295,1.01,1.351,7.107,-0.489,0.079,-0.312,0.827,-0.237,3.359,-0.115,btn_A
1780980410.4664063,-0.843,-0.163,0.526,-0.519,1.405,-1.397,-0.7,-0.321,0.58,-6.191,0.321,-1.267,-0.334,-0.402,0.874,-0.687,-0.176,-0.427,-0.165,-0.303,1.007,1.687,6.565,-0.542,0.076,-0.314,0.818,-0.29,1.244,-0.16,btn_A
1780980410.5693038,-0.84,-0.167,0.529,-1.206,0.832,-0.992,-0.703,-0.317,0.571,-5.443,0.038,-0.794,-0.324,-0.395,0.887,-0.061,-2.702,-1.099,-0.173,-0.299,1.01,1.145,5.466,-1.076,0.077,-0.315,0.821,0.321,2.427,-0.382,btn_A
1780980410.6726804,-0.851,-0.17,0.527,-1.092,1.473,-1.351,-0.704,-0.318,0.578,-5.908,-0.267,-0.26,-0.332,-0.399,0.876,0.351,-1.168,-0.748,-0.147,-0.294,1.022,1.733,2.893,-0.183,0.073,-0.315,0.815,2.244,2.412,-2.695,btn_A
1780980410.7753675,-0.853,-0.174,0.504,5.603,28.702,10.702,-0.687,-0.364,0.496,-2.374,45.527,11.55,-0.441,-0.369,0.854,15.443,22.664,20.29,-0.527,0.147,0.54,189.0,46.763,44.863,0.077,-0.202,0.764,-18.168,23.351,1.099,btn_A
1780980410.8907704,-0.848,-0.154,0.525,-1.55,-3.0,0.672,-0.741,-0.281,0.517,-4.046,0.0,-0.092,-0.444,-0.366,0.833,0.527,0.84,1.443,-0.258,0.392,0.845,20.298,13.046,8.206,0.023,-0.279,0.877,18.076,-13.084,3.519,btn_A
1780980410.9937387,-0.841,-0.154,0.537,-0.809,-0.237,-0.084,-0.724,-0.29,0.567,-3.794,1.855,0.527,-0.429,-0.359,0.828,1.634,4.595,2.84,-0.211,0.419,0.875,6.527,9.099,-5.069,0.037,-0.251,0.821,-4.84,9.275,-0.336,btn_A
1780980411.0904374,-0.847,-0.155,0.529,-0.649,0.16,-0.718,-0.738,-0.299,0.522,-5.168,1.137,0.359,-0.447,-0.355,0.841,1.557,6.115,3.916,-0.228,0.424,0.863,7.641,10.13,-4.618,0.053,-0.258,0.806,3.725,-1.176,-0.229,btn_A
1780980411.1880815,-0.847,-0.151,0.533,-1.107,-0.718,-2.336,-0.743,-0.299,0.532,-6.275,-0.916,-0.435,-0.445,-0.359,0.84,0.359,-1.519,0.649,-0.163,0.392,0.968,6.275,9.053,-5.015,0.06,-0.266,0.836,0.679,-0.664,-1.214,btn_A
1780980411.2905192,-0.848,-0.159,0.53,-0.832,0.519,-1.672,-0.741,-0.298,0.53,-6.427,2.817,0.137,-0.448,-0.358,0.831,3.229,6.87,2.115,-0.241,0.35,1.092,6.74,11.038,0.87,0.067,-0.268,0.833,2.458,-3.656,-2.0,btn_A
1780980411.4058304,-0.841,-0.156,0.533,-0.45,2.015,-0.969,-0.745,-0.295,0.527,-6.977,4.855,0.366,-0.463,-0.348,0.831,0.985,6.557,0.931,-0.2,0.393,0.961,5.802,9.878,0.71,0.073,-0.264,0.822,-5.542,3.573,-5.0,btn_A
1780980411.5072005,-0.843,-0.156,0.529,-0.603,3.718,0.985,-0.752,-0.294,0.512,-6.42,-1.87,-0.664,-0.479,-0.352,0.821,-1.473,-8.214,-4.427,-0.265,0.438,0.826,-17.313,-4.756,3.374,0.067,-0.265,0.821,-8.046,1.618,-1.382,btn_A
1780980411.606377,-0.831,-0.157,0.541,1.954,-15.183,-9.351,-0.695,-0.304,0.581,-7.863,-57.244,-8.069,-0.383,-0.393,0.817,-10.107,-64.573,-24.924,-0.12,-0.208,0.251,-250.137,17.695,-33.992,0.036,-0.32,0.822,-33.977,-21.794,-11.534,btn_A
1780980411.7095075,-0.807,-0.18,0.609,13.557,22.664,4.733,-0.662,-0.334,0.682,-5.733,12.206,0.733,-0.326,-0.383,0.876,17.0,18.374,2.962,-0.2,-0.248,1.028,-7.137,1.649,-0.153,0.08,-0.29,0.8,-25.618,15.855,-2.733,btn_A
1780980411.8054829,-0.821,-0.167,0.561,-0.511,2.55,-0.466,-0.686,-0.309,0.599,-6.634,2.176,0.855,-0.318,-0.395,0.886,-1.305,1.885,0.832,-0.164,-0.247,1.016,-2.931,10.863,-1.099,0.083,-0.315,0.797,8.573,-4.924,1.435,btn_A
1780980411.9085653,-0.834,-0.168,0.556,-0.954,3.099,-0.702,-0.688,-0.31,0.605,-6.664,1.534,-0.443,-0.325,-0.392,0.88,-0.405,0.733,0.672,-0.157,-0.263,1.018,-0.748,5.427,-0.427,0.078,-0.317,0.823,-0.947,3.573,-0.267,btn_A
1780980412.0218403,-0.847,-0.16,0.547,-3.069,12.466,3.046,-0.715,-0.292,0.58,-9.847,8.71,0.122,-0.315,-0.401,0.878,-3.221,9.435,4.84,-0.174,-0.26,1.0,-6.595,13.649,2.336,0.086,-0.309,0.8,2.908,4.511,3.542,btn_A
1780980412.1239882,-0.836,-0.159,0.542,-0.763,-2.573,-0.481,-0.685,-0.302,0.611,-4.061,-3.366,0.527,-0.335,-0.39,0.883,1.229,-2.855,0.481,-0.176,-0.273,1.017,0.557,9.527,-0.16,0.077,-0.31,0.815,6.916,2.282,1.687,btn_A
1780980412.2252219,-0.84,-0.161,0.541,-0.351,-0.71,-1.435,-0.692,-0.303,0.598,-6.176,0.023,-1.45,-0.342,-0.391,0.873,-0.634,-1.901,-0.947,-0.176,-0.278,1.012,-0.374,5.527,-0.969,0.072,-0.314,0.821,-2.695,3.718,-0.519,btn_A
1780980412.3208904,-0.845,-0.159,0.537,-1.237,2.061,-1.481,-0.693,-0.312,0.593,-7.046,0.725,-0.817,-0.34,-0.394,0.874,-1.252,-0.435,0.031,-0.18,-0.281,1.004,0.069,5.924,-0.107,0.079,-0.305,0.828,-1.176,1.237,-0.183,btn_A
1780980412.426076,-0.841,-0.156,0.539,-1.557,0.71,0.611,-0.721,-0.307,0.547,-3.267,-0.771,0.214,-0.334,-0.394,0.876,1.641,-1.466,1.954,-0.171,-0.282,1.023,3.061,10.031,0.16,0.09,-0.314,0.81,-0.756,5.939,1.115,btn_A
1780980412.5398233,-0.845,-0.16,0.536,-1.786,6.305,0.832,-0.696,-0.307,0.591,-8.153,2.802,0.389,-0.346,-0.394,0.87,-2.107,2.786,1.198,-0.184,-0.281,1.013,-0.786,10.221,1.115,0.058,-0.301,0.827,-1.084,4.008,1.794,btn_A
1780980412.6297176,-0.843,-0.159,0.532,-1.29,2.603,-0.511,-0.698,-0.307,0.588,-7.244,1.565,-1.359,-0.346,-0.392,0.874,-1.267,1.023,0.137,-0.185,-0.281,1.012,0.947,7.412,-0.649,0.062,-0.302,0.817,1.588,3.405,-0.298,btn_A
1780980412.7323458,-0.847,-0.161,0.534,-1.13,1.603,-0.672,-0.695,-0.309,0.596,-6.756,0.527,0.13,-0.348,-0.395,0.868,-0.206,-0.153,0.71,-0.183,-0.285,1.009,1.489,6.855,-0.366,0.068,-0.308,0.818,-0.458,2.053,-0.237,btn_A
1780980412.8354123,-0.838,-0.165,0.536,-0.527,-1.489,-0.366,-0.698,-0.309,0.589,-5.282,-0.137,0.611,-0.348,-0.391,0.873,0.557,-2.359,0.008,-0.178,-0.278,1.008,1.183,6.336,-0.679,0.072,-0.312,0.826,-0.626,2.695,-0.405,btn_A
1780980412.9384723,-0.847,-0.163,0.534,-0.977,1.496,-0.985,-0.694,-0.31,0.584,-6.725,1.198,-0.443,-0.341,-0.39,0.869,-0.084,-0.603,-0.031,-0.186,-0.282,1.016,0.832,7.069,-0.26,0.076,-0.315,0.823,-1.145,1.252,-0.191,btn_A
1780980413.0419548,-0.846,-0.162,0.536,-0.824,1.267,-0.893,-0.696,-0.307,0.59,-5.992,0.168,-0.84,-0.342,-0.391,0.874,-0.061,-1.405,0.053,-0.187,-0.286,0.998,1.084,5.702,-0.878,0.076,-0.311,0.819,-1.649,1.519,-0.847,btn_A
1780980416.3404732,-0.846,-0.162,0.53,-1.695,4.45,-1.282,-0.688,-0.318,0.594,-8.901,3.076,-0.763,-0.343,-0.397,0.87,-2.985,1.733,0.176,-0.19,-0.311,0.997,0.244,9.26,-0.542,0.082,-0.313,0.827,0.878,0.802,-2.313,btn_A
1780980416.4403865,-0.847,-0.16,0.528,-0.954,1.931,-0.489,-0.706,-0.312,0.567,-6.031,-0.29,-0.557,-0.352,-0.396,0.87,0.107,-1.076,-0.115,-0.195,-0.311,0.989,2.427,5.832,-0.779,0.083,-0.316,0.822,1.481,4.847,-1.076,btn_A
1780980416.5564225,-0.848,-0.167,0.53,-0.672,1.779,-0.885,-0.704,-0.309,0.581,-6.573,0.87,-0.74,-0.35,-0.396,0.869,0.015,-0.672,-0.687,-0.189,-0.304,1.0,1.038,5.809,-0.702,0.075,-0.302,0.827,-1.45,1.328,-0.473,btn_A
1780980416.6561193,-0.849,-0.165,0.527,-1.069,1.282,-0.832,-0.696,-0.313,0.579,-6.076,0.145,0.351,-0.35,-0.402,0.871,0.298,-0.244,0.0,-0.188,-0.304,0.996,1.603,6.099,-0.756,0.079,-0.314,0.822,-1.321,1.275,-0.527,btn_A
1780980416.7559378,-0.847,-0.159,0.529,-1.069,0.962,-1.214,-0.695,-0.31,0.578,-6.122,0.588,-0.015,-0.341,-0.399,0.87,0.053,-0.092,-0.092,-0.192,-0.305,0.993,1.45,6.71,-0.595,0.083,-0.312,0.826,-0.595,2.168,-0.198,btn_A
1780980416.8526394,-0.844,-0.167,0.519,0.916,0.053,-0.809,-0.657,-0.311,0.706,-11.588,-12.107,-1.16,-0.355,-0.431,0.966,8.611,41.771,11.985,-0.255,-0.361,0.055,250.13,-17.527,170.893,0.094,-0.283,0.764,32.298,19.924,4.214,btn_A
1780980416.9556808,-0.845,-0.168,0.522,0.0,-0.443,0.489,-0.707,-0.309,0.588,-1.87,18.802,0.336,-0.4,-0.369,0.865,7.885,14.267,11.015,-0.157,0.165,0.933,95.893,6.053,-9.023,0.062,-0.268,0.829,5.557,18.672,2.908,btn_A
1780980417.0584612,-0.841,-0.159,0.534,-1.573,2.58,-0.176,-0.737,-0.3,0.535,-3.466,12.756,0.244,-0.397,-0.365,0.866,1.412,12.557,5.42,-0.196,0.313,0.95,34.756,12.504,-8.992,0.048,-0.263,0.812,-1.878,3.908,0.74,btn_A
1780980417.1614048,-0.843,-0.156,0.527,-0.779,0.382,-0.382,-0.733,-0.297,0.55,-5.061,2.366,-0.412,-0.43,-0.362,0.844,1.924,2.397,1.573,-0.209,0.291,1.114,7.42,7.107,-4.405,0.056,-0.26,0.829,0.031,-2.321,0.885,btn_A
1780980417.2687469,-0.852,-0.157,0.535,-0.481,-0.687,-2.061,-0.739,-0.297,0.542,-6.008,-2.878,-1.015,-0.412,-0.367,0.861,-1.359,0.153,1.16,-0.132,0.345,0.967,9.725,8.634,-7.588,0.041,-0.274,0.866,0.702,2.908,-0.641,btn_A
1780980417.3717275,-0.843,-0.158,0.537,-1.771,1.328,-1.061,-0.732,-0.293,0.547,-7.206,1.58,-0.679,-0.418,-0.362,0.851,-0.099,4.809,1.267,-0.186,0.325,1.01,2.702,9.908,-4.863,0.047,-0.266,0.84,-0.305,1.656,-0.992,btn_A
1780980417.4709451,-0.853,-0.16,0.523,-0.382,-2.435,-2.939,-0.714,-0.303,0.571,-6.435,0.763,-0.496,-0.412,-0.362,0.858,3.229,3.824,-0.183,-0.187,0.294,1.11,8.824,10.977,-0.107,0.065,-0.257,0.81,1.58,-5.412,0.427,btn_A
1780980417.5737302,-0.844,-0.165,0.538,-0.771,0.481,-0.87,-0.726,-0.296,0.546,-7.198,8.718,0.565,-0.426,-0.356,0.855,-0.45,3.16,-0.626,-0.195,0.321,0.987,-2.939,6.809,3.649,0.057,-0.261,0.813,-4.924,0.214,-0.611,btn_A
1780980417.6899195,-0.847,-0.163,0.527,-0.931,-0.031,-2.71,-0.734,-0.302,0.534,-8.733,-23.809,-3.336,-0.42,-0.361,0.868,-6.763,-24.26,-10.542,-0.173,0.21,0.368,-182.74,-31.038,-28.939,0.067,-0.271,0.817,-20.786,-7.74,-5.603,btn_A
1780980417.779659,-0.814,-0.177,0.563,-1.015,-11.718,-6.763,-0.689,-0.292,0.545,-9.878,-28.122,-6.802,-0.48,-0.298,0.748,-26.954,12.817,1.496,-0.522,-0.223,1.518,18.641,-1.832,1.16,0.037,-0.312,0.751,51.008,-27.748,8.321,btn_A
1780980417.8897226,-0.837,-0.167,0.547,-0.748,7.565,0.389,-0.7,-0.308,0.58,-7.214,3.832,-0.489,-0.323,-0.39,0.888,-0.634,3.214,0.321,-0.15,-0.243,1.017,-1.695,5.145,-1.305,0.084,-0.318,0.824,-10.504,12.221,-1.313,btn_A
1780980417.9854803,-0.836,-0.162,0.537,-1.0,0.176,-1.366,-0.693,-0.312,0.591,-5.786,-0.794,-0.664,-0.326,-0.389,0.879,-0.183,1.511,0.359,-0.149,-0.263,1.02,-1.298,6.382,-0.237,0.1,-0.314,0.81,2.832,1.817,0.244,btn_A
1780980418.0887406,-0.834,-0.167,0.536,-0.595,1.641,-1.008,-0.69,-0.31,0.59,-6.55,0.977,0.74,-0.324,-0.391,0.882,-1.0,1.672,0.733,-0.155,-0.264,1.012,-1.748,6.321,-0.893,0.077,-0.317,0.826,-1.855,2.176,0.313,btn_A
1780980418.1916645,-0.84,-0.164,0.538,-0.779,0.908,-0.366,-0.696,-0.31,0.591,-6.046,0.344,-0.046,-0.325,-0.39,0.887,-0.863,0.122,0.0,-0.149,-0.271,1.02,-0.412,6.527,-0.115,0.092,-0.314,0.824,0.649,1.519,0.527,btn_A
1780980418.306408,-0.838,-0.168,0.542,-0.786,2.038,-0.412,-0.697,-0.313,0.588,-6.809,0.954,-0.855,-0.327,-0.391,0.88,-0.954,0.534,-0.305,-0.15,-0.269,1.029,0.031,6.603,-0.779,0.087,-0.311,0.824,-1.969,1.794,0.053,btn_A
1780980418.4053895,-0.842,-0.17,0.542,-1.183,2.115,-1.015,-0.694,-0.312,0.587,-6.855,0.824,-0.725,-0.329,-0.395,0.885,-0.702,-1.046,-0.115,-0.152,-0.275,1.015,1.015,6.748,0.244,0.085,-0.317,0.824,-0.603,2.595,-0.481,btn_A
1780980418.5058186,-0.84,-0.166,0.538,-0.702,0.947,-0.443,-0.695,-0.306,0.586,-6.534,1.038,-0.321,-0.328,-0.393,0.879,-0.924,0.656,0.534,-0.149,-0.272,1.026,0.542,7.802,-0.817,0.081,-0.317,0.819,-0.641,2.366,0.168,btn_A
1780980418.6038184,-0.838,-0.167,0.539,-0.695,2.229,-0.878,-0.694,-0.31,0.588,-6.618,0.893,-0.695,-0.333,-0.394,0.882,-0.748,0.298,0.198,-0.152,-0.278,1.014,0.725,7.786,0.29,0.021,-0.327,0.819,-3.13,6.626,-3.374,btn_A
1780980418.70671,-0.84,-0.167,0.537,-1.145,1.901,-0.672,-0.698,-0.316,0.592,-6.382,1.214,-0.168,-0.329,-0.395,0.879,-0.504,-0.344,-0.16,-0.152,-0.274,1.012,0.656,6.656,-0.534,0.114,-0.313,0.8,0.382,2.198,0.29,btn_A
1780980418.8255363,-0.84,-0.171,0.532,-1.069,2.031,-0.916,-0.696,-0.313,0.589,-6.733,1.779,0.0,-0.332,-0.397,0.881,-0.481,0.382,0.985,-0.157,-0.279,1.005,0.977,7.359,0.389,0.083,-0.31,0.814,-1.405,1.481,-0.275,btn_A
1780980418.9246817,-0.845,-0.165,0.535,-0.618,-0.275,-0.496,-0.695,-0.312,0.586,-5.351,-1.496,-1.015,-0.328,-0.393,0.878,0.756,-1.511,-0.198,-0.152,-0.273,1.007,1.939,4.855,-1.237,0.095,-0.319,0.825,-0.794,2.397,-0.267,btn_A
1780980419.015695,-0.839,-0.167,0.539,-0.947,0.023,-1.267,-0.697,-0.312,0.586,-5.763,-0.183,-0.824,-0.331,-0.391,0.886,-0.336,0.252,-0.198,-0.151,-0.281,1.014,1.069,6.901,-0.191,0.091,-0.314,0.82,-0.931,2.374,0.244,btn_A
1780980419.119135,-0.836,-0.166,0.538,-0.84,1.679,-0.527,-0.693,-0.313,0.597,-6.87,0.855,-0.244,-0.329,-0.388,0.88,-0.489,1.0,-0.031,-0.159,-0.282,1.006,0.824,7.496,-0.626,0.084,-0.315,0.823,-1.435,2.679,-0.336,btn_A
1780980419.2217216,-0.839,-0.165,0.545,-0.55,1.542,-0.519,-0.69,-0.313,0.591,-6.626,0.916,-0.313,-0.33,-0.394,0.88,-0.275,-0.359,0.603,-0.155,-0.281,1.005,0.954,7.198,-0.214,0.087,-0.314,0.818,-0.206,1.71,-0.061,btn_A
1780980422.4154913,-0.835,-0.169,0.543,-1.16,1.366,-1.244,-0.699,-0.312,0.584,-6.084,0.87,0.084,-0.335,-0.398,0.878,-0.282,-0.405,-0.237,-0.148,-0.291,1.01,1.168,6.496,-0.344,0.089,-0.312,0.818,-0.504,2.198,-0.015,btn_A
1780980422.5178711,-0.837,-0.173,0.549,-0.794,1.58,-0.351,-0.698,-0.314,0.593,-6.557,0.588,-1.115,-0.333,-0.399,0.88,0.031,0.015,0.656,-0.152,-0.291,1.011,0.893,7.13,-0.748,0.094,-0.317,0.817,-0.55,2.076,0.061,btn_A
1780980422.6254184,-0.841,-0.164,0.544,-0.893,1.939,-1.198,-0.698,-0.312,0.577,-6.305,0.107,-0.458,-0.338,-0.395,0.869,-0.252,-0.733,-0.015,-0.151,-0.291,1.011,1.634,6.321,-0.382,0.096,-0.321,0.825,0.763,2.695,0.229,btn_A
1780980422.7237182,-0.84,-0.166,0.546,-0.687,1.687,-0.397,-0.695,-0.311,0.59,-6.374,0.74,-0.603,-0.334,-0.395,0.88,-0.351,1.176,-0.061,-0.151,-0.29,1.01,1.137,7.527,-0.695,0.1,-0.321,0.816,-0.939,3.122,-0.008,btn_A
1780980422.839415,-0.846,-0.167,0.535,-1.267,1.534,-0.924,-0.698,-0.316,0.588,-6.427,1.137,-1.16,-0.336,-0.397,0.875,-0.71,0.084,-0.099,-0.152,-0.289,1.015,1.366,7.084,-0.351,0.084,-0.32,0.819,-1.069,1.947,-0.198,btn_A
1780980422.9296932,-0.841,-0.171,0.541,-0.595,0.672,-1.076,-0.695,-0.312,0.578,-6.084,0.45,-0.198,-0.33,-0.398,0.886,-0.412,-0.221,0.405,-0.147,-0.283,1.03,-4.992,3.687,-0.496,0.1,-0.318,0.818,-0.557,2.275,-1.023,btn_A
1780980423.036969,-0.838,-0.172,0.529,-0.237,8.863,2.412,-0.709,-0.314,0.536,1.595,53.779,4.84,-0.379,-0.428,0.859,19.282,29.275,6.481,-0.082,-0.049,0.59,239.58,-19.366,66.641,0.116,-0.306,0.799,17.618,27.321,2.748,btn_A
1780980423.1355743,-0.853,-0.156,0.533,0.244,3.687,2.916,-0.742,-0.295,0.572,-1.947,18.244,2.962,-0.365,-0.364,0.895,8.145,17.099,9.107,-0.204,0.218,1.105,67.756,12.046,-6.74,0.043,-0.265,0.823,6.756,6.511,3.328,btn_A
1780980423.2388775,-0.838,-0.156,0.541,-0.794,0.626,-1.137,-0.734,-0.296,0.547,-6.023,-3.069,-0.427,-0.391,-0.38,0.86,0.763,1.092,2.092,-0.134,0.285,1.04,13.382,9.198,-2.847,0.07,-0.293,0.853,4.359,1.473,2.206,btn_A
1780980423.3558338,-0.849,-0.155,0.541,-1.489,2.763,0.137,-0.725,-0.298,0.55,-6.122,3.924,0.802,-0.415,-0.355,0.829,-1.71,2.466,2.206,-0.2,0.342,0.944,5.023,8.611,-6.817,0.048,-0.27,0.832,-2.008,5.061,0.313,btn_A
1780980423.4552138,-0.843,-0.157,0.534,-1.16,1.679,-1.168,-0.732,-0.302,0.546,-6.771,0.031,-0.328,-0.427,-0.371,0.853,-0.366,1.908,1.107,-0.122,0.278,1.166,10.809,9.878,-4.847,0.061,-0.28,0.84,0.176,-1.053,0.336,btn_A
1780980423.554952,-0.842,-0.152,0.535,-0.534,1.985,-1.153,-0.731,-0.298,0.55,-6.656,2.038,-0.916,-0.42,-0.371,0.86,-0.427,3.466,0.015,-0.193,0.35,0.96,1.168,7.374,-3.405,0.056,-0.275,0.848,-0.809,1.527,0.366,btn_A
1780980423.6507,-0.846,-0.16,0.534,-0.878,1.115,-0.626,-0.736,-0.297,0.544,-7.427,-1.908,-1.58,-0.404,-0.375,0.866,-2.092,-0.405,0.183,-0.179,0.351,0.923,-0.076,9.557,-1.489,0.058,-0.286,0.839,2.275,5.481,0.885,btn_A
1780980423.7537029,-0.841,-0.154,0.538,-1.122,2.29,-0.71,-0.73,-0.293,0.553,-7.664,5.504,0.168,-0.413,-0.368,0.844,-2.672,3.809,1.74,-0.163,0.354,0.941,7.832,12.763,-2.046,0.065,-0.272,0.809,2.763,7.099,1.473,btn_A
1780980423.8568077,-0.852,-0.16,0.524,-0.985,4.198,0.16,-0.731,-0.301,0.542,-6.702,7.145,0.817,-0.438,-0.361,0.831,1.84,9.603,3.015,-0.308,0.357,0.89,0.527,9.809,1.695,0.058,-0.257,0.797,0.305,1.84,0.206,btn_A
1780980423.9613025,-0.851,-0.156,0.514,-1.168,3.763,-0.58,-0.734,-0.296,0.527,-6.756,-0.656,-0.695,-0.429,-0.37,0.848,-0.42,-4.336,-1.626,-0.178,0.308,1.042,-2.511,2.29,-2.092,0.062,-0.283,0.837,-3.969,0.664,-0.916,btn_A
1780980424.072239,-0.847,-0.156,0.534,-1.038,0.771,-1.015,-0.742,-0.293,0.541,-5.947,-0.305,-0.489,-0.424,-0.373,0.853,-1.221,-2.427,-0.672,-0.146,0.321,1.034,3.183,5.603,-1.985,0.07,-0.282,0.862,-3.824,2.687,-1.145,btn_A
1780980424.1727538,-0.839,-0.151,0.53,-0.626,-3.122,-3.092,-0.726,-0.291,0.538,-5.664,-4.863,-2.26,-0.413,-0.369,0.858,0.527,-5.412,-1.061,-0.149,0.295,1.125,0.603,7.137,1.076,0.057,-0.273,0.845,1.252,-0.901,0.603,btn_A
1780980424.2693706,-0.839,-0.158,0.539,-0.328,-0.176,-0.802,-0.727,-0.295,0.551,-6.527,-3.481,-1.328,-0.426,-0.369,0.846,-0.626,-2.122,-1.405,-0.164,0.271,1.146,-9.229,3.672,-0.092,0.049,-0.266,0.831,0.191,2.008,0.336,btn_A
1780980424.372854,-0.844,-0.156,0.533,0.183,-2.58,-3.031,-0.742,-0.301,0.556,-6.611,-25.519,-4.031,-0.44,-0.351,0.856,-10.924,-24.87,-15.901,-0.294,0.469,0.227,-179.366,-55.802,-23.252,0.021,-0.268,0.823,-19.756,2.053,-8.298,btn_A
1780980424.490634,-0.82,-0.13,0.589,-7.634,-42.664,-14.359,-0.49,-0.358,0.914,-2.809,10.031,2.496,-0.279,-0.477,0.891,21.771,-0.595,5.13,0.66,-0.166,0.352,-9.74,14.809,1.954,0.088,-0.245,0.781,51.695,-21.802,7.885,btn_A
1780980424.590071,-0.821,-0.174,0.556,-0.031,4.252,0.153,-0.69,-0.307,0.602,-6.641,1.0,-0.855,-0.312,-0.383,0.894,-1.305,3.588,1.275,-0.146,-0.244,1.023,-2.321,7.244,-0.55,0.082,-0.318,0.81,-16.687,16.611,-1.481,btn_A
1780980424.6926966,-0.825,-0.171,0.574,-1.42,2.0,-1.305,-0.686,-0.305,0.609,-7.099,1.267,-0.786,-0.306,-0.387,0.895,-1.053,1.145,0.29,-0.145,-0.255,1.022,-0.695,9.809,-0.611,0.099,-0.309,0.818,1.374,4.466,0.458,btn_A
1780980424.784371,-0.823,-0.168,0.562,-1.115,0.855,-0.985,-0.683,-0.304,0.603,-6.901,0.908,-0.382,-0.311,-0.385,0.893,-0.779,1.031,-0.168,-0.146,-0.294,1.018,-0.58,8.42,-0.626,0.09,-0.306,0.817,0.58,0.611,0.366,btn_A
1780980424.8877673,-0.827,-0.167,0.566,-2.435,7.351,0.725,-0.691,-0.31,0.606,-8.679,3.679,-0.557,-0.321,-0.39,0.883,-1.87,1.542,0.855,-0.147,-0.27,1.014,-1.198,8.733,-1.092,0.09,-0.315,0.82,-1.496,3.702,0.229,btn_A
1780980424.9899101,-0.827,-0.166,0.56,-1.336,3.588,0.489,-0.684,-0.308,0.6,-7.359,1.794,0.489,-0.322,-0.39,0.883,-0.45,1.885,1.588,-0.147,-0.259,1.022,-0.893,8.954,0.412,0.086,-0.308,0.817,2.107,4.275,1.107,btn_A
1780980425.0928278,-0.834,-0.17,0.548,-0.595,-0.695,-1.458,-0.686,-0.304,0.596,-4.611,-0.809,0.878,-0.311,-0.389,0.892,1.687,-0.122,0.71,-0.149,-0.267,1.024,1.649,7.084,-0.542,0.091,-0.314,0.824,2.595,3.305,0.244,btn_A
1780980425.2058234,-0.832,-0.165,0.553,0.076,-0.748,-0.351,-0.692,-0.304,0.604,-4.435,-1.153,-0.618,-0.312,-0.388,0.891,0.634,-0.473,-0.084,-0.141,-0.267,1.023,1.298,5.725,-0.832,0.095,-0.311,0.822,-0.87,1.611,0.244,btn_A
1780980425.3047411,-0.836,-0.163,0.55,-1.298,4.443,0.168,-0.687,-0.307,0.601,-6.893,1.382,0.252,-0.321,-0.391,0.889,-0.947,2.458,1.916,-0.155,-0.274,1.02,-0.282,7.878,0.382,0.09,-0.318,0.822,-1.244,0.13,0.84,btn_A
1780980428.5965672,-0.832,-0.169,0.559,-1.008,1.802,-0.053,-0.698,-0.314,0.583,-5.924,0.908,0.634,-0.328,-0.394,0.877,-0.305,0.084,0.198,-0.149,-0.298,1.008,1.855,6.107,-0.298,0.089,-0.313,0.829,-0.443,1.252,0.015,btn_A
1780980428.698161,-0.829,-0.17,0.562,-0.931,1.771,-1.366,-0.693,-0.305,0.586,-6.198,0.656,-0.496,-0.327,-0.395,0.872,-0.252,-1.046,0.305,-0.147,-0.303,0.998,1.565,7.679,-0.504,0.091,-0.315,0.826,-0.321,4.305,-0.672,btn_A
1780980428.8066998,-0.832,-0.166,0.549,-0.878,2.122,-0.794,-0.692,-0.312,0.594,-6.435,0.214,-0.695,-0.333,-0.394,0.882,-0.145,-1.534,0.038,-0.147,-0.3,1.009,1.489,5.794,-0.252,0.087,-0.307,0.829,-0.511,2.13,-0.168,btn_A
1780980428.9045,-0.831,-0.163,0.561,-0.588,0.145,-0.641,-0.698,-0.307,0.589,-5.969,-0.046,0.145,-0.328,-0.391,0.877,-0.069,-0.695,0.74,-0.154,-0.297,1.011,1.802,8.176,-0.466,0.087,-0.307,0.826,0.069,3.076,0.336,btn_A
1780980429.0223362,-0.829,-0.168,0.552,-0.733,0.588,-0.275,-0.695,-0.305,0.586,-6.023,0.038,-0.504,-0.332,-0.391,0.879,-0.099,-0.733,-0.153,-0.161,-0.298,1.003,1.87,6.931,-0.176,0.091,-0.307,0.822,0.069,3.809,-0.107,btn_A
1780980429.1102986,-0.792,-0.17,0.59,-0.366,19.137,10.053,-0.728,-0.345,0.631,-21.107,28.985,9.015,-0.379,-0.397,0.772,-8.137,32.702,3.191,1.161,0.283,-0.265,250.13,-17.756,-42.107,-0.016,-0.185,0.7,32.076,-13.153,15.42,btn_A
1780980429.2203853,-0.844,-0.153,0.535,-1.206,-3.435,-1.855,-0.736,-0.285,0.542,-4.084,-5.702,-0.16,-0.385,-0.35,0.864,-1.931,-8.634,-1.802,-0.167,0.235,1.232,4.099,7.397,4.359,0.054,-0.272,0.815,-25.115,19.725,-4.534,btn_A
1780980429.327045,-0.834,-0.155,0.553,-1.405,1.634,-0.557,-0.734,-0.288,0.53,-6.603,-4.878,0.0,-0.401,-0.368,0.865,-0.687,1.344,2.023,-0.189,0.323,0.996,8.008,11.893,0.214,0.061,-0.287,0.849,7.87,-4.916,2.504,btn_A
1780980429.419563,-0.841,-0.156,0.546,-0.847,1.313,-0.924,-0.726,-0.303,0.562,-6.863,3.344,-0.626,-0.407,-0.363,0.855,1.626,9.221,2.702,-0.215,0.326,0.99,7.649,11.13,-4.046,0.045,-0.269,0.837,1.74,4.725,0.718,btn_A
1780980429.5221426,-0.838,-0.161,0.55,-0.695,4.427,-0.168,-0.732,-0.292,0.537,-6.71,-3.496,-1.015,-0.389,-0.381,0.895,-2.122,-0.588,1.412,-0.192,0.368,0.855,1.611,8.061,-6.649,0.07,-0.28,0.828,2.382,6.115,0.076,btn_A
1780980429.6250205,-0.837,-0.155,0.551,-0.137,4.427,-0.87,-0.724,-0.301,0.566,-6.305,6.313,0.611,-0.414,-0.384,0.875,2.237,12.374,4.023,-0.178,0.289,1.104,28.481,17.87,-2.557,0.068,-0.288,0.859,0.55,-0.023,-4.282,btn_A
1780980429.7289572,-0.842,-0.157,0.542,-0.313,-2.832,-1.29,-0.731,-0.3,0.549,-5.344,-1.649,-0.191,-0.412,-0.364,0.854,2.42,0.176,1.267,-0.25,0.355,0.993,-6.916,2.809,-5.115,0.075,-0.264,0.822,2.565,-4.969,-0.282,btn_A
1780980429.8310392,-0.839,-0.161,0.545,-0.573,-0.748,-2.656,-0.732,-0.301,0.551,-6.954,-12.008,-2.191,-0.401,-0.376,0.854,-0.16,-10.153,-5.481,-0.152,0.23,1.166,-31.977,-2.878,5.87,0.074,-0.262,0.824,-7.908,-3.344,-2.351,btn_A
1780980429.933898,-0.832,-0.157,0.552,-0.389,4.145,-0.496,-0.724,-0.297,0.559,-5.847,-0.069,-0.328,-0.383,-0.379,0.866,0.473,1.534,1.824,-0.168,0.306,0.966,9.603,7.412,-9.374,0.08,-0.281,0.83,0.916,3.053,-0.168,btn_A
1780980430.0381124,-0.839,-0.156,0.551,0.664,1.099,-1.344,-0.734,-0.288,0.548,-6.527,-9.595,-3.244,-0.405,-0.375,0.857,-4.779,-10.244,-8.099,-0.081,0.337,0.51,-98.565,-20.504,-13.427,0.109,-0.289,0.822,-5.611,0.725,0.954,btn_A
1780980430.1531186,-0.81,-0.198,0.581,-2.046,-32.168,-12.824,-0.751,-0.447,0.533,-2.305,-39.092,-7.87,-0.599,-0.425,0.531,-11.069,-18.458,-1.145,-0.219,-0.103,1.275,9.336,-27.092,0.939,0.058,-0.307,0.756,82.198,-43.046,11.985,btn_A
1780980430.2538807,-0.82,-0.169,0.566,-1.71,6.023,-0.183,-0.687,-0.304,0.598,-7.443,4.107,0.221,-0.301,-0.39,0.894,-2.863,8.489,1.298,-0.185,-0.22,1.036,-0.679,10.412,-0.893,0.105,-0.284,0.812,-19.87,19.527,-3.084,btn_A
1780980430.3570487,-0.826,-0.167,0.566,-1.435,2.58,-0.137,-0.685,-0.304,0.601,-7.313,1.374,-0.221,-0.303,-0.395,0.895,-0.802,1.511,0.763,-0.135,-0.257,1.02,-2.015,9.115,-0.221,0.103,-0.309,0.83,7.267,-1.26,1.733,btn_A
1780980430.4543037,-0.827,-0.167,0.571,-1.008,3.893,-0.038,-0.687,-0.301,0.599,-6.847,1.947,-0.939,-0.311,-0.391,0.887,-1.237,1.527,0.443,-0.147,-0.264,1.017,0.366,7.099,-0.229,0.094,-0.302,0.813,-3.534,6.435,-0.74,btn_A
1780980430.5525806,-0.826,-0.168,0.569,-1.366,0.977,-1.557,-0.682,-0.303,0.602,-6.168,0.725,-0.053,-0.305,-0.394,0.893,-0.481,0.809,0.466,-0.144,-0.263,1.022,0.519,6.71,-0.351,0.103,-0.312,0.818,0.786,1.076,0.076,btn_A
1780980430.6555052,-0.825,-0.164,0.564,-0.664,1.519,-0.389,-0.684,-0.303,0.604,-6.214,1.137,0.565,-0.304,-0.392,0.894,-0.649,0.634,-0.191,-0.146,-0.265,1.022,-0.519,8.443,-0.466,0.082,-0.318,0.811,-0.954,4.122,-1.252,btn_A
1780980430.7582178,-0.825,-0.167,0.562,-0.649,2.603,-0.542,-0.686,-0.3,0.612,-6.069,0.878,-0.565,-0.305,-0.388,0.888,-0.756,-0.58,-0.092,-0.143,-0.269,1.026,0.664,6.489,-0.718,0.113,-0.307,0.813,-1.29,1.931,0.481,btn_A
1780980430.8698385,-0.825,-0.166,0.564,-0.87,0.702,-1.443,-0.684,-0.302,0.612,-6.458,0.168,-0.618,-0.306,-0.395,0.894,-0.573,-0.794,0.756,-0.141,-0.271,1.022,0.954,8.435,-0.084,0.088,-0.31,0.816,0.153,4.122,-0.351,btn_A
1780980430.964086,-0.831,-0.169,0.557,-1.275,3.702,-0.763,-0.682,-0.305,0.606,-7.481,1.069,-0.42,-0.31,-0.394,0.889,-1.176,1.328,0.87,-0.154,-0.271,1.015,0.756,7.954,-0.313,0.094,-0.309,0.814,0.573,2.366,0.405,btn_A
1780980431.0781379,-0.823,-0.165,0.572,-0.55,0.008,-0.725,-0.679,-0.301,0.607,-6.779,0.626,-0.344,-0.306,-0.393,0.888,-0.534,0.985,-0.061,-0.147,-0.269,1.025,0.542,8.076,0.229,0.101,-0.31,0.818,-2.008,2.908,-0.359,btn_A
1780980431.1708024,-0.825,-0.17,0.562,-1.908,2.565,-0.153,-0.689,-0.31,0.602,-6.595,1.84,0.916,-0.317,-0.392,0.885,-0.328,1.328,0.328,-0.151,-0.272,1.008,0.832,5.985,-0.771,0.097,-0.306,0.821,-1.466,0.145,-0.267,btn_A
1780980431.2876375,-0.826,-0.165,0.561,-1.137,2.328,-0.595,-0.684,-0.306,0.602,-6.153,0.901,0.092,-0.313,-0.392,0.892,0.084,0.267,0.618,-0.146,-0.275,1.008,1.466,7.519,0.008,0.109,-0.311,0.813,-0.679,3.748,-0.489,btn_A
1780980431.388017,-0.827,-0.172,0.558,-0.634,2.267,0.015,-0.69,-0.305,0.597,-6.321,0.969,-0.656,-0.312,-0.391,0.885,-0.191,0.031,0.13,-0.148,-0.276,1.018,1.229,5.878,-1.107,0.099,-0.314,0.823,-0.817,3.389,-0.695,btn_A
1780980431.4865272,-0.827,-0.165,0.557,-0.588,1.878,-0.71,-0.69,-0.299,0.603,-6.405,0.053,-1.115,-0.309,-0.392,0.887,-0.267,0.191,-0.412,-0.147,-0.275,1.021,1.397,6.908,-0.351,0.099,-0.31,0.82,-0.702,1.267,-0.282,btn_A
1780980434.6729865,-0.83,-0.164,0.561,-0.725,0.763,-0.916,-0.688,-0.303,0.6,-5.969,0.137,-1.023,-0.32,-0.392,0.89,-0.405,-0.176,0.053,-0.153,-0.295,1.012,0.832,7.679,0.092,0.097,-0.298,0.822,-0.275,1.618,-0.145,btn_A
1780980434.7874174,-0.833,-0.169,0.562,-0.794,1.832,-0.137,-0.686,-0.301,0.6,-6.321,0.878,0.153,-0.319,-0.392,0.883,-0.802,0.924,0.176,-0.159,-0.304,1.005,1.153,7.519,-0.405,0.096,-0.302,0.823,-0.344,2.366,-0.145,btn_A
1780980434.8880494,-0.832,-0.165,0.556,-0.901,1.992,-0.382,-0.69,-0.301,0.598,-6.221,0.969,0.023,-0.324,-0.393,0.887,-0.557,-0.084,0.336,-0.16,-0.296,1.006,1.282,7.229,-0.214,0.095,-0.305,0.821,-0.183,2.519,0.046,btn_A
1780980434.987027,-0.831,-0.167,0.555,-1.153,1.725,-0.45,-0.687,-0.301,0.6,-6.305,0.664,-0.42,-0.321,-0.389,0.885,-0.221,-0.008,0.763,-0.157,-0.299,1.005,1.42,6.87,-0.206,0.096,-0.308,0.816,-0.733,1.267,0.229,btn_A
1780980435.0844767,-0.829,-0.163,0.552,-0.763,0.962,-1.359,-0.694,-0.307,0.601,-6.595,0.695,-0.542,-0.324,-0.389,0.886,-0.015,-0.336,0.084,-0.153,-0.295,1.006,1.397,6.908,-0.954,0.099,-0.307,0.819,-0.237,2.489,-0.305,btn_A
1780980435.194285,-0.828,-0.166,0.56,-0.618,1.55,-0.168,-0.689,-0.298,0.594,-6.519,0.519,-0.458,-0.321,-0.387,0.881,-0.595,0.366,-0.206,-0.161,-0.302,1.01,1.0,6.466,-0.427,0.096,-0.306,0.823,-1.313,2.885,-0.176,btn_A
1780980435.2908943,-0.821,-0.176,0.565,0.916,-3.015,-2.069,-0.65,-0.307,0.758,-4.595,25.046,-1.435,-0.283,-0.388,0.887,6.214,63.679,15.542,-0.163,-0.265,0.134,250.13,-4.0,107.618,0.081,-0.308,0.838,27.542,26.954,3.267,btn_A
1780980435.3997378,-0.832,-0.171,0.54,-0.885,3.817,2.267,-0.7,-0.304,0.615,-3.351,21.45,1.748,-0.423,-0.376,0.853,4.771,18.176,13.13,-0.271,0.286,0.736,71.809,29.634,-4.687,0.06,-0.261,0.838,5.618,16.786,2.374,btn_A
1780980435.4967127,-0.841,-0.157,0.541,-0.382,2.031,-0.588,-0.733,-0.293,0.541,-6.71,-2.191,-0.038,-0.396,-0.374,0.857,-1.748,-0.328,1.87,-0.117,0.257,1.092,23.641,11.084,-4.069,0.062,-0.286,0.841,5.924,2.16,1.595,btn_A
1780980435.6036384,-0.839,-0.156,0.546,-1.115,3.534,-0.038,-0.732,-0.288,0.542,-6.718,-1.366,-0.466,-0.405,-0.366,0.861,-1.122,-0.954,-0.649,-0.148,0.257,1.092,4.87,7.191,-1.74,0.068,-0.27,0.828,-4.084,2.939,-0.267,btn_A
1780980435.7023518,-0.842,-0.157,0.544,-0.756,1.664,-0.908,-0.729,-0.289,0.554,-6.275,-0.71,-1.244,-0.411,-0.362,0.858,-0.214,0.458,-0.191,-0.172,0.268,1.076,1.511,7.878,1.763,0.068,-0.268,0.825,2.244,1.55,1.023,btn_A
1780980435.8056972,-0.844,-0.156,0.543,-0.878,0.405,-1.0,-0.732,-0.286,0.551,-6.458,-0.939,-0.29,-0.392,-0.375,0.868,-1.313,2.176,1.687,-0.133,0.29,1.048,13.802,11.863,-3.878,0.073,-0.28,0.842,2.519,3.534,1.061,btn_A
1780980435.9083345,-0.839,-0.155,0.536,-0.504,1.076,-1.008,-0.729,-0.292,0.551,-6.901,-5.076,-0.847,-0.39,-0.373,0.873,-2.069,-3.191,-0.542,-0.146,0.301,1.029,6.626,6.702,-3.618,0.063,-0.279,0.846,-1.298,3.557,-0.298,btn_A
1780980436.019029,-0.842,-0.157,0.536,-0.947,-0.702,-2.962,-0.723,-0.293,0.553,-7.481,-15.809,-3.023,-0.384,-0.373,0.87,-3.542,-10.733,-5.328,-0.154,0.228,1.104,-29.962,-4.214,-1.412,0.055,-0.274,0.84,-1.504,1.466,-1.695,btn_A
1780980436.11996,-0.841,-0.158,0.544,-0.244,-0.855,-1.824,-0.717,-0.316,0.593,-5.305,-5.053,-1.084,-0.402,-0.364,0.858,-7.107,-15.55,-5.588,-0.068,0.103,1.608,11.588,-7.252,-0.641,0.095,-0.295,0.849,-6.557,-5.45,-0.924,btn_A
1780980436.228153,-0.826,-0.161,0.553,-0.244,-1.298,-2.237,-0.729,-0.305,0.537,-5.046,-4.168,-2.145,-0.41,-0.362,0.841,-7.832,-16.107,-6.977,-0.174,0.371,0.505,-145.534,10.802,-7.176,0.058,-0.271,0.815,-11.519,-4.328,-3.656,btn_A
1780980436.3206809,-0.835,-0.166,0.556,-1.939,-0.42,-2.336,-0.705,-0.293,0.573,-6.412,2.473,-2.061,-0.312,-0.367,0.873,2.847,-40.389,-15.656,0.811,0.336,-0.048,71.908,127.053,-2.924,0.179,-0.328,0.762,-11.908,-24.519,4.885,btn_A
1780980436.4386554,-0.827,-0.174,0.553,0.122,-2.466,-1.992,-0.689,-0.305,0.605,-5.924,-3.534,-0.84,-0.315,-0.385,0.89,-0.374,0.534,0.115,-0.16,-0.263,1.012,-1.931,6.893,-0.618,0.097,-0.29,0.814,5.534,-3.656,0.29,btn_A
1780980436.5364141,-0.83,-0.164,0.561,-0.198,1.023,0.206,-0.691,-0.301,0.605,-6.366,0.282,-0.214,-0.316,-0.389,0.885,-0.458,-0.435,0.115,-0.162,-0.267,1.016,0.13,5.229,-0.153,0.091,-0.304,0.826,-0.206,3.573,-0.115,btn_A
1780980436.6371346,-0.833,-0.164,0.559,-0.962,1.557,-0.634,-0.692,-0.304,0.603,-6.435,1.221,-0.214,-0.324,-0.39,0.887,-0.435,0.954,0.298,-0.165,-0.271,1.01,-0.679,6.611,-0.168,0.091,-0.303,0.827,-1.382,2.954,-0.153,btn_A
1780980436.7324212,-0.83,-0.167,0.554,-1.13,2.031,-0.405,-0.688,-0.305,0.606,-6.626,0.817,-0.969,-0.315,-0.388,0.895,-0.695,1.191,0.504,-0.155,-0.278,1.012,-0.176,7.71,-0.466,0.095,-0.3,0.823,0.069,1.847,0.649,btn_A
1780980436.8357859,-0.83,-0.168,0.559,-0.855,2.763,-0.481,-0.691,-0.304,0.598,-6.947,1.099,-0.237,-0.318,-0.384,0.885,-1.115,0.931,-0.221,-0.163,-0.276,1.022,0.13,8.298,-0.183,0.091,-0.308,0.824,0.023,3.084,0.557,btn_A
1780980436.938765,-0.826,-0.164,0.558,-0.542,1.985,-0.885,-0.689,-0.301,0.603,-6.389,1.053,0.389,-0.318,-0.389,0.886,-0.55,-0.023,0.015,-0.16,-0.282,1.015,0.84,6.534,-1.076,0.096,-0.299,0.821,-0.656,1.985,-0.656,btn_A
1780980437.0572388,-0.833,-0.16,0.552,-1.076,0.809,-0.985,-0.685,-0.302,0.603,-6.26,0.519,0.183,-0.317,-0.391,0.892,0.366,-1.122,0.542,-0.161,-0.273,1.017,1.313,7.015,-0.641,0.097,-0.302,0.815,-0.313,1.382,0.351,btn_A
1780980437.1523635,-0.825,-0.165,0.557,-1.13,1.305,-1.359,-0.692,-0.304,0.606,-6.313,0.656,-0.626,-0.316,-0.387,0.89,-0.382,0.443,0.351,-0.165,-0.275,1.006,0.496,7.802,-0.427,0.085,-0.305,0.817,-0.328,2.023,0.443,btn_A
1780980437.2531538,-0.83,-0.161,0.554,-0.977,1.847,-0.351,-0.692,-0.302,0.604,-7.046,1.137,-0.618,-0.323,-0.39,0.886,-0.87,0.198,-0.237,-0.16,-0.276,1.014,0.313,7.863,0.45,0.089,-0.296,0.824,-0.366,2.855,0.244,btn_A
1780980437.3507955,-0.828,-0.165,0.552,-1.183,1.573,-1.168,-0.689,-0.301,0.596,-6.534,0.557,-0.718,-0.323,-0.389,0.889,-0.634,0.145,-0.023,-0.16,-0.283,1.012,0.74,7.023,-0.687,0.091,-0.306,0.832,-0.29,2.672,-0.26,btn_A
1780980437.4538028,-0.833,-0.161,0.548,-0.893,1.153,-0.55,-0.691,-0.305,0.593,-5.87,0.359,-0.786,-0.318,-0.389,0.888,-0.038,-0.328,0.573,-0.172,-0.278,1.02,0.794,6.924,0.107,0.103,-0.308,0.821,-0.824,3.672,-0.748,btn_A
1780980437.5736938,-0.831,-0.166,0.552,-0.366,0.939,-0.985,-0.691,-0.298,0.597,-5.87,0.878,0.015,-0.32,-0.395,0.879,-0.031,-0.397,-0.275,-0.158,-0.286,1.013,1.626,6.885,-0.672,0.089,-0.305,0.816,-1.084,3.481,-0.71,btn_A
1780980437.6596713,-0.83,-0.167,0.552,-0.916,1.908,-0.885,-0.69,-0.301,0.593,-6.534,1.076,-0.069,-0.317,-0.39,0.891,-0.443,0.786,0.145,-0.167,-0.282,1.011,0.817,8.023,-0.183,0.088,-0.304,0.821,-0.321,2.313,0.168,btn_A
1780980440.853166,-0.833,-0.17,0.551,-0.847,2.137,-0.198,-0.69,-0.303,0.592,-6.42,0.649,0.099,-0.323,-0.391,0.883,-0.58,0.786,0.198,-0.166,-0.29,1.007,1.328,6.931,-0.473,0.091,-0.302,0.817,-0.641,1.412,-0.038,btn_A
1780980440.9555979,-0.832,-0.161,0.552,-1.107,1.29,-0.626,-0.688,-0.303,0.591,-6.412,0.496,-1.0,-0.323,-0.389,0.889,-0.275,0.779,0.069,-0.163,-0.286,1.013,1.26,7.397,-0.267,0.093,-0.302,0.825,0.122,1.29,0.656,btn_A
1780980441.0717566,-0.832,-0.164,0.557,-1.176,1.649,-0.992,-0.691,-0.302,0.599,-6.595,0.321,-1.069,-0.324,-0.385,0.886,-0.702,-0.145,-0.29,-0.164,-0.287,1.007,1.069,6.863,-0.824,0.098,-0.3,0.828,-0.916,2.176,-0.015,btn_A
1780980441.1730366,-0.833,-0.164,0.554,-0.939,1.328,-0.924,-0.692,-0.304,0.594,-6.29,0.626,-0.359,-0.325,-0.39,0.881,-0.649,0.183,0.466,-0.152,-0.286,1.016,1.122,6.496,-0.511,0.091,-0.305,0.823,-0.863,2.427,-0.412,btn_A
1780980441.2649324,-0.831,-0.166,0.553,-0.969,1.214,-1.16,-0.684,-0.303,0.594,-6.71,0.542,-0.435,-0.323,-0.391,0.883,-1.015,-0.069,0.282,-0.166,-0.294,1.004,1.359,7.061,-0.511,0.092,-0.303,0.817,-1.626,3.748,-0.634,btn_A
1780980441.3678906,-0.833,-0.167,0.558,-0.695,1.107,0.046,-0.695,-0.303,0.597,-6.435,1.008,-0.023,-0.324,-0.39,0.885,0.023,-0.229,-0.115,-0.162,-0.285,1.001,1.702,5.076,-1.191,0.094,-0.309,0.818,2.198,3.588,1.71,btn_A
1780980441.470976,-0.802,-0.174,0.573,-3.718,4.893,1.733,-0.701,-0.227,0.352,-7.557,38.542,3.71,-0.395,-0.358,0.808,3.969,49.443,8.489,0.622,0.267,-0.495,250.13,-10.603,7.817,0.069,-0.23,0.789,34.809,18.023,10.206,btn_A
1780980441.5893278,-0.839,-0.158,0.542,0.137,2.305,-0.313,-0.707,-0.307,0.599,-4.863,3.878,0.13,-0.358,-0.382,0.887,-0.366,4.267,2.924,-0.171,0.254,0.976,24.702,5.695,-3.733,0.061,-0.286,0.838,-13.229,16.916,-1.214,btn_A
1780980441.6868813,-0.832,-0.156,0.55,-0.817,2.954,-0.527,-0.728,-0.289,0.535,-7.817,2.802,-0.931,-0.37,-0.383,0.892,3.351,11.046,4.763,-0.148,0.25,1.03,21.947,12.176,-3.809,0.057,-0.272,0.814,4.412,-1.679,1.092,btn_A
1780980441.7914445,-0.839,-0.16,0.542,-0.878,2.29,-0.397,-0.728,-0.296,0.556,-6.206,1.458,-0.336,-0.383,-0.376,0.864,-0.237,3.931,2.588,-0.123,0.311,0.963,20.832,10.374,-7.542,0.07,-0.287,0.852,2.023,3.313,0.947,btn_A
1780980441.8831453,-0.842,-0.155,0.54,-0.588,2.137,-1.16,-0.722,-0.294,0.548,-6.603,-0.397,-0.076,-0.403,-0.366,0.861,-0.008,-0.824,-0.702,-0.167,0.282,1.054,-5.359,3.443,-1.359,0.065,-0.263,0.823,-3.153,1.191,-0.153,btn_A
1780980441.988382,-0.838,-0.156,0.54,-1.137,1.374,-0.366,-0.724,-0.295,0.552,-6.641,-0.603,-0.458,-0.395,-0.37,0.863,-0.885,-0.336,0.489,-0.194,0.291,1.016,1.542,7.084,-1.664,0.07,-0.286,0.833,-0.374,2.237,0.267,btn_A
1780980442.0894794,-0.84,-0.16,0.541,-1.405,2.748,-0.359,-0.729,-0.293,0.546,-6.939,2.198,-0.71,-0.4,-0.367,0.855,-0.779,1.443,0.87,-0.167,0.292,0.993,0.198,5.198,-4.748,0.074,-0.271,0.831,-3.061,1.13,-1.023,btn_A
1780980442.2030723,-0.838,-0.155,0.546,-1.015,0.763,-1.038,-0.728,-0.294,0.551,-6.42,0.656,-0.55,-0.398,-0.371,0.858,0.008,1.908,0.237,-0.176,0.291,0.986,-0.809,7.992,-1.863,0.068,-0.272,0.832,2.168,1.26,0.206,btn_A
1780980442.294829,-0.84,-0.159,0.554,-1.061,2.504,-0.42,-0.726,-0.29,0.544,-7.069,0.458,-0.191,-0.403,-0.375,0.85,-1.74,-2.115,-1.756,-0.187,0.281,0.952,-11.206,5.015,0.908,0.07,-0.278,0.837,-2.985,2.351,-1.221,btn_A
1780980442.3978903,-0.84,-0.163,0.537,-0.565,-0.489,-2.519,-0.696,-0.297,0.586,-4.649,-4.137,-0.366,-0.396,-0.376,0.854,-4.137,-14.84,-6.221,-0.138,0.325,0.619,-76.809,-1.779,-1.878,0.084,-0.287,0.823,-4.649,-6.084,-2.229,btn_A
1780980442.500735,-0.83,-0.158,0.559,-2.534,-6.992,-5.695,-0.692,-0.297,0.618,-6.382,-7.947,-3.557,-0.274,-0.384,0.928,3.863,-40.885,-17.687,-0.055,0.254,2.0,25.061,-10.237,28.779,0.204,-0.349,0.84,-5.038,-6.237,0.87,btn_A
1780980442.6040485,-0.821,-0.173,0.561,0.229,-0.344,-1.74,-0.685,-0.302,0.612,-6.725,-0.458,-0.305,-0.322,-0.384,0.891,-0.969,5.832,1.13,-0.169,-0.267,1.013,-1.87,9.267,0.023,0.092,-0.285,0.807,-0.71,3.351,0.435,btn_A
1780980442.7069225,-0.836,-0.164,0.555,-0.931,1.687,0.031,-0.688,-0.301,0.597,-6.588,0.954,-0.481,-0.317,-0.387,0.888,-0.573,-0.641,0.015,-0.162,-0.27,1.012,-0.359,6.275,-0.74,0.093,-0.309,0.818,2.214,0.13,0.595,btn_A
1780980442.8101478,-0.831,-0.169,0.552,-0.847,1.992,-1.26,-0.691,-0.305,0.6,-6.733,0.939,-1.008,-0.317,-0.386,0.885,-0.26,1.137,-0.008,-0.164,-0.27,1.01,0.328,7.008,0.191,0.098,-0.304,0.83,-1.58,4.076,-0.611,btn_A
1780980442.920412,-0.833,-0.164,0.552,-0.924,1.748,-0.336,-0.69,-0.303,0.605,-6.374,1.069,-0.107,-0.321,-0.389,0.89,-0.756,1.275,0.496,-0.168,-0.276,1.012,0.458,7.328,-0.863,0.088,-0.306,0.816,0.496,2.351,0.16,btn_A
1780980443.0161228,-0.826,-0.176,0.566,-0.473,1.076,-1.26,-0.678,-0.307,0.616,-6.198,0.603,-0.313,-0.309,-0.384,0.888,1.115,1.305,0.595,-0.181,-0.258,1.018,1.267,9.115,0.382,0.082,-0.277,0.826,3.397,3.595,0.641,btn_A
1780980443.1188357,-0.829,-0.167,0.554,-0.794,3.374,-0.992,-0.693,-0.304,0.601,-6.443,1.298,-1.351,-0.321,-0.385,0.887,-0.649,-0.359,-0.244,-0.163,-0.273,1.021,0.725,5.771,-0.282,0.091,-0.304,0.817,0.458,1.26,0.412,btn_A
1780980443.244041,-0.833,-0.165,0.552,-1.153,1.046,-1.084,-0.691,-0.305,0.598,-6.13,0.695,-0.763,-0.327,-0.387,0.884,-0.427,0.031,0.397,-0.157,-0.278,1.021,0.756,7.466,-0.748,0.097,-0.302,0.83,-1.336,2.519,-0.191,btn_A
1780980443.3257492,-0.832,-0.168,0.559,-1.107,1.763,-0.527,-0.694,-0.304,0.596,-6.573,1.374,0.542,-0.323,-0.39,0.885,-0.626,0.443,0.595,-0.171,-0.282,1.005,0.557,7.855,-0.145,0.089,-0.301,0.825,-0.328,1.252,0.405,btn_A
1780980443.4845583,-0.832,-0.164,0.55,-0.763,0.924,-0.206,-0.688,-0.3,0.588,-6.13,0.954,-0.122,-0.321,-0.386,0.891,-0.611,0.481,0.061,-0.163,-0.283,1.015,0.809,6.977,-0.656,0.095,-0.302,0.83,0.023,2.481,-0.008,btn_A
1780980443.544736,-0.832,-0.163,0.545,-1.145,1.87,-1.046,-0.687,-0.299,0.598,-6.702,1.321,-0.527,-0.324,-0.389,0.885,-0.389,1.0,0.672,-0.168,-0.281,1.012,0.786,7.695,-0.435,0.092,-0.306,0.813,-0.664,2.527,-0.008,btn_A
1780980443.6340556,-0.832,-0.165,0.552,-0.832,1.015,-0.573,-0.69,-0.3,0.6,-6.145,0.298,-0.649,-0.323,-0.389,0.885,-0.206,-1.061,0.336,-0.159,-0.283,1.014,1.229,6.916,-0.786,0.095,-0.307,0.819,-1.107,3.252,-0.084,btn_A
1780980443.7493808,-0.83,-0.162,0.548,-0.481,1.992,-1.031,-0.687,-0.296,0.592,-6.863,0.924,-0.214,-0.321,-0.386,0.882,-0.603,0.137,0.237,-0.166,-0.286,1.006,0.992,7.145,-0.58,0.091,-0.302,0.814,-0.595,1.466,0.282,btn_A
1780980446.9302747,-0.832,-0.164,0.545,-1.069,1.603,-1.389,-0.69,-0.304,0.596,-6.015,0.206,-0.695,-0.329,-0.39,0.882,-0.29,0.038,-0.084,-0.17,-0.287,1.018,1.649,6.847,0.038,0.096,-0.301,0.821,-0.412,2.397,0.031,btn_A
1780980447.0363467,-0.835,-0.166,0.554,-0.725,1.718,-0.756,-0.692,-0.302,0.599,-6.42,1.008,-0.519,-0.325,-0.393,0.877,-0.336,0.397,0.122,-0.163,-0.287,1.004,1.221,7.466,-0.527,0.094,-0.297,0.82,-0.588,1.947,0.252,btn_A
1780980447.1382911,-0.832,-0.164,0.548,-0.786,1.519,-0.947,-0.691,-0.305,0.595,-6.71,0.71,-0.198,-0.326,-0.389,0.882,-0.145,0.565,0.618,-0.162,-0.293,0.996,1.229,7.313,-0.153,0.093,-0.309,0.827,-0.969,1.542,-0.069,btn_A
1780980447.239057,-0.83,-0.163,0.553,-0.809,0.771,-1.122,-0.692,-0.305,0.59,-6.176,0.542,-0.099,-0.322,-0.387,0.881,-0.191,-0.397,0.084,-0.168,-0.293,1.01,1.496,6.282,-0.779,0.094,-0.305,0.826,-0.481,2.656,-0.198,btn_A
1780980447.351313,-0.838,-0.168,0.545,-0.855,1.405,-0.863,-0.689,-0.302,0.591,-6.282,0.122,-0.412,-0.325,-0.392,0.887,-0.183,-0.763,-0.023,-0.167,-0.289,1.003,1.519,7.0,-0.351,0.094,-0.303,0.819,-0.588,2.374,0.069,btn_A
1780980447.4448485,-0.835,-0.168,0.552,-0.695,1.595,-0.794,-0.69,-0.304,0.598,-6.336,0.26,-1.0,-0.325,-0.391,0.877,-0.366,-0.115,-0.336,-0.167,-0.288,1.007,1.26,5.924,-0.412,0.099,-0.298,0.821,-1.405,1.725,-0.298,btn_A
1780980447.5480046,-0.828,-0.169,0.559,-1.45,3.679,0.588,-0.694,-0.306,0.596,-6.634,2.832,1.183,-0.308,-0.395,0.9,-0.092,5.504,2.847,-0.068,-0.312,1.323,-25.382,15.13,2.382,0.088,-0.306,0.814,-0.84,1.328,0.42,btn_A
1780980447.6514516,-0.837,-0.162,0.554,-3.405,11.656,3.618,-0.757,-0.301,0.56,-8.328,18.298,0.733,-0.382,-0.4,0.835,11.191,30.511,8.786,0.139,0.303,0.571,111.252,-6.824,-4.359,0.063,-0.286,0.813,-5.832,3.076,1.977,btn_A
1780980447.754348,-0.836,-0.157,0.549,-0.595,-4.679,-2.069,-0.708,-0.299,0.569,-5.42,-3.0,-0.489,-0.372,-0.376,0.872,2.344,4.87,3.405,-0.142,0.264,1.161,31.817,12.427,-4.656,0.088,-0.283,0.843,10.328,2.26,3.916,btn_A
1780980447.8664901,-0.835,-0.16,0.547,-0.863,0.26,-1.794,-0.734,-0.286,0.557,-6.198,1.405,-0.878,-0.387,-0.37,0.872,-1.672,6.344,3.542,-0.149,0.334,0.955,28.0,12.863,-10.672,0.068,-0.278,0.835,2.244,6.855,1.74,btn_A
1780980447.96072,-0.844,-0.154,0.546,-0.695,0.786,-1.588,-0.728,-0.297,0.557,-6.45,-1.496,-1.305,-0.406,-0.363,0.865,-0.26,0.733,0.359,-0.189,0.333,0.962,-5.885,1.45,-7.733,0.063,-0.255,0.819,-2.489,-0.679,-0.702,btn_A
1780980448.068099,-0.834,-0.158,0.547,-0.267,-2.786,-2.824,-0.725,-0.291,0.546,-7.137,-18.58,-3.466,-0.403,-0.362,0.853,-3.977,-18.504,-8.42,-0.234,0.353,0.397,-98.435,-14.656,-2.069,0.091,-0.262,0.857,-8.168,3.542,-3.901,btn_A
1780980448.168265,-0.771,-0.165,0.615,-4.023,-3.122,-3.87,-0.72,-0.318,0.6,-4.214,-13.405,-5.328,0.142,-0.306,1.261,-26.198,-8.763,-1.481,-0.907,-0.336,0.326,41.443,76.542,-0.382,0.065,-0.459,0.868,32.023,34.221,0.275,btn_A
1780980448.2696824,-0.827,-0.165,0.562,-0.092,6.901,0.756,-0.685,-0.3,0.597,-6.84,6.397,0.771,-0.319,-0.386,0.888,-2.534,4.74,0.481,-0.165,-0.269,1.008,-1.71,9.458,-1.137,0.094,-0.296,0.816,-16.817,13.015,-2.565,btn_A
1780980448.3901212,-0.831,-0.164,0.553,-0.962,0.71,-1.481,-0.682,-0.304,0.611,-6.649,-0.107,-0.359,-0.312,-0.388,0.899,-0.718,0.389,0.55,-0.158,-0.272,1.014,-0.763,7.954,-0.443,0.091,-0.307,0.825,4.504,-1.046,1.183,btn_A
1780980448.4851182,-0.83,-0.167,0.561,-0.771,2.198,-0.237,-0.683,-0.3,0.611,-6.382,0.885,-0.679,-0.317,-0.386,0.888,-0.275,-0.099,0.489,-0.161,-0.272,1.016,-1.534,6.221,-0.725,0.1,-0.314,0.822,-2.336,2.489,-0.023,btn_A
1780980448.5860214,-0.833,-0.166,0.558,-0.382,1.748,-0.756,-0.686,-0.3,0.597,-6.26,1.229,-0.053,-0.319,-0.389,0.883,-0.359,0.496,0.595,-0.16,-0.28,1.011,0.718,6.359,-0.58,0.104,-0.298,0.818,-0.344,2.206,0.321,btn_A
1780980448.6817462,-0.834,-0.167,0.554,-1.008,1.565,-1.053,-0.685,-0.306,0.607,-5.969,0.802,0.595,-0.315,-0.386,0.89,-0.756,0.58,-0.206,-0.156,-0.276,1.015,0.008,7.092,-0.656,0.101,-0.308,0.827,-0.16,2.305,0.351,btn_A
1780980448.784655,-0.834,-0.164,0.554,-0.962,1.504,-1.084,-0.687,-0.305,0.605,-6.374,0.802,-0.275,-0.32,-0.386,0.894,-0.069,0.275,0.679,-0.155,-0.279,1.01,1.076,6.603,-1.069,0.1,-0.306,0.818,0.092,0.954,0.275,btn_A
1780980448.8874543,-0.832,-0.166,0.557,-0.573,1.015,-0.092,-0.687,-0.3,0.611,-6.191,1.13,-0.702,-0.318,-0.383,0.887,-0.779,0.534,0.496,-0.158,-0.281,1.006,0.916,8.099,-0.115,0.097,-0.31,0.816,-0.191,2.725,0.122,btn_A
1780980449.0029738,-0.833,-0.167,0.557,-1.023,1.618,-0.443,-0.688,-0.303,0.602,-6.45,0.718,-0.229,-0.321,-0.388,0.884,-0.45,-0.031,0.038,-0.165,-0.287,1.009,0.947,5.992,-0.71,0.093,-0.305,0.819,-1.573,3.298,-2.038,btn_A
1780980449.1031115,-0.833,-0.168,0.56,-1.145,2.534,-0.427,-0.685,-0.307,0.604,-7.115,1.473,-0.443,-0.323,-0.388,0.891,-0.786,1.519,0.252,-0.165,-0.28,1.007,1.137,8.107,0.122,0.101,-0.3,0.821,-0.115,1.504,-0.061,btn_A
1780980449.201814,-0.828,-0.166,0.558,-0.603,2.13,-0.336,-0.684,-0.305,0.608,-7.107,1.763,-0.542,-0.324,-0.389,0.885,-1.168,2.405,0.504,-0.168,-0.289,1.01,0.504,8.221,-0.725,0.094,-0.31,0.827,0.046,4.511,-0.977,btn_A
1780980449.2992132,-0.832,-0.164,0.549,-0.931,1.832,-1.023,-0.691,-0.309,0.597,-6.466,0.969,-0.122,-0.323,-0.391,0.881,-0.611,0.031,0.534,-0.166,-0.29,1.011,1.084,7.634,0.26,0.089,-0.31,0.826,-1.084,1.985,-0.115,btn_A
1780980449.4020605,-0.834,-0.164,0.554,-0.824,1.794,-0.931,-0.689,-0.305,0.609,-6.115,1.244,0.115,-0.325,-0.39,0.887,-0.374,-0.076,0.176,-0.161,-0.291,1.004,1.115,7.038,-0.42,0.098,-0.303,0.814,-0.313,2.427,-0.076,btn_A
1780980449.5170395,-0.828,-0.165,0.557,-0.893,0.656,-1.206,-0.687,-0.303,0.6,-6.214,0.733,-0.817,-0.326,-0.39,0.885,-0.595,0.664,-0.16,-0.161,-0.289,1.008,1.122,7.672,-0.26,0.096,-0.308,0.823,-0.458,3.267,-0.237,btn_A
1780980449.6189709,-0.832,-0.164,0.553,-0.374,-0.618,-0.481,-0.689,-0.304,0.604,-4.771,-1.847,-1.053,-0.316,-0.39,0.896,1.527,-2.389,0.412,-0.161,-0.29,1.005,2.519,5.893,-0.641,0.087,-0.304,0.825,-0.954,3.603,-0.382,btn_A
1780980449.7199574,-0.832,-0.169,0.554,-1.321,1.863,-1.275,-0.689,-0.305,0.601,-6.565,1.237,-0.252,-0.326,-0.391,0.885,-0.656,0.382,0.519,-0.163,-0.288,1.007,0.947,7.725,-0.023,0.094,-0.308,0.823,-0.527,1.023,0.42,btn_A
1780980449.821505,-0.833,-0.167,0.554,-0.954,1.557,-0.489,-0.686,-0.302,0.595,-6.359,1.069,0.115,-0.322,-0.393,0.883,-0.427,-0.053,0.183,-0.162,-0.285,1.008,1.176,6.901,-0.435,0.099,-0.305,0.815,-0.069,1.344,0.153,btn_A
1780980449.917992,-0.835,-0.167,0.545,-0.511,1.947,-0.382,-0.687,-0.304,0.601,-6.107,0.55,-0.603,-0.327,-0.389,0.883,-0.519,-0.015,-0.321,-0.163,-0.288,1.002,1.794,6.756,-0.832,0.103,-0.309,0.82,-1.55,4.26,-1.0,btn_A
1780980453.1212158,-0.834,-0.162,0.548,-0.534,1.305,-0.282,-0.692,-0.304,0.595,-6.183,0.725,-0.672,-0.327,-0.389,0.882,-0.16,-0.557,-0.176,-0.171,-0.293,1.01,1.328,6.397,-1.084,0.102,-0.305,0.826,-1.084,1.908,-0.221,btn_A
1780980453.2132204,-0.833,-0.163,0.552,-1.321,1.137,-1.344,-0.694,-0.308,0.59,-6.206,0.412,-0.771,-0.326,-0.395,0.884,-0.153,0.26,-0.313,-0.161,-0.294,1.007,1.519,6.817,0.16,0.101,-0.305,0.827,-0.885,3.008,-0.206,btn_A
1780980453.3183718,-0.839,-0.166,0.547,-0.588,1.435,-1.107,-0.689,-0.306,0.593,-6.412,0.618,-0.206,-0.327,-0.391,0.881,-0.71,0.038,0.374,-0.166,-0.295,1.005,1.198,7.313,-0.969,0.097,-0.313,0.821,-0.588,1.718,0.198,btn_A
1780980453.4220314,-0.836,-0.163,0.542,-0.87,1.954,-0.916,-0.693,-0.302,0.595,-6.603,0.626,-0.397,-0.328,-0.394,0.878,-0.061,-0.328,0.122,-0.17,-0.296,1.006,1.412,6.588,-0.046,0.099,-0.306,0.823,-0.718,2.069,-0.084,btn_A
1780980453.5329113,-0.839,-0.166,0.552,-1.069,1.695,-0.832,-0.693,-0.312,0.593,-6.771,0.985,-0.267,-0.329,-0.391,0.877,-0.397,0.282,0.023,-0.167,-0.294,1.01,1.389,7.176,-0.832,0.099,-0.302,0.823,-0.412,2.534,-0.176,btn_A
1780980453.634347,-0.835,-0.168,0.557,-0.893,1.29,-1.153,-0.693,-0.309,0.589,-6.344,0.473,0.023,-0.329,-0.391,0.873,-0.099,0.206,-0.137,-0.167,-0.297,1.005,1.733,7.008,-0.45,0.103,-0.308,0.83,-0.817,2.046,-0.153,btn_A
1780980453.728684,-0.814,-0.186,0.559,-1.366,1.466,-0.069,-0.715,-0.292,0.58,-6.84,0.321,0.031,-0.325,-0.402,0.884,0.603,-0.641,0.565,-0.182,-0.293,0.992,3.13,5.718,-0.603,0.098,-0.3,0.808,-0.115,3.794,1.832,btn_A
1780980453.8313682,-0.84,-0.171,0.547,-0.053,0.168,0.031,-0.693,-0.329,0.59,-3.397,19.71,2.595,-0.353,-0.375,0.942,-0.046,-2.481,1.443,-0.538,-0.73,1.704,250.13,105.595,139.756,0.091,-0.36,0.836,17.794,29.435,3.267,btn_A
1780980453.9347906,-0.854,-0.151,0.523,-0.046,7.176,2.45,-0.73,-0.318,0.594,-3.275,20.145,3.771,-0.396,-0.375,0.852,3.931,4.786,9.473,-0.098,0.246,1.01,92.977,3.115,-14.389,0.079,-0.269,0.814,10.534,-7.527,4.252,btn_A
1780980454.0374684,-0.837,-0.158,0.54,-0.985,1.053,0.008,-0.738,-0.292,0.525,-5.031,4.183,0.855,-0.421,-0.354,0.845,-1.267,3.534,1.802,-0.232,0.328,0.851,6.099,4.901,-6.962,0.058,-0.269,0.835,-4.641,5.901,-1.382,btn_A
1780980454.151125,-0.838,-0.155,0.535,-1.244,-3.015,-3.267,-0.739,-0.293,0.551,-6.366,-19.282,-4.031,-0.419,-0.358,0.85,-6.366,-24.893,-11.336,-0.209,0.359,0.383,-111.664,-7.992,4.954,0.046,-0.258,0.834,-10.366,-3.802,-4.351,btn_A
1780980454.2522762,-0.8,-0.119,0.706,-4.053,-2.947,-3.191,-0.674,-0.247,0.562,-7.626,-11.832,-5.855,-0.075,-0.462,0.937,-15.977,19.924,3.519,-0.687,-0.118,0.187,43.588,67.0,-1.969,0.022,-0.385,0.774,61.527,5.908,6.947,btn_A
1780980454.3466785,-0.827,-0.166,0.556,-0.763,7.015,0.069,-0.69,-0.303,0.602,-7.374,5.641,0.107,-0.312,-0.389,0.888,-1.565,2.374,0.42,-0.174,-0.258,0.998,-0.969,8.344,-0.939,0.093,-0.302,0.824,-18.344,12.29,-2.313,btn_A
1780980454.4506567,-0.83,-0.171,0.552,-0.649,0.282,-0.092,-0.682,-0.3,0.609,-6.519,0.26,-0.542,-0.312,-0.383,0.889,-0.74,0.649,-0.176,-0.171,-0.27,1.016,-0.084,8.374,-0.519,0.105,-0.311,0.816,3.656,-0.626,0.779,btn_A
1780980454.552504,-0.83,-0.163,0.557,-0.977,1.595,-0.687,-0.685,-0.303,0.603,-6.344,1.046,0.015,-0.314,-0.389,0.888,-0.214,-0.351,0.496,-0.171,-0.268,1.012,0.771,6.0,-0.931,0.099,-0.305,0.817,-2.42,3.519,-0.298,btn_A
1780980454.6650586,-0.833,-0.167,0.561,-1.221,2.588,-0.412,-0.684,-0.307,0.601,-6.977,1.824,-0.069,-0.312,-0.39,0.889,-0.947,0.687,0.176,-0.174,-0.276,1.006,0.573,6.672,-0.267,0.087,-0.312,0.82,-0.443,1.695,-0.481,btn_A
1780980454.76785,-0.83,-0.173,0.557,-0.672,2.237,-0.237,-0.689,-0.303,0.605,-6.305,1.191,-0.45,-0.312,-0.39,0.896,-0.214,0.29,0.0,-0.185,-0.26,1.004,1.908,7.794,-0.16,0.101,-0.306,0.823,-1.16,2.115,-0.534,btn_A
1780980454.8650296,-0.832,-0.169,0.561,-0.878,1.038,-1.031,-0.682,-0.305,0.603,-6.282,0.863,-1.008,-0.314,-0.388,0.886,-0.527,0.71,0.0,-0.219,-0.248,1.01,3.183,8.275,-1.198,0.104,-0.302,0.811,-0.26,3.42,0.305,btn_A
1780980454.96441,-0.826,-0.165,0.558,-1.168,0.802,-0.71,-0.686,-0.303,0.605,-6.382,0.779,-0.412,-0.312,-0.388,0.89,-0.267,-0.275,0.679,-0.169,-0.276,1.014,0.809,6.954,-0.42,0.102,-0.303,0.82,-0.26,3.176,-0.305,btn_A
1780980455.0676029,-0.825,-0.167,0.564,-1.137,0.947,-1.183,-0.685,-0.306,0.601,-6.687,1.328,0.282,-0.315,-0.386,0.893,-0.282,0.771,0.672,-0.174,-0.278,1.009,0.878,7.099,-0.847,0.103,-0.306,0.824,-0.069,3.893,0.153,btn_A
1780980455.1877966,-0.832,-0.169,0.556,-0.672,0.527,-0.313,-0.684,-0.304,0.603,-6.16,0.42,-0.298,-0.309,-0.387,0.884,-0.13,-0.626,0.244,-0.169,-0.28,1.014,0.969,7.328,-0.458,0.102,-0.306,0.807,0.504,2.176,0.687,btn_A
1780980455.2829254,-0.828,-0.171,0.55,-0.924,1.45,-1.237,-0.683,-0.303,0.604,-6.252,0.687,-0.435,-0.311,-0.386,0.89,-0.198,0.557,0.076,-0.179,-0.277,1.014,1.427,6.824,-0.687,0.106,-0.311,0.825,-1.107,3.0,-0.374,btn_A
1780980455.3843875,-0.824,-0.165,0.561,-1.069,1.603,0.137,-0.687,-0.303,0.599,-6.168,0.481,-0.389,-0.308,-0.386,0.896,-0.237,-0.977,0.786,-0.168,-0.273,1.012,1.908,7.519,0.84,0.099,-0.302,0.824,-0.969,4.313,0.122,btn_A
1780980455.4841056,-0.825,-0.167,0.558,-0.611,1.489,-1.038,-0.687,-0.305,0.607,-6.496,0.565,-0.336,-0.307,-0.384,0.895,-0.389,-0.412,0.092,-0.173,-0.279,1.003,1.618,7.763,-0.496,0.101,-0.301,0.827,-0.336,3.229,0.214,btn_A
1780980455.5826814,-0.83,-0.169,0.553,-1.076,1.656,-0.916,-0.686,-0.31,0.602,-6.183,0.397,-0.389,-0.313,-0.392,0.896,-0.069,-0.786,0.023,-0.169,-0.276,1.011,1.313,7.107,-0.176,0.098,-0.311,0.822,-0.565,1.26,0.351,btn_A
1780980455.6859057,-0.83,-0.169,0.559,-0.634,0.595,-1.214,-0.687,-0.302,0.598,-5.55,-0.275,-0.282,-0.31,-0.388,0.89,0.038,-0.099,0.076,-0.166,-0.279,1.005,1.031,5.649,-0.603,0.098,-0.309,0.817,-1.176,2.435,-0.458,btn_A
1780980455.7994285,-0.832,-0.162,0.558,-0.817,0.992,-0.878,-0.69,-0.306,0.601,-6.565,0.26,-0.466,-0.316,-0.388,0.881,-0.031,0.229,0.817,-0.173,-0.281,1.012,0.55,7.71,-0.656,0.104,-0.307,0.817,-0.412,1.359,0.221,btn_A
1780980455.9032867,-0.828,-0.165,0.561,-1.046,2.244,-0.176,-0.688,-0.304,0.604,-6.832,1.038,-0.977,-0.312,-0.391,0.892,-0.855,0.031,0.405,-0.174,-0.28,1.01,1.084,6.893,-0.092,0.1,-0.303,0.819,0.153,0.962,0.511,btn_A
1780980456.001515,-0.823,-0.167,0.56,-1.489,2.191,-1.221,-0.687,-0.304,0.602,-6.542,1.359,-0.305,-0.316,-0.387,0.891,-0.725,0.489,0.427,-0.17,-0.279,1.007,0.954,8.176,-0.321,0.091,-0.305,0.822,-0.252,2.977,0.153,btn_A
1780980459.187778,-0.833,-0.169,0.557,-0.985,2.0,-0.664,-0.688,-0.306,0.596,-6.069,1.115,0.519,-0.315,-0.388,0.883,-0.344,0.298,0.023,-0.175,-0.289,0.999,1.473,6.969,-0.481,0.097,-0.304,0.825,-0.244,1.496,0.237,btn_A
1780980459.2906857,-0.832,-0.167,0.557,-1.008,1.786,-0.435,-0.689,-0.299,0.603,-6.344,0.878,-0.198,-0.323,-0.391,0.881,-0.359,-0.55,0.099,-0.177,-0.288,1.01,1.595,7.023,-0.458,0.094,-0.304,0.821,-0.489,1.947,0.0,btn_A
1780980459.3937182,-0.832,-0.168,0.545,-0.87,1.023,-0.603,-0.691,-0.301,0.604,-6.573,0.626,-0.802,-0.315,-0.386,0.88,-0.267,0.122,0.206,-0.177,-0.288,1.007,1.084,7.084,-0.45,0.099,-0.311,0.815,-0.435,2.618,-0.183,btn_A
1780980459.4967368,-0.834,-0.161,0.558,-0.954,1.16,-1.191,-0.691,-0.305,0.598,-6.366,0.298,-0.702,-0.321,-0.393,0.89,-0.466,-0.511,-0.092,-0.173,-0.288,1.01,1.71,6.916,-0.634,0.1,-0.305,0.818,-0.557,2.634,-0.168,btn_A
1780980459.6069882,-0.831,-0.169,0.544,-0.809,1.809,-0.42,-0.688,-0.307,0.6,-6.611,0.763,-0.656,-0.325,-0.386,0.887,-0.427,-0.145,-0.412,-0.178,-0.29,1.006,0.947,6.832,-0.321,0.096,-0.307,0.815,-1.42,3.916,-0.198,btn_A
1780980459.702778,-0.832,-0.167,0.556,-0.618,1.244,-1.038,-0.689,-0.303,0.599,-5.977,0.466,-0.847,-0.322,-0.391,0.886,-0.244,-0.588,0.366,-0.178,-0.287,1.009,1.611,7.244,-0.832,0.09,-0.311,0.836,-0.901,3.015,-0.023,btn_A
1780980459.8060527,-0.836,-0.164,0.551,-0.962,1.817,-0.763,-0.692,-0.306,0.6,-6.496,0.687,-0.237,-0.323,-0.393,0.886,-0.046,-0.87,0.504,-0.171,-0.287,1.011,1.519,4.565,0.198,0.101,-0.31,0.82,-1.221,5.466,-1.076,btn_A
1780980459.9085686,-0.836,-0.167,0.541,1.107,20.618,6.771,-0.735,-0.312,0.547,-2.565,41.145,5.351,-0.387,-0.381,0.854,13.45,36.947,19.237,-0.36,0.18,0.282,195.252,21.809,-12.107,0.073,-0.27,0.828,4.321,19.29,3.58,btn_A
1780980460.0183017,-0.838,-0.157,0.536,0.389,2.26,0.397,-0.732,-0.295,0.565,-5.679,0.29,-1.336,-0.384,-0.38,0.882,0.664,3.969,3.908,-0.075,0.198,1.202,43.702,9.527,-13.641,0.095,-0.298,0.821,5.382,-7.824,1.939,btn_A
1780980460.11809,-0.835,-0.165,0.549,-1.305,0.924,-0.802,-0.721,-0.289,0.559,-6.87,0.176,-0.282,-0.4,-0.371,0.857,0.664,5.725,2.107,-0.189,0.268,0.945,2.71,10.099,-5.023,0.066,-0.269,0.829,-2.71,7.321,-0.695,btn_A
1780980460.2178628,-0.832,-0.164,0.553,-1.45,-1.817,-2.824,-0.753,-0.293,0.539,-7.756,-39.649,-4.389,-0.389,-0.406,0.909,4.649,-55.183,-16.565,0.074,0.133,0.03,-250.137,50.496,-34.977,0.017,-0.255,0.804,-26.702,-28.328,-7.885,btn_A
1780980460.3331985,-0.907,-0.115,0.539,6.092,44.939,7.435,-0.684,-0.301,0.585,-3.962,27.588,0.221,-0.374,-0.34,0.897,3.718,16.344,3.038,-0.245,-0.259,0.991,-11.252,-13.305,-0.824,0.091,-0.259,0.802,-42.916,20.046,-6.443,btn_A
1780980460.4357855,-0.831,-0.165,0.55,0.168,1.16,-1.374,-0.682,-0.306,0.597,-6.229,-0.153,-0.832,-0.312,-0.387,0.894,-1.183,1.099,-0.176,-0.163,-0.266,1.025,-1.672,9.55,-0.885,0.098,-0.305,0.823,9.656,-5.565,1.87,btn_A
1780980460.5331328,-0.834,-0.161,0.551,-1.458,3.099,-0.565,-0.684,-0.304,0.604,-6.397,1.031,-0.809,-0.318,-0.386,0.887,-1.313,0.565,0.344,-0.163,-0.273,1.011,-1.221,6.282,-0.427,0.093,-0.308,0.821,-2.321,4.366,-0.427,btn_A
1780980460.629813,-0.832,-0.163,0.556,-0.595,1.275,-0.725,-0.688,-0.3,0.603,-6.626,1.382,-0.374,-0.316,-0.383,0.891,-0.733,1.252,0.649,-0.166,-0.273,1.011,-0.817,7.527,-0.145,0.101,-0.302,0.827,0.588,1.542,0.214,btn_A
1780980460.7326515,-0.83,-0.171,0.55,-0.824,1.412,-0.565,-0.687,-0.306,0.603,-6.603,0.885,-0.45,-0.323,-0.389,0.885,-0.435,0.679,0.122,-0.165,-0.277,1.018,0.794,6.908,-0.756,0.096,-0.309,0.817,-0.55,3.13,-0.221,btn_A
1780980460.850228,-0.833,-0.168,0.555,-0.901,1.092,-1.107,-0.689,-0.305,0.599,-6.557,0.924,0.038,-0.323,-0.384,0.889,-0.336,0.405,0.076,-0.167,-0.274,1.009,0.802,7.855,-0.328,0.095,-0.309,0.823,-0.878,3.198,0.107,btn_A
1780980460.9480593,-0.836,-0.165,0.544,-0.832,1.366,-0.489,-0.688,-0.303,0.601,-6.282,0.718,0.122,-0.322,-0.393,0.882,-0.359,-0.206,0.527,-0.163,-0.275,1.01,0.763,6.969,-1.137,0.1,-0.305,0.819,-1.13,3.252,-0.466,btn_A
1780980461.0503018,-0.838,-0.166,0.552,-0.71,2.008,-0.16,-0.691,-0.3,0.601,-6.679,0.244,-1.29,-0.322,-0.392,0.89,-0.191,0.214,0.725,-0.166,-0.279,1.01,1.229,6.901,-0.107,0.09,-0.303,0.821,0.26,2.115,0.29,btn_A
1780980461.1447694,-0.834,-0.166,0.552,-0.992,2.267,-1.046,-0.69,-0.305,0.595,-6.061,1.153,-0.611,-0.325,-0.384,0.882,0.023,0.542,-0.084,-0.167,-0.28,1.02,1.351,6.794,-0.702,0.091,-0.303,0.81,-1.489,3.595,-0.351,btn_A
1780980461.248005,-0.831,-0.163,0.561,-0.985,1.122,-1.023,-0.687,-0.304,0.602,-6.13,1.023,0.229,-0.319,-0.389,0.891,-0.611,0.489,-0.031,-0.162,-0.282,1.005,1.458,7.336,-0.695,0.09,-0.305,0.82,-0.924,2.756,0.038,btn_A
1780980461.3514655,-0.833,-0.174,0.549,-0.756,1.55,-0.763,-0.691,-0.305,0.598,-6.328,1.229,-0.183,-0.323,-0.389,0.882,-0.534,0.122,0.534,-0.17,-0.281,1.009,0.321,7.26,-0.42,0.092,-0.302,0.823,-1.145,3.122,0.061,btn_A
1780980461.4537907,-0.833,-0.168,0.55,-0.855,1.107,-0.16,-0.686,-0.304,0.6,-6.649,0.809,-0.511,-0.319,-0.393,0.884,-0.305,0.351,0.603,-0.166,-0.282,1.003,0.794,7.87,-0.573,0.092,-0.306,0.825,-0.725,2.053,0.252,btn_A
1780980461.5688388,-0.836,-0.163,0.548,-0.84,1.527,-1.595,-0.685,-0.307,0.599,-6.115,0.618,-0.611,-0.321,-0.387,0.887,-0.031,0.321,-0.718,-0.163,-0.283,1.007,1.275,6.122,-0.267,0.092,-0.303,0.817,-0.328,2.58,-0.191,btn_A
1780980461.6654887,-0.835,-0.167,0.552,-0.832,1.298,-0.786,-0.689,-0.305,0.597,-6.115,0.954,-0.267,-0.331,-0.391,0.879,-0.58,0.588,-0.214,-0.173,-0.279,1.008,1.389,7.542,-0.939,0.093,-0.303,0.83,-0.901,2.267,-0.397,btn_A
1780980461.7633746,-0.835,-0.164,0.551,-0.687,1.176,-0.893,-0.691,-0.307,0.598,-6.038,0.863,-0.443,-0.324,-0.385,0.877,-0.496,-0.092,0.389,-0.167,-0.284,1.005,1.046,7.084,-0.252,0.092,-0.3,0.825,-0.275,2.481,0.275,btn_A
1780980461.8662713,-0.832,-0.17,0.551,-0.847,1.672,-0.992,-0.691,-0.302,0.598,-6.527,0.466,-0.458,-0.323,-0.392,0.882,-0.618,-0.336,0.099,-0.168,-0.285,1.007,1.313,5.916,-1.061,0.097,-0.302,0.823,-0.435,1.847,0.031,btn_A
1780980461.9825437,-0.833,-0.167,0.549,-0.969,0.947,-1.473,-0.687,-0.307,0.603,-6.435,0.802,0.26,-0.322,-0.39,0.887,-0.618,0.656,-0.458,-0.17,-0.282,1.006,1.298,7.053,-0.832,0.089,-0.308,0.823,-0.672,1.924,0.13,btn_A
1780980462.0856693,-0.828,-0.168,0.553,-0.733,0.649,-0.779,-0.687,-0.304,0.6,-5.985,0.244,-1.099,-0.325,-0.389,0.882,-0.137,-0.351,-0.076,-0.192,-0.283,1.024,1.916,7.229,-0.725,0.093,-0.298,0.821,-0.45,1.863,0.107,btn_A
1780980462.175232,-0.832,-0.166,0.552,-0.824,1.26,-0.664,-0.689,-0.306,0.598,-6.229,0.74,-0.443,-0.325,-0.394,0.885,-0.214,0.115,0.504,-0.167,-0.282,1.01,1.366,6.725,-0.786,0.094,-0.306,0.83,-0.55,2.229,0.069,btn_A
1780980465.368043,-0.835,-0.164,0.547,-1.397,1.733,-1.145,-0.687,-0.303,0.601,-5.901,1.191,0.863,-0.327,-0.386,0.879,-0.244,0.794,0.55,-0.17,-0.286,1.016,1.252,7.481,-0.878,0.093,-0.302,0.814,-0.321,1.641,0.305,btn_A
1780980465.4831257,-0.831,-0.16,0.542,-1.282,1.519,-0.832,-0.693,-0.303,0.596,-6.191,0.626,-0.046,-0.329,-0.394,0.884,-0.137,0.069,0.267,-0.169,-0.287,1.01,0.885,6.832,-0.107,0.102,-0.308,0.812,-0.13,1.649,0.176,btn_A
1780980465.5836692,-0.834,-0.163,0.553,-0.977,1.183,-0.756,-0.69,-0.305,0.595,-6.168,0.664,-0.832,-0.327,-0.393,0.889,0.069,-0.496,0.031,-0.171,-0.283,1.009,1.374,6.45,-0.458,0.088,-0.302,0.82,-0.267,2.107,-0.092,btn_A
1780980465.677416,-0.839,-0.17,0.549,-1.107,0.42,-0.053,-0.694,-0.312,0.591,-5.046,-0.611,0.42,-0.34,-0.396,0.865,2.389,2.542,2.481,0.071,-0.322,1.75,-5.092,3.214,7.359,0.093,-0.283,0.821,3.275,6.076,0.641,btn_A
1780980465.7800632,-0.842,-0.157,0.543,-1.878,3.84,1.489,-0.733,-0.355,0.594,-6.954,2.092,1.176,-0.395,-0.378,0.822,-0.511,24.771,5.031,0.021,0.273,0.718,91.435,-15.557,4.725,0.052,-0.286,0.828,0.947,1.519,1.611,btn_A
1780980465.8832784,-0.838,-0.161,0.538,-0.275,-3.71,-1.786,-0.719,-0.297,0.561,-5.504,-8.366,-1.74,-0.39,-0.371,0.861,-1.763,-7.595,-3.0,-0.157,0.214,0.984,-27.779,1.893,2.45,0.072,-0.281,0.825,-3.809,0.985,-0.298,btn_A
1780980466.0007849,-0.836,-0.153,0.556,-0.603,0.13,-2.137,-0.714,-0.318,0.596,-7.29,-16.55,-2.191,-0.383,-0.371,0.859,-4.069,-33.481,-8.382,-0.13,0.109,0.123,-250.137,47.901,-39.893,0.051,-0.272,0.828,-15.977,-12.0,-4.366,btn_A
1780980466.097626,-0.789,-0.2,0.56,4.595,11.931,4.672,-0.632,-0.311,0.634,-10.427,-5.366,-1.977,-0.31,-0.431,0.869,17.038,20.855,2.435,-0.234,-0.261,0.997,-1.855,3.931,-0.191,0.116,-0.262,0.822,-9.893,9.282,-2.046,btn_A
1780980466.1984532,-0.835,-0.168,0.553,-0.71,0.099,-1.611,-0.688,-0.307,0.599,-6.069,-0.702,-1.443,-0.311,-0.39,0.894,-1.115,1.099,0.42,-0.166,-0.275,1.017,-0.786,9.962,-1.176,0.099,-0.306,0.822,9.061,-4.191,1.763,btn_A
1780980466.2952828,-0.831,-0.162,0.55,-0.908,2.366,-0.221,-0.687,-0.303,0.599,-6.527,1.183,-0.221,-0.317,-0.386,0.881,-0.74,0.282,0.038,-0.174,-0.273,1.009,-1.023,7.008,-0.298,0.094,-0.306,0.826,-2.534,4.015,-0.634,btn_A
1780980466.3981254,-0.828,-0.169,0.556,-0.733,1.725,-0.405,-0.681,-0.304,0.604,-6.718,1.099,0.084,-0.315,-0.389,0.882,-0.389,1.145,0.45,-0.172,-0.278,1.006,0.702,7.687,-0.618,0.097,-0.307,0.825,-0.458,3.183,0.084,btn_A
1780980466.5011702,-0.834,-0.164,0.556,-0.962,1.588,-1.229,-0.686,-0.306,0.603,-6.214,1.229,-0.313,-0.319,-0.389,0.89,-0.374,0.954,0.13,-0.176,-0.277,1.01,1.092,6.672,-0.229,0.09,-0.303,0.825,-0.137,0.74,-0.038,btn_A
1780980466.6148531,-0.837,-0.168,0.553,-0.725,1.733,-0.748,-0.688,-0.306,0.603,-5.885,0.542,-0.87,-0.315,-0.389,0.89,-0.122,-0.626,0.45,-0.177,-0.279,1.014,1.107,6.458,-0.771,0.097,-0.299,0.824,0.26,2.466,0.008,btn_A
1780980466.7167468,-0.831,-0.162,0.549,-0.588,1.695,-1.725,-0.687,-0.304,0.596,-6.55,0.504,-0.679,-0.318,-0.391,0.884,-0.435,-0.176,0.038,-0.178,-0.279,1.011,0.817,8.496,-0.076,0.095,-0.307,0.815,-0.344,2.565,0.046,btn_A
1780980466.8166234,-0.83,-0.168,0.548,-1.183,0.779,-1.527,-0.687,-0.305,0.602,-6.412,0.58,-0.855,-0.318,-0.388,0.884,-0.542,-0.305,0.321,-0.175,-0.278,1.016,0.649,8.046,-0.275,0.093,-0.3,0.824,-0.313,2.313,0.26,btn_A
1780980466.913562,-0.833,-0.164,0.552,-0.672,1.466,-1.046,-0.688,-0.309,0.604,-6.435,1.038,-0.947,-0.317,-0.389,0.891,-0.695,0.58,0.26,-0.17,-0.282,1.016,1.504,7.038,-0.725,0.103,-0.31,0.822,-1.298,2.924,-0.435,btn_A
1780980467.016117,-0.834,-0.16,0.553,-0.351,1.405,-0.053,-0.688,-0.305,0.596,-6.504,0.931,-0.061,-0.32,-0.385,0.891,-0.405,0.824,0.084,-0.176,-0.279,1.004,1.221,7.076,-0.206,0.095,-0.303,0.818,-0.405,1.275,0.611,btn_A
1780980467.1323829,-0.831,-0.172,0.553,-1.031,1.122,-0.634,-0.689,-0.305,0.592,-6.634,1.0,-0.244,-0.32,-0.391,0.885,-0.29,-0.008,0.008,-0.182,-0.277,1.008,1.038,7.573,-0.84,0.091,-0.308,0.818,-0.901,1.962,-0.015,btn_A
1780980467.2354047,-0.83,-0.166,0.553,-1.221,2.679,-0.794,-0.687,-0.31,0.595,-6.42,1.015,-0.863,-0.321,-0.39,0.886,-0.557,0.557,0.359,-0.177,-0.283,1.004,0.855,7.55,-0.153,0.088,-0.307,0.825,-0.618,2.122,0.695,btn_A
1780980467.3314424,-0.835,-0.165,0.545,-0.351,1.359,-0.321,-0.688,-0.306,0.601,-6.031,0.611,-0.26,-0.321,-0.391,0.887,-0.519,0.55,0.695,-0.182,-0.284,1.009,1.756,7.176,-0.435,0.089,-0.303,0.828,-0.969,3.153,-0.382,btn_A
1780980467.428426,-0.836,-0.167,0.548,-0.939,1.878,-1.191,-0.691,-0.306,0.605,-6.13,1.267,0.405,-0.322,-0.394,0.884,-0.053,0.611,0.351,-0.178,-0.285,1.01,1.672,6.427,-0.695,0.091,-0.303,0.825,-0.55,2.534,-0.16,btn_A
1780980467.5312681,-0.836,-0.165,0.547,-1.267,1.595,-0.595,-0.693,-0.307,0.603,-6.0,1.466,0.031,-0.325,-0.392,0.892,0.298,-0.496,-0.061,-0.207,-0.279,1.014,2.061,6.794,-0.832,0.089,-0.304,0.825,-0.145,2.168,-0.069,btn_A
1780980467.6515005,-0.832,-0.165,0.553,-0.855,1.305,-1.206,-0.689,-0.306,0.593,-6.458,1.061,-0.916,-0.325,-0.393,0.884,-0.176,0.176,0.473,-0.183,-0.284,1.005,1.176,8.183,-0.183,0.094,-0.308,0.818,0.26,1.42,0.321,btn_A
1780980467.7372372,-0.834,-0.165,0.548,-0.344,1.42,0.122,-0.691,-0.304,0.593,-6.313,0.282,-0.527,-0.323,-0.393,0.893,-0.282,0.214,0.397,-0.18,-0.285,1.01,1.198,6.55,-0.313,0.087,-0.306,0.822,-0.954,2.405,-0.305,btn_A
1780980467.8439178,-0.837,-0.16,0.557,-0.763,1.573,-1.137,-0.69,-0.301,0.595,-6.687,0.603,-0.534,-0.325,-0.394,0.888,-0.557,-0.244,0.16,-0.182,-0.281,1.01,1.489,6.725,-0.565,0.084,-0.311,0.825,-0.405,1.214,0.183,btn_A
1780980467.9520097,-0.832,-0.168,0.552,-0.809,1.733,-0.733,-0.692,-0.305,0.593,-6.397,0.649,-0.992,-0.327,-0.392,0.879,-0.053,-0.244,-0.466,-0.187,-0.282,1.015,1.756,7.382,-0.435,0.09,-0.299,0.816,-0.107,2.901,0.008,btn_A
1780980468.0513332,-0.838,-0.165,0.548,-0.634,1.481,-0.947,-0.691,-0.305,0.591,-6.351,1.176,-0.252,-0.324,-0.389,0.883,0.023,-0.328,-0.031,-0.18,-0.283,1.011,1.687,6.718,0.382,0.095,-0.303,0.824,-0.473,2.16,-0.176,btn_A
1780980468.1493773,-0.836,-0.163,0.548,-0.794,1.527,-1.313,-0.687,-0.303,0.592,-6.198,0.802,-0.313,-0.325,-0.391,0.883,-0.267,0.015,0.511,-0.181,-0.282,1.008,1.389,6.695,-0.702,0.101,-0.304,0.829,-1.244,3.595,-0.382,btn_A
1780980468.2639205,-0.834,-0.158,0.549,-1.198,1.084,-0.733,-0.692,-0.311,0.595,-5.916,0.939,-0.992,-0.323,-0.395,0.885,-0.466,0.504,-0.076,-0.179,-0.285,1.004,1.588,6.954,-0.137,0.084,-0.309,0.825,-0.618,2.382,0.031,btn_A
1780980471.4510996,-0.838,-0.163,0.548,-0.901,1.901,-0.16,-0.692,-0.307,0.597,-6.351,1.168,-0.427,-0.319,-0.39,0.884,-0.374,0.519,0.588,-0.177,-0.285,1.004,1.42,6.42,-0.458,0.089,-0.304,0.828,-0.809,2.649,-0.153,btn_A
1780980471.5489364,-0.837,-0.163,0.544,-0.573,2.176,-0.695,-0.691,-0.306,0.595,-6.26,1.168,-0.031,-0.324,-0.39,0.879,-0.992,0.427,-0.153,-0.185,-0.29,1.001,1.061,7.496,0.0,0.096,-0.308,0.819,0.282,1.237,0.168,btn_A
1780980471.6515284,-0.838,-0.168,0.543,-0.794,0.038,-1.244,-0.695,-0.304,0.592,-5.786,0.076,-0.206,-0.323,-0.392,0.883,0.267,-0.672,-0.153,-0.179,-0.286,1.0,1.519,6.427,-0.611,0.087,-0.299,0.827,-0.832,3.687,-0.267,btn_A
1780980471.7543764,-0.835,-0.165,0.544,-0.809,1.519,-0.992,-0.692,-0.306,0.592,-6.344,0.763,-0.763,-0.326,-0.393,0.882,-0.305,0.053,0.489,-0.185,-0.29,1.007,1.458,7.389,0.473,0.093,-0.306,0.823,-0.221,2.206,0.168,btn_A
1780980471.8578427,-0.834,-0.164,0.555,-1.061,1.397,-0.603,-0.694,-0.304,0.599,-6.527,0.748,-0.58,-0.321,-0.393,0.882,-0.573,0.16,0.824,-0.178,-0.286,1.008,1.305,7.198,-0.634,0.094,-0.301,0.824,-0.756,2.427,0.229,btn_A
1780980471.9605513,-0.837,-0.162,0.55,-1.031,1.389,-0.924,-0.691,-0.307,0.596,-6.359,0.718,-0.351,-0.33,-0.394,0.884,-0.374,-0.16,-0.214,-0.187,-0.29,1.005,1.176,6.924,-0.382,0.086,-0.304,0.82,-1.13,2.206,-0.366,btn_A
1780980472.063624,-0.812,-0.174,0.579,-0.878,-0.107,-1.618,-0.618,-0.314,0.814,6.153,96.603,4.427,-0.396,-0.374,0.844,-8.618,89.229,10.779,0.709,0.002,-0.076,250.13,-83.519,91.084,0.092,-0.27,0.76,44.863,12.748,11.435,btn_A
1780980472.1665256,-0.839,-0.153,0.547,-0.817,-4.191,-1.748,-0.74,-0.292,0.528,-5.298,-6.542,-0.756,-0.366,-0.378,0.866,2.908,-4.908,3.908,-0.106,0.274,0.981,53.023,10.389,4.382,0.064,-0.272,0.828,-2.855,16.687,-0.321,btn_A
1780980472.2797868,-0.835,-0.159,0.551,-1.031,0.634,-1.351,-0.727,-0.297,0.517,-6.443,6.015,0.611,-0.396,-0.39,0.877,6.443,12.863,8.42,-0.292,0.347,0.903,34.008,24.313,-13.252,0.052,-0.27,0.86,5.931,1.847,1.374,btn_A
1780980472.3814495,-0.843,-0.157,0.536,-1.565,1.336,-1.069,-0.724,-0.298,0.56,-5.809,4.344,-0.015,-0.407,-0.361,0.851,1.618,8.26,3.137,-0.224,0.323,0.882,6.618,9.939,-6.45,0.067,-0.273,0.832,5.679,-1.779,1.565,btn_A
1780980472.476082,-0.838,-0.163,0.546,-1.244,-0.977,-2.115,-0.726,-0.298,0.551,-5.656,-1.298,-0.748,-0.413,-0.364,0.852,-0.069,-3.847,-2.443,-0.21,0.309,0.944,-18.328,0.565,-1.611,0.081,-0.268,0.825,-3.023,2.718,-1.542,btn_A
1780980472.5830956,-0.849,-0.161,0.527,-1.893,-7.634,-4.748,-0.743,-0.275,0.529,-9.901,-56.099,-4.511,-0.413,-0.441,0.826,-3.389,-94.908,-22.435,-0.134,-0.874,0.253,-250.137,40.992,-124.305,0.163,-0.268,0.839,-26.298,-2.519,-3.947,btn_A
1780980472.681929,-0.859,-0.178,0.516,-0.534,-7.664,-0.679,-0.656,-0.314,0.658,-5.183,-5.718,0.695,-0.324,-0.381,0.891,3.649,-5.55,0.962,-0.147,-0.258,1.03,-7.328,12.756,-1.031,0.068,-0.351,0.832,-0.656,-3.092,-0.443,btn_A
1780980472.784856,-0.827,-0.161,0.555,-1.634,0.198,-1.504,-0.683,-0.306,0.609,-6.015,0.282,-1.031,-0.315,-0.389,0.885,-0.519,2.954,0.145,-0.147,-0.262,1.019,-0.977,8.275,-0.168,0.09,-0.292,0.832,-3.351,5.756,-0.252,btn_A
1780980472.8967898,-0.832,-0.166,0.545,-0.618,0.053,-0.504,-0.685,-0.303,0.601,-5.313,-0.87,-0.649,-0.317,-0.385,0.891,0.435,0.443,0.107,-0.159,-0.256,1.011,0.16,8.466,-1.183,0.084,-0.281,0.842,0.603,-0.542,1.115,btn_A
1780980472.998966,-0.836,-0.162,0.547,-0.473,1.0,-1.29,-0.687,-0.304,0.605,-5.718,0.031,-0.473,-0.316,-0.384,0.886,0.221,-2.42,0.206,-0.149,-0.271,1.015,1.29,5.672,-1.275,0.098,-0.303,0.833,-0.015,1.0,0.145,btn_A
1780980473.1011376,-0.833,-0.164,0.563,-1.115,0.229,-1.031,-0.687,-0.303,0.605,-6.076,0.573,-0.748,-0.314,-0.383,0.886,-0.29,-0.107,0.053,-0.149,-0.277,1.015,0.817,7.519,-0.916,0.083,-0.305,0.817,-1.649,4.122,-0.038,btn_A
1780980473.1975293,-0.83,-0.162,0.555,-1.145,1.45,-0.992,-0.682,-0.301,0.608,-6.489,1.435,0.084,-0.318,-0.382,0.894,-0.977,1.084,0.069,-0.154,-0.275,1.016,-0.977,7.916,0.107,0.093,-0.312,0.812,1.214,1.725,1.366,btn_A
1780980473.299686,-0.834,-0.162,0.55,-0.786,1.137,-0.313,-0.688,-0.298,0.599,-6.672,0.595,-0.221,-0.318,-0.385,0.891,-0.84,-0.221,-0.191,-0.157,-0.281,1.01,0.076,6.992,-1.267,0.089,-0.311,0.822,-2.977,1.931,-0.206,btn_A
1780980473.4026468,-0.83,-0.162,0.55,-0.824,1.061,-1.061,-0.688,-0.3,0.6,-6.313,-0.061,-1.252,-0.319,-0.383,0.889,0.084,-1.58,0.557,-0.155,-0.283,1.016,0.29,6.71,-0.817,0.087,-0.305,0.822,0.489,1.573,0.229,btn_A
1780980473.5150352,-0.835,-0.166,0.548,-1.244,2.008,-0.679,-0.686,-0.304,0.603,-5.809,0.397,-0.145,-0.319,-0.383,0.886,-0.412,-0.817,-0.145,-0.155,-0.282,1.015,0.718,5.878,-0.672,0.082,-0.314,0.822,-1.237,1.939,0.878,btn_A
1780980473.6157815,-0.828,-0.165,0.555,-0.794,1.519,-0.542,-0.69,-0.3,0.605,-6.321,1.038,0.405,-0.317,-0.387,0.889,-0.26,0.458,-0.038,-0.156,-0.279,1.015,0.672,8.053,-0.351,0.088,-0.298,0.822,0.0,3.191,0.55,btn_A
1780980473.711723,-0.837,-0.164,0.547,-0.977,1.511,-1.328,-0.689,-0.304,0.598,-6.496,0.74,-0.336,-0.318,-0.385,0.893,-0.473,-0.176,0.244,-0.154,-0.278,1.015,0.794,7.557,0.359,0.092,-0.302,0.821,0.176,3.481,0.458,btn_A
1780980473.8145106,-0.833,-0.166,0.548,-0.916,2.008,-0.725,-0.692,-0.307,0.599,-6.687,0.71,-0.74,-0.32,-0.386,0.891,-0.672,-0.672,0.298,-0.163,-0.28,1.007,1.42,6.206,-0.542,0.088,-0.303,0.829,-1.298,1.931,-0.351,btn_A
1780980473.9324334,-0.833,-0.158,0.552,-0.985,2.702,-0.992,-0.689,-0.306,0.594,-6.679,1.099,-0.542,-0.319,-0.387,0.885,-0.634,0.908,0.29,-0.157,-0.281,1.014,0.74,7.015,-0.183,0.073,-0.301,0.823,-3.099,3.603,-1.252,btn_A
1780980474.0289576,-0.834,-0.167,0.548,-0.855,1.282,-0.397,-0.696,-0.309,0.59,-6.496,0.298,-0.74,-0.321,-0.386,0.882,-0.038,-0.214,-0.153,-0.153,-0.283,1.013,1.053,7.527,-0.397,0.089,-0.31,0.825,0.84,2.397,0.336,btn_A
1780980474.133084,-0.837,-0.164,0.549,-0.718,1.153,-0.954,-0.696,-0.309,0.593,-6.0,-0.031,-0.733,-0.323,-0.388,0.883,-0.099,-0.145,0.298,-0.156,-0.282,1.003,1.771,6.313,-0.992,0.09,-0.309,0.826,-1.405,0.069,0.198,btn_A
1780980474.2265673,-0.833,-0.166,0.553,-0.878,1.611,-0.26,-0.692,-0.305,0.594,-6.42,0.824,0.053,-0.322,-0.386,0.882,0.115,0.031,0.939,-0.165,-0.281,1.01,1.611,7.168,-0.023,0.097,-0.301,0.823,-0.176,6.298,0.153,btn_A
1780980474.330432,-0.836,-0.162,0.545,-0.26,0.176,-0.687,-0.688,-0.301,0.593,-5.565,-0.565,0.397,-0.326,-0.389,0.884,0.794,0.084,0.702,-0.154,-0.288,1.013,1.397,7.389,-0.504,0.086,-0.304,0.823,-0.191,2.725,-0.008,btn_A
1780980474.432833,-0.835,-0.163,0.547,-1.092,1.351,-1.076,-0.688,-0.302,0.601,-6.244,0.023,-1.031,-0.324,-0.385,0.888,-0.221,0.748,0.229,-0.16,-0.284,1.016,1.282,8.221,0.198,0.086,-0.291,0.827,-1.695,5.237,-0.664,btn_A
1780980477.6310275,-0.84,-0.165,0.537,-1.519,2.206,-0.748,-0.698,-0.305,0.591,-6.794,1.061,0.015,-0.34,-0.393,0.878,-0.298,0.168,0.198,-0.166,-0.306,1.0,1.099,6.992,-0.504,0.094,-0.305,0.828,-0.183,1.74,0.237,btn_A
1780980477.7317243,-0.844,-0.166,0.542,-1.183,1.847,0.267,-0.702,-0.312,0.578,-5.931,0.847,1.099,-0.338,-0.393,0.87,0.725,1.71,1.298,-0.167,-0.303,1.003,1.931,7.076,0.351,0.088,-0.298,0.825,0.389,3.443,-0.504,btn_A
1780980477.83205,-0.841,-0.161,0.541,-0.29,1.237,-0.542,-0.699,-0.304,0.589,-6.13,0.634,-0.229,-0.339,-0.39,0.875,0.313,0.55,0.817,-0.166,-0.306,1.003,2.031,6.626,-1.237,0.094,-0.307,0.826,-0.71,1.939,0.061,btn_A
1780980477.9349308,-0.841,-0.164,0.544,-1.214,2.26,-0.832,-0.695,-0.305,0.583,-6.618,0.756,-1.267,-0.34,-0.392,0.877,-0.427,0.45,0.122,-0.168,-0.301,1.006,1.015,6.847,-0.473,0.09,-0.298,0.821,-1.13,2.244,-0.183,btn_A
1780980478.0466657,-0.842,-0.163,0.544,-1.336,2.015,-0.969,-0.702,-0.312,0.586,-6.672,1.053,-0.626,-0.338,-0.39,0.87,-0.122,-0.366,0.084,-0.168,-0.304,1.001,1.198,6.817,-0.366,0.091,-0.294,0.815,-0.427,1.962,0.145,btn_A
1780980478.1403944,-0.844,-0.163,0.537,-0.435,-0.817,-0.542,-0.704,-0.309,0.576,-4.878,0.809,0.153,-0.341,-0.392,0.87,1.977,-0.817,1.534,0.084,-0.403,1.967,-33.137,-0.275,0.221,0.097,-0.309,0.816,-1.496,7.603,-2.099,btn_A
1780980478.243691,-0.833,-0.157,0.538,0.023,6.954,2.153,-0.727,-0.275,0.511,-4.008,14.656,3.313,-0.415,-0.391,0.842,-15.817,4.153,6.282,-0.023,0.247,0.449,155.939,-4.832,9.595,0.04,-0.264,0.847,3.695,12.198,2.053,btn_A
1780980478.3468096,-0.846,-0.163,0.531,-0.008,3.771,0.344,-0.738,-0.288,0.511,-5.588,4.809,0.664,-0.44,-0.348,0.848,-1.16,-2.405,0.321,-0.191,0.249,1.032,7.122,7.481,1.641,0.038,-0.251,0.812,-1.092,0.573,-0.099,btn_A
1780980478.4498909,-0.846,-0.163,0.53,-0.489,2.191,0.29,-0.713,-0.293,0.565,-5.87,0.13,-0.427,-0.405,-0.362,0.87,1.595,4.481,2.053,-0.229,0.297,0.949,4.45,7.443,-5.206,0.04,-0.26,0.837,0.29,2.748,0.511,btn_A
1780980478.5699034,-0.845,-0.15,0.535,-0.924,-0.351,-1.634,-0.739,-0.289,0.534,-5.84,-3.206,-1.924,-0.432,-0.362,0.853,-2.198,-3.481,-0.168,-0.176,0.296,0.989,2.244,5.634,-5.802,0.063,-0.28,0.843,2.359,-0.237,0.137,btn_A
1780980478.6672938,-0.845,-0.154,0.53,-0.695,0.87,-1.458,-0.74,-0.292,0.537,-7.122,-6.832,-2.435,-0.436,-0.352,0.842,-3.183,-9.802,-5.878,-0.246,0.322,0.841,-33.893,-4.794,6.153,0.051,-0.26,0.827,-5.137,2.008,-0.947,btn_A
1780980478.766036,-0.852,-0.157,0.519,0.29,-4.458,-4.611,-0.711,-0.285,0.555,-13.069,-50.298,-4.794,-0.347,-0.433,0.86,-0.519,-60.145,-20.786,-0.291,-0.863,0.618,-250.137,25.229,-77.939,0.089,-0.325,0.865,-34.496,-13.344,-8.443,btn_A
1780980478.8626719,-0.844,-0.152,0.53,-5.405,-13.702,-2.641,-0.692,-0.312,0.607,-6.519,-9.641,-1.687,-0.334,-0.387,0.884,8.405,-3.145,0.947,-0.162,-0.272,1.012,-0.908,10.794,-1.473,0.063,-0.322,0.825,4.496,-0.244,0.122,btn_A
1780980478.9646032,-0.838,-0.164,0.546,-1.359,1.466,-0.611,-0.697,-0.304,0.588,-6.878,1.305,-0.985,-0.34,-0.39,0.879,-0.718,3.962,1.092,-0.17,-0.28,1.007,-0.626,7.908,-0.351,0.081,-0.297,0.827,-6.511,5.786,-0.656,btn_A
1780980479.0701272,-0.842,-0.163,0.538,-1.069,1.466,-0.718,-0.7,-0.305,0.589,-6.809,1.687,-0.252,-0.339,-0.391,0.882,-1.244,2.359,0.527,-0.172,-0.29,1.008,-0.221,8.87,-0.366,0.087,-0.301,0.816,1.229,0.748,-0.015,btn_A
1780980479.1708071,-0.84,-0.162,0.541,-1.153,3.962,-0.092,-0.698,-0.302,0.578,-7.847,2.473,-0.573,-0.34,-0.392,0.881,-1.672,2.771,0.076,-0.179,-0.295,1.006,-1.611,8.71,-0.802,0.08,-0.301,0.822,-0.649,1.435,0.229,btn_A
1780980479.2738936,-0.84,-0.162,0.542,-0.832,1.962,-0.924,-0.7,-0.306,0.581,-7.061,1.183,-0.252,-0.344,-0.391,0.873,-0.382,0.221,0.542,-0.17,-0.294,1.004,-0.13,7.29,-0.55,0.076,-0.304,0.821,0.153,2.13,-0.076,btn_A
1780980479.3841758,-0.84,-0.161,0.54,-1.42,2.458,-0.542,-0.702,-0.306,0.581,-6.71,1.672,0.038,-0.346,-0.388,0.877,-0.969,0.824,0.275,-0.173,-0.296,1.002,0.344,7.023,-0.534,0.08,-0.296,0.831,-0.252,1.458,0.076,btn_A
1780980479.4839118,-0.842,-0.161,0.542,-1.206,2.206,-1.145,-0.699,-0.306,0.577,-7.153,2.252,-0.618,-0.34,-0.396,0.875,-1.29,2.29,0.664,-0.171,-0.305,1.005,-0.336,8.084,0.16,0.073,-0.297,0.822,-0.313,2.038,-0.176,btn_A
1780980479.5861723,-0.847,-0.164,0.536,0.061,1.519,0.305,-0.706,-0.309,0.573,-6.412,0.748,-0.573,-0.349,-0.394,0.871,-0.611,0.634,-0.298,-0.177,-0.304,1.003,0.382,6.504,-1.031,0.079,-0.302,0.826,-0.924,2.061,-0.611,btn_A
1780980479.694396,-0.844,-0.161,0.534,-1.168,1.817,-1.038,-0.703,-0.309,0.58,-6.412,0.817,-0.244,-0.346,-0.393,0.875,-0.473,0.282,0.023,-0.174,-0.302,0.996,1.244,6.244,-0.26,0.079,-0.299,0.823,-0.87,2.336,-0.275,btn_A
1780980479.7986004,-0.845,-0.167,0.539,-0.786,2.076,-0.58,-0.705,-0.31,0.583,-6.023,1.229,0.473,-0.345,-0.395,0.868,-0.313,0.008,0.191,-0.173,-0.301,1.005,1.008,5.931,-0.496,0.083,-0.297,0.822,-0.534,1.779,0.061,btn_A
1780980479.8963273,-0.845,-0.164,0.531,-0.74,2.534,-0.511,-0.703,-0.305,0.572,-6.985,2.046,-0.58,-0.355,-0.397,0.863,-0.916,1.733,0.382,-0.175,-0.306,0.997,0.198,7.26,-0.756,0.081,-0.298,0.82,-1.626,1.16,0.405,btn_A
1780980479.9955516,-0.843,-0.163,0.532,-0.87,1.359,-1.107,-0.705,-0.305,0.585,-6.244,1.145,-0.786,-0.352,-0.397,0.872,-0.916,0.298,0.115,-0.175,-0.305,1.001,0.511,8.053,0.092,0.084,-0.294,0.817,-0.092,3.466,0.008,btn_A
1780980480.0976677,-0.846,-0.161,0.527,-1.412,1.817,-1.099,-0.705,-0.31,0.572,-6.786,0.855,-0.885,-0.35,-0.394,0.875,-0.649,0.115,0.511,-0.179,-0.309,1.002,0.076,6.924,-0.389,0.08,-0.303,0.834,0.198,2.237,0.244,btn_A
1780980480.212999,-0.84,-0.165,0.537,-0.916,1.092,-0.802,-0.706,-0.309,0.573,-6.786,0.786,-0.55,-0.347,-0.392,0.869,-0.321,1.168,0.427,-0.175,-0.304,1.003,0.718,7.382,-0.168,0.086,-0.299,0.823,-0.786,3.092,0.206,btn_A
1780980480.3122392,-0.845,-0.164,0.532,-1.053,2.496,-0.229,-0.708,-0.313,0.573,-7.092,2.046,-0.359,-0.346,-0.404,0.877,-0.84,0.565,0.244,-0.176,-0.304,1.007,0.153,8.275,0.389,0.083,-0.297,0.825,-0.336,2.718,0.458,btn_A
1780980480.416858,-0.844,-0.162,0.532,-1.038,1.962,-1.076,-0.708,-0.308,0.567,-7.519,1.313,0.321,-0.356,-0.399,0.871,-0.443,1.412,0.641,-0.181,-0.302,0.995,-1.275,8.718,-0.977,0.093,-0.291,0.828,-1.344,4.046,-0.748,btn_A
1780980480.51378,-0.847,-0.161,0.524,-1.29,2.298,-0.176,-0.708,-0.309,0.566,-6.595,0.74,-0.618,-0.36,-0.397,0.863,-0.328,-0.366,0.656,-0.183,-0.314,0.993,0.947,7.779,-0.305,0.087,-0.302,0.828,-0.191,2.725,-0.031,btn_A
1780980483.7133195,-0.847,-0.16,0.519,-0.794,1.282,-0.313,-0.715,-0.31,0.562,-6.168,0.893,-0.794,-0.368,-0.397,0.861,0.015,-0.641,-0.198,-0.191,-0.327,0.99,1.198,6.702,-0.489,0.076,-0.289,0.822,-0.29,2.45,-0.16,btn_A
1780980483.8060384,-0.851,-0.163,0.523,-1.053,1.786,-0.702,-0.711,-0.31,0.564,-6.344,0.733,-0.435,-0.362,-0.395,0.861,-0.176,-0.443,0.458,-0.189,-0.327,0.993,1.305,7.359,-0.16,0.073,-0.296,0.823,-0.748,3.023,-0.267,btn_A
1780980483.9089823,-0.851,-0.156,0.517,-1.206,1.794,-0.771,-0.712,-0.311,0.561,-6.374,0.901,0.443,-0.358,-0.395,0.86,-0.344,-0.16,0.221,-0.187,-0.328,0.991,1.183,6.718,-0.771,0.08,-0.289,0.83,-0.397,2.908,0.298,btn_A
1780980484.0120296,-0.848,-0.161,0.518,-0.611,1.374,-0.489,-0.713,-0.312,0.563,-6.137,0.985,-0.305,-0.362,-0.401,0.87,-0.389,0.481,0.122,-0.188,-0.328,0.988,1.573,7.397,-0.221,0.076,-0.296,0.82,-0.977,2.237,0.183,btn_A
1780980484.1160784,-0.852,-0.16,0.527,-0.901,2.061,-1.198,-0.712,-0.31,0.565,-6.359,0.649,-0.863,-0.364,-0.4,0.868,-0.107,-0.038,-0.191,-0.185,-0.325,0.984,1.473,6.55,-0.939,0.083,-0.295,0.816,-0.527,2.275,-0.061,btn_A
1780980484.2295632,-0.852,-0.162,0.527,-1.26,-1.053,-0.687,-0.803,-0.371,0.547,-7.008,18.794,1.397,-0.327,-0.437,0.967,-10.656,53.893,12.511,-0.556,-0.607,0.45,250.13,-34.931,136.275,0.119,-0.317,0.93,31.061,28.687,9.84,btn_A
1780980484.3330128,-0.849,-0.169,0.529,1.45,2.305,0.626,-0.732,-0.308,0.49,0.206,9.366,3.427,-0.394,-0.381,0.844,12.916,20.527,15.084,-0.384,0.223,0.818,72.076,15.939,-35.092,0.045,-0.264,0.836,5.992,4.191,1.588,btn_A
1780980484.4299161,-0.847,-0.152,0.513,-0.153,-0.489,-0.58,-0.743,-0.304,0.537,-5.481,-0.336,-0.282,-0.411,-0.384,0.848,1.87,6.237,3.466,-0.155,0.245,0.957,17.405,12.565,-6.229,0.032,-0.266,0.826,2.305,5.282,-0.313,btn_A
1780980484.5334237,-0.855,-0.153,0.52,-0.855,2.397,-1.099,-0.743,-0.295,0.532,-5.695,-2.252,-0.695,-0.41,-0.374,0.851,0.084,-4.733,-0.244,-0.152,0.219,1.135,5.16,3.13,-3.756,0.06,-0.274,0.841,-4.282,-0.344,-1.107,btn_A
1780980484.6302454,-0.84,-0.155,0.526,-0.023,-0.061,-2.725,-0.724,-0.303,0.544,-7.282,-22.099,-3.473,-0.416,-0.342,0.913,-23.802,-41.252,-16.969,-0.135,0.201,0.579,-219.809,13.863,-1.26,0.04,-0.264,0.844,-18.87,-13.679,-6.328,btn_A
1780980484.7473733,-0.893,-0.161,0.493,-6.13,-17.496,-7.87,-0.686,-0.302,0.739,-7.0,16.183,-6.359,-0.313,-0.336,0.879,29.435,35.893,2.725,-0.165,-0.261,1.281,-16.679,41.099,-1.588,0.071,-0.219,0.754,-7.756,-8.137,-1.809,btn_A
1780980484.845409,-0.854,-0.163,0.521,-2.053,1.336,-0.985,-0.709,-0.31,0.585,-6.725,-1.74,-0.397,-0.341,-0.393,0.877,0.573,-1.969,-0.26,-0.174,-0.289,1.01,0.42,0.099,-0.809,0.074,-0.315,0.835,-6.679,6.282,-0.733,btn_A
1780980484.9492562,-0.852,-0.165,0.531,-1.427,0.878,-1.282,-0.707,-0.309,0.574,-6.885,2.038,0.099,-0.338,-0.391,0.867,-0.718,4.206,0.916,-0.18,-0.295,1.005,-1.42,7.679,-0.939,0.075,-0.294,0.831,0.244,0.519,0.557,btn_A
1780980485.0473285,-0.849,-0.167,0.524,-1.198,1.901,-0.71,-0.71,-0.312,0.566,-6.527,1.267,-0.26,-0.337,-0.394,0.867,-0.84,1.0,0.282,-0.169,-0.298,1.01,-0.687,7.916,-0.176,0.067,-0.305,0.834,-0.076,2.58,0.198,btn_A
1780980485.1454296,-0.849,-0.163,0.533,-0.634,1.351,-0.313,-0.703,-0.306,0.57,-6.649,1.115,-0.87,-0.343,-0.393,0.872,-0.55,1.458,0.519,-0.175,-0.31,0.992,1.168,6.397,-0.702,0.079,-0.299,0.822,-0.969,1.687,0.099,btn_A
1780980485.2486985,-0.848,-0.161,0.518,-1.0,1.168,-0.985,-0.711,-0.31,0.57,-6.786,0.939,-0.908,-0.345,-0.4,0.867,-1.107,1.641,0.244,-0.17,-0.303,0.997,-0.534,7.389,-1.122,0.08,-0.295,0.837,-1.489,0.519,0.046,btn_A
1780980485.3625124,-0.849,-0.164,0.528,-1.221,0.947,-0.26,-0.707,-0.309,0.574,-6.458,0.076,-0.344,-0.337,-0.396,0.87,0.359,-1.672,-0.122,-0.167,-0.307,1.001,0.13,5.779,-1.13,0.075,-0.298,0.823,-0.901,3.229,-0.481,btn_A
1780980485.4628515,-0.849,-0.159,0.531,-0.473,1.985,-0.565,-0.709,-0.311,0.568,-6.366,1.061,-0.649,-0.34,-0.399,0.876,-0.664,0.466,0.519,-0.171,-0.305,1.0,-0.786,7.359,-1.145,0.077,-0.296,0.826,-0.366,2.191,-0.061,btn_A
1780980485.563401,-0.849,-0.159,0.526,-1.252,3.046,-0.908,-0.713,-0.312,0.569,-6.992,1.29,-0.565,-0.338,-0.402,0.872,-1.061,-0.244,-0.015,-0.173,-0.316,0.998,0.664,6.962,-0.145,0.074,-0.301,0.823,-0.924,2.863,0.26,btn_A
1780980485.6600304,-0.846,-0.161,0.528,-1.176,1.542,-0.588,-0.71,-0.311,0.56,-6.824,0.756,-0.45,-0.344,-0.396,0.864,-0.221,0.107,0.71,-0.173,-0.316,1.002,0.71,7.084,-0.901,0.079,-0.298,0.821,-0.664,2.382,0.015,btn_A
1780980485.7633488,-0.854,-0.161,0.521,-1.0,1.168,-0.687,-0.708,-0.313,0.567,-6.466,0.527,-1.046,-0.347,-0.399,0.87,-0.099,-0.74,-0.267,-0.171,-0.317,0.997,0.634,6.802,0.282,0.076,-0.298,0.827,-0.336,2.366,-0.122,btn_A
1780980485.8809445,-0.855,-0.164,0.526,-0.931,2.298,0.0,-0.706,-0.313,0.558,-6.313,0.962,-0.794,-0.347,-0.401,0.869,-0.206,0.168,0.015,-0.171,-0.32,0.996,0.71,6.763,-0.321,0.079,-0.294,0.825,-0.115,2.191,-0.107,btn_A
1780980485.9807231,-0.852,-0.161,0.521,-1.046,1.359,-1.511,-0.706,-0.315,0.572,-6.511,0.863,-0.076,-0.346,-0.397,0.866,-0.519,1.084,0.756,-0.176,-0.322,0.998,0.802,7.71,0.191,0.076,-0.297,0.819,-0.244,3.412,0.405,btn_A
1780980486.0797803,-0.853,-0.163,0.517,-0.924,1.84,-0.084,-0.709,-0.313,0.564,-6.786,0.84,0.015,-0.347,-0.4,0.874,-0.603,1.015,0.885,-0.173,-0.324,1.001,0.748,7.947,-0.252,0.076,-0.299,0.83,-0.206,2.374,0.191,btn_A
1780980486.175482,-0.852,-0.162,0.524,-0.656,1.656,-1.084,-0.711,-0.316,0.566,-6.42,1.252,-0.427,-0.35,-0.401,0.871,-0.26,-0.641,-0.206,-0.176,-0.321,0.998,0.626,6.817,-1.0,0.083,-0.302,0.832,-0.74,2.382,-0.069,btn_A
1780980486.2784722,-0.849,-0.16,0.521,-1.092,2.405,-0.679,-0.713,-0.312,0.562,-6.802,0.817,-0.786,-0.347,-0.402,0.874,-0.382,-0.046,-0.313,-0.178,-0.32,0.993,1.053,6.992,0.053,0.076,-0.295,0.825,-0.626,2.397,0.115,btn_A
1780980486.381496,-0.854,-0.161,0.517,-0.702,1.435,-0.962,-0.71,-0.313,0.558,-6.626,0.412,-0.565,-0.351,-0.399,0.868,-0.336,0.26,-0.046,-0.172,-0.327,0.988,1.366,6.748,-0.809,0.084,-0.297,0.82,-0.679,1.588,0.015,btn_A
1780980486.4972172,-0.851,-0.16,0.523,-1.26,1.328,-0.611,-0.712,-0.313,0.558,-6.397,0.87,-0.504,-0.35,-0.399,0.863,-0.366,0.29,0.718,-0.183,-0.322,0.993,1.168,6.916,-0.084,0.08,-0.297,0.826,-0.145,2.809,-0.13,btn_A
1780980486.5993583,-0.855,-0.164,0.517,-1.13,1.611,-1.053,-0.711,-0.314,0.556,-6.74,0.878,-0.534,-0.35,-0.401,0.867,-0.565,-0.58,-0.008,-0.179,-0.326,0.996,0.924,7.008,-0.618,0.071,-0.299,0.826,-0.901,1.687,-0.084,btn_A
1780980486.6902306,-0.852,-0.162,0.52,-1.244,1.092,-1.229,-0.712,-0.313,0.553,-6.45,0.328,-0.267,-0.35,-0.402,0.872,-0.153,-0.237,-0.221,-0.177,-0.325,0.996,1.046,7.214,-0.374,0.076,-0.3,0.826,-0.595,3.695,-0.206,btn_A
1780980489.8833764,-0.85,-0.16,0.522,-1.038,0.985,-1.153,-0.715,-0.311,0.562,-6.26,0.794,0.038,-0.35,-0.403,0.865,-0.282,-0.893,0.527,-0.178,-0.33,0.99,1.336,7.214,-0.718,0.079,-0.299,0.834,-0.74,2.924,-0.076,btn_A
1780980489.9869583,-0.855,-0.162,0.521,-1.137,1.351,-0.466,-0.715,-0.314,0.557,-6.412,0.382,-0.786,-0.354,-0.401,0.868,-0.221,-0.023,0.26,-0.183,-0.326,0.991,1.305,6.817,-0.595,0.077,-0.299,0.826,-0.489,1.496,0.206,btn_A
1780980490.089594,-0.857,-0.159,0.518,-0.534,0.481,-0.397,-0.717,-0.311,0.552,-5.855,0.298,-0.519,-0.35,-0.398,0.867,-0.435,-0.206,-0.191,-0.177,-0.328,0.995,1.244,6.389,-0.55,0.082,-0.302,0.831,-1.069,1.695,0.145,btn_A
1780980490.192653,-0.856,-0.162,0.512,-0.878,0.977,-1.412,-0.714,-0.314,0.559,-6.076,0.458,-0.168,-0.349,-0.399,0.865,-0.473,-0.435,0.046,-0.179,-0.326,0.995,0.954,6.809,-0.855,0.08,-0.297,0.824,-0.183,2.656,-0.16,btn_A
1780980490.295615,-0.852,-0.162,0.52,-1.084,2.084,-0.282,-0.713,-0.315,0.552,-6.282,0.565,0.092,-0.353,-0.399,0.861,-0.244,-1.0,0.221,-0.179,-0.33,0.989,1.397,6.771,-0.466,0.077,-0.296,0.828,-0.435,2.221,-0.252,btn_A
1780980490.3986578,-0.85,-0.161,0.512,-0.855,2.282,-0.794,-0.718,-0.315,0.557,-6.275,0.916,-0.542,-0.357,-0.406,0.858,-0.122,0.115,0.389,-0.179,-0.332,0.985,1.679,6.496,-0.275,0.075,-0.301,0.832,-0.802,0.573,0.244,btn_A
1780980490.510113,-0.848,-0.153,0.543,-3.733,38.962,10.305,-0.669,-0.282,0.43,-20.344,35.344,8.038,-0.709,-0.441,0.768,13.786,42.092,-26.328,0.274,0.146,0.257,119.107,26.099,-26.702,0.046,-0.259,0.825,2.473,4.153,3.931,btn_A
1780980490.6120608,-0.867,-0.176,0.513,-1.588,0.511,0.229,-0.777,-0.332,0.522,-3.542,-7.351,2.344,-0.4,-0.395,0.865,4.031,1.473,5.924,-0.259,0.197,0.906,38.855,4.557,-4.756,0.054,-0.29,0.83,5.603,1.824,-4.237,btn_A
1780980490.7076182,-0.865,-0.137,0.495,0.237,0.656,-0.588,-0.75,-0.283,0.496,-5.191,1.863,-1.008,-0.396,-0.389,0.844,3.901,8.748,6.664,-0.119,0.258,0.9,34.504,10.977,-19.824,0.069,-0.263,0.824,0.893,1.137,0.832,btn_A
1780980490.8107383,-0.852,-0.157,0.527,-0.763,3.382,-0.107,-0.728,-0.288,0.542,-6.412,3.168,0.321,-0.428,-0.381,0.813,3.557,11.489,4.664,-0.268,0.289,0.847,1.107,8.443,-10.229,0.027,-0.259,0.822,-3.305,3.183,-1.702,btn_A
1780980490.913528,-0.853,-0.153,0.512,-1.473,3.191,-0.084,-0.749,-0.305,0.521,-5.565,6.282,0.992,-0.424,-0.363,0.838,-0.702,0.87,-0.557,-0.214,0.265,0.982,-4.756,4.336,-1.611,0.061,-0.272,0.839,-4.0,-0.55,-1.115,btn_A
1780980491.0303454,-0.858,-0.151,0.512,-0.611,0.656,-0.87,-0.748,-0.298,0.525,-6.908,-0.351,-1.145,-0.426,-0.371,0.843,-1.084,-2.214,-1.71,-0.141,0.192,1.175,-7.695,3.534,2.038,0.057,-0.272,0.838,-2.107,-2.237,-0.527,btn_A
1780980491.1301,-0.853,-0.152,0.506,-0.809,1.458,-1.366,-0.749,-0.297,0.518,-6.397,-1.863,-1.634,-0.412,-0.382,0.855,-1.771,-2.817,-0.901,-0.144,0.242,1.06,7.198,7.649,-1.634,0.066,-0.274,0.836,-1.763,3.725,-0.435,btn_A
1780980491.2310853,-0.854,-0.149,0.516,-1.275,3.313,0.16,-0.752,-0.298,0.511,-7.053,-0.252,0.038,-0.43,-0.376,0.845,-1.611,-0.672,-0.557,-0.189,0.265,0.967,1.977,6.412,-2.0,0.054,-0.271,0.823,-1.733,4.313,-0.634,btn_A
1780980491.326509,-0.854,-0.15,0.507,-0.809,0.962,-1.641,-0.745,-0.302,0.521,-6.504,-3.214,-0.412,-0.417,-0.38,0.842,-1.076,-3.924,-1.832,-0.115,0.167,1.248,6.756,6.008,-2.183,0.057,-0.279,0.856,-2.557,0.244,-0.244,btn_A
1780980491.4288082,-0.858,-0.157,0.512,0.053,0.069,-0.137,-0.743,-0.306,0.525,-5.962,-1.366,-0.74,-0.414,-0.374,0.843,-0.351,-2.412,-1.443,-0.197,0.255,0.954,-12.092,2.336,-1.252,0.059,-0.273,0.829,-3.252,0.832,-0.374,btn_A
1780980491.5319002,-0.856,-0.151,0.511,-0.893,-2.374,-4.282,-0.715,-0.276,0.46,-11.58,-54.435,-6.992,-0.396,-0.417,0.859,2.344,-120.473,-27.779,-0.53,-1.115,1.924,-250.137,-35.718,-32.817,0.143,-0.327,0.846,-33.244,2.13,-8.107,btn_A
1780980491.6456597,-0.848,-0.165,0.537,-2.885,-4.985,-3.16,-0.69,-0.318,0.604,-5.168,-2.473,-0.924,-0.323,-0.387,0.897,0.641,-10.282,-0.26,-0.152,-0.271,1.02,-1.397,13.969,-0.847,0.062,-0.317,0.828,25.397,-15.313,4.038,btn_A
1780980491.73739,-0.851,-0.162,0.517,-1.168,4.427,0.176,-0.711,-0.308,0.559,-7.046,2.573,0.206,-0.336,-0.395,0.877,-0.168,2.092,-0.206,-0.153,-0.28,1.021,-2.702,4.687,-0.29,0.071,-0.303,0.826,-6.885,4.664,-0.412,btn_A
1780980491.846681,-0.848,-0.159,0.516,-1.038,1.672,-1.084,-0.71,-0.311,0.573,-6.817,1.557,-0.084,-0.331,-0.399,0.881,-0.901,1.695,0.198,-0.148,-0.289,1.01,-1.137,7.489,-0.359,0.072,-0.292,0.828,1.328,0.038,0.809,btn_A
1780980491.9436393,-0.855,-0.159,0.519,-1.084,1.947,-0.55,-0.712,-0.31,0.565,-6.237,1.099,0.198,-0.333,-0.396,0.874,-0.252,-0.817,0.565,-0.147,-0.295,1.014,0.214,5.718,-1.198,0.071,-0.303,0.827,-1.443,2.824,-0.183,btn_A
1780980492.0464828,-0.848,-0.161,0.517,-1.092,1.939,-1.015,-0.713,-0.308,0.564,-6.496,0.87,-0.107,-0.333,-0.399,0.883,-0.573,0.534,0.458,-0.153,-0.296,1.005,0.55,6.733,-0.229,0.075,-0.295,0.821,0.198,2.565,0.382,btn_A
1780980492.1504302,-0.853,-0.159,0.521,-1.183,1.084,-0.557,-0.714,-0.312,0.557,-6.504,0.504,-1.397,-0.333,-0.4,0.875,-1.031,0.763,-0.069,-0.149,-0.3,1.011,0.313,7.458,-0.244,0.081,-0.292,0.828,-1.405,3.695,-0.321,btn_A
1780980492.2576897,-0.849,-0.16,0.514,-0.969,0.74,-1.443,-0.715,-0.309,0.563,-6.229,0.527,-0.511,-0.332,-0.399,0.877,-0.405,0.313,-0.023,-0.151,-0.299,1.008,0.695,7.649,-0.779,0.02,-0.281,0.8,-1.069,5.718,-1.71,btn_A
1780980492.3607519,-0.855,-0.16,0.525,-0.74,1.458,-0.183,-0.711,-0.311,0.562,-6.145,0.84,0.206,-0.33,-0.397,0.873,-0.573,0.092,0.313,-0.146,-0.302,1.007,0.725,7.427,-0.321,0.072,-0.299,0.828,0.191,1.817,0.153,btn_A
1780980492.4636142,-0.851,-0.159,0.52,-0.519,1.107,-0.832,-0.714,-0.317,0.565,-6.565,0.756,-0.313,-0.331,-0.398,0.872,-0.542,0.191,0.458,-0.146,-0.303,1.004,0.221,8.229,-0.771,0.101,-0.284,0.83,-1.74,4.519,-0.878,btn_A
1780980492.562201,-0.857,-0.162,0.521,-1.069,2.145,-1.023,-0.713,-0.315,0.564,-6.611,0.748,-0.924,-0.335,-0.401,0.871,-0.359,0.763,-0.137,-0.153,-0.3,1.008,1.412,7.969,0.328,0.068,-0.293,0.832,-0.931,1.458,-0.015,btn_A
1780980492.664709,-0.847,-0.162,0.52,-1.237,1.26,-1.351,-0.715,-0.31,0.567,-6.71,0.817,-0.366,-0.334,-0.402,0.878,-0.328,-0.924,-0.16,-0.152,-0.302,1.005,1.008,7.443,-0.695,0.072,-0.299,0.83,-0.389,1.588,-0.092,btn_A
1780980492.7674494,-0.851,-0.159,0.524,-1.153,0.725,-1.229,-0.715,-0.312,0.566,-6.878,0.29,-0.649,-0.331,-0.398,0.879,-0.237,-0.611,0.267,-0.152,-0.297,1.006,1.115,8.107,-0.069,0.07,-0.298,0.829,-0.321,2.198,0.076,btn_A
1780980495.9611182,-0.859,-0.158,0.513,-0.672,1.634,-0.855,-0.716,-0.312,0.562,-6.359,0.359,-0.573,-0.331,-0.4,0.867,-0.351,-0.527,0.427,-0.152,-0.305,1.01,0.16,7.458,-0.176,0.079,-0.297,0.822,-0.191,1.786,-0.107,btn_A
1780980496.0635247,-0.851,-0.164,0.519,-0.481,1.435,-0.977,-0.718,-0.311,0.562,-6.206,0.908,-0.176,-0.344,-0.403,0.866,-0.008,-0.023,-0.015,-0.156,-0.307,0.998,1.206,7.412,-0.267,0.074,-0.292,0.828,-0.87,2.58,-0.252,btn_A
1780980496.181649,-0.852,-0.16,0.518,-1.321,1.504,-0.573,-0.716,-0.313,0.558,-6.313,1.015,-0.252,-0.333,-0.401,0.875,-0.252,0.42,0.031,-0.158,-0.31,0.995,1.489,6.42,-0.405,0.076,-0.299,0.825,-0.145,1.0,0.366,btn_A
1780980496.279445,-0.856,-0.161,0.514,-0.725,1.527,-0.809,-0.714,-0.314,0.559,-6.496,0.87,-0.244,-0.342,-0.402,0.875,-0.45,0.214,0.595,-0.152,-0.312,1.011,1.771,6.733,-0.748,0.072,-0.291,0.816,-0.305,1.153,0.542,btn_A
1780980496.3727732,-0.856,-0.161,0.516,-0.87,0.992,-0.298,-0.714,-0.313,0.556,-6.382,0.481,-0.519,-0.337,-0.398,0.876,-0.389,-0.099,0.145,-0.157,-0.308,1.002,1.382,6.58,-0.481,0.077,-0.296,0.824,-0.687,1.924,-0.122,btn_A
1780980496.475946,-0.856,-0.162,0.522,-1.313,0.985,-1.092,-0.715,-0.312,0.566,-6.252,0.198,-0.985,-0.34,-0.406,0.875,-0.023,-0.221,0.168,-0.16,-0.31,1.006,1.466,6.786,-0.519,0.074,-0.298,0.83,-0.763,2.748,0.008,btn_A
1780980496.5828779,-0.855,-0.16,0.51,-0.863,1.397,-0.336,-0.72,-0.312,0.556,-6.015,0.542,-0.13,-0.335,-0.403,0.872,-0.336,-0.092,-0.206,-0.153,-0.31,1.008,1.527,6.504,-0.58,0.076,-0.298,0.825,-0.275,1.878,0.107,btn_A
1780980496.6941552,-0.847,-0.167,0.521,2.237,-8.237,-1.435,-0.742,-0.381,0.782,-9.031,12.122,2.679,-0.227,-0.327,1.188,-5.786,-2.901,-1.809,-0.627,-0.643,0.64,250.13,1.977,164.359,0.067,-0.276,0.808,19.519,21.015,2.359,btn_A
1780980496.796722,-0.853,-0.155,0.52,1.153,0.779,0.588,-0.723,-0.333,0.567,-0.221,8.076,1.977,-0.441,-0.35,0.813,0.298,0.916,9.389,-0.22,0.217,1.06,61.664,11.565,-8.634,0.07,-0.281,0.84,3.313,1.985,2.115,btn_A
1780980496.896021,-0.851,-0.15,0.512,0.221,-1.405,-1.771,-0.737,-0.293,0.533,-4.046,0.427,-0.771,-0.401,-0.373,0.862,-1.366,-0.863,-0.008,-0.091,0.28,1.113,17.046,8.122,-4.824,0.047,-0.282,0.849,0.458,-2.099,0.641,btn_A
1780980496.995868,-0.843,-0.157,0.522,0.168,-2.458,-2.481,-0.735,-0.302,0.549,-4.702,1.221,-0.443,-0.416,-0.361,0.848,1.191,2.099,-0.458,-0.197,0.294,1.042,-0.321,8.061,-0.084,0.068,-0.263,0.822,1.504,-2.504,0.687,btn_A
1780980497.0938373,-0.847,-0.156,0.529,-1.176,-0.275,-1.649,-0.735,-0.3,0.534,-6.985,-1.786,-1.489,-0.408,-0.375,0.864,-1.809,-1.137,-0.443,-0.097,0.209,1.226,2.969,4.969,-5.664,0.055,-0.285,0.849,1.183,-1.26,-0.069,btn_A
1780980497.19704,-0.858,-0.159,0.519,-0.679,1.985,-1.282,-0.749,-0.291,0.531,-6.55,-1.328,-1.031,-0.399,-0.374,0.853,-1.0,-1.855,-1.473,-0.116,0.24,1.141,0.321,3.527,-1.183,0.057,-0.278,0.835,-4.435,-0.168,-0.893,btn_A
1780980497.299953,-0.855,-0.157,0.518,-0.481,-0.618,-0.771,-0.735,-0.301,0.534,-6.611,-4.252,-0.954,-0.41,-0.37,0.851,-0.557,-5.71,-3.45,-0.138,0.352,0.701,-28.786,-4.687,-5.008,0.064,-0.269,0.823,0.359,1.282,0.153,btn_A
1780980497.4106987,-0.836,-0.171,0.538,-1.809,-4.573,-4.824,-0.742,-0.292,0.435,-14.641,-72.87,-5.725,-0.391,-0.405,0.806,12.229,-79.221,-24.374,-0.122,-1.167,1.866,-250.137,-0.282,-63.565,0.013,-0.297,0.831,-37.443,6.359,-11.901,btn_A
1780980497.5107822,-0.842,-0.169,0.529,-0.527,1.038,-2.847,-0.696,-0.308,0.602,-5.031,4.649,-0.672,-0.312,-0.392,0.894,-2.908,-6.038,-0.519,-0.147,-0.27,1.017,-1.053,10.206,-0.885,0.077,-0.318,0.842,28.84,-16.962,3.916,btn_A
1780980497.6090617,-0.849,-0.161,0.532,-1.221,4.282,-0.481,-0.703,-0.31,0.577,-6.985,3.534,-0.42,-0.323,-0.393,0.886,-0.71,0.855,0.275,-0.156,-0.27,1.014,-0.656,5.588,-0.718,0.079,-0.303,0.832,-6.794,6.489,-1.13,btn_A
1780980497.7117558,-0.846,-0.166,0.527,-0.901,1.809,-0.756,-0.71,-0.312,0.576,-6.206,1.473,-0.229,-0.325,-0.393,0.88,-1.031,1.443,0.351,-0.146,-0.279,1.01,-0.855,7.313,-0.496,0.069,-0.299,0.825,1.443,0.061,0.534,btn_A
1780980497.8150232,-0.844,-0.161,0.527,-0.718,2.053,-0.061,-0.708,-0.307,0.58,-6.702,1.74,0.282,-0.322,-0.398,0.885,-1.55,3.489,0.527,-0.165,-0.285,1.01,-1.985,8.916,-0.366,0.067,-0.302,0.821,0.008,2.626,0.122,btn_A
1780980497.9307573,-0.848,-0.159,0.527,-1.13,1.412,-1.382,-0.706,-0.312,0.577,-6.618,0.847,-0.71,-0.327,-0.396,0.876,-0.847,0.985,0.511,-0.153,-0.289,1.017,-0.954,7.779,-0.069,0.074,-0.307,0.825,0.092,1.267,0.397,btn_A
1780980498.0284731,-0.854,-0.154,0.522,-1.092,1.939,-0.832,-0.704,-0.309,0.569,-6.466,1.328,-0.84,-0.329,-0.396,0.88,-0.573,-0.069,0.229,-0.153,-0.29,1.013,-0.015,7.015,-0.656,0.078,-0.306,0.826,-0.359,2.13,0.252,btn_A
1780980498.1240203,-0.848,-0.159,0.524,-0.527,2.015,-0.611,-0.705,-0.309,0.575,-6.336,1.008,-0.458,-0.331,-0.401,0.872,-0.221,0.023,0.489,-0.151,-0.293,1.009,1.244,6.565,-0.122,0.071,-0.296,0.826,-0.802,2.847,-0.015,btn_A
1780980498.2268696,-0.849,-0.16,0.524,-1.42,1.916,-0.84,-0.708,-0.311,0.569,-6.168,1.313,-0.298,-0.324,-0.397,0.879,-1.038,1.092,-0.405,-0.152,-0.313,1.015,0.237,6.725,-0.939,0.08,-0.309,0.821,-0.351,2.55,0.45,btn_A
1780980498.330017,-0.854,-0.16,0.52,-1.046,1.458,-1.015,-0.713,-0.309,0.567,-6.565,0.947,-0.145,-0.312,-0.402,0.864,-0.382,0.038,0.221,-0.176,-0.292,1.014,1.588,7.634,-0.901,0.08,-0.302,0.818,-0.336,1.763,-0.153,btn_A
1780980498.4450963,-0.848,-0.162,0.523,-0.557,1.305,-0.145,-0.71,-0.313,0.567,-6.29,0.58,0.115,-0.332,-0.397,0.881,-0.13,-0.573,0.588,-0.149,-0.297,1.002,0.916,7.359,-0.435,0.079,-0.292,0.829,-0.015,2.725,0.008,btn_A
1780980498.5438848,-0.852,-0.16,0.522,-1.015,0.473,-0.779,-0.711,-0.311,0.577,-6.672,0.229,-0.305,-0.331,-0.392,0.874,-0.481,-0.458,0.244,-0.153,-0.294,1.009,0.824,7.336,-0.55,0.069,-0.304,0.823,0.0,4.145,0.122,btn_A
1780980498.6448836,-0.851,-0.161,0.523,-0.595,1.145,-0.992,-0.709,-0.311,0.572,-6.122,0.359,-0.863,-0.332,-0.395,0.882,-0.122,-0.122,-0.626,-0.152,-0.293,1.015,1.191,6.29,-0.29,0.077,-0.291,0.827,-0.183,2.366,0.046,btn_A
1780980498.7429757,-0.851,-0.159,0.521,-0.947,2.031,-0.656,-0.706,-0.311,0.57,-6.359,0.298,-0.527,-0.333,-0.4,0.875,-0.573,-0.244,-0.115,-0.151,-0.296,1.012,1.046,6.679,-0.221,0.077,-0.296,0.827,-0.603,1.145,0.053,btn_A
1780980498.845002,-0.854,-0.163,0.515,-1.038,2.275,-0.786,-0.713,-0.316,0.564,-6.687,1.076,0.611,-0.334,-0.403,0.889,-0.046,0.015,0.84,-0.153,-0.297,1.008,1.275,6.58,-1.076,0.077,-0.301,0.824,-0.74,1.496,0.084,btn_A
1780980502.1452165,-0.85,-0.162,0.523,-0.893,1.809,-0.26,-0.711,-0.31,0.564,-6.031,0.939,-0.092,-0.34,-0.398,0.871,-0.443,0.122,0.519,-0.149,-0.306,0.999,1.061,6.023,-1.115,0.074,-0.296,0.819,-1.26,1.305,-0.023,btn_A
1780980502.2465382,-0.851,-0.16,0.523,-0.817,2.214,-0.786,-0.713,-0.31,0.57,-6.214,0.962,0.229,-0.336,-0.4,0.88,-0.504,0.656,-0.046,-0.149,-0.31,1.006,1.069,6.809,0.305,0.077,-0.301,0.818,-0.763,2.16,0.0,btn_A
1780980502.348245,-0.849,-0.164,0.528,-0.977,1.962,-0.794,-0.709,-0.308,0.56,-6.206,0.809,-0.985,-0.333,-0.398,0.873,-0.832,0.74,-0.313,-0.148,-0.308,1.0,1.069,7.71,-0.687,0.07,-0.291,0.828,-0.344,2.237,0.176,btn_A
1780980502.4501545,-0.848,-0.16,0.522,-0.893,1.847,-0.863,-0.714,-0.309,0.566,-7.084,1.496,-1.145,-0.336,-0.397,0.877,-0.664,0.382,0.366,-0.167,-0.3,1.042,-0.298,7.611,-0.443,0.085,-0.299,0.818,0.053,2.58,-0.298,btn_A
1780980502.5571086,-0.852,-0.158,0.519,-0.924,0.618,-1.298,-0.717,-0.315,0.563,-6.573,0.405,-0.374,-0.334,-0.41,0.878,-0.053,-1.229,0.328,-0.147,-0.302,1.008,1.382,6.603,-0.511,0.077,-0.303,0.832,-1.099,2.924,-0.458,btn_A
1780980502.6564846,-0.844,-0.162,0.52,-1.061,1.328,-0.282,-0.71,-0.308,0.564,-6.481,0.794,-0.626,-0.332,-0.399,0.868,-0.069,0.687,-0.237,-0.154,-0.316,0.998,1.87,7.244,-0.412,0.073,-0.3,0.821,-0.969,2.863,-0.221,btn_A
1780980502.7616498,-0.849,-0.165,0.52,-0.977,0.84,-1.328,-0.711,-0.31,0.568,-6.313,0.351,-0.519,-0.337,-0.395,0.869,0.412,-0.855,-0.122,-0.148,-0.311,1.009,1.832,5.099,-0.321,0.076,-0.306,0.828,-0.26,4.969,-0.58,btn_A
1780980502.8623595,-0.825,-0.166,0.556,0.069,5.412,2.71,-0.741,-0.323,0.546,-4.718,23.802,2.71,-0.314,-0.373,0.926,22.496,36.664,5.313,0.323,0.07,0.118,250.13,-27.305,73.191,0.053,-0.227,0.803,23.954,22.328,3.214,btn_A
1780980502.9782188,-0.853,-0.15,0.51,-0.527,2.763,0.603,-0.749,-0.286,0.572,-5.992,12.771,0.023,-0.488,-0.352,0.779,2.061,11.924,12.122,-0.255,0.291,0.805,49.87,20.603,-4.282,0.073,-0.268,0.819,0.084,3.122,1.557,btn_A
1780980503.077478,-0.854,-0.16,0.52,-1.061,0.16,-1.191,-0.73,-0.295,0.554,-5.229,7.87,-0.733,-0.393,-0.369,0.85,3.58,14.878,6.611,-0.173,0.278,1.076,27.855,4.489,-21.885,-0.002,-0.243,0.808,3.931,-5.939,0.076,btn_A
1780980503.1767397,-0.848,-0.154,0.528,-1.313,1.16,-1.595,-0.732,-0.299,0.543,-6.275,7.26,0.992,-0.407,-0.365,0.841,2.931,11.382,3.389,-0.216,0.294,1.005,6.878,11.885,-5.687,0.062,-0.258,0.811,-0.481,0.244,-0.122,btn_A
1780980503.2742655,-0.854,-0.154,0.52,-0.733,1.71,-0.985,-0.74,-0.299,0.542,-6.679,0.58,0.321,-0.405,-0.374,0.856,1.168,3.275,2.504,-0.192,0.307,0.94,5.16,9.672,-4.443,0.063,-0.267,0.83,2.687,2.107,0.092,btn_A
1780980503.379854,-0.849,-0.156,0.533,-0.656,0.26,-0.672,-0.74,-0.295,0.526,-6.015,4.137,0.015,-0.419,-0.366,0.845,-1.634,0.229,0.176,-0.197,0.301,0.947,-3.939,5.13,-0.756,0.068,-0.273,0.839,-3.504,2.252,-0.557,btn_A
1780980503.4837387,-0.85,-0.147,0.525,-0.626,-0.947,-3.069,-0.744,-0.307,0.533,-7.939,-24.992,-3.481,-0.44,-0.405,0.806,-5.519,-28.588,-11.824,-0.02,0.33,-0.138,-207.382,-2.931,-33.069,0.066,-0.265,0.818,-9.015,-4.298,-2.336,btn_A
1780980503.5827682,-0.88,-0.23,0.537,-8.191,-14.679,-8.084,-0.835,-0.255,0.608,-14.863,-27.603,1.069,-0.224,-0.335,0.965,36.344,17.397,4.237,-0.213,-0.296,1.146,-18.725,18.038,1.519,0.083,-0.23,0.765,6.328,-6.214,0.351,btn_A
1780980503.6930585,-0.845,-0.161,0.537,-0.977,4.71,0.023,-0.698,-0.307,0.585,-7.023,1.351,0.282,-0.326,-0.391,0.877,0.237,-3.634,0.374,-0.155,-0.277,1.013,-0.649,-0.237,-0.58,0.062,-0.315,0.824,-5.42,2.611,-0.824,btn_A
1780980503.789232,-0.847,-0.161,0.535,-1.267,1.534,-0.748,-0.698,-0.31,0.592,-6.969,1.84,-0.153,-0.322,-0.395,0.892,-1.588,5.366,1.366,-0.152,-0.284,1.003,-1.565,8.977,-0.29,0.082,-0.295,0.817,-1.519,2.389,-0.153,btn_A
1780980503.8924005,-0.846,-0.164,0.535,-0.641,0.366,-1.977,-0.697,-0.308,0.58,-6.267,0.855,-0.466,-0.324,-0.394,0.892,-0.939,0.954,-0.389,-0.148,-0.284,1.02,-1.885,5.481,-0.992,0.084,-0.299,0.828,0.336,3.618,-0.122,btn_A
1780980503.9961092,-0.844,-0.16,0.534,-0.542,-0.489,-0.534,-0.697,-0.307,0.577,-4.374,-2.649,0.092,-0.322,-0.395,0.888,1.611,-1.901,0.16,-0.156,-0.281,1.016,-0.053,5.542,-1.374,0.087,-0.306,0.833,-2.191,2.84,-0.382,btn_A
1780980504.1098733,-0.839,-0.163,0.544,-1.145,1.679,-0.664,-0.695,-0.31,0.585,-6.603,0.641,-1.092,-0.321,-0.388,0.882,-0.702,1.366,0.786,-0.154,-0.293,1.007,0.0,8.145,-0.954,0.079,-0.3,0.826,0.427,1.267,0.328,btn_A
1780980504.214937,-0.844,-0.163,0.532,-1.053,1.443,-1.053,-0.703,-0.31,0.583,-6.137,1.122,-0.679,-0.325,-0.393,0.884,-0.718,0.641,0.298,-0.146,-0.294,1.016,0.58,7.298,-0.313,0.079,-0.313,0.817,-0.733,3.191,0.214,btn_A
1780980504.3043947,-0.842,-0.158,0.54,-0.656,1.977,-0.71,-0.697,-0.308,0.59,-6.565,1.282,-0.122,-0.32,-0.397,0.886,-0.542,0.756,0.198,-0.147,-0.296,1.009,0.763,7.336,-0.305,0.084,-0.3,0.83,-0.489,2.198,0.008,btn_A
1780980504.407372,-0.843,-0.161,0.535,-0.824,1.427,-1.298,-0.692,-0.305,0.589,-6.634,1.344,-0.168,-0.321,-0.396,0.886,-0.382,0.137,0.099,-0.149,-0.295,1.003,1.183,8.427,0.137,0.082,-0.304,0.821,-0.687,3.45,0.076,btn_A
1780980504.5102885,-0.845,-0.165,0.54,-1.397,1.977,-1.084,-0.7,-0.307,0.585,-6.679,1.13,-1.015,-0.325,-0.394,0.88,-0.344,-0.168,-0.076,-0.145,-0.3,1.009,1.122,7.244,-0.183,0.084,-0.305,0.825,-0.16,2.733,0.023,btn_A
1780980504.6131392,-0.841,-0.165,0.529,-0.771,1.038,-1.45,-0.697,-0.308,0.585,-6.557,0.542,-0.802,-0.326,-0.396,0.884,-0.504,0.183,0.305,-0.152,-0.295,1.005,0.992,7.656,-0.626,0.081,-0.303,0.824,-0.786,3.58,-0.351,btn_A
1780980504.716047,-0.842,-0.162,0.538,-0.275,1.71,0.473,-0.699,-0.305,0.584,-6.45,0.603,-0.412,-0.325,-0.393,0.884,-0.649,0.328,0.511,-0.156,-0.302,1.004,1.0,6.725,-0.641,0.071,-0.298,0.833,-1.916,5.084,-1.099,btn_A
1780980504.819319,-0.846,-0.161,0.541,-1.397,1.412,-0.733,-0.695,-0.305,0.592,-6.214,0.733,-0.229,-0.33,-0.396,0.881,-0.092,0.115,0.252,-0.155,-0.299,1.009,1.122,7.313,-0.656,0.075,-0.302,0.816,-0.053,1.687,0.267,btn_A
1780980504.9317064,-0.842,-0.165,0.539,-1.084,1.626,-0.756,-0.697,-0.307,0.588,-6.405,0.481,-0.435,-0.327,-0.39,0.884,-0.13,-0.168,0.023,-0.153,-0.296,1.006,1.504,6.916,-0.74,0.077,-0.301,0.824,-0.344,1.443,0.053,btn_A
1780980505.0253444,-0.847,-0.161,0.536,-0.618,1.397,-0.626,-0.701,-0.307,0.587,-6.45,0.756,0.092,-0.33,-0.393,0.884,-0.573,-0.42,-0.344,-0.151,-0.297,1.008,0.824,6.809,-0.053,0.081,-0.297,0.822,0.076,2.214,0.237,btn_A
1780980508.3268766,-0.844,-0.16,0.529,-1.198,1.374,-1.504,-0.706,-0.309,0.583,-6.321,0.939,-0.153,-0.332,-0.398,0.875,-0.336,0.412,0.023,-0.158,-0.309,1.004,1.275,6.603,-0.473,0.083,-0.301,0.825,-0.695,2.023,-0.069,btn_A
1780980508.4274993,-0.85,-0.16,0.527,-0.435,0.802,-0.389,-0.703,-0.31,0.579,-6.176,0.366,-0.634,-0.333,-0.396,0.877,0.031,-0.489,-0.191,-0.162,-0.303,1.0,1.588,7.351,-0.496,0.077,-0.301,0.83,-0.695,1.817,0.099,btn_A
1780980508.5275671,-0.845,-0.156,0.524,-0.718,1.725,-0.985,-0.706,-0.31,0.577,-6.321,0.275,-0.466,-0.333,-0.396,0.88,0.038,-0.305,0.13,-0.161,-0.305,1.003,1.16,6.916,-0.809,0.082,-0.303,0.825,-0.366,1.908,0.069,btn_A
1780980508.6338966,-0.845,-0.166,0.53,-1.382,1.84,-0.771,-0.707,-0.307,0.576,-6.42,0.87,-0.13,-0.332,-0.399,0.867,-0.359,0.298,0.473,-0.156,-0.306,1.012,1.603,6.924,-0.206,0.082,-0.301,0.828,-1.183,1.74,-0.053,btn_A
1780980508.7454097,-0.845,-0.162,0.531,-0.87,1.29,-1.221,-0.705,-0.312,0.574,-6.183,0.473,0.092,-0.332,-0.4,0.875,-0.26,0.489,0.252,-0.158,-0.309,1.001,1.718,6.969,-0.763,0.078,-0.295,0.821,-0.679,2.809,0.13,btn_A
1780980508.8453052,-0.844,-0.163,0.533,-0.511,0.786,-0.206,-0.703,-0.309,0.576,-6.206,0.115,0.076,-0.323,-0.4,0.884,-0.053,-0.504,0.176,-0.152,-0.305,1.029,-0.191,4.802,0.832,0.068,-0.292,0.838,1.947,6.107,-0.374,btn_A
1780980508.939484,-0.841,-0.153,0.523,2.87,5.611,2.756,-0.711,-0.271,0.495,-4.992,22.656,2.244,-0.285,-0.414,0.952,15.794,18.145,16.389,-0.299,0.205,0.296,193.74,-7.901,-10.893,0.025,-0.264,0.878,-17.794,36.351,-1.0,btn_A
1780980509.0424776,-0.844,-0.156,0.538,-0.122,4.618,0.878,-0.742,-0.294,0.524,-3.405,8.687,0.557,-0.387,-0.362,0.868,1.832,13.443,6.733,-0.281,0.358,0.833,20.763,16.168,-3.641,0.052,-0.265,0.806,4.702,-4.115,0.733,btn_A
1780980509.1570947,-0.846,-0.152,0.529,-0.366,2.267,-0.641,-0.741,-0.298,0.543,-6.214,-3.45,-1.267,-0.388,-0.385,0.889,-2.237,0.733,2.695,-0.146,0.342,0.892,11.893,9.588,-11.802,0.095,-0.274,0.826,4.496,7.824,0.076,btn_A
1780980509.2604604,-0.845,-0.155,0.519,0.26,6.786,0.641,-0.749,-0.295,0.525,-6.275,1.351,-1.305,-0.425,-0.354,0.841,-1.748,-9.092,-1.489,-0.193,0.3,1.068,-13.321,-5.214,-4.496,0.059,-0.258,0.826,-13.069,0.542,-0.977,btn_A
1780980509.3569481,-0.852,-0.155,0.517,-0.504,-2.107,-3.008,-0.736,-0.286,0.518,-8.847,-33.718,-5.267,-0.414,-0.369,0.858,-10.137,-37.809,-16.947,-0.101,0.444,0.072,-236.969,-10.13,-16.221,0.07,-0.282,0.848,-14.137,-11.511,-3.756,btn_A
1780980509.4579675,-0.856,-0.129,0.577,-9.015,-21.038,-10.847,-0.667,-0.225,0.501,-13.389,-27.229,7.26,-0.292,-0.373,0.928,47.053,14.382,5.977,0.163,-0.285,0.941,-11.153,0.374,3.672,0.092,-0.219,0.769,18.076,-14.397,1.718,btn_A
1780980509.5574107,-0.836,-0.167,0.546,-0.481,3.389,1.26,-0.698,-0.305,0.593,-6.443,0.0,-0.863,-0.316,-0.389,0.89,-0.252,-2.023,0.42,-0.17,-0.272,1.013,-0.847,0.939,-0.878,0.082,-0.314,0.828,-9.153,6.786,-1.061,btn_A
1780980509.6604962,-0.837,-0.167,0.547,-1.122,0.725,-1.076,-0.692,-0.302,0.588,-6.038,0.939,-0.405,-0.31,-0.394,0.889,-0.473,0.878,0.405,-0.165,-0.275,1.013,-0.191,8.137,-0.244,0.082,-0.307,0.817,0.031,1.893,0.328,btn_A
1780980509.7772744,-0.841,-0.163,0.539,-0.977,1.656,-0.626,-0.692,-0.301,0.596,-6.221,1.084,0.176,-0.314,-0.392,0.891,-0.214,-0.26,-0.076,-0.164,-0.274,1.018,0.763,6.672,-0.573,0.082,-0.305,0.825,0.573,2.206,-0.061,btn_A
1780980509.8662643,-0.835,-0.161,0.54,-0.802,1.824,-0.901,-0.698,-0.307,0.599,-6.229,1.252,-0.168,-0.321,-0.392,0.893,-0.618,0.496,0.115,-0.165,-0.277,1.014,-0.023,7.42,-0.702,0.082,-0.3,0.821,-0.626,2.618,0.458,btn_A
1780980509.9694428,-0.842,-0.167,0.539,-0.672,0.748,-1.0,-0.697,-0.309,0.591,-6.076,0.244,-0.885,-0.312,-0.389,0.894,-0.29,-0.084,0.107,-0.161,-0.278,0.992,1.267,7.427,-0.603,0.083,-0.301,0.822,0.015,2.656,-0.023,btn_A
1780980510.0809672,-0.839,-0.163,0.533,-1.206,1.183,-0.847,-0.693,-0.307,0.594,-6.237,1.229,-0.305,-0.312,-0.395,0.886,-0.527,0.275,-0.092,-0.169,-0.283,1.02,0.496,6.931,-0.542,0.088,-0.309,0.82,-0.641,3.511,0.611,btn_A
1780980510.1755657,-0.839,-0.164,0.544,-1.191,1.954,-1.069,-0.692,-0.309,0.592,-6.885,1.282,-0.397,-0.317,-0.394,0.885,-0.748,0.885,0.183,-0.168,-0.287,1.012,0.504,7.649,-0.13,0.082,-0.306,0.824,-0.298,2.053,0.191,btn_A
1780980510.2786083,-0.839,-0.166,0.536,-0.863,1.695,0.374,-0.697,-0.302,0.586,-6.588,1.107,-0.718,-0.322,-0.395,0.889,-0.756,0.664,-0.084,-0.164,-0.285,1.016,0.718,6.931,-1.015,0.114,-0.309,0.832,-0.511,2.565,-0.298,btn_A
1780980510.3931644,-0.844,-0.168,0.539,-1.046,1.099,-1.26,-0.695,-0.306,0.594,-6.366,1.191,-0.42,-0.312,-0.398,0.883,-0.359,0.55,0.427,-0.163,-0.282,1.01,1.489,7.397,-0.366,0.085,-0.298,0.817,0.015,2.221,-0.053,btn_A
1780980510.4923549,-0.841,-0.162,0.53,-1.107,1.435,-0.618,-0.696,-0.306,0.592,-6.336,1.115,0.122,-0.32,-0.397,0.886,-0.282,-0.084,-0.145,-0.164,-0.287,1.009,1.053,6.55,-0.504,0.086,-0.3,0.831,0.382,0.863,0.183,btn_A
1780980510.5929425,-0.84,-0.159,0.542,-0.511,1.618,-1.16,-0.696,-0.308,0.588,-6.458,0.802,-0.275,-0.319,-0.387,0.885,-0.145,0.351,-0.237,-0.163,-0.28,1.003,0.84,7.374,0.008,0.081,-0.3,0.824,0.611,2.427,-0.038,btn_A
1780980510.6909108,-0.84,-0.162,0.538,-0.893,1.695,-0.924,-0.696,-0.307,0.59,-6.855,0.695,-0.893,-0.32,-0.392,0.886,-0.809,0.939,0.099,-0.168,-0.286,1.008,0.885,7.214,-0.344,0.077,-0.305,0.821,-0.435,1.305,0.229,btn_A
1780980510.7934353,-0.84,-0.164,0.543,-0.626,1.931,-1.305,-0.698,-0.305,0.585,-6.573,1.084,-0.366,-0.321,-0.397,0.885,-0.069,0.473,0.74,-0.162,-0.287,1.009,0.855,7.267,-0.496,0.079,-0.297,0.821,-0.313,2.298,0.137,btn_A
1780980510.9107692,-0.843,-0.164,0.541,-1.076,1.191,-0.664,-0.698,-0.307,0.583,-6.26,0.702,0.45,-0.318,-0.392,0.886,-0.252,-0.237,0.344,-0.16,-0.29,1.009,1.29,6.947,-0.221,0.073,-0.303,0.821,0.183,2.885,0.374,btn_A
1780980511.0088537,-0.839,-0.163,0.538,-0.901,1.855,-0.267,-0.699,-0.304,0.578,-6.748,1.427,-0.183,-0.318,-0.393,0.88,-0.947,0.557,0.214,-0.162,-0.289,1.01,0.679,7.626,-0.855,0.02,-0.269,0.813,-1.969,10.58,-2.649,btn_A
1780980511.1097257,-0.838,-0.165,0.538,-1.305,1.359,-1.656,-0.701,-0.31,0.586,-6.84,1.298,-0.618,-0.323,-0.396,0.884,-0.832,0.603,-0.313,-0.161,-0.29,1.006,0.885,7.099,-0.313,0.086,-0.302,0.816,0.122,2.786,0.466,btn_A
1780980511.2126896,-0.838,-0.165,0.539,-0.603,1.962,-0.412,-0.694,-0.307,0.593,-6.672,0.496,-0.756,-0.318,-0.397,0.888,-0.214,0.031,0.443,-0.164,-0.288,1.002,1.053,6.962,-0.435,0.08,-0.306,0.825,-0.87,2.359,0.191,btn_A
1780980514.3986936,-0.839,-0.161,0.537,-0.573,1.664,-0.42,-0.7,-0.311,0.587,-6.511,0.985,-0.458,-0.32,-0.396,0.882,-0.397,0.153,0.618,-0.165,-0.293,1.006,1.412,6.893,-0.466,0.081,-0.301,0.825,-0.382,2.611,0.015,btn_A
1780980514.5016592,-0.841,-0.161,0.538,-1.42,1.359,-1.405,-0.703,-0.312,0.586,-6.527,0.389,-0.733,-0.318,-0.399,0.883,-0.565,-0.198,0.496,-0.167,-0.289,1.009,1.122,7.427,-0.336,0.087,-0.292,0.832,0.061,2.557,0.275,btn_A
1780980514.604744,-0.838,-0.163,0.525,-1.092,1.954,-0.344,-0.701,-0.312,0.575,-6.298,0.26,-0.519,-0.325,-0.4,0.882,-0.542,0.16,0.046,-0.163,-0.295,1.014,1.412,6.382,-0.725,0.084,-0.301,0.824,-0.321,2.115,0.069,btn_A
1780980514.7097163,-0.841,-0.162,0.529,-0.412,2.053,-0.519,-0.699,-0.308,0.576,-6.58,0.939,-0.466,-0.32,-0.397,0.88,-0.573,0.626,-0.084,-0.162,-0.296,1.002,1.649,7.298,-0.412,0.08,-0.301,0.829,-0.511,2.412,0.008,btn_A
1780980514.811929,-0.839,-0.165,0.536,-1.115,2.405,-0.885,-0.7,-0.305,0.582,-6.298,0.931,-0.511,-0.325,-0.398,0.881,-0.069,-0.519,0.496,-0.167,-0.296,1.003,1.58,6.947,-0.206,0.081,-0.297,0.825,-0.489,2.382,-0.168,btn_A
1780980514.9277964,-0.84,-0.163,0.534,-1.008,1.038,-0.733,-0.7,-0.311,0.58,-6.305,0.611,0.015,-0.322,-0.397,0.883,0.282,-1.397,0.198,-0.163,-0.293,1.008,1.496,6.389,-0.809,0.094,-0.298,0.825,-0.695,2.084,-0.244,btn_A
1780980515.0273745,-0.848,-0.161,0.533,0.046,-2.031,-0.794,-0.691,-0.319,0.633,-3.733,12.397,1.176,-0.263,-0.393,0.884,-2.45,0.221,4.679,-0.512,-0.966,2.0,250.13,120.473,82.992,0.125,-0.348,0.827,8.504,33.084,-1.916,btn_A
1780980515.1246443,-0.844,-0.153,0.534,-0.084,-4.71,0.008,-0.748,-0.26,0.532,-3.618,12.565,-0.053,-0.334,-0.376,0.914,6.45,20.832,10.489,-0.191,0.236,0.799,80.374,11.649,-9.672,0.053,-0.272,0.823,16.718,-8.374,4.13,btn_A
1780980515.2231755,-0.842,-0.164,0.54,-1.588,0.954,-1.0,-0.729,-0.299,0.552,-6.115,0.687,0.176,-0.378,-0.376,0.866,0.802,4.748,2.771,-0.133,0.272,1.038,18.511,13.137,-4.412,0.055,-0.282,0.831,-0.435,7.321,0.481,btn_A
1780980515.3264947,-0.845,-0.153,0.528,-0.763,0.679,-0.985,-0.73,-0.298,0.546,-5.748,2.87,0.321,-0.393,-0.368,0.861,0.366,5.504,2.427,-0.125,0.25,1.145,15.427,8.794,-5.626,0.05,-0.267,0.833,2.45,-2.466,1.779,btn_A
1780980515.4288735,-0.844,-0.162,0.535,-0.534,0.504,-2.282,-0.732,-0.298,0.555,-6.969,-5.046,-1.26,-0.382,-0.375,0.867,-0.679,-1.45,-0.893,-0.164,0.273,1.034,-6.733,5.924,-1.038,0.05,-0.269,0.84,0.672,4.45,0.504,btn_A
1780980515.5421445,-0.849,-0.159,0.535,-0.542,0.664,-2.221,-0.735,-0.287,0.526,-10.252,-31.397,-4.626,-0.406,-0.351,0.876,-18.756,-33.702,-14.412,-0.145,0.148,0.527,-185.626,-9.656,-6.405,0.029,-0.264,0.822,-16.229,-6.519,-5.557,btn_A
1780980515.6422174,-0.894,-0.121,0.477,-6.756,-6.977,-5.87,-0.702,-0.307,0.584,-7.435,-15.519,-3.336,-0.024,-0.375,1.279,-19.198,-8.802,0.504,-0.596,-0.312,0.683,16.122,47.656,-4.137,0.01,-0.372,0.875,29.366,19.351,3.198,btn_A
1780980515.7425377,-0.838,-0.158,0.547,-0.779,4.725,0.71,-0.697,-0.302,0.58,-6.84,2.74,-0.305,-0.311,-0.394,0.882,-0.939,1.321,0.519,-0.16,-0.271,1.015,-1.328,5.969,-0.603,0.083,-0.302,0.819,-8.496,6.748,-0.947,btn_A
1780980515.8415213,-0.841,-0.163,0.533,-1.046,1.145,-0.893,-0.699,-0.307,0.582,-6.336,0.847,-0.58,-0.313,-0.393,0.886,-0.893,2.053,1.046,-0.169,-0.275,1.021,0.061,7.977,-0.977,0.076,-0.296,0.824,0.695,0.702,-0.008,btn_A
1780980515.9441862,-0.841,-0.164,0.533,-1.084,1.71,-0.779,-0.695,-0.307,0.596,-6.863,1.542,-0.122,-0.314,-0.392,0.885,-1.122,1.519,-0.16,-0.161,-0.272,1.013,-1.748,8.145,-0.519,0.077,-0.31,0.822,-0.695,1.885,0.427,btn_A
1780980516.060892,-0.842,-0.165,0.542,-0.649,1.756,-0.832,-0.698,-0.307,0.586,-6.794,1.099,-0.137,-0.32,-0.392,0.889,-0.534,0.084,-0.542,-0.163,-0.279,1.015,0.275,7.244,-0.305,0.078,-0.299,0.816,0.038,1.817,0.275,btn_A
1780980516.1591825,-0.841,-0.159,0.537,-1.29,2.29,-0.832,-0.698,-0.307,0.584,-6.511,0.924,-0.588,-0.32,-0.396,0.887,-0.672,-0.076,0.237,-0.166,-0.279,1.009,0.023,6.855,-0.832,0.082,-0.314,0.826,-0.191,1.618,0.282,btn_A
1780980516.258381,-0.84,-0.161,0.53,-1.359,1.527,-0.947,-0.698,-0.306,0.578,-6.267,0.534,-1.191,-0.321,-0.394,0.883,-0.603,0.885,0.305,-0.166,-0.281,1.013,0.817,6.45,-0.458,0.079,-0.295,0.818,-0.336,1.618,-0.137,btn_A
1780980516.3558912,-0.842,-0.157,0.535,-0.748,1.237,-1.008,-0.697,-0.304,0.583,-6.237,0.634,-0.038,-0.316,-0.392,0.883,-0.267,0.244,-0.053,-0.158,-0.285,1.016,1.099,6.489,-0.45,0.084,-0.298,0.826,0.137,1.511,0.282,btn_A
1780980516.4589233,-0.843,-0.162,0.537,-0.786,1.588,-0.153,-0.7,-0.309,0.581,-6.244,0.939,0.435,-0.322,-0.396,0.885,-0.092,-0.748,0.0,-0.166,-0.285,1.009,1.0,7.092,-0.672,0.08,-0.303,0.826,-1.099,2.595,-0.122,btn_A
1780980516.577455,-0.842,-0.162,0.537,-1.145,1.725,-1.206,-0.698,-0.308,0.586,-6.29,0.832,0.031,-0.318,-0.397,0.885,-0.42,-0.504,-0.031,-0.164,-0.286,1.014,1.321,6.557,-0.328,0.078,-0.297,0.833,-0.809,2.206,-0.137,btn_A
1780980516.664689,-0.848,-0.161,0.539,-1.115,1.634,-0.29,-0.694,-0.312,0.586,-6.45,0.817,-0.832,-0.315,-0.392,0.885,-0.321,0.794,0.527,-0.17,-0.282,1.009,1.038,7.389,-0.565,0.075,-0.299,0.831,-0.137,1.847,0.382,btn_A
1780980516.7757516,-0.841,-0.16,0.535,-0.817,1.878,-1.015,-0.701,-0.306,0.586,-7.115,1.168,-0.588,-0.317,-0.4,0.884,-0.924,0.718,0.511,-0.163,-0.284,1.007,1.191,8.038,0.015,0.082,-0.3,0.826,-0.573,2.198,0.153,btn_A
1780980516.87103,-0.845,-0.162,0.536,-1.237,2.008,-0.908,-0.699,-0.305,0.583,-6.695,0.542,-0.534,-0.321,-0.396,0.877,-0.573,-0.847,-0.038,-0.167,-0.284,1.005,1.031,6.725,-0.626,0.081,-0.293,0.826,-0.473,1.809,0.107,btn_A
1780980516.9742763,-0.846,-0.164,0.528,-1.137,1.298,-0.779,-0.7,-0.304,0.583,-6.382,0.863,-0.366,-0.318,-0.4,0.884,-0.069,-0.511,0.046,-0.165,-0.289,1.011,1.191,7.153,-0.405,0.08,-0.302,0.828,-0.527,2.954,0.023,btn_A
1780980517.0766387,-0.843,-0.164,0.534,-0.802,1.656,-0.397,-0.702,-0.305,0.579,-6.122,1.069,-0.229,-0.318,-0.396,0.882,-0.557,0.229,0.122,-0.166,-0.291,1.006,1.214,6.71,-0.26,0.078,-0.3,0.825,-0.527,2.237,-0.046,btn_A
1780980517.1807811,-0.845,-0.161,0.527,-0.954,2.038,-0.344,-0.703,-0.307,0.573,-6.618,1.595,-0.137,-0.321,-0.397,0.885,-0.427,0.412,0.191,-0.169,-0.285,1.004,1.458,7.008,-0.733,0.083,-0.304,0.824,-0.351,1.328,-0.221,btn_A
1780980517.2948709,-0.847,-0.164,0.534,-1.092,2.008,-0.519,-0.698,-0.308,0.583,-6.229,0.756,-0.336,-0.321,-0.397,0.884,-0.008,-0.305,0.084,-0.166,-0.287,1.009,1.397,5.992,-0.015,0.083,-0.303,0.83,-0.687,2.389,-0.015,btn_A
1780980520.4775114,-0.846,-0.162,0.533,-0.336,1.107,0.29,-0.702,-0.312,0.586,-6.366,0.519,-0.427,-0.324,-0.397,0.887,-0.046,-0.702,0.702,-0.17,-0.287,0.999,1.718,7.336,-0.618,0.084,-0.297,0.819,-1.244,2.382,-0.153,btn_A
1780980520.5791543,-0.847,-0.164,0.53,-1.107,1.366,-1.008,-0.705,-0.304,0.582,-6.214,0.679,-0.237,-0.319,-0.398,0.879,-0.336,-0.099,0.084,-0.165,-0.29,1.007,1.336,6.969,-0.053,0.081,-0.303,0.828,-0.237,2.282,0.008,btn_A
1780980520.6942549,-0.847,-0.164,0.535,-0.855,1.42,-0.427,-0.702,-0.31,0.571,-6.511,0.611,-0.321,-0.325,-0.398,0.882,-0.565,0.084,-0.229,-0.162,-0.293,1.006,1.405,6.992,-0.679,0.08,-0.298,0.829,-0.099,1.947,0.099,btn_A
1780980520.7918587,-0.849,-0.159,0.53,-0.794,1.26,-0.832,-0.702,-0.306,0.584,-6.313,0.153,-1.16,-0.317,-0.395,0.884,-0.282,0.107,-0.534,-0.169,-0.29,1.009,1.489,7.053,-0.58,0.082,-0.306,0.826,-1.0,2.534,-0.183,btn_A
1780980520.8886304,-0.843,-0.161,0.53,-0.87,1.458,-0.832,-0.703,-0.308,0.582,-6.45,0.557,-0.496,-0.321,-0.395,0.88,-0.221,0.137,0.634,-0.169,-0.292,1.007,1.191,6.817,-0.107,0.077,-0.3,0.828,-0.344,2.206,0.153,btn_A
1780980520.9911542,-0.847,-0.163,0.527,-1.534,1.489,-0.58,-0.702,-0.307,0.579,-6.55,0.664,0.168,-0.321,-0.395,0.876,-0.466,-0.176,0.458,-0.167,-0.288,1.012,1.443,7.107,-0.832,0.08,-0.303,0.825,-0.985,2.763,0.0,btn_A
1780980521.0940616,-0.846,-0.165,0.533,-0.985,0.115,-1.053,-0.705,-0.312,0.589,-4.565,-0.252,-0.298,-0.34,-0.385,0.853,0.374,4.489,2.038,-0.311,-1.006,2.0,186.252,-40.267,20.122,0.057,-0.295,0.885,5.573,10.809,-0.084,btn_A
1780980521.1967134,-0.843,-0.158,0.533,-2.275,7.954,4.015,-0.779,-0.306,0.391,-7.977,3.725,3.794,-0.398,-0.36,0.871,-0.855,3.076,10.336,-0.146,0.279,0.685,89.649,16.748,-13.031,0.043,-0.286,0.825,9.809,-8.618,3.473,btn_A
1780980521.300165,-0.85,-0.15,0.524,-1.664,1.008,-0.824,-0.75,-0.297,0.51,-5.313,1.473,-0.389,-0.419,-0.362,0.841,-1.817,-0.573,0.618,-0.157,0.302,1.015,5.435,5.588,-3.374,0.051,-0.279,0.841,-5.489,4.901,-0.244,btn_A
1780980521.40325,-0.867,-0.156,0.498,0.061,3.015,-0.466,-0.746,-0.279,0.523,-6.214,0.053,-0.847,-0.414,-0.365,0.848,-2.099,-4.992,-0.565,-0.151,0.313,1.057,3.962,5.656,-0.634,0.067,-0.271,0.831,-5.038,-0.58,-0.656,btn_A
1780980521.5148156,-0.843,-0.154,0.523,-0.313,0.55,-1.824,-0.739,-0.294,0.528,-6.42,-1.275,-1.42,-0.419,-0.366,0.853,-1.458,-3.427,-2.29,-0.178,0.306,1.007,-11.634,1.053,-3.443,0.057,-0.263,0.839,-3.901,-0.649,-1.092,btn_A
1780980521.6092906,-0.837,-0.162,0.534,-0.145,-5.481,-4.557,-0.705,-0.314,0.555,-11.176,-53.962,-4.504,-0.356,-0.45,0.883,9.603,-56.939,-20.336,-0.031,-0.219,-0.285,-250.137,31.229,-62.336,0.017,-0.245,0.761,-35.435,-33.885,-9.122,btn_A
1780980521.724064,-0.842,-0.197,0.493,6.244,14.931,2.771,-0.741,-0.288,0.515,-7.511,8.244,0.878,-0.307,-0.403,0.895,-19.008,-18.023,-3.855,-0.126,-0.28,1.071,0.634,-24.397,0.87,0.132,-0.362,0.847,-35.305,21.466,-5.611,btn_A
1780980521.8151083,-0.842,-0.156,0.531,-0.87,-0.511,-0.985,-0.693,-0.309,0.595,-6.519,0.786,-0.176,-0.303,-0.389,0.893,-1.771,3.786,1.092,-0.153,-0.269,1.021,-2.092,11.618,-0.122,0.076,-0.288,0.824,5.435,-2.573,0.832,btn_A
1780980521.9254868,-0.845,-0.16,0.535,-0.748,1.168,-0.847,-0.696,-0.305,0.591,-6.74,0.198,-1.176,-0.313,-0.391,0.883,-0.557,-0.389,0.061,-0.148,-0.27,1.014,0.214,6.626,-0.718,0.079,-0.307,0.822,-1.191,2.893,0.031,btn_A
1780980522.0258195,-0.845,-0.16,0.538,-0.863,1.809,-0.893,-0.701,-0.305,0.591,-6.435,0.847,-0.305,-0.314,-0.389,0.887,-1.046,0.305,-0.198,-0.156,-0.272,1.01,-0.504,6.122,-1.214,0.073,-0.3,0.823,-2.611,0.328,-0.847,btn_A
1780980522.1244075,-0.84,-0.167,0.53,-0.458,0.397,-1.115,-0.698,-0.31,0.585,-5.817,0.55,1.122,-0.314,-0.393,0.884,-0.046,-0.611,-0.435,-0.148,-0.273,1.023,0.885,6.58,-0.405,0.077,-0.309,0.834,-0.061,-0.267,0.557,btn_A
1780980522.2271974,-0.841,-0.164,0.544,-0.954,2.45,-0.924,-0.696,-0.31,0.581,-6.405,1.939,-0.16,-0.317,-0.392,0.888,-1.26,1.267,0.534,-0.151,-0.275,1.013,-0.046,8.298,-0.397,0.08,-0.304,0.83,0.443,3.618,0.374,btn_A
1780980522.341648,-0.843,-0.162,0.533,-1.122,1.992,-0.832,-0.695,-0.304,0.589,-6.359,1.206,-0.557,-0.321,-0.392,0.886,-0.534,0.878,0.939,-0.147,-0.281,1.006,0.565,6.641,-0.168,0.083,-0.308,0.823,0.015,1.908,0.153,btn_A
1780980522.4442065,-0.845,-0.164,0.534,-0.992,1.71,-1.015,-0.696,-0.299,0.583,-7.16,1.328,-0.496,-0.317,-0.394,0.875,-0.443,0.053,0.031,-0.153,-0.281,1.014,0.824,7.42,-0.626,0.078,-0.296,0.818,0.298,2.183,0.069,btn_A
1780980522.541154,-0.842,-0.164,0.534,-0.916,1.45,0.107,-0.696,-0.308,0.587,-6.679,1.069,-0.321,-0.318,-0.397,0.886,-0.321,0.053,-0.198,-0.152,-0.28,1.011,1.443,6.298,-0.695,0.088,-0.307,0.822,-0.244,2.74,-0.191,btn_A
1780980522.6391535,-0.846,-0.165,0.53,-1.473,2.389,-1.29,-0.7,-0.31,0.586,-6.573,1.16,-0.252,-0.311,-0.397,0.89,-0.603,0.977,-0.076,-0.157,-0.28,1.007,1.137,7.275,-0.313,0.08,-0.299,0.831,-0.389,3.0,0.069,btn_A
1780980522.7467747,-0.845,-0.166,0.537,-1.038,2.931,-0.183,-0.701,-0.311,0.583,-7.198,1.496,-0.305,-0.322,-0.398,0.884,-0.672,0.611,0.511,-0.156,-0.302,1.016,1.252,6.916,-0.901,0.079,-0.302,0.823,-0.519,0.901,0.206,btn_A
1780980522.8450541,-0.843,-0.161,0.535,-0.573,1.939,-0.893,-0.706,-0.309,0.584,-6.573,0.809,0.389,-0.317,-0.397,0.888,-0.237,-0.084,0.183,-0.148,-0.277,1.012,0.962,6.42,-0.252,0.076,-0.303,0.824,-0.382,2.092,-0.092,btn_A
1780980522.9590828,-0.844,-0.16,0.527,-1.267,2.718,-0.527,-0.705,-0.314,0.583,-6.511,1.275,-0.115,-0.32,-0.397,0.88,-0.313,0.42,0.13,-0.154,-0.28,1.01,1.008,6.588,-0.427,0.078,-0.3,0.82,-1.061,2.992,0.29,btn_A
1780980523.0566187,-0.844,-0.164,0.53,-0.756,1.359,-1.237,-0.699,-0.308,0.581,-6.214,0.511,-1.382,-0.316,-0.393,0.886,-0.687,0.511,-0.298,-0.156,-0.28,1.018,1.061,6.969,-0.321,0.083,-0.303,0.827,-0.252,2.771,0.092,btn_A
1780980523.154397,-0.844,-0.163,0.536,-0.824,1.336,-0.191,-0.699,-0.307,0.586,-6.168,1.115,-0.481,-0.322,-0.398,0.886,-0.58,-0.244,0.198,-0.154,-0.281,1.007,1.336,7.29,-0.023,0.076,-0.302,0.818,-0.916,4.405,-0.229,btn_A
1780980523.2570813,-0.844,-0.16,0.531,-1.038,1.389,-0.824,-0.701,-0.308,0.579,-6.221,0.939,0.153,-0.32,-0.396,0.879,-0.267,-0.489,0.534,-0.151,-0.285,1.013,1.321,6.038,-0.992,0.083,-0.303,0.819,-1.305,2.809,0.115,btn_A
1780980523.3775196,-0.839,-0.163,0.535,-0.504,1.328,-0.55,-0.698,-0.31,0.577,-6.107,0.809,0.13,-0.32,-0.394,0.887,-0.206,0.198,0.389,-0.152,-0.283,1.009,1.328,6.817,-0.244,0.079,-0.307,0.832,-0.603,2.611,0.038,btn_A
1780980523.4779575,-0.843,-0.157,0.534,-0.405,1.893,-0.45,-0.701,-0.312,0.587,-6.328,0.466,-0.603,-0.319,-0.395,0.893,-0.542,0.206,-0.298,-0.149,-0.285,1.011,1.252,6.489,-0.847,0.081,-0.306,0.822,-0.389,2.733,-0.038,btn_A
