timestamp,pulgar_ax,pulgar_ay,pulgar_az,pulgar_gx,pulgar_gy,pulgar_gz,indice_ax,indice_ay,indice_az,indice_gx,indice_gy,indice_gz,medio_ax,medio_ay,medio_az,medio_gx,medio_gy,medio_gz,anular_ax,anular_ay,anular_az,anular_gx,anular_gy,anular_gz,menique_ax,menique_ay,menique_az,menique_gx,menique_gy,menique_gz,gesto
1780981710.5112476,-0.788,-0.192,0.613,-0.718,1.282,-0.092,-0.675,-0.315,0.608,-6.389,0.656,-0.74,-0.301,-0.392,0.889,-0.305,0.069,-0.412,-0.264,-0.409,0.933,1.382,6.687,-0.107,0.125,-0.355,0.803,-0.603,1.786,0.176,btn_C
1780981710.6012359,-0.792,-0.194,0.61,-1.313,1.076,-1.519,-0.674,-0.322,0.604,-6.641,0.298,-0.679,-0.302,-0.394,0.899,-0.26,-0.153,0.092,-0.264,-0.404,0.937,1.832,7.26,-0.145,0.118,-0.353,0.801,-0.344,2.809,-0.206,btn_C
1780981710.7042975,-0.794,-0.196,0.615,-1.0,2.16,-0.916,-0.674,-0.321,0.603,-6.74,0.618,-1.145,-0.297,-0.392,0.891,-0.244,0.237,-0.023,-0.268,-0.409,0.939,1.595,6.725,-0.634,0.121,-0.347,0.795,-0.519,2.786,-0.237,btn_C
1780981710.8089201,-0.789,-0.192,0.615,-0.832,2.0,-0.893,-0.675,-0.323,0.604,-6.802,0.679,-0.87,-0.308,-0.393,0.888,0.0,0.076,-0.359,-0.27,-0.407,0.932,1.939,6.855,-0.359,0.114,-0.351,0.804,-0.115,3.008,-0.359,btn_C
1780981710.910163,-0.794,-0.199,0.609,-0.786,1.115,-0.725,-0.671,-0.324,0.615,-5.954,0.557,-0.878,-0.303,-0.388,0.893,0.626,-0.374,-0.076,-0.27,-0.407,0.935,1.244,6.656,-0.214,0.13,-0.351,0.809,-0.702,1.939,0.137,btn_C
1780981711.0290065,-0.787,-0.195,0.618,-0.931,3.382,2.321,-0.68,-0.323,0.629,-2.267,4.099,3.878,-0.301,-0.394,0.887,1.031,2.29,1.45,-0.268,-0.406,0.929,2.557,9.733,0.649,0.111,-0.355,0.806,-0.695,8.802,-1.489,btn_C
1780981711.1266866,-0.725,-0.196,0.612,10.855,-20.023,11.794,-0.688,-0.334,0.747,19.389,-10.855,25.908,-0.315,-0.379,0.896,3.176,-9.031,-0.45,-0.25,-0.411,0.934,-3.542,-8.916,-0.824,0.115,-0.351,0.807,-2.718,-2.305,-1.931,btn_C
1780981711.2262433,-0.795,-0.156,0.65,10.267,-10.252,16.328,-0.677,-0.236,0.664,16.641,-0.962,14.763,-0.288,-0.381,0.914,0.336,-5.038,0.069,-0.271,-0.402,0.931,4.198,6.275,-0.611,0.116,-0.352,0.799,-2.809,-2.389,-1.718,btn_C
1780981711.3227227,-0.758,-0.094,0.598,18.802,-11.099,17.664,-0.621,-0.135,0.528,12.481,-12.366,11.244,-0.276,-0.356,0.867,4.13,-6.168,-2.099,-0.237,-0.396,0.935,3.16,-3.947,-0.557,0.146,-0.362,0.8,1.023,-0.244,-1.069,btn_C
1780981711.4249332,-0.737,-0.094,0.62,-3.145,-1.405,-1.656,-0.646,-0.177,0.67,-10.015,1.16,-1.214,-0.27,-0.378,0.924,-2.435,2.122,0.267,-0.264,-0.4,0.945,0.794,9.802,-0.328,0.125,-0.357,0.801,-1.16,2.351,-0.328,btn_C
1780981711.5431168,-0.787,-0.112,0.663,-3.908,5.221,-6.13,-0.662,-0.205,0.666,-12.664,7.031,-5.573,-0.292,-0.377,0.9,-1.969,3.092,-0.992,-0.258,-0.397,0.943,1.229,9.45,-1.076,0.138,-0.354,0.802,0.122,4.511,0.87,btn_C
1780981711.6313057,-0.641,-0.114,0.478,-58.0,34.809,-63.046,-0.541,-0.208,0.488,-107.588,49.939,-54.901,-0.284,-0.395,0.907,-0.298,13.053,0.71,-0.251,-0.427,0.947,-2.252,29.649,1.244,0.022,-0.286,0.802,-4.977,14.061,1.26,btn_C
1780981711.742308,-0.8,-0.184,0.61,-2.206,-0.702,-2.313,-0.683,-0.311,0.612,-11.595,-2.557,-2.191,-0.302,-0.392,0.892,-3.878,-4.305,-1.191,-0.261,-0.406,0.935,2.458,5.687,-1.29,0.116,-0.348,0.806,-0.718,-3.702,0.244,btn_C
1780981711.8424807,-0.792,-0.194,0.618,-0.115,2.84,-1.137,-0.675,-0.317,0.613,-7.71,0.374,-0.725,-0.301,-0.39,0.891,-1.58,-0.374,-0.489,-0.258,-0.411,0.932,0.885,6.496,-0.412,0.151,-0.409,0.752,-5.099,-1.656,-0.634,btn_C
1780981711.9456003,-0.749,-0.192,0.646,-3.015,-2.305,-3.618,-0.664,-0.317,0.628,-7.809,2.809,0.618,-0.309,-0.381,0.892,1.557,6.489,3.664,-0.314,-0.404,0.924,2.153,15.672,1.557,0.088,-0.314,0.814,1.099,7.763,1.008,btn_C
1780981712.0478168,-0.845,-0.2,0.571,0.282,3.382,1.183,-0.694,-0.315,0.605,-4.87,-1.603,-0.87,-0.293,-0.385,0.899,-0.939,-5.45,-2.763,-0.232,-0.41,0.947,0.573,1.031,-1.076,0.145,-0.381,0.803,-0.794,-1.389,-0.076,btn_C
1780981712.1612675,-0.771,-0.178,0.649,0.534,-4.145,-2.29,-0.636,-0.314,0.646,-6.603,0.153,-1.71,-0.285,-0.406,0.907,-1.603,2.023,2.344,-0.308,-0.398,0.915,3.55,15.962,4.298,0.073,-0.291,0.803,5.069,20.58,0.756,btn_C
1780981712.2592363,-0.83,-0.212,0.566,-0.534,13.153,2.145,-0.692,-0.321,0.573,-6.237,-0.443,-1.626,-0.321,-0.405,0.885,-0.252,-8.893,-4.038,-0.216,-0.402,0.947,0.687,-5.786,-4.0,0.171,-0.411,0.799,-3.198,-9.511,-0.221,btn_C
1780981712.3577538,-0.758,-0.187,0.638,-0.626,0.687,-1.405,-0.662,-0.314,0.627,-7.351,2.901,-0.099,-0.306,-0.392,0.893,-0.382,6.573,2.153,-0.29,-0.401,0.927,1.847,10.779,0.779,0.094,-0.339,0.803,-0.878,5.244,0.229,btn_C
1780981715.14305,-0.789,-0.194,0.607,-0.863,1.443,-0.985,-0.675,-0.325,0.612,-6.313,0.786,-0.076,-0.302,-0.392,0.887,-0.42,0.099,0.122,-0.264,-0.408,0.944,1.573,6.519,-0.656,0.125,-0.355,0.802,-0.565,2.168,-0.374,btn_C
1780981715.2416153,-0.787,-0.196,0.616,-0.496,0.992,-0.061,-0.671,-0.32,0.606,-6.244,1.13,-0.214,-0.303,-0.389,0.894,-0.519,0.656,0.061,-0.265,-0.41,0.934,1.588,6.74,-0.656,0.125,-0.357,0.808,-0.58,2.466,0.122,btn_C
1780981715.340347,-0.791,-0.194,0.613,-0.656,1.435,-1.183,-0.674,-0.316,0.612,-6.191,0.817,-0.481,-0.302,-0.393,0.891,-0.244,-0.084,-0.137,-0.265,-0.409,0.939,1.137,6.924,-0.374,0.127,-0.352,0.798,-0.611,2.374,0.153,btn_C
1780981715.4424603,-0.79,-0.19,0.611,-0.611,2.092,-0.588,-0.676,-0.325,0.605,-6.29,0.58,-1.092,-0.303,-0.39,0.892,0.008,-0.55,-0.55,-0.259,-0.406,0.937,1.366,5.908,-0.389,0.125,-0.363,0.81,-0.397,1.954,0.13,btn_C
1780981715.5454457,-0.79,-0.191,0.618,0.145,1.374,-0.496,-0.672,-0.325,0.618,-4.397,1.206,0.29,-0.307,-0.393,0.88,1.237,0.489,0.733,-0.266,-0.409,0.937,2.198,8.053,0.534,0.125,-0.355,0.805,-0.74,3.672,-0.611,btn_C
1780981715.655927,-0.791,-0.191,0.624,2.321,-1.244,3.374,-0.813,-0.41,0.704,19.221,2.183,4.748,-0.263,-0.404,0.886,4.366,6.008,5.092,-0.254,-0.42,0.98,2.313,9.595,0.26,0.127,-0.374,0.814,-1.58,6.756,-0.656,btn_C
1780981715.7602477,-0.766,-0.167,0.617,8.191,-2.527,20.908,-0.65,-0.223,0.586,19.115,-12.878,8.779,-0.307,-0.375,0.899,3.672,-1.656,-0.176,-0.256,-0.401,0.939,4.954,5.679,-0.214,0.134,-0.365,0.8,-2.198,-0.718,-1.542,btn_C
1780981715.8545716,-0.798,-0.146,0.645,4.382,-1.168,5.802,-0.669,-0.21,0.624,4.137,-6.084,-0.13,-0.307,-0.374,0.9,2.153,-2.359,-0.992,-0.238,-0.433,0.976,7.214,17.389,-1.595,0.133,-0.368,0.812,-0.527,0.656,-0.878,btn_C
1780981715.958017,-0.775,-0.122,0.614,0.817,-0.573,3.053,-0.656,-0.205,0.641,-4.038,-2.298,-1.282,-0.302,-0.361,0.882,-1.137,-1.588,-1.443,-0.256,-0.399,0.937,1.053,5.519,-0.87,0.127,-0.364,0.792,-0.183,3.122,-0.031,btn_C
1780981716.061185,-0.777,-0.132,0.626,-4.626,3.366,-4.519,-0.661,-0.21,0.642,-14.023,4.435,-3.687,-0.309,-0.374,0.874,-3.656,2.099,-0.901,-0.26,-0.399,0.94,-0.298,9.252,-0.733,0.123,-0.361,0.803,0.214,2.534,0.718,btn_C
1780981716.1638498,-0.643,-0.103,0.487,-31.878,20.702,-36.542,-0.532,-0.19,0.488,-78.71,32.328,-34.763,-0.307,-0.378,0.894,-5.794,1.115,-2.626,-0.276,-0.399,0.916,-2.595,21.641,-0.168,0.096,-0.342,0.793,10.183,21.534,3.153,btn_C
1780981716.2663305,-0.809,-0.185,0.607,-1.115,4.328,-1.557,-0.676,-0.311,0.61,-12.603,1.008,-2.603,-0.3,-0.391,0.887,-4.13,-6.076,-1.878,-0.26,-0.41,0.931,1.267,3.542,-1.687,0.123,-0.355,0.81,-0.198,-2.794,-0.191,btn_C
1780981716.3758693,-0.786,-0.191,0.617,-1.435,3.252,-1.603,-0.68,-0.313,0.604,-8.74,1.55,-0.573,-0.304,-0.388,0.897,-0.756,0.183,0.313,-0.272,-0.408,0.929,1.046,6.924,-1.115,0.117,-0.35,0.799,-1.557,1.206,0.137,btn_C
1780981716.4725466,-0.791,-0.186,0.606,-1.237,2.099,-0.611,-0.678,-0.317,0.609,-8.244,0.244,-0.947,-0.305,-0.387,0.89,-1.511,0.427,-0.244,-0.263,-0.406,0.935,1.336,6.985,-0.939,0.122,-0.355,0.804,-0.847,0.626,0.206,btn_C
1780981716.5752037,-0.787,-0.192,0.611,-1.13,2.008,-1.122,-0.676,-0.316,0.61,-7.534,0.153,-1.061,-0.3,-0.388,0.897,-0.496,-0.145,-0.214,-0.262,-0.408,0.939,1.527,6.74,-0.817,0.123,-0.354,0.802,-0.779,2.359,0.099,btn_C
1780981716.6784244,-0.795,-0.191,0.617,-1.061,1.679,-1.13,-0.677,-0.319,0.604,-7.366,0.397,-0.611,-0.296,-0.392,0.893,-0.313,-0.076,-0.031,-0.26,-0.407,0.934,1.466,6.74,-0.061,0.121,-0.354,0.807,-0.481,2.42,-0.038,btn_C
1780981716.781354,-0.796,-0.193,0.612,-0.489,1.328,0.099,-0.675,-0.322,0.607,-6.679,0.527,-0.397,-0.3,-0.392,0.891,-0.656,0.061,-0.282,-0.263,-0.409,0.935,1.611,7.061,-0.198,0.128,-0.356,0.799,-0.565,2.13,-0.053,btn_C
1780981716.8914812,-0.791,-0.187,0.609,-1.069,1.542,-1.359,-0.674,-0.32,0.607,-6.771,0.618,-0.244,-0.297,-0.395,0.893,0.038,-0.061,-0.198,-0.263,-0.406,0.932,1.527,6.435,-0.733,0.125,-0.353,0.802,-0.641,2.405,0.122,btn_C
1780981716.9876401,-0.796,-0.189,0.605,-0.664,1.824,-0.282,-0.676,-0.317,0.61,-6.656,0.779,-0.183,-0.3,-0.39,0.893,-0.504,-0.435,-0.015,-0.265,-0.406,0.938,1.466,7.076,-0.382,0.125,-0.355,0.802,-0.328,2.809,0.084,btn_C
1780981719.6796968,-0.796,-0.194,0.605,-0.298,1.389,-0.893,-0.675,-0.323,0.612,-6.481,0.504,-0.779,-0.299,-0.394,0.891,-0.267,0.221,-0.076,-0.263,-0.415,0.939,1.74,7.046,-0.305,0.126,-0.361,0.797,-0.595,2.565,-0.122,btn_C
1780981719.7683816,-0.791,-0.195,0.605,-1.489,1.275,-0.786,-0.674,-0.323,0.614,-6.313,0.824,-0.351,-0.299,-0.391,0.894,-0.076,-0.664,-0.107,-0.261,-0.41,0.925,1.679,7.313,-0.382,0.128,-0.358,0.801,-0.58,2.305,-0.023,btn_C
1780981719.8787253,-0.794,-0.192,0.604,-0.756,1.183,-1.237,-0.675,-0.321,0.604,-6.58,0.695,-0.634,-0.305,-0.395,0.894,-0.275,-0.023,-0.313,-0.262,-0.406,0.94,1.58,7.031,-0.74,0.126,-0.354,0.804,-0.626,2.061,-0.122,btn_C
1780981719.9766111,-0.794,-0.189,0.611,-0.679,1.542,-0.176,-0.674,-0.317,0.61,-6.481,0.565,-0.702,-0.299,-0.387,0.894,-0.489,0.084,-0.328,-0.261,-0.408,0.933,1.42,7.168,-0.679,0.126,-0.358,0.803,-0.55,2.481,0.0,btn_C
1780981720.0918517,-0.793,-0.188,0.614,-0.947,1.641,-1.16,-0.674,-0.321,0.603,-6.282,1.023,-0.214,-0.305,-0.391,0.89,-0.229,-0.13,-0.076,-0.262,-0.406,0.932,1.504,6.695,-0.435,0.123,-0.358,0.804,-0.687,2.069,-0.023,btn_C
1780981720.193828,-0.793,-0.187,0.605,-0.603,1.847,-0.84,-0.674,-0.317,0.614,-6.519,0.382,-0.344,-0.301,-0.392,0.894,-0.069,-0.534,0.038,-0.267,-0.41,0.938,1.55,6.939,-0.542,0.125,-0.357,0.798,-0.565,2.252,0.13,btn_C
1780981720.2837236,-0.797,-0.191,0.613,-0.87,1.55,-0.87,-0.675,-0.315,0.605,-6.481,0.863,-0.336,-0.308,-0.389,0.895,-0.557,0.321,-0.344,-0.263,-0.408,0.936,1.939,6.924,-0.664,0.116,-0.354,0.806,-0.664,2.496,0.008,btn_C
1780981720.3867676,-0.794,-0.192,0.617,-0.756,1.405,-1.145,-0.675,-0.322,0.603,-6.458,0.679,0.069,-0.299,-0.392,0.894,-0.252,0.366,-0.061,-0.263,-0.408,0.937,1.466,6.763,-0.947,0.125,-0.358,0.805,-0.565,2.351,-0.046,btn_C
1780981720.489439,-0.793,-0.191,0.613,-0.962,1.282,-0.748,-0.676,-0.323,0.605,-6.702,0.527,-0.435,-0.302,-0.393,0.887,-0.298,-0.206,-0.122,-0.263,-0.41,0.934,1.718,7.267,0.29,0.125,-0.357,0.808,-0.557,2.55,-0.061,btn_C
1780981720.592595,-0.795,-0.193,0.61,-1.29,1.405,-1.29,-0.674,-0.319,0.616,-6.305,1.191,0.183,-0.301,-0.391,0.892,0.634,-1.298,-0.71,-0.269,-0.411,0.937,1.588,7.099,-0.542,0.114,-0.356,0.799,-0.496,2.084,-0.084,btn_C
1780981720.6957724,-0.811,-0.186,0.606,-0.534,3.435,0.565,-0.686,-0.32,0.609,-4.053,-1.252,1.466,-0.306,-0.389,0.902,0.58,-1.71,-1.794,-0.267,-0.408,0.944,3.229,5.252,-1.13,0.122,-0.359,0.797,-0.557,2.817,-2.076,btn_C
1780981720.7983513,-0.783,-0.162,0.67,17.817,-28.29,28.443,-0.605,-0.243,0.601,41.687,-17.664,4.916,-0.287,-0.392,0.906,0.221,-12.214,-0.672,-0.248,-0.401,0.942,1.42,0.16,-1.809,0.137,-0.36,0.799,-1.206,-0.618,-3.115,btn_C
1780981720.901822,-0.747,-0.115,0.635,4.947,-4.038,5.435,-0.642,-0.246,0.682,1.58,-3.626,5.038,-0.34,-0.52,1.267,-8.817,-10.977,-1.038,-0.223,-0.413,0.973,3.275,7.191,-1.168,0.148,-0.36,0.797,-1.771,0.435,-1.115,btn_C
1780981721.0046585,-0.785,-0.101,0.672,14.031,-6.458,11.679,-0.628,-0.178,0.646,9.733,-1.153,10.809,-0.3,-0.367,0.858,18.733,-5.55,-1.511,-0.223,-0.396,0.94,5.313,3.359,-1.252,0.158,-0.37,0.801,-1.099,-1.473,-1.023,btn_C
1780981721.1078668,-0.784,-0.081,0.636,-0.588,-0.725,2.191,-0.633,-0.179,0.7,-2.16,-2.107,7.771,-0.255,-0.304,0.705,-1.863,-0.847,0.656,-0.226,-0.374,0.908,-5.466,4.229,-1.115,0.156,-0.366,0.792,-1.473,1.573,0.618,btn_C
1780981721.2232122,-0.756,-0.087,0.622,-12.947,9.542,-11.405,-0.645,-0.199,0.622,-28.084,11.718,-11.382,-0.264,-0.358,0.83,-2.595,12.374,0.901,-0.217,-0.388,0.923,-3.489,17.779,0.725,0.142,-0.365,0.795,2.947,12.023,2.947,btn_C
1780981721.3243973,-0.642,-0.158,0.489,-77.008,44.344,-65.145,-0.616,-0.311,0.516,-113.794,59.092,-43.458,-0.216,-0.422,0.92,2.672,28.725,13.733,-0.284,-0.377,1.029,-6.382,27.221,-3.176,0.091,-0.346,0.778,-20.595,-5.069,0.137,btn_C
1780981721.4248228,-0.809,-0.202,0.594,-1.374,-4.275,-1.695,-0.673,-0.316,0.621,-8.031,0.664,-0.603,-0.296,-0.395,0.89,1.695,-0.504,0.153,-0.257,-0.408,0.941,2.298,6.794,-0.947,0.136,-0.366,0.809,-1.084,0.695,0.42,btn_C
1780981721.5280802,-0.793,-0.194,0.61,-0.573,3.092,-0.496,-0.679,-0.316,0.605,-8.71,-0.015,-0.489,-0.3,-0.396,0.896,-1.74,0.237,0.076,-0.265,-0.409,0.942,0.878,6.748,-0.466,0.122,-0.348,0.805,-0.992,1.847,0.061,btn_C
1780981721.6225088,-0.79,-0.191,0.607,-1.275,0.832,-1.427,-0.672,-0.322,0.608,-7.26,0.756,-0.206,-0.296,-0.396,0.892,-0.573,0.656,0.771,-0.262,-0.404,0.935,1.634,6.603,-0.977,0.125,-0.354,0.811,-1.031,2.366,0.16,btn_C
1780981724.403834,-0.791,-0.193,0.609,-0.58,1.504,-0.237,-0.673,-0.324,0.604,-6.305,0.359,-0.847,-0.296,-0.395,0.887,-0.359,0.435,0.084,-0.262,-0.406,0.937,1.511,6.992,-0.336,0.124,-0.359,0.802,-0.496,2.328,0.115,btn_C
1780981724.5066426,-0.794,-0.191,0.602,-1.046,1.87,-0.802,-0.672,-0.322,0.603,-6.427,0.618,-1.038,-0.295,-0.395,0.893,-0.458,-0.13,-0.107,-0.258,-0.409,0.935,1.634,7.397,-0.16,0.127,-0.354,0.802,-0.55,2.42,0.069,btn_C
1780981724.609618,-0.799,-0.197,0.602,-0.794,1.374,-0.519,-0.676,-0.318,0.605,-6.328,0.359,-0.679,-0.299,-0.396,0.89,-0.244,-0.634,0.122,-0.261,-0.408,0.942,1.214,6.58,-0.847,0.127,-0.357,0.811,-0.603,2.527,0.076,btn_C
1780981724.7242458,-0.797,-0.196,0.599,-0.809,1.008,-0.084,-0.678,-0.324,0.608,-6.542,0.641,-0.641,-0.299,-0.396,0.892,-0.58,0.313,-0.397,-0.259,-0.409,0.932,1.55,7.076,-0.351,0.123,-0.365,0.799,-0.718,2.252,-0.099,btn_C
1780981724.8228061,-0.799,-0.199,0.601,-0.962,1.344,-1.359,-0.669,-0.323,0.609,-6.565,0.214,-0.237,-0.298,-0.399,0.89,-0.588,-0.374,-0.221,-0.265,-0.408,0.937,1.252,6.298,-0.557,0.123,-0.356,0.801,-0.389,2.458,-0.183,btn_C
1780981724.927974,-0.798,-0.199,0.601,-0.366,1.809,-0.061,-0.67,-0.327,0.612,-5.695,1.656,1.076,-0.298,-0.4,0.89,1.0,2.832,2.473,-0.252,-0.392,0.918,3.137,10.145,1.076,0.101,-0.415,0.779,-2.74,4.802,0.489,btn_C
1780981725.0218806,-0.988,-0.282,0.828,8.84,4.183,14.641,-0.761,-0.222,0.298,88.305,6.359,-20.42,-0.306,-0.376,0.9,-3.305,-3.824,3.099,-0.22,-0.409,0.942,-2.42,23.252,-3.153,0.108,-0.356,0.815,-10.275,-11.351,-6.275,btn_C
1780981725.1246696,-0.724,-0.065,0.545,33.008,-12.656,13.107,-0.641,-0.201,0.59,17.008,-10.145,6.183,-0.301,-0.384,0.901,3.969,-6.099,-0.649,-0.255,-0.39,0.936,3.328,3.221,-1.885,0.141,-0.371,0.807,-2.687,-0.84,-1.931,btn_C
1780981725.2275765,-0.721,-0.091,0.727,16.137,-7.901,3.916,-0.508,-0.137,0.611,11.878,10.748,8.939,-0.323,-0.363,0.806,6.053,-4.634,9.977,-0.248,-0.384,0.933,5.122,5.817,-2.053,0.151,-0.367,0.802,-0.771,-1.603,-1.893,btn_C
1780981725.33084,-0.763,-0.063,0.681,14.664,-8.053,3.466,-0.642,-0.172,0.719,4.649,-0.427,6.13,-0.263,-0.38,0.921,8.107,-5.137,-5.687,-0.25,-0.388,0.945,3.939,9.153,-0.046,0.148,-0.364,0.797,0.038,-1.71,-0.992,btn_C
1780981725.434134,-0.756,-0.047,0.683,-6.023,4.565,-7.481,-0.661,-0.179,0.718,-13.092,4.664,-4.855,-0.281,-0.39,0.973,-4.107,3.023,-0.305,-0.251,-0.397,0.949,0.412,9.29,-0.885,0.146,-0.368,0.792,0.588,1.679,0.405,btn_C
1780981725.536603,-0.673,-0.01,0.565,-30.336,20.298,-27.198,-0.594,-0.127,0.479,-54.84,11.542,-20.13,-0.258,-0.324,0.755,-27.206,16.061,7.725,-0.241,-0.399,0.94,-3.626,17.924,1.099,0.143,-0.358,0.805,10.595,20.573,7.168,btn_C
1780981725.6396544,-0.564,-0.185,0.555,5.534,-6.679,-1.634,-0.708,-0.297,0.623,-5.817,-12.107,-1.695,-0.271,-0.393,0.913,10.626,-6.794,0.13,-0.31,-0.383,0.921,4.237,-0.252,-0.756,0.138,-0.359,0.811,0.412,-4.809,1.687,btn_C
1780981725.743089,-0.777,-0.186,0.622,0.557,4.473,0.115,-0.684,-0.309,0.607,-8.046,0.916,-0.565,-0.301,-0.383,0.89,-3.061,0.282,0.405,-0.275,-0.402,0.928,-0.359,5.908,-0.344,0.108,-0.352,0.803,-1.542,0.435,0.176,btn_C
1780981725.8588004,-0.781,-0.186,0.624,-1.527,0.382,-0.87,-0.68,-0.306,0.61,-7.313,0.794,-1.053,-0.294,-0.385,0.895,-0.137,0.29,0.557,-0.274,-0.407,0.933,1.786,7.092,-0.473,0.118,-0.354,0.801,-0.824,1.626,0.176,btn_C
1780981725.9560432,-0.786,-0.187,0.623,-1.13,1.519,-0.252,-0.678,-0.305,0.613,-7.153,0.366,-1.084,-0.298,-0.389,0.897,-0.931,0.061,0.038,-0.271,-0.406,0.935,1.412,7.099,-0.504,0.113,-0.356,0.8,-0.672,2.405,-0.038,btn_C
1780981726.0578847,-0.786,-0.182,0.619,-0.534,1.55,-0.985,-0.672,-0.313,0.604,-6.565,0.412,-0.527,-0.294,-0.389,0.893,-0.137,-0.176,0.275,-0.273,-0.405,0.935,1.344,6.931,-0.237,0.114,-0.35,0.81,-0.733,2.237,0.13,btn_C
1780981726.1553478,-0.785,-0.182,0.623,-1.634,1.939,-0.504,-0.678,-0.309,0.615,-6.985,0.321,-0.542,-0.293,-0.386,0.901,-0.496,-0.29,0.496,-0.273,-0.403,0.932,1.458,7.084,-0.305,0.116,-0.348,0.797,-0.527,2.137,0.183,btn_C
1780981726.2578366,-0.784,-0.182,0.622,-1.305,1.641,-1.183,-0.673,-0.31,0.612,-6.321,0.206,-1.015,-0.297,-0.384,0.892,-0.611,0.275,0.237,-0.274,-0.406,0.931,1.038,7.145,-0.779,0.119,-0.355,0.811,-0.733,2.427,0.344,btn_C
1780981729.038905,-0.785,-0.193,0.615,-0.702,1.374,-0.046,-0.675,-0.32,0.614,-6.076,0.985,-0.008,-0.291,-0.392,0.896,-0.214,-0.237,0.641,-0.273,-0.402,0.936,1.87,6.84,-0.191,0.117,-0.357,0.797,-0.519,2.725,-0.107,btn_C
1780981729.1417828,-0.786,-0.187,0.622,-0.992,1.084,-1.565,-0.673,-0.314,0.61,-6.031,0.321,-1.168,-0.292,-0.394,0.894,-0.985,0.153,-0.87,-0.272,-0.411,0.938,1.191,6.756,-0.802,0.122,-0.358,0.801,-0.374,2.328,0.252,btn_C
1780981729.2452142,-0.786,-0.187,0.616,-0.252,1.725,0.473,-0.677,-0.316,0.611,-6.824,0.855,0.206,-0.292,-0.388,0.901,-0.107,0.122,1.229,-0.277,-0.405,0.934,1.855,7.435,-0.069,0.116,-0.358,0.805,-0.634,1.947,-0.298,btn_C
1780981729.3597872,-0.789,-0.19,0.612,-1.473,1.466,-1.763,-0.675,-0.316,0.605,-6.359,0.168,-1.458,-0.291,-0.387,0.893,-0.71,-0.504,-0.191,-0.269,-0.407,0.933,1.061,6.527,-1.107,0.119,-0.357,0.789,-0.443,2.489,0.153,btn_C
1780981729.4566681,-0.792,-0.19,0.619,-0.076,1.198,-0.374,-0.679,-0.317,0.617,-4.847,2.053,0.664,-0.296,-0.391,0.9,1.603,3.069,1.542,-0.244,-0.401,0.924,3.725,10.702,1.031,0.121,-0.35,0.808,-1.885,1.198,0.298,btn_C
1780981729.5548573,-0.868,-0.337,0.809,55.473,-53.878,45.557,-0.766,-0.212,0.412,55.527,-37.153,21.718,-0.275,-0.372,0.873,4.229,-25.115,-6.275,-0.247,-0.414,0.952,17.557,-25.832,-3.702,0.149,-0.379,0.823,-0.252,-12.664,-8.29,btn_C
1780981729.657077,-0.78,-0.056,0.591,10.16,-7.809,2.344,-0.65,-0.226,0.713,3.748,-5.328,13.153,-0.27,-0.381,0.919,2.565,-0.847,0.298,-0.244,-0.395,0.949,1.359,-1.748,-1.42,0.141,-0.355,0.799,-2.71,-5.786,-1.053,btn_C
1780981729.7597744,-0.807,-0.088,0.682,3.397,2.473,1.832,-0.672,-0.208,0.706,4.191,-1.733,2.183,-0.276,-0.412,0.936,1.771,0.947,0.321,-0.254,-0.401,0.928,2.527,-0.328,-2.496,0.147,-0.363,0.812,-1.786,-4.725,-1.641,btn_C
1780981729.8630872,-0.676,-0.029,0.588,-10.046,3.374,-7.176,-0.583,-0.156,0.666,-20.458,5.008,-6.427,-0.231,-0.379,0.944,-17.176,6.733,1.855,-0.233,-0.4,0.955,-5.947,15.733,1.679,0.135,-0.364,0.801,3.176,10.458,3.313,btn_C
1780981729.9662924,-0.578,-0.043,0.498,-41.084,27.618,-39.771,-0.516,-0.14,0.44,-84.244,37.84,-28.115,-0.291,-0.402,0.904,-1.015,11.351,0.893,-0.25,-0.397,0.941,-2.252,28.382,2.282,0.119,-0.352,0.796,12.672,28.649,6.618,btn_C
1780981730.074661,-0.856,-0.21,0.602,-3.649,-4.748,-4.824,-0.686,-0.304,0.596,-12.924,8.084,-5.832,-0.261,-0.399,0.891,-6.58,0.412,-1.725,-0.259,-0.412,0.944,-1.29,9.595,-0.924,0.118,-0.345,0.813,-4.397,9.664,1.809,btn_C
1780981730.1794908,-0.797,-0.194,0.614,-2.969,-0.321,-2.542,-0.682,-0.324,0.607,-7.832,0.321,-1.389,-0.28,-0.4,0.899,-0.992,0.069,-0.038,-0.266,-0.408,0.935,1.42,6.397,-1.145,0.121,-0.353,0.806,-1.466,0.176,1.244,btn_C
1780981730.274974,-0.785,-0.198,0.613,-0.527,2.55,0.779,-0.678,-0.319,0.595,-7.649,0.26,0.947,-0.281,-0.398,0.899,-0.229,0.87,1.947,-0.268,-0.405,0.928,1.656,7.023,-0.16,0.118,-0.344,0.804,-0.656,2.87,0.176,btn_C
1780981730.3923068,-0.788,-0.189,0.619,-0.947,1.336,-0.756,-0.676,-0.322,0.608,-7.015,0.374,-0.321,-0.286,-0.4,0.896,-0.427,0.496,0.573,-0.268,-0.407,0.936,1.71,6.527,0.176,0.124,-0.351,0.806,-0.107,3.832,0.107,btn_C
1780981730.4811833,-0.792,-0.195,0.609,-0.947,0.45,-2.557,-0.678,-0.322,0.605,-6.473,-0.076,-1.756,-0.284,-0.4,0.894,-0.885,-0.107,-0.053,-0.259,-0.408,0.936,0.649,7.008,-0.618,0.123,-0.352,0.805,-0.931,1.779,0.115,btn_C
1780981730.590963,-0.798,-0.196,0.614,-0.16,1.015,0.87,-0.677,-0.323,0.606,-7.053,0.649,0.183,-0.28,-0.401,0.887,-0.092,-0.42,1.046,-0.268,-0.403,0.932,1.504,7.099,-0.802,0.121,-0.354,0.805,-1.573,0.55,0.183,btn_C
1780981730.6927314,-0.796,-0.195,0.612,-1.305,1.985,-1.092,-0.675,-0.32,0.606,-6.641,0.321,-0.42,-0.283,-0.398,0.895,-0.511,-0.061,0.046,-0.268,-0.408,0.936,1.153,6.916,-0.473,0.127,-0.35,0.805,-1.519,2.183,-0.244,btn_C
1780981730.7937975,-0.785,-0.194,0.617,-1.046,1.931,-1.534,-0.676,-0.323,0.6,-6.687,0.71,-0.695,-0.28,-0.402,0.891,-0.588,0.481,0.55,-0.265,-0.411,0.934,1.695,6.985,0.084,0.123,-0.355,0.796,0.489,5.519,-0.321,btn_C
1780981730.893273,-0.79,-0.193,0.615,0.237,2.0,0.374,-0.676,-0.324,0.602,-6.267,1.0,0.252,-0.286,-0.396,0.89,-0.534,-0.122,0.481,-0.266,-0.404,0.937,1.374,7.153,-0.466,0.116,-0.36,0.793,-1.038,1.519,0.305,btn_C
1780981733.674243,-0.794,-0.192,0.616,-1.076,1.122,-0.809,-0.674,-0.323,0.6,-6.588,0.756,0.008,-0.283,-0.396,0.895,-0.092,-0.328,0.58,-0.266,-0.407,0.936,1.649,7.023,-0.321,0.113,-0.351,0.806,-0.748,1.809,0.023,btn_C
1780981733.7773726,-0.789,-0.192,0.612,-0.931,1.298,-0.458,-0.679,-0.322,0.609,-6.763,0.733,-0.427,-0.286,-0.397,0.897,-0.664,-0.168,0.053,-0.266,-0.41,0.931,1.092,7.023,-0.557,0.118,-0.352,0.806,-0.618,1.809,-0.008,btn_C
1780981733.8898153,-0.791,-0.194,0.602,-0.786,1.443,-0.374,-0.675,-0.322,0.6,-6.221,0.916,-0.351,-0.287,-0.402,0.896,-0.214,0.29,0.58,-0.264,-0.408,0.934,1.534,6.786,-0.038,0.119,-0.36,0.801,-0.504,2.366,-0.069,btn_C
1780981733.9888299,-0.79,-0.191,0.612,-1.023,1.786,-0.191,-0.678,-0.32,0.602,-6.527,0.87,-0.664,-0.285,-0.404,0.887,-0.313,-0.366,0.565,-0.265,-0.407,0.932,1.634,7.489,-0.656,0.118,-0.362,0.808,-0.588,1.939,-0.099,btn_C
1780981734.0867789,-0.79,-0.191,0.607,-0.672,1.573,-1.015,-0.677,-0.323,0.604,-6.58,0.466,-0.519,-0.287,-0.395,0.891,-0.351,-0.267,0.092,-0.268,-0.407,0.934,1.672,6.87,-0.489,0.118,-0.358,0.801,-0.466,2.145,0.008,btn_C
1780981734.1898072,-0.795,-0.228,0.647,0.947,5.557,8.023,-0.715,-0.293,0.554,1.527,-7.618,11.504,-0.311,-0.387,0.883,2.298,10.885,4.847,-0.311,-0.387,0.91,-2.397,12.481,0.893,0.133,-0.359,0.782,-4.107,6.855,-5.389,btn_C
1780981734.294206,-0.511,-0.028,0.568,31.382,-15.038,19.679,-0.525,-0.113,0.544,22.656,-1.542,22.275,-0.188,-0.339,0.818,12.137,-3.344,-9.534,-0.261,-0.391,0.928,7.885,7.725,1.366,0.142,-0.363,0.788,1.771,-1.718,-1.122,btn_C
1780981734.3980699,-0.738,-0.04,0.617,-0.145,-0.832,-2.466,-0.615,-0.165,0.67,-13.458,2.573,3.321,-0.248,-0.39,0.927,-2.397,1.023,-2.115,-0.238,-0.399,0.95,0.336,8.878,-0.206,0.15,-0.361,0.795,0.802,5.275,0.267,btn_C
1780981734.498734,-0.767,-0.074,0.671,-6.275,6.26,-5.74,-0.662,-0.2,0.746,-8.115,5.397,-4.847,-0.27,-0.396,0.938,-2.496,2.527,-1.481,-0.254,-0.404,0.943,-0.221,10.763,-0.511,0.148,-0.362,0.793,-0.588,1.008,0.924,btn_C
1780981734.6081007,-0.74,-0.05,0.631,-13.366,7.351,-13.198,-0.63,-0.16,0.613,-29.168,12.885,-14.481,-0.234,-0.349,0.788,-28.756,7.023,1.198,-0.205,-0.448,0.96,2.389,23.008,0.489,0.154,-0.357,0.798,3.008,12.626,4.466,btn_C
1780981734.7104208,-2.0,-1.479,2.0,19.107,85.183,66.031,-0.459,-0.311,0.452,-13.313,44.931,2.137,-0.227,-0.382,0.82,-7.366,7.214,-1.008,-0.189,-0.395,0.948,3.496,0.115,-2.939,0.111,-0.359,0.844,-4.656,-12.664,0.076,btn_C
1780981734.807473,-0.793,-0.201,0.613,-0.908,0.115,-1.718,-0.677,-0.324,0.604,-8.198,1.702,-0.878,-0.271,-0.403,0.907,0.504,-0.176,0.344,-0.268,-0.408,0.938,1.664,6.824,-0.481,0.124,-0.354,0.807,-1.443,5.504,0.954,btn_C
1780981734.921537,-0.792,-0.196,0.61,-1.229,0.053,-0.176,-0.677,-0.323,0.604,-7.206,-0.328,-0.237,-0.279,-0.407,0.892,-0.015,-0.221,0.58,-0.267,-0.405,0.935,1.618,7.069,-0.84,0.121,-0.353,0.81,-0.733,1.527,0.198,btn_C
1780981735.021196,-0.789,-0.201,0.61,-1.076,1.435,-0.863,-0.678,-0.323,0.601,-6.969,0.29,-0.565,-0.278,-0.411,0.89,-0.565,0.031,0.794,-0.267,-0.407,0.931,1.336,7.206,-0.527,0.119,-0.352,0.806,-1.115,2.229,0.435,btn_C
1780981735.1261077,-0.787,-0.197,0.608,-1.092,1.733,-0.435,-0.678,-0.326,0.603,-6.969,0.176,-1.031,-0.279,-0.409,0.893,-0.565,0.214,0.656,-0.267,-0.405,0.937,1.695,7.237,-0.099,0.122,-0.355,0.8,-0.58,2.298,0.084,btn_C
1780981735.2200222,-0.793,-0.195,0.607,-1.389,1.977,-0.74,-0.68,-0.324,0.599,-6.863,-0.023,-1.168,-0.28,-0.403,0.891,-0.198,0.588,0.443,-0.273,-0.407,0.934,1.55,7.405,-0.069,0.119,-0.354,0.803,-0.573,2.305,0.053,btn_C
1780981735.3222413,-0.792,-0.196,0.612,-1.191,1.634,-0.962,-0.68,-0.328,0.603,-7.084,0.313,-1.305,-0.28,-0.407,0.89,-0.191,0.0,-0.237,-0.272,-0.402,0.933,1.519,6.748,-1.0,0.114,-0.348,0.801,-0.771,2.305,0.053,btn_C
1780981735.4254646,-0.79,-0.192,0.611,-0.893,1.038,-0.122,-0.677,-0.325,0.599,-6.573,0.351,-1.137,-0.276,-0.406,0.894,-0.168,0.328,0.489,-0.27,-0.406,0.93,1.718,6.74,-0.16,0.116,-0.352,0.805,-0.573,2.573,0.13,btn_C
1780981735.5284014,-0.792,-0.196,0.614,-1.198,1.641,-0.908,-0.675,-0.327,0.599,-6.328,0.496,-0.473,-0.276,-0.41,0.891,-0.382,0.649,0.244,-0.271,-0.406,0.935,1.466,6.718,-0.282,0.119,-0.357,0.807,-0.527,2.336,-0.099,btn_C
1780981738.2072809,-0.791,-0.193,0.61,-1.046,1.344,-1.511,-0.678,-0.327,0.605,-6.328,0.504,-0.542,-0.277,-0.403,0.896,-0.328,-0.191,0.015,-0.27,-0.409,0.927,1.237,7.702,-0.389,0.113,-0.358,0.798,-0.481,2.183,0.252,btn_C
1780981738.3222198,-0.792,-0.197,0.609,-0.603,2.008,-1.191,-0.675,-0.325,0.602,-6.733,0.519,-0.374,-0.283,-0.407,0.894,-0.473,0.099,0.137,-0.268,-0.406,0.939,1.412,6.481,-0.939,0.116,-0.359,0.805,-1.008,1.58,0.221,btn_C
1780981738.4218135,-0.793,-0.189,0.615,-0.511,1.893,-0.351,-0.675,-0.328,0.604,-6.412,0.855,0.115,-0.28,-0.406,0.889,-0.198,0.0,1.191,-0.268,-0.407,0.939,2.092,6.74,-0.489,0.116,-0.354,0.799,-0.458,2.649,-0.176,btn_C
1780981738.5250964,-0.789,-0.19,0.604,-1.122,1.527,-1.496,-0.677,-0.326,0.605,-6.718,0.336,-0.389,-0.28,-0.405,0.893,-0.389,-0.29,0.038,-0.27,-0.409,0.942,0.893,6.885,-1.061,0.112,-0.358,0.801,-0.626,2.023,0.092,btn_C
1780981738.6225383,-0.788,-0.195,0.612,-0.557,1.046,0.206,-0.675,-0.323,0.603,-6.397,0.573,-0.321,-0.277,-0.402,0.894,-0.298,0.122,0.458,-0.269,-0.403,0.931,1.328,6.969,-0.466,0.117,-0.347,0.808,-0.634,2.084,0.076,btn_C
1780981738.7215338,-0.794,-0.197,0.618,-0.908,1.664,-1.168,-0.677,-0.325,0.612,-6.435,1.458,-0.473,-0.279,-0.406,0.893,-0.397,0.046,1.038,-0.272,-0.406,0.93,1.832,8.015,-0.176,0.119,-0.358,0.804,-0.55,2.534,-0.534,btn_C
1780981738.8245826,-0.806,-0.206,0.622,4.405,4.779,4.221,-0.676,-0.318,0.619,-1.893,-0.198,2.977,-0.271,-0.405,0.886,3.718,-2.29,-2.191,-0.279,-0.397,0.936,4.511,3.038,-1.618,0.115,-0.352,0.805,-0.55,2.298,-4.351,btn_C
1780981738.9275784,-0.834,-0.186,0.701,32.244,-31.122,41.992,-0.53,-0.262,0.719,68.221,-38.115,18.382,-0.258,-0.415,0.929,2.496,-8.908,1.0,-0.246,-0.398,0.937,2.214,-1.321,-2.924,0.146,-0.364,0.795,-8.45,-8.901,-5.924,btn_C
1780981739.0306282,-0.86,-0.062,0.634,26.702,-14.237,17.763,-0.647,-0.16,0.607,23.221,-15.87,15.122,-0.231,-0.341,0.783,40.405,-15.893,0.969,-0.249,-0.377,0.919,8.298,-11.519,-4.397,0.168,-0.369,0.79,-2.053,-7.695,-5.565,btn_C
1780981739.1339118,-0.825,-0.07,0.711,4.076,-3.802,2.198,-0.676,-0.189,0.731,-1.13,-4.786,2.313,-0.262,-0.383,0.909,5.763,-3.389,-2.947,-0.219,-0.389,0.942,1.687,1.702,-6.412,0.185,-0.373,0.787,-0.962,-1.191,-2.504,btn_C
1780981739.2369184,-0.768,-0.055,0.652,-12.359,10.206,-16.153,-0.622,-0.177,0.673,-32.634,14.328,-11.901,-0.286,-0.448,0.997,-0.237,9.985,1.458,-0.194,-0.394,0.945,1.0,13.702,0.748,0.152,-0.364,0.776,3.817,12.115,2.817,btn_C
1780981739.3399336,-0.723,-0.13,0.498,-69.275,38.374,-77.557,-0.64,-0.348,0.574,-131.84,61.779,-50.55,-0.222,-0.372,0.819,3.84,25.458,7.496,-0.412,-0.457,0.887,18.473,2.634,8.084,0.138,-0.339,0.862,2.344,28.313,5.939,btn_C
1780981739.4558396,-0.78,-0.204,0.628,1.092,10.809,2.008,-0.681,-0.327,0.61,-9.634,-0.382,-0.626,-0.279,-0.42,0.884,0.176,-0.962,0.634,-0.25,-0.414,0.935,0.702,6.634,-0.412,0.126,-0.351,0.803,-1.641,-6.282,0.511,btn_C
1780981739.5540824,-0.791,-0.203,0.611,-1.473,1.771,-0.458,-0.67,-0.33,0.612,-7.115,0.931,0.244,-0.273,-0.414,0.896,-0.611,0.687,0.344,-0.26,-0.414,0.934,0.947,7.336,-0.656,0.131,-0.349,0.806,-1.382,2.458,0.55,btn_C
1780981739.6564605,-0.789,-0.202,0.606,-1.176,1.351,0.374,-0.67,-0.33,0.612,-7.847,0.13,-0.092,-0.273,-0.411,0.884,-0.443,0.397,0.145,-0.255,-0.411,0.936,1.634,7.435,-0.695,0.124,-0.349,0.805,-0.786,2.0,0.076,btn_C
1780981739.7522714,-0.79,-0.204,0.608,-1.519,1.87,-1.366,-0.672,-0.33,0.606,-7.115,0.641,0.244,-0.275,-0.41,0.885,-0.74,0.26,0.053,-0.259,-0.412,0.931,1.084,7.015,-0.855,0.131,-0.352,0.81,-0.695,2.206,0.214,btn_C
1780981739.858625,-0.795,-0.204,0.607,-1.221,2.076,-0.191,-0.67,-0.326,0.609,-7.046,0.718,-0.031,-0.272,-0.412,0.894,-0.038,0.206,0.351,-0.258,-0.412,0.932,1.374,6.817,-0.221,0.131,-0.354,0.806,-0.641,2.504,0.084,btn_C
1780981739.959363,-0.791,-0.206,0.612,-0.824,1.809,-1.237,-0.669,-0.334,0.608,-6.71,0.565,0.122,-0.273,-0.412,0.889,-0.733,0.649,0.053,-0.258,-0.415,0.935,1.519,7.55,0.328,0.122,-0.359,0.797,-0.916,2.336,0.069,btn_C
1780981740.0698364,-0.784,-0.199,0.606,-1.351,1.588,-0.389,-0.67,-0.331,0.615,-6.382,1.214,0.053,-0.28,-0.413,0.899,-0.252,-0.198,-0.252,-0.258,-0.415,0.934,1.153,7.137,-1.069,0.112,-0.355,0.813,-1.031,2.466,0.084,btn_C
1780981740.1703887,-0.795,-0.204,0.602,-1.008,1.153,-0.084,-0.67,-0.329,0.608,-6.351,0.947,-0.214,-0.276,-0.412,0.889,-0.122,0.206,0.45,-0.255,-0.414,0.934,1.351,7.29,-0.595,0.121,-0.351,0.801,-0.519,2.221,0.061,btn_C
1780981742.854412,-0.792,-0.202,0.606,-1.137,1.145,-0.901,-0.677,-0.33,0.606,-6.282,0.351,-0.992,-0.279,-0.416,0.887,-0.435,0.16,-0.153,-0.261,-0.41,0.929,1.183,7.107,-0.611,0.122,-0.351,0.801,-0.763,2.481,-0.122,btn_C
1780981742.9587681,-0.79,-0.201,0.612,-0.649,1.038,-0.924,-0.671,-0.331,0.604,-6.076,0.412,-0.962,-0.274,-0.414,0.894,-0.702,-0.069,-0.183,-0.261,-0.417,0.928,1.534,7.443,0.0,0.116,-0.355,0.802,-0.45,2.695,0.008,btn_C
1780981743.056502,-0.789,-0.195,0.607,-0.71,1.458,-0.519,-0.669,-0.331,0.61,-6.641,0.458,-0.481,-0.275,-0.412,0.893,-0.214,-0.084,0.237,-0.26,-0.414,0.929,1.71,6.901,-1.046,0.128,-0.353,0.804,-0.565,2.748,-0.015,btn_C
1780981743.1556926,-0.795,-0.2,0.606,-0.527,1.359,-0.947,-0.669,-0.331,0.607,-6.336,0.786,0.183,-0.276,-0.415,0.901,-0.481,0.481,-0.084,-0.262,-0.41,0.934,1.679,7.275,-0.336,0.128,-0.358,0.8,-0.588,2.504,-0.061,btn_C
1780981743.2538753,-0.795,-0.2,0.608,-1.26,1.519,-0.893,-0.67,-0.334,0.611,-6.489,0.344,-0.221,-0.278,-0.414,0.89,-0.13,-0.328,-0.237,-0.262,-0.41,0.924,1.58,6.359,-0.595,0.125,-0.347,0.795,-0.481,2.42,-0.183,btn_C
1780981743.3676038,-0.787,-0.198,0.612,-0.496,0.931,-0.794,-0.674,-0.33,0.607,-5.603,1.221,0.443,-0.272,-0.413,0.897,1.053,0.756,0.779,-0.253,-0.414,0.94,2.198,8.008,0.84,0.12,-0.352,0.801,-0.725,2.183,0.649,btn_C
1780981743.459443,-0.973,-0.269,0.771,1.466,1.252,8.962,-0.385,-0.525,1.514,87.405,-40.221,20.985,-0.274,-0.434,0.904,2.969,-5.908,1.321,-0.278,-0.423,0.959,12.809,7.137,0.107,0.099,-0.339,0.775,-7.176,-13.664,-4.679,btn_C
1780981743.5717514,-0.755,-0.095,0.657,29.183,-3.053,22.832,-0.656,-0.226,0.651,32.519,5.099,27.092,-0.261,-0.344,0.793,30.603,-12.023,-3.061,-0.041,-0.205,0.869,-20.611,-10.412,-10.412,0.144,-0.384,0.823,-2.458,-7.962,-6.099,btn_C
1780981743.6720762,-0.749,-0.049,0.625,0.595,-0.252,-2.496,-0.641,-0.16,0.636,-10.221,2.122,4.473,-0.283,-0.35,0.855,-10.618,0.725,-0.794,-0.238,-0.397,0.945,0.641,6.84,-0.748,0.156,-0.36,0.799,0.405,1.061,-0.557,btn_C
1780981743.76895,-0.785,-0.067,0.661,-1.435,0.84,-5.817,-0.644,-0.202,0.739,-8.847,2.389,-1.916,-0.258,-0.393,0.9,-7.702,2.962,-5.122,-0.229,-0.413,0.952,1.076,8.55,-0.191,0.155,-0.358,0.787,0.313,2.328,-0.305,btn_C
1780981743.8719902,-0.773,-0.062,0.624,-0.969,3.489,-12.137,-0.72,-0.219,0.723,-19.42,16.321,-8.244,-0.242,-0.406,0.908,-6.504,2.153,0.405,-0.25,-0.395,0.955,-0.672,6.153,1.008,0.152,-0.364,0.8,0.924,7.267,1.473,btn_C
1780981743.9748905,-0.775,-0.137,0.567,-49.198,29.511,-66.076,-0.687,-0.333,0.587,-117.069,47.931,-49.099,-0.257,-0.411,0.898,4.595,18.137,3.053,-0.274,-0.431,0.91,-4.328,26.611,1.061,0.098,-0.336,0.776,7.359,18.137,2.985,btn_C
1780981744.0857491,-0.759,-0.199,0.611,-4.527,2.893,-1.947,-0.678,-0.332,0.607,-12.611,-2.069,-2.542,-0.28,-0.41,0.888,-5.763,2.641,-0.198,-0.262,-0.409,0.922,-0.534,6.672,-0.916,0.114,-0.349,0.807,-0.817,-1.504,0.557,btn_C
1780981744.1865041,-0.795,-0.204,0.607,-1.046,1.076,-0.313,-0.674,-0.328,0.608,-7.718,0.115,-0.374,-0.271,-0.405,0.893,-0.443,-0.725,0.046,-0.257,-0.413,0.938,1.214,7.458,0.26,0.132,-0.354,0.798,-0.366,1.763,0.45,btn_C
1780981744.2839036,-0.797,-0.203,0.608,-1.634,0.664,0.008,-0.673,-0.331,0.602,-6.779,0.046,-0.496,-0.269,-0.408,0.901,-0.42,-0.038,0.107,-0.256,-0.417,0.925,0.962,6.725,-0.458,0.118,-0.358,0.802,-0.939,2.198,0.008,btn_C
1780981744.3870428,-0.793,-0.206,0.609,-2.115,1.458,-0.962,-0.675,-0.332,0.611,-7.802,0.229,-0.679,-0.273,-0.408,0.891,-0.931,0.145,-0.031,-0.257,-0.42,0.933,1.374,6.832,-0.908,0.12,-0.35,0.799,-0.901,2.435,0.13,btn_C
1780981744.4898324,-0.796,-0.206,0.601,-0.672,1.405,0.336,-0.676,-0.331,0.609,-6.901,0.313,-0.176,-0.275,-0.412,0.882,-0.595,-0.458,0.191,-0.26,-0.413,0.928,1.458,7.26,-0.58,0.119,-0.352,0.803,-0.504,2.58,0.053,btn_C
1780981744.6039085,-0.795,-0.204,0.603,-1.267,1.405,-1.29,-0.676,-0.334,0.604,-6.588,0.183,-0.107,-0.276,-0.416,0.896,-0.275,-0.252,0.626,-0.258,-0.418,0.935,1.328,7.023,-0.015,0.121,-0.348,0.802,-0.74,2.321,0.153,btn_C
1780981744.702838,-0.792,-0.204,0.6,-1.153,1.939,-0.252,-0.67,-0.336,0.61,-6.84,0.382,-0.58,-0.273,-0.413,0.891,-0.511,0.107,-0.046,-0.264,-0.416,0.933,1.519,7.229,-0.275,0.127,-0.353,0.804,-0.618,2.687,0.069,btn_C
1780981744.8031676,-0.792,-0.203,0.606,-0.275,2.176,-1.13,-0.671,-0.332,0.604,-6.809,0.733,-0.435,-0.273,-0.413,0.894,-0.695,0.122,0.282,-0.26,-0.418,0.932,1.573,7.023,-0.679,0.119,-0.357,0.804,-0.565,2.229,0.092,btn_C
1780981747.477022,-0.796,-0.202,0.598,-0.756,2.137,-0.252,-0.676,-0.336,0.604,-6.191,1.046,0.084,-0.276,-0.414,0.893,-0.13,-0.374,0.13,-0.26,-0.418,0.929,1.664,7.351,-0.489,0.125,-0.358,0.799,-0.527,2.435,-0.13,btn_C
1780981747.5798862,-0.794,-0.202,0.603,-0.924,1.634,-1.374,-0.676,-0.338,0.608,-6.267,0.603,-0.321,-0.276,-0.416,0.884,-0.817,0.351,-0.344,-0.258,-0.417,0.933,1.168,7.321,-0.198,0.111,-0.37,0.794,-2.42,4.626,0.748,btn_C
1780981747.683047,-0.793,-0.202,0.601,-0.29,1.405,0.878,-0.673,-0.333,0.602,-6.443,0.641,0.397,-0.278,-0.415,0.894,0.008,-0.031,0.473,-0.266,-0.422,0.928,2.176,7.145,0.13,0.125,-0.358,0.805,0.053,3.481,-0.481,btn_C
1780981747.7903545,-0.796,-0.202,0.602,-1.496,1.191,-2.046,-0.668,-0.335,0.602,-6.672,0.435,-0.985,-0.276,-0.414,0.89,-0.664,-0.008,0.008,-0.263,-0.42,0.927,1.061,7.137,-0.748,0.118,-0.35,0.8,-0.626,2.351,0.397,btn_C
1780981747.88911,-0.798,-0.202,0.602,-0.824,1.794,-0.176,-0.676,-0.336,0.605,-6.618,0.672,-0.55,-0.276,-0.413,0.886,-0.466,0.458,0.458,-0.263,-0.423,0.927,2.122,7.13,-0.168,0.114,-0.358,0.808,0.168,4.13,-0.435,btn_C
1780981747.9921744,-0.793,-0.2,0.607,-1.458,1.74,-2.344,-0.674,-0.343,0.608,-6.42,0.389,-1.137,-0.273,-0.416,0.887,-0.382,-0.282,0.061,-0.263,-0.424,0.927,1.137,6.55,-0.16,0.12,-0.355,0.806,0.0,3.878,-0.153,btn_C
1780981748.0948932,-0.794,-0.203,0.604,-0.557,1.473,-0.061,-0.677,-0.338,0.615,-6.198,0.824,-0.527,-0.274,-0.413,0.89,0.176,-0.031,0.626,-0.262,-0.417,0.924,2.046,7.122,0.046,0.116,-0.36,0.807,-0.023,3.901,-0.557,btn_C
1780981748.2041569,-0.796,-0.201,0.603,-1.878,0.443,-2.191,-0.673,-0.333,0.603,-6.992,0.122,-1.305,-0.273,-0.416,0.891,-1.244,0.389,0.031,-0.265,-0.421,0.922,1.26,7.374,-0.336,0.118,-0.358,0.802,-0.351,3.221,0.122,btn_C
1780981748.3037903,-0.798,-0.204,0.599,-0.397,0.695,-0.076,-0.672,-0.336,0.596,-6.466,0.427,-0.328,-0.273,-0.415,0.885,0.26,-0.076,0.588,-0.264,-0.42,0.928,1.947,6.855,-0.344,0.118,-0.361,0.798,0.237,4.58,-0.443,btn_C
1780981748.4040558,-0.798,-0.206,0.597,-1.542,1.511,-2.145,-0.667,-0.333,0.602,-6.649,0.183,-0.878,-0.276,-0.414,0.889,-0.366,-0.107,0.275,-0.261,-0.423,0.929,1.641,7.321,0.351,0.113,-0.358,0.802,0.183,3.313,0.015,btn_C
1780981748.506943,-0.796,-0.203,0.603,-0.092,1.511,-0.061,-0.669,-0.33,0.601,-6.153,0.771,-0.16,-0.277,-0.412,0.889,0.031,0.206,0.954,-0.26,-0.42,0.94,2.015,7.282,0.153,0.112,-0.352,0.795,0.519,5.275,-0.351,btn_C
1780981748.6101208,-0.794,-0.203,0.602,-1.84,1.298,-2.16,-0.665,-0.333,0.608,-7.122,0.511,-1.099,-0.276,-0.417,0.888,-0.504,0.298,0.046,-0.26,-0.419,0.935,1.298,7.351,-0.565,0.115,-0.354,0.803,-0.26,2.916,-0.076,btn_C
1780981748.721081,-0.798,-0.202,0.607,-0.588,1.687,0.053,-0.678,-0.332,0.603,-6.412,0.595,0.13,-0.277,-0.417,0.888,0.107,-0.405,1.153,-0.263,-0.422,0.922,2.374,6.679,-0.42,0.118,-0.356,0.808,0.45,5.023,-0.626,btn_C
1780981748.8204744,-0.793,-0.204,0.596,-1.809,1.359,-1.977,-0.67,-0.334,0.612,-6.878,0.527,-0.878,-0.276,-0.415,0.889,-0.542,0.603,0.748,-0.268,-0.424,0.934,1.611,7.069,-0.16,0.114,-0.356,0.798,-0.038,3.183,-0.092,btn_C
1780981748.9190295,-0.794,-0.2,0.606,-0.397,1.214,-0.153,-0.679,-0.336,0.605,-6.634,0.702,0.168,-0.277,-0.416,0.893,0.16,0.58,1.282,-0.265,-0.419,0.929,2.496,7.282,0.611,0.12,-0.353,0.802,-0.145,3.466,-0.374,btn_C
1780981749.0217016,-0.796,-0.203,0.601,-1.122,1.58,-1.313,-0.671,-0.334,0.605,-6.427,1.076,-0.435,-0.275,-0.412,0.889,-0.221,-0.702,0.733,-0.262,-0.418,0.931,1.412,6.733,-0.748,0.119,-0.354,0.8,-0.588,2.099,-0.229,btn_C
1780981749.1371396,-0.82,-0.204,0.629,-3.656,3.817,2.0,-0.67,-0.352,0.622,-2.786,2.969,7.038,-0.143,-0.425,0.998,-5.084,7.794,4.267,-0.352,-0.435,0.891,4.718,17.099,1.84,0.127,-0.35,0.805,2.412,14.443,-0.344,btn_C
1780981749.2353694,-0.623,-0.074,0.518,50.229,-44.489,37.87,-0.576,-0.206,0.65,52.412,-21.84,27.519,-0.161,-0.299,0.636,61.366,0.733,2.168,-0.22,-0.413,0.917,15.023,1.489,-1.084,0.129,-0.358,0.78,1.924,-10.656,-4.824,btn_C
1780981749.3352973,-0.651,0.022,0.506,5.0,-6.267,1.389,-0.498,-0.133,0.738,-11.145,-6.275,1.992,-0.199,-0.391,1.0,-18.542,-0.053,-4.0,-0.195,-0.419,0.967,-1.542,11.771,2.221,0.163,-0.369,0.797,2.412,11.061,0.756,btn_C
1780981749.4342644,-0.571,-0.01,0.549,-25.542,20.931,-27.42,-0.454,-0.081,0.5,-52.794,36.649,-27.649,-0.249,-0.317,0.717,-37.496,28.015,5.237,-0.229,-0.385,0.953,-6.916,27.588,8.718,0.161,-0.366,0.793,12.863,37.802,9.725,btn_C
1780981752.1118922,-0.791,-0.199,0.609,-3.405,0.466,-5.405,-0.671,-0.337,0.597,-7.542,-0.237,-2.985,-0.28,-0.416,0.887,-2.214,0.336,-0.344,-0.26,-0.432,0.923,0.427,7.679,-1.076,0.112,-0.354,0.801,0.427,4.565,0.344,btn_C
1780981752.2149472,-0.797,-0.202,0.604,0.634,0.519,1.298,-0.68,-0.332,0.597,-6.031,0.618,-0.321,-0.276,-0.411,0.887,0.962,-0.496,1.069,-0.263,-0.421,0.931,2.702,6.198,0.145,0.118,-0.36,0.801,0.687,5.244,-1.115,btn_C
1780981752.3232553,-0.793,-0.191,0.597,-1.931,0.382,-3.16,-0.677,-0.333,0.6,-6.626,-0.679,-2.809,-0.28,-0.415,0.889,-2.55,-0.527,-1.786,-0.257,-0.426,0.927,-0.58,7.618,-1.244,0.122,-0.363,0.804,-1.679,1.382,1.405,btn_C
1780981752.4229772,-0.794,-0.203,0.606,-0.122,0.817,0.489,-0.681,-0.335,0.599,-6.198,0.847,0.084,-0.277,-0.415,0.884,0.786,-0.275,0.931,-0.261,-0.425,0.927,2.863,6.252,-0.13,0.12,-0.357,0.807,0.023,3.099,-1.023,btn_C
1780981752.5266585,-0.794,-0.193,0.596,-0.916,1.321,-0.45,-0.68,-0.333,0.596,-6.427,0.267,-1.328,-0.281,-0.406,0.89,-1.664,-1.435,-0.893,-0.261,-0.423,0.926,-0.137,6.29,-2.473,0.118,-0.357,0.808,-2.389,-0.603,1.099,btn_C
1780981752.6374454,-0.802,-0.209,0.599,-1.122,3.832,-0.397,-0.677,-0.337,0.597,-6.534,2.473,0.565,-0.283,-0.415,0.896,0.817,0.198,1.015,-0.262,-0.429,0.93,3.664,9.0,-0.366,0.112,-0.353,0.806,-1.718,2.817,-0.809,btn_C
1780981752.7307775,-0.948,-0.304,0.801,8.412,-13.0,10.275,-0.776,-0.414,0.675,0.328,-16.092,1.435,-0.329,-0.394,0.878,3.473,-1.344,0.634,-0.214,-0.479,0.979,-4.771,-11.939,-2.87,0.12,-0.355,0.819,-7.473,-8.389,-4.374,btn_C
1780981752.8345966,-0.753,-0.122,0.64,45.267,-17.962,21.26,-0.603,-0.221,0.656,39.237,-15.779,21.672,-0.263,-0.427,0.913,10.107,-3.626,2.076,-0.233,-0.424,0.953,6.931,-3.954,-3.412,0.143,-0.359,0.796,-6.435,-19.0,-7.725,btn_C
1780981752.938549,-0.824,-0.063,0.682,16.298,-8.168,6.023,-0.551,-0.122,0.7,2.153,-2.198,10.458,-0.219,-0.376,0.905,-6.588,-11.557,-3.855,-0.217,-0.392,0.963,1.519,-5.611,-3.511,0.173,-0.356,0.781,-1.771,-6.847,-0.771,btn_C
1780981753.0393665,-0.805,-0.052,0.698,1.924,-1.0,-1.626,-0.649,-0.171,0.691,-7.244,-0.305,-1.313,-0.231,-0.408,0.901,0.344,-2.84,-0.817,-0.211,-0.411,0.948,2.107,3.87,-1.962,0.178,-0.368,0.787,-0.466,-0.351,-0.725,btn_C
1780981753.1427124,-0.714,-0.034,0.653,-4.969,3.84,-4.359,-0.586,-0.148,0.683,-16.924,7.137,-6.664,-0.224,-0.399,0.901,-3.405,2.893,0.382,-0.202,-0.397,0.949,-2.046,13.618,1.031,0.179,-0.363,0.793,3.809,10.618,3.053,btn_C
1780981753.247866,-0.656,-0.102,0.549,-70.779,41.389,-68.107,-0.583,-0.272,0.54,-127.916,60.145,-47.679,-0.229,-0.442,0.908,-9.893,17.0,4.191,-0.251,-0.425,0.927,-8.832,31.992,5.191,0.068,-0.349,0.796,10.817,34.427,7.779,btn_C
1780981753.348538,-0.781,-0.196,0.604,-9.336,-16.046,-3.298,-0.666,-0.329,0.603,-10.473,-2.008,-0.939,-0.251,-0.427,0.899,-4.748,6.916,2.443,-0.257,-0.427,0.929,0.237,8.336,1.916,0.12,-0.346,0.798,0.855,10.13,1.092,btn_C
1780981753.4611008,-0.8,-0.206,0.604,-4.206,0.519,-4.16,-0.679,-0.333,0.599,-7.664,-0.397,-3.069,-0.256,-0.428,0.892,-2.214,0.824,-0.611,-0.245,-0.427,0.935,-0.229,9.328,-0.931,0.127,-0.355,0.8,-0.618,4.023,1.695,btn_C
1780981753.5562754,-0.791,-0.204,0.599,1.198,-0.038,1.351,-0.673,-0.333,0.599,-6.664,0.099,0.573,-0.262,-0.425,0.89,1.382,0.053,1.107,-0.244,-0.424,0.926,2.916,5.702,0.26,0.13,-0.356,0.802,0.313,5.191,-0.695,btn_C
1780981753.6587398,-0.793,-0.203,0.608,-1.908,0.282,-2.786,-0.677,-0.329,0.607,-7.099,-0.427,-2.611,-0.258,-0.427,0.889,-2.74,-0.511,-1.748,-0.253,-0.422,0.934,-1.427,8.13,-0.924,0.126,-0.361,0.808,-3.191,0.756,1.786,btn_C
1780981753.7724876,-0.798,-0.211,0.6,0.405,1.191,1.206,-0.677,-0.336,0.599,-5.779,1.038,0.496,-0.263,-0.423,0.888,1.42,-0.672,0.359,-0.249,-0.425,0.93,2.435,5.573,-0.611,0.129,-0.36,0.8,-0.672,2.298,-1.0,btn_C
1780981753.8710423,-0.793,-0.205,0.601,-0.725,2.687,0.344,-0.681,-0.329,0.598,-6.969,0.718,0.267,-0.275,-0.416,0.894,-0.198,0.214,-0.618,-0.251,-0.417,0.936,-0.344,7.221,-1.786,0.129,-0.352,0.801,-2.718,-2.947,1.504,btn_C
1780981753.9665742,-0.799,-0.213,0.6,-1.542,3.244,0.534,-0.675,-0.342,0.598,-6.84,1.061,0.206,-0.266,-0.425,0.888,-0.344,1.13,0.305,-0.253,-0.424,0.933,1.847,6.74,-0.427,0.117,-0.352,0.8,-1.427,-0.176,-0.702,btn_C
1780981754.0696778,-0.791,-0.201,0.603,-0.847,1.702,0.237,-0.678,-0.334,0.596,-6.84,0.702,1.26,-0.272,-0.42,0.895,1.0,0.237,1.214,-0.252,-0.414,0.933,2.275,6.947,0.748,0.118,-0.34,0.795,-0.473,3.023,0.008,btn_C
1780981756.7551212,-0.792,-0.198,0.601,-0.611,2.29,0.809,-0.678,-0.334,0.592,-6.374,1.099,0.496,-0.273,-0.412,0.889,0.55,0.817,0.847,-0.262,-0.415,0.939,2.069,7.13,-0.298,0.11,-0.342,0.804,-1.534,0.702,0.496,btn_C
1780981756.8506002,-0.799,-0.211,0.597,-1.588,2.359,-1.115,-0.674,-0.338,0.6,-7.0,1.107,-0.282,-0.271,-0.424,0.884,-0.534,1.053,0.702,-0.258,-0.421,0.927,1.656,7.092,-0.031,0.12,-0.348,0.8,-0.885,2.443,-0.435,btn_C
1780981756.9535425,-0.796,-0.199,0.599,-0.084,1.748,0.107,-0.671,-0.333,0.602,-6.29,0.718,0.076,-0.275,-0.422,0.892,0.565,-0.282,1.206,-0.253,-0.42,0.932,2.634,7.176,0.183,0.122,-0.352,0.811,0.595,4.115,-0.588,btn_C
1780981757.0715039,-0.797,-0.201,0.603,-1.847,1.542,-2.718,-0.675,-0.335,0.593,-7.221,-0.076,-1.649,-0.265,-0.421,0.888,-1.718,-0.229,-0.809,-0.256,-0.426,0.92,0.527,7.611,-0.595,0.113,-0.356,0.802,-0.74,2.29,0.672,btn_C
1780981757.1680439,-0.796,-0.205,0.598,0.443,1.198,0.504,-0.679,-0.333,0.602,-5.817,1.412,0.489,-0.273,-0.419,0.889,1.069,0.275,0.344,-0.257,-0.422,0.936,2.786,6.687,0.534,0.115,-0.355,0.805,0.321,4.389,-1.122,btn_C
1780981757.2698848,-0.795,-0.2,0.606,-2.107,0.992,-3.557,-0.68,-0.339,0.6,-7.328,-0.687,-1.924,-0.268,-0.422,0.882,-1.878,-0.45,-1.115,-0.257,-0.426,0.932,-0.214,7.046,-1.366,0.122,-0.359,0.803,-1.183,1.969,0.779,btn_C
1780981757.3720233,-0.805,-0.208,0.6,1.298,2.038,1.153,-0.674,-0.341,0.62,-6.168,2.954,1.137,-0.273,-0.425,0.898,0.687,2.626,2.351,-0.254,-0.427,0.937,4.137,14.092,0.733,0.13,-0.349,0.787,-0.817,8.405,-2.321,btn_C
1780981757.4684067,-0.577,-0.031,0.269,70.756,-43.977,67.13,-0.449,-0.155,0.602,69.473,-61.115,56.885,-0.201,-0.417,0.8,7.595,-41.626,-9.763,-0.266,-0.386,0.997,3.527,-22.092,-8.42,0.198,-0.379,0.79,-7.282,-6.382,-6.023,btn_C
1780981757.5732882,-0.748,0.014,0.572,13.687,-12.595,7.565,-0.597,-0.109,0.608,-2.137,-8.198,10.969,-0.244,-0.375,0.895,0.71,-11.519,-4.824,-0.198,-0.42,0.959,2.038,0.809,-5.122,0.182,-0.373,0.797,-2.847,-4.756,-3.55,btn_C
1780981757.6879175,-0.701,0.002,0.658,-2.695,1.473,-3.634,-0.583,-0.119,0.708,-14.321,5.832,-1.145,-0.212,-0.366,0.889,-2.817,3.603,-0.573,-0.193,-0.408,0.955,-1.351,12.611,0.031,0.183,-0.353,0.795,0.718,1.573,2.336,btn_C
1780981757.77806,-0.79,-0.039,0.721,-1.145,7.015,-11.046,-0.691,-0.178,0.716,-12.389,9.26,-9.45,-0.295,-0.428,0.915,-7.389,6.374,-1.809,-0.23,-0.436,0.93,0.687,9.42,-0.275,0.164,-0.356,0.784,0.191,0.145,0.534,btn_C
1780981757.880822,-0.686,-0.056,0.608,-36.725,33.885,-53.137,-0.493,-0.154,0.528,-72.542,46.702,-40.382,-0.248,-0.43,0.901,-4.031,14.015,3.71,-0.243,-0.422,0.922,1.55,27.366,5.794,0.162,-0.347,0.796,11.611,28.58,8.863,btn_C
1780981757.9839764,-0.472,0.011,0.14,-29.366,-36.863,6.656,-0.704,-0.33,0.569,-3.107,4.389,0.489,-0.309,-0.432,0.866,21.176,-3.374,1.397,-0.248,-0.455,0.929,7.42,-9.794,-1.237,0.123,-0.351,0.81,-5.618,-7.298,0.511,btn_C
1780981758.0873542,-0.794,-0.212,0.597,-2.74,-3.336,-0.008,-0.676,-0.332,0.589,-8.511,-1.863,0.771,-0.264,-0.424,0.892,0.313,-0.885,0.496,-0.238,-0.432,0.938,1.794,6.405,0.443,0.117,-0.354,0.811,1.145,6.58,0.244,btn_C
1780981758.20108,-0.787,-0.198,0.603,-2.733,2.313,-3.031,-0.682,-0.325,0.593,-8.084,-0.595,-1.893,-0.268,-0.422,0.882,-2.664,-0.626,-1.412,-0.248,-0.435,0.928,-0.87,8.351,-1.962,0.122,-0.351,0.801,-2.893,-0.74,1.412,btn_C
1780981758.3035433,-0.802,-0.212,0.604,-0.611,0.427,0.878,-0.675,-0.336,0.597,-6.931,0.084,1.198,-0.268,-0.43,0.886,1.435,-0.863,0.817,-0.251,-0.433,0.923,2.863,5.618,-0.16,0.116,-0.354,0.809,-0.489,2.939,-1.008,btn_C
1780981758.3958735,-0.794,-0.204,0.601,-1.328,2.038,0.053,-0.678,-0.328,0.602,-7.16,0.435,0.122,-0.281,-0.417,0.89,-1.023,0.321,-0.588,-0.255,-0.427,0.938,-0.061,7.389,-1.229,0.124,-0.341,0.803,-2.695,-2.885,1.527,btn_C
1780981758.4990027,-0.792,-0.218,0.61,-1.802,2.809,1.573,-0.675,-0.337,0.594,-6.954,0.947,0.817,-0.271,-0.426,0.883,0.137,0.366,0.824,-0.25,-0.437,0.925,2.107,6.321,-0.313,0.123,-0.351,0.803,-1.16,0.931,-0.687,btn_C
1780981758.6029284,-0.793,-0.198,0.598,-1.595,1.473,0.725,-0.677,-0.333,0.598,-6.763,0.16,0.641,-0.271,-0.419,0.887,0.977,0.588,1.588,-0.25,-0.428,0.926,2.115,6.832,0.489,0.116,-0.339,0.805,-0.191,3.489,-0.168,btn_C
1780981758.7214177,-0.792,-0.204,0.612,-1.656,3.076,-2.916,-0.677,-0.339,0.6,-7.198,0.863,-1.084,-0.272,-0.426,0.885,-1.053,1.244,0.588,-0.256,-0.435,0.923,1.55,7.962,-0.206,0.116,-0.348,0.797,-0.023,3.786,-0.26,btn_C
1780981761.3826299,-0.799,-0.203,0.599,-2.305,1.55,-3.351,-0.67,-0.337,0.594,-6.794,0.053,-2.305,-0.272,-0.425,0.884,-1.588,-0.084,-0.924,-0.251,-0.442,0.918,0.611,7.985,-1.076,0.12,-0.352,0.81,-0.611,2.725,0.58,btn_C
1780981761.4858747,-0.797,-0.203,0.601,0.069,1.229,0.802,-0.677,-0.333,0.596,-5.901,0.924,0.763,-0.275,-0.427,0.886,1.115,-0.252,0.855,-0.25,-0.435,0.93,2.473,6.725,0.214,0.115,-0.354,0.802,0.496,4.878,-0.687,btn_C
1780981761.6039448,-0.8,-0.202,0.599,-1.473,1.031,-2.733,-0.678,-0.331,0.596,-6.947,-0.275,-2.496,-0.273,-0.422,0.889,-2.237,-0.443,-1.74,-0.25,-0.437,0.925,-0.191,7.504,-1.366,0.115,-0.355,0.814,-1.832,0.603,1.42,btn_C
1780981761.6974747,-0.8,-0.209,0.598,-0.145,1.038,1.13,-0.677,-0.339,0.604,-6.275,0.962,0.16,-0.277,-0.423,0.891,0.603,-0.344,0.359,-0.251,-0.438,0.923,2.504,6.634,0.015,0.121,-0.354,0.801,-0.168,3.313,-0.893,btn_C
1780981761.7956636,-0.802,-0.201,0.597,-1.282,1.702,-1.031,-0.682,-0.336,0.602,-6.603,0.649,-0.786,-0.279,-0.417,0.888,-1.191,-0.855,-1.076,-0.253,-0.43,0.935,-0.145,7.351,-2.061,0.121,-0.359,0.806,-3.015,-2.328,1.489,btn_C
1780981761.8992064,-0.799,-0.204,0.599,-0.855,1.908,0.573,-0.675,-0.337,0.594,-6.573,1.221,0.122,-0.272,-0.426,0.883,0.16,0.618,0.137,-0.251,-0.433,0.922,2.153,6.366,-0.29,0.115,-0.35,0.812,-0.855,1.053,-0.969,btn_C
1780981762.0010862,-0.793,-0.199,0.601,-1.473,2.87,-0.672,-0.674,-0.34,0.595,-6.45,2.137,0.84,-0.272,-0.423,0.885,0.206,1.779,1.42,-0.254,-0.429,0.936,1.282,9.748,0.267,0.109,-0.339,0.788,-0.695,0.282,1.046,btn_C
1780981762.1174674,-1.385,-0.296,0.948,65.74,-13.053,39.733,-0.971,-0.318,0.478,94.817,-10.267,6.336,-0.281,-0.503,0.889,6.237,-23.038,4.656,-0.338,-0.447,0.863,1.015,-17.511,-1.519,0.103,-0.352,0.795,-10.565,-31.275,-10.664,btn_C
1780981762.2171018,-0.633,-0.044,0.572,38.328,-13.626,25.26,-0.606,-0.137,0.51,22.695,-8.771,25.763,-0.189,-0.272,0.866,21.626,-18.282,8.473,-0.217,-0.403,0.903,-1.763,-6.046,-2.069,0.169,-0.361,0.779,-4.328,-6.496,-5.389,btn_C
1780981762.311674,-0.838,-0.063,0.699,4.832,1.435,-5.145,-0.775,-0.12,0.658,-2.359,6.076,-6.672,-0.273,-0.35,0.897,-1.489,1.153,6.244,-0.23,-0.426,0.924,0.725,4.527,-1.809,0.174,-0.365,0.787,-0.038,0.351,-0.031,btn_C
1780981762.4147153,-0.779,-0.077,0.674,5.641,-3.42,-7.244,-0.61,-0.191,0.66,-16.649,-1.351,-14.015,-0.266,-0.334,0.871,-12.901,-0.031,1.931,-0.225,-0.415,0.917,0.565,4.878,-0.466,0.178,-0.368,0.804,2.382,7.031,0.359,btn_C
1780981762.5159838,-0.654,-0.07,0.566,-38.939,25.809,-59.695,-0.672,-0.282,0.614,-103.336,34.634,-56.557,-0.263,-0.512,0.644,8.305,39.504,7.26,-0.281,-0.424,0.893,-11.214,46.298,4.626,0.107,-0.372,0.841,11.954,26.58,8.153,btn_C
1780981762.619118,-0.789,-0.171,0.609,-25.74,9.557,-6.489,-0.646,-0.357,0.632,-5.427,4.26,2.603,-0.302,-0.413,0.881,-1.855,4.817,2.504,-0.245,-0.439,0.931,2.466,10.237,0.359,0.118,-0.351,0.805,-0.863,1.84,0.649,btn_C
1780981762.7363126,-0.795,-0.196,0.605,-14.687,7.13,-3.947,-0.661,-0.351,0.615,-5.679,2.954,0.466,-0.301,-0.408,0.878,-0.947,1.656,1.412,-0.255,-0.43,0.929,1.122,8.504,-0.794,0.122,-0.353,0.806,-1.718,0.26,1.198,btn_C
1780981762.836555,-0.799,-0.226,0.599,-6.374,4.443,-1.733,-0.654,-0.351,0.608,-6.924,2.053,1.405,-0.302,-0.412,0.879,-0.206,1.008,1.29,-0.256,-0.44,0.923,1.908,8.321,-0.122,0.126,-0.352,0.803,-0.656,2.015,-0.115,btn_C
1780981762.9279838,-0.792,-0.21,0.592,-5.0,2.534,-1.947,-0.661,-0.339,0.605,-5.718,1.389,0.191,-0.301,-0.411,0.881,0.015,0.87,1.634,-0.254,-0.434,0.936,2.237,7.565,0.153,0.13,-0.342,0.799,-0.328,3.511,0.496,btn_C
1780981763.0333264,-0.789,-0.218,0.577,-6.924,6.427,0.023,-0.665,-0.349,0.611,-6.168,2.908,-2.038,-0.303,-0.416,0.879,-1.779,0.756,0.779,-0.256,-0.436,0.92,0.252,7.992,-0.504,0.124,-0.347,0.798,0.229,1.885,0.305,btn_C
1780981763.135596,-0.817,-0.23,0.613,-4.878,1.252,-1.298,-0.666,-0.341,0.605,-6.282,-0.366,0.0,-0.3,-0.412,0.884,0.55,-0.13,0.87,-0.251,-0.435,0.927,2.359,6.13,0.176,0.126,-0.346,0.803,1.015,5.084,-0.748,btn_C
1780981763.2371798,-0.801,-0.212,0.584,-2.817,1.756,-0.198,-0.658,-0.342,0.615,-6.634,-0.191,-3.076,-0.295,-0.414,0.88,-2.641,0.183,-0.061,-0.252,-0.441,0.92,0.29,8.389,-0.878,0.121,-0.352,0.792,-0.405,3.542,0.824,btn_C
1780981763.3549852,-0.794,-0.225,0.583,0.496,-0.275,0.87,-0.664,-0.346,0.604,-5.618,0.458,0.489,-0.301,-0.413,0.878,1.313,-0.45,0.794,-0.255,-0.436,0.927,3.061,5.71,-0.26,0.118,-0.353,0.813,0.115,4.405,-1.008,btn_C
1780981766.0206623,-0.799,-0.219,0.587,0.069,1.046,0.924,-0.665,-0.34,0.619,-5.893,0.779,0.13,-0.302,-0.413,0.882,0.595,0.221,0.45,-0.255,-0.431,0.923,2.351,6.282,-0.351,0.111,-0.344,0.804,0.603,4.023,-0.687,btn_C
1780981766.1226752,-0.798,-0.213,0.588,-1.718,0.137,-3.015,-0.66,-0.34,0.616,-6.626,0.023,-1.748,-0.302,-0.411,0.885,-1.71,0.031,-0.298,-0.254,-0.442,0.918,0.809,7.359,-0.733,0.11,-0.352,0.81,-0.817,2.42,0.473,btn_C
1780981766.2328565,-0.801,-0.218,0.589,0.519,0.634,0.527,-0.665,-0.342,0.616,-6.031,0.87,0.405,-0.3,-0.409,0.881,0.511,-0.069,1.16,-0.259,-0.435,0.921,2.344,6.504,0.435,0.122,-0.348,0.805,-0.313,2.466,-0.328,btn_C
1780981766.337847,-0.846,-0.22,0.642,0.0,-0.962,-1.534,-0.657,-0.34,0.61,-4.618,0.176,-1.412,-0.302,-0.408,0.88,-1.145,1.504,0.038,-0.256,-0.438,0.916,-0.206,7.023,-1.855,0.112,-0.353,0.812,-1.176,1.427,1.031,btn_C
1780981766.4561813,-0.808,-0.225,0.6,5.809,1.351,3.183,-0.658,-0.337,0.632,4.038,7.962,4.809,-0.309,-0.406,0.9,1.916,4.542,1.237,-0.227,-0.455,0.955,3.45,15.229,-0.366,0.104,-0.343,0.82,0.366,8.55,-4.962,btn_C
1780981766.5334547,-0.719,-0.029,0.441,64.481,-56.504,58.809,-0.526,-0.154,0.487,49.321,-37.947,45.534,-0.258,-0.433,1.327,-5.87,-10.466,-94.893,-0.224,-0.443,0.935,2.74,1.794,1.718,0.158,-0.369,0.814,-0.412,0.069,-1.679,btn_C
1780981766.6387916,-0.747,-0.056,0.681,-0.069,-5.336,3.214,-0.607,-0.196,0.751,-3.244,-6.412,2.786,-0.2,-0.412,0.971,-2.84,-7.649,-1.221,-0.209,-0.43,0.951,4.336,5.183,-1.26,0.157,-0.358,0.806,-2.359,-0.74,-1.679,btn_C
1780981766.752359,-0.719,-0.023,0.649,0.672,3.718,-0.939,-0.591,-0.154,0.646,-8.809,5.076,0.977,-0.241,-0.346,0.795,-0.42,2.679,-5.748,-0.201,-0.401,0.94,-1.382,11.397,-0.244,0.178,-0.348,0.801,-0.076,5.008,2.573,btn_C
1780981766.8522093,-0.738,-0.044,0.593,-20.885,21.695,-23.084,-0.557,-0.152,0.537,-40.435,15.58,-22.092,-0.291,-0.57,1.352,-10.527,5.985,3.496,-0.232,-0.458,0.973,-4.885,28.038,4.733,0.159,-0.37,0.809,7.443,28.947,7.817,btn_C
1780981766.9474404,-2.0,-1.229,2.0,-20.191,-32.435,-9.786,-0.637,-0.344,0.502,-7.87,-28.962,-8.122,-0.295,-0.398,0.88,-0.282,-9.565,-2.282,-0.285,-0.436,0.905,0.122,2.901,0.198,0.111,-0.356,0.81,0.573,-5.695,0.855,btn_C
1780981767.049926,-0.79,-0.192,0.626,-2.969,0.168,-0.267,-0.68,-0.313,0.599,-6.74,1.076,-0.611,-0.29,-0.403,0.889,1.649,0.45,0.679,-0.26,-0.439,0.92,1.687,6.244,0.183,0.106,-0.346,0.802,-0.954,5.176,1.473,btn_C
1780981767.1524181,-0.793,-0.184,0.616,1.084,-1.481,1.962,-0.68,-0.312,0.603,-6.908,-1.153,0.382,-0.299,-0.398,0.892,0.153,-0.718,0.733,-0.263,-0.428,0.923,1.84,7.198,-0.023,0.11,-0.341,0.817,1.176,3.359,-0.084,btn_C
1780981767.2706704,-0.794,-0.182,0.612,-2.237,1.061,-4.16,-0.678,-0.314,0.603,-6.42,-0.069,-2.977,-0.297,-0.4,0.893,-0.962,-0.58,-0.954,-0.26,-0.432,0.917,-0.206,7.229,-1.511,0.116,-0.354,0.811,-1.824,1.885,0.809,btn_C
1780981767.369581,-0.798,-0.19,0.615,0.595,0.916,2.198,-0.678,-0.316,0.607,-6.473,-0.015,0.618,-0.294,-0.398,0.893,0.748,0.328,0.511,-0.26,-0.43,0.927,2.809,5.382,-0.237,0.119,-0.353,0.804,-0.504,2.626,-0.908,btn_C
1780981767.4697437,-0.791,-0.182,0.616,-1.275,2.542,-2.183,-0.681,-0.313,0.609,-5.924,0.473,-2.183,-0.301,-0.397,0.896,-0.115,-0.221,-1.198,-0.258,-0.43,0.916,-0.382,7.107,-1.687,0.117,-0.35,0.813,-3.664,-0.817,1.389,btn_C
1780981767.5709853,-0.791,-0.191,0.616,-0.916,2.046,1.489,-0.679,-0.318,0.604,-6.916,0.382,0.267,-0.298,-0.401,0.893,-0.435,-0.038,0.977,-0.266,-0.435,0.918,2.779,5.87,0.092,0.107,-0.35,0.809,-0.397,2.366,-1.145,btn_C
1780981767.6660426,-0.791,-0.181,0.619,-1.328,1.351,0.229,-0.681,-0.316,0.608,-6.634,0.687,0.412,-0.295,-0.4,0.89,0.076,0.099,0.298,-0.263,-0.43,0.939,2.153,7.076,-0.023,0.109,-0.334,0.803,-0.542,2.947,0.267,btn_C
1780981767.769172,-0.794,-0.187,0.613,-1.145,2.282,-0.771,-0.683,-0.319,0.604,-6.267,1.58,-0.061,-0.296,-0.401,0.889,-0.824,0.206,0.405,-0.265,-0.435,0.925,1.863,7.13,-0.183,0.114,-0.344,0.795,-0.397,2.863,-0.351,btn_C
1780981767.8864703,-0.791,-0.178,0.618,-0.389,1.244,0.626,-0.68,-0.315,0.605,-6.916,1.069,1.061,-0.3,-0.396,0.891,0.473,-0.206,0.565,-0.265,-0.427,0.926,2.603,6.855,0.42,0.113,-0.338,0.8,-0.229,3.809,-0.389,btn_C
1780981767.988407,-0.794,-0.189,0.614,-3.389,3.954,-4.412,-0.681,-0.323,0.597,-7.786,0.786,-1.466,-0.293,-0.406,0.882,-1.397,0.802,-0.153,-0.263,-0.435,0.922,1.779,7.176,0.565,0.105,-0.337,0.8,-0.214,3.031,-0.458,btn_C
1780981770.6542306,-0.798,-0.193,0.602,-1.115,2.122,-0.656,-0.678,-0.326,0.609,-6.542,0.763,-0.046,-0.297,-0.404,0.892,-0.298,-0.42,0.038,-0.258,-0.432,0.927,1.511,6.718,-0.076,0.112,-0.348,0.803,-0.817,1.29,-0.336,btn_C
1780981770.7677233,-0.792,-0.188,0.602,-0.527,1.794,-0.122,-0.674,-0.327,0.605,-6.74,0.473,0.656,-0.292,-0.398,0.889,0.099,-0.366,0.42,-0.26,-0.432,0.924,2.061,6.595,-0.099,0.108,-0.341,0.801,-0.519,2.29,0.282,btn_C
1780981770.8614974,-0.797,-0.199,0.606,-2.061,2.58,-1.992,-0.676,-0.328,0.607,-6.618,1.176,-0.183,-0.293,-0.406,0.886,-0.618,0.267,-0.26,-0.26,-0.435,0.921,1.427,6.626,-0.176,0.11,-0.347,0.803,-0.565,2.763,-0.313,btn_C
1780981770.9624655,-0.791,-0.189,0.61,-0.084,1.794,0.176,-0.678,-0.321,0.602,-6.519,0.405,0.534,-0.296,-0.4,0.884,0.214,-0.565,0.16,-0.261,-0.437,0.92,2.305,6.84,0.038,0.105,-0.353,0.806,0.672,4.267,-0.595,btn_C
1780981771.0652597,-0.795,-0.186,0.61,-1.611,0.649,-2.595,-0.678,-0.328,0.604,-6.466,0.321,-1.481,-0.288,-0.405,0.886,-0.794,-0.267,-0.641,-0.259,-0.437,0.927,0.908,7.366,-0.611,0.11,-0.35,0.803,-0.107,2.939,0.092,btn_C
1780981771.1716638,-0.798,-0.187,0.61,0.328,0.366,1.0,-0.676,-0.323,0.605,-5.29,0.672,0.779,-0.292,-0.404,0.9,0.916,0.656,0.443,-0.258,-0.433,0.935,2.641,6.885,0.229,0.108,-0.349,0.828,0.214,3.656,-0.641,btn_C
1780981771.2860694,-1.333,-0.074,0.485,61.748,-10.122,45.763,-0.786,-0.356,0.596,126.489,-24.191,-33.16,-0.319,-0.402,0.917,-8.702,-38.244,-2.229,-0.271,-0.416,0.892,1.809,-3.603,-8.641,0.12,-0.353,0.801,-15.489,-30.55,-12.221,btn_C
1780981771.3893063,-0.759,-0.078,0.638,8.405,-9.313,5.603,-0.677,-0.287,0.795,13.168,-6.924,5.435,-0.208,-0.425,1.008,12.985,-8.427,-9.321,-0.25,-0.442,0.934,7.443,0.466,-2.366,0.147,-0.367,0.788,1.145,-6.328,-5.397,btn_C
1780981771.477519,-0.648,-0.023,0.6,-5.893,0.84,-0.26,-0.53,-0.155,0.675,-12.595,2.87,0.031,-0.174,-0.333,0.937,-4.389,6.466,-3.168,-0.188,-0.417,0.953,-5.344,16.008,2.382,0.167,-0.368,0.794,0.947,9.756,4.305,btn_C
1780981771.582853,-0.813,-0.104,0.721,-6.015,5.466,-4.634,-0.671,-0.25,0.723,-8.481,4.023,-4.511,-0.281,-0.386,0.931,0.534,3.191,0.145,-0.234,-0.438,0.929,2.412,6.855,-0.893,0.156,-0.363,0.792,-1.634,-0.122,-0.29,btn_C
1780981771.6834354,-0.598,-0.012,0.486,-43.626,21.641,-35.038,-0.472,-0.117,0.382,-83.939,27.504,-30.374,-0.228,-0.313,0.695,-58.878,27.168,6.275,-0.21,-0.427,0.953,-8.397,30.985,6.359,0.146,-0.354,0.801,11.939,34.87,10.107,btn_C
1780981771.7862427,-0.773,-0.256,0.672,-3.893,6.924,-2.038,-0.652,-0.333,0.621,-5.466,-2.481,-1.908,-0.281,-0.401,0.896,-1.496,3.42,-0.046,-0.249,-0.44,0.925,1.588,17.863,0.206,0.112,-0.345,0.806,1.672,11.244,2.855,btn_C
1780981771.9024296,-0.789,-0.204,0.598,0.458,3.374,1.076,-0.675,-0.325,0.61,-6.855,0.382,0.443,-0.29,-0.398,0.889,-0.313,1.038,1.008,-0.26,-0.435,0.923,2.817,5.802,-0.031,0.115,-0.343,0.812,0.725,0.427,0.26,btn_C
1780981772.0040717,-0.798,-0.205,0.593,-1.947,1.107,-3.344,-0.674,-0.324,0.602,-6.87,1.038,-1.756,-0.289,-0.408,0.884,-1.282,-0.267,-0.008,-0.255,-0.437,0.921,0.55,8.466,-0.275,0.116,-0.353,0.808,0.076,4.382,0.573,btn_C
1780981772.1020005,-0.798,-0.204,0.6,0.565,0.237,2.206,-0.674,-0.329,0.607,-6.496,0.466,1.496,-0.286,-0.405,0.892,0.389,0.061,1.198,-0.254,-0.432,0.931,2.634,5.786,0.229,0.115,-0.347,0.803,1.542,3.969,-0.588,btn_C
1780981772.1985767,-0.798,-0.198,0.605,-1.962,0.237,-3.29,-0.664,-0.324,0.602,-6.733,-0.275,-1.496,-0.285,-0.403,0.879,-1.718,0.206,-1.008,-0.251,-0.436,0.917,0.099,8.084,-1.397,0.11,-0.36,0.813,-1.74,1.977,0.618,btn_C
1780981772.3013513,-0.802,-0.201,0.598,0.183,1.115,0.992,-0.669,-0.333,0.609,-6.458,0.053,1.038,-0.292,-0.408,0.894,0.664,-0.832,1.061,-0.257,-0.437,0.927,2.397,5.832,-0.511,0.108,-0.354,0.805,-0.359,2.733,-0.985,btn_C
1780981772.4172208,-0.798,-0.194,0.604,-1.099,2.0,-0.809,-0.677,-0.321,0.608,-6.229,0.229,-0.87,-0.292,-0.403,0.885,-1.718,-0.771,-1.573,-0.254,-0.431,0.927,-1.504,6.992,-2.481,0.119,-0.354,0.811,-3.863,-2.382,1.687,btn_C
1780981772.5071754,-0.803,-0.212,0.594,-0.954,2.038,1.092,-0.676,-0.333,0.602,-6.672,1.038,1.008,-0.29,-0.404,0.881,0.496,-0.542,0.328,-0.259,-0.435,0.927,2.275,6.015,0.092,0.106,-0.353,0.811,-0.794,1.58,-1.389,btn_C
1780981772.6107554,-0.799,-0.2,0.597,-0.672,2.13,0.931,-0.675,-0.334,0.606,-6.916,0.893,0.962,-0.292,-0.402,0.891,0.16,0.153,0.672,-0.261,-0.422,0.934,0.824,6.802,-1.176,0.105,-0.336,0.811,-2.573,-0.702,0.794,btn_C
1780981775.291447,-0.801,-0.195,0.597,-1.618,1.863,-1.718,-0.677,-0.328,0.606,-6.206,-0.023,-1.71,-0.297,-0.402,0.889,-1.84,-0.534,-1.092,-0.26,-0.433,0.926,-0.29,7.328,-1.885,0.106,-0.355,0.808,-2.458,-0.55,1.626,btn_C
1780981775.3918202,-0.8,-0.203,0.595,-0.328,1.351,0.359,-0.671,-0.339,0.605,-6.191,0.412,-0.305,-0.292,-0.408,0.886,0.344,0.0,0.611,-0.257,-0.433,0.921,2.244,6.153,-0.863,0.111,-0.353,0.8,-0.595,1.954,-0.748,btn_C
1780981775.5022273,-0.793,-0.199,0.603,-1.183,1.748,-0.656,-0.672,-0.327,0.606,-6.557,0.435,-0.824,-0.296,-0.401,0.887,-0.611,-0.084,-0.061,-0.266,-0.428,0.93,0.542,7.191,-1.466,0.109,-0.345,0.815,-2.023,-1.603,1.038,btn_C
1780981775.5975468,-0.802,-0.207,0.594,-1.389,2.137,-0.008,-0.669,-0.334,0.606,-6.45,0.679,-0.824,-0.295,-0.405,0.889,-0.176,0.595,0.74,-0.264,-0.433,0.915,1.84,6.84,-0.45,0.1,-0.352,0.799,-0.588,1.702,-0.557,btn_C
1780981775.7015812,-0.797,-0.199,0.592,-0.115,2.42,-0.206,-0.673,-0.328,0.615,-6.42,0.359,-0.756,-0.298,-0.406,0.891,0.168,0.137,1.267,-0.265,-0.431,0.929,1.817,7.252,0.137,0.108,-0.334,0.801,-0.802,2.275,0.435,btn_C
1780981775.8193016,-0.804,-0.206,0.593,-1.817,2.282,-1.595,-0.67,-0.335,0.61,-6.389,0.603,-1.092,-0.294,-0.41,0.881,-0.473,0.382,0.71,-0.266,-0.433,0.917,1.817,7.221,0.0,0.104,-0.346,0.807,-0.344,2.855,-0.557,btn_C
1780981775.9184594,-0.801,-0.193,0.604,-1.267,2.099,-0.618,-0.67,-0.33,0.619,-7.305,1.603,-0.534,-0.254,-0.41,0.909,-0.42,-0.924,-0.901,-0.265,-0.431,0.926,1.817,7.481,0.382,0.101,-0.348,0.802,1.198,2.565,0.153,btn_C
1780981776.011387,-1.243,-0.527,0.917,56.0,-19.298,9.42,-0.748,-0.406,0.789,105.031,2.115,-13.198,-0.371,-0.416,0.894,-20.214,-27.153,0.626,-0.362,-0.437,0.85,-1.473,-9.588,-7.603,0.077,-0.356,0.785,-13.443,-37.466,-13.916,btn_C
1780981776.112978,-0.751,-0.091,0.646,40.221,-17.244,23.336,-0.705,-0.268,0.734,40.557,-12.985,21.832,-0.311,-0.429,0.872,34.763,-16.466,-5.038,-0.299,-0.492,0.919,0.656,-16.031,-12.656,0.157,-0.354,0.766,-5.321,-19.229,-9.412,btn_C
1780981776.2171478,-0.781,-0.051,0.655,0.244,11.481,-13.481,-0.682,-0.222,0.674,-13.092,12.534,-8.947,-0.284,-0.424,0.893,-8.076,8.053,-0.458,-0.233,-0.445,0.929,-4.313,8.573,-0.763,0.17,-0.366,0.793,0.145,3.565,1.672,btn_C
1780981776.3208706,-0.831,-0.076,0.663,0.969,-1.42,-0.725,-0.665,-0.231,0.683,-7.084,-4.397,-0.802,-0.249,-0.429,0.901,-3.298,-5.168,-1.366,-0.22,-0.429,0.927,5.634,0.008,-1.183,0.182,-0.364,0.792,0.595,0.863,0.046,btn_C
1780981776.4358284,-0.629,-0.036,0.564,-19.74,18.29,-20.481,-0.549,-0.14,0.507,-51.939,32.389,-15.069,-0.229,-0.402,0.887,-7.733,14.328,2.229,-0.207,-0.43,0.921,-8.802,26.191,2.13,0.16,-0.36,0.804,6.588,25.069,8.603,btn_C
1780981776.5337994,-0.919,-0.281,0.697,-15.275,-9.763,15.71,-0.732,-0.342,0.487,-4.198,-14.427,1.992,-0.313,-0.419,0.874,15.282,-11.107,-0.863,-0.263,-0.448,0.933,14.405,-12.695,-0.641,0.139,-0.364,0.817,-4.985,-7.305,-1.053,btn_C
1780981776.6279688,-0.792,-0.216,0.591,-4.008,-2.45,-2.931,-0.673,-0.334,0.603,-7.672,0.611,0.649,-0.282,-0.421,0.888,-2.45,1.466,1.183,-0.252,-0.432,0.93,0.244,9.527,0.267,0.11,-0.33,0.797,-1.351,4.244,1.244,btn_C
1780981776.730919,-0.805,-0.225,0.598,-1.832,2.206,1.344,-0.674,-0.346,0.59,-6.847,0.588,0.504,-0.29,-0.426,0.878,1.924,0.649,1.168,-0.251,-0.441,0.927,2.427,6.214,-0.076,0.122,-0.347,0.801,-1.176,0.702,0.382,btn_C
1780981776.8337958,-0.793,-0.204,0.589,-0.473,1.412,0.557,-0.674,-0.335,0.604,-6.557,0.443,0.847,-0.288,-0.42,0.887,0.481,0.229,0.901,-0.252,-0.435,0.925,2.069,7.031,0.29,0.108,-0.344,0.812,0.45,2.756,0.672,btn_C
1780981776.9494615,-0.799,-0.206,0.596,-2.603,2.786,-1.366,-0.675,-0.336,0.6,-7.069,0.107,-1.756,-0.288,-0.424,0.877,-1.634,1.031,-0.275,-0.246,-0.438,0.921,0.397,8.076,-0.321,0.118,-0.351,0.801,-0.954,3.588,0.885,btn_C
1780981777.0516407,-0.795,-0.209,0.597,0.847,0.611,1.298,-0.67,-0.335,0.597,-5.702,0.863,0.718,-0.289,-0.424,0.884,1.053,-0.145,0.626,-0.25,-0.438,0.932,2.328,6.725,0.824,0.12,-0.347,0.801,0.702,3.618,-0.328,btn_C
1780981777.1521993,-0.797,-0.203,0.594,-2.366,1.038,-3.16,-0.672,-0.338,0.599,-7.069,-0.145,-2.718,-0.287,-0.425,0.882,-2.321,-0.26,-0.885,-0.252,-0.439,0.924,-0.305,7.718,-1.282,0.119,-0.354,0.804,-1.74,1.794,1.191,btn_C
1780981777.2459013,-0.799,-0.209,0.594,0.198,1.13,1.038,-0.675,-0.336,0.596,-6.191,0.87,-0.046,-0.289,-0.421,0.885,0.832,0.084,0.153,-0.254,-0.437,0.925,2.687,5.595,-0.481,0.127,-0.356,0.813,0.038,3.344,-0.977,btn_C
1780981779.9354315,-0.794,-0.204,0.595,-0.443,1.634,-0.046,-0.678,-0.34,0.597,-6.092,0.71,0.023,-0.289,-0.422,0.876,0.466,0.344,0.519,-0.256,-0.435,0.928,2.466,6.237,0.42,0.114,-0.344,0.798,0.42,3.901,-0.534,btn_C
1780981780.0287035,-0.796,-0.214,0.599,-2.229,2.076,-1.947,-0.671,-0.34,0.59,-6.588,1.061,-0.664,-0.292,-0.418,0.874,-0.099,0.221,0.527,-0.256,-0.436,0.925,2.0,6.962,0.229,0.109,-0.348,0.809,-0.107,3.359,-0.351,btn_C
1780981780.129945,-0.794,-0.202,0.594,-0.145,1.443,0.29,-0.677,-0.342,0.596,-6.267,0.519,0.427,-0.288,-0.419,0.886,0.305,0.733,0.832,-0.257,-0.435,0.922,2.168,7.168,0.351,0.11,-0.35,0.81,1.221,5.252,-0.702,btn_C
1780981780.2353938,-0.797,-0.204,0.594,-2.435,0.756,-3.786,-0.666,-0.34,0.595,-6.771,0.206,-1.153,-0.289,-0.422,0.877,-1.405,0.015,-0.344,-0.256,-0.439,0.917,1.26,8.084,-0.321,0.113,-0.35,0.799,0.344,3.954,0.099,btn_C
1780981780.3784745,-0.798,-0.204,0.598,0.435,0.397,0.405,-0.668,-0.323,0.601,-5.412,1.489,1.557,-0.29,-0.415,0.887,1.145,-0.626,0.832,-0.255,-0.436,0.93,2.58,6.473,0.153,0.118,-0.355,0.807,0.817,4.115,-0.672,btn_C
1780981780.440505,-0.801,-0.205,0.591,-2.046,0.794,-3.191,-0.674,-0.344,0.606,-6.496,0.511,-1.321,-0.285,-0.423,0.88,-2.45,1.832,0.725,-0.25,-0.444,0.917,-0.122,10.756,0.008,0.103,-0.355,0.796,-0.198,7.084,-0.939,btn_C
1780981780.5516884,-0.668,-0.128,0.359,100.756,-66.305,93.038,-0.76,-0.18,0.195,97.336,-65.198,47.489,-0.322,-0.421,0.868,20.87,-25.16,-3.244,-0.181,-0.436,0.94,14.626,-29.992,-3.947,0.175,-0.384,0.843,0.183,-29.031,-7.069,btn_C
1780981780.6470838,-0.802,-0.023,0.614,18.863,-17.351,8.527,-0.639,-0.172,0.688,8.412,-7.214,8.58,-0.282,-0.41,0.918,0.13,-9.153,-3.16,-0.24,-0.425,0.935,0.58,0.344,-3.458,0.141,-0.354,0.799,-0.466,-5.634,-1.084,btn_C
1780981780.7506566,-0.837,-0.065,0.676,8.763,-5.695,-0.13,-0.671,-0.182,0.681,-3.115,-5.84,-0.427,-0.272,-0.411,0.876,2.618,-6.763,-2.282,-0.221,-0.432,0.938,3.649,-2.061,-3.405,0.156,-0.351,0.805,-0.145,-3.29,-2.137,btn_C
1780981780.8511543,-0.711,-0.02,0.607,-5.924,3.496,-8.809,-0.585,-0.136,0.63,-25.534,11.634,-6.099,-0.26,-0.419,0.893,-6.084,3.603,-0.099,-0.214,-0.426,0.936,-5.237,17.611,0.153,0.166,-0.362,0.8,4.611,13.328,4.84,btn_C
1780981780.9659667,-0.737,-0.16,0.544,-68.473,32.176,-83.038,-0.64,-0.386,0.522,-167.908,64.519,-61.626,0.002,-0.513,0.984,-5.954,34.702,13.603,-0.23,-0.418,0.998,-0.435,19.427,-3.153,0.102,-0.341,0.842,-2.427,25.153,3.58,btn_C
1780981781.0683103,-0.798,-0.217,0.615,-0.359,8.42,0.351,-0.678,-0.336,0.599,-9.229,1.611,0.298,-0.292,-0.429,0.872,1.557,0.275,1.153,-0.259,-0.436,0.926,2.092,5.168,-1.305,0.116,-0.345,0.812,-2.382,-5.038,-0.031,btn_C
1780981781.1610916,-0.798,-0.204,0.605,-0.641,1.008,-0.359,-0.681,-0.336,0.583,-7.244,-0.374,-0.58,-0.281,-0.425,0.879,0.473,-0.092,1.008,-0.248,-0.434,0.924,1.55,6.702,-0.718,0.125,-0.34,0.811,-0.565,3.504,0.328,btn_C
1780981781.2631233,-0.797,-0.204,0.598,-0.786,0.962,-0.664,-0.685,-0.331,0.587,-7.489,-0.099,-0.069,-0.287,-0.425,0.882,0.305,-0.015,0.344,-0.249,-0.439,0.928,1.45,6.511,-0.321,0.119,-0.344,0.809,-1.115,2.473,0.519,btn_C
1780981781.3664086,-0.799,-0.2,0.603,-2.305,1.282,0.519,-0.681,-0.334,0.588,-6.939,-0.046,-0.374,-0.28,-0.429,0.884,-0.168,1.031,0.779,-0.248,-0.44,0.929,1.153,8.023,0.473,0.12,-0.35,0.803,-0.954,2.748,0.939,btn_C
1780981781.4807923,-0.795,-0.2,0.609,-1.168,0.916,0.153,-0.681,-0.336,0.594,-6.595,0.267,-0.145,-0.29,-0.426,0.88,0.031,0.115,0.13,-0.247,-0.435,0.923,1.481,6.328,-0.595,0.122,-0.349,0.806,-0.687,1.878,0.221,btn_C
1780981781.5810025,-0.795,-0.201,0.602,-1.145,1.092,-1.061,-0.682,-0.332,0.598,-6.969,0.336,-0.656,-0.285,-0.429,0.883,-0.389,0.145,0.168,-0.25,-0.438,0.919,1.573,7.198,-0.641,0.121,-0.351,0.803,-0.664,2.695,0.237,btn_C
1780981781.6840677,-0.794,-0.202,0.6,-0.908,1.71,-0.145,-0.683,-0.334,0.597,-6.534,0.206,-1.168,-0.282,-0.43,0.883,0.092,0.229,0.374,-0.249,-0.437,0.925,1.595,7.168,-0.252,0.122,-0.343,0.804,-0.435,2.809,0.053,btn_C
1780981781.7779224,-0.795,-0.198,0.601,-1.176,1.664,-1.176,-0.683,-0.335,0.599,-6.45,0.351,-0.58,-0.283,-0.425,0.879,-0.374,0.496,-0.298,-0.25,-0.441,0.923,1.588,6.84,-0.756,0.117,-0.351,0.802,-0.718,2.122,0.092,btn_C
1780981784.5589144,-0.796,-0.199,0.599,-0.763,1.87,-0.748,-0.68,-0.336,0.588,-6.206,1.237,0.321,-0.285,-0.43,0.883,-0.076,-0.42,0.076,-0.254,-0.437,0.925,1.725,6.954,-0.336,0.115,-0.348,0.802,-0.695,1.931,-0.015,btn_C
1780981784.6667404,-0.796,-0.202,0.59,-1.534,1.336,-0.794,-0.681,-0.334,0.588,-6.16,0.962,-0.099,-0.284,-0.423,0.872,-0.626,0.489,-0.344,-0.253,-0.439,0.923,1.573,6.901,0.015,0.117,-0.356,0.805,-0.634,2.557,-0.221,btn_C
1780981784.7658598,-0.797,-0.201,0.598,-0.832,0.893,-1.466,-0.681,-0.334,0.589,-6.527,0.748,-0.611,-0.283,-0.426,0.882,-0.298,-0.237,-0.252,-0.255,-0.437,0.928,1.176,6.916,-0.366,0.116,-0.357,0.8,-0.466,2.427,-0.031,btn_C
1780981784.8745954,-0.802,-0.203,0.602,-0.771,0.847,-0.183,-0.678,-0.338,0.595,-6.588,0.924,-0.282,-0.284,-0.426,0.881,0.153,-0.466,-0.084,-0.255,-0.437,0.93,1.321,6.649,-0.504,0.116,-0.351,0.809,-0.634,1.649,0.053,btn_C
1780981784.9806447,-0.796,-0.202,0.598,-1.13,1.779,-1.519,-0.677,-0.337,0.595,-6.237,0.489,-0.779,-0.284,-0.425,0.883,-0.344,0.076,-0.305,-0.251,-0.435,0.92,1.527,7.092,-0.847,0.115,-0.354,0.808,-0.427,2.672,-0.206,btn_C
1780981785.0847237,-0.798,-0.203,0.602,-0.267,1.145,-1.328,-0.684,-0.333,0.595,-6.71,0.664,-1.427,-0.291,-0.43,0.873,-0.13,-1.221,-1.481,-0.255,-0.435,0.924,1.221,5.321,-1.336,0.117,-0.358,0.799,-0.191,2.099,-1.206,btn_C
1780981785.1777005,-0.815,-0.226,0.625,0.748,8.069,3.122,-0.731,-0.36,0.599,-6.679,-4.305,1.893,-0.276,-0.424,0.9,3.26,-7.053,-1.374,-0.261,-0.435,0.919,5.389,7.069,-1.092,0.114,-0.34,0.79,-1.809,1.13,-5.756,btn_C
1780981785.2801962,-0.792,-0.17,0.718,26.298,-31.107,26.382,-0.625,-0.279,0.709,42.313,-25.366,7.412,-0.244,-0.415,0.909,2.198,-4.763,1.26,-0.246,-0.419,0.943,0.573,-0.45,-1.229,0.14,-0.356,0.793,-4.115,-11.924,-2.053,btn_C
1780981785.3944793,-0.766,-0.11,0.738,16.145,-4.122,5.328,-0.652,-0.231,0.707,15.733,-4.489,-2.221,-0.249,-0.42,0.907,2.763,0.977,2.542,-0.231,-0.429,0.927,1.763,4.328,-0.901,0.153,-0.359,0.792,-3.534,-6.405,-1.939,btn_C
1780981785.4982095,-0.805,-0.077,0.67,1.481,0.427,-2.099,-0.654,-0.252,0.713,-3.985,-2.122,-0.687,-0.262,-0.439,0.901,1.649,-1.74,1.931,-0.221,-0.425,0.948,4.397,4.435,-1.237,0.175,-0.344,0.792,-2.511,-4.321,-1.687,btn_C
1780981785.5983577,-0.62,0.001,0.548,-25.145,18.565,-21.42,-0.434,-0.091,0.426,-61.534,44.313,-14.359,-0.244,-0.41,0.863,-14.626,10.847,-2.672,-0.201,-0.447,0.911,-12.641,26.817,-0.939,0.147,-0.368,0.796,4.107,25.924,6.809,btn_C
1780981785.692135,-0.701,-0.395,0.878,-13.466,3.412,-1.962,-0.668,-0.335,0.659,-8.198,-16.099,-2.298,-0.239,-0.443,0.896,2.023,-22.321,-0.817,-0.174,-0.46,0.956,11.885,5.229,3.145,0.143,-0.36,0.808,6.771,8.458,1.069,btn_C
1780981785.7988555,-0.775,-0.207,0.622,-1.947,-5.153,-4.893,-0.676,-0.333,0.603,-7.611,-1.038,-2.519,-0.258,-0.433,0.883,-3.618,1.122,-0.359,-0.234,-0.437,0.934,-0.611,11.29,-1.191,0.134,-0.358,0.806,-0.763,3.969,2.641,btn_C
1780981785.8980446,-0.787,-0.2,0.617,-2.588,1.992,-0.061,-0.674,-0.336,0.607,-9.481,-0.397,-0.962,-0.259,-0.439,0.876,-1.71,0.023,1.634,-0.23,-0.451,0.916,2.641,7.763,1.74,0.141,-0.368,0.805,3.443,6.321,1.45,btn_C
1780981786.0147533,-0.788,-0.196,0.607,-3.275,1.115,1.878,-0.676,-0.33,0.597,-8.618,0.237,1.382,-0.277,-0.427,0.888,-0.481,2.084,1.366,-0.243,-0.433,0.931,1.55,7.656,-0.542,0.126,-0.365,0.793,-2.802,-0.481,0.305,btn_C
1780981786.1171854,-0.803,-0.2,0.602,-1.618,3.153,1.687,-0.674,-0.339,0.604,-7.206,0.473,1.664,-0.27,-0.432,0.883,2.13,0.42,2.023,-0.235,-0.432,0.934,3.809,7.267,1.87,0.119,-0.349,0.802,2.473,3.0,-0.496,btn_C
1780981786.2178748,-0.797,-0.178,0.6,-2.534,1.87,-1.435,-0.678,-0.32,0.604,-7.626,-0.038,-2.366,-0.277,-0.42,0.894,-4.42,0.198,-1.153,-0.251,-0.427,0.929,-3.71,9.55,-2.634,0.127,-0.359,0.805,-5.458,-0.031,2.534,btn_C
1780981786.3160505,-0.802,-0.207,0.603,-1.634,0.351,-0.298,-0.677,-0.336,0.604,-6.351,0.176,0.832,-0.272,-0.424,0.888,1.344,0.748,1.588,-0.24,-0.424,0.932,2.962,7.176,0.641,0.121,-0.346,0.798,-0.481,3.702,-0.031,btn_C
1780981786.4142692,-0.791,-0.205,0.602,-0.771,1.885,-0.649,-0.676,-0.332,0.602,-6.458,0.412,-0.672,-0.277,-0.43,0.88,-0.298,0.435,0.786,-0.248,-0.43,0.93,2.099,7.328,-0.366,0.116,-0.35,0.798,-0.435,3.641,-0.099,btn_C
1780981789.1977375,-0.8,-0.204,0.596,-0.992,1.328,-1.305,-0.677,-0.337,0.594,-6.634,0.649,-0.985,-0.284,-0.429,0.879,-0.649,0.0,-0.374,-0.247,-0.428,0.928,1.458,6.672,-0.511,0.116,-0.357,0.803,-0.771,1.748,0.031,btn_C
1780981789.299645,-0.806,-0.207,0.596,-0.573,1.122,-0.687,-0.679,-0.339,0.597,-6.237,0.573,-0.847,-0.284,-0.427,0.876,-0.511,-1.321,-0.481,-0.248,-0.429,0.929,1.168,7.198,-0.985,0.118,-0.356,0.803,-0.344,0.985,0.244,btn_C
1780981789.3999922,-0.797,-0.202,0.592,-0.885,1.076,-1.84,-0.677,-0.332,0.592,-6.16,0.718,-0.733,-0.282,-0.433,0.885,-1.061,0.168,-0.16,-0.247,-0.432,0.916,1.214,7.519,-0.908,0.117,-0.359,0.801,-0.916,1.733,0.099,btn_C
1780981789.5149863,-0.799,-0.201,0.599,-1.26,1.855,-0.573,-0.675,-0.34,0.598,-6.679,0.603,-0.244,-0.281,-0.426,0.877,0.038,0.221,-0.008,-0.252,-0.434,0.932,2.0,6.763,0.237,0.126,-0.352,0.805,-0.626,2.321,-0.191,btn_C
1780981789.6151302,-0.796,-0.202,0.594,-1.191,1.214,-1.718,-0.677,-0.337,0.596,-6.511,0.183,-0.496,-0.281,-0.432,0.878,0.031,-0.282,-0.046,-0.251,-0.435,0.927,1.55,6.718,-0.13,0.119,-0.363,0.806,0.183,3.855,-0.618,btn_C
1780981789.71331,-0.802,-0.204,0.597,-0.702,-1.031,-0.672,-0.682,-0.342,0.601,-4.489,-1.099,-0.038,-0.28,-0.432,0.877,4.092,-2.282,0.092,-0.241,-0.427,0.993,11.374,-0.771,2.176,0.113,-0.359,0.817,1.779,5.466,-0.771,btn_C
1780981789.83134,-1.238,-0.136,0.481,68.679,-11.458,31.153,-0.595,-0.502,1.162,160.832,-41.305,-15.038,-0.305,-0.414,0.883,4.023,-16.542,-3.626,-0.271,-0.408,0.913,6.389,-6.397,-7.069,0.069,-0.351,0.799,-10.038,-35.969,-16.794,btn_C
1780981789.915642,-0.792,-0.06,0.657,32.145,-23.634,11.847,-0.726,-0.202,0.681,14.954,-11.931,36.893,-0.325,-0.445,0.935,9.053,-10.725,-1.366,-0.231,-0.413,0.928,13.794,-14.779,-3.29,0.17,-0.372,0.789,-9.252,-18.45,-8.145,btn_C
1780981790.032743,-0.693,-0.014,0.721,16.504,-21.977,-0.87,-0.646,-0.163,0.731,0.901,-11.107,4.603,-0.232,-0.416,0.936,1.649,-6.542,-2.344,-0.186,-0.431,0.934,2.916,-5.084,-2.756,0.194,-0.367,0.784,-2.542,-8.542,-4.954,btn_C
1780981790.1305826,-0.713,-0.004,0.763,11.809,-7.931,3.763,-0.638,-0.152,0.819,-0.458,-10.389,-0.718,-0.124,-0.436,0.867,-2.252,-6.908,-10.595,-0.132,-0.403,0.992,6.679,1.878,-1.015,0.22,-0.385,0.778,-1.947,-4.595,-2.634,btn_C
1780981790.231345,-0.748,0.045,0.722,9.863,-3.191,-4.168,-0.631,-0.122,0.731,-2.916,0.725,-1.145,-0.246,-0.411,0.897,5.237,2.153,-3.634,-0.171,-0.409,0.96,1.443,3.298,-5.137,0.228,-0.368,0.791,0.313,0.443,-1.275,btn_C
1780981790.327617,-0.651,0.028,0.712,-10.985,14.359,-11.634,-0.538,-0.108,0.691,-20.008,18.305,-12.405,0.307,-0.453,1.263,-14.626,-23.092,4.351,-0.138,-0.425,0.995,-7.336,21.725,11.55,0.225,-0.386,0.798,9.74,31.344,7.122,btn_C
1780981790.4302762,-0.875,-0.14,0.358,-129.878,75.504,-164.282,-2.0,-2.0,2.0,-49.847,-185.962,-87.511,-0.903,-0.35,0.918,-38.427,26.725,2.046,-0.027,-0.611,0.947,27.779,53.603,14.656,-0.052,-0.253,0.627,-10.878,16.435,-1.244,btn_C
1780981790.5334547,-0.78,-0.175,0.646,-0.137,5.87,-0.359,-0.679,-0.32,0.588,-7.595,1.588,0.252,-0.266,-0.405,0.882,0.321,5.916,1.023,-0.251,-0.397,0.928,3.206,4.718,-0.496,0.116,-0.329,0.813,-5.901,-11.527,3.351,btn_C
1780981790.6479027,-0.765,-0.179,0.655,-3.229,1.389,0.725,-0.691,-0.313,0.603,-8.061,1.779,0.557,-0.269,-0.399,0.899,1.55,1.29,1.45,-0.239,-0.399,0.946,1.176,8.145,-0.092,0.126,-0.344,0.812,-1.328,4.687,1.802,btn_C
1780981790.7474186,-0.76,-0.179,0.658,-1.267,2.748,0.679,-0.687,-0.306,0.602,-8.252,-0.702,0.832,-0.277,-0.396,0.904,-0.252,2.847,1.763,-0.248,-0.403,0.947,1.427,8.534,0.153,0.114,-0.347,0.805,-1.672,2.221,2.031,btn_C
1780981790.8491125,-0.766,-0.179,0.656,-0.794,2.214,-0.511,-0.69,-0.304,0.603,-7.122,0.695,0.29,-0.277,-0.397,0.899,-1.229,1.832,0.344,-0.253,-0.401,0.948,-0.115,7.366,-1.366,0.115,-0.351,0.798,-1.954,1.435,0.786,btn_C
1780981790.9457865,-0.764,-0.175,0.654,-2.924,1.855,1.664,-0.689,-0.309,0.603,-6.916,0.061,-0.87,-0.282,-0.396,0.899,-0.802,0.733,-0.328,-0.253,-0.404,0.945,0.344,7.603,-1.183,0.119,-0.347,0.802,-2.183,0.55,0.321,btn_C
1780981791.0483277,-0.768,-0.181,0.655,-2.985,1.359,-0.435,-0.687,-0.31,0.604,-6.557,0.634,-0.053,-0.285,-0.395,0.894,-0.366,0.664,0.473,-0.245,-0.405,0.939,0.733,7.893,-0.168,0.118,-0.351,0.81,-1.595,2.313,0.336,btn_C
1780981793.8297095,-0.778,-0.179,0.628,-1.328,1.466,-1.412,-0.682,-0.32,0.599,-6.206,0.603,-0.679,-0.288,-0.408,0.885,-0.115,-0.588,-0.435,-0.253,-0.413,0.934,1.565,6.817,-0.053,0.11,-0.352,0.806,-0.42,1.824,-0.115,btn_C
1780981793.9327128,-0.78,-0.186,0.629,-0.71,1.618,-0.046,-0.683,-0.315,0.601,-6.351,0.504,-0.611,-0.287,-0.409,0.893,-0.191,-0.496,-0.061,-0.252,-0.417,0.936,1.893,6.092,-0.458,0.108,-0.351,0.813,-0.534,2.122,-0.214,btn_C
1780981794.0505064,-0.776,-0.18,0.632,-1.084,2.191,-1.435,-0.681,-0.316,0.602,-6.313,1.046,-0.466,-0.291,-0.406,0.888,-0.595,0.649,-0.611,-0.256,-0.41,0.943,1.13,6.26,-0.71,0.113,-0.357,0.8,-0.985,0.832,0.252,btn_C
1780981794.1384845,-0.781,-0.184,0.633,-0.901,1.489,-0.84,-0.677,-0.316,0.598,-6.466,0.55,-0.603,-0.284,-0.408,0.894,-0.084,0.031,-0.038,-0.257,-0.414,0.933,2.267,7.061,-0.626,0.112,-0.352,0.805,-0.336,2.916,-0.458,btn_C
1780981794.2483928,-0.78,-0.182,0.632,-0.718,0.87,-0.458,-0.679,-0.319,0.603,-6.214,0.427,-0.366,-0.289,-0.408,0.895,-0.237,-0.557,-0.015,-0.257,-0.414,0.937,1.527,6.779,-0.672,0.113,-0.349,0.809,-0.58,1.939,0.053,btn_C
1780981794.3455956,-0.782,-0.186,0.637,-1.046,0.817,-1.511,-0.683,-0.319,0.601,-6.015,1.656,0.092,-0.284,-0.406,0.896,0.115,0.321,0.397,-0.255,-0.411,0.949,1.588,8.099,-0.244,0.094,-0.343,0.806,0.802,6.87,-3.092,btn_C
1780981794.448265,-0.818,-0.115,0.375,63.092,-15.786,73.313,-0.934,-0.245,0.235,82.863,-52.412,49.87,-0.334,-0.424,0.833,7.038,-37.87,-11.519,-0.22,-0.4,0.949,20.229,-43.603,-7.427,0.154,-0.355,0.811,-4.038,-35.115,-6.786,btn_C
1780981794.5639338,-0.811,-0.054,0.692,32.046,-26.733,17.817,-0.658,-0.153,0.668,17.115,-26.115,15.328,-0.25,-0.396,0.93,6.321,-26.87,-4.58,-0.194,-0.403,0.958,6.649,-16.87,-6.328,0.165,-0.355,0.795,-4.679,-18.107,-7.603,btn_C
1780981794.6536095,-0.706,-0.021,0.719,0.779,-8.885,0.313,-0.573,-0.139,0.776,-5.092,-3.74,1.611,-0.21,-0.41,0.921,-3.344,-1.55,-1.756,-0.185,-0.406,0.963,1.847,3.443,-3.664,0.171,-0.387,0.777,-6.832,-4.206,-5.656,btn_C
1780981794.7649882,-0.718,-0.03,0.75,8.29,-1.382,1.527,-0.579,-0.135,0.734,1.0,-5.985,-0.198,-0.185,-0.397,0.915,-3.565,-2.786,-7.0,-0.179,-0.397,0.957,1.618,3.695,-3.901,0.21,-0.365,0.789,-1.473,-2.733,-1.496,btn_C
1780981794.8598115,-0.745,0.009,0.69,1.244,6.198,0.191,-0.613,-0.129,0.69,-7.588,6.511,-1.237,-0.202,-0.372,0.846,10.466,2.817,-0.305,-0.163,-0.4,0.947,-2.267,10.313,-2.176,0.213,-0.369,0.786,0.664,6.695,2.069,btn_C
1780981794.9623718,-0.433,0.066,0.354,-75.046,44.168,-68.015,-0.524,-0.167,0.493,-131.618,76.374,-53.664,-0.234,-0.417,0.905,-5.962,32.015,11.802,-0.249,-0.435,0.924,-6.763,56.252,11.855,0.114,-0.352,0.806,22.939,59.244,14.344,btn_C
1780981795.065724,-0.609,-0.269,0.719,18.947,33.489,4.794,-0.649,-0.34,0.644,-8.809,-0.656,-0.115,-0.257,-0.41,0.901,-0.832,4.656,0.458,-0.217,-0.42,0.939,0.198,20.779,-1.527,0.134,-0.355,0.807,-1.634,9.328,2.267,btn_C
1780981795.1823566,-0.78,-0.205,0.617,-0.58,4.947,0.366,-0.675,-0.325,0.605,-7.008,-0.412,0.557,-0.278,-0.408,0.888,-1.458,0.962,1.191,-0.245,-0.418,0.93,1.992,6.466,-0.557,0.118,-0.347,0.804,-1.359,-0.634,0.603,btn_C
1780981795.2795613,-0.782,-0.197,0.617,-0.832,1.634,-0.534,-0.678,-0.329,0.6,-6.473,0.962,0.191,-0.279,-0.409,0.9,-0.351,1.389,1.137,-0.243,-0.427,0.941,1.145,8.015,0.031,0.126,-0.349,0.809,-0.756,4.015,0.679,btn_C
1780981795.381171,-0.785,-0.195,0.615,-0.618,0.908,0.252,-0.679,-0.328,0.608,-7.252,-0.076,-0.267,-0.274,-0.408,0.896,-0.832,1.191,1.16,-0.24,-0.422,0.929,1.718,7.832,0.489,0.121,-0.347,0.794,-0.351,3.534,0.458,btn_C
1780981795.4775462,-0.783,-0.199,0.629,-1.809,1.534,-1.771,-0.68,-0.332,0.608,-6.695,0.229,-1.168,-0.28,-0.413,0.885,-0.557,0.015,0.214,-0.242,-0.423,0.937,1.313,7.649,-0.626,0.125,-0.348,0.8,-0.947,2.687,0.366,btn_C
1780981795.5805848,-0.784,-0.199,0.618,-1.198,2.183,-0.168,-0.674,-0.327,0.602,-6.817,0.29,-0.573,-0.275,-0.414,0.889,-0.557,0.748,0.908,-0.241,-0.417,0.939,2.061,7.298,0.023,0.116,-0.351,0.8,-0.611,2.718,0.023,btn_C
1780981795.6983557,-0.783,-0.196,0.615,-1.542,2.397,-0.802,-0.675,-0.325,0.602,-6.71,0.282,-0.718,-0.28,-0.412,0.894,-0.794,0.855,0.305,-0.245,-0.422,0.932,1.069,7.328,-0.473,0.124,-0.351,0.804,-0.664,2.84,0.168,btn_C
1780981795.7968085,-0.787,-0.198,0.613,-1.55,1.901,-1.237,-0.677,-0.332,0.61,-6.725,0.282,-0.885,-0.281,-0.411,0.893,-0.74,-0.252,0.229,-0.244,-0.421,0.935,1.634,7.206,-0.107,0.118,-0.358,0.809,-0.794,2.756,0.183,btn_C
1780981798.465822,-0.789,-0.194,0.617,-0.847,1.298,-0.931,-0.677,-0.328,0.614,-6.328,0.55,-0.634,-0.283,-0.411,0.89,-0.664,-0.55,-0.405,-0.25,-0.422,0.933,1.221,7.725,-0.137,0.115,-0.357,0.8,-0.405,2.84,0.359,btn_C
1780981798.5677464,-0.789,-0.197,0.61,-0.626,1.198,-0.282,-0.678,-0.329,0.597,-5.947,1.237,0.252,-0.281,-0.409,0.887,-0.244,0.282,-0.084,-0.25,-0.417,0.927,1.366,6.817,-1.229,0.108,-0.349,0.8,-1.153,0.954,0.176,btn_C
1780981798.683109,-0.795,-0.201,0.609,-0.908,1.359,-0.733,-0.679,-0.331,0.611,-6.863,1.13,-0.16,-0.28,-0.415,0.891,-0.244,0.244,0.359,-0.249,-0.422,0.929,2.229,7.229,0.435,0.112,-0.348,0.813,-0.321,2.962,-0.565,btn_C
1780981798.7803056,-0.789,-0.196,0.613,-0.985,1.023,-0.718,-0.677,-0.326,0.597,-6.87,0.489,-0.145,-0.285,-0.411,0.892,-0.107,-0.359,-0.076,-0.249,-0.419,0.934,1.252,6.954,-0.885,0.105,-0.355,0.806,-1.046,0.771,0.305,btn_C
1780981798.8765063,-0.787,-0.199,0.612,-1.855,1.519,-2.099,-0.674,-0.324,0.596,-6.802,0.435,-0.969,-0.279,-0.418,0.894,-0.565,0.344,-0.321,-0.248,-0.422,0.924,1.519,7.053,-0.229,0.119,-0.349,0.798,0.176,4.458,-0.321,btn_C
1780981798.9798863,-0.791,-0.198,0.615,0.382,1.359,0.893,-0.679,-0.331,0.606,-6.069,0.84,1.0,-0.284,-0.41,0.888,0.397,0.435,0.763,-0.25,-0.417,0.937,2.107,7.214,-0.26,0.107,-0.344,0.796,-0.908,1.168,-0.16,btn_C
1780981799.0971045,-0.79,-0.199,0.611,-1.473,0.718,-1.885,-0.679,-0.326,0.608,-5.725,0.031,-1.206,-0.279,-0.411,0.891,-0.351,-1.336,-0.588,-0.253,-0.418,0.93,0.786,6.427,-1.603,0.117,-0.344,0.793,-0.962,0.107,0.718,btn_C
1780981799.1956277,-0.818,-0.215,0.632,-2.298,2.252,-1.0,-0.674,-0.326,0.583,-0.496,1.664,1.74,-0.274,-0.403,0.913,0.748,2.534,1.13,-0.227,-0.411,0.917,2.985,12.809,1.489,0.122,-0.355,0.812,2.679,10.405,-3.336,btn_C
1780981799.296374,-0.63,-0.075,0.456,66.756,-46.916,53.901,-0.526,-0.197,0.575,52.771,-52.282,35.893,-0.225,-0.388,0.931,3.779,-47.229,-7.786,-0.164,-0.403,0.976,1.962,-14.26,-5.74,0.172,-0.362,0.811,-5.511,-11.527,-5.756,btn_C
1780981799.3919191,-0.732,-0.028,0.631,25.611,-19.603,13.26,-0.62,-0.173,0.631,11.099,-21.824,9.405,-0.582,0.342,1.062,5.931,-17.115,0.748,-0.13,-0.397,0.924,13.779,-17.977,-3.74,0.15,-0.364,0.801,-7.076,-18.557,-6.672,btn_C
1780981799.4948905,-0.713,-0.013,0.676,5.458,-3.397,-0.45,-0.639,-0.165,0.675,-4.511,0.618,0.878,-0.227,-0.4,0.887,2.771,-1.397,-2.87,-0.177,-0.399,0.954,0.649,4.718,-3.534,0.2,-0.372,0.789,-2.985,-2.145,-0.679,btn_C
1780981799.5979753,-0.759,-0.036,0.724,0.252,4.916,-1.824,-0.66,-0.171,0.687,-5.725,0.351,-2.198,-0.26,-0.463,0.897,0.099,2.107,-4.053,-0.187,-0.407,0.915,-0.748,7.84,-4.656,0.196,-0.351,0.773,-0.366,-1.763,0.061,btn_C
1780981799.7162275,-0.571,0.028,0.545,-22.893,18.855,-18.405,-0.474,-0.087,0.487,-43.702,32.374,-19.359,-0.199,-0.295,0.654,-25.817,34.038,20.153,-0.146,-0.394,0.927,-6.603,49.252,15.0,0.211,-0.39,0.808,16.466,57.557,18.282,btn_C
1780981799.814677,-0.591,-0.086,-0.523,24.099,-32.84,22.74,-0.687,-0.333,0.656,-3.519,-8.733,-3.763,-0.26,-0.406,0.887,11.328,-33.473,-1.489,-0.293,-0.402,0.921,9.458,-17.076,-2.969,0.108,-0.336,0.824,-8.122,-24.359,-1.458,btn_C
1780981799.9066508,-0.782,-0.184,0.632,-0.321,-2.84,-0.748,-0.684,-0.307,0.606,-6.855,2.137,-0.359,-0.291,-0.386,0.892,0.771,-2.786,-0.092,-0.249,-0.413,0.939,0.412,5.244,-0.634,0.111,-0.347,0.805,-0.771,3.687,0.443,btn_C
1780981800.0100088,-0.781,-0.181,0.631,-1.397,1.84,-1.641,-0.688,-0.309,0.607,-7.16,-0.443,-1.0,-0.292,-0.396,0.892,-1.458,-0.229,-0.099,-0.248,-0.423,0.927,0.557,7.427,-0.939,0.112,-0.348,0.806,-0.939,1.634,-0.008,btn_C
1780981800.1127234,-0.785,-0.191,0.622,-1.42,2.328,-0.42,-0.682,-0.312,0.604,-7.031,1.221,0.168,-0.286,-0.389,0.891,-1.214,-0.061,0.603,-0.244,-0.418,0.935,1.45,6.328,-0.183,0.108,-0.35,0.813,-0.863,3.153,-0.084,btn_C
1780981800.2158604,-0.789,-0.183,0.628,-0.511,0.718,-0.366,-0.681,-0.308,0.615,-6.511,-0.015,0.0,-0.286,-0.388,0.902,-0.298,-0.618,-0.511,-0.247,-0.417,0.94,0.672,7.809,0.008,0.106,-0.346,0.812,-0.115,3.328,0.725,btn_C
1780981800.3291385,-0.789,-0.186,0.622,-1.458,2.939,-1.511,-0.684,-0.315,0.601,-7.099,0.206,-1.229,-0.291,-0.395,0.895,-1.954,-1.611,-0.763,-0.263,-0.425,0.932,-0.542,7.939,-0.725,0.109,-0.353,0.814,-0.275,2.962,0.496,btn_C
1780981800.4339662,-0.784,-0.185,0.619,0.42,2.191,1.435,-0.682,-0.313,0.596,-6.221,0.885,1.611,-0.291,-0.395,0.894,0.847,-0.412,0.389,-0.246,-0.418,0.943,2.351,5.351,-0.221,0.119,-0.351,0.808,-0.527,0.878,-0.42,btn_C
1780981803.0999744,-0.787,-0.194,0.619,-0.412,2.198,1.252,-0.68,-0.319,0.598,-6.565,1.092,0.557,-0.292,-0.402,0.889,0.122,0.611,0.939,-0.249,-0.419,0.94,2.511,6.786,0.366,0.102,-0.339,0.799,-0.229,-0.214,-0.832,btn_C
1780981803.213523,-0.784,-0.184,0.613,-1.183,0.771,-1.519,-0.674,-0.317,0.599,-6.443,0.153,-1.275,-0.291,-0.398,0.896,-0.435,0.405,-0.427,-0.252,-0.418,0.938,0.885,7.733,-0.366,0.108,-0.344,0.812,-0.611,1.916,0.725,btn_C
1780981803.3064456,-0.782,-0.19,0.622,-1.977,1.809,-1.374,-0.683,-0.325,0.61,-6.649,0.473,-1.511,-0.292,-0.408,0.889,-0.863,0.504,0.573,-0.253,-0.425,0.937,2.313,7.435,0.641,0.099,-0.352,0.802,-0.504,3.053,-1.038,btn_C
1780981803.409077,-0.785,-0.183,0.623,0.221,-0.534,-0.168,-0.685,-0.319,0.598,-5.519,0.832,-0.702,-0.291,-0.394,0.895,0.107,-0.015,0.053,-0.251,-0.423,0.935,0.985,6.687,-1.092,0.108,-0.358,0.808,-1.084,3.382,-1.824,btn_C
1780981803.5121386,-0.798,-0.202,0.628,-4.733,6.924,-2.733,-0.686,-0.31,0.612,-3.924,3.611,-0.038,-0.3,-0.403,0.901,-4.053,-0.038,-2.496,-0.248,-0.432,0.925,1.557,8.321,-1.672,0.137,-0.356,0.795,13.107,5.298,-4.221,btn_C
1780981803.6236026,-0.974,-0.271,0.936,37.13,-5.763,33.908,-0.715,-0.256,0.455,43.954,-9.366,5.321,-0.305,-0.403,0.87,-1.084,-22.939,-5.962,-0.296,-0.425,0.901,1.702,-12.435,-5.519,0.133,-0.339,0.817,-10.267,-22.496,-7.061,btn_C
1780981803.7186983,-0.735,-0.088,0.712,52.939,-42.611,29.313,-0.62,-0.247,0.755,41.176,-38.733,23.595,-0.26,-0.421,0.914,6.58,-29.061,-0.473,-0.189,-0.411,0.958,10.863,-17.557,-6.534,0.173,-0.356,0.801,-14.809,-31.031,-9.366,btn_C
1780981803.8279023,-0.731,0.065,0.611,17.221,-10.366,7.046,-0.629,-0.135,0.612,2.534,-14.519,7.359,-0.184,-0.397,0.929,-3.542,-14.885,-5.0,-0.156,-0.402,0.947,-3.244,-15.183,-5.878,0.225,-0.374,0.783,-3.786,-6.176,-3.504,btn_C
1780981803.9285815,-0.751,0.031,0.703,-0.84,-1.435,4.0,-0.594,-0.139,0.681,-9.763,-1.756,2.466,-0.184,-0.388,0.901,-2.702,-5.084,-5.046,-0.134,-0.399,0.958,-0.756,3.458,-2.832,0.19,-0.531,0.746,-1.893,5.771,-2.206,btn_C
1780981804.0275762,-0.672,0.015,0.663,-10.374,6.802,-9.649,-0.551,-0.149,0.641,-25.809,15.382,-9.58,-0.183,-0.41,0.904,-6.092,5.588,0.511,-0.117,-0.419,0.99,11.992,32.55,1.656,0.223,-0.367,0.79,6.298,18.443,4.748,btn_C
1780981804.1309,-0.891,-0.302,0.489,-143.053,67.626,-104.061,-0.827,-0.15,0.333,-13.603,206.87,16.313,-0.275,-0.44,0.824,9.099,55.87,13.076,-0.311,-0.425,0.893,-10.282,39.092,2.305,0.125,-0.305,0.81,-4.336,-8.244,3.809,btn_C
1780981804.243664,-0.968,-0.292,0.889,-15.313,16.221,-6.794,-0.709,-0.335,0.599,-10.115,2.198,0.84,-0.256,-0.426,0.889,-1.389,-0.153,0.664,-0.217,-0.412,0.94,1.244,7.504,0.29,0.16,-0.351,0.801,-1.71,-3.924,0.985,btn_C
1780981804.344492,-0.783,-0.217,0.612,0.084,2.748,-0.511,-0.678,-0.331,0.596,-7.863,1.16,2.092,-0.245,-0.427,0.895,-0.573,0.611,0.779,-0.204,-0.423,0.945,1.412,8.313,0.718,0.154,-0.354,0.808,-1.458,4.679,1.817,btn_C
1780981804.4449334,-0.778,-0.218,0.621,-1.099,1.519,0.366,-0.681,-0.341,0.593,-7.939,0.137,1.534,-0.256,-0.429,0.889,-1.023,1.702,0.863,-0.214,-0.424,0.949,1.542,7.557,-0.237,0.144,-0.346,0.808,-1.687,1.237,0.977,btn_C
1780981804.542122,-0.778,-0.209,0.624,-0.145,1.405,-0.771,-0.677,-0.335,0.598,-6.542,0.405,0.595,-0.251,-0.426,0.889,-0.099,0.595,0.74,-0.214,-0.423,0.941,1.588,7.42,-0.092,0.152,-0.353,0.801,-0.802,3.015,-0.015,btn_C
1780981804.6450584,-0.783,-0.206,0.619,-1.099,1.237,-0.733,-0.673,-0.335,0.597,-7.053,0.427,-0.443,-0.255,-0.426,0.89,-0.252,0.092,0.0,-0.214,-0.422,0.942,1.275,6.916,-0.565,0.146,-0.353,0.798,-1.13,1.527,0.198,btn_C
1780981804.7480881,-0.785,-0.21,0.624,-1.069,1.893,-1.076,-0.68,-0.337,0.598,-6.802,0.924,-0.809,-0.249,-0.426,0.897,-1.214,0.687,-0.412,-0.215,-0.424,0.937,0.969,7.573,-0.038,0.14,-0.355,0.791,-1.344,3.099,0.58,btn_C
1780981804.8613565,-0.789,-0.213,0.614,-0.748,1.458,-0.504,-0.679,-0.337,0.599,-6.053,0.504,-0.481,-0.256,-0.426,0.892,-0.412,-0.168,-0.031,-0.213,-0.429,0.942,1.397,7.718,-0.145,0.151,-0.347,0.796,-0.366,3.176,-0.107,btn_C
1780981804.960546,-0.787,-0.207,0.607,-0.344,3.466,1.031,-0.676,-0.328,0.591,-6.557,0.595,0.84,-0.256,-0.427,0.893,-0.076,0.458,0.557,-0.217,-0.419,0.939,2.198,7.038,-0.802,0.146,-0.352,0.802,-0.824,1.435,-0.244,btn_C
1780981807.7353513,-0.799,-0.208,0.595,-1.053,4.214,0.595,-0.681,-0.338,0.589,-6.252,1.29,1.107,-0.276,-0.427,0.885,0.122,0.847,1.031,-0.232,-0.417,0.94,1.374,7.153,-1.16,0.131,-0.354,0.806,-2.16,-1.931,0.084,btn_C
1780981807.8383658,-0.793,-0.202,0.609,-0.809,2.702,0.328,-0.683,-0.335,0.592,-6.603,0.626,1.061,-0.273,-0.429,0.885,0.992,-0.412,1.282,-0.231,-0.426,0.938,3.076,5.611,-0.023,0.134,-0.352,0.792,0.687,2.595,-1.0,btn_C
1780981807.9476397,-0.792,-0.198,0.599,-1.603,1.779,-1.137,-0.679,-0.337,0.588,-6.55,0.603,-0.008,-0.27,-0.428,0.886,-0.779,0.542,0.542,-0.232,-0.428,0.93,1.542,7.076,-0.771,0.125,-0.348,0.801,-1.008,0.489,0.191,btn_C
1780981808.047353,-0.796,-0.205,0.603,-0.076,0.389,-0.015,-0.68,-0.33,0.589,-4.916,0.504,1.359,-0.272,-0.428,0.878,0.901,0.115,1.336,-0.235,-0.426,0.937,2.511,6.748,-0.214,0.133,-0.358,0.803,-0.229,2.557,-0.374,btn_C
1780981808.1475666,-0.782,-0.205,0.611,1.573,-1.718,2.634,-0.687,-0.333,0.594,-0.649,3.496,1.84,-0.275,-0.425,0.886,3.565,1.374,1.321,-0.24,-0.424,0.939,3.527,6.069,1.153,0.127,-0.35,0.804,1.374,2.901,-0.977,btn_C
1780981808.264611,-0.783,-0.19,0.623,1.061,-3.084,-1.519,-0.681,-0.327,0.613,-1.763,0.42,1.725,-0.261,-0.425,0.903,5.206,-0.267,0.855,-0.193,-0.418,0.95,5.389,9.45,1.802,0.121,-0.358,0.803,0.168,13.931,-3.038,btn_C
1780981808.3531277,-0.679,-0.061,0.397,82.053,-49.443,80.756,-0.461,-0.183,0.585,71.397,-79.489,42.534,-0.208,-0.414,0.931,24.87,-59.038,-7.893,-0.147,-0.401,0.979,5.763,-33.954,-6.084,0.221,-0.382,0.824,-13.947,-20.473,-9.153,btn_C
1780981808.464042,-0.792,0.006,0.685,22.71,-28.122,4.74,-0.623,-0.145,0.685,2.031,-21.473,3.679,-0.204,-0.392,0.934,3.45,-23.0,-1.916,-0.193,-0.405,0.961,2.511,-4.588,-3.969,0.188,-0.37,0.794,-4.672,-14.863,-3.565,btn_C
1780981808.5596223,-0.699,0.053,0.595,7.863,-5.374,-6.55,-0.577,-0.14,0.639,-15.0,4.015,-5.87,-0.18,-0.383,0.928,-2.893,-2.328,-2.198,-0.159,-0.408,0.968,-2.26,9.588,-1.42,0.206,-0.37,0.801,3.748,14.603,0.626,btn_C
1780981808.6626093,-0.546,-0.01,0.477,-86.458,43.534,-75.122,-0.513,-0.231,0.515,-135.374,75.924,-60.924,-0.244,-0.351,0.958,0.435,41.954,6.878,-0.227,-0.427,0.93,-7.252,50.42,4.008,0.138,-0.344,0.805,19.679,47.87,10.779,btn_C
1780981808.7779553,-0.733,-0.114,0.473,-2.832,-17.084,-1.031,-0.679,-0.311,0.606,-8.771,-0.023,-2.55,-0.249,-0.401,0.912,-13.145,10.496,0.168,-0.22,-0.422,0.944,0.939,7.58,-1.328,0.122,-0.34,0.802,-1.557,2.534,2.603,btn_C
1780981808.8795836,-0.78,-0.192,0.644,-0.244,1.947,0.519,-0.667,-0.316,0.612,-6.817,0.221,-0.45,-0.25,-0.413,0.896,0.038,3.321,1.031,-0.22,-0.427,0.943,2.13,7.618,-1.336,0.148,-0.348,0.801,-1.405,-0.87,0.901,btn_C
1780981808.9767537,-0.776,-0.195,0.639,-0.092,1.168,0.198,-0.668,-0.317,0.619,-6.214,0.031,0.122,-0.259,-0.409,0.905,-0.084,1.229,0.29,-0.221,-0.413,0.939,1.618,6.672,-0.603,0.148,-0.348,0.799,-1.901,0.969,-0.305,btn_C
1780981809.0743337,-0.771,-0.194,0.638,-1.053,1.26,0.443,-0.667,-0.307,0.624,-6.519,0.145,0.42,-0.257,-0.402,0.899,0.794,0.412,0.992,-0.221,-0.418,0.945,1.824,7.374,0.321,0.14,-0.35,0.802,-0.695,3.519,0.214,btn_C
1780981809.177345,-0.781,-0.191,0.64,-1.031,1.534,-0.977,-0.672,-0.313,0.617,-6.626,0.756,-0.382,-0.265,-0.406,0.896,-0.557,-0.718,0.183,-0.219,-0.418,0.941,4.023,6.954,0.687,0.139,-0.356,0.805,-0.824,4.099,0.618,btn_C
1780981809.280498,-0.771,-0.189,0.637,-0.969,0.603,-1.405,-0.667,-0.312,0.617,-6.611,0.511,-0.962,-0.258,-0.406,0.904,-0.496,1.015,0.145,-0.225,-0.418,0.944,1.336,7.901,-0.466,0.14,-0.348,0.801,-0.275,4.427,0.366,btn_C
1780981809.3831785,-0.776,-0.194,0.631,-1.939,2.29,-1.305,-0.667,-0.317,0.626,-6.702,0.412,-0.985,-0.265,-0.406,0.895,-0.802,0.878,-0.168,-0.225,-0.419,0.934,0.939,7.046,-0.656,0.141,-0.353,0.804,-1.084,1.198,0.023,btn_C
1780981809.486253,-0.772,-0.188,0.638,-0.359,2.672,0.412,-0.668,-0.31,0.617,-7.145,0.695,-0.198,-0.272,-0.403,0.906,-0.298,0.122,0.863,-0.226,-0.412,0.941,0.824,7.557,-0.84,0.141,-0.354,0.806,-1.031,2.008,0.473,btn_C
1780981809.589384,-0.769,-0.188,0.639,-2.618,1.679,-2.641,-0.663,-0.318,0.622,-7.061,0.427,-1.443,-0.266,-0.408,0.896,-1.489,1.908,0.244,-0.227,-0.417,0.94,0.534,7.817,-0.221,0.142,-0.356,0.795,-1.252,2.099,0.458,btn_C
1780981812.38058,-0.788,-0.195,0.619,-1.45,2.176,-1.359,-0.674,-0.327,0.608,-6.641,0.435,-0.786,-0.283,-0.417,0.883,-0.992,-0.237,-0.412,-0.238,-0.424,0.93,0.855,7.145,-0.954,0.123,-0.354,0.805,-1.023,1.008,0.649,btn_C
1780981812.4737544,-0.791,-0.197,0.62,-1.115,1.435,-1.672,-0.674,-0.328,0.61,-6.137,0.481,-0.656,-0.283,-0.417,0.88,-0.595,0.229,0.344,-0.243,-0.421,0.934,1.29,7.481,-0.275,0.121,-0.351,0.809,-0.954,1.374,0.061,btn_C
1780981812.5765424,-0.786,-0.192,0.613,-0.962,1.351,-0.145,-0.675,-0.325,0.61,-6.405,0.725,-0.519,-0.285,-0.417,0.885,-0.374,0.145,-0.267,-0.244,-0.422,0.934,1.344,6.74,-0.489,0.125,-0.356,0.809,-1.046,1.244,-0.069,btn_C
1780981812.6796916,-0.786,-0.195,0.619,-1.122,1.405,-1.092,-0.672,-0.324,0.611,-6.412,0.496,-0.87,-0.284,-0.418,0.883,-0.534,-0.183,0.244,-0.241,-0.424,0.937,1.565,6.908,-0.321,0.122,-0.356,0.805,-0.527,2.412,-0.206,btn_C
1780981812.7945485,-0.786,-0.198,0.628,-1.344,2.473,-1.382,-0.676,-0.332,0.611,-7.786,3.595,-1.756,-0.283,-0.414,0.885,1.0,-5.115,-1.824,-0.219,-0.435,0.931,1.626,7.214,-0.206,0.134,-0.354,0.789,-0.336,9.58,-3.84,btn_C
1780981812.900191,-0.759,0.098,0.228,129.664,-72.298,68.977,-0.618,-0.06,0.009,58.496,-65.611,60.992,-0.298,-0.416,0.861,28.076,-55.779,-18.489,-0.187,-0.427,0.932,23.504,-67.634,-10.099,0.221,-0.382,0.824,-8.084,-22.038,-12.061,btn_C
1780981812.9924123,-0.813,0.02,0.669,12.374,-31.275,12.802,-0.58,-0.199,0.8,6.534,-27.87,14.756,-0.188,-0.409,0.959,4.748,-22.809,-4.588,-0.179,-0.384,0.955,-1.305,-12.664,-4.824,0.194,-0.363,0.794,-3.282,-16.855,-3.763,btn_C
1780981813.0916464,-0.74,0.006,0.738,10.916,-14.366,12.718,-0.607,-0.163,0.751,3.321,-18.802,10.55,-0.166,-0.388,0.938,-5.038,-13.137,-5.008,-0.117,-0.408,0.98,5.29,-11.672,-5.183,0.235,-0.38,0.779,-5.519,-9.977,-3.0,btn_C
1780981813.194748,-0.672,0.062,0.702,3.656,-1.198,5.198,-0.561,-0.116,0.688,-0.153,-5.237,0.221,-0.189,-0.403,0.916,-3.489,0.55,-1.992,-0.122,-0.4,0.97,-1.053,3.84,-2.664,0.228,-0.375,0.782,-1.679,1.511,0.42,btn_C
1780981813.2983124,-0.601,0.055,0.675,-10.725,11.466,-8.725,-0.498,-0.102,0.672,-26.145,17.832,-7.267,-0.183,-0.421,0.912,-8.206,11.794,2.031,-0.12,-0.404,0.965,-5.603,28.771,3.053,0.231,-0.381,0.783,9.0,21.824,5.595,btn_C
1780981813.4136717,-0.494,-0.074,0.34,-123.496,82.435,-120.466,-0.522,-0.323,0.517,-167.542,129.672,-70.985,-0.167,-0.207,1.042,19.191,87.656,22.313,-0.259,-0.483,0.865,-6.069,97.504,17.069,0.001,-0.33,0.749,32.756,68.374,15.046,btn_C
1780981813.5035098,-0.671,-0.213,0.698,4.466,14.992,3.748,-0.677,-0.324,0.6,-10.336,-7.237,-1.412,-0.269,-0.431,0.884,-4.55,12.298,2.115,-0.225,-0.42,0.938,-0.489,19.588,-0.252,0.103,-0.334,0.786,-2.595,-3.672,3.191,btn_C
1780981813.6117132,-0.75,-0.186,0.662,-3.168,1.176,0.374,-0.687,-0.319,0.593,-7.466,0.053,0.534,-0.271,-0.424,0.885,1.443,0.191,1.107,-0.233,-0.43,0.94,3.0,5.687,-0.679,0.142,-0.35,0.803,-2.527,-3.847,0.336,btn_C
1780981813.714369,-0.763,-0.184,0.652,-5.649,4.13,3.198,-0.684,-0.321,0.595,-6.847,-0.496,-0.58,-0.269,-0.426,0.889,-0.481,-0.252,0.969,-0.231,-0.423,0.935,0.969,7.176,-0.099,0.134,-0.355,0.815,-1.16,3.58,0.679,btn_C
1780981813.8126123,-0.765,-0.186,0.654,-3.244,3.046,1.282,-0.681,-0.322,0.601,-6.893,-0.008,-0.519,-0.269,-0.427,0.891,-0.924,1.275,1.305,-0.232,-0.43,0.937,1.656,7.351,-0.16,0.128,-0.354,0.802,-0.809,2.702,0.069,btn_C
1780981813.930125,-0.763,-0.184,0.653,-2.634,2.389,0.931,-0.678,-0.316,0.606,-6.466,0.26,0.168,-0.274,-0.42,0.89,0.168,1.198,1.305,-0.232,-0.427,0.941,1.435,7.466,-0.191,0.122,-0.349,0.803,-0.672,2.878,0.107,btn_C
1780981814.0275133,-0.779,-0.177,0.637,-4.679,3.168,0.87,-0.674,-0.323,0.605,-7.137,0.015,-2.023,-0.271,-0.422,0.883,-0.962,0.427,0.038,-0.23,-0.43,0.942,0.939,7.817,-0.076,0.119,-0.354,0.808,-1.023,2.611,0.389,btn_C
1780981814.1340652,-0.77,-0.193,0.649,-2.427,3.244,0.252,-0.68,-0.322,0.596,-6.725,0.824,0.534,-0.275,-0.425,0.883,-0.13,1.473,1.55,-0.235,-0.429,0.931,1.809,7.557,0.679,0.131,-0.342,0.802,-0.771,2.985,0.412,btn_C
1780981814.2349157,-0.769,-0.183,0.647,-2.0,2.145,0.435,-0.679,-0.32,0.596,-7.176,0.389,-0.344,-0.279,-0.423,0.886,-1.092,2.489,0.931,-0.238,-0.426,0.93,0.954,8.817,0.466,0.128,-0.349,0.803,-1.534,3.214,1.328,btn_C
1780981817.0110953,-0.776,-0.191,0.64,-1.275,1.206,-1.214,-0.679,-0.317,0.604,-6.473,0.511,-1.183,-0.287,-0.416,0.891,-0.618,-0.473,0.427,-0.246,-0.424,0.932,1.038,7.252,-0.679,0.109,-0.35,0.799,-0.817,1.786,0.313,btn_C
1780981817.1093643,-0.778,-0.18,0.636,-0.763,0.901,-0.519,-0.679,-0.318,0.6,-6.87,0.519,-0.481,-0.285,-0.421,0.883,-0.176,0.481,0.336,-0.242,-0.425,0.934,1.985,7.237,0.611,0.105,-0.344,0.809,-0.534,2.412,-0.076,btn_C
1780981817.2120063,-0.777,-0.186,0.631,-0.023,1.168,-0.252,-0.678,-0.318,0.599,-6.153,0.473,-0.328,-0.288,-0.415,0.889,0.0,-0.023,0.573,-0.242,-0.422,0.94,1.496,7.176,-0.214,0.11,-0.349,0.802,-0.427,2.893,0.053,btn_C
1780981817.3150003,-0.774,-0.188,0.638,-1.168,1.527,-1.351,-0.679,-0.322,0.603,-6.427,0.45,-0.641,-0.287,-0.416,0.885,-0.527,-0.687,0.229,-0.24,-0.424,0.935,1.168,6.824,-0.71,0.118,-0.351,0.808,-0.389,2.588,-0.122,btn_C
1780981817.4274747,-0.776,-0.181,0.635,-0.71,1.183,-0.756,-0.678,-0.323,0.605,-6.206,0.74,-0.626,-0.291,-0.418,0.885,-0.13,-0.137,0.618,-0.248,-0.425,0.931,1.786,6.916,-0.832,0.111,-0.351,0.805,-0.611,2.16,-0.206,btn_C
1780981817.5210998,-0.773,-0.183,0.635,-0.061,1.305,-0.084,-0.683,-0.322,0.605,-7.023,2.855,-0.916,-0.294,-0.417,0.888,0.29,-4.542,-1.885,-0.244,-0.418,0.928,1.634,5.809,-1.16,0.114,-0.342,0.807,0.076,0.809,0.198,btn_C
1780981817.629903,-1.008,-0.181,0.709,-22.321,32.931,15.412,-0.845,-0.374,0.655,8.397,-12.443,3.252,-0.269,-0.445,0.932,2.038,-9.366,0.053,-0.285,-0.41,0.914,0.702,-7.779,-1.916,0.089,-0.343,0.817,-15.13,-18.969,-9.702,btn_C
1780981817.727013,-0.647,-0.045,0.652,47.992,-23.244,13.641,-0.645,-0.189,0.674,27.443,-26.786,12.458,-0.234,-0.412,0.917,13.893,-3.031,0.351,-0.202,-0.42,0.951,8.527,-6.176,-4.969,0.17,-0.365,0.793,-5.885,-22.069,-9.855,btn_C
1780981817.8298938,-0.715,0.027,0.675,12.817,-12.092,3.916,-0.572,-0.15,0.711,0.321,-14.435,2.939,-0.205,-0.399,0.914,-0.641,-9.313,-3.191,-0.172,-0.411,0.954,3.748,-4.672,-3.626,0.207,-0.37,0.786,-3.45,-4.305,-2.405,btn_C
1780981817.9461267,-0.707,0.011,0.741,-0.695,7.0,-6.786,-0.642,-0.165,0.723,-10.115,7.962,-5.718,-0.214,-0.398,0.915,-1.87,3.947,0.588,-0.172,-0.412,0.964,-0.321,7.107,-1.282,0.209,-0.373,0.783,-1.374,0.443,0.374,btn_C
1780981818.0447867,-0.589,0.033,0.593,-31.817,25.122,-30.069,-0.403,-0.071,0.437,-74.603,32.405,-27.748,-0.226,-0.408,0.917,-13.809,18.038,0.504,-0.154,-0.443,0.96,-1.244,32.939,4.13,0.193,-0.277,0.813,20.557,38.847,9.824,btn_C
1780981818.1390355,-1.016,-0.254,0.789,0.634,-15.794,23.733,-0.719,-0.329,0.543,-7.71,5.42,-7.046,-0.295,-0.394,0.875,13.366,-16.931,-4.969,-0.23,-0.429,0.942,13.382,-23.344,-2.87,0.175,-0.364,0.819,-6.969,-13.626,0.061,btn_C
1780981818.2423477,-0.813,-0.225,0.687,-11.527,0.069,-0.313,-0.675,-0.337,0.611,-6.305,2.366,-1.435,-0.249,-0.417,0.898,-2.191,-0.481,-0.626,-0.206,-0.423,0.95,0.42,9.176,-0.267,0.138,-0.341,0.806,-0.527,6.817,1.565,btn_C
1780981818.3448057,-0.773,-0.213,0.628,1.893,2.282,0.298,-0.665,-0.335,0.615,-6.824,2.397,0.908,-0.256,-0.419,0.895,-0.931,1.527,1.237,-0.213,-0.421,0.947,1.618,6.901,-0.389,0.136,-0.348,0.799,-1.275,1.931,0.695,btn_C
1780981818.4474795,-0.779,-0.212,0.627,-0.145,1.069,-0.412,-0.665,-0.338,0.611,-7.496,0.824,0.649,-0.259,-0.418,0.889,-0.885,1.122,0.397,-0.216,-0.424,0.943,1.359,7.122,-0.863,0.139,-0.352,0.808,-0.641,2.366,0.519,btn_C
1780981818.5506637,-0.778,-0.207,0.63,-1.244,2.13,0.031,-0.674,-0.34,0.603,-7.046,0.122,0.794,-0.263,-0.419,0.896,-0.695,0.473,0.16,-0.217,-0.419,0.942,1.023,7.076,-0.519,0.141,-0.358,0.798,-0.573,1.969,0.443,btn_C
1780981818.6537015,-0.777,-0.204,0.626,-1.359,1.725,0.206,-0.667,-0.335,0.598,-7.618,0.557,0.542,-0.264,-0.419,0.898,-0.656,0.29,0.511,-0.211,-0.422,0.948,1.344,7.542,-0.221,0.144,-0.355,0.811,-0.794,2.351,0.183,btn_C
1780981818.7569518,-0.776,-0.208,0.625,-2.076,2.466,-1.038,-0.676,-0.339,0.6,-7.679,0.221,0.649,-0.259,-0.42,0.897,-0.954,1.145,1.153,-0.225,-0.421,0.943,1.58,6.832,-0.427,0.148,-0.347,0.801,-0.191,3.672,0.305,btn_C
1780981818.8600607,-0.775,-0.208,0.629,-0.748,2.069,-0.45,-0.666,-0.337,0.6,-6.924,0.366,-0.107,-0.266,-0.422,0.888,-0.817,0.336,0.809,-0.221,-0.421,0.942,1.405,6.87,-0.382,0.137,-0.36,0.804,-0.916,2.58,0.191,btn_C
1780981821.6453128,-0.781,-0.207,0.615,-0.519,1.748,-0.313,-0.669,-0.34,0.598,-6.695,0.733,-0.29,-0.27,-0.42,0.886,-0.107,-0.504,0.206,-0.222,-0.423,0.948,1.664,6.557,-0.168,0.129,-0.35,0.803,-0.565,2.496,-0.122,btn_C
1780981821.7441065,-0.781,-0.202,0.62,-1.015,1.756,-0.733,-0.672,-0.338,0.602,-6.863,0.84,-0.664,-0.266,-0.421,0.889,-0.244,0.336,-0.267,-0.221,-0.42,0.945,1.45,7.267,-0.153,0.13,-0.351,0.801,-0.664,2.366,0.031,btn_C
1780981821.8468814,-0.779,-0.205,0.623,-0.718,1.382,-0.87,-0.675,-0.338,0.596,-6.336,0.802,-0.466,-0.268,-0.42,0.892,-0.229,0.214,-0.069,-0.221,-0.421,0.941,1.13,6.992,-0.679,0.13,-0.355,0.8,-0.649,1.939,-0.107,btn_C
1780981821.9591184,-0.779,-0.207,0.621,-0.679,1.397,-0.351,-0.672,-0.337,0.6,-6.557,1.015,-0.275,-0.269,-0.421,0.889,0.29,-0.977,0.374,-0.223,-0.419,0.939,1.504,7.046,-0.115,0.129,-0.353,0.803,-0.298,2.382,-0.038,btn_C
1780981822.0596223,-0.783,-0.206,0.623,-1.038,0.679,-1.366,-0.672,-0.338,0.602,-6.115,0.725,-0.534,-0.267,-0.42,0.887,-0.298,0.023,0.069,-0.224,-0.422,0.945,1.176,7.015,0.038,0.132,-0.354,0.802,-0.542,2.046,0.038,btn_C
1780981822.1645288,-0.78,-0.203,0.632,-2.137,5.802,1.618,-0.676,-0.391,0.673,-6.496,-6.092,6.58,-0.234,-0.422,0.885,4.817,-6.527,2.733,-0.248,-0.397,0.902,4.389,12.191,5.603,0.117,-0.359,0.811,-1.824,17.305,-0.985,btn_C
1780981822.2590916,-0.707,-0.107,0.553,51.153,-57.458,56.298,-0.448,-0.167,0.55,62.588,-61.466,23.481,-0.22,-0.401,0.902,9.992,-26.916,-5.863,-0.179,-0.401,0.96,6.511,-10.687,-1.573,0.173,-0.366,0.809,-3.992,-5.794,-6.496,btn_C
1780981822.3751488,-0.671,0.002,0.602,22.603,-34.931,13.649,-0.525,-0.156,0.699,10.466,-24.351,14.099,-0.207,-0.404,0.908,8.183,-7.412,-1.809,-0.165,-0.406,0.968,3.473,-0.076,-4.168,0.193,-0.379,0.798,-1.985,-6.603,-3.115,btn_C
1780981822.476946,-0.749,-0.03,0.734,0.229,-4.282,-1.13,-0.601,-0.185,0.806,-4.885,-1.412,4.115,-0.197,-0.403,0.929,-0.725,-2.359,0.122,-0.178,-0.404,0.953,0.55,4.351,-2.832,0.191,-0.376,0.773,-5.397,-7.0,-1.718,btn_C
1780981822.5771756,-0.779,-0.053,0.786,1.45,-4.481,-0.412,-0.606,-0.193,0.818,0.885,-5.214,-0.206,-0.189,-0.417,0.925,2.84,-3.84,0.481,-0.165,-0.406,0.953,4.847,0.473,-1.71,0.202,-0.37,0.784,-2.244,1.847,-2.748,btn_C
1780981822.6767786,-0.475,0.004,0.557,-36.046,25.115,-48.969,-0.302,-0.025,0.257,-114.137,43.763,-35.954,-0.202,-0.409,0.966,-5.702,29.145,4.046,-0.176,-0.427,0.957,-2.176,38.908,7.42,0.182,-0.374,0.805,23.244,48.779,11.053,btn_C
1780981822.774737,-0.482,-0.215,0.652,-26.282,21.71,1.267,-0.595,-0.363,0.665,-11.137,-9.328,-4.855,-0.202,-0.414,0.907,-1.305,-11.908,-2.336,-0.158,-0.413,0.967,2.779,26.947,1.328,0.156,-0.36,0.804,3.519,23.794,6.542,btn_C
1780981822.8770297,-0.695,-0.203,0.588,-20.595,9.603,1.053,-0.646,-0.346,0.614,-8.183,2.336,1.756,-0.23,-0.418,0.905,-1.053,6.313,2.832,-0.227,-0.411,0.947,3.122,13.206,0.046,0.135,-0.344,0.803,-0.985,2.71,1.527,btn_C
1780981822.991562,-0.773,-0.23,0.62,-2.206,-0.298,0.649,-0.654,-0.349,0.604,-7.672,0.298,1.985,-0.245,-0.419,0.91,-1.183,3.641,2.84,-0.218,-0.411,0.945,2.809,9.0,0.763,0.138,-0.345,0.786,0.489,3.267,0.137,btn_C
1780981823.0830107,-0.781,-0.224,0.618,-0.107,3.137,1.046,-0.662,-0.354,0.609,-7.87,1.237,1.092,-0.244,-0.421,0.901,-0.336,3.084,2.023,-0.22,-0.419,0.936,1.618,7.191,1.206,0.136,-0.347,0.799,0.534,5.29,-0.168,btn_C
1780981823.1933005,-0.783,-0.229,0.614,-1.115,3.588,0.947,-0.664,-0.347,0.61,-7.244,-1.145,2.237,-0.25,-0.415,0.899,0.29,2.832,2.58,-0.222,-0.415,0.957,3.382,7.672,1.855,0.139,-0.354,0.804,1.435,6.611,-0.359,btn_C
1780981823.293685,-0.791,-0.23,0.605,-0.115,2.305,-0.053,-0.668,-0.347,0.61,-6.183,0.115,-0.26,-0.249,-0.415,0.894,0.702,0.687,0.359,-0.22,-0.418,0.948,2.191,6.038,-0.328,0.131,-0.349,0.787,-0.603,1.534,-0.511,btn_C
1780981823.3920562,-0.782,-0.22,0.621,-1.42,0.229,-3.099,-0.655,-0.342,0.609,-6.779,-0.611,-2.183,-0.254,-0.423,0.902,-1.321,0.244,-0.496,-0.212,-0.423,0.936,2.198,6.779,-0.557,0.145,-0.344,0.786,0.298,6.0,-0.344,btn_C
1780981823.4954789,-0.798,-0.228,0.608,-1.099,3.084,-0.214,-0.662,-0.341,0.612,-6.298,1.427,0.527,-0.258,-0.415,0.896,-0.725,-0.076,-0.031,-0.223,-0.415,0.943,0.947,7.153,-0.275,0.131,-0.365,0.803,-3.046,0.29,0.237,btn_C
1780981826.2843385,-0.791,-0.2,0.613,-1.038,1.0,-1.718,-0.67,-0.337,0.599,-6.405,0.542,-1.336,-0.27,-0.424,0.885,-0.58,-0.206,0.122,-0.234,-0.421,0.944,1.168,7.198,-0.71,0.123,-0.349,0.808,-0.618,2.237,0.397,btn_C
1780981826.379203,-0.789,-0.203,0.614,-0.321,1.847,0.55,-0.659,-0.326,0.577,-6.565,2.603,0.382,-0.267,-0.421,0.89,0.458,-0.084,0.092,-0.229,-0.428,0.939,1.885,7.481,0.099,0.126,-0.354,0.793,-0.069,3.779,-0.29,btn_C
1780981826.4824963,-0.789,-0.205,0.604,-0.763,1.611,-1.244,-0.675,-0.338,0.606,-6.229,0.695,-0.214,-0.273,-0.431,0.889,-0.053,-0.74,0.046,-0.234,-0.418,0.934,1.679,6.71,-0.305,0.125,-0.347,0.796,-0.275,2.305,0.069,btn_C
1780981826.586944,-0.829,-0.238,0.671,-6.87,13.649,4.267,-0.694,-0.346,0.607,-1.137,-6.053,4.939,-0.28,-0.422,0.875,3.069,3.214,0.099,-0.235,-0.434,0.934,3.924,2.473,-0.046,0.107,-0.347,0.807,-5.702,-2.542,-8.153,btn_C
1780981826.6884623,-0.535,-0.079,0.697,58.969,-51.122,24.595,-0.556,-0.139,0.566,43.58,-28.962,18.176,-0.259,-0.408,0.867,5.71,-22.466,-4.015,-0.182,-0.411,0.952,11.344,-10.733,-3.527,0.161,-0.357,0.795,-0.221,-27.282,-6.321,btn_C
1780981826.7928944,-0.677,0.022,0.693,13.847,-13.412,9.198,-0.602,-0.146,0.74,4.863,-3.481,9.519,-0.162,-0.389,0.935,-1.107,-2.84,-2.962,-0.144,-0.406,0.96,1.153,-2.885,-4.153,0.212,-0.372,0.783,-4.863,-7.58,-2.527,btn_C
1780981826.8968837,-0.652,0.008,0.751,2.588,-0.336,-1.374,-0.547,-0.126,0.752,-5.359,1.443,-3.695,-0.179,-0.393,0.916,-1.221,1.87,-0.252,-0.143,-0.402,0.969,-0.45,8.496,-0.885,0.218,-0.376,0.769,0.847,3.695,0.725,btn_C
1780981826.99765,-0.649,0.018,0.673,-12.779,13.634,-14.137,-0.442,-0.099,0.612,-23.473,9.504,-31.977,-0.159,-0.376,0.883,-13.557,14.069,-0.763,-0.094,-0.415,0.974,-2.0,30.679,3.855,0.237,-0.365,0.781,12.405,34.046,7.573,btn_C
1780981827.1005504,-2.0,-0.611,1.834,-104.45,84.679,-22.595,-0.637,-0.356,0.583,-6.427,-21.924,-7.855,-0.288,-0.415,0.887,-7.931,-22.13,-6.382,-0.204,-0.427,0.954,13.198,-18.832,-5.832,0.12,-0.346,0.768,-15.977,-54.191,-2.473,btn_C
1780981827.2034276,-0.874,-0.234,0.694,-1.977,-9.45,-1.786,-0.668,-0.322,0.633,-8.824,-2.076,-1.519,-0.254,-0.419,0.901,0.397,-6.336,-0.145,-0.213,-0.412,0.955,3.794,-1.313,-0.557,0.137,-0.352,0.806,-3.046,-1.817,1.527,btn_C
1780981827.3065252,-0.778,-0.206,0.633,-1.458,1.863,-1.893,-0.66,-0.33,0.624,-9.58,0.298,0.137,-0.251,-0.419,0.895,-3.366,3.771,1.092,-0.225,-0.419,0.936,0.137,8.802,-0.244,0.139,-0.341,0.809,-0.893,3.252,1.42,btn_C
1780981827.4095285,-0.776,-0.215,0.635,-0.733,2.099,-0.313,-0.656,-0.325,0.624,-7.244,0.359,-0.023,-0.259,-0.417,0.896,0.038,1.916,1.779,-0.226,-0.417,0.949,1.42,7.069,-0.504,0.138,-0.352,0.806,-1.42,1.573,0.695,btn_C
1780981827.5133727,-0.78,-0.203,0.626,-1.641,2.351,-0.466,-0.655,-0.327,0.616,-7.458,1.198,-0.504,-0.266,-0.421,0.889,-0.977,2.061,0.985,-0.232,-0.418,0.941,1.107,7.786,0.015,0.133,-0.354,0.802,-1.153,2.42,0.42,btn_C
1780981827.6261663,-0.778,-0.203,0.625,-1.55,1.069,-1.275,-0.661,-0.328,0.623,-6.527,-0.122,-1.275,-0.266,-0.419,0.888,-0.542,0.58,0.55,-0.233,-0.42,0.936,1.183,7.489,0.031,0.13,-0.356,0.802,-0.618,2.748,0.305,btn_C
1780981827.7266908,-0.778,-0.203,0.626,-0.977,2.107,-0.237,-0.658,-0.331,0.625,-6.954,0.229,-0.595,-0.271,-0.419,0.888,-0.496,0.542,0.595,-0.234,-0.421,0.934,1.725,6.824,-0.786,0.126,-0.356,0.8,-0.763,2.435,-0.275,btn_C
1780981827.828663,-0.78,-0.204,0.633,-0.885,1.634,-0.802,-0.656,-0.328,0.622,-6.527,0.397,-0.74,-0.271,-0.424,0.889,-0.023,-0.489,0.115,-0.233,-0.418,0.942,1.519,6.649,-0.649,0.129,-0.35,0.795,-0.603,2.542,-0.099,btn_C
1780981827.9244142,-0.781,-0.203,0.62,-1.214,1.779,-0.878,-0.658,-0.333,0.627,-6.55,0.756,-0.237,-0.271,-0.419,0.89,-0.427,-0.023,0.351,-0.232,-0.418,0.935,1.496,7.092,-0.649,0.132,-0.354,0.805,-0.344,1.611,-0.099,btn_C
1780981828.027696,-0.778,-0.203,0.632,-0.824,1.107,-0.87,-0.656,-0.33,0.631,-6.305,0.664,-0.42,-0.272,-0.422,0.888,-0.603,0.573,0.214,-0.238,-0.427,0.938,1.328,7.267,-0.191,0.131,-0.352,0.798,-0.756,2.718,-0.023,btn_C
1780981828.1422095,-0.78,-0.199,0.62,-1.176,0.947,-1.008,-0.656,-0.329,0.625,-6.809,0.504,-0.298,-0.27,-0.42,0.892,-0.13,-0.198,-0.008,-0.23,-0.421,0.939,1.756,7.557,0.443,0.134,-0.35,0.802,-0.42,3.023,-0.221,btn_C
1780981830.8082547,-0.784,-0.2,0.619,-0.885,1.061,-0.802,-0.655,-0.333,0.63,-6.756,0.153,-0.26,-0.273,-0.421,0.887,-0.008,-0.16,0.298,-0.235,-0.42,0.941,1.489,6.435,-0.718,0.131,-0.356,0.804,-0.397,2.565,-0.198,btn_C
1780981830.911687,-0.784,-0.203,0.616,-1.122,0.885,-1.0,-0.656,-0.329,0.626,-6.649,0.45,-0.282,-0.276,-0.425,0.89,-0.298,-0.244,0.015,-0.235,-0.427,0.937,1.74,6.359,-0.802,0.133,-0.357,0.812,-0.389,2.328,-0.008,btn_C
1780981831.0313692,-0.78,-0.197,0.62,-0.588,1.458,-0.603,-0.659,-0.326,0.624,-6.908,0.908,-0.145,-0.274,-0.419,0.886,-0.267,-0.099,0.435,-0.238,-0.423,0.935,1.275,6.58,-0.603,0.128,-0.347,0.81,-0.481,2.115,0.069,btn_C
1780981831.1258395,-0.781,-0.202,0.619,-0.527,1.321,-1.237,-0.661,-0.336,0.625,-6.351,0.817,-0.13,-0.274,-0.424,0.886,-0.244,-0.672,-0.038,-0.239,-0.424,0.937,1.45,6.939,-0.305,0.122,-0.348,0.81,-0.489,2.336,0.176,btn_C
1780981831.2253087,-0.785,-0.202,0.627,-1.298,1.557,-1.107,-0.659,-0.335,0.621,-5.863,1.328,-0.466,-0.276,-0.423,0.888,-0.015,-0.069,0.412,-0.237,-0.419,0.935,1.611,7.939,-0.313,0.125,-0.352,0.801,-0.13,2.42,-0.107,btn_C
1780981831.3238652,-1.385,-0.488,1.302,45.977,-10.046,34.847,-0.92,-0.485,0.955,62.802,-48.863,69.099,-0.294,-0.404,0.936,-3.901,-24.634,-9.16,-0.272,-0.434,0.9,11.863,-31.153,-9.656,0.115,-0.35,0.798,-21.183,-51.13,-16.702,btn_C
1780981831.427396,-0.719,-0.006,0.592,38.176,-22.389,12.053,-0.694,-0.186,0.634,14.931,-19.0,15.779,-0.249,-0.401,0.925,8.145,-11.672,-2.626,-0.194,-0.407,0.967,5.153,-6.229,-4.481,0.187,-0.37,0.789,-7.634,-15.817,-4.504,btn_C
1780981831.5424967,-0.705,-0.013,0.699,8.023,-6.16,2.183,-0.609,-0.172,0.729,-0.427,-7.267,1.786,-0.24,-0.393,0.901,-0.534,-4.176,-1.511,-0.168,-0.403,0.961,2.099,2.863,-2.542,0.205,-0.368,0.792,-2.473,-4.237,-1.809,btn_C
1780981831.6328044,-0.714,-0.035,0.763,6.336,-1.313,-6.092,-0.57,-0.167,0.784,-6.618,1.786,-6.115,-0.198,-0.402,0.917,-1.176,3.214,0.008,-0.161,-0.406,0.955,-0.824,10.702,-0.603,0.212,-0.377,0.784,-0.29,2.42,0.351,btn_C
1780981831.7356148,-0.549,0.004,0.614,-24.305,35.985,-41.015,-0.5,-0.129,0.53,-64.252,48.038,-32.504,-0.222,-0.426,0.962,-0.26,23.992,6.008,-0.156,-0.418,0.96,-5.038,46.618,5.641,0.193,-0.371,0.8,19.511,47.008,8.16,btn_C
1780981831.838979,-1.043,0.246,0.009,-6.779,-10.061,6.046,-0.651,-0.359,0.625,-6.321,21.038,-4.458,-0.215,-0.442,0.911,5.511,-5.641,-0.366,-0.252,-0.431,0.967,19.649,-10.947,-0.595,0.133,-0.336,0.808,-3.298,-11.405,-0.534,btn_C
1780981831.9414997,-0.769,-0.195,0.651,-1.191,-2.023,-3.817,-0.673,-0.33,0.599,-8.405,-0.366,-2.412,-0.258,-0.423,0.887,-1.374,0.198,-0.053,-0.218,-0.422,0.944,-0.718,6.366,0.023,0.13,-0.342,0.812,-1.771,3.779,1.351,btn_C
1780981832.04443,-0.765,-0.201,0.654,-2.534,0.954,-0.527,-0.663,-0.339,0.61,-7.092,0.344,-0.496,-0.264,-0.424,0.89,-0.763,0.534,0.55,-0.226,-0.422,0.943,1.351,6.656,0.031,0.133,-0.34,0.799,-2.053,-0.107,2.076,btn_C
1780981832.158571,-0.789,-0.187,0.628,-4.061,4.611,4.977,-0.67,-0.329,0.601,-6.756,-0.244,-0.916,-0.259,-0.427,0.887,-1.252,0.206,0.313,-0.225,-0.428,0.94,0.954,7.389,0.26,0.13,-0.348,0.803,-1.58,1.969,1.58,btn_C
1780981832.25524,-0.767,-0.2,0.646,-1.763,2.756,-0.298,-0.67,-0.337,0.609,-6.626,0.542,0.069,-0.266,-0.423,0.89,-0.244,0.931,0.534,-0.233,-0.421,0.938,1.626,7.275,0.389,0.132,-0.352,0.799,-0.618,2.519,0.42,btn_C
1780981832.3592448,-0.766,-0.2,0.643,-2.939,2.664,0.672,-0.672,-0.34,0.61,-6.427,0.504,0.244,-0.268,-0.428,0.889,-0.321,0.504,0.336,-0.232,-0.422,0.937,1.229,7.015,-0.702,0.132,-0.348,0.794,-1.053,2.71,0.626,btn_C
1780981832.45669,-0.771,-0.201,0.642,-1.786,1.901,-0.031,-0.67,-0.333,0.607,-6.26,0.656,0.061,-0.267,-0.426,0.89,-0.168,-0.16,0.427,-0.23,-0.419,0.938,1.412,6.992,-0.099,0.127,-0.349,0.806,-1.038,2.275,0.153,btn_C
1780981832.559827,-0.77,-0.203,0.64,-1.992,1.824,0.168,-0.667,-0.331,0.604,-6.305,0.763,0.313,-0.267,-0.426,0.89,-0.672,0.672,0.74,-0.23,-0.421,0.939,1.321,6.985,-0.504,0.13,-0.343,0.807,-0.137,2.198,0.084,btn_C
1780981832.6621525,-0.77,-0.197,0.643,-2.641,2.0,0.489,-0.667,-0.329,0.61,-6.13,0.542,-0.221,-0.265,-0.425,0.886,-0.557,0.275,0.672,-0.228,-0.425,0.935,0.992,7.275,0.168,0.134,-0.355,0.799,-0.595,1.74,0.069,btn_C
1780981832.7732124,-0.772,-0.204,0.641,-2.947,3.0,0.481,-0.67,-0.331,0.608,-6.634,0.504,-0.229,-0.263,-0.422,0.885,-0.237,-0.634,0.618,-0.229,-0.421,0.945,1.527,7.618,0.115,0.135,-0.355,0.805,-0.534,2.634,0.221,btn_C
1780981835.4449327,-0.777,-0.2,0.621,-1.237,1.496,-1.45,-0.667,-0.333,0.607,-6.244,0.45,-0.405,-0.272,-0.424,0.881,-0.321,-0.076,-0.099,-0.232,-0.422,0.935,1.931,6.618,-0.947,0.13,-0.352,0.799,-0.588,2.626,-0.107,btn_C
1780981835.547449,-0.774,-0.201,0.63,-0.878,1.603,0.061,-0.668,-0.337,0.609,-6.397,0.26,-0.107,-0.273,-0.427,0.889,-0.542,0.13,-0.244,-0.231,-0.424,0.94,1.679,7.282,-0.382,0.132,-0.349,0.803,-0.695,2.267,-0.092,btn_C
1780981835.662098,-0.775,-0.207,0.626,-0.992,1.519,-1.168,-0.669,-0.333,0.609,-6.519,0.29,-0.649,-0.269,-0.43,0.886,-0.023,0.183,-0.229,-0.23,-0.419,0.935,1.366,6.618,-0.313,0.129,-0.348,0.8,-0.618,2.481,-0.031,btn_C
1780981835.752733,-0.775,-0.204,0.627,-1.023,1.344,-0.832,-0.663,-0.336,0.613,-6.55,0.29,-0.908,-0.275,-0.425,0.886,-0.023,-0.427,0.16,-0.232,-0.423,0.941,1.489,7.008,-0.137,0.13,-0.349,0.806,-0.565,2.466,0.122,btn_C
1780981835.856662,-0.779,-0.198,0.627,-0.885,1.176,-0.176,-0.668,-0.333,0.605,-6.534,0.351,-1.168,-0.275,-0.428,0.892,-0.374,0.298,-0.168,-0.232,-0.422,0.939,1.405,6.87,-0.321,0.13,-0.356,0.801,-0.595,2.031,0.023,btn_C
1780981835.9589963,-0.779,-0.203,0.637,-1.275,0.504,-2.214,-0.67,-0.338,0.612,-7.084,1.389,-1.786,-0.271,-0.428,0.895,-0.244,-1.122,-0.672,-0.223,-0.421,0.937,1.641,6.679,-0.84,0.125,-0.357,0.821,-0.802,-0.351,0.153,btn_C
1780981836.0622027,-1.087,-0.32,0.964,95.282,-28.275,82.656,-0.95,-0.385,0.409,125.649,-80.557,44.672,-0.301,-0.413,0.864,23.969,-40.382,-8.313,-0.218,-0.429,0.952,19.229,-46.191,-10.053,0.188,-0.383,0.803,-12.153,-46.046,-10.237,btn_C
1780981836.164808,-0.818,0.001,0.662,27.458,-21.695,14.748,-0.659,-0.186,0.666,19.466,-23.443,13.641,-0.196,-0.373,0.841,5.863,-22.145,-4.038,-0.151,-0.401,0.986,6.466,-14.099,-5.733,0.209,-0.368,0.789,-8.977,-18.023,-5.824,btn_C
1780981836.2727747,-0.711,-0.011,0.744,5.176,-9.42,1.893,-0.6,-0.176,0.796,2.221,-8.779,5.206,-0.198,-0.398,0.917,1.099,-5.13,-0.618,-0.154,-0.406,0.965,2.71,0.382,-2.679,0.216,-0.381,0.778,-2.916,-3.115,-3.153,btn_C
1780981836.3709276,-0.68,0.029,0.686,-1.336,2.221,-1.076,-0.529,-0.124,0.712,-9.824,5.58,-6.718,-0.182,-0.394,0.916,-3.511,5.038,-0.359,-0.133,-0.404,0.963,-0.13,13.595,-0.023,0.229,-0.378,0.781,3.511,14.015,3.244,btn_C
1780981836.4827886,-0.456,-0.013,0.472,-97.901,76.069,-91.321,-0.427,-0.162,0.38,-171.481,109.221,-73.42,-0.249,-0.432,0.926,-6.519,57.282,20.214,-0.255,-0.417,0.944,-13.641,75.542,12.74,0.084,-0.348,0.845,28.221,67.878,13.244,btn_C
1780981836.5769813,-0.744,-0.173,0.61,-37.031,3.466,-5.366,-0.662,-0.327,0.622,-9.565,1.924,0.412,-0.269,-0.425,0.887,-9.832,9.519,2.092,-0.236,-0.421,0.944,-1.015,15.977,0.954,0.112,-0.348,0.78,-0.015,5.244,1.969,btn_C
1780981836.6915638,-0.788,-0.209,0.629,-2.718,1.87,0.214,-0.667,-0.326,0.612,-7.595,0.885,0.824,-0.265,-0.419,0.89,0.427,-1.504,0.351,-0.228,-0.415,0.948,1.29,6.435,-1.115,0.109,-0.31,0.811,-0.374,-2.153,0.649,btn_C
1780981836.7917073,-0.784,-0.2,0.625,-1.053,3.008,2.405,-0.665,-0.332,0.609,-7.679,-0.573,-0.229,-0.263,-0.42,0.893,-1.069,0.084,0.595,-0.229,-0.419,0.944,1.298,6.649,0.069,0.131,-0.353,0.802,-0.664,2.435,0.16,btn_C
1780981836.8904011,-0.776,-0.205,0.628,-1.275,1.405,0.084,-0.66,-0.329,0.622,-6.611,0.611,0.435,-0.263,-0.415,0.888,-0.122,0.588,0.458,-0.226,-0.419,0.943,2.649,6.389,-0.443,0.134,-0.342,0.807,-1.122,1.962,-0.008,btn_C
1780981836.9892724,-0.777,-0.208,0.623,-0.939,2.061,0.405,-0.663,-0.329,0.614,-6.153,0.466,0.374,-0.271,-0.421,0.898,1.053,0.191,0.565,-0.23,-0.415,0.938,2.733,6.901,0.069,0.135,-0.353,0.802,-1.718,1.802,0.092,btn_C
1780981837.091868,-0.78,-0.208,0.627,-1.863,1.931,-1.496,-0.662,-0.327,0.617,-7.092,0.893,-0.305,-0.268,-0.42,0.886,-0.58,0.168,-0.099,-0.233,-0.418,0.941,1.092,7.748,0.084,0.133,-0.35,0.806,-0.901,2.153,0.344,btn_C
1780981837.1945786,-0.784,-0.202,0.626,-1.015,2.489,-0.763,-0.666,-0.329,0.622,-6.656,0.527,-0.71,-0.266,-0.418,0.888,-0.55,0.084,-0.534,-0.229,-0.416,0.943,0.473,7.71,-0.214,0.131,-0.349,0.8,-0.443,2.672,0.244,btn_C
1780981837.3073559,-0.781,-0.206,0.627,-0.931,2.214,-1.183,-0.658,-0.323,0.61,-6.71,0.618,-0.626,-0.271,-0.415,0.895,-0.053,0.305,-0.115,-0.227,-0.419,0.945,1.031,7.015,-0.443,0.134,-0.352,0.807,-0.504,1.687,0.26,btn_C
1780981837.4081407,-0.778,-0.201,0.627,-0.618,2.405,-0.672,-0.661,-0.33,0.619,-6.84,1.557,-0.336,-0.267,-0.421,0.889,-0.748,-0.29,0.344,-0.229,-0.417,0.942,0.855,6.985,-0.565,0.139,-0.354,0.814,-0.641,2.366,0.359,btn_C
1780981840.0791843,-0.781,-0.203,0.619,-1.771,2.344,-1.969,-0.665,-0.329,0.613,-6.725,-0.015,-1.794,-0.276,-0.422,0.891,-0.511,0.183,0.038,-0.24,-0.42,0.936,0.916,6.817,-0.672,0.123,-0.351,0.804,-0.58,1.947,0.313,btn_C
1780981840.1925967,-0.779,-0.202,0.622,-0.809,0.817,-0.985,-0.662,-0.326,0.617,-6.267,0.198,-0.802,-0.27,-0.419,0.887,-0.473,0.015,-0.038,-0.236,-0.422,0.945,1.466,7.382,0.496,0.123,-0.352,0.806,-0.282,3.282,0.244,btn_C
1780981840.2847502,-0.784,-0.201,0.622,-0.183,0.588,-0.153,-0.66,-0.328,0.614,-5.626,0.321,-0.947,-0.273,-0.421,0.885,0.076,-0.496,0.313,-0.235,-0.423,0.933,1.603,6.809,-0.427,0.125,-0.357,0.802,-0.252,2.855,-0.328,btn_C
1780981840.3920405,-0.777,-0.205,0.617,-0.893,1.145,-1.267,-0.662,-0.329,0.614,-6.183,0.45,-0.053,-0.272,-0.418,0.881,-0.191,0.115,-0.031,-0.238,-0.421,0.94,1.725,6.809,-0.504,0.117,-0.353,0.805,-0.511,2.634,-0.038,btn_C
1780981840.4911091,-0.785,-0.2,0.621,-1.023,1.023,-0.84,-0.663,-0.329,0.616,-6.038,0.458,-0.481,-0.276,-0.418,0.894,-0.71,-0.038,-0.458,-0.238,-0.423,0.935,1.313,6.977,-1.183,0.118,-0.353,0.806,-0.611,1.802,-0.023,btn_C
1780981840.5940263,-0.784,-0.207,0.621,-0.527,1.534,-0.198,-0.664,-0.336,0.613,-6.153,1.374,0.802,-0.274,-0.419,0.886,0.282,0.252,-0.053,-0.234,-0.414,0.937,1.901,6.489,-0.519,0.124,-0.357,0.803,-0.802,1.527,-0.176,btn_C
1780981840.6974356,-0.787,-0.203,0.618,-1.435,1.473,-1.084,-0.663,-0.333,0.618,-6.229,0.443,-0.092,-0.274,-0.421,0.888,-0.168,0.008,0.115,-0.237,-0.419,0.935,1.42,7.504,0.031,0.126,-0.349,0.805,-0.275,2.153,0.122,btn_C
1780981840.8103778,-0.749,-0.217,0.61,-0.229,1.252,-0.794,-0.665,-0.339,0.643,-3.527,0.573,0.389,-0.252,-0.42,0.899,0.58,-1.42,-1.634,-0.236,-0.414,0.936,1.015,7.481,-0.71,0.133,-0.355,0.802,1.588,7.969,-1.794,btn_C
1780981840.9033492,-1.039,-0.245,0.727,88.481,-24.847,73.374,-0.757,-0.254,0.358,95.824,-51.328,45.122,-0.293,-0.484,0.829,17.954,-32.672,-6.969,-0.228,-0.418,0.947,17.145,-31.687,-5.939,0.156,-0.357,0.811,-4.794,-31.718,-10.603,btn_C
1780981841.0060854,-0.684,-0.07,0.753,28.756,-28.031,9.481,-0.573,-0.19,0.806,18.511,-22.107,5.427,-0.215,-0.408,0.924,1.702,-12.786,-3.527,-0.205,-0.402,0.94,1.527,-3.221,-4.733,0.162,-0.358,0.787,-4.244,-13.947,-3.672,btn_C
1780981841.1102052,-0.781,-0.013,0.733,13.931,-4.489,-2.382,-0.663,-0.188,0.74,0.076,-7.817,-0.504,-0.226,-0.409,0.916,0.275,-5.137,-2.618,-0.165,-0.406,0.957,0.321,-2.893,-3.168,0.208,-0.372,0.791,-4.282,-6.809,-2.656,btn_C
1780981841.22642,-0.721,-0.01,0.714,-3.779,3.206,-4.863,-0.604,-0.171,0.75,-11.855,4.16,-3.58,-0.211,-0.41,0.916,-1.534,2.718,0.069,-0.163,-0.411,0.966,-0.099,9.718,0.252,0.203,-0.368,0.785,0.313,4.221,0.733,btn_C
1780981841.3245406,-0.535,0.022,0.527,-46.649,29.412,-44.763,-0.413,-0.064,0.307,-111.427,57.641,-34.382,-0.208,-0.428,0.889,-10.809,22.176,5.496,-0.187,-0.424,0.956,-1.115,40.611,6.214,0.154,-0.361,0.83,18.099,45.542,9.45,btn_C
1780981841.4243343,-0.588,-0.191,0.58,-6.924,19.053,2.618,-0.647,-0.326,0.625,-8.313,-9.107,-1.939,-0.234,-0.422,0.897,0.611,-7.412,-1.466,-0.168,-0.42,0.965,2.908,19.863,-1.176,0.158,-0.359,0.807,-0.496,11.779,2.603,btn_C
1780981841.520992,-0.734,-0.198,0.608,-5.244,6.473,0.344,-0.662,-0.326,0.619,-7.359,1.183,0.252,-0.258,-0.416,0.901,-2.015,3.183,1.412,-0.218,-0.421,0.939,2.29,10.092,0.206,0.135,-0.343,0.803,-0.771,4.046,1.618,btn_C
1780981841.6243503,-0.774,-0.204,0.631,-0.802,2.481,0.374,-0.667,-0.329,0.613,-6.374,0.931,0.153,-0.26,-0.416,0.891,-0.137,1.565,1.275,-0.218,-0.418,0.944,1.58,7.87,-0.046,0.141,-0.343,0.801,-0.618,2.763,0.626,btn_C
1780981841.739297,-0.773,-0.204,0.633,-0.641,1.321,-1.595,-0.67,-0.322,0.618,-6.687,0.695,-0.427,-0.26,-0.421,0.888,-0.55,0.725,0.405,-0.22,-0.417,0.942,1.336,7.985,0.435,0.141,-0.352,0.802,-0.618,3.519,0.29,btn_C
1780981841.8301132,-0.776,-0.207,0.63,-0.588,1.374,-0.122,-0.666,-0.326,0.609,-6.649,0.382,-0.313,-0.263,-0.417,0.89,-0.321,0.336,0.756,-0.225,-0.419,0.948,1.389,7.29,-0.595,0.132,-0.353,0.805,-0.977,2.29,0.366,btn_C
1780981841.9410446,-0.773,-0.208,0.634,-0.092,1.153,-0.916,-0.669,-0.325,0.62,-6.198,-0.344,-1.061,-0.26,-0.42,0.905,-1.031,-1.298,-0.603,-0.228,-0.419,0.944,0.466,6.519,-1.344,0.138,-0.359,0.809,-1.275,1.954,0.275,btn_C
1780981842.04065,-0.778,-0.208,0.633,-0.397,2.076,0.351,-0.671,-0.324,0.612,-6.885,0.336,0.168,-0.271,-0.415,0.892,0.038,0.069,0.802,-0.225,-0.426,0.943,1.969,6.466,-0.473,0.135,-0.352,0.792,-1.092,2.366,-0.42,btn_C
1780981844.7137384,-0.779,-0.203,0.633,-1.969,1.0,-0.847,-0.668,-0.33,0.607,-6.748,0.672,-0.115,-0.27,-0.417,0.89,-0.481,0.42,-0.076,-0.23,-0.422,0.946,1.405,7.527,0.198,0.133,-0.352,0.798,-0.466,2.389,0.214,btn_C
1780981844.8243134,-0.785,-0.206,0.625,-1.153,0.603,-0.29,-0.67,-0.332,0.604,-6.214,0.74,-0.29,-0.27,-0.418,0.886,-0.328,-0.053,0.0,-0.229,-0.42,0.945,1.237,7.863,-0.16,0.136,-0.349,0.798,-0.389,2.435,0.374,btn_C
1780981844.9253867,-0.78,-0.202,0.626,-1.153,1.504,-0.542,-0.664,-0.333,0.61,-6.55,1.267,0.443,-0.276,-0.427,0.89,-0.321,-0.137,0.588,-0.232,-0.426,0.939,2.122,6.511,-0.496,0.127,-0.35,0.8,-0.16,3.244,-0.397,btn_C
1780981845.0231657,-0.776,-0.199,0.627,-0.359,2.069,0.267,-0.672,-0.332,0.603,-6.794,1.206,0.832,-0.279,-0.421,0.887,-0.588,0.939,0.427,-0.233,-0.417,0.936,1.763,7.099,-0.748,0.133,-0.347,0.798,-0.664,2.221,-0.16,btn_C
1780981845.1260219,-0.774,-0.207,0.624,-1.618,-0.092,-1.695,-0.672,-0.331,0.606,-6.489,1.206,0.053,-0.272,-0.424,0.893,-0.511,0.565,0.55,-0.231,-0.419,0.939,1.634,7.466,-0.359,0.137,-0.363,0.806,-0.321,3.74,0.023,btn_C
1780981845.2429564,-0.784,-0.203,0.62,-0.435,1.16,-0.695,-0.667,-0.331,0.608,-6.115,0.931,0.336,-0.275,-0.418,0.887,-0.076,-0.107,0.351,-0.228,-0.422,0.937,1.916,6.626,-0.595,0.129,-0.352,0.803,-0.481,2.977,-0.282,btn_C
1780981845.3322482,-0.782,-0.202,0.627,-0.206,0.634,-0.076,-0.67,-0.324,0.608,-6.099,0.802,0.298,-0.271,-0.425,0.889,-0.427,0.412,0.42,-0.226,-0.422,0.937,1.565,7.382,-0.084,0.131,-0.362,0.805,-0.443,3.13,0.176,btn_C
1780981845.435327,-0.781,-0.207,0.625,-0.786,1.076,-1.374,-0.67,-0.331,0.605,-6.656,0.718,-0.58,-0.277,-0.423,0.884,-0.588,-0.458,0.069,-0.234,-0.417,0.941,1.893,6.588,-1.008,0.132,-0.355,0.796,-0.092,2.74,-0.092,btn_C
1780981845.5385756,-0.775,-0.202,0.628,-1.435,2.824,-0.397,-0.672,-0.332,0.606,-4.641,0.71,-0.58,-0.258,-0.426,0.877,2.924,-2.679,0.443,-0.229,-0.426,0.943,2.947,7.183,0.702,0.123,-0.35,0.811,0.908,2.29,0.695,btn_C
1780981845.6415558,-0.771,-0.201,0.636,0.542,3.008,0.137,-0.726,-0.326,0.606,-2.198,6.107,0.183,-0.267,-0.421,0.895,3.115,-8.977,-2.611,-0.234,-0.419,0.933,3.634,-2.351,-0.885,0.133,-0.354,0.803,0.443,-0.214,-3.466,btn_C
1780981845.7447145,-0.792,-0.177,0.675,31.489,-24.611,37.015,-0.601,-0.25,0.638,40.374,-33.863,15.985,-0.225,-0.409,0.912,2.664,-13.557,-3.023,-0.207,-0.411,0.954,3.191,-8.183,-1.947,0.16,-0.357,0.798,-3.832,-11.298,-4.939,btn_C
1780981845.8587596,-0.623,-0.019,0.567,24.847,-38.313,21.336,-0.493,-0.179,0.76,9.756,-27.84,14.321,-0.204,-0.436,0.918,-3.626,-12.366,-4.359,-0.162,-0.402,0.963,-3.58,-5.87,-3.099,0.198,-0.373,0.791,-6.206,-6.366,-3.84,btn_C
1780981845.958718,-0.701,-0.024,0.72,5.954,-5.061,0.244,-0.581,-0.164,0.729,-3.733,-1.802,-0.588,-0.203,-0.396,0.922,-0.107,-1.267,-0.55,-0.17,-0.411,0.959,0.901,5.252,-1.893,0.195,-0.374,0.785,-2.802,-2.588,-1.107,btn_C
1780981846.0533664,-0.75,-0.022,0.737,0.076,2.542,-2.092,-0.662,-0.202,0.779,-3.42,-0.084,-1.397,-0.204,-0.413,0.936,1.031,1.237,1.107,-0.183,-0.41,0.952,4.29,4.069,-1.305,0.21,-0.372,0.785,-3.74,-3.969,-1.527,btn_C
1780981846.1563616,-0.802,-0.034,0.772,12.252,-1.687,3.748,-0.661,-0.163,0.671,3.916,-11.885,2.641,-0.224,-0.395,0.89,6.496,-6.458,-0.443,-0.133,-0.422,0.957,2.733,-0.237,-2.183,0.236,-0.391,0.783,-3.588,-3.824,-0.817,btn_C
1780981846.2598143,-0.64,0.02,0.658,1.038,-4.198,5.977,-0.517,-0.119,0.674,-9.008,-0.534,1.802,-0.168,-0.383,0.912,-1.443,0.947,-0.275,-0.132,-0.403,0.966,-0.664,13.908,1.397,0.218,-0.375,0.777,2.969,9.718,2.237,btn_C
1780981846.3732474,-0.575,0.012,0.625,-16.939,16.0,-20.878,-0.444,-0.09,0.558,-41.42,28.344,-26.122,-0.199,-0.369,0.879,-12.183,20.053,1.443,-0.135,-0.427,0.977,2.481,36.137,3.313,0.22,-0.384,0.79,11.389,35.481,6.214,btn_C
1780981846.4722624,-1.604,-0.503,1.432,-177.313,108.725,-34.214,-0.84,-0.307,0.67,-10.206,-45.038,-10.145,-0.247,-0.426,0.874,-12.489,-23.618,-7.389,-0.198,-0.486,0.982,16.87,-26.008,-7.275,0.16,-0.343,0.786,-12.603,-36.519,-3.878,btn_C
1780981846.5734768,-0.793,-0.231,0.624,-5.046,-3.664,-4.221,-0.653,-0.341,0.63,-8.191,3.137,-2.237,-0.249,-0.412,0.904,0.206,-1.084,-0.74,-0.207,-0.417,0.946,1.069,4.473,-0.832,0.159,-0.357,0.803,-1.84,2.389,0.458,btn_C
1780981846.6714678,-0.774,-0.23,0.624,-2.069,2.817,-1.435,-0.65,-0.342,0.615,-9.198,-0.534,-0.168,-0.253,-0.415,0.896,-2.473,2.527,0.634,-0.209,-0.423,0.94,0.748,8.183,0.053,0.16,-0.36,0.793,-0.519,3.252,0.87,btn_C
1780981849.3494246,-0.788,-0.213,0.609,-1.527,1.313,-1.672,-0.663,-0.342,0.612,-6.527,0.626,-0.092,-0.284,-0.416,0.892,-0.511,0.275,-0.046,-0.237,-0.42,0.933,1.351,6.603,-0.603,0.127,-0.356,0.796,-0.595,2.481,-0.053,btn_C
1780981849.45784,-0.791,-0.215,0.604,-0.802,1.313,-0.107,-0.665,-0.341,0.608,-6.328,1.183,0.351,-0.279,-0.417,0.885,-0.198,0.237,0.008,-0.235,-0.427,0.936,1.847,7.588,-0.725,0.127,-0.359,0.803,-0.374,3.053,0.023,btn_C
1780981849.5557883,-0.792,-0.212,0.605,-0.656,1.344,-0.87,-0.667,-0.339,0.604,-6.473,0.695,-0.092,-0.282,-0.42,0.892,-0.244,-0.573,0.023,-0.236,-0.423,0.935,1.328,6.756,-0.832,0.127,-0.359,0.807,-0.656,1.977,-0.092,btn_C
1780981849.6580505,-0.788,-0.215,0.606,-1.214,1.702,-0.893,-0.667,-0.345,0.613,-6.504,0.802,0.244,-0.28,-0.419,0.888,-0.481,0.183,-0.275,-0.238,-0.426,0.945,1.603,7.008,-0.466,0.126,-0.359,0.804,-0.649,1.931,0.099,btn_C
1780981849.762577,-0.787,-0.216,0.604,-1.061,1.084,-1.305,-0.666,-0.342,0.601,-6.55,0.55,-0.664,-0.278,-0.413,0.882,-0.496,0.046,-0.282,-0.234,-0.423,0.937,1.489,6.595,-0.863,0.125,-0.36,0.798,-0.351,2.374,-0.038,btn_C
1780981849.8645263,-0.788,-0.214,0.597,-0.748,0.985,-0.176,-0.661,-0.342,0.605,-6.214,0.71,-0.275,-0.283,-0.419,0.878,-0.29,-0.374,0.191,-0.237,-0.419,0.938,1.511,6.695,-0.977,0.127,-0.359,0.792,-0.641,2.244,0.115,btn_C
1780981849.9677744,-0.79,-0.214,0.6,-1.137,0.74,-0.947,-0.667,-0.343,0.61,-6.046,0.55,-0.84,-0.278,-0.42,0.889,-0.382,-0.069,-0.389,-0.238,-0.419,0.936,1.771,6.214,-1.038,0.128,-0.358,0.801,-0.931,0.229,0.015,btn_C
1780981850.0710003,-0.859,-0.226,0.687,6.641,13.901,7.099,-0.59,-0.542,1.268,68.855,-19.443,8.71,-0.282,-0.437,0.902,-0.084,-16.908,-1.794,-0.283,-0.426,0.937,10.008,8.237,-1.466,0.084,-0.325,0.785,-7.496,-16.542,-11.45,btn_C
1780981850.1735935,-0.495,0.003,0.516,34.359,-20.519,15.824,-0.486,-0.158,0.625,15.489,-12.115,11.481,-0.218,-0.395,0.909,5.511,-4.008,-0.015,-0.195,-0.417,0.964,1.908,5.611,-0.977,0.166,-0.36,0.787,-1.435,-3.656,-2.611,btn_C
1780981850.2820785,-0.696,-0.034,0.697,9.115,-5.71,1.153,-0.602,-0.202,0.766,2.695,0.0,2.534,-0.209,-0.409,0.927,0.511,-0.122,0.756,-0.185,-0.408,0.964,2.618,4.817,-2.496,0.187,-0.372,0.786,-2.939,-5.779,-3.031,btn_C
1780981850.3988602,-0.719,-0.03,0.736,5.443,-7.634,3.977,-0.596,-0.181,0.788,2.878,-8.588,2.924,-0.198,-0.402,0.922,2.313,-2.55,-0.924,-0.168,-0.407,0.954,3.786,1.466,-3.244,0.204,-0.378,0.782,-3.382,-4.26,-1.733,btn_C
1780981850.4917474,-0.747,0.013,0.704,14.504,-10.595,10.015,-0.594,-0.127,0.71,14.794,-12.908,4.802,-0.192,-0.398,0.882,3.191,-6.695,-1.053,-0.107,-0.43,0.973,0.664,2.656,-2.901,0.218,-0.382,0.793,-1.115,1.198,-1.908,btn_C
1780981850.5858564,-0.646,0.029,0.729,-3.489,2.015,0.557,-0.528,-0.103,0.672,-12.351,1.931,-2.878,-0.169,-0.379,0.874,-5.603,9.695,0.183,-0.158,-0.403,0.95,-2.13,11.947,0.74,0.218,-0.377,0.784,4.794,12.527,2.542,btn_C
1780981850.688829,-0.544,0.001,0.498,-74.321,47.099,-65.939,-0.474,-0.158,0.486,-124.137,70.55,-38.908,-0.221,-0.439,0.903,-14.771,31.84,7.412,-0.199,-0.424,0.947,-2.275,41.351,8.198,0.16,-0.359,0.798,22.504,45.092,12.198,btn_C
1780981850.791743,-0.673,-0.268,0.687,-8.649,1.313,0.74,-0.654,-0.346,0.632,-7.298,-7.237,-3.542,-0.217,-0.444,0.905,0.603,-7.115,-2.244,-0.164,-0.42,0.962,1.473,17.855,-1.351,0.148,-0.361,0.818,0.031,7.924,2.55,btn_C
1780981850.9052167,-0.77,-0.218,0.623,-1.366,1.382,-0.29,-0.67,-0.331,0.61,-7.733,-0.504,-0.16,-0.24,-0.437,0.89,-1.252,1.931,0.55,-0.214,-0.425,0.941,2.176,8.679,0.214,0.136,-0.353,0.792,-0.534,3.786,1.168,btn_C
1780981851.002976,-0.778,-0.216,0.621,-1.863,2.237,0.092,-0.668,-0.337,0.609,-8.008,0.031,-0.824,-0.245,-0.432,0.887,-0.748,1.198,0.13,-0.213,-0.418,0.939,1.191,6.618,-0.511,0.142,-0.351,0.81,-1.13,2.023,0.611,btn_C
1780981851.107258,-0.779,-0.219,0.625,-1.756,2.55,0.031,-0.67,-0.338,0.6,-8.305,0.176,-0.145,-0.249,-0.433,0.892,-1.0,1.534,0.466,-0.217,-0.425,0.936,1.069,7.16,-0.214,0.146,-0.356,0.805,-1.275,1.321,0.435,btn_C
1780981851.203635,-0.782,-0.219,0.621,-0.908,2.389,-0.908,-0.669,-0.339,0.603,-6.962,0.809,-0.282,-0.258,-0.438,0.893,-0.908,1.107,0.305,-0.213,-0.421,0.941,0.977,8.031,-0.42,0.145,-0.35,0.799,-1.504,2.336,0.534,btn_C
1780981851.3065562,-0.783,-0.218,0.618,-1.458,3.664,-0.496,-0.667,-0.344,0.607,-7.221,1.13,-0.115,-0.257,-0.438,0.886,-1.023,2.534,1.122,-0.217,-0.429,0.936,1.611,7.405,-0.458,0.147,-0.356,0.803,-0.656,2.656,0.298,btn_C
1780981853.9846497,-0.783,-0.215,0.609,-0.771,1.183,-0.786,-0.674,-0.34,0.604,-6.214,0.389,-0.412,-0.283,-0.432,0.859,-0.481,2.26,0.16,-0.227,-0.427,0.942,1.588,7.252,-0.519,0.134,-0.359,0.802,-0.794,1.527,0.298,btn_C
1780981854.0905972,-0.792,-0.212,0.609,-0.42,2.046,-0.26,-0.669,-0.34,0.608,-6.13,0.58,-0.565,-0.26,-0.436,0.884,-0.435,0.0,-0.206,-0.223,-0.426,0.944,1.267,6.71,-0.481,0.131,-0.354,0.808,-1.031,0.992,0.16,btn_C
1780981854.1904306,-0.791,-0.211,0.617,-2.328,0.473,-2.137,-0.668,-0.338,0.608,-6.87,-0.153,-1.771,-0.26,-0.439,0.884,-0.603,-1.588,-1.573,-0.218,-0.427,0.938,1.664,4.863,-2.229,0.143,-0.359,0.802,-1.13,-0.924,-0.328,btn_C
1780981854.3060923,-0.787,-0.213,0.613,-0.87,1.573,-1.153,-0.668,-0.344,0.605,-6.519,0.42,-1.16,-0.256,-0.436,0.892,-0.672,0.427,-0.55,-0.223,-0.427,0.935,1.183,7.611,-0.679,0.136,-0.358,0.796,-0.893,2.641,0.046,btn_C
1780981854.3970313,-0.785,-0.209,0.616,-0.565,1.695,-0.092,-0.665,-0.34,0.602,-6.534,0.901,-0.153,-0.263,-0.436,0.887,-0.206,0.023,-0.031,-0.223,-0.423,0.943,1.679,7.099,-0.069,0.137,-0.35,0.807,-0.481,4.481,-0.183,btn_C
1780981854.4996202,-0.785,-0.205,0.619,-0.611,1.626,-0.893,-0.672,-0.336,0.604,-6.588,0.16,-0.252,-0.267,-0.438,0.884,-0.183,0.023,0.534,-0.231,-0.422,0.945,1.718,7.366,-0.626,0.132,-0.351,0.795,-0.321,1.718,-0.023,btn_C
1780981854.6068423,-0.792,-0.22,0.624,-3.237,4.664,-2.046,-0.64,-0.407,0.677,-2.908,-2.473,5.702,-0.263,-0.429,0.871,2.893,0.183,-2.008,-0.247,-0.426,0.938,-1.847,8.137,2.145,0.107,-0.361,0.843,6.58,18.496,-8.176,btn_C
1780981854.7059507,-0.477,0.133,0.152,36.527,-85.55,52.45,-0.294,-0.042,0.438,30.13,-57.466,35.252,-0.143,-0.393,0.922,-0.534,-27.718,-9.893,-0.104,-0.413,0.982,0.084,-0.053,-1.725,0.211,-0.375,0.798,6.511,17.702,-0.26,btn_C
1780981854.8085582,-0.627,-0.028,0.664,8.962,-14.893,7.397,-0.504,-0.145,0.699,-1.779,-8.13,9.687,-0.184,-0.414,0.925,-1.145,-3.366,0.649,-0.164,-0.414,0.963,-0.786,9.061,-0.748,0.187,-0.359,0.792,-0.122,3.26,-0.198,btn_C
1780981854.9256966,-0.709,-0.006,0.656,6.191,-9.519,4.87,-0.562,-0.148,0.688,-2.939,-6.168,1.504,-0.185,-0.41,0.909,-0.244,-2.893,-1.435,-0.153,-0.415,0.96,0.794,6.702,-1.214,0.204,-0.37,0.789,1.366,8.458,0.397,btn_C
1780981855.0205512,-0.697,-0.027,0.676,-2.176,7.252,-5.115,-0.59,-0.15,0.665,-10.786,10.794,-5.389,-0.206,-0.411,0.906,-6.397,11.985,0.985,-0.166,-0.416,0.95,-0.786,12.771,-0.374,0.198,-0.373,0.789,2.321,9.443,0.618,btn_C
1780981855.1217818,-0.587,-0.081,0.518,-93.023,66.336,-76.084,-0.513,-0.166,0.412,-146.344,93.427,-55.191,-0.262,-0.45,0.88,-16.092,35.336,8.519,-0.254,-0.429,0.917,-10.16,51.359,4.13,0.179,-0.389,0.831,11.656,34.557,11.573,btn_C
1780981855.2209377,-0.789,-0.18,0.596,-4.725,-27.366,-1.672,-0.665,-0.332,0.619,-8.733,-4.603,0.061,-0.247,-0.431,0.896,-6.687,8.237,3.366,-0.246,-0.418,0.933,-4.771,11.344,-0.031,0.113,-0.345,0.803,-3.489,5.664,4.122,btn_C
1780981855.323839,-0.785,-0.205,0.617,-1.038,1.382,-0.031,-0.672,-0.335,0.609,-6.618,0.878,0.466,-0.262,-0.44,0.881,0.489,0.863,1.0,-0.227,-0.425,0.935,1.656,6.427,-0.55,0.127,-0.347,0.811,-1.855,0.855,0.779,btn_C
1780981855.4370947,-0.787,-0.205,0.623,-0.664,1.908,-0.55,-0.671,-0.334,0.602,-7.244,0.328,0.298,-0.26,-0.44,0.888,-0.626,1.206,0.969,-0.225,-0.421,0.934,1.344,8.282,-0.55,0.129,-0.355,0.799,-0.779,2.099,1.214,btn_C
1780981855.5387726,-0.781,-0.206,0.613,-2.145,3.084,-1.099,-0.67,-0.331,0.603,-8.244,1.099,-0.473,-0.267,-0.441,0.882,-1.588,1.542,0.786,-0.234,-0.433,0.938,1.198,7.573,-0.42,0.133,-0.354,0.794,-0.29,0.427,0.374,btn_C
1780981855.6382482,-0.785,-0.204,0.614,-1.183,2.817,-0.687,-0.672,-0.33,0.604,-7.389,1.672,0.031,-0.262,-0.438,0.883,-1.305,1.969,0.939,-0.23,-0.425,0.931,0.74,9.015,0.023,0.132,-0.359,0.804,-0.931,2.29,1.053,btn_C
1780981855.7357268,-0.784,-0.207,0.612,-1.046,3.847,0.237,-0.669,-0.338,0.606,-6.931,1.511,0.115,-0.278,-0.44,0.873,-1.061,1.237,0.176,-0.237,-0.428,0.932,0.122,8.298,-0.504,0.122,-0.357,0.789,-0.679,1.351,0.092,btn_C
1780981855.8386927,-0.791,-0.202,0.607,-1.099,1.573,-1.511,-0.672,-0.336,0.608,-6.519,1.237,-0.748,-0.273,-0.442,0.883,-0.641,-0.176,-0.412,-0.237,-0.432,0.937,1.214,7.099,-1.015,0.125,-0.35,0.805,-0.351,2.275,0.015,btn_C
1780981855.9578917,-0.787,-0.207,0.61,-0.282,1.763,0.061,-0.676,-0.338,0.604,-6.443,1.366,0.824,-0.274,-0.443,0.876,0.374,0.794,0.092,-0.238,-0.426,0.935,2.0,7.221,-0.237,0.129,-0.344,0.794,-0.183,2.771,-0.191,btn_C
1780981858.621557,-0.787,-0.208,0.606,-0.634,1.611,-0.832,-0.674,-0.34,0.597,-6.573,0.863,-0.641,-0.281,-0.444,0.88,-0.504,0.237,0.015,-0.241,-0.431,0.923,1.557,7.16,-0.069,0.121,-0.351,0.809,-0.534,2.229,-0.053,btn_C
1780981858.7226176,-0.789,-0.202,0.603,-1.176,1.802,-0.557,-0.676,-0.342,0.596,-6.794,0.366,-0.275,-0.28,-0.441,0.875,-0.168,0.305,-0.168,-0.243,-0.43,0.929,1.573,6.771,-0.908,0.127,-0.354,0.805,-0.534,2.298,-0.252,btn_C
1780981858.8253458,-0.793,-0.207,0.6,-0.962,1.237,-0.855,-0.676,-0.342,0.599,-6.229,0.641,-0.252,-0.283,-0.442,0.873,0.107,-0.443,0.046,-0.245,-0.43,0.928,1.916,7.038,-0.55,0.12,-0.359,0.802,-0.573,2.748,-0.252,btn_C
1780981858.9285007,-0.796,-0.202,0.607,-0.809,1.084,-0.42,-0.675,-0.341,0.597,-6.359,0.519,-0.656,-0.282,-0.445,0.876,-0.389,-0.137,-0.649,-0.247,-0.435,0.922,1.481,6.702,-0.618,0.124,-0.358,0.805,-0.504,2.878,-0.229,btn_C
1780981859.031682,-0.789,-0.204,0.607,-0.977,1.145,-1.344,-0.675,-0.339,0.601,-6.511,0.458,-0.489,-0.276,-0.439,0.874,-0.229,-0.725,-0.466,-0.248,-0.432,0.925,1.573,6.763,-0.84,0.115,-0.363,0.792,-0.366,1.389,-0.29,btn_C
1780981859.1401553,-0.801,-0.234,0.634,0.16,5.076,2.702,-0.633,-0.374,0.652,-2.931,3.252,5.718,-0.281,-0.445,0.872,5.153,3.275,1.687,-0.259,-0.435,0.94,3.87,10.183,0.214,0.126,-0.377,0.798,-1.008,8.588,-0.252,btn_C
1780981859.2382371,-0.649,0.005,0.249,75.504,-33.473,48.366,-0.592,-0.241,0.5,52.748,-45.809,37.756,-0.274,-0.416,0.875,10.702,-21.099,-7.847,-0.19,-0.412,0.945,6.496,-20.221,-5.748,0.151,-0.368,0.812,-6.863,-12.038,-10.267,btn_C
1780981859.3410637,-0.712,-0.048,0.688,22.267,-27.038,14.435,-0.589,-0.183,0.705,17.405,-15.466,14.122,-0.201,-0.428,0.906,7.573,-9.931,-4.252,-0.197,-0.417,0.939,5.092,-7.198,-4.679,0.187,-0.368,0.79,-2.573,-10.473,-6.679,btn_C
1780981859.4530597,-0.776,-0.015,0.734,13.855,-13.611,8.847,-0.623,-0.157,0.699,6.435,-8.985,13.321,-0.202,-0.405,0.857,7.198,-11.198,-2.725,-0.149,-0.418,0.958,4.985,-7.221,-3.824,0.215,-0.371,0.789,-3.374,-6.847,-3.153,btn_C
1780981859.5574257,-0.704,0.003,0.704,0.45,-3.87,-0.977,-0.561,-0.159,0.768,-7.885,-0.954,-0.221,-0.2,-0.412,0.927,-2.099,1.153,0.336,-0.157,-0.421,0.964,0.748,9.29,-0.244,0.209,-0.378,0.779,-0.473,1.237,0.947,btn_C
1780981859.6552606,-0.704,-0.009,0.7,-7.137,13.786,-12.206,-0.608,-0.168,0.713,-20.145,15.389,-7.573,-0.217,-0.42,0.898,-4.878,9.031,3.168,-0.186,-0.409,0.932,-3.115,14.878,2.664,0.209,-0.382,0.787,3.687,9.366,3.298,btn_C
1780981859.7548392,-0.619,-0.05,0.52,-74.611,52.542,-81.275,-0.594,-0.242,0.494,-127.664,75.13,-58.435,-0.259,-0.426,0.907,-14.336,21.229,6.954,-0.194,-0.421,0.957,-6.718,46.389,6.046,0.14,-0.354,0.801,17.0,42.809,9.969,btn_C
1780981859.856011,-0.836,-0.171,0.597,-8.908,1.076,-4.672,-0.663,-0.347,0.609,-11.115,4.176,-2.679,-0.266,-0.423,0.883,-2.076,8.153,0.641,-0.243,-0.424,0.921,-4.092,8.863,-0.351,0.132,-0.356,0.799,-1.267,7.595,2.687,btn_C
1780981859.9637024,-0.771,-0.233,0.629,-2.214,3.695,1.847,-0.671,-0.337,0.601,-7.542,1.053,0.992,-0.265,-0.433,0.885,-0.481,2.473,1.855,-0.233,-0.428,0.928,1.832,6.641,0.099,0.133,-0.352,0.804,-1.244,-0.046,0.664,btn_C
1780981860.071296,-0.783,-0.224,0.621,-2.29,3.924,0.443,-0.671,-0.344,0.6,-7.901,1.023,-0.183,-0.267,-0.438,0.884,-1.603,1.542,1.061,-0.235,-0.429,0.935,0.695,8.031,0.389,0.138,-0.352,0.805,-0.588,2.84,1.053,btn_C
1780981860.1717424,-0.786,-0.224,0.612,-2.985,3.115,1.122,-0.672,-0.348,0.597,-6.893,0.992,0.046,-0.271,-0.44,0.878,-1.092,0.115,0.359,-0.234,-0.432,0.93,1.45,7.115,-0.351,0.13,-0.361,0.801,-0.519,2.641,0.214,btn_C
1780981860.271209,-0.787,-0.22,0.618,-1.267,2.351,0.84,-0.668,-0.342,0.6,-6.389,0.405,0.779,-0.273,-0.44,0.883,0.038,0.656,0.466,-0.234,-0.428,0.937,1.74,7.0,-0.458,0.134,-0.353,0.804,-0.328,3.275,0.13,btn_C
1780981860.3712642,-0.782,-0.216,0.609,-1.328,1.969,-0.382,-0.67,-0.346,0.599,-7.069,0.702,-0.069,-0.266,-0.437,0.88,-0.611,0.611,0.008,-0.237,-0.431,0.931,1.496,7.718,-0.038,0.131,-0.358,0.799,-0.244,3.87,0.458,btn_C
1780981860.4900725,-0.782,-0.218,0.616,-1.206,1.42,-0.473,-0.672,-0.342,0.597,-6.618,0.374,-0.122,-0.27,-0.436,0.88,0.115,0.076,0.244,-0.233,-0.43,0.928,1.817,7.351,0.008,0.133,-0.352,0.8,-0.313,3.137,0.389,btn_C
1780981860.5912576,-0.785,-0.22,0.61,-1.061,1.519,0.107,-0.672,-0.349,0.602,-6.779,0.481,-0.458,-0.274,-0.439,0.878,-0.908,0.748,-0.13,-0.237,-0.431,0.933,1.382,6.969,-0.122,0.132,-0.363,0.803,-0.656,2.55,0.053,btn_C
1780981863.254909,-0.79,-0.219,0.6,-0.702,2.191,-0.305,-0.678,-0.346,0.604,-6.603,0.611,-0.664,-0.275,-0.44,0.874,-0.305,0.71,-0.145,-0.237,-0.436,0.935,1.702,6.893,-0.695,0.126,-0.356,0.802,-0.779,1.939,0.038,btn_C
1780981863.3584619,-0.787,-0.215,0.607,-1.275,1.641,-1.168,-0.674,-0.346,0.599,-6.595,1.0,-0.527,-0.275,-0.441,0.877,0.031,-0.282,-0.099,-0.238,-0.433,0.93,1.168,6.992,-0.687,0.123,-0.36,0.794,-0.687,2.237,0.069,btn_C
1780981863.4722855,-0.79,-0.217,0.604,-1.336,0.794,-0.481,-0.671,-0.347,0.592,-6.511,0.641,-0.42,-0.273,-0.442,0.879,-0.267,0.031,-0.221,-0.239,-0.438,0.925,1.611,6.985,-0.137,0.132,-0.352,0.802,-0.527,2.267,-0.221,btn_C
1780981863.5703676,-0.795,-0.217,0.604,-1.13,1.191,-1.298,-0.673,-0.347,0.593,-6.481,0.412,-0.824,-0.274,-0.44,0.87,-0.519,0.275,-0.313,-0.24,-0.438,0.928,1.718,7.13,-0.237,0.127,-0.358,0.796,-0.618,2.084,0.038,btn_C
1780981863.67172,-0.789,-0.214,0.599,-0.611,1.55,-0.641,-0.674,-0.345,0.595,-6.45,0.794,-0.534,-0.275,-0.439,0.881,-0.298,-0.305,-0.359,-0.242,-0.436,0.935,1.595,6.969,-0.534,0.133,-0.357,0.792,-0.443,2.198,-0.046,btn_C
1780981863.7708256,-0.785,-0.214,0.608,-0.382,1.42,-1.74,-0.675,-0.345,0.597,-6.695,1.053,-0.672,-0.267,-0.443,0.884,0.389,-0.237,0.664,-0.242,-0.435,0.923,2.351,10.412,-0.679,0.133,-0.347,0.791,0.557,3.237,0.748,btn_C
1780981863.873754,-0.691,-0.09,0.386,121.847,-52.038,77.405,-0.729,-0.177,0.167,82.16,-65.061,50.779,-0.289,-0.437,0.845,22.809,-38.061,-12.214,-0.176,-0.414,0.957,12.427,-43.168,-10.305,0.196,-0.369,0.821,-9.504,-21.0,-13.069,btn_C
1780981863.986819,-0.78,-0.039,0.694,13.496,-23.702,11.863,-0.612,-0.209,0.74,12.076,-16.885,12.16,-0.219,-0.427,0.899,7.71,-14.397,-3.87,-0.185,-0.42,0.955,4.916,-2.008,-2.443,0.182,-0.363,0.793,-3.664,-11.0,-2.687,btn_C
1780981864.0880082,-0.735,-0.013,0.707,6.885,-5.031,2.122,-0.665,-0.179,0.67,-1.664,-6.198,8.763,-0.219,-0.418,0.906,1.443,-1.695,-0.405,-0.183,-0.419,0.963,2.565,1.397,-2.16,0.198,-0.373,0.79,-3.153,-4.443,-2.366,btn_C
1780981864.1887012,-0.723,0.004,0.683,1.641,-2.466,2.214,-0.59,-0.152,0.679,-7.725,-1.542,3.84,-0.21,-0.412,0.915,-1.137,0.664,-0.786,-0.165,-0.418,0.954,0.107,7.305,-1.076,0.207,-0.372,0.792,-0.634,3.267,0.366,btn_C
1780981864.2857356,-0.701,-0.001,0.704,-4.183,5.092,-4.389,-0.573,-0.156,0.698,-13.748,7.344,-2.252,-0.217,-0.416,0.909,-3.374,4.733,0.443,-0.176,-0.421,0.954,-1.344,12.802,-0.527,0.16,-0.277,0.792,1.794,6.298,2.656,btn_C
1780981864.3886976,-0.523,-0.009,0.501,-73.336,44.664,-67.824,-0.444,-0.138,0.366,-147.412,74.321,-58.198,-0.209,-0.438,0.924,-11.481,34.656,7.206,-0.225,-0.409,0.911,-5.313,43.847,5.565,0.149,-0.353,0.798,14.053,42.641,9.817,btn_C
1780981864.5051584,-0.772,-0.148,0.542,-61.908,14.031,-10.183,-0.654,-0.346,0.607,-4.725,4.237,1.824,-0.25,-0.427,0.898,-7.16,10.473,1.916,-0.229,-0.443,0.931,-4.328,14.344,1.901,0.143,-0.347,0.803,3.893,19.588,3.557,btn_C
1780981864.6044645,-0.766,-0.231,0.611,-6.435,-4.374,0.412,-0.665,-0.346,0.596,-8.954,-1.489,0.588,-0.261,-0.434,0.884,-1.969,2.107,1.076,-0.218,-0.437,0.938,1.191,8.84,0.305,0.143,-0.361,0.804,-1.221,1.786,1.511,btn_C
1780981864.6972823,-0.788,-0.232,0.61,-1.427,2.55,-1.084,-0.669,-0.35,0.593,-8.237,0.55,0.16,-0.259,-0.435,0.888,-0.832,0.282,0.611,-0.222,-0.435,0.943,1.366,7.534,-0.053,0.149,-0.356,0.797,-0.924,3.588,0.885,btn_C
1780981864.8006423,-0.784,-0.226,0.61,-1.397,1.916,-0.038,-0.67,-0.349,0.602,-7.244,0.206,-0.053,-0.261,-0.438,0.878,-0.893,0.511,0.779,-0.224,-0.438,0.929,1.511,7.573,-0.191,0.144,-0.363,0.795,-0.725,3.122,0.588,btn_C
1780981864.9032085,-0.787,-0.228,0.605,-1.084,1.832,-0.389,-0.671,-0.346,0.592,-6.817,0.198,-0.29,-0.262,-0.436,0.882,-0.725,0.519,0.214,-0.223,-0.435,0.932,1.382,8.061,-0.252,0.136,-0.357,0.796,-0.26,3.496,0.595,btn_C
1780981865.0066137,-0.787,-0.225,0.602,-1.244,2.176,-0.656,-0.673,-0.351,0.589,-6.397,0.504,-0.878,-0.268,-0.439,0.882,-0.229,-0.489,0.183,-0.227,-0.431,0.942,1.42,7.122,0.282,0.144,-0.357,0.809,-0.634,2.481,0.382,btn_C
1780981865.1217735,-0.789,-0.224,0.6,-0.534,2.107,-0.42,-0.67,-0.352,0.595,-6.771,0.458,-1.145,-0.267,-0.441,0.885,-0.481,-0.206,-0.076,-0.225,-0.433,0.935,1.573,7.153,-0.779,0.15,-0.353,0.802,-0.58,3.137,0.229,btn_C
1780981865.212558,-0.794,-0.228,0.604,-1.282,2.046,-1.084,-0.669,-0.352,0.593,-6.496,0.84,-0.366,-0.269,-0.44,0.879,-0.237,0.473,0.092,-0.226,-0.435,0.931,1.573,6.015,-0.718,0.141,-0.365,0.796,-0.634,2.221,-0.092,btn_C
1780981867.9000735,-0.767,-0.244,0.62,-3.137,3.58,0.137,-0.68,-0.356,0.595,-6.985,1.145,-1.237,-0.273,-0.444,0.883,-2.176,-0.275,-1.092,-0.234,-0.449,0.921,-0.275,6.473,-1.901,0.147,-0.386,0.793,-3.191,-1.893,0.855,btn_C
1780981867.993247,-0.778,-0.233,0.613,-1.832,0.191,-0.672,-0.662,-0.354,0.598,-7.321,1.198,-0.298,-0.263,-0.444,0.875,-0.595,0.924,0.458,-0.223,-0.448,0.931,1.588,8.412,0.489,0.148,-0.374,0.79,1.275,7.084,1.847,btn_C
1780981868.104034,-0.767,-0.225,0.61,-3.847,5.672,1.55,-0.662,-0.354,0.606,-8.939,3.863,1.198,-0.274,-0.45,0.875,-1.725,5.908,4.221,-0.241,-0.448,0.917,1.344,15.618,2.977,0.131,-0.366,0.787,1.061,7.977,3.359,btn_C
1780981868.2036579,-0.792,-0.241,0.594,1.565,1.718,1.58,-0.669,-0.355,0.598,-5.252,0.534,1.275,-0.271,-0.447,0.874,1.481,-1.267,0.061,-0.231,-0.446,0.926,3.153,5.351,-0.344,0.142,-0.368,0.8,1.321,2.344,0.534,btn_C
1780981868.3055534,-0.77,-0.218,0.62,-1.588,-5.885,0.084,-0.657,-0.351,0.614,-3.817,-5.496,2.0,-0.252,-0.447,0.886,4.366,-1.809,2.061,-0.228,-0.439,0.922,5.718,9.588,1.275,0.128,-0.368,0.798,3.015,6.55,0.702,btn_C
1780981868.4218962,-0.775,-0.238,0.609,1.328,-4.962,1.992,-0.651,-0.346,0.611,-2.817,-3.802,2.855,-0.25,-0.45,0.882,-1.26,-1.687,0.137,-0.228,-0.452,0.92,-0.931,9.481,-0.504,0.127,-0.367,0.793,-1.336,1.725,-0.122,btn_C
1780981868.5228946,-0.786,-0.229,0.612,-1.45,1.191,-0.832,-0.664,-0.344,0.616,-7.084,0.42,-0.42,-0.265,-0.444,0.882,-2.13,0.489,1.031,-0.235,-0.445,0.92,0.687,6.924,-0.076,0.138,-0.37,0.808,-1.26,-0.328,0.366,btn_C
1780981868.6199481,-0.782,-0.225,0.619,-2.42,2.74,-1.183,-0.664,-0.341,0.612,-7.718,1.244,-1.267,-0.265,-0.444,0.88,-1.962,0.359,0.168,-0.234,-0.445,0.93,-0.092,6.489,-0.763,0.136,-0.37,0.799,-2.58,-0.435,-0.473,btn_C
1780981868.7195823,-0.78,-0.224,0.621,-0.458,1.458,-0.168,-0.66,-0.338,0.615,-7.321,1.763,-0.847,-0.266,-0.442,0.875,-0.985,0.344,0.443,-0.23,-0.442,0.931,0.611,6.313,-1.076,0.15,-0.387,0.789,-2.901,3.115,0.298,btn_C
1780981868.8258965,-0.781,-0.226,0.614,-0.634,1.695,-0.718,-0.664,-0.338,0.609,-6.794,1.573,-0.634,-0.267,-0.439,0.878,0.076,1.618,0.588,-0.236,-0.446,0.921,2.122,6.809,-0.229,0.148,-0.374,0.802,0.198,5.382,0.099,btn_C
1780981868.9208546,-0.786,-0.222,0.625,5.794,-7.71,2.878,-0.664,-0.338,0.604,3.183,-4.099,2.13,-0.267,-0.434,0.888,16.26,3.58,3.0,-0.228,-0.439,0.922,11.076,7.084,2.672,0.137,-0.382,0.804,2.901,9.557,-0.153,btn_C
1780981869.0345085,-0.81,-0.249,0.706,5.733,-0.817,3.313,-0.781,-0.367,0.558,10.588,-0.481,-0.244,-0.273,-0.417,0.882,6.977,3.748,-0.611,-0.234,-0.429,0.933,8.87,6.076,-3.366,0.121,-0.36,0.779,-3.45,-4.237,-8.405,btn_C
1780981869.1366313,-0.548,-0.052,0.65,70.366,-49.069,26.489,-0.496,-0.182,0.67,51.435,-35.565,1.153,-0.213,-0.417,0.91,3.45,-13.237,-5.924,-0.185,-0.42,0.956,8.359,-10.901,-5.664,0.197,-0.388,0.781,-6.672,-20.42,-7.779,btn_C
1780981869.2363737,-0.637,0.046,0.65,16.595,-21.26,9.282,-0.51,-0.138,0.706,7.321,-20.626,6.74,-0.185,-0.414,0.931,2.206,-18.725,-7.107,-0.139,-0.413,0.991,8.267,-12.969,-5.992,0.213,-0.357,0.758,-3.603,-9.053,-4.214,btn_C
1780981869.336378,-0.551,0.079,0.689,-1.13,-14.275,-1.649,-0.389,-0.101,0.778,-18.351,-1.71,0.405,-0.092,-0.386,0.94,-12.481,3.603,-2.863,-0.081,-0.393,0.979,-2.214,16.687,0.878,0.265,-0.404,0.762,4.145,12.16,1.939,btn_C
1780981869.4359946,-0.504,0.065,0.53,-52.252,36.84,-47.321,-0.331,-0.045,0.307,-122.29,63.939,-28.29,-0.156,-0.449,0.916,8.321,37.229,9.374,-0.106,-0.419,0.965,2.244,54.099,9.153,0.234,-0.378,0.784,26.756,52.084,11.557,btn_C
1780981869.5514553,-0.533,-0.181,0.483,-26.221,27.099,9.26,-0.649,-0.337,0.622,-1.702,0.366,3.244,-0.211,-0.414,0.91,7.366,-6.237,0.87,-0.173,-0.403,0.956,-2.344,6.282,-0.672,0.185,-0.374,0.795,-3.832,3.702,2.573,btn_C
1780981869.6528797,-0.756,-0.222,0.646,-2.595,-9.802,0.542,-0.656,-0.322,0.619,-7.489,0.794,0.718,-0.249,-0.392,0.912,-4.046,3.252,0.954,-0.192,-0.421,0.947,-2.458,10.954,1.435,0.167,-0.367,0.795,-0.038,10.55,3.099,btn_C
1780981869.7533627,-0.757,-0.226,0.645,-0.87,4.16,1.359,-0.657,-0.327,0.636,-8.427,2.802,2.115,-0.265,-0.404,0.911,-1.847,3.725,2.336,-0.222,-0.424,0.936,0.389,9.611,1.435,0.164,-0.367,0.798,-1.885,4.282,1.748,btn_C
1780981869.8474333,-0.756,-0.222,0.647,-0.947,3.611,0.168,-0.664,-0.325,0.62,-7.847,1.382,0.374,-0.262,-0.4,0.895,-2.122,3.435,1.573,-0.214,-0.421,0.935,0.489,9.168,0.855,0.163,-0.37,0.786,-1.771,4.649,1.282,btn_C
1780981872.5257456,-0.774,-0.228,0.639,-0.977,1.16,-0.695,-0.665,-0.341,0.612,-6.435,1.122,-0.481,-0.276,-0.423,0.885,-0.191,0.198,0.481,-0.223,-0.437,0.935,1.786,6.87,-0.305,0.158,-0.382,0.787,0.053,3.023,-0.313,btn_C
1780981872.6389802,-0.771,-0.224,0.631,-0.71,1.13,-0.397,-0.659,-0.333,0.611,-6.168,0.557,-0.84,-0.274,-0.42,0.891,-0.275,0.641,0.908,-0.221,-0.435,0.93,1.885,7.405,0.321,0.158,-0.375,0.791,0.137,3.885,-0.206,btn_C
1780981872.7394745,-0.772,-0.218,0.628,-0.122,2.74,-0.076,-0.657,-0.334,0.612,-6.397,0.374,-0.634,-0.281,-0.416,0.892,-0.527,0.183,0.183,-0.223,-0.433,0.933,1.473,7.321,-0.588,0.16,-0.371,0.793,-1.305,0.443,0.305,btn_C
1780981872.8389158,-0.772,-0.221,0.632,-1.198,1.687,-0.603,-0.661,-0.336,0.614,-6.595,0.534,-0.832,-0.274,-0.417,0.886,-0.061,0.603,0.763,-0.224,-0.433,0.934,1.595,7.092,-0.695,0.157,-0.375,0.787,-0.031,3.382,-0.229,btn_C
1780981872.9377098,-0.768,-0.218,0.629,-0.664,2.107,-0.084,-0.662,-0.335,0.615,-6.298,0.26,-0.076,-0.279,-0.418,0.895,-0.122,0.733,0.412,-0.226,-0.433,0.939,1.794,7.695,0.26,0.162,-0.373,0.785,-0.809,2.214,-0.145,btn_C
1780981873.0547895,-0.789,-0.227,0.635,-4.863,10.832,0.672,-0.666,-0.331,0.611,-3.0,0.115,3.084,-0.296,-0.41,0.896,-1.008,3.13,3.397,-0.214,-0.434,0.952,1.634,16.908,3.611,0.142,-0.367,0.798,6.916,11.771,-2.985,btn_C
1780981873.1558826,-0.838,-0.134,0.543,60.863,-36.763,42.519,-0.725,-0.289,0.624,56.786,-42.45,33.412,-0.271,-0.428,0.898,-4.588,-30.313,-8.107,-0.213,-0.427,0.938,4.015,-22.931,-6.603,0.17,-0.373,0.79,-12.74,-27.947,-7.84,btn_C
1780981873.251818,-0.703,-0.067,0.673,58.977,-57.435,29.183,-0.259,-0.127,0.763,35.565,-55.771,24.817,-0.142,-0.334,0.833,0.076,-50.115,-53.55,-0.101,-0.407,0.94,18.176,-34.122,-9.45,0.253,-0.405,0.777,-9.595,-25.229,-12.351,btn_C
1780981873.3497608,-0.693,-0.048,0.827,-3.748,-8.885,-2.916,-0.614,-0.2,0.932,-3.405,-8.557,3.176,-0.191,-0.431,0.931,3.153,-5.122,-3.336,-0.147,-0.423,0.955,5.87,-2.565,-4.893,0.242,-0.402,0.761,-2.573,-5.16,-4.153,btn_C
1780981873.4529214,-0.687,0.021,0.69,-0.908,1.183,0.244,-0.541,-0.127,0.692,-11.725,2.977,2.58,-0.146,-0.41,0.912,-2.573,-0.679,-2.366,-0.106,-0.402,0.964,-0.893,9.366,-0.374,0.256,-0.396,0.767,1.794,7.809,1.237,btn_C
1780981873.5669088,-0.449,0.143,0.362,-56.13,32.74,-37.305,-0.427,-0.039,0.338,-94.153,57.687,-26.931,-0.179,-0.378,0.934,5.695,28.962,0.557,-0.103,-0.432,0.982,-3.282,46.145,0.153,0.234,-0.384,0.793,17.565,35.649,10.817,btn_C
1780981873.67028,-0.67,-0.429,0.825,-12.779,4.076,20.832,-0.674,-0.329,0.56,-3.763,6.985,2.328,-0.281,-0.392,0.923,4.664,-24.504,-2.573,-0.235,-0.414,0.938,8.198,-16.313,-3.198,0.205,-0.374,0.804,-8.71,-12.137,-0.153,btn_C
1780981873.7694113,-0.771,-0.232,0.634,-2.534,-3.649,-2.061,-0.671,-0.339,0.602,-7.878,2.817,-1.13,-0.246,-0.422,0.896,-0.985,-1.031,0.069,-0.182,-0.437,0.937,0.885,11.611,-0.176,0.191,-0.376,0.784,0.053,6.557,2.244,btn_C
1780981873.8647535,-0.765,-0.226,0.639,-0.649,3.954,0.603,-0.668,-0.334,0.603,-7.275,1.42,0.679,-0.256,-0.424,0.902,-1.962,2.74,2.0,-0.196,-0.436,0.942,1.099,9.565,0.924,0.186,-0.377,0.789,-1.374,3.321,1.58,btn_C
1780981873.9672904,-0.767,-0.231,0.631,-2.519,6.13,0.893,-0.664,-0.337,0.606,-8.573,1.954,0.542,-0.263,-0.421,0.895,-1.679,2.511,1.74,-0.206,-0.429,0.938,1.244,9.328,1.023,0.176,-0.378,0.792,-0.588,5.099,1.519,btn_C
1780981874.0887887,-0.767,-0.223,0.628,-1.74,2.55,0.344,-0.676,-0.338,0.598,-7.542,1.473,0.176,-0.266,-0.425,0.884,-0.969,0.107,0.985,-0.209,-0.436,0.943,2.084,7.412,0.237,0.174,-0.381,0.792,-0.809,3.718,0.588,btn_C
1780981874.1881523,-0.778,-0.229,0.624,-0.962,0.382,-0.481,-0.674,-0.334,0.6,-6.817,0.725,-0.435,-0.259,-0.42,0.887,-0.382,0.542,0.71,-0.208,-0.435,0.929,1.656,7.672,-0.168,0.174,-0.381,0.791,-0.687,2.832,0.45,btn_C
1780981874.2871006,-0.777,-0.231,0.625,-1.45,3.756,0.092,-0.677,-0.345,0.607,-6.771,0.267,-0.885,-0.265,-0.427,0.884,-0.771,0.405,0.122,-0.21,-0.431,0.935,1.527,6.527,-0.87,0.173,-0.385,0.795,-0.817,2.473,0.198,btn_C
1780981874.3868067,-0.772,-0.229,0.628,-0.725,1.679,-0.618,-0.675,-0.335,0.599,-6.756,1.328,-0.802,-0.26,-0.424,0.892,-0.756,-0.023,0.092,-0.213,-0.43,0.939,1.626,7.359,-0.076,0.172,-0.376,0.786,0.061,4.534,0.252,btn_C
1780981874.482602,-0.77,-0.223,0.626,-1.832,1.229,-0.71,-0.676,-0.336,0.596,-7.305,1.084,0.115,-0.271,-0.429,0.886,-0.534,0.863,0.214,-0.217,-0.435,0.935,1.542,8.511,0.351,0.166,-0.374,0.785,-0.786,2.779,0.275,btn_C
1780981877.1605628,-0.778,-0.222,0.611,-0.58,2.763,-0.687,-0.676,-0.338,0.591,-6.305,0.939,0.489,-0.271,-0.422,0.887,-0.313,0.351,0.046,-0.216,-0.43,0.939,1.473,6.267,-0.939,0.167,-0.387,0.781,-0.832,2.0,-0.099,btn_C
1780981877.2712362,-0.778,-0.23,0.617,-1.298,1.145,-0.962,-0.676,-0.345,0.589,-6.412,0.473,0.084,-0.267,-0.423,0.885,-0.191,-0.122,-0.191,-0.215,-0.434,0.943,1.702,6.748,-0.595,0.168,-0.377,0.793,-0.237,3.099,0.053,btn_C
1780981877.37172,-0.781,-0.226,0.613,-0.832,1.214,-1.214,-0.679,-0.342,0.593,-6.122,0.733,0.153,-0.264,-0.428,0.883,-0.305,-0.412,-0.458,-0.214,-0.433,0.938,1.405,6.748,-0.504,0.172,-0.386,0.788,-0.496,2.366,0.084,btn_C
1780981877.4697206,-0.78,-0.22,0.614,-0.863,0.832,-0.153,-0.679,-0.34,0.598,-6.366,1.008,0.397,-0.263,-0.43,0.885,-0.504,-0.534,-0.061,-0.215,-0.435,0.935,1.267,7.634,-0.29,0.167,-0.377,0.792,-0.496,2.878,0.328,btn_C
1780981877.57303,-0.778,-0.226,0.612,-1.672,2.16,-1.321,-0.674,-0.342,0.592,-6.458,1.0,0.305,-0.266,-0.428,0.893,-0.962,0.992,0.29,-0.216,-0.43,0.933,1.519,8.122,0.275,0.163,-0.376,0.781,-0.74,1.733,-0.031,btn_C
1780981877.6890738,-0.785,-0.226,0.615,-1.206,2.542,-0.198,-0.68,-0.343,0.595,-6.481,0.901,-0.229,-0.265,-0.427,0.885,-0.183,0.26,0.122,-0.219,-0.434,0.936,1.328,7.275,-0.634,0.165,-0.374,0.794,-0.695,2.252,0.069,btn_C
1780981877.7859156,-0.778,-0.229,0.614,-0.908,1.702,-1.038,-0.683,-0.344,0.591,-6.527,0.656,-0.374,-0.267,-0.426,0.895,-0.527,-0.481,0.901,-0.211,-0.436,0.94,1.863,7.504,-0.076,0.172,-0.377,0.794,-0.191,2.771,0.237,btn_C
1780981877.8822525,-0.795,-0.25,0.648,-6.969,14.267,5.13,-0.686,-0.333,0.609,-7.252,2.015,5.534,-0.28,-0.427,0.871,-2.893,1.496,4.153,-0.177,-0.489,0.999,7.42,13.229,5.298,0.157,-0.395,0.793,-9.008,3.901,-2.076,btn_C
1780981877.9849417,-0.696,-0.123,0.636,37.412,-36.534,17.809,-0.674,-0.276,0.635,29.809,-25.137,4.863,-0.248,-0.43,0.884,1.45,-9.008,0.939,-0.219,-0.423,0.927,8.13,0.809,-0.901,0.162,-0.378,0.787,0.084,-5.427,-4.244,btn_C
1780981878.1013088,-0.738,-0.081,0.653,2.557,-6.595,-2.863,-0.618,-0.257,0.685,-10.382,-1.573,7.679,-0.24,-0.425,0.906,0.282,-2.725,-1.076,-0.208,-0.427,0.948,1.718,4.13,-1.634,0.174,-0.383,0.779,-0.183,1.534,-1.634,btn_C
1780981878.2016337,-0.741,-0.107,0.74,4.458,-5.137,-2.992,-0.642,-0.274,0.749,-6.863,-0.275,1.718,-0.247,-0.428,0.892,-0.183,1.115,0.099,-0.21,-0.43,0.941,1.45,4.885,-2.29,0.175,-0.38,0.789,-1.321,0.16,-1.931,btn_C
1780981878.3023064,-0.662,-0.083,0.682,10.565,-8.649,2.298,-0.568,-0.256,0.747,-4.031,-5.237,0.855,-0.107,-0.404,0.882,-7.511,-3.702,-1.336,-0.18,-0.421,0.944,-2.336,8.298,-2.809,0.191,-0.374,0.776,-1.756,1.794,-1.611,btn_C
1780981878.4021122,-0.702,-0.074,0.762,-3.718,1.046,-7.481,-0.629,-0.306,0.755,-14.954,7.313,-0.252,-0.244,-0.435,0.901,-0.901,5.221,1.718,-0.201,-0.439,0.933,1.901,8.847,-0.031,0.189,-0.375,0.776,-0.45,0.534,-0.053,btn_C
1780981878.4996612,-0.782,-0.064,0.759,4.863,1.321,0.176,-0.652,-0.244,0.682,1.313,-1.008,1.939,-0.242,-0.43,0.888,0.038,-2.626,-0.725,-0.178,-0.422,0.939,1.748,2.351,-1.664,0.203,-0.388,0.791,-0.069,0.107,0.0,btn_C
1780981878.6150796,-0.744,-0.053,0.718,3.595,0.374,-0.511,-0.629,-0.229,0.67,6.466,-0.206,-19.748,-0.225,-0.428,0.894,-1.42,-1.687,-0.099,-0.176,-0.433,0.943,-1.237,11.183,0.969,0.2,-0.384,0.784,2.397,6.672,2.053,btn_C
1780981878.721318,-0.546,-0.03,0.421,-74.076,28.237,-68.481,-0.502,-0.346,0.437,-155.366,63.267,-63.0,-0.18,-0.364,0.845,2.901,28.076,9.42,-0.447,-0.543,0.91,26.855,-21.076,15.282,0.143,-0.363,0.848,9.107,42.153,6.687,btn_C
1780981878.8186977,-0.645,-0.205,0.634,-45.084,19.664,-14.901,-0.64,-0.362,0.623,-4.198,9.534,3.511,-0.264,-0.44,0.875,0.237,6.748,3.634,-0.225,-0.444,0.928,1.725,19.779,1.275,0.158,-0.361,0.79,1.031,4.069,3.023,btn_C
1780981878.9202607,-0.773,-0.234,0.641,10.206,11.168,2.802,-0.663,-0.355,0.605,-7.656,2.55,1.374,-0.266,-0.433,0.879,0.305,0.382,0.061,-0.227,-0.438,0.926,1.679,5.733,-1.0,0.164,-0.38,0.803,-0.611,3.427,0.756,btn_C
1780981879.0214546,-0.765,-0.23,0.641,0.885,0.794,-1.298,-0.663,-0.355,0.602,-7.267,-0.336,-0.13,-0.264,-0.438,0.883,-0.282,0.237,0.183,-0.228,-0.44,0.93,1.664,7.305,0.298,0.157,-0.366,0.793,-0.824,2.229,0.924,btn_C
1780981879.1179912,-0.771,-0.236,0.632,-1.282,1.779,-0.046,-0.667,-0.356,0.6,-7.504,0.992,-0.298,-0.261,-0.435,0.889,-1.137,0.168,0.084,-0.229,-0.443,0.934,1.198,7.84,0.13,0.161,-0.372,0.786,0.076,4.298,0.878,btn_C
1780981881.7961245,-0.78,-0.232,0.606,-2.237,1.893,-1.023,-0.667,-0.353,0.602,-5.748,0.489,0.076,-0.269,-0.44,0.884,0.031,-0.473,0.046,-0.233,-0.442,0.931,1.252,6.695,-0.847,0.148,-0.377,0.796,-1.107,0.947,-0.511,btn_C
1780981881.9036508,-0.776,-0.234,0.612,-0.679,1.053,-0.13,-0.666,-0.355,0.595,-6.168,0.55,-0.679,-0.27,-0.44,0.885,-0.267,0.412,0.107,-0.236,-0.444,0.922,1.87,7.061,-0.183,0.151,-0.373,0.79,-0.191,3.534,-0.466,btn_C
1780981882.0032575,-0.788,-0.235,0.607,-1.71,1.458,-1.771,-0.669,-0.354,0.601,-6.305,0.321,-1.061,-0.269,-0.442,0.88,-0.458,-0.206,0.198,-0.235,-0.445,0.923,1.366,6.137,-0.672,0.156,-0.373,0.795,0.046,3.069,-0.336,btn_C
1780981882.1049845,-0.779,-0.232,0.616,-0.84,1.84,-0.695,-0.669,-0.35,0.6,-6.298,0.58,-1.389,-0.27,-0.436,0.885,-1.229,-0.389,-0.298,-0.233,-0.441,0.931,0.13,7.435,-0.832,0.155,-0.372,0.794,-1.382,1.099,1.237,btn_C
1780981882.2187505,-0.78,-0.242,0.614,-0.26,2.481,-0.336,-0.666,-0.358,0.595,-6.191,0.664,-0.504,-0.267,-0.442,0.877,0.313,1.076,0.878,-0.235,-0.443,0.923,2.168,6.771,-0.84,0.156,-0.372,0.793,-1.115,0.504,-0.16,btn_C
1780981882.3173919,-0.885,-0.49,1.144,68.771,-27.656,-18.092,-0.71,-0.349,0.596,-2.519,-9.023,3.328,-0.304,-0.422,0.872,3.656,-2.924,-1.534,-0.259,-0.435,0.918,5.046,-0.076,-3.336,0.14,-0.362,0.781,-3.595,-8.55,-8.489,btn_C
1780981882.4143126,-0.782,-0.133,0.738,57.695,-65.198,39.42,-0.596,-0.278,0.759,63.046,-63.809,14.122,-0.215,-0.419,0.906,13.16,-44.878,-11.0,-0.171,-0.433,0.957,15.519,-25.336,-7.725,0.21,-0.389,0.776,-15.771,-31.16,-11.473,btn_C
1780981882.5172794,-0.634,-0.022,0.773,13.511,-25.336,11.557,-0.47,-0.144,0.723,5.954,-17.389,9.901,-0.126,-0.411,0.946,7.786,-14.221,-5.328,-0.15,-0.394,0.931,-4.412,-11.824,-3.534,0.296,-0.355,0.794,2.618,-6.046,-2.443,btn_C
1780981882.6199613,-0.65,-0.005,0.817,1.45,-11.176,2.145,-0.532,-0.188,0.831,-5.893,-3.374,5.908,-0.127,-0.405,0.938,-0.267,-2.313,-2.641,-0.111,-0.425,0.966,2.519,3.29,-1.893,0.252,-0.398,0.755,-1.198,-0.939,-0.756,btn_C
1780981882.7327251,-0.686,-0.005,0.801,3.618,1.603,0.115,-0.563,-0.167,0.777,-3.351,-0.832,-1.351,-0.148,-0.413,0.924,0.74,0.427,-0.252,-0.115,-0.421,0.97,0.443,6.611,-1.969,0.264,-0.394,0.751,0.206,1.16,0.313,btn_C
1780981882.834595,-0.558,0.077,0.607,-22.557,19.29,-13.053,-0.45,-0.094,0.535,-42.771,34.824,-6.137,-0.143,-0.417,0.912,-7.511,19.672,-0.435,-0.118,-0.394,0.947,-9.748,23.847,1.069,0.268,-0.405,0.775,17.71,29.221,6.328,btn_C
1780981882.935301,-2.0,-2.0,2.0,85.809,-60.725,0.718,-0.518,-0.398,0.292,-20.092,-51.023,-21.832,-0.252,-0.436,0.886,-13.115,-13.053,-8.527,-0.216,-0.426,0.925,6.687,-22.702,-0.916,0.192,-0.383,0.807,-11.145,-37.382,-1.824,btn_C
1780981883.0319915,-0.755,-0.238,0.682,-0.038,-1.763,0.656,-0.652,-0.334,0.643,-6.046,3.359,-0.275,-0.233,-0.425,0.903,-2.221,0.885,1.344,-0.19,-0.432,0.939,0.664,0.328,-1.405,0.194,-0.364,0.8,-3.053,-1.748,1.069,btn_C
1780981883.1351366,-0.742,-0.233,0.663,-1.672,4.863,1.756,-0.655,-0.334,0.615,-7.832,1.786,-0.221,-0.24,-0.423,0.888,-3.084,5.725,2.542,-0.205,-0.439,0.942,0.29,9.939,0.496,0.178,-0.37,0.788,-0.885,5.313,2.008,btn_C
1780981883.242945,-0.748,-0.233,0.653,-1.885,4.664,0.405,-0.667,-0.335,0.617,-8.191,2.779,-1.038,-0.246,-0.424,0.893,-1.885,3.626,1.107,-0.206,-0.437,0.942,0.176,9.023,-1.038,0.184,-0.367,0.785,-1.763,1.855,1.504,btn_C
1780981883.35122,-0.745,-0.234,0.663,-3.443,5.87,-0.229,-0.658,-0.344,0.617,-8.733,2.763,-1.191,-0.249,-0.43,0.886,-3.145,2.473,1.466,-0.202,-0.438,0.931,0.26,7.977,0.878,0.178,-0.371,0.788,-0.84,4.527,1.679,btn_C
1780981883.4488149,-0.766,-0.242,0.645,-4.328,5.924,0.015,-0.667,-0.345,0.6,-8.679,1.397,-0.489,-0.25,-0.437,0.888,-1.893,0.168,1.229,-0.215,-0.443,0.939,0.611,6.229,0.267,0.17,-0.372,0.793,-1.13,1.954,0.16,btn_C
1780981883.547397,-0.767,-0.234,0.638,-4.802,4.282,3.298,-0.674,-0.349,0.606,-6.489,1.542,0.198,-0.247,-0.437,0.887,-3.023,-0.618,-0.29,-0.212,-0.441,0.934,0.122,7.336,-0.527,0.177,-0.378,0.789,-0.641,4.038,0.947,btn_C
1780981883.6502745,-0.756,-0.238,0.64,-1.779,1.344,-0.351,-0.663,-0.35,0.603,-6.847,1.374,-0.229,-0.25,-0.437,0.878,-0.634,1.435,1.824,-0.216,-0.442,0.925,1.794,8.893,-0.145,0.167,-0.372,0.796,0.214,4.511,-0.107,btn_C
1780981883.7534106,-0.762,-0.238,0.644,-0.443,2.435,0.779,-0.666,-0.339,0.602,-6.45,1.328,0.702,-0.254,-0.439,0.88,0.855,-0.756,0.542,-0.211,-0.441,0.93,2.779,6.855,0.099,0.176,-0.396,0.792,-0.542,2.214,-0.603,btn_C
1780981886.4313781,-0.767,-0.231,0.627,-1.221,1.679,-1.046,-0.673,-0.349,0.599,-6.542,0.893,-0.687,-0.258,-0.441,0.885,-0.206,0.023,0.237,-0.218,-0.443,0.928,1.382,6.611,-0.374,0.171,-0.376,0.789,-0.595,2.168,0.198,btn_C
1780981886.5346527,-0.761,-0.233,0.637,-0.824,1.053,-0.74,-0.669,-0.35,0.6,-6.298,0.656,-0.626,-0.26,-0.438,0.882,0.542,-0.122,0.023,-0.219,-0.439,0.933,1.809,7.237,-0.13,0.165,-0.368,0.79,-0.29,3.031,0.023,btn_C
1780981886.6371515,-0.773,-0.231,0.631,-1.176,1.55,-1.336,-0.668,-0.346,0.592,-6.305,0.542,-0.344,-0.263,-0.44,0.886,-0.328,0.099,-0.519,-0.225,-0.443,0.93,1.588,6.466,-0.84,0.165,-0.371,0.797,-0.511,2.695,-0.206,btn_C
1780981886.751732,-0.762,-0.227,0.638,-1.878,0.817,-1.198,-0.669,-0.346,0.597,-6.435,0.924,-0.672,-0.26,-0.437,0.885,-0.145,0.29,0.092,-0.221,-0.44,0.929,1.565,7.366,-0.74,0.167,-0.372,0.792,-0.664,2.718,-0.115,btn_C
1780981886.852958,-0.77,-0.228,0.626,-0.855,2.031,-0.733,-0.671,-0.35,0.6,-6.221,0.573,-0.275,-0.26,-0.44,0.883,-0.053,0.519,1.053,-0.222,-0.446,0.934,1.489,8.092,0.015,0.16,-0.365,0.789,-0.618,2.008,0.817,btn_C
1780981886.9478085,-1.19,-0.498,1.224,105.473,-29.038,31.954,-0.742,-0.976,2.0,191.237,-94.214,-8.244,-0.224,-0.44,1.003,-4.191,-19.618,2.328,-0.279,-0.449,0.911,8.458,15.504,1.87,0.104,-0.348,0.774,-11.824,-25.473,-9.664,btn_C
1780981887.0596254,-0.722,-0.098,0.726,-7.214,13.122,-16.145,-0.68,-0.293,0.92,-10.55,11.84,4.099,-0.255,-0.431,0.91,1.13,5.374,2.527,-0.286,-0.413,0.873,-6.817,-5.771,-1.695,0.164,-0.378,0.782,-7.076,-6.389,-2.87,btn_C
1780981887.1539524,-0.787,-0.051,0.664,4.519,-8.405,3.092,-0.641,-0.199,0.695,-1.427,-8.405,7.824,-0.226,-0.422,0.897,0.832,-5.664,-1.618,-0.176,-0.429,0.955,2.29,1.13,-2.176,0.195,-0.382,0.773,-3.366,0.695,-1.0,btn_C
1780981887.2555416,-0.704,-0.035,0.681,1.977,-4.939,0.687,-0.606,-0.183,0.695,-5.534,-0.122,4.58,-0.223,-0.427,0.904,0.229,-0.183,0.748,-0.184,-0.427,0.956,1.908,6.832,-0.29,0.193,-0.377,0.786,-1.183,0.962,-0.168,btn_C
1780981887.3660636,-0.781,-0.032,0.721,15.748,-1.786,3.649,-0.668,-0.167,0.622,3.008,-7.336,3.084,-0.24,-0.429,0.887,2.412,-3.29,-0.985,-0.182,-0.428,0.939,2.427,-0.321,-2.603,0.217,-0.394,0.784,-1.092,-2.046,-1.115,btn_C
1780981887.4666014,-0.627,-0.041,0.704,-6.71,-0.679,-4.328,-0.566,-0.176,0.783,-11.031,3.336,-2.382,-0.226,-0.417,0.916,-2.802,6.725,1.58,-0.206,-0.437,0.938,1.053,12.053,0.557,0.191,-0.39,0.767,0.786,4.366,0.565,btn_C
1780981887.5647852,-0.706,-0.04,0.689,-7.435,8.13,-9.649,-0.567,-0.156,0.64,-23.718,17.344,-8.008,-0.229,-0.426,0.89,-3.435,1.504,-0.962,-0.193,-0.418,0.935,-6.313,14.954,0.313,0.204,-0.382,0.788,5.336,13.45,2.183,btn_C
1780981887.6672566,-1.333,-0.2,0.913,-248.031,182.786,-60.786,-0.679,-0.243,0.621,-0.214,137.435,22.237,-0.267,-0.449,0.798,2.115,42.336,2.122,-0.333,-0.466,0.872,-13.725,6.176,-2.443,0.121,-0.339,0.795,-12.374,-17.588,-0.977,btn_C
1780981887.7843704,-0.779,-0.242,0.639,1.901,5.366,1.084,-0.67,-0.347,0.593,-8.527,6.221,0.008,-0.244,-0.441,0.889,0.664,-0.053,-0.351,-0.207,-0.441,0.941,2.954,4.229,-0.962,0.167,-0.372,0.806,-2.168,-3.115,0.962,btn_C
1780981887.8845847,-0.765,-0.228,0.625,-0.58,1.939,-0.634,-0.668,-0.34,0.599,-8.824,0.214,0.344,-0.25,-0.439,0.89,-0.924,1.74,0.542,-0.215,-0.441,0.934,1.183,8.702,-0.137,0.161,-0.368,0.796,-0.405,3.366,1.336,btn_C
1780981887.9852133,-0.766,-0.231,0.629,-1.489,3.687,-0.634,-0.674,-0.344,0.597,-9.023,-0.16,-0.023,-0.255,-0.443,0.882,-1.695,2.115,0.229,-0.216,-0.44,0.927,0.931,7.374,-0.321,0.163,-0.371,0.798,-1.321,0.679,0.496,btn_C
1780981888.079566,-0.773,-0.227,0.63,-1.977,3.221,-0.794,-0.679,-0.342,0.592,-8.389,3.443,-0.542,-0.26,-0.44,0.876,-1.573,0.275,1.237,-0.218,-0.441,0.932,1.427,8.405,0.092,0.159,-0.371,0.789,-1.321,2.076,0.527,btn_C
1780981888.18252,-0.767,-0.233,0.629,-1.55,2.939,-0.45,-0.676,-0.345,0.594,-7.115,0.687,-0.878,-0.267,-0.444,0.883,-0.672,0.763,0.626,-0.219,-0.441,0.929,1.389,8.267,-0.687,0.156,-0.374,0.794,-0.771,1.962,0.328,btn_C
1780981888.2858894,-0.771,-0.229,0.63,-0.908,2.992,-1.031,-0.667,-0.344,0.6,-7.031,1.282,-0.702,-0.26,-0.438,0.887,-1.008,0.725,0.672,-0.214,-0.443,0.935,0.412,9.992,-0.977,0.169,-0.371,0.795,-0.336,3.008,0.13,btn_C
1780981888.4008315,-0.775,-0.229,0.624,-1.473,2.626,-0.74,-0.674,-0.348,0.595,-7.107,-0.13,-0.939,-0.264,-0.44,0.88,-0.45,0.634,0.916,-0.224,-0.446,0.938,1.427,7.458,-0.351,0.156,-0.373,0.796,-0.649,2.939,0.275,btn_C
1780981891.0717576,-0.775,-0.231,0.617,-1.076,1.374,-0.588,-0.674,-0.356,0.587,-6.252,0.84,-0.321,-0.264,-0.442,0.882,-0.214,-0.16,0.611,-0.226,-0.441,0.932,1.74,7.244,-0.183,0.154,-0.368,0.787,-0.565,1.931,-0.031,btn_C
1780981891.1696353,-0.778,-0.232,0.613,-0.893,1.962,-0.847,-0.681,-0.351,0.588,-6.45,0.672,0.031,-0.265,-0.45,0.877,-0.221,-0.893,0.313,-0.227,-0.443,0.925,1.481,6.901,-0.13,0.16,-0.379,0.794,-0.588,2.336,-0.084,btn_C
1780981891.2729654,-0.777,-0.233,0.625,-1.122,1.435,-0.641,-0.673,-0.351,0.58,-6.282,1.046,-0.008,-0.265,-0.45,0.877,-0.214,0.511,0.275,-0.225,-0.447,0.927,1.695,6.763,-0.679,0.156,-0.369,0.794,-0.321,2.656,0.0,btn_C
1780981891.3831506,-0.776,-0.235,0.622,0.229,0.321,0.107,-0.679,-0.352,0.583,-6.458,0.924,0.504,-0.264,-0.445,0.882,-0.389,0.809,0.45,-0.228,-0.444,0.925,1.664,7.389,-0.344,0.157,-0.373,0.803,-0.496,2.817,-0.023,btn_C
1780981891.478519,-0.778,-0.23,0.619,-0.435,1.198,0.198,-0.676,-0.349,0.595,-6.221,0.817,-0.053,-0.269,-0.448,0.88,-0.328,-0.076,0.092,-0.222,-0.447,0.929,1.366,7.023,-0.122,0.151,-0.375,0.786,-0.634,2.046,0.191,btn_C
1780981891.5819612,-0.777,-0.228,0.62,-1.863,2.473,-0.214,-0.676,-0.356,0.593,-6.809,0.221,-0.374,-0.261,-0.445,0.875,-0.443,0.191,0.221,-0.229,-0.44,0.932,1.282,6.786,-0.397,0.158,-0.369,0.791,-0.664,2.076,-0.038,btn_C
1780981891.6844544,-0.777,-0.231,0.623,-0.985,2.099,-1.481,-0.68,-0.354,0.597,-6.229,0.267,-0.244,-0.27,-0.443,0.878,-0.313,-0.252,-0.695,-0.229,-0.444,0.927,1.26,7.0,-0.397,0.16,-0.372,0.795,-0.695,1.626,0.053,btn_C
1780981891.8024037,-0.781,-0.229,0.62,1.137,-0.458,-0.328,-0.678,-0.355,0.573,-2.916,0.87,1.809,-0.243,-0.448,0.912,6.756,0.122,1.397,-0.215,-0.444,0.911,2.496,12.16,3.427,0.153,-0.378,0.795,1.756,8.443,1.534,btn_C
1780981891.9016814,-1.256,-0.457,1.458,64.053,-11.084,64.344,-1.183,-0.305,0.249,106.084,-50.145,34.702,-0.313,-0.398,0.847,5.519,-19.542,-4.412,-0.263,-0.431,0.905,13.305,-32.076,-6.176,0.148,-0.37,0.782,-15.847,-32.275,-12.931,btn_C
1780981892.0000303,-0.789,-0.051,0.624,35.153,-16.29,18.473,-0.665,-0.176,0.607,19.771,-31.229,11.656,-0.254,-0.423,0.891,2.275,-17.992,-4.679,-0.215,-0.411,0.943,5.198,-15.565,-4.802,0.167,-0.376,0.79,-7.87,-18.053,-7.0,btn_C
1780981892.0967839,-0.772,-0.059,0.779,10.855,-12.679,-2.0,-0.653,-0.191,0.728,4.275,-11.29,2.038,-0.223,-0.426,0.911,3.008,-3.573,-1.656,-0.201,-0.433,0.971,4.282,-1.137,-2.687,0.184,-0.383,0.775,-4.855,-8.794,-3.71,btn_C
1780981892.1995468,-0.716,-0.014,0.734,3.244,-0.458,-2.328,-0.622,-0.178,0.745,-8.13,-1.344,0.046,-0.21,-0.422,0.919,-0.008,-0.649,-0.023,-0.179,-0.424,0.953,0.725,5.069,-1.588,0.201,-0.391,0.773,-1.595,-2.405,-1.71,btn_C
1780981892.3173304,-0.72,0.017,0.691,2.527,-3.916,-2.626,-0.621,-0.187,0.752,-12.115,1.809,8.298,-0.222,-0.429,0.907,3.275,0.45,0.748,-0.159,-0.422,0.948,1.595,8.374,-0.481,0.21,-0.38,0.773,0.244,1.504,0.641,btn_C
1780981892.4191704,-0.665,0.001,0.699,-7.893,6.374,-4.679,-0.609,-0.17,0.748,-11.26,8.221,-3.855,-0.205,-0.417,0.915,-1.634,5.092,1.45,-0.175,-0.422,0.951,-0.031,11.679,-0.267,0.207,-0.383,0.775,1.038,6.13,1.099,btn_C
1780981892.50882,-0.418,0.01,0.341,-105.053,48.412,-74.504,-0.334,-0.153,0.511,-130.244,95.038,-49.389,-0.21,-0.457,0.921,-6.611,37.435,6.809,-0.214,-0.433,0.901,-6.611,47.672,3.771,0.178,-0.369,0.781,22.046,47.58,11.214,btn_C
1780981892.6116393,-0.795,-0.173,0.613,-5.557,-40.145,-8.16,-0.702,-0.324,0.555,-10.267,-6.84,-2.412,-0.235,-0.428,0.896,-3.718,5.443,-0.122,-0.203,-0.443,0.944,-0.779,17.244,0.87,0.169,-0.376,0.802,1.695,21.893,3.687,btn_C
1780981892.7148454,-0.767,-0.204,0.651,-2.595,2.656,-1.115,-0.685,-0.326,0.593,-8.611,-1.405,-0.817,-0.257,-0.434,0.887,-2.855,4.588,1.298,-0.219,-0.437,0.928,0.908,9.511,0.237,0.156,-0.367,0.796,-2.176,-0.206,1.076,btn_C
1780981892.8182607,-0.771,-0.213,0.649,-1.198,1.824,-1.267,-0.685,-0.329,0.591,-6.534,1.069,-0.29,-0.255,-0.431,0.893,-0.641,-0.031,0.229,-0.219,-0.437,0.935,0.901,7.13,-0.84,0.158,-0.371,0.796,-1.603,2.321,0.519,btn_C
1780981892.934591,-0.762,-0.218,0.646,-1.015,1.954,-0.313,-0.682,-0.332,0.589,-6.718,0.908,0.473,-0.257,-0.431,0.888,-0.313,1.076,0.397,-0.213,-0.441,0.925,1.504,7.656,-0.046,0.158,-0.37,0.794,-0.969,2.183,-0.023,btn_C
1780981893.0345654,-0.769,-0.215,0.642,-0.931,1.405,-1.244,-0.682,-0.33,0.589,-6.809,1.099,0.176,-0.259,-0.436,0.887,-0.557,0.679,-0.252,-0.215,-0.436,0.938,1.275,7.053,-0.351,0.16,-0.37,0.787,-0.366,2.641,0.084,btn_C
1780981895.7016268,-0.771,-0.218,0.637,-0.603,1.885,-0.351,-0.687,-0.333,0.584,-6.634,0.466,-0.221,-0.265,-0.441,0.884,-0.779,0.053,-0.237,-0.224,-0.442,0.933,1.687,6.489,-0.618,0.16,-0.366,0.788,-0.71,1.969,-0.061,btn_C
1780981895.8048115,-0.77,-0.22,0.637,-1.321,1.366,-1.389,-0.686,-0.335,0.585,-6.824,0.679,-1.015,-0.259,-0.445,0.879,-0.45,-0.099,-0.298,-0.219,-0.44,0.932,1.527,7.321,-0.313,0.159,-0.374,0.787,-0.412,2.939,-0.16,btn_C
1780981895.9077144,-0.77,-0.22,0.635,-1.031,0.954,-0.107,-0.686,-0.338,0.588,-6.244,0.542,-0.954,-0.26,-0.441,0.883,-0.099,-0.618,0.153,-0.222,-0.439,0.932,1.695,6.733,-1.008,0.162,-0.372,0.788,-0.427,2.061,-0.015,btn_C
1780981896.0108557,-0.771,-0.212,0.634,-1.084,1.305,-0.649,-0.684,-0.337,0.594,-5.725,0.389,-0.802,-0.261,-0.437,0.887,-0.084,0.053,-0.221,-0.218,-0.445,0.938,1.603,7.008,-0.244,0.162,-0.375,0.792,-0.389,2.924,0.221,btn_C
1780981896.1143258,-0.774,-0.222,0.667,-1.718,8.16,0.0,-0.684,-0.342,0.57,-7.679,0.389,-0.336,-0.259,-0.436,0.885,0.336,-0.55,0.924,-0.231,-0.443,0.922,4.26,9.626,1.107,0.177,-0.39,0.799,0.206,8.679,-2.168,btn_C
1780981896.2174878,-0.815,-0.186,0.51,109.786,-24.336,57.992,-0.847,-0.206,0.143,67.008,-52.565,47.939,-0.26,-0.447,0.881,16.809,-29.298,-9.595,-0.198,-0.436,0.938,19.504,-42.115,-5.885,0.186,-0.374,0.799,-10.832,-25.328,-7.931,btn_C
1780981896.319627,-0.786,-0.049,0.642,21.107,-16.58,7.695,-0.633,-0.185,0.616,6.893,-13.611,6.466,-0.206,-0.425,0.899,2.611,-9.015,-2.443,-0.192,-0.423,0.932,3.664,-5.687,-2.267,0.191,-0.382,0.789,-0.595,-3.412,-1.84,btn_C
1780981896.4359417,-0.775,-0.09,0.736,5.282,-1.84,-1.015,-0.635,-0.229,0.76,-2.061,-5.092,-0.466,-0.211,-0.427,0.907,0.809,-1.374,0.267,-0.187,-0.428,0.945,3.015,3.947,-0.832,0.186,-0.376,0.792,-1.847,-1.832,-1.015,btn_C
1780981896.533771,-0.693,-0.041,0.678,6.824,-6.748,-0.328,-0.578,-0.201,0.751,0.137,-5.672,-1.336,-0.191,-0.422,0.916,-1.053,-0.481,0.389,-0.179,-0.429,0.947,1.603,8.809,-0.069,0.191,-0.382,0.777,-2.443,0.313,-0.527,btn_C
1780981896.6288126,-0.644,-0.004,0.678,12.885,-6.466,4.321,-0.57,-0.119,0.577,2.611,-2.229,-4.924,-0.189,-0.416,0.906,-0.321,-1.473,0.275,-0.173,-0.428,0.946,-0.076,8.55,0.206,0.216,-0.391,0.775,2.092,6.527,0.748,btn_C
1780981896.7320414,-0.675,-0.024,0.691,-10.924,8.985,-9.282,-0.541,-0.155,0.686,-22.702,17.008,-8.847,-0.193,-0.419,0.913,-4.412,8.313,-0.702,-0.176,-0.437,0.946,-6.351,17.916,0.611,0.207,-0.39,0.784,7.542,13.954,3.634,btn_C
1780981896.834956,-0.823,-0.171,0.618,-87.366,39.45,-71.908,-0.747,-0.408,0.637,-137.55,65.573,-62.71,-0.077,-0.465,0.889,-3.603,38.038,14.107,-0.112,-0.367,1.191,-15.496,25.191,-1.87,0.134,-0.344,0.762,0.351,16.969,4.573,btn_C
1780981896.9518273,-0.735,-0.232,0.671,-17.13,12.351,-4.107,-0.656,-0.344,0.618,-8.344,7.191,-0.198,-0.243,-0.438,0.891,-1.771,2.893,0.908,-0.225,-0.442,0.927,-0.366,10.779,-1.198,0.157,-0.365,0.794,-2.481,-2.588,0.786,btn_C
1780981897.0505602,-0.836,-0.205,0.617,-0.664,5.321,1.672,-0.667,-0.349,0.597,-8.122,2.458,0.191,-0.234,-0.445,0.888,-1.481,1.595,0.061,-0.226,-0.44,0.937,2.244,2.969,-0.702,0.159,-0.37,0.796,-1.015,-0.076,0.099,btn_C
1780981897.149148,-0.768,-0.234,0.625,-0.656,0.992,0.481,-0.677,-0.341,0.602,-7.198,0.611,0.565,-0.242,-0.439,0.884,-1.069,1.137,0.389,-0.219,-0.437,0.931,0.74,7.656,0.031,0.16,-0.374,0.8,-0.931,2.588,0.626,btn_C
1780981897.2466075,-0.765,-0.228,0.627,-1.198,2.267,0.237,-0.675,-0.344,0.603,-8.038,0.511,0.244,-0.249,-0.443,0.887,-0.824,0.863,0.702,-0.221,-0.442,0.939,1.344,7.916,-0.145,0.151,-0.357,0.782,-0.695,1.244,0.527,btn_C
1780981897.3501308,-0.772,-0.234,0.629,-1.542,2.977,0.321,-0.678,-0.342,0.598,-6.901,0.504,0.015,-0.25,-0.44,0.887,-0.756,0.702,0.374,-0.222,-0.438,0.935,1.092,7.13,-0.718,0.161,-0.371,0.787,-1.008,1.473,0.191,btn_C
1780981897.4675617,-0.775,-0.233,0.625,-1.611,2.183,-1.031,-0.675,-0.346,0.593,-6.71,0.305,-0.389,-0.251,-0.447,0.886,-0.221,-0.58,0.214,-0.224,-0.442,0.926,1.198,6.718,-0.649,0.16,-0.375,0.79,-0.779,2.534,-0.038,btn_C
1780981897.5714266,-0.775,-0.235,0.623,-1.13,2.229,-0.237,-0.67,-0.346,0.596,-6.733,0.366,-0.618,-0.247,-0.438,0.883,0.061,0.153,0.427,-0.219,-0.439,0.927,1.565,6.977,-0.26,0.151,-0.37,0.794,-0.573,2.458,0.115,btn_C
1780981897.6590893,-0.769,-0.23,0.623,-1.611,1.489,-1.336,-0.67,-0.347,0.6,-6.985,0.733,-0.573,-0.248,-0.446,0.875,-0.328,0.809,0.42,-0.223,-0.442,0.923,1.435,6.603,-0.359,0.159,-0.381,0.784,-0.74,2.527,0.008,btn_C
1780981900.3372622,-0.78,-0.231,0.619,-1.0,0.84,-0.672,-0.671,-0.349,0.585,-6.153,0.366,-0.473,-0.25,-0.447,0.885,-0.267,0.275,0.443,-0.223,-0.445,0.93,1.542,6.969,-0.038,0.162,-0.371,0.788,-0.282,2.275,0.099,btn_C
1780981900.440251,-0.778,-0.238,0.621,-1.0,1.206,-1.0,-0.673,-0.348,0.598,-6.29,0.817,-0.252,-0.249,-0.439,0.884,-0.55,0.168,-0.489,-0.222,-0.441,0.929,1.359,6.985,-0.771,0.156,-0.375,0.797,-0.626,2.26,-0.137,btn_C
1780981900.5432525,-0.773,-0.235,0.62,-0.718,1.191,-0.725,-0.675,-0.351,0.596,-6.191,1.046,-0.176,-0.254,-0.444,0.88,-0.282,-0.107,-0.237,-0.226,-0.444,0.925,1.802,6.84,-0.55,0.153,-0.367,0.789,-0.672,2.405,0.092,btn_C
1780981900.6510954,-0.773,-0.238,0.618,-1.366,2.336,-1.489,-0.671,-0.35,0.597,-6.534,0.809,-0.168,-0.252,-0.446,0.886,-0.122,-0.359,-0.359,-0.225,-0.443,0.928,1.489,6.695,-0.313,0.155,-0.371,0.797,-0.534,2.321,-0.344,btn_C
1780981900.7491038,-0.776,-0.238,0.625,-0.74,0.924,-0.817,-0.676,-0.352,0.601,-6.145,0.542,-0.053,-0.25,-0.449,0.884,-0.321,-0.229,-0.229,-0.219,-0.442,0.93,1.389,6.443,-0.679,0.161,-0.369,0.796,-0.527,2.42,-0.061,btn_C
1780981900.869408,-0.778,-0.23,0.625,-0.427,1.275,-0.282,-0.672,-0.352,0.59,-6.313,0.649,0.0,-0.25,-0.444,0.887,0.191,-0.405,0.397,-0.217,-0.443,0.927,1.275,7.611,0.504,0.164,-0.372,0.791,-1.0,2.015,0.359,btn_C
1780981900.9647012,-0.856,-0.23,0.635,62.969,-16.702,17.992,-0.576,-0.581,1.476,85.695,-40.046,27.053,-0.237,-0.464,0.89,5.55,-9.863,1.695,-0.232,-0.437,0.97,9.954,27.924,0.076,0.131,-0.358,0.776,-2.511,-2.847,-3.931,btn_C
1780981901.0647597,-0.651,-0.093,0.611,34.244,-9.626,20.099,-0.651,-0.231,0.656,22.969,-7.366,13.427,-0.235,-0.427,0.887,5.359,-1.542,1.115,-0.22,-0.424,0.929,0.359,2.687,-2.099,0.174,-0.375,0.785,-4.206,-3.916,-3.496,btn_C
1780981901.1617362,-0.77,-0.079,0.725,11.427,-4.679,2.702,-0.655,-0.226,0.713,4.153,-3.947,4.046,-0.227,-0.428,0.904,3.565,-6.13,-0.053,-0.219,-0.419,0.935,3.008,0.374,-0.435,0.179,-0.377,0.782,-2.947,-7.183,-2.366,btn_C
1780981901.2641141,-0.683,-0.052,0.723,10.893,-14.229,4.87,-0.606,-0.181,0.727,2.588,-11.038,1.931,-0.205,-0.426,0.906,2.015,-2.45,-0.344,-0.185,-0.425,0.944,1.908,3.237,-1.771,0.203,-0.385,0.778,-1.977,0.969,-1.71,btn_C
1780981901.3673828,-0.681,-0.009,0.667,5.16,-4.931,2.71,-0.582,-0.155,0.7,-4.168,-4.145,3.885,-0.201,-0.42,0.905,-0.672,-2.542,-0.595,-0.178,-0.433,0.941,1.634,5.641,-0.901,0.208,-0.385,0.779,0.489,4.366,0.321,btn_C
1780981901.4816792,-0.68,-0.031,0.716,-3.87,3.832,-4.618,-0.62,-0.185,0.801,-6.695,3.26,-2.405,-0.209,-0.424,0.908,-0.473,3.832,1.542,-0.199,-0.431,0.941,1.244,8.748,-0.779,0.203,-0.388,0.778,-0.939,0.733,-0.176,btn_C
1780981901.5814395,-0.668,-0.017,0.688,-9.382,11.16,-8.603,-0.559,-0.135,0.643,-25.885,17.557,-7.878,-0.208,-0.424,0.898,-4.58,5.099,-0.679,-0.184,-0.428,0.94,-5.382,16.809,-0.313,0.197,-0.388,0.793,7.481,15.931,2.802,btn_C
1780981901.6805766,-0.813,-0.193,0.618,-108.214,46.221,-85.878,-0.964,1.225,2.0,17.046,-73.366,11.595,-0.259,-0.402,0.749,-26.053,-10.137,1.099,-0.206,-0.399,0.972,8.824,49.618,2.855,0.13,-0.3,0.776,0.962,-11.664,1.198,btn_C
1780981901.7791116,-0.737,-0.317,0.739,-43.947,26.344,-7.244,-0.778,-0.337,0.601,-9.626,9.473,1.397,-0.251,-0.444,0.875,-0.443,1.145,-0.267,-0.215,-0.443,0.932,1.282,2.412,-1.336,0.167,-0.382,0.798,-3.725,-7.397,-0.023,btn_C
1780981901.8822117,-0.771,-0.246,0.612,-0.527,0.977,0.771,-0.673,-0.352,0.594,-7.229,1.282,-0.473,-0.237,-0.442,0.888,-0.191,0.763,0.137,-0.214,-0.442,0.932,0.863,6.924,-0.107,0.158,-0.368,0.795,-0.664,3.74,0.687,btn_C
1780981901.9852064,-0.773,-0.24,0.621,-0.718,1.626,0.168,-0.673,-0.348,0.597,-7.695,0.145,-0.099,-0.24,-0.445,0.887,-0.832,1.443,0.588,-0.219,-0.441,0.933,1.305,7.969,0.008,0.159,-0.373,0.792,-1.191,1.435,0.443,btn_C
1780981902.097884,-0.772,-0.241,0.618,-1.115,2.244,-0.756,-0.68,-0.351,0.588,-6.992,0.542,-0.679,-0.242,-0.439,0.885,-0.733,0.771,-0.145,-0.221,-0.441,0.931,1.237,6.794,-0.725,0.159,-0.371,0.794,-0.733,2.588,0.237,btn_C
1780981902.2028117,-0.772,-0.241,0.614,-0.718,1.672,-0.626,-0.674,-0.351,0.594,-6.71,0.397,-0.664,-0.243,-0.447,0.887,-0.71,0.13,0.031,-0.224,-0.442,0.931,1.252,6.924,-0.45,0.16,-0.372,0.792,-0.55,2.282,0.305,btn_C
1780981902.2941074,-0.773,-0.239,0.623,-1.45,1.809,-0.977,-0.676,-0.349,0.593,-7.168,0.557,-0.458,-0.249,-0.447,0.885,-0.42,0.183,0.916,-0.223,-0.44,0.936,1.435,7.298,-0.382,0.16,-0.372,0.795,-0.573,2.13,-0.069,btn_C
1780981904.985404,-0.775,-0.241,0.619,-0.443,2.267,-1.015,-0.676,-0.352,0.592,-6.145,1.092,0.725,-0.248,-0.448,0.876,-0.16,-0.42,0.298,-0.222,-0.442,0.929,1.305,6.366,-0.573,0.16,-0.371,0.797,-0.802,1.885,0.023,btn_C
1780981905.0807397,-0.78,-0.244,0.612,-1.344,1.466,-1.061,-0.672,-0.348,0.597,-6.405,0.656,0.038,-0.249,-0.45,0.881,-0.191,0.198,0.496,-0.221,-0.444,0.924,1.679,7.115,-0.282,0.16,-0.366,0.787,-0.656,2.542,0.053,btn_C
1780981905.182768,-0.778,-0.241,0.615,-1.122,1.641,-1.313,-0.676,-0.352,0.588,-6.321,0.756,0.221,-0.249,-0.449,0.881,-0.252,0.023,0.443,-0.222,-0.44,0.935,1.672,6.542,-1.023,0.16,-0.369,0.79,-0.435,2.046,-0.305,btn_C
1780981905.2842417,-0.774,-0.243,0.622,-0.916,1.229,-0.542,-0.674,-0.35,0.586,-6.282,0.618,-0.405,-0.245,-0.448,0.888,-0.145,-0.595,0.046,-0.221,-0.447,0.931,1.71,7.336,-0.687,0.158,-0.369,0.789,-0.656,2.809,0.031,btn_C
1780981905.3974004,-0.779,-0.243,0.614,-0.802,1.832,-0.817,-0.675,-0.353,0.59,-6.053,0.809,0.076,-0.243,-0.451,0.88,-0.076,-0.183,0.038,-0.22,-0.439,0.936,1.595,6.725,-0.664,0.157,-0.377,0.796,-0.664,1.931,-0.023,btn_C
1780981905.4877183,-0.776,-0.235,0.618,-0.412,0.931,-0.679,-0.672,-0.351,0.598,-6.305,0.718,-0.473,-0.251,-0.445,0.887,-0.244,0.046,0.115,-0.217,-0.445,0.927,1.695,7.282,-0.061,0.154,-0.371,0.795,-0.573,3.084,0.359,btn_C
1780981905.596835,-0.796,-0.262,0.628,-3.779,4.573,-0.237,-0.675,-0.347,0.599,-4.687,-0.069,1.473,-0.24,-0.448,0.872,1.183,-3.405,-0.847,-0.224,-0.443,0.937,2.87,11.344,-0.466,0.161,-0.365,0.781,-0.992,-0.84,-0.55,btn_C
1780981905.6942043,-0.681,-0.125,0.577,41.687,-23.053,36.611,-0.579,-0.283,0.692,51.504,-36.45,31.977,-0.222,-0.436,0.898,2.649,-13.924,-2.977,-0.2,-0.451,0.949,2.344,4.908,-3.481,0.166,-0.376,0.784,-5.794,-0.878,-5.832,btn_C
1780981905.797135,-0.673,-0.036,0.595,18.947,-24.061,13.069,-0.585,-0.21,0.723,11.153,-16.74,10.038,-0.205,-0.438,0.93,6.321,-4.962,-1.771,-0.223,-0.398,0.907,-7.405,-6.267,-1.802,0.188,-0.381,0.79,-1.885,-0.046,-2.206,btn_C
1780981905.8994699,-0.696,-0.053,0.71,15.878,-14.458,3.779,-0.617,-0.204,0.767,3.275,-12.412,6.084,-0.203,-0.435,0.912,3.359,-4.718,-0.504,-0.158,-0.458,0.954,5.58,3.786,-2.878,0.203,-0.387,0.77,-4.053,-7.351,-2.779,btn_C
1780981906.0132663,-0.754,-0.004,0.698,9.137,-9.802,0.954,-0.62,-0.172,0.718,0.244,-11.023,2.58,-0.201,-0.426,0.908,1.389,-7.0,-1.664,-0.163,-0.429,0.955,2.351,-1.519,-2.168,0.222,-0.393,0.781,-2.443,-2.84,-1.71,btn_C
1780981906.1055331,-0.662,0.008,0.688,-0.519,-1.649,-0.382,-0.552,-0.158,0.746,-10.641,1.87,2.137,-0.187,-0.425,0.92,-0.924,1.817,0.221,-0.158,-0.427,0.952,0.718,10.176,0.595,0.216,-0.385,0.773,0.313,4.725,0.328,btn_C
1780981906.2155137,-0.675,-0.02,0.731,-12.542,13.473,-12.832,-0.555,-0.142,0.687,-27.634,21.244,-10.076,-0.195,-0.422,0.902,-5.55,6.595,0.183,-0.171,-0.43,0.967,-5.718,18.153,-0.099,0.22,-0.394,0.784,7.252,14.198,4.168,btn_C
1780981906.3115473,-0.796,-0.212,0.534,-153.656,69.977,-82.901,-1.635,-1.326,0.738,-146.008,59.038,-87.756,-0.621,-0.396,1.152,-4.733,34.008,9.947,-0.141,-0.513,0.845,1.748,44.878,5.061,0.086,-0.311,0.689,1.107,13.992,5.855,btn_C
1780981906.4146814,-0.709,-0.243,0.656,4.076,15.611,1.756,-0.666,-0.343,0.6,-10.023,3.389,0.542,-0.246,-0.439,0.873,-2.466,1.885,1.626,-0.229,-0.444,0.924,-0.298,7.42,-0.924,0.162,-0.364,0.785,-3.641,-7.191,0.168,btn_C
1780981906.531154,-0.768,-0.23,0.637,-0.313,1.931,0.115,-0.679,-0.341,0.585,-7.771,0.985,-0.168,-0.242,-0.445,0.888,-0.267,-0.229,0.298,-0.213,-0.441,0.928,1.427,6.893,-0.443,0.169,-0.37,0.792,-1.046,2.168,0.412,btn_C
1780981906.6327415,-0.768,-0.233,0.63,-0.969,2.511,-1.115,-0.679,-0.337,0.596,-6.962,0.794,-0.107,-0.246,-0.447,0.883,-0.618,0.458,0.427,-0.215,-0.442,0.932,1.321,7.618,-0.13,0.161,-0.368,0.781,-0.832,1.336,0.45,btn_C
1780981906.7303462,-0.77,-0.23,0.625,-1.649,1.809,-1.092,-0.68,-0.341,0.594,-7.115,0.267,-0.527,-0.244,-0.443,0.887,-0.725,-0.397,0.008,-0.215,-0.437,0.935,1.031,6.847,-0.924,0.166,-0.372,0.796,-0.649,2.748,0.458,btn_C
1780981906.826728,-0.771,-0.23,0.63,-0.977,2.229,-0.328,-0.675,-0.343,0.586,-6.939,0.832,0.046,-0.246,-0.443,0.881,-0.87,1.198,0.046,-0.218,-0.435,0.929,1.611,7.534,-0.282,0.163,-0.367,0.789,-0.557,2.42,0.122,btn_C
1780981909.6172345,-0.776,-0.236,0.617,-0.771,1.084,0.107,-0.678,-0.349,0.588,-6.275,0.847,-0.389,-0.248,-0.447,0.886,-0.282,-0.244,0.42,-0.216,-0.439,0.938,1.519,7.237,-0.672,0.159,-0.367,0.787,-0.588,2.29,0.053,btn_C
1780981909.7107964,-0.773,-0.238,0.621,-1.328,1.534,-1.489,-0.677,-0.349,0.585,-6.588,0.542,-0.351,-0.248,-0.448,0.882,-0.214,-0.13,0.527,-0.216,-0.441,0.932,1.786,6.878,-0.031,0.163,-0.374,0.79,-0.565,2.382,0.015,btn_C
1780981909.8174655,-0.774,-0.23,0.622,-0.786,2.321,-0.389,-0.68,-0.348,0.585,-6.511,0.496,-0.809,-0.246,-0.448,0.879,-0.687,0.534,0.481,-0.216,-0.442,0.927,1.664,6.55,-0.382,0.16,-0.366,0.794,-0.672,1.863,-0.038,btn_C
1780981909.9167347,-0.774,-0.236,0.616,-0.611,1.756,-0.603,-0.682,-0.348,0.588,-6.0,0.962,-0.481,-0.25,-0.444,0.881,0.099,0.214,0.58,-0.218,-0.443,0.931,1.634,6.542,-0.145,0.163,-0.372,0.791,-0.603,2.13,-0.145,btn_C
1780981910.029101,-0.775,-0.232,0.625,-0.359,1.863,-0.427,-0.673,-0.347,0.587,-6.412,-0.557,0.0,-0.25,-0.451,0.887,1.206,-1.916,1.0,-0.219,-0.436,0.926,1.481,9.061,0.542,0.161,-0.369,0.788,-0.626,3.267,-0.061,btn_C
1780981910.1253908,-0.804,-0.237,0.649,1.656,6.618,3.969,-1.681,-1.143,1.663,82.115,-50.534,-5.344,-0.303,-0.421,0.975,-2.74,-11.565,1.092,-0.21,-0.473,0.966,7.901,22.412,4.763,0.111,-0.349,0.757,-0.038,12.122,-1.626,btn_C
1780981910.2312038,-0.705,-0.17,0.704,42.122,-12.336,25.565,-0.59,-0.243,0.694,31.069,-15.595,10.634,-0.226,-0.446,0.902,2.634,-4.695,-0.511,-0.23,-0.431,0.932,3.809,0.16,-2.244,0.162,-0.375,0.774,-5.13,-5.58,-4.595,btn_C
1780981910.3289948,-0.73,-0.064,0.66,21.771,-18.809,10.626,-0.616,-0.209,0.73,11.702,-7.595,7.649,-0.195,-0.427,0.893,3.382,3.191,-2.458,-0.192,-0.424,0.946,4.481,-2.427,-3.313,0.189,-0.384,0.781,-4.099,-8.504,-4.366,btn_C
1780981910.4319289,-0.663,-0.008,0.646,12.023,-13.557,0.519,-0.615,-0.171,0.699,-4.313,-11.038,6.748,-0.198,-0.424,0.913,1.55,-3.832,-1.389,-0.171,-0.428,0.962,2.656,3.885,-1.771,0.201,-0.382,0.781,-2.252,-2.099,-2.13,btn_C
1780981910.5350986,-0.697,-0.046,0.765,-1.16,-0.611,-1.939,-0.603,-0.171,0.732,-4.87,0.29,-0.824,-0.202,-0.426,0.904,0.168,2.115,-0.061,-0.181,-0.427,0.946,1.366,6.237,-1.107,0.211,-0.389,0.777,-0.481,1.191,-0.542,btn_C
1780981910.6475804,-0.679,-0.022,0.706,-8.893,3.733,-7.084,-0.553,-0.153,0.704,-19.298,10.412,-5.763,-0.196,-0.424,0.904,-3.191,4.374,-0.374,-0.17,-0.422,0.941,-5.099,14.122,0.305,0.206,-0.385,0.784,5.969,14.595,3.107,btn_C
1780981910.7489994,-0.726,-0.128,0.552,-91.672,40.924,-73.573,-0.658,-0.381,0.602,-150.947,81.321,-67.374,-0.229,-0.434,0.89,-8.336,38.519,8.481,-0.17,-0.347,0.934,-15.191,24.389,5.962,0.138,-0.365,0.854,12.412,29.649,7.595,btn_C
1780981910.8436892,-0.697,-0.217,0.6,-40.229,13.504,-0.412,-0.654,-0.341,0.606,-8.84,3.687,1.458,-0.245,-0.444,0.878,-3.397,3.771,1.137,-0.216,-0.432,0.929,-0.031,12.214,0.321,0.161,-0.369,0.783,1.031,4.641,1.763,btn_C
1780981910.946623,-0.771,-0.234,0.626,0.756,3.244,0.656,-0.673,-0.342,0.59,-8.107,0.588,0.053,-0.239,-0.446,0.894,-1.031,1.023,0.802,-0.212,-0.445,0.941,1.214,6.168,0.122,0.161,-0.361,0.79,-1.023,1.321,0.427,btn_C
1780981911.0496151,-0.774,-0.235,0.629,-0.84,2.511,0.137,-0.673,-0.342,0.588,-7.046,0.282,-0.466,-0.244,-0.448,0.883,-0.939,0.534,0.947,-0.211,-0.443,0.938,1.321,7.893,0.412,0.159,-0.364,0.797,-0.771,2.473,0.565,btn_C
1780981911.164309,-0.767,-0.228,0.632,-2.076,2.756,-0.809,-0.682,-0.342,0.588,-7.588,1.542,0.0,-0.247,-0.445,0.883,-0.802,1.71,0.962,-0.216,-0.439,0.932,1.237,7.359,-0.939,0.159,-0.368,0.795,-1.29,1.42,0.344,btn_C
1780981911.264693,-0.771,-0.236,0.624,-0.771,1.618,-0.084,-0.677,-0.343,0.589,-6.931,0.901,-0.519,-0.247,-0.443,0.88,-0.198,0.664,0.45,-0.214,-0.434,0.931,1.702,6.832,-0.534,0.166,-0.373,0.792,-0.71,2.137,-0.008,btn_C
1780981911.3707078,-0.765,-0.234,0.623,-1.511,1.809,-1.046,-0.673,-0.344,0.597,-6.794,0.458,-0.504,-0.244,-0.446,0.884,-0.206,-0.069,0.412,-0.217,-0.439,0.94,1.344,7.412,-0.267,0.167,-0.374,0.799,-0.626,1.992,0.038,btn_C
1780981911.4620354,-0.771,-0.23,0.634,-0.893,2.275,-0.748,-0.679,-0.346,0.592,-6.977,0.878,-0.481,-0.244,-0.445,0.882,-0.145,0.435,0.046,-0.213,-0.439,0.93,1.183,6.847,-0.153,0.158,-0.373,0.799,-0.779,2.16,0.023,btn_C
1780981914.2510219,-0.772,-0.235,0.623,-0.695,1.626,-1.183,-0.681,-0.351,0.591,-5.863,0.466,-0.893,-0.248,-0.448,0.879,-0.29,0.153,-0.382,-0.216,-0.437,0.934,1.443,7.061,-0.626,0.16,-0.376,0.79,-0.481,2.664,-0.046,btn_C
1780981914.3498995,-0.769,-0.234,0.622,-1.275,0.74,-1.053,-0.677,-0.349,0.596,-6.374,0.443,-0.45,-0.247,-0.448,0.879,-0.221,0.076,0.122,-0.216,-0.441,0.931,1.672,7.206,-0.267,0.161,-0.376,0.789,-0.206,2.527,0.122,btn_C
1780981914.4485157,-0.777,-0.235,0.621,-0.427,1.084,-0.565,-0.68,-0.349,0.584,-5.916,0.206,-0.504,-0.247,-0.444,0.888,-0.282,-0.519,0.336,-0.214,-0.44,0.931,1.71,6.786,-0.84,0.161,-0.379,0.796,-0.527,2.099,0.13,btn_C
1780981914.551569,-0.776,-0.238,0.62,-1.153,1.626,-0.153,-0.686,-0.351,0.587,-6.267,0.611,-0.58,-0.252,-0.452,0.882,-0.435,0.58,0.168,-0.218,-0.438,0.93,1.351,6.74,-0.595,0.165,-0.375,0.797,-0.832,2.183,-0.031,btn_C
1780981914.6642776,-0.771,-0.236,0.622,0.168,-0.321,0.015,-0.678,-0.348,0.597,-4.16,-0.336,-0.046,-0.243,-0.444,0.884,0.718,0.588,0.977,-0.201,-0.442,0.928,2.389,7.221,1.382,0.16,-0.376,0.794,-0.008,4.542,0.191,btn_C
1780981914.7632391,-0.717,-0.218,0.578,-2.107,1.702,-1.588,-0.686,-0.344,0.59,-5.588,0.137,1.122,-0.244,-0.444,0.88,2.954,-1.237,2.473,-0.208,-0.434,0.937,4.916,12.458,1.779,0.155,-0.375,0.782,0.565,8.29,0.221,btn_C
1780981914.861596,-0.698,-0.086,0.31,76.649,-22.863,57.527,-0.55,-0.229,0.51,51.695,-45.046,40.366,-0.234,-0.432,0.89,8.977,-18.351,-4.626,-0.199,-0.445,0.948,4.908,-13.084,-3.046,0.163,-0.386,0.801,-6.901,-10.695,-5.168,btn_C
1780981914.963849,-0.726,-0.081,0.673,34.137,-29.58,20.611,-0.597,-0.182,0.661,21.489,-23.817,11.267,-0.189,-0.439,0.922,1.718,-9.504,-3.656,-0.197,-0.434,0.938,5.748,-6.351,-3.237,0.195,-0.381,0.782,-3.427,-8.053,-4.466,btn_C
1780981915.0791037,-0.744,-0.038,0.723,16.183,-13.42,4.183,-0.635,-0.172,0.754,4.901,-12.771,3.885,-0.207,-0.418,0.911,2.779,-8.115,-2.176,-0.178,-0.425,0.957,3.931,-1.542,-2.71,0.206,-0.392,0.775,-3.878,-5.13,-3.076,btn_C
1780981915.181807,-0.707,-0.023,0.732,2.435,-5.832,-0.496,-0.589,-0.17,0.726,-8.031,-3.679,2.672,-0.195,-0.421,0.917,-0.168,-4.084,-0.71,-0.174,-0.425,0.962,2.298,3.214,-1.679,0.21,-0.386,0.78,-1.13,-0.427,-0.611,btn_C
1780981915.278738,-0.719,-0.028,0.763,1.893,-0.565,-0.87,-0.632,-0.163,0.71,-4.13,0.847,-1.641,-0.201,-0.42,0.905,0.511,1.74,-0.229,-0.167,-0.423,0.958,1.58,6.366,-0.695,0.21,-0.38,0.779,0.809,1.985,0.069,btn_C
1780981915.3764372,-0.617,0.019,0.64,-14.695,13.855,-13.389,-0.5,-0.109,0.57,-37.527,27.679,-10.229,-0.2,-0.427,0.885,-5.511,8.809,-1.687,-0.17,-0.427,0.941,-8.794,21.55,-0.267,0.208,-0.385,0.791,10.504,21.573,4.809,btn_C
1780981915.4789968,-0.809,-0.273,0.628,-158.748,64.962,-79.55,-0.615,-0.247,0.59,-7.168,169.847,20.145,-0.211,-0.466,0.924,19.87,35.695,8.763,-0.315,-0.428,0.902,-11.145,30.069,-1.168,0.207,-0.319,0.872,-2.099,-13.763,0.298,btn_C
1780981915.5821533,-0.8,-0.233,0.64,1.328,8.206,2.16,-0.687,-0.335,0.59,-8.366,2.939,-0.221,-0.247,-0.439,0.888,0.534,-0.595,-0.603,-0.208,-0.438,0.937,1.771,1.71,-1.145,0.167,-0.368,0.811,-2.26,-3.527,0.466,btn_C
1780981915.69883,-0.762,-0.225,0.633,-0.824,2.275,-0.74,-0.674,-0.337,0.592,-8.244,1.145,-0.099,-0.245,-0.434,0.889,-0.534,1.557,-0.191,-0.217,-0.434,0.944,1.397,8.176,0.115,0.166,-0.369,0.792,-0.863,3.206,0.756,btn_C
1780981915.7961204,-0.764,-0.228,0.635,-1.252,2.542,-0.496,-0.677,-0.344,0.594,-7.733,0.649,-0.366,-0.249,-0.442,0.889,-0.534,0.809,0.725,-0.218,-0.436,0.938,1.481,7.863,-0.427,0.163,-0.368,0.79,-1.008,1.435,0.229,btn_C
1780981915.8974266,-0.767,-0.228,0.63,-1.42,1.481,-1.168,-0.679,-0.342,0.599,-7.466,0.634,-0.237,-0.246,-0.439,0.889,-1.008,1.229,0.237,-0.216,-0.436,0.933,0.985,7.626,-0.061,0.159,-0.373,0.795,-0.908,2.679,0.305,btn_C
1780981915.9938762,-0.769,-0.225,0.636,-1.305,2.359,-1.206,-0.675,-0.337,0.598,-7.229,0.771,-0.534,-0.25,-0.439,0.885,-0.565,0.359,0.443,-0.219,-0.434,0.931,1.794,7.779,-0.069,0.156,-0.363,0.8,-0.733,2.176,0.031,btn_C
1780981916.0969048,-0.77,-0.23,0.634,-0.603,1.664,0.298,-0.674,-0.338,0.594,-7.015,0.817,-0.153,-0.25,-0.439,0.885,-0.527,-0.412,0.443,-0.211,-0.436,0.93,1.313,6.702,-0.992,0.157,-0.367,0.796,-0.641,2.733,0.015,btn_C
1780981916.199953,-0.772,-0.228,0.631,-1.847,2.153,-1.603,-0.681,-0.339,0.593,-6.916,0.664,-0.382,-0.255,-0.437,0.887,-0.84,0.397,0.42,-0.219,-0.435,0.931,1.42,7.122,-0.244,0.154,-0.369,0.785,-0.733,2.214,-0.092,btn_C
1780981918.87999,-0.78,-0.229,0.615,-1.344,0.58,-1.466,-0.683,-0.338,0.594,-6.374,0.382,-0.626,-0.249,-0.438,0.89,-0.397,0.26,0.359,-0.223,-0.436,0.933,1.603,7.191,-0.794,0.154,-0.371,0.791,-0.45,2.13,-0.107,btn_C
1780981918.9807003,-0.778,-0.227,0.621,-1.038,1.954,-0.611,-0.681,-0.336,0.597,-6.802,0.74,-1.145,-0.25,-0.445,0.882,-0.26,0.496,-0.038,-0.224,-0.437,0.931,1.321,6.634,-0.427,0.156,-0.367,0.799,-0.893,1.748,-0.031,btn_C
1780981919.0841324,-0.777,-0.229,0.619,-0.405,0.504,-1.336,-0.675,-0.335,0.591,-6.534,0.466,-0.771,-0.247,-0.442,0.881,-0.107,-0.107,0.076,-0.224,-0.439,0.927,1.748,7.389,0.137,0.154,-0.375,0.801,-0.427,2.435,-0.168,btn_C
1780981919.1873584,-0.785,-0.235,0.626,-0.565,1.58,-0.817,-0.678,-0.341,0.612,-5.809,1.641,1.321,-0.244,-0.442,0.891,0.412,0.763,0.649,-0.216,-0.439,0.945,2.855,9.435,0.237,0.15,-0.363,0.792,-1.756,4.099,-0.031,btn_C
1780981919.2987902,-0.673,-0.136,0.574,29.435,-24.405,24.389,-0.606,-0.309,0.785,40.374,-37.443,15.366,-0.235,-0.429,0.9,0.763,-6.84,-0.55,-0.198,-0.429,0.94,-2.191,11.962,-1.137,0.16,-0.369,0.801,-4.527,3.099,-2.786,btn_C
1780981919.396681,-0.59,-0.042,0.594,30.321,-25.863,18.992,-0.474,-0.146,0.635,20.939,-23.298,9.947,-0.217,-0.431,0.9,5.794,-10.061,-2.107,-0.196,-0.43,0.946,2.008,3.649,-3.069,0.194,-0.385,0.786,-2.634,-4.351,-3.847,btn_C
1780981919.4964356,-0.711,0.0,0.681,23.0,-19.26,4.122,-0.607,-0.148,0.682,2.221,-14.84,3.771,-0.069,-0.404,0.872,5.145,-15.336,-3.107,-0.164,-0.426,0.962,4.725,-2.656,-2.802,0.212,-0.382,0.771,-2.794,-4.878,-2.939,btn_C
1780981919.5992017,-0.64,-0.005,0.774,8.901,-18.183,4.168,-0.524,-0.133,0.774,3.076,-13.061,-0.145,-0.188,-0.422,0.929,0.969,-5.74,-0.168,-0.156,-0.43,0.964,4.756,1.473,-2.427,0.223,-0.396,0.772,-4.038,-6.763,-3.252,btn_C
1780981919.7109225,-0.679,0.065,0.721,3.267,-1.405,0.71,-0.557,-0.132,0.792,-4.214,-6.771,0.656,-0.154,-0.411,0.881,-1.634,0.634,-1.069,-0.143,-0.412,0.949,1.099,6.137,-2.046,0.241,-0.393,0.777,-1.733,2.313,-1.237,btn_C
1780981919.8133104,-0.657,0.032,0.71,-10.313,3.763,-4.29,-0.489,-0.098,0.719,-21.321,11.275,-9.626,-0.159,-0.42,0.894,-6.092,3.718,-1.527,-0.098,-0.463,0.977,3.542,29.45,-0.214,0.243,-0.402,0.768,7.427,19.214,3.908,btn_C
1780981919.9166377,-0.775,-0.198,0.618,-132.672,61.244,-101.985,-0.667,-0.442,0.61,-195.458,98.58,-85.649,-0.221,-0.445,0.902,7.626,51.412,13.336,-0.247,-0.458,0.869,1.939,19.412,10.168,0.145,-0.337,0.905,13.626,39.718,9.191,btn_C
1780981920.011298,-0.756,-0.245,0.65,-8.153,-6.626,0.084,-0.671,-0.338,0.597,-10.649,-2.176,-1.153,-0.247,-0.443,0.889,-3.107,3.099,1.954,-0.212,-0.431,0.943,-0.374,9.534,-0.061,0.158,-0.363,0.779,-3.26,1.565,1.55,btn_C
1780981920.1144288,-0.77,-0.232,0.632,-0.214,1.481,-0.229,-0.67,-0.339,0.608,-7.603,1.641,0.466,-0.244,-0.436,0.891,-0.16,0.695,0.763,-0.212,-0.432,0.936,1.84,7.046,-0.023,0.168,-0.364,0.798,-1.794,1.397,0.534,btn_C
1780981920.2285206,-0.77,-0.231,0.637,-0.832,1.427,-0.42,-0.667,-0.339,0.613,-7.763,0.427,-0.115,-0.245,-0.44,0.888,-0.855,1.252,0.672,-0.211,-0.434,0.932,1.725,7.198,-0.366,0.167,-0.366,0.793,-0.58,3.672,0.618,btn_C
1780981920.3299577,-0.764,-0.235,0.638,-0.328,1.496,-0.191,-0.663,-0.337,0.609,-7.214,0.473,0.176,-0.246,-0.442,0.887,-0.168,1.634,1.282,-0.212,-0.431,0.94,1.901,7.954,0.244,0.164,-0.363,0.78,-0.267,3.405,0.519,btn_C
1780981920.431398,-0.767,-0.225,0.634,-0.55,1.962,0.092,-0.675,-0.342,0.607,-7.13,0.748,-0.527,-0.251,-0.442,0.879,-0.634,0.55,0.084,-0.212,-0.431,0.94,1.298,8.084,-0.359,0.166,-0.366,0.792,-0.618,2.107,0.321,btn_C
1780981920.5263796,-0.772,-0.224,0.641,-0.344,1.817,-0.58,-0.669,-0.334,0.601,-6.481,0.748,-0.389,-0.251,-0.439,0.89,-0.557,-0.565,-0.435,-0.211,-0.436,0.938,0.878,6.664,-0.847,0.157,-0.353,0.793,0.397,3.366,0.282,btn_C
1780981920.630504,-0.767,-0.226,0.635,-0.313,1.756,-1.183,-0.671,-0.34,0.604,-6.374,0.794,-0.038,-0.251,-0.437,0.889,-0.679,-0.183,-0.794,-0.215,-0.43,0.938,0.885,7.794,0.168,0.162,-0.372,0.802,-0.344,3.153,0.275,btn_C
1780981920.732377,-0.769,-0.227,0.634,-1.802,2.084,-0.382,-0.669,-0.342,0.595,-6.962,1.153,-0.107,-0.252,-0.441,0.889,-0.206,0.053,-0.053,-0.219,-0.436,0.936,1.244,7.504,-0.267,0.162,-0.367,0.792,-0.603,2.397,0.206,btn_C
1780981923.513581,-0.771,-0.232,0.621,-0.427,0.679,-0.649,-0.67,-0.337,0.606,-6.473,0.87,-0.313,-0.252,-0.439,0.886,-0.061,-0.336,0.099,-0.218,-0.434,0.933,1.878,6.832,-0.634,0.164,-0.374,0.803,-0.832,1.908,0.053,btn_C
1780981923.6165056,-0.767,-0.232,0.622,-2.137,1.618,-1.885,-0.662,-0.347,0.601,-6.824,0.069,-1.321,-0.25,-0.445,0.882,-1.252,0.374,-0.87,-0.217,-0.435,0.934,1.115,6.634,-1.198,0.16,-0.369,0.789,-0.748,1.649,0.176,btn_C
1780981923.7300806,-0.775,-0.234,0.627,-0.863,1.351,-0.626,-0.668,-0.343,0.595,-6.038,0.74,-0.489,-0.25,-0.438,0.89,-0.13,-0.405,-0.046,-0.215,-0.432,0.933,1.672,7.099,0.191,0.154,-0.366,0.797,-0.122,3.015,-0.206,btn_C
1780981923.8220634,-0.777,-0.233,0.623,-0.466,2.305,-0.878,-0.671,-0.34,0.602,-6.664,0.275,-0.771,-0.249,-0.441,0.883,-0.42,-0.481,0.649,-0.211,-0.432,0.935,1.412,6.519,-0.298,0.162,-0.369,0.792,-0.115,3.26,0.023,btn_C
1780981923.9257076,-0.766,-0.226,0.623,-1.221,1.924,-0.763,-0.672,-0.344,0.599,-6.519,0.611,-0.924,-0.255,-0.438,0.886,-0.389,0.611,0.191,-0.218,-0.434,0.93,1.389,6.626,-0.282,0.161,-0.371,0.796,-0.901,1.779,0.122,btn_C
1780981924.0290282,-0.772,-0.237,0.623,-0.038,0.198,-0.87,-0.687,-0.343,0.579,-5.061,3.313,-1.656,-0.259,-0.438,0.885,-2.038,0.733,0.145,-0.218,-0.436,0.928,1.603,7.176,0.13,0.161,-0.365,0.792,-0.702,2.473,-0.321,btn_C
1780981924.1315758,-0.781,-0.23,0.629,-2.458,7.489,5.931,-0.675,-0.342,0.608,-1.962,3.221,2.87,-0.268,-0.435,0.853,2.565,-6.695,-0.885,-0.225,-0.446,0.885,-4.42,8.473,2.588,0.164,-0.374,0.802,0.603,11.939,0.145,btn_C
1780981924.2459006,-0.829,-0.167,0.637,50.893,-27.916,46.962,-0.643,-0.255,0.607,51.84,-38.863,17.71,-0.21,-0.438,0.903,4.229,-16.672,-3.137,-0.219,-0.444,0.945,3.885,-5.191,-2.466,0.16,-0.374,0.792,-5.237,-6.969,-3.748,btn_C
1780981924.3373415,-0.684,0.007,0.521,37.664,-29.916,16.779,-0.611,-0.164,0.562,16.328,-28.931,17.618,-0.149,-0.45,0.889,-1.275,-9.412,-4.473,-0.178,-0.413,0.949,3.458,-11.511,-4.351,0.197,-0.392,0.787,-4.0,-6.87,-2.947,btn_C
1780981924.440391,-0.745,-0.021,0.686,16.137,-15.664,8.328,-0.598,-0.176,0.761,9.443,-16.954,9.962,-0.207,-0.424,0.897,5.29,-9.168,-0.794,-0.18,-0.427,0.942,1.992,0.137,-2.282,0.207,-0.382,0.787,-1.641,-2.863,-2.847,btn_C
1780981924.5435364,-0.744,0.022,0.678,2.748,-14.443,4.382,-0.6,-0.148,0.725,-5.084,-9.45,-0.244,-0.174,-0.418,0.901,0.092,-12.023,-6.924,-0.148,-0.426,0.958,-0.573,-4.847,-7.298,0.23,-0.39,0.782,-2.176,-4.489,-3.29,btn_C
1780981924.6468127,-0.665,0.011,0.695,-3.13,5.107,-5.725,-0.539,-0.149,0.703,-17.076,12.679,-9.87,-0.166,-0.428,0.904,-3.618,6.672,-0.046,-0.165,-0.432,0.939,-1.267,13.267,0.13,0.224,-0.386,0.776,4.618,11.947,1.802,btn_C
1780981924.750167,-0.612,-0.112,0.385,-132.947,67.832,-105.832,-0.54,-0.364,0.374,-211.237,114.244,-94.023,-0.129,-0.387,0.835,-16.374,52.412,18.107,-0.521,-0.427,0.732,35.969,-43.267,18.214,0.147,-0.333,0.846,7.023,59.084,7.282,btn_C
1780981924.8524256,-0.681,-0.279,0.696,-7.656,3.916,0.389,-0.663,-0.357,0.617,-10.817,0.84,-0.137,-0.222,-0.449,0.894,-2.588,7.969,2.427,-0.201,-0.438,0.937,-0.794,18.099,1.038,0.165,-0.366,0.784,-0.511,2.771,1.893,btn_C
1780981924.9607425,-0.768,-0.238,0.631,-1.0,1.718,-0.695,-0.67,-0.349,0.598,-7.985,0.954,0.099,-0.223,-0.448,0.889,-0.13,0.824,0.275,-0.201,-0.438,0.935,1.45,6.725,0.374,0.176,-0.366,0.787,-1.008,2.183,0.573,btn_C
1780981925.058218,-0.771,-0.233,0.627,-0.786,2.893,-0.145,-0.67,-0.35,0.597,-7.603,0.58,0.473,-0.227,-0.446,0.884,-1.076,1.855,1.061,-0.208,-0.436,0.943,0.366,7.969,0.802,0.172,-0.365,0.795,-0.863,2.771,0.885,btn_C
1780981925.162735,-0.765,-0.238,0.628,-1.817,2.817,-0.649,-0.67,-0.352,0.598,-7.679,0.55,-0.26,-0.226,-0.448,0.892,-1.061,1.275,0.992,-0.206,-0.437,0.94,1.053,8.153,-0.29,0.173,-0.368,0.79,-0.687,2.672,0.534,btn_C
1780981925.2647514,-0.772,-0.238,0.623,-1.313,2.008,-0.427,-0.673,-0.352,0.588,-6.992,1.153,0.229,-0.233,-0.453,0.886,-0.183,1.511,0.84,-0.207,-0.437,0.946,1.779,7.267,0.115,0.168,-0.368,0.787,-0.679,3.122,0.481,btn_C
1780981925.3826058,-0.775,-0.238,0.621,-1.504,2.252,-0.237,-0.67,-0.35,0.594,-6.87,0.916,0.122,-0.232,-0.449,0.89,-0.374,0.42,1.076,-0.205,-0.433,0.934,1.519,8.084,0.183,0.172,-0.369,0.796,0.008,4.733,0.29,btn_C
1780981928.1590703,-0.781,-0.239,0.61,-0.351,0.969,-0.748,-0.671,-0.353,0.594,-6.282,0.702,-0.176,-0.24,-0.45,0.883,0.137,-0.649,0.542,-0.214,-0.437,0.937,1.817,7.145,0.237,0.167,-0.371,0.788,-0.336,2.42,-0.519,btn_C
1780981928.2631776,-0.776,-0.237,0.621,-1.542,1.511,-1.282,-0.675,-0.358,0.602,-6.412,0.412,-0.656,-0.242,-0.449,0.882,-0.496,0.641,0.359,-0.209,-0.433,0.933,1.29,7.504,-0.153,0.163,-0.376,0.794,-0.115,3.267,-0.015,btn_C
1780981928.3641052,-0.775,-0.239,0.615,-1.229,1.565,-1.099,-0.672,-0.357,0.591,-6.26,0.809,-1.153,-0.243,-0.448,0.882,-0.298,-0.015,0.084,-0.212,-0.437,0.934,1.87,6.611,-0.939,0.167,-0.371,0.798,-0.695,2.374,-0.076,btn_C
1780981928.4647589,-0.776,-0.237,0.618,-1.229,0.939,-1.137,-0.672,-0.358,0.594,-6.389,0.481,-0.634,-0.241,-0.456,0.886,-0.725,-0.084,0.412,-0.215,-0.439,0.935,1.412,7.275,-0.664,0.158,-0.372,0.797,-0.626,2.275,-0.092,btn_C
1780981928.560802,-0.78,-0.239,0.615,-0.397,1.122,-0.023,-0.67,-0.354,0.593,-5.817,0.832,-0.137,-0.239,-0.448,0.893,0.229,-0.107,0.221,-0.215,-0.438,0.939,2.015,6.847,-0.313,0.166,-0.373,0.794,-0.267,3.046,0.107,btn_C
1780981928.6640306,-0.778,-0.237,0.61,-0.198,1.191,-0.527,-0.671,-0.35,0.595,-6.244,0.351,-0.275,-0.244,-0.446,0.887,-0.344,0.519,0.183,-0.214,-0.438,0.935,1.664,7.45,0.122,0.17,-0.372,0.795,-0.504,2.557,-0.076,btn_C
1780981928.7668464,-0.77,-0.241,0.617,-1.611,1.954,-1.214,-0.66,-0.357,0.604,-5.374,2.992,0.221,-0.243,-0.45,0.88,-0.969,0.374,0.42,-0.213,-0.435,0.936,1.221,8.336,0.115,0.155,-0.361,0.784,-0.145,3.519,0.725,btn_C
1780981928.8790746,-0.781,-0.236,0.611,0.069,2.191,-0.084,-0.667,-0.348,0.593,-4.962,0.626,0.267,-0.25,-0.452,0.88,-0.275,0.74,0.588,-0.225,-0.442,0.933,-0.366,5.176,0.58,0.165,-0.376,0.793,-0.221,5.069,0.031,btn_C
1780981928.9832652,-0.845,-0.264,0.691,45.511,5.466,17.656,-0.989,-0.418,0.583,41.206,-14.328,4.847,-0.267,-0.45,0.886,2.427,2.115,1.137,-0.247,-0.44,0.959,5.496,2.359,-2.824,0.158,-0.364,0.789,-3.924,-5.588,-2.45,btn_C
1780981929.075853,-0.699,-0.092,0.635,27.267,-20.084,17.038,-0.621,-0.225,0.648,29.305,-14.053,14.229,-0.233,-0.446,0.895,1.603,-4.649,-0.863,-0.235,-0.427,0.913,2.702,-0.939,-1.229,0.144,-0.359,0.791,-1.176,-4.885,-2.405,btn_C
1780981929.1839004,-0.682,-0.049,0.662,12.374,-9.412,2.321,-0.594,-0.198,0.7,-0.588,-7.031,4.931,-0.223,-0.436,0.911,2.084,-6.206,-1.137,-0.2,-0.421,0.941,2.069,2.107,-1.344,0.188,-0.378,0.782,-2.214,-3.321,-1.901,btn_C
1780981929.2941391,-0.727,-0.075,0.768,21.237,-12.687,4.282,-0.653,-0.219,0.788,11.176,-14.061,17.198,-0.207,-0.436,0.926,13.389,-4.412,4.45,-0.208,-0.432,0.92,7.351,-5.832,-0.214,0.196,-0.378,0.774,-8.458,-13.908,-4.389,btn_C
1780981929.3946195,-0.643,0.052,0.61,0.351,3.954,-3.992,-0.582,-0.11,0.588,-18.832,11.84,3.527,-0.208,-0.412,0.908,-4.214,7.282,0.443,-0.162,-0.427,0.958,-3.168,12.153,1.214,0.217,-0.391,0.773,2.229,9.344,1.641,btn_C
1780981929.494418,-0.675,-0.003,0.699,-6.305,10.221,-8.634,-0.616,-0.151,0.663,-25.031,16.618,-5.176,-0.216,-0.425,0.899,-4.947,4.817,0.252,-0.175,-0.435,0.949,-1.718,12.809,-0.244,0.205,-0.385,0.781,3.221,7.969,2.87,btn_C
1780981929.5909104,-0.617,-0.074,0.605,-53.74,25.885,-66.771,-0.497,-0.232,0.508,-129.649,66.008,-62.305,-0.223,-0.426,0.897,-11.634,31.924,6.359,-0.202,-0.435,0.93,-5.847,36.229,5.382,0.173,-0.377,0.793,12.557,32.015,7.092,btn_C
1780981929.694326,-0.839,-0.132,0.652,-13.336,0.55,-5.473,-0.65,-0.346,0.627,-7.863,-2.435,-1.481,-0.253,-0.414,0.894,0.13,10.046,0.992,-0.219,-0.435,0.928,1.626,11.504,0.832,0.163,-0.361,0.79,2.74,10.756,1.863,btn_C
1780981929.796809,-0.727,-0.171,0.639,-11.977,10.282,-2.076,-0.663,-0.343,0.605,-5.664,3.076,1.328,-0.259,-0.436,0.885,-0.107,3.038,1.214,-0.221,-0.433,0.937,2.672,7.679,-0.183,0.166,-0.369,0.79,1.008,1.443,0.718,btn_C
1780981929.9097037,-0.758,-0.24,0.661,-5.069,9.977,2.679,-0.67,-0.348,0.599,-6.267,2.756,0.321,-0.264,-0.436,0.883,0.847,-0.366,0.847,-0.221,-0.433,0.935,2.443,7.985,-0.557,0.156,-0.365,0.795,-1.71,-0.603,0.084,btn_C
1780981930.0117347,-0.784,-0.236,0.654,-1.725,1.115,-1.198,-0.671,-0.342,0.6,-5.832,-0.374,-0.298,-0.267,-0.438,0.879,-0.16,0.115,-0.176,-0.218,-0.43,0.939,2.405,6.794,-0.427,0.166,-0.377,0.79,-0.511,2.015,-0.634,btn_C
1780981930.1106334,-0.764,-0.224,0.627,-5.809,4.931,-1.885,-0.675,-0.336,0.601,-6.191,2.038,1.16,-0.268,-0.428,0.885,0.305,0.389,0.183,-0.224,-0.424,0.937,1.74,6.061,-1.061,0.156,-0.371,0.802,-0.16,2.977,0.267,btn_C
1780981932.7837596,-0.772,-0.233,0.621,-1.168,1.573,-1.275,-0.674,-0.346,0.595,-6.305,0.122,-0.618,-0.252,-0.437,0.889,0.046,-0.305,0.328,-0.22,-0.426,0.935,1.672,6.84,-1.221,0.161,-0.371,0.799,-0.863,1.237,-0.122,btn_C
1780981932.886971,-0.77,-0.233,0.63,-0.901,1.076,0.031,-0.675,-0.345,0.587,-6.191,0.794,-0.351,-0.255,-0.433,0.887,-0.046,0.008,-0.023,-0.217,-0.434,0.937,1.901,7.366,-0.878,0.157,-0.362,0.79,-0.336,2.939,0.046,btn_C
1780981932.989922,-0.773,-0.228,0.626,-0.786,1.802,-1.031,-0.678,-0.347,0.588,-6.832,0.626,-0.374,-0.258,-0.437,0.88,-0.191,0.26,-0.359,-0.219,-0.43,0.931,1.603,6.947,-0.389,0.158,-0.362,0.798,-0.412,2.328,-0.031,btn_C
1780981933.0969825,-0.777,-0.235,0.616,-1.16,2.107,-0.718,-0.677,-0.348,0.598,-6.328,0.573,-0.214,-0.255,-0.435,0.887,-0.046,-0.527,-0.687,-0.215,-0.433,0.937,1.771,6.214,-0.137,0.158,-0.364,0.801,-0.901,1.832,-0.206,btn_C
1780981933.195819,-0.771,-0.23,0.629,-0.969,0.847,-0.908,-0.676,-0.346,0.589,-5.45,0.313,-0.611,-0.257,-0.437,0.883,0.008,-0.58,-0.13,-0.219,-0.432,0.932,1.137,6.763,-0.504,0.157,-0.368,0.795,-1.069,1.931,-0.267,btn_C
1780981933.2993245,-0.764,-0.227,0.601,2.847,1.847,0.344,-0.684,-0.347,0.583,-1.618,-0.344,4.122,-0.248,-0.437,0.9,4.565,-9.122,-1.053,-0.227,-0.428,0.941,4.603,8.305,0.58,0.17,-0.368,0.803,0.779,8.214,-0.618,btn_C
1780981933.4106824,-0.841,-0.217,0.669,59.534,-20.176,51.679,-0.655,-0.319,0.672,62.855,-43.702,23.618,-0.216,-0.43,0.917,9.718,-34.893,-4.305,-0.218,-0.43,0.944,4.504,-12.74,-1.321,0.149,-0.36,0.789,-8.802,-14.763,-3.725,btn_C
1780981933.5096984,-0.747,-0.031,0.608,52.527,-28.473,16.534,-0.56,-0.162,0.574,26.55,-22.153,14.977,-0.209,-0.41,0.919,9.595,-17.824,-3.504,-0.197,-0.424,0.943,4.45,-13.221,-3.282,0.2,-0.378,0.783,-6.725,-11.412,-5.817,btn_C
1780981933.6082292,-0.688,-0.012,0.672,6.527,0.771,-1.237,-0.606,-0.174,0.7,-5.924,-1.557,-0.58,-0.174,-0.415,0.919,0.748,-3.107,-0.901,-0.187,-0.425,0.945,1.748,0.817,-2.695,0.195,-0.377,0.79,1.015,-4.16,-2.756,btn_C
1780981933.7109666,-0.747,-0.029,0.719,-3.008,1.443,-4.534,-0.634,-0.194,0.724,-12.687,2.885,-0.183,-0.16,-0.417,0.931,-1.076,1.115,-0.763,-0.176,-0.425,0.951,1.847,4.947,-1.45,0.202,-0.381,0.787,-0.427,-0.084,-0.206,btn_C
1780981933.8148327,-0.706,-0.029,0.709,-6.771,7.809,-10.183,-0.579,-0.179,0.683,-22.282,16.008,-7.947,-0.172,-0.412,0.919,-4.481,6.924,-0.26,-0.19,-0.421,0.954,-3.053,10.733,-1.229,0.205,-0.379,0.779,2.031,6.786,1.649,btn_C
1780981933.932153,-1.851,-0.451,1.481,-181.389,117.26,-61.847,-1.1,-0.207,0.243,-21.153,14.153,0.069,-0.421,-0.356,0.855,-14.267,-3.771,5.405,-0.25,-0.445,0.933,4.344,4.557,-1.405,0.135,-0.339,0.765,-8.802,-16.87,-1.008,btn_C
1780981934.0277874,-0.848,-0.232,0.628,3.0,6.855,1.718,-0.663,-0.349,0.6,-6.244,8.542,0.29,-0.225,-0.433,0.896,2.519,1.641,-0.153,-0.209,-0.424,0.933,2.832,-1.603,-0.672,0.179,-0.363,0.802,-1.511,-0.053,0.603,btn_C
1780981934.1290388,-0.771,-0.229,0.632,6.42,5.084,3.504,-0.666,-0.349,0.603,-6.908,1.878,1.023,-0.225,-0.437,0.898,-0.466,0.412,0.031,-0.201,-0.431,0.94,2.534,7.084,-0.229,0.18,-0.373,0.798,0.771,6.664,-0.031,btn_C
1780981934.225914,-0.762,-0.221,0.63,-0.786,-0.107,-2.427,-0.669,-0.348,0.596,-6.321,1.084,-1.122,-0.23,-0.441,0.891,-0.695,-0.695,-0.756,-0.197,-0.431,0.943,1.015,5.588,-0.664,0.168,-0.373,0.792,0.069,6.023,-0.435,btn_C
1780981934.3291318,-0.761,-0.226,0.623,1.244,1.725,1.305,-0.671,-0.35,0.594,-5.534,-1.244,-0.282,-0.238,-0.432,0.895,-0.122,-4.084,-2.58,-0.202,-0.436,0.945,0.824,1.45,-2.069,0.185,-0.381,0.802,0.275,4.794,-1.519,btn_C
1780981934.4456182,-0.769,-0.211,0.632,-0.084,-2.939,-2.855,-0.668,-0.35,0.598,-6.618,-0.046,-1.901,-0.21,-0.434,0.894,-1.695,-5.26,-2.412,-0.183,-0.435,0.948,-0.557,7.954,-0.557,0.176,-0.37,0.801,-1.008,3.969,1.389,btn_C
1780981934.5429773,-0.762,-0.229,0.64,0.55,0.092,1.649,-0.661,-0.352,0.6,-6.87,0.366,3.618,-0.213,-0.433,0.892,3.183,1.26,2.786,-0.191,-0.429,0.944,6.176,9.176,1.366,0.171,-0.356,0.786,0.321,2.992,-1.176,btn_C
1780981934.6431944,-0.774,-0.21,0.636,-4.573,3.366,-4.244,-0.676,-0.343,0.603,-8.214,1.046,-2.244,-0.219,-0.428,0.896,-3.214,0.588,-1.076,-0.201,-0.432,0.932,-0.382,7.824,-0.687,0.178,-0.379,0.8,-0.733,2.74,0.351,btn_C
1780981934.7410984,-0.849,-0.19,0.593,12.099,4.084,10.176,-0.646,-0.336,0.626,-3.061,0.366,4.489,-0.211,-0.423,0.918,-1.046,-1.061,-2.145,-0.238,-0.42,1.001,-2.74,7.779,-3.58,0.185,-0.385,0.789,-6.137,-7.496,1.725,btn_C
1780981937.4294555,-0.771,-0.217,0.631,-0.962,1.374,-1.153,-0.683,-0.342,0.588,-6.87,0.985,-0.55,-0.239,-0.444,0.894,-0.412,-0.237,-0.176,-0.205,-0.432,0.942,1.198,6.634,-0.496,0.152,-0.365,0.788,-0.397,2.687,0.053,btn_C
1780981937.5301695,-0.773,-0.212,0.634,-0.076,1.214,0.092,-0.679,-0.345,0.585,-6.359,0.733,-0.031,-0.242,-0.448,0.885,0.382,-0.504,0.687,-0.206,-0.43,0.945,1.931,7.046,-0.107,0.167,-0.37,0.795,-0.786,1.924,-0.252,btn_C
1780981937.6290016,-0.769,-0.21,0.638,-1.275,1.565,-1.824,-0.681,-0.345,0.592,-6.443,0.87,-0.656,-0.242,-0.444,0.89,-0.763,0.382,0.634,-0.21,-0.431,0.937,1.435,7.145,-0.634,0.161,-0.354,0.79,-1.031,1.71,-0.275,btn_C
1780981937.7280264,-0.772,-0.208,0.638,-0.443,0.565,-0.351,-0.676,-0.339,0.6,-6.466,0.519,-0.336,-0.236,-0.444,0.892,-0.023,-0.229,0.969,-0.208,-0.431,0.94,1.527,7.588,-0.527,0.154,-0.362,0.798,-0.481,2.504,0.053,btn_C
1780981937.8426921,-0.771,-0.206,0.638,-0.931,1.74,-0.985,-0.68,-0.34,0.584,-6.16,0.153,-0.84,-0.241,-0.442,0.886,-0.168,-1.267,-0.053,-0.198,-0.43,0.944,1.824,7.832,0.344,0.177,-0.358,0.806,-0.504,2.962,1.13,btn_C
1780981937.9467704,-1.631,-0.404,1.542,1.412,19.229,61.649,-1.259,-0.504,0.713,176.672,-50.695,-65.046,-0.225,-0.439,0.893,11.679,-13.069,9.244,-0.265,-0.438,0.898,0.824,16.908,3.969,0.091,-0.345,0.785,-14.092,-21.924,-7.832,btn_C
1780981938.04157,-0.699,-0.062,0.683,58.748,-26.389,15.618,-0.582,-0.197,0.737,30.496,-16.718,16.351,-0.195,-0.399,0.927,9.42,-7.069,-0.656,-0.21,-0.433,0.935,7.344,-7.618,-3.748,0.177,-0.37,0.782,-10.443,-19.687,-9.389,btn_C
1780981938.1400814,-0.627,0.004,0.71,26.26,-20.771,6.962,-0.604,-0.12,0.718,7.802,-2.466,5.977,-0.147,-0.4,0.936,6.351,-24.023,0.252,-0.158,-0.406,0.96,3.038,-8.618,-5.305,0.229,-0.385,0.771,-2.855,-11.779,-6.176,btn_C
1780981938.24392,-0.553,0.03,0.779,-9.908,-0.557,-0.305,-0.49,-0.132,0.844,-15.794,0.74,0.618,-0.124,-0.406,0.934,0.634,-3.992,0.832,-0.15,-0.411,0.939,1.267,10.947,0.244,0.237,-0.384,0.779,5.794,0.603,4.908,btn_C
1780981938.346239,-0.624,0.028,0.731,-5.42,-6.359,2.382,-0.495,-0.122,0.762,-12.542,-1.13,2.809,-0.081,-0.405,0.942,-2.031,0.779,-1.496,-0.098,-0.408,0.965,-1.206,7.557,-0.74,0.272,-0.377,0.769,-0.901,7.046,-0.573,btn_C
1780981938.4495451,-0.638,0.032,0.703,-7.481,8.351,-7.786,-0.529,-0.107,0.686,-21.023,2.718,-9.092,-0.108,-0.41,0.934,-4.916,9.26,0.885,-0.126,-0.42,0.995,-1.519,16.443,0.74,0.257,-0.372,0.785,1.527,9.031,1.458,btn_C
1780981938.5595734,-0.385,0.106,0.415,-40.939,26.282,-33.702,-0.288,-0.031,0.263,-103.389,48.313,-34.519,-0.075,-0.413,0.931,-19.481,31.542,0.901,-0.147,-0.373,1.019,-4.229,37.176,3.282,0.235,-0.378,0.784,16.595,37.443,7.977,btn_C
1780981938.6551714,-1.205,-0.465,1.107,-119.183,31.397,-17.42,-0.716,-0.334,0.615,0.58,36.847,10.244,-0.232,-0.431,0.93,2.038,17.58,4.313,-0.223,-0.413,0.89,-0.252,-24.588,-4.153,0.203,-0.362,0.799,-7.382,-10.725,-0.321,btn_C
1780981938.757945,-0.757,-0.254,0.642,1.16,2.45,0.588,-0.656,-0.357,0.611,-6.519,2.817,0.901,-0.22,-0.446,0.894,-1.137,3.893,2.046,-0.181,-0.426,0.949,1.176,8.229,0.061,0.192,-0.36,0.805,-1.618,6.702,2.557,btn_C
1780981938.8611436,-0.755,-0.244,0.647,-1.191,2.176,-1.603,-0.66,-0.356,0.604,-7.168,0.595,-0.153,-0.226,-0.448,0.894,-1.603,3.519,1.977,-0.197,-0.425,0.95,1.679,8.924,0.504,0.177,-0.355,0.805,-0.763,3.649,1.489,btn_C
1780981938.964412,-0.748,-0.247,0.641,-1.656,2.099,-0.649,-0.66,-0.353,0.607,-7.0,1.191,-0.29,-0.235,-0.448,0.887,-0.832,2.901,0.931,-0.197,-0.428,0.951,1.595,8.725,0.366,0.169,-0.354,0.788,-0.885,3.366,1.298,btn_C
1780981939.0797377,-0.752,-0.247,0.636,-1.015,2.298,0.733,-0.662,-0.348,0.599,-6.84,1.183,-0.397,-0.238,-0.446,0.885,-1.26,2.824,1.931,-0.199,-0.427,0.946,1.084,9.573,0.13,0.178,-0.355,0.787,-0.985,2.427,0.458,btn_C
1780981939.176639,-0.756,-0.242,0.637,-1.305,1.87,-0.252,-0.664,-0.358,0.599,-6.733,0.229,-1.321,-0.243,-0.447,0.885,-0.763,0.885,0.504,-0.204,-0.427,0.949,1.267,7.122,-0.771,0.176,-0.36,0.801,-1.061,2.321,0.565,btn_C
1780981939.2739067,-0.76,-0.243,0.633,-1.664,1.008,-0.504,-0.664,-0.359,0.604,-6.351,0.779,-1.008,-0.243,-0.448,0.883,-0.321,0.534,0.145,-0.2,-0.425,0.947,1.748,7.031,-0.412,0.178,-0.362,0.796,-0.198,3.786,0.389,btn_C
