timestamp,pulgar_ax,pulgar_ay,pulgar_az,pulgar_gx,pulgar_gy,pulgar_gz,indice_ax,indice_ay,indice_az,indice_gx,indice_gy,indice_gz,medio_ax,medio_ay,medio_az,medio_gx,medio_gy,medio_gz,anular_ax,anular_ay,anular_az,anular_gx,anular_gy,anular_gz,menique_ax,menique_ay,menique_az,menique_gx,menique_gy,menique_gz,gesto
1780983419.4363992,-0.823,-0.139,0.587,-1.687,0.29,-2.275,-0.659,-0.292,0.651,-7.42,-0.71,-1.748,-0.316,-0.363,0.897,-0.87,1.702,-0.885,-0.247,-0.422,0.927,0.832,8.069,-0.252,0.061,-0.345,0.821,-0.458,3.58,0.611,derecha
1780983419.539151,-0.824,-0.146,0.578,-0.679,1.847,-0.13,-0.656,-0.299,0.631,-6.74,1.008,-0.191,-0.331,-0.365,0.893,-0.092,-0.649,0.595,-0.256,-0.418,0.927,2.176,6.504,-0.878,0.06,-0.333,0.813,-1.779,-0.328,-0.924,derecha
1780983419.6502037,-0.821,-0.15,0.577,-1.206,2.137,-0.626,-0.661,-0.3,0.639,-6.901,0.969,0.16,-0.325,-0.367,0.901,-0.473,0.267,0.779,-0.253,-0.416,0.932,1.489,7.237,-0.015,0.064,-0.335,0.813,-0.504,2.74,-0.466,derecha
1780983419.7534347,-0.814,-0.138,0.58,-0.641,2.435,-0.328,-0.66,-0.296,0.635,-7.252,0.962,-0.351,-0.322,-0.363,0.899,-0.313,0.71,0.252,-0.255,-0.42,0.93,1.557,8.748,0.779,0.062,-0.341,0.817,0.252,3.466,-0.214,derecha
1780983419.863722,-0.824,-0.146,0.579,-0.947,2.023,-0.031,-0.664,-0.296,0.64,-6.817,0.649,-0.695,-0.322,-0.364,0.904,-0.153,-1.45,-0.26,-0.256,-0.416,0.934,1.252,8.275,-0.313,0.068,-0.337,0.817,-0.519,1.641,-0.26,derecha
1780983419.9648736,-0.829,-0.146,0.573,0.191,1.305,0.45,-0.669,-0.301,0.63,-7.13,0.153,-1.786,-0.323,-0.365,0.896,-0.45,-3.649,1.015,-0.234,-0.441,0.935,3.985,8.344,-0.481,0.059,-0.379,0.796,3.664,6.0,-4.153,derecha
1780983420.054247,-0.822,-0.121,0.581,-1.702,-3.687,-3.481,-0.667,-0.285,0.643,-5.664,-1.756,-2.122,-0.303,-0.358,0.903,2.992,-0.214,-1.137,-0.266,-0.4,0.934,4.718,5.115,-2.206,0.072,-0.348,0.809,-0.71,3.466,-0.328,derecha
1780983420.1566265,-0.819,-0.15,0.585,1.405,-11.855,-5.252,-0.59,-0.318,0.704,-2.305,7.359,-0.718,-0.368,-0.747,1.779,101.893,45.061,35.618,-0.378,-0.703,1.563,172.008,28.336,45.481,0.051,-0.35,0.819,14.588,6.099,-5.588,derecha
1780983420.2699194,-0.84,-0.131,0.567,8.962,9.366,2.588,-0.741,-0.29,0.507,-13.771,59.336,-4.427,-0.396,-0.05,0.708,66.26,32.947,31.786,-0.19,0.0,0.823,85.496,16.282,32.389,0.096,-0.328,0.812,-2.939,-5.046,-11.466,derecha
1780983420.3710148,-0.835,-0.127,0.557,1.74,9.031,-1.29,-0.724,-0.301,0.473,-8.473,12.573,-1.107,-0.435,0.018,0.779,0.046,2.023,1.069,-0.343,0.047,0.967,6.977,8.023,-1.756,0.075,-0.318,0.828,-5.817,1.58,-2.45,derecha
1780983420.4698625,-0.828,-0.141,0.553,-3.519,3.87,-1.29,-0.781,-0.309,0.435,-10.542,5.458,1.069,-0.501,-0.02,0.857,-5.366,-0.611,-0.107,-0.329,0.066,0.859,-0.489,6.611,-1.29,0.119,-0.339,0.795,-3.13,5.267,-3.359,derecha
1780983420.570338,-0.83,-0.15,0.558,-3.817,0.015,-1.855,-0.755,-0.316,0.483,-9.389,-9.435,-1.008,-0.47,-0.085,0.868,-22.489,-8.802,-9.336,-0.341,-0.007,0.902,-28.13,0.924,-9.183,0.089,-0.339,0.801,-1.405,4.511,0.855,derecha
1780983420.6721077,-0.829,-0.141,0.559,-5.435,-6.878,-4.588,-0.731,-0.312,0.514,-5.313,-46.412,-0.725,-0.365,-0.127,0.658,-87.725,-32.069,-31.855,-0.269,-0.09,0.725,-121.908,1.916,-31.221,0.084,-0.34,0.798,-8.985,-3.893,1.71,derecha
1780983420.7869277,-0.823,-0.152,0.618,-0.053,-11.473,-0.931,-0.715,-0.303,0.535,-7.74,8.931,0.359,-0.241,-0.336,0.914,-17.985,-54.779,-5.534,0.049,-0.364,1.03,6.29,20.603,5.389,0.133,-0.373,0.771,-2.298,0.076,-0.473,derecha
1780983420.885238,-0.814,-0.146,0.578,0.076,2.099,-0.328,-0.666,-0.314,0.623,-7.733,0.481,-0.359,-0.327,-0.376,0.891,-2.26,1.237,1.0,-0.265,-0.418,0.934,-0.527,7.878,-0.748,0.097,-0.359,0.794,-0.336,3.092,-0.305,derecha
1780983420.9805195,-0.813,-0.151,0.572,0.031,1.649,0.595,-0.671,-0.313,0.625,-6.603,0.26,-0.015,-0.313,-0.373,0.894,-0.267,-1.191,1.115,-0.254,-0.424,0.933,0.725,8.137,0.435,0.112,-0.369,0.801,1.435,6.298,-0.458,derecha
1780983421.0859883,-0.829,-0.14,0.578,-1.298,3.511,2.374,-0.664,-0.311,0.625,-7.618,2.55,1.191,-0.344,-0.361,0.931,-4.389,-0.939,1.038,-0.257,-0.396,0.91,-6.664,6.511,-0.008,0.108,-0.362,0.806,3.504,7.847,0.412,derecha
1780983421.1913803,-0.824,-0.141,0.575,-0.847,0.313,-0.191,-0.674,-0.31,0.612,-5.962,-1.962,-0.473,-0.329,-0.375,0.89,-0.435,-0.191,0.282,-0.259,-0.43,0.932,1.473,7.191,0.015,0.092,-0.369,0.801,-0.313,4.756,0.252,derecha
1780983421.2938628,-0.825,-0.138,0.572,-1.397,1.198,-1.733,-0.675,-0.307,0.617,-7.221,0.168,-0.725,-0.33,-0.371,0.886,-0.84,0.878,-0.298,-0.269,-0.425,0.926,0.832,8.008,-0.55,0.095,-0.365,0.81,-0.443,2.237,-0.092,derecha
1780983424.0817986,-0.834,-0.151,0.565,-0.634,2.817,0.947,-0.671,-0.312,0.61,-6.855,1.702,0.466,-0.342,-0.379,0.882,-0.252,0.519,0.679,-0.27,-0.438,0.913,2.534,6.557,-0.298,0.088,-0.369,0.801,-0.427,1.107,-0.45,derecha
1780983424.1759536,-0.833,-0.146,0.565,0.191,-2.687,-1.176,-0.673,-0.311,0.616,-6.405,0.206,-0.71,-0.328,-0.38,0.886,0.176,-0.802,-0.687,-0.265,-0.438,0.925,1.771,6.939,-0.779,0.09,-0.369,0.792,-0.366,0.679,-0.405,derecha
1780983424.286437,-0.828,-0.139,0.572,-1.168,2.16,-1.183,-0.674,-0.312,0.613,-7.069,-0.443,-0.672,-0.337,-0.383,0.882,-0.573,-0.115,0.321,-0.271,-0.437,0.922,0.679,7.824,-0.733,0.096,-0.368,0.803,-1.565,0.748,0.328,derecha
1780983424.380102,-0.83,-0.146,0.562,-1.168,2.008,-1.229,-0.675,-0.308,0.607,-7.015,0.305,-0.931,-0.334,-0.376,0.883,-0.908,0.252,0.13,-0.269,-0.44,0.917,1.198,6.702,-0.985,0.088,-0.367,0.796,-0.855,2.344,0.389,derecha
1780983424.4907386,-0.832,-0.148,0.571,-0.344,1.595,-0.244,-0.671,-0.313,0.616,-7.397,0.191,-0.557,-0.343,-0.385,0.877,-0.183,-0.145,0.038,-0.273,-0.44,0.912,1.733,7.031,-0.794,0.096,-0.36,0.8,-0.611,1.947,-0.359,derecha
1780983424.5924299,-0.828,-0.149,0.568,-0.786,-1.206,-1.565,-0.68,-0.315,0.618,-5.542,-1.954,-0.634,-0.331,-0.385,0.884,2.122,-4.756,-0.954,-0.273,-0.439,0.922,5.924,4.405,-0.435,0.096,-0.375,0.805,-0.435,4.168,-0.595,derecha
1780983424.6895685,-0.824,-0.148,0.573,1.794,-3.84,-0.382,-0.656,-0.303,0.623,-2.412,8.809,1.389,-0.719,-0.938,2.0,192.565,21.901,31.947,-0.063,-0.793,2.0,160.206,13.756,78.321,0.148,-0.41,0.796,1.489,8.687,-2.527,derecha
1780983424.7919528,-0.834,-0.153,0.568,-2.679,-5.069,-0.176,-0.713,-0.277,0.574,-7.885,27.153,-6.733,-0.417,-0.148,0.836,50.336,21.412,11.74,-0.298,-0.191,0.959,62.992,2.893,10.901,0.093,-0.347,0.791,9.229,-5.985,-1.725,derecha
1780983424.8953874,-0.821,-0.143,0.571,2.802,5.656,3.595,-0.745,-0.298,0.553,-6.176,44.183,2.435,-0.42,-0.076,0.833,25.725,17.481,9.473,-0.379,-0.126,0.974,45.29,17.573,8.817,0.098,-0.342,0.797,-0.824,6.16,-0.473,derecha
1780983425.0110247,-0.843,-0.135,0.555,-0.267,8.153,0.191,-0.778,-0.268,0.41,-12.206,19.573,0.076,-0.477,-0.035,0.767,9.832,8.481,8.389,-0.316,0.0,0.823,10.931,12.374,4.649,0.087,-0.35,0.809,-1.527,1.832,-3.42,derecha
1780983425.101217,-0.838,-0.126,0.549,-2.214,-3.595,-4.16,-0.766,-0.305,0.484,-6.351,-34.427,-4.313,-0.426,-0.038,0.744,-35.733,-17.977,-12.725,-0.297,-0.02,0.833,-37.855,-5.489,-9.771,0.094,-0.353,0.807,-2.672,-0.588,2.359,derecha
1780983425.204504,-0.829,-0.153,0.564,-3.382,-8.198,-4.107,-0.731,-0.304,0.533,-0.672,-53.023,2.412,-0.326,-0.156,0.581,-136.099,-56.702,-40.031,-0.276,-0.237,0.727,-154.687,5.641,-36.664,0.091,-0.366,0.805,-8.229,-1.0,0.275,derecha
1780983425.3074515,-0.775,-0.136,0.606,0.725,19.756,3.756,-0.738,-0.314,0.51,-8.092,3.458,0.435,-0.373,-0.352,0.912,-8.29,5.206,1.382,-0.272,-0.42,0.942,-0.847,5.794,-0.412,0.11,-0.376,0.792,-3.962,4.878,0.473,derecha
1780983425.410351,-0.827,-0.145,0.582,-1.366,-0.13,-0.947,-0.675,-0.307,0.624,-7.237,-0.031,-0.702,-0.319,-0.368,0.895,-0.908,-1.466,0.176,-0.266,-0.409,0.94,0.458,5.565,-0.962,0.116,-0.38,0.798,0.107,4.137,0.466,derecha
1780983425.5196385,-0.823,-0.146,0.58,-1.267,1.878,-1.29,-0.67,-0.309,0.612,-7.137,0.305,-0.237,-0.331,-0.374,0.887,-1.305,0.511,0.557,-0.27,-0.414,0.936,0.947,6.901,-0.573,0.108,-0.377,0.798,-0.634,0.878,-0.229,derecha
1780983425.6160865,-0.822,-0.152,0.573,-1.275,1.695,-0.229,-0.67,-0.308,0.611,-7.214,0.779,-0.214,-0.333,-0.37,0.886,-1.153,0.466,0.008,-0.268,-0.417,0.93,1.107,6.298,-0.168,0.103,-0.376,0.796,-0.466,2.221,-0.336,derecha
1780983425.7198925,-0.821,-0.148,0.57,-0.137,1.321,0.58,-0.672,-0.309,0.619,-7.603,0.733,0.038,-0.329,-0.37,0.892,-0.962,0.214,-0.076,-0.266,-0.413,0.927,0.611,6.878,-0.031,0.103,-0.375,0.796,-0.534,1.908,-0.122,derecha
1780983425.8224957,-0.823,-0.152,0.57,-1.069,2.221,-0.527,-0.675,-0.312,0.618,-7.008,0.542,-0.298,-0.332,-0.368,0.881,-0.374,0.977,0.916,-0.265,-0.416,0.93,1.221,7.901,-0.092,0.105,-0.369,0.793,-0.878,1.443,0.076,derecha
1780983425.9349155,-0.825,-0.141,0.572,-1.176,1.687,-1.244,-0.673,-0.308,0.612,-6.969,0.725,-0.122,-0.327,-0.369,0.897,-1.061,0.069,0.45,-0.273,-0.42,0.936,0.725,8.092,-0.71,0.097,-0.371,0.788,-1.305,1.695,0.191,derecha
1780983428.718687,-0.829,-0.153,0.577,-1.351,0.771,-2.008,-0.669,-0.312,0.614,-6.389,-0.718,-0.71,-0.329,-0.374,0.884,-0.321,-0.954,-0.939,-0.255,-0.421,0.934,1.649,6.588,-0.985,0.104,-0.379,0.802,-1.771,1.145,0.481,derecha
1780983428.815606,-0.822,-0.152,0.579,-0.565,2.901,-0.466,-0.664,-0.316,0.615,-6.947,0.565,-0.244,-0.329,-0.377,0.893,-0.679,0.13,0.687,-0.264,-0.427,0.927,1.695,7.313,-0.115,0.102,-0.378,0.797,-0.74,2.107,-0.221,derecha
1780983428.9170704,-0.816,-0.15,0.579,-1.183,1.702,-0.504,-0.669,-0.309,0.624,-6.511,0.176,-0.115,-0.33,-0.375,0.891,0.336,-0.832,0.412,-0.264,-0.424,0.934,1.489,7.779,0.053,0.104,-0.381,0.795,0.176,3.954,0.023,derecha
1780983429.0157619,-0.819,-0.15,0.58,-0.573,1.122,0.153,-0.667,-0.314,0.623,-6.504,0.786,-0.107,-0.325,-0.376,0.898,0.534,-0.435,0.87,-0.266,-0.425,0.923,2.305,8.42,0.412,0.101,-0.371,0.798,-0.053,3.702,-0.038,derecha
1780983429.1184454,-0.82,-0.146,0.575,-0.626,-0.832,-0.405,-0.67,-0.309,0.621,-5.366,0.176,0.42,-0.353,-0.372,0.889,5.229,8.977,-0.412,-0.258,-0.414,0.947,4.847,10.817,0.282,0.093,-0.377,0.796,0.229,2.351,-0.985,derecha
1780983429.2214549,-0.818,-0.167,0.583,2.046,22.992,6.229,-0.699,-0.313,0.579,-15.153,91.695,7.092,-0.375,-0.189,0.647,140.176,90.931,4.672,-0.32,-0.278,0.784,123.977,41.137,25.817,0.081,-0.352,0.808,16.015,21.038,-0.931,derecha
1780983429.344578,-0.823,-0.141,0.568,1.015,8.389,1.389,-0.753,-0.304,0.488,-6.679,31.74,1.076,-0.432,-0.045,0.718,14.74,13.275,4.603,-0.418,-0.141,0.886,29.55,2.817,5.695,0.078,-0.344,0.807,-0.748,0.366,-0.672,derecha
1780983429.4371924,-0.84,-0.135,0.551,-0.992,3.13,-2.0,-0.775,-0.297,0.467,-8.473,-2.573,-2.42,-0.462,-0.07,0.854,3.557,-0.351,0.916,-0.334,-0.103,0.979,3.511,6.863,-1.954,0.101,-0.363,0.825,-2.351,3.84,0.099,derecha
1780983429.5407362,-0.834,-0.135,0.548,-1.504,-1.84,-3.527,-0.758,-0.302,0.495,-6.321,-30.176,-3.191,-0.454,-0.079,0.806,-34.595,-14.092,-11.008,-0.317,-0.111,0.943,-26.191,-1.115,-9.718,0.101,-0.363,0.803,-3.412,-0.435,2.046,derecha
1780983429.6340802,-0.835,-0.146,0.572,-3.939,-18.748,-5.656,-0.659,-0.298,0.614,-1.924,-76.435,-3.412,-0.352,-0.337,0.747,-177.176,-96.74,-51.168,-0.278,-0.364,0.868,-186.679,-17.397,-51.267,0.094,-0.382,0.782,-16.527,-12.763,-2.038,derecha
1780983429.7424862,-0.841,-0.133,0.559,-2.733,5.015,-0.137,-0.667,-0.306,0.625,-7.412,-3.847,-1.359,-0.309,-0.384,0.903,-11.13,-19.74,-1.779,-0.24,-0.413,0.96,-1.305,-4.786,-1.26,0.11,-0.38,0.797,0.519,-1.153,0.061,derecha
1780983429.841503,-0.815,-0.147,0.58,0.015,0.687,-0.718,-0.664,-0.31,0.621,-7.031,1.351,-0.412,-0.317,-0.366,0.899,-1.321,1.458,0.863,-0.27,-0.415,0.932,0.122,7.802,-0.107,0.106,-0.37,0.786,-1.702,4.183,0.359,derecha
1780983429.9505706,-0.817,-0.147,0.585,-1.389,2.557,-1.198,-0.675,-0.31,0.615,-7.282,0.817,-0.557,-0.328,-0.38,0.888,-0.794,0.313,0.725,-0.274,-0.416,0.926,1.115,6.13,-0.725,0.116,-0.381,0.799,-1.008,1.725,-0.008,derecha
1780983430.0538049,-0.818,-0.148,0.582,-0.855,1.969,-0.198,-0.67,-0.309,0.62,-7.244,1.046,-0.534,-0.326,-0.376,0.895,-1.344,0.137,0.366,-0.27,-0.423,0.926,0.611,6.344,-0.595,0.112,-0.381,0.797,-0.74,2.901,-0.076,derecha
1780983430.1594863,-0.831,-0.149,0.569,-1.687,6.244,0.366,-0.685,-0.307,0.604,-7.389,2.832,0.153,-0.338,-0.374,0.88,0.191,0.855,0.16,-0.277,-0.424,0.919,1.748,3.473,-1.237,0.108,-0.37,0.803,-2.206,-0.664,-0.878,derecha
1780983430.2516978,-0.828,-0.146,0.574,-1.427,0.672,-1.702,-0.674,-0.308,0.615,-6.573,0.275,-0.275,-0.318,-0.368,0.89,-0.763,0.313,-0.16,-0.267,-0.428,0.927,1.305,7.237,0.099,0.112,-0.377,0.797,-0.198,3.71,0.542,derecha
1780983430.3655794,-0.821,-0.148,0.581,-1.305,2.504,-0.771,-0.675,-0.317,0.615,-7.153,0.756,-0.427,-0.333,-0.378,0.885,-0.924,1.313,0.458,-0.276,-0.427,0.924,1.481,6.969,-0.603,0.103,-0.37,0.805,-0.641,1.595,-0.237,derecha
1780983430.4649174,-0.822,-0.149,0.575,-0.595,1.687,-0.328,-0.67,-0.31,0.612,-6.496,0.26,-0.412,-0.328,-0.375,0.888,-0.718,0.626,0.924,-0.268,-0.422,0.937,0.802,6.649,-0.557,0.106,-0.373,0.794,-0.634,2.809,0.313,derecha
1780983430.5648084,-0.823,-0.148,0.574,-1.412,2.351,-1.084,-0.674,-0.314,0.613,-7.267,0.847,-0.618,-0.336,-0.378,0.881,-0.573,1.672,0.733,-0.274,-0.427,0.926,1.496,6.748,-0.458,0.102,-0.376,0.801,-0.809,1.153,-0.267,derecha
1780983433.2411342,-0.824,-0.157,0.57,-2.206,1.321,-2.229,-0.674,-0.314,0.617,-7.267,-0.496,-0.725,-0.33,-0.381,0.892,-0.618,0.313,0.107,-0.275,-0.431,0.926,1.389,6.763,-0.206,0.098,-0.38,0.798,-0.092,3.382,0.137,derecha
1780983433.3475764,-0.822,-0.151,0.571,0.618,1.412,1.084,-0.669,-0.313,0.624,-6.038,1.221,0.313,-0.333,-0.382,0.889,0.015,-0.061,0.153,-0.273,-0.429,0.921,1.962,6.046,0.557,0.103,-0.373,0.802,-0.275,1.962,-0.71,derecha
1780983433.4478245,-0.828,-0.152,0.573,-1.557,2.748,-1.534,-0.673,-0.315,0.618,-6.771,0.183,-0.87,-0.329,-0.379,0.88,-0.397,0.321,-1.076,-0.274,-0.43,0.932,1.137,6.389,-0.771,0.098,-0.381,0.799,-1.031,2.099,0.198,derecha
1780983433.5474906,-0.827,-0.156,0.57,-1.206,1.557,-0.382,-0.673,-0.316,0.62,-6.748,0.924,0.13,-0.328,-0.381,0.878,0.16,0.13,0.763,-0.275,-0.429,0.925,1.947,6.366,-0.489,0.095,-0.382,0.783,-1.267,0.031,-0.771,derecha
1780983433.6508205,-0.824,-0.143,0.575,-0.26,0.45,0.344,-0.673,-0.312,0.615,-6.427,-0.008,-0.626,-0.334,-0.376,0.881,-0.275,-0.267,-0.038,-0.273,-0.427,0.931,1.855,7.0,-1.046,0.101,-0.376,0.803,-0.695,2.824,0.183,derecha
1780983433.7541475,-0.821,-0.155,0.572,-1.969,0.664,-2.366,-0.67,-0.315,0.612,-6.771,-0.855,-0.985,-0.332,-0.38,0.893,0.603,2.359,0.649,-0.271,-0.437,0.94,2.595,9.725,0.008,0.1,-0.375,0.799,0.099,3.977,0.244,derecha
1780983433.8610454,-0.845,-0.152,0.545,2.015,-2.115,1.16,-0.681,-0.302,0.561,1.466,-32.641,2.0,-0.131,-0.447,1.096,89.573,15.718,47.985,-0.422,-0.515,1.091,69.466,17.779,25.725,0.1,-0.381,0.792,2.756,1.237,-0.771,derecha
1780983433.9599714,-0.812,-0.153,0.586,1.328,8.481,-0.992,-0.707,-0.299,0.568,-8.466,33.664,-0.954,-0.387,-0.268,0.914,64.313,42.405,14.847,-0.285,-0.305,1.079,99.046,23.557,22.122,0.092,-0.363,0.801,6.878,13.374,0.962,derecha
1780983434.0688496,-0.841,-0.147,0.554,-0.374,4.656,-0.015,-0.74,-0.338,0.51,-7.74,25.328,0.13,-0.463,-0.147,0.852,25.901,14.206,6.748,-0.291,-0.118,0.986,44.832,16.336,9.916,0.088,-0.363,0.804,0.595,4.267,-1.145,derecha
1780983434.1686347,-0.836,-0.139,0.548,1.542,1.496,1.099,-0.725,-0.302,0.543,-8.0,-11.733,-2.061,-0.52,-0.15,0.951,-0.763,-0.305,0.687,-0.327,-0.063,0.959,4.557,5.695,0.153,0.089,-0.363,0.801,0.847,1.565,-0.176,derecha
1780983434.269034,-0.84,-0.139,0.552,-2.26,1.634,-2.427,-0.75,-0.304,0.505,-6.718,-18.267,-2.779,-0.432,-0.102,0.763,-30.489,-14.313,-11.489,-0.319,-0.075,0.948,-29.901,-1.382,-11.321,0.085,-0.351,0.815,-6.412,-1.634,1.725,derecha
1780983434.3716114,-0.849,-0.149,0.551,-3.053,-10.649,-3.809,-0.702,-0.315,0.565,-2.298,-60.573,-1.13,-0.361,-0.253,0.571,-144.328,-75.802,-48.908,-0.265,-0.29,0.671,-182.702,-10.229,-53.763,0.086,-0.373,0.812,-14.137,-13.008,-2.046,derecha
1780983434.4785864,-0.887,-0.142,0.518,-1.817,13.733,2.244,-0.674,-0.311,0.622,-8.664,-10.557,-1.084,-0.337,-0.39,0.902,-4.0,1.702,0.206,-0.284,-0.408,0.918,-1.985,5.115,-0.71,0.086,-0.367,0.769,-1.771,2.885,0.588,derecha
1780983434.5809295,-0.83,-0.148,0.567,-2.42,3.328,-2.603,-0.677,-0.315,0.611,-7.382,-0.252,-0.931,-0.324,-0.377,0.888,-1.656,0.733,-0.626,-0.273,-0.423,0.927,-0.336,7.023,-0.962,0.107,-0.372,0.799,-1.153,5.641,1.115,derecha
1780983434.6862774,-0.828,-0.156,0.563,0.29,0.519,0.947,-0.675,-0.314,0.605,-6.427,1.26,0.771,-0.339,-0.376,0.885,0.351,-0.748,0.763,-0.272,-0.421,0.929,1.176,6.061,-0.427,0.105,-0.38,0.793,-0.473,1.641,-0.962,derecha
1780983434.7860792,-0.825,-0.149,0.568,-1.458,1.397,-1.626,-0.678,-0.316,0.619,-7.053,-0.115,-0.779,-0.329,-0.382,0.89,-1.153,0.649,-0.13,-0.265,-0.427,0.924,0.45,5.931,0.252,0.104,-0.381,0.809,0.763,5.855,0.191,derecha
1780983434.8870938,-0.823,-0.152,0.565,-1.832,1.557,-1.802,-0.681,-0.317,0.599,-7.511,-0.702,-1.374,-0.329,-0.379,0.887,-2.229,1.573,-0.26,-0.274,-0.431,0.92,0.13,7.702,-0.344,0.101,-0.377,0.8,-1.626,2.29,0.641,derecha
1780983434.9934702,-0.822,-0.153,0.563,0.412,1.0,0.977,-0.68,-0.315,0.611,-6.137,1.481,0.366,-0.332,-0.381,0.888,0.527,0.198,0.58,-0.275,-0.429,0.928,0.947,6.634,-0.58,0.097,-0.382,0.796,-0.55,1.55,-0.847,derecha
1780983435.1007912,-0.825,-0.151,0.57,-1.733,2.16,-1.992,-0.681,-0.32,0.612,-7.206,0.29,-1.382,-0.333,-0.387,0.888,-0.802,-0.069,0.008,-0.274,-0.431,0.923,1.458,7.557,0.206,0.098,-0.377,0.797,0.229,4.198,0.053,derecha
1780983435.2010958,-0.833,-0.157,0.562,-2.847,2.382,-2.29,-0.673,-0.322,0.61,-7.618,0.008,-1.015,-0.339,-0.388,0.886,-1.122,1.092,0.168,-0.275,-0.439,0.917,1.26,6.824,-0.084,0.094,-0.379,0.796,-0.458,1.786,-0.427,derecha
1780983437.8748798,-0.823,-0.146,0.571,-0.695,0.947,-0.542,-0.679,-0.316,0.604,-6.878,0.305,-0.359,-0.332,-0.386,0.885,-0.626,0.397,-0.405,-0.274,-0.429,0.925,1.832,7.069,-0.359,0.09,-0.372,0.793,-0.527,2.649,-0.084,derecha
1780983437.9771497,-0.831,-0.162,0.566,-2.809,1.0,-3.237,-0.674,-0.319,0.611,-7.344,-0.076,-0.443,-0.326,-0.387,0.884,-0.573,0.435,0.214,-0.267,-0.433,0.922,1.023,6.954,0.366,0.099,-0.374,0.802,0.008,3.55,-0.061,derecha
1780983438.0801964,-0.827,-0.155,0.56,0.458,2.107,0.756,-0.674,-0.316,0.606,-6.206,1.313,0.595,-0.331,-0.379,0.885,0.748,-0.649,0.855,-0.27,-0.423,0.927,1.855,5.863,0.153,0.107,-0.37,0.796,-0.496,1.435,-0.702,derecha
1780983438.1881244,-0.828,-0.144,0.563,-1.397,1.359,-1.954,-0.68,-0.311,0.614,-6.977,-0.527,-1.573,-0.332,-0.377,0.886,-1.069,0.298,-1.16,-0.269,-0.425,0.925,0.916,7.74,-1.16,0.103,-0.386,0.805,-1.229,2.58,1.214,derecha
1780983438.2859073,-0.835,-0.158,0.562,0.412,1.649,1.13,-0.679,-0.312,0.61,-5.634,1.046,-0.328,-0.328,-0.385,0.885,0.473,-0.038,0.573,-0.266,-0.431,0.923,2.802,5.611,-0.878,0.102,-0.38,0.801,-1.115,-0.008,-1.183,derecha
1780983438.4010978,-0.833,-0.152,0.562,0.137,0.191,0.244,-0.677,-0.311,0.608,-5.328,3.573,0.626,-0.377,-0.405,0.996,3.511,9.336,-0.718,-1.158,-0.871,1.401,3.573,25.115,69.359,0.098,-0.326,0.772,0.534,-0.046,-4.771,derecha
1780983438.492084,-0.828,-0.152,0.56,1.084,11.168,-1.626,-0.741,-0.309,0.502,-10.634,23.588,-5.115,-0.426,-0.325,1.025,60.802,42.023,20.26,-0.417,-0.379,1.074,118.954,11.71,28.87,0.07,-0.362,0.814,7.099,-1.557,-3.664,derecha
1780983438.6011438,-0.844,-0.141,0.554,3.214,-0.664,0.969,-0.741,-0.299,0.521,-7.412,29.237,-0.481,-0.426,-0.075,0.762,37.672,17.0,10.962,-0.312,-0.003,0.818,33.092,16.267,6.244,0.115,-0.36,0.782,0.489,1.87,-3.267,derecha
1780983438.7010846,-0.836,-0.13,0.541,-1.473,1.702,-7.29,-0.718,-0.313,0.535,-8.573,-16.557,-5.87,-0.483,-0.091,0.798,-14.504,-6.748,-4.71,-0.32,-0.02,0.899,-15.084,-0.481,-9.038,0.099,-0.36,0.82,-1.015,-0.473,2.779,derecha
1780983438.8009746,-0.841,-0.156,0.546,-4.626,-4.832,-3.405,-0.781,-0.317,0.544,-1.863,-61.802,-3.55,-0.328,-0.124,0.458,-128.756,-75.244,-45.366,-0.232,-0.079,0.624,-190.908,-7.031,-59.122,0.082,-0.36,0.786,-16.718,-12.023,1.786,derecha
1780983438.904208,-0.791,-0.166,0.633,3.282,10.191,3.405,-0.712,-0.335,0.559,-11.847,32.84,4.702,-0.312,-0.358,0.906,-9.901,19.344,4.206,-0.306,-0.474,0.98,-9.595,11.282,0.252,0.108,-0.389,0.793,-1.336,10.603,0.786,derecha
1780983439.014891,-0.836,-0.161,0.56,-3.45,-1.931,-2.611,-0.679,-0.322,0.612,-6.534,-2.947,-1.237,-0.329,-0.385,0.887,-0.649,-2.107,-1.389,-0.256,-0.421,0.937,0.305,3.42,-2.053,0.12,-0.389,0.794,-1.382,0.069,-0.359,derecha
1780983439.1111207,-0.822,-0.153,0.577,0.611,1.992,2.634,-0.681,-0.306,0.618,-6.634,1.84,1.496,-0.328,-0.377,0.89,-0.229,1.481,0.489,-0.271,-0.416,0.926,0.214,7.916,0.504,0.117,-0.379,0.789,0.275,2.58,-0.649,derecha
1780983439.2178373,-0.825,-0.157,0.573,-0.779,2.191,-0.832,-0.673,-0.313,0.612,-6.756,0.565,-0.137,-0.328,-0.377,0.89,-0.282,-0.267,-0.183,-0.266,-0.416,0.93,0.87,6.863,-0.954,0.112,-0.383,0.795,-1.282,1.962,0.809,derecha
1780983439.321751,-0.829,-0.162,0.568,-0.763,3.374,-0.023,-0.677,-0.32,0.611,-7.092,1.763,0.405,-0.33,-0.384,0.884,-0.962,1.252,0.687,-0.269,-0.426,0.93,1.458,5.985,-0.252,0.106,-0.386,0.796,-0.58,0.565,-0.908,derecha
1780983439.4192061,-0.822,-0.153,0.57,-0.489,1.71,0.008,-0.675,-0.32,0.607,-6.466,0.435,-0.076,-0.328,-0.377,0.881,-0.298,-0.046,0.015,-0.264,-0.421,0.928,0.634,6.534,-0.115,0.121,-0.398,0.812,-0.718,3.389,-0.191,derecha
1780983439.5284297,-0.825,-0.146,0.566,-2.84,1.229,-3.458,-0.676,-0.317,0.612,-7.939,-1.313,-1.687,-0.331,-0.383,0.89,-2.565,-0.344,-1.031,-0.265,-0.434,0.925,0.137,7.458,-0.71,0.108,-0.385,0.792,0.015,4.603,1.107,derecha
1780983439.6263375,-0.831,-0.159,0.564,0.695,0.893,1.328,-0.671,-0.315,0.61,-5.947,1.611,0.618,-0.328,-0.389,0.883,0.878,0.122,0.779,-0.26,-0.429,0.927,2.038,6.374,0.595,0.112,-0.389,0.793,0.664,3.626,-1.321,derecha
1780983439.7359042,-0.823,-0.153,0.569,-1.656,1.672,-1.985,-0.672,-0.317,0.618,-7.397,-0.107,-1.359,-0.323,-0.376,0.888,-0.878,1.595,-0.046,-0.267,-0.428,0.927,0.405,8.206,0.206,0.106,-0.377,0.794,2.069,6.42,0.71,derecha
1780983439.8417907,-0.823,-0.155,0.57,-2.931,3.58,-2.397,-0.677,-0.316,0.615,-8.107,-0.244,-1.13,-0.327,-0.385,0.88,-1.229,0.13,-0.305,-0.26,-0.43,0.937,-0.321,12.053,-0.45,0.103,-0.388,0.796,0.573,4.519,0.794,derecha
1780983442.5178344,-0.833,-0.163,0.56,-1.038,2.702,-0.885,-0.679,-0.322,0.604,-6.87,1.115,-0.038,-0.331,-0.39,0.88,0.137,-0.916,0.427,-0.272,-0.443,0.917,2.061,6.901,0.008,0.107,-0.383,0.793,-1.198,-0.061,-0.656,derecha
1780983442.6121802,-0.827,-0.152,0.566,-0.573,1.122,-0.565,-0.681,-0.321,0.601,-6.71,0.695,-0.198,-0.326,-0.388,0.883,-0.176,-0.679,-0.145,-0.267,-0.438,0.917,1.595,6.901,-1.023,0.109,-0.372,0.799,-0.618,2.618,-0.206,derecha
1780983442.715389,-0.829,-0.159,0.562,-2.588,0.679,-2.855,-0.677,-0.326,0.614,-7.573,-1.145,-1.267,-0.333,-0.395,0.888,-0.519,-0.107,-0.641,-0.265,-0.445,0.917,1.771,6.771,-0.092,0.103,-0.378,0.8,0.328,3.916,-0.336,derecha
1780983442.829924,-0.822,-0.154,0.571,0.595,0.611,0.519,-0.674,-0.312,0.606,-5.756,0.519,0.13,-0.33,-0.387,0.882,0.794,-0.947,0.55,-0.268,-0.438,0.921,2.87,6.374,-0.282,0.102,-0.377,0.793,0.168,3.328,-0.389,derecha
1780983442.9229705,-0.828,-0.15,0.563,-2.053,0.702,-3.473,-0.667,-0.322,0.604,-7.107,-1.221,-1.802,-0.321,-0.393,0.888,-1.023,-0.771,-0.214,-0.268,-0.444,0.917,0.939,7.137,-0.603,0.099,-0.384,0.799,0.115,3.809,0.748,derecha
1780983443.0249581,-0.827,-0.153,0.567,0.412,1.756,1.382,-0.676,-0.317,0.601,-6.244,1.336,0.771,-0.325,-0.384,0.886,0.733,0.023,0.954,-0.27,-0.434,0.919,1.878,6.473,0.618,0.106,-0.389,0.79,-0.55,1.916,-0.603,derecha
1780983443.1274643,-0.827,-0.15,0.558,-1.458,1.107,-1.824,-0.674,-0.321,0.614,-6.931,-0.779,-1.55,-0.325,-0.385,0.889,0.198,4.282,-0.504,-0.239,-0.446,0.931,1.595,9.595,-0.435,0.104,-0.381,0.785,1.359,5.931,-0.16,derecha
1780983443.2301702,-0.816,-0.151,0.561,-0.107,1.634,-1.466,-0.673,-0.326,0.619,-6.26,67.313,4.718,-0.18,-0.143,0.401,111.573,74.687,32.527,-0.256,-0.119,0.382,149.252,45.878,40.687,0.088,-0.363,0.79,24.214,15.366,-0.336,derecha
1780983443.3420846,-0.819,-0.144,0.571,2.015,7.237,-0.458,-0.778,-0.305,0.539,-5.885,38.916,-0.634,-0.437,-0.142,0.815,40.939,23.679,4.237,-0.39,-0.09,0.904,48.687,3.969,3.802,0.076,-0.357,0.792,0.588,8.824,0.87,derecha
1780983443.4363625,-0.829,-0.142,0.555,1.87,6.092,2.931,-0.754,-0.314,0.509,-13.382,21.29,-1.725,-0.499,-0.073,0.738,19.542,3.786,8.649,-0.375,-0.015,0.791,11.557,12.794,4.382,0.116,-0.36,0.773,4.168,3.107,-1.908,derecha
1780983443.5394595,-0.835,-0.143,0.555,-1.794,2.0,-3.206,-0.756,-0.311,0.492,-5.771,-17.954,-2.84,-0.45,-0.083,0.763,-25.664,-11.176,-9.725,-0.328,-0.05,0.863,-28.198,1.244,-7.656,0.102,-0.368,0.804,-3.985,1.16,2.137,derecha
1780983443.649871,-0.825,-0.153,0.57,-4.664,-26.885,-6.282,-0.667,-0.306,0.543,-5.611,-82.817,-2.237,-0.422,-0.555,1.088,-199.74,-110.183,-61.954,-0.621,-0.612,1.289,-210.359,-34.275,-51.534,0.121,-0.395,0.807,-15.336,-14.008,-2.084,derecha
1780983443.7502322,-0.832,-0.143,0.565,-5.687,-8.901,-3.534,-0.669,-0.307,0.625,-6.908,-5.473,-2.031,-0.313,-0.376,0.903,-2.008,-3.481,-1.336,-0.257,-0.419,0.934,-0.695,7.267,-1.45,0.119,-0.389,0.792,2.26,2.076,1.511,derecha
1780983443.8484492,-0.827,-0.164,0.575,-0.443,3.634,1.214,-0.681,-0.314,0.603,-6.779,1.397,0.13,-0.335,-0.374,0.886,-1.496,0.679,0.45,-0.272,-0.416,0.922,1.221,3.756,-0.244,0.1,-0.38,0.793,-0.763,-0.496,-0.687,derecha
1780983443.951205,-0.824,-0.154,0.569,-1.221,1.679,-1.817,-0.677,-0.315,0.619,-6.969,-0.672,-1.023,-0.323,-0.373,0.891,-1.527,0.267,-1.176,-0.267,-0.416,0.927,-0.214,5.771,-1.122,0.111,-0.389,0.781,-0.878,3.878,1.115,derecha
1780983444.0762079,-0.83,-0.161,0.563,-0.763,1.863,0.015,-0.67,-0.318,0.613,-7.099,1.0,-0.076,-0.328,-0.379,0.893,-0.153,-1.198,0.748,-0.266,-0.423,0.929,2.023,6.427,0.496,0.112,-0.389,0.794,0.076,2.679,-0.573,derecha
1780983444.1631877,-0.823,-0.157,0.574,-1.13,0.977,-1.275,-0.671,-0.313,0.615,-7.046,-0.275,-0.748,-0.322,-0.374,0.886,-0.366,0.527,-0.29,-0.272,-0.415,0.933,1.13,6.618,-1.542,0.109,-0.379,0.794,-1.382,0.244,0.885,derecha
1780983444.2604337,-0.827,-0.156,0.572,-0.687,1.901,0.076,-0.668,-0.315,0.614,-6.794,0.511,0.214,-0.328,-0.377,0.888,-0.725,-0.13,0.397,-0.269,-0.416,0.928,1.71,7.198,-0.718,0.103,-0.388,0.794,-2.519,-0.496,-0.443,derecha
1780983444.3633125,-0.826,-0.153,0.58,-0.977,1.763,-1.511,-0.672,-0.317,0.618,-6.893,-0.198,-0.489,-0.327,-0.379,0.886,-0.893,-0.412,-0.145,-0.271,-0.423,0.929,1.015,6.137,-0.817,0.117,-0.39,0.79,-1.527,0.855,-0.16,derecha
1780983444.4665325,-0.821,-0.16,0.576,-1.878,1.542,-2.252,-0.665,-0.321,0.613,-7.427,0.183,-0.718,-0.325,-0.38,0.892,-0.672,0.542,-0.084,-0.273,-0.425,0.93,0.885,7.328,-0.076,0.112,-0.396,0.794,-0.481,2.802,-0.519,derecha
1780983447.154354,-0.825,-0.162,0.57,-1.405,1.511,-0.84,-0.671,-0.319,0.618,-6.87,0.198,-0.679,-0.324,-0.381,0.881,-0.443,-0.092,0.748,-0.257,-0.427,0.935,1.618,7.427,0.87,0.109,-0.384,0.786,0.076,4.763,-0.053,derecha
1780983447.2477484,-0.824,-0.155,0.57,-0.885,1.557,-0.328,-0.679,-0.321,0.607,-7.015,0.076,-0.366,-0.329,-0.384,0.891,-0.702,-0.359,-0.076,-0.257,-0.433,0.922,0.931,6.84,-0.397,0.11,-0.374,0.791,-0.985,1.634,0.168,derecha
1780983447.362684,-0.822,-0.156,0.573,-0.664,-0.153,-1.405,-0.671,-0.313,0.616,-6.565,-0.099,-0.389,-0.319,-0.383,0.894,-0.389,-0.374,-0.618,-0.264,-0.433,0.92,1.176,6.466,-1.046,0.117,-0.393,0.8,-0.733,2.13,0.267,derecha
1780983447.4660304,-0.823,-0.161,0.571,-0.649,0.282,-1.046,-0.674,-0.321,0.615,-6.458,0.053,-0.229,-0.324,-0.39,0.893,-0.252,-0.496,-0.305,-0.26,-0.432,0.924,1.809,6.443,-0.817,0.111,-0.384,0.792,-0.076,2.534,-0.618,derecha
1780983447.566844,-0.834,-0.163,0.564,-0.435,0.42,-1.229,-0.674,-0.319,0.608,-6.168,-0.092,-0.145,-0.329,-0.385,0.887,0.198,-1.466,-0.573,-0.264,-0.425,0.926,1.908,4.588,-1.405,0.116,-0.386,0.793,-1.374,0.595,-0.351,derecha
1780983447.6596158,-0.821,-0.156,0.581,-1.038,1.649,-1.099,-0.672,-0.323,0.622,-7.16,1.237,0.038,-0.317,-0.382,0.889,-0.794,1.611,1.237,-0.262,-0.433,0.927,1.183,8.382,0.458,0.106,-0.381,0.793,0.412,4.679,-0.038,derecha
1780983447.7682414,-0.826,-0.157,0.572,-0.55,2.71,0.771,-0.673,-0.318,0.614,-6.908,1.542,0.473,-0.326,-0.384,0.883,0.053,0.176,0.985,-0.266,-0.427,0.932,1.588,6.954,-0.053,0.111,-0.379,0.791,-0.45,2.458,-0.267,derecha
1780983447.8675792,-0.823,-0.16,0.573,-1.405,2.092,-0.786,-0.672,-0.325,0.615,-6.771,0.969,-0.115,-0.329,-0.393,0.893,0.344,-0.359,1.206,-0.264,-0.437,0.922,3.153,6.427,1.397,0.111,-0.379,0.799,3.641,6.305,-1.389,derecha
1780983447.9733605,-0.809,-0.156,0.579,-1.527,-1.939,-3.786,-0.672,-0.32,0.618,-7.015,-0.809,-1.611,-0.321,-0.392,0.898,-0.931,1.122,-0.74,-0.262,-0.43,0.931,1.931,9.603,-0.366,0.106,-0.383,0.803,0.534,3.893,0.969,derecha
1780983448.0713868,-0.87,-0.166,0.55,2.939,-1.084,0.214,-0.696,-0.305,0.578,-9.122,-4.427,-3.26,-0.086,-0.568,1.361,136.504,36.427,65.145,-0.287,-0.657,1.374,174.328,-2.672,69.0,0.106,-0.406,0.804,12.985,14.206,1.069,derecha
1780983448.1744292,-0.848,-0.152,0.538,0.992,5.939,-0.137,-0.778,-0.355,0.521,-9.473,55.313,-4.206,-0.446,-0.13,0.819,58.916,30.252,31.374,-0.251,-0.01,0.75,72.504,21.863,24.954,0.08,-0.35,0.781,-10.191,-14.42,-21.466,derecha
1780983448.2773485,-0.925,-0.227,0.79,-8.542,4.977,-4.153,-0.776,-0.302,0.458,-5.992,-5.794,-2.603,-0.427,-0.058,0.834,-10.779,-12.901,-4.29,-0.329,-0.003,0.987,-14.389,-8.359,-13.282,0.094,-0.376,0.793,-7.015,-7.015,3.603,derecha
1780983448.386697,-0.853,-0.153,0.55,-6.603,2.962,-5.458,-0.751,-0.32,0.461,-7.718,-59.885,-4.84,-0.297,0.065,0.362,-109.275,-47.58,-31.496,-0.17,0.085,0.499,-138.55,11.221,-33.427,0.102,-0.36,0.794,-14.672,-8.244,4.779,derecha
1780983448.4927409,-0.888,-0.18,0.605,-17.618,-12.855,-7.145,-0.645,-0.32,0.597,-9.595,-26.626,-0.038,-0.362,-0.391,0.879,12.366,23.397,5.115,-0.231,-0.348,0.865,-27.695,47.496,-5.344,0.124,-0.405,0.779,10.962,17.55,1.664,derecha
1780983448.5870736,-0.836,-0.16,0.57,1.679,2.275,3.954,-0.687,-0.32,0.578,-6.244,1.153,0.969,-0.334,-0.371,0.88,-4.847,-3.534,-0.046,-0.29,-0.427,0.927,2.389,-4.954,-2.214,0.125,-0.404,0.792,-0.252,-2.992,-1.107,derecha
1780983448.689791,-0.82,-0.16,0.562,-1.42,1.931,-0.672,-0.673,-0.33,0.606,-7.153,-0.634,-0.099,-0.323,-0.378,0.893,-0.969,0.977,-0.038,-0.277,-0.425,0.926,0.618,7.519,-0.405,0.125,-0.404,0.789,-1.221,2.137,-0.076,derecha
1780983448.7923992,-0.822,-0.164,0.572,0.275,2.153,-0.046,-0.673,-0.324,0.608,-6.802,0.481,-0.221,-0.332,-0.376,0.888,-0.328,1.244,0.84,-0.274,-0.423,0.92,0.366,7.496,-1.191,0.122,-0.41,0.791,-0.069,2.649,-0.458,derecha
1780983448.9002135,-0.822,-0.159,0.568,-0.504,0.656,-1.069,-0.679,-0.324,0.607,-6.321,-0.672,-1.031,-0.337,-0.375,0.892,-0.168,-1.359,-0.061,-0.28,-0.425,0.931,1.45,6.115,-1.237,0.125,-0.41,0.779,-0.679,1.198,0.198,derecha
1780983449.008769,-0.819,-0.164,0.572,-1.099,2.282,-0.382,-0.676,-0.323,0.604,-6.878,0.344,-0.611,-0.333,-0.379,0.88,-0.397,0.557,0.321,-0.284,-0.418,0.922,1.466,6.099,-1.321,0.123,-0.405,0.792,-1.389,0.435,-0.427,derecha
1780983449.1074893,-0.82,-0.156,0.575,-0.985,0.198,-1.023,-0.678,-0.326,0.615,-6.359,0.206,0.069,-0.327,-0.374,0.892,-0.221,-0.16,0.061,-0.276,-0.423,0.921,1.458,6.87,-0.466,0.126,-0.398,0.773,-0.328,2.779,-0.305,derecha
1780983451.7799034,-0.82,-0.156,0.578,-1.206,2.198,-0.099,-0.672,-0.322,0.612,-6.756,0.763,-0.023,-0.33,-0.383,0.886,-0.282,1.321,0.107,-0.278,-0.435,0.912,1.374,7.496,0.183,0.122,-0.407,0.784,-0.71,2.45,-0.176,derecha
1780983451.8847082,-0.822,-0.161,0.568,-1.206,1.71,-1.298,-0.677,-0.326,0.603,-6.664,0.29,-0.435,-0.336,-0.382,0.885,-0.191,-0.298,0.84,-0.275,-0.432,0.921,1.74,6.725,-0.244,0.13,-0.407,0.79,-0.595,2.702,-0.305,derecha
1780983451.9854364,-0.821,-0.159,0.57,-0.603,0.809,-0.786,-0.677,-0.321,0.606,-6.74,0.046,-0.504,-0.335,-0.383,0.877,-0.42,0.481,0.71,-0.279,-0.431,0.924,1.87,6.87,-0.252,0.126,-0.406,0.783,-0.435,2.397,-0.153,derecha
1780983452.1027515,-0.823,-0.159,0.576,-0.328,0.634,0.038,-0.676,-0.323,0.599,-6.092,-0.145,-0.595,-0.338,-0.378,0.882,0.122,-0.198,0.252,-0.274,-0.431,0.926,2.16,6.763,-0.145,0.13,-0.411,0.78,-0.687,2.489,-0.115,derecha
1780983452.1920624,-0.822,-0.158,0.576,-1.076,0.656,-0.29,-0.676,-0.321,0.603,-5.733,1.908,0.168,-0.338,-0.384,0.889,2.473,4.885,0.534,-0.422,-0.528,0.989,0.756,22.908,22.321,0.094,-0.4,0.795,2.153,3.924,-1.779,derecha
1780983452.2998197,-0.783,-0.166,0.586,3.855,10.733,2.198,-0.663,-0.313,0.611,-9.725,52.008,2.702,-0.295,-0.225,0.59,137.458,83.282,34.168,-0.292,-0.257,0.655,130.542,28.71,37.16,0.113,-0.387,0.776,17.489,15.855,-0.725,derecha
1780983452.398142,-0.813,-0.152,0.567,3.16,15.695,3.084,-0.745,-0.274,0.446,-12.733,30.519,-2.779,-0.458,-0.067,0.713,34.626,21.122,12.084,-0.348,-0.059,0.817,37.031,0.267,7.13,0.096,-0.377,0.786,-2.046,-0.779,-1.603,derecha
1780983452.5075104,-0.849,-0.14,0.543,-1.061,4.809,-0.176,-0.752,-0.323,0.488,-9.031,6.924,-0.084,-0.511,-0.092,0.883,5.229,3.794,2.695,-0.349,-0.099,1.006,8.733,7.702,2.26,0.124,-0.391,0.794,-1.458,2.16,-0.931,derecha
1780983452.615516,-0.83,-0.149,0.547,-1.794,-0.206,-3.183,-0.749,-0.329,0.489,-5.992,-10.519,-2.221,-0.44,-0.05,0.746,-25.511,-9.977,-10.786,-0.323,-0.067,0.873,-27.0,2.527,-10.908,0.116,-0.38,0.786,-4.679,1.702,1.069,derecha
1780983452.716486,-0.834,-0.151,0.551,-3.069,-11.435,-3.351,-0.733,-0.315,0.531,-2.908,-72.435,1.969,-0.336,-0.199,0.567,-162.122,-75.71,-50.908,-0.251,-0.26,0.766,-175.87,0.397,-49.634,0.114,-0.401,0.795,-12.985,-8.824,-0.481,derecha
1780983452.8154507,-0.833,-0.159,0.574,1.55,20.924,2.84,-0.701,-0.33,0.586,-8.275,6.511,0.137,-0.297,-0.351,0.917,-7.107,-15.786,-1.458,-0.316,-0.406,0.814,0.191,12.13,1.069,0.134,-0.408,0.793,-6.061,4.863,-0.42,derecha
1780983452.9264305,-0.823,-0.161,0.568,-0.267,1.382,-0.359,-0.678,-0.325,0.602,-6.626,1.466,-0.183,-0.318,-0.381,0.892,-0.473,1.832,0.695,-0.277,-0.421,0.925,0.252,7.038,-0.336,0.129,-0.403,0.785,-1.58,3.664,0.122,derecha
1780983453.0282583,-0.823,-0.16,0.565,-1.183,1.313,-1.321,-0.676,-0.324,0.597,-6.74,0.481,-0.496,-0.319,-0.378,0.887,-1.099,1.084,0.656,-0.277,-0.43,0.92,0.534,7.275,-0.198,0.131,-0.396,0.782,-0.481,2.061,0.053,derecha
1780983453.125023,-0.821,-0.159,0.57,-0.672,1.321,-1.092,-0.681,-0.324,0.603,-6.702,0.458,-0.542,-0.328,-0.379,0.895,-0.863,0.679,1.008,-0.274,-0.427,0.923,1.267,7.511,-0.145,0.132,-0.407,0.786,-0.649,2.076,-0.13,derecha
1780983453.2408426,-0.822,-0.162,0.563,-0.931,1.634,-0.733,-0.679,-0.326,0.598,-6.824,0.573,-0.679,-0.326,-0.386,0.886,-0.794,0.664,0.832,-0.279,-0.426,0.92,1.046,6.542,-0.885,0.133,-0.407,0.784,-0.542,2.115,-0.26,derecha
1780983453.3248105,-0.824,-0.159,0.57,-1.145,1.58,-0.786,-0.681,-0.326,0.6,-6.71,0.863,-0.305,-0.339,-0.391,0.851,-0.74,3.435,1.29,-0.268,-0.433,0.931,1.412,6.618,-0.351,0.124,-0.406,0.786,-0.252,2.71,-0.336,derecha
1780983453.4436204,-0.823,-0.159,0.571,-1.26,1.931,-1.359,-0.682,-0.328,0.594,-7.405,0.618,-0.634,-0.328,-0.381,0.893,-0.58,0.947,0.0,-0.274,-0.432,0.922,1.115,5.664,-0.565,0.132,-0.401,0.791,-0.649,2.046,-0.137,derecha
1780983453.5317256,-0.828,-0.158,0.573,-0.786,1.748,-0.305,-0.679,-0.322,0.601,-7.038,0.443,-0.397,-0.326,-0.381,0.883,-0.687,0.878,0.13,-0.271,-0.43,0.918,1.282,7.176,0.321,0.131,-0.402,0.784,-0.542,2.71,-0.107,derecha
1780983453.6399908,-0.82,-0.156,0.57,-1.137,2.168,-0.481,-0.676,-0.324,0.606,-6.992,0.504,-0.435,-0.325,-0.383,0.892,-0.649,0.42,-0.115,-0.276,-0.429,0.918,1.16,7.061,-0.328,0.13,-0.403,0.785,-0.863,2.221,0.115,derecha
1780983453.7367742,-0.821,-0.154,0.572,-0.939,1.664,-1.137,-0.682,-0.33,0.592,-7.061,0.702,-0.328,-0.327,-0.38,0.889,-0.649,0.099,0.42,-0.274,-0.426,0.923,1.214,6.702,-0.969,0.134,-0.403,0.786,-0.71,2.053,0.076,derecha
1780983456.4150507,-0.83,-0.163,0.561,-1.115,1.634,-0.504,-0.681,-0.324,0.594,-6.809,0.588,-0.328,-0.337,-0.385,0.883,-0.374,0.16,0.313,-0.277,-0.438,0.922,1.672,6.16,-0.374,0.129,-0.403,0.784,-0.473,1.924,-0.099,derecha
1780983456.5267024,-0.825,-0.162,0.56,-0.557,1.458,-0.229,-0.683,-0.327,0.596,-6.656,0.237,-0.168,-0.333,-0.385,0.88,-0.412,0.313,-0.198,-0.273,-0.437,0.919,1.786,6.496,-0.405,0.13,-0.405,0.785,-0.344,2.412,0.046,derecha
1780983456.628917,-0.831,-0.159,0.573,-0.542,1.794,-0.794,-0.68,-0.327,0.595,-6.756,0.336,-0.305,-0.33,-0.39,0.884,-0.397,-0.076,-0.099,-0.271,-0.439,0.924,1.679,6.58,-0.405,0.13,-0.406,0.771,-0.374,2.496,-0.16,derecha
1780983456.734104,-0.824,-0.158,0.569,-0.878,1.221,-0.992,-0.685,-0.323,0.605,-6.779,0.649,-0.313,-0.33,-0.385,0.884,-0.069,-0.473,-0.008,-0.275,-0.44,0.916,1.947,7.16,-0.046,0.126,-0.402,0.783,-0.733,1.855,-0.046,derecha
1780983456.8423574,-0.822,-0.156,0.562,-0.779,0.534,-0.55,-0.678,-0.326,0.599,-6.74,0.389,0.26,-0.334,-0.387,0.882,-0.145,-0.153,0.252,-0.276,-0.439,0.918,2.237,6.565,-0.519,0.131,-0.402,0.787,-0.763,2.511,-0.046,derecha
1780983456.932328,-0.828,-0.155,0.563,0.275,-0.183,-0.679,-0.686,-0.323,0.595,-4.733,-1.237,0.351,-0.336,-0.39,0.885,7.435,2.641,0.534,-0.285,-0.437,0.936,5.878,8.481,0.527,0.105,-0.402,0.787,4.588,8.298,-0.145,derecha
1780983457.043371,-0.804,-0.159,0.594,5.206,15.305,3.389,-0.698,-0.316,0.566,-5.908,43.053,3.916,-0.374,-0.173,0.689,92.908,71.893,13.595,-0.259,-0.283,0.936,84.817,39.359,17.626,0.112,-0.372,0.802,7.618,19.794,0.42,derecha
1780983457.1361635,-0.835,-0.141,0.563,0.718,7.489,0.527,-0.753,-0.318,0.51,-7.847,20.634,0.779,-0.458,-0.107,0.851,32.26,28.176,0.87,-0.327,-0.146,0.905,37.496,12.603,-0.847,0.112,-0.381,0.79,0.489,1.191,-0.344,derecha
1780983457.2394965,-0.825,-0.145,0.568,-0.718,1.702,-0.313,-0.734,-0.313,0.53,-7.74,12.221,0.55,-0.454,-0.076,0.802,9.511,8.061,-0.901,-0.332,-0.08,0.882,6.687,10.656,-1.794,0.114,-0.382,0.789,1.672,4.023,0.618,derecha
1780983457.342535,-0.823,-0.148,0.566,-1.672,-1.191,-2.916,-0.726,-0.312,0.539,-6.58,-21.023,-2.649,-0.451,-0.134,0.874,-30.641,-13.321,-12.344,-0.335,-0.135,0.938,-24.626,1.061,-9.458,0.123,-0.39,0.797,-3.13,0.618,1.198,derecha
1780983457.4654443,-0.777,-0.156,0.59,-4.992,-19.947,-3.962,-0.669,-0.333,0.637,-5.122,-55.29,0.198,-0.356,-0.457,0.987,-177.252,-75.931,-63.511,-0.342,-0.493,1.081,-182.809,-21.244,-61.16,0.148,-0.425,0.767,-15.275,-4.931,-2.443,derecha
1780983457.5481966,-0.816,-0.148,0.578,-2.252,-1.992,-0.656,-0.679,-0.318,0.601,-6.542,-3.802,-0.344,-0.319,-0.377,0.898,-0.985,-3.344,-0.282,-0.269,-0.414,0.927,0.397,7.992,-0.55,0.137,-0.404,0.783,3.336,0.267,0.267,derecha
1780983457.6578884,-0.817,-0.161,0.582,-1.252,2.626,-0.618,-0.674,-0.318,0.615,-7.565,0.947,-0.229,-0.328,-0.37,0.893,-1.779,0.023,0.687,-0.28,-0.415,0.918,0.947,5.618,-0.565,0.132,-0.41,0.788,-0.099,1.137,0.122,derecha
1780983457.7651925,-0.818,-0.157,0.578,-1.748,2.664,-1.107,-0.674,-0.318,0.611,-7.115,1.038,-0.389,-0.33,-0.373,0.887,-0.878,0.13,0.069,-0.283,-0.419,0.92,1.069,6.122,-0.763,0.125,-0.406,0.779,-1.405,1.359,-0.053,derecha
1780983457.857127,-0.823,-0.157,0.575,-1.092,2.298,-0.504,-0.673,-0.32,0.619,-7.328,1.107,-0.313,-0.334,-0.374,0.889,-0.122,-0.069,0.153,-0.278,-0.423,0.921,1.252,7.038,-0.527,0.133,-0.404,0.769,-0.832,2.198,-0.061,derecha
1780983457.968768,-0.819,-0.156,0.583,-1.42,2.618,-0.496,-0.675,-0.318,0.61,-7.176,0.611,-0.435,-0.33,-0.371,0.889,-1.076,0.359,-0.115,-0.272,-0.419,0.921,0.969,6.489,-0.176,0.129,-0.398,0.775,-0.832,1.878,-0.015,derecha
1780983458.063424,-0.815,-0.154,0.57,-0.374,1.298,-1.046,-0.674,-0.318,0.616,-6.756,0.573,-0.496,-0.331,-0.375,0.886,-0.725,0.244,0.496,-0.273,-0.419,0.926,1.244,7.817,0.443,0.128,-0.406,0.777,-0.466,2.061,0.26,derecha
1780983458.1659505,-0.816,-0.163,0.578,-1.168,1.336,-0.565,-0.68,-0.319,0.61,-6.763,0.366,-0.702,-0.331,-0.372,0.889,-0.679,-0.351,0.458,-0.278,-0.421,0.93,1.183,6.924,-0.595,0.129,-0.401,0.788,-0.695,2.473,0.115,derecha
1780983458.2694147,-0.822,-0.154,0.575,-0.771,2.206,-0.351,-0.677,-0.317,0.613,-6.45,0.275,-0.389,-0.328,-0.374,0.892,-0.305,0.366,0.252,-0.282,-0.42,0.928,1.664,6.412,-0.656,0.133,-0.407,0.787,-0.634,2.099,-0.084,derecha
1780983461.061837,-0.822,-0.16,0.573,-0.534,1.992,-0.618,-0.679,-0.322,0.611,-6.527,0.153,-0.504,-0.321,-0.38,0.894,-0.58,0.275,-0.084,-0.278,-0.422,0.923,1.573,6.374,-0.771,0.127,-0.404,0.781,-0.679,2.489,0.076,derecha
1780983461.1661913,-0.821,-0.156,0.576,-0.87,1.588,-0.137,-0.673,-0.323,0.608,-6.763,0.473,-0.305,-0.323,-0.379,0.896,0.0,0.122,0.008,-0.278,-0.427,0.919,1.519,6.542,-0.198,0.12,-0.402,0.774,-0.336,2.397,0.046,derecha
1780983461.261245,-0.823,-0.156,0.566,-0.992,1.672,-0.58,-0.676,-0.319,0.603,-6.817,-0.221,-0.511,-0.323,-0.379,0.886,-0.702,0.466,0.298,-0.286,-0.423,0.929,1.534,6.832,-1.046,0.131,-0.405,0.778,-0.863,1.58,0.053,derecha
1780983461.3593767,-0.819,-0.158,0.578,-0.855,1.733,-1.237,-0.679,-0.32,0.6,-6.908,0.618,-0.641,-0.322,-0.38,0.893,-0.328,0.015,0.55,-0.281,-0.424,0.92,1.443,7.198,-0.672,0.125,-0.404,0.778,-1.084,1.656,-0.16,derecha
1780983461.4734452,-0.817,-0.16,0.573,-1.405,1.718,-0.916,-0.679,-0.321,0.61,-6.939,0.779,-0.473,-0.327,-0.376,0.886,-0.191,-0.481,0.718,-0.278,-0.422,0.923,1.588,6.504,-0.061,0.127,-0.409,0.785,-0.885,1.542,-0.26,derecha
1780983461.5650887,-0.822,-0.164,0.571,-0.466,1.107,-0.237,-0.676,-0.321,0.602,-6.466,0.458,-0.405,-0.321,-0.377,0.89,-0.099,0.038,0.076,-0.28,-0.424,0.928,1.527,6.496,-0.42,0.13,-0.402,0.782,-0.511,2.763,0.008,derecha
1780983461.6682494,-0.82,-0.162,0.577,-0.649,0.893,-1.038,-0.674,-0.318,0.606,-6.55,0.908,-0.084,-0.323,-0.378,0.895,1.092,0.878,0.183,-0.235,-0.419,0.889,3.725,9.389,0.389,0.126,-0.402,0.778,0.0,2.763,-0.244,derecha
1780983461.7730925,-0.807,-0.158,0.564,1.55,-2.092,-0.046,-0.668,-0.282,0.629,-3.679,5.374,-1.038,-0.253,-0.43,0.897,154.389,43.321,60.389,-0.166,-0.435,0.79,147.374,33.771,52.328,0.17,-0.439,0.8,13.824,3.191,0.061,derecha
1780983461.874089,-0.825,-0.168,0.567,5.336,19.87,3.985,-0.749,-0.351,0.435,-7.466,106.595,-1.267,-0.387,0.024,0.423,81.962,54.504,23.168,-0.316,-0.037,0.609,82.893,28.435,25.252,0.116,-0.34,0.756,10.985,3.71,-3.725,derecha
1780983461.9822252,-0.86,-0.138,0.548,2.069,5.939,0.115,-0.784,-0.326,0.488,-6.382,13.756,0.985,-0.505,-0.077,0.893,9.16,8.802,3.053,-0.39,-0.092,1.063,19.069,12.786,3.527,0.109,-0.39,0.792,-1.237,-1.221,-0.939,derecha
1780983462.082057,-0.834,-0.149,0.555,-2.038,1.26,-2.237,-0.757,-0.316,0.468,-7.191,-6.053,-1.237,-0.491,-0.052,0.835,-11.313,-7.359,-5.45,-0.38,-0.056,1.002,-7.244,-1.145,-4.084,0.114,-0.367,0.788,-3.901,2.214,0.634,derecha
1780983462.1830113,-0.832,-0.144,0.559,-2.29,-2.496,-2.863,-0.751,-0.32,0.494,-6.466,-20.626,-2.412,-0.433,-0.048,0.687,-41.893,-20.176,-15.496,-0.306,-0.025,0.743,-46.733,4.542,-10.733,0.123,-0.381,0.789,-3.023,0.885,2.351,derecha
1780983462.2860994,-0.806,-0.17,0.583,-3.885,-8.45,-3.351,-0.692,-0.327,0.581,-5.954,-24.023,-1.008,-0.34,-0.24,0.714,-75.038,-42.954,-19.855,-0.283,-0.23,0.797,-87.344,9.031,-22.336,0.128,-0.396,0.786,-1.473,3.038,-1.366,derecha
1780983462.3981671,-0.773,-0.175,0.609,0.275,6.603,1.771,-0.663,-0.33,0.63,-6.519,3.351,-0.015,-0.324,-0.378,0.885,3.397,7.824,1.038,-0.29,-0.39,0.961,-16.939,16.649,-5.565,0.132,-0.404,0.782,-2.992,5.099,-0.153,derecha
1780983462.4924493,-0.82,-0.157,0.585,-2.13,0.954,-1.412,-0.679,-0.322,0.619,-7.038,1.374,-0.595,-0.349,-0.372,0.854,0.397,-0.458,0.076,-0.254,-0.411,0.968,-0.107,4.511,-0.595,0.138,-0.4,0.785,0.641,1.817,0.275,derecha
1780983462.5996203,-0.818,-0.158,0.579,-0.618,1.489,-0.084,-0.677,-0.322,0.609,-7.13,0.519,-0.015,-0.316,-0.374,0.897,-1.511,0.115,0.618,-0.281,-0.415,0.924,0.115,7.42,-0.557,0.131,-0.402,0.78,-0.58,2.053,-0.053,derecha
1780983462.6982052,-0.814,-0.154,0.584,-0.931,2.443,-0.649,-0.679,-0.319,0.606,-6.802,0.359,-0.305,-0.316,-0.377,0.896,-0.702,0.137,0.313,-0.276,-0.413,0.93,0.878,6.107,-0.229,0.134,-0.4,0.785,-0.87,1.733,-0.031,derecha
1780983462.8016636,-0.811,-0.157,0.584,-1.16,1.672,-1.153,-0.677,-0.32,0.604,-7.015,0.153,-0.527,-0.316,-0.379,0.894,-0.603,0.878,0.534,-0.278,-0.417,0.93,1.084,7.145,-0.382,0.137,-0.406,0.781,-0.473,2.397,0.099,derecha
1780983462.9044926,-0.813,-0.159,0.581,-1.168,1.328,-0.771,-0.677,-0.322,0.606,-7.038,0.618,-0.237,-0.316,-0.375,0.89,-0.733,-0.076,0.053,-0.27,-0.412,0.933,1.229,6.076,-0.595,0.135,-0.407,0.783,-0.16,2.924,0.092,derecha
1780983463.0071187,-0.817,-0.156,0.583,-0.29,1.74,-0.321,-0.675,-0.319,0.604,-6.855,0.618,-0.214,-0.319,-0.375,0.892,-0.527,0.313,0.145,-0.27,-0.416,0.921,0.863,7.359,-0.382,0.137,-0.402,0.781,0.038,3.206,0.038,derecha
1780983465.6925552,-0.816,-0.161,0.583,-0.817,1.527,-1.153,-0.678,-0.318,0.604,-6.58,0.344,-0.198,-0.319,-0.376,0.892,-0.588,0.42,-0.115,-0.272,-0.431,0.924,1.725,7.802,0.489,0.133,-0.406,0.781,-0.443,2.679,0.237,derecha
1780983465.7952425,-0.821,-0.163,0.585,-0.985,1.962,-0.87,-0.677,-0.327,0.606,-6.634,0.527,-0.015,-0.333,-0.382,0.887,-0.282,0.13,0.084,-0.274,-0.429,0.924,1.237,6.626,-0.565,0.131,-0.408,0.788,-0.824,1.718,-0.267,derecha
1780983465.891454,-0.812,-0.163,0.581,-0.695,1.74,0.183,-0.679,-0.321,0.605,-6.763,0.649,-0.176,-0.324,-0.379,0.885,-0.191,0.206,0.16,-0.274,-0.429,0.919,1.832,6.702,-0.802,0.137,-0.407,0.777,-0.29,2.359,-0.244,derecha
1780983465.9948404,-0.82,-0.157,0.579,-0.863,2.038,-0.771,-0.678,-0.322,0.604,-6.756,0.771,-0.237,-0.326,-0.381,0.887,-0.618,0.214,0.031,-0.267,-0.426,0.929,1.702,6.962,-0.885,0.135,-0.408,0.782,-0.893,1.947,-0.145,derecha
1780983466.1062033,-0.817,-0.158,0.583,-0.641,1.603,-0.947,-0.678,-0.32,0.605,-6.771,0.496,-0.275,-0.329,-0.381,0.886,0.244,0.145,0.229,-0.27,-0.427,0.922,1.847,6.565,-0.649,0.136,-0.404,0.78,-0.557,2.687,-0.122,derecha
1780983466.200417,-0.817,-0.155,0.58,-1.328,1.847,-0.794,-0.669,-0.318,0.622,-7.015,1.855,-0.053,-0.325,-0.381,0.887,1.176,1.527,0.748,-0.274,-0.432,0.925,3.298,11.298,0.809,0.137,-0.405,0.784,0.053,3.374,0.229,derecha
1780983466.3190563,-0.808,-0.157,0.587,0.061,-0.771,0.496,-0.704,-0.35,0.535,-4.16,0.267,0.458,-0.105,-0.467,1.204,103.534,7.702,47.557,-0.114,-0.571,1.241,114.725,39.992,47.031,0.149,-0.422,0.793,5.718,0.008,-0.153,derecha
1780983466.406411,-0.769,-0.158,0.606,-1.229,11.649,1.511,-0.716,-0.323,0.506,-9.74,47.939,2.763,-0.421,-0.146,0.749,66.557,43.298,14.771,-0.32,-0.175,0.863,71.244,19.13,18.626,0.127,-0.379,0.772,4.794,1.832,-1.718,derecha
1780983466.5136247,-0.811,-0.142,0.578,0.542,9.511,1.656,-0.763,-0.318,0.476,-12.237,16.031,-1.359,-0.484,-0.083,0.848,27.237,15.824,7.015,-0.307,-0.079,0.917,30.733,23.542,7.092,0.112,-0.369,0.789,1.435,3.542,-1.405,derecha
1780983466.6125667,-0.83,-0.148,0.556,-0.855,5.328,0.282,-0.761,-0.317,0.487,-6.71,8.191,0.351,-0.485,-0.066,0.836,6.237,5.13,1.191,-0.349,-0.041,0.881,9.878,9.496,2.122,0.118,-0.379,0.786,1.74,2.748,-0.053,derecha
1780983466.7160506,-0.834,-0.144,0.565,-1.29,-0.931,-2.641,-0.749,-0.32,0.498,-5.901,-18.977,-2.832,-0.427,-0.042,0.735,-35.947,-13.817,-13.305,-0.323,-0.035,0.837,-36.183,1.87,-11.115,0.12,-0.381,0.782,-6.573,-0.519,1.939,derecha
1780983466.8373804,-0.821,-0.152,0.573,-3.458,-10.13,-4.031,-0.723,-0.315,0.518,-5.099,-68.198,0.611,-0.356,-0.208,0.64,-138.962,-65.298,-41.099,-0.271,-0.25,0.736,-152.626,2.58,-40.076,0.132,-0.4,0.791,-10.679,-7.817,-0.313,derecha
1780983466.9215853,-0.797,-0.153,0.602,3.252,16.382,1.397,-0.676,-0.296,0.618,-6.977,26.611,1.328,-0.383,-0.356,0.848,-1.145,4.328,1.748,-0.278,-0.438,0.96,-6.046,1.534,-1.84,0.13,-0.396,0.779,-5.84,2.542,-0.221,derecha
1780983467.024567,-0.815,-0.16,0.58,-1.511,1.13,-0.939,-0.676,-0.318,0.606,-7.115,0.985,-0.55,-0.32,-0.375,0.891,-0.855,0.977,0.855,-0.271,-0.422,0.928,-0.076,6.336,-0.076,0.14,-0.404,0.785,-0.298,3.802,-0.053,derecha
1780983467.1334028,-0.815,-0.157,0.582,-1.038,1.74,-1.137,-0.682,-0.321,0.598,-7.176,0.473,-0.084,-0.329,-0.385,0.883,-1.847,-0.947,-0.626,-0.278,-0.428,0.919,-1.382,10.55,-0.893,0.142,-0.401,0.779,0.023,3.206,0.176,derecha
1780983467.2343762,-0.822,-0.156,0.579,-1.16,2.313,-0.885,-0.681,-0.321,0.601,-6.786,0.359,-0.29,-0.328,-0.381,0.887,0.053,-0.45,-0.656,-0.272,-0.43,0.931,1.0,4.176,-1.29,0.141,-0.405,0.788,-0.748,0.931,-0.42,derecha
1780983467.3408,-0.814,-0.157,0.586,-0.733,1.0,-0.74,-0.677,-0.316,0.606,-6.557,-0.099,-0.702,-0.325,-0.381,0.887,-0.603,-0.405,0.023,-0.271,-0.426,0.92,0.985,6.679,-0.496,0.135,-0.401,0.784,-0.695,1.908,-0.008,derecha
1780983467.4472437,-0.814,-0.158,0.581,-0.878,1.527,-1.115,-0.681,-0.319,0.602,-6.527,0.137,-0.099,-0.324,-0.382,0.881,-0.573,-0.534,-0.176,-0.271,-0.428,0.921,1.344,6.466,-0.55,0.143,-0.404,0.781,-0.427,2.252,-0.168,derecha
1780983467.5566552,-0.814,-0.152,0.59,-1.16,1.137,-1.443,-0.674,-0.318,0.606,-6.611,0.076,-0.473,-0.334,-0.384,0.894,-0.229,-0.298,0.031,-0.265,-0.432,0.928,1.435,7.504,0.275,0.135,-0.397,0.78,-0.618,2.107,-0.092,derecha
1780983467.6460783,-0.827,-0.161,0.583,-0.656,0.351,-0.939,-0.678,-0.326,0.601,-6.328,-0.374,-0.687,-0.321,-0.385,0.894,-0.084,-2.038,-0.466,-0.273,-0.43,0.932,1.504,5.527,-1.42,0.147,-0.404,0.778,-0.183,1.55,-0.206,derecha
1780983470.3294592,-0.847,-0.151,0.524,-0.908,1.313,-0.496,-0.677,-0.323,0.597,-7.168,0.42,-0.519,-0.334,-0.401,0.878,-0.527,0.603,0.412,-0.272,-0.46,0.896,1.244,6.771,-0.588,0.132,-0.392,0.784,-0.893,2.122,0.26,derecha
1780983470.4314423,-0.85,-0.155,0.523,-1.076,1.962,-1.611,-0.68,-0.327,0.594,-6.985,0.267,-0.687,-0.329,-0.399,0.878,-0.618,0.046,0.29,-0.273,-0.464,0.908,1.336,7.687,0.046,0.138,-0.391,0.791,-0.748,1.824,0.244,derecha
1780983470.5267107,-0.848,-0.156,0.526,-1.42,2.137,-0.901,-0.678,-0.327,0.596,-6.786,0.595,-0.244,-0.332,-0.398,0.877,-0.824,-0.397,-0.069,-0.272,-0.464,0.899,1.664,6.939,-0.122,0.131,-0.392,0.787,-0.84,1.878,0.229,derecha
1780983470.629845,-0.848,-0.159,0.521,-0.58,1.321,0.122,-0.679,-0.33,0.606,-6.687,0.611,-0.282,-0.328,-0.399,0.877,-0.221,0.313,0.466,-0.285,-0.461,0.905,1.794,7.794,-0.557,0.134,-0.395,0.79,-0.84,1.221,-0.237,derecha
1780983470.7374756,-0.85,-0.153,0.521,-0.901,0.427,-1.427,-0.679,-0.322,0.607,-6.748,0.374,-0.71,-0.328,-0.397,0.877,-0.168,-2.076,-0.947,-0.278,-0.463,0.906,1.603,8.595,-0.275,0.135,-0.388,0.78,-0.237,3.351,0.252,derecha
1780983470.8440528,-0.851,-0.156,0.521,-0.534,2.008,-1.221,-0.677,-0.327,0.602,-6.252,0.504,-0.618,-0.376,-0.402,0.932,1.779,-5.679,-1.031,-0.281,-0.47,0.914,5.038,5.099,0.313,0.141,-0.401,0.785,0.389,3.519,-0.542,derecha
1780983470.938857,-0.854,-0.161,0.526,0.397,-4.832,-0.427,-0.678,-0.334,0.604,-3.374,-2.992,-0.122,-0.427,-0.432,0.999,9.779,16.176,28.267,-0.444,-0.599,1.475,58.198,27.382,37.595,0.146,-0.388,0.775,-3.321,-6.649,-0.824,derecha
1780983471.0530622,-0.85,-0.144,0.53,3.481,-2.649,2.511,-0.678,-0.318,0.603,-1.901,26.038,1.947,-0.365,-0.32,1.065,103.282,33.908,22.061,-0.303,-0.34,1.071,108.382,22.145,22.412,0.14,-0.392,0.791,9.58,7.565,-0.878,derecha
1780983471.1446183,-0.872,-0.152,0.553,-0.336,7.252,0.252,-0.651,-0.27,0.513,-0.115,23.786,16.122,-0.413,-0.077,0.949,60.901,27.145,9.695,-0.326,-0.101,0.969,72.656,15.695,13.45,0.144,-0.37,0.799,-0.794,3.855,-3.336,derecha
1780983471.2477248,-0.859,-0.13,0.505,-0.122,4.511,-0.481,-0.739,-0.222,0.416,-4.198,10.756,5.603,-0.45,0.032,0.833,6.359,5.969,2.458,-0.345,-0.016,0.946,10.977,9.87,2.198,0.137,-0.371,0.802,-2.794,5.015,0.328,derecha
1780983471.362168,-0.862,-0.145,0.509,-5.374,-2.931,-6.664,-0.804,-0.279,0.514,-15.229,-21.832,-16.962,-0.459,-0.022,0.873,-38.71,-11.618,-13.099,-0.333,-0.055,0.972,-32.26,-4.748,-11.626,0.12,-0.378,0.792,-4.305,-1.855,1.634,derecha
1780983471.4536927,-0.864,-0.171,0.59,-3.931,-21.321,-8.328,-0.697,-0.397,0.746,2.466,-47.824,-0.466,-0.259,-0.333,0.917,-184.107,-61.42,-60.229,-0.26,-0.366,0.981,-179.779,-14.16,-58.244,0.17,-0.401,0.784,-17.511,-18.595,-3.649,derecha
1780983471.5646212,-0.823,-0.185,0.544,-2.557,9.29,-0.366,-0.695,-0.332,0.576,-9.985,-0.931,-1.122,-0.375,-0.349,0.912,-10.679,-4.634,-2.267,-0.29,-0.406,0.89,-25.87,2.489,-3.603,0.15,-0.399,0.794,-3.588,3.992,0.336,derecha
1780983471.6664937,-0.849,-0.159,0.528,-0.916,0.939,-0.511,-0.676,-0.327,0.599,-7.519,-0.931,-0.42,-0.34,-0.392,0.876,-1.748,-0.893,0.389,-0.276,-0.45,0.911,-0.969,6.908,-0.244,0.153,-0.403,0.78,0.389,1.275,-0.29,derecha
1780983471.7628021,-0.85,-0.158,0.521,-0.611,2.695,-0.298,-0.684,-0.325,0.598,-6.969,0.557,-0.191,-0.342,-0.386,0.875,-1.473,-0.092,0.305,-0.282,-0.45,0.912,0.16,6.046,0.084,0.151,-0.398,0.787,-0.618,2.405,0.153,derecha
1780983471.866018,-0.842,-0.158,0.527,-0.611,1.595,-0.466,-0.682,-0.327,0.594,-7.496,0.992,-0.321,-0.348,-0.392,0.87,-1.053,0.573,0.832,-0.288,-0.458,0.896,0.137,7.107,0.0,0.146,-0.399,0.78,-0.313,3.0,-0.153,derecha
1780983471.9822404,-0.849,-0.155,0.519,-0.672,1.489,0.71,-0.684,-0.321,0.601,-7.031,-0.191,-0.351,-0.341,-0.392,0.877,0.389,-1.305,0.74,-0.283,-0.453,0.907,1.924,6.595,-0.244,0.147,-0.399,0.78,-0.206,2.053,-0.542,derecha
1780983472.0827231,-0.846,-0.156,0.531,-0.786,2.191,0.13,-0.676,-0.327,0.608,-6.908,0.145,-1.061,-0.33,-0.393,0.875,-1.16,1.13,-0.84,-0.281,-0.459,0.906,1.26,9.336,-2.122,0.151,-0.401,0.778,-1.107,2.496,-1.611,derecha
1780983472.1791298,-0.851,-0.141,0.53,0.206,1.084,-2.053,-0.681,-0.318,0.598,-6.534,-0.137,-1.466,-0.343,-0.388,0.879,-1.267,1.344,-0.55,-0.284,-0.455,0.9,1.122,7.252,-0.626,0.155,-0.399,0.786,-0.313,3.29,0.435,derecha
1780983472.278254,-0.847,-0.156,0.519,-0.908,1.153,-1.252,-0.683,-0.327,0.596,-6.992,0.191,-0.611,-0.351,-0.394,0.864,-0.122,-0.061,-0.29,-0.284,-0.455,0.899,1.351,7.069,-0.366,0.141,-0.397,0.788,-1.0,3.702,-0.038,derecha
1780983474.9562082,-0.848,-0.157,0.528,-0.763,2.458,0.687,-0.68,-0.328,0.604,-7.328,0.893,0.076,-0.342,-0.392,0.877,-0.26,0.061,0.45,-0.285,-0.456,0.896,1.557,7.977,-0.328,0.157,-0.385,0.829,0.588,2.321,-0.87,derecha
1780983475.0595012,-0.841,-0.156,0.533,-1.489,3.519,-1.168,-0.679,-0.324,0.598,-7.008,0.641,-0.527,-0.345,-0.393,0.873,-0.153,1.55,-0.282,-0.285,-0.458,0.902,1.802,5.252,-1.153,0.144,-0.402,0.777,-0.916,0.42,-0.855,derecha
1780983475.1742158,-0.849,-0.157,0.53,-0.443,1.29,-1.237,-0.677,-0.322,0.604,-7.053,0.893,-0.458,-0.334,-0.392,0.875,-0.794,1.115,0.351,-0.274,-0.459,0.904,1.0,8.275,-0.244,0.141,-0.4,0.791,-0.618,1.962,0.985,derecha
1780983475.277233,-0.849,-0.158,0.518,-0.573,2.42,0.565,-0.682,-0.322,0.596,-6.267,0.611,0.168,-0.339,-0.4,0.868,-0.405,1.145,0.397,-0.294,-0.458,0.897,2.275,8.176,-2.672,0.129,-0.382,0.772,-3.099,-1.45,-3.664,derecha
1780983475.368183,-0.859,-0.161,0.512,-1.214,2.786,-0.885,-0.685,-0.327,0.598,-6.702,0.092,-0.908,-0.342,-0.393,0.878,-0.366,-2.58,-1.107,-0.272,-0.457,0.907,2.107,3.42,-0.962,0.15,-0.402,0.784,-0.573,1.718,-0.611,derecha
1780983475.481007,-0.846,-0.158,0.525,-1.031,2.153,-0.802,-0.68,-0.329,0.603,-7.389,0.809,-0.389,-0.338,-0.395,0.876,-0.954,2.397,0.45,-0.276,-0.461,0.901,1.542,8.565,0.29,0.147,-0.403,0.785,-0.702,0.374,0.481,derecha
1780983475.5817587,-0.848,-0.158,0.52,-0.069,0.626,0.267,-0.678,-0.328,0.602,-6.534,-0.176,-0.061,-0.338,-0.396,0.875,0.985,-2.191,-0.458,-0.277,-0.457,0.903,2.832,7.359,0.458,0.159,-0.354,0.786,3.137,4.084,0.366,derecha
1780983475.676851,-0.843,-0.161,0.52,-0.725,-2.023,1.229,-0.712,-0.346,0.739,-2.962,-7.42,-3.573,-0.198,-0.478,1.115,163.008,30.527,65.382,-0.139,-0.427,0.986,149.366,29.58,53.901,0.17,-0.428,0.782,18.42,7.153,2.359,derecha
1780983475.7868812,-0.841,-0.155,0.534,1.588,3.962,4.87,-0.733,-0.308,0.503,-4.863,55.626,6.817,-0.434,-0.134,0.786,90.351,37.794,18.771,-0.308,-0.199,0.836,84.336,35.321,18.069,0.163,-0.395,0.803,19.756,21.824,0.802,derecha
1780983475.8938322,-0.841,-0.123,0.518,-2.405,7.145,-1.328,-0.778,-0.292,0.497,-0.725,23.244,7.252,-0.482,-0.025,0.846,26.374,15.061,7.779,-0.414,-0.16,0.981,30.16,15.237,9.519,0.13,-0.365,0.792,0.885,9.969,-6.237,derecha
1780983475.992905,-0.853,-0.131,0.513,-2.71,0.092,-4.191,-0.739,-0.275,0.5,-8.763,-7.947,-9.42,-0.461,-0.03,0.923,-7.573,-1.115,-3.893,-0.392,-0.105,0.965,-6.092,7.71,-2.443,0.116,-0.389,0.803,-3.107,3.153,0.435,derecha
1780983476.0959308,-0.861,-0.142,0.513,-3.763,-9.702,-9.756,-0.651,-0.268,0.456,-24.832,-54.244,-38.115,-0.339,0.023,0.465,-125.473,-51.466,-38.137,-0.326,-0.1,0.66,-147.176,-7.092,-40.977,0.137,-0.39,0.788,-27.16,-20.771,-4.313,derecha
1780983476.192444,-0.843,-0.16,0.538,-1.603,-4.443,-3.061,-0.672,-0.322,0.639,-8.275,-16.885,-3.389,0.02,-0.276,0.876,11.489,3.863,-1.771,-0.139,-0.329,0.672,15.489,41.267,6.221,0.154,-0.446,0.759,14.557,6.634,0.229,derecha
1780983476.316164,-0.835,-0.169,0.545,-0.038,5.336,-0.412,-0.667,-0.323,0.611,-7.626,0.458,-0.748,-0.346,-0.378,0.889,-2.344,1.626,-0.29,-0.282,-0.428,0.912,-1.847,8.168,-1.763,0.156,-0.406,0.769,-3.0,1.443,0.053,derecha
1780983476.3997054,-0.842,-0.163,0.54,-0.221,2.527,1.023,-0.674,-0.32,0.607,-7.298,0.366,-0.115,-0.334,-0.379,0.876,-0.595,0.328,-0.527,-0.287,-0.439,0.913,0.359,5.901,-0.763,0.163,-0.416,0.775,-0.771,2.87,-0.046,derecha
1780983476.5121887,-0.845,-0.159,0.535,-0.947,1.382,-1.275,-0.678,-0.322,0.614,-6.718,0.153,-0.26,-0.329,-0.378,0.886,-1.313,-0.374,-0.504,-0.284,-0.438,0.916,0.473,6.366,-0.038,0.157,-0.408,0.767,-0.076,3.832,-0.756,derecha
1780983476.6186547,-0.841,-0.161,0.535,-0.908,1.916,-1.099,-0.674,-0.32,0.618,-6.947,1.092,-0.74,-0.333,-0.381,0.885,-1.489,0.679,0.321,-0.283,-0.438,0.907,0.603,7.55,-0.344,0.155,-0.414,0.774,-0.771,1.29,0.878,derecha
1780983476.7142541,-0.842,-0.161,0.538,-0.542,2.58,0.931,-0.685,-0.314,0.604,-6.802,-0.748,-0.168,-0.341,-0.381,0.877,-0.656,0.153,0.977,-0.288,-0.443,0.911,0.588,5.573,0.038,0.156,-0.417,0.77,0.107,4.16,-0.405,derecha
1780983476.8135006,-0.843,-0.156,0.533,-1.229,1.756,-1.031,-0.672,-0.318,0.601,-6.878,0.069,-1.229,-0.333,-0.382,0.887,-1.023,-0.656,0.145,-0.288,-0.441,0.911,1.008,6.962,-0.565,0.162,-0.411,0.774,-0.71,2.916,-0.427,derecha
1780983479.5947552,-0.844,-0.158,0.533,-1.038,1.076,-2.069,-0.676,-0.319,0.608,-6.473,-0.107,-1.137,-0.329,-0.389,0.883,-0.374,-0.863,0.145,-0.283,-0.447,0.908,1.519,5.519,-0.58,0.162,-0.412,0.771,-0.542,2.534,-0.366,derecha
1780983479.6962957,-0.84,-0.159,0.535,-0.824,1.42,-0.504,-0.674,-0.326,0.602,-6.695,0.55,-0.534,-0.333,-0.385,0.879,-0.824,0.718,0.664,-0.278,-0.448,0.909,1.634,7.954,0.412,0.163,-0.413,0.77,-0.649,0.931,0.473,derecha
1780983479.7980845,-0.844,-0.156,0.544,-0.74,1.55,-0.466,-0.674,-0.322,0.611,-7.023,0.183,-0.908,-0.329,-0.385,0.877,-0.031,-0.168,-0.634,-0.285,-0.448,0.91,2.145,5.977,-0.527,0.16,-0.415,0.773,-0.191,4.565,-0.992,derecha
1780983479.9082513,-0.843,-0.163,0.536,-0.84,0.962,-1.29,-0.67,-0.326,0.603,-6.092,0.183,0.084,-0.334,-0.385,0.878,3.137,2.527,0.565,-0.283,-0.447,0.914,3.763,10.641,-0.023,0.161,-0.408,0.777,0.313,3.336,-0.168,derecha
1780983480.0138094,-0.838,-0.151,0.548,2.389,-3.763,-0.702,-0.642,-0.326,0.626,-5.206,19.771,0.328,-0.226,-0.457,1.091,141.008,40.466,47.58,-0.235,-0.41,0.973,128.534,27.069,36.863,0.18,-0.427,0.79,18.069,9.847,7.702,derecha
1780983480.1110492,-0.882,-0.147,0.513,6.908,7.168,3.053,-0.736,-0.302,0.539,-0.298,47.122,5.55,-0.374,-0.086,0.81,74.626,29.618,13.122,-0.346,-0.125,0.902,64.855,14.695,11.16,0.138,-0.37,0.78,3.695,3.023,-1.023,derecha
1780983480.219396,-0.851,-0.15,0.521,-1.863,5.092,0.794,-0.796,-0.308,0.534,-0.359,17.687,4.71,-0.472,-0.039,0.884,22.779,10.542,7.427,-0.367,-0.13,1.01,35.84,7.176,10.664,0.14,-0.382,0.781,0.42,1.458,-0.26,derecha
1780983480.3230555,-0.848,-0.142,0.525,0.435,4.336,0.313,-0.763,-0.286,0.518,-4.71,5.687,1.802,-0.469,-0.013,0.858,2.802,0.611,1.191,-0.341,-0.08,0.931,3.725,7.84,0.595,0.137,-0.398,0.789,-1.053,4.511,-1.519,derecha
1780983480.4239342,-0.849,-0.14,0.516,-3.397,-2.786,-5.397,-0.758,-0.285,0.499,-15.206,-17.733,-8.725,-0.431,0.005,0.782,-33.855,-10.099,-7.359,-0.347,-0.051,0.842,-34.71,1.076,-7.084,0.132,-0.375,0.783,-5.321,-0.603,-0.763,derecha
1780983480.5289698,-0.832,-0.159,0.543,-3.389,-18.328,-6.084,-0.677,-0.33,0.619,-6.305,-59.908,-2.351,-0.365,-0.384,1.004,-184.656,-62.115,-54.977,-0.361,-0.509,1.062,-146.664,-23.031,-47.069,0.162,-0.399,0.781,-15.069,-9.069,-2.748,derecha
1780983480.6277044,-0.847,-0.15,0.536,1.87,12.42,0.466,-0.645,-0.245,0.692,-7.321,14.374,-1.053,-0.35,-0.353,0.9,-5.595,-6.382,-1.351,-0.301,-0.428,0.884,-21.527,-0.58,-7.702,0.174,-0.407,0.767,-3.527,-0.183,-0.855,derecha
1780983480.7245529,-0.843,-0.161,0.544,-0.756,0.641,-1.969,-0.672,-0.321,0.608,-6.893,0.427,-1.015,-0.331,-0.375,0.889,-1.466,0.565,-0.542,-0.292,-0.436,0.917,0.344,7.046,-0.573,0.167,-0.408,0.783,-0.786,3.885,0.443,derecha
1780983480.8272398,-0.838,-0.163,0.543,-0.855,1.664,-0.29,-0.675,-0.319,0.617,-7.168,0.817,-0.092,-0.329,-0.374,0.885,-1.412,-0.092,0.313,-0.287,-0.437,0.918,0.221,9.153,-0.198,0.17,-0.413,0.774,-0.221,2.466,0.275,derecha
1780983480.9304,-0.84,-0.157,0.538,-0.405,1.168,-0.916,-0.675,-0.321,0.611,-6.74,0.099,-0.664,-0.343,-0.377,0.886,-0.702,-0.878,-0.229,-0.286,-0.438,0.919,1.092,5.71,-0.626,0.168,-0.407,0.774,-0.473,4.771,-0.87,derecha
1780983481.0461175,-0.84,-0.161,0.543,-1.252,1.023,-1.779,-0.672,-0.326,0.611,-6.695,0.275,-0.74,-0.334,-0.38,0.887,-0.794,0.053,0.168,-0.286,-0.439,0.914,0.992,6.87,-0.641,0.169,-0.417,0.767,-0.725,0.809,0.489,derecha
1780983481.136555,-0.841,-0.157,0.543,-0.198,1.908,0.595,-0.675,-0.315,0.613,-6.649,0.496,-0.076,-0.335,-0.381,0.884,-0.359,0.275,0.794,-0.291,-0.44,0.914,1.351,6.832,-0.206,0.165,-0.407,0.774,-0.496,2.534,-0.26,derecha
1780983481.2440293,-0.836,-0.158,0.538,-1.145,1.366,-1.573,-0.678,-0.315,0.612,-6.885,0.092,-0.664,-0.332,-0.377,0.891,-0.374,-0.504,-0.458,-0.291,-0.438,0.914,1.313,5.847,-0.786,0.166,-0.412,0.774,-0.634,3.496,-0.359,derecha
1780983481.3422437,-0.834,-0.162,0.54,-0.947,1.405,-0.595,-0.674,-0.317,0.617,-7.038,0.702,-0.405,-0.331,-0.378,0.881,-0.939,0.55,-0.229,-0.282,-0.443,0.913,0.908,7.13,-0.542,0.168,-0.414,0.78,-0.809,0.137,0.878,derecha
1780983481.4496973,-0.84,-0.154,0.543,-0.557,1.443,0.412,-0.676,-0.318,0.611,-6.809,0.534,-0.336,-0.327,-0.381,0.885,-0.076,0.336,0.13,-0.281,-0.443,0.911,1.954,6.397,0.206,0.163,-0.414,0.779,-0.496,2.611,-0.45,derecha
1780983481.5483809,-0.838,-0.156,0.543,-1.176,1.122,-1.374,-0.678,-0.316,0.614,-6.786,-0.076,-1.023,-0.329,-0.376,0.881,-0.641,-0.313,-1.168,-0.282,-0.441,0.913,1.221,6.221,-1.305,0.164,-0.408,0.777,-1.023,1.565,0.191,derecha
1780983484.2277963,-0.844,-0.165,0.541,-1.366,1.702,-0.954,-0.677,-0.325,0.606,-6.992,0.458,-0.656,-0.332,-0.38,0.881,-0.405,-0.382,0.076,-0.285,-0.441,0.91,1.626,6.87,-1.099,0.164,-0.411,0.781,-0.595,2.374,-0.046,derecha
1780983484.330045,-0.841,-0.162,0.541,-0.924,1.29,-1.206,-0.669,-0.319,0.611,-6.878,0.298,-0.336,-0.333,-0.377,0.882,-0.282,0.168,0.137,-0.29,-0.438,0.914,1.412,7.13,-0.412,0.168,-0.408,0.771,-0.45,2.107,0.366,derecha
1780983484.4446697,-0.841,-0.16,0.538,-0.733,1.229,-0.885,-0.672,-0.325,0.602,-6.924,0.206,-0.298,-0.331,-0.379,0.888,-0.237,0.031,-0.603,-0.29,-0.44,0.91,1.672,6.969,0.191,0.168,-0.413,0.771,-0.153,2.824,-0.275,derecha
1780983484.54054,-0.84,-0.16,0.54,-1.008,2.092,-0.84,-0.672,-0.32,0.61,-6.87,0.427,-0.588,-0.331,-0.381,0.881,-0.389,0.183,-0.45,-0.292,-0.439,0.912,1.351,6.198,-0.351,0.166,-0.416,0.766,-0.672,2.084,0.115,derecha
1780983484.638614,-0.836,-0.16,0.537,-0.977,2.069,-0.618,-0.676,-0.326,0.609,-6.763,0.504,0.0,-0.331,-0.379,0.885,-0.565,-0.313,0.344,-0.288,-0.436,0.905,1.779,7.466,-0.366,0.162,-0.411,0.776,-0.45,2.298,0.198,derecha
1780983484.741779,-0.842,-0.157,0.537,-0.756,0.779,-1.198,-0.669,-0.321,0.602,-6.824,-0.328,-0.969,-0.335,-0.38,0.887,-0.015,-0.824,0.137,-0.294,-0.438,0.906,2.328,6.328,-0.496,0.161,-0.406,0.776,-0.679,4.45,-0.809,derecha
1780983484.8442276,-0.84,-0.162,0.536,-0.191,0.351,1.885,-0.669,-0.328,0.633,-4.71,8.336,2.069,-1.019,-0.729,1.742,55.534,5.588,48.84,-0.565,-0.747,1.339,79.366,1.947,33.847,0.174,-0.405,0.777,-4.924,1.061,0.191,derecha
1780983484.956977,-0.853,-0.153,0.538,0.641,2.191,1.916,-0.681,-0.293,0.574,-4.267,25.252,1.275,-0.388,-0.232,1.006,90.397,36.672,16.802,-0.321,-0.273,0.957,105.015,19.962,22.725,0.143,-0.395,0.79,12.992,10.786,2.824,derecha
1780983485.060721,-0.841,-0.156,0.538,-0.802,6.84,1.076,-0.744,-0.302,0.513,-0.832,24.153,11.099,-0.463,-0.062,0.862,35.901,17.221,2.817,-0.378,-0.098,0.951,37.664,15.382,5.023,0.141,-0.377,0.782,2.832,6.779,1.672,derecha
1780983485.1615887,-0.849,-0.143,0.53,0.916,8.58,2.557,-0.755,-0.298,0.494,-3.374,13.504,4.176,-0.472,-0.014,0.841,8.969,10.557,0.595,-0.371,-0.06,0.977,22.221,20.298,4.282,0.125,-0.381,0.799,-2.336,0.786,-3.069,derecha
1780983485.2650933,-0.859,-0.137,0.509,-1.298,0.779,-1.412,-0.764,-0.283,0.517,-8.817,-1.489,-1.847,-0.488,-0.008,0.871,-3.107,2.672,-0.305,-0.394,-0.024,0.966,14.198,-6.328,2.344,0.12,-0.382,0.79,-0.58,1.931,-1.206,derecha
1780983485.3594072,-0.853,-0.145,0.518,-1.824,-0.229,-2.855,-0.736,-0.279,0.492,-12.198,-11.42,-11.0,-0.446,0.014,0.7,-38.176,-11.786,-11.481,-0.36,0.015,0.756,-42.832,0.794,-10.221,0.129,-0.382,0.782,-5.977,-1.305,0.427,derecha
1780983485.4623241,-0.839,-0.151,0.545,-0.931,-9.26,-4.817,-0.685,-0.345,0.669,-4.985,-55.863,-4.473,-0.352,-0.328,0.885,-165.71,-52.634,-51.656,-0.31,-0.37,0.951,-149.069,-2.466,-49.893,0.16,-0.414,0.778,-13.053,-5.45,-4.099,derecha
1780983485.5658805,-0.862,-0.156,0.54,1.16,12.107,0.237,-0.672,-0.317,0.609,-8.198,3.275,-0.015,-0.382,-0.342,0.874,-4.389,-10.321,-1.176,-0.312,-0.368,0.89,-16.473,-1.221,-5.969,0.159,-0.411,0.76,-7.221,-5.061,-0.794,derecha
1780983485.6790242,-0.838,-0.161,0.55,-0.145,0.115,0.511,-0.665,-0.306,0.616,-6.817,4.618,-0.061,-0.327,-0.371,0.894,0.015,-2.969,-0.137,-0.271,-0.417,0.941,-13.588,10.939,-5.458,0.162,-0.412,0.769,-2.695,3.313,0.305,derecha
1780983485.771999,-0.839,-0.156,0.549,-0.74,0.969,-1.603,-0.67,-0.316,0.624,-6.588,-0.55,-0.916,-0.33,-0.361,0.887,-0.55,-1.038,0.031,-0.293,-0.421,0.925,0.656,5.244,-0.679,0.171,-0.409,0.774,-0.099,3.168,-0.534,derecha
1780983485.888719,-0.835,-0.159,0.546,-0.794,1.725,-1.046,-0.671,-0.315,0.625,-6.679,0.466,-0.275,-0.32,-0.368,0.894,-1.298,-0.023,-0.618,-0.282,-0.422,0.923,0.809,5.985,-0.893,0.173,-0.409,0.776,-0.71,0.389,0.626,derecha
1780983485.9777398,-0.834,-0.155,0.541,-1.122,1.695,-0.405,-0.663,-0.311,0.621,-6.855,0.534,-0.29,-0.324,-0.365,0.896,-0.656,-0.221,0.313,-0.29,-0.421,0.921,0.733,6.069,-0.58,0.168,-0.416,0.776,-0.382,3.924,-0.672,derecha
1780983486.081038,-0.837,-0.161,0.548,-0.992,1.13,-0.87,-0.668,-0.311,0.626,-6.664,0.427,-0.557,-0.32,-0.366,0.895,-0.534,0.237,-0.771,-0.285,-0.427,0.927,1.206,6.397,-0.977,0.173,-0.414,0.768,-0.672,1.321,0.74,derecha
1780983488.8622086,-0.839,-0.158,0.537,-0.443,1.344,-1.725,-0.669,-0.317,0.617,-6.817,0.282,-0.863,-0.326,-0.369,0.895,-0.435,-1.115,-0.29,-0.288,-0.425,0.913,1.252,6.168,-0.168,0.163,-0.412,0.78,-0.634,2.908,-0.198,derecha
1780983488.9708505,-0.844,-0.162,0.54,-1.008,1.763,-0.053,-0.67,-0.317,0.62,-6.672,0.702,-0.206,-0.324,-0.373,0.891,-0.427,0.634,0.595,-0.291,-0.431,0.914,1.748,8.267,0.206,0.174,-0.415,0.766,-1.229,1.015,0.511,derecha
1780983489.0737734,-0.84,-0.155,0.546,-0.328,1.267,-0.435,-0.673,-0.315,0.616,-6.458,0.344,-0.618,-0.32,-0.375,0.894,-0.099,-0.679,-0.511,-0.293,-0.428,0.919,1.924,5.55,-0.511,0.166,-0.406,0.763,-0.176,4.382,-0.695,derecha
1780983489.17655,-0.837,-0.158,0.543,-0.931,1.344,-1.542,-0.666,-0.316,0.615,-6.939,0.58,-0.206,-0.325,-0.37,0.895,-0.229,-0.076,-0.183,-0.292,-0.427,0.917,1.588,7.511,-1.191,0.167,-0.408,0.777,-1.244,-0.015,0.855,derecha
1780983489.2737148,-0.837,-0.158,0.539,-0.473,1.595,-0.588,-0.667,-0.318,0.617,-6.71,0.588,0.023,-0.327,-0.371,0.893,-0.26,-0.153,0.389,-0.292,-0.43,0.919,2.084,6.794,-0.084,0.169,-0.416,0.773,0.031,3.458,-0.695,derecha
1780983489.3768907,-0.841,-0.16,0.55,-1.771,1.237,-1.74,-0.664,-0.317,0.621,-6.962,-0.389,-0.702,-0.322,-0.37,0.894,-0.046,-0.221,0.153,-0.291,-0.433,0.91,2.191,6.351,-0.504,0.171,-0.411,0.775,-0.679,2.282,0.046,derecha
1780983489.4801362,-0.84,-0.156,0.543,-0.313,-0.313,0.26,-0.67,-0.316,0.613,-5.26,-1.137,-0.023,-0.345,-0.37,0.892,2.725,-0.817,0.26,-0.283,-0.431,0.924,2.565,7.74,0.16,0.165,-0.411,0.773,1.496,2.603,1.992,derecha
1780983489.5826902,-0.837,-0.162,0.55,-0.458,-0.649,-0.74,-0.667,-0.314,0.619,-4.595,-0.817,1.237,-0.333,-0.356,0.923,6.145,7.687,0.756,-0.278,-0.429,0.98,24.099,18.527,8.427,0.163,-0.412,0.785,1.603,5.901,0.351,derecha
1780983489.6856716,-0.841,-0.148,0.553,1.763,2.076,1.748,-0.683,-0.332,0.635,-3.42,40.168,3.687,-0.267,-0.277,0.85,112.374,42.321,21.466,-0.257,-0.269,0.904,102.71,15.656,12.031,0.148,-0.396,0.784,9.221,14.557,5.015,derecha
1780983489.8009224,-0.832,-0.149,0.56,0.588,9.771,3.13,-0.742,-0.302,0.552,-7.87,26.954,3.282,-0.46,-0.105,0.888,46.122,23.893,6.26,-0.386,-0.189,1.014,42.977,18.542,6.275,0.126,-0.377,0.789,2.13,2.847,-2.527,derecha
1780983489.8915896,-0.853,-0.141,0.537,-1.076,4.672,0.359,-0.721,-0.274,0.502,-2.634,13.664,2.809,-0.453,-0.013,0.836,12.061,6.504,3.618,-0.404,-0.05,0.955,16.038,5.679,5.046,0.143,-0.365,0.799,1.931,1.168,0.618,derecha
1780983490.0042522,-0.847,-0.125,0.525,0.802,3.023,-1.634,-0.729,-0.24,0.439,-8.473,-15.122,-13.885,-0.462,-0.016,0.908,-18.527,-12.748,-6.344,-0.354,-0.095,1.044,-11.863,-2.985,-5.305,0.129,-0.38,0.793,-7.702,-0.435,-0.214,derecha
1780983490.1147344,-0.836,-0.133,0.531,-3.252,-3.321,-6.16,-0.706,-0.258,0.458,-20.672,-29.649,-13.954,-0.404,0.036,0.692,-53.496,-18.282,-11.252,-0.299,-0.045,0.77,-56.855,3.481,-8.947,0.136,-0.377,0.785,-8.626,-3.863,-0.748,derecha
1780983490.2020316,-0.829,-0.158,0.547,-4.847,-0.756,-3.664,-0.656,-0.31,0.598,-9.305,-31.374,-4.183,-0.356,-0.478,1.064,-170.756,-47.237,-52.313,-0.351,-0.501,1.103,-144.298,-14.947,-46.038,0.176,-0.413,0.766,-8.137,-4.641,-2.962,derecha
1780983490.3136437,-0.821,-0.146,0.55,-1.611,1.13,-0.985,-0.659,-0.308,0.656,-6.885,0.0,-0.618,-0.323,-0.358,0.892,-3.817,-7.87,-0.496,-0.295,-0.424,0.925,1.168,-0.519,-0.595,0.172,-0.42,0.776,1.954,1.84,-0.977,derecha
1780983490.4068666,-0.834,-0.155,0.544,-0.969,0.939,-1.321,-0.669,-0.314,0.617,-7.061,0.496,-0.832,-0.329,-0.364,0.895,-1.397,-0.206,0.122,-0.282,-0.426,0.923,0.985,3.969,-0.763,0.165,-0.412,0.776,-1.008,0.939,0.214,derecha
1780983490.512296,-0.84,-0.155,0.545,-0.206,2.069,0.351,-0.673,-0.313,0.619,-6.672,0.481,-0.275,-0.333,-0.366,0.895,-1.015,0.031,-0.298,-0.287,-0.427,0.923,1.328,7.069,-0.405,0.17,-0.41,0.78,-0.695,2.427,0.038,derecha
1780983490.6231434,-0.837,-0.153,0.547,-0.954,1.359,-1.29,-0.671,-0.314,0.617,-6.931,0.282,-0.427,-0.325,-0.363,0.894,-0.855,-0.435,-0.542,-0.286,-0.424,0.913,0.794,6.198,-0.634,0.167,-0.41,0.774,-0.71,3.55,-0.893,derecha
1780983490.7279685,-0.837,-0.158,0.55,-0.863,1.305,-0.924,-0.671,-0.312,0.619,-7.023,0.42,-0.641,-0.324,-0.368,0.896,-0.611,0.374,-0.191,-0.284,-0.427,0.917,0.931,6.679,-0.832,0.172,-0.418,0.771,-0.634,0.183,0.985,derecha
1780983493.5069134,-0.835,-0.153,0.543,-0.954,1.305,-1.115,-0.669,-0.314,0.622,-6.763,0.252,-0.649,-0.324,-0.372,0.894,-0.221,-0.649,-0.069,-0.281,-0.427,0.923,1.634,6.359,-0.74,0.17,-0.407,0.777,-0.435,3.595,-0.176,derecha
1780983493.609849,-0.84,-0.155,0.543,-0.855,2.069,-0.359,-0.674,-0.315,0.61,-7.053,0.664,-0.237,-0.324,-0.374,0.894,-0.84,0.786,0.237,-0.286,-0.434,0.916,1.298,7.198,-0.122,0.168,-0.412,0.778,-0.794,1.389,0.427,derecha
1780983493.710003,-0.841,-0.156,0.551,-0.802,1.725,-0.817,-0.673,-0.316,0.617,-6.763,0.427,-0.389,-0.333,-0.372,0.888,-0.115,-0.321,-0.084,-0.283,-0.432,0.919,1.725,5.71,0.038,0.165,-0.405,0.77,0.198,4.191,-0.962,derecha
1780983493.8061652,-0.838,-0.157,0.544,-0.832,1.115,-0.901,-0.674,-0.313,0.614,-6.878,0.305,-0.924,-0.322,-0.373,0.895,-0.237,-0.031,-0.718,-0.28,-0.428,0.914,1.115,7.168,0.061,0.164,-0.41,0.784,-0.969,0.626,0.351,derecha
1780983493.9102502,-0.837,-0.157,0.547,-0.74,2.519,0.527,-0.676,-0.315,0.616,-6.74,0.466,-0.221,-0.327,-0.375,0.889,-0.069,0.405,0.229,-0.285,-0.429,0.917,1.664,7.0,-0.679,0.167,-0.414,0.773,-0.351,2.534,-0.244,derecha
1780983494.0285504,-0.84,-0.154,0.552,-0.931,1.405,-1.687,-0.672,-0.315,0.618,-6.74,-0.687,-0.832,-0.322,-0.371,0.894,-0.366,-0.748,-0.519,-0.276,-0.43,0.914,2.069,5.672,-1.099,0.166,-0.414,0.772,-0.55,3.008,-0.221,derecha
1780983494.127879,-0.838,-0.156,0.543,-0.802,1.137,-0.824,-0.67,-0.321,0.618,-6.908,0.031,-0.412,-0.323,-0.373,0.892,-0.084,0.107,0.679,-0.287,-0.428,0.917,2.374,7.443,-0.863,0.167,-0.411,0.778,-0.511,1.672,0.389,derecha
1780983494.2246761,-0.833,-0.16,0.544,-0.328,1.275,0.878,-0.659,-0.31,0.636,-5.069,6.954,2.092,-0.316,-0.39,0.973,9.412,6.496,1.802,-0.073,-0.414,1.045,48.435,15.573,12.924,0.164,-0.429,0.786,4.206,5.695,0.786,derecha
1780983494.320992,-0.847,-0.147,0.545,-0.023,0.046,0.542,-0.629,-0.327,0.653,-8.359,21.679,2.473,-0.405,-0.307,1.073,102.137,39.725,24.076,-0.3,-0.299,1.063,99.267,18.695,18.466,0.143,-0.393,0.784,12.153,11.183,5.992,derecha
1780983494.424206,-0.839,-0.15,0.548,0.779,7.733,2.992,-0.792,-0.358,0.613,-6.359,27.038,16.389,-0.463,-0.064,0.846,52.542,25.58,5.603,-0.359,-0.14,0.954,56.504,28.221,10.008,0.144,-0.388,0.801,4.641,6.565,-2.0,derecha
1780983494.527543,-0.84,-0.131,0.527,0.771,2.511,-1.008,-0.763,-0.27,0.5,-7.382,9.481,3.924,-0.426,0.002,0.87,6.687,1.191,4.824,-0.345,-0.042,0.948,15.954,4.695,4.908,0.144,-0.371,0.794,-2.473,1.595,-1.076,derecha
1780983494.6362398,-0.849,-0.134,0.528,-1.122,3.626,-0.756,-0.759,-0.266,0.472,-9.435,-7.649,-10.26,-0.431,0.009,0.833,-18.489,-5.702,-6.985,-0.368,-0.033,0.927,-15.42,4.748,-4.855,0.135,-0.375,0.79,-6.221,1.908,0.229,derecha
1780983494.7405448,-0.854,-0.144,0.51,-4.031,-12.389,-7.908,-0.785,-0.306,0.54,-6.336,-80.214,-14.588,-0.332,-0.092,0.616,-147.237,-65.84,-36.298,-0.262,-0.162,0.799,-153.427,-13.947,-38.779,0.154,-0.379,0.771,-20.763,-20.466,-5.603,derecha
1780983494.8359857,-0.864,-0.151,0.564,0.634,-8.855,-2.313,-0.638,-0.349,0.617,-7.885,17.947,3.099,-0.236,-0.296,0.723,-2.122,-24.275,-1.809,-0.232,-0.312,0.793,-29.366,6.397,-7.626,0.176,-0.402,0.76,-2.13,-0.969,0.763,derecha
1780983494.94693,-0.836,-0.15,0.551,-0.954,2.405,-0.115,-0.668,-0.318,0.618,-7.504,-0.855,-0.481,-0.329,-0.361,0.895,-1.885,-2.519,0.931,-0.283,-0.42,0.923,-0.29,3.58,-1.229,0.178,-0.414,0.77,0.008,-0.878,-1.023,derecha
1780983495.047897,-0.836,-0.159,0.543,-0.58,0.809,-0.756,-0.665,-0.313,0.626,-6.687,0.198,-0.519,-0.323,-0.359,0.909,-1.008,0.649,0.382,-0.28,-0.415,0.923,1.023,6.893,-0.786,0.167,-0.407,0.771,-0.542,2.481,0.191,derecha
1780983495.1451218,-0.835,-0.161,0.552,-0.771,1.954,-0.542,-0.663,-0.321,0.619,-6.939,1.282,0.252,-0.32,-0.363,0.905,-1.374,1.496,0.588,-0.287,-0.418,0.926,0.962,8.069,0.351,0.181,-0.408,0.771,-1.053,1.252,0.0,derecha
1780983495.2490478,-0.839,-0.154,0.555,-0.573,1.359,-0.901,-0.669,-0.307,0.62,-6.443,0.145,-0.481,-0.326,-0.363,0.896,-0.733,-0.771,-0.427,-0.281,-0.419,0.916,0.863,6.336,-0.405,0.173,-0.405,0.781,-0.076,2.71,-0.504,derecha
1780983495.3614988,-0.835,-0.155,0.546,-1.267,1.29,-0.282,-0.666,-0.31,0.627,-6.763,0.519,-0.206,-0.321,-0.364,0.901,-0.473,0.489,-0.198,-0.283,-0.421,0.927,1.092,6.878,-0.74,0.168,-0.411,0.778,-0.786,-0.13,0.718,derecha
1780983495.454116,-0.837,-0.155,0.548,-0.695,1.359,-0.168,-0.669,-0.313,0.615,-6.45,0.557,-0.115,-0.326,-0.365,0.893,-0.588,-0.183,-0.42,-0.286,-0.42,0.923,1.832,7.069,-0.481,0.172,-0.415,0.774,-0.542,3.817,-0.656,derecha
1780983498.1385624,-0.84,-0.156,0.553,-0.84,0.763,-1.435,-0.67,-0.316,0.623,-6.603,0.344,-0.397,-0.323,-0.371,0.895,-0.573,-0.534,0.244,-0.283,-0.427,0.929,1.45,7.122,-0.412,0.175,-0.414,0.78,-0.427,1.244,0.527,derecha
1780983498.2394092,-0.839,-0.16,0.546,-0.16,1.893,-0.359,-0.666,-0.312,0.618,-6.84,0.42,-0.267,-0.323,-0.368,0.89,-0.649,0.397,0.725,-0.283,-0.424,0.917,1.817,6.489,-0.473,0.177,-0.41,0.764,-0.137,3.87,-0.29,derecha
1780983498.3387856,-0.837,-0.154,0.545,-1.557,1.855,-0.725,-0.668,-0.317,0.627,-6.992,0.397,-0.267,-0.327,-0.369,0.904,-0.702,0.458,0.595,-0.28,-0.429,0.924,1.634,6.58,-0.534,0.17,-0.408,0.765,-0.763,1.137,0.061,derecha
1780983498.4411867,-0.836,-0.158,0.544,-0.504,1.252,-0.481,-0.667,-0.316,0.621,-7.069,0.412,-0.229,-0.32,-0.371,0.9,-0.183,-0.55,0.145,-0.286,-0.424,0.924,1.733,6.55,-0.832,0.173,-0.417,0.775,-0.359,3.145,-0.191,derecha
1780983498.5436904,-0.834,-0.158,0.554,-1.145,1.588,-1.443,-0.668,-0.314,0.617,-7.023,0.374,-0.328,-0.322,-0.368,0.898,-0.153,0.359,0.069,-0.283,-0.43,0.921,1.344,6.847,-0.153,0.173,-0.411,0.776,-0.71,1.985,-0.031,derecha
1780983498.6636283,-0.836,-0.156,0.55,-0.282,1.893,0.122,-0.67,-0.317,0.621,-6.87,0.702,0.13,-0.324,-0.366,0.891,-0.595,0.702,-0.023,-0.288,-0.427,0.917,1.611,7.542,-0.008,0.17,-0.418,0.777,-0.504,2.779,-0.29,derecha
1780983498.750211,-0.84,-0.16,0.55,-1.26,1.275,-1.282,-0.666,-0.317,0.619,-7.031,-0.115,-0.588,-0.327,-0.372,0.893,0.137,-0.702,-0.489,-0.289,-0.426,0.92,2.015,6.771,-1.244,0.175,-0.412,0.773,-1.626,-0.542,0.023,derecha
1780983498.8655448,-0.839,-0.155,0.553,-0.695,0.802,-0.565,-0.669,-0.314,0.626,-6.565,0.275,-0.336,-0.318,-0.366,0.897,0.023,-1.031,0.053,-0.283,-0.426,0.923,1.908,7.061,-0.015,0.174,-0.41,0.768,-0.504,2.649,0.237,derecha
1780983498.9561818,-0.838,-0.16,0.554,-0.794,-0.13,0.206,-0.649,-0.304,0.651,-5.374,11.122,1.214,-0.735,-0.645,2.0,40.366,11.313,49.817,-0.665,-0.671,1.46,85.153,2.061,22.412,0.183,-0.411,0.788,6.924,5.771,0.916,derecha
1780983499.0594044,-0.834,-0.147,0.544,1.0,12.824,4.84,-0.72,-0.267,0.521,-5.038,51.748,7.168,-0.39,-0.059,0.783,88.84,35.55,16.664,-0.326,-0.211,0.997,87.374,20.015,18.809,0.143,-0.385,0.805,3.16,-0.351,2.282,derecha
1780983499.176439,-0.85,-0.126,0.533,1.985,3.87,0.298,-0.754,-0.278,0.514,-4.321,9.015,1.443,-0.464,-0.053,0.998,16.473,8.618,4.13,-0.377,-0.094,1.016,25.863,10.115,3.771,0.133,-0.381,0.797,1.435,3.626,-0.206,derecha
1780983499.2656748,-0.844,-0.141,0.526,-5.779,-6.176,-8.26,-0.739,-0.309,0.594,-14.092,-13.534,-11.847,-0.509,-0.053,0.99,-15.565,-4.359,-5.885,-0.341,-0.082,1.026,-10.901,2.076,-4.053,0.139,-0.381,0.785,-1.481,0.275,-0.229,derecha
1780983499.3767152,-0.895,-0.152,0.545,-5.924,-12.786,-11.176,-0.646,-0.319,0.598,-3.595,-83.794,-10.466,-0.267,-0.136,0.682,-180.137,-77.0,-47.405,-0.29,-0.229,0.851,-182.313,-23.13,-47.634,0.156,-0.402,0.776,-27.71,-29.061,-5.313,derecha
1780983499.482224,-0.799,-0.136,0.557,-3.992,-1.672,-1.908,-0.701,-0.302,0.583,-9.252,4.756,0.595,-0.227,-0.36,0.999,1.763,-0.656,0.489,-0.228,-0.425,0.999,2.771,13.863,4.061,0.183,-0.408,0.786,-2.802,3.115,-0.534,derecha
1780983499.5905974,-0.83,-0.157,0.554,-1.481,1.389,-1.366,-0.663,-0.312,0.627,-7.305,0.786,-0.901,-0.317,-0.356,0.903,-1.924,-2.198,-0.626,-0.289,-0.413,0.926,0.809,3.779,-1.45,0.18,-0.415,0.779,-0.618,-1.099,-0.496,derecha
1780983499.6776257,-0.831,-0.157,0.556,-0.275,1.252,-1.0,-0.666,-0.311,0.624,-7.092,0.702,-0.466,-0.318,-0.361,0.897,-1.405,1.008,0.122,-0.286,-0.415,0.92,0.977,7.252,-0.351,0.177,-0.408,0.772,-0.137,2.565,-0.389,derecha
1780983499.7808337,-0.835,-0.16,0.551,-0.84,1.473,-0.458,-0.666,-0.312,0.635,-6.847,0.321,-0.641,-0.318,-0.36,0.899,-0.756,-0.427,-0.275,-0.282,-0.416,0.928,1.206,6.557,-0.534,0.179,-0.412,0.774,-0.649,1.664,0.0,derecha
1780983499.8971753,-0.836,-0.16,0.545,-0.87,1.733,-0.443,-0.663,-0.316,0.619,-6.817,0.405,-0.481,-0.319,-0.356,0.895,-0.672,0.061,0.298,-0.284,-0.415,0.922,1.275,6.771,-0.939,0.18,-0.414,0.776,-0.611,2.557,-0.107,derecha
1780983499.987381,-0.832,-0.158,0.555,-0.763,1.42,-1.191,-0.663,-0.308,0.629,-6.977,0.084,-0.489,-0.317,-0.354,0.906,-0.588,0.191,0.214,-0.281,-0.417,0.922,1.466,6.893,-0.534,0.179,-0.412,0.775,-0.679,2.237,-0.214,derecha
1780983500.0907967,-0.838,-0.159,0.55,-0.664,1.214,-1.313,-0.662,-0.314,0.628,-6.634,0.412,-0.328,-0.317,-0.36,0.898,-0.084,-0.053,-0.176,-0.286,-0.416,0.923,1.679,6.794,-0.626,0.177,-0.413,0.77,-0.779,2.29,-0.122,derecha
1780983502.7676456,-0.838,-0.158,0.554,-0.603,1.069,-0.87,-0.667,-0.314,0.623,-6.824,0.229,-0.466,-0.322,-0.364,0.902,-0.076,-0.115,-0.145,-0.283,-0.424,0.916,1.527,6.794,-0.664,0.18,-0.412,0.77,-0.282,2.305,-0.397,derecha
1780983502.8705523,-0.832,-0.156,0.55,-0.573,1.656,-0.344,-0.662,-0.314,0.622,-6.771,0.458,-0.176,-0.322,-0.367,0.898,-0.634,0.023,-0.214,-0.283,-0.422,0.924,1.611,6.206,-0.809,0.174,-0.412,0.774,-0.42,3.382,-0.359,derecha
1780983502.9737759,-0.836,-0.161,0.552,-1.076,1.496,-0.794,-0.661,-0.315,0.62,-6.573,0.206,-0.321,-0.32,-0.363,0.897,-0.26,0.031,-0.008,-0.281,-0.421,0.928,1.214,7.389,-0.511,0.172,-0.413,0.77,-0.397,0.87,0.542,derecha
1780983503.0874572,-0.838,-0.16,0.551,-0.542,1.176,-1.298,-0.664,-0.315,0.625,-6.916,0.336,-0.221,-0.316,-0.358,0.895,-0.168,-0.718,-0.107,-0.285,-0.419,0.925,1.809,6.519,-0.336,0.179,-0.411,0.772,-0.573,3.099,-0.282,derecha
1780983503.1914523,-0.835,-0.157,0.553,-0.718,1.084,-0.397,-0.663,-0.315,0.627,-6.832,0.344,-0.115,-0.319,-0.362,0.903,-0.489,0.275,0.321,-0.28,-0.419,0.92,1.603,6.702,-0.107,0.177,-0.412,0.774,-0.885,1.282,0.26,derecha
1780983503.2822392,-0.859,-0.175,0.552,-0.122,1.282,-0.267,-0.648,-0.286,0.622,-6.481,-0.183,-1.046,-0.305,-0.366,0.909,-0.214,-1.977,0.206,-0.277,-0.415,0.928,1.397,6.198,0.641,0.167,-0.411,0.772,0.878,4.252,0.534,derecha
1780983503.391764,-0.834,-0.165,0.547,-0.45,2.229,-0.733,-0.665,-0.317,0.617,-5.863,-0.038,-0.336,-0.32,-0.362,0.899,1.053,-0.916,0.366,-0.284,-0.421,0.923,2.55,4.916,-0.137,0.179,-0.415,0.776,0.145,2.481,0.191,derecha
1780983503.4974048,-0.862,-0.167,0.532,1.305,-1.389,1.489,-0.671,-0.289,0.627,-5.206,-12.099,0.595,-0.813,-0.778,1.705,137.718,16.069,51.321,-0.667,-0.71,1.579,118.84,16.756,47.275,0.169,-0.419,0.77,3.588,6.427,0.718,derecha
1780983503.5913687,-0.849,-0.151,0.537,-0.71,-0.115,1.947,-0.677,-0.294,0.6,-0.763,48.641,6.817,-0.384,-0.136,0.917,95.267,41.954,14.015,-0.356,-0.193,1.009,114.786,13.412,21.656,0.158,-0.386,0.794,14.137,10.366,0.641,derecha
1780983503.6947782,-0.852,-0.145,0.536,1.069,5.0,3.718,-0.74,-0.26,0.486,-1.26,22.084,6.229,-0.441,0.016,0.805,21.962,14.756,5.588,-0.351,0.004,0.839,31.412,12.26,8.718,0.134,-0.369,0.771,3.412,2.695,-0.153,derecha
1780983503.7980382,-0.853,-0.14,0.534,-2.611,1.26,-2.748,-0.755,-0.28,0.513,-7.763,-3.565,-5.244,-0.446,-0.006,0.835,-9.206,-3.878,-4.794,-0.346,-0.018,0.903,-15.71,3.893,-7.046,0.141,-0.376,0.781,-1.855,0.908,-0.198,derecha
1780983503.916058,-0.88,-0.153,0.523,-5.855,-23.115,-10.878,-0.726,-0.319,0.562,-11.229,-127.374,-8.802,-0.191,-0.245,0.724,-197.489,-79.771,-55.023,-0.23,-0.3,0.963,-199.496,-10.954,-57.084,0.188,-0.414,0.796,-21.664,-22.397,-3.641,derecha
1780983504.0039337,-0.827,-0.16,0.569,3.466,14.237,3.053,-0.652,-0.316,0.643,-9.267,1.26,0.351,-0.311,-0.351,0.89,-6.58,-4.221,-0.779,-0.283,-0.401,0.909,-55.519,8.985,-17.382,0.176,-0.421,0.753,-8.336,2.244,0.542,derecha
1780983504.109983,-0.838,-0.156,0.554,-1.382,-0.153,-0.939,-0.664,-0.306,0.627,-6.542,-0.725,-0.664,-0.311,-0.354,0.91,-0.588,-1.0,0.168,-0.287,-0.411,0.928,1.229,6.87,-0.137,0.174,-0.413,0.776,0.382,5.924,0.0,derecha
1780983504.2108452,-0.833,-0.157,0.554,-0.336,2.809,-0.863,-0.665,-0.311,0.623,-7.122,1.122,-0.26,-0.315,-0.358,0.91,-1.221,0.481,0.718,-0.289,-0.416,0.921,0.779,6.603,-0.748,0.174,-0.414,0.778,-0.534,1.252,-0.092,derecha
1780983504.318653,-0.828,-0.154,0.555,-0.901,1.45,-0.84,-0.664,-0.315,0.631,-7.122,0.198,-0.626,-0.317,-0.357,0.903,-0.763,0.267,-0.145,-0.287,-0.414,0.922,0.962,6.656,-0.656,0.173,-0.414,0.77,-0.496,2.176,-0.336,derecha
1780983504.423451,-0.832,-0.157,0.551,-0.473,1.344,-0.168,-0.663,-0.312,0.625,-6.817,0.74,-0.221,-0.312,-0.357,0.903,-0.748,-0.252,0.397,-0.284,-0.416,0.928,0.824,6.939,-0.588,0.177,-0.414,0.771,-0.237,3.718,-0.237,derecha
1780983504.525058,-0.835,-0.161,0.55,-0.603,1.84,-0.794,-0.668,-0.312,0.622,-7.153,0.634,-0.344,-0.317,-0.358,0.905,-0.489,0.244,-0.023,-0.285,-0.418,0.919,0.939,6.87,-0.855,0.182,-0.418,0.772,-0.664,1.496,0.282,derecha
1780983504.6252303,-0.836,-0.16,0.551,-0.863,1.427,-1.084,-0.665,-0.305,0.627,-7.244,0.26,-0.71,-0.312,-0.36,0.903,-0.885,0.26,-0.382,-0.287,-0.414,0.922,1.504,7.137,-0.168,0.172,-0.413,0.778,-0.427,2.672,-0.229,derecha
1780983507.4031365,-0.834,-0.155,0.555,-0.611,1.099,-0.786,-0.668,-0.316,0.624,-6.885,0.351,-0.763,-0.312,-0.367,0.9,-0.183,0.733,-0.328,-0.284,-0.424,0.92,1.443,7.344,-0.359,0.169,-0.409,0.769,-0.55,2.519,-0.298,derecha
1780983507.505753,-0.836,-0.163,0.552,-1.015,1.649,-0.305,-0.66,-0.315,0.626,-6.786,0.473,-0.313,-0.317,-0.361,0.901,-0.351,-0.099,0.313,-0.283,-0.421,0.922,1.634,7.153,-0.656,0.179,-0.416,0.778,-0.427,3.015,-0.321,derecha
1780983507.6086855,-0.836,-0.162,0.549,-0.824,1.87,-0.947,-0.664,-0.313,0.624,-6.87,0.16,-0.618,-0.316,-0.365,0.896,-0.191,0.412,0.298,-0.283,-0.419,0.926,1.328,7.153,-0.641,0.174,-0.422,0.767,-0.931,0.847,0.45,derecha
1780983507.7150657,-0.835,-0.165,0.552,-0.992,1.191,-0.985,-0.666,-0.316,0.622,-6.985,0.588,-0.489,-0.318,-0.366,0.902,-0.542,0.13,0.618,-0.286,-0.421,0.923,1.824,6.618,-0.366,0.17,-0.415,0.779,-0.458,3.115,-0.656,derecha
1780983507.8148031,-0.835,-0.157,0.56,-0.924,1.031,-0.26,-0.666,-0.313,0.624,-6.679,0.305,-0.366,-0.313,-0.365,0.898,0.0,-0.046,0.298,-0.287,-0.424,0.918,1.611,7.069,-0.351,0.173,-0.413,0.769,-0.359,2.779,-0.191,derecha
1780983507.9279497,-0.835,-0.156,0.547,-0.847,0.885,-0.863,-0.664,-0.315,0.623,-6.504,-0.374,-0.573,-0.315,-0.366,0.901,0.298,-0.87,0.038,-0.283,-0.427,0.925,2.26,7.26,0.42,0.183,-0.419,0.769,0.084,3.748,0.122,derecha
1780983508.0279233,-0.844,-0.154,0.549,0.389,0.168,1.397,-0.684,-0.37,0.657,-5.252,-7.924,2.71,-0.611,-0.578,1.735,129.954,13.908,77.405,-0.538,-0.687,1.526,108.74,26.366,56.687,0.179,-0.41,0.768,5.87,4.26,0.656,derecha
1780983508.1356633,-0.844,-0.15,0.544,0.756,9.122,3.916,-0.728,-0.214,0.516,-6.855,52.359,2.809,-0.465,-0.055,0.79,89.137,48.855,10.908,-0.379,-0.093,0.756,100.046,16.992,17.122,0.145,-0.378,0.787,3.679,5.702,0.809,derecha
1780983508.2266521,-0.844,-0.152,0.535,-0.405,4.84,2.969,-0.788,-0.281,0.499,-0.87,22.42,6.985,-0.471,-0.021,0.857,20.275,12.687,5.351,-0.337,-0.02,0.861,22.634,22.107,8.183,0.147,-0.371,0.786,3.458,6.13,-0.534,derecha
1780983508.3399386,-0.843,-0.135,0.53,-1.374,1.817,-1.603,-0.716,-0.25,0.475,-9.405,-5.466,-5.779,-0.45,0.005,0.838,-12.389,-7.71,-2.702,-0.368,-0.027,0.97,-14.855,1.725,-5.176,0.135,-0.373,0.785,-3.817,-1.718,0.573,derecha
1780983508.4332023,-0.852,-0.129,0.523,-5.191,-9.13,-11.542,-0.599,-0.229,0.44,-28.351,-55.061,-38.16,-0.356,0.069,0.408,-130.267,-49.397,-30.573,-0.25,-0.016,0.587,-152.626,-15.794,-37.878,0.142,-0.383,0.777,-27.191,-21.458,-3.344,derecha
1780983508.5482917,-0.791,-0.151,0.531,-2.237,0.092,-5.015,-0.56,-0.272,0.765,-10.55,6.13,-3.771,-0.252,-0.268,0.826,-13.076,-36.359,1.237,-0.313,-0.283,0.721,-8.985,-5.473,-1.191,0.197,-0.377,0.787,8.053,5.26,0.427,derecha
1780983508.6429026,-0.84,-0.162,0.547,0.122,7.466,0.779,-0.663,-0.31,0.629,-7.382,0.534,-0.496,-0.313,-0.353,0.911,-4.397,-1.351,0.321,-0.283,-0.408,0.937,1.542,0.748,-1.137,0.152,-0.419,0.808,-0.832,1.573,-0.42,derecha
1780983508.7463903,-0.832,-0.149,0.553,-0.168,0.076,-0.382,-0.66,-0.299,0.633,-6.389,0.733,-0.29,-0.302,-0.351,0.905,-0.74,-1.58,-0.29,-0.284,-0.416,0.923,0.733,5.634,-0.16,0.184,-0.415,0.779,-0.389,4.901,-0.084,derecha
1780983508.8452249,-0.835,-0.163,0.556,-0.458,2.496,-0.412,-0.66,-0.309,0.625,-6.824,0.84,-0.588,-0.312,-0.357,0.901,-0.229,1.122,0.298,-0.29,-0.409,0.921,1.244,7.244,-0.191,0.174,-0.415,0.774,-0.076,2.076,-0.145,derecha
1780983508.949744,-0.833,-0.155,0.552,-1.496,1.84,-0.855,-0.666,-0.305,0.633,-6.992,0.534,-0.107,-0.31,-0.355,0.909,-0.573,0.145,-0.527,-0.289,-0.415,0.93,1.107,6.45,-0.489,0.178,-0.413,0.769,-0.427,1.504,0.061,derecha
1780983509.057648,-0.834,-0.161,0.55,-0.969,1.611,-0.427,-0.662,-0.315,0.623,-6.84,0.702,-0.511,-0.31,-0.357,0.905,-0.45,-0.229,-0.336,-0.283,-0.411,0.927,1.489,6.878,-0.519,0.175,-0.415,0.772,-0.412,3.16,-0.718,derecha
1780983509.1617224,-0.834,-0.158,0.55,-0.802,1.458,-1.115,-0.668,-0.311,0.625,-6.863,0.763,-0.481,-0.311,-0.36,0.904,-1.061,0.351,0.023,-0.283,-0.415,0.924,1.099,6.305,-0.954,0.173,-0.406,0.777,-0.809,1.374,0.0,derecha
1780983509.258207,-0.831,-0.155,0.549,-0.71,1.702,-1.008,-0.66,-0.312,0.627,-6.794,0.305,-0.435,-0.315,-0.362,0.906,-0.015,-0.565,-0.137,-0.284,-0.417,0.926,1.466,6.687,-0.817,0.174,-0.416,0.77,-0.443,2.656,-0.061,derecha
1780983512.0393596,-0.839,-0.155,0.548,-0.542,1.595,0.397,-0.669,-0.314,0.626,-6.824,1.145,-0.107,-0.312,-0.361,0.907,-0.763,0.504,0.13,-0.283,-0.422,0.928,1.435,7.069,-0.336,0.168,-0.411,0.773,-0.565,1.802,0.137,derecha
1780983512.1417782,-0.838,-0.155,0.55,-0.885,1.252,-1.198,-0.668,-0.317,0.623,-7.046,0.145,-0.313,-0.313,-0.361,0.905,-0.031,-1.122,0.611,-0.286,-0.419,0.927,2.084,6.382,-0.382,0.167,-0.405,0.778,-0.527,3.153,-0.046,derecha
1780983512.2526162,-0.84,-0.159,0.545,-0.626,1.565,-1.015,-0.667,-0.317,0.62,-6.206,0.16,-0.641,-0.31,-0.364,0.901,0.107,-0.679,0.122,-0.283,-0.419,0.927,1.992,5.901,-0.45,0.176,-0.416,0.78,-0.763,0.802,0.221,derecha
1780983512.3541608,-0.833,-0.162,0.55,-1.267,1.695,-0.87,-0.663,-0.313,0.624,-6.824,0.13,-0.305,-0.315,-0.363,0.901,-0.405,-0.015,0.405,-0.281,-0.417,0.924,1.702,6.977,0.496,0.177,-0.417,0.777,-0.298,2.183,-0.137,derecha
1780983512.4569364,-0.829,-0.156,0.549,-0.42,1.42,-0.191,-0.666,-0.317,0.624,-6.931,0.511,-0.405,-0.314,-0.366,0.898,-0.435,0.313,0.328,-0.281,-0.417,0.923,1.069,7.122,-0.328,0.171,-0.415,0.77,-0.725,1.603,-0.038,derecha
1780983512.5532386,-0.837,-0.16,0.551,-1.313,1.328,-1.618,-0.668,-0.315,0.618,-6.496,0.145,-0.176,-0.314,-0.366,0.905,0.168,-0.298,-0.145,-0.286,-0.421,0.924,2.382,6.87,-0.664,0.174,-0.408,0.772,-0.511,2.298,-0.153,derecha
1780983512.667686,-0.836,-0.154,0.55,-0.046,1.29,0.443,-0.666,-0.318,0.633,-5.557,2.733,1.336,-0.328,-0.402,0.946,8.878,13.847,4.634,-0.079,-0.496,1.169,39.336,9.756,40.466,0.202,-0.423,0.764,1.412,3.802,1.115,derecha
1780983512.765017,-0.827,-0.164,0.555,1.771,8.13,2.527,-0.686,-0.312,0.617,-4.321,33.924,2.55,-0.415,-0.229,0.973,91.153,44.58,20.466,-0.32,-0.263,0.967,114.893,12.863,28.13,0.147,-0.402,0.787,10.954,8.122,1.122,derecha
1780983512.8771787,-0.851,-0.154,0.547,0.305,8.351,3.931,-0.759,-0.322,0.563,0.29,25.061,10.977,-0.451,-0.031,0.844,39.214,19.565,8.878,-0.344,-0.069,0.968,73.244,-1.786,14.298,0.145,-0.387,0.795,2.023,4.42,0.351,derecha
1780983512.9653795,-0.852,-0.136,0.523,-2.351,-1.244,-4.0,-0.74,-0.272,0.531,-9.466,-7.542,-8.802,-0.453,-0.01,0.853,-13.435,-4.557,-6.863,-0.354,-0.069,1.018,-14.603,2.092,-6.687,0.133,-0.384,0.792,-2.542,1.847,0.618,derecha
1780983513.0685418,-0.851,-0.135,0.53,-5.504,-12.786,-12.221,-1.264,-0.561,0.822,-12.481,-93.504,-17.458,-0.33,0.029,0.489,-134.847,-65.053,-32.321,-0.215,-0.057,0.696,-153.634,-1.099,-35.656,0.139,-0.386,0.765,-17.794,-20.763,-3.603,derecha
1780983513.1734715,-0.844,-0.135,0.61,0.603,-9.168,-4.145,-0.652,-0.317,0.576,-7.382,21.366,1.672,-0.109,-0.323,0.757,-14.931,-38.725,-4.611,-0.194,-0.394,0.95,-8.198,-6.924,-2.237,0.16,-0.419,0.753,3.679,0.748,0.305,derecha
1780983513.2739048,-0.834,-0.158,0.546,-0.382,1.794,-0.481,-0.66,-0.313,0.633,-7.687,0.84,-0.603,-0.317,-0.354,0.909,-1.939,0.611,0.84,-0.291,-0.407,0.92,0.26,3.191,-0.687,0.167,-0.406,0.772,-1.176,-2.481,-0.55,derecha
1780983513.3772755,-0.833,-0.159,0.552,-1.137,0.954,-1.42,-0.66,-0.316,0.629,-6.771,0.618,-0.244,-0.311,-0.356,0.904,-0.679,1.55,0.313,-0.283,-0.411,0.938,0.656,7.252,-0.282,0.169,-0.412,0.773,-0.351,3.168,-0.046,derecha
1780983513.4920826,-0.835,-0.16,0.555,-0.87,2.076,-0.359,-0.664,-0.315,0.626,-7.069,0.344,-0.45,-0.31,-0.353,0.898,-0.756,0.099,0.481,-0.284,-0.408,0.932,1.023,7.679,-0.641,0.173,-0.417,0.773,-0.611,2.389,-0.069,derecha
1780983513.5905485,-0.833,-0.16,0.551,-1.237,1.679,-0.992,-0.663,-0.308,0.63,-6.878,0.397,-0.908,-0.316,-0.358,0.902,-0.435,0.328,-0.115,-0.284,-0.408,0.928,1.489,6.458,-0.733,0.179,-0.414,0.777,-0.611,1.672,-0.084,derecha
1780983513.6909516,-0.832,-0.157,0.554,-0.924,1.038,-0.908,-0.663,-0.313,0.63,-6.611,0.267,-0.588,-0.314,-0.357,0.902,-0.466,0.626,-0.504,-0.283,-0.414,0.926,1.473,6.748,-0.664,0.181,-0.416,0.766,-0.672,2.145,-0.008,derecha
1780983513.7895243,-0.838,-0.164,0.554,-0.832,0.802,-0.786,-0.661,-0.314,0.624,-6.702,0.45,-0.321,-0.314,-0.358,0.903,-0.466,-0.473,-0.229,-0.283,-0.411,0.925,1.473,6.893,-0.763,0.18,-0.41,0.773,-0.466,2.481,0.122,derecha
1780983513.8920872,-0.83,-0.16,0.555,-0.664,1.382,-0.748,-0.662,-0.312,0.632,-6.931,0.374,-0.214,-0.308,-0.356,0.906,-0.145,-0.351,0.298,-0.281,-0.412,0.931,1.405,7.275,-0.076,0.175,-0.418,0.771,-0.458,3.504,-0.183,derecha
1780983516.6846807,-0.838,-0.161,0.546,0.183,1.267,1.221,-0.659,-0.312,0.624,-6.656,1.031,0.45,-0.334,-0.356,0.893,0.534,0.824,0.511,-0.284,-0.416,0.928,1.344,7.389,0.366,0.165,-0.414,0.764,0.473,3.779,-0.275,derecha
1780983516.7903442,-0.833,-0.153,0.545,-1.328,0.855,-2.176,-0.66,-0.314,0.633,-6.84,-0.053,-0.573,-0.312,-0.362,0.899,-0.496,0.206,-0.573,-0.288,-0.409,0.931,1.42,7.374,-0.015,0.169,-0.412,0.77,-0.794,2.748,-0.092,derecha
1780983516.8938928,-0.836,-0.16,0.549,-0.771,2.13,-0.443,-0.663,-0.313,0.629,-7.031,0.824,0.26,-0.319,-0.363,0.906,-0.901,0.878,0.298,-0.286,-0.417,0.917,1.252,8.046,0.084,0.167,-0.413,0.772,-0.786,1.695,0.26,derecha
1780983516.983939,-0.836,-0.155,0.55,-0.985,1.687,-0.832,-0.665,-0.31,0.627,-6.863,0.412,-0.153,-0.315,-0.362,0.901,-0.092,-0.908,0.084,-0.285,-0.417,0.928,1.863,6.176,-0.504,0.167,-0.417,0.778,-0.267,3.573,-0.695,derecha
1780983517.0854154,-0.835,-0.158,0.545,-0.809,1.321,-1.405,-0.662,-0.312,0.622,-6.908,-0.076,-0.702,-0.318,-0.364,0.899,-0.382,0.511,-0.313,-0.286,-0.416,0.922,1.595,6.458,-0.664,0.171,-0.411,0.764,-0.58,1.481,0.351,derecha
1780983517.2059884,-0.833,-0.156,0.543,-0.84,1.954,-0.603,-0.664,-0.315,0.625,-6.359,0.748,0.183,-0.316,-0.361,0.9,-0.427,-0.427,0.916,-0.279,-0.414,0.922,1.771,6.977,-0.519,0.173,-0.423,0.774,-0.45,2.534,-0.069,derecha
1780983517.2953413,-0.837,-0.159,0.548,-0.626,1.115,-1.427,-0.662,-0.313,0.631,-6.908,-0.511,-1.031,-0.31,-0.361,0.903,0.55,-1.099,-0.237,-0.283,-0.417,0.926,2.359,6.008,-0.359,0.174,-0.408,0.764,0.076,3.672,-0.076,derecha
1780983517.394017,-0.834,-0.162,0.552,-0.725,1.084,1.931,-0.646,-0.326,0.647,-4.542,12.626,3.313,-0.429,-0.472,1.284,30.023,27.924,14.366,-0.572,-0.595,1.435,88.908,8.137,13.015,0.152,-0.411,0.789,9.412,3.947,4.481,derecha
1780983517.4973023,-0.846,-0.15,0.536,0.595,6.328,3.267,-0.71,-0.329,0.64,-2.252,53.0,5.878,-0.398,-0.189,0.966,96.473,50.405,12.626,-0.342,-0.186,0.921,126.511,24.061,24.267,0.158,-0.404,0.792,13.153,8.931,-0.634,derecha
1780983517.6091516,-0.843,-0.141,0.524,-1.359,3.504,0.282,-0.683,-0.254,0.508,1.58,26.664,5.328,-0.45,0.005,0.794,25.962,21.298,5.588,-0.341,-0.022,0.869,40.649,12.641,12.466,0.137,-0.376,0.79,3.214,6.794,0.527,derecha
1780983517.7068853,-0.848,-0.14,0.527,-1.496,3.038,-2.45,-0.778,-0.277,0.498,-10.008,-7.176,-5.664,-0.486,-0.029,0.908,-10.412,-5.229,-5.45,-0.384,-0.047,0.984,-10.458,0.794,-6.229,0.136,-0.386,0.793,-3.664,-0.74,-0.802,derecha
1780983517.8070765,-0.871,-0.164,0.528,-5.618,-14.687,-11.244,-0.636,-0.272,0.546,-6.542,-64.084,-9.55,-0.331,-0.059,0.573,-118.206,-56.504,-27.924,-0.277,-0.088,0.722,-138.0,1.756,-30.855,0.153,-0.371,0.78,-18.504,-18.359,-3.008,derecha
1780983517.9092646,-0.801,-0.154,0.53,-1.893,-7.153,-5.794,-0.511,-0.278,0.739,-9.282,1.916,-4.298,-0.482,-0.448,1.223,-19.985,-54.748,-0.626,-0.382,-0.344,0.826,-10.198,-11.573,-4.366,0.194,-0.393,0.8,0.893,6.611,-0.206,derecha
1780983518.0132606,-0.835,-0.163,0.548,0.901,5.046,-0.534,-0.667,-0.307,0.624,-7.183,-0.84,-0.893,-0.312,-0.352,0.911,-1.336,2.779,0.496,-0.292,-0.408,0.937,-0.313,5.489,-1.176,0.168,-0.408,0.763,-1.947,-0.237,-0.435,derecha
1780983518.1241806,-0.837,-0.162,0.547,-0.412,1.458,-0.458,-0.664,-0.311,0.637,-6.695,0.718,0.069,-0.312,-0.351,0.9,-0.664,0.611,0.092,-0.288,-0.405,0.929,1.206,6.099,-1.023,0.174,-0.411,0.773,-0.847,3.099,0.252,derecha
1780983518.2181962,-0.832,-0.157,0.552,-1.145,2.115,-0.924,-0.663,-0.312,0.629,-7.107,1.015,0.084,-0.316,-0.353,0.907,-0.901,0.443,0.282,-0.287,-0.408,0.925,0.794,6.748,-0.947,0.175,-0.409,0.769,-0.748,2.565,-0.13,derecha
1780983518.321585,-0.828,-0.165,0.555,-0.939,1.328,-0.588,-0.658,-0.31,0.626,-6.863,0.802,0.405,-0.312,-0.35,0.909,-0.71,-0.405,0.206,-0.284,-0.41,0.924,1.351,6.534,-0.649,0.182,-0.414,0.775,-0.481,2.115,0.183,derecha
1780983518.4258358,-0.841,-0.159,0.543,-1.069,1.084,-1.481,-0.66,-0.311,0.625,-6.809,0.328,-0.221,-0.316,-0.35,0.902,-0.519,0.366,0.504,-0.287,-0.41,0.925,1.16,7.153,-0.679,0.168,-0.415,0.776,-0.733,2.221,-0.023,derecha
1780983518.5370698,-0.833,-0.158,0.548,-0.412,1.672,-0.42,-0.661,-0.311,0.628,-6.908,0.603,-0.015,-0.314,-0.351,0.906,-0.901,0.168,-0.122,-0.281,-0.409,0.933,1.107,6.221,-0.122,0.172,-0.414,0.77,-0.824,2.405,-0.107,derecha
1780983521.3195324,-0.835,-0.16,0.553,-1.008,0.878,-1.053,-0.664,-0.311,0.629,-6.832,0.168,-0.389,-0.308,-0.359,0.902,-0.611,0.214,0.511,-0.28,-0.419,0.933,1.427,7.031,-0.542,0.176,-0.407,0.768,-0.664,1.389,0.405,derecha
1780983521.423363,-0.834,-0.158,0.548,-0.45,1.832,0.588,-0.667,-0.31,0.629,-6.611,1.099,0.427,-0.313,-0.356,0.904,-0.313,0.191,0.786,-0.282,-0.415,0.929,1.756,7.237,0.092,0.177,-0.414,0.766,-0.046,3.298,-0.275,derecha
1780983521.5146053,-0.836,-0.16,0.546,-1.069,1.473,-1.863,-0.658,-0.311,0.633,-6.725,-0.084,-0.511,-0.311,-0.359,0.898,-0.359,0.107,-0.13,-0.28,-0.414,0.929,1.275,6.672,-0.137,0.17,-0.409,0.773,-0.695,2.489,-0.198,derecha
1780983521.623622,-0.834,-0.161,0.548,-0.733,1.87,-0.26,-0.663,-0.315,0.633,-6.802,0.55,-0.122,-0.312,-0.361,0.902,-0.74,1.237,0.702,-0.282,-0.416,0.922,1.435,7.565,-0.275,0.173,-0.41,0.77,-0.855,1.336,0.176,derecha
1780983521.7374806,-0.833,-0.157,0.546,-0.534,1.26,0.198,-0.663,-0.31,0.63,-6.756,0.328,-0.55,-0.31,-0.358,0.91,-0.183,-1.405,-0.046,-0.28,-0.418,0.923,1.336,6.275,-0.015,0.171,-0.414,0.776,-0.427,4.267,-0.687,derecha
1780983521.8245597,-0.839,-0.16,0.548,-0.947,1.198,-1.023,-0.658,-0.314,0.629,-6.695,0.053,-1.267,-0.309,-0.358,0.901,-0.313,-0.061,-0.618,-0.279,-0.416,0.934,1.473,6.962,-0.191,0.17,-0.415,0.771,-1.137,0.466,0.519,derecha
1780983521.9322846,-0.834,-0.161,0.555,-0.382,1.595,-0.809,-0.661,-0.311,0.625,-6.237,0.542,-0.229,-0.315,-0.361,0.903,-0.344,0.061,-0.061,-0.287,-0.415,0.93,1.74,7.069,-0.26,0.17,-0.413,0.767,-0.046,3.977,-0.435,derecha
1780983522.037749,-0.838,-0.158,0.55,-0.901,0.87,-1.855,-0.663,-0.31,0.634,-6.252,-0.168,-1.107,-0.313,-0.357,0.901,0.046,-1.183,-0.832,-0.278,-0.415,0.926,2.023,6.038,-0.443,0.168,-0.411,0.769,-0.565,2.885,-0.153,derecha
1780983522.139533,-0.833,-0.159,0.553,-0.725,1.382,0.237,-0.664,-0.315,0.631,-6.359,0.794,0.137,-0.318,-0.36,0.914,2.107,4.115,1.099,-0.285,-0.424,0.946,2.908,10.534,0.412,0.172,-0.421,0.774,0.42,2.435,0.336,derecha
1780983522.2357295,-0.851,-0.152,0.542,2.672,-7.374,-1.405,-0.603,-0.309,0.689,-3.107,37.916,2.771,-0.053,-0.324,0.899,176.733,56.031,45.267,-0.148,-0.294,0.796,157.977,17.504,40.786,0.168,-0.4,0.762,23.725,21.74,3.71,derecha
1780983522.3389015,-0.841,-0.139,0.55,1.397,8.214,2.244,-0.783,-0.245,0.408,-19.374,58.878,8.939,-0.391,-0.035,0.744,50.221,28.588,6.901,-0.353,-0.076,0.807,61.282,25.863,12.382,0.146,-0.375,0.783,3.267,8.855,1.061,derecha
1780983522.4413493,-0.854,-0.13,0.534,1.634,7.061,1.0,-0.681,-0.237,0.43,-9.771,-4.221,-3.542,-0.432,-0.005,0.859,-6.947,-1.947,-1.183,-0.357,-0.032,0.965,-7.45,1.015,-4.786,0.148,-0.386,0.796,-4.466,0.679,-0.069,derecha
1780983522.5543172,-0.844,-0.136,0.544,-2.931,-4.901,-5.45,-0.748,-0.289,0.496,-18.084,-29.137,-10.847,-0.403,0.025,0.676,-47.924,-20.191,-12.336,-0.312,-0.022,0.73,-53.519,-4.939,-13.565,0.14,-0.379,0.781,-8.053,-4.397,-0.954,derecha
1780983522.6558495,-0.842,-0.161,0.548,-4.015,-11.0,-6.061,-0.647,-0.299,0.66,-3.229,-58.687,-11.84,-0.408,-0.529,1.296,-182.901,-72.252,-52.13,-0.677,-0.524,1.528,-133.87,-22.267,-42.809,0.187,-0.445,0.786,-13.618,-7.42,-1.427,derecha
1780983522.7506077,-0.843,-0.163,0.549,-2.656,-3.511,-2.473,-0.641,-0.314,0.667,-6.481,-2.29,-1.107,-0.305,-0.358,0.906,0.679,-2.672,0.015,-0.29,-0.404,0.921,-1.336,10.069,-1.519,0.175,-0.406,0.768,1.061,6.763,-0.412,derecha
1780983522.8547938,-0.83,-0.156,0.551,-1.26,1.863,-1.359,-0.658,-0.312,0.632,-7.153,0.382,-0.55,-0.309,-0.35,0.908,-0.847,-0.244,-0.13,-0.294,-0.407,0.916,0.931,6.183,-0.084,0.17,-0.409,0.776,-0.046,-0.542,0.305,derecha
1780983522.9568202,-0.831,-0.158,0.556,-0.198,1.137,0.137,-0.658,-0.314,0.636,-6.595,0.42,-0.214,-0.323,-0.348,0.904,-0.145,0.725,-0.046,-0.286,-0.41,0.931,0.977,7.267,0.374,0.174,-0.412,0.773,-0.061,3.885,-0.359,derecha
1780983523.0651722,-0.833,-0.157,0.555,-1.252,1.74,-1.557,-0.66,-0.314,0.636,-7.26,0.435,-0.664,-0.315,-0.353,0.898,-0.809,-0.198,-0.405,-0.29,-0.408,0.927,0.924,6.809,-0.885,0.175,-0.411,0.767,-1.061,1.183,-0.031,derecha
1780983523.1635776,-0.836,-0.16,0.556,-0.389,2.412,-0.008,-0.663,-0.313,0.634,-6.992,0.695,-0.382,-0.315,-0.356,0.903,-0.412,0.344,0.092,-0.289,-0.413,0.926,1.061,6.496,-0.702,0.175,-0.411,0.77,-0.588,2.053,0.023,derecha
1780983525.9443147,-0.835,-0.157,0.553,-0.664,1.26,-0.847,-0.667,-0.309,0.623,-6.939,0.405,-0.282,-0.317,-0.361,0.901,-0.282,-0.282,0.0,-0.289,-0.411,0.924,1.702,6.084,-0.305,0.175,-0.409,0.775,-0.351,3.588,-0.206,derecha
1780983526.0531492,-0.833,-0.155,0.548,-0.641,1.412,-0.099,-0.661,-0.309,0.627,-6.885,0.504,-0.26,-0.316,-0.359,0.902,-0.618,0.695,-0.313,-0.289,-0.414,0.922,1.87,7.687,-0.313,0.172,-0.412,0.773,-0.817,1.015,0.435,derecha
1780983526.159408,-0.834,-0.157,0.545,-0.664,1.763,-0.511,-0.664,-0.313,0.628,-6.656,0.519,-0.252,-0.318,-0.362,0.899,-0.374,-0.908,-0.321,-0.288,-0.42,0.923,1.618,6.672,-0.176,0.167,-0.416,0.779,-0.344,3.542,-0.389,derecha
1780983526.2532172,-0.839,-0.156,0.555,-1.092,1.153,-1.748,-0.662,-0.31,0.625,-6.763,-0.015,-0.656,-0.317,-0.36,0.903,0.336,-0.855,0.015,-0.286,-0.415,0.925,1.573,5.947,-0.061,0.174,-0.414,0.772,-0.71,1.992,0.069,derecha
1780983526.355868,-0.835,-0.155,0.55,-0.504,1.008,0.275,-0.662,-0.314,0.638,-6.466,0.397,-0.099,-0.314,-0.368,0.916,0.832,3.42,1.298,-0.252,-0.406,0.909,3.771,12.992,1.634,0.165,-0.411,0.777,1.855,5.527,-0.191,derecha
1780983526.4608574,-0.798,-0.155,0.568,3.779,4.046,2.008,-0.658,-0.276,0.594,-4.702,69.0,3.321,-0.109,-0.185,0.572,149.733,90.557,34.557,-0.242,-0.112,0.717,145.298,27.748,32.672,0.144,-0.394,0.786,19.656,28.679,6.313,derecha
1780983526.5651426,-0.854,-0.144,0.542,0.672,6.931,2.344,-0.697,-0.27,0.525,-2.176,17.931,0.046,-0.419,-0.046,0.842,30.26,14.893,7.145,-0.392,-0.074,1.003,34.511,9.718,6.534,0.131,-0.384,0.796,-0.046,2.427,-1.328,derecha
1780983526.666697,-0.859,-0.123,0.519,-0.656,-2.046,-4.626,-0.767,-0.295,0.555,-9.435,-11.649,-6.832,-0.477,-0.055,0.924,-11.328,-4.649,-2.55,-0.363,-0.06,0.982,-9.153,2.656,-4.802,0.129,-0.377,0.794,-0.939,3.595,-0.985,derecha
1780983526.7678218,-0.846,-0.145,0.534,-2.74,-5.435,-5.87,-0.747,-0.302,0.525,-9.511,-67.107,-9.855,-0.345,0.043,0.492,-106.588,-52.878,-28.13,-0.215,0.01,0.673,-138.13,10.115,-36.595,0.145,-0.372,0.792,-16.58,-18.863,-3.267,derecha
1780983526.8720303,-0.927,-0.202,0.585,1.153,-3.389,0.382,-0.673,-0.335,0.602,-10.779,24.16,1.008,-0.394,-0.407,1.058,-23.336,-39.366,-1.214,-0.31,-0.324,0.754,-20.42,15.588,0.298,0.173,-0.412,0.758,-0.305,5.55,-1.076,derecha
1780983526.9739604,-0.837,-0.158,0.551,-0.504,4.511,-1.053,-0.65,-0.307,0.647,-7.947,1.489,-0.916,-0.335,-0.359,0.903,-0.084,1.206,0.099,-0.298,-0.411,0.918,-1.389,5.969,-1.618,0.169,-0.404,0.764,-2.878,-3.214,-0.832,derecha
1780983527.0785863,-0.837,-0.161,0.548,-1.015,1.328,-0.763,-0.663,-0.313,0.63,-6.985,0.588,-0.321,-0.323,-0.357,0.901,-1.084,-0.13,-0.221,-0.289,-0.407,0.929,0.977,6.389,-0.565,0.172,-0.412,0.774,-0.947,2.695,0.122,derecha
1780983527.1801496,-0.836,-0.159,0.555,-0.733,1.603,-0.282,-0.663,-0.318,0.633,-6.931,0.229,-0.611,-0.321,-0.358,0.896,-0.115,-0.84,-0.519,-0.295,-0.406,0.922,1.191,6.389,-0.55,0.177,-0.413,0.776,-0.069,3.321,-0.214,derecha
1780983527.2828887,-0.833,-0.153,0.552,-1.092,1.504,-0.901,-0.665,-0.312,0.625,-7.145,0.305,-0.321,-0.322,-0.354,0.901,-0.656,0.412,0.275,-0.289,-0.415,0.92,0.55,7.076,-0.573,0.179,-0.414,0.774,-0.481,0.84,0.252,derecha
1780983527.396479,-0.835,-0.154,0.554,-0.878,2.252,-0.71,-0.668,-0.316,0.628,-6.901,0.389,-0.336,-0.32,-0.358,0.9,-0.557,-0.206,0.015,-0.295,-0.411,0.931,1.198,6.443,0.206,0.18,-0.408,0.779,-0.359,4.008,-0.611,derecha
1780983527.4892945,-0.83,-0.161,0.552,-1.42,1.664,-1.382,-0.666,-0.313,0.628,-6.87,0.481,-0.733,-0.321,-0.36,0.899,-0.794,0.664,-0.351,-0.292,-0.413,0.924,1.229,7.542,-0.244,0.178,-0.415,0.775,-0.58,1.13,0.321,derecha
1780983527.5924757,-0.833,-0.148,0.552,-0.481,1.038,0.145,-0.666,-0.309,0.631,-6.939,0.153,-0.382,-0.322,-0.362,0.904,-0.435,-0.168,0.557,-0.289,-0.414,0.926,1.611,6.718,-0.519,0.177,-0.417,0.773,-0.542,2.87,-0.244,derecha
1780983527.6984463,-0.832,-0.156,0.549,-1.443,1.389,-1.458,-0.664,-0.313,0.625,-7.092,0.099,-0.786,-0.316,-0.356,0.906,-0.366,0.321,0.298,-0.293,-0.412,0.918,1.725,6.267,-0.969,0.169,-0.407,0.766,-0.84,2.26,0.076,derecha
1780983527.8044362,-0.833,-0.161,0.551,-0.756,2.183,-0.718,-0.661,-0.314,0.631,-6.924,0.802,-0.13,-0.321,-0.357,0.893,-0.641,0.565,0.916,-0.28,-0.416,0.923,1.382,7.359,-0.672,0.178,-0.412,0.773,-1.198,1.527,0.053,derecha
1780983530.5816853,-0.834,-0.157,0.557,-0.824,0.824,-1.176,-0.665,-0.313,0.629,-6.511,0.519,-0.29,-0.318,-0.364,0.897,-0.214,-0.649,-0.374,-0.283,-0.416,0.925,1.962,6.282,-0.527,0.169,-0.411,0.776,-0.206,3.183,-0.366,derecha
1780983530.6823158,-0.836,-0.156,0.551,-0.695,1.733,0.122,-0.664,-0.315,0.624,-6.847,0.695,-0.275,-0.318,-0.364,0.9,-0.58,-0.137,0.191,-0.287,-0.416,0.917,1.389,6.969,-0.351,0.179,-0.415,0.772,-0.641,1.16,0.45,derecha
1780983530.7849174,-0.833,-0.156,0.546,-0.855,2.015,-1.069,-0.664,-0.315,0.625,-6.817,0.542,-0.466,-0.321,-0.365,0.896,-0.42,0.298,0.267,-0.285,-0.418,0.915,1.687,6.519,0.328,0.17,-0.42,0.764,-0.397,3.855,-0.695,derecha
1780983530.8892806,-0.834,-0.159,0.548,-0.71,1.031,-1.389,-0.664,-0.316,0.626,-6.664,0.382,-0.481,-0.316,-0.365,0.903,0.099,0.107,0.13,-0.283,-0.416,0.925,1.695,7.466,0.244,0.172,-0.407,0.778,-0.763,1.534,0.153,derecha
1780983530.9911482,-0.831,-0.158,0.546,-0.618,1.351,-0.107,-0.667,-0.314,0.625,-6.603,0.603,0.145,-0.319,-0.365,0.903,-0.42,-0.023,0.328,-0.283,-0.416,0.925,1.443,7.069,-0.336,0.175,-0.414,0.771,-0.534,2.779,-0.221,derecha
1780983531.0937462,-0.833,-0.158,0.55,-0.74,0.985,-0.763,-0.658,-0.31,0.633,-6.626,-0.16,-0.557,-0.318,-0.36,0.902,-0.061,-0.931,0.458,-0.286,-0.412,0.92,2.252,6.496,-0.328,0.173,-0.416,0.776,-0.344,3.137,-0.099,derecha
1780983531.205114,-0.838,-0.159,0.547,-0.534,2.214,0.191,-0.669,-0.315,0.624,-6.214,0.763,0.847,-0.327,-0.367,0.915,4.351,9.534,2.389,-0.291,-0.422,0.939,4.0,14.466,1.901,0.173,-0.406,0.771,1.511,2.336,1.053,derecha
1780983531.3105123,-0.822,-0.147,0.551,-0.237,10.672,1.649,-0.705,-0.311,0.582,-2.756,45.473,4.26,-0.293,-0.219,0.816,100.076,54.756,19.511,-0.289,-0.315,1.003,103.023,34.863,22.954,0.16,-0.389,0.784,10.565,21.481,3.053,derecha
1780983531.4053023,-0.843,-0.148,0.539,-0.321,7.374,2.031,-0.728,-0.301,0.544,-0.053,15.191,6.878,-0.435,-0.058,0.837,34.244,15.351,6.748,-0.319,-0.126,0.985,38.351,17.237,7.099,0.146,-0.38,0.802,0.504,-0.817,0.344,derecha
1780983531.5059142,-0.845,-0.14,0.539,-1.0,3.443,0.473,-0.72,-0.273,0.505,-7.382,0.481,-0.771,-0.443,-0.035,0.831,-6.336,-3.878,-2.496,-0.362,-0.073,0.985,-4.763,2.298,-3.71,0.142,-0.38,0.799,-3.542,-1.725,-0.427,derecha
1780983531.6195548,-0.84,-0.139,0.53,-2.191,-1.954,-5.26,-0.763,-0.298,0.533,-8.374,-29.779,-6.527,-0.379,0.017,0.579,-66.595,-24.58,-15.023,-0.312,-0.017,0.627,-61.84,-5.511,-11.023,0.143,-0.372,0.779,-8.832,-8.55,-1.725,derecha
1780983531.7383554,-0.839,-0.161,0.549,-3.061,-11.313,-5.298,-0.681,-0.295,0.632,-1.351,-34.511,-4.511,-1.008,-1.238,1.982,13.802,-44.13,-6.771,-0.085,-0.729,1.733,-40.954,-15.511,-13.908,0.24,-0.467,0.797,-7.55,4.626,-1.16,derecha
1780983531.8199935,-0.828,-0.164,0.564,-0.122,-2.374,-0.122,-0.649,-0.308,0.632,-8.0,4.595,-0.58,-0.318,-0.347,0.908,-1.481,3.321,0.046,-0.306,-0.414,0.925,-0.504,11.26,-0.313,0.174,-0.422,0.772,-2.702,6.611,-0.008,derecha
1780983531.9222808,-0.832,-0.158,0.556,-1.16,2.023,-0.435,-0.665,-0.315,0.632,-7.183,0.496,-0.527,-0.312,-0.354,0.899,-0.962,-1.504,-0.557,-0.282,-0.41,0.922,1.229,4.351,-0.641,0.174,-0.412,0.768,-0.863,1.511,-0.221,derecha
1780983532.0211198,-0.832,-0.161,0.557,-0.786,1.573,-0.977,-0.66,-0.311,0.628,-6.87,0.145,-0.527,-0.321,-0.355,0.901,-0.084,-0.053,0.26,-0.29,-0.412,0.923,1.374,6.977,0.282,0.182,-0.409,0.772,-0.511,1.962,0.076,derecha
1780983532.124408,-0.832,-0.158,0.548,-1.092,1.366,-1.046,-0.662,-0.311,0.627,-7.183,0.511,-0.16,-0.315,-0.356,0.905,-0.893,0.496,0.221,-0.291,-0.411,0.92,1.344,6.344,-0.214,0.177,-0.408,0.773,-0.511,2.931,0.176,derecha
1780983532.2315211,-0.83,-0.157,0.557,-0.641,1.237,-0.336,-0.662,-0.308,0.625,-6.656,0.397,-0.359,-0.312,-0.359,0.904,-0.84,0.282,0.664,-0.29,-0.408,0.926,1.336,6.542,-0.313,0.178,-0.412,0.776,-0.832,2.519,-0.076,derecha
1780983532.337889,-0.833,-0.155,0.558,-0.847,1.458,-0.511,-0.661,-0.312,0.631,-6.87,0.275,-0.137,-0.313,-0.358,0.902,-0.618,-0.252,0.351,-0.288,-0.409,0.927,1.183,7.42,-0.115,0.174,-0.417,0.77,-0.695,2.084,0.168,derecha
1780983532.4382606,-0.833,-0.158,0.55,-0.489,1.779,-0.924,-0.664,-0.312,0.632,-6.863,0.679,-0.252,-0.319,-0.357,0.899,-0.908,0.183,0.252,-0.287,-0.412,0.929,1.053,6.756,-0.802,0.172,-0.413,0.777,-0.672,2.298,0.038,derecha
1780983535.1166406,-0.837,-0.155,0.551,-0.809,1.214,-0.649,-0.666,-0.311,0.622,-6.817,0.084,-0.466,-0.324,-0.366,0.906,0.282,-1.137,-0.351,-0.284,-0.413,0.921,1.511,6.252,-0.359,0.173,-0.413,0.772,-0.145,3.45,-0.359,derecha
1780983535.2241752,-0.836,-0.16,0.553,-1.115,1.191,-1.267,-0.667,-0.314,0.624,-6.664,0.511,-0.336,-0.317,-0.364,0.899,-0.71,0.771,-0.176,-0.288,-0.418,0.927,1.336,7.855,-0.344,0.178,-0.409,0.783,-0.809,0.84,0.542,derecha
1780983535.31718,-0.833,-0.154,0.549,-0.603,2.099,-0.252,-0.666,-0.314,0.623,-6.718,0.672,-0.267,-0.322,-0.362,0.903,-0.115,0.053,0.069,-0.289,-0.419,0.922,1.695,6.389,-0.756,0.173,-0.413,0.774,-0.42,3.603,-0.672,derecha
1780983535.4203126,-0.836,-0.157,0.549,-1.115,1.435,-1.389,-0.664,-0.314,0.625,-7.038,0.359,-0.473,-0.312,-0.365,0.901,-0.656,-0.198,0.115,-0.29,-0.417,0.927,1.603,7.282,-0.771,0.175,-0.412,0.774,-0.519,1.069,0.366,derecha
1780983535.5294683,-0.835,-0.159,0.55,-0.679,1.55,-0.366,-0.666,-0.312,0.625,-6.672,0.588,-0.038,-0.317,-0.37,0.905,-0.725,0.412,0.412,-0.284,-0.419,0.926,1.504,6.702,-0.16,0.178,-0.412,0.775,-0.252,3.496,-0.344,derecha
1780983535.627866,-0.829,-0.157,0.55,-1.115,0.863,-2.198,-0.661,-0.31,0.625,-7.023,0.191,-0.466,-0.316,-0.361,0.901,-0.427,-0.84,0.015,-0.287,-0.417,0.921,1.771,6.466,-0.74,0.167,-0.409,0.774,-0.779,2.389,-0.046,derecha
1780983535.732298,-0.838,-0.157,0.547,-0.626,1.878,-0.435,-0.664,-0.315,0.628,-6.863,0.29,0.107,-0.319,-0.365,0.906,-0.351,-0.008,0.58,-0.291,-0.414,0.923,1.939,7.863,0.069,0.176,-0.418,0.778,-0.573,1.939,0.115,derecha
1780983535.8321621,-0.832,-0.154,0.556,-0.939,1.168,-1.198,-0.662,-0.313,0.629,-6.603,-0.153,-0.366,-0.317,-0.363,0.907,0.519,-1.229,0.618,-0.288,-0.415,0.925,2.198,6.679,-0.656,0.177,-0.409,0.772,0.641,3.328,-0.191,derecha
1780983535.9371822,-0.832,-0.149,0.543,0.748,-0.198,1.992,-0.713,-0.261,0.586,-6.954,11.031,0.511,-0.113,-0.521,1.068,236.252,45.725,73.527,-0.103,-0.511,1.182,176.076,5.023,55.16,0.186,-0.406,0.758,18.053,14.481,3.985,derecha
1780983536.038202,-0.832,-0.162,0.565,1.511,5.206,3.603,-0.705,-0.307,0.574,0.756,68.275,9.107,-0.398,-0.046,0.694,70.282,31.267,12.061,-0.29,-0.047,0.719,67.718,33.817,17.237,0.141,-0.382,0.789,11.16,23.969,1.618,derecha
1780983536.1425152,-0.844,-0.145,0.54,-0.702,6.008,0.824,-0.801,-0.299,0.54,-2.824,13.679,1.893,-0.479,-0.055,0.912,16.511,15.626,4.985,-0.379,-0.091,0.959,30.893,19.748,8.634,0.136,-0.372,0.797,0.809,0.855,0.595,derecha
1780983536.2464044,-0.848,-0.142,0.535,-1.267,3.198,-0.214,-0.723,-0.274,0.487,-6.214,3.656,1.618,-0.451,-0.014,0.86,-1.756,-0.008,-0.405,-0.371,-0.027,0.934,-0.855,6.557,-0.947,0.139,-0.378,0.795,-0.84,2.58,-0.237,derecha
1780983536.3549516,-0.842,-0.139,0.536,-2.489,-1.817,-5.344,-0.851,-0.31,0.568,-17.527,-32.954,-16.038,-0.392,0.051,0.591,-71.267,-30.466,-19.328,-0.333,-0.035,0.683,-67.725,-11.351,-17.023,0.133,-0.381,0.78,-10.954,-8.939,-0.901,derecha
1780983536.4505014,-0.844,-0.158,0.552,-3.611,-9.718,-5.198,-0.698,-0.335,0.636,-2.015,-43.206,-3.412,-0.444,-0.576,1.292,-143.221,-67.634,-41.305,-0.701,-0.706,1.464,-118.473,-27.229,-35.466,0.179,-0.431,0.788,-8.565,-9.939,-1.214,derecha
1780983536.553485,-0.842,-0.16,0.554,-1.878,-2.87,-1.618,-0.662,-0.308,0.623,-6.664,-0.29,0.366,-0.303,-0.361,0.945,0.168,-3.0,-0.55,-0.285,-0.401,0.922,-1.672,6.985,-1.641,0.181,-0.408,0.782,-1.229,4.397,-0.298,derecha
1780983536.6637535,-0.828,-0.159,0.554,-0.74,2.542,-0.611,-0.665,-0.313,0.628,-7.099,0.405,-0.679,-0.317,-0.355,0.898,-1.74,-0.397,0.023,-0.292,-0.412,0.924,1.061,4.992,-0.611,0.173,-0.41,0.776,-0.656,0.489,-0.389,derecha
1780983536.7595305,-0.834,-0.155,0.552,-0.565,1.435,-1.153,-0.665,-0.312,0.628,-7.351,0.153,-0.443,-0.319,-0.35,0.909,-1.031,-0.832,0.076,-0.29,-0.414,0.93,0.947,6.763,-0.916,0.178,-0.411,0.78,-0.328,2.366,-0.061,derecha
1780983536.8636465,-0.834,-0.159,0.554,-0.412,1.031,-0.389,-0.663,-0.309,0.632,-6.985,0.382,-0.534,-0.319,-0.356,0.907,-0.71,-0.122,0.298,-0.285,-0.409,0.923,1.397,6.351,-0.664,0.174,-0.413,0.775,-0.611,2.092,-0.023,derecha
1780983536.9712515,-0.836,-0.162,0.554,-0.794,1.855,-0.656,-0.662,-0.31,0.633,-6.733,0.237,-0.275,-0.318,-0.355,0.902,-0.634,0.046,0.275,-0.288,-0.41,0.921,1.466,6.985,-0.534,0.174,-0.415,0.779,-0.687,2.282,0.214,derecha
1780983537.0683775,-0.836,-0.158,0.554,-0.847,1.672,-0.87,-0.657,-0.309,0.624,-6.779,0.504,-0.733,-0.317,-0.354,0.897,-0.198,-0.427,0.763,-0.289,-0.416,0.925,1.511,6.672,-0.687,0.178,-0.408,0.774,-0.55,1.855,-0.107,derecha
1780983539.7508988,-0.832,-0.156,0.554,-0.26,1.534,0.733,-0.663,-0.314,0.628,-7.008,0.405,-0.137,-0.317,-0.356,0.897,-0.29,-0.26,0.008,-0.289,-0.412,0.923,1.863,6.534,-0.496,0.172,-0.415,0.77,-0.511,3.191,-0.267,derecha
1780983539.8495214,-0.832,-0.156,0.554,-0.809,1.099,-1.679,-0.661,-0.312,0.626,-6.802,0.061,-0.908,-0.311,-0.354,0.896,-0.71,0.328,-0.115,-0.289,-0.414,0.92,1.504,7.802,-0.832,0.173,-0.409,0.773,-0.427,2.664,0.153,derecha
1780983539.9535332,-0.835,-0.159,0.549,-0.74,1.702,-0.786,-0.663,-0.312,0.622,-6.992,0.443,-0.275,-0.316,-0.359,0.898,-0.427,0.122,-0.229,-0.285,-0.418,0.917,1.74,7.328,-0.267,0.174,-0.414,0.77,-0.588,2.168,0.16,derecha
1780983540.065668,-0.835,-0.157,0.542,-1.107,1.656,-1.45,-0.666,-0.312,0.63,-6.863,0.038,-0.84,-0.314,-0.361,0.895,-0.313,-0.336,-0.527,-0.285,-0.416,0.931,1.45,6.519,-0.244,0.17,-0.412,0.773,-0.702,2.656,-0.244,derecha
1780983540.1603243,-0.837,-0.159,0.546,-1.061,1.26,-0.275,-0.66,-0.313,0.628,-6.901,0.496,-0.473,-0.317,-0.363,0.897,-0.351,0.13,0.0,-0.282,-0.417,0.922,1.496,7.206,-0.74,0.183,-0.414,0.777,-0.45,1.305,0.298,derecha
1780983540.2688386,-0.837,-0.157,0.551,-1.16,1.275,-1.107,-0.663,-0.311,0.627,-6.725,-0.046,-0.695,-0.315,-0.363,0.904,0.366,-0.13,0.137,-0.284,-0.416,0.933,2.443,7.511,0.26,0.171,-0.409,0.77,0.16,4.397,-0.229,derecha
1780983540.365207,-0.838,-0.159,0.54,0.954,0.198,0.504,-0.687,-0.3,0.601,-7.779,12.939,-3.588,-0.259,-0.435,1.172,150.206,35.725,59.359,-0.135,-0.309,0.92,162.115,14.802,47.893,0.182,-0.423,0.775,18.725,17.908,3.74,derecha
1780983540.4671288,-0.83,-0.146,0.551,1.099,6.389,3.29,-0.687,-0.286,0.569,-6.29,46.992,4.206,-0.369,-0.058,0.774,72.702,37.122,11.885,-0.346,-0.112,0.908,88.74,16.847,20.809,0.148,-0.375,0.797,7.176,14.687,0.817,derecha
1780983540.5789387,-0.836,-0.144,0.535,1.908,8.427,3.504,-0.835,-0.299,0.516,0.176,26.756,11.252,-0.437,-0.003,0.83,22.298,12.908,6.855,-0.39,-0.006,0.9,28.176,16.412,8.55,0.129,-0.372,0.792,2.679,4.076,-0.031,derecha
1780983540.6736653,-0.846,-0.135,0.528,-1.672,2.992,-2.153,-0.737,-0.274,0.499,-7.511,-2.29,-4.405,-0.482,0.005,0.853,-6.244,-4.962,-2.13,-0.379,-0.011,0.958,-7.351,2.137,-3.489,0.137,-0.382,0.803,-2.42,-0.573,-1.053,derecha
1780983540.7817998,-0.846,-0.141,0.535,-3.023,-5.443,-7.183,-0.731,-0.296,0.531,-17.298,-27.931,-20.389,-0.39,0.003,0.669,-68.473,-25.725,-19.229,-0.325,0.0,0.72,-76.015,-9.618,-21.153,0.143,-0.386,0.799,-11.527,-5.252,-0.718,derecha
1780983540.8860776,-0.835,-0.16,0.559,-4.847,-8.183,-5.725,-0.634,-0.319,0.67,-3.076,-40.45,-4.832,-0.696,-0.937,2.0,-111.389,-129.649,-13.366,-0.427,-0.625,1.738,-89.954,-28.458,-17.466,0.183,-0.395,0.777,-12.595,-11.649,-2.496,derecha
1780983540.98705,-0.811,-0.149,0.552,-2.847,-1.412,-0.695,-0.683,-0.311,0.586,-6.366,-3.168,-0.427,-0.309,-0.359,0.913,-3.511,4.511,0.45,-0.289,-0.401,0.934,-0.611,13.962,-0.061,0.171,-0.412,0.776,0.336,10.71,0.16,derecha
1780983541.087374,-0.826,-0.157,0.552,-1.435,0.939,-1.634,-0.664,-0.317,0.628,-6.695,-0.076,-0.519,-0.316,-0.354,0.91,-0.84,-1.603,-0.656,-0.288,-0.414,0.93,1.282,5.992,-0.794,0.182,-0.42,0.779,-0.244,2.282,-0.053,derecha
1780983541.1884897,-0.832,-0.157,0.559,-0.443,1.473,-0.863,-0.664,-0.311,0.627,-6.939,0.588,-0.107,-0.311,-0.354,0.905,-0.901,0.115,0.282,-0.282,-0.412,0.925,0.817,6.901,-0.824,0.174,-0.411,0.769,-0.427,2.565,-0.412,derecha
1780983541.2986543,-0.833,-0.157,0.558,-1.069,1.45,-0.878,-0.658,-0.316,0.62,-7.038,0.557,-0.053,-0.311,-0.354,0.906,-0.672,1.145,-0.191,-0.292,-0.411,0.93,1.153,7.069,-0.771,0.176,-0.41,0.774,-0.756,1.634,0.069,derecha
1780983541.3984373,-0.84,-0.159,0.551,-0.809,1.298,-0.733,-0.668,-0.316,0.634,-6.725,0.458,-0.237,-0.311,-0.355,0.899,-0.702,-0.237,-0.229,-0.291,-0.415,0.928,0.931,6.137,-0.916,0.174,-0.406,0.771,-0.534,2.863,-0.229,derecha
1780983541.5037465,-0.837,-0.162,0.55,-0.863,1.328,-1.13,-0.664,-0.312,0.633,-7.023,0.405,-0.122,-0.319,-0.359,0.897,-0.298,-0.344,0.137,-0.288,-0.415,0.917,1.145,6.458,-0.527,0.177,-0.41,0.774,-0.672,1.695,0.092,derecha
1780983541.6008885,-0.837,-0.155,0.551,-0.763,2.099,-0.649,-0.667,-0.311,0.622,-6.618,0.45,-0.328,-0.313,-0.357,0.903,-0.489,0.542,0.092,-0.285,-0.417,0.921,1.122,6.427,-0.534,0.178,-0.411,0.775,-0.58,3.542,-0.595,derecha
1780983541.7038722,-0.833,-0.157,0.551,-1.412,1.542,-0.45,-0.664,-0.309,0.62,-6.702,0.366,-0.351,-0.316,-0.359,0.904,-0.489,0.42,0.458,-0.284,-0.414,0.922,1.168,7.206,-0.908,0.176,-0.409,0.776,-0.519,1.855,0.031,derecha
1780983544.3848126,-0.832,-0.159,0.548,-0.573,1.168,-0.237,-0.663,-0.312,0.628,-6.748,0.626,-0.443,-0.318,-0.362,0.902,-0.221,-0.198,0.489,-0.287,-0.417,0.932,1.779,6.534,-0.351,0.169,-0.414,0.777,-0.435,2.687,-0.038,derecha
1780983544.4904675,-0.833,-0.155,0.555,-0.504,1.42,-0.084,-0.667,-0.314,0.619,-6.71,0.229,-0.496,-0.312,-0.359,0.898,-0.191,-0.237,0.885,-0.283,-0.417,0.923,1.763,7.481,-0.481,0.17,-0.412,0.778,-0.595,2.191,0.115,derecha
1780983544.5991447,-0.833,-0.155,0.552,-1.015,1.595,-0.977,-0.667,-0.311,0.62,-6.74,0.427,-0.511,-0.317,-0.361,0.896,-0.412,-0.046,0.267,-0.284,-0.416,0.92,1.504,6.87,-0.176,0.171,-0.414,0.777,-0.389,3.321,-0.229,derecha
1780983544.6997166,-0.839,-0.161,0.551,-0.985,1.55,-1.084,-0.662,-0.313,0.623,-6.84,0.336,-0.718,-0.318,-0.361,0.9,-0.733,0.824,0.313,-0.285,-0.422,0.923,1.58,7.366,0.29,0.176,-0.413,0.774,-0.802,1.42,0.244,derecha
1780983544.8023725,-0.84,-0.152,0.553,-0.786,1.26,-0.695,-0.666,-0.314,0.623,-6.878,0.229,-0.74,-0.312,-0.36,0.9,-0.237,-1.031,0.351,-0.285,-0.421,0.918,1.931,6.252,-0.305,0.179,-0.417,0.774,-0.496,3.435,-0.328,derecha
1780983544.901838,-0.839,-0.155,0.552,-0.695,1.55,-0.458,-0.666,-0.313,0.626,-6.939,0.214,-0.412,-0.314,-0.365,0.899,-0.473,0.061,0.42,-0.281,-0.417,0.931,1.366,6.855,0.008,0.176,-0.413,0.773,-0.573,1.817,0.153,derecha
1780983545.004052,-0.834,-0.159,0.547,-0.603,1.786,-0.664,-0.665,-0.313,0.623,-6.664,-0.023,-0.397,-0.315,-0.363,0.905,0.084,-0.382,-0.13,-0.284,-0.42,0.923,2.198,7.221,0.634,0.175,-0.418,0.779,-0.534,3.328,-0.237,derecha
1780983545.1039622,-0.844,-0.16,0.547,0.55,-1.16,0.473,-0.664,-0.313,0.637,-4.031,7.977,1.496,-0.329,-0.431,1.088,20.489,27.656,10.336,-0.551,-0.501,1.162,67.351,22.901,15.252,0.161,-0.415,0.781,14.695,11.74,3.985,derecha
1780983545.211395,-0.838,-0.133,0.549,3.366,14.023,4.695,-0.677,-0.277,0.563,-3.603,46.435,4.344,-0.439,-0.123,0.864,82.321,48.931,14.153,-0.392,-0.167,0.935,97.954,19.13,20.374,0.143,-0.38,0.793,4.046,-0.321,2.481,derecha
1780983545.3107874,-0.841,-0.133,0.54,0.176,7.901,2.885,-0.735,-0.28,0.476,0.405,22.71,4.771,-0.471,-0.002,0.804,18.992,13.527,8.229,-0.365,-0.045,0.956,23.099,18.344,9.473,0.142,-0.376,0.798,3.855,2.878,-0.656,derecha
1780983545.4116747,-0.854,-0.131,0.535,-0.344,2.687,-0.618,-0.783,-0.285,0.514,-5.74,3.183,1.023,-0.463,0.01,0.805,-1.313,-2.55,-0.023,-0.351,0.013,0.879,-3.305,0.282,-3.046,0.134,-0.355,0.78,-1.71,-0.817,0.069,derecha
1780983545.515357,-0.84,-0.133,0.535,-1.412,3.0,-2.74,-0.717,-0.253,0.46,-11.908,-16.29,-11.832,-0.353,0.115,0.478,-55.153,-22.519,-14.496,-0.292,0.09,0.503,-69.198,-8.244,-16.107,0.132,-0.361,0.784,-11.885,-5.504,-1.473,derecha
1780983545.6204238,-0.843,-0.161,0.56,-4.611,-2.397,-2.985,-0.646,-0.305,0.606,-3.122,-38.214,-1.45,-0.448,-0.564,1.313,-137.557,-56.687,-39.771,-0.69,-0.79,2.0,-82.267,-63.748,-28.275,0.12,-0.388,0.778,-9.939,-10.336,-2.809,derecha
1780983545.7249238,-0.852,-0.172,0.539,-5.115,-1.71,-3.038,-0.637,-0.327,0.658,-6.29,-4.702,-0.878,-0.278,-0.359,0.918,0.931,1.344,0.321,-0.278,-0.399,0.936,-2.519,17.481,-0.489,0.173,-0.394,0.761,-1.565,10.183,0.565,derecha
1780983545.8290777,-0.827,-0.156,0.553,-1.084,1.13,-0.992,-0.665,-0.32,0.62,-6.504,-0.405,-0.389,-0.304,-0.354,0.899,-0.87,0.435,0.282,-0.283,-0.411,0.924,1.13,7.015,-0.618,0.177,-0.414,0.78,0.405,3.237,-0.916,derecha
1780983545.9353087,-0.835,-0.159,0.552,-0.702,1.931,0.053,-0.663,-0.313,0.626,-6.969,0.389,-0.282,-0.312,-0.357,0.908,-1.099,1.466,0.435,-0.276,-0.409,0.923,0.588,6.756,-0.412,0.175,-0.414,0.775,-0.565,1.542,-0.061,derecha
1780983546.0343335,-0.833,-0.159,0.556,-0.763,1.137,-0.374,-0.667,-0.309,0.618,-6.794,0.489,-0.58,-0.312,-0.355,0.906,-0.664,0.679,0.427,-0.28,-0.412,0.928,1.542,6.885,-0.573,0.165,-0.411,0.771,-0.679,2.939,-0.168,derecha
1780983546.1345315,-0.832,-0.155,0.559,-1.046,1.405,-0.969,-0.67,-0.31,0.621,-6.824,0.603,-0.527,-0.31,-0.36,0.902,-0.542,-0.328,0.412,-0.276,-0.413,0.925,1.511,7.023,-0.076,0.172,-0.416,0.778,-0.55,2.74,0.046,derecha
1780983546.2449908,-0.833,-0.154,0.553,-0.298,2.351,-0.313,-0.669,-0.31,0.624,-6.977,0.298,-0.191,-0.314,-0.358,0.904,-0.763,0.679,0.397,-0.284,-0.413,0.922,1.031,7.527,-0.519,0.174,-0.412,0.772,-0.802,1.176,0.313,derecha
1780983546.3388267,-0.834,-0.152,0.557,-0.947,1.412,-0.901,-0.665,-0.315,0.623,-6.863,0.496,-0.542,-0.308,-0.356,0.904,-0.481,0.061,-0.168,-0.279,-0.414,0.922,1.206,6.87,-0.031,0.177,-0.411,0.773,-0.351,2.038,-0.237,derecha
1780983549.017023,-0.833,-0.16,0.553,-0.954,1.298,-0.725,-0.668,-0.315,0.623,-6.664,0.405,-0.031,-0.312,-0.363,0.899,-0.427,0.351,0.832,-0.281,-0.42,0.921,1.527,7.504,0.656,0.175,-0.406,0.772,-0.412,3.198,-0.008,derecha
1780983549.1207745,-0.836,-0.154,0.554,-0.542,1.954,-0.458,-0.669,-0.312,0.624,-6.924,0.687,-0.107,-0.321,-0.363,0.896,-0.29,-0.137,0.504,-0.282,-0.418,0.927,1.763,6.878,-1.191,0.178,-0.411,0.776,-0.947,0.924,0.557,derecha
1780983549.2378852,-0.834,-0.157,0.553,-1.366,1.649,-1.298,-0.664,-0.312,0.626,-6.855,0.611,-0.397,-0.329,-0.362,0.902,-0.344,0.366,0.16,-0.284,-0.417,0.925,1.947,6.45,-0.824,0.171,-0.406,0.772,-0.359,1.809,-0.321,derecha
1780983549.3370292,-0.833,-0.156,0.553,-0.687,1.305,-0.282,-0.667,-0.312,0.622,-7.008,0.733,0.519,-0.311,-0.363,0.9,-0.344,0.214,0.351,-0.28,-0.415,0.918,1.725,7.214,-0.366,0.169,-0.402,0.766,-0.55,2.573,-0.084,derecha
1780983549.436814,-0.834,-0.154,0.552,-1.107,1.176,-1.26,-0.671,-0.314,0.625,-6.565,-0.191,-0.359,-0.322,-0.366,0.897,0.244,-0.038,-0.198,-0.276,-0.421,0.927,1.496,6.527,-0.443,0.178,-0.411,0.776,-0.496,3.137,-0.183,derecha
1780983549.5321476,-0.837,-0.155,0.556,-0.664,1.137,-0.336,-0.668,-0.315,0.625,-6.26,0.42,0.282,-0.315,-0.36,0.905,0.275,-1.214,0.366,-0.278,-0.418,0.93,2.664,6.626,-0.344,0.177,-0.406,0.772,-0.252,3.588,-0.435,derecha
1780983549.6360111,-0.838,-0.152,0.536,-0.092,-1.481,-0.099,-0.677,-0.266,0.567,-1.855,-7.443,1.618,-0.342,-0.433,1.073,17.87,26.435,6.87,-0.42,-0.4,1.168,75.305,23.679,26.023,0.177,-0.395,0.774,3.389,9.115,1.817,derecha
1780983549.7384555,-0.817,-0.135,0.559,2.679,17.053,6.107,-0.764,-0.279,0.66,6.534,35.947,12.267,-0.445,-0.083,0.828,76.954,42.023,10.168,-0.367,-0.203,1.052,102.702,11.084,19.962,0.132,-0.373,0.781,-1.13,-2.71,-1.939,derecha
1780983549.8504286,-0.839,-0.13,0.548,2.481,13.008,5.0,-0.74,-0.25,0.46,-1.878,19.122,11.473,-0.421,0.03,0.791,11.565,9.901,3.252,-0.368,-0.01,0.967,24.702,12.237,7.84,0.152,-0.378,0.787,-2.71,-0.687,-0.908,derecha
1780983549.9481704,-0.833,-0.119,0.516,-1.191,1.023,-1.702,-0.725,-0.242,0.49,-8.687,-3.282,-4.0,-0.437,0.005,0.817,-11.466,-7.374,-2.595,-0.363,0.003,0.983,-7.153,2.45,-5.344,0.139,-0.377,0.789,-1.519,-0.725,0.786,derecha
1780983550.0578198,-0.849,-0.136,0.537,-1.786,-0.847,-3.099,-0.736,-0.247,0.472,-15.122,-13.954,-8.084,-0.434,0.011,0.777,-31.298,-12.298,-8.519,-0.341,0.038,0.82,-34.015,-1.863,-8.328,0.144,-0.377,0.786,-2.87,0.344,0.305,derecha
1780983550.1570826,-0.837,-0.151,0.556,-2.542,-13.893,-5.359,-0.689,-0.328,0.655,-4.672,-58.427,-7.328,-0.248,-0.194,0.688,-160.687,-59.962,-44.092,-0.284,-0.299,0.954,-162.702,2.489,-45.55,0.178,-0.397,0.79,-17.359,-10.496,-1.679,derecha
1780983550.259296,-0.828,-0.162,0.575,2.412,7.763,0.87,-0.637,-0.314,0.653,-8.298,3.794,0.733,-0.303,-0.344,0.905,-6.87,5.55,-1.305,-0.242,-0.359,0.871,-31.351,9.649,-13.031,0.173,-0.406,0.769,-6.046,0.473,-1.13,derecha
1780983550.3572893,-0.836,-0.156,0.548,-0.794,0.855,0.031,-0.663,-0.314,0.629,-7.008,-0.267,-0.496,-0.315,-0.351,0.896,-1.275,-2.763,-0.45,-0.287,-0.409,0.922,0.137,3.931,-0.641,0.184,-0.407,0.772,-0.519,2.458,-0.305,derecha
1780983550.464562,-0.829,-0.156,0.555,-1.153,2.031,-1.145,-0.659,-0.311,0.627,-7.466,1.069,-0.756,-0.315,-0.355,0.907,-1.275,0.244,-0.008,-0.29,-0.409,0.93,0.84,6.099,-0.542,0.177,-0.413,0.766,-0.55,1.847,0.115,derecha
1780983550.5735881,-0.831,-0.156,0.556,-0.756,1.183,-0.672,-0.66,-0.308,0.625,-6.718,0.359,-0.206,-0.317,-0.357,0.901,-0.885,0.229,0.55,-0.285,-0.414,0.928,0.87,6.153,-0.473,0.18,-0.413,0.774,-0.183,2.878,-0.069,derecha
1780983550.665058,-0.835,-0.156,0.556,-0.916,0.954,-0.237,-0.667,-0.309,0.628,-6.908,0.191,-0.16,-0.313,-0.357,0.904,-0.443,-0.107,0.618,-0.285,-0.412,0.931,1.313,6.794,-0.748,0.186,-0.407,0.773,-0.901,1.443,0.168,derecha
1780983550.7694335,-0.833,-0.157,0.551,-0.939,1.588,-0.977,-0.661,-0.311,0.631,-6.916,0.282,-0.962,-0.315,-0.363,0.904,-0.641,0.0,0.153,-0.289,-0.413,0.927,1.176,7.061,-0.863,0.182,-0.406,0.77,-0.374,2.16,-0.16,derecha
1780983550.8743346,-0.832,-0.158,0.551,-0.725,2.183,-0.908,-0.661,-0.309,0.634,-7.13,0.588,0.015,-0.315,-0.359,0.9,-0.656,0.122,0.626,-0.287,-0.415,0.921,1.702,7.252,-0.374,0.177,-0.41,0.771,-0.084,3.176,-0.198,derecha
1780983550.9741642,-0.837,-0.158,0.557,-1.137,1.534,-1.42,-0.662,-0.313,0.626,-7.107,0.206,-0.748,-0.317,-0.357,0.908,-0.504,0.626,0.0,-0.291,-0.414,0.931,1.053,7.053,-0.061,0.177,-0.416,0.772,-0.954,2.58,0.267,derecha
1780983553.6519947,-0.834,-0.157,0.549,-1.183,1.069,-2.023,-0.663,-0.312,0.628,-6.763,0.229,-0.473,-0.315,-0.364,0.898,-0.588,0.168,-0.023,-0.289,-0.422,0.929,1.511,6.924,-0.29,0.172,-0.409,0.773,-0.427,2.099,0.191,derecha
1780983553.764032,-0.829,-0.154,0.551,-0.305,1.939,-0.55,-0.665,-0.313,0.629,-6.679,0.565,-0.221,-0.316,-0.362,0.896,-0.137,-0.603,0.397,-0.286,-0.422,0.918,1.595,6.611,-0.107,0.175,-0.419,0.775,-0.336,3.519,-0.382,derecha
1780983553.8690865,-0.833,-0.155,0.556,-0.947,1.328,-0.511,-0.664,-0.316,0.631,-6.969,0.511,-0.405,-0.318,-0.361,0.892,-0.42,0.756,0.16,-0.282,-0.42,0.925,1.305,7.282,-0.71,0.176,-0.406,0.777,-0.847,1.092,0.466,derecha
1780983553.9646275,-0.836,-0.161,0.555,-0.672,1.153,-0.573,-0.664,-0.314,0.627,-6.916,0.321,-0.344,-0.317,-0.366,0.897,-0.321,0.321,0.42,-0.289,-0.424,0.923,1.443,6.725,-0.351,0.182,-0.411,0.771,-0.366,2.061,-0.084,derecha
1780983554.0643625,-0.837,-0.16,0.552,-1.168,1.206,-0.763,-0.664,-0.311,0.624,-6.649,0.42,-0.176,-0.316,-0.364,0.897,-0.13,-0.947,0.443,-0.283,-0.42,0.926,2.359,6.87,-0.481,0.179,-0.41,0.774,-0.473,3.557,-0.023,derecha
1780983554.1675372,-0.83,-0.157,0.548,-1.023,1.137,-1.313,-0.662,-0.314,0.625,-6.595,-0.786,-0.924,-0.309,-0.362,0.9,0.58,-1.206,-0.076,-0.278,-0.418,0.924,2.58,7.916,-0.504,0.175,-0.41,0.774,-0.023,3.924,-0.13,derecha
1780983554.2704854,-0.823,-0.162,0.56,-0.534,2.366,1.275,-0.667,-0.303,0.589,-4.359,3.718,-0.313,-0.703,-0.601,1.577,108.427,12.344,84.214,-0.572,-0.652,1.432,115.321,14.023,55.481,0.194,-0.418,0.757,11.16,7.435,3.237,derecha
1780983554.3730829,-0.83,-0.154,0.551,1.977,12.603,3.221,-0.722,-0.293,0.542,-4.924,36.695,5.473,-0.487,-0.133,0.929,66.786,41.725,15.542,-0.405,-0.117,0.915,94.183,3.649,20.344,0.136,-0.378,0.79,3.901,3.351,2.176,derecha
1780983554.4849534,-0.847,-0.136,0.544,-0.786,4.031,-0.382,-0.761,-0.293,0.526,-4.466,8.595,1.931,-0.472,-0.05,0.93,14.863,10.534,4.916,-0.383,-0.059,0.995,41.099,6.359,10.817,0.149,-0.384,0.8,3.076,4.672,-0.313,derecha
1780983554.57947,-0.847,-0.148,0.547,0.328,3.779,1.389,-0.775,-0.286,0.514,-2.985,12.374,4.206,-0.472,0.008,0.818,4.901,2.626,3.634,-0.356,0.04,0.911,5.427,7.656,1.71,0.138,-0.357,0.781,-1.122,0.374,-2.267,derecha
1780983554.6861732,-0.841,-0.14,0.542,-1.282,6.244,-0.649,-0.748,-0.286,0.497,-10.588,-1.71,-7.099,-0.423,0.032,0.73,-22.931,-9.779,-9.511,-0.342,0.069,0.719,-33.313,-5.076,-12.26,0.146,-0.37,0.788,-9.794,-1.282,-1.595,derecha
1780983554.7854183,-0.817,-0.159,0.562,-6.962,-16.504,-6.603,-0.672,-0.334,0.625,-8.305,-66.611,-5.061,-0.283,-0.465,0.958,-224.687,-76.145,-65.511,-0.302,-0.483,1.048,-198.924,-4.145,-65.656,0.177,-0.429,0.79,-13.947,-3.947,-4.069,derecha
1780983554.8883834,-0.829,-0.149,0.558,-2.557,7.519,-1.382,-0.69,-0.313,0.607,-6.702,1.183,-1.137,-0.422,-0.35,0.789,1.435,-11.153,-0.55,-0.173,-0.4,1.033,4.412,-6.641,-1.489,0.172,-0.401,0.781,3.908,-8.214,-0.718,derecha
1780983554.9930284,-0.833,-0.159,0.559,-0.557,3.45,-0.649,-0.662,-0.311,0.624,-7.237,1.031,-0.87,-0.303,-0.35,0.884,-0.763,3.168,0.443,-0.29,-0.415,0.928,0.504,6.191,-1.015,0.179,-0.411,0.77,-0.809,1.565,-0.542,derecha
1780983555.100911,-0.831,-0.158,0.553,-0.634,1.618,-0.458,-0.668,-0.311,0.627,-6.74,0.634,0.153,-0.311,-0.355,0.904,-0.748,1.13,0.16,-0.283,-0.41,0.932,0.229,7.58,-0.771,0.182,-0.412,0.766,-0.397,3.481,-0.275,derecha
1780983555.2015252,-0.83,-0.152,0.56,-1.115,1.687,-1.206,-0.668,-0.315,0.623,-6.977,0.137,-0.611,-0.317,-0.356,0.904,-0.412,0.496,-0.275,-0.29,-0.413,0.928,1.153,6.45,-1.0,0.177,-0.414,0.776,-0.901,1.053,0.313,derecha
1780983555.3074555,-0.834,-0.159,0.55,-0.87,0.42,-1.397,-0.666,-0.313,0.623,-6.939,0.481,-0.588,-0.319,-0.357,0.905,-0.84,-0.084,0.053,-0.285,-0.414,0.922,1.382,7.176,-0.893,0.176,-0.41,0.774,-0.565,1.847,0.015,derecha
1780983555.411401,-0.827,-0.158,0.559,-0.878,1.656,-0.634,-0.665,-0.315,0.622,-6.733,0.092,-0.221,-0.319,-0.362,0.902,-0.939,-0.137,0.26,-0.29,-0.416,0.927,1.115,7.412,-0.382,0.172,-0.412,0.774,-0.336,2.947,-0.13,derecha
1780983555.5064495,-0.83,-0.157,0.548,-1.031,1.832,-1.702,-0.661,-0.314,0.626,-7.076,0.244,-0.458,-0.317,-0.355,0.898,-0.947,0.725,-0.237,-0.29,-0.413,0.924,1.206,6.878,-0.397,0.184,-0.409,0.774,-1.053,2.634,-0.122,derecha
1780983555.6093552,-0.836,-0.16,0.56,-0.702,1.084,-0.588,-0.67,-0.313,0.621,-7.053,0.618,-0.153,-0.32,-0.361,0.898,-0.733,-0.061,0.489,-0.284,-0.422,0.924,1.137,7.26,-0.397,0.183,-0.409,0.772,-0.595,2.458,-0.45,derecha
1780983558.2877443,-0.836,-0.152,0.561,-0.733,1.618,0.107,-0.665,-0.316,0.624,-6.855,0.427,-0.382,-0.317,-0.365,0.904,-0.244,-0.26,0.023,-0.28,-0.422,0.917,1.496,6.206,0.092,0.179,-0.409,0.771,-0.198,3.481,-0.313,derecha
1780983558.3902664,-0.83,-0.153,0.561,-0.771,1.58,-1.397,-0.668,-0.315,0.619,-6.977,-0.183,-0.969,-0.323,-0.364,0.898,-0.42,0.298,-0.298,-0.283,-0.423,0.924,1.435,7.137,-0.504,0.18,-0.414,0.775,-0.221,1.42,0.382,derecha
1780983558.4971762,-0.834,-0.162,0.551,-0.603,1.252,-1.038,-0.668,-0.315,0.618,-6.573,0.405,-0.641,-0.322,-0.364,0.896,-0.481,0.229,-0.458,-0.286,-0.42,0.922,1.71,6.313,-0.427,0.183,-0.415,0.767,-0.328,2.962,-0.412,derecha
1780983558.5967019,-0.835,-0.155,0.556,-0.824,1.366,-0.672,-0.67,-0.313,0.618,-7.038,0.305,-0.55,-0.318,-0.36,0.894,-0.504,0.031,-0.137,-0.282,-0.42,0.922,1.58,6.939,-1.023,0.173,-0.409,0.771,-0.992,0.748,0.374,derecha
1780983558.7052581,-0.839,-0.162,0.554,-0.931,1.557,-0.481,-0.666,-0.312,0.623,-6.786,0.191,-0.534,-0.312,-0.364,0.9,-0.198,-0.42,-0.252,-0.29,-0.423,0.924,1.702,6.634,-0.443,0.181,-0.408,0.772,-0.053,3.137,-0.206,derecha
1780983558.8031957,-0.832,-0.158,0.557,-0.649,1.672,-1.443,-0.67,-0.312,0.614,-7.031,0.42,-0.145,-0.322,-0.364,0.896,-0.626,0.42,-0.038,-0.283,-0.422,0.922,1.26,6.916,-0.725,0.179,-0.406,0.774,-0.275,2.656,-0.29,derecha
1780983558.9059403,-0.831,-0.155,0.547,-1.023,1.412,-1.313,-0.669,-0.312,0.618,-6.817,0.565,-0.992,-0.32,-0.363,0.895,-0.168,0.084,-0.519,-0.285,-0.423,0.92,1.924,6.885,-0.702,0.177,-0.41,0.775,-0.649,2.015,0.008,derecha
1780983559.0086865,-0.83,-0.158,0.557,-0.489,0.282,-0.595,-0.668,-0.313,0.624,-6.153,-0.55,-0.405,-0.321,-0.368,0.886,1.855,-3.275,0.611,-0.293,-0.421,0.928,3.824,5.824,-0.374,0.179,-0.405,0.781,0.267,3.084,-0.412,derecha
1780983559.1238692,-0.829,-0.159,0.561,-0.687,-0.008,-0.206,-0.668,-0.312,0.628,-4.695,-1.069,0.908,-0.369,-0.356,0.957,6.313,10.649,-0.16,-0.067,-0.41,1.045,17.015,2.84,12.809,0.18,-0.406,0.771,-0.802,1.183,1.237,derecha
1780983559.2160833,-0.817,-0.163,0.571,0.061,9.748,1.496,-0.658,-0.293,0.635,-2.763,44.206,3.794,-0.318,-0.233,0.936,101.702,42.71,23.282,-0.342,-0.326,1.024,101.16,25.786,30.221,0.158,-0.389,0.783,5.725,17.275,3.023,derecha
1780983559.3175979,-0.85,-0.15,0.546,3.779,13.046,7.046,-0.737,-0.297,0.551,-5.71,31.328,1.282,-0.386,-0.028,0.817,42.748,18.26,14.588,-0.334,-0.085,0.988,52.939,6.412,12.656,0.134,-0.379,0.802,3.519,-3.023,1.252,derecha
1780983559.425412,-0.89,-0.117,0.525,3.588,8.969,-2.26,-0.679,-0.219,0.436,-11.427,2.069,5.282,-0.407,0.029,0.842,15.267,10.366,10.0,-0.324,0.042,0.898,29.832,7.893,10.557,0.137,-0.366,0.789,1.26,-3.252,0.939,derecha
1780983559.5407784,-0.855,-0.13,0.523,1.053,3.053,-2.977,-0.691,-0.244,0.504,-7.969,12.031,3.733,-0.416,0.052,0.794,-7.809,2.031,4.412,-0.302,0.093,0.961,3.58,6.206,4.351,0.147,-0.348,0.789,-3.153,1.412,0.031,derecha
1780983559.626902,-0.854,-0.145,0.53,-0.588,0.603,-2.145,-0.793,-0.272,0.477,-6.359,-5.573,-4.992,-0.448,0.005,0.909,-13.542,-8.076,-4.939,-0.355,0.049,0.984,-15.038,-3.069,-8.611,0.146,-0.368,0.795,-5.374,-0.008,0.863,derecha
1780983559.741796,-0.851,-0.146,0.529,-5.511,-8.046,-6.038,-0.758,-0.285,0.453,-17.985,-38.87,-24.947,-0.36,0.078,0.569,-95.038,-33.008,-22.924,-0.289,-0.022,0.607,-103.344,-0.313,-27.939,0.156,-0.358,0.795,-16.809,-14.198,-4.031,derecha
1780983559.840933,-0.824,-0.171,0.561,-3.252,-11.534,-1.794,-0.636,-0.312,0.649,-3.634,-28.427,-1.275,-0.675,-0.78,1.243,25.13,0.076,-4.053,-0.271,-0.707,1.665,-54.29,-10.122,-15.42,0.214,-0.459,0.758,-4.641,9.198,-1.87,derecha
1780983559.9353817,-0.815,-0.164,0.577,-0.42,-2.458,-1.809,-0.658,-0.319,0.626,-7.191,1.015,-0.84,-0.314,-0.358,0.921,-3.298,-2.557,0.58,-0.335,-0.397,0.845,-2.252,15.863,-1.534,0.175,-0.403,0.777,1.183,9.809,-0.16,derecha
1780983560.0386484,-0.827,-0.162,0.563,-0.13,3.015,-0.603,-0.665,-0.312,0.63,-7.107,0.626,-0.198,-0.317,-0.353,0.9,-1.023,-0.74,0.206,-0.281,-0.413,0.927,0.718,5.244,-0.985,0.159,-0.459,0.786,-3.992,4.115,-1.092,derecha
1780983560.141818,-0.826,-0.16,0.561,-0.794,1.366,-1.023,-0.66,-0.312,0.634,-6.878,0.748,-0.183,-0.317,-0.354,0.905,-0.756,0.885,-0.405,-0.284,-0.41,0.926,1.046,7.26,-0.771,0.185,-0.411,0.761,-0.611,2.458,0.023,derecha
1780983560.2448142,-0.828,-0.163,0.559,-0.695,1.481,-0.282,-0.662,-0.315,0.624,-6.939,0.443,-0.351,-0.316,-0.354,0.903,-0.489,-0.221,-0.435,-0.287,-0.414,0.929,1.069,6.977,-0.672,0.181,-0.406,0.774,-0.664,2.16,0.137,derecha
1780983562.9224563,-0.83,-0.16,0.55,-0.374,2.191,-0.015,-0.67,-0.319,0.626,-6.763,0.626,-0.107,-0.323,-0.363,0.904,-0.328,-1.031,0.221,-0.279,-0.421,0.926,1.656,5.786,0.229,0.189,-0.413,0.777,-0.664,3.511,-0.359,derecha
1780983563.0256996,-0.827,-0.164,0.555,-0.962,2.122,-0.641,-0.661,-0.313,0.63,-6.702,0.634,-0.191,-0.321,-0.361,0.898,-0.489,1.0,0.153,-0.286,-0.422,0.918,1.176,6.878,-0.16,0.185,-0.408,0.768,-0.855,1.168,0.389,derecha
1780983563.1289651,-0.827,-0.166,0.559,-1.015,1.061,-1.412,-0.661,-0.32,0.624,-6.947,0.206,-0.389,-0.319,-0.366,0.901,-0.641,0.962,0.122,-0.285,-0.423,0.924,1.595,7.206,-0.015,0.183,-0.412,0.769,-0.527,1.802,-0.107,derecha
1780983563.2320132,-0.803,-0.16,0.579,-0.74,-3.427,-2.832,-0.646,-0.319,0.632,-9.115,-0.305,-0.87,-0.334,-0.392,0.886,-1.603,-0.031,2.489,-0.307,-0.434,0.911,1.412,13.809,1.031,0.181,-0.381,0.749,-0.519,4.023,-2.26,derecha
1780983563.3351843,-0.832,-0.161,0.544,-1.412,3.84,-0.641,-0.671,-0.318,0.62,-6.191,-0.611,-0.702,-0.317,-0.36,0.901,-1.221,-2.076,-0.855,-0.271,-0.426,0.925,1.183,3.374,-2.046,0.201,-0.429,0.777,-3.466,1.672,0.565,derecha
1780983563.4500957,-0.827,-0.166,0.561,-0.603,2.489,-0.359,-0.666,-0.317,0.625,-6.656,1.321,-0.038,-0.323,-0.361,0.897,-0.008,1.534,0.794,-0.287,-0.418,0.913,2.031,6.382,-0.168,0.179,-0.412,0.767,-1.115,3.405,-0.29,derecha
1780983563.5408576,-0.828,-0.168,0.559,-0.756,0.313,-1.412,-0.662,-0.316,0.617,-6.695,-0.16,-0.084,-0.321,-0.362,0.894,0.305,-1.321,0.817,-0.284,-0.419,0.928,2.176,8.573,-0.313,0.189,-0.406,0.776,-0.794,2.13,0.084,derecha
1780983563.6438823,-0.81,-0.143,0.57,-0.84,-3.198,-0.053,-0.66,-0.302,0.642,-5.015,10.191,1.985,-0.463,-0.412,1.521,34.336,0.855,27.947,-0.518,-0.598,1.377,62.076,2.71,19.954,0.15,-0.382,0.772,2.183,7.748,2.725,derecha
1780983563.750037,-0.838,-0.157,0.558,0.16,1.092,1.473,-0.694,-0.313,0.594,-4.702,31.84,2.725,-0.32,-0.206,0.945,92.809,32.595,21.847,-0.326,-0.254,1.039,111.115,14.992,32.214,0.159,-0.404,0.792,16.74,11.481,4.107,derecha
1780983563.8498847,-0.846,-0.15,0.551,1.939,6.969,3.802,-0.728,-0.28,0.532,0.588,22.985,14.649,-0.422,-0.033,0.944,49.237,23.153,11.847,-0.291,-0.065,1.013,73.374,9.214,11.802,0.137,-0.38,0.788,5.672,4.824,1.603,derecha
1780983563.9631968,-0.838,-0.134,0.542,1.992,5.137,-0.328,-0.784,-0.302,0.54,-9.183,17.023,7.366,-0.463,0.013,0.873,12.756,12.908,5.008,-0.259,0.011,1.046,35.015,25.344,8.847,0.129,-0.364,0.791,3.435,2.763,0.198,derecha
1780983564.0559826,-0.833,-0.128,0.537,-1.969,-0.534,-2.733,-0.724,-0.267,0.504,-11.412,-2.847,-8.809,-0.509,0.013,0.897,-6.725,-0.412,-5.16,-0.372,0.01,1.015,-8.084,4.718,-4.137,0.14,-0.349,0.836,-1.55,4.328,-0.634,derecha
1780983564.159122,-0.867,-0.114,0.532,-2.885,-9.443,-7.557,-0.708,-0.244,0.448,-20.267,-45.389,-25.641,-0.356,0.004,0.755,-72.351,-46.511,-27.71,-0.286,0.003,0.897,-91.145,-28.038,-32.282,0.13,-0.382,0.817,-18.366,-14.687,-0.573,derecha
1780983564.273016,-0.822,-0.135,0.56,-7.466,-12.427,-5.947,-0.703,-0.306,0.583,-8.779,-73.649,-2.153,-0.394,-0.409,0.928,-214.588,-81.542,-63.282,-0.338,-0.435,1.045,-192.076,-22.534,-62.344,0.18,-0.401,0.782,-24.916,-17.489,-6.573,derecha
1780983564.3741372,-0.827,-0.152,0.562,-0.939,2.969,-1.939,-0.623,-0.32,0.691,-7.435,4.015,0.176,-0.309,-0.366,0.928,1.985,-8.328,-1.053,-0.291,-0.414,0.918,-2.229,-6.405,-1.42,0.185,-0.405,0.764,-0.763,-6.435,-0.901,derecha
1780983564.4681368,-0.833,-0.165,0.552,-0.748,1.901,-0.626,-0.664,-0.318,0.614,-7.16,0.916,-0.504,-0.325,-0.358,0.899,-1.824,1.748,-0.214,-0.285,-0.416,0.924,0.107,7.076,-1.038,0.183,-0.412,0.777,-1.321,2.344,-0.176,derecha
1780983564.5714777,-0.835,-0.16,0.55,-0.389,2.0,0.649,-0.669,-0.305,0.618,-6.855,0.473,0.008,-0.313,-0.348,0.899,-0.496,-0.817,-0.374,-0.278,-0.411,0.934,1.015,4.802,-1.053,0.183,-0.415,0.773,-0.802,1.519,-0.092,derecha
1780983564.6740553,-0.823,-0.165,0.558,-1.374,1.534,-1.214,-0.664,-0.317,0.616,-7.557,0.427,-0.313,-0.322,-0.361,0.902,-1.046,2.397,-0.412,-0.281,-0.418,0.919,0.954,8.176,-0.679,0.18,-0.404,0.776,-1.122,1.16,-0.237,derecha
1780983564.7900994,-0.829,-0.162,0.564,-0.71,1.183,-0.641,-0.67,-0.318,0.627,-6.618,0.427,-0.603,-0.319,-0.36,0.896,-0.634,0.092,0.252,-0.28,-0.417,0.923,0.733,7.626,-0.405,0.185,-0.41,0.771,-0.321,4.298,-0.427,derecha
1780983564.8799288,-0.829,-0.16,0.552,-0.855,1.42,-0.908,-0.668,-0.313,0.617,-7.137,0.076,-0.718,-0.318,-0.358,0.902,-0.756,-0.412,-0.092,-0.285,-0.42,0.927,1.13,7.046,-0.695,0.182,-0.414,0.77,-0.832,1.191,0.282,derecha
1780983567.5643952,-0.831,-0.164,0.56,-0.542,1.443,-0.756,-0.672,-0.321,0.615,-6.748,0.412,-0.328,-0.321,-0.365,0.896,-0.374,0.634,0.305,-0.28,-0.426,0.927,1.321,6.977,-0.015,0.173,-0.406,0.769,-0.595,1.855,-0.275,derecha
1780983567.6615489,-0.832,-0.165,0.558,-1.221,1.374,-0.748,-0.669,-0.32,0.615,-6.71,0.389,-0.053,-0.315,-0.368,0.89,-0.031,-0.198,0.855,-0.281,-0.428,0.927,1.702,6.771,-0.153,0.178,-0.4,0.772,-0.107,2.718,-0.153,derecha
1780983567.7645826,-0.83,-0.171,0.558,-0.672,0.779,-0.794,-0.668,-0.314,0.62,-6.939,0.153,-0.87,-0.321,-0.365,0.894,-0.29,-0.206,0.298,-0.282,-0.427,0.917,1.198,7.679,-0.092,0.173,-0.412,0.769,-0.718,1.863,0.252,derecha
1780983567.8800604,-0.829,-0.165,0.554,-0.702,1.061,-0.931,-0.669,-0.318,0.617,-6.458,0.366,-0.26,-0.318,-0.372,0.899,-0.237,-0.443,0.611,-0.281,-0.428,0.924,1.511,6.55,-0.16,0.18,-0.408,0.778,-0.076,4.924,-0.542,derecha
1780983567.9748223,-0.834,-0.165,0.553,-0.847,2.107,-0.718,-0.669,-0.317,0.625,-6.718,0.076,-0.435,-0.321,-0.364,0.897,-0.092,-0.168,-0.015,-0.281,-0.426,0.922,1.641,6.504,-0.756,0.181,-0.416,0.774,-0.802,1.267,0.565,derecha
1780983568.0807126,-0.835,-0.166,0.558,-1.16,1.672,-0.885,-0.669,-0.321,0.618,-6.664,0.389,-0.374,-0.322,-0.367,0.899,-0.191,-0.573,0.092,-0.279,-0.43,0.921,2.198,6.924,-0.351,0.18,-0.406,0.769,-0.557,1.695,-0.305,derecha
1780983568.1759593,-0.829,-0.165,0.55,-0.534,0.84,-0.397,-0.668,-0.319,0.621,-6.267,-0.267,0.122,-0.342,-0.372,0.914,2.412,1.405,0.458,-0.275,-0.427,0.929,2.885,8.733,-0.061,0.194,-0.409,0.768,1.099,3.183,0.84,derecha
1780983568.2914453,-0.852,-0.145,0.553,3.214,-2.893,-0.405,-0.649,-0.351,0.623,-8.137,42.015,2.206,-0.288,-0.502,1.155,199.626,56.076,71.26,-0.119,-0.37,0.861,248.893,19.198,67.504,0.182,-0.406,0.802,29.176,22.969,6.695,derecha
1780983568.389216,-0.831,-0.164,0.56,2.832,-1.687,2.809,-0.753,-0.324,0.52,0.061,36.992,20.183,-0.398,0.004,0.74,56.42,27.519,15.901,-0.245,0.024,0.771,56.053,26.305,17.458,0.143,-0.359,0.789,9.588,10.519,-1.168,derecha
1780983568.4922373,-0.847,-0.139,0.549,3.42,7.481,2.42,-0.779,-0.277,0.503,-4.328,13.336,7.084,-0.462,0.037,0.785,9.153,10.046,5.863,-0.357,0.085,0.765,11.634,5.672,5.748,0.137,-0.344,0.763,0.511,4.802,0.573,derecha
1780983568.590388,-0.847,-0.135,0.534,-1.176,5.626,-0.794,-0.738,-0.258,0.456,-8.565,-3.153,-4.885,-0.454,0.013,0.843,-9.244,-5.397,-5.542,-0.382,0.022,0.949,-11.176,-0.473,-7.359,0.145,-0.364,0.792,-7.321,-0.87,0.031,derecha
1780983568.6915157,-0.844,-0.14,0.525,-4.351,-1.244,-5.16,-0.716,-0.279,0.462,-17.71,-35.573,-23.13,-0.401,0.057,0.488,-86.008,-34.405,-26.672,-0.332,0.041,0.581,-103.855,-11.008,-25.321,0.141,-0.363,0.794,-13.969,-10.298,-2.42,derecha
1780983568.79936,-0.836,-0.157,0.552,-4.687,-7.924,-4.321,-0.639,-0.298,0.632,-4.298,-29.481,-2.74,-0.078,-0.472,0.462,60.977,33.519,-8.74,-0.129,-0.764,1.855,-49.588,-10.252,-11.641,0.212,-0.476,0.743,2.298,7.168,0.008,derecha
1780983568.8974283,-0.822,-0.167,0.564,-0.298,2.557,-1.053,-0.643,-0.331,0.661,-7.053,7.023,0.794,-0.325,-0.355,0.885,0.84,4.809,0.328,-0.275,-0.407,0.95,-2.137,11.046,-0.733,0.179,-0.397,0.78,-3.405,3.611,-0.366,derecha
1780983569.0002687,-0.833,-0.159,0.554,-1.282,1.115,-1.023,-0.663,-0.315,0.615,-6.985,-0.115,-0.382,-0.319,-0.359,0.904,-1.015,-1.45,0.008,-0.284,-0.417,0.931,0.557,6.603,-0.763,0.18,-0.403,0.769,-0.687,2.053,0.046,derecha
1780983569.1032133,-0.83,-0.162,0.551,-1.702,1.893,-1.847,-0.669,-0.313,0.618,-7.893,0.656,-0.55,-0.316,-0.362,0.897,-1.099,-0.305,-0.405,-0.284,-0.417,0.928,0.985,5.55,-0.412,0.186,-0.409,0.771,-1.198,1.305,-0.267,derecha
1780983569.2196567,-0.829,-0.159,0.552,-0.427,1.664,-0.015,-0.669,-0.318,0.623,-6.634,0.618,-0.443,-0.32,-0.363,0.903,-0.427,0.58,0.031,-0.285,-0.414,0.922,0.969,7.076,0.122,0.183,-0.408,0.773,-0.618,2.763,-0.481,derecha
1780983569.3187418,-0.83,-0.16,0.556,-1.153,1.702,-1.351,-0.669,-0.318,0.623,-7.0,0.145,-0.71,-0.32,-0.359,0.896,-1.008,1.206,0.168,-0.281,-0.417,0.917,0.618,7.008,-1.046,0.18,-0.413,0.773,-1.115,0.817,0.557,derecha
1780983569.4237342,-0.83,-0.16,0.555,-0.985,0.992,-1.13,-0.67,-0.315,0.614,-6.924,0.412,-0.809,-0.32,-0.365,0.901,-0.718,-0.412,0.206,-0.282,-0.422,0.925,1.237,6.977,-0.679,0.184,-0.415,0.776,-0.626,2.649,-0.153,derecha
1780983569.5151439,-0.832,-0.16,0.556,-0.794,1.702,-0.595,-0.667,-0.315,0.62,-7.031,0.733,-0.969,-0.322,-0.368,0.898,-0.504,0.206,0.374,-0.283,-0.423,0.915,0.992,6.977,-0.588,0.182,-0.405,0.772,-0.45,2.977,-0.359,derecha
1780983572.1932235,-0.833,-0.158,0.555,-0.519,1.672,-0.84,-0.676,-0.314,0.62,-6.786,0.641,-0.107,-0.322,-0.365,0.896,-0.443,-0.176,0.275,-0.28,-0.421,0.922,1.221,6.733,-0.679,0.178,-0.404,0.774,-1.122,1.046,0.458,derecha
1780983572.2960925,-0.833,-0.161,0.549,-0.863,1.336,-0.962,-0.672,-0.32,0.617,-6.702,0.573,-0.237,-0.318,-0.366,0.901,-0.489,0.153,0.198,-0.274,-0.424,0.924,1.954,6.992,-0.45,0.18,-0.408,0.776,-0.679,1.832,-0.046,derecha
1780983572.3993256,-0.834,-0.158,0.556,-0.55,1.672,0.557,-0.669,-0.319,0.625,-6.595,0.908,-0.328,-0.321,-0.366,0.888,-0.412,-0.053,0.687,-0.276,-0.426,0.916,1.725,6.527,-0.191,0.182,-0.403,0.769,-0.504,2.977,-0.313,derecha
1780983572.5109556,-0.833,-0.161,0.557,-1.191,1.405,-1.366,-0.672,-0.317,0.614,-6.824,0.496,-1.099,-0.321,-0.371,0.896,-0.405,0.634,0.084,-0.28,-0.423,0.92,1.626,7.023,-0.664,0.184,-0.406,0.766,-0.618,2.046,-0.221,derecha
1780983572.6067622,-0.835,-0.159,0.551,-0.344,1.832,-0.565,-0.67,-0.319,0.612,-6.664,0.695,-0.267,-0.317,-0.37,0.899,-0.382,-0.382,0.557,-0.28,-0.423,0.925,2.023,7.389,-0.107,0.175,-0.409,0.779,-0.672,3.244,-0.481,derecha
1780983572.7153451,-0.833,-0.157,0.557,-1.145,1.45,-0.817,-0.67,-0.317,0.62,-6.779,0.206,-0.397,-0.321,-0.367,0.891,-0.053,-0.305,0.176,-0.282,-0.423,0.921,1.702,6.496,-0.649,0.18,-0.411,0.77,-1.023,2.015,0.099,derecha
1780983572.8225596,-0.831,-0.16,0.554,-0.473,-0.107,-0.817,-0.671,-0.323,0.623,-5.435,-1.664,-0.023,-0.318,-0.373,0.898,2.527,-0.313,1.16,-0.288,-0.431,0.934,1.847,8.42,0.26,0.18,-0.409,0.772,0.107,3.168,-0.412,derecha
1780983572.9139924,-0.854,-0.161,0.574,4.099,-3.191,3.168,-0.667,-0.354,0.761,-1.634,47.099,0.176,-0.169,-0.505,1.001,219.489,42.275,79.015,-0.189,-0.262,0.662,216.748,2.344,63.931,0.166,-0.412,0.788,27.718,17.481,3.71,derecha
1780983573.0232892,-0.832,-0.158,0.562,4.145,8.351,4.008,-0.814,-0.292,0.432,-14.992,53.198,3.87,-0.428,0.064,0.583,53.244,30.634,14.191,-0.328,0.004,0.786,52.023,23.29,15.412,0.132,-0.361,0.794,7.939,9.092,1.145,derecha
1780983573.1206594,-0.837,-0.139,0.548,2.076,8.496,2.878,-0.775,-0.288,0.487,-2.107,12.351,5.221,-0.45,0.016,0.825,10.015,7.794,1.786,-0.356,0.005,0.936,12.573,11.557,1.366,0.144,-0.362,0.781,0.275,1.115,-0.863,derecha
1780983573.2319038,-0.836,-0.119,0.524,-2.13,1.824,-1.901,-0.734,-0.253,0.452,-9.534,-8.527,-8.351,-0.428,0.039,0.823,-16.168,-5.969,-8.924,-0.373,0.024,0.926,-19.74,1.565,-10.0,0.128,-0.367,0.799,-6.725,0.45,1.099,derecha
1780983573.3331196,-0.865,-0.155,0.561,-6.641,-8.809,-9.344,-0.816,-0.332,0.581,1.656,-75.267,-10.603,-0.396,-0.09,0.556,-150.511,-79.496,-42.084,-0.308,-0.166,0.75,-191.687,-21.191,-46.84,0.153,-0.38,0.778,-24.496,-29.328,-6.252,derecha
1780983573.4444017,-0.781,-0.15,0.534,-8.412,-4.076,-4.794,-0.625,-0.275,0.595,-8.061,13.519,2.435,-0.291,-0.332,0.946,26.718,25.26,4.557,-0.282,-0.419,0.993,5.435,21.649,3.313,0.188,-0.389,0.781,0.16,3.656,-0.084,derecha
1780983573.532474,-0.84,-0.156,0.547,-1.374,2.053,-0.649,-0.666,-0.311,0.617,-6.603,-0.389,-0.939,-0.323,-0.362,0.9,-1.763,-4.435,-1.038,-0.281,-0.416,0.924,1.282,3.26,-1.344,0.18,-0.422,0.779,0.855,0.176,0.168,derecha
1780983573.6513991,-0.832,-0.159,0.563,-0.412,2.313,-0.092,-0.667,-0.315,0.623,-6.962,1.427,-0.511,-0.325,-0.359,0.892,-0.672,1.588,0.115,-0.283,-0.421,0.925,0.779,7.756,-0.26,0.184,-0.405,0.774,-0.924,1.557,-0.244,derecha
1780983573.7382715,-0.833,-0.157,0.556,-0.901,2.031,-1.069,-0.667,-0.311,0.624,-6.84,1.107,-0.321,-0.326,-0.361,0.899,-0.924,0.847,-0.298,-0.278,-0.414,0.924,0.916,8.008,0.351,0.175,-0.406,0.771,-0.687,2.031,0.031,derecha
1780983573.8414555,-0.829,-0.161,0.554,-1.061,2.053,-1.237,-0.67,-0.314,0.622,-6.847,0.496,-0.908,-0.324,-0.363,0.895,-1.099,-0.061,-0.832,-0.28,-0.427,0.931,0.939,6.366,-0.405,0.183,-0.411,0.765,-0.519,2.382,-0.244,derecha
1780983573.9494753,-0.829,-0.156,0.558,-0.947,1.748,-0.389,-0.668,-0.314,0.615,-6.687,0.71,-0.252,-0.327,-0.364,0.896,-0.176,-0.168,0.267,-0.282,-0.42,0.915,1.069,6.603,-0.137,0.183,-0.409,0.771,-0.229,3.176,-0.466,derecha
1780983574.0485928,-0.832,-0.158,0.554,-0.931,1.748,-0.237,-0.667,-0.313,0.617,-6.855,0.397,-0.237,-0.322,-0.361,0.899,-0.901,0.305,-0.26,-0.283,-0.419,0.923,1.214,6.84,-0.649,0.179,-0.405,0.774,-0.87,0.893,0.344,derecha
1780983576.834054,-0.834,-0.167,0.555,-1.015,1.847,-1.504,-0.67,-0.315,0.615,-6.611,1.122,-0.198,-0.32,-0.373,0.898,-0.649,0.351,0.748,-0.281,-0.426,0.917,1.611,6.511,-0.374,0.176,-0.406,0.77,-0.595,1.366,-0.092,derecha
1780983576.9454086,-0.835,-0.154,0.551,-0.939,1.45,-0.924,-0.671,-0.319,0.618,-7.015,0.427,-0.115,-0.324,-0.365,0.894,-0.557,0.076,0.603,-0.281,-0.425,0.923,1.878,6.618,-0.183,0.181,-0.406,0.775,-0.389,3.466,-0.282,derecha
1780983577.0426111,-0.831,-0.157,0.558,-1.153,0.847,-1.137,-0.668,-0.317,0.623,-7.221,0.092,-0.649,-0.325,-0.367,0.9,-0.351,0.45,0.0,-0.277,-0.43,0.916,1.634,6.626,-0.489,0.183,-0.406,0.779,-0.344,1.725,0.176,derecha
1780983577.1443172,-0.835,-0.158,0.551,-0.573,1.962,0.427,-0.671,-0.321,0.613,-6.779,0.382,-0.168,-0.322,-0.367,0.891,-0.511,-0.351,0.71,-0.275,-0.427,0.921,1.511,7.16,0.42,0.186,-0.41,0.773,-0.42,2.649,-0.176,derecha
1780983577.2513187,-0.834,-0.159,0.553,-1.069,1.305,-1.0,-0.666,-0.317,0.615,-6.977,0.389,-0.298,-0.322,-0.367,0.893,-0.298,0.038,0.191,-0.281,-0.429,0.916,1.427,6.756,-0.534,0.18,-0.409,0.762,-0.847,1.389,0.473,derecha
1780983577.343339,-0.831,-0.165,0.552,-0.794,1.42,-1.153,-0.666,-0.317,0.616,-6.626,0.282,-0.053,-0.322,-0.372,0.898,-0.046,0.214,0.405,-0.276,-0.427,0.921,2.053,6.489,-0.038,0.177,-0.417,0.771,-0.458,2.977,-0.366,derecha
1780983577.4490292,-0.828,-0.161,0.554,-0.794,0.405,-0.061,-0.666,-0.312,0.616,-6.046,-0.542,0.069,-0.321,-0.367,0.896,1.405,-0.473,1.298,-0.276,-0.429,0.925,3.008,7.962,0.901,0.182,-0.409,0.777,0.87,3.87,-0.107,derecha
1780983577.5689497,-0.834,-0.16,0.56,-0.565,0.252,0.817,-0.658,-0.288,0.616,-7.336,11.061,0.664,-0.379,-0.444,1.189,21.908,17.45,7.817,-0.275,-0.647,1.173,83.718,12.405,22.008,0.145,-0.409,0.808,7.817,4.702,3.275,derecha
1780983577.6591299,-0.833,-0.153,0.551,0.802,10.786,3.87,-0.691,-0.32,0.63,-1.947,57.573,7.053,-0.442,-0.164,0.923,87.489,43.603,14.847,-0.368,-0.217,1.012,112.183,23.931,26.282,0.155,-0.379,0.795,9.878,5.435,0.412,derecha
1780983577.7574928,-0.862,-0.156,0.542,2.557,11.954,5.076,-0.744,-0.278,0.503,4.168,46.878,14.313,-0.473,0.025,0.779,36.16,26.275,9.076,-0.375,0.071,0.778,53.275,6.58,14.061,0.127,-0.361,0.786,6.748,3.939,-0.687,derecha
1780983577.8707554,-0.846,-0.133,0.53,-1.069,4.893,-1.206,-0.771,-0.276,0.512,-5.985,7.061,1.74,-0.483,0.001,0.903,5.786,5.985,1.527,-0.373,0.013,1.002,12.847,7.656,1.802,0.142,-0.367,0.806,-1.847,1.45,-0.931,derecha
1780983577.9625337,-0.85,-0.14,0.519,-2.702,7.16,-0.038,-0.771,-0.252,0.463,-6.992,5.13,-0.344,-0.501,0.029,0.839,-1.878,1.084,-0.389,-0.38,0.063,0.911,-3.122,5.496,-3.061,0.141,-0.361,0.792,-1.351,1.863,-0.153,derecha
1780983578.0740132,-0.857,-0.139,0.523,-1.298,4.0,-1.389,-0.748,-0.249,0.443,-11.718,-6.679,-5.656,-0.471,0.04,0.754,-21.824,-7.763,-7.481,-0.368,0.073,0.808,-28.107,-1.969,-7.198,0.145,-0.368,0.792,-5.992,0.382,1.527,derecha
1780983578.167171,-0.871,-0.15,0.52,-5.71,-29.954,-8.084,-0.682,-0.326,0.61,-11.756,-133.466,-6.794,-0.372,-0.381,0.839,-236.58,-95.954,-67.122,-0.251,-0.4,1.041,-218.366,-12.275,-66.26,0.215,-0.409,0.78,-15.695,-5.748,-2.527,derecha
1780983578.2808552,-0.85,-0.168,0.528,-2.084,7.321,1.16,-0.688,-0.316,0.592,-7.71,-3.947,-1.122,-0.353,-0.349,0.876,-7.573,-7.336,-1.611,-0.144,-0.392,0.892,5.55,13.664,1.802,0.191,-0.416,0.772,-2.893,3.611,-0.595,derecha
1780983578.3786647,-0.833,-0.164,0.555,-0.718,0.305,-1.756,-0.669,-0.32,0.616,-6.756,0.725,-1.076,-0.326,-0.369,0.899,-1.29,1.061,-0.336,-0.286,-0.418,0.923,0.595,6.969,-0.71,0.175,-0.404,0.774,-1.527,2.71,-0.26,derecha
1780983578.476605,-0.834,-0.16,0.544,-0.924,1.802,-0.779,-0.676,-0.321,0.612,-6.733,0.45,-0.359,-0.325,-0.368,0.897,-0.718,-0.275,0.214,-0.286,-0.422,0.923,0.977,6.809,-0.237,0.177,-0.406,0.772,-0.046,4.069,-0.58,derecha
1780983578.581828,-0.841,-0.165,0.553,-0.885,1.389,-1.153,-0.668,-0.317,0.616,-6.84,0.405,-0.458,-0.32,-0.367,0.89,-0.702,-0.115,-0.626,-0.283,-0.421,0.924,1.252,7.588,-0.153,0.179,-0.402,0.779,-0.695,2.359,0.092,derecha
1780983578.682795,-0.837,-0.164,0.547,-1.336,1.412,-0.313,-0.668,-0.315,0.613,-7.229,0.153,-0.496,-0.325,-0.367,0.892,-0.634,-0.26,-0.145,-0.279,-0.426,0.921,1.153,6.779,-0.496,0.176,-0.412,0.779,-0.527,2.565,-0.336,derecha
1780983581.3853457,-0.838,-0.162,0.546,-0.534,1.863,-0.565,-0.67,-0.317,0.614,-7.137,0.733,-0.282,-0.323,-0.371,0.892,-0.412,0.084,0.015,-0.281,-0.434,0.914,1.351,6.74,-1.153,0.179,-0.412,0.779,-0.885,1.588,0.038,derecha
1780983581.4664667,-0.832,-0.161,0.545,-0.74,1.153,-0.687,-0.671,-0.318,0.616,-6.496,0.252,-0.405,-0.324,-0.372,0.894,-0.786,0.794,-0.221,-0.281,-0.427,0.915,1.626,6.939,-0.832,0.177,-0.403,0.776,-1.076,1.725,0.0,derecha
1780983581.5676126,-0.84,-0.163,0.545,-1.099,1.573,-0.664,-0.667,-0.321,0.611,-7.099,0.565,-0.45,-0.33,-0.376,0.887,-0.718,0.489,0.16,-0.282,-0.431,0.918,0.863,6.786,-0.87,0.176,-0.41,0.774,-1.282,1.855,0.145,derecha
1780983581.6778765,-0.835,-0.163,0.543,-1.038,1.45,-1.099,-0.668,-0.317,0.618,-7.122,0.672,-0.55,-0.332,-0.374,0.895,-0.496,-0.031,0.641,-0.285,-0.433,0.918,1.092,7.687,-0.42,0.176,-0.416,0.78,0.244,3.473,-0.565,derecha
1780983581.7743406,-0.838,-0.164,0.544,-0.786,1.557,-0.992,-0.674,-0.315,0.615,-6.794,0.443,-0.534,-0.33,-0.371,0.891,-0.115,0.0,0.267,-0.282,-0.432,0.914,1.58,6.13,-1.053,0.177,-0.412,0.77,-0.725,1.687,-0.038,derecha
1780983581.8758452,-0.832,-0.168,0.549,-0.855,1.0,-1.29,-0.672,-0.321,0.618,-6.672,0.26,-0.351,-0.33,-0.372,0.889,-0.008,-0.031,-0.099,-0.28,-0.432,0.913,1.802,6.534,-0.626,0.177,-0.414,0.774,-0.763,1.794,-0.359,derecha
1780983581.9942715,-0.834,-0.165,0.543,-1.023,1.244,-0.511,-0.674,-0.317,0.622,-6.527,0.084,-0.511,-0.335,-0.369,0.886,0.099,-0.901,0.092,-0.28,-0.43,0.921,2.672,7.832,0.069,0.177,-0.41,0.777,-0.908,2.481,-0.702,derecha
1780983582.0893595,-0.839,-0.163,0.546,-0.771,-0.427,-1.45,-0.669,-0.317,0.619,-5.763,-1.198,-0.366,-0.321,-0.376,0.905,2.458,-0.763,1.351,-0.276,-0.442,0.954,5.733,12.122,1.924,0.17,-0.41,0.774,1.87,4.649,-0.557,derecha
1780983582.1851497,-0.797,-0.161,0.559,5.069,-4.71,-1.534,-0.674,-0.324,0.615,-7.046,44.687,-0.267,-0.055,-0.116,0.469,153.168,64.275,45.382,-0.084,-0.099,0.76,126.687,28.069,37.412,0.158,-0.371,0.782,20.504,22.565,5.458,derecha
1780983582.2978113,-0.844,-0.148,0.549,4.847,4.031,0.687,-0.801,-0.399,0.786,-3.176,65.053,10.916,-0.445,-0.006,0.82,45.122,22.947,15.901,-0.314,-0.036,0.888,74.527,17.0,19.481,0.146,-0.369,0.792,4.634,3.504,-0.176,derecha
1780983582.3915427,-0.853,-0.148,0.545,1.542,9.947,4.061,-0.794,-0.302,0.497,0.244,20.763,11.832,-0.451,0.024,0.879,25.099,14.939,8.427,-0.385,0.027,0.992,36.107,10.916,11.313,0.135,-0.367,0.794,1.389,1.573,-1.191,derecha
1780983582.4938855,-0.844,-0.138,0.531,3.718,10.389,1.328,-0.763,-0.244,0.448,-3.282,4.725,6.092,-0.479,0.085,0.764,-1.634,-2.794,1.573,-0.338,0.098,0.976,2.13,2.908,-1.794,0.17,-0.369,0.79,-6.023,-3.618,-1.458,derecha
1780983582.5968404,-0.849,-0.139,0.522,-1.221,1.183,-2.527,-0.797,-0.246,0.416,-12.145,-20.061,-8.893,-0.415,0.131,0.609,-45.87,-14.901,-14.672,-0.32,0.129,0.728,-55.382,-10.557,-18.557,0.136,-0.351,0.784,-9.115,-0.649,1.275,derecha
1780983582.6994524,-0.809,-0.162,0.558,-5.092,-20.374,-2.145,-0.634,-0.312,0.621,-12.893,-107.076,-4.351,-0.221,-0.236,0.727,-214.336,-75.84,-61.939,-0.251,-0.324,0.933,-204.908,-3.855,-63.076,0.192,-0.406,0.787,-15.061,-9.687,-2.252,derecha
1780983582.8055842,-0.866,-0.157,0.545,0.313,21.176,2.321,-0.64,-0.304,0.631,-9.351,13.244,0.58,-0.366,-0.35,0.896,-2.206,-12.466,-0.863,-0.356,-0.426,0.976,-39.74,7.45,-16.412,0.18,-0.406,0.778,-10.466,-1.221,-1.29,derecha
1780983582.9057195,-0.833,-0.163,0.561,-1.466,-2.611,-1.481,-0.658,-0.317,0.63,-5.992,-0.382,-0.336,-0.31,-0.349,0.908,-1.435,1.466,0.015,-0.278,-0.404,0.93,0.183,10.275,-0.863,0.189,-0.41,0.781,-0.664,4.687,0.015,derecha
1780983583.0162077,-0.827,-0.158,0.561,-0.565,1.695,-0.55,-0.668,-0.315,0.623,-7.229,0.695,-0.672,-0.309,-0.355,0.905,-0.771,0.252,0.412,-0.278,-0.409,0.943,0.802,5.962,-0.725,0.188,-0.407,0.77,-0.366,2.198,-0.183,derecha
1780983583.1127567,-0.829,-0.158,0.563,-1.015,1.374,-1.137,-0.664,-0.312,0.625,-6.916,0.351,-0.45,-0.307,-0.354,0.91,-1.29,1.282,-0.107,-0.284,-0.406,0.925,1.008,7.595,-0.519,0.191,-0.409,0.769,-0.58,2.13,0.29,derecha
1780983583.2235253,-0.832,-0.16,0.561,-0.84,1.45,-0.008,-0.667,-0.316,0.621,-7.061,0.351,-0.183,-0.312,-0.357,0.913,-0.618,-0.603,-0.305,-0.284,-0.41,0.936,1.13,5.733,-0.565,0.19,-0.411,0.77,-0.611,2.328,-0.084,derecha
1780983583.3182902,-0.831,-0.161,0.564,-1.168,1.779,-0.664,-0.667,-0.311,0.621,-6.863,0.618,-0.496,-0.313,-0.356,0.902,-0.763,0.412,0.237,-0.282,-0.411,0.932,0.885,7.023,-0.626,0.185,-0.412,0.779,-0.527,2.603,-0.13,derecha
1780983586.109962,-0.832,-0.161,0.563,-0.527,1.221,0.366,-0.668,-0.309,0.621,-7.099,0.603,-0.16,-0.316,-0.364,0.9,-0.603,-0.191,0.389,-0.281,-0.419,0.925,1.458,7.031,0.0,0.183,-0.407,0.767,-0.351,3.519,-0.382,derecha
1780983586.213275,-0.827,-0.158,0.555,-1.214,1.13,-1.046,-0.667,-0.311,0.625,-6.71,0.008,-0.588,-0.32,-0.359,0.9,-0.26,-0.443,-0.16,-0.281,-0.416,0.927,1.405,6.069,-1.115,0.176,-0.407,0.77,-0.763,1.443,-0.26,derecha
1780983586.3143568,-0.83,-0.153,0.553,-0.855,1.885,-1.038,-0.669,-0.312,0.625,-6.939,0.374,-0.466,-0.318,-0.361,0.903,-0.634,1.031,-0.122,-0.278,-0.419,0.927,1.458,7.687,-0.412,0.182,-0.408,0.777,-0.893,2.023,0.595,derecha
1780983586.4080148,-0.833,-0.161,0.555,-0.847,1.969,-0.901,-0.666,-0.315,0.624,-6.71,0.748,-0.244,-0.322,-0.364,0.902,-0.405,-0.649,0.504,-0.284,-0.416,0.928,1.733,6.87,-0.466,0.179,-0.404,0.776,-0.107,4.145,-0.313,derecha
1780983586.5108466,-0.835,-0.165,0.554,-0.534,0.924,-0.42,-0.664,-0.311,0.615,-6.626,0.122,-0.802,-0.318,-0.36,0.896,-0.061,-1.046,-0.344,-0.279,-0.42,0.924,2.023,5.977,-0.611,0.18,-0.408,0.783,-0.397,2.015,-0.298,derecha
1780983586.6141534,-0.832,-0.157,0.555,-0.603,0.863,-0.321,-0.663,-0.314,0.629,-6.313,0.031,0.618,-0.347,-0.362,0.899,1.374,7.336,0.634,-0.61,-0.545,1.006,0.924,28.542,30.076,0.166,-0.401,0.771,1.489,2.656,-1.534,derecha
1780983586.7172806,-0.821,-0.16,0.573,1.977,-1.313,0.947,-0.655,-0.339,0.665,-0.947,50.374,6.214,-0.209,-0.4,1.095,194.573,101.809,37.153,-0.237,-0.414,1.034,228.779,45.641,45.443,0.165,-0.409,0.786,33.061,36.305,9.023,derecha
1780983586.8296404,-0.828,-0.15,0.56,-1.45,0.832,0.824,-0.74,-0.259,0.467,2.45,21.42,13.053,-0.414,-0.009,0.851,43.908,25.87,11.878,-0.387,-0.006,0.986,74.847,5.038,20.725,0.156,-0.385,0.807,7.405,11.282,-2.397,derecha
1780983586.923177,-0.629,-0.123,0.415,-15.969,2.389,-22.931,-0.767,-0.251,0.483,-3.481,8.489,1.893,-0.485,0.028,0.854,8.366,5.458,2.031,-0.375,0.02,1.051,14.0,9.145,3.557,0.14,-0.363,0.8,0.931,-0.214,0.16,derecha
1780983587.0314262,-0.85,-0.141,0.533,-2.748,-0.176,-1.244,-0.811,-0.28,0.53,-5.664,10.214,-0.115,-0.531,0.029,0.89,6.214,4.344,3.282,-0.375,0.073,0.929,6.565,8.405,2.656,0.141,-0.356,0.776,-0.229,1.084,-3.542,derecha
1780983587.135339,-0.856,-0.147,0.529,-2.832,0.908,-4.115,-0.783,-0.285,0.537,-10.626,-6.55,-8.87,-0.489,0.005,0.918,-9.496,-6.412,-5.756,-0.375,0.026,0.955,-16.389,2.076,-5.885,0.152,-0.368,0.8,-3.29,1.282,-0.725,derecha
1780983587.2325535,-0.85,-0.143,0.537,-7.435,-22.885,-15.168,-0.69,-0.27,0.457,-37.618,-68.58,-55.137,-0.321,-0.09,0.56,-151.183,-49.656,-37.061,-0.346,-0.018,0.707,-199.779,-18.267,-52.084,0.168,-0.382,0.757,-36.679,-26.924,-4.45,derecha
1780983587.3420858,-0.839,-0.121,0.592,-3.481,-11.397,-1.435,-0.686,-0.286,0.49,-9.832,11.405,0.183,-0.068,-0.365,0.755,3.908,3.802,4.137,-0.25,-0.359,0.945,-6.611,14.511,-0.519,0.185,-0.409,0.777,7.473,2.603,-0.191,derecha
1780983587.442406,-0.837,-0.158,0.557,-0.611,2.687,-0.496,-0.674,-0.313,0.611,-7.282,2.359,-0.542,-0.319,-0.355,0.901,-2.763,-5.137,-1.221,-0.285,-0.406,0.917,-10.931,3.725,-5.092,0.182,-0.411,0.775,-0.206,-0.977,-0.931,derecha
1780983587.541031,-0.828,-0.161,0.561,-0.366,1.42,-0.977,-0.663,-0.315,0.617,-6.847,-0.26,-0.26,-0.31,-0.358,0.909,-1.13,1.176,-0.176,-0.277,-0.412,0.932,-0.252,6.557,-1.328,0.179,-0.408,0.774,-0.901,2.687,0.176,derecha
1780983587.6441293,-0.833,-0.162,0.562,-0.809,1.74,-0.893,-0.668,-0.313,0.623,-6.809,0.771,-0.16,-0.315,-0.358,0.899,-0.962,0.878,0.115,-0.271,-0.411,0.925,0.489,7.71,-0.748,0.169,-0.409,0.769,-0.664,2.733,-0.58,derecha
1780983587.7569797,-0.836,-0.159,0.556,-0.595,1.084,-0.344,-0.663,-0.317,0.615,-6.58,0.389,-0.527,-0.316,-0.356,0.898,-0.565,-0.718,-0.336,-0.28,-0.418,0.924,1.153,6.473,-0.962,0.186,-0.406,0.777,-0.473,2.748,-0.527,derecha
1780983587.8595505,-0.832,-0.16,0.562,-0.573,1.282,-0.55,-0.664,-0.314,0.621,-7.168,0.847,-0.344,-0.316,-0.362,0.9,-0.916,0.84,-0.336,-0.283,-0.413,0.926,1.26,6.641,-0.611,0.185,-0.405,0.775,-0.771,1.45,0.313,derecha
1780983587.9582868,-0.832,-0.164,0.555,-0.924,2.305,-0.893,-0.671,-0.314,0.62,-7.282,0.42,-0.458,-0.317,-0.357,0.905,-0.687,0.687,0.069,-0.278,-0.417,0.918,1.206,8.023,0.221,0.186,-0.412,0.772,-0.382,3.641,0.145,derecha
1780983590.6310916,-0.831,-0.16,0.554,-0.939,0.473,-1.092,-0.669,-0.317,0.613,-6.809,0.13,-0.618,-0.318,-0.37,0.897,-0.26,-0.206,-0.137,-0.274,-0.425,0.923,1.496,6.672,-0.679,0.181,-0.405,0.769,-0.527,1.695,-0.145,derecha
1780983590.7344165,-0.828,-0.163,0.559,-0.397,1.977,-0.389,-0.667,-0.318,0.613,-7.191,0.466,-0.16,-0.315,-0.365,0.893,-0.641,0.504,-0.038,-0.276,-0.424,0.924,1.626,6.931,-0.298,0.183,-0.411,0.776,-0.489,2.626,0.076,derecha
1780983590.8372183,-0.832,-0.16,0.552,-0.992,2.092,-1.023,-0.67,-0.314,0.615,-6.908,0.74,-0.252,-0.32,-0.367,0.889,-0.641,-0.023,0.0,-0.275,-0.426,0.921,1.26,7.42,0.374,0.186,-0.408,0.767,-0.427,2.779,0.153,derecha
1780983590.940182,-0.829,-0.157,0.55,-1.0,0.878,-1.473,-0.669,-0.316,0.616,-6.321,-0.008,-0.496,-0.315,-0.365,0.905,0.031,-0.656,-0.595,-0.28,-0.421,0.922,1.565,6.305,-1.092,0.183,-0.409,0.781,-0.466,1.107,-0.305,derecha
1780983591.0473506,-0.832,-0.16,0.554,-0.779,1.061,-1.092,-0.669,-0.314,0.619,-7.053,0.374,-0.229,-0.321,-0.364,0.895,-0.763,0.206,-0.374,-0.273,-0.424,0.923,1.534,7.076,-0.588,0.183,-0.41,0.778,-0.687,2.183,0.053,derecha
1780983591.1482346,-0.831,-0.16,0.556,-0.924,1.962,-0.534,-0.67,-0.314,0.618,-6.427,0.603,-0.061,-0.32,-0.366,0.899,-0.321,-0.473,0.168,-0.277,-0.42,0.92,1.863,7.29,-0.359,0.187,-0.405,0.768,-0.351,3.359,-0.145,derecha
1780983591.2582214,-0.834,-0.163,0.552,-0.71,0.481,-1.26,-0.672,-0.313,0.618,-6.099,-0.458,-0.374,-0.318,-0.365,0.895,1.061,-1.817,-0.267,-0.278,-0.42,0.927,2.611,6.168,-0.863,0.179,-0.403,0.781,-0.405,2.237,-0.389,derecha
1780983591.3571124,-0.832,-0.162,0.552,-0.985,0.198,0.084,-0.654,-0.323,0.639,-4.42,9.557,2.603,-0.321,-0.38,0.976,13.336,20.382,6.824,-0.365,-0.429,1.031,58.595,17.328,16.634,0.195,-0.408,0.754,2.0,4.626,2.023,derecha
1780983591.455327,-0.829,-0.149,0.561,3.313,11.214,5.42,-0.743,-0.331,0.558,2.824,147.878,16.664,-0.334,-0.091,0.629,153.344,80.763,24.412,-0.348,-0.046,0.58,165.443,45.969,40.206,0.13,-0.38,0.796,21.779,23.779,3.908,derecha
1780983591.563779,-0.818,-0.154,0.552,-1.321,16.038,-2.107,-0.731,-0.283,0.483,1.519,31.351,12.824,-0.504,0.043,0.755,26.359,15.824,10.374,-0.321,0.107,0.822,29.802,13.969,11.84,0.13,-0.345,0.783,5.374,-0.534,-2.344,derecha
1780983591.6612067,-0.861,-0.149,0.517,-0.985,4.473,0.466,-0.802,-0.288,0.509,-5.824,7.527,3.87,-0.497,0.019,0.91,11.985,6.878,2.298,-0.372,0.085,0.874,10.565,9.901,1.977,0.161,-0.366,0.787,0.45,2.298,-1.031,derecha
1780983591.7651844,-0.847,-0.146,0.517,-0.748,4.053,-0.634,-0.786,-0.256,0.448,-9.695,-2.252,-1.374,-0.488,0.035,0.841,-10.145,-2.405,-4.748,-0.381,0.062,0.909,-12.603,2.405,-2.786,0.153,-0.364,0.787,-4.053,2.802,1.069,derecha
1780983591.8776631,-0.851,-0.151,0.524,-1.901,4.107,-0.038,-0.722,-0.254,0.453,-12.885,-10.328,-8.504,-0.456,-0.002,0.801,-22.405,-13.931,-8.321,-0.335,0.057,0.725,-51.282,-1.542,-15.237,0.162,-0.371,0.791,-5.191,-0.023,-0.191,derecha
1780983591.9770293,-0.834,-0.173,0.53,-5.321,-33.221,-7.13,-0.633,-0.337,0.683,-0.038,-94.458,-3.893,-0.231,-0.511,0.911,-229.252,-93.046,-66.481,-0.26,-0.518,1.166,-201.58,-21.13,-66.718,0.196,-0.399,0.779,-12.076,-4.351,-2.443,derecha
1780983592.0792892,-0.848,-0.159,0.542,1.229,-0.832,-0.55,-0.672,-0.318,0.613,-7.672,-6.092,-2.405,-0.312,-0.368,0.905,-9.733,-11.244,-1.885,-0.289,-0.416,0.928,-0.611,-1.74,-1.107,0.185,-0.412,0.769,0.847,0.008,0.076,derecha
1780983592.190254,-0.833,-0.167,0.555,-0.824,3.244,-0.328,-0.668,-0.323,0.615,-7.176,2.023,0.229,-0.322,-0.368,0.902,-0.824,1.0,1.198,-0.279,-0.419,0.918,0.176,6.099,-0.809,0.183,-0.41,0.768,-1.252,3.267,0.015,derecha
1780983592.2902133,-0.833,-0.16,0.551,-1.046,0.672,-1.519,-0.669,-0.316,0.616,-6.519,0.282,-0.458,-0.32,-0.366,0.898,-0.664,0.656,0.061,-0.28,-0.42,0.924,1.183,6.824,-1.198,0.184,-0.411,0.783,-0.595,2.122,-0.427,derecha
1780983592.388924,-0.835,-0.163,0.549,-0.649,1.679,-0.679,-0.671,-0.316,0.618,-6.786,0.511,-0.336,-0.321,-0.368,0.905,-1.092,0.099,0.13,-0.275,-0.422,0.921,0.779,7.252,-0.962,0.187,-0.408,0.776,-0.511,2.87,-0.153,derecha
1780983592.4855359,-0.829,-0.163,0.55,-1.321,2.008,-0.962,-0.673,-0.321,0.614,-7.282,0.695,-0.374,-0.323,-0.368,0.894,-0.794,-0.046,0.489,-0.282,-0.422,0.927,1.008,7.267,-0.443,0.185,-0.413,0.774,-0.412,3.038,0.206,derecha
1780983592.5932136,-0.84,-0.16,0.546,-0.74,0.298,-0.756,-0.672,-0.315,0.622,-6.908,-0.168,-0.511,-0.32,-0.367,0.901,-0.58,0.031,-0.145,-0.277,-0.425,0.917,1.26,6.076,-1.069,0.183,-0.404,0.768,-0.534,2.237,-0.183,derecha
1780983595.2677765,-0.836,-0.166,0.546,-0.794,1.58,-1.229,-0.668,-0.314,0.612,-6.74,0.26,-0.42,-0.321,-0.378,0.889,-0.183,-0.015,-0.031,-0.273,-0.428,0.919,1.618,6.519,-0.229,0.186,-0.411,0.771,-0.321,2.725,-0.405,derecha
1780983595.374092,-0.84,-0.167,0.547,-0.939,1.405,-1.099,-0.668,-0.314,0.615,-6.962,0.282,-0.855,-0.325,-0.372,0.892,-0.42,0.359,0.015,-0.277,-0.427,0.925,1.237,7.29,0.405,0.183,-0.401,0.769,-0.71,2.496,0.046,derecha
1780983595.4770153,-0.834,-0.164,0.549,-0.954,1.718,0.145,-0.674,-0.319,0.613,-6.527,0.863,-0.153,-0.326,-0.375,0.887,-0.771,0.824,0.282,-0.275,-0.426,0.917,1.0,7.298,-0.008,0.172,-0.405,0.77,-0.397,3.153,0.015,derecha
1780983595.5762165,-0.836,-0.164,0.545,-0.618,0.74,-1.015,-0.667,-0.317,0.616,-6.656,-0.099,-0.855,-0.326,-0.37,0.888,-0.229,-0.55,-0.71,-0.275,-0.43,0.923,1.221,6.282,-0.611,0.181,-0.406,0.771,-0.863,0.794,-0.015,derecha
1780983595.67828,-0.831,-0.161,0.548,-0.687,1.649,-0.939,-0.669,-0.321,0.606,-7.092,0.252,-0.435,-0.322,-0.374,0.893,-0.252,-0.496,-0.267,-0.28,-0.431,0.922,1.58,6.977,0.267,0.18,-0.405,0.776,-0.534,3.153,-0.122,derecha
1780983595.792401,-0.837,-0.164,0.542,-0.847,1.588,-0.779,-0.671,-0.321,0.617,-6.954,0.527,-0.397,-0.323,-0.374,0.894,-0.733,0.779,0.176,-0.28,-0.43,0.928,1.489,7.55,-0.481,0.182,-0.407,0.778,-0.328,2.969,-0.084,derecha
1780983595.893632,-0.837,-0.16,0.551,-0.832,1.198,-0.977,-0.674,-0.321,0.612,-6.725,-0.107,-0.802,-0.325,-0.376,0.892,-0.214,-0.763,-1.16,-0.276,-0.427,0.919,1.962,5.702,-1.008,0.179,-0.41,0.776,-0.557,1.053,-0.351,derecha
1780983595.9928675,-0.828,-0.165,0.547,-0.374,0.649,-0.328,-0.672,-0.317,0.614,-6.145,-0.275,-0.282,-0.316,-0.37,0.886,1.145,-1.634,0.237,-0.274,-0.432,0.928,2.893,7.382,-0.061,0.179,-0.408,0.778,-0.435,4.672,-0.061,derecha
1780983596.0902734,-0.836,-0.166,0.54,-1.321,0.496,-0.221,-0.656,-0.273,0.593,-7.221,8.954,-0.282,-0.596,-0.613,1.591,119.29,15.893,66.702,-0.476,-0.687,1.521,108.771,23.366,48.542,0.202,-0.425,0.78,5.359,7.649,2.023,derecha
1780983596.193951,-0.827,-0.158,0.571,2.702,1.855,2.031,-0.676,-0.324,0.63,-0.45,69.687,7.939,-0.401,-0.156,0.867,106.244,50.466,15.695,-0.388,-0.177,0.888,125.366,23.55,22.084,0.142,-0.372,0.797,13.229,12.176,1.679,derecha
1780983596.2996268,-0.832,-0.141,0.532,4.519,13.74,4.13,-0.786,-0.28,0.513,-0.374,26.504,7.168,-0.475,-0.017,0.935,31.023,20.695,8.603,-0.292,0.02,0.915,42.435,26.29,9.786,0.146,-0.379,0.801,0.595,5.038,-1.023,derecha
1780983596.4059987,-0.853,-0.127,0.53,0.382,7.481,-0.26,-0.683,-0.219,0.458,-9.206,7.901,-2.901,-0.425,0.014,0.905,5.008,5.397,1.901,-0.406,0.034,1.048,12.809,6.321,0.809,0.049,-0.346,0.762,-5.481,4.023,-1.168,derecha
1780983596.50962,-0.858,-0.126,0.5,-1.634,5.282,-1.191,-0.75,-0.22,0.436,-10.489,-5.16,-7.916,-0.481,0.053,0.835,-12.832,-9.107,-3.885,-0.392,0.042,1.038,-14.893,-0.359,-6.13,0.154,-0.385,0.805,-5.931,-0.588,0.824,derecha
1780983596.6057591,-0.859,-0.148,0.507,-1.626,-3.427,-3.832,-0.779,-0.257,0.457,-10.809,-11.649,-8.0,-0.481,0.035,0.819,-20.588,-11.374,-5.305,-0.354,0.07,0.884,-27.29,-2.206,-4.115,0.16,-0.375,0.786,-4.817,-0.931,0.023,derecha
1780983596.70892,-0.849,-0.151,0.514,-2.992,-6.481,-6.595,-0.697,-0.259,0.418,-25.351,-49.832,-32.344,-0.382,0.066,0.429,-114.634,-39.282,-27.031,-0.258,0.021,0.56,-157.305,-2.718,-31.664,0.156,-0.387,0.78,-16.42,-14.397,-2.275,derecha
1780983596.8233814,-0.784,-0.166,0.456,-3.947,-10.267,-5.794,-0.606,-0.306,0.774,-11.282,-6.435,-4.244,-0.644,-0.273,0.825,-25.58,-78.214,-5.847,-0.264,-0.465,1.201,16.351,-3.107,10.481,0.201,-0.379,0.782,0.366,3.542,-0.389,derecha
1780983596.914693,-0.834,-0.159,0.549,0.092,5.916,-0.496,-0.678,-0.317,0.609,-6.908,1.641,-0.595,-0.346,-0.359,0.886,-3.191,-2.779,-1.168,-0.295,-0.425,0.919,-0.214,0.511,-1.87,0.184,-0.413,0.77,-3.214,1.924,-0.206,derecha
1780983597.0208094,-0.835,-0.167,0.551,-0.901,0.855,-1.26,-0.663,-0.319,0.623,-6.992,1.137,-0.366,-0.32,-0.365,0.895,-0.634,1.321,0.115,-0.279,-0.422,0.92,0.58,7.435,0.076,0.186,-0.415,0.766,-0.756,3.718,-0.023,derecha
1780983597.1228697,-0.835,-0.164,0.543,-1.366,0.878,-1.42,-0.667,-0.317,0.619,-6.832,0.0,-0.687,-0.32,-0.368,0.894,-0.542,-0.412,-0.687,-0.281,-0.427,0.924,1.176,6.885,-0.389,0.188,-0.423,0.771,-0.344,2.427,0.015,derecha
1780983597.2286994,-0.834,-0.165,0.551,-0.26,1.832,0.382,-0.675,-0.318,0.618,-6.649,0.435,-0.137,-0.326,-0.369,0.898,-0.328,-0.527,0.0,-0.285,-0.419,0.92,1.168,6.015,-1.427,0.185,-0.415,0.769,-0.863,1.046,-0.023,derecha
1780983599.9074943,-0.834,-0.165,0.544,-0.885,1.252,-0.695,-0.67,-0.319,0.617,-7.0,0.282,-0.519,-0.318,-0.375,0.89,-0.496,0.58,0.573,-0.282,-0.428,0.918,1.237,6.756,-0.473,0.182,-0.42,0.767,-0.298,2.893,0.076,derecha
1780983600.018069,-0.836,-0.163,0.545,-1.099,1.267,-0.939,-0.672,-0.318,0.62,-6.847,0.099,-0.282,-0.321,-0.373,0.884,-0.168,-0.939,-0.389,-0.28,-0.43,0.922,1.58,6.573,-1.046,0.188,-0.414,0.77,-0.756,1.313,0.008,derecha
1780983600.1078591,-0.835,-0.169,0.552,-0.237,1.573,-1.023,-0.67,-0.322,0.622,-6.656,0.496,-0.374,-0.324,-0.377,0.893,-0.702,0.443,0.405,-0.276,-0.432,0.924,1.382,6.672,-0.687,0.186,-0.416,0.771,-0.595,2.321,-0.252,derecha
1780983600.2110288,-0.838,-0.163,0.544,-1.053,1.603,-1.092,-0.67,-0.315,0.615,-6.977,0.336,-0.504,-0.324,-0.371,0.89,-0.542,-0.031,0.031,-0.279,-0.427,0.923,1.496,6.893,-0.832,0.181,-0.414,0.781,-0.542,2.511,0.092,derecha
1780983600.315245,-0.833,-0.166,0.553,-0.824,1.427,-0.008,-0.668,-0.319,0.611,-6.649,0.359,-0.275,-0.321,-0.374,0.893,-0.305,-0.015,0.275,-0.279,-0.424,0.921,1.45,6.534,-0.565,0.183,-0.41,0.778,-0.641,1.397,-0.015,derecha
1780983600.4220335,-0.832,-0.163,0.545,-0.527,1.45,-1.023,-0.667,-0.32,0.615,-6.87,0.397,-0.634,-0.321,-0.371,0.886,-0.267,-0.076,0.176,-0.281,-0.431,0.917,1.603,6.695,-0.466,0.18,-0.418,0.765,-0.527,1.824,-0.038,derecha
1780983600.5196724,-0.832,-0.164,0.54,-0.824,1.679,-0.389,-0.669,-0.319,0.614,-6.382,0.13,0.229,-0.338,-0.369,0.912,2.214,3.916,1.244,-0.276,-0.428,0.943,3.092,10.618,1.099,0.181,-0.416,0.775,0.275,3.656,0.351,derecha
1780983600.6229765,-0.823,-0.168,0.556,2.763,-2.42,-0.634,-0.643,-0.319,0.607,-7.557,43.282,1.435,-0.075,-0.244,0.715,135.137,56.863,40.656,-0.252,-0.284,0.944,143.008,32.466,34.374,0.18,-0.406,0.777,18.26,21.885,6.092,derecha
1780983600.744302,-0.852,-0.158,0.524,3.122,12.023,6.061,-0.683,-0.255,0.455,-0.916,30.16,13.458,-0.432,-0.006,0.776,55.42,26.237,9.45,-0.334,-0.026,0.898,68.504,15.092,12.939,0.155,-0.388,0.806,3.473,2.588,-0.168,derecha
1780983600.8428106,-0.844,-0.148,0.519,4.092,10.824,-1.0,-0.762,-0.281,0.489,-2.252,15.817,10.977,-0.459,0.06,0.801,15.908,8.107,6.71,-0.38,0.043,0.96,26.695,11.221,10.298,0.146,-0.368,0.799,0.397,1.756,-2.435,derecha
1780983600.9343686,-0.858,-0.132,0.499,-0.29,0.489,-2.458,-0.769,-0.25,0.481,-8.962,0.916,-1.534,-0.484,0.017,0.918,-2.023,-0.16,-0.511,-0.36,0.054,1.005,-0.321,6.038,-3.359,0.152,-0.375,0.79,-1.809,1.916,-0.687,derecha
1780983601.035022,-0.86,-0.14,0.505,-1.634,-1.718,-3.183,-0.777,-0.249,0.467,-8.847,-6.046,-8.015,-0.479,0.044,0.879,-12.015,-7.046,-4.908,-0.349,0.064,0.963,-13.489,2.412,-4.824,0.165,-0.385,0.789,-4.412,2.015,0.588,derecha
1780983601.1379776,-0.857,-0.141,0.504,-3.069,-8.069,-7.405,-0.683,-0.227,0.396,-25.992,-37.969,-33.145,-0.357,0.101,0.466,-97.26,-34.618,-29.237,-0.302,0.08,0.573,-118.282,-15.069,-29.672,0.149,-0.383,0.786,-14.939,-9.176,0.122,derecha
1780983601.2541306,-0.841,-0.179,0.538,-5.382,-3.0,-2.206,-0.672,-0.32,0.629,-3.061,-66.74,-4.901,-2.0,-1.112,2.0,-30.924,-250.137,20.473,-0.483,-0.745,1.787,-127.443,-37.053,-54.847,0.224,-0.469,0.83,-15.527,11.191,-3.214,derecha
1780983601.3579283,-0.839,-0.167,0.547,-1.481,-0.618,-2.031,-0.64,-0.32,0.637,-6.931,8.466,0.489,-0.322,-0.364,0.866,4.679,6.45,1.122,-0.262,-0.409,0.944,-2.13,13.145,-2.099,0.183,-0.413,0.774,-2.534,-0.885,-0.527,derecha
1780983601.447697,-0.836,-0.161,0.54,-0.832,1.137,-1.13,-0.673,-0.323,0.611,-6.916,-0.679,-0.573,-0.322,-0.372,0.895,-1.084,-1.298,-0.511,-0.28,-0.425,0.922,0.794,7.389,-1.145,0.188,-0.421,0.77,0.382,2.534,-0.16,derecha
1780983601.5497758,-0.834,-0.165,0.546,-1.069,1.649,-0.344,-0.673,-0.321,0.611,-7.305,0.29,-0.55,-0.33,-0.373,0.89,-0.809,-1.191,-0.221,-0.269,-0.42,0.927,0.84,7.107,-0.954,0.184,-0.415,0.76,-0.733,2.656,0.412,derecha
1780983601.6530325,-0.837,-0.167,0.551,-0.641,2.618,0.489,-0.672,-0.315,0.61,-7.053,0.794,0.275,-0.323,-0.377,0.89,-0.634,0.824,0.718,-0.278,-0.428,0.924,0.603,6.489,-0.351,0.189,-0.416,0.769,-0.366,2.023,-0.053,derecha
1780983601.755711,-0.838,-0.168,0.546,-0.718,1.405,-1.229,-0.674,-0.322,0.613,-6.748,0.237,-0.519,-0.32,-0.371,0.889,-0.504,0.069,-0.626,-0.276,-0.427,0.92,1.427,6.779,-0.985,0.189,-0.424,0.767,-0.687,2.038,-0.046,derecha
1780983601.8649697,-0.835,-0.161,0.549,-0.802,1.603,-0.802,-0.677,-0.32,0.612,-7.267,0.489,0.176,-0.328,-0.372,0.887,-0.573,0.137,-0.084,-0.272,-0.426,0.92,0.588,6.931,-0.351,0.191,-0.415,0.772,-0.618,2.901,0.16,derecha
1780983604.5458164,-0.833,-0.164,0.545,-0.511,1.534,-0.573,-0.671,-0.326,0.61,-6.771,0.252,-0.305,-0.324,-0.375,0.896,-0.55,0.206,0.351,-0.273,-0.432,0.921,1.496,7.45,-0.115,0.19,-0.42,0.769,-0.481,3.092,-0.176,derecha
1780983604.6455631,-0.839,-0.166,0.548,-1.519,1.687,-0.763,-0.668,-0.32,0.61,-7.053,0.557,-0.031,-0.322,-0.382,0.882,-0.542,0.015,-0.092,-0.277,-0.436,0.922,1.626,6.763,-0.542,0.182,-0.414,0.77,-0.542,3.031,-0.229,derecha
1780983604.7471938,-0.838,-0.167,0.54,-0.466,1.26,-0.13,-0.676,-0.322,0.614,-6.824,0.664,-0.237,-0.33,-0.38,0.894,-0.366,-0.359,0.053,-0.275,-0.429,0.914,1.55,6.656,-0.702,0.177,-0.408,0.764,-0.718,1.305,-0.061,derecha
1780983604.8457544,-0.838,-0.166,0.536,-1.008,0.824,-1.466,-0.671,-0.322,0.612,-6.282,0.702,0.015,-0.324,-0.38,0.887,-0.481,0.214,-0.137,-0.27,-0.433,0.922,1.321,7.191,0.145,0.188,-0.414,0.772,-0.573,2.725,-0.084,derecha
1780983604.948797,-0.833,-0.169,0.55,-0.641,2.107,-1.183,-0.673,-0.32,0.613,-6.656,0.229,-0.374,-0.323,-0.377,0.889,-0.405,-0.542,0.191,-0.278,-0.436,0.918,1.702,6.771,-0.473,0.187,-0.417,0.763,-0.939,1.863,0.107,derecha
1780983605.060297,-0.84,-0.167,0.542,-1.16,1.954,-0.13,-0.674,-0.322,0.614,-6.427,1.153,0.336,-0.33,-0.383,0.899,1.427,1.412,1.198,-0.283,-0.44,0.928,3.565,9.382,1.786,0.177,-0.423,0.777,0.023,2.725,-0.275,derecha
1780983605.1563728,-0.834,-0.158,0.552,2.885,-8.389,-1.191,-0.683,-0.31,0.61,-8.359,25.916,0.191,-0.301,-0.425,1.035,173.092,38.015,76.763,-0.277,-0.332,0.88,189.74,19.015,61.13,0.169,-0.417,0.798,19.893,12.626,3.809,derecha
1780983605.2622697,-0.855,-0.154,0.535,5.16,19.305,6.802,-0.828,-0.342,0.573,9.344,50.214,32.634,-0.45,-0.021,0.759,88.275,44.046,20.183,-0.341,0.012,0.832,103.198,19.763,25.679,0.154,-0.389,0.783,11.053,9.176,-0.756,derecha
1780983605.3655434,-0.844,-0.154,0.535,2.504,8.931,2.015,-0.75,-0.249,0.483,-1.885,9.282,6.962,-0.462,0.039,0.887,13.031,8.397,4.076,-0.383,0.028,1.015,24.656,11.053,5.42,0.214,-0.375,0.794,-17.366,-4.901,-8.473,derecha
1780983605.4709518,-0.798,-0.101,0.481,-3.71,1.229,0.901,-0.687,-0.203,0.475,-10.595,-6.076,-0.916,-0.416,0.053,0.888,-7.099,-2.511,-1.718,-0.332,0.047,1.057,-5.611,7.252,-1.282,0.168,-0.394,0.795,-2.084,7.176,2.458,derecha
1780983605.5672028,-0.777,-0.134,0.48,-10.87,1.802,-8.847,-0.718,-0.232,0.485,-15.664,1.603,-12.947,-0.442,0.035,0.857,-24.053,-1.115,-10.817,-0.341,0.065,0.909,-29.771,6.298,-13.366,0.159,-0.393,0.775,-1.229,10.298,2.977,derecha
1780983605.677886,-0.857,-0.148,0.514,-2.16,-19.58,-6.802,-0.681,-0.252,0.437,-27.443,-56.099,-35.771,-0.302,0.052,0.464,-126.802,-38.061,-30.611,-0.271,0.023,0.556,-152.313,1.29,-28.931,0.167,-0.401,0.782,-14.511,-8.939,-2.588,derecha
1780983605.7793195,-0.801,-0.144,0.507,-3.405,-1.733,-3.573,-0.573,-0.295,0.642,-9.679,-17.389,-3.321,-0.238,-0.218,0.836,-5.153,-40.534,1.672,-0.272,-0.461,1.184,5.076,23.496,6.298,0.195,-0.402,0.788,6.87,0.74,0.076,derecha
1780983605.8830006,-0.832,-0.162,0.556,-0.809,5.328,0.321,-0.668,-0.324,0.608,-7.092,4.351,-0.099,-0.337,-0.368,0.891,-3.221,-3.031,0.496,-0.289,-0.419,0.92,-1.397,2.374,-2.069,0.191,-0.423,0.769,-3.061,3.962,-0.275,derecha
1780983605.9924667,-0.835,-0.169,0.549,-0.824,1.168,-0.443,-0.668,-0.316,0.607,-7.145,0.42,-0.588,-0.325,-0.374,0.894,-1.008,0.015,0.458,-0.281,-0.42,0.924,0.695,6.916,-0.863,0.19,-0.417,0.77,-1.115,2.466,0.305,derecha
1780983606.0928535,-0.838,-0.17,0.541,-0.649,1.725,0.061,-0.669,-0.319,0.617,-6.809,0.695,0.008,-0.329,-0.372,0.896,-0.924,0.664,0.573,-0.282,-0.424,0.922,1.191,6.771,-0.939,0.189,-0.413,0.773,-0.252,2.092,-0.176,derecha
1780983606.185604,-0.842,-0.166,0.542,-0.542,1.145,-1.412,-0.667,-0.323,0.61,-6.824,0.198,-0.435,-0.327,-0.371,0.897,-0.863,0.412,0.176,-0.274,-0.424,0.92,1.206,6.198,-0.565,0.193,-0.423,0.766,-0.542,1.756,-0.321,derecha
1780983606.2901318,-0.836,-0.168,0.541,-0.656,1.725,-1.092,-0.668,-0.322,0.616,-6.802,0.282,-0.244,-0.329,-0.375,0.889,-0.336,-0.603,0.718,-0.282,-0.425,0.922,0.824,7.573,0.305,0.189,-0.418,0.761,-0.29,3.244,0.122,derecha
1780983606.4033988,-0.837,-0.168,0.544,-0.916,1.679,-0.229,-0.674,-0.321,0.61,-6.832,0.916,-0.13,-0.329,-0.374,0.89,-0.947,1.328,0.679,-0.283,-0.43,0.927,1.13,6.824,-0.313,0.189,-0.42,0.762,-0.145,2.832,-0.053,derecha
1780983606.4942799,-0.836,-0.165,0.546,-0.687,0.542,-1.053,-0.669,-0.322,0.617,-6.901,-0.305,-0.389,-0.327,-0.371,0.896,-0.389,-0.252,0.046,-0.28,-0.426,0.918,1.351,6.366,-0.618,0.188,-0.418,0.763,-0.405,1.969,-0.191,derecha
1780983609.1723213,-0.837,-0.17,0.546,-0.916,1.198,-0.084,-0.669,-0.324,0.616,-6.893,0.794,0.015,-0.326,-0.376,0.889,-0.076,-0.282,0.412,-0.277,-0.431,0.919,1.763,7.084,-0.122,0.186,-0.418,0.768,-0.695,1.847,-0.153,derecha
1780983609.2864084,-0.837,-0.166,0.546,-1.023,0.702,-1.336,-0.667,-0.324,0.613,-6.565,0.282,-0.351,-0.327,-0.38,0.887,-0.489,0.069,-0.176,-0.28,-0.432,0.92,1.763,7.046,-0.656,0.19,-0.417,0.768,-0.641,1.931,-0.313,derecha
1780983609.389043,-0.84,-0.167,0.546,-0.855,2.038,-0.588,-0.667,-0.31,0.609,-7.305,0.756,0.053,-0.328,-0.375,0.89,-0.076,-0.42,-0.099,-0.281,-0.429,0.92,1.382,6.695,-0.275,0.186,-0.422,0.768,-0.611,2.878,0.137,derecha
1780983609.4931796,-0.841,-0.168,0.548,-1.198,2.183,-0.672,-0.667,-0.327,0.608,-7.092,0.908,-0.015,-0.323,-0.375,0.888,-0.26,0.634,0.153,-0.28,-0.434,0.922,1.557,7.221,0.015,0.19,-0.422,0.771,-0.427,2.389,-0.16,derecha
1780983609.5907464,-0.836,-0.169,0.546,-0.275,0.771,-0.557,-0.67,-0.325,0.609,-6.71,0.275,-0.603,-0.327,-0.377,0.885,-0.405,0.511,-0.389,-0.278,-0.427,0.923,1.847,6.313,-0.611,0.188,-0.417,0.771,-0.695,1.573,-0.069,derecha
1780983609.6870677,-0.839,-0.169,0.541,-1.084,1.42,-0.992,-0.673,-0.32,0.619,-6.809,0.481,0.008,-0.322,-0.374,0.887,0.344,-0.885,-0.023,-0.276,-0.431,0.917,2.336,6.519,0.519,0.186,-0.417,0.769,-0.557,3.771,-0.466,derecha
1780983609.7898922,-0.841,-0.163,0.553,-1.099,0.969,-0.221,-0.672,-0.299,0.72,-8.573,0.191,-0.13,-0.435,-0.479,1.193,150.565,30.679,54.756,-0.46,-0.597,1.402,130.221,21.992,44.977,0.202,-0.419,0.77,15.725,12.847,4.267,derecha
1780983609.897762,-0.836,-0.166,0.544,1.092,15.641,5.229,-0.858,-0.385,0.614,-4.008,53.702,19.939,-0.457,-0.073,0.829,99.275,50.809,20.84,-0.428,-0.179,0.961,140.031,27.763,39.344,0.146,-0.396,0.788,10.115,11.42,1.023,derecha
1780983609.996644,-0.845,-0.145,0.53,2.458,10.908,3.71,-0.783,-0.279,0.496,1.115,33.046,15.771,-0.495,0.026,0.853,33.672,14.053,9.649,-0.445,0.052,0.877,44.656,15.153,12.679,0.159,-0.385,0.776,3.382,4.023,-1.069,derecha
1780983610.0993867,-0.871,-0.146,0.501,-1.244,10.137,-0.458,-0.849,-0.252,0.436,-4.046,9.26,7.191,-0.516,0.091,0.775,10.092,7.069,3.458,-0.407,0.106,0.903,7.565,12.534,4.687,0.163,-0.402,0.808,-0.473,3.641,-1.603,derecha
1780983610.2023435,-0.86,-0.146,0.493,-1.313,4.649,-0.725,-0.782,-0.256,0.474,-6.58,-2.489,-3.42,-0.499,0.048,0.89,-5.855,-3.969,-2.863,-0.361,0.091,0.959,-7.832,1.344,-6.061,0.158,-0.384,0.785,-5.382,0.321,0.389,derecha
1780983610.3054724,-0.863,-0.147,0.497,-1.26,2.656,-0.534,-0.773,-0.26,0.457,-8.122,-4.221,-3.832,-0.496,0.06,0.808,-14.443,-7.405,-4.771,-0.36,0.071,0.939,-17.374,-0.252,-5.389,0.158,-0.391,0.781,-4.634,0.153,-0.267,derecha
1780983610.4277332,-0.862,-0.145,0.495,-4.947,-5.328,-5.321,-0.719,-0.264,0.442,-20.321,-28.74,-25.16,-0.408,0.079,0.615,-67.336,-28.985,-20.336,-0.281,0.068,0.645,-97.725,-5.557,-24.336,0.165,-0.39,0.771,-9.321,-9.42,-0.603,derecha
1780983610.5113626,-0.799,-0.169,0.568,-10.023,-17.908,-3.55,-0.697,-0.313,0.576,-6.412,-78.855,-5.191,-0.451,-0.654,1.451,-201.374,-75.382,-79.328,-0.417,-0.665,1.491,-177.42,-22.389,-68.588,0.224,-0.452,0.777,-7.336,3.87,-0.939,derecha
1780983610.6277723,-0.848,-0.174,0.525,-2.13,-5.679,-3.481,-0.675,-0.322,0.605,-6.076,-4.023,-1.458,-0.308,-0.377,0.902,-1.855,-4.473,-1.031,-0.266,-0.425,0.927,1.588,9.229,-1.061,0.187,-0.428,0.762,2.855,2.298,-0.366,derecha
1780983610.7226157,-0.84,-0.171,0.537,-0.664,2.137,-0.435,-0.666,-0.326,0.608,-6.939,0.237,-0.351,-0.322,-0.372,0.901,-1.382,-1.863,0.061,-0.27,-0.42,0.919,0.511,6.137,-0.756,0.19,-0.427,0.764,-0.084,3.542,-0.405,derecha
1780983610.8204713,-0.838,-0.169,0.533,-1.023,1.435,-0.771,-0.672,-0.326,0.612,-7.053,0.695,-0.183,-0.319,-0.377,0.893,-1.176,-0.183,-0.359,-0.271,-0.425,0.924,1.053,6.313,-0.71,0.189,-0.425,0.77,-0.45,2.443,-0.115,derecha
1780983610.9234142,-0.842,-0.169,0.539,-0.328,1.794,-0.435,-0.672,-0.321,0.613,-6.504,0.542,-0.237,-0.319,-0.371,0.89,-0.252,-0.84,-0.534,-0.271,-0.425,0.93,1.26,6.313,-1.008,0.19,-0.427,0.76,-0.626,1.504,-0.092,derecha
1780983611.0264986,-0.839,-0.172,0.539,-0.641,1.878,-0.802,-0.672,-0.325,0.605,-6.908,0.679,0.122,-0.317,-0.374,0.896,-0.382,0.221,-0.115,-0.27,-0.427,0.927,0.977,7.099,-0.443,0.195,-0.422,0.768,-0.473,2.046,-0.092,derecha
1780983611.1324384,-0.84,-0.164,0.54,-1.237,1.313,-1.496,-0.669,-0.323,0.606,-6.802,-0.023,-0.397,-0.322,-0.374,0.896,-1.023,0.061,-0.672,-0.273,-0.427,0.925,1.015,6.817,-0.42,0.189,-0.421,0.768,-0.588,2.405,0.282,derecha
1780983613.8076744,-0.842,-0.165,0.545,-0.573,1.954,-1.656,-0.676,-0.32,0.607,-6.733,0.595,-0.122,-0.318,-0.378,0.892,-0.282,-0.542,0.092,-0.271,-0.429,0.926,1.656,6.519,-0.687,0.187,-0.422,0.767,-0.542,2.435,0.0,derecha
1780983613.910898,-0.839,-0.168,0.538,-1.023,1.832,-0.824,-0.673,-0.327,0.608,-6.824,0.901,0.023,-0.322,-0.377,0.896,-0.656,1.145,0.527,-0.269,-0.429,0.917,1.626,7.061,-0.733,0.183,-0.428,0.761,-0.42,2.008,-0.038,derecha
1780983614.017253,-0.837,-0.166,0.537,-0.664,0.71,-0.832,-0.668,-0.32,0.605,-6.611,0.489,-0.779,-0.319,-0.379,0.896,-0.313,-0.336,0.053,-0.27,-0.431,0.919,1.588,6.55,-0.969,0.184,-0.427,0.761,-0.45,1.954,-0.214,derecha
1780983614.1230748,-0.838,-0.167,0.541,-0.901,1.458,-0.733,-0.675,-0.327,0.609,-6.802,0.496,-0.29,-0.321,-0.382,0.888,-0.321,-0.519,0.496,-0.27,-0.431,0.926,1.626,6.687,-0.702,0.188,-0.425,0.773,-0.626,3.183,-0.206,derecha
1780983614.2277079,-0.84,-0.168,0.54,-0.84,1.824,-1.275,-0.668,-0.326,0.613,-6.672,0.344,-0.221,-0.319,-0.376,0.891,-0.511,0.473,0.206,-0.269,-0.435,0.921,1.328,7.29,-0.504,0.19,-0.424,0.768,-0.58,2.153,0.015,derecha
1780983614.3225508,-0.841,-0.169,0.537,-1.137,0.863,-1.435,-0.671,-0.326,0.612,-6.687,-0.137,-0.443,-0.321,-0.377,0.888,-0.244,-0.305,-0.794,-0.273,-0.431,0.928,2.13,6.557,-0.985,0.19,-0.426,0.774,-0.588,1.748,-0.16,derecha
1780983614.4253142,-0.837,-0.168,0.54,-0.756,0.527,-0.336,-0.672,-0.324,0.608,-6.122,-0.458,0.0,-0.316,-0.379,0.898,0.779,-0.809,0.588,-0.269,-0.434,0.926,2.366,7.885,0.145,0.189,-0.42,0.762,-0.527,3.557,0.0,derecha
1780983614.5319076,-0.855,-0.157,0.551,3.115,-7.405,-0.893,-0.672,-0.352,0.573,-12.534,22.603,-0.031,-0.312,-0.53,1.123,216.115,42.908,83.901,-0.223,-0.448,0.952,223.962,20.672,61.824,0.181,-0.421,0.773,21.061,16.374,4.244,derecha
1780983614.6421628,-0.85,-0.163,0.524,2.061,15.458,6.473,-0.794,-0.282,0.477,5.115,42.046,26.855,-0.48,0.028,0.696,68.71,32.817,14.107,-0.288,0.03,0.765,87.603,13.84,21.603,0.155,-0.377,0.785,4.092,5.695,-0.58,derecha
1780983614.7344604,-0.84,-0.157,0.493,5.817,16.817,1.16,-0.659,-0.258,0.459,3.16,21.122,16.496,-0.522,0.05,0.828,27.321,14.824,11.718,-0.381,0.073,0.897,53.0,5.802,14.87,0.151,-0.386,0.79,2.366,0.481,-2.885,derecha
1780983614.8373563,-0.87,-0.153,0.497,-0.817,9.588,1.649,-0.829,-0.264,0.483,-2.725,9.527,6.824,-0.515,0.072,0.838,9.939,5.092,2.153,-0.378,0.094,0.925,9.542,9.298,1.588,0.154,-0.383,0.78,-4.168,-0.511,-2.282,derecha
1780983614.940443,-0.883,-0.159,0.506,0.672,8.137,3.595,-0.813,-0.267,0.479,-3.71,7.718,6.511,-0.512,0.063,0.836,6.885,1.038,1.183,-0.374,0.1,0.904,2.832,6.29,0.565,0.164,-0.378,0.754,-0.863,1.649,-2.595,derecha
1780983615.0564759,-0.875,-0.154,0.491,0.26,5.046,0.076,-0.791,-0.263,0.472,-9.641,-0.649,-1.908,-0.459,0.082,0.794,-8.45,-3.427,-3.198,-0.346,0.105,0.88,-13.725,1.458,-4.901,0.167,-0.393,0.778,-3.481,0.725,0.069,derecha
1780983615.1495414,-0.863,-0.169,0.494,-1.939,-33.176,-8.282,-0.705,-0.281,0.458,-35.084,-77.634,-62.527,-0.336,-0.047,0.604,-154.992,-52.282,-42.16,-0.286,-0.169,0.83,-193.336,-20.779,-51.756,0.186,-0.41,0.787,-23.031,-18.603,-3.588,derecha
1780983615.2522173,-0.911,-0.216,0.582,-1.214,-9.565,-1.382,-0.611,-0.337,0.789,-10.252,18.183,-2.137,-0.601,-0.417,1.003,-30.099,-76.198,-4.206,-0.201,-0.356,0.888,1.931,-5.191,-1.511,0.195,-0.409,0.761,-2.0,1.206,-0.573,derecha
1780983615.3526964,-0.843,-0.167,0.539,-0.405,4.817,0.374,-0.671,-0.325,0.605,-6.809,2.275,-0.695,-0.328,-0.367,0.89,-3.389,-6.45,-0.985,-0.269,-0.425,0.934,-0.061,2.366,-1.244,0.185,-0.424,0.76,-2.588,3.443,-0.229,derecha
1780983615.4555526,-0.838,-0.168,0.549,-1.084,2.053,-0.702,-0.669,-0.323,0.608,-7.45,1.015,0.023,-0.321,-0.372,0.896,-0.679,1.229,0.374,-0.269,-0.423,0.922,0.374,5.954,-0.412,0.19,-0.418,0.773,-0.908,3.664,-0.038,derecha
1780983615.5771937,-0.833,-0.167,0.54,-1.26,0.947,-1.603,-0.673,-0.326,0.61,-7.069,0.237,-0.534,-0.322,-0.372,0.898,-1.092,-0.176,-0.038,-0.271,-0.425,0.927,0.679,7.031,-0.26,0.185,-0.423,0.769,-0.115,2.504,0.229,derecha
1780983615.6675222,-0.836,-0.165,0.536,-0.466,1.13,-0.763,-0.669,-0.329,0.609,-6.878,0.168,-0.557,-0.321,-0.372,0.888,-0.504,-0.771,0.198,-0.269,-0.425,0.92,1.305,7.191,-0.603,0.187,-0.425,0.767,-1.099,2.137,-0.145,derecha
1780983615.7646544,-0.836,-0.162,0.545,-0.878,1.405,-0.099,-0.671,-0.327,0.605,-6.924,0.565,-0.107,-0.322,-0.375,0.894,-0.901,0.45,0.298,-0.267,-0.427,0.919,1.076,6.901,-0.328,0.188,-0.43,0.761,-0.344,3.061,-0.122,derecha
1780983618.4437337,-0.84,-0.169,0.533,-0.305,0.458,-0.191,-0.669,-0.322,0.608,-6.817,0.183,-0.466,-0.316,-0.375,0.896,-0.45,-0.489,0.26,-0.267,-0.434,0.919,1.771,6.313,-0.519,0.19,-0.43,0.767,-0.344,2.382,-0.374,derecha
1780983618.5459545,-0.839,-0.17,0.541,-0.916,1.45,-0.771,-0.669,-0.326,0.613,-6.603,0.0,-0.382,-0.317,-0.375,0.897,-0.405,-0.176,-0.061,-0.267,-0.431,0.928,1.656,6.84,0.145,0.187,-0.422,0.766,-0.595,2.954,0.168,derecha
1780983618.6594486,-0.841,-0.168,0.544,-0.863,2.061,-0.305,-0.671,-0.327,0.61,-6.405,0.626,-0.115,-0.322,-0.375,0.888,-0.763,0.45,0.924,-0.269,-0.432,0.918,1.588,7.282,-0.046,0.188,-0.422,0.775,-0.427,2.053,0.038,derecha
1780983618.7549264,-0.839,-0.171,0.538,-0.908,1.275,-1.496,-0.671,-0.328,0.611,-6.664,0.122,-0.809,-0.323,-0.383,0.887,0.092,-0.779,0.176,-0.271,-0.437,0.922,1.901,6.046,-0.504,0.19,-0.428,0.761,-0.382,2.252,-0.107,derecha
1780983618.8587863,-0.835,-0.168,0.543,-0.931,1.656,-0.321,-0.673,-0.326,0.606,-7.092,0.489,-0.427,-0.324,-0.378,0.892,-0.336,-0.053,0.427,-0.271,-0.433,0.921,2.069,6.885,0.481,0.196,-0.421,0.766,-0.595,3.229,-0.015,derecha
1780983618.9591577,-0.835,-0.174,0.546,-1.405,2.985,2.206,-0.705,-0.339,0.583,-5.779,6.244,2.611,-0.533,-0.426,1.452,23.405,19.069,28.588,-0.567,-0.591,1.303,85.321,11.366,19.26,0.184,-0.413,0.749,4.443,1.786,1.786,derecha
1780983619.0606878,-0.852,-0.168,0.535,2.13,19.221,5.397,-0.751,-0.356,0.648,19.603,56.695,25.885,-0.359,-0.112,0.894,112.847,50.985,19.26,-0.308,-0.211,1.069,146.481,24.405,34.366,0.169,-0.408,0.79,10.26,3.183,1.893,derecha
1780983619.172762,-0.849,-0.148,0.527,5.885,12.328,3.924,-0.754,-0.244,0.428,1.099,24.427,19.901,-0.507,0.012,0.946,33.214,15.481,13.183,-0.374,0.042,1.02,52.725,18.198,15.534,0.164,-0.382,0.789,0.878,0.565,-1.885,derecha
1780983619.2667272,-0.871,-0.136,0.496,-0.687,2.443,-1.771,-0.736,-0.219,0.469,-8.13,1.511,-1.092,-0.472,0.053,0.914,-2.397,1.863,0.962,-0.367,0.085,1.013,1.092,5.366,-3.763,0.16,-0.391,0.794,-1.443,2.405,1.634,derecha
1780983619.3739846,-0.829,-0.132,0.484,-2.466,-6.008,-4.863,-0.772,-0.232,0.467,-12.603,-14.366,-16.771,-0.504,0.011,1.005,-19.779,-7.13,-8.191,-0.391,0.01,1.175,-15.924,0.542,-10.206,0.163,-0.405,0.812,-6.443,2.389,1.313,derecha
1780983619.4737952,-0.865,-0.15,0.5,-3.244,-4.328,-5.237,-0.775,-0.259,0.482,-13.962,-21.534,-14.206,-0.453,0.053,0.792,-40.473,-15.534,-12.435,-0.354,0.089,0.842,-44.061,-5.534,-10.336,0.165,-0.391,0.785,-6.26,0.229,1.275,derecha
1780983619.5761547,-0.874,-0.158,0.514,-2.115,-21.557,-6.649,-0.71,-0.271,0.377,-39.656,-78.45,-51.389,-0.231,-0.079,0.471,-187.611,-48.206,-48.931,-0.234,-0.225,0.661,-230.954,-4.374,-57.832,0.209,-0.411,0.793,-37.023,-25.58,-5.664,derecha
1780983619.6786642,-0.823,-0.197,0.54,-6.237,2.237,-0.344,-0.669,-0.333,0.683,-9.092,11.603,0.931,-0.384,-0.301,0.806,16.718,5.336,2.023,-0.23,-0.377,0.994,9.679,5.687,1.405,0.206,-0.411,0.756,-6.397,-3.832,-0.176,derecha
1780983619.7925322,-0.844,-0.167,0.539,-1.237,0.405,-0.931,-0.669,-0.321,0.614,-6.55,-0.611,-0.733,-0.324,-0.372,0.894,-1.534,-1.221,-0.153,-0.281,-0.427,0.925,0.733,7.168,-1.046,0.187,-0.421,0.765,1.389,1.084,-0.321,derecha
1780983619.8922668,-0.843,-0.169,0.537,-0.725,2.924,-0.809,-0.671,-0.324,0.612,-7.382,0.962,-0.618,-0.324,-0.369,0.893,-1.771,-0.298,0.275,-0.279,-0.424,0.928,0.802,5.901,-1.008,0.192,-0.421,0.77,-0.267,3.053,0.099,derecha
1780983619.9918883,-0.84,-0.169,0.536,-0.527,1.931,-0.397,-0.669,-0.325,0.604,-6.748,0.55,-0.16,-0.325,-0.373,0.894,-0.519,-0.145,0.702,-0.28,-0.425,0.92,1.038,6.664,-0.626,0.19,-0.419,0.765,-0.374,2.389,-0.176,derecha
1780983620.0923445,-0.843,-0.165,0.541,-0.641,0.824,-0.611,-0.674,-0.326,0.619,-6.748,-0.191,-0.756,-0.328,-0.37,0.895,-0.511,0.344,0.458,-0.274,-0.427,0.917,1.366,6.153,-1.137,0.187,-0.418,0.762,-0.527,1.832,-0.466,derecha
1780983620.193728,-0.834,-0.167,0.54,-0.931,1.893,-0.221,-0.676,-0.326,0.612,-6.893,0.328,-0.29,-0.323,-0.368,0.888,-0.748,-0.382,0.229,-0.281,-0.428,0.924,1.466,7.29,-0.382,0.192,-0.424,0.756,-0.573,2.992,-0.061,derecha
1780983620.3139768,-0.836,-0.17,0.54,-1.427,1.985,-0.756,-0.675,-0.329,0.613,-7.183,0.221,-0.42,-0.331,-0.371,0.888,-0.336,-0.13,0.924,-0.285,-0.428,0.921,1.359,7.29,0.298,0.182,-0.422,0.767,-0.252,2.664,0.099,derecha
1780983620.4000037,-0.84,-0.166,0.537,-0.527,0.985,-1.053,-0.673,-0.317,0.606,-6.794,0.069,-0.649,-0.322,-0.379,0.895,-0.641,-0.023,-0.153,-0.278,-0.431,0.923,1.756,5.794,-0.649,0.192,-0.419,0.766,-0.313,2.023,-0.145,derecha
1780983623.0780349,-0.84,-0.173,0.54,-0.672,1.252,-1.382,-0.672,-0.325,0.606,-6.771,0.42,-0.328,-0.326,-0.375,0.888,-0.176,-0.305,0.206,-0.275,-0.434,0.913,1.321,6.641,-0.679,0.192,-0.424,0.766,-0.802,1.42,-0.031,derecha
1780983623.1880856,-0.837,-0.17,0.539,-1.153,1.534,-1.023,-0.672,-0.32,0.61,-6.985,0.252,-0.305,-0.323,-0.376,0.886,-0.641,0.328,0.656,-0.277,-0.433,0.919,1.763,6.733,-0.618,0.19,-0.43,0.766,-0.809,2.481,0.191,derecha
1780983623.2889192,-0.843,-0.169,0.537,-1.267,1.916,-0.122,-0.671,-0.325,0.611,-7.198,0.695,-0.16,-0.327,-0.378,0.887,-0.374,0.16,0.893,-0.279,-0.438,0.913,1.573,7.298,-0.481,0.181,-0.421,0.767,-0.557,1.725,0.038,derecha
1780983623.3929203,-0.834,-0.172,0.539,-0.756,0.733,-1.405,-0.675,-0.332,0.614,-6.649,0.031,-0.786,-0.32,-0.378,0.884,-0.435,-0.496,0.038,-0.28,-0.438,0.911,1.702,6.641,-0.969,0.188,-0.424,0.761,-0.389,1.931,-0.183,derecha
1780983623.4903626,-0.841,-0.168,0.54,-0.847,0.832,-1.206,-0.674,-0.324,0.612,-6.328,-0.405,0.145,-0.317,-0.378,0.894,1.397,0.573,0.771,-0.273,-0.435,0.932,3.221,7.412,0.924,0.191,-0.427,0.765,1.298,3.809,-0.305,derecha
1780983623.6003976,-0.87,-0.162,0.524,2.573,-8.504,-1.748,-0.688,-0.317,0.601,-5.466,22.519,-1.656,-0.427,-0.598,1.286,188.168,27.069,68.359,-0.197,-0.641,1.436,227.351,25.947,71.466,0.166,-0.41,0.797,18.351,17.855,1.16,derecha
1780983623.7076938,-0.862,-0.143,0.519,1.473,10.29,6.206,-0.833,-0.292,0.473,-3.389,28.076,13.443,-0.464,0.026,0.735,62.656,23.855,12.855,-0.34,0.046,0.818,66.443,8.305,20.405,0.163,-0.388,0.786,-0.634,-0.359,-0.84,derecha
1780983623.7988722,-0.859,-0.146,0.511,5.229,9.595,3.0,-0.742,-0.235,0.463,-5.084,12.794,8.008,-0.447,0.076,0.79,10.282,6.359,3.947,-0.34,0.1,0.908,10.328,8.473,1.992,0.163,-0.376,0.785,-0.344,2.031,0.076,derecha
1780983623.903033,-0.851,-0.132,0.495,3.359,10.031,0.038,-0.734,-0.212,0.426,-9.351,1.0,3.107,-0.441,0.08,0.794,-5.176,-2.573,0.573,-0.346,0.116,0.909,-6.802,2.015,-4.977,0.167,-0.377,0.787,-5.29,0.313,1.328,derecha
1780983624.0050406,-0.833,-0.126,0.488,-0.084,11.053,-2.099,-0.755,-0.196,0.376,-7.198,-0.359,0.649,-0.461,0.082,0.792,-10.038,-8.313,-0.061,-0.342,0.099,0.95,-7.916,-0.473,-4.206,0.165,-0.389,0.785,-7.794,-3.931,0.557,derecha
1780983624.1122315,-0.859,-0.137,0.503,-0.817,1.313,-1.412,-0.793,-0.251,0.448,-12.405,-5.748,-2.855,-0.493,0.024,0.897,-11.595,-5.534,-2.924,-0.352,0.061,0.983,-12.557,2.496,-2.458,0.167,-0.396,0.792,-3.038,-0.466,-0.115,derecha
1780983624.2154999,-0.86,-0.15,0.503,-1.573,6.748,-1.74,-0.786,-0.255,0.439,-13.832,-14.611,-10.542,-0.457,0.058,0.738,-28.763,-13.802,-10.733,-0.326,0.094,0.767,-44.473,-1.824,-9.649,0.167,-0.393,0.767,-4.969,-1.511,1.008,derecha
1780983624.328942,-0.878,-0.175,0.539,-15.405,-22.229,-5.191,-0.677,-0.334,0.514,-3.305,-107.954,0.183,-0.243,-0.524,0.971,-236.321,-108.206,-83.939,-0.313,-0.544,1.214,-214.328,-24.977,-82.191,0.201,-0.417,0.778,-11.137,-2.748,-2.076,derecha
1780983624.4247308,-0.831,-0.166,0.538,3.275,-1.015,-1.962,-0.628,-0.327,0.676,-6.87,-0.687,-1.863,-0.322,-0.391,0.901,-2.672,-3.435,-1.176,-0.291,-0.435,0.957,-0.901,-0.725,-1.321,0.183,-0.422,0.744,1.076,-3.046,-0.153,derecha
1780983624.5240757,-0.842,-0.169,0.538,-0.618,2.198,-0.115,-0.675,-0.322,0.612,-7.092,1.702,-0.237,-0.322,-0.364,0.89,-1.069,0.092,0.771,-0.277,-0.418,0.919,0.115,5.878,-0.679,0.187,-0.422,0.768,-1.214,3.885,0.061,derecha
1780983624.6230443,-0.839,-0.169,0.54,-1.534,0.824,-0.954,-0.671,-0.322,0.614,-7.481,0.397,-0.863,-0.322,-0.368,0.893,-1.267,0.275,0.153,-0.279,-0.424,0.921,0.519,6.832,-0.214,0.191,-0.413,0.771,0.115,2.962,-0.015,derecha
1780983624.7260456,-0.842,-0.168,0.536,-0.336,1.015,-1.206,-0.675,-0.324,0.611,-6.679,0.198,-0.458,-0.324,-0.372,0.896,-0.992,-0.053,-0.435,-0.271,-0.426,0.91,1.069,7.023,-0.664,0.185,-0.423,0.77,-0.542,1.977,0.176,derecha
1780983624.8414462,-0.844,-0.167,0.539,-0.405,1.344,-0.275,-0.669,-0.323,0.616,-6.748,0.641,-0.008,-0.319,-0.373,0.892,-0.573,0.076,0.053,-0.277,-0.428,0.921,0.771,6.962,-0.542,0.191,-0.427,0.762,-0.229,3.412,-0.42,derecha
1780983624.9423676,-0.841,-0.168,0.538,-1.168,1.206,-1.008,-0.674,-0.321,0.604,-6.771,0.206,-0.656,-0.321,-0.373,0.892,-0.885,-0.321,0.321,-0.275,-0.425,0.923,1.107,6.885,-0.786,0.183,-0.415,0.767,-0.901,2.321,0.298,derecha
1780983625.034971,-0.84,-0.168,0.543,-0.763,1.794,0.366,-0.673,-0.318,0.61,-6.969,0.702,-0.137,-0.324,-0.374,0.893,-0.672,1.069,0.053,-0.278,-0.428,0.925,1.229,7.061,-1.237,0.182,-0.419,0.77,-0.687,1.351,0.198,derecha
1780983627.7214406,-0.841,-0.167,0.535,-0.855,1.756,0.038,-0.676,-0.326,0.609,-7.038,0.58,-0.221,-0.324,-0.38,0.889,-0.084,-0.16,0.366,-0.276,-0.434,0.918,1.313,6.687,-0.206,0.186,-0.412,0.763,-0.634,1.733,-0.13,derecha
1780983627.8219948,-0.841,-0.168,0.543,-0.718,1.679,-0.557,-0.67,-0.323,0.612,-6.748,0.412,-0.534,-0.323,-0.379,0.889,-0.443,0.634,-0.282,-0.271,-0.432,0.919,1.771,6.099,-0.389,0.187,-0.425,0.764,-0.603,1.603,-0.115,derecha
1780983627.926333,-0.838,-0.163,0.539,-0.618,1.695,-1.282,-0.673,-0.321,0.617,-6.977,0.221,-0.412,-0.319,-0.379,0.885,-0.26,-0.252,-0.069,-0.273,-0.432,0.911,1.656,7.061,0.183,0.175,-0.422,0.772,-0.626,3.008,-0.305,derecha
1780983628.02211,-0.835,-0.165,0.535,-1.023,1.328,-0.824,-0.665,-0.33,0.609,-7.023,0.695,-0.191,-0.319,-0.384,0.895,-0.656,0.137,0.359,-0.271,-0.434,0.923,1.366,7.321,-0.458,0.184,-0.422,0.768,-0.473,2.542,0.198,derecha
1780983628.1257098,-0.845,-0.164,0.537,-0.649,0.252,-0.786,-0.672,-0.32,0.606,-6.626,-0.275,-1.305,-0.325,-0.383,0.892,-0.389,-0.443,-0.13,-0.277,-0.433,0.924,2.344,6.137,-0.382,0.183,-0.421,0.766,-0.359,2.015,-0.55,derecha
1780983628.2330847,-0.837,-0.163,0.544,-1.153,0.122,-0.397,-0.672,-0.327,0.614,-6.191,-0.58,-0.153,-0.322,-0.379,0.896,1.405,-0.527,0.267,-0.267,-0.43,0.918,2.557,7.397,0.176,0.187,-0.423,0.769,0.198,2.656,-0.397,derecha
1780983628.331417,-0.837,-0.162,0.533,-1.695,1.985,-1.412,-0.669,-0.321,0.612,-6.412,-1.87,-1.008,-0.332,-0.374,0.908,3.847,1.519,1.603,-0.326,-0.436,0.906,3.206,12.878,8.405,0.183,-0.415,0.763,0.412,3.725,0.252,derecha
1780983628.4342616,-0.843,-0.166,0.54,-0.099,3.168,-0.397,-0.667,-0.328,0.626,-6.855,3.771,-1.122,-0.451,-0.424,1.144,67.931,10.672,26.031,-0.412,-0.457,1.231,88.305,9.847,31.489,0.189,-0.412,0.768,5.031,1.656,1.382,derecha
1780983628.5408983,-0.828,-0.17,0.556,1.466,11.794,5.229,-0.8,-0.378,0.705,2.42,65.229,16.496,-0.373,-0.109,0.815,122.443,64.038,15.481,-0.308,-0.156,0.833,134.939,33.756,32.794,0.173,-0.408,0.776,15.634,19.702,2.832,derecha
1780983628.6400483,-0.838,-0.152,0.519,2.374,11.366,3.183,-0.787,-0.279,0.51,5.809,31.206,17.053,-0.472,0.072,0.813,41.206,23.382,7.939,-0.339,0.037,0.87,47.305,18.107,11.366,0.158,-0.393,0.778,3.305,5.053,-0.298,derecha
1780983628.746641,-0.841,-0.165,0.504,-0.298,13.542,-0.099,-0.777,-0.269,0.508,-0.282,17.718,12.611,-0.507,0.077,0.758,19.763,10.16,4.466,-0.371,0.125,0.758,13.618,10.733,5.076,0.16,-0.366,0.757,-0.397,-1.053,-1.275,derecha
1780983628.8487535,-0.869,-0.158,0.5,1.679,5.45,1.931,-0.788,-0.243,0.458,-5.725,2.069,2.519,-0.469,0.09,0.769,-4.13,-5.336,0.832,-0.336,0.088,0.881,-9.038,4.092,0.42,0.168,-0.382,0.778,-1.756,2.519,-0.336,derecha
1780983628.9560437,-0.855,-0.148,0.501,-1.954,-2.214,-4.802,-0.702,-0.225,0.436,-17.832,-25.053,-15.962,-0.37,0.134,0.592,-57.221,-19.656,-16.076,-0.324,0.106,0.67,-67.893,-3.137,-14.473,0.159,-0.395,0.78,-7.718,0.008,1.679,derecha
1780983629.063954,-0.831,-0.189,0.564,-9.908,-25.321,-4.763,-0.631,-0.34,0.708,-5.954,-77.641,-7.206,-0.419,-0.66,1.533,-250.137,-135.489,-100.87,-1.034,-0.905,2.0,-221.359,-50.023,-77.237,0.282,-0.452,0.784,-20.427,-2.153,-2.183,derecha
1780983629.1552627,-0.825,-0.173,0.563,-3.595,-5.748,-3.45,-0.659,-0.328,0.615,-6.84,2.473,-0.924,-0.322,-0.369,0.893,0.206,11.977,0.176,-0.299,-0.421,0.909,1.702,11.076,-0.565,0.192,-0.42,0.781,1.664,2.427,-0.863,derecha
1780983629.2640865,-0.84,-0.161,0.546,-1.031,1.076,-1.183,-0.668,-0.319,0.615,-6.985,-1.038,-0.908,-0.316,-0.365,0.905,-2.435,-1.733,-0.267,-0.282,-0.423,0.922,0.038,6.244,-0.344,0.18,-0.424,0.766,0.565,3.855,-0.008,derecha
1780983629.3613205,-0.838,-0.167,0.542,-0.985,2.115,-0.802,-0.672,-0.324,0.613,-7.099,0.74,-0.481,-0.324,-0.368,0.901,-1.099,1.443,-0.008,-0.28,-0.426,0.921,1.038,5.916,0.008,0.186,-0.422,0.773,-0.649,1.985,-0.015,derecha
1780983629.4643183,-0.838,-0.167,0.546,-0.427,1.466,-0.779,-0.67,-0.325,0.614,-6.771,0.42,-0.527,-0.321,-0.37,0.891,-0.58,0.092,-0.656,-0.285,-0.428,0.914,1.252,6.351,-0.687,0.19,-0.423,0.772,-0.26,1.802,-0.313,derecha
1780983629.5675676,-0.837,-0.165,0.547,-1.435,1.847,-0.87,-0.673,-0.32,0.616,-7.107,0.489,-0.573,-0.327,-0.368,0.898,-0.771,-0.611,-0.282,-0.281,-0.43,0.917,1.092,6.931,-0.794,0.183,-0.416,0.758,-0.389,2.763,-0.198,derecha
1780983629.677416,-0.834,-0.167,0.544,-0.611,1.565,-0.618,-0.671,-0.319,0.613,-7.344,0.832,-0.389,-0.32,-0.366,0.898,-1.107,1.267,-0.29,-0.28,-0.426,0.92,1.008,7.542,0.359,0.19,-0.421,0.772,-0.511,2.42,0.115,derecha
1780983632.352565,-0.84,-0.165,0.545,-0.794,1.382,-1.038,-0.672,-0.323,0.613,-7.046,0.366,-0.481,-0.323,-0.376,0.891,-0.221,-0.168,-0.13,-0.281,-0.437,0.916,1.794,7.107,-1.321,0.191,-0.42,0.771,-1.58,0.939,0.214,derecha
1780983632.451514,-0.839,-0.167,0.542,-0.305,1.412,-0.603,-0.667,-0.32,0.612,-6.832,0.412,-0.153,-0.326,-0.375,0.896,0.191,0.649,0.015,-0.278,-0.433,0.924,1.702,7.0,-0.183,0.189,-0.424,0.764,-0.351,3.733,-0.405,derecha
1780983632.5547824,-0.842,-0.167,0.547,-1.412,1.901,-0.603,-0.673,-0.322,0.606,-7.214,0.382,-0.26,-0.323,-0.379,0.89,-0.504,0.45,0.061,-0.286,-0.435,0.916,0.893,7.16,-0.42,0.182,-0.419,0.765,-0.71,2.099,0.244,derecha
1780983632.660276,-0.841,-0.163,0.547,-0.916,2.023,0.191,-0.673,-0.32,0.61,-7.015,0.779,-0.267,-0.326,-0.375,0.889,-0.176,0.878,0.198,-0.287,-0.435,0.917,1.672,7.267,-0.939,0.186,-0.419,0.758,-1.084,1.924,0.55,derecha
1780983632.7648304,-0.838,-0.161,0.546,-0.924,1.298,-1.397,-0.673,-0.325,0.609,-6.42,0.107,-0.496,-0.325,-0.378,0.887,-0.45,-0.061,-0.565,-0.287,-0.436,0.924,2.076,6.16,-0.695,0.185,-0.424,0.764,-0.389,2.313,-0.458,derecha
1780983632.866539,-0.84,-0.163,0.549,-0.962,0.366,-1.466,-0.674,-0.322,0.61,-6.908,-0.198,-0.802,-0.323,-0.374,0.892,-0.244,-1.45,-0.45,-0.28,-0.437,0.914,1.58,7.176,-0.198,0.188,-0.424,0.775,-0.252,3.557,-0.176,derecha
1780983632.966696,-0.839,-0.165,0.543,-1.45,1.321,-0.763,-0.671,-0.319,0.604,-6.725,0.305,-0.397,-0.323,-0.373,0.894,0.168,0.351,0.298,-0.289,-0.434,0.92,2.237,7.443,0.122,0.184,-0.422,0.763,-0.656,0.908,0.244,derecha
1780983633.0780196,-0.843,-0.171,0.536,0.626,-0.382,2.374,-0.676,-0.396,0.618,0.916,-13.473,1.672,-0.667,-0.746,1.914,183.275,32.618,69.176,-0.776,-1.045,2.0,213.046,18.176,68.733,0.186,-0.455,0.772,21.74,15.115,6.55,derecha
1780983633.1746438,-0.995,0.319,0.616,-17.824,1.817,-7.763,-0.855,-0.253,0.452,-2.412,29.252,-2.588,-0.522,0.028,0.785,61.542,24.092,11.145,-0.472,0.018,0.962,81.863,-25.336,10.618,0.146,-0.392,0.804,0.969,5.748,-1.985,derecha
1780983633.2755358,-0.849,-0.142,0.517,-2.695,-2.076,-4.29,-0.761,-0.273,0.518,-8.366,-2.725,-6.519,-0.529,-0.017,1.018,4.855,5.191,0.008,-0.378,0.002,1.08,12.015,9.336,-1.725,0.148,-0.379,0.805,0.511,4.786,-0.45,derecha
1780983633.381287,-0.855,-0.145,0.519,-2.229,0.046,-2.107,-0.79,-0.281,0.506,-5.473,-2.305,-3.328,-0.503,0.026,0.894,-2.359,-1.168,-1.573,-0.384,0.036,1.0,-0.611,5.16,-1.779,0.157,-0.374,0.793,-3.504,1.855,-0.992,derecha
1780983633.4928827,-0.854,-0.144,0.517,-2.26,0.962,-1.855,-0.765,-0.263,0.484,-11.168,-14.099,-9.893,-0.477,0.032,0.865,-21.893,-9.153,-8.863,-0.365,0.039,0.967,-28.534,0.611,-8.771,0.159,-0.385,0.79,-5.237,2.573,0.298,derecha
1780983633.5943289,-0.857,-0.148,0.519,-7.115,-20.809,-12.794,-0.668,-0.294,0.429,-33.588,-73.061,-48.725,-0.253,-0.062,0.438,-173.763,-48.817,-42.13,-0.308,-0.096,0.718,-218.305,-9.985,-58.794,0.188,-0.427,0.771,-37.45,-29.985,-7.191,derecha
1780983633.6876886,-0.795,-0.134,0.551,-9.679,1.244,-4.382,-0.677,-0.318,0.572,-6.832,2.115,-0.55,-0.279,-0.406,0.936,19.481,28.282,6.023,-0.231,-0.379,0.742,10.038,12.985,-4.191,0.19,-0.419,0.751,8.244,3.015,-0.031,derecha
1780983633.7973502,-0.833,-0.168,0.552,-1.168,0.55,-1.542,-0.674,-0.323,0.614,-7.038,-1.45,-0.725,-0.332,-0.368,0.893,-2.489,-3.244,-1.069,-0.273,-0.423,0.932,0.099,6.053,-0.71,0.188,-0.43,0.773,0.779,1.275,-0.275,derecha
1780983633.8994362,-0.833,-0.168,0.547,-0.58,2.779,-0.649,-0.669,-0.319,0.619,-7.412,0.863,-0.405,-0.322,-0.366,0.897,-1.183,-0.26,0.069,-0.281,-0.423,0.928,0.107,5.672,-0.656,0.183,-0.421,0.762,-1.198,3.649,-0.107,derecha
1780983634.0073032,-0.833,-0.168,0.538,-1.389,2.435,-0.595,-0.668,-0.323,0.612,-7.275,0.916,-0.282,-0.326,-0.37,0.896,-0.893,1.763,0.115,-0.276,-0.426,0.923,0.779,6.786,-0.595,0.193,-0.42,0.775,-0.504,2.275,0.26,derecha
1780983634.105772,-0.835,-0.167,0.555,-0.756,1.061,-0.595,-0.67,-0.321,0.607,-6.733,0.405,-0.649,-0.329,-0.371,0.886,-0.817,-0.588,-0.687,-0.277,-0.428,0.923,1.527,6.137,-0.901,0.196,-0.426,0.764,-0.458,1.672,-0.282,derecha
1780983634.2026272,-0.835,-0.165,0.552,-0.863,2.023,-0.237,-0.67,-0.321,0.609,-6.58,0.496,-0.099,-0.325,-0.369,0.894,-0.679,-0.13,0.191,-0.278,-0.425,0.919,0.779,7.427,-0.55,0.188,-0.42,0.764,-0.313,3.191,-0.344,derecha
1780983634.3076048,-0.836,-0.163,0.551,-0.87,2.191,-0.924,-0.67,-0.318,0.613,-6.947,0.198,-1.046,-0.323,-0.374,0.895,-0.916,0.023,-0.214,-0.275,-0.424,0.923,0.733,7.115,-0.824,0.181,-0.419,0.775,-0.55,3.13,0.191,derecha
1780983636.9833326,-0.834,-0.165,0.549,-1.321,1.076,-1.641,-0.675,-0.323,0.61,-6.779,0.229,-0.718,-0.328,-0.376,0.89,-0.298,-0.435,0.099,-0.273,-0.434,0.916,1.427,7.511,0.534,0.189,-0.42,0.78,-0.351,3.076,0.13,derecha
1780983637.0891237,-0.84,-0.164,0.548,-0.611,1.824,0.038,-0.677,-0.323,0.606,-6.832,0.733,-0.168,-0.329,-0.377,0.886,-0.115,0.985,0.405,-0.281,-0.436,0.912,1.237,7.382,-0.321,0.187,-0.417,0.775,-0.969,0.649,0.321,derecha
1780983637.1895533,-0.833,-0.164,0.548,-0.771,0.328,-1.336,-0.673,-0.317,0.61,-6.496,0.13,-0.748,-0.326,-0.378,0.898,-0.252,-0.672,-0.374,-0.274,-0.433,0.911,1.878,7.542,-0.214,0.183,-0.419,0.767,-0.527,2.183,-0.038,derecha
1780983637.3044329,-0.835,-0.166,0.545,-1.26,1.725,-0.687,-0.675,-0.323,0.615,-6.74,-0.069,-0.237,-0.332,-0.377,0.896,-0.13,-0.496,-0.183,-0.278,-0.437,0.925,1.725,6.618,0.145,0.19,-0.426,0.772,-0.328,3.237,-0.42,derecha
1780983637.3995082,-0.837,-0.164,0.554,-1.031,1.489,-1.29,-0.67,-0.321,0.61,-7.237,0.466,-0.282,-0.323,-0.375,0.893,-0.763,1.29,0.282,-0.274,-0.434,0.907,0.992,7.656,-0.13,0.19,-0.422,0.769,-0.412,1.809,0.061,derecha
1780983637.506125,-0.837,-0.167,0.543,-0.809,0.992,-1.252,-0.673,-0.32,0.61,-6.313,0.328,-0.542,-0.327,-0.375,0.888,-0.153,-0.771,-0.237,-0.275,-0.433,0.921,1.603,6.076,-0.649,0.185,-0.422,0.767,-0.779,1.794,-0.038,derecha
1780983637.6025956,-0.835,-0.163,0.556,-1.389,1.679,-0.672,-0.674,-0.324,0.607,-6.733,0.359,-0.359,-0.323,-0.373,0.889,-0.198,-0.542,0.137,-0.26,-0.435,0.904,2.679,8.038,0.702,0.188,-0.422,0.764,-0.176,3.397,-0.947,derecha
1780983637.7046986,-0.836,-0.165,0.541,-0.015,-1.015,0.145,-0.672,-0.322,0.618,-5.031,-0.809,0.527,-0.331,-0.378,0.909,4.824,3.71,1.053,-0.28,-0.429,0.922,3.603,9.771,-0.687,0.188,-0.427,0.762,0.725,1.076,-0.695,derecha
1780983637.8269556,-0.861,-0.178,0.541,2.962,3.412,1.458,-0.661,-0.314,0.588,-4.817,52.84,2.664,-0.167,-0.209,0.65,166.099,43.267,43.626,-0.158,-0.218,0.753,146.321,28.863,43.481,0.169,-0.389,0.772,10.076,13.42,2.366,derecha
1780983637.9126213,-0.851,-0.154,0.529,3.137,18.237,9.176,-0.681,-0.272,0.494,7.618,63.053,15.305,-0.478,-0.024,0.862,59.809,35.832,19.366,-0.334,-0.023,0.914,78.328,23.618,23.076,0.165,-0.382,0.796,5.198,9.588,-1.412,derecha
1780983638.0192177,-0.852,-0.146,0.522,-2.611,7.351,-0.412,-0.78,-0.271,0.491,-3.16,18.137,7.145,-0.503,-0.022,0.989,19.405,19.885,3.878,-0.361,-0.018,1.009,35.786,20.374,-1.84,0.156,-0.388,0.792,3.511,5.901,-0.74,derecha
1780983638.1285877,-0.858,-0.147,0.522,0.214,3.45,1.359,-0.78,-0.259,0.471,-6.618,0.206,-0.489,-0.512,0.06,0.787,-0.664,-0.954,0.55,-0.386,0.041,0.937,-1.748,3.405,-4.702,0.147,-0.379,0.775,-2.069,0.183,0.954,derecha
1780983638.231991,-0.856,-0.142,0.512,0.344,1.595,-0.817,-0.76,-0.263,0.472,-9.061,-7.023,-4.794,-0.491,0.036,0.847,-13.809,-8.473,-1.046,-0.347,0.024,0.977,-15.29,-1.473,-5.672,0.154,-0.386,0.79,-3.008,-0.71,-0.855,derecha
1780983638.3231435,-0.855,-0.139,0.522,-4.863,-18.847,-15.397,-0.667,-0.232,0.401,-38.244,-74.405,-53.763,-0.281,-0.001,0.446,-175.305,-60.969,-46.458,-0.157,-0.092,0.722,-201.153,-6.221,-43.817,0.16,-0.391,0.759,-24.763,-30.802,-6.137,derecha
1780983638.4280307,-0.824,-0.125,0.572,-2.45,-6.489,-4.252,-0.66,-0.265,0.53,-9.802,14.702,1.221,-0.19,-0.319,0.71,8.084,0.626,3.298,-0.075,-0.35,0.935,-13.496,20.336,-0.908,0.186,-0.409,0.76,2.519,-5.038,-0.122,derecha
1780983638.5426254,-0.84,-0.164,0.546,-0.855,0.313,-0.977,-0.686,-0.323,0.607,-7.282,-2.718,-1.168,-0.345,-0.363,0.866,-3.351,-1.924,0.275,-0.258,-0.416,0.948,0.366,0.824,-1.893,0.19,-0.423,0.765,0.626,-0.168,-0.321,derecha
1780983638.6355455,-0.833,-0.162,0.553,-0.847,3.023,-0.458,-0.667,-0.318,0.612,-7.382,0.29,-0.443,-0.326,-0.366,0.894,-0.847,0.527,-0.107,-0.271,-0.415,0.926,-0.099,6.473,-0.733,0.187,-0.418,0.773,-0.206,4.55,0.031,derecha
1780983638.7445424,-0.834,-0.164,0.552,-0.733,2.832,-0.916,-0.67,-0.321,0.609,-7.634,1.061,-0.061,-0.318,-0.369,0.896,-0.863,0.618,0.496,-0.266,-0.419,0.924,0.145,7.397,-0.206,0.191,-0.42,0.768,-0.351,2.489,0.168,derecha
1780983638.8519042,-0.831,-0.163,0.549,-1.275,1.58,-1.573,-0.67,-0.32,0.61,-7.198,0.832,-0.55,-0.32,-0.368,0.894,-1.023,0.466,-0.115,-0.269,-0.426,0.929,0.962,6.489,-1.076,0.193,-0.417,0.762,-0.802,1.794,-0.13,derecha
1780983641.6191187,-0.839,-0.157,0.549,-0.901,1.595,-0.908,-0.668,-0.318,0.616,-6.725,0.313,-0.55,-0.322,-0.373,0.888,-0.237,0.176,0.511,-0.268,-0.434,0.922,1.725,6.351,0.008,0.181,-0.42,0.766,-0.153,3.74,-0.282,derecha
1780983641.7220788,-0.838,-0.163,0.54,-0.763,1.435,-0.527,-0.667,-0.319,0.608,-6.939,0.0,-0.527,-0.322,-0.377,0.895,-0.153,-0.107,0.359,-0.266,-0.428,0.921,1.267,7.252,0.748,0.187,-0.421,0.775,0.153,2.389,-0.023,derecha
1780983641.825045,-0.836,-0.161,0.542,-0.794,1.725,-0.092,-0.674,-0.322,0.602,-6.603,0.763,-0.336,-0.317,-0.37,0.893,-0.718,0.13,0.641,-0.271,-0.424,0.918,1.702,7.435,-0.443,0.18,-0.417,0.769,-1.16,0.511,0.382,derecha
1780983641.934237,-0.835,-0.165,0.549,-0.634,0.656,-0.649,-0.669,-0.323,0.615,-6.687,0.42,-0.397,-0.32,-0.374,0.899,0.863,1.863,1.099,-0.274,-0.435,0.926,2.45,7.557,0.718,0.179,-0.427,0.764,0.176,3.924,-0.672,derecha
1780983642.031924,-0.847,-0.162,0.547,2.679,-11.702,-1.939,-0.683,-0.349,0.651,-6.962,24.168,1.252,-0.401,-0.391,1.023,126.687,26.13,53.626,-0.354,-0.386,0.86,123.809,18.855,38.962,0.173,-0.405,0.77,11.16,11.634,2.031,derecha
1780983642.1462283,-0.849,-0.168,0.544,7.969,40.611,15.359,-0.76,-0.295,0.489,20.16,84.748,48.198,-0.315,0.023,0.562,99.374,51.336,24.458,-0.361,-0.009,0.625,121.183,22.473,29.656,0.13,-0.363,0.779,11.214,14.321,2.282,derecha
1780983642.2454822,-0.858,-0.147,0.51,1.221,10.344,4.115,-0.808,-0.278,0.497,-2.985,22.206,7.481,-0.543,-0.013,0.924,21.198,15.771,5.061,-0.416,0.024,0.982,37.481,16.656,9.634,0.144,-0.388,0.79,0.13,3.84,-2.924,derecha
1780983642.340125,-0.87,-0.142,0.494,-1.771,2.656,-1.771,-0.848,-0.266,0.483,-5.267,11.45,4.305,-0.5,0.051,0.811,0.855,0.42,5.153,-0.389,0.09,0.917,8.008,5.328,5.649,0.188,-0.405,0.855,-2.489,-1.313,-0.656,derecha
1780983642.448829,-0.863,-0.147,0.502,1.374,5.389,1.198,-0.776,-0.258,0.467,-7.42,6.725,0.641,-0.485,0.064,0.826,-8.267,-1.176,0.267,-0.379,0.102,0.924,3.282,8.55,3.916,0.147,-0.375,0.776,-5.702,-0.588,0.84,derecha
1780983642.5463352,-0.86,-0.141,0.504,-2.092,-7.847,-6.053,-0.771,-0.259,0.39,-14.511,-28.595,-24.023,-0.414,0.109,0.493,-75.939,-32.427,-19.321,-0.335,0.133,0.562,-94.29,-14.153,-15.611,0.146,-0.399,0.777,-9.389,-11.435,-1.046,derecha
1780983642.6492603,-0.794,-0.183,0.573,-10.023,-18.405,-4.298,-0.628,-0.323,0.607,-1.779,-61.168,0.008,-2.0,-1.529,2.0,29.588,-250.137,32.176,-0.629,-1.011,2.0,-213.344,-86.267,-91.13,0.252,-0.481,0.896,-15.435,23.374,-4.107,derecha
1780983642.759761,-0.829,-0.172,0.562,-0.985,-0.573,-1.282,-0.653,-0.324,0.631,-7.504,3.443,-0.42,-0.319,-0.36,0.901,1.076,9.901,1.84,-0.302,-0.414,0.919,-2.107,13.153,-1.672,0.192,-0.417,0.759,-1.313,0.939,-0.137,derecha
1780983642.8554788,-0.834,-0.168,0.545,-0.557,1.0,-1.244,-0.666,-0.322,0.62,-6.748,0.351,-0.282,-0.323,-0.367,0.902,-1.321,1.855,0.168,-0.277,-0.424,0.922,0.359,6.588,-0.916,0.192,-0.418,0.763,0.336,2.389,-0.603,derecha
1780983642.9637487,-0.834,-0.167,0.547,-1.038,1.099,-0.771,-0.669,-0.323,0.615,-6.84,0.511,-0.511,-0.323,-0.366,0.89,-0.916,0.374,0.099,-0.282,-0.428,0.927,0.908,6.328,-0.687,0.194,-0.426,0.771,-0.305,3.061,-0.084,derecha
1780983643.0708923,-0.831,-0.169,0.551,-0.496,1.802,-0.115,-0.667,-0.321,0.611,-6.718,0.786,-0.221,-0.323,-0.363,0.898,-0.702,0.824,0.084,-0.278,-0.421,0.919,0.595,6.603,-1.191,0.194,-0.425,0.762,-0.779,1.13,0.351,derecha
1780983643.1636183,-0.831,-0.17,0.551,-0.962,1.305,-0.733,-0.666,-0.32,0.615,-6.534,0.45,0.031,-0.331,-0.365,0.892,-0.84,1.038,0.473,-0.277,-0.429,0.91,1.336,6.824,-0.603,0.2,-0.425,0.759,-0.344,2.931,-0.435,derecha
1780983643.2784839,-0.834,-0.166,0.546,-0.84,0.74,-1.221,-0.668,-0.322,0.616,-7.084,0.038,-0.466,-0.326,-0.365,0.896,-0.405,-0.031,0.412,-0.281,-0.424,0.918,0.878,6.855,-0.733,0.195,-0.425,0.767,-1.023,2.069,-0.046,derecha
1780983643.3714836,-0.834,-0.162,0.551,-0.664,1.45,-0.962,-0.666,-0.318,0.614,-7.107,0.664,-0.076,-0.325,-0.365,0.892,-0.321,0.679,0.557,-0.279,-0.43,0.916,1.282,7.519,-0.794,0.196,-0.419,0.762,-1.099,1.931,0.267,derecha
1780983643.4828181,-0.837,-0.171,0.557,-0.985,1.611,-0.931,-0.67,-0.324,0.613,-6.695,0.099,-0.481,-0.326,-0.366,0.896,-0.832,0.55,0.321,-0.282,-0.428,0.915,1.519,6.008,-0.611,0.196,-0.426,0.766,-0.29,2.481,-0.229,derecha
1780983646.25407,-0.831,-0.164,0.546,-0.878,1.992,-0.939,-0.667,-0.321,0.62,-7.061,0.55,-0.504,-0.331,-0.368,0.888,-0.71,0.702,-0.122,-0.281,-0.436,0.907,1.595,7.405,-0.344,0.19,-0.419,0.766,-0.771,2.466,0.008,derecha
1780983646.3654473,-0.832,-0.164,0.548,-1.267,1.382,-0.679,-0.67,-0.325,0.618,-6.977,0.237,-0.58,-0.334,-0.369,0.89,-0.107,-0.519,-0.618,-0.285,-0.435,0.917,1.573,7.382,-0.901,0.187,-0.422,0.769,-0.725,1.58,0.351,derecha
1780983646.4598668,-0.832,-0.168,0.552,-0.427,1.069,0.069,-0.672,-0.323,0.618,-6.58,0.099,-0.603,-0.333,-0.37,0.885,-0.015,-0.55,-0.336,-0.275,-0.434,0.908,2.122,6.305,-0.42,0.197,-0.425,0.77,-0.412,2.45,-0.527,derecha
1780983646.5750115,-0.833,-0.165,0.556,-1.038,1.885,-1.198,-0.669,-0.321,0.614,-7.16,0.351,-0.55,-0.334,-0.368,0.881,-0.252,-0.015,-0.832,-0.279,-0.435,0.916,1.855,6.603,-0.397,0.185,-0.427,0.764,-0.252,2.588,-0.191,derecha
1780983646.6663167,-0.828,-0.169,0.549,-1.046,0.947,-0.771,-0.666,-0.318,0.613,-6.282,-0.756,-0.511,-0.324,-0.371,0.891,0.74,-0.511,0.206,-0.255,-0.443,0.955,-0.198,4.954,1.809,0.19,-0.419,0.772,0.878,2.427,-0.168,derecha
1780983646.769478,-0.831,-0.149,0.556,-1.237,8.16,0.344,-0.659,-0.349,0.636,-8.015,47.519,1.466,-0.259,-0.443,0.912,171.099,31.237,66.809,-0.258,-0.3,0.887,169.206,20.832,57.282,0.19,-0.415,0.773,18.634,17.534,2.702,derecha
1780983646.879589,-0.85,-0.159,0.534,1.908,19.405,10.527,-0.588,-0.275,0.526,2.695,49.695,17.122,-0.438,0.023,0.66,89.458,44.198,13.634,-0.365,0.077,0.644,93.244,-1.092,25.672,0.144,-0.38,0.784,9.824,7.153,-0.557,derecha
1780983646.9752398,-0.848,-0.147,0.522,3.931,13.733,3.702,-0.755,-0.272,0.499,-1.374,24.366,13.969,-0.488,0.073,0.818,25.939,17.244,8.763,-0.395,0.09,0.858,37.153,13.344,10.107,0.141,-0.374,0.788,3.511,6.595,-2.282,derecha
1780983647.0892568,-0.856,-0.153,0.514,2.061,8.542,1.977,-0.746,-0.243,0.47,-4.58,7.229,4.427,-0.5,0.057,0.854,7.069,-0.115,2.282,-0.377,0.101,0.871,3.405,2.977,-2.221,0.162,-0.385,0.778,-3.359,-0.053,0.061,derecha
1780983647.1812658,-0.861,-0.151,0.515,-0.718,1.626,-1.069,-0.782,-0.265,0.494,-9.916,-7.634,-5.901,-0.436,0.073,0.78,-22.229,-8.267,-10.115,-0.334,0.081,0.784,-34.206,-2.809,-17.443,0.168,-0.391,0.785,-4.176,2.099,0.183,derecha
1780983647.284484,-0.771,-0.148,0.494,-5.023,-27.908,-6.756,-0.789,-0.348,0.438,-2.26,-95.954,-4.198,-0.157,-0.516,1.063,-250.137,-123.656,-89.87,-0.221,-0.573,1.172,-250.137,-35.908,-91.779,0.202,-0.441,0.768,-18.832,-13.084,-4.176,derecha
1780983647.387421,-0.843,-0.152,0.536,-0.885,-0.809,-1.214,-0.645,-0.325,0.643,-7.489,1.649,-1.511,-0.3,-0.374,0.904,-3.58,-9.733,-0.634,-0.267,-0.371,0.802,3.466,13.687,-0.221,0.195,-0.428,0.786,2.71,3.45,-0.221,derecha
1780983647.4902132,-0.833,-0.166,0.549,-0.076,2.771,-0.511,-0.67,-0.321,0.612,-6.832,1.664,-0.16,-0.322,-0.362,0.894,-1.588,-0.313,-0.557,-0.278,-0.417,0.934,-0.13,5.13,-1.595,0.194,-0.419,0.769,-1.573,2.84,-0.214,derecha
1780983647.593702,-0.837,-0.166,0.544,-1.427,1.542,-1.221,-0.668,-0.319,0.614,-7.069,0.985,-0.214,-0.323,-0.362,0.893,-1.183,0.313,-0.221,-0.276,-0.422,0.922,0.58,6.382,-0.534,0.191,-0.418,0.768,0.13,3.053,0.168,derecha
1780983647.707253,-0.837,-0.168,0.547,-0.847,1.237,-0.542,-0.668,-0.322,0.608,-6.84,0.542,-0.038,-0.326,-0.37,0.889,-0.527,1.046,0.076,-0.271,-0.429,0.928,1.229,6.809,0.076,0.187,-0.422,0.76,-0.389,2.55,-0.191,derecha
1780983647.8073666,-0.834,-0.169,0.552,-0.481,0.924,-0.229,-0.667,-0.323,0.613,-6.756,0.069,-0.344,-0.325,-0.372,0.901,-0.962,0.733,-0.641,-0.274,-0.429,0.931,1.153,6.076,-0.87,0.188,-0.423,0.767,-0.947,1.702,0.099,derecha
1780983647.9048126,-0.835,-0.164,0.549,-0.802,1.695,-0.748,-0.674,-0.32,0.606,-6.809,0.427,-0.153,-0.324,-0.368,0.893,-0.214,-0.649,-0.153,-0.274,-0.425,0.931,1.183,6.824,0.038,0.188,-0.416,0.761,-0.656,3.16,0.076,derecha
1780983648.0056276,-0.836,-0.164,0.54,-1.0,1.328,-0.908,-0.675,-0.319,0.612,-7.397,-0.061,-0.794,-0.323,-0.37,0.891,-0.87,-0.298,-0.137,-0.275,-0.427,0.916,1.313,7.855,0.0,0.187,-0.424,0.764,-0.809,2.504,0.237,derecha
1780983648.1204638,-0.841,-0.165,0.547,-0.893,0.855,-1.115,-0.672,-0.322,0.615,-6.702,-0.031,-0.481,-0.325,-0.367,0.889,-0.908,0.382,-0.374,-0.276,-0.427,0.917,1.298,6.489,-0.679,0.185,-0.425,0.767,-1.412,1.45,0.298,derecha
1780983650.9017174,-0.835,-0.167,0.551,-1.321,0.939,-1.489,-0.673,-0.329,0.615,-6.847,0.527,-0.031,-0.33,-0.378,0.889,-0.153,0.298,0.374,-0.275,-0.444,0.909,1.427,7.122,-0.489,0.193,-0.417,0.757,-0.664,1.435,0.053,derecha
1780983651.005969,-0.839,-0.167,0.549,-0.565,1.542,-0.496,-0.675,-0.317,0.62,-6.794,0.061,-0.298,-0.332,-0.374,0.89,-0.229,-0.534,0.336,-0.274,-0.439,0.922,1.481,7.443,0.634,0.186,-0.424,0.769,0.122,3.275,-0.214,derecha
1780983651.0999813,-0.836,-0.167,0.546,-1.527,1.672,-0.985,-0.671,-0.324,0.61,-6.756,0.13,-0.473,-0.331,-0.375,0.888,-0.427,-0.061,0.412,-0.275,-0.441,0.917,1.656,7.053,-0.046,0.188,-0.421,0.765,-0.565,2.565,0.046,derecha
1780983651.198693,-0.84,-0.166,0.544,-0.603,1.137,-0.489,-0.673,-0.32,0.608,-6.748,0.244,-0.267,-0.328,-0.377,0.888,-0.527,-0.305,0.176,-0.277,-0.44,0.922,1.58,6.908,-0.664,0.193,-0.418,0.774,-1.122,1.137,0.534,derecha
1780983651.3015256,-0.841,-0.163,0.543,-0.634,1.397,-0.893,-0.675,-0.319,0.603,-6.664,0.504,-0.153,-0.333,-0.378,0.894,-0.198,-0.458,0.374,-0.27,-0.44,0.917,2.267,6.878,0.282,0.188,-0.416,0.775,-0.473,2.244,-0.26,derecha
1780983651.4135633,-0.841,-0.163,0.541,-0.748,0.962,-1.13,-0.675,-0.324,0.61,-6.679,0.046,-0.122,-0.329,-0.381,0.889,0.252,-0.588,0.573,-0.26,-0.438,0.914,2.061,8.183,0.061,0.187,-0.422,0.763,-0.237,2.534,0.137,derecha
1780983651.624516,-0.825,-0.159,0.551,1.298,16.542,5.649,-0.835,-0.379,0.633,-2.542,55.809,29.382,-0.419,-0.066,0.783,96.786,48.702,16.603,-0.296,-0.017,0.683,115.786,20.511,33.107,0.165,-0.391,0.775,13.412,10.206,1.145,derecha
1780983651.7303796,-0.848,-0.149,0.536,1.977,13.565,4.634,-0.748,-0.268,0.473,1.573,29.389,11.786,-0.461,0.037,0.802,27.107,18.992,6.198,-0.416,-0.006,0.976,51.679,4.344,12.786,0.156,-0.387,0.791,0.214,5.122,-1.947,derecha
1780983651.8165815,-0.846,-0.151,0.504,-1.87,8.618,-2.176,-0.766,-0.27,0.491,-2.374,9.504,4.344,-0.49,0.03,0.873,8.0,5.763,2.13,-0.383,0.073,0.937,13.527,10.366,4.756,0.157,-0.374,0.787,-0.687,2.656,-0.58,derecha
1780983651.9246953,-0.856,-0.142,0.51,-1.672,2.405,-2.115,-0.773,-0.241,0.44,-8.267,3.084,-4.366,-0.492,0.012,0.896,-3.962,-2.565,-2.954,-0.387,0.04,0.969,-3.885,7.992,-1.466,0.162,-0.391,0.788,-3.305,1.802,-0.137,derecha
1780983652.0272913,-0.85,-0.142,0.51,-2.237,0.321,-2.443,-0.745,-0.257,0.447,-11.427,-8.725,-5.611,-0.477,0.022,0.858,-20.527,-6.397,-6.542,-0.38,0.025,0.973,-23.924,3.481,-6.321,0.152,-0.384,0.777,-6.672,-2.275,-0.786,derecha
1780983652.1261675,-0.858,-0.15,0.51,-2.641,-22.405,-12.733,-0.707,-0.297,0.422,-34.649,-76.137,-53.023,-0.24,-0.123,0.533,-157.817,-45.641,-35.229,-0.243,-0.141,0.568,-198.641,-26.771,-62.779,0.188,-0.423,0.786,-33.809,-28.817,-5.611,derecha
1780983652.2304645,-0.778,-0.135,0.571,-3.504,-8.435,-5.313,-0.699,-0.319,0.444,-10.656,5.748,-1.427,-0.122,-0.449,0.938,-4.122,13.221,0.779,-0.213,-0.283,0.618,-6.427,14.015,-5.855,0.176,-0.416,0.763,10.29,3.198,1.267,derecha
1780983652.3386345,-0.836,-0.168,0.538,-0.389,2.336,-0.275,-0.672,-0.322,0.611,-7.107,0.168,-0.718,-0.32,-0.369,0.888,-3.168,-4.427,-0.328,-0.272,-0.427,0.927,-0.107,5.344,-1.252,0.196,-0.431,0.764,0.664,3.771,-0.443,derecha
1780983652.4345038,-0.832,-0.164,0.544,-1.321,2.626,-1.176,-0.671,-0.324,0.613,-7.42,0.817,-0.519,-0.323,-0.367,0.896,-1.053,0.542,0.069,-0.279,-0.424,0.921,0.71,6.122,-0.74,0.187,-0.423,0.777,-0.687,3.313,0.191,derecha
1780983652.5385404,-0.836,-0.171,0.546,-0.87,2.595,0.282,-0.67,-0.323,0.608,-7.221,1.817,0.115,-0.324,-0.372,0.896,-0.626,0.305,0.45,-0.28,-0.427,0.933,0.794,7.115,-0.893,0.189,-0.419,0.764,-0.779,1.282,0.366,derecha
1780983652.6405816,-0.839,-0.17,0.548,-0.931,1.527,-0.832,-0.67,-0.327,0.611,-6.557,0.664,-0.145,-0.319,-0.373,0.886,-0.489,1.053,-0.237,-0.272,-0.432,0.928,1.313,6.405,-0.992,0.195,-0.422,0.761,-0.359,1.947,-0.389,derecha
1780983652.747086,-0.836,-0.166,0.548,-0.947,1.679,-1.229,-0.674,-0.323,0.612,-7.061,0.397,-0.534,-0.326,-0.37,0.9,-0.87,0.275,-0.038,-0.274,-0.43,0.925,0.809,6.763,-0.588,0.191,-0.424,0.765,-0.298,3.244,-0.168,derecha
1780983655.5370588,-0.838,-0.168,0.54,-0.725,1.519,-0.275,-0.677,-0.324,0.595,-6.985,0.542,-0.397,-0.329,-0.385,0.886,-0.466,0.198,-0.13,-0.275,-0.443,0.908,1.939,7.489,-0.168,0.181,-0.426,0.767,-0.771,1.817,0.267,derecha
1780983655.6278098,-0.839,-0.168,0.543,-1.206,1.206,-1.29,-0.673,-0.323,0.604,-6.947,0.328,-0.382,-0.33,-0.385,0.891,-0.13,-0.275,-0.092,-0.278,-0.445,0.916,1.321,6.542,-0.573,0.187,-0.428,0.766,-0.985,1.794,-0.115,derecha
1780983655.7310266,-0.838,-0.169,0.544,-0.618,2.13,-0.733,-0.678,-0.322,0.607,-6.847,0.298,0.099,-0.334,-0.38,0.892,-0.115,0.038,-0.122,-0.275,-0.44,0.919,1.519,6.611,-0.244,0.185,-0.422,0.763,-0.427,3.099,-0.466,derecha
1780983655.8575683,-0.84,-0.168,0.539,-1.336,1.656,-0.802,-0.677,-0.326,0.61,-6.756,0.397,-0.443,-0.327,-0.382,0.885,-0.412,-0.718,0.008,-0.275,-0.441,0.918,1.847,7.168,0.168,0.19,-0.427,0.771,-0.496,2.42,0.153,derecha
1780983655.9375167,-0.846,-0.163,0.545,-0.618,0.939,-0.16,-0.677,-0.327,0.612,-6.672,-0.145,-0.298,-0.329,-0.38,0.886,-0.046,-1.153,-0.214,-0.278,-0.44,0.918,1.916,5.809,-0.908,0.187,-0.424,0.761,-0.931,2.099,0.183,derecha
1780983656.0411515,-0.844,-0.17,0.542,-0.702,0.092,0.405,-0.678,-0.316,0.612,-5.573,-0.427,0.71,-0.331,-0.384,0.906,4.702,8.695,0.901,-0.412,-0.285,0.928,5.046,22.84,51.725,0.123,-0.413,0.796,3.031,3.42,-2.069,derecha
1780983656.1623747,-0.841,-0.168,0.535,2.511,7.244,1.756,-0.686,-0.329,0.596,-3.916,48.412,2.397,-0.306,-0.273,0.92,125.359,50.489,24.878,-0.263,-0.317,0.94,126.519,34.626,29.496,0.171,-0.404,0.78,10.359,18.809,4.0,derecha
1780983656.2534313,-0.854,-0.162,0.529,0.679,11.221,5.168,-0.752,-0.296,0.52,2.695,33.229,13.84,-0.47,-0.021,0.792,50.427,22.756,7.053,-0.368,-0.033,0.972,71.489,3.527,12.191,0.154,-0.403,0.793,2.29,6.344,0.42,derecha
1780983656.3536468,-0.853,-0.142,0.508,1.412,10.855,3.794,-0.783,-0.27,0.477,-3.389,16.489,6.16,-0.491,-0.01,0.897,14.664,7.664,5.13,-0.415,-0.05,1.085,27.947,8.534,8.679,0.153,-0.396,0.791,-1.061,0.954,-1.137,derecha
1780983656.4521954,-0.863,-0.143,0.51,-0.55,4.603,-1.656,-0.747,-0.228,0.433,-8.847,5.725,1.802,-0.483,0.023,0.89,-0.565,-0.84,2.626,-0.377,0.03,1.025,5.321,7.427,0.87,0.159,-0.393,0.785,-1.74,1.679,0.252,derecha
1780983656.5547535,-0.863,-0.138,0.5,-1.176,3.565,-2.076,-0.739,-0.217,0.399,-8.901,-2.389,-2.664,-0.465,0.054,0.784,-8.687,-3.832,-1.542,-0.367,0.05,0.999,-9.481,4.115,-2.672,0.152,-0.373,0.786,-4.137,-0.344,1.634,derecha
1780983656.664038,-0.86,-0.14,0.507,-3.496,-9.649,-10.794,-0.675,-0.204,0.363,-28.649,-51.893,-29.901,-0.401,0.143,0.359,-108.458,-38.053,-29.748,-0.315,0.113,0.523,-133.382,-18.504,-35.206,0.135,-0.385,0.77,-18.87,-15.573,-1.13,derecha
1780983656.7650344,-0.846,-0.171,0.542,-2.542,-4.344,-3.87,-0.53,-0.181,0.603,-4.412,-44.794,-4.947,0.68,-0.512,-0.966,86.794,56.122,24.26,-1.388,-2.0,2.0,-32.87,-74.382,-1.809,0.148,-0.444,0.684,18.321,13.901,0.519,derecha
1780983656.8652325,-0.82,-0.176,0.559,0.626,5.84,0.672,-0.671,-0.319,0.615,-7.733,4.229,-0.389,-0.331,-0.361,0.891,-0.344,7.206,1.099,-0.279,-0.415,0.928,-0.137,6.321,-0.702,0.188,-0.419,0.762,-2.977,3.435,0.145,derecha
1780983656.9667575,-0.835,-0.169,0.55,-1.237,0.786,-1.031,-0.668,-0.317,0.618,-6.954,0.328,-0.756,-0.321,-0.369,0.894,-0.664,1.45,0.26,-0.275,-0.425,0.925,1.046,7.489,-0.412,0.197,-0.418,0.763,0.13,1.786,-0.115,derecha
1780983657.0697598,-0.831,-0.166,0.545,-0.565,1.725,-0.489,-0.671,-0.32,0.604,-7.153,0.252,-0.214,-0.32,-0.369,0.898,-1.252,-0.191,0.229,-0.275,-0.425,0.921,0.481,7.298,0.344,0.191,-0.425,0.76,-0.053,3.046,-0.328,derecha
1780983657.1739473,-0.835,-0.166,0.547,-1.305,1.924,-1.168,-0.67,-0.318,0.622,-7.321,0.496,-0.237,-0.321,-0.369,0.89,-1.183,0.58,0.878,-0.275,-0.428,0.926,0.496,7.0,-0.305,0.194,-0.419,0.765,-0.481,3.122,0.473,derecha
1780983657.2765572,-0.84,-0.168,0.544,-0.496,1.969,-0.42,-0.674,-0.323,0.614,-7.084,0.405,-0.198,-0.325,-0.37,0.892,-1.015,0.282,0.328,-0.272,-0.428,0.923,0.863,6.656,-0.359,0.196,-0.424,0.766,-1.427,2.061,0.26,derecha
1780983657.39596,-0.837,-0.164,0.551,-1.153,1.771,-0.695,-0.669,-0.322,0.613,-6.71,0.489,-0.122,-0.326,-0.372,0.895,-0.855,-0.282,0.603,-0.275,-0.43,0.921,1.374,7.275,0.16,0.191,-0.426,0.755,-0.496,2.214,-0.374,derecha
1780983660.1644633,-0.839,-0.169,0.547,-0.802,1.29,-1.351,-0.67,-0.323,0.608,-7.13,0.252,-0.366,-0.322,-0.378,0.893,-0.244,-0.038,0.076,-0.272,-0.435,0.918,1.397,7.412,-0.229,0.19,-0.411,0.766,-0.504,2.412,0.008,derecha
1780983660.2681465,-0.839,-0.167,0.542,-0.924,1.878,-0.321,-0.668,-0.323,0.605,-7.366,0.58,-0.221,-0.323,-0.374,0.89,-0.565,1.092,-0.45,-0.27,-0.436,0.92,1.481,7.389,-0.733,0.185,-0.425,0.764,-0.313,2.832,0.641,derecha
1780983660.3658535,-0.839,-0.168,0.543,-0.687,1.809,-0.687,-0.674,-0.326,0.605,-6.977,0.328,-0.313,-0.325,-0.379,0.894,-0.412,0.076,-0.344,-0.276,-0.439,0.923,1.565,6.382,-0.511,0.184,-0.425,0.77,-0.176,2.221,-0.366,derecha
1780983660.4722748,-0.833,-0.166,0.539,-1.0,1.947,-1.481,-0.668,-0.322,0.609,-6.634,0.412,-0.298,-0.33,-0.382,0.884,0.061,-0.557,-0.214,-0.27,-0.441,0.922,1.565,6.458,-0.786,0.191,-0.424,0.77,-0.275,2.847,-0.168,derecha
1780983660.5759494,-0.84,-0.166,0.55,-0.664,0.985,-0.901,-0.675,-0.323,0.614,-6.84,0.519,-0.618,-0.327,-0.378,0.888,-0.298,0.267,-0.252,-0.272,-0.435,0.922,1.901,7.824,-0.763,0.186,-0.421,0.762,-0.725,1.916,0.145,derecha
1780983660.674809,-0.834,-0.171,0.539,-0.618,-0.275,-1.519,-0.668,-0.321,0.611,-6.298,-0.664,-0.305,-0.327,-0.382,0.893,0.656,-1.58,-0.443,-0.273,-0.436,0.922,2.702,7.153,-0.58,0.195,-0.419,0.761,-0.435,2.122,-0.008,derecha
1780983660.7798264,-0.813,-0.146,0.54,-1.443,-2.962,-0.214,-0.688,-0.283,0.657,-7.305,23.649,-1.74,-0.271,-0.506,1.216,166.267,37.924,58.939,-0.257,-0.571,1.238,165.458,23.076,63.305,0.189,-0.428,0.77,19.863,17.206,5.664,derecha
1780983660.8877156,-0.842,-0.163,0.539,0.878,16.87,5.412,-0.727,-0.35,0.608,12.168,75.58,28.855,-0.427,-0.073,0.812,91.336,47.992,23.191,-0.294,0.037,0.657,122.191,16.634,25.389,0.153,-0.383,0.781,14.84,9.557,2.71,derecha
1780983660.984538,-0.846,-0.154,0.532,1.107,7.023,2.13,-0.815,-0.296,0.529,-0.626,19.733,6.115,-0.487,0.008,0.879,26.061,15.847,6.656,-0.371,0.026,0.973,34.573,20.244,5.771,0.155,-0.388,0.79,4.13,3.817,1.107,derecha
1780983661.0868442,-0.866,-0.155,0.523,-2.534,5.679,-0.008,-0.784,-0.283,0.508,-2.947,10.725,8.244,-0.49,0.028,0.907,15.252,9.519,6.382,-0.379,0.059,0.991,25.725,12.183,8.733,0.165,-0.389,0.794,3.443,2.641,-2.122,derecha
1780983661.1954482,-0.87,-0.153,0.503,-2.71,2.359,-1.992,-0.815,-0.283,0.48,-8.031,0.046,-3.26,-0.517,0.029,0.955,0.947,2.786,-1.267,-0.383,0.066,1.001,6.145,7.466,-0.748,0.164,-0.384,0.796,-1.489,3.275,-0.595,derecha
1780983661.2987902,-0.865,-0.15,0.509,-1.916,1.221,-1.29,-0.787,-0.25,0.427,-9.405,-6.603,-5.13,-0.47,0.072,0.802,-18.145,-9.275,-8.962,-0.346,0.109,0.864,-27.008,-1.977,-7.496,0.157,-0.381,0.775,-8.542,1.435,1.198,derecha
1780983661.3999405,-0.868,-0.158,0.497,0.962,-39.466,-5.191,-0.423,-0.404,0.842,12.771,-134.298,11.84,-0.308,-0.252,0.568,-236.13,-82.466,-72.137,-0.165,-0.384,0.951,-250.137,-25.115,-73.053,0.204,-0.436,0.798,-18.855,-25.824,-8.046,derecha
1780983661.499858,-0.856,-0.147,0.57,1.229,17.901,2.718,-0.685,-0.276,0.574,-7.809,17.336,0.229,-0.377,-0.355,0.881,-9.519,-11.229,-2.168,-0.293,-0.485,1.071,-2.641,0.076,-1.534,0.209,-0.437,0.776,-4.977,7.603,-0.084,derecha
1780983661.6040907,-0.835,-0.168,0.544,-0.908,-0.55,-1.397,-0.666,-0.322,0.624,-6.947,0.359,-0.397,-0.332,-0.366,0.892,-0.359,3.13,-0.038,-0.276,-0.426,0.921,-0.107,8.679,0.176,0.188,-0.418,0.767,-0.061,1.214,0.267,derecha
1780983661.7044535,-0.837,-0.169,0.541,-1.0,1.664,-1.267,-0.671,-0.323,0.625,-6.969,0.053,-0.71,-0.326,-0.366,0.895,-1.252,0.145,-0.282,-0.27,-0.427,0.922,0.855,6.328,-0.954,0.193,-0.428,0.763,-0.267,2.076,-0.191,derecha
1780983661.8143744,-0.832,-0.165,0.544,-0.382,1.397,0.107,-0.667,-0.324,0.61,-6.84,0.16,-0.191,-0.327,-0.367,0.894,-0.916,0.015,0.214,-0.274,-0.427,0.923,0.664,6.374,-0.389,0.193,-0.426,0.76,-0.527,3.725,-0.458,derecha
1780983661.9109693,-0.838,-0.169,0.55,-0.817,1.855,-0.969,-0.669,-0.321,0.616,-7.229,0.534,-0.489,-0.324,-0.372,0.892,-0.863,-0.603,0.031,-0.271,-0.429,0.925,0.71,6.763,-0.641,0.199,-0.424,0.768,-0.305,2.832,0.145,derecha
1780983662.027109,-0.841,-0.167,0.536,-0.641,2.221,-1.191,-0.672,-0.322,0.612,-7.183,0.282,-0.733,-0.329,-0.369,0.899,-0.924,0.786,0.206,-0.277,-0.431,0.924,0.695,6.878,-0.565,0.197,-0.419,0.762,-1.176,1.855,-0.015,derecha
1780983664.6935797,-0.84,-0.171,0.543,-0.542,2.626,-0.122,-0.67,-0.324,0.613,-7.13,1.046,-0.191,-0.334,-0.378,0.886,0.015,0.244,0.359,-0.274,-0.436,0.913,1.611,7.595,0.031,0.187,-0.418,0.769,-0.618,1.595,0.237,derecha
1780983664.8009229,-0.844,-0.166,0.547,-1.008,1.099,-1.29,-0.675,-0.325,0.611,-6.985,0.565,-0.298,-0.331,-0.377,0.885,-0.069,0.366,-0.817,-0.274,-0.435,0.924,1.962,6.427,-1.122,0.188,-0.421,0.758,-0.55,1.458,-0.282,derecha
1780983664.8982792,-0.837,-0.166,0.542,-1.198,1.427,-0.985,-0.669,-0.326,0.612,-7.115,0.458,-0.443,-0.33,-0.375,0.887,-0.382,-0.168,-0.29,-0.274,-0.436,0.916,1.786,7.221,-0.336,0.185,-0.42,0.771,-0.496,2.794,-0.321,derecha
1780983665.0009663,-0.842,-0.169,0.54,-1.031,1.13,-1.015,-0.671,-0.325,0.602,-7.229,0.466,-0.366,-0.324,-0.375,0.887,-0.206,-0.198,0.046,-0.275,-0.437,0.917,1.198,7.725,-0.183,0.187,-0.419,0.77,-0.702,2.221,-0.084,derecha
1780983665.1039464,-0.838,-0.16,0.537,-0.55,1.481,-1.107,-0.673,-0.32,0.608,-6.878,0.366,-0.679,-0.332,-0.376,0.885,-0.634,0.397,-0.542,-0.275,-0.439,0.92,1.374,6.359,-1.221,0.186,-0.422,0.763,-1.031,1.313,-0.115,derecha
1780983665.209162,-0.838,-0.168,0.54,-0.985,1.649,-0.679,-0.674,-0.322,0.612,-6.695,0.031,-0.427,-0.327,-0.373,0.881,-0.099,-0.733,0.008,-0.271,-0.434,0.917,1.443,6.756,-0.504,0.191,-0.423,0.767,-0.282,3.229,-0.237,derecha
1780983665.3143432,-0.836,-0.167,0.539,-0.542,1.489,-0.359,-0.672,-0.324,0.609,-6.733,-0.084,-0.687,-0.325,-0.374,0.895,-0.229,-0.649,0.053,-0.275,-0.437,0.92,2.107,7.031,0.137,0.191,-0.427,0.775,-0.206,2.847,0.069,derecha
1780983665.423288,-0.836,-0.163,0.546,-0.931,1.389,-0.389,-0.672,-0.306,0.609,-6.878,2.641,-0.023,-0.318,-0.375,0.925,-1.382,0.305,-3.84,-0.112,-0.408,1.002,25.954,-2.527,9.542,0.197,-0.431,0.784,1.061,3.962,1.71,derecha
1780983665.5191464,-0.815,-0.173,0.557,5.351,5.863,1.74,-0.731,-0.357,0.609,-4.771,68.55,-0.198,-0.137,-0.246,0.763,161.702,59.031,51.176,-0.122,-0.219,0.744,162.962,24.191,42.168,0.167,-0.403,0.78,20.786,23.382,5.618,derecha
1780983665.6195822,-0.854,-0.157,0.537,11.473,21.855,4.496,-0.762,-0.282,0.506,-0.924,42.733,27.359,-0.483,-0.035,0.863,67.534,29.473,29.885,-0.293,0.06,0.821,81.588,2.344,19.42,0.161,-0.374,0.778,5.656,-3.908,-2.893,derecha
1780983665.7312148,-0.855,-0.158,0.505,-12.069,12.618,2.405,-0.753,-0.255,0.514,-7.244,13.519,7.664,-0.443,0.083,0.791,18.527,9.237,4.183,-0.367,0.054,0.967,20.405,9.443,0.435,0.08,-0.354,0.787,-7.832,-16.473,-7.588,derecha
1780983665.8253264,-0.863,-0.154,0.499,-2.427,2.489,-0.794,-0.788,-0.262,0.468,-6.405,-2.527,-6.023,-0.502,0.068,0.837,-6.107,-4.366,-3.328,-0.367,0.049,0.961,-6.58,5.26,-2.015,0.177,-0.377,0.778,-5.229,2.26,-0.885,derecha
1780983666.036821,-0.86,-0.157,0.484,-0.878,-31.313,-6.389,-0.718,-0.304,0.428,-36.664,-84.878,-58.298,-0.109,-0.215,0.479,-213.702,-47.466,-56.855,-0.241,-0.226,0.66,-243.595,-26.458,-61.496,0.227,-0.424,0.785,-44.824,-28.641,-9.031,derecha
1780983666.1341999,-0.76,-0.217,0.545,5.634,5.107,2.748,-0.669,-0.332,0.644,-7.656,12.0,1.74,-0.325,-0.325,0.881,-5.29,3.634,-3.824,-0.217,-0.39,0.94,-3.634,4.954,-2.092,0.226,-0.412,0.759,-10.298,-1.107,-1.038,derecha
1780983666.2371833,-0.844,-0.166,0.536,-1.489,0.458,-0.649,-0.672,-0.323,0.613,-6.779,-1.908,-0.588,-0.323,-0.373,0.894,-1.611,0.244,-0.084,-0.264,-0.429,0.934,0.198,7.718,-0.595,0.2,-0.422,0.76,0.794,1.16,-0.336,derecha
1780983666.3404088,-0.843,-0.168,0.539,-1.053,2.908,-0.832,-0.67,-0.324,0.606,-7.366,0.832,-0.305,-0.326,-0.371,0.891,-1.626,1.13,0.221,-0.273,-0.432,0.925,0.42,6.29,-1.153,0.203,-0.429,0.766,-0.656,3.015,0.046,derecha
1780983666.4525287,-0.84,-0.167,0.534,-0.908,1.244,-0.855,-0.673,-0.324,0.611,-6.977,0.252,-0.603,-0.325,-0.375,0.888,-0.924,-0.313,-0.282,-0.274,-0.432,0.922,0.962,6.58,-1.443,0.205,-0.433,0.771,-1.214,2.198,-0.046,derecha
1780983666.551737,-0.847,-0.166,0.531,-0.26,1.107,-0.634,-0.674,-0.323,0.611,-6.74,0.42,-0.374,-0.325,-0.375,0.888,-0.344,0.748,0.229,-0.27,-0.433,0.92,1.046,7.076,-0.336,0.2,-0.433,0.769,-0.122,2.977,-0.176,derecha
1780983666.653579,-0.843,-0.171,0.532,-0.985,1.924,-0.847,-0.673,-0.324,0.606,-7.008,0.649,-0.405,-0.329,-0.376,0.895,-0.679,1.405,0.496,-0.276,-0.436,0.92,0.672,7.733,-0.87,0.198,-0.424,0.765,-0.702,2.603,0.176,derecha
1780983669.3509827,-0.838,-0.171,0.534,-0.55,1.977,-0.756,-0.672,-0.329,0.606,-6.924,0.282,-0.092,-0.323,-0.377,0.886,-0.29,-0.427,0.015,-0.273,-0.444,0.92,1.847,6.885,-0.267,0.203,-0.423,0.757,-0.145,2.733,-0.099,derecha
1780983669.4305663,-0.841,-0.171,0.528,-0.595,1.634,-0.679,-0.674,-0.323,0.61,-6.725,0.42,0.13,-0.329,-0.38,0.882,-0.382,-0.344,-0.069,-0.276,-0.44,0.919,1.634,7.275,-0.42,0.198,-0.427,0.764,0.046,2.779,-0.107,derecha
1780983669.5338004,-0.845,-0.171,0.537,-0.58,1.031,-1.573,-0.67,-0.326,0.607,-7.122,0.397,-0.649,-0.327,-0.381,0.886,-0.29,0.038,0.031,-0.268,-0.437,0.915,1.626,7.382,-0.901,0.198,-0.438,0.758,-0.695,1.603,-0.137,derecha
1780983669.6412675,-0.845,-0.169,0.529,-0.809,0.916,-0.359,-0.675,-0.325,0.61,-6.702,0.695,0.115,-0.326,-0.38,0.887,-0.489,0.13,-0.313,-0.269,-0.442,0.919,1.817,6.809,0.031,0.202,-0.429,0.764,0.42,3.084,-0.122,derecha
1780983669.7393417,-0.84,-0.17,0.53,-0.832,2.206,-0.382,-0.672,-0.324,0.603,-6.947,0.221,-0.267,-0.332,-0.382,0.888,-0.137,-0.176,-0.153,-0.273,-0.442,0.921,1.733,6.458,-0.824,0.196,-0.431,0.758,-0.466,2.496,-0.237,derecha
1780983669.8520374,-0.839,-0.168,0.534,-1.145,0.809,-0.176,-0.672,-0.324,0.613,-5.634,-0.611,0.634,-0.331,-0.407,0.941,9.244,14.634,2.588,-0.301,-0.411,0.962,4.908,15.885,10.763,0.14,-0.421,0.776,2.13,2.473,-0.389,derecha
1780983669.9532452,-0.821,-0.183,0.553,4.389,9.214,0.473,-0.695,-0.361,0.628,-4.992,75.939,7.504,-0.286,-0.162,0.791,134.542,65.061,27.611,-0.292,-0.228,0.915,166.626,41.763,29.992,0.168,-0.417,0.78,18.214,19.878,5.763,derecha
1780983670.0482676,-0.845,-0.155,0.524,1.13,4.832,0.046,-0.688,-0.273,0.533,-0.405,29.466,6.328,-0.433,0.04,0.842,29.466,20.122,12.893,-0.36,0.033,0.896,46.023,13.42,10.924,0.145,-0.392,0.795,2.023,5.137,2.252,derecha
1780983670.1560137,-0.863,-0.154,0.495,0.672,6.435,1.153,-0.802,-0.271,0.47,-5.786,8.71,3.771,-0.466,0.06,0.837,4.389,1.672,4.603,-0.357,0.055,0.958,8.481,6.649,1.473,0.147,-0.387,0.781,-0.382,0.229,0.519,derecha
1780983670.254788,-0.852,-0.126,0.497,1.344,2.198,-1.351,-0.719,-0.223,0.412,-9.405,-7.718,-2.557,-0.443,0.088,0.807,-16.756,-7.496,-3.725,-0.352,0.079,0.962,-14.817,1.389,-5.565,0.168,-0.394,0.783,-5.351,2.641,0.282,derecha
1780983670.3647742,-0.857,-0.138,0.488,-1.824,-4.947,-3.496,-0.717,-0.235,0.415,-13.13,-19.84,-13.679,-0.449,0.073,0.743,-41.13,-20.527,-13.542,-0.327,0.08,0.833,-55.221,-12.237,-17.504,0.163,-0.396,0.79,-10.168,-4.573,-1.168,derecha
1780983670.466676,-0.885,-0.185,0.525,-6.847,-25.634,-4.405,-0.713,-0.331,0.554,-4.023,-121.405,-3.13,-0.195,-0.388,0.775,-238.55,-73.298,-80.435,-0.19,-0.406,0.956,-223.275,-24.511,-79.557,0.227,-0.423,0.79,-13.115,-8.832,-4.779,derecha
1780983670.569918,-0.871,-0.166,0.514,0.695,1.763,0.336,-0.667,-0.31,0.6,-7.817,-0.221,-2.046,-0.317,-0.365,0.919,-9.611,-4.489,-1.473,-0.285,-0.423,0.918,-1.427,-0.878,-2.168,0.194,-0.432,0.762,-3.061,3.664,-0.427,derecha
1780983670.6720576,-0.84,-0.167,0.539,-0.29,2.13,0.16,-0.666,-0.325,0.618,-6.511,1.313,-0.031,-0.322,-0.361,0.892,-0.397,2.176,0.069,-0.269,-0.416,0.926,-0.229,6.863,-0.702,0.2,-0.427,0.765,0.015,4.389,-0.656,derecha
1780983670.773126,-0.842,-0.169,0.534,-0.779,1.214,-0.412,-0.674,-0.317,0.613,-7.008,0.275,-0.481,-0.327,-0.366,0.899,-1.298,0.351,-0.191,-0.27,-0.422,0.931,0.542,7.176,-0.695,0.189,-0.426,0.773,0.015,3.107,0.168,derecha
1780983670.8732743,-0.842,-0.163,0.532,-0.618,1.405,-0.55,-0.674,-0.32,0.606,-6.641,0.214,-0.504,-0.332,-0.368,0.891,-0.695,0.107,-0.176,-0.276,-0.425,0.919,1.198,6.351,-1.16,0.2,-0.431,0.763,-0.527,1.153,0.237,derecha
1780983670.9755487,-0.839,-0.165,0.533,-0.008,1.382,-0.656,-0.671,-0.321,0.613,-6.573,0.58,-0.122,-0.331,-0.368,0.893,-0.481,0.55,0.107,-0.256,-0.427,0.927,1.527,5.779,-0.84,0.201,-0.43,0.758,-0.962,1.206,-0.542,derecha
1780983671.086889,-0.841,-0.164,0.538,-1.023,1.252,-1.321,-0.671,-0.317,0.614,-6.832,0.229,-0.519,-0.325,-0.372,0.89,-0.893,0.359,0.382,-0.274,-0.426,0.922,0.779,6.863,-0.305,0.196,-0.422,0.761,-0.244,2.977,-0.198,derecha
1780983671.1846013,-0.841,-0.163,0.535,-0.893,1.389,-0.115,-0.667,-0.322,0.613,-7.198,0.45,-0.221,-0.329,-0.37,0.888,-0.397,0.504,0.206,-0.272,-0.421,0.928,1.053,7.107,-0.405,0.199,-0.421,0.76,-1.137,1.496,0.45,derecha
1780983671.2980337,-0.843,-0.164,0.545,-0.718,0.954,-0.763,-0.666,-0.32,0.615,-6.603,0.076,-0.344,-0.33,-0.373,0.894,-0.542,-0.107,-0.305,-0.268,-0.427,0.925,1.573,6.55,-0.748,0.203,-0.432,0.756,-0.718,2.092,-0.176,derecha
1780983673.9688213,-0.84,-0.163,0.539,-0.702,0.794,-1.16,-0.673,-0.321,0.61,-6.565,0.42,-0.588,-0.328,-0.376,0.889,-0.374,-0.389,-0.542,-0.27,-0.438,0.916,1.656,6.198,-1.084,0.196,-0.43,0.768,-0.947,1.427,-0.16,derecha
1780983674.0663903,-0.839,-0.165,0.537,-0.29,2.122,-0.481,-0.673,-0.318,0.608,-7.313,0.26,-0.16,-0.332,-0.372,0.895,-0.298,-0.328,-0.183,-0.266,-0.435,0.919,1.504,7.328,-0.344,0.195,-0.426,0.754,0.092,2.954,-0.214,derecha
1780983674.1722014,-0.841,-0.165,0.534,-0.931,1.534,-0.916,-0.674,-0.321,0.61,-6.893,0.58,-0.427,-0.328,-0.377,0.889,-0.557,0.427,-0.634,-0.267,-0.434,0.918,1.664,7.466,-0.565,0.197,-0.426,0.763,-0.595,1.962,0.298,derecha
1780983674.2848566,-0.842,-0.162,0.544,-0.412,0.641,-0.015,-0.67,-0.327,0.608,-7.183,-0.061,-0.382,-0.333,-0.376,0.887,-0.275,-0.237,-0.427,-0.278,-0.433,0.921,1.557,6.374,-1.344,0.205,-0.428,0.759,-1.26,1.183,-0.099,derecha
1780983674.3746567,-0.842,-0.168,0.544,-0.794,1.366,-0.573,-0.671,-0.324,0.613,-6.542,0.031,-0.458,-0.327,-0.369,0.892,0.053,-0.924,0.099,-0.271,-0.436,0.914,2.023,7.382,-0.084,0.201,-0.428,0.757,-0.183,3.687,-0.176,derecha
1780983674.4781806,-0.837,-0.167,0.534,-1.359,1.122,-1.305,-0.669,-0.321,0.61,-6.687,-0.496,0.038,-0.333,-0.374,0.892,1.344,0.634,0.359,-0.914,-0.452,0.959,-7.45,42.229,32.534,0.182,-0.415,0.749,1.198,0.313,-3.359,derecha
1780983674.5856965,-0.835,-0.181,0.537,1.916,3.954,0.748,-0.642,-0.319,0.626,-6.809,52.405,0.16,-0.106,-0.151,0.546,150.916,53.618,69.84,-0.215,-0.123,0.654,152.466,16.168,58.229,0.188,-0.406,0.768,13.427,16.084,5.412,derecha
1780983674.685973,-0.842,-0.159,0.533,5.771,18.031,5.847,-0.734,-0.27,0.479,-1.29,35.046,17.679,-0.416,0.047,0.689,52.947,32.168,22.053,-0.263,0.032,0.838,66.847,18.534,20.786,0.156,-0.384,0.773,7.695,8.855,5.939,derecha
1780983674.7872617,-0.859,-0.144,0.501,0.008,6.122,-0.405,-0.785,-0.253,0.426,-5.214,9.137,7.328,-0.497,0.024,0.857,12.26,3.947,6.206,-0.375,0.018,1.029,24.481,3.473,6.557,0.166,-0.396,0.795,0.771,-2.985,-0.031,derecha
1780983674.8931003,-0.868,-0.148,0.504,4.198,11.573,3.55,-0.75,-0.272,0.521,-2.71,15.641,8.191,-0.493,0.053,0.896,16.725,8.183,3.008,-0.345,0.083,1.009,24.427,6.725,5.275,0.165,-0.381,0.774,-4.061,0.672,-1.985,derecha
1780983674.9937541,-0.879,-0.132,0.463,1.687,6.511,-3.74,-0.76,-0.231,0.436,-6.321,0.473,-0.336,-0.541,0.052,0.913,3.389,-0.725,0.0,-0.379,0.086,1.066,8.397,3.099,0.74,0.173,-0.406,0.8,-2.435,0.55,-3.275,derecha
1780983675.10017,-0.785,-0.14,0.446,-2.176,-0.916,-3.969,-0.776,-0.241,0.478,-7.489,1.489,-4.26,-0.51,0.071,0.895,-5.244,-1.748,-6.168,-0.401,0.07,1.09,-5.55,4.901,-5.382,0.165,-0.401,0.786,-3.969,4.321,-1.344,derecha
1780983675.2081084,-0.917,-0.143,0.524,-6.664,-6.664,-7.977,-0.754,-0.235,0.497,-15.534,-32.687,-29.107,-0.457,0.094,0.746,-56.382,-20.786,-26.656,-0.336,0.115,0.802,-75.16,-9.168,-24.71,0.152,-0.409,0.772,-11.115,-0.71,2.229,derecha
1780983675.3085845,-0.806,-0.132,0.493,-2.473,-45.275,-11.053,-0.363,-0.311,0.796,-0.977,-127.489,11.038,-0.171,-0.434,0.844,-250.137,-113.336,-105.237,-0.219,-0.485,1.127,-250.137,-42.511,-104.076,0.221,-0.446,0.767,-15.321,-12.031,-4.168,derecha
1780983675.4116967,-0.858,-0.164,0.541,2.13,-0.244,-0.817,-0.652,-0.322,0.65,-7.519,-10.382,-1.382,-0.317,-0.366,0.924,-8.672,-8.649,-0.481,-0.283,-0.405,0.868,-2.198,1.069,1.16,0.211,-0.435,0.749,-0.099,-0.55,-0.603,derecha
1780983675.5157921,-0.838,-0.172,0.549,-0.908,1.947,-1.359,-0.667,-0.318,0.63,-7.031,0.878,-0.504,-0.333,-0.354,0.893,-0.878,-1.008,-0.366,-0.279,-0.41,0.927,-0.489,3.786,-0.641,0.201,-0.435,0.75,-1.908,2.87,-0.901,derecha
1780983675.610777,-0.839,-0.17,0.545,-0.313,2.275,-0.198,-0.664,-0.314,0.616,-6.969,1.183,0.076,-0.32,-0.356,0.891,-0.885,0.382,-0.183,-0.278,-0.414,0.926,0.458,6.244,-0.595,0.2,-0.442,0.768,-2.992,2.084,-0.053,derecha
1780983675.7158773,-0.84,-0.164,0.552,-1.061,1.664,-0.885,-0.666,-0.308,0.615,-7.13,0.359,-0.427,-0.322,-0.361,0.899,-1.046,-0.061,-0.031,-0.27,-0.416,0.927,1.053,6.565,-0.885,0.204,-0.439,0.763,-0.534,2.519,-0.229,derecha
1780983675.8170397,-0.837,-0.165,0.548,-0.496,1.733,-0.351,-0.666,-0.322,0.623,-6.87,0.389,-0.626,-0.327,-0.367,0.898,-0.863,0.405,0.382,-0.276,-0.416,0.923,1.13,6.511,-0.534,0.206,-0.443,0.754,-0.901,1.718,-0.168,derecha
1780983675.9198928,-0.837,-0.165,0.549,-0.901,1.519,-0.687,-0.665,-0.319,0.619,-7.29,0.74,0.015,-0.33,-0.363,0.891,-0.473,1.092,0.496,-0.277,-0.419,0.93,0.237,7.618,0.702,0.204,-0.438,0.754,-0.015,3.122,-0.244,derecha
1780983678.5977502,-0.834,-0.165,0.553,-0.756,1.725,-0.947,-0.66,-0.322,0.624,-7.176,0.893,-0.092,-0.321,-0.37,0.895,0.214,0.496,0.183,-0.272,-0.431,0.924,0.893,7.336,-0.588,0.198,-0.435,0.748,-0.664,1.511,0.107,derecha
1780983678.7010303,-0.839,-0.168,0.549,0.206,0.611,-0.061,-0.662,-0.321,0.62,-6.298,0.336,-0.252,-0.327,-0.365,0.891,-0.183,-0.656,-0.656,-0.279,-0.425,0.916,2.176,5.962,-1.557,0.204,-0.445,0.75,-1.802,0.947,-0.954,derecha
1780983678.8034766,-0.832,-0.162,0.552,-0.656,0.26,-0.679,-0.666,-0.321,0.618,-6.366,-0.198,0.015,-0.323,-0.365,0.889,0.443,-0.916,-0.061,-0.279,-0.428,0.926,2.229,6.908,-0.893,0.206,-0.435,0.753,-0.481,2.183,-0.786,derecha
1780983678.9126453,-0.848,-0.175,0.542,0.84,0.26,1.687,-0.727,-0.283,0.57,-6.992,-19.649,0.969,-0.36,-0.445,1.128,23.626,33.611,8.305,-0.283,-0.459,1.007,137.855,21.466,53.214,0.21,-0.436,0.76,7.718,10.679,3.84,derecha
1780983679.0166616,-0.832,-0.145,0.539,2.092,25.481,6.641,-0.83,-0.401,0.746,0.618,54.351,27.16,-0.39,-0.082,0.851,99.244,38.664,24.573,-0.399,-0.149,0.934,149.901,13.397,37.305,0.163,-0.403,0.77,11.664,5.145,0.313,derecha
1780983679.113091,-0.897,-0.089,0.473,-2.84,-1.191,-2.702,-0.789,-0.255,0.484,1.947,9.168,12.58,-0.465,0.029,0.882,29.282,10.947,5.603,-0.377,0.101,0.934,33.069,9.863,10.771,0.239,-0.425,0.777,11.389,-1.282,4.557,derecha
1780983679.2265203,-0.895,-0.092,0.455,37.863,-5.099,-17.046,-0.76,-0.18,0.423,7.221,-9.153,11.336,-0.454,0.077,0.884,7.969,-1.099,-0.008,-0.366,0.078,1.081,13.382,5.733,2.702,0.182,-0.387,0.791,1.366,2.221,-0.588,derecha
1780983679.3205237,-0.791,-0.116,0.504,-2.084,-1.924,3.954,-0.719,-0.167,0.512,-8.641,-4.267,-0.847,-0.432,0.055,0.99,-3.779,0.847,0.71,-0.325,0.118,1.063,1.527,9.779,-1.679,0.185,-0.38,0.79,-2.099,6.107,0.42,derecha
1780983679.4243703,-0.855,-0.121,0.522,-5.237,5.221,5.611,-0.769,-0.167,0.497,-6.611,0.229,3.374,-0.46,0.104,0.852,-0.435,-3.672,3.244,-0.366,0.154,0.96,0.206,4.84,3.878,0.201,-0.386,0.788,-5.847,2.786,-1.366,derecha
1780983679.5313616,-0.7,-0.09,0.467,-0.069,-9.779,-6.855,-0.643,-0.139,0.508,-10.061,-4.008,-9.206,-0.383,0.108,0.887,-10.595,-2.191,-9.29,-0.279,0.124,1.09,-19.679,13.275,-11.344,0.196,-0.401,0.788,-7.611,14.718,3.794,derecha
1780983679.6283498,-0.737,-0.099,0.447,-20.504,-2.42,-24.038,-0.621,-0.118,0.376,-39.466,-5.137,-34.16,-0.333,0.181,0.483,-84.733,-16.458,-27.481,-0.28,0.222,0.562,-104.107,-0.328,-33.076,0.174,-0.397,0.776,-12.855,2.008,3.344,derecha
1780983679.7380018,-0.809,-0.135,0.515,-22.168,-50.748,-7.397,-0.629,-0.33,0.854,-0.74,-96.733,-9.962,-0.391,-0.809,1.615,-238.107,-115.611,-109.328,-0.498,-0.611,1.677,-163.832,-2.046,-65.183,0.081,-0.385,0.72,-7.885,-7.618,-0.374,derecha
1780983679.834027,-0.805,-0.181,0.574,-1.427,-5.519,-0.893,-0.655,-0.317,0.646,-7.664,0.496,-0.519,-0.31,-0.364,0.9,3.275,4.992,1.13,-0.282,-0.41,0.918,1.87,11.893,-0.496,0.214,-0.429,0.757,-0.389,-0.481,-0.214,derecha
1780983679.9409862,-0.828,-0.167,0.564,-1.046,1.168,-0.718,-0.663,-0.314,0.623,-6.824,-0.634,-0.664,-0.315,-0.365,0.908,-1.534,-0.16,0.481,-0.277,-0.416,0.925,0.748,6.344,-1.061,0.209,-0.429,0.752,-0.008,1.718,-0.023,derecha
1780983680.0516305,-0.825,-0.172,0.578,-0.42,1.534,-0.687,-0.667,-0.311,0.622,-7.115,0.954,-0.427,-0.315,-0.362,0.899,-0.74,0.122,0.313,-0.279,-0.417,0.919,0.45,6.504,-1.366,0.206,-0.434,0.766,-0.702,1.542,-0.321,derecha
1780983680.1563401,-0.82,-0.168,0.575,-0.534,0.885,-1.053,-0.66,-0.317,0.631,-6.893,0.16,-0.626,-0.312,-0.365,0.9,-0.427,-0.244,0.137,-0.274,-0.417,0.923,1.13,6.16,-1.031,0.208,-0.44,0.75,-0.466,2.649,-0.122,derecha
1780983680.254614,-0.818,-0.165,0.577,-0.557,1.427,-0.641,-0.672,-0.316,0.626,-7.099,0.084,-0.649,-0.315,-0.359,0.903,-0.42,-0.328,0.305,-0.27,-0.415,0.927,1.244,7.351,-0.58,0.206,-0.434,0.756,-0.565,2.504,-0.023,derecha
1780983680.3573012,-0.824,-0.167,0.576,-1.076,1.87,-0.634,-0.666,-0.316,0.62,-6.908,0.321,-0.351,-0.315,-0.359,0.9,-0.26,-0.359,0.069,-0.273,-0.417,0.927,1.382,6.84,-0.84,0.205,-0.431,0.755,-0.809,1.87,0.115,derecha
1780983680.4528034,-0.817,-0.166,0.574,-1.191,2.313,0.145,-0.668,-0.316,0.62,-7.321,0.847,-0.275,-0.317,-0.365,0.905,-0.855,-0.359,-0.252,-0.272,-0.419,0.927,1.565,6.389,-1.008,0.209,-0.436,0.756,-0.252,2.588,-0.206,derecha
1780983680.5548956,-0.825,-0.163,0.566,-1.328,2.023,-1.519,-0.671,-0.317,0.627,-7.321,0.473,-0.382,-0.313,-0.364,0.9,-0.275,-0.313,-0.321,-0.276,-0.42,0.928,1.084,7.031,-0.573,0.21,-0.431,0.759,-0.397,2.611,0.107,derecha
1780983683.2351365,-0.823,-0.165,0.572,-1.198,1.076,-0.847,-0.668,-0.318,0.625,-6.855,0.122,-0.046,-0.317,-0.37,0.897,-0.595,0.847,0.504,-0.277,-0.431,0.925,1.107,7.588,-0.527,0.2,-0.433,0.755,-0.427,2.748,-0.107,derecha
1780983683.346142,-0.826,-0.167,0.57,-0.786,1.969,-0.664,-0.671,-0.319,0.622,-7.244,-0.008,-0.641,-0.316,-0.366,0.896,-0.595,-0.099,0.45,-0.281,-0.428,0.919,1.221,7.137,-0.351,0.211,-0.432,0.756,-0.672,1.947,0.466,derecha
1780983683.4464278,-0.823,-0.165,0.57,-0.55,2.244,-0.198,-0.669,-0.32,0.618,-7.069,0.847,0.366,-0.317,-0.367,0.898,-0.382,0.412,0.779,-0.282,-0.428,0.917,1.611,7.42,0.214,0.208,-0.43,0.76,-0.832,2.832,-0.061,derecha
1780983683.5484247,-0.838,-0.172,0.567,-1.137,0.977,-1.29,-0.668,-0.319,0.623,-7.137,0.176,-0.817,-0.316,-0.368,0.9,-0.794,-0.176,0.473,-0.278,-0.428,0.918,1.076,7.679,-0.412,0.196,-0.43,0.769,-0.588,2.756,0.115,derecha
1780983683.6451383,-0.822,-0.162,0.561,-1.038,1.244,-1.344,-0.671,-0.32,0.616,-6.924,0.313,-0.382,-0.322,-0.369,0.899,0.084,-0.427,0.351,-0.286,-0.429,0.917,2.046,6.458,-0.702,0.201,-0.429,0.765,-0.725,1.756,-0.038,derecha
1780983683.757238,-0.828,-0.166,0.564,-0.145,0.58,-0.282,-0.667,-0.315,0.623,-5.84,-0.443,0.046,-0.315,-0.366,0.897,0.099,0.71,1.076,-0.276,-0.429,0.923,1.496,7.481,0.954,0.207,-0.434,0.752,0.626,3.122,-0.031,derecha
1780983683.8520262,-0.826,-0.164,0.567,-2.649,4.489,0.282,-0.672,-0.32,0.612,-7.336,0.802,0.809,-0.327,-0.362,0.888,-0.336,2.008,1.595,-0.293,-0.43,0.916,0.611,8.977,0.664,0.207,-0.434,0.76,-1.069,2.817,0.26,derecha
1780983683.9676862,-0.826,-0.161,0.576,-1.573,0.267,0.557,-0.676,-0.313,0.618,-6.679,-0.053,-0.145,-0.327,-0.368,0.906,1.107,2.397,0.718,-0.289,-0.475,1.042,7.382,7.244,11.29,0.201,-0.422,0.761,0.489,3.023,0.031,derecha
1780983684.0570593,-0.819,-0.151,0.585,-2.015,1.237,1.519,-0.66,-0.307,0.622,-10.786,28.519,1.183,-0.253,-0.462,1.252,171.573,53.939,55.893,-0.246,-0.547,1.353,193.344,25.473,90.328,0.183,-0.404,0.79,20.221,23.756,7.466,derecha
1780983684.165984,-0.849,-0.146,0.532,-2.153,16.046,7.214,-0.759,-0.292,0.502,3.573,40.244,19.458,-0.479,0.0,0.714,71.939,30.84,18.855,-0.216,0.09,0.813,72.618,19.305,17.588,0.165,-0.403,0.8,4.435,11.939,4.992,derecha
1780983684.2627707,-0.861,-0.149,0.518,0.122,2.214,0.878,-0.81,-0.274,0.502,-1.16,15.29,7.504,-0.498,0.002,0.877,20.817,11.687,7.771,-0.404,0.034,0.964,28.847,12.076,5.733,0.126,-0.389,0.796,3.183,6.359,3.733,derecha
1780983684.3739002,-0.863,-0.138,0.516,2.206,0.344,1.122,-0.805,-0.264,0.487,-5.664,4.71,3.015,-0.529,0.012,0.941,8.435,5.725,8.847,-0.411,0.065,1.002,23.931,10.893,11.84,0.123,-0.396,0.818,8.168,1.29,8.489,derecha
1780983684.4751132,-0.854,-0.138,0.53,-1.244,0.588,-1.618,-0.823,-0.246,0.463,-6.901,3.389,-0.847,-0.517,0.033,0.907,-0.321,4.656,1.489,-0.392,0.058,1.068,12.176,12.725,6.573,0.129,-0.381,0.81,5.168,0.038,0.695,derecha
1780983684.57333,-0.855,-0.136,0.516,-2.084,4.542,-0.557,-0.826,-0.271,0.499,-5.237,3.664,-0.137,-0.529,0.028,0.928,7.878,6.053,1.672,-0.388,0.106,0.989,8.405,11.656,2.962,0.13,-0.378,0.814,3.695,2.435,-2.214,derecha
1780983684.6752515,-0.868,-0.138,0.505,-1.756,0.176,-2.046,-0.796,-0.233,0.434,-7.779,-5.107,-5.008,-0.524,0.031,0.931,-6.145,-4.031,-1.015,-0.386,0.1,1.043,2.542,3.45,-1.046,0.154,-0.404,0.83,-10.733,1.656,-3.87,derecha
1780983684.7878795,-0.867,-0.126,0.493,-2.55,-6.16,-4.779,-0.793,-0.241,0.432,-10.786,-16.511,-10.435,-0.529,0.033,0.871,-23.45,-12.374,-5.74,-0.338,0.099,0.955,-23.756,-5.481,-15.382,0.149,-0.405,0.811,-7.206,-1.183,0.687,derecha
1780983684.895634,-0.857,-0.144,0.52,-2.046,-35.237,-13.878,-0.74,-0.278,0.371,-36.031,-99.802,-56.763,-0.145,0.022,0.009,-223.038,-72.656,-64.809,-0.177,-0.329,0.415,-250.137,-30.053,-155.336,0.16,-0.427,0.744,-33.992,-47.794,-12.313,derecha
1780983684.9932964,-0.879,-0.069,0.512,7.076,40.55,9.71,-0.704,-0.332,0.508,-7.832,21.985,-0.214,-0.432,-0.278,0.821,-16.344,-31.695,-6.298,-0.276,-0.435,0.948,-3.802,-41.992,-4.771,0.197,-0.419,0.777,-17.748,-2.344,-0.786,derecha
1780983685.0965433,-0.814,-0.16,0.573,-1.458,-1.099,-1.702,-0.67,-0.316,0.626,-7.351,0.191,-0.527,-0.327,-0.364,0.894,0.74,3.962,0.176,-0.27,-0.426,0.923,1.427,8.313,-0.481,0.176,-0.423,0.764,0.557,-0.099,-0.42,derecha
1780983685.1904097,-0.828,-0.16,0.557,-1.031,0.84,-1.084,-0.681,-0.314,0.609,-6.71,-0.092,-0.313,-0.322,-0.37,0.893,-1.649,-0.023,-0.076,-0.264,-0.426,0.937,0.824,6.206,-0.298,0.179,-0.429,0.774,0.992,4.55,-0.344,derecha
1780983687.8795152,-0.82,-0.166,0.572,0.015,1.466,0.664,-0.674,-0.318,0.623,-6.511,0.702,0.603,-0.326,-0.373,0.896,0.321,-0.496,0.885,-0.289,-0.432,0.924,2.466,7.008,0.221,0.177,-0.43,0.757,0.29,0.206,-1.832,derecha
1780983687.9810996,-0.823,-0.156,0.576,1.42,1.969,1.275,-0.663,-0.311,0.627,-6.214,1.115,0.176,-0.316,-0.364,0.892,0.626,0.198,0.183,-0.275,-0.434,0.921,1.588,6.519,-0.863,0.188,-0.428,0.775,-0.473,0.725,0.008,derecha
1780983688.0743554,-0.812,-0.148,0.576,-0.58,1.229,-0.702,-0.662,-0.307,0.628,-7.229,0.145,-0.496,-0.318,-0.363,0.901,-0.45,1.282,0.725,-0.273,-0.441,0.915,1.336,9.252,-0.336,0.186,-0.432,0.76,-0.718,3.74,0.351,derecha
1780983688.1773565,-0.822,-0.15,0.569,-1.435,3.511,0.282,-0.672,-0.316,0.634,-7.489,0.863,0.26,-0.314,-0.373,0.908,-0.817,1.122,0.656,-0.28,-0.434,0.925,0.695,7.534,1.252,0.193,-0.423,0.768,0.802,3.71,0.107,derecha
1780983688.2854593,-0.817,-0.152,0.566,-0.672,1.298,-0.817,-0.67,-0.309,0.628,-7.198,0.603,-1.038,-0.324,-0.368,0.89,-1.206,0.496,-1.45,-0.275,-0.44,0.916,0.603,5.748,-1.687,0.181,-0.424,0.765,0.282,0.763,-0.878,derecha
1780983688.3904636,-0.83,-0.153,0.572,-0.656,1.382,-0.885,-0.669,-0.31,0.626,-6.824,0.611,-0.511,-0.322,-0.371,0.893,-0.458,-0.275,-0.26,-0.273,-0.439,0.921,1.305,6.718,-0.359,0.191,-0.422,0.766,0.672,3.176,-0.534,derecha
1780983688.4890225,-0.826,-0.157,0.578,-0.626,1.336,-0.55,-0.667,-0.319,0.626,-6.237,-0.084,-0.183,-0.321,-0.369,0.896,-0.397,-1.389,-0.427,-0.281,-0.435,0.926,1.641,6.542,-0.481,0.189,-0.425,0.773,-0.084,2.145,-0.282,derecha
1780983688.5891616,-0.823,-0.152,0.572,-1.626,1.794,-1.099,-0.668,-0.31,0.625,-7.313,0.466,-0.824,-0.318,-0.366,0.898,-0.45,0.687,-1.061,-0.279,-0.435,0.914,1.282,6.237,-0.58,0.186,-0.422,0.764,-0.252,3.229,0.092,derecha
1780983688.695196,-0.835,-0.156,0.571,-0.267,2.45,-0.489,-0.671,-0.316,0.613,-7.282,0.786,-0.069,-0.32,-0.37,0.886,-1.076,0.229,-0.794,-0.279,-0.439,0.915,0.534,6.748,-0.786,0.175,-0.417,0.769,-0.145,1.58,-0.58,derecha
1780983688.8063643,-0.823,-0.149,0.573,-0.916,-0.382,-1.374,-0.665,-0.308,0.63,-6.542,0.069,-0.84,-0.327,-0.37,0.896,0.336,-0.702,-0.534,-0.277,-0.438,0.916,1.038,8.267,-0.969,0.188,-0.421,0.769,-0.351,1.534,0.137,derecha
1780983688.9043021,-0.831,-0.154,0.564,-1.496,2.237,-1.198,-0.672,-0.312,0.627,-7.16,0.466,-0.214,-0.323,-0.369,0.891,-0.84,0.145,0.137,-0.278,-0.439,0.913,1.542,7.008,-0.244,0.183,-0.423,0.77,0.038,2.733,-0.252,derecha
1780983689.0042205,-0.828,-0.155,0.567,-1.069,1.679,-1.0,-0.667,-0.312,0.618,-7.069,0.725,-0.763,-0.321,-0.373,0.89,-0.107,-1.397,-0.901,-0.28,-0.441,0.922,1.763,5.809,-1.168,0.189,-0.425,0.77,-0.618,1.84,0.382,derecha
1780983689.1042354,-0.833,-0.153,0.565,-0.855,0.939,-0.939,-0.667,-0.314,0.626,-6.847,0.992,-0.527,-0.321,-0.374,0.889,-0.313,-0.55,0.298,-0.276,-0.448,0.921,2.0,9.275,0.786,0.19,-0.42,0.774,1.305,5.191,1.618,derecha
1780983689.2145507,-0.817,-0.156,0.574,1.412,-1.282,-2.099,-0.674,-0.313,0.605,-5.282,-3.954,-1.985,-0.309,-0.352,0.918,-4.977,0.573,21.55,-0.265,-0.42,0.915,7.603,4.687,-7.366,0.189,-0.419,0.771,0.344,1.519,0.649,derecha
1780983689.320931,-0.814,-0.159,0.587,-1.534,-0.763,-0.832,-0.662,-0.322,0.626,-5.748,2.55,0.573,-0.424,-0.442,1.063,60.099,8.748,27.885,-0.302,-0.488,1.125,71.45,15.908,27.611,0.194,-0.42,0.765,8.015,2.603,1.664,derecha
1780983689.42385,-0.834,-0.181,0.583,12.45,27.42,8.649,-0.897,-0.487,0.914,18.832,94.282,66.847,-0.24,-0.059,0.652,174.466,80.412,12.214,-0.303,-0.142,0.896,186.046,59.214,30.26,0.17,-0.387,0.791,19.328,14.13,0.069,derecha
1780983689.5200214,-0.839,-0.14,0.546,2.313,19.672,2.397,-0.754,-0.184,0.452,4.473,19.565,21.626,-0.452,0.147,0.752,21.397,12.42,2.832,-0.337,0.04,0.995,36.092,21.099,10.931,0.159,-0.375,0.786,3.046,13.015,0.817,derecha
1780983689.6191115,-0.843,-0.113,0.483,13.55,-1.473,8.397,-0.785,-0.209,0.521,3.115,-0.863,10.069,-0.521,0.07,0.958,16.496,0.901,4.443,-0.372,0.083,1.048,35.16,9.87,11.252,0.191,-0.39,0.799,2.427,-3.45,-1.908,derecha
1780983689.7241204,-0.868,-0.118,0.537,5.031,4.824,3.221,-0.832,-0.201,0.558,-0.702,4.137,5.679,-0.539,0.103,0.887,12.481,3.115,4.595,-0.394,0.108,1.049,18.176,7.641,5.366,0.139,-0.379,0.797,3.779,-4.458,-0.45,derecha
1780983692.5102062,-0.821,-0.158,0.568,-0.817,1.672,-0.45,-0.673,-0.314,0.616,-6.924,0.641,-0.069,-0.327,-0.366,0.898,-0.992,2.221,0.298,-0.27,-0.427,0.918,0.947,8.382,0.679,0.176,-0.427,0.77,-0.763,1.595,0.412,derecha
1780983692.61212,-0.823,-0.156,0.568,-0.725,1.275,-0.13,-0.682,-0.308,0.625,-7.321,0.954,-0.191,-0.332,-0.365,0.894,0.191,1.015,0.58,-0.269,-0.428,0.926,1.099,7.542,0.496,0.17,-0.426,0.76,0.038,2.588,-0.565,derecha
1780983692.7093859,-0.827,-0.154,0.57,-1.229,1.321,-1.13,-0.667,-0.316,0.615,-7.229,0.046,-0.74,-0.324,-0.368,0.899,-0.763,-0.351,0.069,-0.265,-0.43,0.926,1.687,7.389,0.267,0.18,-0.433,0.773,-0.229,4.229,-0.55,derecha
1780983692.824533,-0.826,-0.157,0.569,-0.756,1.786,0.16,-0.676,-0.315,0.617,-7.076,0.603,0.466,-0.329,-0.363,0.899,0.008,0.916,0.443,-0.272,-0.419,0.92,0.351,8.221,-0.191,0.177,-0.421,0.766,-1.16,1.084,0.496,derecha
1780983692.9156303,-0.826,-0.154,0.577,-1.015,0.489,-1.626,-0.678,-0.318,0.609,-6.847,0.038,-0.168,-0.327,-0.363,0.898,0.137,-0.756,0.092,-0.263,-0.43,0.932,1.611,7.473,-0.16,0.172,-0.422,0.775,-0.328,2.359,-0.023,derecha
1780983693.0234444,-0.828,-0.157,0.565,-0.16,1.901,0.069,-0.675,-0.318,0.616,-6.282,2.824,0.412,-0.377,-0.393,1.024,6.115,8.328,1.366,-0.368,-0.517,1.16,34.931,15.817,9.229,0.183,-0.438,0.758,-1.321,3.527,0.527,derecha
1780983693.1232362,-0.82,-0.153,0.576,3.595,12.389,4.206,-0.694,-0.269,0.487,-25.84,80.893,8.344,-0.284,-0.167,0.811,133.26,72.023,28.679,-0.306,-0.285,0.962,146.427,32.405,35.557,0.163,-0.411,0.782,15.672,11.458,-0.664,derecha
1780983693.2394466,-0.739,-0.152,0.233,-28.939,38.84,-1.344,-0.828,-0.241,0.392,-1.87,21.618,12.969,-0.481,0.047,0.744,40.527,17.954,12.092,-0.35,0.001,0.855,34.511,12.45,11.221,0.178,-0.403,0.789,7.947,-2.847,0.183,derecha
1780983693.3395293,-0.863,-0.133,0.506,-1.336,16.695,-3.939,-0.779,-0.24,0.457,-8.206,27.298,22.58,-0.43,0.078,0.824,26.672,15.015,31.687,-0.343,0.091,0.929,64.924,2.092,38.977,0.195,-0.33,0.725,3.366,5.13,-7.359,derecha
1780983693.4307132,-0.867,-0.156,0.517,-0.954,4.756,-1.397,-0.847,-0.276,0.489,-5.458,4.534,3.366,-0.512,0.083,0.893,6.809,6.061,3.168,-0.343,0.111,0.953,14.733,10.466,4.45,0.2,-0.377,0.792,4.626,0.885,2.71,derecha
1780983693.533549,-0.887,-0.137,0.45,-16.168,23.061,7.695,-0.863,-0.258,0.476,-3.435,13.214,11.221,-0.531,0.12,0.791,9.366,2.695,6.168,-0.418,0.128,0.913,11.405,-4.313,1.412,0.139,-0.302,0.713,8.489,0.901,1.954,derecha
1780983693.6472201,-0.871,-0.151,0.479,-3.16,2.351,1.855,-0.816,-0.235,0.446,-7.084,-0.611,-1.87,-0.513,0.107,0.835,-3.748,-4.687,-4.214,-0.356,0.116,0.924,-7.542,2.924,-3.534,0.167,-0.346,0.76,-6.885,2.069,-0.763,derecha
1780983693.747554,-0.874,-0.139,0.492,-7.702,-8.405,-4.634,-0.718,-0.194,0.396,-14.756,-40.924,-33.053,-0.302,0.203,0.365,-103.908,-49.214,-43.137,-0.192,0.204,0.401,-131.595,-29.664,-42.145,0.159,-0.427,0.847,-30.023,-11.908,6.802,derecha
1780983693.8426776,-0.836,-0.229,0.534,-9.023,5.939,-5.931,-0.596,-0.283,1.031,-12.885,-1.252,-7.275,0.418,-0.524,1.979,25.534,28.489,1.237,-0.156,0.073,0.247,24.176,93.595,2.527,0.202,-0.497,0.793,54.901,32.344,3.817,derecha
1780983693.9527366,-0.834,-0.164,0.539,2.511,8.16,0.008,-0.675,-0.322,0.6,-7.344,3.687,0.115,-0.329,-0.367,0.891,-3.282,-2.206,-0.115,-0.268,-0.41,0.936,-1.992,4.55,-1.611,0.18,-0.425,0.766,-3.969,6.527,-0.115,derecha
1780983694.053173,-0.841,-0.171,0.538,-0.672,0.191,-0.366,-0.67,-0.32,0.616,-6.588,1.038,0.29,-0.321,-0.367,0.892,-0.008,2.405,1.092,-0.258,-0.417,0.939,-1.046,7.802,-0.55,0.178,-0.419,0.767,0.756,4.87,-0.618,derecha
1780983694.1657245,-0.839,-0.162,0.535,-0.366,1.481,-0.298,-0.668,-0.326,0.615,-6.763,-0.015,0.115,-0.32,-0.367,0.897,-0.656,0.076,0.336,-0.26,-0.416,0.926,0.359,7.855,-0.137,0.183,-0.426,0.763,0.626,3.405,-0.298,derecha
1780983694.2548037,-0.844,-0.17,0.544,-1.015,1.099,-0.58,-0.674,-0.323,0.611,-6.366,-0.061,-0.511,-0.324,-0.366,0.889,-1.137,-0.13,-0.229,-0.25,-0.417,0.933,0.824,7.42,-0.244,0.179,-0.427,0.755,-0.511,2.191,-0.267,derecha
1780983694.3616686,-0.84,-0.166,0.543,-1.0,1.527,0.153,-0.674,-0.318,0.612,-7.168,0.893,0.015,-0.323,-0.367,0.899,-0.527,1.214,0.84,-0.26,-0.416,0.934,0.756,7.679,-0.046,0.17,-0.423,0.77,-0.527,2.351,-0.153,derecha
1780983697.1400228,-0.838,-0.164,0.536,-1.397,1.45,-0.908,-0.666,-0.32,0.613,-6.855,0.496,-0.321,-0.321,-0.376,0.898,-0.672,0.382,1.115,-0.254,-0.424,0.932,0.969,6.359,0.237,0.179,-0.429,0.762,0.153,3.565,-0.29,derecha
1780983697.2421947,-0.845,-0.165,0.533,-0.183,0.748,-1.435,-0.67,-0.317,0.612,-6.733,0.55,-0.618,-0.32,-0.372,0.887,-0.947,-0.183,0.023,-0.256,-0.429,0.928,1.328,7.336,-0.511,0.175,-0.433,0.767,-0.985,1.679,0.099,derecha
1780983697.3448174,-0.839,-0.165,0.542,-0.786,1.389,-0.763,-0.671,-0.321,0.614,-6.802,0.168,-0.313,-0.314,-0.37,0.895,-0.466,0.168,1.267,-0.255,-0.429,0.932,1.313,7.328,0.099,0.179,-0.423,0.762,0.695,4.427,0.023,derecha
1780983697.4644907,-0.844,-0.168,0.53,-1.053,1.191,-1.603,-0.673,-0.323,0.607,-7.229,-0.015,-0.847,-0.323,-0.375,0.897,-1.206,-0.55,0.366,-0.259,-0.436,0.925,1.244,6.191,-0.939,0.18,-0.426,0.768,-0.542,2.389,-0.038,derecha
1780983697.5547853,-0.845,-0.169,0.532,-0.87,1.176,-0.351,-0.676,-0.324,0.618,-6.45,0.221,-0.267,-0.322,-0.379,0.896,-0.298,-0.092,0.061,-0.257,-0.425,0.921,1.863,7.191,-0.137,0.18,-0.431,0.772,-0.702,1.328,-0.038,derecha
1780983697.6569018,-0.84,-0.169,0.537,-0.557,1.443,-0.344,-0.674,-0.324,0.613,-6.542,0.099,-0.305,-0.322,-0.372,0.893,-0.412,-0.237,-0.176,-0.258,-0.428,0.932,1.748,6.267,-1.008,0.177,-0.427,0.764,-0.893,1.489,-0.206,derecha
1780983697.7573144,-0.841,-0.167,0.536,-0.435,0.252,-1.038,-0.667,-0.322,0.601,-5.962,-0.298,-0.565,-0.321,-0.373,0.888,0.366,-2.977,-0.015,-0.26,-0.424,0.928,2.878,6.145,-0.198,0.182,-0.422,0.763,0.832,3.672,-0.504,derecha
1780983697.8665032,-0.843,-0.164,0.539,-0.672,-0.55,1.244,-0.677,-0.323,0.614,-4.13,2.595,2.321,-0.532,-0.478,1.177,20.489,22.771,4.031,-0.067,-0.59,1.486,95.45,18.267,35.802,0.135,-0.424,0.758,3.053,-0.015,0.542,derecha
1780983697.9638078,-0.831,-0.167,0.57,2.542,4.855,1.893,-0.839,-0.387,0.659,-1.779,42.389,11.275,-0.359,-0.186,0.984,99.931,47.107,1.008,-0.331,-0.293,1.248,127.595,18.763,15.931,0.16,-0.408,0.777,9.466,0.046,1.985,derecha
1780983698.066184,-0.863,-0.096,0.441,13.176,-10.473,-6.008,-0.787,-0.311,0.663,6.069,12.901,18.534,-0.482,-0.001,0.893,55.924,11.695,16.466,-0.355,-0.022,1.031,81.038,1.687,26.366,0.164,-0.397,0.787,6.756,-1.916,-4.084,derecha
1780983698.1834285,-0.77,-0.096,0.53,-3.969,1.863,-0.71,-0.749,-0.232,0.582,-6.099,6.359,-2.45,-0.473,0.038,0.967,10.527,12.588,-3.924,-0.387,0.002,1.187,24.29,17.534,6.076,0.164,-0.39,0.786,-3.718,6.046,-2.511,derecha
1780983698.2901802,-0.747,-0.09,0.536,-7.122,2.954,-1.076,-0.74,-0.191,0.577,-6.26,8.198,-0.908,-0.48,0.056,0.988,7.015,17.076,-4.947,-0.351,0.153,1.003,18.763,22.351,15.664,0.156,-0.395,0.777,2.863,8.053,-1.802,derecha
1780983698.3750868,-0.76,-0.068,0.52,-9.229,4.092,-4.344,-0.747,-0.196,0.558,-10.466,6.16,-5.481,-0.469,0.086,0.893,-4.038,7.55,-4.084,-0.368,0.135,0.968,-5.374,13.939,-1.527,0.166,-0.389,0.777,-0.573,5.374,1.687,derecha
1780983698.47837,-0.806,-0.081,0.528,-14.733,3.26,-6.763,-0.71,-0.161,0.445,-20.115,-9.649,-14.985,-0.391,0.164,0.607,-41.328,-9.168,-12.786,-0.276,0.257,0.584,-71.885,-0.443,-19.137,0.178,-0.385,0.773,-7.183,2.321,6.038,derecha
1780983698.5972111,-0.75,-0.144,0.538,1.985,-29.366,-0.229,-0.978,-0.379,0.37,-0.313,-88.397,-7.557,-0.012,-0.706,1.226,-250.137,-137.473,-105.969,-0.247,-0.567,1.284,-250.137,-54.389,-103.382,0.201,-0.403,0.742,-17.527,-7.389,-0.885,derecha
1780983698.6967528,-0.813,-0.155,0.587,-4.832,-5.473,-4.046,-0.673,-0.325,0.636,-6.397,-0.511,-1.244,-0.307,-0.364,0.874,-6.13,-2.137,-0.573,-0.21,-0.418,1.013,-3.145,7.763,-0.595,0.186,-0.428,0.767,2.382,2.695,0.015,derecha
1780983698.7889726,-0.819,-0.155,0.571,-1.145,3.122,-0.802,-0.677,-0.313,0.609,-7.328,0.695,-0.344,-0.325,-0.358,0.9,-2.405,0.618,-0.046,-0.272,-0.411,0.937,-0.16,4.908,-0.496,0.192,-0.428,0.761,-1.55,3.176,0.13,derecha
1780983698.889753,-0.815,-0.156,0.587,-0.756,1.061,-0.29,-0.676,-0.315,0.624,-6.985,1.908,-0.397,-0.321,-0.356,0.892,-1.763,-0.992,-0.42,-0.268,-0.418,0.942,-2.16,6.305,-1.611,0.184,-0.43,0.763,-0.985,1.763,-0.168,derecha
1780983698.993085,-0.815,-0.151,0.584,-0.779,1.015,-0.031,-0.678,-0.314,0.615,-6.855,0.344,-0.084,-0.322,-0.357,0.896,-0.519,0.191,0.298,-0.275,-0.417,0.93,1.076,6.885,-0.389,0.188,-0.426,0.77,-0.702,2.74,-0.389,derecha
1780983701.7790754,-0.817,-0.154,0.584,-0.756,1.733,-0.229,-0.676,-0.314,0.612,-6.908,0.061,-0.939,-0.329,-0.365,0.895,-0.412,-0.061,-0.695,-0.272,-0.427,0.922,2.015,6.672,-0.748,0.186,-0.429,0.77,-0.466,1.855,0.0,derecha
1780983701.8772495,-0.819,-0.159,0.582,-1.183,1.885,-0.74,-0.681,-0.315,0.615,-6.763,0.702,-0.618,-0.329,-0.366,0.89,-0.275,0.115,-0.191,-0.275,-0.427,0.917,1.496,6.534,-0.458,0.18,-0.419,0.762,-0.718,1.756,-0.366,derecha
1780983701.981697,-0.818,-0.157,0.584,-0.679,1.282,-0.687,-0.679,-0.313,0.612,-6.74,0.344,-0.534,-0.327,-0.362,0.895,-0.191,0.176,-0.046,-0.276,-0.429,0.921,1.649,7.038,-0.656,0.181,-0.423,0.766,-0.687,2.13,-0.206,derecha
1780983702.0835276,-0.817,-0.156,0.572,-1.252,1.206,-1.458,-0.681,-0.318,0.604,-7.015,0.252,-0.55,-0.327,-0.369,0.887,-0.603,0.397,-0.313,-0.274,-0.431,0.916,1.534,6.855,-0.641,0.174,-0.423,0.766,-0.527,2.244,0.046,derecha
1780983702.1862674,-0.817,-0.156,0.584,-0.443,1.252,-0.679,-0.677,-0.313,0.616,-6.908,-0.038,-0.649,-0.331,-0.366,0.884,0.038,-0.397,-0.336,-0.276,-0.425,0.918,1.573,6.733,-0.435,0.181,-0.427,0.77,-0.71,2.206,-0.13,derecha
1780983702.2986479,-0.815,-0.159,0.583,-0.504,0.496,0.183,-0.683,-0.317,0.603,-5.382,0.153,0.985,-0.367,-0.402,0.99,2.931,4.153,0.267,-0.293,-0.415,0.905,1.534,5.191,-1.931,0.178,-0.428,0.761,-1.183,0.931,-2.008,derecha
1780983702.3980298,-0.807,-0.148,0.587,2.229,2.969,3.16,-0.688,-0.314,0.594,-3.443,70.008,3.954,-0.139,-0.233,0.669,202.267,86.947,41.519,-0.102,-0.173,0.726,204.092,7.832,62.863,0.157,-0.398,0.77,23.679,26.107,1.427,derecha
1780983702.504189,-0.819,-0.143,0.592,7.832,27.466,16.023,-0.675,-0.201,0.437,25.55,50.863,33.679,-0.455,0.111,0.631,63.275,36.725,11.191,-0.335,0.098,0.81,73.214,20.122,13.977,0.147,-0.374,0.784,3.16,2.893,-0.771,derecha
1780983702.6063519,-0.866,-0.098,0.499,-6.58,6.084,2.443,-0.779,-0.195,0.415,-0.366,9.893,15.168,-0.525,0.081,0.856,15.702,8.351,10.611,-0.372,0.183,0.911,34.511,5.687,10.595,0.163,-0.389,0.791,3.252,-3.115,-2.206,derecha
1780983702.700885,-0.863,-0.117,0.509,-7.992,13.779,2.389,-0.803,-0.199,0.471,-4.137,7.519,6.26,-0.519,0.067,0.939,12.45,2.992,4.046,-0.398,0.115,1.031,13.939,4.985,3.992,0.167,-0.395,0.802,-1.763,0.656,-1.885,derecha
1780983702.8151977,-0.826,-0.128,0.521,-7.061,2.794,1.45,-0.771,-0.169,0.446,-7.924,-0.557,-1.649,-0.48,0.117,0.849,-4.687,-3.649,-2.29,-0.367,0.154,0.967,-13.817,1.947,-9.412,0.171,-0.395,0.783,-3.534,2.802,0.427,derecha
1780983702.9129047,-0.851,-0.131,0.517,-3.802,-5.725,-5.656,-0.766,-0.167,0.377,-20.191,-28.137,-22.397,-0.4,0.187,0.496,-62.443,-27.221,-24.947,-0.298,0.154,0.557,-116.527,-2.725,-44.832,0.16,-0.386,0.77,-10.557,-7.786,3.13,derecha
1780983703.0102718,-0.726,-0.115,0.556,-5.099,-24.603,-4.901,-0.844,-0.321,0.414,-6.031,-53.733,-2.893,-0.221,-0.633,1.334,-250.137,-102.252,-92.351,-0.365,-0.577,1.327,-212.725,-12.115,-77.42,0.215,-0.45,0.781,-1.779,8.618,0.282,derecha
1780983703.1197574,-0.821,-0.152,0.572,-3.794,0.718,-3.252,-0.677,-0.325,0.632,-6.534,7.183,-0.702,-0.339,-0.358,0.881,-5.29,-8.145,-0.969,-0.282,-0.426,0.943,-6.229,9.496,-4.099,0.186,-0.429,0.766,2.985,1.206,0.069,derecha
1780983703.2160993,-0.832,-0.159,0.569,-0.863,2.672,-0.832,-0.678,-0.314,0.6,-7.008,-0.107,-0.305,-0.336,-0.364,0.901,-1.817,-0.748,0.16,-0.279,-0.422,0.931,0.344,4.397,-0.702,0.182,-0.427,0.764,-1.145,2.71,-0.214,derecha
1780983703.3194714,-0.829,-0.16,0.56,-0.809,2.084,-0.321,-0.68,-0.315,0.606,-7.252,0.137,-0.145,-0.331,-0.363,0.893,-0.977,0.672,0.275,-0.278,-0.421,0.923,0.511,6.534,0.031,0.185,-0.423,0.764,-0.74,2.412,0.038,derecha
1780983703.4220083,-0.827,-0.159,0.566,-1.122,2.099,-0.626,-0.677,-0.32,0.61,-7.092,0.374,-0.336,-0.331,-0.363,0.89,-0.504,-0.55,0.176,-0.278,-0.424,0.925,1.412,5.641,-0.305,0.185,-0.43,0.771,-0.458,1.916,-0.099,derecha
1780983703.5249116,-0.83,-0.161,0.558,-0.359,1.237,0.313,-0.679,-0.318,0.602,-6.748,0.489,-0.573,-0.333,-0.366,0.892,-0.855,0.702,0.221,-0.274,-0.424,0.921,1.13,7.313,-0.511,0.182,-0.423,0.763,-0.244,2.603,-0.16,derecha
1780983703.6281276,-0.828,-0.162,0.564,-0.756,1.71,-1.298,-0.68,-0.316,0.606,-6.893,0.26,-0.206,-0.331,-0.36,0.894,-0.901,0.115,-0.092,-0.26,-0.425,0.929,0.542,6.344,0.504,0.183,-0.42,0.763,-0.656,2.153,0.099,derecha
1780983706.4095457,-0.832,-0.16,0.56,-0.817,1.0,-0.664,-0.678,-0.309,0.609,-7.023,0.206,-0.206,-0.322,-0.371,0.889,-0.351,-1.672,0.527,-0.278,-0.427,0.921,1.435,7.611,-0.137,0.183,-0.426,0.765,-0.504,3.221,0.336,derecha
1780983706.51506,-0.835,-0.161,0.563,-0.527,1.275,-1.412,-0.68,-0.316,0.603,-6.359,0.191,-0.336,-0.324,-0.371,0.891,-0.351,-1.092,-0.008,-0.272,-0.429,0.924,1.824,6.214,-0.198,0.19,-0.428,0.762,-0.122,2.71,-0.145,derecha
1780983706.6264064,-0.828,-0.16,0.562,-1.038,1.504,-0.603,-0.682,-0.311,0.602,-7.099,0.519,-0.321,-0.323,-0.372,0.892,-0.496,0.122,0.588,-0.276,-0.43,0.918,1.878,7.16,0.183,0.182,-0.428,0.771,-0.382,2.763,-0.122,derecha
1780983706.7275028,-0.831,-0.159,0.562,-0.855,1.412,-0.382,-0.679,-0.314,0.606,-6.878,0.214,-0.634,-0.327,-0.369,0.892,-0.214,-0.328,0.237,-0.282,-0.43,0.921,1.916,6.252,-0.511,0.177,-0.423,0.768,-0.664,2.321,-0.198,derecha
1780983706.8309426,-0.832,-0.156,0.563,-0.649,0.893,-0.687,-0.679,-0.317,0.609,-6.351,-0.557,-0.412,-0.326,-0.368,0.904,0.015,-0.809,-0.107,-0.277,-0.426,0.927,2.489,5.969,-0.389,0.196,-0.431,0.763,-0.733,1.58,0.626,derecha
1780983706.9268699,-0.858,-0.159,0.559,3.176,-0.901,1.565,-0.696,-0.359,0.625,-9.168,22.427,2.748,-0.395,-0.655,1.609,250.13,59.733,109.374,-0.316,-0.674,1.132,250.13,31.397,132.26,0.175,-0.447,0.784,22.87,24.794,2.389,derecha
1780983707.0330453,-0.838,-0.156,0.554,-3.008,2.351,0.458,-0.843,-0.338,0.505,2.298,34.534,23.252,-0.389,-0.009,0.872,78.397,33.267,16.634,-0.298,0.065,0.853,76.786,30.221,14.275,0.165,-0.401,0.794,11.359,6.924,-1.916,derecha
1780983707.1311283,-0.933,-0.241,0.67,-10.885,19.344,4.168,-0.814,-0.272,0.485,6.221,18.16,17.168,-0.515,0.132,0.667,21.786,5.885,5.84,-0.363,0.176,0.694,15.573,1.176,0.702,0.153,-0.349,0.744,1.779,-6.55,-1.42,derecha
1780983707.2336223,-0.986,-0.115,0.514,36.183,1.405,16.45,-0.775,-0.177,0.337,11.534,-20.687,12.45,-0.504,0.136,0.696,2.275,-25.725,4.046,-0.315,0.163,0.856,-1.275,-23.992,-3.58,0.194,-0.404,0.786,-12.015,-14.977,-3.756,derecha
1780983707.3385525,-0.906,-0.084,0.5,6.061,0.13,5.344,-0.774,-0.198,0.427,-3.832,-10.008,4.802,-0.452,0.087,0.864,-0.847,-7.153,-0.267,-0.289,0.126,0.94,-3.908,0.595,-0.344,0.196,-0.411,0.784,-1.397,1.427,-0.321,derecha
1780983707.4395497,-0.893,-0.125,0.555,-9.489,9.489,-12.695,-0.826,-0.241,0.481,-14.099,0.672,-12.344,-0.485,0.077,0.753,-34.069,-7.267,-13.931,-0.333,0.153,0.863,-64.046,6.588,-19.038,0.17,-0.394,0.762,-2.763,3.802,3.176,derecha
1780983707.5539515,-0.861,-0.244,0.571,-3.305,-31.802,4.557,-0.523,-0.293,0.529,7.107,-59.618,2.366,0.066,-0.901,0.992,-250.137,-99.496,-136.977,-0.31,-0.771,1.444,-250.137,-63.763,-134.695,0.283,-0.479,0.711,-12.74,-14.191,-1.267,derecha
1780983707.6547797,-0.866,-0.14,0.553,-8.008,-14.489,-5.389,-0.664,-0.317,0.636,-6.061,-6.427,-1.519,-0.302,-0.369,0.888,-3.481,-0.389,0.183,-0.266,-0.406,0.962,-1.382,21.328,-0.809,0.177,-0.422,0.765,7.473,4.412,0.519,derecha
1780983707.7486267,-0.831,-0.158,0.568,-0.252,2.191,-0.053,-0.677,-0.319,0.605,-7.298,-0.344,-0.099,-0.308,-0.354,0.905,-2.695,0.0,-0.481,-0.259,-0.399,0.94,-0.168,5.947,-1.168,0.175,-0.429,0.763,-0.992,2.244,-0.038,derecha
1780983707.8681214,-0.822,-0.157,0.573,-0.198,1.26,0.084,-0.676,-0.318,0.615,-6.74,0.305,-0.389,-0.311,-0.356,0.904,-0.687,0.29,-0.267,-0.269,-0.403,0.935,0.931,6.908,-0.687,0.179,-0.431,0.761,-1.55,2.015,-0.359,derecha
1780983707.9570973,-0.822,-0.155,0.569,-0.496,0.939,-0.84,-0.674,-0.317,0.612,-6.954,0.046,-0.389,-0.302,-0.357,0.902,-0.084,-1.198,-0.26,-0.269,-0.401,0.933,0.947,5.947,-0.679,0.164,-0.416,0.758,0.405,4.756,0.008,derecha
1780983708.0713258,-0.825,-0.157,0.564,-0.504,0.183,-0.878,-0.675,-0.316,0.61,-6.763,0.779,-0.611,-0.302,-0.361,0.9,-0.87,0.214,-0.305,-0.26,-0.399,0.944,1.473,7.947,-0.962,0.177,-0.429,0.757,-0.786,2.206,-0.107,derecha
1780983708.1639307,-0.822,-0.157,0.571,-1.092,0.962,-1.145,-0.674,-0.317,0.61,-6.687,0.061,-0.229,-0.303,-0.36,0.904,-0.435,0.107,-0.076,-0.262,-0.404,0.943,1.382,6.885,-0.053,0.178,-0.433,0.764,0.015,3.084,-0.16,derecha
1780983708.273472,-0.823,-0.158,0.563,-0.45,0.969,-0.42,-0.675,-0.316,0.608,-6.405,0.153,-0.015,-0.307,-0.358,0.91,-0.336,0.573,-0.153,-0.258,-0.403,0.941,1.282,6.099,-1.015,0.178,-0.431,0.772,-0.786,2.023,-0.031,derecha
1780983708.3666666,-0.825,-0.16,0.575,-0.626,0.45,0.237,-0.673,-0.321,0.613,-6.786,0.664,-0.191,-0.31,-0.358,0.907,-0.74,1.832,-0.229,-0.262,-0.406,0.937,1.145,7.55,-1.42,0.18,-0.423,0.767,-0.618,1.527,0.115,derecha
1780983711.0446234,-0.818,-0.152,0.573,-0.832,0.794,-1.16,-0.673,-0.311,0.614,-7.092,0.183,-0.473,-0.315,-0.361,0.895,-0.153,0.023,-0.183,-0.265,-0.424,0.932,1.26,8.511,0.076,0.175,-0.428,0.769,-0.351,3.435,0.321,derecha
1780983711.1486628,-0.827,-0.158,0.573,-0.641,1.092,0.069,-0.677,-0.314,0.615,-6.779,0.115,-0.244,-0.323,-0.362,0.897,-0.473,-0.863,-0.137,-0.259,-0.423,0.936,1.214,6.542,-0.076,0.174,-0.425,0.77,-0.122,3.824,0.16,derecha
1780983711.2595673,-0.825,-0.153,0.575,-0.534,1.053,-0.153,-0.673,-0.315,0.616,-6.687,0.466,-0.374,-0.325,-0.363,0.898,-0.099,-0.298,-0.389,-0.259,-0.422,0.927,1.321,6.939,-0.237,0.176,-0.428,0.766,-0.664,1.519,-0.153,derecha
1780983711.3616865,-0.826,-0.157,0.571,-0.702,2.412,-0.29,-0.67,-0.312,0.612,-7.0,0.718,-0.038,-0.323,-0.359,0.896,-0.313,0.786,0.267,-0.263,-0.419,0.927,1.595,7.038,0.878,0.179,-0.427,0.759,0.198,3.427,-0.244,derecha
1780983711.4567869,-0.828,-0.157,0.572,-1.229,1.824,-1.618,-0.674,-0.315,0.615,-7.084,0.397,-0.809,-0.323,-0.361,0.896,-0.427,-0.702,-0.725,-0.264,-0.42,0.93,1.58,6.0,-0.802,0.174,-0.424,0.761,-1.099,1.26,-0.061,derecha
1780983711.5738156,-0.823,-0.154,0.567,-0.473,0.366,-0.863,-0.672,-0.311,0.608,-6.351,-0.031,-0.282,-0.318,-0.365,0.903,-0.55,-0.954,-0.679,-0.263,-0.421,0.928,1.573,6.954,-0.267,0.176,-0.431,0.765,-0.748,2.412,0.153,derecha
1780983711.6742709,-0.826,-0.154,0.571,-0.672,0.603,-0.359,-0.674,-0.312,0.609,-6.069,-1.0,-0.015,-0.331,-0.364,0.895,1.725,0.519,-0.382,-0.265,-0.421,0.937,3.168,6.71,0.389,0.175,-0.428,0.763,2.634,3.435,0.13,derecha
1780983711.7727091,-0.82,-0.15,0.586,-2.115,-8.962,-2.084,-0.67,-0.285,0.611,-8.489,44.931,4.595,-0.06,-0.239,0.361,205.214,55.176,51.489,0.0,-0.163,0.407,224.763,27.779,71.267,0.18,-0.415,0.77,31.809,27.45,3.458,derecha
1780983711.889298,-0.828,-0.148,0.572,7.641,17.382,10.099,-0.746,-0.257,0.5,6.687,43.046,27.55,-0.438,0.015,0.791,58.115,35.038,17.168,-0.277,-0.019,0.886,82.924,32.985,24.29,0.157,-0.392,0.782,6.626,7.954,-1.405,derecha
1780983711.9720137,-0.847,-0.144,0.573,-0.496,8.023,-0.534,-0.76,-0.228,0.538,-5.015,20.969,8.74,-0.504,0.048,0.875,22.099,25.183,10.542,-0.363,0.097,0.879,46.756,14.351,18.435,0.126,-0.369,0.779,8.672,-0.985,-2.328,derecha
1780983712.0747218,-0.861,-0.143,0.575,-5.504,11.298,3.634,-0.786,-0.215,0.489,-0.756,10.802,9.542,-0.484,0.099,0.863,11.763,9.305,6.122,-0.36,0.142,0.948,19.061,10.16,8.389,0.162,-0.369,0.77,4.985,-0.496,0.672,derecha
1780983712.1827605,-0.833,-0.125,0.511,2.145,4.641,3.756,-0.72,-0.164,0.426,-8.206,-3.802,-2.931,-0.43,0.136,0.783,-11.244,-7.473,-2.626,-0.328,0.159,0.963,-12.557,0.481,-7.702,0.165,-0.367,0.787,-7.099,1.794,3.71,derecha
1780983712.2808204,-0.844,-0.119,0.5,-6.878,-11.252,-8.962,-0.679,-0.152,0.394,-24.656,-41.145,-30.397,-0.368,0.155,0.566,-81.412,-30.115,-24.84,-0.316,0.087,0.858,-92.763,-16.435,-33.718,0.145,-0.392,0.784,-16.176,-0.855,4.282,derecha
1780983712.3966432,-0.784,-0.169,0.612,-3.473,-38.763,-3.748,-0.687,-0.307,0.578,3.847,-61.748,-0.282,-0.129,-0.594,0.827,-250.137,-137.076,-105.641,-0.208,-0.597,1.179,-250.137,-45.855,-98.206,0.224,-0.407,0.757,-25.954,-4.55,-0.038,derecha
1780983712.4941015,-0.855,-0.145,0.545,-3.74,-0.618,-2.908,-0.699,-0.317,0.591,-7.115,-13.58,-2.908,-0.308,-0.343,0.932,-3.29,-18.069,-3.397,-0.218,-0.395,1.03,-29.16,6.13,-9.58,0.196,-0.435,0.772,6.076,-0.656,0.061,derecha
1780983712.6006467,-0.825,-0.164,0.565,-0.672,1.985,-1.26,-0.673,-0.315,0.625,-6.809,0.847,-0.84,-0.301,-0.354,0.912,-2.252,-0.13,-0.023,-0.253,-0.403,0.947,0.832,4.458,-1.282,0.191,-0.427,0.755,-1.794,0.832,-0.366,derecha
1780983712.696244,-0.819,-0.162,0.577,-0.962,1.519,-0.405,-0.672,-0.313,0.62,-7.519,0.649,-0.305,-0.301,-0.351,0.908,-0.786,1.008,0.336,-0.248,-0.402,0.932,0.015,7.573,-0.519,0.188,-0.426,0.765,-1.344,2.733,0.145,derecha
1780983712.7961855,-0.824,-0.158,0.574,-0.649,2.321,-0.122,-0.672,-0.317,0.621,-7.092,-0.023,-0.168,-0.304,-0.357,0.903,-1.397,0.847,0.519,-0.258,-0.405,0.938,1.046,7.298,-0.176,0.187,-0.425,0.772,-0.305,2.527,-0.237,derecha
1780983712.8987236,-0.826,-0.163,0.561,-0.992,1.924,-0.824,-0.675,-0.312,0.613,-6.771,0.061,-0.382,-0.302,-0.359,0.905,-0.878,1.153,0.588,-0.252,-0.406,0.942,1.115,6.794,-0.366,0.179,-0.425,0.771,-1.076,1.786,-0.366,derecha
1780983715.6907115,-0.836,-0.164,0.564,-0.649,0.542,-0.069,-0.676,-0.318,0.619,-5.863,-1.008,-0.664,-0.313,-0.362,0.913,-0.45,-5.489,-0.893,-0.241,-0.416,0.939,2.031,6.092,-0.802,0.188,-0.425,0.771,-0.42,3.458,0.435,derecha
1780983715.7965772,-0.831,-0.16,0.575,-0.603,1.695,0.122,-0.669,-0.312,0.612,-6.489,0.275,-0.038,-0.304,-0.363,0.904,-1.115,0.145,0.618,-0.258,-0.415,0.937,1.511,6.992,0.397,0.19,-0.417,0.763,-0.137,3.267,0.214,derecha
1780983715.8860264,-0.829,-0.161,0.559,-0.817,1.908,-1.176,-0.677,-0.318,0.611,-6.885,0.038,-0.969,-0.311,-0.362,0.896,-0.252,0.458,-0.229,-0.256,-0.419,0.926,1.42,5.809,-1.252,0.185,-0.426,0.766,-0.573,1.489,-0.084,derecha
1780983715.9891694,-0.825,-0.157,0.563,-0.718,1.313,-1.115,-0.667,-0.313,0.616,-6.779,0.198,-0.405,-0.306,-0.363,0.906,-0.458,0.069,0.26,-0.256,-0.421,0.93,1.702,6.634,-0.611,0.183,-0.427,0.766,-0.282,2.244,0.221,derecha
1780983716.0917208,-0.833,-0.16,0.558,-0.153,1.847,-0.328,-0.674,-0.313,0.616,-6.702,-0.069,-0.687,-0.303,-0.357,0.903,-0.053,-0.107,0.191,-0.251,-0.418,0.933,2.275,5.916,-0.466,0.189,-0.425,0.77,0.092,3.305,0.069,derecha
1780983716.2005858,-0.832,-0.164,0.569,-0.481,0.733,0.45,-0.674,-0.32,0.613,-5.588,-0.542,0.71,-0.302,-0.387,0.847,5.214,17.076,2.481,-0.264,-0.448,0.983,3.45,11.687,6.84,0.158,-0.427,0.778,1.382,5.183,-1.511,derecha
1780983716.2977693,-0.81,-0.145,0.566,5.084,7.733,2.763,-0.742,-0.313,0.557,1.267,108.534,13.786,-0.27,-0.028,0.455,137.527,83.863,25.313,-0.234,-0.046,0.563,133.298,54.992,31.145,0.126,-0.381,0.782,16.733,25.443,3.519,derecha
1780983716.40848,-1.177,0.047,0.863,-9.069,34.649,1.397,-0.649,-0.161,0.406,3.466,26.397,17.771,-0.419,0.1,0.755,38.992,24.084,15.885,-0.311,0.091,0.919,50.832,13.954,14.656,0.178,-0.391,0.775,6.382,0.16,0.519,derecha
1780983716.504231,-0.949,-0.191,0.66,18.679,4.718,3.565,-0.868,-0.259,0.579,6.313,-0.481,7.695,-0.438,0.093,0.833,14.13,-0.229,2.115,-0.359,0.137,0.841,23.252,12.031,6.466,-0.016,-0.315,0.789,-6.061,-6.733,-7.74,derecha
1780983716.6192062,-0.796,-0.054,0.486,22.321,5.023,7.008,-0.766,-0.193,0.504,-0.878,-2.29,3.412,-0.527,0.089,0.92,7.947,2.198,3.252,-0.361,0.148,0.948,9.74,7.481,2.099,0.166,-0.37,0.786,-2.344,1.878,-1.718,derecha
1780983716.7099483,-0.838,-0.072,0.549,-8.489,9.046,-8.405,-0.79,-0.197,0.539,-12.038,10.527,-7.84,-0.513,0.07,0.929,-6.015,4.863,-5.382,-0.387,0.132,0.948,-5.389,9.084,-6.855,0.173,-0.39,0.782,-6.176,5.458,1.26,derecha
1780983716.8129551,-0.824,-0.085,0.536,-14.656,1.153,-20.595,-0.749,-0.187,0.467,-26.061,-23.183,-31.443,-0.434,0.123,0.655,-62.824,-19.71,-28.122,-0.353,0.095,0.789,-98.817,-15.557,-33.221,0.167,-0.397,0.783,-12.901,0.916,2.725,derecha
1780983716.919421,-0.86,-0.168,0.568,-8.183,-42.748,-13.939,-1.658,-0.802,1.38,-8.336,-169.992,-24.435,-0.197,-0.424,0.838,-250.137,-110.427,-99.977,-0.129,-0.49,1.017,-250.137,-35.504,-98.038,0.211,-0.441,0.777,-13.046,-6.122,-1.183,derecha
1780983717.0197892,-0.823,-0.151,0.551,2.947,1.336,-1.611,-0.68,-0.316,0.599,-6.794,-2.626,-1.58,-0.318,-0.356,0.896,-6.84,-8.779,-2.519,-0.255,-0.411,0.949,-0.435,2.42,-1.145,0.184,-0.429,0.765,-0.168,1.756,0.153,derecha
1780983717.1294007,-0.822,-0.153,0.571,-0.115,1.702,-1.519,-0.677,-0.315,0.612,-6.802,0.924,-0.267,-0.317,-0.359,0.903,-1.26,-0.947,-0.229,-0.265,-0.412,0.934,0.656,5.046,-0.061,0.186,-0.432,0.764,-0.855,3.824,-0.092,derecha
1780983717.232973,-0.824,-0.151,0.569,-1.229,0.901,-1.061,-0.679,-0.312,0.601,-6.916,0.053,-0.374,-0.319,-0.355,0.897,-0.344,-0.878,-0.061,-0.263,-0.412,0.939,0.931,6.359,-0.282,0.181,-0.43,0.772,-0.214,3.061,0.206,derecha
1780983717.3281097,-0.821,-0.158,0.575,-1.076,1.237,-0.771,-0.675,-0.315,0.608,-7.099,-0.069,-0.435,-0.317,-0.361,0.898,-1.336,0.023,-1.008,-0.263,-0.414,0.938,1.366,6.718,-0.42,0.182,-0.425,0.761,-0.87,1.023,0.053,derecha
1780983717.43143,-0.822,-0.156,0.573,-0.786,1.695,-0.214,-0.677,-0.317,0.605,-7.336,0.679,0.282,-0.317,-0.361,0.899,-0.557,-0.534,0.382,-0.255,-0.41,0.931,1.16,6.71,0.13,0.185,-0.429,0.767,-0.031,3.382,-0.099,derecha
1780983717.5379124,-0.823,-0.154,0.578,-1.359,1.84,-1.046,-0.679,-0.312,0.605,-7.237,0.42,-0.45,-0.32,-0.358,0.899,-0.481,-0.885,-0.634,-0.266,-0.415,0.938,1.237,5.931,-0.603,0.18,-0.431,0.764,-0.641,2.206,0.13,derecha
1780983720.3231177,-0.816,-0.154,0.578,-0.534,0.87,-1.107,-0.678,-0.316,0.604,-6.779,0.061,-0.687,-0.316,-0.364,0.895,-0.702,-0.046,-0.298,-0.264,-0.422,0.932,1.885,7.038,-0.771,0.175,-0.425,0.767,-0.527,2.244,0.122,derecha
1780983720.4251392,-0.821,-0.156,0.574,-0.473,2.382,-0.435,-0.675,-0.313,0.608,-6.603,0.947,-0.107,-0.313,-0.364,0.9,0.115,-0.687,0.351,-0.261,-0.421,0.929,1.466,6.695,-0.435,0.175,-0.424,0.767,0.611,2.977,-0.053,derecha
1780983720.5268395,-0.819,-0.157,0.577,-0.809,0.855,-1.153,-0.68,-0.317,0.612,-6.45,-0.008,-0.542,-0.322,-0.366,0.898,-0.26,-0.168,0.237,-0.259,-0.418,0.934,1.519,7.191,-0.779,0.183,-0.424,0.769,-0.573,2.252,0.244,derecha
1780983720.624008,-0.82,-0.152,0.578,-0.779,1.496,-0.336,-0.675,-0.318,0.612,-6.794,0.58,-0.359,-0.318,-0.365,0.896,-0.336,0.649,-0.038,-0.258,-0.419,0.927,1.519,7.26,-0.55,0.179,-0.424,0.759,-0.626,2.29,0.107,derecha
1780983720.7344782,-0.828,-0.155,0.579,-0.931,1.504,-0.588,-0.673,-0.311,0.619,-6.351,0.275,-0.099,-0.316,-0.371,0.908,1.031,2.855,0.298,-0.263,-0.423,0.95,2.015,7.641,0.397,0.174,-0.424,0.762,0.809,4.092,0.046,derecha
1780983720.8381336,-0.798,-0.164,0.594,2.145,-1.573,1.733,-0.669,-0.32,0.629,-9.725,27.725,3.031,-0.139,-0.342,0.82,199.939,64.084,62.87,-0.14,-0.257,0.766,192.725,39.405,63.13,0.179,-0.421,0.777,25.542,26.939,4.84,derecha
1780983720.9430459,-0.836,-0.153,0.56,9.702,24.305,10.519,-0.768,-0.304,0.555,4.557,48.84,25.687,-0.436,0.015,0.793,73.084,39.168,14.924,-0.292,0.078,0.788,76.733,26.214,23.076,0.156,-0.383,0.775,6.0,4.725,-2.16,derecha
1780983721.046174,-0.83,-0.124,0.541,-3.473,15.214,0.939,-0.851,-0.235,0.441,-2.13,3.901,5.817,-0.527,0.054,0.879,10.519,12.908,2.405,-0.352,0.08,1.003,16.916,21.0,4.26,0.154,-0.386,0.786,-3.252,0.626,-0.603,derecha
1780983721.1450722,-0.845,-0.123,0.524,-3.183,1.336,-2.015,-0.793,-0.228,0.465,-9.534,-7.42,-4.496,-0.497,0.062,0.914,-9.618,-3.351,1.672,-0.367,0.098,1.014,-1.244,4.786,-2.939,0.163,-0.396,0.79,-3.702,2.26,0.649,derecha
1780983721.2425852,-0.848,-0.131,0.524,-3.908,-2.916,-4.779,-0.755,-0.229,0.477,-15.214,-13.84,-16.115,-0.466,0.116,0.672,-43.115,-18.046,-12.344,-0.324,0.17,0.7,-65.305,-8.817,-21.412,0.152,-0.399,0.781,-8.916,-2.298,2.313,derecha
1780983721.3569946,-0.833,-0.147,0.55,-9.962,-31.298,-5.458,-0.757,-0.296,0.47,-2.939,-106.779,-3.42,-0.168,-0.637,1.116,-250.137,-100.908,-97.611,-0.327,-0.613,1.226,-250.137,-40.672,-92.344,0.206,-0.452,0.787,-12.313,-2.504,-1.046,derecha
1780983721.4511814,-0.833,-0.152,0.563,-5.473,-2.076,-3.122,-0.684,-0.312,0.605,-6.977,-0.374,-0.641,-0.329,-0.357,0.895,-8.092,-7.481,-1.038,-0.26,-0.424,0.952,-2.374,10.725,-0.626,0.179,-0.436,0.763,3.687,5.779,-0.099,derecha
1780983721.5513153,-0.825,-0.155,0.573,-0.733,1.733,-1.397,-0.676,-0.311,0.61,-6.573,0.42,-0.756,-0.321,-0.353,0.905,-2.359,-0.771,-0.74,-0.27,-0.416,0.933,0.275,5.58,-0.947,0.18,-0.432,0.763,-0.405,3.74,0.046,derecha
1780983721.6546018,-0.823,-0.158,0.578,-0.603,1.244,-0.954,-0.677,-0.31,0.607,-6.817,0.412,-0.519,-0.322,-0.358,0.896,-0.511,0.55,0.351,-0.272,-0.416,0.926,1.0,6.794,-0.878,0.182,-0.428,0.765,-0.992,2.038,-0.099,derecha
1780983721.7582464,-0.823,-0.157,0.565,-0.71,1.092,-0.237,-0.675,-0.314,0.615,-6.618,0.618,0.008,-0.327,-0.357,0.89,-0.366,0.298,0.595,-0.272,-0.417,0.925,1.229,7.519,0.046,0.183,-0.435,0.764,-0.099,3.115,-0.015,derecha
1780983721.8647919,-0.824,-0.157,0.573,-0.893,1.702,-0.542,-0.677,-0.312,0.61,-6.947,0.137,-1.16,-0.324,-0.361,0.893,-0.969,-0.718,-0.344,-0.274,-0.417,0.923,1.176,6.855,-0.855,0.189,-0.436,0.765,-0.916,1.779,-0.008,derecha
1780983721.9630702,-0.828,-0.156,0.569,-0.809,0.908,-0.672,-0.68,-0.313,0.609,-6.664,-0.206,-0.443,-0.321,-0.362,0.899,-0.641,-0.702,-0.115,-0.271,-0.42,0.925,1.153,6.542,-0.496,0.188,-0.427,0.76,-0.382,2.176,0.061,derecha
1780983722.070345,-0.821,-0.16,0.572,-1.031,2.29,-0.244,-0.674,-0.316,0.6,-7.107,0.313,-0.198,-0.332,-0.359,0.892,-0.206,0.183,0.351,-0.274,-0.418,0.921,1.573,6.496,-0.992,0.189,-0.428,0.763,-0.817,1.74,-0.16,derecha
1780983722.1737652,-0.827,-0.16,0.567,-1.069,1.099,-1.496,-0.674,-0.314,0.616,-6.962,-0.099,-0.344,-0.328,-0.357,0.895,-0.748,0.0,-0.107,-0.266,-0.42,0.927,1.061,6.649,-0.725,0.185,-0.431,0.767,-0.588,1.84,0.122,derecha
1780983724.956495,-0.822,-0.155,0.572,-1.206,1.031,-1.214,-0.676,-0.318,0.61,-6.771,0.298,-0.504,-0.326,-0.368,0.896,-0.092,-0.359,0.366,-0.267,-0.427,0.927,1.427,7.443,-0.748,0.183,-0.43,0.765,-0.389,2.885,-0.183,derecha
1780983725.0606184,-0.821,-0.152,0.575,-0.939,1.237,-0.817,-0.678,-0.314,0.61,-6.863,0.115,-0.641,-0.324,-0.366,0.897,0.0,0.344,0.176,-0.275,-0.427,0.919,1.939,6.985,-0.733,0.176,-0.421,0.77,-0.321,2.626,-0.183,derecha
1780983725.161123,-0.822,-0.158,0.572,-0.817,0.901,-1.519,-0.677,-0.315,0.605,-7.153,0.237,-0.679,-0.326,-0.364,0.891,-0.336,0.336,-0.176,-0.272,-0.423,0.92,1.504,6.756,-0.878,0.177,-0.424,0.767,-0.725,2.29,0.069,derecha
1780983725.2754316,-0.825,-0.161,0.574,-0.305,2.099,-0.099,-0.676,-0.312,0.607,-6.824,0.305,-0.122,-0.321,-0.364,0.896,-0.374,-0.092,0.702,-0.271,-0.427,0.929,1.695,7.45,-0.16,0.181,-0.428,0.758,-0.565,2.916,0.038,derecha
1780983725.3625674,-0.823,-0.156,0.569,-1.115,1.122,-1.435,-0.675,-0.315,0.611,-6.855,0.206,-0.618,-0.325,-0.363,0.894,-0.336,-0.099,0.298,-0.274,-0.427,0.921,1.87,6.496,-1.076,0.182,-0.433,0.765,-0.863,1.718,-0.328,derecha
1780983725.4655,-0.825,-0.161,0.573,-0.55,0.962,-0.534,-0.68,-0.311,0.606,-7.038,0.191,-0.779,-0.321,-0.359,0.898,-0.382,0.824,0.496,-0.269,-0.43,0.932,1.802,7.305,-0.924,0.181,-0.432,0.771,-0.405,1.244,0.183,derecha
1780983725.5719566,-0.824,-0.159,0.569,-0.74,1.397,0.382,-0.659,-0.316,0.641,-6.252,12.885,1.328,-0.336,-0.377,1.13,21.237,10.832,9.511,-0.52,-0.479,1.244,68.328,2.206,13.863,0.158,-0.413,0.764,6.053,6.099,1.832,derecha
1780983725.6713262,-0.813,-0.157,0.577,0.885,21.824,5.809,-0.992,-0.427,0.658,-17.351,102.817,17.458,-0.292,-0.089,0.608,186.763,101.42,24.069,-0.208,-0.132,0.722,204.855,44.55,45.298,0.171,-0.424,0.797,29.412,25.298,6.947,derecha
1780983725.7867353,-0.839,-0.133,0.56,-1.443,15.87,2.542,-0.718,-0.27,0.509,2.183,41.588,11.649,-0.467,0.068,0.831,30.382,26.168,6.908,-0.339,0.059,0.917,44.198,35.84,10.298,0.134,-0.387,0.795,8.42,8.718,0.435,derecha
1780983725.8776116,-0.857,-0.13,0.527,-2.412,4.733,-0.916,-0.764,-0.219,0.431,-5.939,3.527,2.847,-0.474,0.079,0.828,0.359,4.015,2.817,-0.37,0.111,0.916,4.023,3.282,0.328,0.246,-0.372,0.75,4.328,6.084,0.206,derecha
1780983725.9805405,-0.854,-0.138,0.509,-2.092,-0.206,-2.504,-0.79,-0.223,0.423,-9.45,-10.015,-10.718,-0.468,0.086,0.844,-16.252,-5.443,-6.634,-0.351,0.107,0.964,-16.641,1.275,-6.557,0.147,-0.386,0.785,-7.817,2.618,0.702,derecha
1780983726.0927143,-0.853,-0.146,0.511,-4.031,-12.71,-4.023,-0.705,-0.224,0.372,-24.595,-47.008,-38.176,-0.374,0.106,0.44,-125.183,-45.267,-35.527,-0.232,0.105,0.465,-168.328,3.511,-36.656,0.144,-0.394,0.77,-16.603,-18.542,-0.397,derecha
1780983726.1922746,-0.846,-0.189,0.559,-5.16,-5.916,-6.824,-0.603,-0.268,1.283,-8.305,-48.504,-6.832,-0.302,-0.249,1.438,22.702,38.771,-33.107,-0.36,-0.112,-0.001,59.244,116.198,-5.817,0.227,-0.587,0.937,41.695,37.282,5.023,derecha
1780983726.2892354,-0.818,-0.164,0.563,2.641,7.435,0.084,-0.675,-0.324,0.605,-7.351,5.55,0.641,-0.33,-0.361,0.892,-0.595,-1.206,-0.099,-0.273,-0.418,0.925,-0.603,5.519,-0.947,0.195,-0.428,0.777,-7.244,4.069,-1.939,derecha
1780983726.3985803,-0.83,-0.163,0.547,-0.901,2.412,-0.282,-0.681,-0.321,0.601,-7.267,-0.046,-0.344,-0.323,-0.371,0.896,-0.588,0.008,0.069,-0.264,-0.419,0.927,1.588,6.679,-0.076,0.187,-0.424,0.766,-1.198,2.412,-1.237,derecha
1780983726.4990299,-0.827,-0.169,0.556,-1.229,1.122,-0.908,-0.676,-0.319,0.598,-7.344,0.038,-0.366,-0.316,-0.37,0.898,-0.901,-0.756,-0.069,-0.267,-0.426,0.927,1.359,7.45,-0.107,0.185,-0.424,0.761,-1.084,2.511,-0.206,derecha
1780983726.6004767,-0.828,-0.165,0.566,-0.015,0.878,0.656,-0.679,-0.317,0.609,-6.779,0.397,-0.198,-0.318,-0.37,0.892,-1.038,0.87,0.328,-0.266,-0.423,0.928,1.061,7.931,0.458,0.183,-0.426,0.771,-0.359,3.618,-0.191,derecha
1780983726.7086647,-0.83,-0.168,0.556,-1.13,1.595,-0.771,-0.681,-0.318,0.597,-6.824,0.206,-0.443,-0.32,-0.374,0.899,-0.603,-0.771,-0.679,-0.269,-0.418,0.911,1.336,6.725,-0.901,0.185,-0.42,0.766,-1.031,2.015,0.099,derecha
1780983726.8047283,-0.83,-0.164,0.562,-1.176,1.153,-1.229,-0.679,-0.32,0.607,-7.153,-0.092,-0.366,-0.32,-0.371,0.892,-0.519,0.122,0.282,-0.269,-0.424,0.933,1.359,6.603,-0.473,0.187,-0.431,0.771,-1.328,1.504,-0.023,derecha
1780983729.4836059,-0.826,-0.165,0.557,-1.0,1.527,-0.969,-0.675,-0.32,0.603,-6.985,0.153,-0.84,-0.323,-0.374,0.892,-0.206,-0.656,-0.336,-0.262,-0.432,0.918,1.641,6.702,-0.969,0.183,-0.425,0.769,-1.115,1.695,0.099,derecha
1780983729.589381,-0.826,-0.168,0.56,-0.481,0.779,-0.595,-0.679,-0.319,0.606,-6.672,0.366,-0.542,-0.317,-0.374,0.898,-0.458,0.176,-0.611,-0.26,-0.428,0.929,1.618,6.779,-0.863,0.187,-0.425,0.759,-0.863,1.969,0.26,derecha
1780983729.6889105,-0.829,-0.159,0.565,-0.992,1.824,-1.008,-0.675,-0.323,0.598,-7.252,0.626,-0.26,-0.321,-0.376,0.898,-0.008,0.427,0.038,-0.266,-0.428,0.924,1.87,7.458,0.107,0.184,-0.427,0.768,-0.183,2.641,-0.084,derecha
1780983729.791983,-0.826,-0.162,0.564,-0.74,1.489,-1.313,-0.677,-0.32,0.599,-7.122,-0.191,-0.702,-0.317,-0.376,0.891,-0.504,-0.603,-0.794,-0.257,-0.433,0.922,1.26,6.748,-0.588,0.188,-0.427,0.759,-0.679,2.008,0.153,derecha
1780983729.8947196,-0.824,-0.166,0.565,-0.878,1.244,-0.947,-0.675,-0.32,0.606,-6.725,0.374,-0.229,-0.316,-0.375,0.897,-0.321,0.595,0.26,-0.257,-0.431,0.927,1.702,6.916,0.382,0.184,-0.425,0.771,-0.122,3.45,-0.298,derecha
1780983729.9979377,-0.83,-0.163,0.553,-1.084,1.137,-0.939,-0.683,-0.321,0.603,-6.84,0.038,-0.588,-0.319,-0.373,0.896,-0.008,-1.145,-0.328,-0.243,-0.424,0.909,2.473,6.656,0.359,0.188,-0.421,0.766,-0.397,2.176,0.015,derecha
1780983730.1108081,-0.831,-0.168,0.562,-0.267,0.527,1.412,-0.673,-0.317,0.608,-5.878,2.092,1.221,-0.346,-0.424,1.068,18.427,18.282,6.206,-0.103,-0.552,1.396,32.649,6.588,48.145,0.156,-0.411,0.785,0.931,1.847,1.74,derecha
1780983730.2052228,-0.831,-0.157,0.561,2.389,6.908,1.725,-0.718,-0.336,0.591,-0.779,67.969,8.74,-0.353,-0.205,0.941,124.351,66.069,21.901,-0.388,-0.246,0.986,148.702,22.198,34.328,0.154,-0.406,0.777,13.916,8.275,-0.733,derecha
1780983730.3161018,-0.838,-0.143,0.549,3.58,8.779,3.71,-0.728,-0.259,0.515,7.313,39.809,19.824,-0.44,0.033,0.89,48.282,26.176,12.214,-0.303,0.086,0.882,66.191,17.924,17.359,0.164,-0.398,0.781,5.374,7.282,-0.71,derecha
1780983730.4103482,-0.856,-0.15,0.523,-1.435,21.427,0.626,-0.783,-0.218,0.44,5.756,13.153,15.29,-0.518,0.077,0.834,17.641,9.458,4.229,-0.405,0.096,1.011,29.076,15.031,12.382,0.152,-0.396,0.796,-3.015,4.496,1.061,derecha
1780983730.5249197,-0.861,-0.107,0.508,13.305,2.206,13.092,-0.789,-0.179,0.413,1.435,-2.695,9.84,-0.485,0.122,0.789,7.565,-3.809,6.382,-0.333,0.188,0.853,5.618,1.412,2.802,0.165,-0.361,0.75,-1.008,-4.702,-2.107,derecha
1780983730.6281042,-0.942,-0.129,0.561,-6.878,9.817,-10.466,-0.89,-0.234,0.475,-11.427,-1.183,-11.168,-0.569,0.101,0.802,-19.244,-2.863,-8.389,-0.406,0.147,0.828,-27.939,-4.458,-10.817,0.15,-0.39,0.776,-5.916,-2.664,1.672,derecha
1780983730.7187686,-0.901,-0.208,0.604,-12.58,-35.573,-14.115,-0.941,-0.338,0.519,-28.885,-61.908,-44.916,-0.529,-0.081,0.729,-121.458,-51.435,-31.649,-0.357,-0.201,0.961,-170.985,-23.122,-49.015,0.172,-0.44,0.776,-11.366,-23.832,-4.939,derecha
1780983730.8217726,-0.838,-0.144,0.548,-2.908,-4.031,-4.397,-0.568,-0.408,0.888,-1.122,-12.336,-1.13,0.329,-0.266,0.572,23.45,-29.916,5.359,-0.205,-0.524,1.274,22.374,21.718,15.298,0.18,-0.433,0.805,9.718,2.779,1.328,derecha
1780983730.9341247,-0.831,-0.168,0.568,-0.053,6.351,0.321,-0.678,-0.321,0.602,-6.885,3.198,0.16,-0.327,-0.362,0.891,-2.74,-3.053,-0.015,-0.271,-0.412,0.938,0.038,0.649,-1.008,0.177,-0.428,0.766,-2.137,2.489,-0.298,derecha
1780983731.0272503,-0.824,-0.166,0.564,-0.885,1.237,-0.649,-0.68,-0.321,0.602,-7.053,0.489,-0.038,-0.318,-0.366,0.898,-0.649,0.634,0.916,-0.273,-0.414,0.925,0.748,6.947,-0.481,0.178,-0.417,0.772,0.107,3.748,-0.046,derecha
1780983731.1349185,-0.827,-0.159,0.562,-1.176,1.13,-0.763,-0.678,-0.317,0.602,-6.908,-0.092,-0.885,-0.322,-0.368,0.897,-1.107,-0.351,0.122,-0.272,-0.416,0.925,1.076,6.672,-0.885,0.176,-0.424,0.778,-0.244,2.107,0.084,derecha
1780983731.2345939,-0.826,-0.162,0.568,-1.076,1.328,-0.13,-0.677,-0.319,0.605,-6.702,0.412,-0.534,-0.32,-0.363,0.894,-0.687,-0.702,0.008,-0.273,-0.421,0.922,1.267,6.397,-0.496,0.187,-0.427,0.768,-0.802,1.809,-0.053,derecha
1780983731.34287,-0.828,-0.162,0.562,-0.298,1.977,-0.061,-0.674,-0.319,0.61,-6.985,0.641,0.229,-0.322,-0.367,0.903,-0.519,1.023,1.053,-0.269,-0.422,0.933,0.824,7.382,0.023,0.185,-0.419,0.763,-0.122,3.45,-0.153,derecha
1780983731.4399323,-0.824,-0.162,0.563,-1.305,1.366,-1.771,-0.677,-0.318,0.61,-6.656,0.183,-0.885,-0.323,-0.363,0.896,-0.71,-0.649,-0.435,-0.272,-0.423,0.927,1.16,6.534,-1.122,0.178,-0.425,0.762,-0.557,2.038,-0.023,derecha
1780983734.1266055,-0.829,-0.161,0.565,-0.267,1.74,0.702,-0.679,-0.317,0.605,-6.863,0.221,-0.557,-0.323,-0.375,0.896,-0.16,-0.023,0.466,-0.265,-0.427,0.922,1.71,7.137,-0.137,0.181,-0.428,0.767,-0.267,2.969,-0.046,derecha
1780983734.2215607,-0.823,-0.161,0.566,-1.069,0.985,-0.87,-0.675,-0.317,0.605,-6.863,0.351,-0.466,-0.319,-0.371,0.894,-0.389,-0.351,0.313,-0.265,-0.43,0.926,1.237,6.435,-0.481,0.18,-0.428,0.762,-0.985,1.863,0.122,derecha
1780983734.3243256,-0.821,-0.161,0.564,-0.733,1.71,-0.511,-0.674,-0.32,0.605,-6.504,0.168,0.153,-0.319,-0.367,0.893,-0.405,0.771,0.725,-0.262,-0.43,0.923,1.626,6.718,-0.023,0.181,-0.418,0.762,-0.397,2.71,-0.275,derecha
1780983734.4277682,-0.827,-0.16,0.562,-1.214,1.275,-1.092,-0.68,-0.321,0.61,-6.557,0.252,-0.695,-0.32,-0.369,0.887,0.0,-0.802,-0.366,-0.265,-0.427,0.928,1.885,6.527,-0.305,0.177,-0.43,0.765,-0.664,1.611,0.092,derecha
1780983734.5397573,-0.823,-0.162,0.566,-0.718,0.87,-0.962,-0.678,-0.317,0.606,-7.069,0.023,-0.466,-0.318,-0.374,0.898,0.061,-0.237,0.198,-0.267,-0.429,0.922,1.489,6.473,-0.947,0.177,-0.424,0.766,-1.405,1.947,-0.084,derecha
1780983734.6432993,-0.828,-0.161,0.569,-0.634,2.031,-0.351,-0.676,-0.32,0.605,-7.046,0.504,-0.092,-0.318,-0.371,0.887,-0.321,0.412,0.076,-0.263,-0.426,0.923,1.702,7.076,-0.321,0.178,-0.426,0.76,-0.656,2.786,0.015,derecha
1780983734.7428198,-0.824,-0.161,0.572,-0.885,1.099,-1.061,-0.675,-0.323,0.608,-6.84,-0.191,-0.534,-0.32,-0.373,0.897,-0.214,-0.756,-0.382,-0.265,-0.43,0.926,1.748,7.076,-0.412,0.185,-0.422,0.769,-0.466,2.153,-0.229,derecha
1780983734.839079,-0.823,-0.162,0.572,-0.832,0.756,-0.893,-0.679,-0.319,0.609,-7.122,0.145,-0.298,-0.315,-0.371,0.892,-0.145,-0.344,0.015,-0.261,-0.428,0.926,1.489,7.489,-0.366,0.179,-0.425,0.769,-0.031,3.183,-0.076,derecha
1780983734.9467022,-0.826,-0.164,0.564,-1.153,1.443,-1.443,-0.681,-0.32,0.6,-6.901,0.42,-0.45,-0.321,-0.369,0.894,-0.267,-0.053,-0.412,-0.267,-0.428,0.928,1.473,6.779,-0.771,0.177,-0.426,0.773,-0.168,2.901,-0.282,derecha
1780983735.045262,-0.824,-0.163,0.562,-0.053,1.366,-0.786,-0.676,-0.321,0.613,-6.893,0.298,-0.26,-0.319,-0.371,0.889,-0.389,-0.534,-0.527,-0.26,-0.428,0.925,1.985,7.092,-0.779,0.175,-0.427,0.765,-0.74,1.511,-0.038,derecha
1780983735.1617007,-0.827,-0.162,0.563,-0.786,2.229,-0.092,-0.678,-0.321,0.6,-7.015,1.221,0.305,-0.319,-0.371,0.9,0.573,3.321,1.489,-0.27,-0.439,0.933,2.336,9.252,0.321,0.187,-0.428,0.772,-0.542,2.038,-0.374,derecha
1780983735.2578907,-0.811,-0.154,0.575,0.137,-1.55,0.282,-0.672,-0.324,0.633,-7.756,-15.519,-0.29,-0.52,-0.511,1.373,66.878,24.336,18.176,-0.351,-0.541,1.157,57.771,20.992,33.412,0.196,-0.438,0.768,7.031,5.511,1.519,derecha
1780983735.354251,-0.815,-0.163,0.579,2.641,5.985,2.023,-0.714,-0.325,0.596,-5.313,48.779,2.29,-0.382,-0.278,0.981,110.573,42.183,28.031,-0.303,-0.246,0.919,124.214,26.557,34.603,0.161,-0.406,0.769,9.115,12.771,1.244,derecha
1780983735.457516,-0.837,-0.136,0.552,3.221,10.328,5.237,-0.793,-0.315,0.56,3.198,27.0,17.458,-0.437,-0.075,0.964,60.466,28.0,10.198,-0.322,-0.093,1.033,97.183,-3.504,14.45,0.155,-0.406,0.782,5.718,6.076,-0.336,derecha
1780983735.5640755,-0.856,-0.146,0.546,-2.511,10.168,1.053,-0.773,-0.269,0.501,2.817,21.466,13.962,-0.477,0.017,0.897,28.534,15.794,6.557,-0.384,0.018,1.035,35.458,12.435,12.107,0.152,-0.387,0.785,0.45,1.313,-0.84,derecha
1780983735.6736703,-0.857,-0.145,0.531,-1.687,8.489,1.26,-0.752,-0.21,0.451,-2.908,7.252,7.053,-0.464,0.092,0.832,8.267,2.573,1.656,-0.339,0.09,0.989,10.496,6.557,4.16,0.156,-0.394,0.777,-1.534,4.031,0.13,derecha
1780983735.7662404,-0.856,-0.128,0.505,2.13,0.0,4.901,-0.764,-0.184,0.431,-2.206,-3.405,5.221,-0.459,0.115,0.799,1.84,-4.901,3.008,-0.337,0.142,0.905,-2.321,2.977,-1.557,0.136,-0.367,0.761,-3.099,0.527,1.221,derecha
1780983735.8726108,-0.852,-0.127,0.479,-2.298,-0.885,-3.977,-0.78,-0.212,0.476,-10.725,-3.496,-4.244,-0.474,0.086,0.859,-11.45,-2.382,-5.397,-0.345,0.105,0.942,-14.183,6.168,-3.626,0.153,-0.392,0.786,-3.305,5.466,1.595,derecha
1780983735.9772756,-0.87,-0.13,0.516,-2.183,-31.87,-10.244,-0.669,-0.22,0.469,-45.687,-80.954,-59.641,-0.425,0.019,0.425,-171.939,-61.573,-40.053,-0.294,-0.107,0.725,-213.679,-13.466,-58.969,0.156,-0.421,0.772,-23.389,-18.344,-3.015,derecha
1780983736.0750415,-0.58,-0.055,0.583,-21.649,-8.336,-14.275,-0.669,-0.307,0.332,-15.389,1.87,1.305,-0.229,-0.458,0.959,18.29,80.107,6.962,0.112,-0.244,0.531,-26.107,14.099,-9.611,0.176,-0.406,0.711,5.962,-7.046,-0.282,derecha
1780983738.7532306,-0.822,-0.168,0.565,-0.908,1.473,-0.55,-0.668,-0.323,0.615,-7.221,0.122,-0.305,-0.312,-0.376,0.897,-0.565,1.137,0.947,-0.267,-0.431,0.927,1.473,6.733,-0.046,0.183,-0.429,0.765,0.015,3.061,-0.374,derecha
1780983738.8561716,-0.825,-0.166,0.562,-1.313,1.458,-1.061,-0.673,-0.318,0.61,-6.863,0.405,-0.344,-0.312,-0.375,0.897,-0.191,-0.122,0.366,-0.271,-0.43,0.921,1.389,6.962,-0.443,0.187,-0.426,0.764,-0.168,3.244,0.046,derecha
1780983738.959043,-0.83,-0.165,0.566,-0.786,0.687,-1.13,-0.671,-0.324,0.612,-6.863,-0.038,-0.626,-0.31,-0.373,0.893,0.046,-0.702,0.458,-0.271,-0.428,0.921,1.885,7.183,0.176,0.186,-0.432,0.77,-0.626,1.725,-0.168,derecha
1780983739.062566,-0.825,-0.166,0.57,-1.015,1.458,-0.481,-0.672,-0.321,0.606,-6.321,0.74,0.618,-0.312,-0.379,0.884,1.45,5.977,1.603,-0.277,-0.428,0.928,2.435,9.076,0.84,0.19,-0.427,0.76,0.71,2.092,-0.13,derecha
1780983739.173568,-0.821,-0.158,0.563,-1.298,3.107,-0.992,-0.639,-0.335,0.662,-5.573,8.275,1.313,-0.378,-0.864,1.697,22.366,-16.298,0.832,-0.283,-0.499,1.132,37.008,11.359,13.924,0.178,-0.418,0.775,-1.267,4.58,0.832,derecha
1780983739.27591,-0.837,-0.161,0.559,-0.588,0.908,0.336,-0.685,-0.331,0.632,-8.412,39.595,2.084,-0.328,-0.288,0.944,121.939,45.374,33.473,-0.336,-0.284,0.974,126.344,19.206,41.427,0.167,-0.413,0.772,8.779,13.947,2.16,derecha
1780983739.3758435,-0.819,-0.15,0.571,6.924,24.206,10.916,-0.726,-0.292,0.51,4.885,47.42,25.527,-0.39,-0.002,0.788,75.924,39.099,32.069,-0.308,0.013,0.781,94.405,18.832,34.878,0.145,-0.39,0.773,12.496,9.275,-1.412,derecha
1780983739.4756136,-0.861,-0.148,0.513,-3.71,18.634,3.641,-0.794,-0.256,0.472,4.252,17.313,16.405,-0.532,0.044,0.858,34.466,15.87,8.191,-0.341,0.084,0.834,46.031,11.267,11.053,0.151,-0.377,0.778,-0.55,-1.321,-1.0,derecha
1780983739.5859365,-0.875,-0.148,0.518,-2.282,16.069,1.924,-0.788,-0.215,0.417,1.588,13.634,10.962,-0.499,0.118,0.76,12.229,3.817,0.534,-0.396,0.1,0.966,12.939,2.153,4.183,0.144,-0.388,0.773,-3.611,1.458,1.008,derecha
1780983739.6803179,-0.892,-0.14,0.506,1.687,5.191,1.847,-0.807,-0.22,0.452,-2.939,2.611,3.855,-0.51,0.116,0.808,0.779,-0.321,0.252,-0.374,0.126,0.945,-0.031,3.733,-1.794,0.156,-0.382,0.774,-3.16,0.817,0.061,derecha
1780983739.7931237,-0.865,-0.146,0.496,-1.794,-1.527,-1.878,-0.793,-0.221,0.451,-7.809,-3.718,-2.885,-0.472,0.105,0.807,-10.031,-3.748,-5.344,-0.335,0.149,0.898,-17.481,5.87,-5.305,0.163,-0.393,0.777,-5.908,4.672,1.748,derecha
1780983739.8861392,-0.877,-0.149,0.513,1.603,-43.206,-9.74,-0.724,-0.301,0.422,-56.618,-89.252,-80.397,-0.344,-0.109,0.4,-225.679,-54.015,-49.992,-0.296,-0.202,0.667,-250.137,-21.359,-64.443,0.145,-0.426,0.764,-24.977,-31.206,-7.473,derecha
1780983739.9927955,-0.725,-0.211,0.58,5.725,9.092,3.878,-0.652,-0.334,0.717,-7.351,15.321,1.87,-0.279,-0.349,0.887,8.443,16.702,1.076,-0.254,-0.346,0.779,-30.061,4.504,-14.489,0.184,-0.397,0.748,-7.092,-1.504,-1.351,derecha
1780983740.0922854,-0.829,-0.173,0.562,-1.29,0.168,-1.145,-0.678,-0.315,0.596,-7.366,-0.55,-0.908,-0.328,-0.366,0.89,-2.458,-0.023,-0.534,-0.277,-0.421,0.923,1.0,7.672,-1.13,0.185,-0.427,0.755,0.786,1.626,-0.489,derecha
1780983740.207871,-0.83,-0.165,0.558,-0.55,2.328,-0.153,-0.676,-0.321,0.607,-6.855,0.611,0.137,-0.323,-0.369,0.892,-0.931,0.641,0.718,-0.279,-0.422,0.927,-0.031,7.985,-0.435,0.181,-0.426,0.772,-0.527,3.237,-0.053,derecha
1780983740.298342,-0.831,-0.168,0.562,-1.244,1.718,-1.397,-0.679,-0.322,0.6,-7.069,0.221,-0.756,-0.322,-0.37,0.89,-0.969,-0.397,-0.618,-0.276,-0.423,0.927,1.458,4.908,-1.412,0.184,-0.427,0.762,-0.893,0.809,-0.084,derecha
1780983740.4044325,-0.831,-0.163,0.558,-0.679,1.229,-0.832,-0.673,-0.321,0.601,-6.908,0.397,-0.42,-0.329,-0.374,0.888,-0.641,-0.046,-0.366,-0.271,-0.427,0.927,1.176,6.389,-0.695,0.185,-0.426,0.761,-0.924,1.962,0.076,derecha
1780983740.5043745,-0.826,-0.166,0.562,-0.878,1.87,0.115,-0.673,-0.318,0.602,-7.389,0.618,-0.107,-0.325,-0.374,0.885,-0.794,0.168,0.328,-0.274,-0.423,0.926,1.221,6.695,-0.679,0.179,-0.426,0.76,-0.511,2.504,-0.099,derecha
1780983740.627279,-0.828,-0.165,0.559,-0.389,1.229,-0.756,-0.674,-0.325,0.606,-7.267,0.221,-0.359,-0.326,-0.375,0.889,-0.802,0.458,0.229,-0.279,-0.424,0.919,1.328,6.977,-1.206,0.191,-0.423,0.768,-0.672,1.565,0.053,derecha
1780983740.71465,-0.826,-0.165,0.562,-0.878,1.298,-1.191,-0.675,-0.32,0.615,-7.198,0.427,-0.183,-0.322,-0.374,0.897,-0.382,0.458,0.641,-0.272,-0.433,0.926,1.489,7.588,-0.267,0.176,-0.426,0.765,-0.344,3.122,-0.328,derecha
1780983743.3912065,-0.831,-0.166,0.558,-0.649,0.481,-1.267,-0.672,-0.32,0.611,-6.702,-0.42,-0.725,-0.319,-0.379,0.89,-0.237,-0.931,0.061,-0.267,-0.432,0.921,1.221,7.198,-0.771,0.185,-0.428,0.769,-0.863,2.504,0.534,derecha
1780983743.4916673,-0.832,-0.163,0.555,-0.626,2.069,1.023,-0.677,-0.323,0.613,-6.718,0.74,-0.107,-0.322,-0.379,0.885,-0.275,0.046,1.008,-0.266,-0.43,0.927,1.443,6.931,-0.466,0.189,-0.426,0.762,0.267,3.099,-0.069,derecha
1780983743.6049862,-0.827,-0.17,0.549,-1.145,1.992,-0.618,-0.681,-0.323,0.604,-6.634,0.053,-0.603,-0.328,-0.379,0.9,-0.267,-0.901,-0.244,-0.266,-0.427,0.926,1.756,5.832,-1.053,0.185,-0.426,0.766,-0.603,1.634,0.115,derecha
1780983743.7094295,-0.823,-0.165,0.565,-0.802,1.779,-1.183,-0.674,-0.317,0.608,-6.855,0.198,-0.389,-0.32,-0.383,0.891,-0.382,0.13,0.0,-0.267,-0.433,0.915,1.595,6.992,-0.718,0.19,-0.432,0.765,-0.718,2.046,-0.061,derecha
1780983743.8038838,-0.829,-0.167,0.558,-1.206,1.603,-1.145,-0.672,-0.324,0.604,-6.817,0.542,-0.244,-0.324,-0.376,0.895,-0.672,0.084,0.359,-0.266,-0.433,0.917,1.45,7.13,-0.244,0.188,-0.432,0.763,-0.008,2.931,-0.069,derecha
1780983743.9036164,-0.833,-0.172,0.553,-0.748,1.061,-1.427,-0.671,-0.317,0.608,-6.931,0.282,-0.924,-0.319,-0.376,0.887,-0.267,0.534,-0.046,-0.272,-0.428,0.919,1.504,6.557,-1.092,0.181,-0.424,0.765,-0.794,1.832,0.16,derecha
1780983744.0086002,-0.827,-0.167,0.56,-0.344,1.832,-0.145,-0.674,-0.329,0.608,-6.832,0.412,-0.176,-0.324,-0.384,0.89,-0.168,-0.382,0.855,-0.269,-0.43,0.92,2.031,7.061,0.076,0.186,-0.43,0.762,-0.176,2.939,-0.29,derecha
1780983744.1213515,-0.823,-0.165,0.564,-1.481,1.229,-0.824,-0.678,-0.325,0.611,-6.252,-0.489,0.427,-0.323,-0.38,0.91,0.985,1.847,0.511,-0.272,-0.427,0.93,2.504,7.771,0.443,0.182,-0.418,0.759,0.115,2.931,0.053,derecha
1780983744.2168233,-0.845,-0.151,0.536,-1.58,-8.252,-1.26,-0.705,-0.383,0.57,-8.183,23.198,2.916,-0.235,-0.327,1.045,181.939,43.519,64.145,-0.157,-0.436,0.928,214.427,26.74,69.382,0.179,-0.411,0.779,18.275,15.038,4.16,derecha
1780983744.3206463,-0.839,-0.16,0.557,2.656,23.588,9.939,-0.776,-0.259,0.463,6.344,45.87,30.214,-0.439,0.033,0.658,80.168,38.87,16.763,-0.364,-0.021,0.873,89.885,13.542,22.588,0.133,-0.388,0.79,9.153,6.435,-0.802,derecha
1780983744.41847,-0.852,-0.141,0.538,-3.069,13.366,0.084,-0.764,-0.223,0.449,2.718,16.42,15.153,-0.445,0.083,0.81,20.573,9.565,3.786,-0.376,0.078,0.953,28.672,11.718,6.832,0.156,-0.39,0.789,-2.313,1.756,-0.802,derecha
1780983744.5281281,-0.855,-0.138,0.521,-0.878,8.542,-1.298,-0.783,-0.197,0.403,4.328,2.351,9.038,-0.48,0.094,0.819,9.328,1.534,0.695,-0.394,0.077,1.071,16.702,11.641,5.595,0.16,-0.407,0.795,-2.702,1.336,0.84,derecha
1780983744.6248233,-0.863,-0.115,0.47,2.939,2.924,-0.649,-0.767,-0.182,0.428,-6.878,-3.557,-2.069,-0.483,0.086,0.886,-5.595,-4.794,-0.504,-0.365,0.106,1.049,-4.817,2.504,-3.573,0.155,-0.394,0.805,-2.382,3.466,0.679,derecha
1780983744.742766,-0.856,-0.137,0.507,-3.298,-5.634,-5.015,-0.782,-0.195,0.434,-15.0,-6.679,-12.008,-0.51,0.064,0.885,-21.947,-6.733,-8.359,-0.362,0.101,0.974,-25.282,-1.298,-8.053,0.149,-0.397,0.802,-6.076,0.275,2.053,derecha
1780983744.8417332,-0.875,-0.12,0.477,-0.595,-33.153,-10.137,-0.648,-0.194,0.362,-49.664,-86.473,-74.565,-0.316,-0.02,0.439,-199.427,-71.412,-50.13,-0.191,-0.115,0.581,-243.29,-32.176,-71.794,0.159,-0.416,0.767,-27.053,-26.656,-5.992,derecha
1780983744.9332929,-0.821,-0.181,0.567,-10.809,-10.84,-3.298,-0.601,-0.276,0.635,-10.908,6.397,-1.328,-0.64,-0.399,1.218,-4.45,6.16,3.061,-0.401,-0.447,0.824,10.924,20.718,2.374,0.224,-0.441,0.821,6.557,7.542,0.321,derecha
1780983745.036563,-0.84,-0.161,0.553,-1.931,-1.458,-2.13,-0.678,-0.322,0.607,-6.931,-0.901,-0.863,-0.315,-0.37,0.897,-2.672,-0.321,-0.71,-0.253,-0.417,0.942,0.351,8.695,-0.473,0.184,-0.421,0.763,0.84,1.008,0.366,derecha
1780983745.144939,-0.833,-0.173,0.559,-0.122,3.511,0.137,-0.678,-0.321,0.597,-7.221,0.863,0.198,-0.32,-0.374,0.896,-0.931,0.359,1.023,-0.263,-0.424,0.931,0.786,6.282,0.695,0.182,-0.427,0.767,-0.45,3.366,-0.267,derecha
1780983745.2513554,-0.826,-0.162,0.559,-0.893,1.878,-1.282,-0.681,-0.321,0.609,-7.344,0.366,-0.412,-0.322,-0.372,0.901,-1.107,0.794,0.328,-0.263,-0.414,0.93,1.107,6.405,-0.893,0.18,-0.431,0.769,-0.718,1.695,0.038,derecha
1780983745.3574028,-0.831,-0.167,0.558,-0.679,1.962,-0.153,-0.677,-0.324,0.602,-7.099,0.145,-0.42,-0.322,-0.372,0.897,-0.45,-0.115,-0.244,-0.262,-0.42,0.928,1.573,6.42,-0.42,0.181,-0.423,0.768,-1.328,1.374,0.069,derecha
1780983748.0233955,-0.827,-0.159,0.559,-1.458,2.031,-1.679,-0.679,-0.324,0.605,-6.992,0.198,-0.282,-0.319,-0.377,0.905,-0.214,-0.206,0.458,-0.26,-0.425,0.923,1.405,6.794,-0.298,0.181,-0.425,0.761,-0.733,2.313,-0.053,derecha
1780983748.135529,-0.829,-0.165,0.559,-0.183,1.046,-0.977,-0.679,-0.321,0.602,-6.718,-0.015,-0.908,-0.313,-0.375,0.895,-0.321,-0.221,-0.092,-0.258,-0.425,0.924,1.901,6.702,-0.649,0.182,-0.424,0.77,-0.702,1.672,0.168,derecha
1780983748.2405882,-0.826,-0.167,0.559,-1.076,1.74,-0.511,-0.673,-0.321,0.611,-6.878,0.74,0.076,-0.318,-0.381,0.903,-0.511,0.252,1.237,-0.257,-0.431,0.932,1.656,7.382,0.366,0.182,-0.421,0.757,-0.099,3.687,-0.305,derecha
1780983748.3329194,-0.827,-0.165,0.559,-0.695,1.794,-0.435,-0.671,-0.315,0.601,-7.069,0.557,-0.84,-0.318,-0.38,0.897,-0.359,-0.511,0.45,-0.255,-0.428,0.928,1.336,6.412,-0.267,0.177,-0.423,0.763,-0.557,2.16,0.115,derecha
1780983748.436299,-0.826,-0.164,0.564,-0.656,1.641,-0.26,-0.68,-0.324,0.61,-7.16,0.206,-0.473,-0.315,-0.379,0.895,-0.214,-0.45,0.267,-0.261,-0.428,0.932,1.58,6.588,-0.611,0.175,-0.426,0.763,-1.359,1.168,0.214,derecha
1780983748.5426078,-0.831,-0.165,0.559,-1.145,2.458,-0.359,-0.676,-0.313,0.606,-6.908,0.489,-0.015,-0.313,-0.376,0.897,-0.076,0.573,0.817,-0.256,-0.427,0.927,2.214,7.443,0.824,0.187,-0.424,0.766,-0.015,2.466,0.198,derecha
1780983748.6472182,-0.836,-0.172,0.554,-0.412,1.511,1.137,-0.672,-0.321,0.604,-6.382,6.412,2.046,-1.223,-0.89,1.576,96.779,12.985,50.84,-0.219,-0.794,1.702,112.176,11.359,47.802,0.19,-0.443,0.748,-1.389,-0.305,1.618,derecha
1780983748.7450342,-0.86,-0.164,0.535,5.679,5.481,3.13,-0.818,-0.383,0.696,1.351,59.26,22.282,-0.519,-0.134,1.011,121.702,69.13,17.282,-0.437,-0.29,1.049,186.435,26.924,41.878,0.165,-0.416,0.802,21.191,10.496,2.344,derecha
1780983748.8476498,-0.839,-0.14,0.532,-7.221,7.634,-1.519,-0.827,-0.256,0.502,3.206,33.092,21.779,-0.47,0.112,0.794,40.588,21.969,14.389,-0.336,0.112,0.95,54.916,28.015,20.237,0.142,-0.383,0.807,9.244,9.282,-1.45,derecha
1780983748.9506862,-0.88,-0.142,0.499,0.389,11.366,1.008,-0.855,-0.23,0.447,-0.786,10.847,10.58,-0.525,0.126,0.781,12.229,6.122,5.061,-0.342,0.145,0.922,20.565,12.611,8.931,0.154,-0.364,0.764,-1.298,1.389,0.466,derecha
1780983749.057451,-0.851,-0.136,0.485,2.084,1.099,1.832,-0.801,-0.198,0.42,-4.611,-0.809,-0.611,-0.503,0.136,0.772,-2.206,-5.802,-0.542,-0.364,0.155,0.963,-4.214,2.695,-1.023,0.164,-0.385,0.782,-3.366,1.321,0.802,derecha
1780983749.1571221,-0.9,-0.13,0.499,-5.099,-2.336,-5.122,-0.779,-0.213,0.444,-12.55,-11.618,-13.84,-0.468,0.126,0.789,-22.397,-9.336,-11.214,-0.363,0.154,0.886,-33.374,-3.626,-13.084,0.155,-0.385,0.794,-8.695,3.588,2.557,derecha
1780983749.2736876,-0.862,-0.156,0.512,-2.565,-28.55,-9.359,-0.686,-0.292,0.47,-37.947,-63.023,-62.824,-0.365,0.01,0.517,-154.489,-49.687,-42.786,-0.248,-0.089,0.682,-194.45,-13.374,-48.504,0.148,-0.418,0.773,-19.298,-18.359,-4.725,derecha
1780983749.3778288,-0.871,-0.186,0.484,-1.702,-6.634,-3.916,-0.622,-0.359,0.859,-7.328,14.443,-0.565,-0.414,-0.222,0.893,-21.305,-68.305,-3.107,-0.311,-0.438,1.155,3.038,-16.786,-2.992,0.182,-0.396,0.75,-2.305,-2.611,-0.71,derecha
1780983749.4659817,-0.837,-0.163,0.55,-0.046,4.992,-0.214,-0.68,-0.319,0.579,-7.29,1.534,-0.786,-0.327,-0.363,0.896,-3.542,-4.084,-1.069,-0.262,-0.412,0.933,-0.557,0.947,-1.611,0.181,-0.426,0.768,-1.611,4.099,-0.008,derecha
1780983749.5691638,-0.831,-0.167,0.554,-0.695,1.947,-0.244,-0.677,-0.32,0.605,-6.954,0.947,-0.099,-0.324,-0.372,0.895,-0.542,-0.992,-0.214,-0.262,-0.415,0.931,0.893,6.763,-0.771,0.193,-0.432,0.768,-0.885,2.13,0.198,derecha
1780983749.6809893,-0.833,-0.163,0.553,-0.466,2.221,-0.489,-0.676,-0.32,0.609,-6.924,0.611,0.122,-0.319,-0.368,0.894,-0.656,0.046,0.351,-0.267,-0.417,0.931,1.13,6.863,-0.611,0.182,-0.427,0.76,-0.153,2.412,0.031,derecha
1780983749.774973,-0.837,-0.166,0.555,-1.076,0.878,-1.015,-0.678,-0.321,0.602,-6.618,0.13,-0.489,-0.322,-0.372,0.898,-0.916,-0.435,-0.305,-0.261,-0.416,0.927,1.328,6.145,-0.908,0.185,-0.427,0.758,-0.443,2.023,0.137,derecha
1780983749.8777637,-0.833,-0.163,0.552,-0.832,1.275,-1.084,-0.675,-0.319,0.616,-7.198,0.351,-0.344,-0.318,-0.372,0.896,-0.504,-0.061,0.374,-0.264,-0.423,0.935,1.168,7.603,0.359,0.177,-0.43,0.765,-0.275,2.878,-0.107,derecha
1780983749.9818587,-0.835,-0.163,0.547,-0.664,1.885,-0.481,-0.678,-0.32,0.61,-6.969,0.237,-0.16,-0.317,-0.372,0.894,-0.42,0.305,0.435,-0.265,-0.421,0.928,1.084,7.366,-0.489,0.18,-0.425,0.764,-0.298,2.962,0.168,derecha
1780983752.658834,-0.83,-0.159,0.556,-1.107,2.221,-0.374,-0.671,-0.32,0.61,-7.336,0.412,-0.496,-0.322,-0.38,0.9,-0.374,0.389,1.115,-0.254,-0.43,0.926,1.893,6.817,-0.168,0.181,-0.427,0.766,-0.42,3.038,-0.015,derecha
1780983752.7748506,-0.832,-0.167,0.56,-1.053,1.16,-0.84,-0.682,-0.316,0.608,-6.763,0.099,-1.031,-0.315,-0.373,0.887,-0.252,0.198,0.42,-0.258,-0.428,0.92,1.321,6.893,-0.802,0.177,-0.422,0.769,-0.588,2.107,-0.023,derecha
1780983752.8688638,-0.832,-0.164,0.554,-1.542,1.397,-1.725,-0.681,-0.325,0.609,-6.878,0.26,-0.534,-0.322,-0.376,0.906,-0.573,-1.092,0.366,-0.26,-0.427,0.935,1.542,6.573,-1.053,0.183,-0.427,0.762,-0.626,1.656,0.061,derecha
1780983752.9678197,-0.83,-0.165,0.553,-0.779,2.221,-0.672,-0.679,-0.317,0.608,-6.771,0.382,-0.382,-0.313,-0.38,0.891,-0.397,0.519,0.634,-0.257,-0.428,0.932,1.588,6.359,-0.13,0.182,-0.421,0.764,0.053,2.443,-0.053,derecha
1780983753.0782228,-0.832,-0.167,0.55,-1.29,1.641,-1.412,-0.677,-0.319,0.603,-6.885,0.679,-0.618,-0.317,-0.375,0.892,-0.489,0.412,0.031,-0.257,-0.428,0.93,2.008,7.107,-0.359,0.179,-0.43,0.763,-0.588,1.527,-0.092,derecha
1780983753.1740267,-0.83,-0.166,0.555,-0.931,1.031,-0.641,-0.68,-0.323,0.613,-7.008,0.519,0.122,-0.314,-0.377,0.89,0.473,2.26,1.863,-0.249,-0.424,0.925,2.061,8.863,0.588,0.177,-0.42,0.764,0.13,3.053,0.008,derecha
1780983753.277181,-0.833,-0.162,0.568,2.244,-2.244,0.573,-0.671,-0.311,0.637,-9.107,23.885,-0.046,-0.37,-0.506,1.106,176.595,33.977,78.519,-0.202,-0.437,1.132,197.099,26.496,58.817,0.177,-0.42,0.756,14.427,14.244,2.901,derecha
1780983753.3821683,-0.836,-0.151,0.551,4.298,25.511,10.641,-0.671,-0.286,0.516,10.168,61.817,32.183,-0.475,0.01,0.668,91.267,43.244,24.786,-0.353,0.045,0.735,114.176,5.198,25.809,0.143,-0.382,0.768,7.634,0.687,-2.145,derecha
1780983753.4917126,-0.856,-0.147,0.51,-3.985,23.046,0.328,-0.781,-0.226,0.417,2.573,25.229,21.084,-0.542,0.056,0.832,33.336,18.214,12.244,-0.371,0.162,0.915,40.282,17.817,9.786,0.136,-0.378,0.776,10.229,0.084,-1.198,derecha
1780983753.5861368,-0.859,-0.123,0.493,6.214,5.42,4.985,-0.774,-0.191,0.41,-5.511,0.702,5.58,-0.485,0.117,0.839,5.565,2.756,3.595,-0.369,0.186,0.891,12.145,10.229,3.45,0.149,-0.378,0.788,-1.13,2.71,3.267,derecha
1780983753.689105,-0.895,-0.14,0.499,-1.359,5.84,-5.626,-0.843,-0.221,0.442,-10.221,3.42,-5.885,-0.547,0.096,0.866,-2.733,-0.931,-3.725,-0.39,0.149,0.939,-5.458,4.046,-2.29,0.16,-0.38,0.777,-3.275,0.221,0.443,derecha
1780983753.8457246,-0.875,-0.16,0.509,-6.328,-5.366,-2.947,-0.9,-0.298,0.542,-11.901,-4.565,-14.137,-0.557,0.045,0.902,-13.015,-4.985,-6.16,-0.374,0.105,0.925,-18.191,3.924,-4.298,0.153,-0.391,0.77,-0.893,1.763,0.153,derecha
1780983753.8949516,-0.857,-0.164,0.502,-2.466,-49.794,-11.153,-2.0,-2.0,2.0,33.641,-250.137,5.832,-0.422,-0.177,0.712,-250.137,-100.962,-92.855,-0.22,-0.391,0.939,-250.137,-30.038,-80.427,0.202,-0.47,0.783,-14.061,-28.962,-4.84,derecha
1780983753.9979255,-0.842,-0.154,0.548,-3.412,10.588,0.42,-0.719,-0.273,0.458,-7.702,-2.802,-1.55,-0.364,-0.347,0.901,-12.099,-29.977,-3.771,-0.226,-0.407,0.901,-21.824,1.389,-17.122,0.208,-0.45,0.768,-0.687,9.252,0.16,derecha
1780983754.101162,-0.83,-0.164,0.562,-1.008,2.359,-0.847,-0.681,-0.315,0.606,-7.26,0.473,-0.863,-0.321,-0.369,0.889,0.046,-1.382,-0.137,-0.269,-0.417,0.934,0.771,6.221,-0.855,0.189,-0.426,0.77,0.489,1.817,0.0,derecha
1780983754.2142823,-0.832,-0.167,0.559,-1.519,1.076,-1.237,-0.68,-0.32,0.603,-7.359,-0.122,-0.466,-0.322,-0.373,0.896,-1.29,-0.565,-0.336,-0.259,-0.416,0.932,0.626,5.565,-0.908,0.185,-0.423,0.765,-0.26,1.336,-0.137,derecha
1780983754.312907,-0.832,-0.168,0.555,-1.115,2.153,-0.328,-0.679,-0.32,0.608,-7.176,0.588,0.267,-0.32,-0.371,0.898,-0.603,0.374,0.672,-0.265,-0.42,0.929,1.389,6.656,0.855,0.182,-0.423,0.764,-0.008,2.817,-0.214,derecha
1780983754.410596,-0.835,-0.158,0.559,-0.847,1.595,-0.771,-0.677,-0.32,0.603,-6.763,0.176,-0.802,-0.318,-0.374,0.893,-0.756,-0.275,-0.435,-0.264,-0.417,0.927,1.382,6.29,-1.206,0.18,-0.422,0.769,-1.26,0.084,0.42,derecha
1780983754.5234354,-0.832,-0.166,0.556,-0.435,1.466,-0.42,-0.678,-0.318,0.613,-6.702,0.198,-0.496,-0.316,-0.372,0.892,-0.313,-0.489,0.046,-0.26,-0.419,0.927,1.496,6.458,-0.542,0.188,-0.431,0.758,-0.443,1.748,-0.206,derecha
1780983754.6165717,-0.821,-0.159,0.555,-1.496,2.641,-0.336,-0.682,-0.324,0.604,-7.901,1.519,-0.069,-0.332,-0.376,0.885,-0.87,2.756,0.916,-0.277,-0.421,0.921,1.618,6.847,0.145,0.186,-0.431,0.762,-0.992,1.695,-0.382,derecha
1780983757.3043692,-0.83,-0.162,0.549,-1.313,1.969,-0.901,-0.677,-0.319,0.611,-6.947,0.336,-0.26,-0.316,-0.372,0.892,-0.29,-0.641,0.443,-0.266,-0.425,0.926,1.649,6.489,-0.427,0.185,-0.43,0.765,-0.374,2.275,-0.16,derecha
1780983757.4049027,-0.832,-0.167,0.557,-0.321,1.595,-0.542,-0.677,-0.319,0.594,-6.901,0.557,-0.519,-0.317,-0.37,0.891,-0.244,0.969,0.26,-0.267,-0.427,0.922,1.595,6.863,-0.588,0.178,-0.427,0.766,-1.015,1.435,-0.145,derecha
1780983757.5075734,-0.833,-0.168,0.545,-0.908,2.58,-0.427,-0.674,-0.327,0.603,-7.0,0.634,-0.29,-0.311,-0.374,0.896,-0.137,-0.344,0.863,-0.259,-0.419,0.928,2.275,5.954,0.366,0.193,-0.429,0.771,-0.008,3.046,-0.115,derecha
1780983757.603099,-0.832,-0.169,0.561,-0.908,2.046,-1.031,-0.677,-0.326,0.607,-7.046,-0.26,-0.908,-0.317,-0.375,0.898,-0.26,-0.985,-0.031,-0.261,-0.425,0.925,1.992,6.366,-0.908,0.183,-0.422,0.771,-0.588,1.55,-0.351,derecha
1780983757.7152882,-0.829,-0.167,0.556,-0.656,1.534,-0.275,-0.679,-0.32,0.605,-6.641,0.534,-0.366,-0.313,-0.38,0.898,-0.237,1.802,0.237,-0.266,-0.426,0.932,2.153,6.962,-0.58,0.185,-0.43,0.769,-0.695,0.626,-0.031,derecha
1780983757.8138685,-0.826,-0.168,0.544,-0.863,-0.16,0.023,-0.678,-0.303,0.594,-6.405,16.45,-0.427,-0.26,-0.465,1.252,122.069,28.382,48.985,-0.148,-0.547,1.313,146.664,23.137,58.924,0.192,-0.436,0.786,11.473,13.198,2.916,derecha
1780983757.9128451,-0.833,-0.168,0.562,6.939,19.099,7.168,-0.878,-0.381,0.665,16.191,97.069,55.458,-0.402,-0.107,0.762,151.145,82.695,23.481,-0.322,0.012,0.531,157.328,29.519,31.122,0.132,-0.392,0.774,24.298,15.183,0.061,derecha
1780983758.0163403,-0.843,-0.148,0.53,0.176,23.656,3.267,-0.816,-0.281,0.526,6.198,27.252,16.985,-0.539,0.067,0.838,34.489,17.58,6.901,-0.45,0.039,0.993,48.885,23.099,11.557,0.144,-0.394,0.795,6.489,5.763,0.229,derecha
1780983758.118467,-0.863,-0.136,0.523,5.55,5.756,1.855,-0.804,-0.218,0.455,-1.023,7.802,8.282,-0.535,0.128,0.786,9.473,5.901,2.626,-0.373,0.154,0.926,11.511,8.626,4.023,0.151,-0.367,0.767,-1.779,0.489,0.74,derecha
1780983758.2216134,-0.895,-0.146,0.506,-0.573,3.397,-2.298,-0.846,-0.243,0.48,-5.542,1.29,-0.992,-0.541,0.124,0.803,0.015,-2.687,-0.595,-0.391,0.162,0.886,-4.802,1.771,-2.603,0.149,-0.372,0.771,-5.053,-2.115,-0.443,derecha
1780983758.3305483,-0.881,-0.153,0.489,-2.71,5.344,-0.328,-0.822,-0.248,0.443,-13.046,-15.588,-6.573,-0.483,0.132,0.671,-36.0,-19.809,-9.0,-0.329,0.173,0.751,-47.557,-10.519,-13.298,0.161,-0.386,0.781,-5.931,-3.977,0.115,derecha
1780983758.4272547,-0.869,-0.217,0.573,-7.405,-51.206,-3.046,-0.618,-0.352,0.57,2.176,-75.015,1.214,-0.013,-0.784,1.219,-250.137,-102.466,-115.756,-0.243,-0.681,1.318,-250.137,-50.008,-104.221,0.212,-0.432,0.741,-8.29,4.191,-0.145,derecha
1780983758.5411823,-0.844,-0.168,0.546,-3.252,-1.786,-3.702,-0.677,-0.331,0.616,-6.397,-0.374,-0.977,-0.291,-0.365,0.913,-8.328,-2.473,-1.863,-0.245,-0.412,0.946,-0.641,12.336,-1.183,0.183,-0.434,0.757,4.282,2.382,-0.328,derecha
1780983758.6376097,-0.83,-0.161,0.551,-1.015,2.061,-0.74,-0.677,-0.324,0.604,-6.908,0.55,-0.023,-0.311,-0.362,0.898,-1.901,0.183,-0.275,-0.257,-0.411,0.93,0.756,5.061,-0.931,0.185,-0.428,0.777,-0.183,2.679,0.122,derecha
1780983758.7472517,-0.832,-0.169,0.548,-0.786,1.344,-0.527,-0.678,-0.32,0.607,-6.87,0.443,-0.534,-0.319,-0.369,0.894,-0.695,-0.221,-0.229,-0.266,-0.417,0.931,1.336,5.573,-1.084,0.182,-0.422,0.772,-0.649,1.573,-0.344,derecha
1780983758.8395765,-0.831,-0.166,0.563,-0.176,1.229,-0.168,-0.674,-0.323,0.615,-6.817,0.374,-0.16,-0.311,-0.365,0.905,-0.58,-0.58,0.382,-0.263,-0.41,0.939,0.847,7.58,0.473,0.183,-0.423,0.77,0.183,3.466,0.023,derecha
1780983758.949409,-0.833,-0.163,0.552,-1.26,1.328,-1.038,-0.677,-0.322,0.61,-6.626,0.229,-0.702,-0.307,-0.37,0.902,-0.725,0.0,-0.229,-0.261,-0.411,0.936,1.061,6.878,-0.664,0.18,-0.424,0.773,0.069,3.214,0.267,derecha
1780983759.0468776,-0.828,-0.163,0.567,-1.0,1.29,-0.603,-0.676,-0.323,0.604,-6.809,0.527,-0.382,-0.322,-0.366,0.899,-0.412,-0.153,-0.153,-0.266,-0.415,0.938,1.405,6.252,-0.618,0.185,-0.425,0.771,-0.802,1.595,-0.061,derecha
1780983759.1483457,-0.833,-0.162,0.559,-0.832,1.519,-0.641,-0.675,-0.322,0.613,-7.076,0.832,0.008,-0.322,-0.365,0.895,-0.595,0.618,0.947,-0.261,-0.415,0.933,1.382,7.084,-0.046,0.178,-0.422,0.769,-0.336,2.519,0.053,derecha
1780983759.255981,-0.833,-0.164,0.56,-0.962,2.015,-1.244,-0.676,-0.318,0.597,-7.191,0.13,-0.962,-0.313,-0.37,0.896,-0.672,-0.244,0.031,-0.263,-0.42,0.935,0.779,6.573,-0.565,0.173,-0.424,0.767,-0.794,2.046,-0.008,derecha
1780983761.9391005,-0.831,-0.162,0.554,-1.305,1.664,-1.115,-0.677,-0.319,0.603,-7.206,0.237,-0.656,-0.31,-0.372,0.893,-0.802,0.267,0.176,-0.264,-0.424,0.923,1.412,5.779,-1.092,0.181,-0.427,0.772,-0.641,1.901,-0.13,derecha
1780983762.0369349,-0.825,-0.163,0.551,0.168,1.351,0.221,-0.677,-0.319,0.611,-6.893,0.344,-0.313,-0.313,-0.37,0.891,-0.573,-0.733,0.435,-0.258,-0.426,0.926,1.885,7.0,-0.55,0.18,-0.428,0.762,-0.58,2.053,-0.053,derecha
1780983762.1369216,-0.83,-0.167,0.561,-0.763,2.046,-0.328,-0.676,-0.319,0.608,-6.939,0.748,0.038,-0.314,-0.37,0.897,-0.573,0.45,0.511,-0.263,-0.424,0.928,1.389,6.687,-0.466,0.185,-0.423,0.77,-0.534,2.405,-0.122,derecha
1780983762.238031,-0.826,-0.165,0.558,-0.847,1.038,-1.366,-0.677,-0.324,0.603,-6.763,0.412,-0.496,-0.318,-0.37,0.893,-0.115,0.069,0.069,-0.262,-0.426,0.926,2.031,6.931,-0.374,0.183,-0.423,0.771,-1.031,1.198,-0.16,derecha
1780983762.3414593,-0.828,-0.165,0.559,-0.695,1.954,1.817,-0.683,-0.318,0.618,-6.397,3.725,2.008,-0.996,-1.409,2.0,41.916,-13.275,28.947,-1.067,-0.787,1.888,26.038,27.305,31.962,0.179,-0.424,0.776,0.214,4.611,-0.588,derecha
1780983762.4530983,-0.822,-0.16,0.566,0.588,13.191,5.076,-0.833,-0.393,0.716,4.771,69.733,16.206,-0.333,-0.089,0.725,129.656,71.55,17.969,-0.303,-0.166,0.757,176.397,50.595,43.473,0.159,-0.401,0.776,17.046,15.122,1.885,derecha
1780983762.5472608,-1.319,-0.458,0.674,-10.771,24.969,9.076,-0.774,-0.271,0.464,18.855,48.924,37.908,-0.539,0.074,0.795,71.053,30.718,15.962,-0.412,0.087,0.85,86.122,17.924,28.084,0.148,-0.378,0.779,11.374,-1.748,-3.794,derecha
1780983762.6515088,-0.862,-0.133,0.49,5.099,7.878,7.298,-0.798,-0.173,0.417,-0.198,6.305,10.015,-0.484,0.142,0.805,11.565,3.45,5.092,-0.369,0.132,0.949,22.977,0.504,5.847,0.158,-0.365,0.77,0.573,2.473,-0.534,derecha
1780983762.7611446,-0.849,-0.118,0.471,-1.038,0.42,-3.092,-0.764,-0.172,0.413,-10.443,-5.679,-8.863,-0.477,0.126,0.846,-16.023,-5.107,-3.809,-0.356,0.151,0.975,-11.71,3.916,-5.626,0.167,-0.395,0.793,-8.641,5.092,3.29,derecha
1780983762.8568497,-0.883,-0.14,0.491,-3.71,-18.542,-9.511,-0.752,-0.23,0.506,-23.595,-34.336,-31.985,-0.465,0.036,0.962,-41.412,-20.412,-16.313,-0.364,0.087,0.988,-79.542,-19.122,-26.076,0.154,-0.413,0.786,-8.206,-0.443,1.29,derecha
1780983762.966199,-0.851,-0.155,0.523,-3.0,-46.221,-13.924,0.078,-0.643,1.459,27.481,-145.985,-3.137,-0.251,-0.568,0.853,-250.137,-116.969,-92.595,-0.21,-0.577,1.229,-250.137,-35.099,-79.198,0.21,-0.442,0.792,-9.809,-6.374,-1.282,derecha
1780983763.0645914,-0.842,-0.167,0.533,-0.046,6.229,-1.45,-0.677,-0.322,0.63,-6.992,0.908,-1.336,-0.318,-0.374,0.891,-1.473,-8.71,-1.038,-0.284,-0.419,0.94,-2.435,6.282,-1.458,0.172,-0.415,0.75,-2.519,4.252,-0.122,derecha
1780983763.1727035,-0.835,-0.173,0.549,-0.748,2.573,0.321,-0.678,-0.32,0.599,-7.038,1.267,0.031,-0.32,-0.368,0.9,-0.13,-0.214,0.092,-0.265,-0.416,0.926,0.557,6.29,-0.252,0.185,-0.431,0.771,-0.275,3.458,-0.076,derecha
1780983763.2714903,-0.836,-0.167,0.549,-1.176,2.389,-0.763,-0.678,-0.322,0.601,-7.053,0.405,-0.756,-0.324,-0.374,0.894,-1.26,0.321,0.183,-0.265,-0.417,0.925,0.611,6.427,-0.351,0.18,-0.428,0.767,-0.595,1.794,0.214,derecha
1780983763.3769982,-0.835,-0.168,0.551,-0.878,1.71,-0.519,-0.68,-0.322,0.606,-6.817,0.313,-0.527,-0.325,-0.371,0.894,-0.771,0.214,-0.443,-0.264,-0.417,0.925,1.115,6.809,-0.656,0.184,-0.423,0.76,-0.687,2.0,-0.076,derecha
1780983763.4794621,-0.837,-0.163,0.553,-1.137,1.718,0.008,-0.68,-0.319,0.604,-7.023,0.389,-0.13,-0.319,-0.374,0.895,-0.702,0.229,0.374,-0.265,-0.417,0.923,0.916,7.198,-0.573,0.179,-0.434,0.764,-0.534,2.672,-0.069,derecha
1780983763.5775092,-0.834,-0.164,0.552,-1.267,1.145,-2.214,-0.679,-0.321,0.61,-6.954,0.145,-0.626,-0.317,-0.374,0.894,-0.214,-0.496,-0.336,-0.264,-0.419,0.926,1.481,6.626,-0.405,0.18,-0.425,0.765,-0.649,1.969,-0.198,derecha
1780983763.6874073,-0.832,-0.164,0.547,-0.214,1.183,-0.893,-0.676,-0.323,0.609,-6.702,-0.267,-0.45,-0.321,-0.378,0.893,-0.557,0.336,-0.26,-0.262,-0.42,0.927,1.565,6.687,-0.611,0.182,-0.425,0.765,-0.13,3.153,0.145,derecha
1780983763.7835414,-0.835,-0.168,0.543,-1.0,1.779,-0.672,-0.676,-0.318,0.602,-6.824,0.16,-0.573,-0.323,-0.37,0.893,-0.557,-0.351,0.267,-0.261,-0.42,0.93,1.168,6.733,-0.412,0.178,-0.43,0.771,-0.443,2.947,0.198,derecha
1780983763.8860893,-0.836,-0.164,0.551,-0.527,0.931,-0.053,-0.676,-0.322,0.606,-7.122,0.359,-0.573,-0.319,-0.371,0.886,-0.656,0.351,0.115,-0.267,-0.422,0.932,1.137,6.405,-1.198,0.179,-0.425,0.765,-0.924,1.649,0.023,derecha
1780983766.5713902,-0.833,-0.169,0.556,-0.702,1.229,-1.084,-0.679,-0.325,0.604,-6.824,-0.183,-0.702,-0.318,-0.375,0.899,-0.412,-0.076,-0.015,-0.259,-0.431,0.925,1.618,6.489,-0.779,0.18,-0.426,0.763,-0.427,1.916,-0.046,derecha
1780983766.6675894,-0.833,-0.162,0.549,-0.603,1.695,-0.649,-0.674,-0.325,0.604,-6.962,0.275,-0.29,-0.318,-0.38,0.891,-0.511,0.519,0.542,-0.257,-0.43,0.933,1.45,7.046,-0.084,0.173,-0.427,0.771,-0.336,2.947,0.137,derecha
1780983766.770582,-0.832,-0.166,0.551,-0.817,1.641,-0.931,-0.679,-0.32,0.604,-7.038,0.29,-0.305,-0.323,-0.38,0.888,-0.061,-0.443,0.328,-0.262,-0.43,0.928,1.656,6.901,-0.702,0.175,-0.422,0.771,-0.183,2.985,0.031,derecha
1780983766.8733985,-0.829,-0.162,0.551,-0.687,0.718,-1.115,-0.677,-0.321,0.608,-7.061,0.137,-0.427,-0.319,-0.378,0.887,-0.45,0.206,-0.382,-0.261,-0.429,0.928,1.832,6.992,-1.092,0.174,-0.421,0.763,-0.595,1.908,-0.061,derecha
1780983766.981907,-0.833,-0.17,0.553,-0.542,2.351,0.588,-0.674,-0.321,0.607,-7.168,0.87,0.282,-0.32,-0.38,0.89,0.015,0.916,0.71,-0.26,-0.427,0.932,1.794,7.0,-0.153,0.172,-0.426,0.765,-0.481,2.473,-0.046,derecha
1780983767.0871866,-0.836,-0.166,0.551,-1.252,2.183,0.038,-0.682,-0.324,0.603,-6.366,0.023,0.29,-0.322,-0.376,0.896,1.649,5.252,1.145,-0.272,-0.422,0.958,1.298,8.824,0.008,0.178,-0.421,0.767,-0.603,1.519,0.237,derecha
1780983767.1826477,-0.827,-0.169,0.562,1.412,10.466,2.725,-0.627,-0.407,0.72,7.313,84.298,-0.29,-0.135,-0.116,0.499,157.779,78.977,36.908,-0.157,-0.145,0.654,145.588,51.435,38.183,0.164,-0.408,0.787,20.244,27.267,3.649,derecha
1780983767.2990022,-0.863,-0.137,0.521,12.321,24.702,8.656,-0.697,-0.248,0.471,-4.29,25.229,14.939,-0.429,0.038,0.828,53.931,30.473,14.115,-0.342,0.035,0.891,71.466,11.771,18.779,0.143,-0.385,0.788,0.382,0.771,-2.107,derecha
1780983767.3887286,-0.864,-0.144,0.511,-1.489,11.626,0.382,-0.787,-0.246,0.434,1.0,13.313,13.588,-0.497,0.067,0.856,23.786,9.679,8.275,-0.412,0.068,1.001,36.023,0.16,8.908,0.15,-0.388,0.793,-0.061,1.489,-0.901,derecha
1780983767.4919753,-0.859,-0.132,0.507,-1.13,2.321,-1.382,-0.79,-0.233,0.466,-6.473,-1.015,-1.023,-0.505,0.068,0.905,0.863,-0.55,0.267,-0.381,0.094,1.038,1.359,6.344,-3.038,0.144,-0.385,0.796,-0.878,3.809,-0.046,derecha
1780983767.6068223,-0.852,-0.132,0.496,-2.588,-0.588,-3.053,-0.757,-0.212,0.426,-11.221,-7.107,-8.382,-0.498,0.094,0.866,-10.748,-4.733,-4.374,-0.365,0.138,0.977,-17.611,3.221,-7.733,0.15,-0.394,0.797,-2.725,3.779,2.229,derecha
1780983767.7056732,-0.867,-0.138,0.489,-2.725,-8.305,-6.168,-0.714,-0.208,0.395,-19.695,-38.962,-20.748,-0.393,0.156,0.511,-76.824,-30.687,-24.603,-0.302,0.19,0.599,-93.908,-18.779,-25.321,0.146,-0.385,0.769,-14.916,-8.351,1.26,derecha
1780983767.8009725,-0.801,-0.192,0.546,-8.046,-27.374,-5.763,-0.606,-0.268,0.622,-7.679,-94.527,-2.603,-0.34,-0.572,1.294,-250.137,-125.954,-107.542,-0.365,-0.657,1.424,-204.153,-21.756,-77.031,0.221,-0.482,0.738,-2.282,14.916,0.084,derecha
1780983767.9037828,-0.851,-0.16,0.542,-4.397,-4.817,-3.748,-0.667,-0.327,0.633,-6.191,0.71,-1.817,-0.327,-0.373,0.884,1.649,-1.626,-0.725,-0.237,-0.407,0.984,1.45,8.626,-0.824,0.181,-0.412,0.766,1.756,1.053,-0.267,derecha
1780983768.0067222,-0.834,-0.167,0.55,-0.863,1.092,-1.214,-0.678,-0.321,0.608,-6.954,-0.702,-0.595,-0.314,-0.365,0.903,-2.504,-1.71,-0.359,-0.255,-0.418,0.934,0.321,5.229,-0.611,0.186,-0.428,0.77,-0.45,2.977,-0.198,derecha
1780983768.1111588,-0.833,-0.161,0.548,-0.489,2.656,0.008,-0.678,-0.323,0.606,-6.977,0.786,0.13,-0.321,-0.367,0.893,-0.809,0.855,0.405,-0.268,-0.418,0.926,0.557,7.153,0.405,0.175,-0.423,0.759,-0.496,3.435,-0.053,derecha
1780983768.2297058,-0.833,-0.166,0.552,-1.611,1.29,-1.649,-0.677,-0.319,0.611,-7.321,0.267,-0.427,-0.315,-0.37,0.897,-0.924,-0.328,0.229,-0.26,-0.419,0.927,0.344,6.313,-1.015,0.177,-0.421,0.771,-0.832,2.076,0.038,derecha
1780983768.315673,-0.834,-0.163,0.544,-0.634,0.779,-0.542,-0.674,-0.32,0.604,-6.809,0.473,-0.336,-0.312,-0.374,0.903,-0.771,0.176,0.344,-0.255,-0.416,0.931,1.092,7.023,0.13,0.183,-0.421,0.775,-0.29,3.023,-0.122,derecha
1780983768.423648,-0.832,-0.163,0.547,-0.382,1.863,-0.382,-0.677,-0.32,0.605,-6.817,0.305,-0.534,-0.316,-0.373,0.898,-0.687,-0.473,0.206,-0.257,-0.42,0.93,1.672,6.817,0.069,0.178,-0.424,0.767,-0.611,2.42,0.076,derecha
1780983771.200004,-0.838,-0.164,0.549,-0.878,1.305,-1.618,-0.679,-0.321,0.605,-6.863,-0.26,-0.756,-0.317,-0.371,0.896,-0.473,-1.672,0.321,-0.254,-0.423,0.932,1.45,6.771,-0.42,0.175,-0.425,0.765,-0.076,3.0,0.0,derecha
1780983771.3031588,-0.836,-0.167,0.551,-0.626,1.176,-0.611,-0.678,-0.319,0.602,-6.748,0.198,-0.229,-0.316,-0.375,0.89,-0.305,0.389,0.015,-0.26,-0.421,0.924,1.733,7.336,0.153,0.176,-0.428,0.759,-0.794,1.313,-0.038,derecha
1780983771.4160337,-0.835,-0.169,0.545,-0.863,2.481,0.328,-0.681,-0.32,0.603,-6.985,0.519,0.107,-0.314,-0.372,0.894,-0.214,0.282,0.847,-0.261,-0.421,0.922,1.458,7.099,0.084,0.178,-0.424,0.759,-0.504,2.611,-0.008,derecha
1780983771.520947,-0.834,-0.161,0.554,-1.351,2.023,-1.267,-0.68,-0.322,0.604,-7.145,0.076,-0.931,-0.321,-0.369,0.896,-0.534,-0.29,-0.13,-0.258,-0.42,0.923,1.511,6.458,-0.336,0.17,-0.43,0.762,-0.74,1.992,0.122,derecha
1780983771.611798,-0.836,-0.17,0.547,-0.382,0.901,-0.504,-0.679,-0.324,0.609,-6.611,0.305,-0.382,-0.317,-0.373,0.898,-0.45,0.29,-0.427,-0.253,-0.428,0.932,1.824,7.0,-0.282,0.18,-0.432,0.76,-0.71,2.244,0.0,derecha
1780983771.7180417,-0.831,-0.165,0.551,-1.107,1.405,-0.863,-0.675,-0.326,0.608,-6.847,0.305,-0.137,-0.317,-0.374,0.892,-0.374,0.046,-0.13,-0.256,-0.427,0.932,1.885,6.786,-0.389,0.178,-0.427,0.774,-0.229,2.466,-0.237,derecha
1780983771.822005,-0.836,-0.164,0.559,-0.802,1.008,-0.382,-0.676,-0.325,0.606,-6.137,1.328,0.931,-0.307,-0.396,0.922,9.183,14.16,3.29,-0.501,-0.62,1.122,-1.679,23.305,41.321,0.201,-0.399,0.753,-0.122,1.122,-0.229,derecha
1780983771.920905,-0.789,-0.161,0.587,5.458,12.336,5.504,-0.925,-0.375,0.611,-1.939,93.206,23.924,-0.432,-0.086,0.681,137.13,85.176,21.992,-0.324,-0.101,0.731,158.695,45.298,40.87,0.135,-0.382,0.774,12.481,12.817,0.679,derecha
1780983772.0238338,-0.396,-0.33,0.211,-25.916,16.191,-37.084,-0.865,-0.244,0.453,8.71,25.206,19.374,-0.457,0.087,0.775,45.634,20.336,12.618,-0.376,0.094,0.807,46.908,13.939,15.618,0.157,-0.365,0.769,4.321,0.275,-0.977,derecha
1780983772.126726,-0.846,-0.148,0.515,1.084,13.565,-0.084,-0.793,-0.246,0.44,-3.214,10.42,5.588,-0.512,0.091,0.772,5.489,0.336,2.061,-0.363,0.159,0.835,-2.084,10.573,-0.366,0.154,-0.366,0.782,-2.221,-0.893,0.031,derecha
1780983772.240773,-0.858,-0.142,0.504,-1.344,2.893,-0.565,-0.791,-0.22,0.455,-7.809,-2.527,-4.023,-0.49,0.094,0.833,-10.947,-5.504,-1.565,-0.344,0.118,0.933,-10.832,1.832,-5.023,0.152,-0.384,0.782,-3.298,1.931,1.45,derecha
1780983772.3408096,-0.858,-0.145,0.507,-4.298,-2.573,-5.45,-0.763,-0.232,0.426,-20.611,-30.427,-19.16,-0.43,0.13,0.57,-64.519,-28.779,-16.412,-0.286,0.178,0.522,-103.481,-12.916,-31.443,0.145,-0.39,0.768,-11.557,-7.71,1.947,derecha
1780983772.4429579,-0.754,-0.203,0.589,-13.939,-24.718,-9.252,-0.519,-0.377,0.694,-6.031,-82.55,-7.527,-2.0,-2.0,2.0,-148.885,-250.137,34.733,0.04,-1.295,2.0,-48.389,-70.137,-6.366,0.355,-0.497,0.894,-17.809,11.756,-2.977,derecha
1780983772.5426798,-0.81,-0.168,0.565,-1.725,-1.496,-1.366,-0.66,-0.324,0.626,-7.519,5.458,-0.382,-0.287,-0.352,0.916,-0.939,-0.061,-0.298,-0.286,-0.388,0.952,-5.305,2.519,-4.008,0.166,-0.421,0.76,-1.855,3.183,-0.618,derecha
1780983772.6423044,-0.829,-0.166,0.549,-1.328,-0.519,-1.641,-0.679,-0.315,0.598,-6.725,1.008,-0.405,-0.304,-0.363,0.912,-0.702,1.29,0.0,-0.26,-0.411,0.939,-0.366,8.023,-1.573,0.174,-0.428,0.765,-0.603,1.336,-0.466,derecha
1780983772.7517881,-0.833,-0.164,0.554,-0.595,1.374,0.267,-0.671,-0.322,0.619,-6.87,2.267,0.015,-0.303,-0.364,0.903,-1.565,2.55,1.061,-0.255,-0.409,0.933,0.244,7.328,-0.412,0.178,-0.421,0.769,-0.359,2.511,-0.107,derecha
1780983772.8516586,-0.831,-0.167,0.551,-1.198,1.969,-0.695,-0.673,-0.316,0.61,-7.405,0.489,-0.389,-0.31,-0.371,0.899,-0.863,0.595,0.237,-0.257,-0.409,0.937,0.603,6.489,-0.672,0.171,-0.42,0.767,-0.389,2.947,0.015,derecha
1780983772.9559698,-0.831,-0.166,0.554,-0.893,1.992,-1.145,-0.672,-0.323,0.6,-6.947,0.298,-0.679,-0.315,-0.369,0.902,-0.71,-0.473,0.229,-0.259,-0.41,0.938,1.023,6.588,-1.031,0.172,-0.423,0.771,-0.901,1.962,-0.061,derecha
1780983773.0544367,-0.834,-0.164,0.543,-0.634,1.809,-0.351,-0.675,-0.319,0.607,-6.977,0.649,0.443,-0.3,-0.362,0.901,-0.824,1.069,0.947,-0.258,-0.411,0.934,0.817,7.229,-0.511,0.174,-0.422,0.771,-0.122,3.099,-0.221,derecha
1780983775.8354657,-0.836,-0.168,0.553,-0.786,1.901,-0.359,-0.677,-0.319,0.611,-6.962,0.397,-0.824,-0.313,-0.374,0.904,-0.458,0.183,0.489,-0.258,-0.42,0.93,1.435,6.893,-0.374,0.172,-0.416,0.768,-0.229,3.168,-0.008,derecha
1780983775.9502494,-0.833,-0.17,0.547,-1.023,1.382,-0.847,-0.678,-0.325,0.603,-6.802,0.244,-0.779,-0.31,-0.372,0.898,-0.26,-0.87,0.099,-0.257,-0.418,0.931,1.588,6.542,-0.939,0.18,-0.428,0.767,-1.008,0.901,0.008,derecha
1780983776.0532253,-0.831,-0.169,0.555,-0.817,1.802,0.137,-0.673,-0.325,0.61,-6.878,0.863,0.153,-0.317,-0.372,0.893,-0.397,0.802,0.809,-0.256,-0.42,0.928,2.092,6.947,0.0,0.172,-0.414,0.76,-0.244,2.313,-0.061,derecha
1780983776.1548104,-0.833,-0.169,0.554,-1.359,1.412,-2.069,-0.674,-0.322,0.607,-7.145,0.29,-0.847,-0.312,-0.371,0.899,-0.107,-0.412,-0.489,-0.256,-0.422,0.936,1.824,7.351,-0.656,0.178,-0.42,0.765,-0.679,2.397,0.115,derecha
1780983776.2469893,-0.83,-0.162,0.554,-0.618,1.374,-1.137,-0.677,-0.324,0.602,-6.969,0.221,-0.458,-0.311,-0.367,0.896,0.031,-0.214,-0.015,-0.254,-0.419,0.943,1.893,6.733,-0.71,0.185,-0.422,0.761,-0.58,2.252,-0.038,derecha
1780983776.3598845,-0.831,-0.162,0.555,-0.908,1.214,0.344,-0.677,-0.323,0.605,-6.008,0.679,0.847,-0.33,-0.383,0.943,0.214,4.901,-0.282,-0.251,-0.427,0.954,3.244,7.931,0.252,0.174,-0.422,0.771,1.366,2.733,-0.534,derecha
1780983776.4530675,-0.799,-0.157,0.578,4.389,-0.275,1.718,-0.556,-0.321,0.725,-2.733,112.74,1.618,-0.127,-0.268,0.318,248.985,126.672,63.496,-0.153,-0.103,0.207,250.13,78.992,87.802,0.18,-0.422,0.79,36.527,43.695,-0.519,derecha
1780983776.5572321,-0.835,-0.154,0.564,7.847,14.496,6.183,-0.686,-0.248,0.503,3.023,23.679,25.74,-0.389,0.056,0.759,46.168,17.74,12.046,-0.32,0.063,0.913,39.344,14.824,8.954,0.159,-0.377,0.791,5.359,-0.412,-1.389,derecha
1780983776.6615868,-0.857,-0.119,0.518,-2.191,10.756,-0.779,-0.755,-0.197,0.4,-5.962,4.053,8.29,-0.427,0.127,0.689,1.733,0.672,4.153,-0.335,0.139,0.959,-5.359,2.656,-1.924,0.157,-0.371,0.782,-2.198,-0.366,3.053,derecha
1780983776.7627535,-0.839,-0.126,0.489,0.924,3.595,-1.702,-0.736,-0.21,0.467,-8.603,-4.038,-1.443,-0.456,0.088,0.878,-4.092,-1.893,0.42,-0.347,0.089,1.001,-1.794,7.26,-0.809,0.155,-0.389,0.794,-1.679,3.756,1.542,derecha
1780983776.8706133,-0.855,-0.145,0.517,-2.595,-2.763,-2.45,-0.833,-0.276,0.562,-7.733,-1.221,-5.672,-0.531,0.039,0.95,1.107,-0.267,2.71,-0.388,0.066,1.034,6.42,8.832,5.359,0.147,-0.381,0.775,-0.947,1.137,-1.672,derecha
1780983776.973721,-0.871,-0.149,0.535,-5.931,-5.092,-5.649,-0.783,-0.24,0.457,-13.977,-10.855,-15.366,-0.497,0.064,0.847,-23.038,-10.321,-6.198,-0.362,0.125,0.908,-33.992,-3.679,-11.328,0.164,-0.383,0.78,-6.092,-2.145,2.176,derecha
1780983777.0713074,-0.843,-0.152,0.534,-0.618,-22.916,-7.191,-0.734,-0.286,0.506,-38.863,-57.153,-59.527,-0.325,-0.044,0.615,-152.053,-42.092,-37.153,-0.263,-0.077,0.753,-179.275,-8.504,-42.664,0.147,-0.402,0.762,-19.992,-17.702,-1.802,derecha
1780983777.1788416,-0.807,-0.143,0.531,-3.443,-7.649,-5.466,-0.579,-0.276,0.739,-8.313,2.344,-3.74,-0.411,-0.34,0.931,-4.443,-35.878,0.771,-0.219,-0.201,0.71,-0.802,-4.695,-1.176,0.188,-0.404,0.774,8.656,8.481,0.496,derecha
1780983777.2874153,-0.818,-0.173,0.564,0.58,6.55,0.779,-0.684,-0.318,0.594,-7.252,-1.679,-0.046,-0.312,-0.352,0.913,-3.313,1.061,0.908,-0.269,-0.385,0.931,-11.466,6.328,-5.351,0.179,-0.431,0.763,-1.847,1.756,-0.466,derecha
1780983777.3815124,-0.827,-0.17,0.552,-0.84,2.229,-0.573,-0.668,-0.316,0.607,-7.45,1.649,0.16,-0.3,-0.355,0.908,-1.908,1.473,0.931,-0.271,-0.409,0.955,-1.015,7.809,0.092,0.187,-0.423,0.777,0.519,4.397,0.122,derecha
1780983777.4872873,-0.832,-0.165,0.559,-1.55,0.55,-1.824,-0.669,-0.319,0.622,-6.863,-0.168,-0.779,-0.309,-0.356,0.905,-1.382,0.603,0.435,-0.266,-0.404,0.931,0.336,7.664,-0.481,0.188,-0.423,0.763,-0.344,2.015,0.023,derecha
1780983777.5862172,-0.824,-0.164,0.562,-0.611,1.153,-1.145,-0.665,-0.319,0.615,-6.954,0.443,-0.611,-0.306,-0.361,0.906,-1.168,0.931,0.771,-0.264,-0.408,0.935,0.298,7.023,-0.725,0.187,-0.42,0.764,-0.824,2.427,0.023,derecha
1780983777.6891754,-0.827,-0.165,0.561,-0.412,2.473,-0.084,-0.668,-0.317,0.616,-7.16,0.344,-0.366,-0.307,-0.362,0.902,-0.901,0.267,0.802,-0.265,-0.408,0.93,0.573,7.519,-0.405,0.183,-0.425,0.767,-0.779,2.527,-0.237,derecha
1780983780.373166,-0.829,-0.166,0.559,-1.244,2.099,-0.26,-0.67,-0.315,0.618,-6.947,0.603,0.061,-0.306,-0.366,0.903,-0.206,-0.084,0.725,-0.265,-0.418,0.926,1.267,7.16,0.031,0.183,-0.423,0.767,-0.115,3.29,-0.107,derecha
1780983780.4817028,-0.826,-0.166,0.563,-0.565,0.824,-0.565,-0.671,-0.32,0.614,-6.794,0.145,-0.74,-0.311,-0.368,0.9,-0.405,0.328,-0.435,-0.26,-0.419,0.929,1.534,6.771,-0.58,0.184,-0.426,0.765,-0.664,2.214,-0.015,derecha
1780983780.5831156,-0.827,-0.165,0.567,-0.656,1.099,-0.832,-0.668,-0.319,0.622,-6.763,0.099,-0.473,-0.311,-0.368,0.899,-0.252,-0.313,-0.328,-0.259,-0.421,0.935,1.725,7.351,-0.069,0.183,-0.43,0.763,-0.458,2.519,-0.084,derecha
1780983780.6864383,-0.825,-0.168,0.557,-0.527,1.916,-1.076,-0.672,-0.319,0.612,-6.832,0.458,-0.267,-0.31,-0.366,0.898,-0.16,-0.244,0.153,-0.264,-0.417,0.93,1.351,6.198,-0.252,0.182,-0.429,0.77,0.084,2.328,-0.008,derecha
1780983780.791864,-0.829,-0.165,0.555,-0.672,0.824,-1.13,-0.669,-0.32,0.618,-6.725,0.26,-0.489,-0.31,-0.367,0.902,-0.443,0.183,-0.42,-0.263,-0.418,0.928,2.015,6.298,-0.214,0.18,-0.423,0.767,-0.687,1.13,0.122,derecha
1780983780.8865495,-0.824,-0.165,0.568,-1.015,0.977,-0.786,-0.667,-0.318,0.614,-7.053,-0.008,-0.389,-0.309,-0.364,0.896,-0.252,0.198,0.42,-0.261,-0.424,0.932,1.985,8.13,0.771,0.19,-0.429,0.766,-0.237,2.588,-0.115,derecha
1780983780.9913867,-0.825,-0.164,0.567,-0.771,1.115,-0.58,-0.671,-0.318,0.615,-6.84,0.031,-0.656,-0.306,-0.37,0.901,0.359,-0.557,-0.023,-0.266,-0.42,0.936,2.511,6.069,-0.282,0.186,-0.421,0.762,-0.802,1.916,-0.374,derecha
1780983781.0917628,-0.824,-0.168,0.565,-1.305,1.183,-0.885,-0.669,-0.32,0.616,-6.542,0.115,-0.656,-0.316,-0.363,0.897,0.038,-0.198,-1.275,-0.266,-0.414,0.921,3.183,6.74,-0.374,0.185,-0.42,0.759,-0.702,1.794,-0.137,derecha
1780983781.203865,-0.832,-0.165,0.558,-0.412,2.832,1.122,-0.674,-0.319,0.62,-6.947,1.466,0.252,-0.322,-0.365,0.908,0.252,2.168,0.435,-0.272,-0.417,0.933,1.679,8.313,0.435,0.181,-0.427,0.766,-0.076,1.534,-0.16,derecha
1780983781.2967691,-0.837,-0.165,0.562,-1.786,-1.344,-2.0,-0.66,-0.312,0.619,-8.969,23.641,-0.672,-0.286,-0.371,0.903,109.832,37.313,45.786,-0.232,-0.249,0.752,122.145,9.061,34.824,0.197,-0.426,0.763,8.878,12.466,0.748,derecha
1780983781.3979642,-0.841,-0.16,0.555,9.855,11.733,2.313,-0.789,-0.388,0.699,-1.298,75.183,30.397,-0.378,-0.048,0.66,102.351,57.908,28.679,-0.275,-0.056,0.802,124.534,34.641,35.855,0.154,-0.396,0.76,19.947,20.397,1.084,derecha
1780983781.5020347,-0.845,-0.148,0.527,-1.87,16.863,1.023,-0.716,-0.252,0.454,0.527,23.351,18.962,-0.451,0.07,0.817,45.015,24.099,12.924,-0.27,0.073,0.933,53.328,15.992,14.313,0.157,-0.381,0.791,5.328,4.802,0.145,derecha
1780983781.6034358,-0.856,-0.155,0.515,-0.565,9.229,1.481,-0.808,-0.277,0.483,-0.496,18.542,7.214,-0.534,0.091,0.819,14.137,10.008,2.802,-0.381,0.103,0.95,19.176,19.786,5.931,0.158,-0.376,0.798,2.305,4.229,-0.756,derecha
1780983781.7065384,-0.853,-0.152,0.517,-3.023,2.275,0.702,-0.753,-0.233,0.465,-7.16,-0.573,-2.885,-0.498,0.093,0.863,-5.733,-0.466,-4.069,-0.356,0.099,1.076,-6.573,4.87,-6.87,0.125,-0.375,0.778,-3.992,2.985,1.137,derecha
1780983781.812685,-0.87,-0.14,0.494,-5.45,-7.267,-7.664,-0.707,-0.226,0.429,-14.519,-22.634,-21.244,-0.453,0.094,0.767,-43.687,-18.847,-17.084,-0.332,0.106,0.894,-60.878,-11.214,-24.679,0.156,-0.386,0.785,-12.496,-2.832,3.275,derecha
1780983781.9123387,-0.861,-0.132,0.525,-1.931,-22.55,-5.053,-0.681,-0.232,0.323,-40.42,-76.214,-55.824,-0.22,-0.07,0.342,-215.115,-53.588,-65.115,-0.164,-0.177,0.553,-250.137,-24.351,-65.267,0.156,-0.417,0.76,-29.656,-23.16,-3.473,derecha
1780983782.0177011,-0.738,-0.2,0.54,2.573,9.405,-0.153,-0.679,-0.325,0.599,-7.794,1.038,2.832,-0.34,-0.338,0.818,12.168,8.718,1.756,-0.234,-0.364,0.867,-17.076,6.763,-7.115,0.169,-0.411,0.753,-5.71,-3.58,-0.916,derecha
1780983782.1219294,-0.843,-0.168,0.544,-1.29,0.695,-1.802,-0.681,-0.328,0.581,-7.458,-0.298,-0.908,-0.328,-0.372,0.884,-1.947,-1.878,-0.206,-0.266,-0.422,0.935,0.672,7.366,-1.191,0.176,-0.426,0.76,-0.198,2.527,0.145,derecha
1780983782.224334,-0.836,-0.17,0.545,-0.824,2.061,-0.824,-0.686,-0.326,0.594,-6.947,0.557,-0.847,-0.329,-0.378,0.887,-2.206,1.237,0.099,-0.26,-0.426,0.931,0.58,7.168,-0.672,0.176,-0.429,0.766,-0.221,2.588,-0.214,derecha
1780983782.3260722,-0.829,-0.168,0.531,-1.061,2.962,-0.366,-0.716,-0.327,0.592,-7.176,0.725,0.901,-0.376,-0.373,0.945,-1.099,-1.389,1.176,-0.248,-0.425,0.903,0.718,6.802,-1.015,0.193,-0.429,0.767,0.244,4.588,0.679,derecha
1780983785.11499,-0.836,-0.167,0.546,-1.099,1.267,-1.588,-0.687,-0.332,0.596,-6.672,-0.229,-0.656,-0.325,-0.378,0.887,-0.397,-0.16,-0.412,-0.265,-0.427,0.913,1.42,7.176,-0.763,0.181,-0.414,0.763,-1.687,1.351,0.076,derecha
1780983785.2167122,-0.834,-0.171,0.549,-0.901,0.992,-0.115,-0.679,-0.326,0.603,-6.977,0.725,0.542,-0.323,-0.384,0.888,-0.168,1.198,0.45,-0.259,-0.432,0.918,1.603,7.931,-0.015,0.18,-0.426,0.768,0.359,3.366,0.061,derecha
1780983785.319145,-0.833,-0.168,0.544,-1.397,1.107,-1.58,-0.685,-0.327,0.591,-6.71,0.008,-0.878,-0.33,-0.375,0.887,-0.588,-0.641,-0.847,-0.264,-0.432,0.92,1.611,6.473,-0.954,0.191,-0.428,0.765,-1.023,1.527,0.344,derecha
1780983785.4170501,-0.829,-0.167,0.549,-0.183,0.252,-1.252,-0.688,-0.331,0.597,-6.634,0.29,-0.405,-0.328,-0.386,0.887,-0.473,-0.603,-0.763,-0.262,-0.437,0.917,1.58,7.595,-0.588,0.161,-0.45,0.772,-1.008,2.443,0.382,derecha
1780983785.5174978,-0.823,-0.17,0.556,-1.344,-0.023,-1.344,-0.682,-0.324,0.603,-6.931,0.794,0.29,-0.33,-0.38,0.887,-0.122,1.733,0.595,-0.266,-0.436,0.937,2.412,8.809,0.198,0.176,-0.416,0.76,-0.397,1.786,-0.321,derecha
1780983785.6206138,-0.822,-0.176,0.555,0.214,-1.229,1.786,-0.721,-0.288,0.69,-8.733,1.466,-0.725,-0.352,-0.414,0.909,107.893,22.26,47.313,-0.381,-0.601,1.335,125.458,25.84,49.458,0.174,-0.421,0.754,8.832,3.221,1.702,derecha
1780983785.7309623,-0.841,-0.172,0.553,8.786,29.679,12.496,-0.859,-0.325,0.521,14.687,71.527,28.756,-0.402,-0.027,0.606,101.069,47.534,31.359,-0.38,0.037,0.67,115.092,-0.084,34.053,0.127,-0.384,0.762,11.947,5.634,-0.153,derecha
1780983785.8288634,-0.794,-0.134,0.512,-1.374,18.794,-1.962,-0.77,-0.21,0.409,2.061,5.992,12.695,-0.505,0.042,0.859,35.649,13.305,5.771,-0.349,0.087,0.956,28.221,10.061,1.763,0.16,-0.389,0.78,-0.802,3.802,0.198,derecha
1780983785.929967,-0.85,-0.161,0.541,19.908,-0.023,-7.847,-0.776,-0.268,0.496,-0.916,-0.542,-0.191,-0.483,0.054,0.927,5.107,0.153,-8.313,-0.384,0.026,1.089,3.015,6.481,-6.908,0.154,-0.403,0.798,-3.412,0.817,1.031,derecha
1780983786.0375772,-0.821,-0.13,0.498,-2.405,-1.038,-6.382,-0.76,-0.256,0.525,-9.679,-3.061,-9.45,-0.452,0.055,0.894,-10.992,-1.252,-8.695,-0.347,0.074,0.998,-20.206,5.183,-10.664,0.144,-0.39,0.787,-1.939,5.611,1.611,derecha
1780983786.1360455,-0.872,-0.13,0.518,-7.443,-19.191,-13.405,-0.573,-0.202,0.359,-38.786,-59.58,-63.359,-0.337,0.015,0.403,-177.885,-62.756,-45.634,-0.276,-0.015,0.563,-216.664,-22.504,-56.534,0.137,-0.389,0.747,-28.878,-26.901,-5.031,derecha
1780983786.2444243,-0.802,-0.047,0.535,2.084,-5.45,-0.099,-0.746,-0.282,0.361,-11.664,17.115,-1.313,-0.005,-0.393,0.957,-30.069,8.802,-2.137,-0.267,-0.324,0.633,3.435,0.779,1.45,0.199,-0.45,0.761,5.878,3.473,-0.771,derecha
1780983786.3516161,-0.831,-0.159,0.552,-0.099,1.748,-0.473,-0.678,-0.322,0.604,-7.13,0.466,-0.542,-0.331,-0.371,0.892,-2.252,-0.71,0.168,-0.269,-0.425,0.924,-0.718,6.229,-0.641,0.18,-0.427,0.763,0.206,2.496,-0.16,derecha
1780983786.450483,-0.834,-0.162,0.554,-0.794,1.656,-1.344,-0.68,-0.321,0.597,-7.046,0.656,-0.542,-0.327,-0.373,0.886,-1.267,-0.16,0.351,-0.266,-0.425,0.925,0.718,5.397,-0.939,0.18,-0.429,0.764,-0.718,2.145,0.008,derecha
1780983786.5526614,-0.833,-0.163,0.553,-0.107,1.817,0.092,-0.685,-0.323,0.6,-6.679,0.656,0.305,-0.33,-0.371,0.888,-0.076,0.603,1.42,-0.27,-0.427,0.925,0.145,7.687,-0.611,0.176,-0.422,0.77,0.504,2.496,-0.061,derecha
1780983786.6507897,-0.833,-0.161,0.56,-1.046,0.588,-1.168,-0.682,-0.323,0.595,-7.137,-0.031,-0.634,-0.331,-0.37,0.891,-0.695,-0.344,0.023,-0.266,-0.426,0.927,1.664,5.802,-1.221,0.182,-0.426,0.76,-0.664,2.389,0.107,derecha
1780983786.7599342,-0.838,-0.167,0.557,-0.298,0.908,-0.565,-0.683,-0.322,0.599,-6.519,0.267,-0.695,-0.333,-0.374,0.892,-0.489,-0.855,-0.458,-0.26,-0.423,0.919,1.313,5.45,-1.145,0.184,-0.432,0.757,-0.977,1.191,-0.237,derecha
1780983786.8680618,-0.827,-0.163,0.556,0.107,1.565,0.443,-0.685,-0.324,0.596,-6.611,-0.267,-0.389,-0.325,-0.372,0.881,0.29,0.611,-0.382,-0.272,-0.431,0.92,2.168,4.344,-0.718,0.181,-0.433,0.768,-0.779,1.435,-0.763,derecha
1780983786.9647064,-0.829,-0.163,0.559,-1.252,1.489,-1.748,-0.682,-0.324,0.603,-6.679,0.015,-0.702,-0.332,-0.378,0.889,-1.252,-0.16,-0.366,-0.267,-0.432,0.921,1.244,6.947,-1.626,0.175,-0.422,0.763,-2.191,0.481,0.092,derecha
1780983789.6468544,-0.827,-0.165,0.563,-0.992,1.351,-0.588,-0.681,-0.32,0.597,-6.931,0.626,-0.336,-0.328,-0.38,0.889,-0.595,0.924,-0.237,-0.262,-0.438,0.913,1.595,7.45,0.061,0.185,-0.42,0.763,-0.397,2.565,-0.023,derecha
1780983789.7500648,-0.826,-0.163,0.57,-1.122,1.023,-0.802,-0.679,-0.32,0.59,-7.023,0.832,-0.595,-0.33,-0.38,0.886,-0.573,0.008,0.153,-0.269,-0.438,0.917,1.725,6.901,-0.489,0.185,-0.43,0.763,-0.641,2.038,-0.267,derecha
1780983789.8498976,-0.824,-0.161,0.565,-0.656,1.656,-1.16,-0.682,-0.318,0.594,-7.008,0.382,-0.359,-0.329,-0.38,0.886,-0.45,0.176,0.344,-0.257,-0.439,0.925,1.924,6.733,0.435,0.18,-0.429,0.767,0.519,3.725,-0.076,derecha
1780983789.9528048,-0.829,-0.166,0.565,-0.87,1.328,-0.863,-0.68,-0.322,0.602,-6.374,0.634,-0.076,-0.338,-0.372,0.884,-0.229,0.031,-0.229,-0.261,-0.436,0.924,1.687,6.595,0.275,0.18,-0.427,0.759,0.496,3.092,0.176,derecha
1780983790.0508027,-0.833,-0.166,0.557,-1.13,1.366,-0.847,-0.684,-0.322,0.598,-6.985,0.137,-0.634,-0.332,-0.379,0.883,-0.069,0.115,0.145,-0.264,-0.435,0.912,1.573,5.931,-0.389,0.183,-0.427,0.76,-0.244,2.0,-0.443,derecha
1780983790.1558368,-0.824,-0.162,0.561,-0.573,1.443,-0.191,-0.678,-0.324,0.604,-6.992,0.328,-0.069,-0.331,-0.377,0.893,-0.435,0.351,0.672,-0.27,-0.436,0.923,1.794,7.244,-0.427,0.182,-0.427,0.764,-0.351,2.084,0.099,derecha
1780983790.268448,-0.828,-0.164,0.56,-1.115,1.351,-1.099,-0.683,-0.321,0.607,-6.687,0.069,-0.435,-0.326,-0.38,0.886,-0.015,-0.214,0.313,-0.266,-0.44,0.923,1.969,7.389,0.405,0.183,-0.424,0.77,-0.053,2.534,0.084,derecha
1780983790.3593264,-0.826,-0.162,0.564,-0.664,0.824,-0.954,-0.676,-0.322,0.597,-6.092,-0.985,-0.427,-0.324,-0.379,0.885,0.573,-2.443,1.031,-0.264,-0.436,0.92,3.534,7.649,1.092,0.183,-0.426,0.763,0.779,4.962,0.191,derecha
1780983790.471103,-0.824,-0.164,0.57,-1.573,1.038,-1.733,-0.682,-0.321,0.599,-6.733,0.298,-0.634,-0.325,-0.375,0.892,-0.321,0.084,0.29,-0.269,-0.436,0.924,1.893,7.672,-0.084,0.18,-0.422,0.773,0.344,3.069,0.145,derecha
1780983790.5674117,-0.832,-0.164,0.565,-0.809,2.412,0.878,-0.667,-0.341,0.608,-7.198,8.137,2.626,-0.652,-0.581,1.365,9.015,23.542,11.679,-0.389,-0.659,1.699,136.061,21.397,51.504,0.199,-0.422,0.782,9.557,14.42,7.412,derecha
1780983790.6700137,-0.875,-0.127,0.478,1.618,51.779,21.122,-0.511,-0.138,0.246,0.122,35.779,7.13,-0.536,0.069,0.64,67.145,17.198,23.405,-0.453,-0.08,0.993,97.252,-8.603,25.427,0.136,-0.382,0.799,-13.893,-8.221,-3.42,derecha
1780983790.7786634,-0.865,-0.134,0.502,-3.023,-2.275,-1.595,-0.773,-0.218,0.418,-9.267,-2.13,-1.771,-0.482,0.018,0.911,-0.115,-0.137,3.313,-0.326,0.06,0.978,10.321,6.092,4.305,0.142,-0.404,0.801,-1.649,0.214,-0.069,derecha
1780983790.8779466,-0.858,-0.134,0.513,-0.122,1.092,0.473,-0.782,-0.238,0.452,-5.878,-2.366,-2.023,-0.487,0.038,0.865,-1.511,-0.344,0.672,-0.363,0.055,0.978,1.069,7.374,-2.153,0.136,-0.399,0.796,-1.29,2.954,0.519,derecha
1780983790.9791348,-0.855,-0.134,0.505,-2.038,-1.542,-3.588,-0.782,-0.252,0.484,-10.122,-11.206,-7.847,-0.515,0.052,0.797,-16.618,-6.519,-1.092,-0.341,0.082,0.868,-20.618,-1.969,-9.855,0.134,-0.39,0.777,-5.153,0.588,1.679,derecha
1780983791.0799918,-0.853,-0.157,0.523,-1.557,-13.214,-5.389,-0.812,-0.329,0.587,-13.427,-33.198,-11.29,-0.458,-0.041,0.91,-26.863,-28.435,-3.038,-0.336,-0.135,1.074,-64.947,-9.137,-22.176,0.149,-0.416,0.777,-3.092,-1.29,-0.595,derecha
1780983791.18548,-0.823,-0.149,0.469,-3.603,-30.672,-12.092,-0.559,-0.27,0.716,2.779,-80.641,-7.817,-0.238,-0.347,0.829,-240.588,-78.275,-73.031,-0.145,-0.481,1.159,-223.565,-29.763,-68.16,0.192,-0.43,0.78,-12.389,-5.099,-3.855,derecha
1780983791.2860248,-0.837,-0.157,0.536,-1.16,-0.069,-1.771,-0.686,-0.312,0.572,-6.176,-11.489,-2.351,-0.261,-0.384,0.929,-13.191,-10.076,-2.649,-0.246,-0.427,0.956,2.603,8.763,-0.504,0.164,-0.433,0.75,2.916,5.511,-0.298,derecha
1780983791.4009676,-0.84,-0.167,0.552,-0.443,2.885,-0.443,-0.682,-0.321,0.61,-6.863,1.275,-0.046,-0.325,-0.362,0.892,-1.328,0.115,-0.328,-0.263,-0.421,0.922,0.244,4.939,-1.328,0.179,-0.433,0.77,-0.649,4.42,-0.496,derecha
1780983791.5010805,-0.827,-0.162,0.559,-0.824,1.267,0.443,-0.683,-0.323,0.604,-6.687,0.603,0.023,-0.331,-0.365,0.895,-0.794,-0.275,0.038,-0.259,-0.415,0.931,1.176,6.107,-0.786,0.174,-0.427,0.768,-0.427,2.473,-0.061,derecha
1780983791.6020036,-0.832,-0.161,0.554,-1.595,2.015,-0.626,-0.679,-0.324,0.608,-7.351,0.504,-0.466,-0.333,-0.366,0.885,-1.26,1.321,0.145,-0.271,-0.422,0.928,0.58,6.733,-0.634,0.17,-0.427,0.775,-0.924,1.885,0.321,derecha
1780983794.2808366,-0.831,-0.156,0.555,-1.0,1.893,-0.229,-0.675,-0.322,0.603,-6.908,0.374,-0.611,-0.332,-0.374,0.879,-0.496,0.191,0.359,-0.267,-0.43,0.919,1.573,6.924,-0.313,0.165,-0.431,0.767,-0.817,2.191,0.061,derecha
1780983794.3762143,-0.833,-0.163,0.554,-1.069,0.198,-1.588,-0.679,-0.318,0.597,-6.885,-0.084,-0.931,-0.332,-0.371,0.885,-0.496,0.0,0.267,-0.268,-0.432,0.922,1.481,7.0,-0.489,0.172,-0.421,0.765,-0.389,2.901,-0.122,derecha
1780983794.4881575,-0.833,-0.163,0.558,-1.061,0.702,-1.557,-0.678,-0.323,0.606,-6.748,0.069,-0.58,-0.332,-0.372,0.89,-0.473,-0.573,-0.076,-0.266,-0.434,0.918,1.496,7.389,-0.038,0.172,-0.43,0.767,-0.664,2.122,0.221,derecha
1780983794.5824242,-0.827,-0.161,0.566,-0.817,2.092,-1.038,-0.678,-0.322,0.6,-7.466,0.565,-0.328,-0.335,-0.37,0.888,-1.069,1.221,0.473,-0.269,-0.436,0.918,0.58,7.863,-0.275,0.17,-0.427,0.764,-0.71,2.412,0.489,derecha
1780983794.6892397,-0.832,-0.161,0.553,-1.183,0.473,-1.168,-0.679,-0.319,0.597,-7.023,0.42,-0.115,-0.334,-0.38,0.881,-0.206,0.336,-0.252,-0.27,-0.436,0.92,1.267,7.328,-0.702,0.169,-0.424,0.767,-0.053,3.725,-0.351,derecha
1780983794.788248,-0.832,-0.165,0.553,-0.649,0.947,-0.527,-0.68,-0.324,0.601,-6.901,-0.145,-0.687,-0.334,-0.374,0.884,-0.153,-1.122,0.053,-0.271,-0.432,0.924,1.74,7.282,-0.389,0.173,-0.429,0.769,-0.679,2.168,0.427,derecha
1780983794.9010677,-0.832,-0.162,0.557,-0.053,2.901,0.817,-0.675,-0.323,0.609,-6.908,1.672,0.611,-0.339,-0.377,0.882,0.702,1.267,0.275,-0.272,-0.431,0.917,2.267,6.74,-0.725,0.168,-0.42,0.773,-0.832,0.702,-0.221,derecha
1780983794.9939876,-0.833,-0.163,0.557,-0.947,0.198,-1.435,-0.679,-0.319,0.605,-6.664,0.275,-0.26,-0.345,-0.382,0.899,1.573,1.832,-0.092,-0.266,-0.437,0.937,3.374,9.298,0.16,0.17,-0.426,0.769,0.237,2.588,-0.756,derecha
1780983795.1018748,-0.834,-0.164,0.554,3.115,-0.496,0.977,-0.67,-0.312,0.608,-5.168,28.481,1.534,-0.332,-0.346,1.061,137.695,34.443,48.397,-0.333,-0.444,1.148,143.817,15.229,37.313,0.187,-0.436,0.75,7.16,13.008,3.756,derecha
1780983795.2077644,-0.812,-0.166,0.568,1.725,27.557,11.145,-0.78,-0.316,0.49,13.779,58.931,29.275,-0.414,0.01,0.656,85.092,37.992,21.511,-0.319,0.0,0.747,94.595,30.779,24.053,0.12,-0.379,0.781,12.275,1.076,-0.015,derecha
1780983795.3154743,-0.862,-0.122,0.525,-7.672,18.779,0.412,-0.772,-0.251,0.488,6.122,29.031,19.183,-0.52,0.045,0.823,38.176,17.519,12.229,-0.365,0.068,0.887,48.206,22.122,16.855,0.143,-0.364,0.783,6.221,0.832,-2.74,derecha
1780983795.4116256,-0.876,-0.144,0.494,-5.198,19.336,2.382,-0.817,-0.241,0.453,-0.756,13.519,12.435,-0.518,0.122,0.76,13.748,4.687,5.344,-0.363,0.134,0.884,10.176,4.481,3.29,0.129,-0.358,0.762,-4.16,-0.725,-2.45,derecha
1780983795.5132046,-0.87,-0.144,0.483,0.42,5.992,0.527,-0.758,-0.206,0.41,-10.282,-1.359,-6.298,-0.44,0.129,0.732,-20.359,-8.206,-12.435,-0.35,0.149,0.816,-28.458,-1.069,-9.794,0.158,-0.38,0.783,-7.733,4.099,1.038,derecha
1780983795.6230824,-0.875,-0.153,0.524,-0.992,-51.931,-9.336,0.512,0.427,0.69,19.42,-118.275,-26.389,-0.301,-0.449,0.308,-250.137,-115.206,-84.779,-0.141,-0.442,0.824,-250.137,-25.198,-79.191,0.201,-0.475,0.794,-8.145,-21.557,-5.901,derecha
1780983795.7152712,-0.895,-0.155,0.509,4.985,6.191,2.137,-0.686,-0.32,0.597,-7.618,2.237,-1.389,-0.28,-0.366,0.92,-12.702,-10.855,-2.458,-0.271,-0.427,0.93,0.221,-14.649,-1.511,0.191,-0.431,0.776,-3.458,3.061,-0.427,derecha
1780983795.825912,-0.831,-0.167,0.554,-0.382,3.168,0.099,-0.673,-0.32,0.597,-7.214,2.344,0.206,-0.334,-0.371,0.883,-0.611,4.137,1.489,-0.258,-0.428,0.924,-0.122,7.588,0.679,0.178,-0.418,0.757,-1.038,2.985,0.099,derecha
1780983795.921534,-0.839,-0.168,0.541,-1.153,2.656,-0.748,-0.68,-0.324,0.603,-7.656,1.786,-0.023,-0.335,-0.375,0.886,-0.634,2.725,1.275,-0.263,-0.426,0.929,-1.16,6.305,-0.382,0.173,-0.427,0.765,-0.466,2.42,0.557,derecha
1780983796.024205,-0.836,-0.164,0.552,-1.038,1.954,-0.962,-0.684,-0.325,0.595,-7.496,0.55,-0.397,-0.333,-0.375,0.887,-1.092,1.382,0.489,-0.27,-0.427,0.923,0.107,6.489,0.176,0.173,-0.422,0.763,0.313,3.0,0.046,derecha
1780983796.1478426,-0.836,-0.158,0.545,-1.076,1.985,-0.916,-0.683,-0.322,0.592,-7.115,0.824,-0.466,-0.336,-0.376,0.887,-1.405,0.427,0.183,-0.264,-0.432,0.924,0.847,8.107,-0.115,0.174,-0.427,0.773,-1.214,2.351,0.42,derecha
1780983796.2303674,-0.837,-0.167,0.544,-0.275,1.511,0.359,-0.684,-0.324,0.592,-6.443,0.725,0.107,-0.33,-0.374,0.886,-0.809,-0.908,-0.206,-0.269,-0.435,0.927,1.382,7.702,-0.321,0.176,-0.424,0.767,-0.053,2.756,0.153,derecha
1780983798.917262,-0.836,-0.167,0.552,-0.649,1.885,-0.275,-0.682,-0.324,0.6,-6.977,0.435,-0.397,-0.341,-0.381,0.875,-0.695,0.405,0.427,-0.263,-0.444,0.918,1.359,7.603,-0.321,0.173,-0.432,0.762,-0.634,1.336,0.13,derecha
1780983799.0113611,-0.84,-0.159,0.539,-0.87,1.847,-0.366,-0.683,-0.323,0.599,-6.817,0.603,-0.359,-0.34,-0.379,0.877,-0.053,0.405,0.214,-0.268,-0.438,0.92,1.443,6.977,-0.595,0.165,-0.435,0.767,-0.26,2.733,0.191,derecha
1780983799.114467,-0.836,-0.161,0.546,-0.832,1.069,-1.206,-0.681,-0.319,0.604,-7.008,-0.046,-0.962,-0.337,-0.381,0.884,-0.374,-0.832,0.282,-0.265,-0.443,0.915,1.534,6.931,-1.023,0.172,-0.434,0.768,-0.206,2.885,-0.366,derecha
1780983799.217062,-0.835,-0.164,0.548,-1.298,1.427,-1.046,-0.684,-0.322,0.6,-6.87,0.458,-0.252,-0.338,-0.381,0.88,-0.511,0.137,0.427,-0.271,-0.445,0.921,1.137,6.725,-0.55,0.172,-0.431,0.772,-0.641,1.611,-0.015,derecha
1780983799.3220117,-0.839,-0.161,0.55,0.16,1.366,0.244,-0.675,-0.319,0.6,-6.344,-0.374,-0.382,-0.341,-0.376,0.877,1.053,-2.481,-0.038,-0.273,-0.437,0.917,3.008,5.695,0.603,0.174,-0.423,0.772,-0.733,1.466,-0.198,derecha
1780983799.4237363,-0.826,-0.157,0.568,0.565,-0.489,0.779,-0.685,-0.329,0.591,-1.214,-1.313,1.603,-0.37,-0.354,0.972,27.076,27.649,6.573,-0.199,-0.395,1.004,149.191,25.015,75.183,0.177,-0.408,0.751,12.359,3.206,3.206,derecha
1780983799.5271153,-0.864,-0.16,0.533,6.42,14.809,6.344,-0.805,-0.354,0.606,-7.916,71.176,26.42,-0.383,0.027,0.557,106.916,46.176,18.656,-0.318,-0.025,0.712,87.954,18.634,20.527,0.141,-0.376,0.773,3.725,0.985,0.229,derecha
1780983799.6295311,-0.859,-0.146,0.542,9.672,17.328,8.718,-0.786,-0.272,0.492,2.878,26.489,12.267,-0.479,0.005,0.964,36.382,17.313,11.687,-0.372,0.071,0.984,43.069,8.176,1.985,0.162,-0.397,0.802,4.221,2.046,-1.908,derecha
1780983799.7392895,-0.847,-0.145,0.537,-3.237,6.16,0.344,-0.835,-0.278,0.519,-0.908,16.122,6.466,-0.495,0.089,0.835,16.718,9.29,2.427,-0.388,0.109,0.879,12.031,6.443,-4.374,0.155,-0.371,0.773,1.626,-1.351,-0.763,derecha
1780983799.835785,-0.868,-0.152,0.527,-1.947,3.321,-0.924,-0.826,-0.262,0.481,-6.191,-0.58,-2.985,-0.474,0.083,0.874,-5.893,-0.779,-3.359,-0.352,0.079,0.975,-1.282,3.863,-5.282,0.158,-0.391,0.787,-2.55,0.511,-0.847,derecha
1780983799.9491231,-0.848,-0.136,0.52,-8.389,-11.351,-10.87,-0.684,-0.194,0.329,-31.412,-64.397,-40.626,-0.348,0.158,0.373,-119.511,-57.008,-42.573,-0.223,0.064,0.591,-177.542,-9.076,-56.405,0.144,-0.386,0.779,-21.55,-17.107,-1.893,derecha
1780983800.049814,-0.815,-0.187,0.574,-2.786,7.519,-2.702,-0.867,-0.426,0.602,2.985,-44.008,-6.557,-0.89,-0.117,1.252,46.305,43.786,-19.847,0.041,-0.231,0.831,32.534,100.557,41.153,0.148,-0.426,0.688,17.466,-4.557,2.298,derecha
1780983800.1512716,-0.834,-0.171,0.547,0.198,6.321,0.115,-0.676,-0.325,0.61,-8.336,3.305,-0.092,-0.32,-0.37,0.909,-1.87,1.504,0.344,-0.261,-0.415,0.938,-2.557,4.939,-1.641,0.188,-0.423,0.769,-3.023,4.26,0.061,derecha
1780983800.258417,-0.832,-0.168,0.55,-1.198,2.412,0.046,-0.676,-0.323,0.601,-7.588,1.298,0.015,-0.326,-0.375,0.899,-1.275,1.519,0.214,-0.263,-0.421,0.938,0.634,8.214,-0.664,0.176,-0.431,0.767,-0.855,2.198,-0.344,derecha
1780983800.3582146,-0.839,-0.167,0.552,-0.458,2.031,0.244,-0.678,-0.316,0.602,-7.221,0.412,-0.359,-0.322,-0.365,0.889,-1.863,1.099,0.382,-0.269,-0.428,0.916,0.901,7.229,0.641,0.181,-0.419,0.767,-0.55,2.58,0.229,derecha
1780983800.4650388,-0.833,-0.164,0.545,-0.939,1.756,-1.366,-0.684,-0.324,0.607,-6.763,-0.206,-0.679,-0.323,-0.372,0.898,-1.015,0.55,-0.137,-0.262,-0.421,0.929,0.725,6.885,-0.214,0.191,-0.429,0.768,-0.443,3.122,-0.221,derecha
1780983800.567516,-0.836,-0.168,0.539,-1.031,1.748,-0.977,-0.677,-0.325,0.6,-6.84,0.267,-0.015,-0.329,-0.369,0.885,-0.504,-0.351,0.046,-0.272,-0.427,0.917,1.45,6.824,-0.87,0.18,-0.424,0.767,-1.618,1.473,0.16,derecha
1780983800.66811,-0.836,-0.17,0.555,-1.069,1.901,-0.504,-0.684,-0.324,0.593,-6.405,0.702,-0.321,-0.329,-0.372,0.886,-0.405,0.733,0.779,-0.268,-0.426,0.925,0.947,6.588,-0.55,0.178,-0.426,0.764,-0.557,2.176,0.038,derecha
1780983800.7627065,-0.832,-0.159,0.547,-0.779,1.969,-1.649,-0.679,-0.319,0.605,-7.344,0.237,-0.901,-0.326,-0.374,0.888,-1.13,0.298,-0.198,-0.268,-0.429,0.927,1.153,6.947,-0.702,0.174,-0.428,0.76,-0.527,2.863,-0.153,derecha
1780983800.8656144,-0.836,-0.167,0.55,-1.611,1.489,-1.237,-0.679,-0.326,0.594,-7.244,0.267,-0.458,-0.323,-0.374,0.886,-0.802,0.183,0.229,-0.264,-0.433,0.924,0.252,6.954,-0.656,0.177,-0.424,0.761,-0.977,2.267,0.313,derecha
1780983803.5468569,-0.816,-0.157,0.569,-2.122,2.061,-1.519,-0.681,-0.329,0.597,-8.725,2.336,-0.527,-0.345,-0.382,0.874,-1.122,4.481,0.687,-0.287,-0.445,0.906,1.252,6.779,-1.046,0.172,-0.426,0.755,-2.534,-1.893,-1.115,derecha
1780983803.6466525,-0.825,-0.16,0.561,-1.031,-0.382,-1.267,-0.677,-0.322,0.61,-7.076,0.832,-0.389,-0.329,-0.381,0.883,-0.855,3.0,0.855,-0.27,-0.442,0.914,1.168,9.87,0.519,0.171,-0.422,0.755,-0.878,3.275,-0.252,derecha
1780983803.7531435,-0.834,-0.165,0.542,-0.962,0.198,-0.137,-0.68,-0.323,0.604,-6.504,0.595,0.656,-0.327,-0.38,0.887,0.115,0.718,0.756,-0.26,-0.437,0.912,1.328,9.115,0.573,0.173,-0.425,0.77,-0.595,3.756,0.29,derecha
1780983803.8622897,-0.84,-0.164,0.54,-0.687,0.763,-1.206,-0.682,-0.324,0.6,-6.893,-0.26,-0.641,-0.328,-0.387,0.892,-0.305,-0.962,-0.496,-0.262,-0.439,0.923,1.786,6.58,-0.786,0.177,-0.429,0.757,-0.321,2.565,-0.137,derecha
1780983803.9653523,-0.84,-0.171,0.549,-1.092,1.305,-0.847,-0.679,-0.324,0.6,-6.267,-0.824,0.397,-0.315,-0.382,0.896,2.435,1.939,0.099,-0.258,-0.436,0.923,4.885,9.412,2.023,0.179,-0.432,0.764,0.481,3.84,0.237,derecha
1780983804.07232,-0.831,-0.163,0.558,1.137,4.748,2.305,-0.689,-0.462,0.584,-6.84,52.557,5.809,-0.236,-0.195,0.692,132.969,54.366,43.855,-0.212,-0.321,0.842,124.435,40.885,33.038,0.158,-0.416,0.775,14.0,20.473,4.992,derecha
1780983804.1619446,-0.855,-0.155,0.542,5.107,28.939,8.534,-0.768,-0.294,0.496,9.26,57.817,26.603,-0.446,0.038,0.656,67.618,38.802,13.962,-0.286,0.047,0.75,71.611,25.015,14.435,0.139,-0.375,0.778,8.229,5.206,0.832,derecha
1780983804.2641292,-0.798,-0.134,0.5,-1.26,21.542,0.504,-0.765,-0.25,0.469,1.786,22.664,11.481,-0.494,0.077,0.811,31.252,14.237,11.267,-0.304,0.081,0.84,32.634,15.412,10.0,0.15,-0.375,0.771,2.641,-1.427,-1.908,derecha
1780983804.367835,-0.871,-0.182,0.54,0.626,19.053,-2.305,-0.854,-0.26,0.472,7.718,10.496,19.084,-0.539,0.078,0.881,25.618,3.618,8.366,-0.394,0.065,0.926,28.87,9.382,7.527,0.156,-0.387,0.785,3.168,-0.985,-1.252,derecha
1780983804.4710014,-0.89,-0.144,0.51,-0.053,14.198,-8.26,-0.863,-0.237,0.472,-9.969,9.435,-6.015,-0.551,0.087,0.905,-2.023,3.13,-4.084,-0.419,0.044,0.978,-0.122,6.061,-3.527,0.146,-0.395,0.792,-3.282,-1.374,-1.229,derecha
1780983804.5864275,-0.866,-0.157,0.472,-7.252,0.824,-1.565,-0.903,-0.285,0.485,-7.244,-4.298,-10.481,-0.578,0.035,0.92,-9.397,-5.382,-3.084,-0.377,0.026,0.976,-6.092,-2.618,-1.221,0.148,-0.398,0.785,-2.511,-3.725,-2.16,derecha
1780983804.676961,-0.865,-0.144,0.505,-2.603,-28.527,-8.511,-0.74,-0.268,0.438,-36.305,-69.198,-55.214,-0.49,-0.124,1.151,-92.672,-42.985,-25.947,-0.284,-0.162,1.102,-122.511,-15.901,-33.458,0.177,-0.428,0.792,-17.366,-10.534,-2.695,derecha
1780983804.7907813,-0.835,-0.153,0.541,-6.611,-27.618,-6.267,-0.648,-0.341,0.667,2.183,-77.534,-1.153,-0.224,-0.459,1.034,-221.901,-71.939,-84.359,-0.309,-0.567,1.234,-182.534,-33.542,-61.015,0.194,-0.432,0.786,-10.282,2.725,-2.023,derecha
1780983804.8912647,-0.831,-0.165,0.552,-3.809,-3.099,-3.595,-0.666,-0.324,0.617,-6.832,-10.405,-2.137,-0.328,-0.384,0.902,-0.901,-0.206,0.015,-0.243,-0.412,0.95,1.42,11.229,-0.443,0.174,-0.431,0.765,2.924,-0.412,-0.55,derecha
1780983804.9925454,-0.833,-0.167,0.548,-0.519,2.969,0.214,-0.676,-0.325,0.612,-7.16,1.359,-0.038,-0.328,-0.37,0.893,-2.145,-0.756,-0.397,-0.26,-0.422,0.935,0.061,6.504,-0.794,0.184,-0.432,0.769,-0.321,3.069,0.076,derecha
1780983805.0885055,-0.838,-0.163,0.542,-0.458,2.229,-0.267,-0.675,-0.322,0.604,-7.183,0.618,-0.611,-0.33,-0.373,0.893,-1.221,-0.145,-0.542,-0.263,-0.42,0.925,1.336,6.74,-1.313,0.182,-0.433,0.758,-0.87,2.397,0.023,derecha
1780983805.1997716,-0.834,-0.167,0.547,-1.244,1.038,-1.855,-0.682,-0.33,0.603,-7.183,0.13,-1.031,-0.33,-0.371,0.894,-0.565,-0.718,-0.26,-0.26,-0.422,0.933,1.71,5.649,-1.359,0.183,-0.431,0.759,-0.519,2.252,-0.634,derecha
1780983805.3060489,-0.832,-0.167,0.549,-0.679,1.817,-0.771,-0.669,-0.327,0.601,-7.061,0.481,-0.328,-0.333,-0.373,0.886,-1.023,1.397,0.382,-0.261,-0.426,0.926,1.374,6.733,-0.527,0.173,-0.433,0.764,-1.321,1.015,-0.084,derecha
1780983805.4103146,-0.836,-0.165,0.55,-0.573,1.122,-0.855,-0.678,-0.32,0.603,-6.969,0.565,-0.145,-0.336,-0.375,0.894,-0.687,1.374,0.282,-0.272,-0.43,0.918,0.649,7.145,-0.679,0.189,-0.432,0.755,-0.992,1.802,-0.145,derecha
1780983805.5008886,-0.825,-0.16,0.564,-0.824,-1.176,-1.901,-0.676,-0.325,0.62,-7.313,0.023,-0.863,-0.328,-0.376,0.89,-1.115,0.679,0.74,-0.275,-0.429,0.926,0.656,9.947,0.023,0.172,-0.424,0.766,-1.015,3.779,-0.42,derecha
1780983808.1851032,-0.834,-0.168,0.546,-0.611,1.359,-0.855,-0.677,-0.326,0.603,-7.092,0.725,-0.221,-0.331,-0.376,0.891,-0.427,-0.107,-0.16,-0.262,-0.436,0.916,1.672,7.13,-0.092,0.174,-0.427,0.759,-1.137,1.931,0.298,derecha
1780983808.2816498,-0.832,-0.166,0.551,-0.733,2.168,-0.244,-0.685,-0.321,0.601,-6.496,0.519,-0.42,-0.333,-0.38,0.884,-0.519,0.443,0.183,-0.264,-0.434,0.918,1.603,6.641,-0.435,0.171,-0.432,0.766,-0.565,1.947,-0.038,derecha
1780983808.385944,-0.839,-0.166,0.553,-0.641,1.305,-1.176,-0.675,-0.325,0.611,-7.221,0.214,-1.0,-0.332,-0.378,0.885,-0.641,-0.649,-0.481,-0.264,-0.438,0.928,1.695,6.0,-0.473,0.18,-0.434,0.762,-0.405,2.725,-0.389,derecha
1780983808.487815,-0.833,-0.169,0.551,-1.046,1.519,-0.87,-0.677,-0.324,0.605,-7.092,0.092,-0.626,-0.335,-0.377,0.885,-0.504,0.748,0.214,-0.26,-0.437,0.926,1.74,7.282,-0.305,0.177,-0.428,0.761,-0.771,1.802,0.092,derecha
1780983808.60067,-0.841,-0.16,0.551,-0.359,1.084,0.695,-0.678,-0.322,0.601,-6.786,0.679,0.153,-0.332,-0.373,0.887,-0.611,-0.435,-0.061,-0.264,-0.433,0.923,1.527,6.977,-0.496,0.177,-0.434,0.764,-0.718,2.084,0.0,derecha
1780983808.7015,-0.833,-0.17,0.546,-0.855,1.0,-1.069,-0.68,-0.323,0.604,-6.794,0.504,-0.351,-0.33,-0.377,0.887,-0.458,-0.687,-0.13,-0.262,-0.434,0.921,1.504,6.733,-0.756,0.173,-0.435,0.759,-0.008,3.061,-0.374,derecha
1780983808.7974358,-0.839,-0.164,0.553,-0.954,2.092,-0.985,-0.678,-0.324,0.598,-6.763,0.374,-0.214,-0.331,-0.38,0.882,-0.489,0.412,0.305,-0.26,-0.436,0.927,1.832,6.725,-0.336,0.183,-0.426,0.764,-0.336,1.511,0.061,derecha
1780983808.9076276,-0.841,-0.168,0.545,-0.038,0.275,0.435,-0.678,-0.322,0.601,-5.374,3.42,1.573,-0.364,-0.362,1.084,15.969,3.137,6.977,-0.263,-0.571,1.247,57.061,18.878,33.137,0.18,-0.417,0.765,0.0,0.885,3.458,derecha
1780983809.0030313,-0.819,-0.157,0.555,5.824,9.427,4.58,-0.85,-0.354,0.526,-15.557,73.672,16.519,-0.344,-0.14,0.9,127.924,60.107,24.74,-0.329,-0.273,1.079,152.42,27.611,33.916,0.158,-0.401,0.786,11.069,10.718,1.534,derecha
1780983809.1066337,-0.811,-0.173,0.479,-6.191,9.427,-5.84,-0.796,-0.299,0.497,6.015,27.443,17.015,-0.504,0.058,0.833,40.389,20.061,13.748,-0.356,0.018,0.961,60.198,16.092,13.053,0.156,-0.388,0.792,1.84,3.573,-0.038,derecha
1780983809.2095242,-0.867,-0.145,0.494,-2.092,4.511,-2.954,-0.781,-0.232,0.441,-7.962,-4.168,1.748,-0.477,0.057,0.937,0.695,-1.435,9.031,-0.341,0.071,1.025,7.939,5.672,1.427,0.159,-0.395,0.803,-0.809,2.237,0.557,derecha
1780983809.3231165,-0.862,-0.15,0.509,-2.45,0.053,-2.924,-0.794,-0.253,0.474,-10.466,-2.397,-4.916,-0.498,0.089,0.821,-13.298,-5.962,-1.435,-0.355,0.091,0.93,-13.084,1.0,-3.527,0.145,-0.38,0.781,-4.504,-0.397,0.771,derecha
1780983809.422958,-0.864,-0.139,0.499,-3.71,-7.649,-4.405,-0.717,-0.207,0.381,-20.405,-29.176,-26.511,-0.377,0.13,0.554,-78.038,-30.137,-22.252,-0.308,0.088,0.68,-91.969,-16.42,-22.664,0.15,-0.394,0.774,-16.397,-5.985,-0.099,derecha
1780983809.5325046,-0.825,-0.181,0.558,-2.885,-26.053,-5.321,-0.658,-0.328,0.642,0.702,-77.069,-0.023,-0.216,-0.495,0.949,-206.702,-63.275,-76.237,-0.25,-0.516,1.231,-185.695,-22.511,-64.534,0.196,-0.434,0.781,-4.595,6.718,-2.374,derecha
1780983809.6213558,-0.827,-0.17,0.552,-0.237,-0.473,-2.702,-0.702,-0.325,0.57,-7.313,-3.947,-1.962,-0.319,-0.371,0.912,-5.176,-6.84,-2.137,-0.468,-0.833,1.441,-43.458,-15.71,-18.214,0.155,-0.424,0.8,0.534,-1.321,-0.481,derecha
1780983809.723918,-0.835,-0.165,0.544,-0.878,3.863,-0.588,-0.68,-0.325,0.595,-7.275,0.534,-0.557,-0.33,-0.368,0.885,-0.962,-0.588,-0.305,-0.269,-0.424,0.919,0.397,4.733,-0.282,0.181,-0.424,0.764,-0.901,3.71,-0.305,derecha
1780983809.8270493,-0.832,-0.167,0.548,-0.519,2.221,0.244,-0.674,-0.326,0.606,-6.74,0.924,0.366,-0.327,-0.372,0.887,-0.687,1.0,0.489,-0.267,-0.426,0.92,0.969,8.466,0.214,0.181,-0.431,0.757,-0.641,2.328,-0.137,derecha
1780983809.9469695,-0.833,-0.167,0.549,-1.611,1.763,-0.916,-0.683,-0.326,0.599,-6.87,0.267,-0.466,-0.332,-0.375,0.887,-0.511,-0.008,-0.137,-0.266,-0.423,0.927,1.244,6.389,-0.58,0.184,-0.426,0.763,-0.534,2.305,-0.137,derecha
1780983810.0409179,-0.836,-0.161,0.547,-0.954,0.519,-0.481,-0.677,-0.322,0.603,-6.901,0.13,-0.588,-0.326,-0.369,0.896,-0.924,-0.145,-0.374,-0.263,-0.427,0.932,1.489,6.824,-0.046,0.177,-0.423,0.763,0.0,3.344,0.229,derecha
1780983810.13625,-0.834,-0.163,0.553,-0.656,2.076,-0.198,-0.676,-0.328,0.608,-7.13,0.702,0.573,-0.33,-0.373,0.889,-0.282,0.137,0.878,-0.26,-0.427,0.931,1.053,7.817,0.038,0.181,-0.425,0.772,-0.687,1.664,-0.023,derecha
1780983812.8145776,-0.829,-0.163,0.548,-1.481,1.58,-1.389,-0.679,-0.319,0.608,-6.962,0.275,-0.855,-0.334,-0.375,0.883,-0.557,-0.092,-0.031,-0.26,-0.436,0.917,1.733,7.015,-1.031,0.175,-0.428,0.771,-0.466,2.641,0.069,derecha
1780983812.9169588,-0.834,-0.161,0.552,-0.267,1.046,0.244,-0.677,-0.327,0.601,-6.84,0.74,-0.015,-0.333,-0.38,0.888,-0.511,0.84,0.305,-0.259,-0.44,0.926,1.847,7.244,-0.198,0.18,-0.426,0.762,-0.595,2.481,0.0,derecha
1780983813.019907,-0.84,-0.163,0.55,-1.321,1.664,-1.267,-0.679,-0.32,0.595,-7.076,-0.038,-0.634,-0.342,-0.379,0.883,-0.267,-0.282,-0.13,-0.263,-0.438,0.93,1.763,6.511,-0.878,0.184,-0.43,0.767,-0.519,2.664,-0.206,derecha
1780983813.128547,-0.835,-0.164,0.545,-0.916,1.748,-1.733,-0.676,-0.323,0.595,-7.374,0.496,-0.733,-0.328,-0.378,0.882,-0.58,0.282,0.321,-0.262,-0.44,0.917,1.809,6.786,-0.527,0.177,-0.423,0.769,-0.214,2.695,-0.061,derecha
1780983813.226627,-0.835,-0.169,0.543,-0.992,1.649,-0.481,-0.678,-0.324,0.608,-6.893,0.489,-0.015,-0.334,-0.377,0.882,-0.443,0.992,0.702,-0.261,-0.438,0.919,1.885,7.481,-0.107,0.178,-0.429,0.769,-0.237,2.893,0.046,derecha
1780983813.3419197,-0.838,-0.166,0.549,-1.13,1.16,-0.939,-0.678,-0.321,0.6,-6.496,0.0,-0.725,-0.333,-0.376,0.883,-0.527,-0.672,0.069,-0.259,-0.436,0.92,1.931,6.16,-0.87,0.183,-0.429,0.754,-0.305,2.359,0.053,derecha
1780983813.4448383,-0.839,-0.167,0.543,-0.824,1.534,-0.878,-0.677,-0.327,0.598,-6.962,-0.344,-0.84,-0.336,-0.374,0.882,0.206,-2.634,-0.504,-0.261,-0.436,0.918,3.427,5.542,-0.26,0.185,-0.425,0.761,0.084,3.023,-0.664,derecha
1780983813.5408196,-0.832,-0.152,0.558,0.481,-1.809,1.824,-0.707,-0.311,0.622,-10.244,15.183,1.611,-0.343,-0.383,0.857,179.466,19.214,58.229,-0.263,-0.567,1.117,145.336,31.618,49.038,0.176,-0.437,0.783,14.504,10.756,3.695,derecha
1780983813.6435406,-0.85,-0.157,0.536,2.672,10.321,4.557,-0.75,-0.344,0.603,4.977,61.282,26.053,-0.426,-0.124,0.945,88.695,49.214,15.382,-0.252,-0.076,0.782,120.74,24.351,23.443,0.153,-0.411,0.784,13.679,14.702,1.977,derecha
1780983813.7525792,-0.844,-0.159,0.528,2.718,15.901,4.496,-0.82,-0.302,0.512,5.053,33.382,18.603,-0.471,0.043,0.821,36.969,21.595,8.649,-0.301,0.015,0.926,49.244,25.817,9.863,0.148,-0.384,0.782,5.908,6.954,-0.611,derecha
1780983813.8575754,-0.86,-0.153,0.509,-2.214,16.504,-2.198,-0.81,-0.27,0.474,-1.237,18.214,11.237,-0.522,0.043,0.902,16.901,10.397,3.458,-0.384,0.036,1.055,32.13,16.412,9.435,0.163,-0.399,0.797,3.656,2.802,0.0,derecha
1780983813.9487224,-0.802,-0.123,0.451,-2.473,-1.031,-3.374,-0.776,-0.236,0.486,-13.885,3.282,-4.794,-0.484,0.085,0.865,-5.183,4.397,-3.374,-0.346,0.098,0.98,-3.527,11.13,-0.305,0.147,-0.382,0.783,-0.962,5.74,2.053,derecha
1780983814.0625916,-0.872,-0.143,0.488,-4.282,-11.45,-7.053,-0.744,-0.221,0.41,-21.176,-28.901,-24.443,-0.466,0.064,0.778,-57.748,-19.55,-17.313,-0.353,0.038,0.982,-57.847,-10.634,-15.473,0.133,-0.395,0.793,-12.351,-4.687,1.038,derecha
1780983814.158894,-0.852,-0.148,0.518,-1.779,-30.511,-7.901,-1.748,-0.941,0.812,-31.794,-110.084,-59.939,-0.312,-0.08,0.571,-199.405,-58.977,-56.298,-0.223,-0.296,0.702,-226.145,-24.489,-56.397,0.177,-0.459,0.749,-25.603,-33.603,-7.099,derecha
1780983814.2563155,-0.744,-0.2,0.572,2.58,5.992,0.901,-0.684,-0.325,0.64,-7.718,1.908,0.305,-0.325,-0.336,0.895,2.71,0.634,-1.534,-0.307,-0.479,1.15,-6.626,5.053,-2.573,0.195,-0.425,0.753,-7.069,-3.42,-0.519,derecha
1780983814.368793,-0.834,-0.169,0.549,-1.847,-1.664,-1.16,-0.679,-0.32,0.602,-7.183,-1.084,-0.763,-0.322,-0.38,0.891,-1.733,-0.328,0.198,-0.262,-0.422,0.934,0.58,8.863,-0.198,0.178,-0.424,0.763,0.649,3.321,-0.191,derecha
1780983814.4624212,-0.835,-0.174,0.547,-0.542,1.511,0.198,-0.678,-0.323,0.602,-6.855,0.473,-0.053,-0.324,-0.376,0.886,-1.382,-0.084,0.557,-0.261,-0.426,0.932,0.473,6.626,-0.496,0.178,-0.428,0.765,-0.168,2.603,0.275,derecha
1780983814.5649598,-0.822,-0.165,0.565,-0.618,2.863,-0.527,-0.684,-0.327,0.597,-6.908,0.198,0.328,-0.332,-0.376,0.897,-0.832,-0.397,0.42,-0.258,-0.42,0.922,1.267,6.817,-0.702,0.18,-0.421,0.765,-0.42,2.771,0.015,derecha
1780983814.6736617,-0.834,-0.164,0.557,-0.695,0.87,-1.496,-0.674,-0.322,0.599,-6.992,0.282,-0.87,-0.323,-0.381,0.883,-0.74,-0.405,0.038,-0.26,-0.424,0.936,1.076,6.847,-0.702,0.184,-0.428,0.766,-0.13,3.55,-0.221,derecha
1780983817.448889,-0.834,-0.165,0.55,-1.008,1.84,-0.84,-0.681,-0.325,0.597,-7.374,0.282,-0.611,-0.329,-0.379,0.882,-0.382,-0.015,-0.084,-0.263,-0.436,0.917,1.412,5.779,-0.878,0.187,-0.429,0.758,-1.115,1.305,-0.275,derecha
1780983817.5632913,-0.832,-0.162,0.555,-1.023,0.511,-1.71,-0.682,-0.323,0.598,-7.023,0.359,-0.519,-0.328,-0.379,0.89,-0.534,0.924,0.359,-0.267,-0.441,0.922,1.985,7.565,-0.275,0.174,-0.415,0.763,0.214,3.588,-0.244,derecha
1780983817.6602116,-0.841,-0.165,0.552,-0.885,0.908,-0.916,-0.676,-0.325,0.605,-6.695,0.588,0.0,-0.328,-0.386,0.893,-0.099,0.046,1.038,-0.26,-0.439,0.914,1.588,8.031,0.649,0.182,-0.422,0.77,-0.435,2.855,0.084,derecha
1780983817.762708,-0.84,-0.163,0.547,-0.527,1.389,-0.496,-0.681,-0.321,0.602,-7.0,0.153,-0.679,-0.328,-0.384,0.887,-0.679,-0.221,0.145,-0.264,-0.435,0.92,1.931,7.015,-0.748,0.182,-0.426,0.78,-0.496,2.458,-0.115,derecha
1780983817.8615923,-0.833,-0.164,0.551,-1.344,-0.374,-1.74,-0.679,-0.323,0.599,-5.916,-1.321,-0.634,-0.347,-0.375,0.882,0.901,-4.679,-0.649,-0.255,-0.436,0.926,3.16,5.046,-0.977,0.18,-0.426,0.775,0.344,0.084,-0.511,derecha
1780983817.9649482,-0.817,-0.165,0.546,-0.931,-2.382,1.282,-0.643,-0.312,0.598,-7.107,21.282,0.618,-0.449,-0.469,1.343,137.634,24.71,60.573,-0.212,-0.554,1.177,178.702,21.901,60.458,0.192,-0.433,0.762,15.588,14.87,5.748,derecha
1780983818.0730982,-0.84,-0.151,0.549,2.794,20.206,9.145,-0.74,-0.306,0.57,6.908,64.336,29.855,-0.444,-0.116,0.899,112.244,55.74,20.229,-0.307,-0.014,0.736,136.282,35.679,29.221,0.128,-0.414,0.796,15.656,14.679,0.076,derecha
1780983818.1788385,-0.85,-0.147,0.516,-0.786,9.763,1.893,-0.842,-0.292,0.53,2.863,21.71,10.359,-0.535,0.043,0.854,34.305,16.458,6.672,-0.38,0.004,1.043,36.878,15.863,3.153,0.137,-0.391,0.797,3.534,1.374,-1.824,derecha
1780983818.27346,-0.855,-0.143,0.5,-2.0,0.74,-1.771,-0.775,-0.242,0.471,-5.916,-0.153,-2.55,-0.49,0.071,0.884,3.771,1.542,-0.84,-0.347,0.066,1.0,-0.008,6.832,-2.679,0.152,-0.391,0.791,-3.939,1.969,0.649,derecha
1780983818.3899922,-0.865,-0.15,0.5,-3.16,-1.595,-2.87,-0.797,-0.257,0.48,-10.374,-8.473,-10.275,-0.501,0.061,0.858,-18.145,-6.992,-6.504,-0.367,0.052,0.98,-18.122,1.183,-6.076,0.15,-0.386,0.788,-3.824,1.603,0.786,derecha
1780983818.479552,-0.858,-0.154,0.495,0.718,-30.069,-4.153,-0.712,-0.257,0.409,-37.824,-73.42,-60.397,-0.391,-0.063,0.616,-157.649,-57.695,-37.634,-0.219,-0.147,0.772,-201.573,-26.038,-50.985,0.168,-0.433,0.764,-24.206,-20.244,-4.641,derecha
1780983818.5885682,-0.802,-0.168,0.471,0.855,-2.374,-5.55,-0.621,-0.289,0.716,-10.878,7.107,-6.221,-0.592,-0.329,0.893,-8.13,-18.962,5.153,-0.47,-0.45,0.919,-13.214,-29.053,-4.626,0.123,-0.343,0.701,5.031,-5.26,-0.641,derecha
1780983818.689419,-0.833,-0.162,0.546,0.977,5.931,2.053,-0.682,-0.321,0.594,-6.992,0.756,0.466,-0.332,-0.366,0.89,-4.183,-1.046,-0.412,-0.263,-0.429,0.939,0.237,2.702,-0.344,0.187,-0.423,0.768,-0.656,3.031,0.137,derecha
1780983818.7980018,-0.833,-0.167,0.556,-0.687,1.496,-1.053,-0.675,-0.324,0.606,-7.153,0.427,-0.931,-0.324,-0.375,0.889,-1.252,-0.832,-0.412,-0.269,-0.425,0.923,0.282,4.908,-1.046,0.189,-0.429,0.761,-1.328,3.015,-0.336,derecha
1780983818.8912334,-0.834,-0.17,0.547,-1.13,2.038,-1.183,-0.683,-0.322,0.583,-7.191,-1.42,-0.641,-0.324,-0.373,0.894,-0.282,0.389,0.58,-0.264,-0.427,0.925,0.702,6.573,-0.824,0.182,-0.43,0.767,-0.885,1.74,0.076,derecha
1780983818.9947064,-0.839,-0.169,0.55,-0.168,1.924,0.229,-0.678,-0.321,0.607,-6.847,0.748,0.344,-0.331,-0.376,0.884,-0.397,0.817,0.878,-0.26,-0.424,0.927,1.031,7.534,0.137,0.181,-0.424,0.763,-0.374,2.466,-0.16,derecha
1780983819.1057787,-0.829,-0.161,0.548,-1.252,0.489,-2.046,-0.679,-0.329,0.605,-6.748,-0.145,-0.885,-0.327,-0.375,0.891,-0.809,-0.519,-0.137,-0.259,-0.432,0.922,0.611,6.45,-0.901,0.192,-0.429,0.762,-0.664,2.664,-0.115,derecha
1780983819.207593,-0.832,-0.166,0.548,-1.099,1.672,-1.008,-0.673,-0.322,0.596,-7.191,0.237,-0.649,-0.329,-0.383,0.889,-0.954,0.26,0.176,-0.26,-0.433,0.93,1.16,6.496,-0.771,0.185,-0.423,0.766,-0.45,2.328,-0.137,derecha
1780983819.3040414,-0.835,-0.166,0.553,-1.214,2.023,0.076,-0.676,-0.32,0.606,-6.847,0.939,0.397,-0.329,-0.378,0.891,-0.374,1.153,0.702,-0.256,-0.431,0.932,1.191,9.015,0.015,0.184,-0.424,0.764,-0.779,2.565,-0.099,derecha
1780983822.1003537,-0.839,-0.166,0.552,-0.855,2.008,-1.573,-0.683,-0.328,0.607,-6.809,0.443,-0.557,-0.333,-0.379,0.884,-0.252,0.26,0.366,-0.261,-0.439,0.924,1.847,6.427,-0.588,0.177,-0.427,0.769,-0.313,2.771,0.0,derecha
1780983822.1968772,-0.833,-0.165,0.556,-1.053,1.664,-0.183,-0.678,-0.325,0.597,-6.794,0.542,-0.099,-0.33,-0.377,0.891,-0.008,0.229,0.824,-0.259,-0.436,0.919,1.519,7.511,0.168,0.183,-0.425,0.764,-0.328,2.519,0.16,derecha
1780983822.2982247,-0.835,-0.168,0.55,-0.832,1.145,-0.672,-0.68,-0.325,0.601,-6.702,0.076,-0.786,-0.331,-0.377,0.887,-0.466,-0.573,0.015,-0.264,-0.435,0.926,1.397,7.023,0.015,0.176,-0.425,0.768,-0.611,2.008,-0.115,derecha
1780983822.4000955,-0.832,-0.163,0.549,-0.695,1.832,-1.198,-0.681,-0.328,0.604,-7.336,0.458,-0.794,-0.329,-0.38,0.89,-0.557,0.435,-0.176,-0.261,-0.435,0.926,2.122,6.55,-0.313,0.183,-0.426,0.761,0.458,3.244,-0.267,derecha
1780983822.496438,-0.83,-0.169,0.546,-0.74,2.0,-0.069,-0.677,-0.327,0.598,-7.008,0.542,-0.252,-0.329,-0.382,0.885,-0.366,0.389,0.42,-0.261,-0.438,0.921,1.534,7.282,0.214,0.18,-0.429,0.766,-0.122,2.374,-0.267,derecha
1780983822.6050808,-0.829,-0.169,0.551,-1.046,1.779,0.069,-0.685,-0.325,0.597,-6.588,1.069,0.0,-0.342,-0.389,0.899,1.595,4.695,0.74,-0.739,-0.537,0.984,-3.939,33.42,19.878,0.179,-0.416,0.758,-0.122,1.55,-1.901,derecha
1780983822.7023087,-0.848,-0.167,0.522,3.71,0.534,-0.443,-0.825,-0.366,0.537,-0.634,66.817,13.023,-0.186,-0.182,0.973,123.931,47.55,39.893,-0.322,-0.213,0.998,127.634,20.947,35.351,0.184,-0.415,0.778,8.397,15.71,1.031,derecha
1780983822.8150845,-0.86,-0.127,0.505,6.634,18.473,8.832,-0.726,-0.208,0.397,3.74,21.557,21.771,-0.435,0.0,0.87,54.824,20.122,10.153,-0.36,0.034,1.015,76.344,-6.626,12.405,0.154,-0.399,0.788,-0.351,-0.031,-2.275,derecha
1780983822.9086564,-0.859,-0.116,0.492,-4.534,6.221,0.962,-0.735,-0.2,0.503,-3.679,9.603,5.847,-0.458,0.069,0.9,14.397,5.908,4.626,-0.346,0.11,0.97,20.557,13.382,7.74,0.16,-0.396,0.773,-3.504,4.939,1.748,derecha
1780983823.0288792,-0.867,-0.138,0.497,-0.84,0.725,-2.267,-0.781,-0.211,0.463,-9.878,-2.359,-5.305,-0.496,0.063,0.906,-8.397,-0.183,-2.099,-0.373,0.094,1.029,-1.519,8.534,-1.115,0.16,-0.401,0.795,-1.878,5.763,1.092,derecha
1780983823.1157444,-0.865,-0.145,0.484,-2.542,-3.298,-3.504,-0.781,-0.218,0.471,-11.008,-9.985,-11.763,-0.475,0.062,0.861,-18.305,-8.473,-7.634,-0.353,0.096,0.937,-27.267,0.168,-6.794,0.152,-0.402,0.783,-6.45,1.191,1.069,derecha
1780983823.2179215,-0.864,-0.142,0.495,-2.992,-5.863,-6.809,-0.709,-0.206,0.423,-25.595,-23.817,-27.504,-0.396,0.134,0.51,-73.092,-26.557,-20.664,-0.303,0.129,0.645,-100.031,-5.26,-19.321,0.156,-0.399,0.773,-13.0,-8.191,-0.595,derecha
1780983823.328851,-0.826,-0.178,0.57,-7.176,-29.206,-5.947,-0.609,-0.312,0.615,-2.786,-72.656,-3.313,-0.35,-0.76,1.524,-196.969,-96.863,-85.939,-0.324,-0.857,1.564,-189.008,-9.954,-72.847,0.14,-0.346,0.796,-3.87,8.557,0.687,derecha
1780983823.4294798,-0.828,-0.185,0.537,-2.573,-7.076,-1.908,-0.66,-0.33,0.65,-6.656,-1.298,-0.496,-0.329,-0.384,0.891,4.26,6.74,1.42,-0.293,-0.42,0.913,1.565,16.351,-0.962,0.196,-0.427,0.764,0.924,0.16,-0.099,derecha
1780983823.537886,-0.834,-0.164,0.55,-0.29,1.702,-0.962,-0.678,-0.32,0.602,-6.939,-0.702,-1.145,-0.322,-0.382,0.892,-1.779,-0.771,-0.237,-0.272,-0.421,0.922,0.527,7.206,-1.122,0.188,-0.43,0.761,-0.099,2.244,0.252,derecha
1780983823.630139,-0.837,-0.165,0.553,-1.336,1.29,-2.229,-0.678,-0.328,0.607,-6.992,-0.023,-1.015,-0.325,-0.379,0.892,-1.13,-0.183,-0.061,-0.274,-0.426,0.918,1.359,6.412,-1.0,0.189,-0.434,0.758,-0.313,3.168,-0.183,derecha
1780983823.7390547,-0.829,-0.169,0.549,-0.359,1.405,-0.053,-0.677,-0.325,0.608,-6.885,0.405,-0.206,-0.326,-0.378,0.892,-0.534,0.29,0.519,-0.273,-0.427,0.927,0.763,6.466,-0.763,0.187,-0.431,0.765,-0.893,1.344,0.321,derecha
1780983823.8355863,-0.83,-0.168,0.548,-0.244,2.038,0.298,-0.68,-0.327,0.594,-6.924,0.344,0.145,-0.323,-0.378,0.89,-0.84,-0.229,-0.359,-0.275,-0.425,0.917,0.87,7.389,-0.817,0.181,-0.43,0.757,-0.702,2.565,0.168,derecha
1780983823.9477236,-0.837,-0.167,0.55,-0.954,1.13,-1.634,-0.677,-0.325,0.607,-6.893,0.053,-0.763,-0.324,-0.383,0.89,-0.931,-0.695,-0.458,-0.271,-0.43,0.917,0.87,7.031,-0.275,0.19,-0.43,0.767,-0.557,2.916,-0.015,derecha
1780983824.0489566,-0.836,-0.169,0.548,-0.702,1.031,-0.015,-0.68,-0.33,0.607,-6.802,0.58,-0.153,-0.326,-0.378,0.898,-0.565,-0.145,-0.221,-0.27,-0.428,0.919,0.985,6.847,-0.58,0.189,-0.43,0.761,-0.901,1.985,0.122,derecha
1780983826.7296607,-0.834,-0.163,0.552,-0.435,1.427,-0.702,-0.678,-0.323,0.603,-6.634,0.298,-0.229,-0.324,-0.385,0.887,-0.427,0.458,-0.489,-0.271,-0.439,0.919,1.611,6.427,-0.901,0.189,-0.432,0.761,-0.313,2.931,-0.496,derecha
1780983826.8294904,-0.84,-0.169,0.55,-1.534,2.168,-1.16,-0.677,-0.325,0.602,-7.336,0.504,-0.214,-0.323,-0.381,0.88,-0.214,-0.092,-0.443,-0.272,-0.435,0.917,1.916,6.229,-0.802,0.186,-0.423,0.761,-0.458,2.321,0.0,derecha
1780983826.9322724,-0.836,-0.164,0.541,-0.489,1.412,0.42,-0.676,-0.325,0.605,-6.725,0.985,0.366,-0.327,-0.381,0.883,0.214,0.221,0.542,-0.277,-0.433,0.919,1.939,7.344,0.061,0.18,-0.426,0.757,-0.237,2.466,-0.015,derecha
1780983827.0285938,-0.844,-0.162,0.542,-0.702,1.282,-0.359,-0.676,-0.322,0.609,-6.527,-0.183,-0.435,-0.324,-0.381,0.887,-0.458,-0.443,-0.786,-0.271,-0.437,0.917,1.725,6.443,-0.641,0.184,-0.428,0.765,-0.733,2.55,0.26,derecha
1780983827.1329618,-0.832,-0.164,0.553,-1.29,1.412,-1.855,-0.677,-0.325,0.603,-7.031,-0.031,-0.58,-0.32,-0.389,0.894,-0.42,2.092,0.756,-0.276,-0.443,0.925,2.191,8.969,0.84,0.182,-0.426,0.763,0.557,4.168,-0.023,derecha
1780983827.2442718,-0.822,-0.168,0.552,-0.672,3.756,0.511,-0.653,-0.326,0.612,-9.015,6.336,1.153,-0.325,-0.449,1.082,135.962,36.198,34.221,-0.227,-0.459,1.135,134.115,32.237,47.191,0.177,-0.405,0.763,7.412,15.802,3.962,derecha
1780983827.3380227,-0.858,-0.146,0.517,5.237,33.244,12.038,-0.731,-0.299,0.485,9.084,68.672,40.656,-0.449,-0.057,0.706,108.733,58.244,23.137,-0.187,0.073,0.593,131.176,23.168,30.809,0.149,-0.398,0.767,8.74,7.527,-1.023,derecha
1780983827.4408307,-0.856,-0.151,0.492,-0.595,11.061,-0.496,-0.822,-0.295,0.504,2.611,26.481,13.954,-0.462,0.062,0.817,35.389,18.107,10.679,-0.331,0.119,0.882,33.924,20.489,14.252,0.156,-0.389,0.782,9.115,3.344,-1.29,derecha
1780983827.5533295,-0.866,-0.16,0.491,-1.275,5.198,0.122,-0.825,-0.269,0.476,-3.595,6.74,3.824,-0.516,0.06,0.875,7.153,4.954,1.557,-0.369,0.096,0.934,12.794,10.87,2.695,0.155,-0.394,0.773,1.954,2.588,-1.481,derecha
1780983827.6530342,-0.87,-0.143,0.484,-1.344,-1.008,-2.664,-0.782,-0.225,0.412,-10.084,-12.916,-11.55,-0.49,0.1,0.736,-24.397,-11.695,-3.221,-0.337,0.139,0.797,-38.282,-0.71,-7.046,0.163,-0.397,0.779,-7.405,-0.191,1.626,derecha
1780983827.7547157,-0.849,-0.173,0.496,0.145,-52.626,-11.756,-0.185,-0.623,1.038,25.069,-167.305,13.481,-0.1,-0.537,0.526,-250.137,-116.779,-79.962,-0.245,-0.49,0.535,-250.137,-58.595,-113.748,0.227,-0.442,0.765,-9.969,-9.718,-6.58,derecha
1780983827.8528996,-0.885,-0.131,0.514,-6.511,-2.16,-5.779,-0.687,-0.333,0.543,-5.908,-18.855,-4.878,-0.29,-0.397,0.92,-21.183,-7.26,-2.939,-0.212,-0.443,0.997,6.916,13.679,1.115,0.167,-0.431,0.737,3.687,8.183,-0.046,derecha
1780983827.957724,-0.836,-0.171,0.547,0.153,1.992,0.26,-0.683,-0.328,0.604,-7.015,1.389,-0.244,-0.332,-0.371,0.892,-1.626,-0.771,-0.366,-0.273,-0.425,0.919,-1.107,5.137,-1.748,0.193,-0.437,0.768,-1.221,3.557,-0.076,derecha
1780983828.0674117,-0.835,-0.171,0.548,-1.046,0.534,-1.947,-0.674,-0.326,0.595,-6.679,0.29,-0.924,-0.329,-0.372,0.882,-0.718,1.038,0.061,-0.281,-0.422,0.92,0.45,7.038,-1.863,0.183,-0.429,0.769,-0.305,2.672,-0.397,derecha
1780983828.172694,-0.835,-0.171,0.545,-0.305,1.588,-0.771,-0.673,-0.331,0.609,-6.809,0.305,-0.13,-0.327,-0.378,0.889,-0.855,1.26,0.076,-0.281,-0.427,0.917,1.191,7.191,-0.649,0.188,-0.437,0.762,-0.534,1.641,0.076,derecha
1780983828.264888,-0.836,-0.168,0.543,-0.504,0.58,-0.588,-0.676,-0.326,0.603,-6.74,0.229,-0.092,-0.333,-0.375,0.894,-0.603,0.244,-0.405,-0.278,-0.427,0.922,0.832,7.656,-1.55,0.186,-0.428,0.765,-0.832,1.908,-0.069,derecha
1780983828.3683722,-0.836,-0.172,0.544,-0.832,0.008,-1.519,-0.674,-0.33,0.601,-6.733,0.038,-0.939,-0.327,-0.379,0.891,-0.794,-0.053,-0.267,-0.277,-0.432,0.909,1.0,6.695,-1.359,0.188,-0.434,0.764,-0.649,3.076,-0.244,derecha
1780983828.4707894,-0.837,-0.174,0.543,-0.412,1.519,-0.137,-0.676,-0.328,0.605,-7.038,0.42,-0.359,-0.331,-0.375,0.889,-0.924,0.267,-0.626,-0.274,-0.432,0.928,0.878,6.855,-0.802,0.183,-0.427,0.759,-0.969,1.809,0.267,derecha
1780983828.579797,-0.837,-0.17,0.543,-0.26,1.779,0.382,-0.673,-0.327,0.603,-6.344,0.389,-0.13,-0.328,-0.377,0.889,-0.244,0.634,0.29,-0.28,-0.43,0.924,1.13,6.542,-0.649,0.196,-0.428,0.768,-0.511,2.153,0.0,derecha
1780983831.3607502,-0.828,-0.167,0.548,-1.206,1.534,-1.389,-0.671,-0.33,0.604,-7.267,0.069,-0.725,-0.337,-0.379,0.891,-0.656,0.038,-0.046,-0.269,-0.44,0.915,1.634,6.641,-0.481,0.188,-0.433,0.757,0.267,2.725,-0.122,derecha
1780983831.4581702,-0.831,-0.168,0.552,-1.16,1.908,-0.565,-0.673,-0.33,0.597,-6.985,0.779,-0.237,-0.328,-0.38,0.881,-0.267,0.198,0.55,-0.278,-0.443,0.922,1.756,7.511,0.031,0.191,-0.431,0.762,-1.092,1.084,-0.16,derecha
1780983831.5609639,-0.835,-0.17,0.547,-0.053,1.069,0.58,-0.675,-0.33,0.605,-6.794,0.458,-0.305,-0.333,-0.381,0.891,-0.183,0.649,0.405,-0.273,-0.436,0.92,1.702,7.573,-0.763,0.185,-0.428,0.765,-0.656,2.466,-0.023,derecha
1780983831.664877,-0.835,-0.172,0.546,-1.26,0.893,-1.817,-0.673,-0.328,0.603,-6.863,-0.038,-0.908,-0.332,-0.383,0.887,-0.687,-0.328,0.137,-0.272,-0.439,0.918,1.733,6.71,-0.664,0.189,-0.429,0.758,-0.366,3.122,-0.344,derecha
1780983831.7673728,-0.837,-0.172,0.542,-0.87,1.573,-0.679,-0.672,-0.333,0.6,-6.832,0.305,-0.321,-0.328,-0.38,0.885,-0.565,-0.29,0.595,-0.271,-0.439,0.918,1.794,7.252,-0.496,0.183,-0.433,0.762,-0.908,1.992,0.107,derecha
1780983831.8701835,-0.829,-0.164,0.551,-0.847,1.244,-0.863,-0.68,-0.327,0.606,-6.725,0.16,-0.145,-0.339,-0.379,0.894,-0.359,0.206,0.557,-0.276,-0.435,0.921,1.908,7.382,-0.435,0.181,-0.434,0.756,-0.634,2.16,0.099,derecha
1780983831.9731216,-0.833,-0.172,0.55,-1.183,0.908,-2.153,-0.674,-0.325,0.603,-7.229,0.26,-1.076,-0.33,-0.382,0.887,-0.595,-0.107,-0.328,-0.275,-0.437,0.916,1.817,6.687,-0.893,0.188,-0.435,0.765,-0.221,3.542,-0.656,derecha
1780983832.0761087,-0.833,-0.17,0.549,-0.672,2.053,-0.221,-0.676,-0.332,0.603,-6.504,1.008,0.015,-0.34,-0.381,0.892,2.687,1.901,1.496,-0.276,-0.441,0.927,2.435,9.275,0.649,0.192,-0.425,0.76,-0.977,1.275,0.443,derecha
1780983832.1873076,-0.848,-0.167,0.55,4.023,5.924,3.649,-0.681,-0.303,0.564,-8.046,44.534,2.366,-0.275,-0.296,0.872,155.13,35.496,41.664,-0.195,-0.299,0.95,149.832,14.458,24.863,0.172,-0.422,0.765,9.641,15.053,4.542,derecha
1780983832.28405,-0.851,-0.169,0.526,7.42,28.26,8.847,-0.815,-0.306,0.488,10.298,51.595,24.55,-0.465,0.013,0.746,68.137,37.176,16.565,-0.423,-0.059,0.812,106.763,6.038,19.901,0.156,-0.393,0.788,4.214,3.282,0.58,derecha
1780983832.3928523,-0.866,-0.144,0.504,-1.229,9.687,-0.076,-0.79,-0.256,0.481,-3.504,12.305,5.489,-0.484,0.063,0.865,13.397,7.916,6.198,-0.357,0.052,1.027,19.573,15.099,2.115,0.152,-0.391,0.793,-0.45,1.137,0.947,derecha
1780983832.494751,-0.853,-0.133,0.487,-2.176,0.405,-2.603,-0.76,-0.23,0.454,-7.695,-6.626,-6.809,-0.477,0.042,0.939,-7.198,-3.137,-2.588,-0.352,0.035,1.07,-3.435,6.87,-2.565,0.152,-0.401,0.802,-4.122,2.878,1.321,derecha
1780983832.5912845,-0.865,-0.152,0.497,-3.908,-2.298,-5.382,-0.801,-0.251,0.438,-13.511,-13.656,-11.458,-0.476,0.045,0.869,-26.802,-10.397,-9.366,-0.355,0.051,0.974,-33.275,-2.71,-4.969,0.16,-0.403,0.789,-9.74,-0.557,-0.031,derecha
1780983832.7017372,-0.855,-0.162,0.504,-1.725,-10.656,-2.687,-0.817,-0.296,0.469,-16.656,-25.237,-19.779,-0.454,0.059,0.669,-52.481,-21.427,-10.504,-0.271,0.022,0.736,-83.756,12.534,-20.237,0.156,-0.399,0.771,-7.252,-4.0,-1.031,derecha
1780983832.8078353,-0.834,-0.177,0.548,-5.733,-30.374,-6.74,-0.676,-0.326,0.639,-0.351,-74.87,-5.0,-0.435,-0.758,1.389,-212.504,-95.229,-87.374,-0.371,-0.743,1.577,-171.542,-4.252,-62.916,0.21,-0.435,0.769,0.603,9.473,0.237,derecha
1780983832.9003515,-0.843,-0.168,0.558,-4.687,-7.008,-2.687,-0.67,-0.331,0.608,-7.496,5.962,-0.824,-0.342,-0.372,0.884,0.252,-5.779,0.733,-0.274,-0.431,0.922,2.191,5.427,-0.763,0.189,-0.432,0.764,-0.809,2.038,-0.672,derecha
1780983833.0031447,-0.841,-0.169,0.538,-1.321,0.092,-0.305,-0.677,-0.329,0.601,-7.382,-0.275,-0.534,-0.324,-0.379,0.883,-1.939,1.359,0.489,-0.259,-0.429,0.921,0.771,7.191,0.084,0.188,-0.43,0.761,0.466,2.275,0.069,derecha
1780983833.1065345,-0.839,-0.166,0.54,-0.618,2.534,0.641,-0.683,-0.329,0.594,-6.794,0.885,0.198,-0.327,-0.381,0.88,-0.771,1.664,1.13,-0.268,-0.435,0.921,-0.107,7.748,-0.092,0.189,-0.432,0.767,-0.351,2.046,-0.443,derecha
1780983833.2089932,-0.84,-0.168,0.544,-1.382,1.817,-1.298,-0.679,-0.326,0.599,-7.122,0.237,-0.443,-0.328,-0.38,0.888,-0.802,-0.435,-0.13,-0.27,-0.431,0.919,1.183,6.771,-0.74,0.187,-0.431,0.758,-0.885,2.634,-0.122,derecha
1780983835.9936762,-0.839,-0.166,0.538,-0.527,1.542,-0.191,-0.681,-0.33,0.595,-6.802,0.336,-0.313,-0.333,-0.384,0.883,-0.046,-0.267,-0.237,-0.259,-0.438,0.915,1.618,6.771,-0.878,0.185,-0.425,0.762,-1.122,1.847,0.206,derecha
1780983836.0955257,-0.848,-0.163,0.535,-1.0,1.412,-0.26,-0.681,-0.329,0.6,-6.809,-0.008,-0.366,-0.337,-0.38,0.881,-0.496,-0.679,-0.084,-0.257,-0.44,0.92,1.595,7.496,-0.053,0.183,-0.43,0.767,-0.603,2.29,0.13,derecha
1780983836.206561,-0.843,-0.169,0.549,-0.908,0.962,-0.794,-0.682,-0.334,0.602,-6.954,-0.046,-0.649,-0.332,-0.39,0.885,-0.718,0.221,-0.702,-0.264,-0.442,0.918,1.382,6.74,-0.626,0.182,-0.424,0.765,-0.031,3.687,-0.328,derecha
1780983836.308783,-0.833,-0.171,0.537,-1.153,1.221,-0.878,-0.68,-0.325,0.589,-6.832,0.344,-0.389,-0.33,-0.381,0.883,-0.229,0.45,0.244,-0.26,-0.444,0.915,1.496,7.13,-0.237,0.181,-0.426,0.764,-0.931,1.649,0.115,derecha
1780983836.4028754,-0.836,-0.169,0.543,-0.427,1.733,-0.351,-0.681,-0.327,0.599,-6.687,0.305,0.092,-0.335,-0.387,0.886,0.122,-0.496,0.092,-0.263,-0.439,0.92,1.626,7.221,-0.237,0.177,-0.43,0.766,-1.427,1.519,0.015,derecha
1780983836.5073812,-0.842,-0.166,0.537,-0.962,1.092,-1.71,-0.685,-0.334,0.595,-6.802,-0.183,-0.969,-0.328,-0.382,0.877,-0.885,-1.679,-0.542,-0.262,-0.443,0.913,1.84,6.031,-0.771,0.178,-0.422,0.767,-0.916,2.298,-0.122,derecha
1780983836.615215,-0.842,-0.175,0.545,-1.206,1.198,-0.595,-0.675,-0.329,0.595,-6.565,0.13,0.595,-0.326,-0.389,0.9,0.832,4.985,2.382,-0.406,-0.37,0.97,2.802,22.733,36.252,0.134,-0.417,0.776,0.71,2.328,-0.252,derecha
1780983836.7113152,-0.838,-0.163,0.537,2.237,9.527,3.695,-0.683,-0.318,0.597,-6.305,46.351,3.42,-0.305,-0.324,0.982,124.191,39.977,35.908,-0.351,-0.411,1.155,124.26,28.573,34.885,0.179,-0.416,0.769,9.313,12.137,4.382,derecha
1780983836.8289955,-0.872,-0.134,0.486,3.412,21.305,5.023,-0.748,-0.268,0.447,1.603,21.824,9.71,-0.428,-0.014,0.841,51.84,21.0,11.0,-0.403,-0.138,1.034,92.336,-12.16,10.771,0.152,-0.4,0.792,-4.649,-0.344,-1.954,derecha
1780983836.9172206,-0.867,-0.134,0.495,0.473,3.023,-0.435,-0.754,-0.232,0.443,-5.725,8.084,5.55,-0.484,0.042,0.865,11.107,5.405,6.519,-0.363,0.039,0.989,17.496,0.74,0.672,0.156,-0.385,0.776,-3.962,2.221,-0.672,derecha
1780983837.0206752,-0.872,-0.131,0.485,0.13,6.29,-2.374,-0.756,-0.224,0.428,-7.71,-2.466,-2.496,-0.463,0.062,0.871,-3.985,-4.473,-0.206,-0.35,0.064,0.987,-6.328,3.885,-1.954,0.152,-0.404,0.793,-5.794,2.687,1.0,derecha
1780983837.123748,-0.863,-0.142,0.494,-2.344,-0.344,-4.618,-0.737,-0.243,0.452,-12.466,-12.977,-10.863,-0.46,0.075,0.769,-27.473,-9.626,-8.237,-0.344,0.08,0.877,-30.237,3.519,-2.725,0.149,-0.393,0.772,-6.267,-0.885,0.252,derecha
1780983837.228111,-0.863,-0.161,0.509,1.473,-22.42,-7.0,-0.752,-0.307,0.475,-31.458,-34.366,-42.26,-0.436,-0.086,0.728,-131.527,-18.29,-22.344,-0.298,-0.073,0.822,-92.29,-1.641,-12.588,0.165,-0.419,0.756,-8.763,-5.168,-2.496,derecha
1780983837.343366,-0.762,-0.128,0.456,-8.214,-8.244,-5.534,-0.266,-0.305,0.791,-6.641,-41.351,-5.656,0.691,-0.301,0.559,11.351,-85.649,-16.771,0.803,-0.1,0.601,81.382,70.427,23.992,0.258,-0.449,0.857,0.656,5.023,0.015,derecha
1780983837.4443736,-0.828,-0.169,0.556,1.076,6.748,0.939,-0.676,-0.324,0.602,-7.672,4.519,0.244,-0.334,-0.372,0.89,0.931,3.107,0.382,-0.267,-0.426,0.934,0.641,3.634,-0.947,0.179,-0.426,0.759,-3.832,0.489,-0.847,derecha
1780983837.5455337,-0.839,-0.167,0.543,-1.656,0.557,-1.611,-0.68,-0.325,0.611,-7.206,0.344,-0.893,-0.325,-0.381,0.886,-0.397,1.412,-0.015,-0.272,-0.428,0.92,1.069,7.13,-1.214,0.186,-0.431,0.767,-0.061,2.908,-0.053,derecha
1780983837.645275,-0.834,-0.173,0.54,-0.672,1.573,0.252,-0.684,-0.331,0.607,-7.015,-0.115,-0.29,-0.328,-0.381,0.889,-1.046,-0.168,-0.397,-0.264,-0.433,0.921,1.397,5.626,-1.107,0.188,-0.424,0.76,-0.405,1.198,0.145,derecha
1780983837.7416363,-0.837,-0.162,0.542,-0.702,1.466,-0.481,-0.672,-0.32,0.598,-7.168,0.267,-0.473,-0.327,-0.384,0.879,-0.885,-0.489,-0.099,-0.269,-0.432,0.926,1.26,6.954,-0.969,0.188,-0.431,0.761,-1.29,1.198,-0.053,derecha
1780983837.8508027,-0.839,-0.166,0.547,-0.924,1.305,-1.947,-0.68,-0.325,0.601,-7.191,-0.023,-0.992,-0.33,-0.379,0.885,-1.145,0.099,0.076,-0.27,-0.433,0.923,1.168,5.931,-1.252,0.186,-0.434,0.756,-0.473,2.916,-0.473,derecha
1780983837.9518185,-0.834,-0.171,0.551,-0.931,0.794,-0.939,-0.679,-0.324,0.604,-6.725,0.153,-0.122,-0.328,-0.385,0.886,-0.313,-0.015,0.344,-0.264,-0.434,0.921,1.45,6.527,-0.427,0.189,-0.433,0.763,-1.107,1.802,0.29,derecha
1780983840.6259418,-0.834,-0.166,0.551,-0.313,1.885,0.58,-0.68,-0.327,0.601,-6.664,0.809,0.069,-0.329,-0.389,0.882,-0.015,0.931,1.26,-0.271,-0.444,0.916,2.023,8.145,0.397,0.186,-0.43,0.76,-0.458,2.298,-0.107,derecha
1780983840.7396753,-0.838,-0.168,0.542,-1.023,1.786,-1.008,-0.681,-0.325,0.594,-6.893,0.305,-0.489,-0.331,-0.384,0.884,-0.481,0.695,-0.015,-0.269,-0.44,0.913,1.282,6.389,-1.122,0.184,-0.432,0.754,-0.656,2.275,-0.267,derecha
1780983840.845492,-0.835,-0.167,0.548,-0.718,1.069,-1.023,-0.678,-0.33,0.598,-7.16,0.107,-0.763,-0.33,-0.383,0.882,-0.374,-0.878,0.344,-0.267,-0.443,0.913,1.55,6.687,-0.649,0.182,-0.429,0.765,0.069,2.588,-0.298,derecha
1780983840.9429438,-0.839,-0.166,0.546,-0.756,1.13,-1.0,-0.677,-0.327,0.593,-7.0,0.389,-0.008,-0.333,-0.385,0.886,-0.099,0.634,0.885,-0.271,-0.441,0.912,2.176,7.053,-0.031,0.181,-0.429,0.758,-0.603,2.015,-0.137,derecha
1780983841.043021,-0.833,-0.167,0.546,-1.053,1.511,-1.374,-0.681,-0.326,0.601,-6.588,0.015,-0.237,-0.331,-0.387,0.899,1.008,1.824,0.008,-0.267,-0.441,0.924,3.069,8.13,0.84,0.184,-0.431,0.757,-0.237,2.252,0.092,derecha
1780983841.145072,-0.829,-0.17,0.556,1.756,3.725,0.015,-0.687,-0.334,0.582,-10.489,39.504,1.695,-0.212,-0.242,0.693,154.565,48.977,54.076,-0.212,-0.163,0.609,152.145,22.237,30.084,0.168,-0.416,0.754,13.756,16.313,4.534,derecha
1780983841.2461126,-0.855,-0.154,0.517,7.893,35.168,12.878,-0.728,-0.254,0.41,10.588,47.832,30.771,-0.418,0.033,0.721,66.893,31.076,16.542,-0.431,-0.088,0.854,93.969,3.565,19.458,0.144,-0.381,0.779,1.573,3.061,-0.802,derecha
1780983841.3476794,-0.867,-0.127,0.498,-1.282,12.038,-0.45,-0.71,-0.187,0.357,-5.626,11.809,6.427,-0.466,0.099,0.749,1.641,2.466,1.046,-0.36,0.087,0.844,2.183,4.107,-3.443,0.156,-0.381,0.781,-4.206,-2.206,0.344,derecha
1780983841.449726,-0.857,-0.145,0.497,-2.298,-0.153,-3.718,-0.755,-0.24,0.437,-11.038,-4.84,-7.962,-0.473,0.06,0.828,-16.069,-7.878,-3.107,-0.348,0.047,0.963,-15.427,3.198,-3.947,0.163,-0.389,0.779,-3.969,2.076,0.87,derecha
1780983841.5570786,-0.858,-0.15,0.502,-1.153,-4.733,-4.153,-0.706,-0.224,0.402,-18.466,-24.084,-25.137,-0.403,0.135,0.449,-84.122,-29.466,-22.412,-0.298,0.121,0.571,-91.351,-5.458,-14.183,0.15,-0.396,0.774,-14.061,-10.145,-1.046,derecha
1780983841.6567657,-0.82,-0.166,0.569,-9.611,-15.328,-5.427,-0.647,-0.327,0.642,-2.893,-54.916,-2.397,-0.47,-0.739,1.634,-177.504,-65.672,-71.557,-0.367,-0.611,1.655,-172.031,7.733,-48.534,0.113,-0.375,0.684,-26.26,-16.053,-2.779,derecha
1780983841.7582734,-0.821,-0.176,0.575,-2.687,-5.061,-1.977,-0.672,-0.326,0.622,-7.679,3.939,-1.031,-0.327,-0.383,0.873,2.168,0.13,0.603,-0.274,-0.432,0.931,0.351,12.489,-0.603,0.191,-0.427,0.767,-0.214,3.878,-0.122,derecha
1780983841.866162,-0.833,-0.171,0.539,-0.916,1.053,-0.71,-0.678,-0.332,0.597,-7.084,0.389,-0.16,-0.329,-0.38,0.887,-1.435,1.565,0.534,-0.274,-0.432,0.918,0.863,7.779,-0.168,0.193,-0.429,0.759,0.534,1.382,0.053,derecha
1780983841.9648008,-0.836,-0.169,0.547,-0.573,1.305,-0.26,-0.678,-0.326,0.596,-6.832,-0.061,-0.321,-0.335,-0.381,0.879,-1.122,-0.252,0.366,-0.277,-0.432,0.922,1.29,6.847,-1.008,0.193,-0.43,0.756,-0.504,1.863,0.0,derecha
1780983842.078677,-0.836,-0.168,0.544,-0.748,1.092,-0.908,-0.68,-0.328,0.6,-7.137,0.023,-0.519,-0.327,-0.384,0.886,-0.832,-0.55,0.198,-0.267,-0.435,0.915,1.0,6.573,-0.496,0.186,-0.432,0.76,-0.053,3.649,0.031,derecha
1780983842.1720126,-0.837,-0.17,0.544,-0.908,1.496,-0.275,-0.678,-0.326,0.604,-6.595,0.183,-0.359,-0.331,-0.379,0.883,-0.679,0.458,-0.023,-0.272,-0.44,0.919,1.328,6.885,0.038,0.183,-0.429,0.762,-0.305,2.763,0.092,derecha
1780983842.282401,-0.835,-0.165,0.549,-0.504,1.168,-0.267,-0.677,-0.325,0.607,-6.588,0.237,-0.534,-0.33,-0.382,0.885,-0.603,-0.595,-0.397,-0.271,-0.436,0.916,1.275,6.611,-0.595,0.186,-0.437,0.768,-0.412,2.45,-0.015,derecha
1780983842.3766727,-0.835,-0.169,0.545,-1.389,1.076,-1.725,-0.675,-0.329,0.6,-7.183,0.153,-0.641,-0.328,-0.382,0.881,-0.489,-0.321,-0.168,-0.27,-0.438,0.92,1.405,6.244,-0.382,0.183,-0.428,0.758,0.718,3.275,0.031,derecha
1780983842.485412,-0.836,-0.171,0.55,-0.71,2.122,-0.466,-0.678,-0.328,0.596,-6.855,0.336,-0.053,-0.329,-0.38,0.885,-0.763,0.954,-0.099,-0.268,-0.436,0.92,1.557,6.809,-0.031,0.189,-0.429,0.769,-0.397,2.015,0.244,derecha
1780983842.5942714,-0.833,-0.167,0.544,-0.771,1.458,-1.191,-0.679,-0.327,0.602,-6.977,0.198,-0.595,-0.334,-0.381,0.887,-0.504,-0.397,-0.321,-0.276,-0.433,0.92,1.496,6.473,0.038,0.188,-0.43,0.764,-0.695,2.466,0.008,derecha
1780983845.2606244,-0.835,-0.167,0.541,-1.13,1.382,-0.725,-0.68,-0.327,0.601,-6.885,0.344,-0.412,-0.333,-0.383,0.881,-0.153,0.481,-0.038,-0.27,-0.44,0.916,1.962,7.374,-0.618,0.189,-0.431,0.761,-0.634,2.26,0.336,derecha
1780983845.3637056,-0.838,-0.167,0.546,-0.679,2.206,-0.305,-0.681,-0.324,0.605,-6.809,0.344,0.122,-0.335,-0.386,0.888,-0.565,0.397,-0.405,-0.269,-0.439,0.919,1.244,6.847,-0.702,0.186,-0.433,0.767,-0.634,2.153,0.267,derecha
1780983845.4790342,-0.835,-0.167,0.543,-0.794,1.084,-1.618,-0.679,-0.325,0.599,-6.832,-0.053,-0.618,-0.333,-0.383,0.891,-0.412,-0.878,-0.427,-0.268,-0.443,0.919,1.855,6.466,-0.328,0.188,-0.427,0.761,-0.489,2.809,-0.237,derecha
1780983845.570054,-0.839,-0.17,0.547,-1.13,0.916,-1.626,-0.682,-0.33,0.598,-6.893,0.275,-0.092,-0.333,-0.385,0.879,0.176,0.069,-0.061,-0.269,-0.442,0.917,1.947,7.756,-0.015,0.185,-0.427,0.763,-0.725,1.664,0.153,derecha
1780983845.677277,-0.839,-0.169,0.542,-0.252,1.275,-0.328,-0.677,-0.322,0.6,-6.855,0.229,-0.198,-0.333,-0.385,0.884,0.145,-0.733,0.053,-0.271,-0.442,0.919,2.26,6.466,-0.267,0.183,-0.427,0.771,-1.107,1.298,0.145,derecha
1780983845.7923753,-0.825,-0.16,0.556,-1.137,0.16,-0.305,-0.673,-0.337,0.669,-4.405,16.267,0.939,-0.452,-0.487,1.161,102.771,22.458,42.901,-0.327,-0.571,1.228,133.099,29.504,43.229,0.191,-0.418,0.744,5.901,7.061,3.0,derecha
1780983845.8789978,-0.856,-0.175,0.534,5.191,15.847,5.42,-0.761,-0.328,0.49,-19.481,80.099,12.908,-0.355,-0.131,0.843,125.557,69.42,19.542,-0.314,-0.161,0.85,149.565,29.321,34.527,0.163,-0.407,0.766,17.603,18.55,0.756,derecha
1780983845.9927459,-0.767,-0.126,0.534,-0.183,15.511,-2.901,-0.76,-0.256,0.399,1.71,26.099,16.336,-0.429,0.077,0.763,33.71,11.748,14.931,-0.336,-0.005,0.966,47.206,1.557,11.466,0.143,-0.361,0.775,0.137,-1.87,-0.046,derecha
1780983846.0948844,-0.867,-0.136,0.506,-2.573,5.519,-1.802,-0.748,-0.249,0.401,-6.214,-1.473,1.992,-0.45,0.077,0.851,1.137,1.168,-0.641,-0.34,0.063,0.974,1.42,6.779,0.092,0.151,-0.391,0.8,-3.794,5.626,-0.267,derecha
1780983846.1944015,-0.855,-0.147,0.503,-2.344,1.351,-2.244,-0.747,-0.269,0.45,-8.145,-10.244,-7.275,-0.463,0.075,0.82,-18.802,-6.046,-8.595,-0.341,0.074,0.909,-20.473,2.893,-5.466,0.149,-0.393,0.78,-6.397,0.137,1.718,derecha
1780983846.2909424,-0.855,-0.149,0.508,-3.55,-10.29,-7.382,-0.701,-0.256,0.381,-22.885,-50.389,-36.198,-0.355,0.102,0.405,-129.954,-46.565,-36.656,-0.281,0.037,0.577,-169.931,-6.023,-36.267,0.151,-0.386,0.762,-24.435,-20.786,-4.786,derecha
1780983846.4018273,-0.821,-0.183,0.557,-3.344,7.611,-2.496,-0.822,-0.309,0.779,-13.565,-56.084,-6.992,-1.413,-0.272,1.362,15.481,96.71,-31.992,0.371,-0.242,0.581,42.725,115.344,52.863,0.219,-0.46,0.822,2.58,-8.061,-1.366,derecha
1780983846.507133,-0.841,-0.171,0.54,0.344,5.473,0.565,-0.682,-0.328,0.595,-7.099,1.931,-0.321,-0.329,-0.381,0.889,-1.786,-0.176,-0.695,-0.27,-0.428,0.92,-0.16,2.924,-1.336,0.186,-0.429,0.762,-4.305,2.466,0.076,derecha
1780983846.6002645,-0.837,-0.168,0.54,-0.595,2.031,0.664,-0.683,-0.328,0.594,-6.802,1.359,0.336,-0.334,-0.382,0.888,-0.267,0.061,0.206,-0.271,-0.44,0.914,0.931,6.557,-1.29,0.185,-0.427,0.759,-1.061,1.618,-0.336,derecha
1780983846.7030423,-0.838,-0.168,0.533,-0.718,0.924,-1.16,-0.686,-0.326,0.595,-7.107,-0.489,-1.069,-0.33,-0.389,0.886,-1.069,-0.809,-0.817,-0.267,-0.436,0.923,0.985,6.687,-1.229,0.189,-0.428,0.775,-0.916,2.466,0.061,derecha
1780983846.8141105,-0.836,-0.172,0.544,-1.481,1.58,-1.374,-0.682,-0.328,0.59,-7.115,0.214,-0.641,-0.329,-0.388,0.881,-1.046,0.244,-0.038,-0.268,-0.44,0.921,1.458,6.71,-1.069,0.184,-0.425,0.767,-0.779,2.092,0.008,derecha
1780983846.9152772,-0.84,-0.172,0.53,-0.588,2.046,0.702,-0.687,-0.33,0.598,-6.435,1.13,0.45,-0.327,-0.39,0.881,-0.443,-0.13,0.504,-0.267,-0.442,0.918,1.496,6.901,-0.389,0.185,-0.428,0.759,-0.565,1.748,-0.023,derecha
1780983847.0117931,-0.836,-0.167,0.541,-1.321,1.015,-2.115,-0.683,-0.331,0.593,-6.962,0.061,-0.511,-0.333,-0.384,0.875,-1.008,-0.069,-0.405,-0.266,-0.44,0.922,0.992,6.336,-1.168,0.184,-0.431,0.772,-0.542,2.748,-0.145,derecha
1780983847.1257205,-0.834,-0.172,0.545,-1.115,2.023,-1.183,-0.685,-0.333,0.589,-6.969,0.496,-0.084,-0.329,-0.385,0.882,-0.947,0.191,0.336,-0.267,-0.437,0.914,1.443,6.405,-0.115,0.186,-0.427,0.76,-0.466,2.275,-0.16,derecha
1780983847.2180786,-0.841,-0.17,0.54,-0.84,1.931,0.015,-0.685,-0.33,0.59,-7.008,0.832,0.336,-0.331,-0.389,0.883,-0.015,0.382,1.061,-0.267,-0.441,0.915,1.847,7.893,0.443,0.187,-0.427,0.754,-0.542,2.397,-0.076,derecha
1780983849.9067912,-0.842,-0.164,0.535,-0.786,1.893,-0.473,-0.684,-0.327,0.594,-6.847,0.45,-0.214,-0.332,-0.391,0.882,-0.557,0.16,0.427,-0.267,-0.443,0.91,2.015,6.702,-0.496,0.183,-0.426,0.767,-0.542,2.046,-0.084,derecha
1780983850.0001414,-0.838,-0.166,0.541,-1.389,1.237,-1.985,-0.682,-0.33,0.595,-6.794,-0.191,-0.985,-0.333,-0.391,0.88,-0.74,-0.641,-0.718,-0.27,-0.446,0.918,1.824,6.649,-0.763,0.184,-0.422,0.759,-0.145,3.282,-0.366,derecha
1780983850.1093595,-0.839,-0.165,0.537,-0.817,0.962,-1.061,-0.686,-0.33,0.593,-6.786,0.191,-0.718,-0.328,-0.393,0.882,-0.282,0.481,0.481,-0.265,-0.447,0.918,1.504,6.969,-0.885,0.182,-0.429,0.762,-0.863,1.405,0.412,derecha
1780983850.205214,-0.836,-0.166,0.549,-0.969,1.374,-0.687,-0.688,-0.331,0.593,-6.718,0.244,-0.244,-0.334,-0.39,0.885,-0.595,0.71,0.13,-0.269,-0.441,0.913,1.649,6.992,-1.122,0.186,-0.431,0.763,-0.58,1.74,-0.137,derecha
1780983850.3152769,-0.838,-0.162,0.53,-0.802,1.229,-1.29,-0.685,-0.329,0.595,-6.901,0.023,-0.893,-0.328,-0.393,0.879,-0.595,-0.84,-0.855,-0.27,-0.441,0.914,1.664,6.527,-1.229,0.191,-0.426,0.762,-0.366,3.069,-0.389,derecha
1780983850.4286973,-0.835,-0.168,0.54,-1.084,1.519,-1.321,-0.682,-0.329,0.585,-6.71,0.481,-0.305,-0.33,-0.392,0.885,-0.053,-0.344,-0.206,-0.272,-0.443,0.917,2.046,6.924,-0.771,0.186,-0.427,0.767,-0.939,1.076,0.198,derecha
1780983850.5147777,-0.84,-0.167,0.541,-0.511,1.458,1.885,-0.686,-0.329,0.591,-6.542,2.397,1.924,-0.593,-0.537,1.052,6.656,5.748,1.908,-0.074,-0.46,1.116,25.931,-3.229,29.916,0.22,-0.434,0.756,0.496,2.901,2.779,derecha
1780983850.6281564,-0.85,-0.176,0.531,4.916,0.008,2.718,-0.705,-0.298,0.527,5.244,58.779,5.168,-0.362,-0.189,0.895,136.298,58.672,23.649,-0.368,-0.322,1.031,146.45,34.496,16.542,0.146,-0.408,0.786,15.183,16.87,6.695,derecha
1780983850.730586,-0.861,-0.142,0.517,-0.176,3.344,2.947,-0.845,-0.35,0.606,1.061,40.076,10.847,-0.483,0.013,0.869,40.748,16.695,13.733,-0.406,-0.003,0.967,62.55,4.824,13.458,0.142,-0.384,0.796,2.313,2.214,-1.344,derecha
1780983850.8315456,-0.883,-0.14,0.52,0.107,5.939,-3.29,-0.727,-0.252,0.465,-7.069,2.206,0.718,-0.475,0.049,0.85,0.305,-0.931,-0.855,-0.341,0.057,0.924,-5.466,5.656,-3.511,0.154,-0.378,0.784,-2.794,3.084,-0.435,derecha
1780983850.9382534,-0.854,-0.138,0.509,-4.427,-1.45,-7.458,-0.742,-0.26,0.418,-18.435,-27.771,-14.603,-0.398,0.124,0.555,-62.137,-21.718,-18.802,-0.299,0.125,0.619,-73.802,-9.435,-15.046,0.146,-0.385,0.773,-12.908,-5.198,-0.649,derecha
1780983851.0292096,-0.827,-0.181,0.55,-5.595,-22.695,-4.328,-0.674,-0.321,0.604,-3.809,-60.565,-0.916,-0.287,-0.591,1.169,-235.053,-82.847,-74.794,-0.311,-0.594,1.192,-202.924,-32.214,-57.229,0.185,-0.429,0.772,-7.641,8.649,-2.573,derecha
1780983851.1326482,-0.851,-0.151,0.543,-3.267,-2.649,-1.878,-0.672,-0.33,0.623,-6.771,-1.206,-0.336,-0.321,-0.369,0.896,-10.382,-7.183,-0.939,-0.261,-0.44,0.93,-0.023,8.534,-0.313,0.192,-0.432,0.768,4.763,3.008,0.244,derecha
1780983851.2449327,-0.839,-0.164,0.545,-1.221,2.305,-1.015,-0.682,-0.324,0.595,-7.374,0.13,-0.649,-0.33,-0.377,0.883,-2.237,-1.916,-0.191,-0.275,-0.426,0.921,0.061,5.718,-0.626,0.184,-0.424,0.771,-1.16,2.878,0.046,derecha
1780983851.3382568,-0.837,-0.164,0.543,-1.252,1.878,-0.771,-0.682,-0.33,0.602,-7.519,0.641,-0.489,-0.332,-0.375,0.881,-1.107,0.382,0.046,-0.275,-0.431,0.919,0.84,6.321,-0.664,0.189,-0.428,0.765,-0.313,3.351,-0.405,derecha
1780983851.4414506,-0.834,-0.168,0.549,-0.656,1.802,-0.527,-0.676,-0.326,0.599,-6.939,0.542,-0.321,-0.331,-0.378,0.887,-0.527,0.031,-0.107,-0.267,-0.433,0.916,1.137,7.198,-0.16,0.188,-0.43,0.767,-1.061,2.351,0.046,derecha
1780983851.5441628,-0.841,-0.162,0.547,-0.771,1.115,-0.366,-0.678,-0.327,0.601,-7.153,0.565,-0.496,-0.331,-0.376,0.891,-0.855,0.252,-0.031,-0.273,-0.433,0.918,1.092,6.74,-0.779,0.189,-0.429,0.767,-0.656,2.084,0.153,derecha
1780983851.6474717,-0.838,-0.163,0.541,-1.328,0.672,-2.115,-0.681,-0.323,0.604,-6.954,-0.053,-0.87,-0.331,-0.38,0.886,-0.626,0.519,-0.252,-0.27,-0.436,0.921,1.168,6.221,-0.954,0.185,-0.435,0.752,-0.26,3.168,-0.58,derecha
1780983851.7621953,-0.84,-0.166,0.542,-0.885,1.626,-1.137,-0.68,-0.327,0.602,-6.603,0.015,-0.099,-0.328,-0.384,0.882,-0.489,-0.031,0.29,-0.272,-0.438,0.913,1.641,7.023,-0.389,0.191,-0.427,0.758,-0.878,1.702,0.191,derecha
1780983851.853525,-0.831,-0.162,0.552,-0.511,1.427,-0.832,-0.683,-0.327,0.59,-7.015,0.366,-0.412,-0.332,-0.374,0.883,-0.305,0.481,-0.069,-0.271,-0.435,0.916,0.977,6.634,-1.183,0.184,-0.429,0.766,-1.107,2.145,0.023,derecha
1780983854.5361838,-0.837,-0.164,0.547,-0.901,1.565,-1.107,-0.681,-0.326,0.6,-7.046,0.13,-0.496,-0.334,-0.379,0.883,-0.672,0.595,-0.71,-0.268,-0.439,0.917,1.74,6.809,-0.794,0.182,-0.425,0.765,-0.71,2.023,-0.031,derecha
1780983854.6398294,-0.836,-0.164,0.541,-1.107,1.107,-1.87,-0.677,-0.326,0.599,-6.863,0.313,-0.565,-0.329,-0.385,0.887,-0.313,-0.527,0.221,-0.264,-0.438,0.915,1.557,7.084,0.076,0.179,-0.42,0.758,-0.183,3.351,-0.237,derecha
1780983854.7414372,-0.836,-0.17,0.543,-0.527,1.046,-0.916,-0.681,-0.328,0.598,-6.771,0.466,-0.084,-0.331,-0.384,0.888,-0.321,0.824,0.74,-0.27,-0.436,0.917,1.527,7.992,0.763,0.186,-0.432,0.768,-0.618,2.122,0.191,derecha
1780983854.8406122,-0.837,-0.164,0.544,-1.107,1.656,-1.26,-0.679,-0.32,0.6,-7.29,0.176,-0.573,-0.33,-0.382,0.88,-0.71,0.145,0.214,-0.272,-0.442,0.915,1.527,6.649,-0.733,0.185,-0.431,0.762,-0.733,2.305,0.16,derecha
1780983854.95018,-0.838,-0.164,0.552,-0.809,1.466,-1.489,-0.683,-0.326,0.599,-7.061,0.206,-0.748,-0.329,-0.385,0.884,0.076,-1.198,0.168,-0.271,-0.438,0.918,1.687,6.939,-0.29,0.187,-0.426,0.76,-0.252,3.412,-0.282,derecha
1780983855.0574744,-0.838,-0.169,0.546,-1.122,1.321,-0.534,-0.681,-0.324,0.608,-6.611,0.099,-0.534,-0.325,-0.382,0.88,-0.481,0.115,0.145,-0.275,-0.441,0.92,1.931,7.252,0.183,0.185,-0.431,0.773,-1.168,1.634,0.405,derecha
1780983855.1626337,-0.844,-0.151,0.546,1.496,-9.092,-0.863,-0.654,-0.313,0.517,-7.183,25.611,-1.641,-0.302,-0.521,1.004,221.656,47.084,99.099,-0.245,-0.577,1.037,250.13,27.191,88.817,0.189,-0.441,0.779,20.191,20.519,1.527,derecha
1780983855.252443,-0.844,-0.158,0.539,0.809,5.198,2.198,-0.78,-0.314,0.461,2.458,43.099,20.748,-0.394,-0.004,0.752,83.405,35.191,19.061,-0.283,0.009,0.881,91.527,28.504,22.649,0.158,-0.397,0.785,15.137,12.611,0.031,derecha
1780983855.3557563,-0.834,-0.156,0.534,3.695,14.313,1.893,-0.844,-0.26,0.437,-2.122,8.45,13.191,-0.507,0.077,0.798,35.802,19.511,8.328,-0.333,0.113,0.841,32.832,24.939,7.336,0.145,-0.366,0.764,7.145,0.718,-0.679,derecha
1780983855.4776938,-0.876,-0.159,0.512,-7.122,17.366,-0.71,-0.817,-0.263,0.46,1.183,18.824,12.153,-0.509,0.14,0.685,11.282,3.702,6.458,-0.342,0.184,0.736,8.931,4.076,4.802,0.082,-0.374,1.008,-26.771,-27.786,-1.244,derecha
1780983855.5616205,-0.865,-0.15,0.501,-2.206,-4.809,-4.427,-0.778,-0.261,0.459,-10.634,-13.786,-9.084,-0.468,0.073,0.851,-22.466,-11.176,-12.359,-0.331,0.057,1.07,-28.763,-5.626,-15.618,0.161,-0.406,0.784,-8.076,4.557,2.626,derecha
1780983855.6787713,-0.867,-0.151,0.503,-2.069,-17.634,-4.328,-0.722,-0.314,0.463,-30.313,-47.305,-44.748,-0.418,0.023,0.565,-123.13,-37.794,-31.794,-0.288,-0.042,0.708,-151.855,-5.565,-30.672,0.169,-0.43,0.789,-17.939,-13.84,-2.794,derecha
1780983855.7802446,-0.833,-0.171,0.543,-5.611,-2.855,-2.244,-0.719,-0.287,0.313,-13.618,-69.725,-7.595,0.516,-0.684,2.0,14.565,-122.725,-31.275,-0.4,-0.94,1.879,-106.84,-18.87,-46.214,0.243,-0.481,0.801,0.0,29.023,-2.45,derecha
1780983855.8814888,-0.834,-0.169,0.547,-1.061,4.076,-1.0,-0.679,-0.329,0.596,-7.275,3.061,-0.427,-0.343,-0.371,0.885,-1.038,1.099,-0.252,-0.286,-0.433,0.922,0.252,3.13,-1.71,0.19,-0.429,0.769,-2.298,3.038,-0.168,derecha
1780983855.9930515,-0.84,-0.173,0.541,-1.023,1.565,-0.214,-0.682,-0.329,0.595,-7.267,0.626,-0.298,-0.338,-0.376,0.882,-0.802,0.55,0.389,-0.271,-0.434,0.924,0.679,6.87,-0.901,0.186,-0.429,0.772,-0.489,2.229,0.16,derecha
1780983856.0806272,-0.837,-0.169,0.553,-0.992,2.603,0.023,-0.683,-0.331,0.589,-6.573,0.809,0.206,-0.341,-0.378,0.885,-0.511,0.282,0.817,-0.271,-0.434,0.916,0.359,7.519,-0.198,0.188,-0.434,0.76,-0.382,1.656,0.038,derecha
1780983856.1931717,-0.836,-0.167,0.539,-0.924,0.954,-1.435,-0.684,-0.327,0.591,-6.893,0.031,-0.901,-0.343,-0.38,0.877,-1.008,0.0,0.366,-0.268,-0.441,0.917,1.26,6.214,-0.702,0.192,-0.427,0.76,-0.382,2.595,-0.099,derecha
1780983856.2825036,-0.836,-0.17,0.544,-1.351,1.695,-1.962,-0.683,-0.331,0.591,-6.786,0.298,-0.473,-0.34,-0.379,0.878,-0.756,-0.176,0.137,-0.268,-0.438,0.911,1.061,6.321,-0.099,0.185,-0.43,0.76,0.084,2.74,-0.221,derecha
1780983856.3998322,-0.836,-0.169,0.542,-0.443,1.954,-1.031,-0.681,-0.327,0.596,-6.809,0.702,0.092,-0.339,-0.38,0.882,-0.16,0.603,1.046,-0.266,-0.439,0.912,1.733,7.504,0.13,0.187,-0.427,0.763,-0.382,2.168,-0.107,derecha
1780983859.1723845,-0.834,-0.168,0.536,-1.252,1.092,-1.527,-0.683,-0.326,0.591,-6.931,0.237,-1.069,-0.34,-0.384,0.883,-0.519,-0.924,-0.389,-0.265,-0.444,0.927,1.557,6.618,-0.656,0.188,-0.427,0.762,0.168,3.008,-0.237,derecha
1780983859.275319,-0.835,-0.165,0.542,-0.611,1.466,-0.733,-0.679,-0.327,0.597,-6.817,0.328,-0.275,-0.34,-0.38,0.883,-0.26,-0.046,-0.107,-0.265,-0.442,0.914,1.702,7.076,-0.298,0.19,-0.431,0.767,-0.786,2.351,0.115,derecha
1780983859.3729022,-0.837,-0.165,0.546,-0.435,0.924,-0.84,-0.682,-0.326,0.602,-7.13,0.221,-0.359,-0.333,-0.383,0.882,-0.733,0.634,-0.649,-0.269,-0.441,0.916,1.458,7.489,-1.13,0.186,-0.427,0.769,-1.16,2.046,0.099,derecha
1780983859.4763105,-0.835,-0.165,0.542,-0.992,0.58,-1.504,-0.681,-0.325,0.594,-6.771,0.168,-0.664,-0.334,-0.382,0.882,-0.168,-0.763,-0.321,-0.267,-0.443,0.919,1.649,6.557,-0.824,0.189,-0.434,0.761,-0.275,3.305,-0.382,derecha
1780983859.579371,-0.84,-0.17,0.545,-0.595,1.794,-0.084,-0.683,-0.327,0.592,-6.45,0.237,-0.176,-0.335,-0.381,0.882,-0.221,-0.137,0.069,-0.265,-0.444,0.918,1.809,6.908,-0.771,0.192,-0.429,0.76,-0.718,1.763,0.206,derecha
1780983859.690791,-0.839,-0.168,0.546,-1.229,1.115,0.885,-0.684,-0.324,0.597,-5.573,1.122,0.794,-0.344,-0.398,0.924,5.481,9.336,1.931,-0.276,-0.446,0.951,4.344,13.962,2.954,0.211,-0.444,0.757,0.137,4.137,-1.267,derecha
1780983859.7849007,-0.846,-0.168,0.552,3.649,-8.557,0.191,-0.644,-0.296,0.692,3.26,40.115,4.565,-0.287,-0.271,0.883,197.267,70.183,50.954,-0.2,-0.348,0.999,198.466,35.053,46.802,0.142,-0.429,0.777,24.038,26.679,5.221,derecha
1780983859.8876412,-0.843,-0.153,0.527,4.466,10.389,5.977,-0.888,-0.31,0.495,10.206,44.473,23.107,-0.449,0.043,0.781,46.214,20.511,10.893,-0.389,-0.012,0.964,72.649,15.061,21.298,0.154,-0.395,0.787,8.763,7.748,0.107,derecha
1780983860.006978,-0.901,-0.141,0.52,-0.321,6.641,-1.595,-0.766,-0.24,0.467,-2.145,15.099,7.595,-0.475,0.093,0.807,17.008,7.779,4.618,-0.354,0.109,0.861,14.817,12.893,4.321,0.159,-0.383,0.782,2.366,0.962,-0.832,derecha
1780983860.1069334,-0.847,-0.139,0.516,-2.13,3.954,-2.74,-0.76,-0.232,0.435,-10.183,-7.122,-9.542,-0.462,0.098,0.784,-19.931,-4.611,-5.802,-0.357,0.098,0.885,-21.374,2.618,-3.427,0.155,-0.385,0.775,-7.74,2.443,-0.519,derecha
1780983860.2066236,-0.844,-0.16,0.527,-3.0,-1.649,-3.038,-0.733,-0.282,0.488,-22.359,-22.046,-23.321,-0.444,0.073,0.582,-72.794,-24.817,-19.145,-0.368,0.01,0.726,-102.641,-5.527,-27.435,0.152,-0.402,0.771,-12.626,-11.389,-1.443,derecha
1780983860.2999966,-0.8,-0.165,0.572,-5.42,-6.168,-2.015,-0.645,-0.3,0.599,-6.893,-43.313,-6.511,-0.489,-0.604,1.383,-175.015,-63.389,-70.351,-0.428,-0.598,1.41,-137.832,-15.763,-66.542,0.208,-0.468,0.766,-5.122,2.298,-0.527,derecha
1780983860.4028823,-0.832,-0.173,0.552,-4.649,-4.626,-3.55,-0.691,-0.315,0.57,-7.305,-1.962,-0.931,-0.307,-0.375,0.901,-2.985,-1.588,-0.977,-0.256,-0.419,0.954,1.573,8.084,-0.802,0.191,-0.423,0.756,1.565,6.221,0.305,derecha
1780983860.5080173,-0.835,-0.169,0.545,-0.878,0.824,0.489,-0.671,-0.32,0.606,-7.168,-0.336,-0.214,-0.324,-0.368,0.887,-1.939,-0.534,-0.664,-0.261,-0.418,0.938,0.786,7.634,-0.237,0.19,-0.436,0.757,-0.565,2.824,0.176,derecha
1780983860.614746,-0.83,-0.164,0.548,-0.443,2.656,0.802,-0.681,-0.32,0.597,-6.718,1.084,0.206,-0.327,-0.369,0.891,-0.466,0.351,-0.137,-0.26,-0.418,0.928,0.725,6.916,-0.305,0.196,-0.43,0.759,-0.405,2.336,0.053,derecha
1780983860.716143,-0.831,-0.163,0.551,-1.397,2.244,-1.649,-0.676,-0.325,0.604,-7.504,0.634,-0.573,-0.328,-0.375,0.887,-1.0,-0.344,-0.305,-0.266,-0.422,0.924,0.74,6.656,-0.588,0.189,-0.434,0.755,-0.779,2.863,0.198,derecha
1780983860.814827,-0.833,-0.169,0.546,-1.069,1.374,-1.237,-0.675,-0.321,0.609,-6.885,0.626,-0.221,-0.328,-0.376,0.887,-0.626,0.634,0.168,-0.265,-0.424,0.924,1.0,7.099,-0.603,0.191,-0.433,0.756,-0.893,1.756,-0.046,derecha
1780983860.917734,-0.832,-0.164,0.55,-0.87,1.13,-1.023,-0.677,-0.323,0.607,-6.794,0.069,-0.313,-0.332,-0.376,0.889,-0.405,-0.137,0.366,-0.268,-0.423,0.924,1.183,7.237,-0.168,0.19,-0.435,0.763,-0.443,2.748,-0.084,derecha
1780983861.0317383,-0.832,-0.165,0.554,-0.626,1.718,-1.29,-0.68,-0.321,0.604,-7.031,0.145,-0.588,-0.323,-0.376,0.889,-1.0,-0.145,0.214,-0.264,-0.427,0.935,1.267,6.412,-0.496,0.191,-0.43,0.757,-0.099,3.511,-0.122,derecha
1780983863.8079782,-0.836,-0.162,0.546,-0.977,1.313,-1.458,-0.674,-0.321,0.603,-7.038,0.023,-1.008,-0.33,-0.374,0.893,-0.427,-0.489,-0.015,-0.263,-0.431,0.925,1.771,6.45,-1.092,0.186,-0.436,0.76,-0.412,2.931,-0.221,derecha
1780983863.905049,-0.837,-0.165,0.55,-0.786,2.092,-1.359,-0.682,-0.326,0.602,-7.145,0.366,-0.519,-0.324,-0.378,0.885,-1.0,0.74,-0.435,-0.264,-0.435,0.927,1.275,6.962,-0.282,0.189,-0.431,0.761,-0.786,1.588,0.313,derecha
1780983864.0084844,-0.83,-0.166,0.553,-0.939,1.405,-0.443,-0.673,-0.321,0.61,-7.176,0.656,-0.031,-0.326,-0.377,0.886,-0.26,0.656,0.443,-0.263,-0.433,0.921,1.695,7.695,0.183,0.194,-0.429,0.764,-0.641,1.992,0.183,derecha
1780983864.1239817,-0.835,-0.162,0.552,-0.817,1.137,-1.351,-0.677,-0.323,0.603,-6.924,0.115,-0.855,-0.33,-0.378,0.888,-0.153,-1.076,-0.298,-0.264,-0.435,0.922,1.687,6.298,-0.634,0.193,-0.437,0.765,-0.718,2.595,-0.061,derecha
1780983864.227032,-0.836,-0.163,0.552,-0.962,2.008,-0.977,-0.683,-0.326,0.613,-6.542,0.176,-0.382,-0.324,-0.377,0.891,-0.733,-0.008,-0.496,-0.26,-0.433,0.923,2.046,6.954,-0.374,0.186,-0.433,0.764,-0.573,2.42,-0.015,derecha
1780983864.4256597,-0.822,-0.169,0.561,4.847,5.42,1.595,-0.7,-0.361,0.659,-4.595,110.542,4.885,-0.057,-0.11,0.393,183.382,69.13,37.748,-0.133,-0.183,0.612,216.618,41.26,54.206,0.185,-0.41,0.782,33.55,30.435,5.588,derecha
1780983864.5228798,-0.87,-0.1,0.495,-3.412,19.374,-3.168,-0.803,-0.27,0.438,7.977,45.786,26.786,-0.453,0.087,0.749,51.985,27.115,18.13,-0.288,0.087,0.855,76.588,18.336,18.153,0.168,-0.393,0.794,9.847,4.244,-1.031,derecha
1780983864.62598,-0.882,-0.148,0.502,-2.641,9.954,-1.832,-0.814,-0.27,0.476,-2.382,9.42,4.107,-0.509,0.093,0.827,13.282,7.206,5.221,-0.35,0.118,0.912,16.45,16.756,-0.924,0.14,-0.376,0.797,-6.656,2.466,-6.008,derecha
1780983864.7343123,-0.843,-0.133,0.473,-4.649,1.374,-6.55,-0.774,-0.237,0.462,-10.962,-0.794,-6.137,-0.499,0.073,0.934,-4.076,5.015,-1.893,-0.372,0.094,0.972,-1.733,12.176,-1.611,0.157,-0.395,0.783,-0.916,8.939,0.573,derecha
1780983864.834551,-0.871,-0.147,0.498,-1.328,0.42,-1.786,-0.82,-0.261,0.475,-8.664,-2.267,-4.321,-0.515,0.069,0.883,-3.466,-1.321,-0.427,-0.373,0.086,0.956,-4.802,5.443,0.435,0.152,-0.394,0.784,-1.939,2.954,-1.0,derecha
1780983864.9415588,-0.872,-0.147,0.485,-2.389,-3.969,-4.031,-0.754,-0.245,0.436,-15.947,-23.527,-15.931,-0.479,0.05,0.83,-49.55,-18.366,-15.26,-0.325,0.019,1.024,-44.809,-6.366,-9.237,0.161,-0.407,0.782,-11.992,-4.389,-0.397,derecha
1780983865.0491095,-0.869,-0.147,0.496,-2.496,-27.947,-7.649,-0.691,-0.238,0.341,-38.427,-83.489,-54.656,-0.329,-0.058,0.47,-185.725,-49.473,-48.977,-0.128,-0.056,0.778,-239.824,1.756,-55.573,0.193,-0.427,0.787,-32.115,-27.786,-7.145,derecha
1780983865.1548502,-0.801,-0.144,0.539,-5.336,-11.626,-2.282,-0.778,-0.311,0.353,-10.389,2.664,-4.137,-0.326,-0.4,1.127,-20.702,10.061,-2.26,-0.201,-0.297,0.633,-4.145,5.702,-4.183,0.189,-0.432,0.745,7.321,5.664,-0.038,derecha
1780983865.2482548,-0.842,-0.165,0.546,-0.855,1.481,-0.427,-0.683,-0.329,0.6,-7.031,0.092,-0.443,-0.334,-0.381,0.891,-2.55,-1.916,-0.099,-0.276,-0.435,0.924,0.305,7.42,-1.298,0.197,-0.437,0.752,0.321,1.893,0.168,derecha
1780983865.347075,-0.842,-0.166,0.547,-0.053,1.893,-0.145,-0.682,-0.322,0.599,-6.832,0.145,0.031,-0.341,-0.377,0.876,-0.534,-0.794,-0.244,-0.271,-0.432,0.922,0.947,6.603,-0.908,0.193,-0.439,0.766,-0.916,2.641,0.092,derecha
1780983865.4553494,-0.837,-0.166,0.538,-0.87,0.87,-1.603,-0.682,-0.332,0.594,-6.969,0.305,-0.756,-0.332,-0.384,0.883,-1.176,-1.122,-0.489,-0.27,-0.434,0.913,1.427,5.473,-1.321,0.198,-0.437,0.762,-0.664,2.763,-0.305,derecha
1780983865.5635955,-0.838,-0.166,0.544,-1.397,0.832,-1.244,-0.683,-0.323,0.6,-6.672,0.344,-0.198,-0.326,-0.381,0.883,-0.603,-0.565,-0.191,-0.27,-0.43,0.924,1.26,7.267,-1.176,0.191,-0.435,0.762,-1.237,1.237,0.099,derecha
1780983865.6651812,-0.836,-0.169,0.541,-0.305,1.916,0.55,-0.68,-0.327,0.6,-7.015,0.282,-0.168,-0.332,-0.379,0.885,-0.298,-0.084,0.046,-0.268,-0.433,0.921,1.45,6.87,-0.634,0.196,-0.439,0.757,-0.611,1.748,-0.221,derecha
1780983865.7653196,-0.839,-0.169,0.543,-1.183,1.359,-1.443,-0.68,-0.324,0.597,-7.069,0.145,-0.496,-0.33,-0.386,0.882,-0.595,-1.168,-0.405,-0.271,-0.434,0.922,1.366,6.771,-1.031,0.193,-0.439,0.76,-0.313,3.092,-0.344,derecha
1780983868.4373486,-0.831,-0.169,0.542,-1.725,1.092,-1.511,-0.685,-0.332,0.598,-6.916,0.107,-0.718,-0.325,-0.385,0.882,-0.802,-0.008,-0.084,-0.264,-0.44,0.925,1.542,6.84,-0.061,0.199,-0.429,0.763,-0.656,2.71,0.122,derecha
1780983868.5404258,-0.833,-0.168,0.534,-0.786,2.206,0.069,-0.679,-0.332,0.595,-7.069,1.053,0.137,-0.326,-0.383,0.879,-0.267,0.504,1.153,-0.263,-0.44,0.922,1.595,7.168,0.115,0.191,-0.436,0.758,-0.618,1.893,0.038,derecha
1780983868.6431282,-0.841,-0.168,0.542,-1.008,1.229,-1.702,-0.675,-0.332,0.595,-6.908,0.153,-0.809,-0.327,-0.391,0.886,-0.26,-1.244,0.282,-0.266,-0.442,0.914,1.557,7.015,-0.069,0.191,-0.432,0.762,-0.634,2.641,-0.031,derecha
1780983868.750626,-0.838,-0.168,0.543,-1.443,1.435,-1.145,-0.675,-0.328,0.594,-6.847,0.153,-0.664,-0.329,-0.388,0.889,-0.931,0.344,0.542,-0.267,-0.438,0.925,1.206,7.221,0.267,0.188,-0.433,0.756,-0.45,2.649,-0.221,derecha
1780983868.8505635,-0.833,-0.166,0.543,-0.45,2.595,0.458,-0.676,-0.325,0.6,-6.656,0.855,0.099,-0.331,-0.386,0.876,-0.061,0.786,0.802,-0.264,-0.441,0.919,1.878,6.824,-0.252,0.191,-0.437,0.76,-0.374,1.954,-0.031,derecha
1780983868.9521909,-0.839,-0.168,0.54,-1.13,1.282,-1.351,-0.681,-0.32,0.604,-6.794,-0.038,-0.817,-0.327,-0.386,0.88,-0.26,-0.962,0.351,-0.27,-0.44,0.921,2.099,6.656,-0.481,0.188,-0.434,0.751,-0.618,2.206,0.092,derecha
1780983869.0553024,-0.837,-0.169,0.531,0.084,-0.13,1.229,-0.683,-0.292,0.664,-8.519,31.0,-2.023,-0.535,-0.785,1.413,226.618,35.756,78.496,-0.5,-0.745,1.481,205.29,39.42,89.214,0.196,-0.45,0.757,12.794,14.573,7.145,derecha
1780983869.1585677,-0.922,-0.161,0.495,-7.573,40.519,6.992,-0.785,-0.225,0.392,29.153,34.527,43.008,-0.414,0.072,0.624,96.076,30.252,21.321,-0.344,0.015,0.875,97.511,12.595,21.557,0.168,-0.399,0.783,3.847,-0.229,-3.71,derecha
1780983869.2733943,-0.812,-0.118,0.463,2.069,2.718,2.748,-0.774,-0.191,0.474,-0.748,12.969,7.328,-0.48,0.066,0.897,21.298,10.267,5.328,-0.358,0.141,0.865,19.275,10.046,-1.603,0.167,-0.389,0.778,2.092,3.55,-0.229,derecha
1780983869.3645399,-0.916,-0.166,0.542,-4.534,8.519,-7.84,-0.866,-0.24,0.507,-10.55,6.664,-5.656,-0.555,0.061,0.889,0.046,4.794,-0.481,-0.392,0.076,0.965,-0.55,7.191,0.16,0.152,-0.384,0.763,-0.489,0.435,-1.42,derecha
1780983869.4779253,-0.889,-0.175,0.5,-6.366,-4.076,-1.313,-0.896,-0.266,0.457,-9.595,0.435,-8.809,-0.554,0.041,0.877,-6.519,-6.366,-1.817,-0.349,0.07,0.954,-7.718,0.557,-0.939,0.167,-0.404,0.768,-2.084,-6.336,-0.611,derecha
1780983869.580321,-0.871,-0.143,0.496,-1.313,-14.229,-5.42,-0.756,-0.259,0.453,-25.878,-26.504,-35.435,-0.424,0.05,0.681,-80.473,-28.183,-20.183,-0.299,0.025,0.833,-79.511,-2.672,-16.855,0.18,-0.417,0.779,-11.405,-9.229,-2.504,derecha
1780983869.6746082,-0.823,-0.177,0.548,-5.939,-25.115,-4.534,-0.673,-0.324,0.621,-5.0,-71.061,-0.344,-0.264,-0.772,0.936,-201.321,-85.038,-86.145,-0.323,-0.543,1.254,-193.603,-18.061,-67.855,0.2,-0.442,0.762,-7.084,6.817,-1.137,derecha
1780983869.776007,-0.846,-0.162,0.541,-2.756,-1.099,-1.42,-0.645,-0.333,0.644,-5.611,4.275,-0.389,-0.322,-0.364,0.876,-6.092,-9.847,-1.672,-0.174,-0.424,0.944,6.962,16.534,-1.023,0.208,-0.439,0.763,0.58,2.832,-0.038,derecha
1780983869.8793426,-0.837,-0.167,0.548,0.252,2.496,1.275,-0.678,-0.327,0.598,-7.015,0.687,0.092,-0.333,-0.379,0.884,-1.519,-0.656,0.275,-0.277,-0.429,0.911,0.137,5.13,-1.527,0.195,-0.436,0.757,-0.809,1.992,0.13,derecha
1780983869.982385,-0.837,-0.166,0.55,-0.878,1.481,-1.534,-0.684,-0.326,0.603,-6.878,0.13,-0.985,-0.324,-0.378,0.892,-1.122,-0.71,-0.076,-0.281,-0.433,0.917,0.664,6.557,-1.122,0.198,-0.434,0.758,-0.817,2.74,-0.198,derecha
1780983870.103449,-0.833,-0.171,0.533,-0.901,1.481,-0.771,-0.678,-0.326,0.599,-7.13,0.702,-0.229,-0.323,-0.381,0.879,-0.534,-0.565,-0.214,-0.281,-0.433,0.918,1.16,7.855,-0.481,0.195,-0.436,0.76,-0.702,2.069,0.313,derecha
1780983870.1885352,-0.836,-0.168,0.544,-0.947,1.466,0.008,-0.679,-0.329,0.602,-6.656,1.153,0.45,-0.327,-0.384,0.889,-0.443,1.115,0.557,-0.283,-0.436,0.92,0.626,7.191,-1.427,0.199,-0.434,0.756,-0.267,2.099,0.107,derecha
1780983870.2930453,-0.837,-0.169,0.541,-0.664,1.298,-1.405,-0.681,-0.328,0.604,-7.153,0.168,-0.511,-0.328,-0.379,0.881,-0.397,-1.008,-0.687,-0.273,-0.433,0.919,1.336,7.153,-0.985,0.196,-0.437,0.766,-0.672,2.527,0.084,derecha
1780983873.072235,-0.844,-0.169,0.544,-0.527,1.527,-0.053,-0.681,-0.329,0.591,-6.74,0.565,-0.061,-0.323,-0.384,0.883,-0.557,1.053,0.26,-0.269,-0.441,0.919,1.641,7.191,-0.275,0.194,-0.438,0.751,-0.733,2.061,0.061,derecha
1780983873.1757388,-0.841,-0.163,0.542,-0.664,1.565,-0.802,-0.677,-0.328,0.6,-7.031,0.237,-0.435,-0.325,-0.387,0.882,-0.519,-0.489,-0.13,-0.272,-0.441,0.922,1.626,6.626,-0.298,0.19,-0.431,0.749,-0.58,2.557,0.351,derecha
1780983873.2890284,-0.835,-0.169,0.539,-0.672,0.977,-1.786,-0.676,-0.325,0.603,-7.122,0.313,-0.641,-0.324,-0.383,0.886,-0.557,-0.282,-0.198,-0.275,-0.441,0.915,1.947,7.305,-0.435,0.194,-0.435,0.761,0.084,2.779,-0.069,derecha
1780983873.3898892,-0.839,-0.173,0.546,-1.076,1.298,-1.45,-0.677,-0.323,0.594,-7.0,0.626,-0.527,-0.327,-0.39,0.887,-0.458,-0.038,0.427,-0.268,-0.439,0.922,1.847,6.969,-0.351,0.195,-0.432,0.764,-0.863,2.046,0.443,derecha
1780983873.484416,-0.836,-0.167,0.544,-0.191,1.908,-0.267,-0.679,-0.323,0.596,-6.672,0.511,-0.115,-0.329,-0.383,0.885,-0.504,-0.023,0.305,-0.281,-0.439,0.921,1.641,7.45,-0.214,0.192,-0.429,0.753,-0.611,2.229,0.008,derecha
1780983873.5922694,-0.834,-0.167,0.54,-1.015,0.885,-1.893,-0.682,-0.33,0.601,-6.855,-0.092,-0.656,-0.322,-0.385,0.886,-0.344,-0.84,-0.374,-0.274,-0.436,0.919,2.084,6.527,-0.16,0.188,-0.426,0.764,-0.542,3.0,-0.595,derecha
1780983873.6903605,-0.837,-0.172,0.545,-1.298,1.183,1.115,-0.683,-0.331,0.604,-6.038,3.099,1.435,-0.453,-0.446,1.096,12.656,11.832,4.908,-0.179,-0.652,1.289,83.573,33.87,27.122,0.2,-0.445,0.781,2.618,9.969,1.863,derecha
1780983873.7935116,-0.831,-0.173,0.549,8.55,14.962,7.191,-0.862,-0.364,0.604,-15.45,82.84,14.824,-0.308,-0.125,0.698,141.481,66.084,32.718,-0.28,-0.204,0.861,171.313,28.458,42.298,0.165,-0.421,0.792,20.672,13.298,3.183,derecha
1780983873.8976789,-0.86,-0.154,0.515,-2.511,5.992,-0.023,-0.79,-0.302,0.521,-0.313,21.786,11.13,-0.482,0.021,0.925,39.351,20.992,9.557,-0.318,0.024,0.984,63.847,17.496,11.557,0.167,-0.408,0.79,3.282,9.786,-0.427,derecha
1780983874.0107849,-0.855,-0.143,0.492,-2.992,-2.038,-2.557,-0.782,-0.251,0.487,-6.427,7.656,-2.595,-0.531,0.054,0.907,2.153,7.16,-0.198,-0.377,0.061,1.052,15.466,12.061,2.748,0.146,-0.383,0.776,-0.496,3.771,0.038,derecha
1780983874.1027884,-0.871,-0.158,0.501,-4.863,-8.305,-4.771,-0.848,-0.287,0.491,-10.656,-12.603,-14.863,-0.521,0.037,0.88,-24.519,-7.115,-9.977,-0.359,0.071,0.937,-22.229,0.015,-7.496,0.155,-0.398,0.781,-2.985,-0.527,0.435,derecha
1780983874.2300775,-0.86,-0.16,0.511,1.069,-39.771,-9.504,-1.195,-0.629,0.597,-31.725,-168.427,-79.595,-0.387,-0.096,0.571,-235.565,-63.794,-69.985,-0.264,-0.36,0.76,-250.137,-27.389,-73.939,0.187,-0.472,0.753,-28.198,-35.26,-6.046,derecha
1780983874.3084297,-0.898,-0.173,0.518,-0.198,17.351,2.137,-0.684,-0.342,0.59,-7.595,9.969,0.198,-0.382,-0.397,0.845,5.405,-16.053,-0.145,-0.223,-0.414,0.965,-5.13,6.176,-1.832,0.19,-0.437,0.771,-5.092,6.092,0.176,derecha
1780983874.4115286,-0.833,-0.169,0.547,-0.389,0.435,0.321,-0.672,-0.334,0.604,-6.794,1.771,0.244,-0.326,-0.376,0.893,0.344,3.58,2.16,-0.273,-0.426,0.926,0.008,11.244,-0.992,0.184,-0.428,0.765,0.092,0.443,-1.214,derecha
1780983874.5145655,-0.837,-0.163,0.538,-1.099,0.74,-1.313,-0.68,-0.331,0.598,-7.198,0.015,-0.511,-0.327,-0.377,0.886,-1.374,0.695,0.313,-0.27,-0.43,0.92,0.16,6.969,-1.366,0.187,-0.428,0.756,-0.374,2.244,-0.328,derecha
1780983874.6290824,-0.837,-0.171,0.539,-0.916,0.847,-1.534,-0.68,-0.328,0.599,-7.023,0.046,-0.74,-0.327,-0.378,0.885,-1.588,0.046,0.221,-0.27,-0.433,0.925,0.718,6.977,-0.748,0.187,-0.43,0.76,0.107,3.237,0.008,derecha
1780983874.7202132,-0.838,-0.172,0.537,-0.252,1.183,0.718,-0.678,-0.329,0.594,-6.947,0.206,-0.031,-0.328,-0.382,0.888,-0.786,0.718,0.794,-0.268,-0.435,0.929,0.908,7.344,-0.832,0.183,-0.438,0.765,-0.634,1.718,0.0,derecha
1780983874.8236825,-0.84,-0.168,0.537,-1.267,1.618,-1.252,-0.682,-0.329,0.589,-6.824,-0.122,-0.366,-0.33,-0.379,0.885,-0.389,-0.008,0.366,-0.263,-0.43,0.921,1.595,6.26,-0.885,0.181,-0.437,0.764,-0.733,2.13,0.191,derecha
1780983874.9439807,-0.839,-0.17,0.543,-1.176,2.107,-1.817,-0.681,-0.329,0.591,-7.107,-0.351,-1.023,-0.324,-0.379,0.888,-0.641,-1.427,-0.107,-0.263,-0.434,0.928,1.344,5.908,-0.809,0.19,-0.43,0.762,-0.29,2.496,-0.092,derecha
1780983875.0292525,-0.841,-0.171,0.534,-0.649,1.076,-0.313,-0.678,-0.329,0.593,-6.756,0.275,0.191,-0.33,-0.382,0.889,-0.931,1.26,0.29,-0.262,-0.435,0.911,0.855,6.74,-0.618,0.191,-0.432,0.762,-0.718,1.55,-0.336,derecha
1780983877.707423,-0.844,-0.165,0.539,-0.527,2.13,0.282,-0.677,-0.329,0.596,-6.641,0.191,-0.092,-0.331,-0.382,0.881,-0.649,-0.885,-0.573,-0.261,-0.439,0.916,1.511,6.71,-0.511,0.188,-0.437,0.757,-1.29,1.519,0.099,derecha
1780983877.8236878,-0.836,-0.17,0.54,-1.725,1.298,-1.718,-0.678,-0.328,0.598,-7.076,0.053,-0.679,-0.324,-0.389,0.892,-0.252,-0.405,-0.466,-0.265,-0.441,0.916,1.321,7.359,0.053,0.19,-0.437,0.758,-0.092,2.802,-0.221,derecha
1780983877.9262521,-0.839,-0.169,0.539,-0.84,1.489,-0.374,-0.679,-0.331,0.598,-7.16,0.534,-0.641,-0.327,-0.387,0.886,-0.641,0.496,-0.565,-0.259,-0.44,0.917,1.282,6.557,-0.229,0.195,-0.433,0.758,-1.145,1.679,0.229,derecha
1780983878.016453,-0.838,-0.17,0.546,-0.527,1.061,-0.29,-0.677,-0.327,0.596,-6.557,0.427,-0.237,-0.327,-0.378,0.88,-0.237,-0.221,-0.122,-0.263,-0.44,0.918,1.672,6.817,-0.405,0.184,-0.433,0.759,-0.496,2.359,0.084,derecha
1780983878.1200607,-0.84,-0.172,0.546,-0.878,1.221,-2.122,-0.682,-0.333,0.595,-6.916,-0.229,-1.008,-0.329,-0.38,0.886,-0.55,-0.374,-0.252,-0.259,-0.439,0.926,1.733,6.672,-0.176,0.189,-0.435,0.764,-0.466,2.916,-0.321,derecha
1780983878.22238,-0.838,-0.17,0.544,-1.275,1.0,-1.183,-0.68,-0.331,0.597,-6.786,0.168,-0.527,-0.327,-0.385,0.887,0.046,-0.344,0.137,-0.262,-0.441,0.919,1.893,7.183,-0.435,0.187,-0.433,0.76,-0.817,1.84,0.107,derecha
1780983878.326182,-0.836,-0.164,0.541,0.092,-0.344,1.206,-0.686,-0.333,0.571,-3.962,4.664,2.588,-1.162,-1.312,2.0,27.824,-17.977,32.023,-0.319,-0.613,1.363,86.0,-18.344,20.954,0.197,-0.44,0.799,5.588,7.405,3.855,derecha
1780983878.429117,-0.855,-0.167,0.532,3.71,13.931,1.733,-0.716,-0.328,0.531,-4.145,60.74,3.511,-0.383,-0.157,0.904,92.672,52.115,16.901,-0.391,-0.195,1.042,119.626,18.557,24.45,0.156,-0.398,0.775,13.336,13.145,3.618,derecha
1780983878.5316303,-0.865,-0.155,0.517,1.534,14.237,4.863,-0.745,-0.315,0.481,-5.359,30.687,13.13,-0.49,0.032,0.804,51.55,32.992,10.229,-0.41,0.087,0.82,68.489,0.985,11.366,0.153,-0.385,0.767,8.015,5.55,-0.053,derecha
1780983878.6349697,-0.853,-0.168,0.511,-6.969,20.397,0.275,-0.825,-0.312,0.46,4.947,23.45,12.878,-0.57,0.065,0.857,30.695,11.489,4.664,-0.429,0.092,0.94,40.015,9.443,7.863,-0.032,-0.342,0.827,-18.794,-7.244,-20.237,derecha
1780983878.7488482,-0.866,-0.161,0.501,-3.939,0.931,-2.481,-0.821,-0.285,0.437,-6.0,0.427,-2.496,-0.538,0.066,0.884,-3.344,0.603,-2.351,-0.34,0.136,0.959,-0.634,6.13,-1.344,0.163,-0.385,0.781,-8.046,1.809,-0.908,derecha
1780983878.8500097,-0.871,-0.149,0.486,-0.198,-1.496,-3.137,-0.779,-0.258,0.399,-11.588,-13.069,-9.595,-0.466,0.121,0.716,-34.832,-13.748,-13.534,-0.329,0.167,0.764,-49.504,-5.237,-10.466,0.157,-0.392,0.777,-10.145,1.565,2.16,derecha
1780983878.9434364,-0.861,-0.159,0.5,-0.58,-18.244,-4.122,-0.679,-0.305,0.401,-25.557,-63.756,-39.481,-0.408,0.032,0.531,-152.26,-51.58,-42.893,-0.267,-0.107,0.577,-197.137,-16.351,-60.511,0.175,-0.432,0.756,-24.229,-25.305,-6.359,derecha
1780983879.0611372,-0.873,-0.095,0.517,-4.176,-23.206,-4.267,-0.78,-0.308,0.471,-13.924,50.198,0.374,-0.046,-0.331,0.892,-8.176,42.725,-1.336,-0.461,-0.706,1.388,-27.878,-11.527,-8.252,0.165,-0.412,0.802,5.16,-0.748,-0.366,derecha
1780983879.1533852,-0.842,-0.172,0.533,-0.282,2.397,-0.733,-0.685,-0.328,0.586,-7.183,-1.519,-0.756,-0.323,-0.381,0.884,-4.87,-2.099,-0.702,-0.255,-0.426,0.94,0.344,6.511,-0.817,0.19,-0.437,0.75,0.611,3.366,0.099,derecha
1780983879.2564173,-0.84,-0.176,0.535,-0.863,2.588,0.275,-0.681,-0.335,0.589,-7.275,1.252,0.183,-0.323,-0.382,0.887,-0.87,1.061,0.947,-0.259,-0.429,0.926,-0.344,5.977,-0.45,0.196,-0.429,0.758,-0.794,2.588,0.076,derecha
1780983879.355984,-0.842,-0.171,0.536,-0.687,0.595,-0.427,-0.686,-0.326,0.588,-6.916,-0.374,-0.603,-0.328,-0.382,0.887,-1.344,0.718,0.099,-0.26,-0.432,0.919,0.908,6.947,-0.763,0.198,-0.44,0.763,-0.687,2.824,0.13,derecha
1780983879.4588091,-0.838,-0.168,0.531,-1.153,1.664,-1.229,-0.68,-0.335,0.591,-7.191,0.244,-0.763,-0.324,-0.381,0.885,-1.267,0.145,-0.13,-0.252,-0.435,0.918,0.496,6.534,-0.053,0.197,-0.438,0.756,-0.282,3.069,-0.237,derecha
1780983879.5647144,-0.843,-0.174,0.541,-0.618,1.802,-0.389,-0.682,-0.335,0.593,-6.55,0.405,-0.389,-0.325,-0.385,0.883,-0.71,0.511,0.511,-0.254,-0.44,0.925,1.16,7.481,-0.496,0.185,-0.438,0.757,-0.687,2.099,0.198,derecha
