timestamp,pulgar_ax,pulgar_ay,pulgar_az,pulgar_gx,pulgar_gy,pulgar_gz,indice_ax,indice_ay,indice_az,indice_gx,indice_gy,indice_gz,medio_ax,medio_ay,medio_az,medio_gx,medio_gy,medio_gz,anular_ax,anular_ay,anular_az,anular_gx,anular_gy,anular_gz,menique_ax,menique_ay,menique_az,menique_gx,menique_gy,menique_gz,gesto
1780990811.812223,-0.862,-0.202,0.478,-0.779,2.084,-0.55,-0.711,-0.373,0.525,-7.0,0.267,-0.382,-0.321,-0.471,0.843,-0.397,-0.137,0.145,-0.239,-0.593,0.829,1.87,6.695,-0.649,0.101,-0.424,0.772,-0.344,2.473,-0.015,reposo
1780990811.9049013,-0.862,-0.206,0.474,-1.069,1.725,-1.489,-0.713,-0.375,0.515,-6.756,-0.031,-0.71,-0.323,-0.471,0.843,-0.115,-0.58,-0.298,-0.241,-0.594,0.818,2.252,6.924,-0.351,0.096,-0.426,0.781,-0.26,1.802,-0.244,reposo
1780990812.0077074,-0.861,-0.204,0.48,-0.679,1.656,-0.267,-0.712,-0.376,0.513,-7.534,0.534,-0.252,-0.321,-0.469,0.844,-0.664,0.603,0.435,-0.244,-0.594,0.825,1.71,7.626,-0.008,0.097,-0.429,0.774,-0.779,2.275,-0.206,reposo
1780990812.1116388,-0.862,-0.201,0.481,-0.702,1.344,-0.252,-0.707,-0.375,0.523,-7.214,0.206,-0.282,-0.318,-0.471,0.845,-0.405,-0.069,-0.244,-0.241,-0.596,0.835,2.008,6.786,-0.687,0.094,-0.428,0.776,-0.603,2.466,-0.092,reposo
1780990812.2274253,-0.862,-0.199,0.475,-0.733,2.053,-0.634,-0.71,-0.37,0.518,-7.313,0.26,-0.076,-0.32,-0.472,0.842,-0.145,0.504,-0.183,-0.244,-0.588,0.824,1.802,6.573,-0.511,0.096,-0.425,0.774,-0.565,2.153,0.046,reposo
1780990812.3265505,-0.866,-0.198,0.479,-0.397,1.275,-0.344,-0.708,-0.375,0.524,-6.84,0.13,0.015,-0.323,-0.468,0.839,-0.321,-0.489,0.45,-0.237,-0.59,0.829,1.924,6.557,-0.824,0.1,-0.432,0.776,-0.481,2.0,-0.145,reposo
1780990812.419789,-0.861,-0.202,0.478,-0.802,2.168,-0.977,-0.714,-0.375,0.519,-7.305,0.29,-0.344,-0.32,-0.467,0.842,-0.405,0.802,-0.42,-0.242,-0.584,0.824,1.931,6.313,-1.069,0.1,-0.431,0.773,-0.74,1.603,-0.275,reposo
1780990812.5224605,-0.863,-0.201,0.476,-1.168,1.992,-0.664,-0.712,-0.375,0.522,-7.183,0.107,-0.817,-0.319,-0.472,0.84,0.145,-0.74,-0.237,-0.239,-0.591,0.83,1.847,4.992,-1.168,0.098,-0.428,0.762,-1.519,1.763,-0.992,reposo
1780990812.625799,-0.863,-0.197,0.472,-0.427,1.221,-1.099,-0.708,-0.374,0.526,-6.725,0.191,-0.389,-0.319,-0.472,0.842,-0.435,-0.656,0.13,-0.245,-0.593,0.824,1.931,6.511,-1.45,0.108,-0.437,0.763,-2.191,-0.672,-2.282,reposo
1780990812.7285883,-0.855,-0.205,0.482,-1.397,0.198,-1.557,-0.712,-0.376,0.518,-5.908,0.26,-1.267,-0.316,-0.468,0.841,0.641,-1.832,-2.695,-0.244,-0.593,0.842,2.748,3.855,-3.061,0.116,-0.448,0.802,-0.893,-0.45,6.221,reposo
1780990812.8430731,-0.847,-0.207,0.471,-2.466,0.359,-0.855,-0.704,-0.379,0.523,-2.84,-2.023,-3.031,-0.504,-0.389,0.6,-0.618,3.443,31.298,-0.406,-0.603,0.746,1.74,10.076,2.122,-0.133,-0.382,0.786,6.023,2.229,17.389,reposo
1780990815.2087624,-0.869,-0.194,0.468,-0.962,1.29,-0.916,-0.708,-0.376,0.518,-7.069,0.214,-0.206,-0.319,-0.464,0.847,-0.084,0.504,-0.344,-0.256,-0.583,0.831,2.107,6.496,-0.13,0.099,-0.424,0.778,-0.603,2.466,-0.458,reposo
1780990815.303809,-0.865,-0.201,0.465,-0.397,1.496,-0.244,-0.712,-0.374,0.526,-6.725,-0.046,-0.427,-0.32,-0.462,0.847,-0.13,-0.244,-0.115,-0.255,-0.583,0.83,2.046,7.115,-0.191,0.098,-0.419,0.774,-0.427,2.832,-0.13,reposo
1780990815.4100404,-0.865,-0.198,0.469,-0.786,1.244,-0.748,-0.709,-0.375,0.524,-6.962,0.298,-0.183,-0.322,-0.464,0.838,-0.038,0.84,-0.573,-0.254,-0.581,0.826,1.939,7.359,-0.389,0.096,-0.414,0.781,-0.489,2.282,0.0,reposo
1780990815.5097404,-0.867,-0.196,0.461,-0.679,2.107,-0.435,-0.712,-0.374,0.521,-7.298,0.26,-0.084,-0.323,-0.465,0.844,0.153,0.191,0.321,-0.257,-0.584,0.83,2.176,6.885,-0.481,0.094,-0.414,0.773,-0.443,2.366,-0.115,reposo
1780990815.6243489,-0.867,-0.2,0.472,-0.664,1.389,-0.084,-0.709,-0.37,0.523,-7.374,0.481,-0.107,-0.323,-0.465,0.845,-0.298,0.405,-0.099,-0.258,-0.581,0.827,1.58,7.069,-0.168,0.101,-0.418,0.772,-0.901,1.718,0.176,reposo
1780990815.7272396,-0.869,-0.197,0.467,-0.588,1.969,-0.916,-0.713,-0.372,0.521,-7.473,0.366,-0.237,-0.32,-0.464,0.853,-0.16,0.092,-0.122,-0.256,-0.584,0.828,2.168,7.176,-0.687,0.098,-0.422,0.774,-0.763,2.275,-0.229,reposo
1780990815.826391,-0.871,-0.201,0.463,-0.962,1.603,-0.076,-0.708,-0.373,0.522,-7.298,0.168,-0.481,-0.322,-0.459,0.842,-0.427,0.573,0.603,-0.264,-0.587,0.828,1.992,7.359,-0.397,0.099,-0.417,0.781,-0.542,2.542,-0.405,reposo
1780990815.9219966,-0.87,-0.199,0.467,-0.931,1.71,-0.939,-0.714,-0.37,0.521,-7.313,0.221,-0.244,-0.323,-0.462,0.846,0.069,-0.107,0.107,-0.258,-0.583,0.826,2.374,7.298,-0.26,0.097,-0.424,0.785,-0.519,2.496,-0.145,reposo
1780990816.0252154,-0.871,-0.195,0.461,-0.817,1.252,-0.313,-0.713,-0.371,0.523,-7.115,0.16,-0.481,-0.321,-0.46,0.843,-0.069,0.351,-0.053,-0.259,-0.585,0.831,1.878,7.168,-0.435,0.101,-0.422,0.768,-0.679,2.733,-0.076,reposo
1780990816.1285954,-0.868,-0.198,0.455,-0.985,1.679,-0.748,-0.711,-0.375,0.522,-7.16,0.16,-0.496,-0.324,-0.459,0.841,-0.206,0.496,0.687,-0.261,-0.582,0.835,1.992,7.389,-0.496,0.099,-0.42,0.776,-0.672,2.275,-0.252,reposo
1780990816.2407923,-0.869,-0.199,0.46,-1.237,1.031,-1.053,-0.712,-0.37,0.521,-6.718,0.038,-0.298,-0.326,-0.463,0.848,0.191,-0.916,-0.466,-0.255,-0.58,0.832,2.16,6.115,-0.656,0.102,-0.421,0.77,-0.359,2.252,0.084,reposo
1780990818.5085337,-0.868,-0.195,0.465,-1.153,1.305,-0.908,-0.711,-0.373,0.52,-7.115,0.26,-0.328,-0.315,-0.462,0.846,-0.359,0.229,0.244,-0.265,-0.582,0.83,2.0,7.069,-0.42,0.104,-0.426,0.777,-0.557,2.282,-0.244,reposo
1780990818.61147,-0.871,-0.191,0.464,-0.588,1.718,-0.55,-0.711,-0.367,0.522,-7.122,0.275,-0.519,-0.318,-0.462,0.846,-0.504,0.321,-0.305,-0.262,-0.581,0.828,1.901,6.855,-0.107,0.097,-0.421,0.787,-0.504,2.824,0.038,reposo
1780990818.7115283,-0.866,-0.192,0.468,-0.687,1.573,-0.511,-0.711,-0.367,0.525,-7.405,0.435,-0.26,-0.321,-0.467,0.84,-0.55,-0.137,0.504,-0.262,-0.579,0.825,2.122,6.992,-1.328,0.096,-0.419,0.777,-0.58,2.198,0.046,reposo
1780990818.8061962,-0.87,-0.193,0.468,-0.511,1.809,-1.008,-0.71,-0.369,0.521,-7.046,0.252,-0.649,-0.316,-0.461,0.844,-0.687,0.55,0.13,-0.257,-0.576,0.835,1.985,6.863,-0.092,0.095,-0.42,0.775,-0.237,2.901,0.26,reposo
1780990818.9089882,-0.868,-0.193,0.471,-0.565,1.496,-0.328,-0.716,-0.369,0.526,-6.885,0.634,-0.053,-0.317,-0.463,0.847,-0.359,-0.282,-0.16,-0.26,-0.579,0.827,2.115,6.702,-0.023,0.094,-0.422,0.78,-0.168,2.527,-0.061,reposo
1780990819.012082,-0.868,-0.192,0.464,-0.901,1.87,-0.702,-0.712,-0.369,0.529,-7.351,0.359,-0.557,-0.323,-0.464,0.845,-0.183,0.191,0.71,-0.261,-0.574,0.835,2.214,7.16,-0.489,0.092,-0.413,0.778,-0.275,2.84,-0.183,reposo
1780990819.1151783,-0.869,-0.193,0.467,-0.916,1.832,0.008,-0.715,-0.367,0.527,-6.893,0.107,-0.267,-0.32,-0.463,0.848,-0.298,-0.229,-0.099,-0.258,-0.578,0.833,1.954,6.435,-0.878,0.093,-0.418,0.774,-0.427,2.198,0.008,reposo
1780990819.2258146,-0.868,-0.196,0.462,-0.954,2.206,-1.084,-0.713,-0.367,0.525,-7.099,0.382,-0.351,-0.319,-0.459,0.849,-0.13,-0.206,-0.008,-0.26,-0.583,0.824,1.885,6.603,-0.298,0.096,-0.421,0.779,-0.748,1.878,-0.26,reposo
1780990819.321353,-0.868,-0.189,0.461,-0.855,1.527,-0.191,-0.712,-0.368,0.528,-7.321,0.267,-0.084,-0.322,-0.459,0.847,-0.588,0.511,0.282,-0.265,-0.576,0.835,2.031,6.779,-0.954,0.088,-0.412,0.779,-0.71,1.511,-0.214,reposo
1780990819.4240222,-0.872,-0.197,0.459,-0.863,1.557,-0.817,-0.714,-0.365,0.523,-7.099,0.191,-0.679,-0.319,-0.461,0.846,-0.275,0.046,-0.076,-0.259,-0.576,0.825,1.901,7.038,-0.718,0.099,-0.418,0.774,-0.542,2.725,0.153,reposo
1780990819.5437164,-0.868,-0.193,0.46,-0.74,1.679,-1.237,-0.708,-0.368,0.521,-7.061,0.267,-0.183,-0.32,-0.464,0.848,-0.305,0.26,-0.229,-0.259,-0.577,0.826,2.038,6.229,-0.618,0.1,-0.419,0.778,-0.466,1.328,0.015,reposo
1780990821.7933993,-0.87,-0.188,0.464,-0.725,1.168,-0.802,-0.714,-0.367,0.512,-7.076,0.198,-0.198,-0.32,-0.455,0.849,-0.527,0.511,-0.29,-0.257,-0.577,0.836,2.046,6.969,-0.359,0.093,-0.422,0.773,-0.511,2.359,-0.168,reposo
1780990821.9095268,-0.871,-0.192,0.459,-1.084,1.985,-0.466,-0.712,-0.369,0.523,-7.275,0.282,-0.664,-0.318,-0.459,0.842,-0.351,-0.252,0.015,-0.258,-0.583,0.826,2.031,7.275,-0.427,0.097,-0.417,0.776,-0.595,2.252,-0.076,reposo
1780990821.9989893,-0.868,-0.197,0.46,-1.153,1.427,-1.183,-0.716,-0.367,0.516,-7.084,0.153,-0.26,-0.322,-0.463,0.841,-0.244,0.71,0.718,-0.262,-0.579,0.822,2.206,6.489,-0.511,0.095,-0.424,0.771,-0.198,1.748,-0.252,reposo
1780990822.1077054,-0.868,-0.196,0.465,-0.832,2.008,-0.74,-0.712,-0.372,0.521,-7.397,0.366,-0.481,-0.319,-0.46,0.846,-0.191,-0.031,0.183,-0.267,-0.58,0.825,2.015,6.832,-0.26,0.091,-0.421,0.774,-0.626,2.153,0.084,reposo
1780990822.205083,-0.869,-0.194,0.464,-0.641,0.817,-0.13,-0.711,-0.367,0.528,-7.0,0.229,-0.466,-0.323,-0.462,0.847,-0.321,0.275,0.252,-0.263,-0.579,0.828,1.763,6.718,-0.908,0.097,-0.42,0.785,-0.489,1.718,0.015,reposo
1780990822.3084671,-0.867,-0.195,0.462,-0.527,1.802,-0.855,-0.716,-0.37,0.521,-7.344,0.244,-0.412,-0.319,-0.461,0.852,-0.756,-0.145,0.366,-0.258,-0.58,0.834,1.679,6.779,-1.542,0.093,-0.42,0.782,-0.672,2.092,-0.153,reposo
1780990822.4109836,-0.871,-0.194,0.465,-0.076,1.443,0.13,-0.712,-0.367,0.525,-7.13,0.092,-0.42,-0.323,-0.458,0.843,-0.26,-0.29,-0.397,-0.266,-0.58,0.832,1.595,6.649,-0.435,0.098,-0.424,0.778,-0.511,2.061,-0.191,reposo
1780990822.513996,-0.872,-0.19,0.469,-0.405,1.588,-1.427,-0.709,-0.37,0.528,-7.221,0.275,-0.382,-0.318,-0.464,0.849,-0.649,0.198,0.267,-0.262,-0.578,0.822,2.107,6.71,-0.183,0.091,-0.421,0.78,-0.427,2.733,0.183,reposo
1780990822.625238,-0.866,-0.194,0.466,-1.053,1.534,-0.496,-0.71,-0.369,0.523,-7.267,0.26,-0.023,-0.318,-0.462,0.84,-0.656,0.458,0.053,-0.258,-0.577,0.824,1.962,7.145,-0.916,0.096,-0.419,0.773,-0.748,2.435,0.252,reposo
1780990822.720062,-0.866,-0.192,0.461,-0.87,1.466,-1.061,-0.71,-0.367,0.526,-7.282,0.489,-0.122,-0.316,-0.464,0.849,-0.489,0.313,-0.023,-0.263,-0.575,0.837,1.672,6.855,-0.466,0.102,-0.425,0.775,-0.427,2.237,0.069,reposo
1780990822.822899,-0.869,-0.191,0.466,-0.87,1.366,-0.756,-0.708,-0.37,0.526,-7.366,0.13,-0.557,-0.32,-0.465,0.848,-0.473,-0.504,0.489,-0.261,-0.582,0.833,1.908,7.046,-0.504,0.095,-0.42,0.777,-0.42,2.176,-0.084,reposo
1780990825.1924155,-0.867,-0.19,0.465,-0.863,1.611,-0.244,-0.712,-0.365,0.52,-7.374,0.344,-0.405,-0.32,-0.463,0.854,-0.542,0.87,0.298,-0.261,-0.578,0.836,1.542,6.779,-0.924,0.09,-0.424,0.774,-0.458,2.344,-0.145,reposo
1780990825.3074288,-0.869,-0.193,0.462,-1.092,1.214,-1.031,-0.713,-0.367,0.523,-7.191,0.206,-0.038,-0.318,-0.461,0.847,-0.061,0.191,-0.069,-0.263,-0.577,0.828,1.924,7.076,-0.794,0.099,-0.422,0.773,-0.626,2.26,-0.115,reposo
1780990825.4079058,-0.87,-0.191,0.466,-0.985,1.58,-0.84,-0.71,-0.368,0.529,-7.115,0.237,-0.313,-0.322,-0.46,0.847,-0.405,0.023,0.16,-0.263,-0.578,0.835,1.71,7.008,-0.298,0.093,-0.422,0.768,-0.344,2.008,-0.008,reposo
1780990825.5103328,-0.867,-0.192,0.476,-0.939,0.924,-0.809,-0.71,-0.37,0.531,-7.382,0.267,-0.496,-0.317,-0.46,0.856,-0.443,0.168,0.321,-0.256,-0.578,0.829,2.0,6.832,-0.542,0.099,-0.42,0.772,-0.534,2.412,-0.015,reposo
1780990825.604633,-0.874,-0.194,0.466,-0.656,1.664,-0.763,-0.707,-0.368,0.527,-7.206,0.084,-0.885,-0.317,-0.459,0.846,-0.55,0.511,0.053,-0.259,-0.581,0.819,1.656,7.351,-0.908,0.1,-0.416,0.774,-0.595,2.443,-0.084,reposo
1780990825.7073731,-0.873,-0.192,0.463,-0.71,1.336,-0.298,-0.712,-0.373,0.525,-7.298,0.145,-0.206,-0.318,-0.462,0.846,-0.511,0.45,0.198,-0.257,-0.576,0.824,2.015,7.107,-0.458,0.093,-0.417,0.778,-0.74,2.252,0.053,reposo
1780990825.8248777,-0.873,-0.193,0.473,-0.74,1.748,-1.0,-0.713,-0.366,0.526,-7.351,0.275,-0.26,-0.317,-0.463,0.844,-0.42,-0.298,-0.137,-0.259,-0.58,0.827,1.985,6.679,-0.351,0.097,-0.417,0.772,-0.565,1.947,-0.13,reposo
1780990825.9248915,-0.867,-0.194,0.466,-0.763,1.244,-0.389,-0.712,-0.365,0.529,-7.076,0.275,-0.115,-0.32,-0.461,0.853,-0.641,0.634,-0.313,-0.263,-0.579,0.834,2.229,6.779,-0.748,0.092,-0.414,0.766,-0.595,2.206,-0.115,reposo
1780990826.0245976,-0.869,-0.192,0.465,-0.504,1.328,-1.374,-0.714,-0.369,0.519,-6.855,0.16,-0.466,-0.318,-0.459,0.843,-0.489,0.137,0.137,-0.259,-0.577,0.838,1.763,6.962,-0.336,0.093,-0.416,0.781,-0.611,2.824,-0.115,reposo
1780990826.119556,-0.868,-0.192,0.464,-0.87,1.252,-0.527,-0.71,-0.366,0.522,-6.969,0.13,-0.053,-0.32,-0.462,0.846,-0.458,0.412,-0.183,-0.26,-0.581,0.826,2.031,6.71,-0.427,0.093,-0.42,0.779,-0.527,2.473,0.061,reposo
1780990826.2225964,-0.87,-0.192,0.466,-1.038,1.672,-0.924,-0.712,-0.368,0.521,-7.122,0.389,-0.26,-0.32,-0.462,0.853,-0.206,0.015,0.084,-0.263,-0.577,0.833,1.87,6.641,-0.756,0.091,-0.424,0.783,-0.374,2.443,-0.176,reposo
1780990828.4885848,-0.883,-0.196,0.47,-1.137,0.74,-1.229,-0.712,-0.367,0.518,-7.267,1.489,-0.382,-0.318,-0.459,0.844,-0.29,-0.427,-0.191,-0.26,-0.582,0.827,1.87,6.969,-0.756,0.104,-0.412,0.774,-0.275,2.771,-0.557,reposo
1780990828.5919855,-0.868,-0.193,0.465,-0.748,1.603,-1.191,-0.707,-0.369,0.53,-7.328,0.282,-0.061,-0.317,-0.461,0.84,-0.519,0.565,0.305,-0.264,-0.58,0.829,1.756,7.779,-0.237,0.101,-0.415,0.775,-0.969,2.229,-0.466,reposo
1780990828.6948795,-0.874,-0.195,0.46,-1.0,1.748,-0.275,-0.715,-0.368,0.526,-7.13,0.008,-0.435,-0.323,-0.463,0.853,-0.267,-1.0,-0.092,-0.262,-0.579,0.827,1.878,6.374,-0.031,0.101,-0.418,0.78,-0.427,1.511,-0.405,reposo
1780990828.8087547,-0.866,-0.192,0.469,-0.893,0.534,-0.824,-0.715,-0.366,0.526,-6.496,-0.168,-0.573,-0.325,-0.458,0.847,0.328,-1.763,-1.313,-0.264,-0.576,0.831,2.008,6.0,-1.962,0.102,-0.419,0.777,-0.244,-0.855,-0.878,reposo
1780990828.9007385,-0.884,-0.191,0.455,0.328,3.023,0.336,-0.709,-0.365,0.537,-6.71,-0.87,-0.87,-0.325,-0.459,0.837,0.282,-1.252,-0.321,-0.263,-0.571,0.834,2.405,3.565,-2.466,0.106,-0.418,0.779,-0.794,-2.855,-1.313,reposo
1780990829.0036695,-0.86,-0.196,0.473,-0.855,0.519,-1.16,-0.714,-0.366,0.525,-6.74,-0.443,-0.847,-0.318,-0.456,0.85,0.076,-0.809,-0.595,-0.271,-0.566,0.818,0.603,4.122,-0.84,0.111,-0.411,0.771,-0.351,-0.992,-1.176,reposo
1780990829.1065192,-0.87,-0.192,0.474,-0.015,-0.672,-0.786,-0.709,-0.365,0.532,-6.443,0.321,0.084,-0.307,-0.459,0.855,-0.099,-0.542,0.603,-0.255,-0.576,0.834,2.718,7.527,-0.061,0.115,-0.403,0.773,0.191,1.947,-0.618,reposo
1780990829.5186362,-0.883,-0.195,0.446,-2.282,0.542,0.473,-0.704,-0.368,0.527,-7.511,1.656,-1.718,-0.316,-0.457,0.846,-2.328,-0.748,-0.504,-0.255,-0.57,0.838,-0.061,5.031,-1.107,0.128,-0.407,0.786,-1.214,0.229,0.443,reposo
1780990831.7846313,-0.855,-0.201,0.492,1.885,-5.557,-2.16,-0.709,-0.357,0.532,-4.053,-0.779,-1.504,-0.299,-0.452,0.858,2.198,-4.893,-1.893,-0.243,-0.573,0.843,2.298,1.107,-1.786,0.115,-0.409,0.785,2.26,4.107,0.412,reposo
1780990831.8872876,-0.856,-0.201,0.493,-0.687,0.557,-2.382,-0.706,-0.365,0.536,-7.183,0.282,-1.344,-0.302,-0.455,0.854,-0.58,0.427,-0.076,-0.252,-0.57,0.84,1.336,6.756,-0.489,0.119,-0.409,0.773,-1.664,2.939,-0.534,reposo
1780990831.9907496,-0.862,-0.201,0.498,-0.214,2.351,0.153,-0.701,-0.363,0.538,-7.458,0.626,-0.321,-0.302,-0.459,0.855,-0.702,0.069,0.344,-0.26,-0.569,0.842,1.939,8.069,-0.679,0.119,-0.407,0.77,-0.519,2.176,-0.214,reposo
1780990832.0936089,-0.86,-0.202,0.487,-0.321,0.885,-1.046,-0.71,-0.366,0.528,-7.008,0.603,-0.389,-0.302,-0.455,0.857,0.038,0.061,-0.023,-0.255,-0.566,0.844,2.26,5.794,-1.069,0.128,-0.418,0.782,0.298,4.053,-0.107,reposo
1780990832.2081685,-0.845,-0.196,0.493,-0.771,2.229,-0.672,-0.71,-0.359,0.536,-7.557,0.153,-0.679,-0.306,-0.456,0.857,-0.71,0.359,0.153,-0.257,-0.571,0.838,1.847,7.275,-0.725,0.127,-0.419,0.774,-0.481,3.458,-0.237,reposo
1780990832.305342,-0.862,-0.198,0.493,-0.595,1.351,-0.641,-0.711,-0.365,0.536,-7.13,0.481,-0.328,-0.301,-0.452,0.857,-0.794,-0.427,-0.466,-0.254,-0.564,0.844,1.359,6.641,-0.534,0.124,-0.416,0.782,-0.405,2.992,0.366,reposo
1780990832.409038,-0.857,-0.202,0.48,-1.313,2.588,-0.756,-0.706,-0.366,0.532,-7.573,0.847,-0.496,-0.3,-0.455,0.853,-0.832,0.221,0.412,-0.257,-0.567,0.841,1.725,7.588,-0.725,0.113,-0.411,0.774,-0.817,2.336,0.13,reposo
1780990832.5054152,-0.857,-0.203,0.486,-0.924,2.366,0.084,-0.708,-0.364,0.53,-7.771,0.779,-0.718,-0.307,-0.455,0.853,-0.931,1.641,-0.13,-0.263,-0.567,0.837,1.924,7.847,-0.313,0.123,-0.414,0.777,-1.053,2.542,-0.305,reposo
1780990832.7216415,-0.86,-0.202,0.486,-0.702,1.679,-0.344,-0.708,-0.366,0.532,-7.672,0.771,-0.435,-0.312,-0.455,0.863,-0.672,0.985,0.687,-0.266,-0.567,0.843,1.084,8.008,-0.969,0.123,-0.407,0.776,-1.672,1.855,-1.374,reposo
1780990835.67043,-0.862,-0.204,0.483,-0.595,0.947,-0.885,-0.71,-0.365,0.533,-7.053,0.176,-0.687,-0.307,-0.459,0.852,-0.359,-0.13,0.794,-0.26,-0.572,0.836,1.618,7.511,-0.58,0.124,-0.413,0.775,-0.206,3.885,0.023,reposo
1780990835.8723395,-0.852,-0.204,0.477,-0.656,1.649,-0.496,-0.715,-0.366,0.533,-6.916,0.115,-0.321,-0.303,-0.457,0.849,-0.16,-0.053,-0.115,-0.262,-0.57,0.834,1.855,6.733,-0.336,0.121,-0.421,0.775,-0.511,2.565,-0.374,reposo
1780990835.9677348,-0.86,-0.204,0.479,-1.374,3.924,-0.267,-0.715,-0.366,0.516,-7.328,0.664,0.191,-0.313,-0.457,0.856,-0.229,0.221,0.076,-0.263,-0.562,0.832,2.023,4.099,-1.618,0.126,-0.412,0.773,-0.794,-0.122,-0.55,reposo
1780990839.3899968,-0.874,-0.198,0.461,-2.069,13.115,3.26,-0.724,-0.365,0.498,-9.931,-0.198,-0.191,-0.251,-0.371,0.899,-4.092,-0.634,-3.511,-0.291,-0.578,0.887,5.756,21.252,-6.87,0.175,-0.436,0.797,2.527,10.527,-3.725,reposo
1780990839.4932616,-0.874,-0.191,0.456,1.382,7.328,0.115,-0.709,-0.365,0.508,-0.702,2.786,-5.0,-0.308,-0.474,0.859,0.595,2.74,-5.443,-0.274,-0.571,0.812,2.824,7.061,-3.122,0.135,-0.417,0.769,-1.786,2.756,-4.198,reposo
1780990841.8912797,-0.865,-0.199,0.479,-0.87,0.176,-1.504,-0.714,-0.365,0.521,-6.267,0.221,-0.748,-0.305,-0.459,0.852,-0.015,-1.366,-1.061,-0.254,-0.573,0.841,2.71,6.046,-1.26,0.126,-0.415,0.784,-0.099,2.0,-0.015,reposo
1780990842.0050683,-0.856,-0.199,0.481,-0.885,1.221,-0.87,-0.715,-0.368,0.525,-6.977,-0.504,-0.237,-0.307,-0.459,0.853,-0.015,0.053,0.099,-0.259,-0.569,0.838,2.359,6.153,-1.244,0.128,-0.419,0.777,-0.412,1.145,-0.618,reposo
1780990842.6060426,-0.862,-0.2,0.484,-0.863,1.443,-1.031,-0.709,-0.363,0.535,-7.344,0.374,-0.344,-0.301,-0.459,0.857,-0.344,-0.107,-0.076,-0.246,-0.569,0.841,1.901,7.298,-0.664,0.124,-0.415,0.77,-0.412,2.137,-0.084,reposo
1780990842.8061116,-0.861,-0.2,0.486,-0.412,0.969,0.122,-0.707,-0.365,0.517,-7.092,0.397,-0.351,-0.295,-0.462,0.861,-0.336,-0.458,-0.038,-0.252,-0.569,0.846,1.794,6.229,-0.863,0.124,-0.406,0.774,-0.71,2.023,0.13,reposo
1780990845.1584625,-0.848,-0.212,0.502,-0.832,1.794,-0.45,-0.695,-0.368,0.547,-7.42,0.099,-0.588,-0.287,-0.462,0.862,-0.534,-0.076,0.336,-0.225,-0.564,0.853,1.634,7.206,-0.519,0.155,-0.408,0.768,-0.649,2.649,-0.107,reposo
1780990845.2602644,-0.849,-0.214,0.5,-1.115,1.954,-1.092,-0.698,-0.369,0.549,-7.206,0.16,-0.382,-0.292,-0.459,0.86,-0.496,0.168,0.511,-0.224,-0.566,0.852,2.107,6.687,-0.809,0.149,-0.411,0.768,-0.702,2.084,-0.084,reposo
1780990845.3707783,-0.849,-0.211,0.498,-0.901,1.305,-0.931,-0.692,-0.372,0.544,-6.947,-0.099,-0.695,-0.284,-0.458,0.861,-0.252,-0.137,-0.206,-0.219,-0.562,0.849,1.885,6.351,-0.061,0.149,-0.415,0.765,-0.618,2.595,-0.221,reposo
1780990845.4735913,-0.845,-0.213,0.496,-0.87,0.893,-0.588,-0.691,-0.366,0.546,-6.725,0.252,-0.252,-0.291,-0.462,0.861,-0.153,-0.389,-0.443,-0.225,-0.561,0.859,1.74,6.885,-0.466,0.157,-0.416,0.778,-0.336,2.481,-0.107,reposo
1780990845.5693388,-0.852,-0.213,0.5,0.206,1.16,-0.466,-0.693,-0.371,0.551,-6.557,-0.198,-0.252,-0.287,-0.459,0.864,-0.573,-0.069,0.473,-0.222,-0.563,0.863,2.42,6.885,-0.382,0.151,-0.416,0.778,-0.16,2.771,0.069,reposo
1780990845.6723025,-0.849,-0.214,0.5,0.031,2.076,-0.221,-0.695,-0.37,0.549,-7.214,0.214,-0.511,-0.293,-0.462,0.858,-0.13,-0.45,-0.595,-0.22,-0.561,0.856,1.901,6.122,-0.115,0.15,-0.43,0.772,-0.649,2.008,-0.076,reposo
1780990845.787916,-0.847,-0.219,0.5,-0.832,1.748,-0.863,-0.694,-0.374,0.546,-7.023,0.252,-0.603,-0.29,-0.458,0.857,-0.817,0.359,-0.366,-0.221,-0.569,0.856,1.924,6.427,-0.656,0.162,-0.411,0.771,-0.603,1.947,-0.115,reposo
1780990845.8869522,-0.85,-0.214,0.505,-1.145,0.985,-0.298,-0.695,-0.372,0.549,-7.351,0.122,-0.427,-0.29,-0.459,0.862,-0.588,0.58,0.198,-0.223,-0.564,0.858,1.908,7.656,-0.847,0.151,-0.413,0.767,-0.763,2.084,-0.092,reposo
1780990845.9888637,-0.85,-0.215,0.501,-0.954,2.092,-1.069,-0.698,-0.369,0.542,-6.931,0.435,-0.214,-0.287,-0.46,0.858,-0.267,0.595,-0.366,-0.224,-0.568,0.852,2.122,6.405,-0.405,0.15,-0.406,0.769,-0.45,2.26,-0.351,reposo
1780990846.0897665,-0.85,-0.217,0.504,-0.695,0.664,-0.962,-0.697,-0.369,0.551,-7.0,0.305,-0.718,-0.287,-0.462,0.863,-0.305,-0.382,0.641,-0.224,-0.567,0.852,2.092,6.985,-0.366,0.152,-0.411,0.776,-0.603,2.603,-0.45,reposo
1780990846.1874185,-0.846,-0.212,0.502,-0.901,1.458,-0.221,-0.696,-0.368,0.542,-6.763,0.298,-0.458,-0.288,-0.457,0.86,-0.542,0.847,0.298,-0.225,-0.566,0.854,1.885,7.008,-0.725,0.152,-0.412,0.779,-0.122,2.725,0.137,reposo
1780990848.5724308,-0.841,-0.224,0.507,-1.42,1.389,-1.382,-0.689,-0.372,0.549,-6.969,0.466,-0.672,-0.284,-0.46,0.861,-0.389,0.168,-0.229,-0.193,-0.571,0.856,1.847,7.534,0.13,0.165,-0.415,0.772,-0.511,2.344,-0.046,reposo
1780990848.6617963,-0.84,-0.221,0.508,-1.122,1.733,-0.664,-0.687,-0.375,0.549,-7.16,0.359,-0.328,-0.281,-0.46,0.859,-0.702,0.275,0.565,-0.192,-0.573,0.864,1.802,7.168,-0.939,0.172,-0.409,0.766,-0.504,2.191,-0.168,reposo
1780990848.7647667,-0.845,-0.221,0.51,-0.779,1.664,-0.985,-0.694,-0.376,0.556,-6.733,0.412,-0.099,-0.284,-0.463,0.867,-0.725,0.405,0.084,-0.194,-0.57,0.858,1.489,6.794,-0.405,0.164,-0.411,0.768,-0.763,2.611,-0.084,reposo
1780990848.8732603,-0.844,-0.22,0.508,-1.023,1.542,-0.733,-0.693,-0.377,0.549,-7.053,-0.008,-0.695,-0.283,-0.463,0.859,-0.344,0.229,-0.397,-0.195,-0.569,0.866,1.756,6.763,-0.863,0.169,-0.406,0.774,-0.748,2.298,0.076,reposo
1780990848.9708052,-0.838,-0.221,0.504,-0.687,1.412,-0.107,-0.693,-0.375,0.553,-7.366,0.16,-0.359,-0.281,-0.463,0.858,-0.374,0.305,0.527,-0.189,-0.569,0.865,1.855,6.878,-0.847,0.167,-0.411,0.772,-0.588,2.473,0.183,reposo
1780990849.086643,-0.844,-0.222,0.51,-0.695,1.176,-0.496,-0.689,-0.371,0.548,-7.13,0.351,-0.557,-0.28,-0.46,0.861,-0.328,-0.221,0.13,-0.19,-0.567,0.854,1.87,7.069,-0.305,0.165,-0.412,0.767,-0.359,2.328,-0.198,reposo
1780990849.1896448,-0.841,-0.221,0.508,-0.802,2.122,-0.298,-0.689,-0.373,0.545,-7.038,0.504,-0.489,-0.28,-0.461,0.861,-0.58,0.702,0.069,-0.201,-0.566,0.859,1.908,6.885,-0.427,0.162,-0.413,0.778,-0.679,2.466,0.038,reposo
1780990849.2842605,-0.843,-0.219,0.509,-1.16,1.58,-1.0,-0.688,-0.373,0.543,-7.206,0.305,-0.634,-0.285,-0.462,0.871,-0.237,-0.214,-0.366,-0.191,-0.565,0.867,2.099,6.649,-1.115,0.163,-0.407,0.77,-0.702,2.031,-0.046,reposo
1780990849.3826406,-0.844,-0.228,0.504,-0.771,1.534,-0.595,-0.692,-0.374,0.553,-7.0,0.412,0.015,-0.281,-0.463,0.857,-0.427,0.779,-0.038,-0.192,-0.565,0.861,1.832,6.847,-0.008,0.164,-0.413,0.775,-0.336,2.183,0.092,reposo
1780990849.4850314,-0.844,-0.222,0.506,-0.916,1.275,-0.183,-0.696,-0.372,0.546,-7.328,0.122,-0.672,-0.283,-0.463,0.864,-0.221,-0.29,0.481,-0.194,-0.566,0.87,2.328,7.229,-0.351,0.161,-0.408,0.768,-0.305,2.244,-0.099,reposo
1780990851.8547173,-0.845,-0.229,0.496,-1.282,1.046,-1.321,-0.692,-0.38,0.55,-7.145,0.191,-0.511,-0.277,-0.469,0.863,-0.565,0.58,0.282,-0.212,-0.562,0.86,1.84,7.099,-0.855,0.156,-0.409,0.777,-0.473,2.221,0.107,reposo
1780990852.172067,-0.842,-0.229,0.501,-0.542,1.321,-0.679,-0.697,-0.381,0.541,-6.817,0.061,-0.466,-0.275,-0.467,0.862,-0.351,0.229,0.626,-0.21,-0.562,0.863,2.168,6.74,-0.313,0.16,-0.411,0.773,-0.832,2.511,-0.359,reposo
1780990852.2703693,-0.84,-0.229,0.497,-0.817,1.412,-0.855,-0.694,-0.381,0.545,-7.092,0.435,-0.351,-0.275,-0.467,0.863,-0.458,0.137,-0.115,-0.21,-0.564,0.865,1.496,6.641,-0.718,0.158,-0.409,0.77,-0.58,2.153,0.122,reposo
1780990852.365863,-0.849,-0.231,0.504,-1.023,1.473,-1.58,-0.693,-0.381,0.542,-7.382,0.313,-0.756,-0.275,-0.466,0.865,-0.878,0.13,-0.321,-0.207,-0.561,0.863,1.588,6.901,-0.473,0.159,-0.41,0.771,-1.29,2.427,-0.061,reposo
1780990852.4687192,-0.843,-0.233,0.496,-1.496,1.405,-0.863,-0.693,-0.377,0.543,-7.0,0.298,-0.527,-0.275,-0.467,0.863,-0.588,-0.115,0.832,-0.206,-0.562,0.865,1.824,7.313,0.046,0.16,-0.408,0.772,-0.87,2.45,0.084,reposo
1780990862.1990259,-0.846,-0.232,0.493,-0.634,1.817,0.031,-0.695,-0.393,0.539,-7.069,0.282,-0.221,-0.271,-0.474,0.854,-0.008,-0.359,-0.183,-0.21,-0.568,0.856,1.817,7.031,-0.924,0.148,-0.412,0.78,-0.771,2.099,0.092,reposo
1780990862.919765,-0.844,-0.232,0.495,-0.763,1.42,-0.679,-0.694,-0.384,0.538,-7.481,0.344,-0.29,-0.272,-0.474,0.86,-0.443,-0.198,-0.145,-0.211,-0.569,0.856,1.832,6.924,-0.458,0.157,-0.413,0.774,-0.45,2.336,-0.122,reposo
1780990866.036011,-0.847,-0.23,0.5,-1.725,1.84,-0.947,-0.694,-0.384,0.539,-7.893,0.336,0.115,-0.275,-0.471,0.859,-0.405,0.015,0.557,-0.208,-0.57,0.859,2.29,7.374,0.336,0.151,-0.412,0.771,-0.855,2.634,-0.084,reposo
1780990866.1364052,-0.851,-0.239,0.493,-3.313,2.244,-1.672,-0.696,-0.382,0.535,-9.313,0.695,0.496,-0.283,-0.466,0.865,-1.366,1.672,2.137,-0.216,-0.566,0.86,1.947,8.183,1.565,0.146,-0.415,0.775,-1.672,2.481,-1.237,reposo
1780990866.226646,-0.837,-0.248,0.501,-2.985,1.74,-2.603,-0.686,-0.401,0.542,-8.817,0.305,-1.405,-0.296,-0.492,0.882,-1.061,0.252,2.656,-0.233,-0.565,0.869,3.573,11.656,1.802,0.143,-0.42,0.769,-1.908,2.565,-3.13,reposo
1780990869.2695377,-0.849,-0.234,0.486,-0.908,1.786,-0.473,-0.696,-0.386,0.526,-7.237,0.626,-0.504,-0.272,-0.475,0.861,-0.153,-0.282,0.008,-0.209,-0.57,0.854,2.191,6.771,-0.565,0.155,-0.415,0.768,-0.603,2.252,0.122,reposo
1780990869.3617642,-0.851,-0.234,0.493,-1.366,1.137,-1.229,-0.699,-0.386,0.53,-7.053,0.344,-0.305,-0.274,-0.476,0.858,-0.511,0.221,0.046,-0.213,-0.571,0.857,1.855,6.748,-0.061,0.154,-0.413,0.774,-0.443,2.214,0.076,reposo
1780990869.4646218,-0.847,-0.232,0.489,-0.588,0.985,-0.504,-0.694,-0.387,0.53,-7.122,0.366,-0.267,-0.27,-0.473,0.855,-0.389,0.374,0.366,-0.214,-0.567,0.862,2.298,7.366,-0.557,0.151,-0.419,0.778,-0.725,2.229,-0.16,reposo
1780990869.5678256,-0.849,-0.23,0.49,-0.756,0.954,-0.298,-0.698,-0.387,0.53,-7.061,-0.137,-0.679,-0.271,-0.473,0.854,0.023,-0.168,-0.611,-0.211,-0.569,0.86,2.069,7.374,-0.763,0.147,-0.417,0.765,-0.29,2.214,-0.023,reposo
1780990871.8267405,-0.847,-0.232,0.491,-0.573,1.496,-0.863,-0.691,-0.385,0.53,-7.351,0.237,-0.725,-0.273,-0.474,0.859,-0.374,-0.084,-0.015,-0.213,-0.569,0.857,1.817,7.053,-0.397,0.151,-0.417,0.764,-0.313,2.618,0.107,reposo
1780990871.9344938,-0.847,-0.228,0.489,-0.656,1.695,0.076,-0.694,-0.388,0.531,-6.809,0.244,-0.779,-0.277,-0.475,0.86,-0.58,0.122,-0.573,-0.215,-0.565,0.84,2.191,6.733,-0.885,0.153,-0.423,0.775,-0.466,2.191,-0.069,reposo
1780990872.0353994,-0.854,-0.229,0.489,-0.626,1.649,-0.885,-0.698,-0.385,0.539,-7.122,0.412,-0.443,-0.27,-0.476,0.86,-0.229,-0.702,0.595,-0.214,-0.57,0.857,2.122,7.13,-0.282,0.155,-0.414,0.77,-0.565,2.687,-0.122,reposo
1780990872.1358447,-0.851,-0.23,0.486,-0.832,1.405,-0.344,-0.693,-0.385,0.533,-6.931,0.191,-0.473,-0.27,-0.478,0.857,-0.618,0.389,-0.198,-0.208,-0.574,0.853,2.115,7.153,0.038,0.151,-0.409,0.768,-0.55,2.252,-0.053,reposo
1780990872.2387996,-0.85,-0.227,0.492,-0.817,1.336,-1.313,-0.695,-0.392,0.529,-7.282,0.237,-0.313,-0.273,-0.469,0.856,-0.305,-0.115,-0.107,-0.21,-0.571,0.859,2.153,6.985,-0.817,0.15,-0.417,0.77,-0.519,2.427,-0.092,reposo
1780990872.3523939,-0.852,-0.23,0.486,-1.069,1.656,-0.718,-0.702,-0.386,0.532,-6.794,0.389,-0.229,-0.276,-0.477,0.855,-0.122,0.237,0.069,-0.214,-0.567,0.854,2.0,6.45,-1.267,0.152,-0.414,0.773,-0.626,2.176,0.008,reposo
1780990872.4529903,-0.848,-0.229,0.489,-1.099,1.763,-0.847,-0.7,-0.384,0.538,-7.221,0.221,-0.198,-0.269,-0.479,0.86,-0.405,0.359,0.275,-0.216,-0.57,0.859,1.74,6.87,-0.534,0.15,-0.414,0.768,-0.595,2.122,-0.061,reposo
1780990872.547754,-0.845,-0.23,0.492,-1.344,1.046,-1.313,-0.697,-0.382,0.539,-6.992,0.122,-0.557,-0.271,-0.471,0.858,-0.718,-0.282,-0.305,-0.218,-0.568,0.854,1.794,7.038,-0.748,0.152,-0.404,0.768,-0.656,2.191,-0.038,reposo
1780990872.6510284,-0.849,-0.236,0.491,-1.435,1.275,-1.008,-0.699,-0.387,0.541,-6.947,0.466,-0.565,-0.273,-0.473,0.858,-0.733,0.412,0.069,-0.209,-0.568,0.848,1.542,6.763,-0.458,0.153,-0.42,0.779,-0.42,2.641,-0.008,reposo
1780990872.7681992,-0.85,-0.234,0.492,-0.992,0.878,-0.84,-0.696,-0.393,0.532,-6.901,0.038,-0.473,-0.274,-0.472,0.859,-0.26,-0.084,-0.191,-0.213,-0.567,0.854,1.954,6.672,-0.168,0.154,-0.414,0.774,-0.336,2.443,-0.344,reposo
1780990872.8679137,-0.851,-0.23,0.489,-0.84,1.168,-0.824,-0.697,-0.387,0.535,-7.061,0.115,-0.328,-0.274,-0.472,0.86,-0.519,0.771,-0.221,-0.213,-0.57,0.848,2.321,6.695,-0.947,0.147,-0.416,0.775,-0.611,2.244,-0.13,reposo
1780990875.2259731,-0.856,-0.229,0.48,-1.641,2.481,0.092,-0.699,-0.386,0.533,-8.076,0.588,0.13,-0.269,-0.472,0.863,-0.198,-0.718,0.26,-0.198,-0.568,0.853,1.145,6.519,-0.443,0.152,-0.42,0.769,-0.458,1.092,0.107,reposo
1780990875.3346798,-0.85,-0.231,0.49,-1.16,1.519,-1.588,-0.697,-0.378,0.53,-6.969,0.153,-0.198,-0.262,-0.474,0.862,-0.053,1.168,0.397,-0.205,-0.566,0.844,1.809,6.221,-0.802,0.152,-0.417,0.776,-0.725,2.374,-0.351,reposo
1780990875.4365666,-0.856,-0.23,0.495,-0.71,2.29,0.969,-0.694,-0.387,0.537,-7.435,0.427,0.336,-0.269,-0.478,0.854,0.588,0.489,0.58,-0.208,-0.567,0.854,2.321,6.847,-0.252,0.144,-0.418,0.762,0.015,3.969,1.206,reposo
1780990875.5349894,-0.853,-0.23,0.486,-0.198,1.824,0.198,-0.701,-0.384,0.541,-6.443,0.183,0.313,-0.28,-0.468,0.863,0.45,-0.122,0.481,-0.216,-0.563,0.853,1.893,6.26,-0.771,0.154,-0.408,0.782,-1.412,0.061,-0.29,reposo
1780990875.648201,-0.854,-0.229,0.49,-0.679,1.58,-0.321,-0.699,-0.385,0.528,-7.198,0.214,-0.466,-0.269,-0.47,0.856,-0.275,0.145,0.176,-0.21,-0.565,0.851,1.985,6.397,-0.718,0.155,-0.412,0.768,-0.389,2.145,-0.397,reposo
1780990875.751265,-0.854,-0.229,0.484,-1.397,2.229,-0.221,-0.695,-0.384,0.529,-7.107,1.0,0.069,-0.275,-0.471,0.86,0.053,0.267,-0.252,-0.202,-0.571,0.854,2.076,5.473,-0.519,0.154,-0.421,0.778,-0.74,2.656,-0.168,reposo
1780990875.8484545,-0.855,-0.224,0.484,-1.023,1.015,-1.13,-0.697,-0.384,0.545,-7.115,0.42,0.313,-0.268,-0.468,0.856,-0.588,0.969,1.031,-0.218,-0.568,0.855,1.725,8.038,0.916,0.151,-0.416,0.775,-0.458,2.939,0.076,reposo
1780990875.947129,-0.859,-0.223,0.486,-0.977,1.496,-1.153,-0.701,-0.384,0.538,-6.786,0.351,-0.595,-0.273,-0.47,0.858,-0.634,-0.344,0.221,-0.217,-0.564,0.855,1.87,7.954,-0.466,0.15,-0.414,0.775,-0.977,2.023,-0.198,reposo
1780990876.0501373,-0.849,-0.226,0.474,-0.916,1.344,-0.924,-0.697,-0.384,0.53,-6.878,0.115,-0.687,-0.276,-0.471,0.855,-0.603,0.282,-0.336,-0.213,-0.567,0.863,1.985,7.099,-0.847,0.153,-0.414,0.771,-0.71,2.351,0.046,reposo
1780990876.153047,-0.853,-0.224,0.484,-0.786,1.45,-1.023,-0.703,-0.386,0.534,-7.16,0.443,-0.664,-0.276,-0.47,0.859,-0.183,-0.595,0.313,-0.218,-0.573,0.857,1.664,6.473,-0.626,0.151,-0.42,0.773,-0.466,2.191,-0.038,reposo
1780990878.5220187,-0.851,-0.222,0.485,-0.527,1.214,0.046,-0.698,-0.385,0.538,-6.672,0.305,-0.405,-0.273,-0.468,0.862,-0.397,0.237,-0.153,-0.214,-0.569,0.856,1.901,6.962,-0.71,0.149,-0.416,0.775,-0.504,2.321,-0.008,reposo
1780990878.6251662,-0.856,-0.225,0.483,-0.802,1.847,-0.84,-0.7,-0.381,0.537,-7.244,0.282,-0.466,-0.277,-0.473,0.858,-0.443,-0.214,-0.237,-0.218,-0.569,0.851,2.061,7.069,-0.031,0.155,-0.409,0.77,-0.282,2.084,-0.099,reposo
1780990878.7350783,-0.854,-0.222,0.483,-1.015,1.107,-0.794,-0.699,-0.385,0.533,-6.824,0.328,-0.092,-0.273,-0.467,0.855,-0.305,0.344,0.45,-0.22,-0.569,0.859,1.962,6.824,-0.511,0.148,-0.405,0.775,-0.244,2.328,-0.076,reposo
1780990878.8328762,-0.853,-0.223,0.487,-0.939,1.748,-1.267,-0.699,-0.383,0.532,-7.191,0.298,-0.168,-0.275,-0.469,0.857,-0.366,0.229,0.107,-0.218,-0.568,0.86,2.275,7.29,-1.084,0.144,-0.41,0.761,-0.305,2.42,-0.206,reposo
1780990878.934163,-0.853,-0.22,0.48,-1.206,1.176,-0.901,-0.699,-0.38,0.53,-7.328,0.176,-0.588,-0.273,-0.469,0.861,-0.145,-0.244,-0.42,-0.215,-0.566,0.859,1.718,6.557,-0.809,0.144,-0.417,0.774,-0.779,2.26,0.038,reposo
1780990879.0511258,-0.852,-0.223,0.488,-1.252,1.763,-0.847,-0.699,-0.381,0.536,-7.115,0.115,-0.702,-0.278,-0.469,0.859,-0.366,0.359,0.328,-0.215,-0.569,0.859,2.0,6.618,-1.069,0.142,-0.414,0.783,-0.595,2.611,-0.031,reposo
1780990879.140049,-0.855,-0.227,0.485,-0.939,1.328,-0.924,-0.693,-0.38,0.532,-7.107,0.168,-0.298,-0.275,-0.471,0.864,-0.298,-0.435,-0.267,-0.216,-0.57,0.863,1.603,6.527,-0.794,0.151,-0.412,0.776,-0.351,2.244,-0.099,reposo
1780990879.251725,-0.854,-0.223,0.492,-0.916,1.466,-0.878,-0.698,-0.38,0.535,-7.244,0.435,0.0,-0.277,-0.47,0.859,-0.565,0.679,-0.42,-0.213,-0.568,0.86,1.947,6.763,-0.519,0.148,-0.415,0.771,-0.794,2.42,0.053,reposo
1780990879.3462908,-0.852,-0.222,0.483,-0.786,1.496,-0.42,-0.698,-0.382,0.529,-7.076,0.427,-0.405,-0.275,-0.467,0.858,-0.237,0.344,0.313,-0.216,-0.566,0.857,1.901,6.366,-0.511,0.146,-0.415,0.774,-0.702,2.183,0.0,reposo
1780990879.4490323,-0.852,-0.22,0.486,-0.542,1.176,-0.901,-0.694,-0.381,0.531,-6.954,0.298,-0.939,-0.274,-0.471,0.859,-0.176,0.206,-0.656,-0.213,-0.569,0.853,1.939,6.756,-0.756,0.144,-0.415,0.765,-0.504,2.458,-0.183,reposo
1780990879.5664878,-0.855,-0.218,0.487,-0.74,1.824,-0.443,-0.703,-0.384,0.539,-7.351,0.122,-0.366,-0.275,-0.471,0.855,-0.221,-0.275,0.374,-0.213,-0.565,0.859,2.038,7.069,-0.267,0.147,-0.413,0.775,-0.29,2.26,0.107,reposo
1780990881.8189893,-0.854,-0.222,0.497,-0.87,1.26,-0.221,-0.698,-0.383,0.537,-7.099,0.45,-0.641,-0.274,-0.472,0.855,-0.221,-0.206,0.099,-0.216,-0.565,0.859,1.84,6.443,-0.893,0.148,-0.419,0.772,-0.519,2.244,-0.084,reposo
1780990881.9337301,-0.854,-0.223,0.485,-1.16,1.863,-0.725,-0.697,-0.384,0.533,-7.046,0.267,-0.275,-0.278,-0.469,0.859,-0.344,0.198,0.313,-0.211,-0.567,0.855,1.603,6.534,-1.42,0.149,-0.421,0.769,-0.542,1.962,-0.206,reposo
1780990882.0241764,-0.854,-0.221,0.48,-0.794,1.053,-0.962,-0.702,-0.383,0.538,-7.038,0.405,-0.405,-0.272,-0.471,0.86,-0.321,0.008,-0.183,-0.211,-0.57,0.858,1.756,6.931,-0.443,0.147,-0.413,0.784,-0.634,2.466,-0.092,reposo
1780990882.133405,-0.85,-0.221,0.497,-1.122,1.672,-0.794,-0.699,-0.383,0.534,-7.214,0.435,-0.427,-0.275,-0.471,0.857,-0.527,0.267,-0.137,-0.213,-0.57,0.858,1.779,6.931,-0.641,0.149,-0.415,0.772,-0.519,2.237,-0.015,reposo
1780990882.2302384,-0.851,-0.227,0.492,-1.298,1.107,-1.626,-0.699,-0.385,0.53,-7.244,-0.092,-0.863,-0.277,-0.47,0.86,-0.42,0.565,0.405,-0.213,-0.57,0.854,2.282,6.809,-0.679,0.146,-0.417,0.776,-0.481,2.321,-0.16,reposo
1780990882.335507,-0.852,-0.225,0.493,-1.298,2.015,-0.71,-0.702,-0.381,0.534,-7.748,0.29,-0.725,-0.289,-0.471,0.846,-0.687,2.366,1.252,-0.221,-0.564,0.857,1.794,8.42,-0.603,0.151,-0.42,0.773,-0.824,0.939,-0.504,reposo
1780990882.4499342,-0.85,-0.224,0.491,-1.122,0.603,-1.298,-0.696,-0.385,0.541,-6.817,0.313,-0.313,-0.274,-0.469,0.86,-0.718,0.763,0.008,-0.213,-0.568,0.857,2.046,7.42,0.038,0.151,-0.416,0.775,-0.435,2.618,0.084,reposo
1780990882.5497432,-0.852,-0.222,0.484,-0.847,1.511,-0.977,-0.694,-0.384,0.53,-7.183,0.351,-0.618,-0.272,-0.469,0.859,-0.359,0.0,0.252,-0.212,-0.57,0.858,2.069,6.939,-1.153,0.146,-0.418,0.775,-0.931,2.481,-0.282,reposo
1780990882.6490262,-0.85,-0.221,0.492,-0.672,1.565,-0.328,-0.7,-0.38,0.532,-6.962,0.29,-0.45,-0.273,-0.469,0.856,-0.901,0.366,-0.298,-0.21,-0.569,0.851,1.969,6.985,-0.344,0.142,-0.415,0.768,-0.519,2.359,-0.084,reposo
1780990882.7456522,-0.853,-0.219,0.49,-0.565,1.42,-0.74,-0.699,-0.383,0.539,-7.252,0.084,-0.534,-0.273,-0.467,0.865,-0.244,-0.649,0.153,-0.214,-0.571,0.859,1.748,6.366,-0.71,0.15,-0.414,0.772,-0.672,2.641,-0.099,reposo
1780990882.8484833,-0.849,-0.224,0.492,-0.511,1.824,-0.366,-0.7,-0.379,0.535,-6.916,0.55,-0.374,-0.276,-0.472,0.862,-0.282,0.634,0.282,-0.214,-0.568,0.855,2.252,6.611,-0.702,0.151,-0.414,0.775,-0.573,2.153,-0.076,reposo
1780990885.2209425,-0.85,-0.219,0.494,-0.55,1.611,-0.817,-0.696,-0.384,0.531,-7.214,0.26,-0.221,-0.282,-0.469,0.855,-0.634,-0.282,0.794,-0.217,-0.569,0.857,1.893,7.099,-0.397,0.146,-0.416,0.773,-0.481,2.473,-0.107,reposo
1780990885.3206623,-0.851,-0.223,0.488,-1.191,0.588,-1.58,-0.698,-0.38,0.531,-6.901,0.382,-0.824,-0.275,-0.474,0.862,-0.443,0.038,0.145,-0.211,-0.568,0.848,1.985,6.725,-0.817,0.146,-0.416,0.771,-0.496,2.389,-0.191,reposo
1780990885.4341018,-0.852,-0.221,0.491,-1.344,1.321,-0.504,-0.703,-0.38,0.535,-6.901,0.153,-0.481,-0.277,-0.472,0.861,-0.511,0.344,0.481,-0.213,-0.569,0.859,1.87,6.435,-0.702,0.148,-0.415,0.772,-0.427,2.13,-0.214,reposo
1780990885.534802,-0.85,-0.228,0.496,-1.053,1.405,-1.336,-0.699,-0.381,0.537,-6.878,0.237,-0.824,-0.273,-0.468,0.857,-0.519,-0.031,-0.557,-0.211,-0.571,0.857,2.046,6.618,-0.901,0.144,-0.414,0.774,-0.397,2.359,-0.008,reposo
1780990885.629832,-0.85,-0.221,0.487,-1.13,1.519,-1.397,-0.695,-0.382,0.536,-7.305,0.244,-0.718,-0.275,-0.469,0.868,-0.771,0.031,0.023,-0.211,-0.565,0.855,2.145,6.847,-0.832,0.152,-0.413,0.777,-0.298,2.45,0.053,reposo
1780990885.7327826,-0.854,-0.221,0.493,-0.763,1.351,-0.534,-0.698,-0.38,0.539,-6.916,0.038,-0.099,-0.277,-0.47,0.859,-0.229,-0.076,0.412,-0.212,-0.566,0.859,2.038,6.275,-0.618,0.147,-0.423,0.774,-0.687,2.427,0.176,reposo
1780990885.8366067,-0.851,-0.224,0.49,-0.664,1.076,-1.214,-0.698,-0.383,0.532,-7.015,0.298,-0.511,-0.278,-0.466,0.861,-1.031,0.053,1.725,-0.211,-0.568,0.855,2.16,6.153,-1.198,0.15,-0.419,0.772,-0.542,1.252,-0.13,reposo
1780990885.947535,-0.846,-0.221,0.49,-0.191,1.267,-0.427,-0.698,-0.38,0.531,-6.702,0.214,-0.748,-0.281,-0.467,0.86,-0.817,0.397,1.237,-0.218,-0.565,0.849,0.847,7.756,0.092,0.147,-0.415,0.775,-0.595,1.893,-0.198,reposo
1780990886.041523,-0.855,-0.223,0.49,-0.924,0.771,-1.153,-0.698,-0.385,0.536,-6.885,-0.069,-0.855,-0.278,-0.473,0.858,-0.939,0.031,0.489,-0.205,-0.576,0.857,1.748,6.885,0.115,0.151,-0.417,0.775,-0.282,2.435,-0.023,reposo
1780990886.1446848,-0.848,-0.225,0.491,-0.664,2.45,-0.542,-0.699,-0.378,0.533,-6.901,0.473,-0.779,-0.281,-0.47,0.857,0.031,-0.947,0.466,-0.21,-0.569,0.86,2.092,6.855,-0.13,0.143,-0.411,0.768,-0.305,1.809,0.076,reposo
1780990888.5138729,-0.85,-0.22,0.488,-1.046,1.489,-0.878,-0.698,-0.379,0.539,-6.863,0.229,-0.252,-0.281,-0.469,0.855,-0.237,0.084,-0.359,-0.211,-0.571,0.851,1.84,6.817,-0.435,0.148,-0.414,0.77,-0.42,2.031,-0.122,reposo
1780990888.6167147,-0.853,-0.221,0.495,-1.42,1.145,-1.321,-0.698,-0.385,0.533,-6.985,0.321,-0.198,-0.278,-0.47,0.862,-0.595,0.489,0.244,-0.208,-0.573,0.851,1.824,6.702,-0.786,0.148,-0.409,0.767,-0.603,2.42,-0.053,reposo
1780990888.724259,-0.849,-0.22,0.492,-1.458,1.695,-0.901,-0.695,-0.384,0.539,-7.16,0.366,-0.504,-0.279,-0.468,0.852,-0.16,-0.244,-0.16,-0.213,-0.572,0.855,1.611,6.939,-0.282,0.148,-0.417,0.782,-0.481,2.412,0.0,reposo
1780990888.8330913,-0.847,-0.22,0.491,-1.221,1.458,-1.046,-0.695,-0.382,0.537,-7.366,0.221,-0.763,-0.28,-0.47,0.854,-0.588,0.603,-0.191,-0.211,-0.573,0.853,1.779,6.74,-0.076,0.149,-0.414,0.771,-0.519,2.344,-0.038,reposo
1780990888.932855,-0.847,-0.219,0.497,-1.122,1.489,-1.221,-0.698,-0.382,0.54,-6.908,0.015,-0.519,-0.284,-0.47,0.859,-0.16,-0.092,0.344,-0.206,-0.569,0.852,1.794,6.947,-0.45,0.149,-0.416,0.76,-0.366,2.473,0.076,reposo
1780990889.0288336,-0.847,-0.217,0.502,-0.71,1.939,-0.756,-0.698,-0.385,0.537,-6.977,0.573,-0.344,-0.283,-0.47,0.861,-0.321,0.153,-0.504,-0.213,-0.568,0.861,1.817,6.748,-1.16,0.142,-0.414,0.767,-0.519,1.969,-0.221,reposo
1780990889.1316967,-0.849,-0.222,0.49,-0.603,0.962,-0.931,-0.701,-0.38,0.534,-6.939,0.023,-0.534,-0.275,-0.467,0.862,0.023,-0.74,0.229,-0.211,-0.568,0.853,2.42,6.137,-1.053,0.143,-0.411,0.772,-0.176,1.42,-0.573,reposo
1780990889.2350025,-0.85,-0.224,0.492,-0.634,0.908,-0.977,-0.695,-0.387,0.539,-6.473,0.458,-0.809,-0.291,-0.474,0.848,-0.634,0.16,-0.496,-0.212,-0.595,0.847,0.542,6.153,-1.603,0.117,-0.415,0.765,0.145,1.977,0.595,reposo
1780990889.3374493,-0.838,-0.235,0.536,-5.412,-0.336,1.374,-0.71,-0.368,0.49,-10.992,5.878,2.893,-0.323,-0.502,0.851,-2.527,3.26,7.786,-0.222,-0.572,0.797,-3.084,1.069,-2.198,0.144,-0.399,0.77,0.198,-4.26,7.656,reposo
1780990889.448819,-0.876,-0.223,0.452,-5.977,1.786,1.137,-0.716,-0.373,0.508,-12.649,-0.809,3.023,-0.269,-0.476,0.872,-2.45,-0.366,4.908,-0.189,-0.563,0.853,0.366,2.74,1.305,0.178,-0.42,0.772,0.092,2.038,1.382,reposo
1780990889.5436304,-0.845,-0.224,0.497,-0.985,1.542,0.176,-0.694,-0.387,0.535,-7.412,0.275,0.496,-0.284,-0.469,0.855,-0.641,0.557,0.679,-0.201,-0.576,0.85,1.771,7.817,-1.0,0.152,-0.416,0.772,-0.55,2.305,0.26,reposo
1780990891.8814487,-0.847,-0.22,0.496,-1.229,0.969,-1.443,-0.697,-0.378,0.532,-6.992,0.473,-0.489,-0.287,-0.468,0.859,-0.519,0.58,0.275,-0.198,-0.576,0.856,2.008,6.779,-0.901,0.152,-0.411,0.766,-0.527,2.427,-0.115,reposo
1780990891.9995325,-0.849,-0.224,0.499,-0.779,1.473,-0.336,-0.698,-0.381,0.531,-7.092,0.137,-0.244,-0.286,-0.465,0.855,-0.389,-0.328,-0.618,-0.199,-0.574,0.856,2.092,6.45,-0.466,0.156,-0.412,0.778,-0.359,2.092,-0.153,reposo
1780990892.0878818,-0.848,-0.222,0.497,-1.618,2.099,-1.153,-0.695,-0.383,0.535,-7.29,0.298,-0.542,-0.286,-0.47,0.854,-0.84,0.664,0.046,-0.205,-0.577,0.85,1.931,6.672,0.008,0.144,-0.42,0.775,-0.328,2.435,-0.053,reposo
1780990892.190621,-0.847,-0.217,0.497,-1.16,1.748,-0.84,-0.697,-0.378,0.531,-7.29,0.435,0.198,-0.286,-0.469,0.856,-0.405,-0.275,0.71,-0.207,-0.575,0.851,1.779,6.924,-0.397,0.155,-0.413,0.774,-0.618,2.481,-0.069,reposo
1780990892.3965838,-0.846,-0.223,0.488,-1.168,1.733,-1.321,-0.694,-0.379,0.538,-7.328,0.313,-0.29,-0.285,-0.47,0.854,-0.489,-0.58,0.412,-0.206,-0.578,0.858,1.794,7.252,-0.221,0.148,-0.411,0.772,-0.427,3.076,0.008,reposo
1780990892.5000327,-0.849,-0.22,0.496,-0.603,2.237,-0.359,-0.696,-0.381,0.537,-7.183,0.305,-0.458,-0.291,-0.471,0.855,-0.435,0.496,0.031,-0.205,-0.575,0.851,1.931,7.0,-0.725,0.147,-0.409,0.774,-0.519,2.519,-0.008,reposo
1780990892.6029074,-0.848,-0.223,0.497,-0.954,1.069,-0.969,-0.696,-0.379,0.537,-7.16,0.145,-0.16,-0.287,-0.471,0.857,-0.023,0.183,-0.099,-0.204,-0.574,0.855,1.786,6.863,-0.702,0.147,-0.416,0.774,-0.641,2.679,-0.107,reposo
1780990892.7155042,-0.849,-0.223,0.497,-0.405,1.718,-0.511,-0.701,-0.385,0.537,-7.183,0.298,-0.435,-0.29,-0.469,0.853,-0.527,0.229,0.183,-0.205,-0.573,0.849,1.611,6.733,-0.542,0.151,-0.42,0.773,-0.634,2.42,0.023,reposo
1780990892.8088977,-0.849,-0.223,0.493,-0.802,1.45,-0.344,-0.696,-0.382,0.532,-7.229,0.305,-0.511,-0.289,-0.478,0.854,-0.344,0.237,0.16,-0.205,-0.578,0.849,1.901,6.817,-0.817,0.15,-0.412,0.775,-0.565,2.115,-0.069,reposo
1780990895.1781118,-0.853,-0.226,0.493,-1.046,1.092,-1.427,-0.699,-0.385,0.535,-6.786,0.58,-0.763,-0.292,-0.475,0.849,-0.466,-0.305,-0.42,-0.205,-0.577,0.85,1.779,6.885,-0.641,0.159,-0.414,0.771,-0.687,1.908,-0.305,reposo
1780990895.2810555,-0.865,-0.224,0.48,-0.336,3.053,-0.542,-0.699,-0.377,0.535,-6.725,-1.061,-1.366,-0.285,-0.477,0.854,-0.45,0.374,0.244,-0.199,-0.581,0.842,2.183,7.626,-1.26,0.154,-0.405,0.772,-0.198,1.389,-0.466,reposo
1780990895.3850446,-0.853,-0.227,0.491,-0.809,1.733,-1.924,-0.698,-0.384,0.528,-7.359,0.206,-0.458,-0.281,-0.478,0.861,-0.466,-0.863,0.618,-0.213,-0.576,0.847,1.588,7.267,-1.107,0.144,-0.418,0.767,-0.954,2.786,-0.099,reposo
1780990895.4985,-0.847,-0.226,0.496,-0.649,1.405,-0.092,-0.7,-0.382,0.528,-6.55,0.832,-0.099,-0.283,-0.473,0.86,-0.458,1.588,0.481,-0.201,-0.573,0.855,1.855,6.893,-0.336,0.145,-0.419,0.775,-0.695,3.779,0.107,reposo
1780990895.606905,-0.848,-0.225,0.496,-0.847,2.321,0.038,-0.697,-0.383,0.53,-7.74,0.55,-0.305,-0.294,-0.474,0.85,-0.847,-0.061,0.71,-0.207,-0.578,0.849,1.748,7.0,-0.771,0.151,-0.414,0.779,-0.29,2.756,0.206,reposo
1780990895.693098,-0.856,-0.226,0.487,-1.214,2.473,-0.969,-0.699,-0.388,0.535,-7.282,0.321,-0.466,-0.289,-0.474,0.851,-0.603,0.725,0.237,-0.207,-0.582,0.846,1.901,7.16,-0.275,0.153,-0.404,0.767,-0.214,2.298,-0.13,reposo
1780990895.7960348,-0.851,-0.225,0.488,-0.985,2.076,-0.214,-0.7,-0.383,0.532,-7.313,0.443,0.031,-0.293,-0.478,0.853,-0.336,0.099,0.168,-0.207,-0.576,0.848,2.061,7.382,-0.29,0.148,-0.41,0.774,-0.847,2.282,-0.275,reposo
1780990895.9123433,-0.853,-0.227,0.484,-0.947,1.153,-1.107,-0.699,-0.384,0.532,-7.221,-0.206,-0.718,-0.292,-0.47,0.848,-0.359,-0.191,0.397,-0.204,-0.582,0.853,1.832,6.466,-1.046,0.145,-0.409,0.771,-0.557,2.16,-0.176,reposo
1780990896.0168028,-0.852,-0.228,0.485,-0.573,1.641,-0.504,-0.698,-0.381,0.526,-7.298,0.221,-0.45,-0.292,-0.473,0.856,-0.565,0.42,0.176,-0.202,-0.575,0.857,1.618,7.969,0.374,0.147,-0.414,0.769,-0.473,3.298,0.573,reposo
1780990896.1159265,-0.848,-0.229,0.481,-0.802,1.267,-0.336,-0.699,-0.382,0.531,-6.603,0.115,-0.542,-0.291,-0.474,0.859,-0.473,0.176,-0.481,-0.204,-0.579,0.861,1.908,7.374,0.115,0.144,-0.419,0.77,-0.397,2.374,0.115,reposo
1780990896.208037,-0.852,-0.221,0.482,-0.565,0.275,-1.397,-0.694,-0.384,0.539,-7.229,0.389,-0.427,-0.292,-0.473,0.847,-0.443,0.809,0.893,-0.208,-0.578,0.844,1.855,8.13,-0.832,0.155,-0.414,0.773,-0.542,2.87,-0.42,reposo
1780990898.4793375,-0.848,-0.235,0.492,-1.053,1.534,-1.031,-0.698,-0.391,0.533,-7.191,0.397,-0.534,-0.281,-0.471,0.858,-0.412,0.389,-0.206,-0.202,-0.572,0.849,2.115,6.87,-0.267,0.159,-0.416,0.771,-0.595,2.084,0.015,reposo
1780990898.5770907,-0.852,-0.235,0.487,-1.16,1.534,-1.145,-0.697,-0.387,0.527,-7.244,0.237,-0.374,-0.284,-0.471,0.856,-0.221,0.183,0.229,-0.201,-0.574,0.859,1.725,6.443,-0.893,0.158,-0.427,0.77,-0.687,2.26,-0.076,reposo
1780990898.6802838,-0.85,-0.231,0.486,-0.954,1.412,-0.382,-0.697,-0.384,0.53,-6.855,0.374,-0.107,-0.281,-0.475,0.856,-0.42,0.832,0.183,-0.205,-0.574,0.851,2.298,6.939,-0.466,0.165,-0.418,0.778,-0.595,2.366,0.092,reposo
1780990898.7859712,-0.849,-0.23,0.488,-0.924,0.924,-1.0,-0.695,-0.385,0.531,-6.618,0.267,-0.489,-0.282,-0.471,0.855,-0.168,-0.756,-0.122,-0.198,-0.58,0.848,1.55,7.573,-0.092,0.164,-0.422,0.766,-0.374,2.168,-0.053,reposo
1780990898.886119,-0.851,-0.234,0.485,-0.74,1.336,-0.214,-0.698,-0.384,0.528,-6.809,0.412,-0.588,-0.279,-0.473,0.854,-0.603,0.557,0.13,-0.204,-0.576,0.85,1.87,7.023,-0.695,0.159,-0.422,0.771,-0.58,2.412,-0.069,reposo
1780990898.9969597,-0.852,-0.237,0.49,-0.611,1.176,-0.931,-0.695,-0.384,0.536,-7.107,0.42,-0.664,-0.27,-0.475,0.863,-1.115,-0.939,-0.092,-0.217,-0.58,0.849,1.916,8.771,-0.595,0.166,-0.417,0.765,-0.611,3.023,-0.275,reposo
1780990899.092318,-0.848,-0.233,0.493,-0.763,1.16,-0.565,-0.696,-0.387,0.53,-7.176,0.168,-0.191,-0.281,-0.472,0.853,-0.275,-0.992,0.008,-0.201,-0.574,0.854,1.878,6.45,-0.191,0.16,-0.421,0.767,-0.443,2.458,-0.214,reposo
1780990899.1951938,-0.848,-0.234,0.489,-0.336,0.985,-0.458,-0.688,-0.384,0.541,-7.267,0.191,-0.229,-0.286,-0.471,0.851,-0.481,1.061,0.504,-0.204,-0.574,0.851,1.832,6.763,-1.198,0.166,-0.423,0.765,-0.481,1.664,0.298,reposo
1780990899.2980864,-0.846,-0.229,0.493,-0.573,1.275,-1.092,-0.695,-0.385,0.533,-7.229,0.122,-0.519,-0.28,-0.472,0.854,-0.786,0.618,-0.344,-0.2,-0.572,0.854,1.718,7.389,-0.412,0.163,-0.427,0.764,-0.458,2.427,-0.168,reposo
1780990899.4143105,-0.851,-0.23,0.491,-0.771,1.092,0.061,-0.694,-0.387,0.53,-6.802,0.389,-0.756,-0.283,-0.473,0.857,-0.466,0.008,0.397,-0.202,-0.573,0.854,1.87,7.221,-0.305,0.163,-0.415,0.776,-0.382,2.656,-0.008,reposo
1780990899.5041873,-0.847,-0.232,0.491,-0.496,2.076,-0.718,-0.693,-0.39,0.532,-7.443,0.55,-0.053,-0.284,-0.473,0.853,-0.382,0.122,0.328,-0.199,-0.577,0.85,2.229,6.756,-0.527,0.157,-0.423,0.768,-0.588,2.321,-0.198,reposo
1780990901.8615358,-0.847,-0.234,0.486,-1.046,1.405,-1.115,-0.697,-0.384,0.534,-7.015,0.282,-0.359,-0.278,-0.479,0.852,-0.443,0.107,0.145,-0.192,-0.579,0.851,1.832,6.511,-0.992,0.16,-0.421,0.773,-0.611,2.595,-0.137,reposo
1780990901.9645116,-0.845,-0.24,0.492,-0.87,1.954,-0.229,-0.696,-0.388,0.537,-7.42,0.427,-0.634,-0.277,-0.48,0.862,-0.42,0.076,0.466,-0.191,-0.576,0.856,2.008,7.13,0.183,0.165,-0.42,0.774,-0.656,2.26,-0.168,reposo
1780990902.0804403,-0.845,-0.232,0.492,-0.71,1.313,-0.916,-0.697,-0.393,0.536,-6.985,0.13,-0.435,-0.278,-0.475,0.856,-0.282,0.076,-0.198,-0.191,-0.577,0.851,1.771,7.603,0.061,0.16,-0.423,0.767,-0.504,2.527,-0.137,reposo
1780990902.3853922,-0.849,-0.232,0.492,-0.641,0.939,-1.305,-0.688,-0.388,0.534,-6.679,0.298,-0.176,-0.276,-0.478,0.854,-0.626,0.504,-0.084,-0.196,-0.575,0.858,1.802,7.298,-0.916,0.162,-0.418,0.767,-0.336,2.321,0.313,reposo
1780990902.4755268,-0.847,-0.234,0.496,-0.809,1.58,-0.374,-0.693,-0.386,0.536,-6.977,0.267,-0.565,-0.279,-0.472,0.856,-0.389,-0.137,0.206,-0.193,-0.579,0.857,2.023,6.733,-0.588,0.167,-0.418,0.772,-0.626,2.611,0.015,reposo
1780990902.5784805,-0.847,-0.233,0.495,-0.771,0.947,-0.687,-0.692,-0.386,0.536,-6.855,0.58,0.046,-0.273,-0.48,0.855,-0.527,0.336,0.626,-0.194,-0.58,0.856,2.069,6.969,-0.252,0.168,-0.42,0.771,-0.534,2.084,-0.168,reposo
1780990902.681211,-0.847,-0.236,0.495,-0.511,1.687,-0.786,-0.693,-0.387,0.534,-7.565,-0.023,-0.679,-0.276,-0.479,0.857,-0.076,-0.29,-0.267,-0.189,-0.573,0.847,1.977,7.534,-0.366,0.162,-0.42,0.765,-0.45,2.748,-0.198,reposo
1780990902.7947602,-0.845,-0.236,0.492,-0.481,0.817,0.374,-0.692,-0.386,0.54,-6.855,0.557,-0.313,-0.276,-0.479,0.856,0.092,0.321,0.313,-0.194,-0.575,0.851,1.931,6.466,-0.366,0.163,-0.421,0.775,-0.603,2.359,-0.237,reposo
1780990905.1544406,-0.843,-0.229,0.492,-1.191,1.336,-0.397,-0.695,-0.39,0.538,-7.153,0.214,-0.397,-0.277,-0.481,0.857,-0.626,0.389,0.237,-0.193,-0.575,0.851,1.893,7.305,-0.687,0.167,-0.417,0.765,-0.656,2.634,-0.038,reposo
1780990905.2649822,-0.846,-0.233,0.494,-0.779,1.237,-1.023,-0.695,-0.384,0.536,-7.321,0.328,-0.252,-0.276,-0.475,0.853,-0.26,-0.076,-0.084,-0.195,-0.576,0.853,1.969,6.809,-0.435,0.162,-0.416,0.765,-0.626,2.397,-0.198,reposo
1780990905.3606277,-0.844,-0.238,0.494,-0.511,1.74,-0.588,-0.697,-0.389,0.54,-7.336,0.511,-0.206,-0.278,-0.471,0.86,-0.511,0.137,-0.099,-0.191,-0.576,0.858,1.916,7.412,0.45,0.165,-0.424,0.765,-0.496,2.374,-0.145,reposo
1780990905.4636831,-0.846,-0.233,0.497,-0.511,1.466,-0.71,-0.694,-0.388,0.536,-7.0,0.313,-0.603,-0.277,-0.479,0.855,-0.435,0.008,0.481,-0.194,-0.58,0.852,1.893,7.107,-0.565,0.161,-0.416,0.772,-0.573,2.305,-0.168,reposo
1780990905.579627,-0.849,-0.235,0.499,-0.748,1.649,-0.969,-0.693,-0.386,0.545,-7.374,0.458,-0.427,-0.279,-0.474,0.853,-0.634,0.084,-0.237,-0.193,-0.578,0.855,1.992,6.756,-1.122,0.162,-0.421,0.768,-0.557,2.588,0.031,reposo
1780990905.6804256,-0.845,-0.235,0.493,-0.847,1.229,-0.534,-0.697,-0.387,0.538,-7.191,-0.053,-0.595,-0.276,-0.475,0.856,-0.328,0.153,0.198,-0.191,-0.574,0.862,1.908,6.756,-0.16,0.164,-0.42,0.763,-0.42,2.573,0.046,reposo
1780990905.7791831,-0.845,-0.234,0.495,-0.702,2.069,-0.702,-0.693,-0.386,0.529,-7.351,0.244,-0.511,-0.278,-0.475,0.853,-0.641,0.45,0.504,-0.19,-0.578,0.855,1.992,6.786,-0.824,0.162,-0.42,0.778,-0.71,2.42,-0.168,reposo
1780990905.875502,-0.844,-0.236,0.494,-1.084,1.924,0.0,-0.696,-0.385,0.53,-7.168,0.481,-0.557,-0.281,-0.478,0.859,-0.595,0.595,0.359,-0.192,-0.576,0.852,1.557,7.206,-0.603,0.158,-0.417,0.76,-0.763,2.695,0.244,reposo
1780990905.9781017,-0.849,-0.234,0.497,-1.023,2.031,-0.771,-0.694,-0.384,0.534,-7.031,0.74,-0.359,-0.281,-0.475,0.853,-0.298,0.168,-0.061,-0.192,-0.576,0.857,1.298,6.809,-0.466,0.163,-0.414,0.777,-0.664,2.443,0.023,reposo
1780990906.0969887,-0.851,-0.235,0.48,-1.137,1.046,-1.191,-0.694,-0.39,0.537,-6.969,0.42,-0.313,-0.281,-0.476,0.854,-0.427,0.313,0.359,-0.199,-0.576,0.854,1.969,6.794,-0.931,0.164,-0.423,0.768,-0.542,2.366,-0.122,reposo
1780990906.1970801,-0.845,-0.235,0.489,-1.168,1.763,-1.015,-0.694,-0.384,0.529,-7.137,0.389,-0.321,-0.284,-0.478,0.862,-0.328,-0.183,-0.252,-0.197,-0.582,0.85,1.672,6.924,-0.427,0.165,-0.417,0.765,-0.603,2.069,-0.092,reposo
1780990908.4604986,-0.849,-0.23,0.484,-0.321,1.718,-0.122,-0.697,-0.383,0.53,-7.145,0.092,-0.198,-0.284,-0.478,0.853,-0.015,-0.313,0.626,-0.205,-0.583,0.847,1.939,6.847,-0.786,0.148,-0.417,0.771,-0.603,1.87,0.206,reposo
1780990908.5536258,-0.852,-0.23,0.485,-0.695,1.832,-0.42,-0.699,-0.387,0.53,-7.588,0.511,0.107,-0.283,-0.477,0.853,-1.191,0.733,0.336,-0.203,-0.579,0.856,1.977,7.443,-0.42,0.145,-0.418,0.765,-0.366,3.191,-0.107,reposo
1780990908.6651874,-0.855,-0.226,0.482,-0.313,2.313,-0.336,-0.701,-0.383,0.526,-6.458,0.115,-1.115,-0.274,-0.477,0.858,-0.466,-0.405,0.015,-0.2,-0.577,0.841,1.855,7.107,0.183,0.14,-0.419,0.77,-0.542,3.16,-0.076,reposo
1780990908.7639983,-0.85,-0.227,0.487,-0.443,1.313,0.542,-0.697,-0.384,0.535,-7.618,0.168,-0.229,-0.287,-0.474,0.847,-0.351,-0.29,0.336,-0.211,-0.579,0.84,1.771,7.252,-0.191,0.153,-0.419,0.776,-0.55,2.183,-0.076,reposo
1780990908.8629177,-0.853,-0.226,0.482,-0.695,1.802,-1.046,-0.7,-0.385,0.527,-7.298,0.481,-0.267,-0.277,-0.475,0.856,-0.305,-1.29,0.076,-0.215,-0.58,0.848,1.748,6.344,-1.092,0.151,-0.433,0.775,-0.87,2.733,-0.122,reposo
1780990908.9794836,-0.858,-0.226,0.476,-0.313,1.954,-0.29,-0.697,-0.385,0.538,-7.168,-0.137,-0.008,-0.284,-0.474,0.849,-0.702,-0.198,0.176,-0.207,-0.578,0.848,2.046,7.13,-0.458,0.142,-0.419,0.778,-0.702,2.427,-0.58,reposo
1780990909.079864,-0.856,-0.229,0.481,-0.679,2.008,-0.664,-0.7,-0.384,0.531,-6.878,-0.336,-0.282,-0.282,-0.476,0.855,-0.611,0.855,0.779,-0.204,-0.581,0.849,1.985,8.099,1.084,0.14,-0.415,0.777,-0.885,3.344,-0.076,reposo
1780990909.171759,-0.855,-0.225,0.476,-0.641,1.672,-0.336,-0.697,-0.384,0.527,-6.885,0.466,-0.107,-0.282,-0.476,0.857,-0.176,-0.389,-0.282,-0.205,-0.579,0.844,2.305,6.443,-0.55,0.146,-0.421,0.775,-0.435,2.153,-0.122,reposo
1780990909.274718,-0.853,-0.227,0.486,-0.924,2.076,-1.076,-0.701,-0.385,0.532,-7.244,0.023,-0.443,-0.281,-0.476,0.851,-0.351,0.733,0.168,-0.209,-0.578,0.845,2.084,6.855,-0.427,0.144,-0.418,0.77,-0.504,2.13,0.031,reposo
1780990909.3775969,-0.85,-0.227,0.485,-0.901,1.092,-1.351,-0.698,-0.385,0.531,-7.183,0.481,-0.313,-0.282,-0.479,0.85,-0.557,-0.366,0.45,-0.208,-0.579,0.853,2.046,7.053,-0.496,0.148,-0.411,0.763,-0.565,2.084,0.183,reposo
1780990909.48076,-0.855,-0.229,0.484,-1.542,1.908,-0.656,-0.703,-0.383,0.525,-7.244,0.214,-0.076,-0.282,-0.476,0.854,-0.336,0.191,-0.244,-0.208,-0.578,0.848,1.58,6.695,-1.168,0.143,-0.423,0.766,-0.832,2.557,-0.092,reposo
1780990911.8639467,-0.854,-0.231,0.478,-0.489,1.534,-0.672,-0.698,-0.388,0.525,-7.115,0.344,0.023,-0.281,-0.478,0.849,-0.252,-0.198,-0.137,-0.207,-0.575,0.853,1.748,7.26,-0.939,0.143,-0.419,0.768,-0.611,2.321,0.0,reposo
1780990911.9656897,-0.854,-0.223,0.486,-0.45,1.443,-0.855,-0.698,-0.391,0.529,-7.176,0.344,-0.817,-0.283,-0.479,0.853,-0.42,0.206,0.267,-0.203,-0.579,0.853,1.916,7.099,-0.802,0.145,-0.428,0.766,-0.542,2.626,0.099,reposo
1780990912.0559456,-0.851,-0.221,0.487,-0.382,1.229,-0.168,-0.697,-0.383,0.527,-7.313,0.29,-0.664,-0.277,-0.479,0.859,-0.656,0.237,0.504,-0.204,-0.576,0.851,1.359,6.519,-0.473,0.147,-0.426,0.771,-0.718,2.344,-0.015,reposo
1780990912.1633308,-0.85,-0.225,0.479,-0.763,1.74,-0.763,-0.701,-0.388,0.526,-7.084,0.412,-0.29,-0.279,-0.472,0.852,-0.29,-0.313,-0.076,-0.203,-0.578,0.849,1.924,7.038,-1.008,0.15,-0.418,0.771,-0.511,2.458,0.214,reposo
1780990912.2619767,-0.851,-0.225,0.49,-0.626,1.885,0.122,-0.7,-0.386,0.529,-7.397,0.382,-0.153,-0.282,-0.479,0.852,-0.344,0.473,0.031,-0.203,-0.582,0.846,1.992,6.71,-0.916,0.138,-0.429,0.762,-0.649,2.366,0.046,reposo
1780990912.3804457,-0.852,-0.225,0.488,-0.679,1.893,-1.031,-0.7,-0.384,0.534,-7.023,0.275,-0.397,-0.28,-0.477,0.856,-0.382,-0.115,0.046,-0.204,-0.576,0.856,1.878,6.435,-0.519,0.145,-0.422,0.77,-0.542,2.107,0.092,reposo
1780990912.480318,-0.855,-0.227,0.484,-0.847,1.328,-0.573,-0.698,-0.387,0.534,-7.252,0.534,-0.756,-0.284,-0.476,0.849,-0.649,0.397,-0.489,-0.205,-0.576,0.844,1.931,6.863,-0.748,0.142,-0.421,0.766,-0.588,2.397,0.038,reposo
1780990912.5780141,-0.855,-0.226,0.482,-0.885,1.534,-1.023,-0.698,-0.381,0.53,-7.214,0.359,-0.366,-0.284,-0.478,0.853,-0.328,-0.023,0.603,-0.202,-0.58,0.851,2.092,6.802,-0.221,0.146,-0.419,0.771,-0.489,2.87,-0.122,reposo
1780990912.673829,-0.855,-0.227,0.484,-0.679,1.183,-1.214,-0.701,-0.388,0.525,-7.145,0.405,-0.366,-0.281,-0.475,0.853,-0.389,0.481,0.29,-0.205,-0.58,0.851,2.053,7.473,0.252,0.149,-0.418,0.767,-0.573,2.687,0.038,reposo
1780990912.7770927,-0.854,-0.224,0.491,-1.496,1.695,-0.336,-0.697,-0.385,0.533,-7.282,0.511,-0.015,-0.281,-0.473,0.848,0.015,0.0,0.359,-0.205,-0.578,0.848,2.015,7.076,-0.13,0.15,-0.422,0.766,-0.45,2.557,0.099,reposo
1780990912.879938,-0.851,-0.225,0.484,-1.092,1.87,-1.221,-0.701,-0.389,0.53,-7.336,0.168,-0.649,-0.285,-0.477,0.859,-0.611,-0.221,0.405,-0.201,-0.574,0.853,1.771,6.969,-0.885,0.149,-0.419,0.768,-0.733,2.053,0.267,reposo
1780990915.1463473,-0.856,-0.221,0.478,-0.618,2.305,-0.267,-0.7,-0.379,0.537,-6.802,-0.359,-0.756,-0.287,-0.477,0.855,-0.557,0.626,0.313,-0.206,-0.578,0.844,2.267,7.924,0.107,0.152,-0.417,0.77,-0.779,1.908,-0.489,reposo
1780990915.24907,-0.852,-0.217,0.481,-0.405,3.45,0.237,-0.7,-0.382,0.535,-7.244,-0.664,-0.939,-0.291,-0.476,0.851,-0.817,1.282,0.992,-0.208,-0.582,0.847,2.382,7.794,-0.382,0.138,-0.418,0.771,-1.061,2.344,-0.618,reposo
1780990915.3520935,-0.858,-0.221,0.479,-0.481,2.275,-0.16,-0.697,-0.381,0.54,-6.962,-0.893,-1.092,-0.286,-0.469,0.855,-0.366,0.008,-0.008,-0.207,-0.585,0.842,2.137,8.466,0.328,0.147,-0.427,0.776,-0.679,2.969,-0.26,reposo
1780990915.4549723,-0.853,-0.215,0.484,-1.069,1.718,-1.389,-0.697,-0.382,0.532,-7.412,0.26,-0.389,-0.294,-0.473,0.847,-0.786,0.771,0.252,-0.207,-0.58,0.85,1.924,7.611,-0.115,0.139,-0.418,0.766,-0.282,3.771,-0.153,reposo
1780990915.563429,-0.853,-0.214,0.484,-0.832,1.718,0.107,-0.703,-0.38,0.534,-7.45,0.58,-0.084,-0.295,-0.469,0.855,-0.267,-0.115,0.412,-0.204,-0.578,0.849,1.893,7.275,-0.718,0.141,-0.415,0.77,-0.87,2.55,-0.183,reposo
1780990915.6611774,-0.854,-0.22,0.485,-0.13,0.695,-0.496,-0.702,-0.383,0.538,-6.351,0.405,-0.679,-0.291,-0.471,0.845,-0.099,-0.336,-0.771,-0.208,-0.58,0.847,1.771,5.74,-0.992,0.142,-0.421,0.774,-0.863,1.298,-0.145,reposo
1780990915.764149,-0.855,-0.217,0.488,-0.794,1.321,-0.122,-0.7,-0.382,0.528,-7.046,0.214,-0.328,-0.296,-0.471,0.851,-0.168,-0.092,0.092,-0.209,-0.58,0.847,2.237,6.626,-0.908,0.137,-0.42,0.779,-0.527,2.183,-0.115,reposo
1780990915.8777952,-0.856,-0.216,0.485,-1.008,2.55,-1.069,-0.702,-0.382,0.535,-7.718,0.153,-0.802,-0.298,-0.472,0.853,-0.573,0.405,0.183,-0.203,-0.573,0.848,1.725,6.985,-0.771,0.151,-0.422,0.773,-0.695,2.466,0.084,reposo
1780990915.9792335,-0.856,-0.221,0.482,-1.099,1.824,-1.244,-0.7,-0.383,0.532,-7.221,0.435,-0.496,-0.294,-0.475,0.847,-0.763,-0.076,-0.168,-0.209,-0.579,0.843,1.603,6.725,-0.336,0.145,-0.417,0.781,-0.603,2.718,-0.122,reposo
1780990916.073203,-0.851,-0.219,0.48,-0.939,1.29,-0.244,-0.701,-0.382,0.528,-6.626,0.443,-0.053,-0.293,-0.472,0.844,-0.282,-0.412,0.168,-0.208,-0.579,0.847,1.969,6.733,-0.489,0.137,-0.418,0.774,-0.458,2.359,-0.061,reposo
1780990916.1761408,-0.852,-0.22,0.475,-1.061,1.298,-1.252,-0.707,-0.378,0.527,-7.244,-0.084,-1.076,-0.292,-0.473,0.846,-0.626,-0.153,-0.321,-0.21,-0.575,0.853,1.641,6.443,-1.382,0.141,-0.421,0.769,-1.023,1.557,0.153,reposo
1780990918.5450664,-0.854,-0.211,0.477,-0.481,2.122,-0.366,-0.701,-0.379,0.524,-7.061,0.489,-0.115,-0.297,-0.473,0.851,-0.382,0.084,0.511,-0.213,-0.578,0.85,1.664,7.252,-0.641,0.136,-0.417,0.768,-0.603,2.351,-0.115,reposo
1780990918.649365,-0.859,-0.214,0.483,-0.435,1.107,-0.229,-0.703,-0.382,0.52,-6.748,0.206,-0.321,-0.297,-0.476,0.851,-0.252,-0.13,-0.672,-0.216,-0.583,0.846,2.092,6.931,-0.863,0.147,-0.423,0.778,-0.733,2.374,0.0,reposo
1780990918.7628887,-0.858,-0.213,0.473,-0.733,1.557,-1.183,-0.705,-0.38,0.533,-7.344,0.443,-0.55,-0.303,-0.472,0.854,-0.328,-0.282,0.084,-0.213,-0.58,0.847,2.0,6.565,-0.229,0.134,-0.42,0.778,-0.565,2.725,-0.084,reposo
1780990918.862719,-0.859,-0.212,0.473,-1.031,1.237,-0.534,-0.701,-0.379,0.528,-7.328,0.573,-0.489,-0.302,-0.466,0.845,-0.824,0.298,0.069,-0.21,-0.579,0.843,1.626,6.763,-0.985,0.136,-0.418,0.769,-0.603,2.305,0.084,reposo
1780990918.957056,-0.857,-0.217,0.48,-0.809,2.145,-0.313,-0.702,-0.379,0.527,-7.115,0.542,-0.221,-0.302,-0.471,0.851,-0.16,-0.244,0.58,-0.211,-0.58,0.851,1.817,7.084,-0.382,0.137,-0.42,0.778,-0.664,2.046,-0.061,reposo
1780990919.0601482,-0.845,-0.216,0.486,-1.427,3.466,0.885,-0.706,-0.39,0.531,-8.802,-1.557,0.641,-0.31,-0.471,0.842,-1.504,1.718,2.359,-0.214,-0.578,0.855,2.298,7.412,1.74,0.135,-0.427,0.77,-1.168,4.573,-0.176,reposo
1780990919.1770315,-0.864,-0.212,0.47,-1.817,4.107,0.71,-0.704,-0.377,0.523,-8.359,0.885,0.496,-0.312,-0.469,0.846,-0.573,2.038,1.55,-0.219,-0.58,0.854,1.389,8.969,0.443,0.127,-0.417,0.777,-1.008,3.458,-0.878,reposo
1780990919.2776856,-0.866,-0.214,0.466,-1.252,1.58,-1.55,-0.705,-0.383,0.522,-6.931,-0.13,-0.824,-0.313,-0.47,0.848,-0.42,-0.573,-0.786,-0.221,-0.581,0.845,2.321,6.099,-0.878,0.126,-0.421,0.766,-0.527,2.534,-0.336,reposo
1780990919.3793519,-0.864,-0.212,0.466,-0.908,1.244,-1.374,-0.711,-0.381,0.525,-6.58,-0.267,-0.855,-0.31,-0.472,0.84,-0.45,-0.107,-0.183,-0.219,-0.578,0.843,2.015,6.061,-0.84,0.136,-0.415,0.776,-0.656,2.267,-0.336,reposo
1780990919.4779496,-0.863,-0.212,0.466,-1.153,1.611,-0.863,-0.703,-0.378,0.529,-7.031,0.588,-0.214,-0.307,-0.468,0.843,-0.115,0.237,0.313,-0.22,-0.58,0.845,2.023,6.832,-0.779,0.136,-0.42,0.774,-0.763,2.634,-0.145,reposo
1780990921.8414538,-0.857,-0.215,0.48,-0.435,0.55,-1.794,-0.709,-0.378,0.521,-6.626,-0.275,-0.817,-0.297,-0.475,0.843,-0.252,-0.435,-1.389,-0.215,-0.583,0.843,1.756,6.763,-0.458,0.136,-0.433,0.761,-0.855,2.282,0.16,reposo
1780990921.9442573,-0.857,-0.215,0.48,-0.641,1.305,-0.427,-0.707,-0.378,0.515,-7.115,0.305,-0.626,-0.296,-0.475,0.849,-0.16,0.046,0.0,-0.221,-0.583,0.839,1.794,7.313,-0.641,0.138,-0.435,0.764,-0.611,2.679,0.198,reposo
1780990922.0607557,-0.856,-0.218,0.481,-0.901,1.992,-0.382,-0.708,-0.379,0.52,-7.122,0.473,-0.466,-0.296,-0.476,0.849,-0.763,0.794,0.382,-0.224,-0.586,0.842,1.702,7.252,-0.374,0.136,-0.434,0.774,-0.305,2.702,0.015,reposo
1780990922.1622968,-0.858,-0.217,0.48,-0.794,1.153,-0.191,-0.71,-0.378,0.519,-6.664,0.221,-0.473,-0.298,-0.477,0.852,0.053,0.107,-0.191,-0.221,-0.585,0.841,1.985,6.267,-0.626,0.137,-0.438,0.769,-0.557,2.489,-0.038,reposo
1780990922.261431,-0.855,-0.214,0.48,-1.0,1.496,-1.191,-0.708,-0.376,0.516,-7.405,0.389,-0.374,-0.302,-0.477,0.846,-0.679,0.26,-0.435,-0.226,-0.584,0.838,1.71,7.344,-0.84,0.129,-0.433,0.769,-0.786,2.42,0.282,reposo
1780990922.3565137,-0.861,-0.214,0.483,-1.267,1.885,-1.374,-0.713,-0.381,0.517,-7.351,0.29,-0.55,-0.298,-0.477,0.845,-0.573,0.55,0.389,-0.223,-0.584,0.835,1.672,6.351,-0.458,0.132,-0.429,0.76,-0.519,2.435,-0.046,reposo
1780990922.4593518,-0.86,-0.217,0.479,-1.366,1.611,-0.672,-0.71,-0.374,0.523,-7.206,0.466,0.076,-0.297,-0.474,0.848,-0.122,-0.695,-0.069,-0.222,-0.583,0.834,1.985,6.618,-0.702,0.128,-0.427,0.764,-0.313,2.26,-0.069,reposo
1780990922.562573,-0.857,-0.215,0.485,-0.969,1.206,-1.038,-0.709,-0.378,0.522,-6.969,0.237,-0.557,-0.303,-0.476,0.852,-0.863,0.504,-0.115,-0.226,-0.58,0.839,1.985,7.015,-0.527,0.132,-0.429,0.772,-0.771,2.382,-0.107,reposo
1780990922.677685,-0.855,-0.218,0.483,-1.351,1.504,-1.015,-0.712,-0.38,0.525,-7.427,0.214,-0.611,-0.299,-0.479,0.842,-0.351,0.214,0.351,-0.224,-0.588,0.844,2.031,7.443,-0.084,0.131,-0.428,0.768,-0.74,2.435,0.0,reposo
1780990922.7798336,-0.856,-0.219,0.474,-0.641,1.427,-0.366,-0.711,-0.375,0.519,-7.023,0.145,-0.656,-0.296,-0.476,0.851,-0.473,0.595,-0.344,-0.227,-0.585,0.833,1.725,7.092,-0.618,0.127,-0.435,0.766,-0.718,2.588,0.084,reposo
1780990922.871553,-0.857,-0.219,0.48,-0.672,1.351,-0.824,-0.708,-0.383,0.519,-6.885,0.122,0.198,-0.302,-0.473,0.846,-0.282,-0.015,0.511,-0.224,-0.588,0.834,2.053,7.244,-0.802,0.132,-0.433,0.758,-0.618,2.504,0.099,reposo
1780990925.1426122,-0.856,-0.219,0.487,-0.664,1.878,-0.794,-0.705,-0.379,0.52,-7.214,0.229,-0.374,-0.295,-0.479,0.852,-0.214,0.061,0.099,-0.223,-0.583,0.841,2.099,6.802,-0.015,0.135,-0.427,0.761,-0.504,2.29,-0.107,reposo
1780990925.2407293,-0.852,-0.214,0.484,-1.069,1.267,-0.435,-0.706,-0.378,0.519,-6.756,0.366,-0.069,-0.295,-0.476,0.847,-0.16,-0.42,0.221,-0.218,-0.582,0.844,2.061,6.168,-1.046,0.133,-0.427,0.767,-0.328,2.137,0.107,reposo
1780990925.3431008,-0.856,-0.211,0.481,-0.863,1.733,-1.046,-0.708,-0.377,0.521,-7.42,0.13,-0.817,-0.298,-0.477,0.847,-0.252,0.435,0.267,-0.221,-0.582,0.838,2.0,6.977,-0.366,0.137,-0.428,0.766,-0.481,2.084,-0.183,reposo
1780990925.459468,-0.856,-0.218,0.484,-0.718,0.527,-0.969,-0.706,-0.382,0.522,-6.466,0.481,-0.466,-0.296,-0.473,0.847,-0.519,-0.389,-0.351,-0.217,-0.581,0.843,1.924,7.237,-0.595,0.134,-0.428,0.766,-0.573,2.16,-0.13,reposo
1780990925.549511,-0.852,-0.213,0.485,-1.313,1.26,-0.908,-0.703,-0.379,0.52,-7.328,0.252,-0.427,-0.295,-0.475,0.853,-0.527,0.298,0.382,-0.219,-0.582,0.848,1.954,6.924,-0.618,0.138,-0.431,0.76,-0.588,2.588,0.145,reposo
1780990925.6609893,-0.856,-0.213,0.489,-1.031,1.489,-1.359,-0.707,-0.381,0.523,-7.252,0.282,-0.397,-0.294,-0.471,0.849,-0.374,0.359,0.168,-0.221,-0.582,0.848,1.878,6.71,-0.198,0.133,-0.428,0.762,-0.519,2.382,-0.13,reposo
1780990925.7556236,-0.855,-0.215,0.48,-1.198,1.916,-0.763,-0.707,-0.378,0.521,-7.038,0.351,-0.573,-0.298,-0.473,0.852,-0.664,0.542,0.0,-0.215,-0.583,0.843,2.053,6.718,-0.542,0.136,-0.437,0.773,-0.679,2.672,0.176,reposo
1780990925.8584132,-0.859,-0.22,0.489,-1.023,1.802,-0.618,-0.712,-0.375,0.523,-7.611,0.565,-0.534,-0.295,-0.475,0.851,-0.26,-0.183,0.672,-0.219,-0.579,0.844,2.183,6.679,-0.71,0.134,-0.426,0.766,-0.664,2.214,0.13,reposo
1780990925.9615629,-0.852,-0.216,0.48,-0.954,1.672,-0.634,-0.71,-0.377,0.525,-7.053,0.412,-0.42,-0.295,-0.473,0.848,-0.908,0.763,-0.053,-0.22,-0.582,0.845,1.817,6.573,-0.664,0.133,-0.434,0.77,-0.565,2.298,0.031,reposo
1780990926.077885,-0.854,-0.214,0.487,-0.969,1.496,-0.55,-0.708,-0.374,0.518,-7.687,0.557,-0.122,-0.293,-0.475,0.848,-0.84,0.206,0.489,-0.22,-0.583,0.846,1.649,7.275,-0.893,0.136,-0.427,0.759,-0.595,2.603,-0.053,reposo
1780990926.1758752,-0.855,-0.215,0.483,-1.046,1.015,-0.962,-0.709,-0.377,0.527,-6.786,0.443,0.023,-0.294,-0.474,0.855,-0.321,0.313,0.397,-0.219,-0.581,0.837,2.115,6.679,-0.832,0.137,-0.43,0.77,-0.557,2.504,-0.038,reposo
1780990928.5450902,-0.866,-0.205,0.472,-0.412,2.076,1.252,-0.7,-0.378,0.523,-7.321,0.824,0.977,-0.304,-0.473,0.844,0.351,3.031,2.382,-0.223,-0.582,0.845,1.802,7.557,1.0,0.121,-0.43,0.764,-1.42,4.252,1.008,reposo
1780990928.6399157,-0.861,-0.208,0.48,-1.168,1.595,-0.481,-0.708,-0.38,0.515,-7.069,1.069,0.672,-0.301,-0.476,0.845,0.458,2.16,1.45,-0.221,-0.582,0.85,2.641,7.618,1.809,0.14,-0.427,0.768,-0.13,4.382,1.206,reposo
1780990928.7423518,-0.852,-0.205,0.484,-1.229,2.237,-0.634,-0.705,-0.378,0.522,-7.748,0.718,0.084,-0.305,-0.478,0.844,-0.756,2.206,1.084,-0.23,-0.581,0.844,1.908,7.435,0.786,0.129,-0.43,0.769,-0.061,2.763,0.344,reposo
1780990928.8458452,-0.863,-0.208,0.478,-1.107,0.672,-1.023,-0.71,-0.377,0.511,-6.389,0.176,-0.061,-0.302,-0.476,0.843,-0.069,-0.809,0.008,-0.229,-0.585,0.84,1.977,5.802,-1.603,0.132,-0.432,0.767,-0.534,0.321,-0.992,reposo
1780990928.9606605,-0.858,-0.211,0.48,-0.435,0.527,-1.153,-0.713,-0.38,0.512,-6.863,0.176,-0.26,-0.302,-0.476,0.844,-0.466,-0.26,-1.099,-0.224,-0.58,0.838,2.145,5.863,-1.366,0.131,-0.435,0.769,-0.992,0.603,-0.481,reposo
1780990929.0592813,-0.859,-0.21,0.481,-1.031,0.336,-1.45,-0.706,-0.38,0.523,-6.847,0.382,-1.061,-0.3,-0.474,0.849,-0.221,-0.947,-0.061,-0.222,-0.584,0.842,2.0,7.229,-1.008,0.133,-0.431,0.753,-0.481,1.656,-0.389,reposo
1780990929.1547246,-0.855,-0.208,0.482,-0.832,1.954,-0.298,-0.709,-0.383,0.521,-7.084,0.511,-0.55,-0.295,-0.476,0.855,-0.389,0.809,0.366,-0.219,-0.582,0.834,1.977,7.076,-0.58,0.125,-0.434,0.763,-0.55,2.198,-0.198,reposo
1780990929.2577848,-0.856,-0.211,0.479,-0.931,1.29,-0.939,-0.711,-0.383,0.521,-6.893,0.244,-0.237,-0.3,-0.478,0.851,-0.374,-0.145,0.076,-0.219,-0.585,0.843,1.969,6.908,-0.534,0.127,-0.432,0.769,-0.275,2.565,-0.298,reposo
1780990929.3607018,-0.861,-0.212,0.478,-1.046,1.962,-0.275,-0.708,-0.382,0.519,-7.267,0.206,-0.427,-0.292,-0.475,0.845,-0.527,-0.153,0.618,-0.224,-0.583,0.839,1.702,6.878,-0.26,0.129,-0.433,0.763,-0.519,2.328,-0.206,reposo
1780990929.474557,-0.856,-0.211,0.485,-0.679,1.198,-1.71,-0.707,-0.382,0.516,-6.878,0.427,-1.26,-0.294,-0.475,0.85,-0.878,-0.191,0.267,-0.215,-0.58,0.833,1.656,6.366,-1.58,0.136,-0.436,0.763,-0.634,1.832,-0.45,reposo
1780990931.8440294,-0.852,-0.226,0.486,-1.221,2.229,0.496,-0.696,-0.381,0.539,-7.237,0.641,0.176,-0.287,-0.473,0.851,0.031,0.267,0.237,-0.194,-0.581,0.855,1.977,7.298,0.183,0.147,-0.429,0.77,-0.595,2.931,0.16,reposo
1780990931.9434106,-0.852,-0.221,0.488,-1.305,2.191,-0.099,-0.695,-0.382,0.527,-7.588,0.29,-0.397,-0.287,-0.47,0.859,-0.55,1.122,0.527,-0.195,-0.581,0.857,2.137,7.763,0.176,0.153,-0.427,0.769,-0.092,2.916,0.198,reposo
1780990932.0388994,-0.854,-0.224,0.488,-0.855,2.55,-0.229,-0.698,-0.381,0.531,-7.183,0.962,0.13,-0.286,-0.471,0.844,-0.29,0.427,1.305,-0.201,-0.578,0.846,2.008,7.023,0.183,0.149,-0.431,0.769,-0.153,2.962,0.046,reposo
1780990932.141409,-0.852,-0.219,0.483,-0.977,1.679,-0.206,-0.695,-0.381,0.539,-6.863,1.389,0.16,-0.284,-0.471,0.858,-0.427,1.29,0.672,-0.192,-0.579,0.858,1.893,7.58,-0.489,0.139,-0.431,0.761,-0.893,3.053,0.298,reposo
1780990932.260789,-0.853,-0.218,0.477,-0.626,1.847,-0.374,-0.696,-0.38,0.536,-7.595,0.466,-0.473,-0.292,-0.47,0.849,-0.206,0.824,0.237,-0.196,-0.579,0.85,1.45,7.336,-0.679,0.147,-0.43,0.757,-0.847,2.924,0.107,reposo
1780990932.347762,-0.854,-0.225,0.484,-1.046,2.061,-0.786,-0.701,-0.377,0.54,-7.275,0.481,-0.618,-0.29,-0.471,0.855,-0.359,0.336,0.595,-0.203,-0.578,0.852,1.786,6.802,-0.71,0.153,-0.428,0.774,-0.824,2.244,-0.008,reposo
1780990932.4510028,-0.859,-0.225,0.478,-1.023,1.908,0.008,-0.702,-0.381,0.531,-7.29,0.359,-0.191,-0.29,-0.476,0.854,-0.321,0.389,0.046,-0.206,-0.58,0.854,1.588,6.611,-0.122,0.14,-0.426,0.768,-0.321,2.42,-0.076,reposo
1780990932.554,-0.852,-0.223,0.481,-0.695,0.893,-0.626,-0.693,-0.379,0.534,-6.954,0.191,-0.061,-0.291,-0.475,0.85,-0.328,0.397,0.092,-0.203,-0.576,0.847,1.977,6.977,-0.405,0.15,-0.431,0.763,-0.664,3.061,-0.076,reposo
1780990932.6568348,-0.856,-0.219,0.482,-0.55,1.832,-0.031,-0.7,-0.38,0.534,-7.603,0.382,-0.206,-0.29,-0.471,0.851,-0.244,0.824,0.618,-0.204,-0.578,0.853,1.977,7.153,0.229,0.146,-0.424,0.768,-0.519,2.603,-0.122,reposo
1780990932.759855,-0.856,-0.221,0.482,-0.695,1.115,-0.779,-0.699,-0.379,0.521,-7.13,0.405,-0.794,-0.292,-0.474,0.85,-0.626,0.695,0.053,-0.205,-0.573,0.848,1.71,7.252,-0.229,0.151,-0.423,0.76,-0.885,2.679,0.015,reposo
1780990932.8755672,-0.857,-0.216,0.481,-0.557,2.328,-0.748,-0.683,-0.375,0.565,-6.122,7.641,-0.023,-0.289,-0.465,0.856,-0.496,0.733,-0.252,-0.208,-0.579,0.844,2.176,5.58,-0.481,0.147,-0.424,0.763,-0.908,2.252,-0.038,reposo
1780990935.1419907,-0.858,-0.218,0.487,-1.092,1.466,-0.939,-0.704,-0.381,0.528,-7.107,0.298,-0.237,-0.293,-0.473,0.85,-0.779,0.405,-0.45,-0.211,-0.578,0.849,1.832,6.626,-0.87,0.148,-0.436,0.772,-0.611,2.405,-0.038,reposo
1780990935.2319915,-0.855,-0.219,0.48,-0.954,1.84,-0.427,-0.698,-0.381,0.524,-7.0,0.443,-0.099,-0.295,-0.471,0.85,-0.298,0.061,0.13,-0.21,-0.577,0.848,1.771,6.763,-0.29,0.14,-0.427,0.771,-0.511,2.0,-0.046,reposo
1780990935.3414686,-0.86,-0.218,0.475,-0.809,1.221,-0.664,-0.699,-0.377,0.53,-7.351,0.359,-0.229,-0.294,-0.472,0.849,-0.45,0.466,0.305,-0.208,-0.58,0.853,1.664,7.061,-0.916,0.141,-0.43,0.769,-0.489,2.557,-0.015,reposo
1780990935.438229,-0.855,-0.216,0.474,-0.763,1.496,-0.908,-0.7,-0.378,0.531,-7.107,0.084,-0.573,-0.298,-0.474,0.847,-0.16,0.084,0.237,-0.209,-0.575,0.846,1.824,7.267,0.061,0.145,-0.427,0.765,-0.267,2.786,-0.038,reposo
1780990935.5409248,-0.861,-0.216,0.477,-0.901,2.176,-0.099,-0.705,-0.38,0.525,-7.305,-0.107,-0.626,-0.296,-0.477,0.853,-0.511,0.267,0.099,-0.205,-0.58,0.851,1.748,7.344,0.618,0.151,-0.425,0.767,-0.87,3.794,1.26,reposo
1780990935.659449,-0.861,-0.219,0.476,-0.489,3.473,0.023,-0.705,-0.377,0.528,-7.008,0.275,0.076,-0.298,-0.469,0.852,-0.351,0.87,0.588,-0.21,-0.576,0.848,1.977,6.435,-0.763,0.138,-0.429,0.769,-0.496,2.023,-0.084,reposo
1780990935.7596796,-0.859,-0.216,0.482,-0.626,2.168,-0.183,-0.705,-0.38,0.53,-7.29,0.252,-0.183,-0.301,-0.469,0.846,-0.237,-0.099,-0.061,-0.208,-0.581,0.851,1.595,6.916,-0.366,0.137,-0.428,0.775,-0.244,2.191,-0.122,reposo
1780990935.8593278,-0.856,-0.22,0.474,-0.435,1.275,-0.466,-0.701,-0.378,0.523,-6.939,0.321,-0.527,-0.3,-0.472,0.848,-0.069,0.137,0.298,-0.211,-0.58,0.848,1.847,6.634,-0.374,0.137,-0.426,0.761,-0.275,2.397,-0.038,reposo
1780990935.958773,-0.86,-0.215,0.478,-0.061,1.847,-0.908,-0.705,-0.377,0.531,-6.832,0.412,-0.221,-0.296,-0.471,0.851,-0.267,0.611,0.611,-0.214,-0.575,0.848,1.916,7.183,-0.863,0.142,-0.423,0.77,-0.664,2.779,0.13,reposo
1780990936.0563357,-0.859,-0.216,0.474,-0.847,1.634,0.885,-0.703,-0.378,0.532,-6.855,1.137,0.817,-0.302,-0.471,0.851,-0.42,2.145,0.557,-0.228,-0.577,0.856,0.244,8.015,0.275,0.138,-0.428,0.767,-0.893,1.939,-0.298,reposo
1780990936.1591797,-0.856,-0.217,0.477,-0.435,2.183,-0.809,-0.703,-0.38,0.533,-7.649,0.74,0.16,-0.299,-0.468,0.854,-0.878,0.389,0.74,-0.215,-0.582,0.855,2.069,7.924,-0.458,0.137,-0.424,0.77,-0.58,2.458,0.168,reposo
1780990938.5287218,-0.867,-0.218,0.473,-1.748,3.237,-0.412,-0.709,-0.384,0.522,-7.779,1.229,-0.336,-0.309,-0.472,0.85,-1.031,0.244,0.496,-0.218,-0.578,0.843,0.962,7.534,-1.267,0.126,-0.431,0.757,-1.885,2.061,0.374,reposo
1780990938.6428678,-0.863,-0.216,0.462,-0.702,1.267,-1.206,-0.708,-0.381,0.52,-7.244,-0.824,-1.832,-0.299,-0.47,0.844,-1.076,-2.244,-2.107,-0.212,-0.58,0.844,0.107,6.061,-4.344,0.132,-0.438,0.764,-1.702,-0.504,-0.733,reposo
1780990938.7341778,-0.863,-0.216,0.479,-1.229,3.855,0.412,-0.714,-0.382,0.525,-7.771,1.008,0.519,-0.301,-0.475,0.849,-1.053,1.061,0.137,-0.219,-0.583,0.84,0.939,6.885,-1.359,0.134,-0.428,0.766,-2.038,2.389,0.725,reposo
1780990938.8373053,-0.861,-0.222,0.471,-0.321,0.977,0.885,-0.707,-0.382,0.521,-6.023,0.55,1.137,-0.302,-0.473,0.85,0.397,0.962,1.008,-0.218,-0.583,0.843,3.015,6.328,-0.221,0.139,-0.423,0.766,-0.336,1.802,-0.504,reposo
1780990938.9400945,-0.861,-0.214,0.482,-0.962,3.435,0.664,-0.703,-0.382,0.526,-8.359,1.191,0.344,-0.309,-0.474,0.845,-0.992,0.977,0.756,-0.214,-0.587,0.844,1.397,7.626,-0.008,0.135,-0.436,0.757,-2.748,5.42,2.206,reposo
1780990939.0430174,-0.864,-0.216,0.473,-1.145,-0.42,-1.855,-0.703,-0.381,0.522,-6.802,-0.511,-1.282,-0.302,-0.478,0.851,-0.496,-0.252,-0.71,-0.212,-0.588,0.837,1.962,6.809,-0.809,0.136,-0.441,0.769,-0.206,2.275,-0.153,reposo
1780990939.1579392,-0.861,-0.214,0.471,-0.756,1.061,-0.962,-0.705,-0.38,0.515,-6.832,0.321,-1.008,-0.302,-0.474,0.842,-0.656,-1.588,-1.122,-0.21,-0.581,0.846,1.466,6.0,-1.29,0.138,-0.439,0.766,-0.305,1.794,0.069,reposo
1780990939.2490869,-0.867,-0.216,0.473,-0.595,3.656,0.817,-0.707,-0.383,0.529,-8.107,1.191,1.931,-0.306,-0.469,0.843,0.031,2.023,1.718,-0.219,-0.585,0.845,2.305,7.557,2.496,0.13,-0.426,0.779,-0.931,2.481,0.344,reposo
1780990939.3522904,-0.869,-0.209,0.464,-1.244,0.427,-1.855,-0.709,-0.379,0.525,-7.366,-0.641,-2.008,-0.3,-0.472,0.843,-1.328,-2.496,-1.305,-0.21,-0.584,0.84,0.916,6.573,-2.702,0.133,-0.445,0.773,-0.565,0.947,-0.267,reposo
1780990939.4597733,-0.866,-0.214,0.468,-1.008,1.0,-0.74,-0.705,-0.382,0.527,-6.763,0.443,-0.55,-0.302,-0.469,0.842,-0.053,-0.061,0.863,-0.215,-0.581,0.841,0.916,7.824,-1.153,0.139,-0.437,0.765,-0.733,3.176,0.641,reposo
1780990941.8244555,-0.861,-0.212,0.469,-0.969,0.16,-0.107,-0.708,-0.377,0.517,-6.74,0.443,0.176,-0.307,-0.473,0.846,-0.023,1.198,0.336,-0.225,-0.584,0.844,2.412,7.221,-0.794,0.126,-0.431,0.758,-1.817,2.939,-0.679,reposo
1780990941.927565,-0.858,-0.202,0.478,-0.443,1.847,-0.435,-0.706,-0.376,0.524,-7.672,0.618,-0.13,-0.308,-0.47,0.849,-0.626,0.969,0.389,-0.223,-0.578,0.839,1.305,7.908,-0.321,0.131,-0.438,0.76,-2.084,3.603,0.061,reposo
1780990942.030403,-0.861,-0.204,0.477,-0.473,1.176,-0.969,-0.707,-0.381,0.522,-7.275,0.366,-0.878,-0.302,-0.476,0.846,-1.015,0.618,-0.168,-0.216,-0.585,0.844,2.26,7.794,0.458,0.133,-0.435,0.755,-0.031,3.466,0.305,reposo
1780990942.1335351,-0.865,-0.204,0.471,-0.565,2.397,-0.374,-0.714,-0.374,0.52,-7.29,0.977,-0.305,-0.31,-0.471,0.849,-0.962,-0.031,1.061,-0.219,-0.58,0.848,1.107,7.534,-0.779,0.126,-0.437,0.764,-1.794,3.366,0.702,reposo
1780990942.236476,-0.863,-0.21,0.469,-2.321,5.656,-1.344,-0.71,-0.384,0.526,-8.832,2.031,-1.198,-0.313,-0.475,0.845,-1.458,0.618,0.023,-0.225,-0.577,0.827,0.26,9.168,-1.489,0.13,-0.44,0.767,-0.916,1.351,0.702,reposo
1780990942.3394673,-0.87,-0.217,0.469,-0.061,-0.137,-1.031,-0.708,-0.38,0.523,-5.611,-0.397,-1.496,-0.31,-0.47,0.836,0.809,-4.092,-3.13,-0.223,-0.585,0.843,2.122,1.87,-4.542,0.139,-0.441,0.767,0.252,-2.351,-1.664,reposo
1780990942.4425635,-0.862,-0.208,0.47,0.351,-4.634,-3.229,-0.708,-0.377,0.524,-5.603,-0.779,-1.908,-0.293,-0.477,0.848,-0.107,-2.893,-0.962,-0.196,-0.587,0.851,3.252,7.443,-1.084,0.143,-0.436,0.764,0.344,2.763,-0.145,reposo
1780990942.5555513,-0.867,-0.208,0.474,-0.634,1.176,-0.45,-0.701,-0.379,0.528,-7.076,0.427,-0.351,-0.303,-0.472,0.847,-0.405,0.107,0.443,-0.217,-0.588,0.838,2.0,7.0,-0.313,0.141,-0.438,0.766,-0.336,2.733,0.137,reposo
1780990942.660329,-0.862,-0.212,0.467,-0.863,2.16,-0.443,-0.709,-0.376,0.518,-6.756,0.328,-0.397,-0.3,-0.476,0.854,-0.305,-0.008,-0.481,-0.219,-0.589,0.833,2.183,5.908,-0.176,0.14,-0.433,0.758,-1.153,2.023,0.313,reposo
1780990942.7591715,-0.858,-0.21,0.468,-0.878,1.939,-0.748,-0.702,-0.381,0.523,-6.878,0.595,-0.107,-0.302,-0.473,0.853,-0.824,0.992,0.328,-0.219,-0.581,0.842,1.771,7.473,-1.183,0.138,-0.437,0.761,-0.969,2.45,0.122,reposo
1780990942.8544705,-0.863,-0.211,0.477,-0.931,2.275,-0.618,-0.707,-0.38,0.525,-7.008,0.191,-0.656,-0.305,-0.472,0.847,-0.534,-0.672,-0.366,-0.218,-0.587,0.837,1.542,6.687,-0.527,0.127,-0.437,0.765,-0.779,1.985,-0.267,reposo
1780990945.1206436,-0.862,-0.205,0.471,-0.214,1.198,0.412,-0.706,-0.379,0.517,-6.336,0.511,0.55,-0.301,-0.469,0.843,0.58,0.107,0.863,-0.217,-0.588,0.835,3.878,5.321,0.618,0.144,-0.448,0.761,2.496,1.473,-0.924,reposo
1780990945.2237656,-0.865,-0.195,0.476,-3.099,0.618,-1.84,-0.711,-0.375,0.526,-7.076,-0.366,-0.84,-0.301,-0.469,0.85,-0.878,-1.13,-0.473,-0.219,-0.582,0.842,2.504,7.267,0.267,0.138,-0.441,0.757,-0.473,2.87,-0.985,reposo
1780990945.3265252,-0.865,-0.207,0.474,-1.374,-1.473,-2.58,-0.71,-0.375,0.525,-6.924,-0.542,-1.809,-0.304,-0.472,0.854,-0.504,-2.16,-1.038,-0.216,-0.582,0.843,1.504,6.954,-1.603,0.143,-0.441,0.766,-0.176,1.962,0.237,reposo
1780990945.4294405,-0.862,-0.21,0.468,-0.824,1.847,-0.863,-0.706,-0.377,0.524,-7.26,0.359,-0.496,-0.312,-0.469,0.847,-0.672,0.366,0.359,-0.222,-0.58,0.845,1.053,6.427,-1.344,0.139,-0.437,0.763,-0.733,1.794,-0.153,reposo
1780990945.5413067,-0.859,-0.206,0.473,-1.137,1.664,-1.076,-0.71,-0.38,0.525,-7.397,0.855,-0.145,-0.299,-0.474,0.853,-0.634,1.061,0.611,-0.222,-0.583,0.846,2.344,7.847,0.351,0.133,-0.432,0.762,0.084,4.748,0.588,reposo
1780990945.641781,-0.87,-0.205,0.465,-0.786,2.313,-0.313,-0.706,-0.378,0.518,-7.061,0.076,-0.321,-0.306,-0.472,0.852,0.359,-0.863,-0.038,-0.222,-0.587,0.849,2.466,6.351,0.481,0.14,-0.444,0.766,0.305,2.634,0.344,reposo
1780990945.7387004,-0.869,-0.208,0.457,-1.504,9.008,4.198,-0.712,-0.39,0.521,-9.87,3.137,2.344,-0.33,-0.461,0.833,-2.527,4.702,3.756,-0.236,-0.572,0.843,0.275,9.725,1.473,0.12,-0.421,0.766,0.71,2.26,-0.992,reposo
1780990945.8415344,-0.867,-0.206,0.462,-0.565,0.634,-2.855,-0.715,-0.383,0.509,-6.183,-0.771,-2.412,-0.314,-0.474,0.835,-0.26,-3.725,-2.824,-0.23,-0.592,0.826,1.412,4.71,-4.489,0.133,-0.449,0.779,-3.382,-0.504,-1.84,reposo
1780990945.959624,-0.867,-0.198,0.462,-0.595,6.053,1.031,-0.718,-0.375,0.51,-8.389,0.321,-0.176,-0.321,-0.473,0.832,-1.275,1.42,-0.74,-0.231,-0.585,0.834,1.672,6.145,-2.527,0.129,-0.438,0.766,-0.992,-0.153,-0.756,reposo
1780990946.056184,-0.864,-0.203,0.468,-1.458,2.565,0.511,-0.705,-0.376,0.526,-7.489,0.733,0.611,-0.314,-0.467,0.85,-0.771,2.321,1.595,-0.237,-0.572,0.844,0.702,10.176,-1.214,0.118,-0.406,0.741,-3.924,2.046,0.496,reposo
1780990946.1599965,-0.865,-0.21,0.468,-0.695,0.13,-0.504,-0.706,-0.377,0.519,-6.74,0.504,0.252,-0.304,-0.473,0.842,-0.023,0.427,0.282,-0.218,-0.588,0.842,2.947,6.031,0.58,0.133,-0.44,0.765,2.053,2.626,-0.084,reposo
1780990948.4166543,-0.865,-0.208,0.467,-1.252,1.336,-0.649,-0.711,-0.379,0.525,-7.382,0.29,-0.74,-0.309,-0.476,0.847,-0.74,0.557,0.382,-0.225,-0.588,0.833,2.046,7.336,-0.603,0.136,-0.435,0.76,-0.916,2.489,0.046,reposo
1780990948.519735,-0.872,-0.208,0.471,-1.145,1.504,-0.458,-0.703,-0.375,0.526,-6.931,0.084,-0.344,-0.311,-0.475,0.847,-0.023,0.046,0.053,-0.224,-0.593,0.835,2.038,7.099,-0.031,0.142,-0.437,0.761,-0.397,2.321,-0.168,reposo
1780990948.622596,-0.864,-0.213,0.468,-1.16,1.634,-0.847,-0.708,-0.38,0.527,-7.359,0.443,-0.527,-0.312,-0.475,0.846,-0.443,0.099,-0.038,-0.227,-0.584,0.84,1.786,7.405,-0.878,0.129,-0.434,0.759,-0.382,2.328,0.168,reposo
1780990948.7277532,-0.87,-0.206,0.466,-1.13,2.763,-0.817,-0.71,-0.379,0.514,-7.435,0.374,-0.466,-0.309,-0.474,0.845,-0.725,0.641,0.206,-0.221,-0.588,0.845,1.55,6.634,-0.817,0.13,-0.443,0.77,-0.557,1.969,0.069,reposo
1780990948.8417773,-0.866,-0.208,0.466,-1.107,1.389,-0.87,-0.708,-0.38,0.521,-6.885,0.344,-0.305,-0.308,-0.473,0.844,-0.557,0.351,-0.198,-0.225,-0.585,0.838,1.977,6.702,-0.916,0.132,-0.44,0.767,-0.71,2.099,-0.168,reposo
1780990948.9315279,-0.867,-0.208,0.468,-1.092,1.664,-1.328,-0.705,-0.381,0.52,-7.695,0.473,-0.74,-0.312,-0.47,0.844,-0.687,0.618,-0.26,-0.218,-0.579,0.847,0.962,7.458,-0.771,0.134,-0.441,0.767,-1.26,3.412,1.725,reposo
1780990949.0347168,-0.863,-0.21,0.462,-0.74,1.267,0.412,-0.707,-0.386,0.52,-7.298,0.298,0.374,-0.304,-0.476,0.84,-0.84,2.069,1.641,-0.226,-0.596,0.844,3.29,8.458,0.733,0.115,-0.432,0.756,-0.481,4.29,0.16,reposo
1780990949.1379888,-0.871,-0.207,0.466,-0.397,1.397,-0.687,-0.706,-0.381,0.526,-7.099,0.206,0.191,-0.314,-0.475,0.843,-0.282,-0.031,-0.412,-0.228,-0.588,0.842,1.466,6.313,-0.641,0.128,-0.439,0.769,-1.305,2.191,-0.534,reposo
1780990949.2404654,-0.869,-0.207,0.462,-0.053,0.618,-0.542,-0.708,-0.382,0.516,-6.504,-0.176,-0.282,-0.312,-0.471,0.844,0.16,-0.557,-0.137,-0.225,-0.586,0.844,2.443,5.427,-1.641,0.134,-0.435,0.768,-0.794,0.176,-1.176,reposo
1780990949.3569887,-0.87,-0.209,0.465,-0.191,1.489,-0.29,-0.707,-0.385,0.518,-6.855,0.374,-0.71,-0.316,-0.475,0.841,-0.695,0.282,-0.229,-0.225,-0.583,0.831,1.656,6.267,-1.26,0.129,-0.443,0.759,-1.092,1.115,-0.664,reposo
1780990949.4585733,-0.861,-0.21,0.47,-1.008,-0.344,-1.74,-0.706,-0.377,0.522,-7.168,-0.153,-1.237,-0.303,-0.478,0.845,-0.977,-0.328,-0.656,-0.223,-0.587,0.837,1.374,8.588,-0.992,0.131,-0.432,0.757,-0.824,3.137,0.168,reposo
1780990951.8221524,-0.871,-0.202,0.45,-0.885,1.099,-1.076,-0.716,-0.38,0.511,-6.718,0.412,-0.649,-0.312,-0.477,0.839,-0.313,-0.634,-0.748,-0.237,-0.588,0.826,1.992,6.435,-1.0,0.129,-0.442,0.77,-1.29,2.198,-0.237,reposo
1780990951.924463,-0.875,-0.204,0.453,-0.435,-0.29,-0.611,-0.717,-0.381,0.503,-6.015,-0.168,-0.656,-0.312,-0.47,0.844,-0.221,-1.328,-0.901,-0.233,-0.585,0.832,2.13,5.183,-1.435,0.135,-0.438,0.76,-1.092,1.695,-0.634,reposo
1780990952.0218663,-0.867,-0.206,0.458,-0.74,-0.038,-1.672,-0.714,-0.378,0.511,-6.893,-0.137,-1.099,-0.312,-0.472,0.849,-0.588,-0.351,0.015,-0.237,-0.589,0.821,1.809,6.885,-0.45,0.125,-0.442,0.762,-0.809,2.565,-0.137,reposo
1780990952.124993,-0.874,-0.202,0.451,-0.42,1.13,-0.565,-0.718,-0.385,0.511,-7.229,0.115,-0.427,-0.31,-0.477,0.843,-0.603,-0.122,-0.794,-0.231,-0.591,0.835,2.45,6.74,-0.58,0.131,-0.434,0.76,-0.947,2.481,-0.504,reposo
1780990952.241422,-0.868,-0.21,0.459,-0.702,0.901,-0.847,-0.715,-0.383,0.509,-6.733,0.382,-0.336,-0.309,-0.475,0.845,-0.282,-0.29,0.137,-0.228,-0.587,0.834,2.069,6.954,-0.519,0.134,-0.441,0.762,-0.58,2.031,-0.053,reposo
1780990952.3400128,-0.874,-0.208,0.461,-0.603,1.115,-0.809,-0.713,-0.381,0.518,-7.084,0.565,-0.191,-0.306,-0.473,0.847,-0.641,0.55,0.0,-0.227,-0.588,0.836,1.55,7.244,-0.672,0.126,-0.445,0.762,-0.809,3.588,0.611,reposo
1780990952.434032,-0.873,-0.207,0.451,-0.435,1.321,-0.282,-0.712,-0.382,0.511,-6.893,0.153,-0.405,-0.307,-0.468,0.846,0.053,-0.626,-0.389,-0.232,-0.59,0.834,1.496,6.214,-0.595,0.132,-0.439,0.766,-0.214,2.023,0.282,reposo
1780990952.5369852,-0.871,-0.21,0.458,-0.718,2.443,-0.908,-0.711,-0.386,0.509,-7.305,0.328,-0.397,-0.307,-0.476,0.844,-0.687,0.489,0.771,-0.231,-0.586,0.833,1.534,6.527,-0.725,0.133,-0.436,0.763,-0.412,1.824,0.229,reposo
1780990952.6399498,-0.87,-0.209,0.459,-0.985,1.29,-0.542,-0.709,-0.383,0.518,-7.458,0.427,-0.473,-0.31,-0.469,0.846,-0.71,0.687,0.405,-0.231,-0.59,0.831,1.992,7.58,-0.641,0.125,-0.438,0.764,-0.611,2.84,0.031,reposo
1780990952.7547033,-0.872,-0.203,0.452,-0.794,1.298,-1.137,-0.713,-0.381,0.514,-7.137,0.542,-0.229,-0.308,-0.474,0.844,-0.519,0.084,-0.313,-0.232,-0.591,0.827,1.771,7.802,-0.565,0.128,-0.439,0.764,-0.748,2.969,-0.023,reposo
1780990968.4298184,-0.865,-0.209,0.463,-1.229,1.695,-1.176,-0.708,-0.378,0.527,-7.16,0.198,-0.145,-0.301,-0.476,0.845,-0.26,-0.214,0.466,-0.222,-0.585,0.832,1.977,6.985,-0.595,0.13,-0.437,0.763,-0.466,2.84,-0.061,reposo
1780990968.6573489,-0.863,-0.206,0.463,-0.885,1.794,-1.038,-0.704,-0.375,0.52,-7.435,0.115,-0.824,-0.305,-0.473,0.845,-0.542,-0.641,-0.13,-0.219,-0.586,0.838,1.733,7.237,-1.649,0.133,-0.442,0.757,-0.786,2.366,-0.023,reposo
1780990968.7437117,-0.869,-0.206,0.466,-0.58,1.672,-0.679,-0.704,-0.382,0.516,-6.84,0.473,0.214,-0.303,-0.474,0.845,-0.183,0.298,0.26,-0.22,-0.584,0.839,2.038,6.321,-0.878,0.128,-0.443,0.756,-0.603,2.275,-0.244,reposo
1780990968.8553722,-0.873,-0.205,0.461,-0.695,1.718,-0.603,-0.709,-0.383,0.523,-6.84,0.427,0.015,-0.301,-0.475,0.845,0.061,0.198,0.389,-0.221,-0.589,0.835,2.313,6.176,-0.206,0.13,-0.445,0.76,-0.168,2.13,-0.305,reposo
1780990968.9498909,-0.867,-0.209,0.463,-1.031,1.427,-1.618,-0.708,-0.381,0.514,-7.053,-0.038,-0.87,-0.301,-0.473,0.85,-0.565,-0.626,-0.55,-0.221,-0.592,0.844,1.542,6.733,-1.298,0.136,-0.444,0.758,-0.71,2.435,0.328,reposo
1780990969.0528605,-0.867,-0.206,0.466,-1.282,2.412,-0.534,-0.71,-0.376,0.517,-7.092,0.26,-0.71,-0.302,-0.476,0.847,-0.351,0.107,0.366,-0.221,-0.586,0.833,2.321,6.168,-0.427,0.133,-0.449,0.765,0.069,1.916,0.084,reposo
1780990969.1698837,-0.869,-0.205,0.462,-0.763,1.122,-0.397,-0.708,-0.379,0.518,-6.847,0.473,-0.183,-0.303,-0.476,0.845,-0.191,-0.489,-0.229,-0.222,-0.592,0.836,2.321,6.321,-0.947,0.135,-0.444,0.759,-0.679,2.069,0.023,reposo
1780990969.270769,-0.867,-0.209,0.465,-0.84,1.496,-1.58,-0.709,-0.379,0.523,-7.26,0.046,-0.771,-0.301,-0.478,0.845,-0.863,0.282,-0.176,-0.22,-0.59,0.831,1.969,7.26,-0.458,0.125,-0.449,0.761,0.053,3.0,0.061,reposo
1780990969.369733,-0.866,-0.208,0.461,-0.74,1.664,-0.382,-0.709,-0.381,0.522,-7.115,0.153,-0.771,-0.303,-0.476,0.847,-0.481,-0.748,0.443,-0.219,-0.589,0.839,1.702,7.29,-0.45,0.13,-0.447,0.764,-0.885,2.397,-0.031,reposo
1780990969.4647932,-0.864,-0.205,0.461,-0.924,1.382,-0.878,-0.706,-0.383,0.531,-7.412,0.702,-0.344,-0.299,-0.472,0.853,-0.71,0.939,-0.061,-0.221,-0.591,0.833,2.267,7.351,-0.061,0.127,-0.438,0.75,-0.481,2.328,-0.099,reposo
1780990976.01999,-0.867,-0.207,0.462,-1.427,1.26,-0.947,-0.711,-0.38,0.521,-7.282,0.122,-0.557,-0.303,-0.472,0.848,-0.618,0.328,-0.382,-0.218,-0.584,0.835,1.924,7.42,-0.344,0.129,-0.446,0.765,-0.588,2.26,0.092,reposo
1780990976.110178,-0.866,-0.206,0.466,-0.878,1.802,-0.565,-0.708,-0.379,0.523,-7.183,0.45,-0.42,-0.3,-0.475,0.851,-0.435,-0.565,0.695,-0.219,-0.589,0.838,1.977,6.939,-0.748,0.126,-0.445,0.76,-0.504,2.427,0.061,reposo
1780990978.471163,-0.865,-0.208,0.479,-0.824,1.588,-0.649,-0.703,-0.377,0.518,-7.031,0.153,-0.664,-0.299,-0.468,0.842,-0.382,0.26,0.214,-0.221,-0.588,0.836,1.435,6.84,-0.252,0.13,-0.448,0.756,-0.802,2.176,-0.015,reposo
1780990978.5687861,-0.868,-0.208,0.466,-0.672,1.954,-0.527,-0.708,-0.38,0.521,-7.252,0.023,-0.412,-0.298,-0.476,0.843,-0.55,0.183,-0.458,-0.218,-0.587,0.839,1.763,6.504,-1.321,0.127,-0.444,0.759,-0.45,2.107,-0.122,reposo
1780990978.6724029,-0.862,-0.209,0.476,-0.733,1.443,-0.206,-0.712,-0.383,0.522,-7.084,0.42,-0.168,-0.3,-0.48,0.848,-0.275,-0.557,0.198,-0.219,-0.582,0.844,1.901,6.878,-0.16,0.131,-0.444,0.762,-0.527,2.618,-0.137,reposo
1780990978.7867374,-0.859,-0.198,0.465,-1.053,1.321,-0.947,-0.708,-0.383,0.515,-7.244,0.206,-0.55,-0.291,-0.472,0.845,-0.313,0.183,-0.13,-0.219,-0.595,0.832,1.885,7.023,-0.092,0.134,-0.438,0.767,-0.336,2.611,-0.015,reposo
1780990978.8783095,-0.852,-0.204,0.466,-0.687,1.443,-0.588,-0.721,-0.392,0.533,-7.359,0.305,-0.183,-0.293,-0.482,0.845,-0.389,0.191,0.038,-0.217,-0.589,0.836,1.916,7.328,-0.252,0.13,-0.442,0.768,-0.55,2.389,0.076,reposo
1780990978.9871218,-0.869,-0.213,0.472,-1.099,1.992,-0.863,-0.713,-0.381,0.529,-6.939,0.191,-0.534,-0.297,-0.474,0.858,-0.443,-0.237,0.069,-0.219,-0.584,0.839,2.107,7.038,-1.0,0.134,-0.443,0.77,-0.458,2.458,-0.008,reposo
1780990992.1310647,-0.86,-0.211,0.475,-1.168,1.053,-1.237,-0.706,-0.377,0.519,-7.252,0.351,-0.023,-0.301,-0.475,0.843,-0.336,0.298,0.389,-0.212,-0.589,0.836,1.878,7.176,0.038,0.131,-0.438,0.761,-0.42,2.206,-0.107,reposo
1780990992.2341256,-0.862,-0.214,0.475,-0.511,1.779,-0.389,-0.709,-0.378,0.531,-6.718,0.084,-0.504,-0.301,-0.474,0.845,-0.328,0.336,0.16,-0.215,-0.59,0.836,1.985,6.305,-1.015,0.136,-0.432,0.764,-0.588,2.0,-0.267,reposo
1780990995.1673074,-0.868,-0.207,0.464,-1.779,2.733,0.053,-0.708,-0.384,0.512,-7.626,0.878,0.183,-0.312,-0.472,0.839,-0.496,0.603,0.992,-0.225,-0.588,0.828,1.679,7.214,-0.008,0.127,-0.446,0.764,-0.977,2.015,-0.695,reposo
1780990995.2852032,-0.869,-0.208,0.46,-1.183,1.298,-1.427,-0.707,-0.382,0.513,-7.573,0.206,-0.473,-0.318,-0.479,0.843,-0.611,0.649,0.16,-0.229,-0.587,0.833,2.107,6.908,-0.74,0.129,-0.443,0.762,0.053,2.397,-0.496,reposo
1780990995.3824468,-0.867,-0.21,0.459,-0.802,1.099,-0.924,-0.709,-0.38,0.532,-6.198,1.977,-0.244,-0.318,-0.47,0.834,-0.237,-0.687,-0.076,-0.23,-0.586,0.831,2.374,6.397,-0.641,0.133,-0.443,0.771,-0.382,2.786,-0.168,reposo
1780990995.4851484,-0.866,-0.208,0.46,-0.802,0.618,-0.489,-0.711,-0.384,0.518,-6.771,0.16,-0.641,-0.319,-0.474,0.838,-0.145,-0.069,0.137,-0.227,-0.589,0.84,2.427,6.557,-0.366,0.13,-0.44,0.764,-0.321,1.863,-0.214,reposo
1780990995.579206,-0.869,-0.21,0.455,-0.565,1.275,-1.473,-0.71,-0.38,0.514,-7.0,0.038,-0.45,-0.312,-0.474,0.841,-0.122,-0.214,-0.298,-0.224,-0.589,0.837,1.992,6.779,-0.695,0.134,-0.437,0.765,-0.496,2.313,-0.176,reposo
1780990995.6821744,-0.867,-0.207,0.463,-0.687,0.794,-0.29,-0.708,-0.382,0.519,-7.267,0.168,-0.481,-0.318,-0.477,0.843,-0.237,0.015,-0.42,-0.225,-0.586,0.833,1.908,6.847,-0.863,0.131,-0.44,0.763,-0.763,2.328,-0.061,reposo
1780990995.78618,-0.87,-0.207,0.46,-0.527,1.542,-1.198,-0.71,-0.381,0.518,-6.832,0.229,-0.229,-0.321,-0.472,0.843,-0.519,0.298,0.359,-0.224,-0.591,0.836,1.931,6.519,-0.87,0.127,-0.446,0.763,-0.55,2.229,-0.153,reposo
1780990995.8883069,-0.868,-0.213,0.461,-0.626,1.321,-0.359,-0.715,-0.381,0.517,-6.824,0.061,-0.756,-0.321,-0.475,0.843,-0.237,-0.176,-0.053,-0.223,-0.587,0.836,1.939,6.405,-0.916,0.13,-0.443,0.766,-0.496,1.855,-0.053,reposo
1780990996.0002553,-0.868,-0.208,0.461,-0.969,1.519,-0.977,-0.711,-0.382,0.516,-6.947,0.519,-0.214,-0.317,-0.474,0.841,-0.359,0.122,-0.374,-0.225,-0.59,0.829,2.191,6.573,-1.107,0.129,-0.443,0.76,-0.313,2.076,-0.168,reposo
1780990996.1015263,-0.866,-0.209,0.466,-0.939,1.13,-1.221,-0.71,-0.38,0.51,-6.977,0.237,-0.153,-0.316,-0.475,0.843,-0.489,0.0,0.282,-0.227,-0.587,0.834,1.901,6.817,-0.389,0.132,-0.437,0.768,-0.305,2.13,-0.137,reposo
1780990996.1971977,-0.866,-0.206,0.464,-0.916,1.023,-0.977,-0.717,-0.379,0.517,-6.679,0.076,-0.206,-0.312,-0.477,0.842,-0.618,0.252,-0.115,-0.22,-0.592,0.835,1.832,7.031,-0.954,0.134,-0.44,0.766,-0.679,2.786,-0.221,reposo
1780990998.4635031,-0.862,-0.208,0.468,-0.756,2.0,-1.115,-0.713,-0.38,0.514,-7.344,0.267,-0.542,-0.308,-0.476,0.842,-0.473,0.824,0.382,-0.222,-0.587,0.84,1.931,6.412,-0.626,0.128,-0.443,0.762,-0.519,2.008,-0.13,reposo
1780990998.566175,-0.865,-0.206,0.47,-1.26,0.817,-0.87,-0.71,-0.38,0.517,-7.176,0.237,-0.084,-0.302,-0.472,0.848,-0.206,0.496,0.046,-0.218,-0.587,0.834,1.55,6.893,-0.786,0.136,-0.445,0.762,-0.74,2.611,0.16,reposo
1780990998.6694374,-0.861,-0.208,0.467,-1.076,1.595,-0.588,-0.706,-0.379,0.523,-7.107,0.237,-0.275,-0.307,-0.472,0.845,0.061,0.153,-0.16,-0.224,-0.588,0.844,1.855,7.427,-0.802,0.131,-0.437,0.763,-0.908,2.176,0.0,reposo
1780990998.7843482,-0.866,-0.211,0.465,-1.153,1.015,-1.618,-0.706,-0.379,0.528,-6.855,0.366,-0.359,-0.309,-0.472,0.844,-0.489,0.313,-0.069,-0.22,-0.586,0.839,1.542,7.13,-0.389,0.133,-0.445,0.763,-0.931,2.466,0.0,reposo
1780990998.8854818,-0.867,-0.21,0.466,-1.16,1.84,-0.756,-0.713,-0.382,0.516,-7.282,0.313,-0.794,-0.31,-0.477,0.841,-0.427,0.099,-0.031,-0.221,-0.591,0.84,1.931,6.687,-0.847,0.134,-0.444,0.76,-0.458,2.076,0.107,reposo
1780990998.986647,-0.868,-0.206,0.467,-0.863,1.42,-0.985,-0.707,-0.379,0.512,-7.038,0.42,-0.504,-0.312,-0.478,0.843,-0.679,0.672,-0.099,-0.222,-0.586,0.834,2.122,6.71,-0.71,0.129,-0.436,0.768,-0.351,2.366,0.076,reposo
1780990999.0813074,-0.865,-0.209,0.463,-1.0,1.389,-0.725,-0.708,-0.381,0.517,-7.305,0.321,-0.565,-0.306,-0.472,0.838,-0.458,-0.176,0.58,-0.22,-0.591,0.844,1.908,7.252,0.053,0.128,-0.436,0.765,-0.58,2.382,-0.191,reposo
1780990999.1845706,-0.866,-0.211,0.468,-0.626,1.962,-0.305,-0.704,-0.381,0.525,-7.153,0.672,-0.389,-0.312,-0.474,0.842,-0.435,0.847,-0.282,-0.223,-0.59,0.842,2.191,7.603,-0.405,0.138,-0.443,0.764,-0.756,2.466,-0.031,reposo
1780990999.2873483,-0.866,-0.212,0.469,-0.878,0.954,-0.519,-0.711,-0.379,0.521,-7.55,0.26,-0.275,-0.312,-0.473,0.847,-0.176,-0.382,-0.092,-0.221,-0.59,0.837,1.718,6.893,-0.786,0.132,-0.442,0.77,-0.634,2.298,-0.26,reposo
1780990999.4022255,-0.865,-0.21,0.466,-0.656,1.466,-0.664,-0.711,-0.378,0.514,-7.122,0.305,-0.221,-0.309,-0.473,0.84,-0.435,0.221,0.405,-0.222,-0.585,0.837,1.893,7.405,-0.115,0.132,-0.445,0.762,-0.725,2.573,-0.084,reposo
1780990999.5007493,-0.861,-0.208,0.47,-0.359,1.069,-0.237,-0.709,-0.377,0.529,-7.015,0.282,-0.687,-0.309,-0.471,0.84,-0.237,0.198,0.008,-0.218,-0.587,0.835,2.137,6.832,-0.328,0.134,-0.436,0.758,-0.405,2.29,0.084,reposo
1780991001.7594457,-0.862,-0.206,0.467,-0.786,0.855,-1.168,-0.706,-0.379,0.519,-7.099,0.359,-0.069,-0.314,-0.475,0.845,-0.023,0.176,0.45,-0.219,-0.585,0.832,2.206,6.748,-0.168,0.137,-0.441,0.762,0.015,2.015,-0.221,reposo
1780991001.862508,-0.867,-0.209,0.463,-0.595,1.382,-0.397,-0.71,-0.378,0.523,-6.664,0.275,-0.359,-0.312,-0.47,0.847,-0.198,-0.466,-0.168,-0.219,-0.587,0.84,1.969,7.115,-0.237,0.13,-0.447,0.764,-0.519,2.275,-0.267,reposo
1780991001.9656625,-0.866,-0.211,0.474,-0.802,1.053,-0.595,-0.708,-0.379,0.521,-7.015,-0.061,-0.397,-0.308,-0.476,0.845,-0.817,0.634,-0.481,-0.221,-0.587,0.842,1.832,6.756,-0.847,0.13,-0.443,0.763,-0.565,2.267,-0.061,reposo
1780991002.068521,-0.865,-0.213,0.461,-0.565,1.893,-0.511,-0.71,-0.379,0.517,-7.206,0.305,-0.443,-0.308,-0.473,0.851,-0.397,-0.298,0.695,-0.222,-0.587,0.841,1.687,6.771,-0.221,0.124,-0.438,0.77,-0.061,3.71,0.931,reposo
1780991002.1835968,-0.867,-0.208,0.466,-0.397,2.023,0.588,-0.71,-0.378,0.511,-6.702,0.473,-0.214,-0.312,-0.47,0.849,-0.344,-0.756,-0.824,-0.22,-0.584,0.838,1.947,5.649,-1.046,0.135,-0.439,0.76,-0.336,1.557,0.076,reposo
1780991002.2813509,-0.86,-0.206,0.467,-0.832,2.237,-1.198,-0.71,-0.38,0.517,-7.313,0.679,-0.511,-0.31,-0.472,0.842,-0.519,-0.053,0.275,-0.223,-0.589,0.837,1.611,6.626,-0.626,0.133,-0.441,0.762,-0.534,2.145,0.053,reposo
1780991002.3776758,-0.864,-0.205,0.466,-0.55,1.489,-0.87,-0.708,-0.379,0.516,-7.389,0.412,-0.389,-0.305,-0.473,0.844,-0.603,-0.198,0.45,-0.223,-0.593,0.836,1.786,7.344,-0.443,0.124,-0.443,0.761,-0.55,2.641,0.038,reposo
1780991002.4806993,-0.865,-0.21,0.466,-1.015,1.847,-0.969,-0.708,-0.38,0.516,-7.145,0.16,-0.489,-0.31,-0.475,0.848,-0.397,-0.252,0.092,-0.219,-0.59,0.837,1.603,7.13,-0.267,0.132,-0.442,0.765,-0.237,2.359,0.099,reposo
1780991002.5839703,-0.864,-0.206,0.466,-1.191,1.435,-1.29,-0.709,-0.382,0.521,-7.366,0.779,0.16,-0.311,-0.473,0.841,-0.153,0.214,-0.153,-0.221,-0.584,0.836,1.939,6.794,-0.794,0.132,-0.438,0.753,-0.405,2.115,0.015,reposo
1780991002.6991887,-0.866,-0.206,0.465,-1.137,2.0,-0.153,-0.709,-0.381,0.526,-7.16,-0.015,-0.802,-0.308,-0.469,0.843,-0.702,0.382,0.351,-0.219,-0.588,0.839,1.573,7.565,0.13,0.138,-0.442,0.76,-0.649,2.511,0.183,reposo
1780991002.7894454,-0.867,-0.211,0.471,-0.893,1.336,-0.626,-0.709,-0.381,0.52,-7.023,0.718,-0.115,-0.31,-0.475,0.841,-0.313,0.0,0.038,-0.223,-0.587,0.842,2.008,7.176,0.145,0.132,-0.44,0.757,-0.588,2.168,0.008,reposo
1780991005.1585383,-0.863,-0.21,0.468,-0.924,1.817,-0.641,-0.706,-0.381,0.516,-6.969,0.107,-0.198,-0.313,-0.474,0.84,-0.45,0.145,-0.145,-0.221,-0.587,0.836,1.832,6.878,-0.29,0.135,-0.44,0.755,-0.389,2.244,0.0,reposo
1780991005.8809128,-0.859,-0.208,0.47,-0.695,1.573,-0.542,-0.709,-0.373,0.515,-6.954,0.382,-0.313,-0.314,-0.47,0.848,-0.603,0.603,-0.046,-0.22,-0.586,0.837,1.58,6.824,-0.55,0.128,-0.437,0.757,-0.695,2.275,-0.069,reposo
1780991005.9776187,-0.862,-0.21,0.468,-1.099,1.397,-1.282,-0.709,-0.379,0.518,-7.29,0.26,-0.282,-0.312,-0.473,0.847,-0.42,0.092,0.473,-0.218,-0.585,0.828,2.405,6.786,-0.702,0.134,-0.445,0.768,-0.595,2.458,-0.061,reposo
1780991006.0805552,-0.863,-0.202,0.477,-1.137,1.42,-0.901,-0.711,-0.383,0.526,-6.885,-0.008,-0.55,-0.312,-0.47,0.845,-0.389,0.168,-0.221,-0.223,-0.585,0.844,1.802,7.145,0.13,0.131,-0.438,0.756,-0.656,2.344,0.053,reposo
1780991008.450031,-0.867,-0.217,0.468,-0.718,0.687,-0.74,-0.708,-0.386,0.514,-6.931,-0.038,-0.779,-0.302,-0.482,0.844,-0.252,0.008,0.137,-0.221,-0.592,0.827,1.687,7.023,-0.71,0.131,-0.444,0.756,-0.672,2.702,-0.038,reposo
1780991008.5649421,-0.865,-0.212,0.46,-1.221,1.565,-0.55,-0.711,-0.385,0.513,-7.092,0.214,-0.527,-0.307,-0.479,0.838,-0.328,-0.145,-0.267,-0.223,-0.593,0.838,1.992,6.664,-0.481,0.135,-0.451,0.759,-0.595,2.267,-0.122,reposo
1780991008.6671038,-0.866,-0.208,0.464,-0.954,1.267,-1.412,-0.712,-0.383,0.514,-7.13,0.206,-0.16,-0.305,-0.479,0.845,-0.916,0.611,0.351,-0.221,-0.593,0.838,1.893,6.893,-0.519,0.13,-0.445,0.763,-0.534,2.176,0.084,reposo
1780991008.7588165,-0.867,-0.212,0.459,-0.809,1.656,-0.519,-0.712,-0.383,0.516,-7.099,0.496,-0.099,-0.307,-0.48,0.839,-0.237,-0.244,0.046,-0.225,-0.591,0.838,1.824,7.214,-0.26,0.134,-0.452,0.759,-0.649,2.382,-0.069,reposo
1780991008.8621614,-0.867,-0.21,0.464,-0.733,1.595,-0.489,-0.711,-0.386,0.514,-6.969,-0.015,-0.962,-0.303,-0.481,0.842,-0.679,0.214,-0.328,-0.222,-0.591,0.834,2.084,7.374,-0.107,0.134,-0.452,0.761,-0.527,2.55,0.153,reposo
1780991008.9649372,-0.865,-0.211,0.457,-0.817,1.183,-0.832,-0.715,-0.381,0.513,-6.863,0.298,-0.298,-0.303,-0.479,0.844,-0.099,0.183,0.42,-0.224,-0.595,0.835,2.351,6.74,-0.618,0.133,-0.445,0.762,-0.244,2.099,-0.321,reposo
1780991009.0824223,-0.864,-0.213,0.457,-0.756,1.038,-0.053,-0.709,-0.387,0.512,-7.115,0.328,-0.221,-0.298,-0.482,0.836,-0.061,0.122,0.053,-0.226,-0.589,0.839,2.107,6.466,-0.374,0.13,-0.439,0.756,-0.565,2.519,0.031,reposo
1780991009.1825519,-0.869,-0.216,0.456,-0.908,1.71,-0.962,-0.709,-0.383,0.513,-7.046,0.641,-0.366,-0.301,-0.483,0.846,-0.382,-0.191,-0.305,-0.224,-0.591,0.839,2.16,6.794,-0.534,0.132,-0.447,0.758,-0.313,2.45,0.198,reposo
1780991011.8330204,-0.867,-0.211,0.454,-1.534,1.55,-0.466,-0.712,-0.386,0.505,-8.008,0.351,0.954,-0.319,-0.478,0.839,-0.321,0.817,1.092,-0.232,-0.59,0.824,1.275,7.794,-0.092,0.134,-0.441,0.751,-1.504,2.473,-1.198,reposo
1780991011.9298432,-0.871,-0.214,0.452,-0.611,1.405,-1.55,-0.71,-0.386,0.504,-8.031,0.046,-0.412,-0.316,-0.475,0.835,-0.71,0.0,0.847,-0.238,-0.591,0.828,1.702,7.214,-0.748,0.126,-0.453,0.753,-0.588,2.382,-0.565,reposo
1780991012.0347524,-0.877,-0.203,0.436,1.076,3.198,-2.153,-0.709,-0.384,0.502,-8.275,0.641,-0.473,1.004,-0.404,1.142,5.069,-24.748,-63.427,-0.18,-0.559,0.859,-6.229,6.649,6.969,0.301,-0.477,0.739,1.099,1.176,-7.099,reposo
1780991012.1489027,-0.876,-0.218,0.429,3.305,3.618,0.84,-0.739,-0.384,0.478,-6.168,-3.221,-1.794,-0.276,-0.479,0.836,-2.695,0.336,0.298,-0.236,-0.592,0.829,2.427,3.649,-1.901,0.135,-0.449,0.763,0.023,1.412,-0.435,reposo
1780991012.2484844,-0.868,-0.214,0.455,0.847,-2.962,-1.763,-0.715,-0.38,0.513,-4.847,-0.389,-0.679,-0.302,-0.476,0.848,0.084,-2.344,-0.435,-0.239,-0.588,0.831,2.153,4.603,-1.702,0.136,-0.444,0.752,-1.557,2.321,-0.466,reposo
1780991012.3419228,-0.867,-0.211,0.458,0.588,1.237,-0.855,-0.714,-0.383,0.511,-6.115,0.084,-0.672,-0.3,-0.476,0.843,-0.359,-0.305,-0.786,-0.232,-0.59,0.83,2.824,6.237,-0.824,0.129,-0.451,0.759,-0.206,2.534,0.687,reposo
1780991012.445135,-0.868,-0.209,0.459,-0.603,0.641,-1.176,-0.711,-0.382,0.511,-6.252,-0.313,-1.038,-0.308,-0.48,0.847,-0.038,-1.435,-0.84,-0.231,-0.594,0.832,1.931,5.87,-1.702,0.131,-0.451,0.757,-0.611,1.412,-0.16,reposo
1780991012.548056,-0.865,-0.209,0.453,-0.45,1.725,-1.74,-0.71,-0.385,0.515,-6.672,0.321,-1.0,-0.302,-0.479,0.844,-0.55,0.366,-0.015,-0.231,-0.591,0.831,2.176,7.053,-0.878,0.133,-0.448,0.76,-0.168,2.252,-0.145,reposo
1780991012.6648273,-0.869,-0.212,0.463,-0.931,0.466,-1.214,-0.71,-0.381,0.522,-6.809,-0.198,-0.176,-0.303,-0.479,0.846,-0.412,-0.443,-0.244,-0.229,-0.593,0.837,1.977,6.16,-0.771,0.129,-0.449,0.758,-0.427,2.099,-0.092,reposo
1780991012.7655613,-0.867,-0.207,0.466,-0.649,1.328,-1.13,-0.713,-0.385,0.515,-7.023,0.115,-0.221,-0.3,-0.479,0.849,-0.252,0.061,-0.076,-0.229,-0.59,0.837,1.473,6.511,-1.099,0.13,-0.452,0.758,-0.595,2.71,0.229,reposo
1780991048.5446212,-0.865,-0.224,0.463,-0.611,1.916,-0.267,-0.707,-0.395,0.51,-7.168,0.237,-0.42,-0.298,-0.498,0.835,-0.74,-0.519,0.275,-0.196,-0.605,0.831,1.771,7.282,-0.771,0.145,-0.437,0.766,-0.58,2.618,0.168,reposo
1780991048.6424093,-0.865,-0.221,0.465,-0.656,1.29,-0.282,-0.712,-0.399,0.509,-7.061,0.214,-0.305,-0.297,-0.5,0.832,-0.504,0.282,-0.145,-0.201,-0.602,0.831,2.069,7.046,-0.16,0.145,-0.438,0.765,-0.42,2.55,-0.183,reposo
1780991048.7460995,-0.865,-0.218,0.464,-0.588,1.809,-0.885,-0.71,-0.397,0.497,-7.115,0.183,-0.42,-0.299,-0.495,0.834,-0.183,-0.206,0.427,-0.202,-0.6,0.831,2.321,6.84,-0.679,0.147,-0.437,0.764,-0.382,2.656,-0.176,reposo
1780991048.8602164,-0.868,-0.222,0.455,-0.397,1.42,-0.344,-0.715,-0.395,0.512,-7.244,0.374,-0.458,-0.299,-0.497,0.83,-0.809,0.573,-0.29,-0.202,-0.601,0.827,1.947,7.42,0.191,0.146,-0.443,0.762,-0.878,3.244,0.076,reposo
1780991048.9605887,-0.865,-0.221,0.457,-0.71,1.817,-0.16,-0.711,-0.396,0.505,-7.046,0.229,-0.252,-0.3,-0.498,0.833,-0.466,-0.153,-0.008,-0.203,-0.599,0.831,2.076,6.611,0.008,0.148,-0.438,0.763,-0.573,2.221,-0.031,reposo
1780991049.0549781,-0.864,-0.222,0.465,-1.237,1.046,-0.374,-0.709,-0.394,0.504,-7.405,0.756,0.145,-0.297,-0.497,0.831,-0.344,0.786,0.298,-0.202,-0.6,0.831,2.458,6.756,-0.634,0.143,-0.435,0.764,-0.656,2.122,-0.038,reposo
1780991049.1579106,-0.864,-0.222,0.464,-1.099,1.603,-0.779,-0.707,-0.395,0.5,-7.351,0.328,-0.458,-0.299,-0.495,0.831,-0.588,0.344,0.038,-0.204,-0.601,0.827,1.656,6.519,-0.794,0.147,-0.442,0.76,-0.908,2.122,-0.29,reposo
1780991049.2609332,-0.862,-0.221,0.46,-0.985,1.122,-1.542,-0.71,-0.399,0.503,-7.015,0.267,-0.679,-0.298,-0.497,0.836,-0.076,-0.061,-0.092,-0.204,-0.598,0.829,2.0,6.992,-1.183,0.147,-0.444,0.752,-0.885,2.313,-0.13,reposo
1780991049.3772368,-0.859,-0.221,0.462,-0.977,1.695,-0.695,-0.708,-0.395,0.5,-7.427,0.527,-0.42,-0.301,-0.494,0.838,-0.336,0.237,0.336,-0.2,-0.601,0.833,2.031,6.695,-0.718,0.144,-0.448,0.768,-0.534,2.359,0.023,reposo
1780991049.4753993,-0.862,-0.217,0.467,-0.832,1.519,-0.679,-0.708,-0.398,0.504,-7.473,0.084,-0.26,-0.3,-0.496,0.834,-0.282,-0.069,0.031,-0.198,-0.601,0.828,1.802,6.832,-0.527,0.146,-0.443,0.76,-0.542,2.374,0.092,reposo
1780991049.576081,-0.863,-0.222,0.464,-1.046,1.573,-1.107,-0.709,-0.397,0.504,-7.321,0.221,-0.237,-0.299,-0.496,0.836,-0.695,0.817,0.046,-0.204,-0.603,0.829,1.664,7.206,-0.672,0.144,-0.438,0.758,-0.794,2.313,0.061,reposo
